epoch,batch,loss,landmark,angular_deg,gaze_consist,shape,ray_target,pose,translation,iris_seg,eyeball_seg,lr
1,1,8.689833,0.002395,97.4971,0.000000,0.000000,0.000000,2.357243,0.000000,0.000000,0.000000,0.00100000
1,2,8.100800,0.002175,102.3190,0.000000,0.000000,0.000000,2.562460,0.000000,0.000000,0.000000,0.00100000
1,3,6.280978,0.001644,98.0915,0.000000,0.000000,0.000000,2.253537,0.000000,0.000000,0.000000,0.00100000
1,4,7.888725,0.002194,94.4349,0.000000,0.000000,0.000000,2.016303,0.000000,0.000000,0.000000,0.00100000
1,5,6.311217,0.001744,101.4799,0.000000,0.000000,0.000000,1.686583,0.000000,0.000000,0.000000,0.00100000
1,6,5.525638,0.001556,98.4131,0.000000,0.000000,0.000000,1.290414,0.000000,0.000000,0.000000,0.00100000
1,7,5.613206,0.001624,86.7162,0.000000,0.000000,0.000000,1.043402,0.000000,0.000000,0.000000,0.00100000
1,8,4.597131,0.001339,90.0355,0.000000,0.000000,0.000000,0.796314,0.000000,0.000000,0.000000,0.00100000
1,9,4.983411,0.001464,91.9596,0.000000,0.000000,0.000000,0.785879,0.000000,0.000000,0.000000,0.00100000
1,10,4.790218,0.001430,95.9976,0.000000,0.000000,0.000000,0.609647,0.000000,0.000000,0.000000,0.00100000
1,11,4.192315,0.001246,91.5620,0.000000,0.000000,0.000000,0.568582,0.000000,0.000000,0.000000,0.00100000
1,12,4.226480,0.001269,89.8348,0.000000,0.000000,0.000000,0.493680,0.000000,0.000000,0.000000,0.00100000
1,13,4.087328,0.001229,93.0298,0.000000,0.000000,0.000000,0.469242,0.000000,0.000000,0.000000,0.00100000
1,14,3.664322,0.001092,89.3779,0.000000,0.000000,0.000000,0.478452,0.000000,0.000000,0.000000,0.00100000
1,15,3.743038,0.001120,100.3106,0.000000,0.000000,0.000000,0.461772,0.000000,0.000000,0.000000,0.00100000
1,16,4.501663,0.001357,92.3737,0.000000,0.000000,0.000000,0.493869,0.000000,0.000000,0.000000,0.00100000
1,17,4.753287,0.001426,94.6513,0.000000,0.000000,0.000000,0.565693,0.000000,0.000000,0.000000,0.00100000
1,18,4.150876,0.001250,93.6902,0.000000,0.000000,0.000000,0.463435,0.000000,0.000000,0.000000,0.00100000
1,19,3.829959,0.001153,90.5298,0.000000,0.000000,0.000000,0.425411,0.000000,0.000000,0.000000,0.00100000
1,20,3.720415,0.001116,102.9058,0.000000,0.000000,0.000000,0.440858,0.000000,0.000000,0.000000,0.00100000
1,21,3.972584,0.001202,95.2450,0.000000,0.000000,0.000000,0.408177,0.000000,0.000000,0.000000,0.00100000
1,22,3.660009,0.001096,99.0877,0.000000,0.000000,0.000000,0.447904,0.000000,0.000000,0.000000,0.00100000
1,23,3.600782,0.001088,92.1464,0.000000,0.000000,0.000000,0.376927,0.000000,0.000000,0.000000,0.00100000
1,24,3.599479,0.001090,96.6161,0.000000,0.000000,0.000000,0.362373,0.000000,0.000000,0.000000,0.00100000
1,25,3.219112,0.000980,100.8073,0.000000,0.000000,0.000000,0.294673,0.000000,0.000000,0.000000,0.00100000
1,26,3.110773,0.000946,100.3660,0.000000,0.000000,0.000000,0.286464,0.000000,0.000000,0.000000,0.00100000
1,27,3.114315,0.000948,94.9263,0.000000,0.000000,0.000000,0.283351,0.000000,0.000000,0.000000,0.00100000
1,28,2.996444,0.000913,93.5589,0.000000,0.000000,0.000000,0.267991,0.000000,0.000000,0.000000,0.00100000
1,29,3.445313,0.001050,94.3436,0.000000,0.000000,0.000000,0.304218,0.000000,0.000000,0.000000,0.00100000
1,30,3.152405,0.000960,97.2348,0.000000,0.000000,0.000000,0.281038,0.000000,0.000000,0.000000,0.00100000
1,31,3.521218,0.001068,92.5032,0.000000,0.000000,0.000000,0.342423,0.000000,0.000000,0.000000,0.00100000
1,32,4.093066,0.001254,96.2508,0.000000,0.000000,0.000000,0.320360,0.000000,0.000000,0.000000,0.00100000
1,33,3.503330,0.001061,92.6580,0.000000,0.000000,0.000000,0.353845,0.000000,0.000000,0.000000,0.00100000
1,34,3.574471,0.001086,94.0063,0.000000,0.000000,0.000000,0.340536,0.000000,0.000000,0.000000,0.00100000
1,35,3.845952,0.001176,97.3666,0.000000,0.000000,0.000000,0.315138,0.000000,0.000000,0.000000,0.00100000
1,36,3.765605,0.001157,95.3456,0.000000,0.000000,0.000000,0.274741,0.000000,0.000000,0.000000,0.00100000
1,37,3.072524,0.000937,95.6297,0.000000,0.000000,0.000000,0.266954,0.000000,0.000000,0.000000,0.00100000
1,38,2.903249,0.000882,94.9342,0.000000,0.000000,0.000000,0.274636,0.000000,0.000000,0.000000,0.00100000
1,39,3.080266,0.000933,96.8619,0.000000,0.000000,0.000000,0.305913,0.000000,0.000000,0.000000,0.00100000
1,40,3.134791,0.000956,92.5325,0.000000,0.000000,0.000000,0.273416,0.000000,0.000000,0.000000,0.00100000
1,41,3.148247,0.000960,92.9405,0.000000,0.000000,0.000000,0.275053,0.000000,0.000000,0.000000,0.00100000
1,42,2.746161,0.000833,96.4111,0.000000,0.000000,0.000000,0.267668,0.000000,0.000000,0.000000,0.00100000
1,43,3.537184,0.001083,100.2187,0.000000,0.000000,0.000000,0.279551,0.000000,0.000000,0.000000,0.00100000
1,44,2.662137,0.000812,96.1817,0.000000,0.000000,0.000000,0.230315,0.000000,0.000000,0.000000,0.00100000
1,45,2.345327,0.000712,96.6779,0.000000,0.000000,0.000000,0.227145,0.000000,0.000000,0.000000,0.00100000
1,46,2.619437,0.000781,93.1060,0.000000,0.000000,0.000000,0.338952,0.000000,0.000000,0.000000,0.00100000
1,47,2.634233,0.000789,94.2736,0.000000,0.000000,0.000000,0.317309,0.000000,0.000000,0.000000,0.00100000
1,48,3.685565,0.001106,104.1683,0.000000,0.000000,0.000000,0.436602,0.000000,0.000000,0.000000,0.00100000
1,49,2.747511,0.000829,97.9835,0.000000,0.000000,0.000000,0.297643,0.000000,0.000000,0.000000,0.00100000
1,50,3.490991,0.001047,94.3905,0.000000,0.000000,0.000000,0.416217,0.000000,0.000000,0.000000,0.00100000
1,51,2.471128,0.000738,96.7937,0.000000,0.000000,0.000000,0.313681,0.000000,0.000000,0.000000,0.00100000
1,52,2.397737,0.000732,99.9818,0.000000,0.000000,0.000000,0.205095,0.000000,0.000000,0.000000,0.00100000
1,53,2.515842,0.000765,97.1975,0.000000,0.000000,0.000000,0.234415,0.000000,0.000000,0.000000,0.00100000
1,54,2.468077,0.000753,103.2352,0.000000,0.000000,0.000000,0.211079,0.000000,0.000000,0.000000,0.00100000
1,55,2.446257,0.000740,96.4509,0.000000,0.000000,0.000000,0.251301,0.000000,0.000000,0.000000,0.00100000
1,56,2.034485,0.000615,97.4970,0.000000,0.000000,0.000000,0.211652,0.000000,0.000000,0.000000,0.00100000
1,57,2.367176,0.000684,111.5246,0.000000,0.000000,0.000000,0.441530,0.000000,0.000000,0.000000,0.00100000
1,58,2.309902,0.000677,94.1814,0.000000,0.000000,0.000000,0.374275,0.000000,0.000000,0.000000,0.00100000
1,59,2.461515,0.000725,87.2093,0.000000,0.000000,0.000000,0.376204,0.000000,0.000000,0.000000,0.00100000
1,60,1.967962,0.000595,88.4023,0.000000,0.000000,0.000000,0.205148,0.000000,0.000000,0.000000,0.00100000
1,61,2.187254,0.000636,92.3951,0.000000,0.000000,0.000000,0.384271,0.000000,0.000000,0.000000,0.00100000
1,62,1.872604,0.000567,90.8409,0.000000,0.000000,0.000000,0.190179,0.000000,0.000000,0.000000,0.00100000
1,63,3.074349,0.000909,86.5543,0.000000,0.000000,0.000000,0.445701,0.000000,0.000000,0.000000,0.00100000
1,64,3.507496,0.001056,92.7854,0.000000,0.000000,0.000000,0.389120,0.000000,0.000000,0.000000,0.00100000
1,65,3.056850,0.000928,92.7592,0.000000,0.000000,0.000000,0.290948,0.000000,0.000000,0.000000,0.00100000
1,66,2.625045,0.000795,97.5326,0.000000,0.000000,0.000000,0.261930,0.000000,0.000000,0.000000,0.00100000
1,67,2.446042,0.000734,96.6108,0.000000,0.000000,0.000000,0.291022,0.000000,0.000000,0.000000,0.00100000
1,68,2.503222,0.000749,95.5643,0.000000,0.000000,0.000000,0.307693,0.000000,0.000000,0.000000,0.00100000
1,69,2.387064,0.000724,100.1045,0.000000,0.000000,0.000000,0.235213,0.000000,0.000000,0.000000,0.00100000
1,70,2.196809,0.000664,103.5456,0.000000,0.000000,0.000000,0.229847,0.000000,0.000000,0.000000,0.00100000
1,71,2.273291,0.000680,94.0039,0.000000,0.000000,0.000000,0.282180,0.000000,0.000000,0.000000,0.00100000
1,72,1.968792,0.000596,101.4838,0.000000,0.000000,0.000000,0.201125,0.000000,0.000000,0.000000,0.00100000
1,73,2.145509,0.000646,99.8475,0.000000,0.000000,0.000000,0.238028,0.000000,0.000000,0.000000,0.00100000
1,74,1.937955,0.000581,93.1548,0.000000,0.000000,0.000000,0.229295,0.000000,0.000000,0.000000,0.00100000
1,75,1.779510,0.000530,102.5982,0.000000,0.000000,0.000000,0.233648,0.000000,0.000000,0.000000,0.00100000
1,76,1.880417,0.000565,100.7243,0.000000,0.000000,0.000000,0.215094,0.000000,0.000000,0.000000,0.00100000
1,77,1.892721,0.000570,97.6039,0.000000,0.000000,0.000000,0.208830,0.000000,0.000000,0.000000,0.00100000
1,78,2.247595,0.000682,98.4396,0.000000,0.000000,0.000000,0.216729,0.000000,0.000000,0.000000,0.00100000
1,79,2.339087,0.000700,92.5742,0.000000,0.000000,0.000000,0.285464,0.000000,0.000000,0.000000,0.00100000
1,80,2.014536,0.000605,92.9036,0.000000,0.000000,0.000000,0.236308,0.000000,0.000000,0.000000,0.00100000
1,81,1.688849,0.000504,88.3482,0.000000,0.000000,0.000000,0.218578,0.000000,0.000000,0.000000,0.00100000
1,82,1.924895,0.000572,98.5154,0.000000,0.000000,0.000000,0.263579,0.000000,0.000000,0.000000,0.00100000
1,83,2.023103,0.000603,93.4263,0.000000,0.000000,0.000000,0.262308,0.000000,0.000000,0.000000,0.00100000
1,84,1.671148,0.000486,93.7119,0.000000,0.000000,0.000000,0.291939,0.000000,0.000000,0.000000,0.00100000
1,85,1.492156,0.000427,101.2836,0.000000,0.000000,0.000000,0.308896,0.000000,0.000000,0.000000,0.00100000
1,86,1.676686,0.000504,87.9519,0.000000,0.000000,0.000000,0.190112,0.000000,0.000000,0.000000,0.00100000
1,87,1.989812,0.000586,79.1298,0.000000,0.000000,0.000000,0.302567,0.000000,0.000000,0.000000,0.00100000
1,88,1.674065,0.000497,89.4577,0.000000,0.000000,0.000000,0.233985,0.000000,0.000000,0.000000,0.00100000
1,89,2.034045,0.000614,84.8302,0.000000,0.000000,0.000000,0.217396,0.000000,0.000000,0.000000,0.00100000
1,90,1.750862,0.000476,93.3159,0.000000,0.000000,0.000000,0.518934,0.000000,0.000000,0.000000,0.00100000
1,91,1.537219,0.000427,96.1038,0.000000,0.000000,0.000000,0.395595,0.000000,0.000000,0.000000,0.00100000
1,92,1.429887,0.000408,112.0381,0.000000,0.000000,0.000000,0.298924,0.000000,0.000000,0.000000,0.00100000
1,93,1.709232,0.000458,93.9362,0.000000,0.000000,0.000000,0.548868,0.000000,0.000000,0.000000,0.00100000
1,94,2.201081,0.000621,91.7613,0.000000,0.000000,0.000000,0.504408,0.000000,0.000000,0.000000,0.00100000
1,95,1.980250,0.000584,100.4510,0.000000,0.000000,0.000000,0.294801,0.000000,0.000000,0.000000,0.00100000
1,96,1.932009,0.000578,99.4063,0.000000,0.000000,0.000000,0.239504,0.000000,0.000000,0.000000,0.00100000
1,97,1.733524,0.000514,99.3204,0.000000,0.000000,0.000000,0.242800,0.000000,0.000000,0.000000,0.00100000
1,98,1.757216,0.000529,98.3957,0.000000,0.000000,0.000000,0.198385,0.000000,0.000000,0.000000,0.00100000
1,99,1.823412,0.000551,94.5734,0.000000,0.000000,0.000000,0.191688,0.000000,0.000000,0.000000,0.00100000
1,100,1.703789,0.000516,99.5237,0.000000,0.000000,0.000000,0.173916,0.000000,0.000000,0.000000,0.00100000
1,101,1.663257,0.000503,98.2665,0.000000,0.000000,0.000000,0.169134,0.000000,0.000000,0.000000,0.00100000
1,102,1.866633,0.000563,95.0742,0.000000,0.000000,0.000000,0.200485,0.000000,0.000000,0.000000,0.00100000
1,103,1.482603,0.000448,95.1386,0.000000,0.000000,0.000000,0.157465,0.000000,0.000000,0.000000,0.00100000
1,104,1.528143,0.000460,100.6419,0.000000,0.000000,0.000000,0.168953,0.000000,0.000000,0.000000,0.00100000
1,105,1.494329,0.000453,96.8176,0.000000,0.000000,0.000000,0.149367,0.000000,0.000000,0.000000,0.00100000
1,106,1.450523,0.000438,95.4267,0.000000,0.000000,0.000000,0.155353,0.000000,0.000000,0.000000,0.00100000
1,107,1.469623,0.000439,95.3833,0.000000,0.000000,0.000000,0.183879,0.000000,0.000000,0.000000,0.00100000
1,108,1.384696,0.000413,100.8371,0.000000,0.000000,0.000000,0.178423,0.000000,0.000000,0.000000,0.00100000
1,109,1.448781,0.000430,94.5783,0.000000,0.000000,0.000000,0.199752,0.000000,0.000000,0.000000,0.00100000
1,110,2.454030,0.000742,100.4926,0.000000,0.000000,0.000000,0.256224,0.000000,0.000000,0.000000,0.00100000
1,111,2.104985,0.000616,108.7023,0.000000,0.000000,0.000000,0.348707,0.000000,0.000000,0.000000,0.00100000
1,112,1.765596,0.000520,100.9819,0.000000,0.000000,0.000000,0.268322,0.000000,0.000000,0.000000,0.00100000
1,113,1.651421,0.000492,100.9854,0.000000,0.000000,0.000000,0.219350,0.000000,0.000000,0.000000,0.00100000
1,114,2.029249,0.000590,90.6360,0.000000,0.000000,0.000000,0.360836,0.000000,0.000000,0.000000,0.00100000
1,115,1.784512,0.000526,95.2192,0.000000,0.000000,0.000000,0.272268,0.000000,0.000000,0.000000,0.00100000
1,116,1.846204,0.000543,92.6750,0.000000,0.000000,0.000000,0.288051,0.000000,0.000000,0.000000,0.00100000
1,117,1.747648,0.000452,106.7901,0.000000,0.000000,0.000000,0.658402,0.000000,0.000000,0.000000,0.00100000
1,118,1.486336,0.000419,92.0965,0.000000,0.000000,0.000000,0.342394,0.000000,0.000000,0.000000,0.00100000
1,119,1.504338,0.000407,113.6478,0.000000,0.000000,0.000000,0.455269,0.000000,0.000000,0.000000,0.00100000
1,120,1.615824,0.000465,89.2928,0.000000,0.000000,0.000000,0.315759,0.000000,0.000000,0.000000,0.00100000
1,121,1.881127,0.000549,93.0005,0.000000,0.000000,0.000000,0.316778,0.000000,0.000000,0.000000,0.00100000
1,122,1.808606,0.000538,91.3350,0.000000,0.000000,0.000000,0.240975,0.000000,0.000000,0.000000,0.00100000
1,123,2.140231,0.000652,92.3295,0.000000,0.000000,0.000000,0.193589,0.000000,0.000000,0.000000,0.00100000
1,124,1.654615,0.000488,81.6712,0.000000,0.000000,0.000000,0.248962,0.000000,0.000000,0.000000,0.00100000
1,125,1.679368,0.000460,97.9584,0.000000,0.000000,0.000000,0.472720,0.000000,0.000000,0.000000,0.00100000
1,126,2.999614,0.000904,101.8477,0.000000,0.000000,0.000000,0.327888,0.000000,0.000000,0.000000,0.00100000
1,127,2.750643,0.000838,88.3574,0.000000,0.000000,0.000000,0.243480,0.000000,0.000000,0.000000,0.00100000
1,128,1.774426,0.000524,92.8141,0.000000,0.000000,0.000000,0.265419,0.000000,0.000000,0.000000,0.00100000
1,129,1.836849,0.000542,86.7976,0.000000,0.000000,0.000000,0.276846,0.000000,0.000000,0.000000,0.00100000
1,130,1.533714,0.000447,95.1378,0.000000,0.000000,0.000000,0.260750,0.000000,0.000000,0.000000,0.00100000
1,131,1.847813,0.000538,98.7331,0.000000,0.000000,0.000000,0.320948,0.000000,0.000000,0.000000,0.00100000
1,132,1.594086,0.000466,89.2796,0.000000,0.000000,0.000000,0.266717,0.000000,0.000000,0.000000,0.00100000
1,133,1.723598,0.000499,81.9489,0.000000,0.000000,0.000000,0.314426,0.000000,0.000000,0.000000,0.00100000
1,134,1.348878,0.000396,95.0581,0.000000,0.000000,0.000000,0.212491,0.000000,0.000000,0.000000,0.00100000
1,135,1.878953,0.000561,90.1841,0.000000,0.000000,0.000000,0.237793,0.000000,0.000000,0.000000,0.00100000
1,136,1.412058,0.000427,87.2487,0.000000,0.000000,0.000000,0.148037,0.000000,0.000000,0.000000,0.00100000
1,137,1.598161,0.000462,101.0747,0.000000,0.000000,0.000000,0.299011,0.000000,0.000000,0.000000,0.00100000
1,138,1.829638,0.000539,87.4319,0.000000,0.000000,0.000000,0.278000,0.000000,0.000000,0.000000,0.00100000
1,139,1.400477,0.000410,95.1121,0.000000,0.000000,0.000000,0.228470,0.000000,0.000000,0.000000,0.00100000
1,140,1.408741,0.000422,97.8924,0.000000,0.000000,0.000000,0.171574,0.000000,0.000000,0.000000,0.00100000
1,141,2.023612,0.000596,89.5043,0.000000,0.000000,0.000000,0.307008,0.000000,0.000000,0.000000,0.00100000
1,142,1.848549,0.000557,91.6982,0.000000,0.000000,0.000000,0.204827,0.000000,0.000000,0.000000,0.00100000
1,143,1.761772,0.000500,93.7406,0.000000,0.000000,0.000000,0.386211,0.000000,0.000000,0.000000,0.00100000
1,144,1.500903,0.000431,90.9077,0.000000,0.000000,0.000000,0.295701,0.000000,0.000000,0.000000,0.00100000
1,145,1.389726,0.000411,99.4188,0.000000,0.000000,0.000000,0.201091,0.000000,0.000000,0.000000,0.00100000
1,146,1.632226,0.000478,85.5562,0.000000,0.000000,0.000000,0.264658,0.000000,0.000000,0.000000,0.00100000
1,147,1.588472,0.000478,95.9729,0.000000,0.000000,0.000000,0.179555,0.000000,0.000000,0.000000,0.00100000
1,148,1.707004,0.000496,87.6085,0.000000,0.000000,0.000000,0.305821,0.000000,0.000000,0.000000,0.00100000
1,149,1.452435,0.000390,104.3885,0.000000,0.000000,0.000000,0.460550,0.000000,0.000000,0.000000,0.00100000
1,150,1.545699,0.000457,94.8853,0.000000,0.000000,0.000000,0.227878,0.000000,0.000000,0.000000,0.00100000
1,151,1.536815,0.000455,81.4096,0.000000,0.000000,0.000000,0.217311,0.000000,0.000000,0.000000,0.00100000
1,152,1.360648,0.000405,91.0010,0.000000,0.000000,0.000000,0.180133,0.000000,0.000000,0.000000,0.00100000
1,153,1.586127,0.000473,88.9298,0.000000,0.000000,0.000000,0.206061,0.000000,0.000000,0.000000,0.00100000
1,154,1.384101,0.000400,103.2654,0.000000,0.000000,0.000000,0.262064,0.000000,0.000000,0.000000,0.00100000
1,155,1.440942,0.000426,93.7319,0.000000,0.000000,0.000000,0.208899,0.000000,0.000000,0.000000,0.00100000
1,156,1.476444,0.000447,100.3775,0.000000,0.000000,0.000000,0.147007,0.000000,0.000000,0.000000,0.00100000
1,157,2.130937,0.000630,99.8798,0.000000,0.000000,0.000000,0.312968,0.000000,0.000000,0.000000,0.00100000
1,158,1.588733,0.000465,96.8322,0.000000,0.000000,0.000000,0.260421,0.000000,0.000000,0.000000,0.00100000
1,159,1.681071,0.000495,93.6324,0.000000,0.000000,0.000000,0.255204,0.000000,0.000000,0.000000,0.00100000
1,160,1.720057,0.000518,93.4181,0.000000,0.000000,0.000000,0.189745,0.000000,0.000000,0.000000,0.00100000
1,161,1.769827,0.000502,94.9777,0.000000,0.000000,0.000000,0.391798,0.000000,0.000000,0.000000,0.00100000
1,162,1.471342,0.000440,94.7805,0.000000,0.000000,0.000000,0.185935,0.000000,0.000000,0.000000,0.00100000
1,163,1.407636,0.000420,88.2644,0.000000,0.000000,0.000000,0.182846,0.000000,0.000000,0.000000,0.00100000
1,164,1.789469,0.000534,86.1264,0.000000,0.000000,0.000000,0.229212,0.000000,0.000000,0.000000,0.00100000
1,165,1.371442,0.000387,101.3164,0.000000,0.000000,0.000000,0.314590,0.000000,0.000000,0.000000,0.00100000
1,166,1.490159,0.000437,85.0114,0.000000,0.000000,0.000000,0.238650,0.000000,0.000000,0.000000,0.00100000
1,167,1.543042,0.000454,84.5683,0.000000,0.000000,0.000000,0.240265,0.000000,0.000000,0.000000,0.00100000
1,168,1.470126,0.000440,95.7009,0.000000,0.000000,0.000000,0.180856,0.000000,0.000000,0.000000,0.00100000
1,169,1.456447,0.000420,99.1336,0.000000,0.000000,0.000000,0.280883,0.000000,0.000000,0.000000,0.00100000
1,170,1.265604,0.000376,90.3594,0.000000,0.000000,0.000000,0.172666,0.000000,0.000000,0.000000,0.00100000
1,171,1.224316,0.000347,102.7065,0.000000,0.000000,0.000000,0.272576,0.000000,0.000000,0.000000,0.00100000
1,172,1.559393,0.000469,99.6066,0.000000,0.000000,0.000000,0.179084,0.000000,0.000000,0.000000,0.00100000
1,173,1.431007,0.000429,92.9243,0.000000,0.000000,0.000000,0.172213,0.000000,0.000000,0.000000,0.00100000
1,174,1.414039,0.000400,97.6848,0.000000,0.000000,0.000000,0.316308,0.000000,0.000000,0.000000,0.00100000
1,175,1.320478,0.000382,108.3856,0.000000,0.000000,0.000000,0.246428,0.000000,0.000000,0.000000,0.00100000
1,176,1.380144,0.000395,99.6685,0.000000,0.000000,0.000000,0.280945,0.000000,0.000000,0.000000,0.00100000
1,177,1.277710,0.000374,104.0027,0.000000,0.000000,0.000000,0.209302,0.000000,0.000000,0.000000,0.00100000
1,178,1.359826,0.000388,93.4255,0.000000,0.000000,0.000000,0.285543,0.000000,0.000000,0.000000,0.00100000
1,179,1.049950,0.000310,97.3382,0.000000,0.000000,0.000000,0.153056,0.000000,0.000000,0.000000,0.00100000
1,180,1.239630,0.000369,101.4109,0.000000,0.000000,0.000000,0.162201,0.000000,0.000000,0.000000,0.00100000
1,181,1.256701,0.000374,99.6670,0.000000,0.000000,0.000000,0.167112,0.000000,0.000000,0.000000,0.00100000
1,182,1.469600,0.000410,85.8082,0.000000,0.000000,0.000000,0.366256,0.000000,0.000000,0.000000,0.00100000
1,183,1.057812,0.000309,103.5933,0.000000,0.000000,0.000000,0.176992,0.000000,0.000000,0.000000,0.00100000
1,184,1.188231,0.000356,102.9510,0.000000,0.000000,0.000000,0.144226,0.000000,0.000000,0.000000,0.00100000
1,185,1.489960,0.000435,101.5575,0.000000,0.000000,0.000000,0.248843,0.000000,0.000000,0.000000,0.00100000
1,186,1.238804,0.000366,99.8105,0.000000,0.000000,0.000000,0.182561,0.000000,0.000000,0.000000,0.00100000
1,187,1.144255,0.000345,99.2477,0.000000,0.000000,0.000000,0.124548,0.000000,0.000000,0.000000,0.00100000
1,188,1.532981,0.000446,84.4491,0.000000,0.000000,0.000000,0.266073,0.000000,0.000000,0.000000,0.00100000
1,189,1.402255,0.000423,90.4270,0.000000,0.000000,0.000000,0.150422,0.000000,0.000000,0.000000,0.00100000
1,190,1.492252,0.000427,99.0598,0.000000,0.000000,0.000000,0.305867,0.000000,0.000000,0.000000,0.00100000
1,191,1.228268,0.000369,101.0324,0.000000,0.000000,0.000000,0.145295,0.000000,0.000000,0.000000,0.00100000
1,192,1.182591,0.000341,86.9719,0.000000,0.000000,0.000000,0.224538,0.000000,0.000000,0.000000,0.00100000
1,193,1.205384,0.000358,95.0647,0.000000,0.000000,0.000000,0.167516,0.000000,0.000000,0.000000,0.00100000
1,194,1.148867,0.000344,92.4157,0.000000,0.000000,0.000000,0.142590,0.000000,0.000000,0.000000,0.00100000
1,195,1.094754,0.000334,94.6109,0.000000,0.000000,0.000000,0.097660,0.000000,0.000000,0.000000,0.00100000
1,196,1.104388,0.000324,97.0368,0.000000,0.000000,0.000000,0.177952,0.000000,0.000000,0.000000,0.00100000
1,197,1.225045,0.000355,87.7916,0.000000,0.000000,0.000000,0.221038,0.000000,0.000000,0.000000,0.00100000
1,198,1.137337,0.000330,95.2681,0.000000,0.000000,0.000000,0.204363,0.000000,0.000000,0.000000,0.00100000
1,199,1.406808,0.000425,98.2449,0.000000,0.000000,0.000000,0.146919,0.000000,0.000000,0.000000,0.00100000
1,200,1.067463,0.000322,101.7626,0.000000,0.000000,0.000000,0.112261,0.000000,0.000000,0.000000,0.00100000
1,201,1.150248,0.000345,89.1610,0.000000,0.000000,0.000000,0.138517,0.000000,0.000000,0.000000,0.00100000
1,202,1.199209,0.000363,93.5354,0.000000,0.000000,0.000000,0.122632,0.000000,0.000000,0.000000,0.00100000
1,203,1.230552,0.000373,94.7674,0.000000,0.000000,0.000000,0.118768,0.000000,0.000000,0.000000,0.00100000
1,204,1.205695,0.000352,95.6623,0.000000,0.000000,0.000000,0.201924,0.000000,0.000000,0.000000,0.00100000
1,205,1.221177,0.000355,93.4142,0.000000,0.000000,0.000000,0.215551,0.000000,0.000000,0.000000,0.00100000
1,206,1.158057,0.000346,93.2670,0.000000,0.000000,0.000000,0.146111,0.000000,0.000000,0.000000,0.00100000
1,207,1.095984,0.000316,100.3719,0.000000,0.000000,0.000000,0.210807,0.000000,0.000000,0.000000,0.00100000
1,208,1.248406,0.000360,86.9684,0.000000,0.000000,0.000000,0.236756,0.000000,0.000000,0.000000,0.00100000
1,209,1.159109,0.000345,104.9095,0.000000,0.000000,0.000000,0.154088,0.000000,0.000000,0.000000,0.00100000
1,210,1.194569,0.000361,97.4376,0.000000,0.000000,0.000000,0.126205,0.000000,0.000000,0.000000,0.00100000
1,211,1.147957,0.000346,96.5383,0.000000,0.000000,0.000000,0.123409,0.000000,0.000000,0.000000,0.00100000
1,212,1.151180,0.000342,98.3033,0.000000,0.000000,0.000000,0.158860,0.000000,0.000000,0.000000,0.00100000
1,213,1.229145,0.000369,93.5427,0.000000,0.000000,0.000000,0.143171,0.000000,0.000000,0.000000,0.00100000
1,214,1.008011,0.000300,105.2495,0.000000,0.000000,0.000000,0.137040,0.000000,0.000000,0.000000,0.00100000
1,215,1.118016,0.000314,110.3791,0.000000,0.000000,0.000000,0.269480,0.000000,0.000000,0.000000,0.00100000
1,216,1.375343,0.000393,89.7091,0.000000,0.000000,0.000000,0.287421,0.000000,0.000000,0.000000,0.00100000
1,217,1.177795,0.000335,94.5815,0.000000,0.000000,0.000000,0.251510,0.000000,0.000000,0.000000,0.00100000
1,218,1.330376,0.000370,89.1835,0.000000,0.000000,0.000000,0.343223,0.000000,0.000000,0.000000,0.00100000
1,219,1.344688,0.000389,84.2176,0.000000,0.000000,0.000000,0.250102,0.000000,0.000000,0.000000,0.00100000
1,220,1.900935,0.000552,100.6347,0.000000,0.000000,0.000000,0.337871,0.000000,0.000000,0.000000,0.00100000
1,221,1.319931,0.000376,90.2146,0.000000,0.000000,0.000000,0.278821,0.000000,0.000000,0.000000,0.00100000
1,222,1.248689,0.000353,103.2631,0.000000,0.000000,0.000000,0.284853,0.000000,0.000000,0.000000,0.00100000
1,223,1.172395,0.000337,90.8171,0.000000,0.000000,0.000000,0.228028,0.000000,0.000000,0.000000,0.00100000
1,224,1.224890,0.000362,96.2231,0.000000,0.000000,0.000000,0.178626,0.000000,0.000000,0.000000,0.00100000
1,225,1.137671,0.000330,97.6701,0.000000,0.000000,0.000000,0.208425,0.000000,0.000000,0.000000,0.00100000
1,226,1.350438,0.000386,94.3664,0.000000,0.000000,0.000000,0.280846,0.000000,0.000000,0.000000,0.00100000
1,227,1.250782,0.000366,90.3372,0.000000,0.000000,0.000000,0.203539,0.000000,0.000000,0.000000,0.00100000
1,228,1.129645,0.000327,86.1607,0.000000,0.000000,0.000000,0.207306,0.000000,0.000000,0.000000,0.00100000
1,229,1.204376,0.000351,84.2370,0.000000,0.000000,0.000000,0.207097,0.000000,0.000000,0.000000,0.00100000
1,230,1.184966,0.000332,103.3372,0.000000,0.000000,0.000000,0.285464,0.000000,0.000000,0.000000,0.00100000
1,231,1.015202,0.000292,103.2754,0.000000,0.000000,0.000000,0.201862,0.000000,0.000000,0.000000,0.00100000
1,232,1.197663,0.000351,99.8127,0.000000,0.000000,0.000000,0.196062,0.000000,0.000000,0.000000,0.00100000
1,233,1.096388,0.000318,107.5521,0.000000,0.000000,0.000000,0.198886,0.000000,0.000000,0.000000,0.00100000
1,234,1.107682,0.000330,106.0253,0.000000,0.000000,0.000000,0.144736,0.000000,0.000000,0.000000,0.00100000
1,235,1.127367,0.000337,107.6521,0.000000,0.000000,0.000000,0.139159,0.000000,0.000000,0.000000,0.00100000
1,236,1.122659,0.000339,108.5592,0.000000,0.000000,0.000000,0.116558,0.000000,0.000000,0.000000,0.00100000
1,237,1.677561,0.000493,91.8397,0.000000,0.000000,0.000000,0.261126,0.000000,0.000000,0.000000,0.00100000
1,238,1.172574,0.000353,100.1211,0.000000,0.000000,0.000000,0.129573,0.000000,0.000000,0.000000,0.00100000
1,239,1.120831,0.000338,100.0644,0.000000,0.000000,0.000000,0.122805,0.000000,0.000000,0.000000,0.00100000
1,240,1.089954,0.000309,94.1607,0.000000,0.000000,0.000000,0.242286,0.000000,0.000000,0.000000,0.00100000
1,241,1.291090,0.000377,89.8160,0.000000,0.000000,0.000000,0.219332,0.000000,0.000000,0.000000,0.00100000
1,242,1.228571,0.000348,91.8660,0.000000,0.000000,0.000000,0.277091,0.000000,0.000000,0.000000,0.00100000
1,243,1.379386,0.000389,104.0796,0.000000,0.000000,0.000000,0.321465,0.000000,0.000000,0.000000,0.00100000
1,244,1.253594,0.000368,93.5583,0.000000,0.000000,0.000000,0.196195,0.000000,0.000000,0.000000,0.00100000
1,245,1.138304,0.000336,99.5687,0.000000,0.000000,0.000000,0.172127,0.000000,0.000000,0.000000,0.00100000
1,246,1.180968,0.000347,88.8280,0.000000,0.000000,0.000000,0.187113,0.000000,0.000000,0.000000,0.00100000
1,247,1.188753,0.000359,94.1829,0.000000,0.000000,0.000000,0.123865,0.000000,0.000000,0.000000,0.00100000
1,248,1.148373,0.000344,86.7054,0.000000,0.000000,0.000000,0.140279,0.000000,0.000000,0.000000,0.00100000
1,249,1.093140,0.000312,93.4403,0.000000,0.000000,0.000000,0.226677,0.000000,0.000000,0.000000,0.00100000
1,250,1.125895,0.000326,96.7105,0.000000,0.000000,0.000000,0.206128,0.000000,0.000000,0.000000,0.00100000
1,251,1.362210,0.000407,97.6993,0.000000,0.000000,0.000000,0.168773,0.000000,0.000000,0.000000,0.00100000
1,252,1.274698,0.000373,95.4637,0.000000,0.000000,0.000000,0.212526,0.000000,0.000000,0.000000,0.00100000
1,253,1.704059,0.000505,92.6730,0.000000,0.000000,0.000000,0.237664,0.000000,0.000000,0.000000,0.00100000
1,254,1.601923,0.000482,99.5121,0.000000,0.000000,0.000000,0.183331,0.000000,0.000000,0.000000,0.00100000
1,255,1.078426,0.000311,90.9242,0.000000,0.000000,0.000000,0.203446,0.000000,0.000000,0.000000,0.00100000
1,256,1.113021,0.000331,91.9280,0.000000,0.000000,0.000000,0.151286,0.000000,0.000000,0.000000,0.00100000
1,257,1.089736,0.000328,84.7189,0.000000,0.000000,0.000000,0.125271,0.000000,0.000000,0.000000,0.00100000
1,258,1.090550,0.000309,101.6031,0.000000,0.000000,0.000000,0.246093,0.000000,0.000000,0.000000,0.00100000
1,259,0.984144,0.000297,91.0076,0.000000,0.000000,0.000000,0.105937,0.000000,0.000000,0.000000,0.00100000
1,260,1.081437,0.000316,91.4098,0.000000,0.000000,0.000000,0.182019,0.000000,0.000000,0.000000,0.00100000
1,261,0.986478,0.000298,92.6121,0.000000,0.000000,0.000000,0.106669,0.000000,0.000000,0.000000,0.00100000
1,262,0.977066,0.000288,97.2334,0.000000,0.000000,0.000000,0.148018,0.000000,0.000000,0.000000,0.00100000
1,263,0.916603,0.000272,98.6085,0.000000,0.000000,0.000000,0.129055,0.000000,0.000000,0.000000,0.00100000
1,264,0.987276,0.000289,92.3099,0.000000,0.000000,0.000000,0.160571,0.000000,0.000000,0.000000,0.00100000
1,265,1.232372,0.000369,92.2939,0.000000,0.000000,0.000000,0.148869,0.000000,0.000000,0.000000,0.00100000
1,266,1.424472,0.000423,88.3736,0.000000,0.000000,0.000000,0.197791,0.000000,0.000000,0.000000,0.00100000
1,267,1.665503,0.000492,105.0029,0.000000,0.000000,0.000000,0.242372,0.000000,0.000000,0.000000,0.00100000
1,268,1.597792,0.000471,101.1776,0.000000,0.000000,0.000000,0.244181,0.000000,0.000000,0.000000,0.00100000
1,269,1.396389,0.000416,97.1298,0.000000,0.000000,0.000000,0.182632,0.000000,0.000000,0.000000,0.00100000
1,270,1.226218,0.000366,97.6594,0.000000,0.000000,0.000000,0.156166,0.000000,0.000000,0.000000,0.00100000
1,271,1.245846,0.000368,95.9513,0.000000,0.000000,0.000000,0.186489,0.000000,0.000000,0.000000,0.00100000
1,272,1.118724,0.000334,91.5010,0.000000,0.000000,0.000000,0.145213,0.000000,0.000000,0.000000,0.00100000
1,273,0.976754,0.000289,98.0542,0.000000,0.000000,0.000000,0.142813,0.000000,0.000000,0.000000,0.00100000
1,274,1.167318,0.000351,99.1730,0.000000,0.000000,0.000000,0.131746,0.000000,0.000000,0.000000,0.00100000
1,275,1.173821,0.000354,106.7659,0.000000,0.000000,0.000000,0.129815,0.000000,0.000000,0.000000,0.00100000
1,276,1.063130,0.000318,102.6224,0.000000,0.000000,0.000000,0.131106,0.000000,0.000000,0.000000,0.00100000
1,277,1.130941,0.000335,101.5961,0.000000,0.000000,0.000000,0.159118,0.000000,0.000000,0.000000,0.00100000
1,278,1.053070,0.000320,96.2513,0.000000,0.000000,0.000000,0.098159,0.000000,0.000000,0.000000,0.00100000
1,279,1.223283,0.000356,91.1984,0.000000,0.000000,0.000000,0.214247,0.000000,0.000000,0.000000,0.00100000
1,280,1.093156,0.000315,90.9719,0.000000,0.000000,0.000000,0.212739,0.000000,0.000000,0.000000,0.00100000
1,281,1.202271,0.000344,94.8561,0.000000,0.000000,0.000000,0.244813,0.000000,0.000000,0.000000,0.00100000
1,282,1.623320,0.000484,91.3687,0.000000,0.000000,0.000000,0.212700,0.000000,0.000000,0.000000,0.00100000
1,283,1.213314,0.000355,95.2220,0.000000,0.000000,0.000000,0.200002,0.000000,0.000000,0.000000,0.00100000
1,284,1.317721,0.000396,88.6834,0.000000,0.000000,0.000000,0.149570,0.000000,0.000000,0.000000,0.00100000
1,285,1.150437,0.000345,100.3127,0.000000,0.000000,0.000000,0.136159,0.000000,0.000000,0.000000,0.00100000
1,286,1.328142,0.000394,92.0220,0.000000,0.000000,0.000000,0.184176,0.000000,0.000000,0.000000,0.00100000
1,287,1.112312,0.000334,89.7799,0.000000,0.000000,0.000000,0.129893,0.000000,0.000000,0.000000,0.00100000
1,288,1.013311,0.000296,92.5497,0.000000,0.000000,0.000000,0.169305,0.000000,0.000000,0.000000,0.00100000
1,289,1.114164,0.000335,94.0662,0.000000,0.000000,0.000000,0.130033,0.000000,0.000000,0.000000,0.00100000
1,290,1.085419,0.000326,97.2654,0.000000,0.000000,0.000000,0.124730,0.000000,0.000000,0.000000,0.00100000
1,291,0.978162,0.000293,100.9356,0.000000,0.000000,0.000000,0.120488,0.000000,0.000000,0.000000,0.00100000
1,292,0.970197,0.000286,94.8309,0.000000,0.000000,0.000000,0.148938,0.000000,0.000000,0.000000,0.00100000
1,293,1.078037,0.000314,100.2477,0.000000,0.000000,0.000000,0.184182,0.000000,0.000000,0.000000,0.00100000
1,294,1.139931,0.000343,99.4952,0.000000,0.000000,0.000000,0.126706,0.000000,0.000000,0.000000,0.00100000
1,295,1.025515,0.000315,98.6716,0.000000,0.000000,0.000000,0.074607,0.000000,0.000000,0.000000,0.00100000
1,296,1.495577,0.000440,88.3694,0.000000,0.000000,0.000000,0.234377,0.000000,0.000000,0.000000,0.00100000
1,297,1.283504,0.000380,97.2081,0.000000,0.000000,0.000000,0.185464,0.000000,0.000000,0.000000,0.00100000
1,298,1.364255,0.000400,94.4838,0.000000,0.000000,0.000000,0.217304,0.000000,0.000000,0.000000,0.00100000
1,299,1.149109,0.000340,94.1817,0.000000,0.000000,0.000000,0.168360,0.000000,0.000000,0.000000,0.00100000
1,300,1.015479,0.000295,95.5787,0.000000,0.000000,0.000000,0.178952,0.000000,0.000000,0.000000,0.00100000
1,301,1.545758,0.000456,84.7517,0.000000,0.000000,0.000000,0.228439,0.000000,0.000000,0.000000,0.00100000
1,302,1.020021,0.000297,97.8867,0.000000,0.000000,0.000000,0.178287,0.000000,0.000000,0.000000,0.00100000
1,303,1.060225,0.000317,101.9446,0.000000,0.000000,0.000000,0.131066,0.000000,0.000000,0.000000,0.00100000
1,304,1.050821,0.000315,97.5644,0.000000,0.000000,0.000000,0.124008,0.000000,0.000000,0.000000,0.00100000
1,305,1.123541,0.000334,88.2176,0.000000,0.000000,0.000000,0.150051,0.000000,0.000000,0.000000,0.00100000
1,306,0.975719,0.000288,100.8386,0.000000,0.000000,0.000000,0.145200,0.000000,0.000000,0.000000,0.00100000
1,307,0.884281,0.000263,99.0045,0.000000,0.000000,0.000000,0.118096,0.000000,0.000000,0.000000,0.00100000
1,308,1.064031,0.000312,91.9458,0.000000,0.000000,0.000000,0.170522,0.000000,0.000000,0.000000,0.00100000
1,309,1.134976,0.000334,88.1428,0.000000,0.000000,0.000000,0.176393,0.000000,0.000000,0.000000,0.00100000
1,310,1.100092,0.000329,103.8014,0.000000,0.000000,0.000000,0.137647,0.000000,0.000000,0.000000,0.00100000
1,311,0.881090,0.000265,91.4670,0.000000,0.000000,0.000000,0.100555,0.000000,0.000000,0.000000,0.00100000
1,312,0.962834,0.000291,87.8833,0.000000,0.000000,0.000000,0.098612,0.000000,0.000000,0.000000,0.00100000
1,313,1.202190,0.000359,103.2418,0.000000,0.000000,0.000000,0.151736,0.000000,0.000000,0.000000,0.00100000
1,314,1.147486,0.000337,94.9684,0.000000,0.000000,0.000000,0.180995,0.000000,0.000000,0.000000,0.00100000
1,315,1.312367,0.000395,94.1720,0.000000,0.000000,0.000000,0.149854,0.000000,0.000000,0.000000,0.00100000
1,316,1.065356,0.000323,98.7370,0.000000,0.000000,0.000000,0.103526,0.000000,0.000000,0.000000,0.00100000
1,317,1.009313,0.000313,100.2110,0.000000,0.000000,0.000000,0.056559,0.000000,0.000000,0.000000,0.00100000
1,318,0.982110,0.000280,114.2442,0.000000,0.000000,0.000000,0.207693,0.000000,0.000000,0.000000,0.00100000
1,319,1.088806,0.000318,99.9734,0.000000,0.000000,0.000000,0.181832,0.000000,0.000000,0.000000,0.00100000
1,320,0.914120,0.000280,103.9670,0.000000,0.000000,0.000000,0.072886,0.000000,0.000000,0.000000,0.00100000
1,321,1.253387,0.000366,92.8446,0.000000,0.000000,0.000000,0.211799,0.000000,0.000000,0.000000,0.00100000
1,322,0.932275,0.000271,97.8794,0.000000,0.000000,0.000000,0.167603,0.000000,0.000000,0.000000,0.00100000
1,323,1.017809,0.000304,97.5013,0.000000,0.000000,0.000000,0.129862,0.000000,0.000000,0.000000,0.00100000
1,324,1.279957,0.000374,83.0333,0.000000,0.000000,0.000000,0.212999,0.000000,0.000000,0.000000,0.00100000
1,325,1.112526,0.000324,88.5477,0.000000,0.000000,0.000000,0.189863,0.000000,0.000000,0.000000,0.00100000
1,326,0.978307,0.000292,84.8412,0.000000,0.000000,0.000000,0.124300,0.000000,0.000000,0.000000,0.00100000
1,327,0.924530,0.000277,97.6911,0.000000,0.000000,0.000000,0.114331,0.000000,0.000000,0.000000,0.00100000
1,328,1.096640,0.000327,89.2123,0.000000,0.000000,0.000000,0.141094,0.000000,0.000000,0.000000,0.00100000
1,329,1.220042,0.000361,90.2612,0.000000,0.000000,0.000000,0.174214,0.000000,0.000000,0.000000,0.00100000
1,330,0.984175,0.000282,89.7256,0.000000,0.000000,0.000000,0.202195,0.000000,0.000000,0.000000,0.00100000
1,331,0.964523,0.000292,91.0624,0.000000,0.000000,0.000000,0.099158,0.000000,0.000000,0.000000,0.00100000
1,332,1.191416,0.000361,86.9667,0.000000,0.000000,0.000000,0.121422,0.000000,0.000000,0.000000,0.00100000
1,333,1.156857,0.000353,88.9825,0.000000,0.000000,0.000000,0.097998,0.000000,0.000000,0.000000,0.00100000
1,334,1.017244,0.000309,94.3218,0.000000,0.000000,0.000000,0.097774,0.000000,0.000000,0.000000,0.00100000
1,335,1.049661,0.000307,93.9174,0.000000,0.000000,0.000000,0.172107,0.000000,0.000000,0.000000,0.00100000
1,336,1.000861,0.000295,89.5355,0.000000,0.000000,0.000000,0.153186,0.000000,0.000000,0.000000,0.00100000
1,337,0.907965,0.000275,100.1735,0.000000,0.000000,0.000000,0.093242,0.000000,0.000000,0.000000,0.00100000
1,338,0.950162,0.000287,94.5144,0.000000,0.000000,0.000000,0.098880,0.000000,0.000000,0.000000,0.00100000
1,339,0.962289,0.000294,95.9048,0.000000,0.000000,0.000000,0.081126,0.000000,0.000000,0.000000,0.00100000
1,340,1.026606,0.000310,101.6120,0.000000,0.000000,0.000000,0.107234,0.000000,0.000000,0.000000,0.00100000
1,341,1.114297,0.000336,95.5663,0.000000,0.000000,0.000000,0.119898,0.000000,0.000000,0.000000,0.00100000
1,342,0.928941,0.000285,87.7792,0.000000,0.000000,0.000000,0.068677,0.000000,0.000000,0.000000,0.00100000
1,343,1.075356,0.000318,80.9762,0.000000,0.000000,0.000000,0.154711,0.000000,0.000000,0.000000,0.00100000
1,344,0.967065,0.000289,86.7007,0.000000,0.000000,0.000000,0.120322,0.000000,0.000000,0.000000,0.00100000
1,345,0.970060,0.000289,87.5801,0.000000,0.000000,0.000000,0.127657,0.000000,0.000000,0.000000,0.00100000
1,346,1.061947,0.000320,89.4925,0.000000,0.000000,0.000000,0.113738,0.000000,0.000000,0.000000,0.00100000
1,347,1.039639,0.000313,81.3609,0.000000,0.000000,0.000000,0.116619,0.000000,0.000000,0.000000,0.00100000
1,348,1.043611,0.000300,94.3888,0.000000,0.000000,0.000000,0.204931,0.000000,0.000000,0.000000,0.00100000
1,349,0.949260,0.000285,84.9941,0.000000,0.000000,0.000000,0.110829,0.000000,0.000000,0.000000,0.00100000
1,350,1.001917,0.000283,100.6484,0.000000,0.000000,0.000000,0.226535,0.000000,0.000000,0.000000,0.00100000
1,351,0.952894,0.000286,95.7857,0.000000,0.000000,0.000000,0.112479,0.000000,0.000000,0.000000,0.00100000
1,352,1.033981,0.000311,98.2970,0.000000,0.000000,0.000000,0.115914,0.000000,0.000000,0.000000,0.00100000
1,353,0.937789,0.000279,98.0167,0.000000,0.000000,0.000000,0.122865,0.000000,0.000000,0.000000,0.00100000
1,354,0.977810,0.000282,92.4187,0.000000,0.000000,0.000000,0.186927,0.000000,0.000000,0.000000,0.00100000
1,355,0.942166,0.000276,100.6918,0.000000,0.000000,0.000000,0.153132,0.000000,0.000000,0.000000,0.00100000
1,356,0.884205,0.000267,99.0828,0.000000,0.000000,0.000000,0.093174,0.000000,0.000000,0.000000,0.00100000
1,357,0.943059,0.000284,96.0085,0.000000,0.000000,0.000000,0.101875,0.000000,0.000000,0.000000,0.00100000
1,358,0.756956,0.000234,98.2345,0.000000,0.000000,0.000000,0.046043,0.000000,0.000000,0.000000,0.00100000
1,359,0.798980,0.000241,96.4979,0.000000,0.000000,0.000000,0.088923,0.000000,0.000000,0.000000,0.00100000
1,360,1.117100,0.000338,96.8473,0.000000,0.000000,0.000000,0.115221,0.000000,0.000000,0.000000,0.00100000
1,361,1.189796,0.000360,102.6108,0.000000,0.000000,0.000000,0.118724,0.000000,0.000000,0.000000,0.00100000
1,362,1.080629,0.000324,99.0391,0.000000,0.000000,0.000000,0.130155,0.000000,0.000000,0.000000,0.00100000
1,363,0.962119,0.000288,93.8907,0.000000,0.000000,0.000000,0.118090,0.000000,0.000000,0.000000,0.00100000
1,364,0.966061,0.000293,91.2405,0.000000,0.000000,0.000000,0.091578,0.000000,0.000000,0.000000,0.00100000
1,365,0.923284,0.000279,96.8023,0.000000,0.000000,0.000000,0.095240,0.000000,0.000000,0.000000,0.00100000
1,366,0.948855,0.000283,86.0882,0.000000,0.000000,0.000000,0.120978,0.000000,0.000000,0.000000,0.00100000
1,367,1.016388,0.000299,97.5470,0.000000,0.000000,0.000000,0.159907,0.000000,0.000000,0.000000,0.00100000
1,368,1.302469,0.000386,89.2056,0.000000,0.000000,0.000000,0.184336,0.000000,0.000000,0.000000,0.00100000
1,369,1.137075,0.000344,96.7286,0.000000,0.000000,0.000000,0.117310,0.000000,0.000000,0.000000,0.00100000
1,370,1.029675,0.000311,90.2418,0.000000,0.000000,0.000000,0.110904,0.000000,0.000000,0.000000,0.00100000
1,371,0.882383,0.000251,97.8214,0.000000,0.000000,0.000000,0.187463,0.000000,0.000000,0.000000,0.00100000
1,372,1.561627,0.000471,97.5060,0.000000,0.000000,0.000000,0.167802,0.000000,0.000000,0.000000,0.00100000
1,373,0.929760,0.000276,99.0540,0.000000,0.000000,0.000000,0.126863,0.000000,0.000000,0.000000,0.00100000
1,374,0.893730,0.000267,95.7859,0.000000,0.000000,0.000000,0.113876,0.000000,0.000000,0.000000,0.00100000
1,375,0.924442,0.000279,91.7350,0.000000,0.000000,0.000000,0.097315,0.000000,0.000000,0.000000,0.00100000
1,376,1.065409,0.000307,95.8305,0.000000,0.000000,0.000000,0.202626,0.000000,0.000000,0.000000,0.00100000
1,377,1.133928,0.000335,88.3265,0.000000,0.000000,0.000000,0.169267,0.000000,0.000000,0.000000,0.00100000
1,378,1.184652,0.000356,97.1853,0.000000,0.000000,0.000000,0.136718,0.000000,0.000000,0.000000,0.00100000
1,379,0.998818,0.000301,102.7015,0.000000,0.000000,0.000000,0.110145,0.000000,0.000000,0.000000,0.00100000
1,380,0.982813,0.000288,97.2615,0.000000,0.000000,0.000000,0.160248,0.000000,0.000000,0.000000,0.00100000
1,381,0.928021,0.000280,98.7433,0.000000,0.000000,0.000000,0.100120,0.000000,0.000000,0.000000,0.00100000
1,382,0.900352,0.000262,96.8149,0.000000,0.000000,0.000000,0.157899,0.000000,0.000000,0.000000,0.00100000
1,383,0.970915,0.000292,90.4032,0.000000,0.000000,0.000000,0.108779,0.000000,0.000000,0.000000,0.00100000
1,384,0.906343,0.000276,98.4993,0.000000,0.000000,0.000000,0.078590,0.000000,0.000000,0.000000,0.00100000
1,385,0.935951,0.000278,93.0866,0.000000,0.000000,0.000000,0.130701,0.000000,0.000000,0.000000,0.00100000
1,386,0.893564,0.000266,97.1411,0.000000,0.000000,0.000000,0.120815,0.000000,0.000000,0.000000,0.00100000
1,387,0.929615,0.000284,91.0490,0.000000,0.000000,0.000000,0.078986,0.000000,0.000000,0.000000,0.00100000
1,388,0.920718,0.000284,97.8849,0.000000,0.000000,0.000000,0.061108,0.000000,0.000000,0.000000,0.00100000
1,389,0.836211,0.000258,92.0733,0.000000,0.000000,0.000000,0.052571,0.000000,0.000000,0.000000,0.00100000
1,390,0.868468,0.000265,93.7946,0.000000,0.000000,0.000000,0.071792,0.000000,0.000000,0.000000,0.00100000
1,391,1.022897,0.000307,90.6191,0.000000,0.000000,0.000000,0.118340,0.000000,0.000000,0.000000,0.00100000
1,392,1.113286,0.000332,80.9372,0.000000,0.000000,0.000000,0.142881,0.000000,0.000000,0.000000,0.00100000
1,393,1.077817,0.000314,101.9545,0.000000,0.000000,0.000000,0.187185,0.000000,0.000000,0.000000,0.00100000
1,394,0.882561,0.000265,93.9448,0.000000,0.000000,0.000000,0.103070,0.000000,0.000000,0.000000,0.00100000
1,395,0.997615,0.000303,88.5770,0.000000,0.000000,0.000000,0.093665,0.000000,0.000000,0.000000,0.00100000
1,396,0.891791,0.000271,92.3893,0.000000,0.000000,0.000000,0.083811,0.000000,0.000000,0.000000,0.00100000
1,397,0.818991,0.000253,97.2107,0.000000,0.000000,0.000000,0.049259,0.000000,0.000000,0.000000,0.00100000
1,398,1.034338,0.000309,92.6724,0.000000,0.000000,0.000000,0.132555,0.000000,0.000000,0.000000,0.00100000
1,399,0.902019,0.000273,91.9916,0.000000,0.000000,0.000000,0.088863,0.000000,0.000000,0.000000,0.00100000
1,400,0.852893,0.000256,99.7303,0.000000,0.000000,0.000000,0.097547,0.000000,0.000000,0.000000,0.00100000
1,401,0.928838,0.000282,91.9860,0.000000,0.000000,0.000000,0.090039,0.000000,0.000000,0.000000,0.00100000
1,402,0.936973,0.000283,96.8944,0.000000,0.000000,0.000000,0.097778,0.000000,0.000000,0.000000,0.00100000
1,403,0.802038,0.000240,99.4659,0.000000,0.000000,0.000000,0.098820,0.000000,0.000000,0.000000,0.00100000
1,404,0.829395,0.000250,98.0184,0.000000,0.000000,0.000000,0.089720,0.000000,0.000000,0.000000,0.00100000
1,405,0.777273,0.000234,98.9998,0.000000,0.000000,0.000000,0.086224,0.000000,0.000000,0.000000,0.00100000
1,406,0.768989,0.000238,97.0225,0.000000,0.000000,0.000000,0.046650,0.000000,0.000000,0.000000,0.00100000
1,407,1.027873,0.000310,96.2171,0.000000,0.000000,0.000000,0.111337,0.000000,0.000000,0.000000,0.00100000
1,408,0.968235,0.000289,95.3727,0.000000,0.000000,0.000000,0.121135,0.000000,0.000000,0.000000,0.00100000
1,409,0.977032,0.000298,95.5314,0.000000,0.000000,0.000000,0.083881,0.000000,0.000000,0.000000,0.00100000
1,410,1.180402,0.000362,93.4619,0.000000,0.000000,0.000000,0.092890,0.000000,0.000000,0.000000,0.00100000
1,411,1.037464,0.000312,100.8998,0.000000,0.000000,0.000000,0.119814,0.000000,0.000000,0.000000,0.00100000
1,412,1.006575,0.000302,87.2275,0.000000,0.000000,0.000000,0.120335,0.000000,0.000000,0.000000,0.00100000
1,413,0.998924,0.000265,100.8464,0.000000,0.000000,0.000000,0.335229,0.000000,0.000000,0.000000,0.00100000
1,414,0.958101,0.000288,97.7807,0.000000,0.000000,0.000000,0.109173,0.000000,0.000000,0.000000,0.00100000
1,415,0.999345,0.000300,105.2894,0.000000,0.000000,0.000000,0.119186,0.000000,0.000000,0.000000,0.00100000
1,416,0.916431,0.000270,105.4002,0.000000,0.000000,0.000000,0.141660,0.000000,0.000000,0.000000,0.00100000
1,417,0.815543,0.000238,100.9502,0.000000,0.000000,0.000000,0.138130,0.000000,0.000000,0.000000,0.00100000
1,418,1.017218,0.000306,91.2784,0.000000,0.000000,0.000000,0.118091,0.000000,0.000000,0.000000,0.00100000
1,419,0.883335,0.000265,96.7729,0.000000,0.000000,0.000000,0.104665,0.000000,0.000000,0.000000,0.00100000
1,420,0.788341,0.000235,102.2261,0.000000,0.000000,0.000000,0.100978,0.000000,0.000000,0.000000,0.00100000
1,421,0.886631,0.000273,92.3826,0.000000,0.000000,0.000000,0.061841,0.000000,0.000000,0.000000,0.00100000
1,422,1.159560,0.000334,91.5133,0.000000,0.000000,0.000000,0.226446,0.000000,0.000000,0.000000,0.00100000
1,423,1.001011,0.000295,110.7439,0.000000,0.000000,0.000000,0.151154,0.000000,0.000000,0.000000,0.00100000
1,424,0.889753,0.000268,92.8164,0.000000,0.000000,0.000000,0.101201,0.000000,0.000000,0.000000,0.00100000
1,425,0.805181,0.000239,102.8866,0.000000,0.000000,0.000000,0.113726,0.000000,0.000000,0.000000,0.00100000
1,426,0.795051,0.000241,101.6315,0.000000,0.000000,0.000000,0.079937,0.000000,0.000000,0.000000,0.00100000
1,427,0.737276,0.000229,103.7685,0.000000,0.000000,0.000000,0.040416,0.000000,0.000000,0.000000,0.00100000
1,428,1.002671,0.000297,89.4983,0.000000,0.000000,0.000000,0.141720,0.000000,0.000000,0.000000,0.00100000
1,429,0.846561,0.000258,90.6969,0.000000,0.000000,0.000000,0.075104,0.000000,0.000000,0.000000,0.00100000
1,430,0.864349,0.000265,94.0432,0.000000,0.000000,0.000000,0.069633,0.000000,0.000000,0.000000,0.00100000
1,431,0.853852,0.000255,97.2290,0.000000,0.000000,0.000000,0.106346,0.000000,0.000000,0.000000,0.00100000
1,432,0.917598,0.000280,95.9683,0.000000,0.000000,0.000000,0.076439,0.000000,0.000000,0.000000,0.00100000
1,433,0.936438,0.000289,91.8583,0.000000,0.000000,0.000000,0.060442,0.000000,0.000000,0.000000,0.00100000
1,434,0.779954,0.000235,94.9345,0.000000,0.000000,0.000000,0.085207,0.000000,0.000000,0.000000,0.00100000
1,435,0.788239,0.000241,98.6069,0.000000,0.000000,0.000000,0.063460,0.000000,0.000000,0.000000,0.00100000
1,436,0.891345,0.000273,95.2472,0.000000,0.000000,0.000000,0.070294,0.000000,0.000000,0.000000,0.00100000
1,437,0.858587,0.000262,104.7706,0.000000,0.000000,0.000000,0.073040,0.000000,0.000000,0.000000,0.00100000
1,438,0.965910,0.000290,94.2069,0.000000,0.000000,0.000000,0.114844,0.000000,0.000000,0.000000,0.00100000
1,439,0.795637,0.000238,103.1335,0.000000,0.000000,0.000000,0.095758,0.000000,0.000000,0.000000,0.00100000
1,440,0.823300,0.000251,92.0121,0.000000,0.000000,0.000000,0.072737,0.000000,0.000000,0.000000,0.00100000
1,441,0.823374,0.000249,96.9055,0.000000,0.000000,0.000000,0.086286,0.000000,0.000000,0.000000,0.00100000
1,442,0.757653,0.000225,88.6308,0.000000,0.000000,0.000000,0.105966,0.000000,0.000000,0.000000,0.00100000
1,443,0.816242,0.000244,84.2126,0.000000,0.000000,0.000000,0.099020,0.000000,0.000000,0.000000,0.00100000
1,444,0.878841,0.000260,98.2902,0.000000,0.000000,0.000000,0.129057,0.000000,0.000000,0.000000,0.00100000
1,445,0.853955,0.000254,92.4386,0.000000,0.000000,0.000000,0.114681,0.000000,0.000000,0.000000,0.00100000
1,446,0.882642,0.000258,93.1725,0.000000,0.000000,0.000000,0.144952,0.000000,0.000000,0.000000,0.00100000
1,447,0.913978,0.000267,91.3730,0.000000,0.000000,0.000000,0.154959,0.000000,0.000000,0.000000,0.00100000
1,448,0.880758,0.000266,79.9565,0.000000,0.000000,0.000000,0.093607,0.000000,0.000000,0.000000,0.00100000
1,449,0.794387,0.000238,90.2874,0.000000,0.000000,0.000000,0.093991,0.000000,0.000000,0.000000,0.00100000
1,450,0.764231,0.000227,97.9193,0.000000,0.000000,0.000000,0.102495,0.000000,0.000000,0.000000,0.00100000
1,451,0.778635,0.000236,98.8931,0.000000,0.000000,0.000000,0.075280,0.000000,0.000000,0.000000,0.00100000
1,452,0.895411,0.000272,91.2829,0.000000,0.000000,0.000000,0.083951,0.000000,0.000000,0.000000,0.00100000
1,453,0.929399,0.000287,96.1826,0.000000,0.000000,0.000000,0.057177,0.000000,0.000000,0.000000,0.00100000
1,454,1.166755,0.000342,88.8885,0.000000,0.000000,0.000000,0.189023,0.000000,0.000000,0.000000,0.00100000
1,455,1.081248,0.000316,94.1185,0.000000,0.000000,0.000000,0.179448,0.000000,0.000000,0.000000,0.00100000
1,456,1.081025,0.000319,88.7852,0.000000,0.000000,0.000000,0.162097,0.000000,0.000000,0.000000,0.00100000
1,457,0.857387,0.000243,97.1673,0.000000,0.000000,0.000000,0.190182,0.000000,0.000000,0.000000,0.00100000
1,458,0.916434,0.000267,88.7766,0.000000,0.000000,0.000000,0.159526,0.000000,0.000000,0.000000,0.00100000
1,459,0.914228,0.000269,93.9007,0.000000,0.000000,0.000000,0.142482,0.000000,0.000000,0.000000,0.00100000
1,460,0.831160,0.000250,92.3463,0.000000,0.000000,0.000000,0.095162,0.000000,0.000000,0.000000,0.00100000
1,461,1.002093,0.000294,92.9569,0.000000,0.000000,0.000000,0.157425,0.000000,0.000000,0.000000,0.00100000
1,462,0.967478,0.000289,85.9332,0.000000,0.000000,0.000000,0.123153,0.000000,0.000000,0.000000,0.00100000
1,463,0.783750,0.000232,93.5668,0.000000,0.000000,0.000000,0.113570,0.000000,0.000000,0.000000,0.00100000
1,464,0.785933,0.000239,93.1039,0.000000,0.000000,0.000000,0.069892,0.000000,0.000000,0.000000,0.00100000
1,465,0.769761,0.000230,96.7216,0.000000,0.000000,0.000000,0.096758,0.000000,0.000000,0.000000,0.00100000
1,466,0.804787,0.000245,94.5799,0.000000,0.000000,0.000000,0.073620,0.000000,0.000000,0.000000,0.00100000
1,467,0.947971,0.000286,94.2653,0.000000,0.000000,0.000000,0.100374,0.000000,0.000000,0.000000,0.00100000
1,468,0.747594,0.000227,106.4453,0.000000,0.000000,0.000000,0.071579,0.000000,0.000000,0.000000,0.00100000
1,469,0.987373,0.000301,95.6511,0.000000,0.000000,0.000000,0.089123,0.000000,0.000000,0.000000,0.00100000
1,470,0.948726,0.000282,94.0649,0.000000,0.000000,0.000000,0.125723,0.000000,0.000000,0.000000,0.00100000
1,471,0.794360,0.000236,89.4105,0.000000,0.000000,0.000000,0.108456,0.000000,0.000000,0.000000,0.00100000
1,472,0.736946,0.000218,98.3792,0.000000,0.000000,0.000000,0.108979,0.000000,0.000000,0.000000,0.00100000
1,473,0.854908,0.000249,88.9005,0.000000,0.000000,0.000000,0.147488,0.000000,0.000000,0.000000,0.00100000
1,474,0.711966,0.000219,95.8220,0.000000,0.000000,0.000000,0.048502,0.000000,0.000000,0.000000,0.00100000
1,475,0.751321,0.000230,89.0813,0.000000,0.000000,0.000000,0.060258,0.000000,0.000000,0.000000,0.00100000
1,476,0.831291,0.000253,86.4850,0.000000,0.000000,0.000000,0.077056,0.000000,0.000000,0.000000,0.00100000
1,477,0.980570,0.000299,89.6987,0.000000,0.000000,0.000000,0.086157,0.000000,0.000000,0.000000,0.00100000
1,478,0.848154,0.000245,89.7057,0.000000,0.000000,0.000000,0.157914,0.000000,0.000000,0.000000,0.00100000
1,479,0.801155,0.000239,103.5494,0.000000,0.000000,0.000000,0.101432,0.000000,0.000000,0.000000,0.00100000
1,480,0.732281,0.000218,93.9654,0.000000,0.000000,0.000000,0.096780,0.000000,0.000000,0.000000,0.00100000
1,481,0.852796,0.000257,87.9463,0.000000,0.000000,0.000000,0.093104,0.000000,0.000000,0.000000,0.00100000
1,482,1.033777,0.000306,85.8197,0.000000,0.000000,0.000000,0.148711,0.000000,0.000000,0.000000,0.00100000
1,483,1.144752,0.000345,75.8513,0.000000,0.000000,0.000000,0.123797,0.000000,0.000000,0.000000,0.00100000
1,484,0.939087,0.000269,94.3667,0.000000,0.000000,0.000000,0.189425,0.000000,0.000000,0.000000,0.00100000
1,485,0.891524,0.000267,99.9942,0.000000,0.000000,0.000000,0.110160,0.000000,0.000000,0.000000,0.00100000
1,486,1.043390,0.000314,95.9427,0.000000,0.000000,0.000000,0.120462,0.000000,0.000000,0.000000,0.00100000
1,487,0.916902,0.000270,104.9934,0.000000,0.000000,0.000000,0.141681,0.000000,0.000000,0.000000,0.00100000
1,488,0.899935,0.000269,93.9692,0.000000,0.000000,0.000000,0.110480,0.000000,0.000000,0.000000,0.00100000
1,489,0.854822,0.000260,97.3755,0.000000,0.000000,0.000000,0.077653,0.000000,0.000000,0.000000,0.00100000
1,490,0.846666,0.000260,99.3973,0.000000,0.000000,0.000000,0.061746,0.000000,0.000000,0.000000,0.00100000
1,491,0.858434,0.000261,103.5482,0.000000,0.000000,0.000000,0.079255,0.000000,0.000000,0.000000,0.00100000
1,492,0.845703,0.000256,92.4004,0.000000,0.000000,0.000000,0.085481,0.000000,0.000000,0.000000,0.00100000
1,493,0.995017,0.000303,109.9594,0.000000,0.000000,0.000000,0.092541,0.000000,0.000000,0.000000,0.00100000
1,494,0.893054,0.000264,92.6444,0.000000,0.000000,0.000000,0.129234,0.000000,0.000000,0.000000,0.00100000
1,495,0.860041,0.000256,99.0015,0.000000,0.000000,0.000000,0.114779,0.000000,0.000000,0.000000,0.00100000
1,496,0.806393,0.000242,98.8564,0.000000,0.000000,0.000000,0.092285,0.000000,0.000000,0.000000,0.00100000
1,497,0.879315,0.000266,84.8995,0.000000,0.000000,0.000000,0.092139,0.000000,0.000000,0.000000,0.00100000
1,498,0.769456,0.000236,95.2192,0.000000,0.000000,0.000000,0.055916,0.000000,0.000000,0.000000,0.00100000
1,499,0.846939,0.000251,103.5032,0.000000,0.000000,0.000000,0.118717,0.000000,0.000000,0.000000,0.00100000
1,500,1.036548,0.000316,88.6244,0.000000,0.000000,0.000000,0.089057,0.000000,0.000000,0.000000,0.00100000
1,501,0.977731,0.000289,103.0202,0.000000,0.000000,0.000000,0.145448,0.000000,0.000000,0.000000,0.00100000
1,502,1.519548,0.000460,99.1296,0.000000,0.000000,0.000000,0.150947,0.000000,0.000000,0.000000,0.00100000
1,503,1.789713,0.000524,87.1789,0.000000,0.000000,0.000000,0.294939,0.000000,0.000000,0.000000,0.00100000
1,504,1.466121,0.000439,98.7023,0.000000,0.000000,0.000000,0.178878,0.000000,0.000000,0.000000,0.00100000
1,505,1.164638,0.000345,85.6513,0.000000,0.000000,0.000000,0.163108,0.000000,0.000000,0.000000,0.00100000
1,506,1.253407,0.000372,94.7010,0.000000,0.000000,0.000000,0.171309,0.000000,0.000000,0.000000,0.00100000
1,507,1.357107,0.000402,90.8778,0.000000,0.000000,0.000000,0.192563,0.000000,0.000000,0.000000,0.00100000
1,508,1.616551,0.000500,85.4485,0.000000,0.000000,0.000000,0.095626,0.000000,0.000000,0.000000,0.00100000
1,509,1.474163,0.000429,72.5279,0.000000,0.000000,0.000000,0.259353,0.000000,0.000000,0.000000,0.00100000
1,510,1.313517,0.000388,102.7770,0.000000,0.000000,0.000000,0.192009,0.000000,0.000000,0.000000,0.00100000
1,511,1.224514,0.000372,98.9251,0.000000,0.000000,0.000000,0.118895,0.000000,0.000000,0.000000,0.00100000
1,512,0.857544,0.000261,100.2901,0.000000,0.000000,0.000000,0.075810,0.000000,0.000000,0.000000,0.00100000
1,513,1.101271,0.000330,96.0601,0.000000,0.000000,0.000000,0.129717,0.000000,0.000000,0.000000,0.00100000
1,514,0.850152,0.000260,99.3538,0.000000,0.000000,0.000000,0.067244,0.000000,0.000000,0.000000,0.00100000
1,515,0.930007,0.000284,91.0639,0.000000,0.000000,0.000000,0.081574,0.000000,0.000000,0.000000,0.00100000
1,516,1.198927,0.000353,111.7391,0.000000,0.000000,0.000000,0.186555,0.000000,0.000000,0.000000,0.00100000
1,517,1.074535,0.000321,85.5906,0.000000,0.000000,0.000000,0.134178,0.000000,0.000000,0.000000,0.00100000
1,518,1.090714,0.000327,81.7031,0.000000,0.000000,0.000000,0.127807,0.000000,0.000000,0.000000,0.00100000
1,519,0.840829,0.000251,96.5474,0.000000,0.000000,0.000000,0.105439,0.000000,0.000000,0.000000,0.00100000
1,520,1.138899,0.000348,89.8542,0.000000,0.000000,0.000000,0.092283,0.000000,0.000000,0.000000,0.00100000
1,521,0.908017,0.000276,87.7323,0.000000,0.000000,0.000000,0.084464,0.000000,0.000000,0.000000,0.00100000
1,522,0.880107,0.000263,95.0400,0.000000,0.000000,0.000000,0.110886,0.000000,0.000000,0.000000,0.00100000
1,523,0.999145,0.000294,80.7169,0.000000,0.000000,0.000000,0.155906,0.000000,0.000000,0.000000,0.00100000
1,524,0.906644,0.000274,91.3266,0.000000,0.000000,0.000000,0.097016,0.000000,0.000000,0.000000,0.00100000
1,525,0.770745,0.000232,89.3190,0.000000,0.000000,0.000000,0.088017,0.000000,0.000000,0.000000,0.00100000
1,526,0.692200,0.000212,95.7974,0.000000,0.000000,0.000000,0.055135,0.000000,0.000000,0.000000,0.00100000
1,527,0.808616,0.000248,88.9403,0.000000,0.000000,0.000000,0.062724,0.000000,0.000000,0.000000,0.00100000
1,528,0.739064,0.000229,94.3677,0.000000,0.000000,0.000000,0.041990,0.000000,0.000000,0.000000,0.00100000
1,529,0.793084,0.000245,96.9647,0.000000,0.000000,0.000000,0.046458,0.000000,0.000000,0.000000,0.00100000
1,530,0.830706,0.000254,100.0553,0.000000,0.000000,0.000000,0.068574,0.000000,0.000000,0.000000,0.00100000
1,531,0.845816,0.000253,88.4388,0.000000,0.000000,0.000000,0.105482,0.000000,0.000000,0.000000,0.00100000
1,532,0.836007,0.000252,93.6464,0.000000,0.000000,0.000000,0.092382,0.000000,0.000000,0.000000,0.00100000
1,533,0.782301,0.000239,89.3937,0.000000,0.000000,0.000000,0.066632,0.000000,0.000000,0.000000,0.00100000
1,534,0.849231,0.000261,92.3535,0.000000,0.000000,0.000000,0.059235,0.000000,0.000000,0.000000,0.00100000
1,535,0.848608,0.000257,90.1886,0.000000,0.000000,0.000000,0.083981,0.000000,0.000000,0.000000,0.00100000
1,536,0.779854,0.000234,88.8752,0.000000,0.000000,0.000000,0.090587,0.000000,0.000000,0.000000,0.00100000
1,537,0.762697,0.000233,91.6203,0.000000,0.000000,0.000000,0.062012,0.000000,0.000000,0.000000,0.00100000
1,538,0.795573,0.000243,93.1881,0.000000,0.000000,0.000000,0.068561,0.000000,0.000000,0.000000,0.00100000
1,539,0.724290,0.000223,87.7684,0.000000,0.000000,0.000000,0.047175,0.000000,0.000000,0.000000,0.00100000
1,540,0.750408,0.000229,92.9676,0.000000,0.000000,0.000000,0.061635,0.000000,0.000000,0.000000,0.00100000
1,541,0.743952,0.000226,85.5261,0.000000,0.000000,0.000000,0.068705,0.000000,0.000000,0.000000,0.00100000
1,542,0.764900,0.000233,90.5930,0.000000,0.000000,0.000000,0.068562,0.000000,0.000000,0.000000,0.00100000
1,543,0.788057,0.000233,101.0344,0.000000,0.000000,0.000000,0.114040,0.000000,0.000000,0.000000,0.00100000
1,544,0.714586,0.000215,95.9345,0.000000,0.000000,0.000000,0.081431,0.000000,0.000000,0.000000,0.00100000
1,545,0.672552,0.000204,102.7288,0.000000,0.000000,0.000000,0.065450,0.000000,0.000000,0.000000,0.00100000
1,546,0.791992,0.000229,90.7404,0.000000,0.000000,0.000000,0.148089,0.000000,0.000000,0.000000,0.00100000
1,547,0.946757,0.000286,90.1222,0.000000,0.000000,0.000000,0.096769,0.000000,0.000000,0.000000,0.00100000
1,548,0.895126,0.000275,94.3113,0.000000,0.000000,0.000000,0.066589,0.000000,0.000000,0.000000,0.00100000
1,549,0.976223,0.000287,92.1275,0.000000,0.000000,0.000000,0.149279,0.000000,0.000000,0.000000,0.00100000
1,550,1.046416,0.000312,81.5207,0.000000,0.000000,0.000000,0.135795,0.000000,0.000000,0.000000,0.00100000
1,551,0.850504,0.000256,101.0519,0.000000,0.000000,0.000000,0.093349,0.000000,0.000000,0.000000,0.00100000
1,552,1.003689,0.000299,86.7730,0.000000,0.000000,0.000000,0.134847,0.000000,0.000000,0.000000,0.00100000
1,553,0.939475,0.000287,91.7255,0.000000,0.000000,0.000000,0.079766,0.000000,0.000000,0.000000,0.00100000
1,554,1.075360,0.000323,85.3148,0.000000,0.000000,0.000000,0.122162,0.000000,0.000000,0.000000,0.00100000
1,555,0.851801,0.000261,87.5625,0.000000,0.000000,0.000000,0.067475,0.000000,0.000000,0.000000,0.00100000
1,556,0.781867,0.000240,92.2289,0.000000,0.000000,0.000000,0.060651,0.000000,0.000000,0.000000,0.00100000
1,557,0.729843,0.000222,99.4814,0.000000,0.000000,0.000000,0.064698,0.000000,0.000000,0.000000,0.00100000
1,558,0.781176,0.000240,91.8899,0.000000,0.000000,0.000000,0.058336,0.000000,0.000000,0.000000,0.00100000
1,559,0.684696,0.000214,99.7506,0.000000,0.000000,0.000000,0.030213,0.000000,0.000000,0.000000,0.00100000
1,560,0.853779,0.000253,83.2215,0.000000,0.000000,0.000000,0.121554,0.000000,0.000000,0.000000,0.00100000
1,561,0.795249,0.000237,95.0325,0.000000,0.000000,0.000000,0.103532,0.000000,0.000000,0.000000,0.00100000
1,562,0.850875,0.000252,89.1328,0.000000,0.000000,0.000000,0.119616,0.000000,0.000000,0.000000,0.00100000
1,563,1.194660,0.000356,87.3260,0.000000,0.000000,0.000000,0.158539,0.000000,0.000000,0.000000,0.00100000
1,564,0.786576,0.000232,107.7336,0.000000,0.000000,0.000000,0.114991,0.000000,0.000000,0.000000,0.00100000
1,565,0.807932,0.000240,100.6596,0.000000,0.000000,0.000000,0.112799,0.000000,0.000000,0.000000,0.00100000
1,566,0.680280,0.000202,108.7372,0.000000,0.000000,0.000000,0.093737,0.000000,0.000000,0.000000,0.00100000
1,567,0.778573,0.000226,106.8450,0.000000,0.000000,0.000000,0.136756,0.000000,0.000000,0.000000,0.00100000
1,568,0.737532,0.000218,107.3814,0.000000,0.000000,0.000000,0.105984,0.000000,0.000000,0.000000,0.00100000
1,569,0.706436,0.000207,92.3182,0.000000,0.000000,0.000000,0.112385,0.000000,0.000000,0.000000,0.00100000
1,570,0.645091,0.000194,103.8163,0.000000,0.000000,0.000000,0.074868,0.000000,0.000000,0.000000,0.00100000
1,571,0.913100,0.000273,95.9599,0.000000,0.000000,0.000000,0.112781,0.000000,0.000000,0.000000,0.00100000
1,572,0.752952,0.000232,92.8511,0.000000,0.000000,0.000000,0.049079,0.000000,0.000000,0.000000,0.00100000
1,573,0.667585,0.000204,100.2820,0.000000,0.000000,0.000000,0.056551,0.000000,0.000000,0.000000,0.00100000
1,574,0.774538,0.000238,86.8592,0.000000,0.000000,0.000000,0.053542,0.000000,0.000000,0.000000,0.00100000
1,575,0.781263,0.000236,88.0009,0.000000,0.000000,0.000000,0.084338,0.000000,0.000000,0.000000,0.00100000
1,576,0.690550,0.000209,105.3868,0.000000,0.000000,0.000000,0.069334,0.000000,0.000000,0.000000,0.00100000
1,577,0.783909,0.000227,87.5115,0.000000,0.000000,0.000000,0.145676,0.000000,0.000000,0.000000,0.00100000
1,578,0.704421,0.000207,107.1352,0.000000,0.000000,0.000000,0.109547,0.000000,0.000000,0.000000,0.00100000
1,579,1.542487,0.000464,76.0679,0.000000,0.000000,0.000000,0.172359,0.000000,0.000000,0.000000,0.00100000
1,580,0.807343,0.000244,93.0566,0.000000,0.000000,0.000000,0.083037,0.000000,0.000000,0.000000,0.00100000
1,581,0.913262,0.000269,80.6544,0.000000,0.000000,0.000000,0.136779,0.000000,0.000000,0.000000,0.00100000
1,582,0.773059,0.000229,102.3916,0.000000,0.000000,0.000000,0.109614,0.000000,0.000000,0.000000,0.00100000
1,583,0.773020,0.000236,104.7505,0.000000,0.000000,0.000000,0.062962,0.000000,0.000000,0.000000,0.00100000
1,584,0.927188,0.000276,86.4876,0.000000,0.000000,0.000000,0.125002,0.000000,0.000000,0.000000,0.00100000
1,585,0.979189,0.000296,103.7271,0.000000,0.000000,0.000000,0.099504,0.000000,0.000000,0.000000,0.00100000
1,586,0.849112,0.000258,91.7224,0.000000,0.000000,0.000000,0.083055,0.000000,0.000000,0.000000,0.00100000
1,587,0.837538,0.000254,92.8162,0.000000,0.000000,0.000000,0.084757,0.000000,0.000000,0.000000,0.00100000
1,588,0.855180,0.000255,103.9456,0.000000,0.000000,0.000000,0.108588,0.000000,0.000000,0.000000,0.00100000
1,589,0.891886,0.000266,102.2427,0.000000,0.000000,0.000000,0.115688,0.000000,0.000000,0.000000,0.00100000
1,590,0.767184,0.000236,95.4170,0.000000,0.000000,0.000000,0.055216,0.000000,0.000000,0.000000,0.00100000
1,591,0.775149,0.000238,84.6038,0.000000,0.000000,0.000000,0.060538,0.000000,0.000000,0.000000,0.00100000
1,592,0.721023,0.000224,88.2176,0.000000,0.000000,0.000000,0.038864,0.000000,0.000000,0.000000,0.00100000
1,593,0.648433,0.000199,98.6303,0.000000,0.000000,0.000000,0.048961,0.000000,0.000000,0.000000,0.00100000
1,594,0.861580,0.000266,98.1420,0.000000,0.000000,0.000000,0.055843,0.000000,0.000000,0.000000,0.00100000
1,595,0.963012,0.000292,93.8563,0.000000,0.000000,0.000000,0.093279,0.000000,0.000000,0.000000,0.00100000
1,596,0.830606,0.000255,92.4164,0.000000,0.000000,0.000000,0.062183,0.000000,0.000000,0.000000,0.00100000
1,597,0.878933,0.000271,93.2819,0.000000,0.000000,0.000000,0.057700,0.000000,0.000000,0.000000,0.00100000
1,598,0.875569,0.000271,92.2622,0.000000,0.000000,0.000000,0.052035,0.000000,0.000000,0.000000,0.00100000
1,599,1.025291,0.000319,95.2342,0.000000,0.000000,0.000000,0.047668,0.000000,0.000000,0.000000,0.00100000
1,600,0.782031,0.000243,91.2724,0.000000,0.000000,0.000000,0.041301,0.000000,0.000000,0.000000,0.00100000
1,601,0.828726,0.000257,89.1914,0.000000,0.000000,0.000000,0.043257,0.000000,0.000000,0.000000,0.00100000
1,602,0.812730,0.000251,91.2172,0.000000,0.000000,0.000000,0.050567,0.000000,0.000000,0.000000,0.00100000
1,603,0.760813,0.000236,95.2352,0.000000,0.000000,0.000000,0.042947,0.000000,0.000000,0.000000,0.00100000
1,604,0.799687,0.000248,91.3608,0.000000,0.000000,0.000000,0.043679,0.000000,0.000000,0.000000,0.00100000
1,605,0.834944,0.000260,94.3702,0.000000,0.000000,0.000000,0.039122,0.000000,0.000000,0.000000,0.00100000
1,606,0.780881,0.000243,92.5258,0.000000,0.000000,0.000000,0.037440,0.000000,0.000000,0.000000,0.00100000
1,607,0.785479,0.000245,92.3236,0.000000,0.000000,0.000000,0.034341,0.000000,0.000000,0.000000,0.00100000
1,608,0.798035,0.000249,92.5855,0.000000,0.000000,0.000000,0.032089,0.000000,0.000000,0.000000,0.00100000
1,609,0.801733,0.000252,91.3631,0.000000,0.000000,0.000000,0.025337,0.000000,0.000000,0.000000,0.00100000
1,610,2.019490,0.000620,86.9876,0.000000,0.000000,0.000000,0.149287,0.000000,0.000000,0.000000,0.00100000
1,611,0.907494,0.000277,98.2034,0.000000,0.000000,0.000000,0.078675,0.000000,0.000000,0.000000,0.00100000
1,612,1.192288,0.000363,87.9382,0.000000,0.000000,0.000000,0.109158,0.000000,0.000000,0.000000,0.00100000
1,613,0.841530,0.000256,99.7937,0.000000,0.000000,0.000000,0.079829,0.000000,0.000000,0.000000,0.00100000
1,614,0.696900,0.000211,106.4298,0.000000,0.000000,0.000000,0.073148,0.000000,0.000000,0.000000,0.00100000
1,615,0.689130,0.000210,103.1102,0.000000,0.000000,0.000000,0.060296,0.000000,0.000000,0.000000,0.00100000
1,616,0.673296,0.000201,106.2497,0.000000,0.000000,0.000000,0.088924,0.000000,0.000000,0.000000,0.00100000
1,617,0.784747,0.000233,94.8767,0.000000,0.000000,0.000000,0.107236,0.000000,0.000000,0.000000,0.00100000
1,618,1.164750,0.000349,94.0021,0.000000,0.000000,0.000000,0.140806,0.000000,0.000000,0.000000,0.00100000
1,619,0.754611,0.000224,99.0875,0.000000,0.000000,0.000000,0.101288,0.000000,0.000000,0.000000,0.00100000
1,620,0.737498,0.000217,100.5062,0.000000,0.000000,0.000000,0.114576,0.000000,0.000000,0.000000,0.00100000
1,621,0.846032,0.000253,98.8882,0.000000,0.000000,0.000000,0.103996,0.000000,0.000000,0.000000,0.00100000
1,622,0.701753,0.000214,98.3051,0.000000,0.000000,0.000000,0.060608,0.000000,0.000000,0.000000,0.00100000
1,623,0.922796,0.000277,84.9217,0.000000,0.000000,0.000000,0.110204,0.000000,0.000000,0.000000,0.00100000
1,624,0.868847,0.000260,81.9483,0.000000,0.000000,0.000000,0.107885,0.000000,0.000000,0.000000,0.00100000
1,625,0.842496,0.000252,91.4078,0.000000,0.000000,0.000000,0.103519,0.000000,0.000000,0.000000,0.00100000
1,626,1.303629,0.000384,87.2355,0.000000,0.000000,0.000000,0.199828,0.000000,0.000000,0.000000,0.00100000
1,627,1.247807,0.000377,84.4527,0.000000,0.000000,0.000000,0.128059,0.000000,0.000000,0.000000,0.00100000
1,628,1.125476,0.000333,94.3963,0.000000,0.000000,0.000000,0.162199,0.000000,0.000000,0.000000,0.00100000
1,629,0.901567,0.000273,88.3818,0.000000,0.000000,0.000000,0.089016,0.000000,0.000000,0.000000,0.00100000
1,630,0.905887,0.000269,93.6326,0.000000,0.000000,0.000000,0.124847,0.000000,0.000000,0.000000,0.00100000
1,631,0.939835,0.000281,89.6103,0.000000,0.000000,0.000000,0.114204,0.000000,0.000000,0.000000,0.00100000
1,632,0.891660,0.000270,94.8399,0.000000,0.000000,0.000000,0.091042,0.000000,0.000000,0.000000,0.00100000
1,633,0.814946,0.000237,108.6719,0.000000,0.000000,0.000000,0.143358,0.000000,0.000000,0.000000,0.00100000
1,634,0.778117,0.000224,90.3689,0.000000,0.000000,0.000000,0.150697,0.000000,0.000000,0.000000,0.00100000
1,635,0.891519,0.000263,87.7123,0.000000,0.000000,0.000000,0.134279,0.000000,0.000000,0.000000,0.00100000
1,636,1.072555,0.000313,93.5957,0.000000,0.000000,0.000000,0.182502,0.000000,0.000000,0.000000,0.00100000
1,637,0.834897,0.000248,95.6089,0.000000,0.000000,0.000000,0.116414,0.000000,0.000000,0.000000,0.00100000
1,638,0.886174,0.000266,88.5460,0.000000,0.000000,0.000000,0.105405,0.000000,0.000000,0.000000,0.00100000
1,639,0.833833,0.000251,88.9875,0.000000,0.000000,0.000000,0.096158,0.000000,0.000000,0.000000,0.00100000
1,640,0.774215,0.000235,94.4964,0.000000,0.000000,0.000000,0.072012,0.000000,0.000000,0.000000,0.00100000
1,641,1.050809,0.000311,89.1040,0.000000,0.000000,0.000000,0.149615,0.000000,0.000000,0.000000,0.00100000
1,642,1.238220,0.000365,71.5136,0.000000,0.000000,0.000000,0.189220,0.000000,0.000000,0.000000,0.00100000
1,643,0.935492,0.000286,92.7836,0.000000,0.000000,0.000000,0.078548,0.000000,0.000000,0.000000,0.00100000
1,644,0.855917,0.000263,96.4514,0.000000,0.000000,0.000000,0.062491,0.000000,0.000000,0.000000,0.00100000
1,645,0.709424,0.000217,111.0694,0.000000,0.000000,0.000000,0.057857,0.000000,0.000000,0.000000,0.00100000
1,646,0.831858,0.000257,99.8090,0.000000,0.000000,0.000000,0.054113,0.000000,0.000000,0.000000,0.00100000
1,647,0.788970,0.000242,94.3143,0.000000,0.000000,0.000000,0.058043,0.000000,0.000000,0.000000,0.00100000
1,648,0.737526,0.000226,85.7260,0.000000,0.000000,0.000000,0.054810,0.000000,0.000000,0.000000,0.00100000
1,649,0.687361,0.000210,97.9686,0.000000,0.000000,0.000000,0.058024,0.000000,0.000000,0.000000,0.00100000
1,650,0.656010,0.000201,107.6268,0.000000,0.000000,0.000000,0.052526,0.000000,0.000000,0.000000,0.00100000
1,651,0.714836,0.000222,105.2858,0.000000,0.000000,0.000000,0.034419,0.000000,0.000000,0.000000,0.00100000
1,652,0.768175,0.000239,96.5145,0.000000,0.000000,0.000000,0.038116,0.000000,0.000000,0.000000,0.00100000
1,653,0.705219,0.000222,94.7419,0.000000,0.000000,0.000000,0.019148,0.000000,0.000000,0.000000,0.00100000
1,654,0.789719,0.000231,101.5806,0.000000,0.000000,0.000000,0.129973,0.000000,0.000000,0.000000,0.00100000
1,655,0.725647,0.000216,108.4171,0.000000,0.000000,0.000000,0.097905,0.000000,0.000000,0.000000,0.00100000
1,656,0.688064,0.000210,100.2242,0.000000,0.000000,0.000000,0.056388,0.000000,0.000000,0.000000,0.00100000
1,657,0.779012,0.000236,104.4958,0.000000,0.000000,0.000000,0.080347,0.000000,0.000000,0.000000,0.00100000
1,658,1.516255,0.000454,97.7162,0.000000,0.000000,0.000000,0.184884,0.000000,0.000000,0.000000,0.00100000
1,659,1.068236,0.000310,96.5623,0.000000,0.000000,0.000000,0.191653,0.000000,0.000000,0.000000,0.00100000
1,660,1.712979,0.000506,78.0209,0.000000,0.000000,0.000000,0.253373,0.000000,0.000000,0.000000,0.00100000
1,661,1.579014,0.000472,102.6391,0.000000,0.000000,0.000000,0.194517,0.000000,0.000000,0.000000,0.00100000
1,662,1.626052,0.000492,94.7976,0.000000,0.000000,0.000000,0.163414,0.000000,0.000000,0.000000,0.00100000
1,663,1.690799,0.000491,84.1463,0.000000,0.000000,0.000000,0.299266,0.000000,0.000000,0.000000,0.00100000
1,664,1.334802,0.000406,88.2029,0.000000,0.000000,0.000000,0.120172,0.000000,0.000000,0.000000,0.00100000
1,665,1.089527,0.000321,102.9686,0.000000,0.000000,0.000000,0.167655,0.000000,0.000000,0.000000,0.00100000
1,666,1.043779,0.000318,94.5470,0.000000,0.000000,0.000000,0.094446,0.000000,0.000000,0.000000,0.00100000
1,667,1.334118,0.000405,83.7821,0.000000,0.000000,0.000000,0.128675,0.000000,0.000000,0.000000,0.00100000
1,668,1.260545,0.000384,95.7073,0.000000,0.000000,0.000000,0.115202,0.000000,0.000000,0.000000,0.00100000
1,669,1.234101,0.000377,89.8661,0.000000,0.000000,0.000000,0.103174,0.000000,0.000000,0.000000,0.00100000
1,670,1.194240,0.000364,92.0928,0.000000,0.000000,0.000000,0.106517,0.000000,0.000000,0.000000,0.00100000
1,671,0.920504,0.000283,98.6366,0.000000,0.000000,0.000000,0.063773,0.000000,0.000000,0.000000,0.00100000
1,672,1.198037,0.000361,104.9129,0.000000,0.000000,0.000000,0.133525,0.000000,0.000000,0.000000,0.00100000
1,673,0.874497,0.000262,91.5308,0.000000,0.000000,0.000000,0.103182,0.000000,0.000000,0.000000,0.00100000
1,674,0.749091,0.000228,107.5652,0.000000,0.000000,0.000000,0.070370,0.000000,0.000000,0.000000,0.00100000
1,675,0.880414,0.000267,90.8429,0.000000,0.000000,0.000000,0.084982,0.000000,0.000000,0.000000,0.00100000
1,676,0.788099,0.000241,100.1678,0.000000,0.000000,0.000000,0.064548,0.000000,0.000000,0.000000,0.00100000
1,677,0.711231,0.000219,87.2031,0.000000,0.000000,0.000000,0.046184,0.000000,0.000000,0.000000,0.00100000
1,678,0.665745,0.000204,107.4834,0.000000,0.000000,0.000000,0.051518,0.000000,0.000000,0.000000,0.00100000
1,679,0.720432,0.000220,95.9657,0.000000,0.000000,0.000000,0.062807,0.000000,0.000000,0.000000,0.00100000
1,680,0.751531,0.000231,93.1894,0.000000,0.000000,0.000000,0.055753,0.000000,0.000000,0.000000,0.00100000
1,681,0.745766,0.000230,94.9267,0.000000,0.000000,0.000000,0.047867,0.000000,0.000000,0.000000,0.00100000
1,682,0.744415,0.000229,89.4810,0.000000,0.000000,0.000000,0.053713,0.000000,0.000000,0.000000,0.00100000
1,683,0.853350,0.000259,99.3397,0.000000,0.000000,0.000000,0.082230,0.000000,0.000000,0.000000,0.00100000
1,684,0.804657,0.000244,109.8099,0.000000,0.000000,0.000000,0.080099,0.000000,0.000000,0.000000,0.00100000
1,685,0.826369,0.000252,84.5626,0.000000,0.000000,0.000000,0.074432,0.000000,0.000000,0.000000,0.00100000
1,686,0.720108,0.000223,83.5933,0.000000,0.000000,0.000000,0.039253,0.000000,0.000000,0.000000,0.00100000
1,687,0.701904,0.000215,90.3154,0.000000,0.000000,0.000000,0.055186,0.000000,0.000000,0.000000,0.00100000
1,688,0.920440,0.000284,89.5797,0.000000,0.000000,0.000000,0.058273,0.000000,0.000000,0.000000,0.00100000
1,689,0.802883,0.000250,97.9676,0.000000,0.000000,0.000000,0.040629,0.000000,0.000000,0.000000,0.00100000
1,690,0.650415,0.000201,97.4452,0.000000,0.000000,0.000000,0.041482,0.000000,0.000000,0.000000,0.00100000
1,691,0.716803,0.000219,97.8106,0.000000,0.000000,0.000000,0.062726,0.000000,0.000000,0.000000,0.00100000
1,692,0.913500,0.000275,85.4954,0.000000,0.000000,0.000000,0.100885,0.000000,0.000000,0.000000,0.00100000
1,693,0.807444,0.000242,111.4914,0.000000,0.000000,0.000000,0.099228,0.000000,0.000000,0.000000,0.00100000
1,694,0.766368,0.000231,90.2067,0.000000,0.000000,0.000000,0.083991,0.000000,0.000000,0.000000,0.00100000
1,695,0.720774,0.000214,98.3556,0.000000,0.000000,0.000000,0.099338,0.000000,0.000000,0.000000,0.00100000
1,696,0.900299,0.000272,81.5794,0.000000,0.000000,0.000000,0.097748,0.000000,0.000000,0.000000,0.00100000
1,697,0.728753,0.000217,94.8098,0.000000,0.000000,0.000000,0.096157,0.000000,0.000000,0.000000,0.00100000
1,698,0.694205,0.000208,97.3332,0.000000,0.000000,0.000000,0.083715,0.000000,0.000000,0.000000,0.00100000
1,699,0.742620,0.000223,95.2431,0.000000,0.000000,0.000000,0.088543,0.000000,0.000000,0.000000,0.00100000
1,700,0.630107,0.000194,106.4708,0.000000,0.000000,0.000000,0.040435,0.000000,0.000000,0.000000,0.00100000
1,701,0.719898,0.000222,87.8204,0.000000,0.000000,0.000000,0.044648,0.000000,0.000000,0.000000,0.00100000
1,702,0.602747,0.000182,108.1693,0.000000,0.000000,0.000000,0.065506,0.000000,0.000000,0.000000,0.00100000
1,703,0.618499,0.000193,96.8485,0.000000,0.000000,0.000000,0.029069,0.000000,0.000000,0.000000,0.00100000
1,704,0.830562,0.000256,96.4734,0.000000,0.000000,0.000000,0.057536,0.000000,0.000000,0.000000,0.00100000
1,705,0.795846,0.000245,93.4752,0.000000,0.000000,0.000000,0.054199,0.000000,0.000000,0.000000,0.00100000
1,706,0.750940,0.000235,95.0691,0.000000,0.000000,0.000000,0.026178,0.000000,0.000000,0.000000,0.00100000
1,707,0.805715,0.000245,84.5757,0.000000,0.000000,0.000000,0.076411,0.000000,0.000000,0.000000,0.00100000
1,708,0.600879,0.000187,92.0688,0.000000,0.000000,0.000000,0.029736,0.000000,0.000000,0.000000,0.00100000
1,709,0.629382,0.000195,92.1551,0.000000,0.000000,0.000000,0.038334,0.000000,0.000000,0.000000,0.00100000
1,710,0.690843,0.000213,93.3107,0.000000,0.000000,0.000000,0.046298,0.000000,0.000000,0.000000,0.00100000
1,711,0.748667,0.000235,87.0310,0.000000,0.000000,0.000000,0.022830,0.000000,0.000000,0.000000,0.00100000
1,712,0.697278,0.000219,88.1661,0.000000,0.000000,0.000000,0.020623,0.000000,0.000000,0.000000,0.00100000
1,713,0.648487,0.000204,91.1444,0.000000,0.000000,0.000000,0.019335,0.000000,0.000000,0.000000,0.00100000
1,714,0.594993,0.000188,93.6971,0.000000,0.000000,0.000000,0.013589,0.000000,0.000000,0.000000,0.00100000
1,715,0.561816,0.000177,92.9885,0.000000,0.000000,0.000000,0.014290,0.000000,0.000000,0.000000,0.00100000
1,716,0.728394,0.000223,87.3504,0.000000,0.000000,0.000000,0.055379,0.000000,0.000000,0.000000,0.00100000
1,717,0.597685,0.000184,90.9198,0.000000,0.000000,0.000000,0.039606,0.000000,0.000000,0.000000,0.00100000
1,718,0.625631,0.000193,101.1053,0.000000,0.000000,0.000000,0.041083,0.000000,0.000000,0.000000,0.00100000
1,719,0.661289,0.000203,91.4197,0.000000,0.000000,0.000000,0.049002,0.000000,0.000000,0.000000,0.00100000
2,1,1.021250,0.000313,91.8316,0.000000,0.000000,0.000000,0.082095,0.000000,0.000000,0.000000,0.00098907
2,2,0.917209,0.000285,97.3951,0.000000,0.000000,0.000000,0.045661,0.000000,0.000000,0.000000,0.00098907
2,3,0.825489,0.000257,95.2458,0.000000,0.000000,0.000000,0.041815,0.000000,0.000000,0.000000,0.00098907
2,4,0.732144,0.000228,89.5317,0.000000,0.000000,0.000000,0.033158,0.000000,0.000000,0.000000,0.00098907
2,5,0.760046,0.000237,91.5820,0.000000,0.000000,0.000000,0.031902,0.000000,0.000000,0.000000,0.00098907
2,6,0.732125,0.000229,93.7245,0.000000,0.000000,0.000000,0.029578,0.000000,0.000000,0.000000,0.00098907
2,7,0.690750,0.000217,90.1786,0.000000,0.000000,0.000000,0.020753,0.000000,0.000000,0.000000,0.00098907
2,8,0.731844,0.000228,95.0689,0.000000,0.000000,0.000000,0.033283,0.000000,0.000000,0.000000,0.00098907
2,9,0.711280,0.000224,92.7535,0.000000,0.000000,0.000000,0.020487,0.000000,0.000000,0.000000,0.00098907
2,10,0.728986,0.000229,96.2588,0.000000,0.000000,0.000000,0.021353,0.000000,0.000000,0.000000,0.00098907
2,11,0.697675,0.000220,93.0129,0.000000,0.000000,0.000000,0.017589,0.000000,0.000000,0.000000,0.00098907
2,12,0.681832,0.000214,93.2664,0.000000,0.000000,0.000000,0.020784,0.000000,0.000000,0.000000,0.00098907
2,13,0.713913,0.000225,93.6735,0.000000,0.000000,0.000000,0.018931,0.000000,0.000000,0.000000,0.00098907
2,14,0.740201,0.000233,92.7383,0.000000,0.000000,0.000000,0.015999,0.000000,0.000000,0.000000,0.00098907
2,15,0.714700,0.000225,92.7413,0.000000,0.000000,0.000000,0.019293,0.000000,0.000000,0.000000,0.00098907
2,16,0.785146,0.000241,89.5512,0.000000,0.000000,0.000000,0.056469,0.000000,0.000000,0.000000,0.00098907
2,17,0.762824,0.000234,91.1456,0.000000,0.000000,0.000000,0.059029,0.000000,0.000000,0.000000,0.00098907
2,18,0.760271,0.000238,92.6661,0.000000,0.000000,0.000000,0.027869,0.000000,0.000000,0.000000,0.00098907
2,19,0.834503,0.000262,91.8364,0.000000,0.000000,0.000000,0.027097,0.000000,0.000000,0.000000,0.00098907
2,20,0.711271,0.000223,94.8626,0.000000,0.000000,0.000000,0.025089,0.000000,0.000000,0.000000,0.00098907
2,21,0.715697,0.000225,93.7147,0.000000,0.000000,0.000000,0.018897,0.000000,0.000000,0.000000,0.00098907
2,22,0.816213,0.000257,91.9079,0.000000,0.000000,0.000000,0.022308,0.000000,0.000000,0.000000,0.00098907
2,23,0.812613,0.000256,91.8422,0.000000,0.000000,0.000000,0.021709,0.000000,0.000000,0.000000,0.00098907
2,24,0.776051,0.000244,93.5108,0.000000,0.000000,0.000000,0.022183,0.000000,0.000000,0.000000,0.00098907
2,25,0.753347,0.000237,95.6274,0.000000,0.000000,0.000000,0.022778,0.000000,0.000000,0.000000,0.00098907
2,26,0.745773,0.000233,93.7739,0.000000,0.000000,0.000000,0.027231,0.000000,0.000000,0.000000,0.00098907
2,27,0.730236,0.000228,92.7055,0.000000,0.000000,0.000000,0.027593,0.000000,0.000000,0.000000,0.00098907
2,28,0.757133,0.000238,88.1098,0.000000,0.000000,0.000000,0.021684,0.000000,0.000000,0.000000,0.00098907
2,29,0.717181,0.000226,87.6230,0.000000,0.000000,0.000000,0.019654,0.000000,0.000000,0.000000,0.00098907
2,30,0.701043,0.000219,91.4134,0.000000,0.000000,0.000000,0.027943,0.000000,0.000000,0.000000,0.00098907
2,31,0.691476,0.000216,93.0353,0.000000,0.000000,0.000000,0.026405,0.000000,0.000000,0.000000,0.00098907
2,32,0.830249,0.000248,93.6504,0.000000,0.000000,0.000000,0.102888,0.000000,0.000000,0.000000,0.00098907
2,33,0.736335,0.000213,89.0099,0.000000,0.000000,0.000000,0.135231,0.000000,0.000000,0.000000,0.00098907
2,34,0.766332,0.000229,91.6360,0.000000,0.000000,0.000000,0.096185,0.000000,0.000000,0.000000,0.00098907
2,35,0.718646,0.000225,95.4389,0.000000,0.000000,0.000000,0.028343,0.000000,0.000000,0.000000,0.00098907
2,36,0.693598,0.000215,95.7668,0.000000,0.000000,0.000000,0.037007,0.000000,0.000000,0.000000,0.00098907
2,37,0.624638,0.000195,94.1991,0.000000,0.000000,0.000000,0.026533,0.000000,0.000000,0.000000,0.00098907
2,38,0.650076,0.000203,91.8361,0.000000,0.000000,0.000000,0.024254,0.000000,0.000000,0.000000,0.00098907
2,39,0.640642,0.000200,93.6706,0.000000,0.000000,0.000000,0.027050,0.000000,0.000000,0.000000,0.00098907
2,40,0.704925,0.000221,88.8646,0.000000,0.000000,0.000000,0.024839,0.000000,0.000000,0.000000,0.00098907
2,41,0.659745,0.000206,90.6068,0.000000,0.000000,0.000000,0.028420,0.000000,0.000000,0.000000,0.00098907
2,42,0.675235,0.000211,91.0410,0.000000,0.000000,0.000000,0.029076,0.000000,0.000000,0.000000,0.00098907
2,43,0.634616,0.000199,96.4762,0.000000,0.000000,0.000000,0.019656,0.000000,0.000000,0.000000,0.00098907
2,44,0.630223,0.000197,95.3086,0.000000,0.000000,0.000000,0.024099,0.000000,0.000000,0.000000,0.00098907
2,45,0.584835,0.000185,96.6033,0.000000,0.000000,0.000000,0.011864,0.000000,0.000000,0.000000,0.00098907
2,46,0.632548,0.000197,93.9803,0.000000,0.000000,0.000000,0.031263,0.000000,0.000000,0.000000,0.00098907
2,47,0.642145,0.000198,96.4648,0.000000,0.000000,0.000000,0.043366,0.000000,0.000000,0.000000,0.00098907
2,48,0.872471,0.000262,106.0909,0.000000,0.000000,0.000000,0.099559,0.000000,0.000000,0.000000,0.00098907
2,49,0.867415,0.000244,98.4797,0.000000,0.000000,0.000000,0.201594,0.000000,0.000000,0.000000,0.00098907
2,50,0.868450,0.000259,98.4936,0.000000,0.000000,0.000000,0.111487,0.000000,0.000000,0.000000,0.00098907
2,51,0.821365,0.000239,97.8069,0.000000,0.000000,0.000000,0.142199,0.000000,0.000000,0.000000,0.00098907
2,52,0.649576,0.000188,98.5484,0.000000,0.000000,0.000000,0.119904,0.000000,0.000000,0.000000,0.00098907
2,53,0.768660,0.000227,97.6613,0.000000,0.000000,0.000000,0.111956,0.000000,0.000000,0.000000,0.00098907
2,54,0.697136,0.000212,100.6161,0.000000,0.000000,0.000000,0.063896,0.000000,0.000000,0.000000,0.00098907
2,55,0.813441,0.000250,105.8022,0.000000,0.000000,0.000000,0.057969,0.000000,0.000000,0.000000,0.00098907
2,56,0.737550,0.000229,97.4235,0.000000,0.000000,0.000000,0.037660,0.000000,0.000000,0.000000,0.00098907
2,57,0.797474,0.000243,94.8467,0.000000,0.000000,0.000000,0.073811,0.000000,0.000000,0.000000,0.00098907
2,58,0.831883,0.000247,87.0082,0.000000,0.000000,0.000000,0.117380,0.000000,0.000000,0.000000,0.00098907
2,59,0.684889,0.000209,94.8181,0.000000,0.000000,0.000000,0.059174,0.000000,0.000000,0.000000,0.00098907
2,60,0.710178,0.000218,94.8204,0.000000,0.000000,0.000000,0.053275,0.000000,0.000000,0.000000,0.00098907
2,61,0.878294,0.000262,88.1802,0.000000,0.000000,0.000000,0.111451,0.000000,0.000000,0.000000,0.00098907
2,62,0.702515,0.000214,86.6143,0.000000,0.000000,0.000000,0.062232,0.000000,0.000000,0.000000,0.00098907
2,63,0.836342,0.000254,95.2044,0.000000,0.000000,0.000000,0.077464,0.000000,0.000000,0.000000,0.00098907
2,64,0.765881,0.000232,95.0033,0.000000,0.000000,0.000000,0.074060,0.000000,0.000000,0.000000,0.00098907
2,65,0.776893,0.000240,90.8891,0.000000,0.000000,0.000000,0.048578,0.000000,0.000000,0.000000,0.00098907
2,66,0.700244,0.000218,93.0417,0.000000,0.000000,0.000000,0.035055,0.000000,0.000000,0.000000,0.00098907
2,67,0.763422,0.000238,89.6273,0.000000,0.000000,0.000000,0.036409,0.000000,0.000000,0.000000,0.00098907
2,68,0.667659,0.000209,92.1919,0.000000,0.000000,0.000000,0.021813,0.000000,0.000000,0.000000,0.00098907
2,69,0.648542,0.000203,94.3144,0.000000,0.000000,0.000000,0.022794,0.000000,0.000000,0.000000,0.00098907
2,70,0.618274,0.000193,95.3756,0.000000,0.000000,0.000000,0.025065,0.000000,0.000000,0.000000,0.00098907
2,71,0.662332,0.000205,93.0363,0.000000,0.000000,0.000000,0.035858,0.000000,0.000000,0.000000,0.00098907
2,72,0.757447,0.000237,93.9734,0.000000,0.000000,0.000000,0.031126,0.000000,0.000000,0.000000,0.00098907
2,73,0.763668,0.000240,91.6296,0.000000,0.000000,0.000000,0.024769,0.000000,0.000000,0.000000,0.00098907
2,74,0.684245,0.000214,92.4374,0.000000,0.000000,0.000000,0.023418,0.000000,0.000000,0.000000,0.00098907
2,75,0.651617,0.000204,92.3498,0.000000,0.000000,0.000000,0.022246,0.000000,0.000000,0.000000,0.00098907
2,76,0.670923,0.000211,93.6060,0.000000,0.000000,0.000000,0.020557,0.000000,0.000000,0.000000,0.00098907
2,77,0.635663,0.000199,90.8987,0.000000,0.000000,0.000000,0.020800,0.000000,0.000000,0.000000,0.00098907
2,78,0.637580,0.000199,94.1441,0.000000,0.000000,0.000000,0.023930,0.000000,0.000000,0.000000,0.00098907
2,79,0.775603,0.000236,95.4942,0.000000,0.000000,0.000000,0.072464,0.000000,0.000000,0.000000,0.00098907
2,80,0.774073,0.000230,89.5611,0.000000,0.000000,0.000000,0.103403,0.000000,0.000000,0.000000,0.00098907
2,81,0.676967,0.000201,92.0517,0.000000,0.000000,0.000000,0.090470,0.000000,0.000000,0.000000,0.00098907
2,82,0.720626,0.000221,95.8946,0.000000,0.000000,0.000000,0.053370,0.000000,0.000000,0.000000,0.00098907
2,83,0.792106,0.000238,104.2571,0.000000,0.000000,0.000000,0.091188,0.000000,0.000000,0.000000,0.00098907
2,84,0.638420,0.000198,94.4264,0.000000,0.000000,0.000000,0.034110,0.000000,0.000000,0.000000,0.00098907
2,85,0.579082,0.000177,96.5418,0.000000,0.000000,0.000000,0.050675,0.000000,0.000000,0.000000,0.00098907
2,86,0.697456,0.000214,83.0305,0.000000,0.000000,0.000000,0.052166,0.000000,0.000000,0.000000,0.00098907
2,87,0.819586,0.000248,85.7541,0.000000,0.000000,0.000000,0.086287,0.000000,0.000000,0.000000,0.00098907
2,88,0.770200,0.000239,87.3194,0.000000,0.000000,0.000000,0.041336,0.000000,0.000000,0.000000,0.00098907
2,89,0.869235,0.000266,77.8982,0.000000,0.000000,0.000000,0.069567,0.000000,0.000000,0.000000,0.00098907
2,90,0.711015,0.000213,101.9493,0.000000,0.000000,0.000000,0.087086,0.000000,0.000000,0.000000,0.00098907
2,91,0.589389,0.000179,105.9507,0.000000,0.000000,0.000000,0.054008,0.000000,0.000000,0.000000,0.00098907
2,92,0.585704,0.000179,117.5480,0.000000,0.000000,0.000000,0.045920,0.000000,0.000000,0.000000,0.00098907
2,93,0.722193,0.000216,98.6445,0.000000,0.000000,0.000000,0.088069,0.000000,0.000000,0.000000,0.00098907
2,94,0.807425,0.000248,93.6945,0.000000,0.000000,0.000000,0.058212,0.000000,0.000000,0.000000,0.00098907
2,95,0.759169,0.000228,96.0335,0.000000,0.000000,0.000000,0.086924,0.000000,0.000000,0.000000,0.00098907
2,96,0.728518,0.000224,93.8195,0.000000,0.000000,0.000000,0.049925,0.000000,0.000000,0.000000,0.00098907
2,97,0.716685,0.000222,97.0992,0.000000,0.000000,0.000000,0.043939,0.000000,0.000000,0.000000,0.00098907
2,98,0.752433,0.000234,92.0325,0.000000,0.000000,0.000000,0.034815,0.000000,0.000000,0.000000,0.00098907
2,99,0.696085,0.000218,92.0294,0.000000,0.000000,0.000000,0.023772,0.000000,0.000000,0.000000,0.00098907
2,100,0.673129,0.000210,94.5183,0.000000,0.000000,0.000000,0.027666,0.000000,0.000000,0.000000,0.00098907
2,101,0.686321,0.000215,94.9552,0.000000,0.000000,0.000000,0.021621,0.000000,0.000000,0.000000,0.00098907
2,102,0.687900,0.000215,92.4680,0.000000,0.000000,0.000000,0.030260,0.000000,0.000000,0.000000,0.00098907
2,103,0.641705,0.000200,94.5659,0.000000,0.000000,0.000000,0.028042,0.000000,0.000000,0.000000,0.00098907
2,104,0.669706,0.000210,93.4081,0.000000,0.000000,0.000000,0.021086,0.000000,0.000000,0.000000,0.00098907
2,105,0.675468,0.000211,93.7122,0.000000,0.000000,0.000000,0.028981,0.000000,0.000000,0.000000,0.00098907
2,106,0.643028,0.000201,92.7086,0.000000,0.000000,0.000000,0.024307,0.000000,0.000000,0.000000,0.00098907
2,107,0.699266,0.000217,95.3510,0.000000,0.000000,0.000000,0.035399,0.000000,0.000000,0.000000,0.00098907
2,108,0.701070,0.000220,95.3568,0.000000,0.000000,0.000000,0.022219,0.000000,0.000000,0.000000,0.00098907
2,109,0.731933,0.000230,90.3502,0.000000,0.000000,0.000000,0.024118,0.000000,0.000000,0.000000,0.00098907
2,110,0.721036,0.000218,101.0867,0.000000,0.000000,0.000000,0.072496,0.000000,0.000000,0.000000,0.00098907
2,111,0.900094,0.000272,103.8575,0.000000,0.000000,0.000000,0.096951,0.000000,0.000000,0.000000,0.00098907
2,112,0.729928,0.000220,107.5606,0.000000,0.000000,0.000000,0.077751,0.000000,0.000000,0.000000,0.00098907
2,113,0.715942,0.000221,101.5597,0.000000,0.000000,0.000000,0.046365,0.000000,0.000000,0.000000,0.00098907
2,114,0.900551,0.000272,91.9329,0.000000,0.000000,0.000000,0.092924,0.000000,0.000000,0.000000,0.00098907
2,115,0.858944,0.000256,93.3349,0.000000,0.000000,0.000000,0.114702,0.000000,0.000000,0.000000,0.00098907
2,116,0.932564,0.000284,84.5194,0.000000,0.000000,0.000000,0.084774,0.000000,0.000000,0.000000,0.00098907
2,117,0.721233,0.000210,113.7957,0.000000,0.000000,0.000000,0.125094,0.000000,0.000000,0.000000,0.00098907
2,118,0.737465,0.000216,101.6166,0.000000,0.000000,0.000000,0.117091,0.000000,0.000000,0.000000,0.00098907
2,119,0.699305,0.000212,115.2891,0.000000,0.000000,0.000000,0.068097,0.000000,0.000000,0.000000,0.00098907
2,120,0.845276,0.000252,88.8139,0.000000,0.000000,0.000000,0.108515,0.000000,0.000000,0.000000,0.00098907
2,121,0.775283,0.000235,93.1896,0.000000,0.000000,0.000000,0.076442,0.000000,0.000000,0.000000,0.00098907
2,122,0.731510,0.000225,91.3158,0.000000,0.000000,0.000000,0.052569,0.000000,0.000000,0.000000,0.00098907
2,123,0.815595,0.000254,86.8190,0.000000,0.000000,0.000000,0.036844,0.000000,0.000000,0.000000,0.00098907
2,124,0.762098,0.000233,85.1913,0.000000,0.000000,0.000000,0.062435,0.000000,0.000000,0.000000,0.00098907
2,125,0.737740,0.000224,99.2676,0.000000,0.000000,0.000000,0.072121,0.000000,0.000000,0.000000,0.00098907
2,126,1.102470,0.000338,93.3002,0.000000,0.000000,0.000000,0.083599,0.000000,0.000000,0.000000,0.00098907
2,127,0.857814,0.000255,86.9604,0.000000,0.000000,0.000000,0.118956,0.000000,0.000000,0.000000,0.00098907
2,128,0.691606,0.000216,100.0743,0.000000,0.000000,0.000000,0.027849,0.000000,0.000000,0.000000,0.00098907
2,129,0.788840,0.000244,91.9137,0.000000,0.000000,0.000000,0.047776,0.000000,0.000000,0.000000,0.00098907
2,130,0.552571,0.000171,103.8213,0.000000,0.000000,0.000000,0.033102,0.000000,0.000000,0.000000,0.00098907
2,131,0.609130,0.000187,97.6848,0.000000,0.000000,0.000000,0.048263,0.000000,0.000000,0.000000,0.00098907
2,132,0.681528,0.000209,96.2229,0.000000,0.000000,0.000000,0.052413,0.000000,0.000000,0.000000,0.00098907
2,133,0.727445,0.000222,90.6280,0.000000,0.000000,0.000000,0.064320,0.000000,0.000000,0.000000,0.00098907
2,134,0.594851,0.000173,100.1581,0.000000,0.000000,0.000000,0.104370,0.000000,0.000000,0.000000,0.00098907
2,135,0.727478,0.000216,91.9812,0.000000,0.000000,0.000000,0.099402,0.000000,0.000000,0.000000,0.00098907
2,136,0.604137,0.000183,90.0334,0.000000,0.000000,0.000000,0.062621,0.000000,0.000000,0.000000,0.00098907
2,137,0.630901,0.000187,106.3287,0.000000,0.000000,0.000000,0.090830,0.000000,0.000000,0.000000,0.00098907
2,138,0.749307,0.000222,93.9506,0.000000,0.000000,0.000000,0.103283,0.000000,0.000000,0.000000,0.00098907
2,139,0.685347,0.000206,86.7303,0.000000,0.000000,0.000000,0.076146,0.000000,0.000000,0.000000,0.00098907
2,140,0.620644,0.000193,91.6165,0.000000,0.000000,0.000000,0.027937,0.000000,0.000000,0.000000,0.00098907
2,141,0.926662,0.000281,80.5751,0.000000,0.000000,0.000000,0.092721,0.000000,0.000000,0.000000,0.00098907
2,142,1.093143,0.000341,80.3011,0.000000,0.000000,0.000000,0.050620,0.000000,0.000000,0.000000,0.00098907
2,143,0.950746,0.000288,100.9672,0.000000,0.000000,0.000000,0.093829,0.000000,0.000000,0.000000,0.00098907
2,144,0.846016,0.000260,103.5704,0.000000,0.000000,0.000000,0.063788,0.000000,0.000000,0.000000,0.00098907
2,145,0.825384,0.000255,100.6606,0.000000,0.000000,0.000000,0.050265,0.000000,0.000000,0.000000,0.00098907
2,146,0.890484,0.000272,88.3141,0.000000,0.000000,0.000000,0.073059,0.000000,0.000000,0.000000,0.00098907
2,147,0.794232,0.000247,94.6441,0.000000,0.000000,0.000000,0.041055,0.000000,0.000000,0.000000,0.00098907
2,148,0.901224,0.000276,80.5329,0.000000,0.000000,0.000000,0.070388,0.000000,0.000000,0.000000,0.00098907
2,149,0.697397,0.000213,109.1162,0.000000,0.000000,0.000000,0.060014,0.000000,0.000000,0.000000,0.00098907
2,150,0.887737,0.000275,88.4350,0.000000,0.000000,0.000000,0.049980,0.000000,0.000000,0.000000,0.00098907
2,151,0.876964,0.000271,83.4679,0.000000,0.000000,0.000000,0.056267,0.000000,0.000000,0.000000,0.00098907
2,152,0.735180,0.000226,94.3935,0.000000,0.000000,0.000000,0.051897,0.000000,0.000000,0.000000,0.00098907
2,153,0.877856,0.000271,81.2729,0.000000,0.000000,0.000000,0.058979,0.000000,0.000000,0.000000,0.00098907
2,154,0.796294,0.000242,99.6504,0.000000,0.000000,0.000000,0.073009,0.000000,0.000000,0.000000,0.00098907
2,155,0.705575,0.000214,93.1100,0.000000,0.000000,0.000000,0.068734,0.000000,0.000000,0.000000,0.00098907
2,156,0.688078,0.000212,92.5287,0.000000,0.000000,0.000000,0.046621,0.000000,0.000000,0.000000,0.00098907
2,157,1.167257,0.000358,97.6491,0.000000,0.000000,0.000000,0.087505,0.000000,0.000000,0.000000,0.00098907
2,158,0.796119,0.000239,100.3805,0.000000,0.000000,0.000000,0.095249,0.000000,0.000000,0.000000,0.00098907
2,159,0.808916,0.000244,97.7166,0.000000,0.000000,0.000000,0.085831,0.000000,0.000000,0.000000,0.00098907
2,160,0.716351,0.000220,95.9935,0.000000,0.000000,0.000000,0.050712,0.000000,0.000000,0.000000,0.00098907
2,161,0.912688,0.000276,80.3864,0.000000,0.000000,0.000000,0.094436,0.000000,0.000000,0.000000,0.00098907
2,162,0.705773,0.000215,86.0126,0.000000,0.000000,0.000000,0.064095,0.000000,0.000000,0.000000,0.00098907
2,163,0.791067,0.000245,92.0817,0.000000,0.000000,0.000000,0.048090,0.000000,0.000000,0.000000,0.00098907
2,164,0.927417,0.000282,87.3656,0.000000,0.000000,0.000000,0.085414,0.000000,0.000000,0.000000,0.00098907
2,165,0.679463,0.000206,104.6188,0.000000,0.000000,0.000000,0.069855,0.000000,0.000000,0.000000,0.00098907
2,166,0.822046,0.000256,83.8509,0.000000,0.000000,0.000000,0.037901,0.000000,0.000000,0.000000,0.00098907
2,167,0.659141,0.000203,87.5165,0.000000,0.000000,0.000000,0.046958,0.000000,0.000000,0.000000,0.00098907
2,168,0.750565,0.000233,95.3305,0.000000,0.000000,0.000000,0.040835,0.000000,0.000000,0.000000,0.00098907
2,169,0.657608,0.000202,98.6774,0.000000,0.000000,0.000000,0.050917,0.000000,0.000000,0.000000,0.00098907
2,170,0.648463,0.000202,94.8701,0.000000,0.000000,0.000000,0.029381,0.000000,0.000000,0.000000,0.00098907
2,171,0.798176,0.000250,111.2350,0.000000,0.000000,0.000000,0.028443,0.000000,0.000000,0.000000,0.00098907
2,172,0.755467,0.000237,94.3233,0.000000,0.000000,0.000000,0.026081,0.000000,0.000000,0.000000,0.00098907
2,173,0.726514,0.000224,91.8368,0.000000,0.000000,0.000000,0.048487,0.000000,0.000000,0.000000,0.00098907
2,174,0.580738,0.000180,107.9111,0.000000,0.000000,0.000000,0.029688,0.000000,0.000000,0.000000,0.00098907
2,175,0.750537,0.000227,109.0461,0.000000,0.000000,0.000000,0.075572,0.000000,0.000000,0.000000,0.00098907
2,176,0.746859,0.000229,79.5940,0.000000,0.000000,0.000000,0.054974,0.000000,0.000000,0.000000,0.00098907
2,177,0.645209,0.000194,98.4373,0.000000,0.000000,0.000000,0.075462,0.000000,0.000000,0.000000,0.00098907
2,178,0.633227,0.000189,104.5722,0.000000,0.000000,0.000000,0.080373,0.000000,0.000000,0.000000,0.00098907
2,179,0.502140,0.000150,101.2260,0.000000,0.000000,0.000000,0.065929,0.000000,0.000000,0.000000,0.00098907
2,180,0.573714,0.000178,98.9313,0.000000,0.000000,0.000000,0.033211,0.000000,0.000000,0.000000,0.00098907
2,181,0.597675,0.000183,93.8368,0.000000,0.000000,0.000000,0.049873,0.000000,0.000000,0.000000,0.00098907
2,182,0.781273,0.000232,85.7780,0.000000,0.000000,0.000000,0.105489,0.000000,0.000000,0.000000,0.00098907
2,183,0.581631,0.000174,102.6591,0.000000,0.000000,0.000000,0.070845,0.000000,0.000000,0.000000,0.00098907
2,184,0.528403,0.000162,102.5740,0.000000,0.000000,0.000000,0.038224,0.000000,0.000000,0.000000,0.00098907
2,185,0.569150,0.000174,108.8701,0.000000,0.000000,0.000000,0.048258,0.000000,0.000000,0.000000,0.00098907
2,186,0.630741,0.000196,90.4226,0.000000,0.000000,0.000000,0.034976,0.000000,0.000000,0.000000,0.00098907
2,187,0.554955,0.000173,94.5514,0.000000,0.000000,0.000000,0.025716,0.000000,0.000000,0.000000,0.00098907
2,188,0.745556,0.000228,95.2533,0.000000,0.000000,0.000000,0.060156,0.000000,0.000000,0.000000,0.00098907
2,189,0.740182,0.000224,97.1258,0.000000,0.000000,0.000000,0.074415,0.000000,0.000000,0.000000,0.00098907
2,190,0.790687,0.000239,87.0126,0.000000,0.000000,0.000000,0.079427,0.000000,0.000000,0.000000,0.00098907
2,191,0.550945,0.000167,102.3850,0.000000,0.000000,0.000000,0.053736,0.000000,0.000000,0.000000,0.00098907
2,192,0.607718,0.000189,100.4956,0.000000,0.000000,0.000000,0.029216,0.000000,0.000000,0.000000,0.00098907
2,193,0.688611,0.000205,94.9678,0.000000,0.000000,0.000000,0.089179,0.000000,0.000000,0.000000,0.00098907
2,194,0.605158,0.000186,95.0963,0.000000,0.000000,0.000000,0.045882,0.000000,0.000000,0.000000,0.00098907
2,195,0.616874,0.000192,96.2349,0.000000,0.000000,0.000000,0.026435,0.000000,0.000000,0.000000,0.00098907
2,196,0.684124,0.000212,96.5615,0.000000,0.000000,0.000000,0.036012,0.000000,0.000000,0.000000,0.00098907
2,197,0.747940,0.000232,82.0202,0.000000,0.000000,0.000000,0.043035,0.000000,0.000000,0.000000,0.00098907
2,198,0.534596,0.000167,101.4399,0.000000,0.000000,0.000000,0.024166,0.000000,0.000000,0.000000,0.00098907
2,199,0.610256,0.000190,96.2526,0.000000,0.000000,0.000000,0.027662,0.000000,0.000000,0.000000,0.00098907
2,200,0.734783,0.000231,100.4472,0.000000,0.000000,0.000000,0.020385,0.000000,0.000000,0.000000,0.00098907
2,201,0.695843,0.000218,87.8353,0.000000,0.000000,0.000000,0.024996,0.000000,0.000000,0.000000,0.00098907
2,202,0.498475,0.000157,100.2620,0.000000,0.000000,0.000000,0.009642,0.000000,0.000000,0.000000,0.00098907
2,203,0.594610,0.000186,96.5114,0.000000,0.000000,0.000000,0.024632,0.000000,0.000000,0.000000,0.00098907
2,204,0.626126,0.000187,107.3760,0.000000,0.000000,0.000000,0.080515,0.000000,0.000000,0.000000,0.00098907
2,205,0.612032,0.000191,85.8890,0.000000,0.000000,0.000000,0.024519,0.000000,0.000000,0.000000,0.00098907
2,206,0.638540,0.000194,92.0302,0.000000,0.000000,0.000000,0.062638,0.000000,0.000000,0.000000,0.00098907
2,207,0.614867,0.000185,99.2708,0.000000,0.000000,0.000000,0.069596,0.000000,0.000000,0.000000,0.00098907
2,208,0.727060,0.000213,81.1559,0.000000,0.000000,0.000000,0.115354,0.000000,0.000000,0.000000,0.00098907
2,209,0.644387,0.000191,101.9692,0.000000,0.000000,0.000000,0.090621,0.000000,0.000000,0.000000,0.00098907
2,210,0.488025,0.000151,98.9327,0.000000,0.000000,0.000000,0.031638,0.000000,0.000000,0.000000,0.00098907
2,211,0.618448,0.000189,95.6610,0.000000,0.000000,0.000000,0.053972,0.000000,0.000000,0.000000,0.00098907
2,212,0.588337,0.000179,109.1981,0.000000,0.000000,0.000000,0.056063,0.000000,0.000000,0.000000,0.00098907
2,213,0.499270,0.000155,102.7957,0.000000,0.000000,0.000000,0.025828,0.000000,0.000000,0.000000,0.00098907
2,214,0.589560,0.000180,104.6897,0.000000,0.000000,0.000000,0.052033,0.000000,0.000000,0.000000,0.00098907
2,215,0.647485,0.000198,95.3807,0.000000,0.000000,0.000000,0.053052,0.000000,0.000000,0.000000,0.00098907
2,216,0.778115,0.000235,92.4024,0.000000,0.000000,0.000000,0.081469,0.000000,0.000000,0.000000,0.00098907
2,217,0.678463,0.000205,83.7328,0.000000,0.000000,0.000000,0.068796,0.000000,0.000000,0.000000,0.00098907
2,218,0.649141,0.000196,99.8430,0.000000,0.000000,0.000000,0.068656,0.000000,0.000000,0.000000,0.00098907
2,219,0.753477,0.000233,81.3309,0.000000,0.000000,0.000000,0.046307,0.000000,0.000000,0.000000,0.00098907
2,220,0.789396,0.000233,94.2380,0.000000,0.000000,0.000000,0.119927,0.000000,0.000000,0.000000,0.00098907
2,221,0.660802,0.000193,97.5923,0.000000,0.000000,0.000000,0.110113,0.000000,0.000000,0.000000,0.00098907
2,222,0.617245,0.000183,108.6745,0.000000,0.000000,0.000000,0.084915,0.000000,0.000000,0.000000,0.00098907
2,223,0.758436,0.000233,94.3693,0.000000,0.000000,0.000000,0.056385,0.000000,0.000000,0.000000,0.00098907
2,224,0.650877,0.000202,91.3787,0.000000,0.000000,0.000000,0.037419,0.000000,0.000000,0.000000,0.00098907
2,225,0.601213,0.000182,95.7953,0.000000,0.000000,0.000000,0.060916,0.000000,0.000000,0.000000,0.00098907
2,226,0.826311,0.000248,79.7094,0.000000,0.000000,0.000000,0.100064,0.000000,0.000000,0.000000,0.00098907
2,227,0.758384,0.000230,74.4305,0.000000,0.000000,0.000000,0.076588,0.000000,0.000000,0.000000,0.00098907
2,228,0.553491,0.000170,91.4916,0.000000,0.000000,0.000000,0.038932,0.000000,0.000000,0.000000,0.00098907
2,229,0.730061,0.000225,86.0355,0.000000,0.000000,0.000000,0.051564,0.000000,0.000000,0.000000,0.00098907
2,230,0.679255,0.000206,101.1597,0.000000,0.000000,0.000000,0.063766,0.000000,0.000000,0.000000,0.00098907
2,231,0.621590,0.000193,102.9831,0.000000,0.000000,0.000000,0.030937,0.000000,0.000000,0.000000,0.00098907
2,232,0.612647,0.000189,102.8203,0.000000,0.000000,0.000000,0.041356,0.000000,0.000000,0.000000,0.00098907
2,233,0.483929,0.000151,111.2024,0.000000,0.000000,0.000000,0.020911,0.000000,0.000000,0.000000,0.00098907
2,234,0.503147,0.000158,106.8980,0.000000,0.000000,0.000000,0.017188,0.000000,0.000000,0.000000,0.00098907
2,235,0.752489,0.000236,110.1572,0.000000,0.000000,0.000000,0.027318,0.000000,0.000000,0.000000,0.00098907
2,236,0.668443,0.000211,110.6253,0.000000,0.000000,0.000000,0.016031,0.000000,0.000000,0.000000,0.00098907
2,237,0.864436,0.000268,86.9095,0.000000,0.000000,0.000000,0.051024,0.000000,0.000000,0.000000,0.00098907
2,238,0.646856,0.000202,97.5285,0.000000,0.000000,0.000000,0.027973,0.000000,0.000000,0.000000,0.00098907
2,239,0.612293,0.000193,96.9393,0.000000,0.000000,0.000000,0.011574,0.000000,0.000000,0.000000,0.00098907
2,240,0.524421,0.000164,105.2409,0.000000,0.000000,0.000000,0.021239,0.000000,0.000000,0.000000,0.00098907
2,241,0.786115,0.000242,86.3304,0.000000,0.000000,0.000000,0.055753,0.000000,0.000000,0.000000,0.00098907
2,242,0.851806,0.000261,77.9301,0.000000,0.000000,0.000000,0.067014,0.000000,0.000000,0.000000,0.00098907
2,243,0.776848,0.000237,89.7602,0.000000,0.000000,0.000000,0.069052,0.000000,0.000000,0.000000,0.00098907
2,244,0.689731,0.000215,95.0669,0.000000,0.000000,0.000000,0.028342,0.000000,0.000000,0.000000,0.00098907
2,245,0.564617,0.000176,102.4859,0.000000,0.000000,0.000000,0.027321,0.000000,0.000000,0.000000,0.00098907
2,246,0.602527,0.000185,89.0060,0.000000,0.000000,0.000000,0.046121,0.000000,0.000000,0.000000,0.00098907
2,247,0.651998,0.000203,89.8377,0.000000,0.000000,0.000000,0.031043,0.000000,0.000000,0.000000,0.00098907
2,248,0.674474,0.000211,84.3365,0.000000,0.000000,0.000000,0.025620,0.000000,0.000000,0.000000,0.00098907
2,249,0.622677,0.000190,94.4193,0.000000,0.000000,0.000000,0.055654,0.000000,0.000000,0.000000,0.00098907
2,250,0.536708,0.000165,106.3941,0.000000,0.000000,0.000000,0.039596,0.000000,0.000000,0.000000,0.00098907
2,251,0.506023,0.000158,101.5721,0.000000,0.000000,0.000000,0.021782,0.000000,0.000000,0.000000,0.00098907
2,252,0.566716,0.000174,90.1249,0.000000,0.000000,0.000000,0.040811,0.000000,0.000000,0.000000,0.00098907
2,253,0.696870,0.000215,87.6164,0.000000,0.000000,0.000000,0.043853,0.000000,0.000000,0.000000,0.00098907
2,254,0.626876,0.000193,92.0067,0.000000,0.000000,0.000000,0.045457,0.000000,0.000000,0.000000,0.00098907
2,255,0.564936,0.000176,94.6819,0.000000,0.000000,0.000000,0.025080,0.000000,0.000000,0.000000,0.00098907
2,256,0.640498,0.000198,87.9886,0.000000,0.000000,0.000000,0.037153,0.000000,0.000000,0.000000,0.00098907
2,257,0.579705,0.000183,86.8426,0.000000,0.000000,0.000000,0.013745,0.000000,0.000000,0.000000,0.00098907
2,258,0.484553,0.000148,106.3638,0.000000,0.000000,0.000000,0.043274,0.000000,0.000000,0.000000,0.00098907
2,259,0.611750,0.000190,96.1197,0.000000,0.000000,0.000000,0.031262,0.000000,0.000000,0.000000,0.00098907
2,260,0.599078,0.000187,84.3816,0.000000,0.000000,0.000000,0.027752,0.000000,0.000000,0.000000,0.00098907
2,261,0.544099,0.000166,91.0265,0.000000,0.000000,0.000000,0.048977,0.000000,0.000000,0.000000,0.00098907
2,262,0.563362,0.000174,97.0493,0.000000,0.000000,0.000000,0.036073,0.000000,0.000000,0.000000,0.00098907
2,263,0.590472,0.000185,106.6786,0.000000,0.000000,0.000000,0.019438,0.000000,0.000000,0.000000,0.00098907
2,264,0.486579,0.000151,102.2943,0.000000,0.000000,0.000000,0.028415,0.000000,0.000000,0.000000,0.00098907
2,265,0.548103,0.000166,95.0233,0.000000,0.000000,0.000000,0.054267,0.000000,0.000000,0.000000,0.00098907
2,266,0.622232,0.000189,92.3021,0.000000,0.000000,0.000000,0.058181,0.000000,0.000000,0.000000,0.00098907
2,267,0.712728,0.000216,105.0659,0.000000,0.000000,0.000000,0.071029,0.000000,0.000000,0.000000,0.00098907
2,268,0.727629,0.000219,94.1746,0.000000,0.000000,0.000000,0.080351,0.000000,0.000000,0.000000,0.00098907
2,269,0.714451,0.000219,90.7809,0.000000,0.000000,0.000000,0.056495,0.000000,0.000000,0.000000,0.00098907
2,270,0.711904,0.000220,91.5695,0.000000,0.000000,0.000000,0.045378,0.000000,0.000000,0.000000,0.00098907
2,271,0.810327,0.000244,96.0673,0.000000,0.000000,0.000000,0.090571,0.000000,0.000000,0.000000,0.00098907
2,272,0.683259,0.000208,94.4771,0.000000,0.000000,0.000000,0.064193,0.000000,0.000000,0.000000,0.00098907
2,273,0.598105,0.000183,95.7056,0.000000,0.000000,0.000000,0.045321,0.000000,0.000000,0.000000,0.00098907
2,274,0.679533,0.000210,101.0752,0.000000,0.000000,0.000000,0.039604,0.000000,0.000000,0.000000,0.00098907
2,275,0.549309,0.000170,101.2581,0.000000,0.000000,0.000000,0.032228,0.000000,0.000000,0.000000,0.00098907
2,276,0.649818,0.000202,94.0613,0.000000,0.000000,0.000000,0.033009,0.000000,0.000000,0.000000,0.00098907
2,277,0.604276,0.000187,99.9808,0.000000,0.000000,0.000000,0.033194,0.000000,0.000000,0.000000,0.00098907
2,278,0.497207,0.000155,97.8469,0.000000,0.000000,0.000000,0.024301,0.000000,0.000000,0.000000,0.00098907
2,279,0.681561,0.000207,85.0948,0.000000,0.000000,0.000000,0.067005,0.000000,0.000000,0.000000,0.00098907
2,280,0.595491,0.000177,98.5043,0.000000,0.000000,0.000000,0.080619,0.000000,0.000000,0.000000,0.00098907
2,281,0.786613,0.000241,82.3736,0.000000,0.000000,0.000000,0.061318,0.000000,0.000000,0.000000,0.00098907
2,282,0.841116,0.000254,92.7687,0.000000,0.000000,0.000000,0.092120,0.000000,0.000000,0.000000,0.00098907
2,283,0.654717,0.000201,100.7135,0.000000,0.000000,0.000000,0.048672,0.000000,0.000000,0.000000,0.00098907
2,284,0.671686,0.000205,84.4463,0.000000,0.000000,0.000000,0.059209,0.000000,0.000000,0.000000,0.00098907
2,285,0.573376,0.000177,105.6212,0.000000,0.000000,0.000000,0.034256,0.000000,0.000000,0.000000,0.00098907
2,286,0.631582,0.000191,88.6232,0.000000,0.000000,0.000000,0.065539,0.000000,0.000000,0.000000,0.00098907
2,287,0.620568,0.000187,86.9432,0.000000,0.000000,0.000000,0.067782,0.000000,0.000000,0.000000,0.00098907
2,288,0.507988,0.000159,103.7955,0.000000,0.000000,0.000000,0.017832,0.000000,0.000000,0.000000,0.00098907
2,289,0.538541,0.000169,100.2658,0.000000,0.000000,0.000000,0.019031,0.000000,0.000000,0.000000,0.00098907
2,290,0.522997,0.000163,102.2640,0.000000,0.000000,0.000000,0.021621,0.000000,0.000000,0.000000,0.00098907
2,291,0.558699,0.000174,104.6295,0.000000,0.000000,0.000000,0.025227,0.000000,0.000000,0.000000,0.00098907
2,292,0.598985,0.000183,97.6708,0.000000,0.000000,0.000000,0.052005,0.000000,0.000000,0.000000,0.00098907
2,293,0.612264,0.000189,91.3024,0.000000,0.000000,0.000000,0.036447,0.000000,0.000000,0.000000,0.00098907
2,294,0.582088,0.000178,91.5345,0.000000,0.000000,0.000000,0.046156,0.000000,0.000000,0.000000,0.00098907
2,295,0.513917,0.000160,96.6992,0.000000,0.000000,0.000000,0.023263,0.000000,0.000000,0.000000,0.00098907
2,296,0.741090,0.000225,96.7093,0.000000,0.000000,0.000000,0.073738,0.000000,0.000000,0.000000,0.00098907
2,297,0.721476,0.000222,98.3855,0.000000,0.000000,0.000000,0.052907,0.000000,0.000000,0.000000,0.00098907
2,298,0.761394,0.000232,82.9825,0.000000,0.000000,0.000000,0.070450,0.000000,0.000000,0.000000,0.00098907
2,299,0.659717,0.000207,97.7569,0.000000,0.000000,0.000000,0.023012,0.000000,0.000000,0.000000,0.00098907
2,300,0.505309,0.000158,105.1453,0.000000,0.000000,0.000000,0.021131,0.000000,0.000000,0.000000,0.00098907
2,301,0.821739,0.000252,81.9543,0.000000,0.000000,0.000000,0.062595,0.000000,0.000000,0.000000,0.00098907
2,302,0.611297,0.000187,91.9836,0.000000,0.000000,0.000000,0.051942,0.000000,0.000000,0.000000,0.00098907
2,303,0.555685,0.000172,104.3506,0.000000,0.000000,0.000000,0.030743,0.000000,0.000000,0.000000,0.00098907
2,304,0.584509,0.000179,95.5762,0.000000,0.000000,0.000000,0.044876,0.000000,0.000000,0.000000,0.00098907
2,305,0.637373,0.000197,87.5880,0.000000,0.000000,0.000000,0.038198,0.000000,0.000000,0.000000,0.00098907
2,306,0.521220,0.000158,105.2369,0.000000,0.000000,0.000000,0.053420,0.000000,0.000000,0.000000,0.00098907
2,307,0.502210,0.000155,108.2320,0.000000,0.000000,0.000000,0.032074,0.000000,0.000000,0.000000,0.00098907
2,308,0.649398,0.000194,87.8283,0.000000,0.000000,0.000000,0.083868,0.000000,0.000000,0.000000,0.00098907
2,309,0.718021,0.000218,80.2338,0.000000,0.000000,0.000000,0.066977,0.000000,0.000000,0.000000,0.00098907
2,310,0.570326,0.000174,104.1980,0.000000,0.000000,0.000000,0.051061,0.000000,0.000000,0.000000,0.00098907
2,311,0.512720,0.000155,101.4865,0.000000,0.000000,0.000000,0.054917,0.000000,0.000000,0.000000,0.00098907
2,312,0.572374,0.000178,84.9551,0.000000,0.000000,0.000000,0.027713,0.000000,0.000000,0.000000,0.00098907
2,313,0.672319,0.000206,100.0707,0.000000,0.000000,0.000000,0.052050,0.000000,0.000000,0.000000,0.00098907
2,314,0.645085,0.000196,103.3995,0.000000,0.000000,0.000000,0.058388,0.000000,0.000000,0.000000,0.00098907
2,315,0.744089,0.000226,97.9703,0.000000,0.000000,0.000000,0.072601,0.000000,0.000000,0.000000,0.00098907
2,316,0.568051,0.000172,98.9691,0.000000,0.000000,0.000000,0.057557,0.000000,0.000000,0.000000,0.00098907
2,317,0.494981,0.000154,95.2663,0.000000,0.000000,0.000000,0.025064,0.000000,0.000000,0.000000,0.00098907
2,318,0.567718,0.000166,108.4421,0.000000,0.000000,0.000000,0.093057,0.000000,0.000000,0.000000,0.00098907
2,319,0.581529,0.000176,97.9710,0.000000,0.000000,0.000000,0.059192,0.000000,0.000000,0.000000,0.00098907
2,320,0.554211,0.000168,106.9906,0.000000,0.000000,0.000000,0.052750,0.000000,0.000000,0.000000,0.00098907
2,321,0.784845,0.000237,96.0922,0.000000,0.000000,0.000000,0.083071,0.000000,0.000000,0.000000,0.00098907
2,322,0.527059,0.000160,103.4760,0.000000,0.000000,0.000000,0.053653,0.000000,0.000000,0.000000,0.00098907
2,323,0.604458,0.000187,94.4816,0.000000,0.000000,0.000000,0.035029,0.000000,0.000000,0.000000,0.00098907
2,324,0.778574,0.000231,79.2160,0.000000,0.000000,0.000000,0.106106,0.000000,0.000000,0.000000,0.00098907
2,325,0.624902,0.000188,88.2946,0.000000,0.000000,0.000000,0.068910,0.000000,0.000000,0.000000,0.00098907
2,326,0.601155,0.000186,86.7312,0.000000,0.000000,0.000000,0.034209,0.000000,0.000000,0.000000,0.00098907
2,327,0.546956,0.000170,99.7115,0.000000,0.000000,0.000000,0.030683,0.000000,0.000000,0.000000,0.00098907
2,328,0.765836,0.000237,85.2126,0.000000,0.000000,0.000000,0.043307,0.000000,0.000000,0.000000,0.00098907
2,329,0.793318,0.000248,79.3132,0.000000,0.000000,0.000000,0.033726,0.000000,0.000000,0.000000,0.00098907
2,330,0.520712,0.000162,97.3602,0.000000,0.000000,0.000000,0.024639,0.000000,0.000000,0.000000,0.00098907
2,331,0.499209,0.000156,91.6293,0.000000,0.000000,0.000000,0.020436,0.000000,0.000000,0.000000,0.00098907
2,332,0.645173,0.000202,84.3452,0.000000,0.000000,0.000000,0.025817,0.000000,0.000000,0.000000,0.00098907
2,333,0.609946,0.000191,89.3051,0.000000,0.000000,0.000000,0.019807,0.000000,0.000000,0.000000,0.00098907
2,334,0.558366,0.000175,89.8276,0.000000,0.000000,0.000000,0.016673,0.000000,0.000000,0.000000,0.00098907
2,335,0.665863,0.000206,86.0611,0.000000,0.000000,0.000000,0.039185,0.000000,0.000000,0.000000,0.00098907
2,336,0.619221,0.000191,98.0203,0.000000,0.000000,0.000000,0.039896,0.000000,0.000000,0.000000,0.00098907
2,337,0.607371,0.000190,101.7651,0.000000,0.000000,0.000000,0.021919,0.000000,0.000000,0.000000,0.00098907
2,338,0.501742,0.000155,94.7232,0.000000,0.000000,0.000000,0.030129,0.000000,0.000000,0.000000,0.00098907
2,339,0.570276,0.000178,88.1976,0.000000,0.000000,0.000000,0.024218,0.000000,0.000000,0.000000,0.00098907
2,340,0.588337,0.000185,99.2835,0.000000,0.000000,0.000000,0.014812,0.000000,0.000000,0.000000,0.00098907
2,341,0.643629,0.000200,87.1242,0.000000,0.000000,0.000000,0.031346,0.000000,0.000000,0.000000,0.00098907
2,342,0.533320,0.000165,92.2026,0.000000,0.000000,0.000000,0.032390,0.000000,0.000000,0.000000,0.00098907
2,343,0.694436,0.000214,79.2867,0.000000,0.000000,0.000000,0.048223,0.000000,0.000000,0.000000,0.00098907
2,344,0.640457,0.000200,93.7527,0.000000,0.000000,0.000000,0.027801,0.000000,0.000000,0.000000,0.00098907
2,345,0.618276,0.000193,93.9890,0.000000,0.000000,0.000000,0.027720,0.000000,0.000000,0.000000,0.00098907
2,346,0.576687,0.000178,89.4777,0.000000,0.000000,0.000000,0.037755,0.000000,0.000000,0.000000,0.00098907
2,347,0.571045,0.000179,87.6303,0.000000,0.000000,0.000000,0.018046,0.000000,0.000000,0.000000,0.00098907
2,348,0.583585,0.000183,81.8215,0.000000,0.000000,0.000000,0.021215,0.000000,0.000000,0.000000,0.00098907
2,349,0.542983,0.000168,81.8807,0.000000,0.000000,0.000000,0.033843,0.000000,0.000000,0.000000,0.00098907
2,350,0.548384,0.000165,106.9245,0.000000,0.000000,0.000000,0.061759,0.000000,0.000000,0.000000,0.00098907
2,351,0.565155,0.000169,103.8943,0.000000,0.000000,0.000000,0.068799,0.000000,0.000000,0.000000,0.00098907
2,352,0.612714,0.000192,99.0393,0.000000,0.000000,0.000000,0.023983,0.000000,0.000000,0.000000,0.00098907
2,353,0.594967,0.000185,104.3365,0.000000,0.000000,0.000000,0.029910,0.000000,0.000000,0.000000,0.00098907
2,354,0.595034,0.000183,81.3923,0.000000,0.000000,0.000000,0.040343,0.000000,0.000000,0.000000,0.00098907
2,355,0.511023,0.000158,105.0991,0.000000,0.000000,0.000000,0.033206,0.000000,0.000000,0.000000,0.00098907
2,356,0.483888,0.000146,96.5999,0.000000,0.000000,0.000000,0.050289,0.000000,0.000000,0.000000,0.00098907
2,357,0.686773,0.000210,91.1655,0.000000,0.000000,0.000000,0.058715,0.000000,0.000000,0.000000,0.00098907
2,358,0.498383,0.000151,98.8217,0.000000,0.000000,0.000000,0.051751,0.000000,0.000000,0.000000,0.00098907
2,359,0.466713,0.000145,102.3878,0.000000,0.000000,0.000000,0.021930,0.000000,0.000000,0.000000,0.00098907
2,360,0.580399,0.000179,104.9458,0.000000,0.000000,0.000000,0.039010,0.000000,0.000000,0.000000,0.00098907
2,361,0.515468,0.000160,98.3968,0.000000,0.000000,0.000000,0.027095,0.000000,0.000000,0.000000,0.00098907
2,362,0.560366,0.000174,92.1214,0.000000,0.000000,0.000000,0.028228,0.000000,0.000000,0.000000,0.00098907
2,363,0.596209,0.000184,94.5952,0.000000,0.000000,0.000000,0.039080,0.000000,0.000000,0.000000,0.00098907
2,364,0.586091,0.000183,96.4444,0.000000,0.000000,0.000000,0.027469,0.000000,0.000000,0.000000,0.00098907
2,365,0.601123,0.000186,99.4805,0.000000,0.000000,0.000000,0.034801,0.000000,0.000000,0.000000,0.00098907
2,366,0.578427,0.000180,90.1261,0.000000,0.000000,0.000000,0.029144,0.000000,0.000000,0.000000,0.00098907
2,367,0.543155,0.000167,100.3809,0.000000,0.000000,0.000000,0.040802,0.000000,0.000000,0.000000,0.00098907
2,368,0.761422,0.000232,87.3207,0.000000,0.000000,0.000000,0.064755,0.000000,0.000000,0.000000,0.00098907
2,369,0.550301,0.000169,94.5480,0.000000,0.000000,0.000000,0.042731,0.000000,0.000000,0.000000,0.00098907
2,370,0.605881,0.000184,86.2447,0.000000,0.000000,0.000000,0.054937,0.000000,0.000000,0.000000,0.00098907
2,371,0.451652,0.000136,106.2691,0.000000,0.000000,0.000000,0.047461,0.000000,0.000000,0.000000,0.00098907
2,372,0.787662,0.000237,92.6805,0.000000,0.000000,0.000000,0.086463,0.000000,0.000000,0.000000,0.00098907
2,373,0.527478,0.000157,94.8244,0.000000,0.000000,0.000000,0.071192,0.000000,0.000000,0.000000,0.00098907
2,374,0.464907,0.000143,90.9379,0.000000,0.000000,0.000000,0.033652,0.000000,0.000000,0.000000,0.00098907
2,375,0.565047,0.000173,97.0515,0.000000,0.000000,0.000000,0.044341,0.000000,0.000000,0.000000,0.00098907
2,376,0.619646,0.000190,90.9839,0.000000,0.000000,0.000000,0.044986,0.000000,0.000000,0.000000,0.00098907
2,377,0.594069,0.000182,94.8371,0.000000,0.000000,0.000000,0.044541,0.000000,0.000000,0.000000,0.00098907
2,378,0.580004,0.000174,96.2245,0.000000,0.000000,0.000000,0.069071,0.000000,0.000000,0.000000,0.00098907
2,379,0.565565,0.000174,104.0587,0.000000,0.000000,0.000000,0.040968,0.000000,0.000000,0.000000,0.00098907
2,380,0.521685,0.000155,95.9868,0.000000,0.000000,0.000000,0.073511,0.000000,0.000000,0.000000,0.00098907
2,381,0.511446,0.000161,92.5934,0.000000,0.000000,0.000000,0.012913,0.000000,0.000000,0.000000,0.00098907
2,382,0.512793,0.000150,100.3078,0.000000,0.000000,0.000000,0.082071,0.000000,0.000000,0.000000,0.00098907
2,383,0.573820,0.000176,94.0738,0.000000,0.000000,0.000000,0.041579,0.000000,0.000000,0.000000,0.00098907
2,384,0.598907,0.000184,101.5703,0.000000,0.000000,0.000000,0.044542,0.000000,0.000000,0.000000,0.00098907
2,385,0.646578,0.000196,97.1230,0.000000,0.000000,0.000000,0.065368,0.000000,0.000000,0.000000,0.00098907
2,386,0.603863,0.000183,95.7519,0.000000,0.000000,0.000000,0.062525,0.000000,0.000000,0.000000,0.00098907
2,387,0.567574,0.000178,91.9674,0.000000,0.000000,0.000000,0.016404,0.000000,0.000000,0.000000,0.00098907
2,388,0.476895,0.000148,102.2335,0.000000,0.000000,0.000000,0.025486,0.000000,0.000000,0.000000,0.00098907
2,389,0.566798,0.000178,91.8085,0.000000,0.000000,0.000000,0.015895,0.000000,0.000000,0.000000,0.00098907
2,390,0.564374,0.000177,99.4135,0.000000,0.000000,0.000000,0.017048,0.000000,0.000000,0.000000,0.00098907
2,391,0.600391,0.000188,88.4197,0.000000,0.000000,0.000000,0.023235,0.000000,0.000000,0.000000,0.00098907
2,392,0.763234,0.000237,79.0136,0.000000,0.000000,0.000000,0.040630,0.000000,0.000000,0.000000,0.00098907
2,393,0.617551,0.000189,106.4110,0.000000,0.000000,0.000000,0.051635,0.000000,0.000000,0.000000,0.00098907
2,394,0.544690,0.000168,94.4841,0.000000,0.000000,0.000000,0.035918,0.000000,0.000000,0.000000,0.00098907
2,395,0.577205,0.000181,87.1920,0.000000,0.000000,0.000000,0.017506,0.000000,0.000000,0.000000,0.00098907
2,396,0.456632,0.000143,98.4941,0.000000,0.000000,0.000000,0.017029,0.000000,0.000000,0.000000,0.00098907
2,397,0.476169,0.000150,100.6120,0.000000,0.000000,0.000000,0.009371,0.000000,0.000000,0.000000,0.00098907
2,398,0.597335,0.000186,91.5919,0.000000,0.000000,0.000000,0.026607,0.000000,0.000000,0.000000,0.00098907
2,399,0.535706,0.000168,92.7671,0.000000,0.000000,0.000000,0.018111,0.000000,0.000000,0.000000,0.00098907
2,400,0.484276,0.000152,106.9511,0.000000,0.000000,0.000000,0.015201,0.000000,0.000000,0.000000,0.00098907
2,401,0.591486,0.000184,94.6611,0.000000,0.000000,0.000000,0.028976,0.000000,0.000000,0.000000,0.00098907
2,402,0.610734,0.000191,91.7208,0.000000,0.000000,0.000000,0.022680,0.000000,0.000000,0.000000,0.00098907
2,403,0.429839,0.000134,102.3792,0.000000,0.000000,0.000000,0.020456,0.000000,0.000000,0.000000,0.00098907
2,404,0.480322,0.000151,100.4276,0.000000,0.000000,0.000000,0.012031,0.000000,0.000000,0.000000,0.00098907
2,405,0.491602,0.000154,96.1773,0.000000,0.000000,0.000000,0.018560,0.000000,0.000000,0.000000,0.00098907
2,406,0.557532,0.000176,95.2071,0.000000,0.000000,0.000000,0.008914,0.000000,0.000000,0.000000,0.00098907
2,407,0.695235,0.000217,99.1587,0.000000,0.000000,0.000000,0.031215,0.000000,0.000000,0.000000,0.00098907
2,408,0.578359,0.000176,100.0964,0.000000,0.000000,0.000000,0.052210,0.000000,0.000000,0.000000,0.00098907
2,409,0.738000,0.000227,91.1301,0.000000,0.000000,0.000000,0.051826,0.000000,0.000000,0.000000,0.00098907
2,410,0.694288,0.000213,98.8193,0.000000,0.000000,0.000000,0.049541,0.000000,0.000000,0.000000,0.00098907
2,411,0.637303,0.000192,96.7305,0.000000,0.000000,0.000000,0.072285,0.000000,0.000000,0.000000,0.00098907
2,412,0.659845,0.000204,80.3552,0.000000,0.000000,0.000000,0.038661,0.000000,0.000000,0.000000,0.00098907
2,413,0.566499,0.000160,111.9582,0.000000,0.000000,0.000000,0.132247,0.000000,0.000000,0.000000,0.00098907
2,414,0.537129,0.000149,98.7555,0.000000,0.000000,0.000000,0.142085,0.000000,0.000000,0.000000,0.00098907
2,415,0.570943,0.000170,108.3047,0.000000,0.000000,0.000000,0.076126,0.000000,0.000000,0.000000,0.00098907
2,416,0.524165,0.000153,103.7227,0.000000,0.000000,0.000000,0.089106,0.000000,0.000000,0.000000,0.00098907
2,417,0.412418,0.000127,98.6395,0.000000,0.000000,0.000000,0.030753,0.000000,0.000000,0.000000,0.00098907
2,418,0.501033,0.000153,87.0784,0.000000,0.000000,0.000000,0.043828,0.000000,0.000000,0.000000,0.00098907
2,419,0.468298,0.000147,95.0284,0.000000,0.000000,0.000000,0.015116,0.000000,0.000000,0.000000,0.00098907
2,420,0.457087,0.000144,108.2958,0.000000,0.000000,0.000000,0.010846,0.000000,0.000000,0.000000,0.00098907
2,421,0.525782,0.000164,93.5044,0.000000,0.000000,0.000000,0.023842,0.000000,0.000000,0.000000,0.00098907
2,422,0.718271,0.000219,81.4017,0.000000,0.000000,0.000000,0.061511,0.000000,0.000000,0.000000,0.00098907
2,423,0.561248,0.000173,113.2922,0.000000,0.000000,0.000000,0.038644,0.000000,0.000000,0.000000,0.00098907
2,424,0.624097,0.000189,83.6634,0.000000,0.000000,0.000000,0.065132,0.000000,0.000000,0.000000,0.00098907
2,425,0.485293,0.000147,104.4483,0.000000,0.000000,0.000000,0.047543,0.000000,0.000000,0.000000,0.00098907
2,426,0.506872,0.000157,103.1771,0.000000,0.000000,0.000000,0.027011,0.000000,0.000000,0.000000,0.00098907
2,427,0.434624,0.000136,104.4766,0.000000,0.000000,0.000000,0.013884,0.000000,0.000000,0.000000,0.00098907
2,428,0.567576,0.000178,82.6280,0.000000,0.000000,0.000000,0.019900,0.000000,0.000000,0.000000,0.00098907
2,429,0.493907,0.000155,92.9173,0.000000,0.000000,0.000000,0.015985,0.000000,0.000000,0.000000,0.00098907
2,430,0.615472,0.000193,93.8329,0.000000,0.000000,0.000000,0.017557,0.000000,0.000000,0.000000,0.00098907
2,431,0.513691,0.000160,95.9109,0.000000,0.000000,0.000000,0.021183,0.000000,0.000000,0.000000,0.00098907
2,432,0.455367,0.000144,94.7200,0.000000,0.000000,0.000000,0.007439,0.000000,0.000000,0.000000,0.00098907
2,433,0.527840,0.000166,86.9955,0.000000,0.000000,0.000000,0.016218,0.000000,0.000000,0.000000,0.00098907
2,434,0.489461,0.000155,100.1964,0.000000,0.000000,0.000000,0.009257,0.000000,0.000000,0.000000,0.00098907
2,435,0.471931,0.000149,99.8997,0.000000,0.000000,0.000000,0.011085,0.000000,0.000000,0.000000,0.00098907
2,436,0.530025,0.000168,97.5926,0.000000,0.000000,0.000000,0.009054,0.000000,0.000000,0.000000,0.00098907
2,437,0.476349,0.000151,106.8133,0.000000,0.000000,0.000000,0.006151,0.000000,0.000000,0.000000,0.00098907
2,438,0.582439,0.000182,92.1600,0.000000,0.000000,0.000000,0.026183,0.000000,0.000000,0.000000,0.00098907
2,439,0.492983,0.000154,101.6965,0.000000,0.000000,0.000000,0.023204,0.000000,0.000000,0.000000,0.00098907
2,440,0.520070,0.000163,88.0723,0.000000,0.000000,0.000000,0.017673,0.000000,0.000000,0.000000,0.00098907
2,441,0.512791,0.000159,98.7094,0.000000,0.000000,0.000000,0.030929,0.000000,0.000000,0.000000,0.00098907
2,442,0.458988,0.000141,86.7682,0.000000,0.000000,0.000000,0.031755,0.000000,0.000000,0.000000,0.00098907
2,443,0.490069,0.000154,87.9846,0.000000,0.000000,0.000000,0.016166,0.000000,0.000000,0.000000,0.00098907
2,444,0.462269,0.000144,102.4250,0.000000,0.000000,0.000000,0.020519,0.000000,0.000000,0.000000,0.00098907
2,445,0.562309,0.000177,90.2292,0.000000,0.000000,0.000000,0.016945,0.000000,0.000000,0.000000,0.00098907
2,446,0.574536,0.000180,96.2222,0.000000,0.000000,0.000000,0.021292,0.000000,0.000000,0.000000,0.00098907
2,447,0.541114,0.000167,87.4972,0.000000,0.000000,0.000000,0.035163,0.000000,0.000000,0.000000,0.00098907
2,448,0.518128,0.000156,86.1330,0.000000,0.000000,0.000000,0.057235,0.000000,0.000000,0.000000,0.00098907
2,449,0.487077,0.000145,93.0122,0.000000,0.000000,0.000000,0.064897,0.000000,0.000000,0.000000,0.00098907
2,450,0.517243,0.000159,105.2827,0.000000,0.000000,0.000000,0.037083,0.000000,0.000000,0.000000,0.00098907
2,451,0.528804,0.000164,103.1797,0.000000,0.000000,0.000000,0.028571,0.000000,0.000000,0.000000,0.00098907
2,452,0.456071,0.000141,93.3422,0.000000,0.000000,0.000000,0.024821,0.000000,0.000000,0.000000,0.00098907
2,453,0.508463,0.000158,95.5404,0.000000,0.000000,0.000000,0.024378,0.000000,0.000000,0.000000,0.00098907
2,454,0.718943,0.000215,98.0249,0.000000,0.000000,0.000000,0.087069,0.000000,0.000000,0.000000,0.00098907
2,455,0.622917,0.000181,91.2661,0.000000,0.000000,0.000000,0.112725,0.000000,0.000000,0.000000,0.00098907
2,456,0.699987,0.000216,79.9793,0.000000,0.000000,0.000000,0.046282,0.000000,0.000000,0.000000,0.00098907
2,457,0.561563,0.000162,100.9028,0.000000,0.000000,0.000000,0.104163,0.000000,0.000000,0.000000,0.00098907
2,458,0.725156,0.000221,87.6715,0.000000,0.000000,0.000000,0.063404,0.000000,0.000000,0.000000,0.00098907
2,459,0.641091,0.000192,99.1878,0.000000,0.000000,0.000000,0.080836,0.000000,0.000000,0.000000,0.00098907
2,460,0.570496,0.000167,96.0056,0.000000,0.000000,0.000000,0.091901,0.000000,0.000000,0.000000,0.00098907
2,461,0.551053,0.000168,86.9525,0.000000,0.000000,0.000000,0.047607,0.000000,0.000000,0.000000,0.00098907
2,462,0.637889,0.000194,87.8734,0.000000,0.000000,0.000000,0.057199,0.000000,0.000000,0.000000,0.00098907
2,463,0.502257,0.000156,100.1629,0.000000,0.000000,0.000000,0.026143,0.000000,0.000000,0.000000,0.00098907
2,464,0.524188,0.000162,94.4402,0.000000,0.000000,0.000000,0.034444,0.000000,0.000000,0.000000,0.00098907
2,465,0.497881,0.000155,92.5686,0.000000,0.000000,0.000000,0.024248,0.000000,0.000000,0.000000,0.00098907
2,466,0.564393,0.000177,96.7465,0.000000,0.000000,0.000000,0.018471,0.000000,0.000000,0.000000,0.00098907
2,467,0.567347,0.000176,101.4708,0.000000,0.000000,0.000000,0.032688,0.000000,0.000000,0.000000,0.00098907
2,468,0.484106,0.000151,105.2359,0.000000,0.000000,0.000000,0.018971,0.000000,0.000000,0.000000,0.00098907
2,469,0.601332,0.000187,94.9344,0.000000,0.000000,0.000000,0.029477,0.000000,0.000000,0.000000,0.00098907
2,470,0.632161,0.000197,90.7230,0.000000,0.000000,0.000000,0.026006,0.000000,0.000000,0.000000,0.00098907
2,471,0.520981,0.000162,90.9315,0.000000,0.000000,0.000000,0.024436,0.000000,0.000000,0.000000,0.00098907
2,472,0.511780,0.000159,100.4733,0.000000,0.000000,0.000000,0.023657,0.000000,0.000000,0.000000,0.00098907
2,473,0.618283,0.000192,91.3821,0.000000,0.000000,0.000000,0.031210,0.000000,0.000000,0.000000,0.00098907
2,474,0.447982,0.000141,94.4441,0.000000,0.000000,0.000000,0.012301,0.000000,0.000000,0.000000,0.00098907
2,475,0.524642,0.000165,83.8047,0.000000,0.000000,0.000000,0.017537,0.000000,0.000000,0.000000,0.00098907
2,476,0.588986,0.000184,84.5564,0.000000,0.000000,0.000000,0.022895,0.000000,0.000000,0.000000,0.00098907
2,477,0.635639,0.000198,84.0318,0.000000,0.000000,0.000000,0.027485,0.000000,0.000000,0.000000,0.00098907
2,478,0.496135,0.000154,96.8208,0.000000,0.000000,0.000000,0.025028,0.000000,0.000000,0.000000,0.00098907
2,479,0.535845,0.000168,100.3281,0.000000,0.000000,0.000000,0.020675,0.000000,0.000000,0.000000,0.00098907
2,480,0.513898,0.000160,91.6131,0.000000,0.000000,0.000000,0.025692,0.000000,0.000000,0.000000,0.00098907
2,481,0.592409,0.000184,78.2373,0.000000,0.000000,0.000000,0.033192,0.000000,0.000000,0.000000,0.00098907
2,482,0.688844,0.000213,73.0744,0.000000,0.000000,0.000000,0.038783,0.000000,0.000000,0.000000,0.00098907
2,483,0.664669,0.000206,77.1507,0.000000,0.000000,0.000000,0.035596,0.000000,0.000000,0.000000,0.00098907
2,484,0.512797,0.000157,98.4964,0.000000,0.000000,0.000000,0.041179,0.000000,0.000000,0.000000,0.00098907
2,485,0.474624,0.000145,101.4714,0.000000,0.000000,0.000000,0.039054,0.000000,0.000000,0.000000,0.00098907
2,486,0.580608,0.000180,97.6554,0.000000,0.000000,0.000000,0.032046,0.000000,0.000000,0.000000,0.00098907
2,487,0.541333,0.000162,108.5209,0.000000,0.000000,0.000000,0.069587,0.000000,0.000000,0.000000,0.00098907
2,488,0.632146,0.000187,94.4758,0.000000,0.000000,0.000000,0.089985,0.000000,0.000000,0.000000,0.00098907
2,489,0.577591,0.000176,97.3625,0.000000,0.000000,0.000000,0.054435,0.000000,0.000000,0.000000,0.00098907
2,490,0.574181,0.000175,96.8012,0.000000,0.000000,0.000000,0.050105,0.000000,0.000000,0.000000,0.00098907
2,491,0.535950,0.000166,103.4129,0.000000,0.000000,0.000000,0.031398,0.000000,0.000000,0.000000,0.00098907
2,492,0.524786,0.000163,90.1269,0.000000,0.000000,0.000000,0.030214,0.000000,0.000000,0.000000,0.00098907
2,493,0.574620,0.000177,110.4749,0.000000,0.000000,0.000000,0.040900,0.000000,0.000000,0.000000,0.00098907
2,494,0.562301,0.000172,88.8946,0.000000,0.000000,0.000000,0.044216,0.000000,0.000000,0.000000,0.00098907
2,495,0.574339,0.000179,103.6353,0.000000,0.000000,0.000000,0.026927,0.000000,0.000000,0.000000,0.00098907
2,496,0.664284,0.000204,100.8525,0.000000,0.000000,0.000000,0.049886,0.000000,0.000000,0.000000,0.00098907
2,497,0.641732,0.000201,88.6668,0.000000,0.000000,0.000000,0.025588,0.000000,0.000000,0.000000,0.00098907
2,498,0.486594,0.000152,97.9472,0.000000,0.000000,0.000000,0.017625,0.000000,0.000000,0.000000,0.00098907
2,499,0.577369,0.000179,102.2388,0.000000,0.000000,0.000000,0.031177,0.000000,0.000000,0.000000,0.00098907
2,500,0.707296,0.000222,84.1633,0.000000,0.000000,0.000000,0.025300,0.000000,0.000000,0.000000,0.00098907
2,501,0.596592,0.000184,106.4648,0.000000,0.000000,0.000000,0.039762,0.000000,0.000000,0.000000,0.00098907
2,502,0.838644,0.000261,96.3208,0.000000,0.000000,0.000000,0.038023,0.000000,0.000000,0.000000,0.00098907
2,503,1.200487,0.000363,70.4227,0.000000,0.000000,0.000000,0.122611,0.000000,0.000000,0.000000,0.00098907
2,504,0.712217,0.000209,102.4278,0.000000,0.000000,0.000000,0.114222,0.000000,0.000000,0.000000,0.00098907
2,505,0.757172,0.000216,86.9355,0.000000,0.000000,0.000000,0.159372,0.000000,0.000000,0.000000,0.00098907
2,506,0.846234,0.000259,85.6061,0.000000,0.000000,0.000000,0.068894,0.000000,0.000000,0.000000,0.00098907
2,507,1.178913,0.000360,81.3003,0.000000,0.000000,0.000000,0.097443,0.000000,0.000000,0.000000,0.00098907
2,508,0.922365,0.000276,80.7346,0.000000,0.000000,0.000000,0.110736,0.000000,0.000000,0.000000,0.00098907
2,509,1.042016,0.000311,76.9149,0.000000,0.000000,0.000000,0.133436,0.000000,0.000000,0.000000,0.00098907
2,510,0.850838,0.000254,104.2801,0.000000,0.000000,0.000000,0.109401,0.000000,0.000000,0.000000,0.00098907
2,511,0.574018,0.000179,102.6203,0.000000,0.000000,0.000000,0.026535,0.000000,0.000000,0.000000,0.00098907
2,512,0.557748,0.000166,102.3187,0.000000,0.000000,0.000000,0.072158,0.000000,0.000000,0.000000,0.00098907
2,513,0.776994,0.000238,91.8953,0.000000,0.000000,0.000000,0.060094,0.000000,0.000000,0.000000,0.00098907
2,514,0.590843,0.000179,96.8699,0.000000,0.000000,0.000000,0.057452,0.000000,0.000000,0.000000,0.00098907
2,515,0.685279,0.000210,87.3511,0.000000,0.000000,0.000000,0.054221,0.000000,0.000000,0.000000,0.00098907
2,516,0.704915,0.000213,112.0092,0.000000,0.000000,0.000000,0.075374,0.000000,0.000000,0.000000,0.00098907
2,517,0.644954,0.000194,85.6537,0.000000,0.000000,0.000000,0.072323,0.000000,0.000000,0.000000,0.00098907
2,518,0.637718,0.000199,79.3234,0.000000,0.000000,0.000000,0.029018,0.000000,0.000000,0.000000,0.00098907
2,519,0.560933,0.000171,95.3971,0.000000,0.000000,0.000000,0.048993,0.000000,0.000000,0.000000,0.00098907
2,520,0.635068,0.000197,89.6988,0.000000,0.000000,0.000000,0.036147,0.000000,0.000000,0.000000,0.00098907
2,521,0.573225,0.000178,80.9723,0.000000,0.000000,0.000000,0.028685,0.000000,0.000000,0.000000,0.00098907
2,522,0.618389,0.000192,85.0625,0.000000,0.000000,0.000000,0.035668,0.000000,0.000000,0.000000,0.00098907
2,523,0.681367,0.000208,85.4832,0.000000,0.000000,0.000000,0.059528,0.000000,0.000000,0.000000,0.00098907
2,524,0.652438,0.000202,91.2200,0.000000,0.000000,0.000000,0.035024,0.000000,0.000000,0.000000,0.00098907
2,525,0.534538,0.000168,86.7415,0.000000,0.000000,0.000000,0.015438,0.000000,0.000000,0.000000,0.00098907
2,526,0.456949,0.000144,92.3711,0.000000,0.000000,0.000000,0.011677,0.000000,0.000000,0.000000,0.00098907
2,527,0.515471,0.000162,86.0924,0.000000,0.000000,0.000000,0.012322,0.000000,0.000000,0.000000,0.00098907
2,528,0.417816,0.000132,90.4480,0.000000,0.000000,0.000000,0.005050,0.000000,0.000000,0.000000,0.00098907
2,529,0.479384,0.000151,99.5801,0.000000,0.000000,0.000000,0.012218,0.000000,0.000000,0.000000,0.00098907
2,530,0.484056,0.000153,105.0354,0.000000,0.000000,0.000000,0.008914,0.000000,0.000000,0.000000,0.00098907
2,531,0.543369,0.000172,79.4914,0.000000,0.000000,0.000000,0.006576,0.000000,0.000000,0.000000,0.00098907
2,532,0.648290,0.000203,90.5984,0.000000,0.000000,0.000000,0.026213,0.000000,0.000000,0.000000,0.00098907
2,533,0.548829,0.000172,90.5490,0.000000,0.000000,0.000000,0.020842,0.000000,0.000000,0.000000,0.00098907
2,534,0.634452,0.000200,90.5567,0.000000,0.000000,0.000000,0.016579,0.000000,0.000000,0.000000,0.00098907
2,535,0.603325,0.000188,90.0509,0.000000,0.000000,0.000000,0.028553,0.000000,0.000000,0.000000,0.00098907
2,536,0.576408,0.000178,84.7216,0.000000,0.000000,0.000000,0.035932,0.000000,0.000000,0.000000,0.00098907
2,537,0.497095,0.000155,93.1242,0.000000,0.000000,0.000000,0.023948,0.000000,0.000000,0.000000,0.00098907
2,538,0.506530,0.000159,95.8496,0.000000,0.000000,0.000000,0.018928,0.000000,0.000000,0.000000,0.00098907
2,539,0.497896,0.000156,87.0864,0.000000,0.000000,0.000000,0.015095,0.000000,0.000000,0.000000,0.00098907
2,540,0.484999,0.000151,91.5467,0.000000,0.000000,0.000000,0.024861,0.000000,0.000000,0.000000,0.00098907
2,541,0.552698,0.000173,83.7339,0.000000,0.000000,0.000000,0.022805,0.000000,0.000000,0.000000,0.00098907
2,542,0.548279,0.000172,85.6580,0.000000,0.000000,0.000000,0.017132,0.000000,0.000000,0.000000,0.00098907
2,543,0.485688,0.000152,104.0749,0.000000,0.000000,0.000000,0.020550,0.000000,0.000000,0.000000,0.00098907
2,544,0.508415,0.000159,94.9838,0.000000,0.000000,0.000000,0.016758,0.000000,0.000000,0.000000,0.00098907
2,545,0.489389,0.000154,103.0987,0.000000,0.000000,0.000000,0.012796,0.000000,0.000000,0.000000,0.00098907
2,546,0.484501,0.000152,96.1589,0.000000,0.000000,0.000000,0.014290,0.000000,0.000000,0.000000,0.00098907
2,547,0.647278,0.000202,87.2118,0.000000,0.000000,0.000000,0.024552,0.000000,0.000000,0.000000,0.00098907
2,548,0.531967,0.000169,97.2097,0.000000,0.000000,0.000000,0.005932,0.000000,0.000000,0.000000,0.00098907
2,549,0.740093,0.000227,92.4599,0.000000,0.000000,0.000000,0.058174,0.000000,0.000000,0.000000,0.00098907
2,550,0.732839,0.000225,85.0752,0.000000,0.000000,0.000000,0.054280,0.000000,0.000000,0.000000,0.00098907
2,551,0.561137,0.000174,102.4775,0.000000,0.000000,0.000000,0.033288,0.000000,0.000000,0.000000,0.00098907
2,552,0.673498,0.000209,80.9055,0.000000,0.000000,0.000000,0.034436,0.000000,0.000000,0.000000,0.00098907
2,553,0.524811,0.000165,89.8186,0.000000,0.000000,0.000000,0.017132,0.000000,0.000000,0.000000,0.00098907
2,554,0.602317,0.000186,82.7921,0.000000,0.000000,0.000000,0.039919,0.000000,0.000000,0.000000,0.00098907
2,555,0.502811,0.000158,88.9757,0.000000,0.000000,0.000000,0.016107,0.000000,0.000000,0.000000,0.00098907
2,556,0.511382,0.000160,89.4285,0.000000,0.000000,0.000000,0.018659,0.000000,0.000000,0.000000,0.00098907
2,557,0.490022,0.000153,99.3308,0.000000,0.000000,0.000000,0.018826,0.000000,0.000000,0.000000,0.00098907
2,558,0.541989,0.000171,91.3204,0.000000,0.000000,0.000000,0.011714,0.000000,0.000000,0.000000,0.00098907
2,559,0.452310,0.000143,102.8889,0.000000,0.000000,0.000000,0.007033,0.000000,0.000000,0.000000,0.00098907
2,560,0.648451,0.000203,86.5749,0.000000,0.000000,0.000000,0.021724,0.000000,0.000000,0.000000,0.00098907
2,561,0.532640,0.000168,94.9461,0.000000,0.000000,0.000000,0.011116,0.000000,0.000000,0.000000,0.00098907
2,562,0.532512,0.000167,84.8194,0.000000,0.000000,0.000000,0.014765,0.000000,0.000000,0.000000,0.00098907
2,563,0.779112,0.000241,95.2532,0.000000,0.000000,0.000000,0.049043,0.000000,0.000000,0.000000,0.00098907
2,564,0.513848,0.000155,111.1090,0.000000,0.000000,0.000000,0.056490,0.000000,0.000000,0.000000,0.00098907
2,565,0.538889,0.000165,97.3393,0.000000,0.000000,0.000000,0.041964,0.000000,0.000000,0.000000,0.00098907
2,566,0.416808,0.000129,107.3262,0.000000,0.000000,0.000000,0.024602,0.000000,0.000000,0.000000,0.00098907
2,567,0.528154,0.000162,99.9291,0.000000,0.000000,0.000000,0.040684,0.000000,0.000000,0.000000,0.00098907
2,568,0.594703,0.000176,106.1542,0.000000,0.000000,0.000000,0.086522,0.000000,0.000000,0.000000,0.00098907
2,569,0.518608,0.000150,94.0918,0.000000,0.000000,0.000000,0.093545,0.000000,0.000000,0.000000,0.00098907
2,570,0.448662,0.000135,99.9563,0.000000,0.000000,0.000000,0.051226,0.000000,0.000000,0.000000,0.00098907
2,571,0.613606,0.000181,94.7894,0.000000,0.000000,0.000000,0.089729,0.000000,0.000000,0.000000,0.00098907
2,572,0.475938,0.000146,93.0912,0.000000,0.000000,0.000000,0.035034,0.000000,0.000000,0.000000,0.00098907
2,573,0.474239,0.000142,99.3937,0.000000,0.000000,0.000000,0.058787,0.000000,0.000000,0.000000,0.00098907
2,574,0.531230,0.000166,84.5383,0.000000,0.000000,0.000000,0.022452,0.000000,0.000000,0.000000,0.00098907
2,575,0.570769,0.000177,89.7554,0.000000,0.000000,0.000000,0.032976,0.000000,0.000000,0.000000,0.00098907
2,576,0.500348,0.000151,102.3417,0.000000,0.000000,0.000000,0.052542,0.000000,0.000000,0.000000,0.00098907
2,577,0.572401,0.000173,79.6092,0.000000,0.000000,0.000000,0.060425,0.000000,0.000000,0.000000,0.00098907
2,578,0.492663,0.000152,105.1973,0.000000,0.000000,0.000000,0.032640,0.000000,0.000000,0.000000,0.00098907
2,579,0.892092,0.000267,80.2147,0.000000,0.000000,0.000000,0.110981,0.000000,0.000000,0.000000,0.00098907
2,580,0.616023,0.000187,96.7665,0.000000,0.000000,0.000000,0.061852,0.000000,0.000000,0.000000,0.00098907
2,581,0.751019,0.000219,72.3443,0.000000,0.000000,0.000000,0.126388,0.000000,0.000000,0.000000,0.00098907
2,582,0.489562,0.000147,104.1899,0.000000,0.000000,0.000000,0.056740,0.000000,0.000000,0.000000,0.00098907
2,583,0.474569,0.000146,105.2139,0.000000,0.000000,0.000000,0.032727,0.000000,0.000000,0.000000,0.00098907
2,584,0.562738,0.000168,83.9961,0.000000,0.000000,0.000000,0.073823,0.000000,0.000000,0.000000,0.00098907
2,585,0.528073,0.000156,99.9994,0.000000,0.000000,0.000000,0.075222,0.000000,0.000000,0.000000,0.00098907
2,586,0.512377,0.000159,92.2853,0.000000,0.000000,0.000000,0.027252,0.000000,0.000000,0.000000,0.00098907
2,587,0.582388,0.000179,93.0510,0.000000,0.000000,0.000000,0.040317,0.000000,0.000000,0.000000,0.00098907
2,588,0.526306,0.000157,105.7118,0.000000,0.000000,0.000000,0.070647,0.000000,0.000000,0.000000,0.00098907
2,589,0.545805,0.000166,98.8608,0.000000,0.000000,0.000000,0.052882,0.000000,0.000000,0.000000,0.00098907
2,590,0.441343,0.000136,95.7828,0.000000,0.000000,0.000000,0.028227,0.000000,0.000000,0.000000,0.00098907
2,591,0.527217,0.000167,86.8400,0.000000,0.000000,0.000000,0.008914,0.000000,0.000000,0.000000,0.00098907
2,592,0.536780,0.000168,84.4711,0.000000,0.000000,0.000000,0.020944,0.000000,0.000000,0.000000,0.00098907
2,593,0.495687,0.000156,96.3458,0.000000,0.000000,0.000000,0.012134,0.000000,0.000000,0.000000,0.00098907
2,594,0.613316,0.000191,98.9272,0.000000,0.000000,0.000000,0.029392,0.000000,0.000000,0.000000,0.00098907
2,595,0.699755,0.000215,89.3606,0.000000,0.000000,0.000000,0.051775,0.000000,0.000000,0.000000,0.00098907
2,596,0.583317,0.000181,90.6369,0.000000,0.000000,0.000000,0.028621,0.000000,0.000000,0.000000,0.00098907
2,597,0.600820,0.000187,93.2152,0.000000,0.000000,0.000000,0.027221,0.000000,0.000000,0.000000,0.00098907
2,598,0.615968,0.000193,91.5166,0.000000,0.000000,0.000000,0.022275,0.000000,0.000000,0.000000,0.00098907
2,599,0.610955,0.000191,93.2177,0.000000,0.000000,0.000000,0.021757,0.000000,0.000000,0.000000,0.00098907
2,600,0.614437,0.000194,88.0735,0.000000,0.000000,0.000000,0.009558,0.000000,0.000000,0.000000,0.00098907
2,601,0.584885,0.000184,87.8683,0.000000,0.000000,0.000000,0.017693,0.000000,0.000000,0.000000,0.00098907
2,602,0.570042,0.000179,90.0938,0.000000,0.000000,0.000000,0.020049,0.000000,0.000000,0.000000,0.00098907
2,603,0.599829,0.000189,92.2136,0.000000,0.000000,0.000000,0.012031,0.000000,0.000000,0.000000,0.00098907
2,604,0.595793,0.000188,91.0431,0.000000,0.000000,0.000000,0.013371,0.000000,0.000000,0.000000,0.00098907
2,605,0.555536,0.000175,93.1822,0.000000,0.000000,0.000000,0.016549,0.000000,0.000000,0.000000,0.00098907
2,606,0.572445,0.000181,90.2980,0.000000,0.000000,0.000000,0.010930,0.000000,0.000000,0.000000,0.00098907
2,607,0.554461,0.000175,91.0358,0.000000,0.000000,0.000000,0.013493,0.000000,0.000000,0.000000,0.00098907
2,608,0.561025,0.000177,89.5326,0.000000,0.000000,0.000000,0.013629,0.000000,0.000000,0.000000,0.00098907
2,609,0.555962,0.000176,89.7564,0.000000,0.000000,0.000000,0.009049,0.000000,0.000000,0.000000,0.00098907
2,610,1.211604,0.000375,86.8013,0.000000,0.000000,0.000000,0.068977,0.000000,0.000000,0.000000,0.00098907
2,611,0.689874,0.000215,99.4419,0.000000,0.000000,0.000000,0.032881,0.000000,0.000000,0.000000,0.00098907
2,612,0.805174,0.000250,89.0617,0.000000,0.000000,0.000000,0.043339,0.000000,0.000000,0.000000,0.00098907
2,613,0.505330,0.000158,100.7766,0.000000,0.000000,0.000000,0.021911,0.000000,0.000000,0.000000,0.00098907
2,614,0.454212,0.000144,103.8727,0.000000,0.000000,0.000000,0.005745,0.000000,0.000000,0.000000,0.00098907
2,615,0.467942,0.000148,105.1925,0.000000,0.000000,0.000000,0.009750,0.000000,0.000000,0.000000,0.00098907
2,616,0.395305,0.000124,109.6393,0.000000,0.000000,0.000000,0.013523,0.000000,0.000000,0.000000,0.00098907
2,617,0.544936,0.000170,94.7337,0.000000,0.000000,0.000000,0.023356,0.000000,0.000000,0.000000,0.00098907
2,618,0.731545,0.000224,86.4227,0.000000,0.000000,0.000000,0.059724,0.000000,0.000000,0.000000,0.00098907
2,619,0.500612,0.000156,100.5107,0.000000,0.000000,0.000000,0.023688,0.000000,0.000000,0.000000,0.00098907
2,620,0.663313,0.000205,98.8632,0.000000,0.000000,0.000000,0.040328,0.000000,0.000000,0.000000,0.00098907
2,621,0.623762,0.000190,104.1906,0.000000,0.000000,0.000000,0.053064,0.000000,0.000000,0.000000,0.00098907
2,622,0.489050,0.000150,96.8924,0.000000,0.000000,0.000000,0.035304,0.000000,0.000000,0.000000,0.00098907
2,623,0.698796,0.000217,86.1779,0.000000,0.000000,0.000000,0.033573,0.000000,0.000000,0.000000,0.00098907
2,624,0.671398,0.000208,87.3847,0.000000,0.000000,0.000000,0.039139,0.000000,0.000000,0.000000,0.00098907
2,625,0.606310,0.000190,89.5655,0.000000,0.000000,0.000000,0.019450,0.000000,0.000000,0.000000,0.00098907
2,626,0.966953,0.000289,83.1691,0.000000,0.000000,0.000000,0.119901,0.000000,0.000000,0.000000,0.00098907
2,627,0.876058,0.000266,75.1787,0.000000,0.000000,0.000000,0.085273,0.000000,0.000000,0.000000,0.00098907
2,628,0.739774,0.000227,98.3940,0.000000,0.000000,0.000000,0.055884,0.000000,0.000000,0.000000,0.00098907
2,629,0.623838,0.000187,92.4431,0.000000,0.000000,0.000000,0.073292,0.000000,0.000000,0.000000,0.00098907
2,630,0.651630,0.000195,88.8491,0.000000,0.000000,0.000000,0.079224,0.000000,0.000000,0.000000,0.00098907
2,631,0.694067,0.000209,85.3550,0.000000,0.000000,0.000000,0.075421,0.000000,0.000000,0.000000,0.00098907
2,632,0.656946,0.000200,89.9445,0.000000,0.000000,0.000000,0.059838,0.000000,0.000000,0.000000,0.00098907
2,633,0.476508,0.000140,111.9790,0.000000,0.000000,0.000000,0.075509,0.000000,0.000000,0.000000,0.00098907
2,634,0.538167,0.000165,88.2055,0.000000,0.000000,0.000000,0.040291,0.000000,0.000000,0.000000,0.00098907
2,635,0.707337,0.000219,92.1371,0.000000,0.000000,0.000000,0.042715,0.000000,0.000000,0.000000,0.00098907
2,636,0.716387,0.000216,83.0918,0.000000,0.000000,0.000000,0.078211,0.000000,0.000000,0.000000,0.00098907
2,637,0.643809,0.000200,95.3541,0.000000,0.000000,0.000000,0.035231,0.000000,0.000000,0.000000,0.00098907
2,638,0.613164,0.000187,84.4381,0.000000,0.000000,0.000000,0.055292,0.000000,0.000000,0.000000,0.00098907
2,639,0.533266,0.000166,90.1150,0.000000,0.000000,0.000000,0.025542,0.000000,0.000000,0.000000,0.00098907
2,640,0.567911,0.000177,97.2039,0.000000,0.000000,0.000000,0.023336,0.000000,0.000000,0.000000,0.00098907
2,641,0.765129,0.000239,85.8792,0.000000,0.000000,0.000000,0.031925,0.000000,0.000000,0.000000,0.00098907
2,642,0.807794,0.000250,74.5509,0.000000,0.000000,0.000000,0.048468,0.000000,0.000000,0.000000,0.00098907
2,643,0.554454,0.000169,92.0970,0.000000,0.000000,0.000000,0.047669,0.000000,0.000000,0.000000,0.00098907
2,644,0.558964,0.000176,93.3085,0.000000,0.000000,0.000000,0.013486,0.000000,0.000000,0.000000,0.00098907
2,645,0.405160,0.000126,112.8874,0.000000,0.000000,0.000000,0.017390,0.000000,0.000000,0.000000,0.00098907
2,646,0.593878,0.000185,99.5973,0.000000,0.000000,0.000000,0.029381,0.000000,0.000000,0.000000,0.00098907
2,647,0.524574,0.000164,94.4873,0.000000,0.000000,0.000000,0.019642,0.000000,0.000000,0.000000,0.00098907
2,648,0.542861,0.000168,88.3243,0.000000,0.000000,0.000000,0.029503,0.000000,0.000000,0.000000,0.00098907
2,649,0.491371,0.000153,98.8541,0.000000,0.000000,0.000000,0.020873,0.000000,0.000000,0.000000,0.00098907
2,650,0.449952,0.000141,105.5873,0.000000,0.000000,0.000000,0.013744,0.000000,0.000000,0.000000,0.00098907
2,651,0.422645,0.000133,105.7515,0.000000,0.000000,0.000000,0.012415,0.000000,0.000000,0.000000,0.00098907
2,652,0.486509,0.000153,94.2764,0.000000,0.000000,0.000000,0.015880,0.000000,0.000000,0.000000,0.00098907
2,653,0.438932,0.000138,94.7924,0.000000,0.000000,0.000000,0.011252,0.000000,0.000000,0.000000,0.00098907
2,654,0.582090,0.000180,104.3530,0.000000,0.000000,0.000000,0.034654,0.000000,0.000000,0.000000,0.00098907
2,655,0.529352,0.000164,103.6871,0.000000,0.000000,0.000000,0.033123,0.000000,0.000000,0.000000,0.00098907
2,656,0.482822,0.000150,99.7015,0.000000,0.000000,0.000000,0.026316,0.000000,0.000000,0.000000,0.00098907
2,657,0.570197,0.000176,104.6572,0.000000,0.000000,0.000000,0.036208,0.000000,0.000000,0.000000,0.00098907
2,658,1.223621,0.000370,90.9619,0.000000,0.000000,0.000000,0.124258,0.000000,0.000000,0.000000,0.00098907
2,659,0.859266,0.000251,96.1445,0.000000,0.000000,0.000000,0.145816,0.000000,0.000000,0.000000,0.00098907
2,660,1.421390,0.000423,78.9111,0.000000,0.000000,0.000000,0.190319,0.000000,0.000000,0.000000,0.00098907
2,661,1.119108,0.000329,104.7504,0.000000,0.000000,0.000000,0.173974,0.000000,0.000000,0.000000,0.00098907
2,662,1.139000,0.000344,88.9882,0.000000,0.000000,0.000000,0.117650,0.000000,0.000000,0.000000,0.00098907
2,663,1.384510,0.000403,83.7257,0.000000,0.000000,0.000000,0.242526,0.000000,0.000000,0.000000,0.00098907
2,664,1.135350,0.000344,86.8668,0.000000,0.000000,0.000000,0.110948,0.000000,0.000000,0.000000,0.00098907
2,665,0.923846,0.000279,100.2915,0.000000,0.000000,0.000000,0.099786,0.000000,0.000000,0.000000,0.00098907
2,666,0.889806,0.000274,97.0301,0.000000,0.000000,0.000000,0.058014,0.000000,0.000000,0.000000,0.00098907
2,667,1.189527,0.000361,82.9605,0.000000,0.000000,0.000000,0.114188,0.000000,0.000000,0.000000,0.00098907
2,668,0.976511,0.000301,93.9837,0.000000,0.000000,0.000000,0.065680,0.000000,0.000000,0.000000,0.00098907
2,669,0.819991,0.000250,89.8401,0.000000,0.000000,0.000000,0.069927,0.000000,0.000000,0.000000,0.00098907
2,670,0.871841,0.000268,89.4677,0.000000,0.000000,0.000000,0.063877,0.000000,0.000000,0.000000,0.00098907
2,671,0.679722,0.000210,98.8285,0.000000,0.000000,0.000000,0.044159,0.000000,0.000000,0.000000,0.00098907
2,672,0.868163,0.000264,106.0340,0.000000,0.000000,0.000000,0.079994,0.000000,0.000000,0.000000,0.00098907
2,673,0.661878,0.000197,88.5516,0.000000,0.000000,0.000000,0.089770,0.000000,0.000000,0.000000,0.00098907
2,674,0.566683,0.000177,104.7937,0.000000,0.000000,0.000000,0.023044,0.000000,0.000000,0.000000,0.00098907
2,675,0.570944,0.000172,88.7862,0.000000,0.000000,0.000000,0.060916,0.000000,0.000000,0.000000,0.00098907
2,676,0.489005,0.000152,101.9471,0.000000,0.000000,0.000000,0.024249,0.000000,0.000000,0.000000,0.00098907
2,677,0.534669,0.000168,84.3544,0.000000,0.000000,0.000000,0.018575,0.000000,0.000000,0.000000,0.00098907
2,678,0.520198,0.000160,106.9248,0.000000,0.000000,0.000000,0.034775,0.000000,0.000000,0.000000,0.00098907
2,679,0.523896,0.000164,96.8281,0.000000,0.000000,0.000000,0.022130,0.000000,0.000000,0.000000,0.00098907
2,680,0.599891,0.000188,91.1775,0.000000,0.000000,0.000000,0.021341,0.000000,0.000000,0.000000,0.00098907
2,681,0.522731,0.000165,95.0021,0.000000,0.000000,0.000000,0.012778,0.000000,0.000000,0.000000,0.00098907
2,682,0.531343,0.000166,92.0940,0.000000,0.000000,0.000000,0.020057,0.000000,0.000000,0.000000,0.00098907
2,683,0.510652,0.000161,96.4993,0.000000,0.000000,0.000000,0.013049,0.000000,0.000000,0.000000,0.00098907
2,684,0.513845,0.000159,102.2545,0.000000,0.000000,0.000000,0.030909,0.000000,0.000000,0.000000,0.00098907
2,685,0.563106,0.000177,81.9584,0.000000,0.000000,0.000000,0.017133,0.000000,0.000000,0.000000,0.00098907
2,686,0.474864,0.000149,84.6604,0.000000,0.000000,0.000000,0.012863,0.000000,0.000000,0.000000,0.00098907
2,687,0.438393,0.000138,88.5898,0.000000,0.000000,0.000000,0.012354,0.000000,0.000000,0.000000,0.00098907
2,688,0.606571,0.000190,89.4839,0.000000,0.000000,0.000000,0.022562,0.000000,0.000000,0.000000,0.00098907
2,689,0.567791,0.000178,99.9826,0.000000,0.000000,0.000000,0.016080,0.000000,0.000000,0.000000,0.00098907
2,690,0.487952,0.000153,95.4040,0.000000,0.000000,0.000000,0.015708,0.000000,0.000000,0.000000,0.00098907
2,691,0.522924,0.000163,94.9259,0.000000,0.000000,0.000000,0.021257,0.000000,0.000000,0.000000,0.00098907
2,692,0.651908,0.000202,86.2634,0.000000,0.000000,0.000000,0.035315,0.000000,0.000000,0.000000,0.00098907
2,693,0.519757,0.000160,106.6877,0.000000,0.000000,0.000000,0.037412,0.000000,0.000000,0.000000,0.00098907
2,694,0.530958,0.000164,87.8356,0.000000,0.000000,0.000000,0.035074,0.000000,0.000000,0.000000,0.00098907
2,695,0.524012,0.000162,100.4554,0.000000,0.000000,0.000000,0.031501,0.000000,0.000000,0.000000,0.00098907
2,696,0.640048,0.000198,79.3857,0.000000,0.000000,0.000000,0.035187,0.000000,0.000000,0.000000,0.00098907
2,697,0.519719,0.000161,91.5513,0.000000,0.000000,0.000000,0.027716,0.000000,0.000000,0.000000,0.00098907
2,698,0.479711,0.000149,97.4595,0.000000,0.000000,0.000000,0.025118,0.000000,0.000000,0.000000,0.00098907
2,699,0.533588,0.000165,95.8412,0.000000,0.000000,0.000000,0.029935,0.000000,0.000000,0.000000,0.00098907
2,700,0.469237,0.000148,106.3649,0.000000,0.000000,0.000000,0.012321,0.000000,0.000000,0.000000,0.00098907
2,701,0.588826,0.000184,85.7322,0.000000,0.000000,0.000000,0.021891,0.000000,0.000000,0.000000,0.00098907
2,702,0.383326,0.000120,108.9739,0.000000,0.000000,0.000000,0.016300,0.000000,0.000000,0.000000,0.00098907
2,703,0.474272,0.000149,93.6554,0.000000,0.000000,0.000000,0.011438,0.000000,0.000000,0.000000,0.00098907
2,704,0.596479,0.000186,95.1487,0.000000,0.000000,0.000000,0.023875,0.000000,0.000000,0.000000,0.00098907
2,705,0.525631,0.000165,95.3895,0.000000,0.000000,0.000000,0.017911,0.000000,0.000000,0.000000,0.00098907
2,706,0.471861,0.000149,95.7179,0.000000,0.000000,0.000000,0.007851,0.000000,0.000000,0.000000,0.00098907
2,707,0.566002,0.000176,80.3339,0.000000,0.000000,0.000000,0.025824,0.000000,0.000000,0.000000,0.00098907
2,708,0.432870,0.000136,91.9739,0.000000,0.000000,0.000000,0.010762,0.000000,0.000000,0.000000,0.00098907
2,709,0.390963,0.000123,94.1583,0.000000,0.000000,0.000000,0.007999,0.000000,0.000000,0.000000,0.00098907
2,710,0.427505,0.000135,94.1796,0.000000,0.000000,0.000000,0.009984,0.000000,0.000000,0.000000,0.00098907
2,711,0.428859,0.000135,87.3960,0.000000,0.000000,0.000000,0.012966,0.000000,0.000000,0.000000,0.00098907
2,712,0.413941,0.000131,89.3176,0.000000,0.000000,0.000000,0.004457,0.000000,0.000000,0.000000,0.00098907
2,713,0.395341,0.000125,93.6976,0.000000,0.000000,0.000000,0.006608,0.000000,0.000000,0.000000,0.00098907
2,714,0.476896,0.000151,94.5626,0.000000,0.000000,0.000000,0.007490,0.000000,0.000000,0.000000,0.00098907
2,715,0.437479,0.000138,94.9373,0.000000,0.000000,0.000000,0.009662,0.000000,0.000000,0.000000,0.00098907
2,716,0.525169,0.000165,85.6618,0.000000,0.000000,0.000000,0.018508,0.000000,0.000000,0.000000,0.00098907
2,717,0.451642,0.000142,89.9085,0.000000,0.000000,0.000000,0.014098,0.000000,0.000000,0.000000,0.00098907
2,718,0.469089,0.000147,104.3589,0.000000,0.000000,0.000000,0.013910,0.000000,0.000000,0.000000,0.00098907
2,719,0.433409,0.000136,90.2198,0.000000,0.000000,0.000000,0.014957,0.000000,0.000000,0.000000,0.00098907
3,1,0.651529,0.000201,91.6342,0.000000,0.000000,0.000000,0.044422,0.000000,0.000000,0.000000,0.00095677
3,2,0.565523,0.000177,96.7188,0.000000,0.000000,0.000000,0.022080,0.000000,0.000000,0.000000,0.00095677
3,3,0.531245,0.000166,95.0830,0.000000,0.000000,0.000000,0.019315,0.000000,0.000000,0.000000,0.00095677
3,4,0.542432,0.000170,90.2037,0.000000,0.000000,0.000000,0.019438,0.000000,0.000000,0.000000,0.00095677
3,5,0.529653,0.000167,91.0084,0.000000,0.000000,0.000000,0.013984,0.000000,0.000000,0.000000,0.00095677
3,6,0.544365,0.000172,92.4970,0.000000,0.000000,0.000000,0.010150,0.000000,0.000000,0.000000,0.00095677
3,7,0.520343,0.000164,89.5612,0.000000,0.000000,0.000000,0.011064,0.000000,0.000000,0.000000,0.00095677
3,8,0.531536,0.000167,94.4895,0.000000,0.000000,0.000000,0.013534,0.000000,0.000000,0.000000,0.00095677
3,9,0.548845,0.000174,91.6187,0.000000,0.000000,0.000000,0.008883,0.000000,0.000000,0.000000,0.00095677
3,10,0.555981,0.000175,96.0386,0.000000,0.000000,0.000000,0.012928,0.000000,0.000000,0.000000,0.00095677
3,11,0.502606,0.000159,92.0572,0.000000,0.000000,0.000000,0.010015,0.000000,0.000000,0.000000,0.00095677
3,12,0.486127,0.000153,92.7201,0.000000,0.000000,0.000000,0.011793,0.000000,0.000000,0.000000,0.00095677
3,13,0.513830,0.000163,92.1831,0.000000,0.000000,0.000000,0.005829,0.000000,0.000000,0.000000,0.00095677
3,14,0.511689,0.000162,91.2782,0.000000,0.000000,0.000000,0.007439,0.000000,0.000000,0.000000,0.00095677
3,15,0.532536,0.000168,91.3784,0.000000,0.000000,0.000000,0.011522,0.000000,0.000000,0.000000,0.00095677
3,16,0.574371,0.000179,89.2202,0.000000,0.000000,0.000000,0.026163,0.000000,0.000000,0.000000,0.00095677
3,17,0.567650,0.000176,91.4193,0.000000,0.000000,0.000000,0.028416,0.000000,0.000000,0.000000,0.00095677
3,18,0.584629,0.000184,91.7963,0.000000,0.000000,0.000000,0.012732,0.000000,0.000000,0.000000,0.00095677
3,19,0.590735,0.000185,90.9946,0.000000,0.000000,0.000000,0.019355,0.000000,0.000000,0.000000,0.00095677
3,20,0.547198,0.000173,94.0494,0.000000,0.000000,0.000000,0.009018,0.000000,0.000000,0.000000,0.00095677
3,21,0.602966,0.000191,92.4250,0.000000,0.000000,0.000000,0.010524,0.000000,0.000000,0.000000,0.00095677
3,22,0.614437,0.000194,91.2182,0.000000,0.000000,0.000000,0.012793,0.000000,0.000000,0.000000,0.00095677
3,23,0.527868,0.000167,91.6306,0.000000,0.000000,0.000000,0.009642,0.000000,0.000000,0.000000,0.00095677
3,24,0.574674,0.000181,91.7706,0.000000,0.000000,0.000000,0.013615,0.000000,0.000000,0.000000,0.00095677
3,25,0.552081,0.000174,94.2981,0.000000,0.000000,0.000000,0.014774,0.000000,0.000000,0.000000,0.00095677
3,26,0.550941,0.000174,93.0429,0.000000,0.000000,0.000000,0.009106,0.000000,0.000000,0.000000,0.00095677
3,27,0.539335,0.000171,91.2380,0.000000,0.000000,0.000000,0.008644,0.000000,0.000000,0.000000,0.00095677
3,28,0.582717,0.000184,87.6030,0.000000,0.000000,0.000000,0.012914,0.000000,0.000000,0.000000,0.00095677
3,29,0.548915,0.000174,86.5837,0.000000,0.000000,0.000000,0.005423,0.000000,0.000000,0.000000,0.00095677
3,30,0.552752,0.000174,90.3963,0.000000,0.000000,0.000000,0.011116,0.000000,0.000000,0.000000,0.00095677
3,31,0.534455,0.000169,92.7239,0.000000,0.000000,0.000000,0.007309,0.000000,0.000000,0.000000,0.00095677
3,32,0.554640,0.000169,93.5358,0.000000,0.000000,0.000000,0.052401,0.000000,0.000000,0.000000,0.00095677
3,33,0.582756,0.000170,87.8845,0.000000,0.000000,0.000000,0.100564,0.000000,0.000000,0.000000,0.00095677
3,34,0.575709,0.000170,93.5522,0.000000,0.000000,0.000000,0.087724,0.000000,0.000000,0.000000,0.00095677
3,35,0.464828,0.000146,94.2520,0.000000,0.000000,0.000000,0.016134,0.000000,0.000000,0.000000,0.00095677
3,36,0.487258,0.000150,93.5716,0.000000,0.000000,0.000000,0.031843,0.000000,0.000000,0.000000,0.00095677
3,37,0.446737,0.000140,93.3274,0.000000,0.000000,0.000000,0.018420,0.000000,0.000000,0.000000,0.00095677
3,38,0.471881,0.000148,91.1486,0.000000,0.000000,0.000000,0.013797,0.000000,0.000000,0.000000,0.00095677
3,39,0.461586,0.000145,93.0734,0.000000,0.000000,0.000000,0.011625,0.000000,0.000000,0.000000,0.00095677
3,40,0.497684,0.000157,88.6596,0.000000,0.000000,0.000000,0.010794,0.000000,0.000000,0.000000,0.00095677
3,41,0.521481,0.000165,92.5196,0.000000,0.000000,0.000000,0.010608,0.000000,0.000000,0.000000,0.00095677
3,42,0.498075,0.000158,92.0268,0.000000,0.000000,0.000000,0.007851,0.000000,0.000000,0.000000,0.00095677
3,43,0.468645,0.000148,96.2079,0.000000,0.000000,0.000000,0.009101,0.000000,0.000000,0.000000,0.00095677
3,44,0.457671,0.000144,95.7340,0.000000,0.000000,0.000000,0.009241,0.000000,0.000000,0.000000,0.00095677
3,45,0.415660,0.000132,95.4093,0.000000,0.000000,0.000000,0.006524,0.000000,0.000000,0.000000,0.00095677
3,46,0.477945,0.000151,94.0865,0.000000,0.000000,0.000000,0.010824,0.000000,0.000000,0.000000,0.00095677
3,47,0.555657,0.000173,95.6996,0.000000,0.000000,0.000000,0.026155,0.000000,0.000000,0.000000,0.00095677
3,48,0.779268,0.000236,104.2982,0.000000,0.000000,0.000000,0.079239,0.000000,0.000000,0.000000,0.00095677
3,49,0.538968,0.000147,98.8019,0.000000,0.000000,0.000000,0.154927,0.000000,0.000000,0.000000,0.00095677
3,50,0.507746,0.000156,100.1031,0.000000,0.000000,0.000000,0.035680,0.000000,0.000000,0.000000,0.00095677
3,51,0.568490,0.000165,97.0246,0.000000,0.000000,0.000000,0.100807,0.000000,0.000000,0.000000,0.00095677
3,52,0.444951,0.000134,99.3435,0.000000,0.000000,0.000000,0.051970,0.000000,0.000000,0.000000,0.00095677
3,53,0.541889,0.000167,102.8060,0.000000,0.000000,0.000000,0.037123,0.000000,0.000000,0.000000,0.00095677
3,54,0.513734,0.000157,100.8332,0.000000,0.000000,0.000000,0.040348,0.000000,0.000000,0.000000,0.00095677
3,55,0.535931,0.000167,104.8388,0.000000,0.000000,0.000000,0.022914,0.000000,0.000000,0.000000,0.00095677
3,56,0.523262,0.000162,95.9036,0.000000,0.000000,0.000000,0.029760,0.000000,0.000000,0.000000,0.00095677
3,57,0.612229,0.000189,91.0171,0.000000,0.000000,0.000000,0.038451,0.000000,0.000000,0.000000,0.00095677
3,58,0.569911,0.000177,87.9067,0.000000,0.000000,0.000000,0.030808,0.000000,0.000000,0.000000,0.00095677
3,59,0.489482,0.000154,93.5432,0.000000,0.000000,0.000000,0.010846,0.000000,0.000000,0.000000,0.00095677
3,60,0.476870,0.000150,93.8425,0.000000,0.000000,0.000000,0.013589,0.000000,0.000000,0.000000,0.00095677
3,61,0.636519,0.000195,86.5947,0.000000,0.000000,0.000000,0.047205,0.000000,0.000000,0.000000,0.00095677
3,62,0.561326,0.000175,88.4254,0.000000,0.000000,0.000000,0.026646,0.000000,0.000000,0.000000,0.00095677
3,63,0.613344,0.000189,94.5838,0.000000,0.000000,0.000000,0.042253,0.000000,0.000000,0.000000,0.00095677
3,64,0.564288,0.000174,93.2093,0.000000,0.000000,0.000000,0.039415,0.000000,0.000000,0.000000,0.00095677
3,65,0.601611,0.000189,90.3172,0.000000,0.000000,0.000000,0.017492,0.000000,0.000000,0.000000,0.00095677
3,66,0.524015,0.000163,92.7587,0.000000,0.000000,0.000000,0.023315,0.000000,0.000000,0.000000,0.00095677
3,67,0.580072,0.000182,87.6222,0.000000,0.000000,0.000000,0.016997,0.000000,0.000000,0.000000,0.00095677
3,68,0.531324,0.000168,92.1271,0.000000,0.000000,0.000000,0.011947,0.000000,0.000000,0.000000,0.00095677
3,69,0.494044,0.000156,92.5219,0.000000,0.000000,0.000000,0.012462,0.000000,0.000000,0.000000,0.00095677
3,70,0.531046,0.000167,93.9154,0.000000,0.000000,0.000000,0.015522,0.000000,0.000000,0.000000,0.00095677
3,71,0.515426,0.000161,91.3307,0.000000,0.000000,0.000000,0.023524,0.000000,0.000000,0.000000,0.00095677
3,72,0.546476,0.000172,91.1520,0.000000,0.000000,0.000000,0.013267,0.000000,0.000000,0.000000,0.00095677
3,73,0.538858,0.000170,91.1425,0.000000,0.000000,0.000000,0.008914,0.000000,0.000000,0.000000,0.00095677
3,74,0.520294,0.000164,92.9745,0.000000,0.000000,0.000000,0.012321,0.000000,0.000000,0.000000,0.00095677
3,75,0.485056,0.000153,91.2513,0.000000,0.000000,0.000000,0.010794,0.000000,0.000000,0.000000,0.00095677
3,76,0.478730,0.000152,92.6200,0.000000,0.000000,0.000000,0.006473,0.000000,0.000000,0.000000,0.00095677
3,77,0.456381,0.000144,91.4014,0.000000,0.000000,0.000000,0.009558,0.000000,0.000000,0.000000,0.00095677
3,78,0.560705,0.000178,92.8975,0.000000,0.000000,0.000000,0.007626,0.000000,0.000000,0.000000,0.00095677
3,79,0.613268,0.000192,95.9141,0.000000,0.000000,0.000000,0.024669,0.000000,0.000000,0.000000,0.00095677
3,80,0.632261,0.000195,88.2017,0.000000,0.000000,0.000000,0.040945,0.000000,0.000000,0.000000,0.00095677
3,81,0.469463,0.000143,93.3344,0.000000,0.000000,0.000000,0.043450,0.000000,0.000000,0.000000,0.00095677
3,82,0.484943,0.000148,95.7682,0.000000,0.000000,0.000000,0.042478,0.000000,0.000000,0.000000,0.00095677
3,83,0.539708,0.000162,101.2893,0.000000,0.000000,0.000000,0.066426,0.000000,0.000000,0.000000,0.00095677
3,84,0.536785,0.000168,92.7140,0.000000,0.000000,0.000000,0.021994,0.000000,0.000000,0.000000,0.00095677
3,85,0.493267,0.000152,94.2140,0.000000,0.000000,0.000000,0.036131,0.000000,0.000000,0.000000,0.00095677
3,86,0.649266,0.000201,83.9293,0.000000,0.000000,0.000000,0.039357,0.000000,0.000000,0.000000,0.00095677
3,87,0.667259,0.000206,87.9613,0.000000,0.000000,0.000000,0.044427,0.000000,0.000000,0.000000,0.00095677
3,88,0.586810,0.000182,86.7016,0.000000,0.000000,0.000000,0.029839,0.000000,0.000000,0.000000,0.00095677
3,89,0.717845,0.000225,78.7059,0.000000,0.000000,0.000000,0.023588,0.000000,0.000000,0.000000,0.00095677
3,90,0.504950,0.000154,103.3425,0.000000,0.000000,0.000000,0.042608,0.000000,0.000000,0.000000,0.00095677
3,91,0.404441,0.000126,105.0524,0.000000,0.000000,0.000000,0.020170,0.000000,0.000000,0.000000,0.00095677
3,92,0.427053,0.000132,118.0286,0.000000,0.000000,0.000000,0.028415,0.000000,0.000000,0.000000,0.00095677
3,93,0.522760,0.000160,98.6346,0.000000,0.000000,0.000000,0.044767,0.000000,0.000000,0.000000,0.00095677
3,94,0.595853,0.000186,94.6304,0.000000,0.000000,0.000000,0.026797,0.000000,0.000000,0.000000,0.00095677
3,95,0.565132,0.000176,95.9954,0.000000,0.000000,0.000000,0.025173,0.000000,0.000000,0.000000,0.00095677
3,96,0.579331,0.000180,92.1006,0.000000,0.000000,0.000000,0.031592,0.000000,0.000000,0.000000,0.00095677
3,97,0.531251,0.000167,94.7477,0.000000,0.000000,0.000000,0.017162,0.000000,0.000000,0.000000,0.00095677
3,98,0.552252,0.000174,91.1370,0.000000,0.000000,0.000000,0.014715,0.000000,0.000000,0.000000,0.00095677
3,99,0.536775,0.000169,91.4256,0.000000,0.000000,0.000000,0.012488,0.000000,0.000000,0.000000,0.00095677
3,100,0.503661,0.000159,92.0339,0.000000,0.000000,0.000000,0.012591,0.000000,0.000000,0.000000,0.00095677
3,101,0.574769,0.000182,93.7721,0.000000,0.000000,0.000000,0.008353,0.000000,0.000000,0.000000,0.00095677
3,102,0.538093,0.000169,91.2776,0.000000,0.000000,0.000000,0.015559,0.000000,0.000000,0.000000,0.00095677
3,103,0.492272,0.000155,93.6280,0.000000,0.000000,0.000000,0.011303,0.000000,0.000000,0.000000,0.00095677
3,104,0.555816,0.000175,94.2055,0.000000,0.000000,0.000000,0.011116,0.000000,0.000000,0.000000,0.00095677
3,105,0.530400,0.000167,91.8265,0.000000,0.000000,0.000000,0.011168,0.000000,0.000000,0.000000,0.00095677
3,106,0.494032,0.000156,90.9880,0.000000,0.000000,0.000000,0.009049,0.000000,0.000000,0.000000,0.00095677
3,107,0.511306,0.000162,96.2723,0.000000,0.000000,0.000000,0.009570,0.000000,0.000000,0.000000,0.00095677
3,108,0.488797,0.000154,94.7257,0.000000,0.000000,0.000000,0.013802,0.000000,0.000000,0.000000,0.00095677
3,109,0.536105,0.000169,88.2954,0.000000,0.000000,0.000000,0.009745,0.000000,0.000000,0.000000,0.00095677
3,110,0.606427,0.000186,99.9582,0.000000,0.000000,0.000000,0.048414,0.000000,0.000000,0.000000,0.00095677
3,111,0.673725,0.000207,101.2517,0.000000,0.000000,0.000000,0.051776,0.000000,0.000000,0.000000,0.00095677
3,112,0.731540,0.000225,104.6498,0.000000,0.000000,0.000000,0.052748,0.000000,0.000000,0.000000,0.00095677
3,113,0.476544,0.000147,98.1685,0.000000,0.000000,0.000000,0.030825,0.000000,0.000000,0.000000,0.00095677
3,114,0.738101,0.000228,94.2245,0.000000,0.000000,0.000000,0.044479,0.000000,0.000000,0.000000,0.00095677
3,115,0.688130,0.000203,92.9261,0.000000,0.000000,0.000000,0.105375,0.000000,0.000000,0.000000,0.00095677
3,116,0.808795,0.000243,80.5922,0.000000,0.000000,0.000000,0.094640,0.000000,0.000000,0.000000,0.00095677
3,117,0.497018,0.000147,111.6665,0.000000,0.000000,0.000000,0.069946,0.000000,0.000000,0.000000,0.00095677
3,118,0.625718,0.000186,99.8718,0.000000,0.000000,0.000000,0.084955,0.000000,0.000000,0.000000,0.00095677
3,119,0.509111,0.000151,109.7108,0.000000,0.000000,0.000000,0.074194,0.000000,0.000000,0.000000,0.00095677
3,120,0.628068,0.000191,87.0446,0.000000,0.000000,0.000000,0.060623,0.000000,0.000000,0.000000,0.00095677
3,121,0.519688,0.000156,90.3091,0.000000,0.000000,0.000000,0.063869,0.000000,0.000000,0.000000,0.00095677
3,122,0.542782,0.000167,88.2779,0.000000,0.000000,0.000000,0.039776,0.000000,0.000000,0.000000,0.00095677
3,123,0.613132,0.000190,82.6199,0.000000,0.000000,0.000000,0.035459,0.000000,0.000000,0.000000,0.00095677
3,124,0.597205,0.000185,84.6275,0.000000,0.000000,0.000000,0.032354,0.000000,0.000000,0.000000,0.00095677
3,125,0.515129,0.000159,95.9813,0.000000,0.000000,0.000000,0.030856,0.000000,0.000000,0.000000,0.00095677
3,126,0.696099,0.000213,88.8151,0.000000,0.000000,0.000000,0.059062,0.000000,0.000000,0.000000,0.00095677
3,127,0.615197,0.000188,85.6697,0.000000,0.000000,0.000000,0.053380,0.000000,0.000000,0.000000,0.00095677
3,128,0.529691,0.000166,99.6884,0.000000,0.000000,0.000000,0.015116,0.000000,0.000000,0.000000,0.00095677
3,129,0.541342,0.000169,90.4416,0.000000,0.000000,0.000000,0.024119,0.000000,0.000000,0.000000,0.00095677
3,130,0.396492,0.000123,104.3327,0.000000,0.000000,0.000000,0.018587,0.000000,0.000000,0.000000,0.00095677
3,131,0.417285,0.000131,95.8913,0.000000,0.000000,0.000000,0.014742,0.000000,0.000000,0.000000,0.00095677
3,132,0.480624,0.000151,94.8615,0.000000,0.000000,0.000000,0.013184,0.000000,0.000000,0.000000,0.00095677
3,133,0.518779,0.000164,90.5878,0.000000,0.000000,0.000000,0.008883,0.000000,0.000000,0.000000,0.00095677
3,134,0.422263,0.000133,100.0297,0.000000,0.000000,0.000000,0.008997,0.000000,0.000000,0.000000,0.00095677
3,135,0.596931,0.000187,90.5662,0.000000,0.000000,0.000000,0.020831,0.000000,0.000000,0.000000,0.00095677
3,136,0.469114,0.000148,89.3501,0.000000,0.000000,0.000000,0.012082,0.000000,0.000000,0.000000,0.00095677
3,137,0.470170,0.000148,105.2127,0.000000,0.000000,0.000000,0.009049,0.000000,0.000000,0.000000,0.00095677
3,138,0.569640,0.000176,93.3667,0.000000,0.000000,0.000000,0.034760,0.000000,0.000000,0.000000,0.00095677
3,139,0.512159,0.000158,84.8108,0.000000,0.000000,0.000000,0.032299,0.000000,0.000000,0.000000,0.00095677
3,140,0.490152,0.000154,89.0894,0.000000,0.000000,0.000000,0.014234,0.000000,0.000000,0.000000,0.00095677
3,141,0.764642,0.000238,77.5618,0.000000,0.000000,0.000000,0.034363,0.000000,0.000000,0.000000,0.00095677
3,142,0.880957,0.000276,76.7847,0.000000,0.000000,0.000000,0.033077,0.000000,0.000000,0.000000,0.00095677
3,143,0.653234,0.000202,103.9408,0.000000,0.000000,0.000000,0.039923,0.000000,0.000000,0.000000,0.00095677
3,144,0.605375,0.000189,102.4118,0.000000,0.000000,0.000000,0.026258,0.000000,0.000000,0.000000,0.00095677
3,145,0.598355,0.000186,98.5110,0.000000,0.000000,0.000000,0.027688,0.000000,0.000000,0.000000,0.00095677
3,146,0.724778,0.000227,87.9540,0.000000,0.000000,0.000000,0.024622,0.000000,0.000000,0.000000,0.00095677
3,147,0.624051,0.000196,91.9134,0.000000,0.000000,0.000000,0.019148,0.000000,0.000000,0.000000,0.00095677
3,148,0.724062,0.000225,75.9332,0.000000,0.000000,0.000000,0.037319,0.000000,0.000000,0.000000,0.00095677
3,149,0.474215,0.000147,108.3479,0.000000,0.000000,0.000000,0.027113,0.000000,0.000000,0.000000,0.00095677
3,150,0.625433,0.000194,87.9588,0.000000,0.000000,0.000000,0.032140,0.000000,0.000000,0.000000,0.00095677
3,151,0.668411,0.000210,82.3083,0.000000,0.000000,0.000000,0.020977,0.000000,0.000000,0.000000,0.00095677
3,152,0.565572,0.000175,93.1957,0.000000,0.000000,0.000000,0.034514,0.000000,0.000000,0.000000,0.00095677
3,153,0.689570,0.000217,76.8475,0.000000,0.000000,0.000000,0.020706,0.000000,0.000000,0.000000,0.00095677
3,154,0.565973,0.000175,95.5572,0.000000,0.000000,0.000000,0.032905,0.000000,0.000000,0.000000,0.00095677
3,155,0.546413,0.000171,90.4636,0.000000,0.000000,0.000000,0.022555,0.000000,0.000000,0.000000,0.00095677
3,156,0.514579,0.000161,88.5667,0.000000,0.000000,0.000000,0.022254,0.000000,0.000000,0.000000,0.00095677
3,157,0.817011,0.000253,95.7329,0.000000,0.000000,0.000000,0.044950,0.000000,0.000000,0.000000,0.00095677
3,158,0.673623,0.000204,101.6943,0.000000,0.000000,0.000000,0.067577,0.000000,0.000000,0.000000,0.00095677
3,159,0.707389,0.000215,98.7081,0.000000,0.000000,0.000000,0.065480,0.000000,0.000000,0.000000,0.00095677
3,160,0.599593,0.000183,93.5872,0.000000,0.000000,0.000000,0.053821,0.000000,0.000000,0.000000,0.00095677
3,161,0.797585,0.000249,74.0089,0.000000,0.000000,0.000000,0.034039,0.000000,0.000000,0.000000,0.00095677
3,162,0.519908,0.000159,84.7749,0.000000,0.000000,0.000000,0.040736,0.000000,0.000000,0.000000,0.00095677
3,163,0.521901,0.000162,91.9763,0.000000,0.000000,0.000000,0.028574,0.000000,0.000000,0.000000,0.00095677
3,164,0.697715,0.000217,83.2137,0.000000,0.000000,0.000000,0.031870,0.000000,0.000000,0.000000,0.00095677
3,165,0.546574,0.000170,102.4288,0.000000,0.000000,0.000000,0.027840,0.000000,0.000000,0.000000,0.00095677
3,166,0.669604,0.000209,81.8545,0.000000,0.000000,0.000000,0.026536,0.000000,0.000000,0.000000,0.00095677
3,167,0.507254,0.000158,87.1152,0.000000,0.000000,0.000000,0.023475,0.000000,0.000000,0.000000,0.00095677
3,168,0.612985,0.000193,93.5654,0.000000,0.000000,0.000000,0.013392,0.000000,0.000000,0.000000,0.00095677
3,169,0.484453,0.000151,98.2799,0.000000,0.000000,0.000000,0.023895,0.000000,0.000000,0.000000,0.00095677
3,170,0.517983,0.000163,92.8197,0.000000,0.000000,0.000000,0.015443,0.000000,0.000000,0.000000,0.00095677
3,171,0.560466,0.000174,110.5546,0.000000,0.000000,0.000000,0.026525,0.000000,0.000000,0.000000,0.00095677
3,172,0.562027,0.000174,92.0717,0.000000,0.000000,0.000000,0.031532,0.000000,0.000000,0.000000,0.00095677
3,173,0.574096,0.000180,92.6713,0.000000,0.000000,0.000000,0.021517,0.000000,0.000000,0.000000,0.00095677
3,174,0.420561,0.000132,107.9685,0.000000,0.000000,0.000000,0.012540,0.000000,0.000000,0.000000,0.00095677
3,175,0.524247,0.000161,105.9568,0.000000,0.000000,0.000000,0.039824,0.000000,0.000000,0.000000,0.00095677
3,176,0.588274,0.000184,75.1441,0.000000,0.000000,0.000000,0.024234,0.000000,0.000000,0.000000,0.00095677
3,177,0.462668,0.000136,99.4856,0.000000,0.000000,0.000000,0.073539,0.000000,0.000000,0.000000,0.00095677
3,178,0.381103,0.000119,104.9311,0.000000,0.000000,0.000000,0.017776,0.000000,0.000000,0.000000,0.00095677
3,179,0.352479,0.000105,103.2909,0.000000,0.000000,0.000000,0.043750,0.000000,0.000000,0.000000,0.00095677
3,180,0.394454,0.000122,98.1598,0.000000,0.000000,0.000000,0.022660,0.000000,0.000000,0.000000,0.00095677
3,181,0.384048,0.000119,91.4252,0.000000,0.000000,0.000000,0.023283,0.000000,0.000000,0.000000,0.00095677
3,182,0.578701,0.000177,83.4151,0.000000,0.000000,0.000000,0.049940,0.000000,0.000000,0.000000,0.00095677
3,183,0.437030,0.000134,101.7528,0.000000,0.000000,0.000000,0.032808,0.000000,0.000000,0.000000,0.00095677
3,184,0.376660,0.000116,101.5210,0.000000,0.000000,0.000000,0.025195,0.000000,0.000000,0.000000,0.00095677
3,185,0.433738,0.000136,109.3466,0.000000,0.000000,0.000000,0.013184,0.000000,0.000000,0.000000,0.00095677
3,186,0.499032,0.000156,89.8822,0.000000,0.000000,0.000000,0.018743,0.000000,0.000000,0.000000,0.00095677
3,187,0.435054,0.000137,90.7308,0.000000,0.000000,0.000000,0.013557,0.000000,0.000000,0.000000,0.00095677
3,188,0.629936,0.000196,94.9737,0.000000,0.000000,0.000000,0.031140,0.000000,0.000000,0.000000,0.00095677
3,189,0.532915,0.000166,97.2295,0.000000,0.000000,0.000000,0.025332,0.000000,0.000000,0.000000,0.00095677
3,190,0.596823,0.000183,83.0360,0.000000,0.000000,0.000000,0.046714,0.000000,0.000000,0.000000,0.00095677
3,191,0.406199,0.000126,100.9247,0.000000,0.000000,0.000000,0.022877,0.000000,0.000000,0.000000,0.00095677
3,192,0.383897,0.000120,101.4794,0.000000,0.000000,0.000000,0.016301,0.000000,0.000000,0.000000,0.00095677
3,193,0.559275,0.000175,93.1240,0.000000,0.000000,0.000000,0.023366,0.000000,0.000000,0.000000,0.00095677
3,194,0.462872,0.000145,97.9687,0.000000,0.000000,0.000000,0.017810,0.000000,0.000000,0.000000,0.00095677
3,195,0.455199,0.000143,94.0064,0.000000,0.000000,0.000000,0.013480,0.000000,0.000000,0.000000,0.00095677
3,196,0.411297,0.000130,95.1346,0.000000,0.000000,0.000000,0.005558,0.000000,0.000000,0.000000,0.00095677
3,197,0.510302,0.000160,79.7800,0.000000,0.000000,0.000000,0.014659,0.000000,0.000000,0.000000,0.00095677
3,198,0.389233,0.000123,101.3253,0.000000,0.000000,0.000000,0.008965,0.000000,0.000000,0.000000,0.00095677
3,199,0.428072,0.000135,95.1410,0.000000,0.000000,0.000000,0.008270,0.000000,0.000000,0.000000,0.00095677
3,200,0.322402,0.000101,98.4809,0.000000,0.000000,0.000000,0.009184,0.000000,0.000000,0.000000,0.00095677
3,201,0.472053,0.000149,87.1026,0.000000,0.000000,0.000000,0.007033,0.000000,0.000000,0.000000,0.00095677
3,202,0.358396,0.000114,99.7565,0.000000,0.000000,0.000000,0.004914,0.000000,0.000000,0.000000,0.00095677
3,203,0.428784,0.000134,95.1733,0.000000,0.000000,0.000000,0.019678,0.000000,0.000000,0.000000,0.00095677
3,204,0.479278,0.000139,107.4161,0.000000,0.000000,0.000000,0.086043,0.000000,0.000000,0.000000,0.00095677
3,205,0.524202,0.000163,85.0113,0.000000,0.000000,0.000000,0.023287,0.000000,0.000000,0.000000,0.00095677
3,206,0.557576,0.000171,92.0805,0.000000,0.000000,0.000000,0.044120,0.000000,0.000000,0.000000,0.00095677
3,207,0.494623,0.000146,96.6150,0.000000,0.000000,0.000000,0.070891,0.000000,0.000000,0.000000,0.00095677
3,208,0.630927,0.000185,79.5863,0.000000,0.000000,0.000000,0.104239,0.000000,0.000000,0.000000,0.00095677
3,209,0.477622,0.000143,99.6806,0.000000,0.000000,0.000000,0.057731,0.000000,0.000000,0.000000,0.00095677
3,210,0.352993,0.000108,98.9909,0.000000,0.000000,0.000000,0.031687,0.000000,0.000000,0.000000,0.00095677
3,211,0.498042,0.000152,93.5020,0.000000,0.000000,0.000000,0.040991,0.000000,0.000000,0.000000,0.00095677
3,212,0.412471,0.000128,108.5136,0.000000,0.000000,0.000000,0.021221,0.000000,0.000000,0.000000,0.00095677
3,213,0.350573,0.000110,101.0440,0.000000,0.000000,0.000000,0.011760,0.000000,0.000000,0.000000,0.00095677
3,214,0.339911,0.000106,102.3581,0.000000,0.000000,0.000000,0.013049,0.000000,0.000000,0.000000,0.00095677
3,215,0.475522,0.000145,91.4876,0.000000,0.000000,0.000000,0.039343,0.000000,0.000000,0.000000,0.00095677
3,216,0.613888,0.000191,90.0356,0.000000,0.000000,0.000000,0.028114,0.000000,0.000000,0.000000,0.00095677
3,217,0.509628,0.000157,79.1066,0.000000,0.000000,0.000000,0.035261,0.000000,0.000000,0.000000,0.00095677
3,218,0.463806,0.000142,98.4838,0.000000,0.000000,0.000000,0.038584,0.000000,0.000000,0.000000,0.00095677
3,219,0.555314,0.000171,83.9106,0.000000,0.000000,0.000000,0.038453,0.000000,0.000000,0.000000,0.00095677
3,220,0.546767,0.000165,90.8391,0.000000,0.000000,0.000000,0.059593,0.000000,0.000000,0.000000,0.00095677
3,221,0.474576,0.000141,98.5950,0.000000,0.000000,0.000000,0.064825,0.000000,0.000000,0.000000,0.00095677
3,222,0.478875,0.000142,107.8365,0.000000,0.000000,0.000000,0.066805,0.000000,0.000000,0.000000,0.00095677
3,223,0.498858,0.000155,92.8738,0.000000,0.000000,0.000000,0.027826,0.000000,0.000000,0.000000,0.00095677
3,224,0.446871,0.000141,86.8129,0.000000,0.000000,0.000000,0.012456,0.000000,0.000000,0.000000,0.00095677
3,225,0.492553,0.000153,94.5393,0.000000,0.000000,0.000000,0.027420,0.000000,0.000000,0.000000,0.00095677
3,226,0.663800,0.000204,76.7620,0.000000,0.000000,0.000000,0.047653,0.000000,0.000000,0.000000,0.00095677
3,227,0.566114,0.000177,74.5477,0.000000,0.000000,0.000000,0.024307,0.000000,0.000000,0.000000,0.00095677
3,228,0.448529,0.000140,91.1015,0.000000,0.000000,0.000000,0.018774,0.000000,0.000000,0.000000,0.00095677
3,229,0.570620,0.000179,83.0898,0.000000,0.000000,0.000000,0.020158,0.000000,0.000000,0.000000,0.00095677
3,230,0.494145,0.000153,101.3260,0.000000,0.000000,0.000000,0.026057,0.000000,0.000000,0.000000,0.00095677
3,231,0.465800,0.000145,101.7576,0.000000,0.000000,0.000000,0.019345,0.000000,0.000000,0.000000,0.00095677
3,232,0.438490,0.000137,101.5003,0.000000,0.000000,0.000000,0.019251,0.000000,0.000000,0.000000,0.00095677
3,233,0.369798,0.000115,110.2466,0.000000,0.000000,0.000000,0.015438,0.000000,0.000000,0.000000,0.00095677
3,234,0.401944,0.000127,106.0885,0.000000,0.000000,0.000000,0.007948,0.000000,0.000000,0.000000,0.00095677
3,235,0.519499,0.000163,110.0725,0.000000,0.000000,0.000000,0.015760,0.000000,0.000000,0.000000,0.00095677
3,236,0.476116,0.000151,108.4948,0.000000,0.000000,0.000000,0.008270,0.000000,0.000000,0.000000,0.00095677
3,237,0.658808,0.000206,85.2697,0.000000,0.000000,0.000000,0.023017,0.000000,0.000000,0.000000,0.00095677
3,238,0.565792,0.000178,96.0395,0.000000,0.000000,0.000000,0.013807,0.000000,0.000000,0.000000,0.00095677
3,239,0.475705,0.000149,95.2977,0.000000,0.000000,0.000000,0.014151,0.000000,0.000000,0.000000,0.00095677
3,240,0.377145,0.000119,106.3135,0.000000,0.000000,0.000000,0.006389,0.000000,0.000000,0.000000,0.00095677
3,241,0.626367,0.000194,85.1569,0.000000,0.000000,0.000000,0.033375,0.000000,0.000000,0.000000,0.00095677
3,242,0.653224,0.000203,71.5381,0.000000,0.000000,0.000000,0.030179,0.000000,0.000000,0.000000,0.00095677
3,243,0.593327,0.000187,85.1828,0.000000,0.000000,0.000000,0.013829,0.000000,0.000000,0.000000,0.00095677
3,244,0.567189,0.000178,93.6096,0.000000,0.000000,0.000000,0.017776,0.000000,0.000000,0.000000,0.00095677
3,245,0.457628,0.000145,101.9956,0.000000,0.000000,0.000000,0.006016,0.000000,0.000000,0.000000,0.00095677
3,246,0.488340,0.000154,87.6159,0.000000,0.000000,0.000000,0.010525,0.000000,0.000000,0.000000,0.00095677
3,247,0.516379,0.000162,88.1973,0.000000,0.000000,0.000000,0.013557,0.000000,0.000000,0.000000,0.00095677
3,248,0.552352,0.000175,83.7948,0.000000,0.000000,0.000000,0.005236,0.000000,0.000000,0.000000,0.00095677
3,249,0.467238,0.000144,92.3903,0.000000,0.000000,0.000000,0.033601,0.000000,0.000000,0.000000,0.00095677
3,250,0.395404,0.000123,105.4832,0.000000,0.000000,0.000000,0.018285,0.000000,0.000000,0.000000,0.00095677
3,251,0.408652,0.000127,99.9871,0.000000,0.000000,0.000000,0.023501,0.000000,0.000000,0.000000,0.00095677
3,252,0.414683,0.000129,89.8495,0.000000,0.000000,0.000000,0.018831,0.000000,0.000000,0.000000,0.00095677
3,253,0.523031,0.000163,84.7864,0.000000,0.000000,0.000000,0.023606,0.000000,0.000000,0.000000,0.00095677
3,254,0.450835,0.000140,90.0315,0.000000,0.000000,0.000000,0.025910,0.000000,0.000000,0.000000,0.00095677
3,255,0.382586,0.000121,93.9041,0.000000,0.000000,0.000000,0.008727,0.000000,0.000000,0.000000,0.00095677
3,256,0.503122,0.000155,85.1156,0.000000,0.000000,0.000000,0.036292,0.000000,0.000000,0.000000,0.00095677
3,257,0.472588,0.000149,86.9436,0.000000,0.000000,0.000000,0.009101,0.000000,0.000000,0.000000,0.00095677
3,258,0.371521,0.000115,106.2025,0.000000,0.000000,0.000000,0.019308,0.000000,0.000000,0.000000,0.00095677
3,259,0.455649,0.000144,93.9055,0.000000,0.000000,0.000000,0.011168,0.000000,0.000000,0.000000,0.00095677
3,260,0.458111,0.000144,84.3029,0.000000,0.000000,0.000000,0.014982,0.000000,0.000000,0.000000,0.00095677
3,261,0.444942,0.000139,89.9580,0.000000,0.000000,0.000000,0.019251,0.000000,0.000000,0.000000,0.00095677
3,262,0.406568,0.000128,94.1589,0.000000,0.000000,0.000000,0.008083,0.000000,0.000000,0.000000,0.00095677
3,263,0.363146,0.000113,108.4856,0.000000,0.000000,0.000000,0.019251,0.000000,0.000000,0.000000,0.00095677
3,264,0.341831,0.000108,100.6453,0.000000,0.000000,0.000000,0.007864,0.000000,0.000000,0.000000,0.00095677
3,265,0.428438,0.000131,95.8663,0.000000,0.000000,0.000000,0.032811,0.000000,0.000000,0.000000,0.00095677
3,266,0.496296,0.000148,93.7727,0.000000,0.000000,0.000000,0.063891,0.000000,0.000000,0.000000,0.00095677
3,267,0.513282,0.000158,102.2444,0.000000,0.000000,0.000000,0.033358,0.000000,0.000000,0.000000,0.00095677
3,268,0.539491,0.000166,93.0683,0.000000,0.000000,0.000000,0.040611,0.000000,0.000000,0.000000,0.00095677
3,269,0.537286,0.000165,88.5733,0.000000,0.000000,0.000000,0.039177,0.000000,0.000000,0.000000,0.00095677
3,270,0.599763,0.000188,89.2279,0.000000,0.000000,0.000000,0.017285,0.000000,0.000000,0.000000,0.00095677
3,271,0.631061,0.000193,96.5479,0.000000,0.000000,0.000000,0.049104,0.000000,0.000000,0.000000,0.00095677
3,272,0.503489,0.000155,93.6999,0.000000,0.000000,0.000000,0.033633,0.000000,0.000000,0.000000,0.00095677
3,273,0.449437,0.000140,94.9304,0.000000,0.000000,0.000000,0.019656,0.000000,0.000000,0.000000,0.00095677
3,274,0.480361,0.000151,100.3960,0.000000,0.000000,0.000000,0.014015,0.000000,0.000000,0.000000,0.00095677
3,275,0.419612,0.000132,97.7274,0.000000,0.000000,0.000000,0.012591,0.000000,0.000000,0.000000,0.00095677
3,276,0.520022,0.000163,92.1639,0.000000,0.000000,0.000000,0.017317,0.000000,0.000000,0.000000,0.00095677
3,277,0.454167,0.000144,101.3388,0.000000,0.000000,0.000000,0.005834,0.000000,0.000000,0.000000,0.00095677
3,278,0.386342,0.000122,97.5264,0.000000,0.000000,0.000000,0.009880,0.000000,0.000000,0.000000,0.00095677
3,279,0.497732,0.000156,81.3901,0.000000,0.000000,0.000000,0.017267,0.000000,0.000000,0.000000,0.00095677
3,280,0.412363,0.000130,100.2421,0.000000,0.000000,0.000000,0.012405,0.000000,0.000000,0.000000,0.00095677
3,281,0.611666,0.000192,76.1744,0.000000,0.000000,0.000000,0.018659,0.000000,0.000000,0.000000,0.00095677
3,282,0.719140,0.000221,89.6194,0.000000,0.000000,0.000000,0.049814,0.000000,0.000000,0.000000,0.00095677
3,283,0.549257,0.000168,101.3256,0.000000,0.000000,0.000000,0.047770,0.000000,0.000000,0.000000,0.00095677
3,284,0.511957,0.000155,83.3337,0.000000,0.000000,0.000000,0.049044,0.000000,0.000000,0.000000,0.00095677
3,285,0.465034,0.000140,102.1963,0.000000,0.000000,0.000000,0.050790,0.000000,0.000000,0.000000,0.00095677
3,286,0.505546,0.000155,87.0147,0.000000,0.000000,0.000000,0.040841,0.000000,0.000000,0.000000,0.00095677
3,287,0.552445,0.000165,87.9245,0.000000,0.000000,0.000000,0.071509,0.000000,0.000000,0.000000,0.00095677
3,288,0.392058,0.000123,103.6349,0.000000,0.000000,0.000000,0.013422,0.000000,0.000000,0.000000,0.00095677
3,289,0.485266,0.000147,99.3330,0.000000,0.000000,0.000000,0.050221,0.000000,0.000000,0.000000,0.00095677
3,290,0.435529,0.000137,99.8962,0.000000,0.000000,0.000000,0.014794,0.000000,0.000000,0.000000,0.00095677
3,291,0.352750,0.000110,104.7870,0.000000,0.000000,0.000000,0.015947,0.000000,0.000000,0.000000,0.00095677
3,292,0.400391,0.000122,98.7686,0.000000,0.000000,0.000000,0.034889,0.000000,0.000000,0.000000,0.00095677
3,293,0.475527,0.000149,90.3623,0.000000,0.000000,0.000000,0.017081,0.000000,0.000000,0.000000,0.00095677
3,294,0.438092,0.000137,89.7168,0.000000,0.000000,0.000000,0.015646,0.000000,0.000000,0.000000,0.00095677
3,295,0.401754,0.000127,94.1579,0.000000,0.000000,0.000000,0.008186,0.000000,0.000000,0.000000,0.00095677
3,296,0.589131,0.000183,94.9428,0.000000,0.000000,0.000000,0.032815,0.000000,0.000000,0.000000,0.00095677
3,297,0.490361,0.000154,99.1643,0.000000,0.000000,0.000000,0.017183,0.000000,0.000000,0.000000,0.00095677
3,298,0.670006,0.000207,81.8952,0.000000,0.000000,0.000000,0.040198,0.000000,0.000000,0.000000,0.00095677
3,299,0.505289,0.000157,94.7261,0.000000,0.000000,0.000000,0.023521,0.000000,0.000000,0.000000,0.00095677
3,300,0.404399,0.000128,104.4557,0.000000,0.000000,0.000000,0.003813,0.000000,0.000000,0.000000,0.00095677
3,301,0.646448,0.000200,79.5175,0.000000,0.000000,0.000000,0.037293,0.000000,0.000000,0.000000,0.00095677
3,302,0.499185,0.000152,91.6582,0.000000,0.000000,0.000000,0.042645,0.000000,0.000000,0.000000,0.00095677
3,303,0.432813,0.000133,102.2085,0.000000,0.000000,0.000000,0.032447,0.000000,0.000000,0.000000,0.00095677
3,304,0.520319,0.000159,94.3736,0.000000,0.000000,0.000000,0.040556,0.000000,0.000000,0.000000,0.00095677
3,305,0.524901,0.000164,87.8967,0.000000,0.000000,0.000000,0.022370,0.000000,0.000000,0.000000,0.00095677
3,306,0.391810,0.000122,103.5165,0.000000,0.000000,0.000000,0.015723,0.000000,0.000000,0.000000,0.00095677
3,307,0.356662,0.000112,107.6049,0.000000,0.000000,0.000000,0.011729,0.000000,0.000000,0.000000,0.00095677
3,308,0.512332,0.000156,86.7304,0.000000,0.000000,0.000000,0.045343,0.000000,0.000000,0.000000,0.00095677
3,309,0.594047,0.000182,77.1277,0.000000,0.000000,0.000000,0.048921,0.000000,0.000000,0.000000,0.00095677
3,310,0.411647,0.000130,103.2998,0.000000,0.000000,0.000000,0.008779,0.000000,0.000000,0.000000,0.00095677
3,311,0.384203,0.000118,99.5866,0.000000,0.000000,0.000000,0.026951,0.000000,0.000000,0.000000,0.00095677
3,312,0.474177,0.000147,85.8094,0.000000,0.000000,0.000000,0.023843,0.000000,0.000000,0.000000,0.00095677
3,313,0.501037,0.000156,99.6724,0.000000,0.000000,0.000000,0.024011,0.000000,0.000000,0.000000,0.00095677
3,314,0.526138,0.000166,102.3726,0.000000,0.000000,0.000000,0.012965,0.000000,0.000000,0.000000,0.00095677
3,315,0.606217,0.000187,93.9961,0.000000,0.000000,0.000000,0.037759,0.000000,0.000000,0.000000,0.00095677
3,316,0.430769,0.000135,98.9165,0.000000,0.000000,0.000000,0.013641,0.000000,0.000000,0.000000,0.00095677
3,317,0.409631,0.000128,97.0418,0.000000,0.000000,0.000000,0.015849,0.000000,0.000000,0.000000,0.00095677
3,318,0.439624,0.000139,108.2470,0.000000,0.000000,0.000000,0.009287,0.000000,0.000000,0.000000,0.00095677
3,319,0.490702,0.000155,96.5980,0.000000,0.000000,0.000000,0.008140,0.000000,0.000000,0.000000,0.00095677
3,320,0.406957,0.000128,105.0221,0.000000,0.000000,0.000000,0.008727,0.000000,0.000000,0.000000,0.00095677
3,321,0.575145,0.000178,94.6833,0.000000,0.000000,0.000000,0.034942,0.000000,0.000000,0.000000,0.00095677
3,322,0.392803,0.000116,100.5335,0.000000,0.000000,0.000000,0.055603,0.000000,0.000000,0.000000,0.00095677
3,323,0.436734,0.000134,93.2169,0.000000,0.000000,0.000000,0.033526,0.000000,0.000000,0.000000,0.00095677
3,324,0.623239,0.000191,77.3138,0.000000,0.000000,0.000000,0.047810,0.000000,0.000000,0.000000,0.00095677
3,325,0.498319,0.000153,88.2975,0.000000,0.000000,0.000000,0.037633,0.000000,0.000000,0.000000,0.00095677
3,326,0.471560,0.000147,86.5938,0.000000,0.000000,0.000000,0.019334,0.000000,0.000000,0.000000,0.00095677
3,327,0.415134,0.000130,98.4933,0.000000,0.000000,0.000000,0.015657,0.000000,0.000000,0.000000,0.00095677
3,328,0.570152,0.000178,84.2666,0.000000,0.000000,0.000000,0.021272,0.000000,0.000000,0.000000,0.00095677
3,329,0.668278,0.000210,76.4809,0.000000,0.000000,0.000000,0.021116,0.000000,0.000000,0.000000,0.00095677
3,330,0.494667,0.000156,97.0784,0.000000,0.000000,0.000000,0.013236,0.000000,0.000000,0.000000,0.00095677
3,331,0.419588,0.000133,93.2270,0.000000,0.000000,0.000000,0.006711,0.000000,0.000000,0.000000,0.00095677
3,332,0.558697,0.000177,85.9871,0.000000,0.000000,0.000000,0.006982,0.000000,0.000000,0.000000,0.00095677
3,333,0.502496,0.000158,87.9282,0.000000,0.000000,0.000000,0.015792,0.000000,0.000000,0.000000,0.00095677
3,334,0.456449,0.000144,88.4073,0.000000,0.000000,0.000000,0.012784,0.000000,0.000000,0.000000,0.00095677
3,335,0.522833,0.000163,83.6832,0.000000,0.000000,0.000000,0.021962,0.000000,0.000000,0.000000,0.00095677
3,336,0.454712,0.000141,97.3547,0.000000,0.000000,0.000000,0.024230,0.000000,0.000000,0.000000,0.00095677
3,337,0.429679,0.000136,99.7589,0.000000,0.000000,0.000000,0.007864,0.000000,0.000000,0.000000,0.00095677
3,338,0.430132,0.000135,92.1889,0.000000,0.000000,0.000000,0.012810,0.000000,0.000000,0.000000,0.00095677
3,339,0.500501,0.000156,88.5010,0.000000,0.000000,0.000000,0.023979,0.000000,0.000000,0.000000,0.00095677
3,340,0.414012,0.000130,100.4617,0.000000,0.000000,0.000000,0.010425,0.000000,0.000000,0.000000,0.00095677
3,341,0.460755,0.000145,85.8183,0.000000,0.000000,0.000000,0.012269,0.000000,0.000000,0.000000,0.00095677
3,342,0.491394,0.000154,91.5557,0.000000,0.000000,0.000000,0.017859,0.000000,0.000000,0.000000,0.00095677
3,343,0.586688,0.000183,79.6694,0.000000,0.000000,0.000000,0.024312,0.000000,0.000000,0.000000,0.00095677
3,344,0.523229,0.000163,93.2830,0.000000,0.000000,0.000000,0.027043,0.000000,0.000000,0.000000,0.00095677
3,345,0.520812,0.000164,93.3543,0.000000,0.000000,0.000000,0.010472,0.000000,0.000000,0.000000,0.00095677
3,346,0.474062,0.000150,89.4002,0.000000,0.000000,0.000000,0.008083,0.000000,0.000000,0.000000,0.00095677
3,347,0.513006,0.000162,87.6506,0.000000,0.000000,0.000000,0.007543,0.000000,0.000000,0.000000,0.00095677
3,348,0.476612,0.000151,81.8536,0.000000,0.000000,0.000000,0.007408,0.000000,0.000000,0.000000,0.00095677
3,349,0.452673,0.000143,82.8576,0.000000,0.000000,0.000000,0.007490,0.000000,0.000000,0.000000,0.00095677
3,350,0.412541,0.000126,106.4855,0.000000,0.000000,0.000000,0.034722,0.000000,0.000000,0.000000,0.00095677
3,351,0.411740,0.000127,103.3503,0.000000,0.000000,0.000000,0.027282,0.000000,0.000000,0.000000,0.00095677
3,352,0.417262,0.000131,97.3231,0.000000,0.000000,0.000000,0.014929,0.000000,0.000000,0.000000,0.00095677
3,353,0.383861,0.000121,102.5044,0.000000,0.000000,0.000000,0.010472,0.000000,0.000000,0.000000,0.00095677
3,354,0.462091,0.000145,77.2352,0.000000,0.000000,0.000000,0.012405,0.000000,0.000000,0.000000,0.00095677
3,355,0.467463,0.000147,104.2105,0.000000,0.000000,0.000000,0.014794,0.000000,0.000000,0.000000,0.00095677
3,356,0.373503,0.000118,96.1609,0.000000,0.000000,0.000000,0.007033,0.000000,0.000000,0.000000,0.00095677
3,357,0.404013,0.000126,88.3644,0.000000,0.000000,0.000000,0.014878,0.000000,0.000000,0.000000,0.00095677
3,358,0.318397,0.000101,97.5982,0.000000,0.000000,0.000000,0.004000,0.000000,0.000000,0.000000,0.00095677
3,359,0.333377,0.000105,100.8503,0.000000,0.000000,0.000000,0.009912,0.000000,0.000000,0.000000,0.00095677
3,360,0.449911,0.000142,104.9666,0.000000,0.000000,0.000000,0.010233,0.000000,0.000000,0.000000,0.00095677
3,361,0.419671,0.000132,98.8928,0.000000,0.000000,0.000000,0.012134,0.000000,0.000000,0.000000,0.00095677
3,362,0.459945,0.000145,91.3902,0.000000,0.000000,0.000000,0.007387,0.000000,0.000000,0.000000,0.00095677
3,363,0.417194,0.000132,93.3748,0.000000,0.000000,0.000000,0.007355,0.000000,0.000000,0.000000,0.00095677
3,364,0.396784,0.000125,94.8311,0.000000,0.000000,0.000000,0.010099,0.000000,0.000000,0.000000,0.00095677
3,365,0.422947,0.000132,98.1043,0.000000,0.000000,0.000000,0.020030,0.000000,0.000000,0.000000,0.00095677
3,366,0.437477,0.000138,89.3266,0.000000,0.000000,0.000000,0.010524,0.000000,0.000000,0.000000,0.00095677
3,367,0.382601,0.000119,99.6651,0.000000,0.000000,0.000000,0.020249,0.000000,0.000000,0.000000,0.00095677
3,368,0.572946,0.000180,87.6066,0.000000,0.000000,0.000000,0.019793,0.000000,0.000000,0.000000,0.00095677
3,369,0.458609,0.000142,92.3084,0.000000,0.000000,0.000000,0.027700,0.000000,0.000000,0.000000,0.00095677
3,370,0.515410,0.000156,84.6119,0.000000,0.000000,0.000000,0.053440,0.000000,0.000000,0.000000,0.00095677
3,371,0.321134,0.000096,107.3959,0.000000,0.000000,0.000000,0.042110,0.000000,0.000000,0.000000,0.00095677
3,372,0.651423,0.000198,93.2395,0.000000,0.000000,0.000000,0.062233,0.000000,0.000000,0.000000,0.00095677
3,373,0.413949,0.000124,91.9867,0.000000,0.000000,0.000000,0.052183,0.000000,0.000000,0.000000,0.00095677
3,374,0.381205,0.000117,90.0073,0.000000,0.000000,0.000000,0.027295,0.000000,0.000000,0.000000,0.00095677
3,375,0.518930,0.000161,96.3675,0.000000,0.000000,0.000000,0.026431,0.000000,0.000000,0.000000,0.00095677
3,376,0.476446,0.000146,89.4816,0.000000,0.000000,0.000000,0.034604,0.000000,0.000000,0.000000,0.00095677
3,377,0.501723,0.000152,96.0004,0.000000,0.000000,0.000000,0.048183,0.000000,0.000000,0.000000,0.00095677
3,378,0.459770,0.000140,96.2072,0.000000,0.000000,0.000000,0.040157,0.000000,0.000000,0.000000,0.00095677
3,379,0.457308,0.000139,102.9303,0.000000,0.000000,0.000000,0.042100,0.000000,0.000000,0.000000,0.00095677
3,380,0.396986,0.000121,93.8213,0.000000,0.000000,0.000000,0.033723,0.000000,0.000000,0.000000,0.00095677
3,381,0.421427,0.000133,90.7234,0.000000,0.000000,0.000000,0.010389,0.000000,0.000000,0.000000,0.00095677
3,382,0.360130,0.000108,100.4818,0.000000,0.000000,0.000000,0.044767,0.000000,0.000000,0.000000,0.00095677
3,383,0.456238,0.000143,91.5042,0.000000,0.000000,0.000000,0.015792,0.000000,0.000000,0.000000,0.00095677
3,384,0.433204,0.000134,100.0918,0.000000,0.000000,0.000000,0.025620,0.000000,0.000000,0.000000,0.00095677
3,385,0.437737,0.000135,97.8300,0.000000,0.000000,0.000000,0.031739,0.000000,0.000000,0.000000,0.00095677
3,386,0.381603,0.000119,93.7125,0.000000,0.000000,0.000000,0.017101,0.000000,0.000000,0.000000,0.00095677
3,387,0.369561,0.000117,90.5316,0.000000,0.000000,0.000000,0.007033,0.000000,0.000000,0.000000,0.00095677
3,388,0.326902,0.000103,101.5778,0.000000,0.000000,0.000000,0.006389,0.000000,0.000000,0.000000,0.00095677
3,389,0.390864,0.000123,91.2943,0.000000,0.000000,0.000000,0.010389,0.000000,0.000000,0.000000,0.00095677
3,390,0.357275,0.000113,99.0833,0.000000,0.000000,0.000000,0.005932,0.000000,0.000000,0.000000,0.00095677
3,391,0.459066,0.000143,88.5430,0.000000,0.000000,0.000000,0.018394,0.000000,0.000000,0.000000,0.00095677
3,392,0.585829,0.000184,80.1285,0.000000,0.000000,0.000000,0.017590,0.000000,0.000000,0.000000,0.00095677
3,393,0.409234,0.000126,107.6284,0.000000,0.000000,0.000000,0.025537,0.000000,0.000000,0.000000,0.00095677
3,394,0.475634,0.000150,93.0810,0.000000,0.000000,0.000000,0.010659,0.000000,0.000000,0.000000,0.00095677
3,395,0.499021,0.000157,87.3758,0.000000,0.000000,0.000000,0.011574,0.000000,0.000000,0.000000,0.00095677
3,396,0.344161,0.000108,99.9150,0.000000,0.000000,0.000000,0.012218,0.000000,0.000000,0.000000,0.00095677
3,397,0.349873,0.000111,99.7848,0.000000,0.000000,0.000000,0.005288,0.000000,0.000000,0.000000,0.00095677
3,398,0.515441,0.000162,90.1167,0.000000,0.000000,0.000000,0.017692,0.000000,0.000000,0.000000,0.00095677
3,399,0.399651,0.000126,91.8888,0.000000,0.000000,0.000000,0.008405,0.000000,0.000000,0.000000,0.00095677
3,400,0.316548,0.000100,105.8943,0.000000,0.000000,0.000000,0.007377,0.000000,0.000000,0.000000,0.00095677
3,401,0.437932,0.000136,96.4517,0.000000,0.000000,0.000000,0.020925,0.000000,0.000000,0.000000,0.00095677
3,402,0.463530,0.000145,92.1809,0.000000,0.000000,0.000000,0.019304,0.000000,0.000000,0.000000,0.00095677
3,403,0.327587,0.000102,101.7341,0.000000,0.000000,0.000000,0.015522,0.000000,0.000000,0.000000,0.00095677
3,404,0.393238,0.000124,99.6951,0.000000,0.000000,0.000000,0.005880,0.000000,0.000000,0.000000,0.00095677
3,405,0.327683,0.000103,95.4727,0.000000,0.000000,0.000000,0.008643,0.000000,0.000000,0.000000,0.00095677
3,406,0.384900,0.000122,94.7916,0.000000,0.000000,0.000000,0.004966,0.000000,0.000000,0.000000,0.00095677
3,407,0.567129,0.000179,97.4489,0.000000,0.000000,0.000000,0.013331,0.000000,0.000000,0.000000,0.00095677
3,408,0.471180,0.000149,97.4593,0.000000,0.000000,0.000000,0.005745,0.000000,0.000000,0.000000,0.00095677
3,409,0.570552,0.000180,92.1626,0.000000,0.000000,0.000000,0.010981,0.000000,0.000000,0.000000,0.00095677
3,410,0.545787,0.000172,100.1815,0.000000,0.000000,0.000000,0.010576,0.000000,0.000000,0.000000,0.00095677
3,411,0.538218,0.000170,93.6195,0.000000,0.000000,0.000000,0.009964,0.000000,0.000000,0.000000,0.00095677
3,412,0.554632,0.000175,79.3349,0.000000,0.000000,0.000000,0.010524,0.000000,0.000000,0.000000,0.00095677
3,413,0.445397,0.000131,111.0711,0.000000,0.000000,0.000000,0.071747,0.000000,0.000000,0.000000,0.00095677
3,414,0.488342,0.000134,99.3640,0.000000,0.000000,0.000000,0.133709,0.000000,0.000000,0.000000,0.00095677
3,415,0.441809,0.000130,106.9234,0.000000,0.000000,0.000000,0.071007,0.000000,0.000000,0.000000,0.00095677
3,416,0.381476,0.000112,104.3623,0.000000,0.000000,0.000000,0.063119,0.000000,0.000000,0.000000,0.00095677
3,417,0.342699,0.000103,97.0957,0.000000,0.000000,0.000000,0.037831,0.000000,0.000000,0.000000,0.00095677
3,418,0.472958,0.000144,86.7482,0.000000,0.000000,0.000000,0.042566,0.000000,0.000000,0.000000,0.00095677
3,419,0.396261,0.000124,95.7417,0.000000,0.000000,0.000000,0.017183,0.000000,0.000000,0.000000,0.00095677
3,420,0.345457,0.000108,107.5677,0.000000,0.000000,0.000000,0.015013,0.000000,0.000000,0.000000,0.00095677
3,421,0.437360,0.000137,94.7958,0.000000,0.000000,0.000000,0.016488,0.000000,0.000000,0.000000,0.00095677
3,422,0.596360,0.000186,77.7497,0.000000,0.000000,0.000000,0.027531,0.000000,0.000000,0.000000,0.00095677
3,423,0.436997,0.000135,112.0125,0.000000,0.000000,0.000000,0.030214,0.000000,0.000000,0.000000,0.00095677
3,424,0.461125,0.000141,84.0664,0.000000,0.000000,0.000000,0.038855,0.000000,0.000000,0.000000,0.00095677
3,425,0.436721,0.000136,101.6473,0.000000,0.000000,0.000000,0.020045,0.000000,0.000000,0.000000,0.00095677
3,426,0.357782,0.000111,100.1395,0.000000,0.000000,0.000000,0.017692,0.000000,0.000000,0.000000,0.00095677
3,427,0.323871,0.000103,102.2302,0.000000,0.000000,0.000000,0.004644,0.000000,0.000000,0.000000,0.00095677
3,428,0.479372,0.000147,82.1065,0.000000,0.000000,0.000000,0.034395,0.000000,0.000000,0.000000,0.00095677
3,429,0.413476,0.000128,93.2503,0.000000,0.000000,0.000000,0.021466,0.000000,0.000000,0.000000,0.00095677
3,430,0.503487,0.000157,93.5206,0.000000,0.000000,0.000000,0.024217,0.000000,0.000000,0.000000,0.00095677
3,431,0.400188,0.000126,93.4719,0.000000,0.000000,0.000000,0.009642,0.000000,0.000000,0.000000,0.00095677
3,432,0.363963,0.000114,91.7504,0.000000,0.000000,0.000000,0.013184,0.000000,0.000000,0.000000,0.00095677
3,433,0.387577,0.000122,83.9767,0.000000,0.000000,0.000000,0.012269,0.000000,0.000000,0.000000,0.00095677
3,434,0.311916,0.000098,98.1555,0.000000,0.000000,0.000000,0.009054,0.000000,0.000000,0.000000,0.00095677
3,435,0.344492,0.000109,99.2879,0.000000,0.000000,0.000000,0.007355,0.000000,0.000000,0.000000,0.00095677
3,436,0.439657,0.000139,96.4732,0.000000,0.000000,0.000000,0.005106,0.000000,0.000000,0.000000,0.00095677
3,437,0.404333,0.000128,105.7438,0.000000,0.000000,0.000000,0.003813,0.000000,0.000000,0.000000,0.00095677
3,438,0.493423,0.000155,90.8926,0.000000,0.000000,0.000000,0.016679,0.000000,0.000000,0.000000,0.00095677
3,439,0.416858,0.000131,101.1914,0.000000,0.000000,0.000000,0.009693,0.000000,0.000000,0.000000,0.00095677
3,440,0.439224,0.000139,88.5800,0.000000,0.000000,0.000000,0.008643,0.000000,0.000000,0.000000,0.00095677
3,441,0.452523,0.000141,98.2766,0.000000,0.000000,0.000000,0.021466,0.000000,0.000000,0.000000,0.00095677
3,442,0.396572,0.000122,85.4372,0.000000,0.000000,0.000000,0.029460,0.000000,0.000000,0.000000,0.00095677
3,443,0.392277,0.000123,86.2406,0.000000,0.000000,0.000000,0.010524,0.000000,0.000000,0.000000,0.00095677
3,444,0.378404,0.000120,101.2068,0.000000,0.000000,0.000000,0.006524,0.000000,0.000000,0.000000,0.00095677
3,445,0.415314,0.000131,88.8460,0.000000,0.000000,0.000000,0.009403,0.000000,0.000000,0.000000,0.00095677
3,446,0.500762,0.000155,96.7902,0.000000,0.000000,0.000000,0.028285,0.000000,0.000000,0.000000,0.00095677
3,447,0.422084,0.000131,86.0536,0.000000,0.000000,0.000000,0.022914,0.000000,0.000000,0.000000,0.00095677
3,448,0.381863,0.000120,86.5195,0.000000,0.000000,0.000000,0.008135,0.000000,0.000000,0.000000,0.00095677
3,449,0.349560,0.000109,93.5327,0.000000,0.000000,0.000000,0.018219,0.000000,0.000000,0.000000,0.00095677
3,450,0.374182,0.000114,104.3967,0.000000,0.000000,0.000000,0.033672,0.000000,0.000000,0.000000,0.00095677
3,451,0.370147,0.000116,100.1646,0.000000,0.000000,0.000000,0.014317,0.000000,0.000000,0.000000,0.00095677
3,452,0.324178,0.000101,93.0621,0.000000,0.000000,0.000000,0.016861,0.000000,0.000000,0.000000,0.00095677
3,453,0.357210,0.000112,94.0563,0.000000,0.000000,0.000000,0.010202,0.000000,0.000000,0.000000,0.00095677
3,454,0.515483,0.000161,96.1026,0.000000,0.000000,0.000000,0.019708,0.000000,0.000000,0.000000,0.00095677
3,455,0.428091,0.000134,88.2179,0.000000,0.000000,0.000000,0.016405,0.000000,0.000000,0.000000,0.00095677
3,456,0.557406,0.000172,82.5268,0.000000,0.000000,0.000000,0.037039,0.000000,0.000000,0.000000,0.00095677
3,457,0.403741,0.000124,103.9053,0.000000,0.000000,0.000000,0.030180,0.000000,0.000000,0.000000,0.00095677
3,458,0.462264,0.000141,82.7865,0.000000,0.000000,0.000000,0.042774,0.000000,0.000000,0.000000,0.00095677
3,459,0.476778,0.000142,98.8696,0.000000,0.000000,0.000000,0.061354,0.000000,0.000000,0.000000,0.00095677
3,460,0.416165,0.000130,94.2379,0.000000,0.000000,0.000000,0.014794,0.000000,0.000000,0.000000,0.00095677
3,461,0.466045,0.000146,85.0696,0.000000,0.000000,0.000000,0.016414,0.000000,0.000000,0.000000,0.00095677
3,462,0.512902,0.000160,88.6625,0.000000,0.000000,0.000000,0.023348,0.000000,0.000000,0.000000,0.00095677
3,463,0.404711,0.000121,100.5050,0.000000,0.000000,0.000000,0.048470,0.000000,0.000000,0.000000,0.00095677
3,464,0.421824,0.000130,97.3159,0.000000,0.000000,0.000000,0.031268,0.000000,0.000000,0.000000,0.00095677
3,465,0.353632,0.000106,95.3812,0.000000,0.000000,0.000000,0.045169,0.000000,0.000000,0.000000,0.00095677
3,466,0.367308,0.000111,93.8768,0.000000,0.000000,0.000000,0.038329,0.000000,0.000000,0.000000,0.00095677
3,467,0.441822,0.000137,102.4679,0.000000,0.000000,0.000000,0.021537,0.000000,0.000000,0.000000,0.00095677
3,468,0.395471,0.000121,106.2642,0.000000,0.000000,0.000000,0.030401,0.000000,0.000000,0.000000,0.00095677
3,469,0.475245,0.000148,93.4301,0.000000,0.000000,0.000000,0.019252,0.000000,0.000000,0.000000,0.00095677
3,470,0.465571,0.000144,91.3528,0.000000,0.000000,0.000000,0.029606,0.000000,0.000000,0.000000,0.00095677
3,471,0.417295,0.000131,91.9847,0.000000,0.000000,0.000000,0.010253,0.000000,0.000000,0.000000,0.00095677
3,472,0.390735,0.000121,99.6614,0.000000,0.000000,0.000000,0.020493,0.000000,0.000000,0.000000,0.00095677
3,473,0.423778,0.000133,90.7561,0.000000,0.000000,0.000000,0.012405,0.000000,0.000000,0.000000,0.00095677
3,474,0.342825,0.000109,96.4605,0.000000,0.000000,0.000000,0.004779,0.000000,0.000000,0.000000,0.00095677
3,475,0.413339,0.000130,83.8490,0.000000,0.000000,0.000000,0.011947,0.000000,0.000000,0.000000,0.00095677
3,476,0.464885,0.000145,86.2037,0.000000,0.000000,0.000000,0.017247,0.000000,0.000000,0.000000,0.00095677
3,477,0.551077,0.000173,83.5946,0.000000,0.000000,0.000000,0.014981,0.000000,0.000000,0.000000,0.00095677
3,478,0.385968,0.000122,98.8767,0.000000,0.000000,0.000000,0.009288,0.000000,0.000000,0.000000,0.00095677
3,479,0.409679,0.000129,96.6437,0.000000,0.000000,0.000000,0.012135,0.000000,0.000000,0.000000,0.00095677
3,480,0.407661,0.000129,90.6105,0.000000,0.000000,0.000000,0.008779,0.000000,0.000000,0.000000,0.00095677
3,481,0.475866,0.000150,77.3637,0.000000,0.000000,0.000000,0.008218,0.000000,0.000000,0.000000,0.00095677
3,482,0.567576,0.000178,74.1535,0.000000,0.000000,0.000000,0.018616,0.000000,0.000000,0.000000,0.00095677
3,483,0.532720,0.000168,79.1284,0.000000,0.000000,0.000000,0.008965,0.000000,0.000000,0.000000,0.00095677
3,484,0.461764,0.000143,97.9992,0.000000,0.000000,0.000000,0.024635,0.000000,0.000000,0.000000,0.00095677
3,485,0.411039,0.000129,101.7207,0.000000,0.000000,0.000000,0.013879,0.000000,0.000000,0.000000,0.00095677
3,486,0.566715,0.000177,98.0789,0.000000,0.000000,0.000000,0.023807,0.000000,0.000000,0.000000,0.00095677
3,487,0.459209,0.000142,108.6619,0.000000,0.000000,0.000000,0.025168,0.000000,0.000000,0.000000,0.00095677
3,488,0.517229,0.000162,94.5414,0.000000,0.000000,0.000000,0.018676,0.000000,0.000000,0.000000,0.00095677
3,489,0.389114,0.000121,99.0270,0.000000,0.000000,0.000000,0.016196,0.000000,0.000000,0.000000,0.00095677
3,490,0.406664,0.000126,98.5688,0.000000,0.000000,0.000000,0.023370,0.000000,0.000000,0.000000,0.00095677
3,491,0.400663,0.000125,102.9739,0.000000,0.000000,0.000000,0.018471,0.000000,0.000000,0.000000,0.00095677
3,492,0.418136,0.000131,91.5082,0.000000,0.000000,0.000000,0.016166,0.000000,0.000000,0.000000,0.00095677
3,493,0.452618,0.000139,110.5643,0.000000,0.000000,0.000000,0.031094,0.000000,0.000000,0.000000,0.00095677
3,494,0.454937,0.000141,88.8661,0.000000,0.000000,0.000000,0.025665,0.000000,0.000000,0.000000,0.00095677
3,495,0.449011,0.000140,103.1499,0.000000,0.000000,0.000000,0.018420,0.000000,0.000000,0.000000,0.00095677
3,496,0.547077,0.000171,100.9256,0.000000,0.000000,0.000000,0.019796,0.000000,0.000000,0.000000,0.00095677
3,497,0.530176,0.000166,87.9447,0.000000,0.000000,0.000000,0.018336,0.000000,0.000000,0.000000,0.00095677
3,498,0.393206,0.000123,99.6579,0.000000,0.000000,0.000000,0.012031,0.000000,0.000000,0.000000,0.00095677
3,499,0.442583,0.000137,101.4275,0.000000,0.000000,0.000000,0.026331,0.000000,0.000000,0.000000,0.00095677
3,500,0.565754,0.000176,86.2917,0.000000,0.000000,0.000000,0.028676,0.000000,0.000000,0.000000,0.00095677
3,501,0.491784,0.000152,106.9400,0.000000,0.000000,0.000000,0.032763,0.000000,0.000000,0.000000,0.00095677
3,502,0.650128,0.000198,95.2353,0.000000,0.000000,0.000000,0.057791,0.000000,0.000000,0.000000,0.00095677
3,503,0.856110,0.000254,72.3176,0.000000,0.000000,0.000000,0.121202,0.000000,0.000000,0.000000,0.00095677
3,504,0.596283,0.000173,103.0544,0.000000,0.000000,0.000000,0.106503,0.000000,0.000000,0.000000,0.00095677
3,505,0.612597,0.000176,84.2896,0.000000,0.000000,0.000000,0.120031,0.000000,0.000000,0.000000,0.00095677
3,506,0.710878,0.000208,88.8704,0.000000,0.000000,0.000000,0.118465,0.000000,0.000000,0.000000,0.00095677
3,507,0.792400,0.000243,82.3690,0.000000,0.000000,0.000000,0.061038,0.000000,0.000000,0.000000,0.00095677
3,508,0.738565,0.000224,80.1604,0.000000,0.000000,0.000000,0.069944,0.000000,0.000000,0.000000,0.00095677
3,509,0.943544,0.000281,76.1904,0.000000,0.000000,0.000000,0.122497,0.000000,0.000000,0.000000,0.00095677
3,510,0.669019,0.000205,103.4693,0.000000,0.000000,0.000000,0.050202,0.000000,0.000000,0.000000,0.00095677
3,511,0.460089,0.000142,103.6725,0.000000,0.000000,0.000000,0.029425,0.000000,0.000000,0.000000,0.00095677
3,512,0.420993,0.000131,103.3381,0.000000,0.000000,0.000000,0.021184,0.000000,0.000000,0.000000,0.00095677
3,513,0.559847,0.000172,90.3907,0.000000,0.000000,0.000000,0.043494,0.000000,0.000000,0.000000,0.00095677
3,514,0.466695,0.000147,97.7122,0.000000,0.000000,0.000000,0.013240,0.000000,0.000000,0.000000,0.00095677
3,515,0.510626,0.000160,89.8970,0.000000,0.000000,0.000000,0.017537,0.000000,0.000000,0.000000,0.00095677
3,516,0.661099,0.000201,112.5938,0.000000,0.000000,0.000000,0.059798,0.000000,0.000000,0.000000,0.00095677
3,517,0.520922,0.000160,85.1247,0.000000,0.000000,0.000000,0.038961,0.000000,0.000000,0.000000,0.00095677
3,518,0.509063,0.000159,79.3694,0.000000,0.000000,0.000000,0.018068,0.000000,0.000000,0.000000,0.00095677
3,519,0.445310,0.000137,95.1123,0.000000,0.000000,0.000000,0.028358,0.000000,0.000000,0.000000,0.00095677
3,520,0.544707,0.000170,90.7426,0.000000,0.000000,0.000000,0.022992,0.000000,0.000000,0.000000,0.00095677
3,521,0.478956,0.000149,81.7930,0.000000,0.000000,0.000000,0.022308,0.000000,0.000000,0.000000,0.00095677
3,522,0.524877,0.000163,84.4534,0.000000,0.000000,0.000000,0.028758,0.000000,0.000000,0.000000,0.00095677
3,523,0.549126,0.000172,84.5559,0.000000,0.000000,0.000000,0.016571,0.000000,0.000000,0.000000,0.00095677
3,524,0.533153,0.000167,89.6614,0.000000,0.000000,0.000000,0.018386,0.000000,0.000000,0.000000,0.00095677
3,525,0.423637,0.000133,85.4392,0.000000,0.000000,0.000000,0.015728,0.000000,0.000000,0.000000,0.00095677
3,526,0.301380,0.000095,92.0911,0.000000,0.000000,0.000000,0.005610,0.000000,0.000000,0.000000,0.00095677
3,527,0.449326,0.000142,85.3519,0.000000,0.000000,0.000000,0.006394,0.000000,0.000000,0.000000,0.00095677
3,528,0.336631,0.000106,89.1043,0.000000,0.000000,0.000000,0.006016,0.000000,0.000000,0.000000,0.00095677
3,529,0.406108,0.000129,99.1936,0.000000,0.000000,0.000000,0.006254,0.000000,0.000000,0.000000,0.00095677
3,530,0.430524,0.000136,103.9370,0.000000,0.000000,0.000000,0.004966,0.000000,0.000000,0.000000,0.00095677
3,531,0.460893,0.000145,80.1024,0.000000,0.000000,0.000000,0.009319,0.000000,0.000000,0.000000,0.00095677
3,532,0.500043,0.000156,90.4802,0.000000,0.000000,0.000000,0.019064,0.000000,0.000000,0.000000,0.00095677
3,533,0.497136,0.000157,91.1279,0.000000,0.000000,0.000000,0.010608,0.000000,0.000000,0.000000,0.00095677
3,534,0.571922,0.000181,89.4064,0.000000,0.000000,0.000000,0.010472,0.000000,0.000000,0.000000,0.00095677
3,535,0.506469,0.000158,87.9139,0.000000,0.000000,0.000000,0.019320,0.000000,0.000000,0.000000,0.00095677
3,536,0.486194,0.000152,83.6499,0.000000,0.000000,0.000000,0.019845,0.000000,0.000000,0.000000,0.00095677
3,537,0.428665,0.000136,92.9690,0.000000,0.000000,0.000000,0.006660,0.000000,0.000000,0.000000,0.00095677
3,538,0.415957,0.000131,98.5352,0.000000,0.000000,0.000000,0.012643,0.000000,0.000000,0.000000,0.00095677
3,539,0.413693,0.000131,88.1747,0.000000,0.000000,0.000000,0.007626,0.000000,0.000000,0.000000,0.00095677
3,540,0.416305,0.000132,94.8814,0.000000,0.000000,0.000000,0.007257,0.000000,0.000000,0.000000,0.00095677
3,541,0.459421,0.000144,82.8665,0.000000,0.000000,0.000000,0.014317,0.000000,0.000000,0.000000,0.00095677
3,542,0.448048,0.000142,85.4112,0.000000,0.000000,0.000000,0.007304,0.000000,0.000000,0.000000,0.00095677
3,543,0.412090,0.000128,103.0387,0.000000,0.000000,0.000000,0.019979,0.000000,0.000000,0.000000,0.00095677
3,544,0.418084,0.000132,92.5463,0.000000,0.000000,0.000000,0.008135,0.000000,0.000000,0.000000,0.00095677
3,545,0.419921,0.000133,102.6351,0.000000,0.000000,0.000000,0.007682,0.000000,0.000000,0.000000,0.00095677
3,546,0.411058,0.000129,95.6556,0.000000,0.000000,0.000000,0.012966,0.000000,0.000000,0.000000,0.00095677
3,547,0.568112,0.000178,88.1926,0.000000,0.000000,0.000000,0.016944,0.000000,0.000000,0.000000,0.00095677
3,548,0.412833,0.000131,98.8522,0.000000,0.000000,0.000000,0.003034,0.000000,0.000000,0.000000,0.00095677
3,549,0.559473,0.000174,92.6727,0.000000,0.000000,0.000000,0.026794,0.000000,0.000000,0.000000,0.00095677
3,550,0.617316,0.000193,85.3301,0.000000,0.000000,0.000000,0.023926,0.000000,0.000000,0.000000,0.00095677
3,551,0.424632,0.000132,102.0835,0.000000,0.000000,0.000000,0.023179,0.000000,0.000000,0.000000,0.00095677
3,552,0.593463,0.000187,80.8606,0.000000,0.000000,0.000000,0.012353,0.000000,0.000000,0.000000,0.00095677
3,553,0.415263,0.000131,89.2926,0.000000,0.000000,0.000000,0.011303,0.000000,0.000000,0.000000,0.00095677
3,554,0.505862,0.000158,83.0579,0.000000,0.000000,0.000000,0.019595,0.000000,0.000000,0.000000,0.00095677
3,555,0.417604,0.000131,90.7232,0.000000,0.000000,0.000000,0.011013,0.000000,0.000000,0.000000,0.00095677
3,556,0.387120,0.000122,88.3442,0.000000,0.000000,0.000000,0.011625,0.000000,0.000000,0.000000,0.00095677
3,557,0.393361,0.000124,99.3029,0.000000,0.000000,0.000000,0.008779,0.000000,0.000000,0.000000,0.00095677
3,558,0.435213,0.000137,89.0628,0.000000,0.000000,0.000000,0.008218,0.000000,0.000000,0.000000,0.00095677
3,559,0.353848,0.000112,101.3221,0.000000,0.000000,0.000000,0.002390,0.000000,0.000000,0.000000,0.00095677
3,560,0.551839,0.000173,85.7980,0.000000,0.000000,0.000000,0.019998,0.000000,0.000000,0.000000,0.00095677
3,561,0.415749,0.000129,93.8809,0.000000,0.000000,0.000000,0.021267,0.000000,0.000000,0.000000,0.00095677
3,562,0.418150,0.000132,86.4660,0.000000,0.000000,0.000000,0.007304,0.000000,0.000000,0.000000,0.00095677
3,563,0.627329,0.000195,94.9682,0.000000,0.000000,0.000000,0.031908,0.000000,0.000000,0.000000,0.00095677
3,564,0.405467,0.000125,109.7487,0.000000,0.000000,0.000000,0.024998,0.000000,0.000000,0.000000,0.00095677
3,565,0.415283,0.000131,95.0351,0.000000,0.000000,0.000000,0.009475,0.000000,0.000000,0.000000,0.00095677
3,566,0.293008,0.000092,107.4507,0.000000,0.000000,0.000000,0.011033,0.000000,0.000000,0.000000,0.00095677
3,567,0.463906,0.000145,98.5226,0.000000,0.000000,0.000000,0.019009,0.000000,0.000000,0.000000,0.00095677
3,568,0.485821,0.000151,107.3441,0.000000,0.000000,0.000000,0.021451,0.000000,0.000000,0.000000,0.00095677
3,569,0.388186,0.000117,92.2766,0.000000,0.000000,0.000000,0.043626,0.000000,0.000000,0.000000,0.00095677
3,570,0.403579,0.000122,99.0068,0.000000,0.000000,0.000000,0.043139,0.000000,0.000000,0.000000,0.00095677
3,571,0.485465,0.000149,94.5134,0.000000,0.000000,0.000000,0.036488,0.000000,0.000000,0.000000,0.00095677
3,572,0.365370,0.000114,93.7183,0.000000,0.000000,0.000000,0.013698,0.000000,0.000000,0.000000,0.00095677
3,573,0.347723,0.000104,97.9623,0.000000,0.000000,0.000000,0.040394,0.000000,0.000000,0.000000,0.00095677
3,574,0.416897,0.000131,84.1639,0.000000,0.000000,0.000000,0.012301,0.000000,0.000000,0.000000,0.00095677
3,575,0.453000,0.000140,88.4291,0.000000,0.000000,0.000000,0.028862,0.000000,0.000000,0.000000,0.00095677
3,576,0.390860,0.000117,102.1994,0.000000,0.000000,0.000000,0.046912,0.000000,0.000000,0.000000,0.00095677
3,577,0.471196,0.000143,79.9398,0.000000,0.000000,0.000000,0.046139,0.000000,0.000000,0.000000,0.00095677
3,578,0.445868,0.000134,103.8359,0.000000,0.000000,0.000000,0.052291,0.000000,0.000000,0.000000,0.00095677
3,579,0.706320,0.000214,76.7995,0.000000,0.000000,0.000000,0.071096,0.000000,0.000000,0.000000,0.00095677
3,580,0.486384,0.000151,93.9553,0.000000,0.000000,0.000000,0.025520,0.000000,0.000000,0.000000,0.00095677
3,581,0.626443,0.000188,72.4285,0.000000,0.000000,0.000000,0.076786,0.000000,0.000000,0.000000,0.00095677
3,582,0.379407,0.000117,103.7061,0.000000,0.000000,0.000000,0.025298,0.000000,0.000000,0.000000,0.00095677
3,583,0.380508,0.000119,103.0524,0.000000,0.000000,0.000000,0.015578,0.000000,0.000000,0.000000,0.00095677
3,584,0.449622,0.000132,85.2424,0.000000,0.000000,0.000000,0.069136,0.000000,0.000000,0.000000,0.00095677
3,585,0.408237,0.000121,99.6731,0.000000,0.000000,0.000000,0.055229,0.000000,0.000000,0.000000,0.00095677
3,586,0.425644,0.000134,94.3770,0.000000,0.000000,0.000000,0.008643,0.000000,0.000000,0.000000,0.00095677
3,587,0.441045,0.000137,91.3086,0.000000,0.000000,0.000000,0.021267,0.000000,0.000000,0.000000,0.00095677
3,588,0.375240,0.000109,104.8246,0.000000,0.000000,0.000000,0.067733,0.000000,0.000000,0.000000,0.00095677
3,589,0.450793,0.000139,98.2296,0.000000,0.000000,0.000000,0.032607,0.000000,0.000000,0.000000,0.00095677
3,590,0.396675,0.000122,96.4631,0.000000,0.000000,0.000000,0.029676,0.000000,0.000000,0.000000,0.00095677
3,591,0.517609,0.000164,87.7276,0.000000,0.000000,0.000000,0.007818,0.000000,0.000000,0.000000,0.00095677
3,592,0.441127,0.000138,83.6964,0.000000,0.000000,0.000000,0.017260,0.000000,0.000000,0.000000,0.00095677
3,593,0.368430,0.000117,95.9994,0.000000,0.000000,0.000000,0.005101,0.000000,0.000000,0.000000,0.00095677
3,594,0.449733,0.000140,98.9409,0.000000,0.000000,0.000000,0.019432,0.000000,0.000000,0.000000,0.00095677
3,595,0.624126,0.000194,89.5761,0.000000,0.000000,0.000000,0.033271,0.000000,0.000000,0.000000,0.00095677
3,596,0.474019,0.000148,89.8066,0.000000,0.000000,0.000000,0.017076,0.000000,0.000000,0.000000,0.00095677
3,597,0.489210,0.000153,91.9774,0.000000,0.000000,0.000000,0.016649,0.000000,0.000000,0.000000,0.00095677
3,598,0.524018,0.000165,91.3601,0.000000,0.000000,0.000000,0.012036,0.000000,0.000000,0.000000,0.00095677
3,599,0.518165,0.000163,92.5810,0.000000,0.000000,0.000000,0.013319,0.000000,0.000000,0.000000,0.00095677
3,600,0.484744,0.000153,87.8382,0.000000,0.000000,0.000000,0.009184,0.000000,0.000000,0.000000,0.00095677
3,601,0.529690,0.000167,87.8136,0.000000,0.000000,0.000000,0.010438,0.000000,0.000000,0.000000,0.00095677
3,602,0.488097,0.000154,90.0693,0.000000,0.000000,0.000000,0.008727,0.000000,0.000000,0.000000,0.00095677
3,603,0.470786,0.000149,92.2600,0.000000,0.000000,0.000000,0.008831,0.000000,0.000000,0.000000,0.00095677
3,604,0.458923,0.000146,90.0156,0.000000,0.000000,0.000000,0.004914,0.000000,0.000000,0.000000,0.00095677
3,605,0.488297,0.000154,91.9992,0.000000,0.000000,0.000000,0.008965,0.000000,0.000000,0.000000,0.00095677
3,606,0.485450,0.000154,88.8835,0.000000,0.000000,0.000000,0.007953,0.000000,0.000000,0.000000,0.00095677
3,607,0.500087,0.000158,90.1362,0.000000,0.000000,0.000000,0.009530,0.000000,0.000000,0.000000,0.00095677
3,608,0.482012,0.000152,89.4024,0.000000,0.000000,0.000000,0.009133,0.000000,0.000000,0.000000,0.00095677
3,609,0.470239,0.000149,88.5575,0.000000,0.000000,0.000000,0.005372,0.000000,0.000000,0.000000,0.00095677
3,610,0.761048,0.000237,86.2335,0.000000,0.000000,0.000000,0.036240,0.000000,0.000000,0.000000,0.00095677
3,611,0.447361,0.000139,99.8328,0.000000,0.000000,0.000000,0.024402,0.000000,0.000000,0.000000,0.00095677
3,612,0.496287,0.000155,87.9550,0.000000,0.000000,0.000000,0.020998,0.000000,0.000000,0.000000,0.00095677
3,613,0.391951,0.000123,100.2500,0.000000,0.000000,0.000000,0.012265,0.000000,0.000000,0.000000,0.00095677
3,614,0.347547,0.000109,102.6367,0.000000,0.000000,0.000000,0.009880,0.000000,0.000000,0.000000,0.00095677
3,615,0.430632,0.000136,104.6280,0.000000,0.000000,0.000000,0.005937,0.000000,0.000000,0.000000,0.00095677
3,616,0.362808,0.000115,108.0421,0.000000,0.000000,0.000000,0.005610,0.000000,0.000000,0.000000,0.00095677
3,617,0.419424,0.000132,93.2742,0.000000,0.000000,0.000000,0.009184,0.000000,0.000000,0.000000,0.00095677
3,618,0.610320,0.000189,87.1387,0.000000,0.000000,0.000000,0.034114,0.000000,0.000000,0.000000,0.00095677
3,619,0.359040,0.000111,100.8831,0.000000,0.000000,0.000000,0.021601,0.000000,0.000000,0.000000,0.00095677
3,620,0.482521,0.000150,96.6478,0.000000,0.000000,0.000000,0.021559,0.000000,0.000000,0.000000,0.00095677
3,621,0.514183,0.000158,105.8394,0.000000,0.000000,0.000000,0.034845,0.000000,0.000000,0.000000,0.00095677
3,622,0.392245,0.000123,96.6542,0.000000,0.000000,0.000000,0.013995,0.000000,0.000000,0.000000,0.00095677
3,623,0.646697,0.000203,86.9577,0.000000,0.000000,0.000000,0.017995,0.000000,0.000000,0.000000,0.00095677
3,624,0.565783,0.000177,89.3039,0.000000,0.000000,0.000000,0.022969,0.000000,0.000000,0.000000,0.00095677
3,625,0.533694,0.000167,89.3792,0.000000,0.000000,0.000000,0.018378,0.000000,0.000000,0.000000,0.00095677
3,626,0.741173,0.000227,78.9708,0.000000,0.000000,0.000000,0.057748,0.000000,0.000000,0.000000,0.00095677
3,627,0.685330,0.000207,78.1121,0.000000,0.000000,0.000000,0.072669,0.000000,0.000000,0.000000,0.00095677
3,628,0.595990,0.000186,98.2111,0.000000,0.000000,0.000000,0.025756,0.000000,0.000000,0.000000,0.00095677
3,629,0.491220,0.000149,92.7998,0.000000,0.000000,0.000000,0.045708,0.000000,0.000000,0.000000,0.00095677
3,630,0.505296,0.000158,90.3747,0.000000,0.000000,0.000000,0.021900,0.000000,0.000000,0.000000,0.00095677
3,631,0.611956,0.000186,84.5064,0.000000,0.000000,0.000000,0.058337,0.000000,0.000000,0.000000,0.00095677
3,632,0.563526,0.000178,89.7130,0.000000,0.000000,0.000000,0.012353,0.000000,0.000000,0.000000,0.00095677
3,633,0.446904,0.000133,113.0524,0.000000,0.000000,0.000000,0.061201,0.000000,0.000000,0.000000,0.00095677
3,634,0.413952,0.000125,85.7694,0.000000,0.000000,0.000000,0.044613,0.000000,0.000000,0.000000,0.00095677
3,635,0.599139,0.000186,95.0350,0.000000,0.000000,0.000000,0.030753,0.000000,0.000000,0.000000,0.00095677
3,636,0.727849,0.000223,81.3666,0.000000,0.000000,0.000000,0.059653,0.000000,0.000000,0.000000,0.00095677
3,637,0.474295,0.000146,97.1739,0.000000,0.000000,0.000000,0.035250,0.000000,0.000000,0.000000,0.00095677
3,638,0.527187,0.000155,84.0268,0.000000,0.000000,0.000000,0.081238,0.000000,0.000000,0.000000,0.00095677
3,639,0.445996,0.000138,93.4110,0.000000,0.000000,0.000000,0.024435,0.000000,0.000000,0.000000,0.00095677
3,640,0.479411,0.000148,97.7053,0.000000,0.000000,0.000000,0.032181,0.000000,0.000000,0.000000,0.00095677
3,641,0.615759,0.000191,86.7137,0.000000,0.000000,0.000000,0.033761,0.000000,0.000000,0.000000,0.00095677
3,642,0.712084,0.000221,76.2556,0.000000,0.000000,0.000000,0.036776,0.000000,0.000000,0.000000,0.00095677
3,643,0.523678,0.000160,90.9014,0.000000,0.000000,0.000000,0.043657,0.000000,0.000000,0.000000,0.00095677
3,644,0.481860,0.000152,92.3140,0.000000,0.000000,0.000000,0.013403,0.000000,0.000000,0.000000,0.00095677
3,645,0.304583,0.000096,114.0727,0.000000,0.000000,0.000000,0.007574,0.000000,0.000000,0.000000,0.00095677
3,646,0.443093,0.000137,99.9310,0.000000,0.000000,0.000000,0.024778,0.000000,0.000000,0.000000,0.00095677
3,647,0.412742,0.000130,94.9830,0.000000,0.000000,0.000000,0.010067,0.000000,0.000000,0.000000,0.00095677
3,648,0.457399,0.000142,89.0942,0.000000,0.000000,0.000000,0.024385,0.000000,0.000000,0.000000,0.00095677
3,649,0.434893,0.000134,98.0201,0.000000,0.000000,0.000000,0.029331,0.000000,0.000000,0.000000,0.00095677
3,650,0.399250,0.000126,103.1574,0.000000,0.000000,0.000000,0.005288,0.000000,0.000000,0.000000,0.00095677
3,651,0.378788,0.000119,104.2548,0.000000,0.000000,0.000000,0.012203,0.000000,0.000000,0.000000,0.00095677
3,652,0.381688,0.000120,93.3324,0.000000,0.000000,0.000000,0.012093,0.000000,0.000000,0.000000,0.00095677
3,653,0.345785,0.000109,94.4592,0.000000,0.000000,0.000000,0.007490,0.000000,0.000000,0.000000,0.00095677
3,654,0.460915,0.000145,103.4324,0.000000,0.000000,0.000000,0.013324,0.000000,0.000000,0.000000,0.00095677
3,655,0.418880,0.000133,101.3239,0.000000,0.000000,0.000000,0.005610,0.000000,0.000000,0.000000,0.00095677
3,656,0.380499,0.000120,101.4776,0.000000,0.000000,0.000000,0.010337,0.000000,0.000000,0.000000,0.00095677
3,657,0.425798,0.000134,103.2862,0.000000,0.000000,0.000000,0.010099,0.000000,0.000000,0.000000,0.00095677
3,658,0.964965,0.000296,89.4926,0.000000,0.000000,0.000000,0.076480,0.000000,0.000000,0.000000,0.00095677
3,659,0.648356,0.000199,100.7797,0.000000,0.000000,0.000000,0.047893,0.000000,0.000000,0.000000,0.00095677
3,660,1.242290,0.000376,78.3166,0.000000,0.000000,0.000000,0.124654,0.000000,0.000000,0.000000,0.00095677
3,661,1.107389,0.000339,103.0052,0.000000,0.000000,0.000000,0.085543,0.000000,0.000000,0.000000,0.00095677
3,662,1.020950,0.000312,88.2930,0.000000,0.000000,0.000000,0.083698,0.000000,0.000000,0.000000,0.00095677
3,663,1.184814,0.000357,89.1731,0.000000,0.000000,0.000000,0.131909,0.000000,0.000000,0.000000,0.00095677
3,664,1.004852,0.000304,88.9942,0.000000,0.000000,0.000000,0.104365,0.000000,0.000000,0.000000,0.00095677
3,665,0.738446,0.000223,100.4062,0.000000,0.000000,0.000000,0.077088,0.000000,0.000000,0.000000,0.00095677
3,666,0.691243,0.000209,97.4845,0.000000,0.000000,0.000000,0.069283,0.000000,0.000000,0.000000,0.00095677
3,667,0.985523,0.000303,83.2000,0.000000,0.000000,0.000000,0.069504,0.000000,0.000000,0.000000,0.00095677
3,668,0.804364,0.000247,92.8629,0.000000,0.000000,0.000000,0.061062,0.000000,0.000000,0.000000,0.00095677
3,669,0.712607,0.000221,90.3960,0.000000,0.000000,0.000000,0.037694,0.000000,0.000000,0.000000,0.00095677
3,670,0.800949,0.000247,89.2498,0.000000,0.000000,0.000000,0.049756,0.000000,0.000000,0.000000,0.00095677
3,671,0.651160,0.000203,97.9440,0.000000,0.000000,0.000000,0.026626,0.000000,0.000000,0.000000,0.00095677
3,672,0.700861,0.000217,106.6722,0.000000,0.000000,0.000000,0.042126,0.000000,0.000000,0.000000,0.00095677
3,673,0.485239,0.000147,86.3594,0.000000,0.000000,0.000000,0.046234,0.000000,0.000000,0.000000,0.00095677
3,674,0.433213,0.000135,102.6593,0.000000,0.000000,0.000000,0.016919,0.000000,0.000000,0.000000,0.00095677
3,675,0.492637,0.000153,88.0068,0.000000,0.000000,0.000000,0.024197,0.000000,0.000000,0.000000,0.00095677
3,676,0.406574,0.000127,100.8816,0.000000,0.000000,0.000000,0.017235,0.000000,0.000000,0.000000,0.00095677
3,677,0.443649,0.000140,83.6610,0.000000,0.000000,0.000000,0.008457,0.000000,0.000000,0.000000,0.00095677
3,678,0.357867,0.000112,106.6307,0.000000,0.000000,0.000000,0.016306,0.000000,0.000000,0.000000,0.00095677
3,679,0.415517,0.000131,96.3505,0.000000,0.000000,0.000000,0.010067,0.000000,0.000000,0.000000,0.00095677
3,680,0.461351,0.000146,89.9456,0.000000,0.000000,0.000000,0.008727,0.000000,0.000000,0.000000,0.00095677
3,681,0.391041,0.000124,94.9549,0.000000,0.000000,0.000000,0.004914,0.000000,0.000000,0.000000,0.00095677
3,682,0.456410,0.000144,90.6105,0.000000,0.000000,0.000000,0.009932,0.000000,0.000000,0.000000,0.00095677
3,683,0.390869,0.000123,94.8171,0.000000,0.000000,0.000000,0.012965,0.000000,0.000000,0.000000,0.00095677
3,684,0.417102,0.000131,101.6373,0.000000,0.000000,0.000000,0.015354,0.000000,0.000000,0.000000,0.00095677
3,685,0.457742,0.000144,82.6160,0.000000,0.000000,0.000000,0.010659,0.000000,0.000000,0.000000,0.00095677
3,686,0.407272,0.000129,86.3488,0.000000,0.000000,0.000000,0.007220,0.000000,0.000000,0.000000,0.00095677
3,687,0.408909,0.000128,87.7525,0.000000,0.000000,0.000000,0.012894,0.000000,0.000000,0.000000,0.00095677
3,688,0.539865,0.000170,88.6286,0.000000,0.000000,0.000000,0.014369,0.000000,0.000000,0.000000,0.00095677
3,689,0.446006,0.000141,100.8001,0.000000,0.000000,0.000000,0.007542,0.000000,0.000000,0.000000,0.00095677
3,690,0.359402,0.000113,96.2562,0.000000,0.000000,0.000000,0.011574,0.000000,0.000000,0.000000,0.00095677
3,691,0.419064,0.000131,94.6052,0.000000,0.000000,0.000000,0.013910,0.000000,0.000000,0.000000,0.00095677
3,692,0.553120,0.000173,87.2428,0.000000,0.000000,0.000000,0.018317,0.000000,0.000000,0.000000,0.00095677
3,693,0.450351,0.000141,104.8166,0.000000,0.000000,0.000000,0.015354,0.000000,0.000000,0.000000,0.00095677
3,694,0.462174,0.000145,87.4754,0.000000,0.000000,0.000000,0.017974,0.000000,0.000000,0.000000,0.00095677
3,695,0.364284,0.000116,98.9053,0.000000,0.000000,0.000000,0.003356,0.000000,0.000000,0.000000,0.00095677
3,696,0.562680,0.000175,81.5839,0.000000,0.000000,0.000000,0.030771,0.000000,0.000000,0.000000,0.00095677
3,697,0.373842,0.000118,88.8964,0.000000,0.000000,0.000000,0.006660,0.000000,0.000000,0.000000,0.00095677
3,698,0.350895,0.000111,97.7327,0.000000,0.000000,0.000000,0.006524,0.000000,0.000000,0.000000,0.00095677
3,699,0.439320,0.000137,95.1860,0.000000,0.000000,0.000000,0.017408,0.000000,0.000000,0.000000,0.00095677
3,700,0.317036,0.000100,104.9096,0.000000,0.000000,0.000000,0.004322,0.000000,0.000000,0.000000,0.00095677
3,701,0.411670,0.000129,85.5863,0.000000,0.000000,0.000000,0.015064,0.000000,0.000000,0.000000,0.00095677
3,702,0.378113,0.000120,108.3824,0.000000,0.000000,0.000000,0.006067,0.000000,0.000000,0.000000,0.00095677
3,703,0.387576,0.000123,92.8950,0.000000,0.000000,0.000000,0.003034,0.000000,0.000000,0.000000,0.00095677
3,704,0.517979,0.000163,95.4268,0.000000,0.000000,0.000000,0.013829,0.000000,0.000000,0.000000,0.00095677
3,705,0.415984,0.000132,94.4836,0.000000,0.000000,0.000000,0.006711,0.000000,0.000000,0.000000,0.00095677
3,706,0.484322,0.000153,95.4128,0.000000,0.000000,0.000000,0.006394,0.000000,0.000000,0.000000,0.00095677
3,707,0.447031,0.000140,80.1279,0.000000,0.000000,0.000000,0.015470,0.000000,0.000000,0.000000,0.00095677
3,708,0.366259,0.000116,91.4286,0.000000,0.000000,0.000000,0.007033,0.000000,0.000000,0.000000,0.00095677
3,709,0.355122,0.000113,93.4344,0.000000,0.000000,0.000000,0.003356,0.000000,0.000000,0.000000,0.00095677
3,710,0.325571,0.000103,92.1928,0.000000,0.000000,0.000000,0.004405,0.000000,0.000000,0.000000,0.00095677
3,711,0.341604,0.000108,86.7458,0.000000,0.000000,0.000000,0.006846,0.000000,0.000000,0.000000,0.00095677
3,712,0.342829,0.000108,87.6249,0.000000,0.000000,0.000000,0.006389,0.000000,0.000000,0.000000,0.00095677
3,713,0.312168,0.000099,93.0697,0.000000,0.000000,0.000000,0.004592,0.000000,0.000000,0.000000,0.00095677
3,714,0.318072,0.000101,95.6336,0.000000,0.000000,0.000000,0.004914,0.000000,0.000000,0.000000,0.00095677
3,715,0.307160,0.000097,95.9946,0.000000,0.000000,0.000000,0.003491,0.000000,0.000000,0.000000,0.00095677
3,716,0.426459,0.000135,85.4535,0.000000,0.000000,0.000000,0.008779,0.000000,0.000000,0.000000,0.00095677
3,717,0.348487,0.000111,89.9828,0.000000,0.000000,0.000000,0.003356,0.000000,0.000000,0.000000,0.00095677
3,718,0.372386,0.000118,105.1669,0.000000,0.000000,0.000000,0.005745,0.000000,0.000000,0.000000,0.00095677
3,719,0.340218,0.000107,90.3489,0.000000,0.000000,0.000000,0.006868,0.000000,0.000000,0.000000,0.00095677
4,1,0.539518,0.000168,92.1045,0.000000,0.000000,0.000000,0.026607,0.000000,0.000000,0.000000,0.00090451
4,2,0.508330,0.000161,96.0018,0.000000,0.000000,0.000000,0.009319,0.000000,0.000000,0.000000,0.00090451
4,3,0.457153,0.000143,94.6305,0.000000,0.000000,0.000000,0.019334,0.000000,0.000000,0.000000,0.00090451
4,4,0.450634,0.000142,90.2490,0.000000,0.000000,0.000000,0.007626,0.000000,0.000000,0.000000,0.00090451
4,5,0.472380,0.000148,90.2660,0.000000,0.000000,0.000000,0.017663,0.000000,0.000000,0.000000,0.00090451
4,6,0.459431,0.000146,91.7268,0.000000,0.000000,0.000000,0.004457,0.000000,0.000000,0.000000,0.00090451
4,7,0.464609,0.000147,89.4124,0.000000,0.000000,0.000000,0.010150,0.000000,0.000000,0.000000,0.00090451
4,8,0.452822,0.000143,94.4120,0.000000,0.000000,0.000000,0.007386,0.000000,0.000000,0.000000,0.00090451
4,9,0.462777,0.000146,90.7109,0.000000,0.000000,0.000000,0.008592,0.000000,0.000000,0.000000,0.00090451
4,10,0.515059,0.000164,94.6403,0.000000,0.000000,0.000000,0.004083,0.000000,0.000000,0.000000,0.00090451
4,11,0.464279,0.000147,90.8531,0.000000,0.000000,0.000000,0.004966,0.000000,0.000000,0.000000,0.00090451
4,12,0.452378,0.000143,93.7738,0.000000,0.000000,0.000000,0.008321,0.000000,0.000000,0.000000,0.00090451
4,13,0.430261,0.000136,92.9217,0.000000,0.000000,0.000000,0.004727,0.000000,0.000000,0.000000,0.00090451
4,14,0.441470,0.000140,90.3964,0.000000,0.000000,0.000000,0.004135,0.000000,0.000000,0.000000,0.00090451
4,15,0.448618,0.000142,90.6170,0.000000,0.000000,0.000000,0.005288,0.000000,0.000000,0.000000,0.00090451
4,16,0.498432,0.000157,88.4488,0.000000,0.000000,0.000000,0.009828,0.000000,0.000000,0.000000,0.00090451
4,17,0.522401,0.000165,89.1938,0.000000,0.000000,0.000000,0.010930,0.000000,0.000000,0.000000,0.00090451
4,18,0.515408,0.000163,92.4791,0.000000,0.000000,0.000000,0.010524,0.000000,0.000000,0.000000,0.00090451
4,19,0.512056,0.000161,91.0938,0.000000,0.000000,0.000000,0.011678,0.000000,0.000000,0.000000,0.00090451
4,20,0.478077,0.000151,92.3722,0.000000,0.000000,0.000000,0.007677,0.000000,0.000000,0.000000,0.00090451
4,21,0.465719,0.000148,92.1851,0.000000,0.000000,0.000000,0.006016,0.000000,0.000000,0.000000,0.00090451
4,22,0.506072,0.000159,91.5575,0.000000,0.000000,0.000000,0.012044,0.000000,0.000000,0.000000,0.00090451
4,23,0.475714,0.000151,91.3020,0.000000,0.000000,0.000000,0.005423,0.000000,0.000000,0.000000,0.00090451
4,24,0.534966,0.000169,91.6802,0.000000,0.000000,0.000000,0.010659,0.000000,0.000000,0.000000,0.00090451
4,25,0.470425,0.000149,93.1062,0.000000,0.000000,0.000000,0.008862,0.000000,0.000000,0.000000,0.00090451
4,26,0.472813,0.000150,91.4454,0.000000,0.000000,0.000000,0.005745,0.000000,0.000000,0.000000,0.00090451
4,27,0.447975,0.000142,89.4482,0.000000,0.000000,0.000000,0.005984,0.000000,0.000000,0.000000,0.00090451
4,28,0.517823,0.000163,87.8532,0.000000,0.000000,0.000000,0.010791,0.000000,0.000000,0.000000,0.00090451
4,29,0.464918,0.000147,86.1233,0.000000,0.000000,0.000000,0.007033,0.000000,0.000000,0.000000,0.00090451
4,30,0.518286,0.000164,89.0964,0.000000,0.000000,0.000000,0.009028,0.000000,0.000000,0.000000,0.00090451
4,31,0.454223,0.000144,92.5050,0.000000,0.000000,0.000000,0.007086,0.000000,0.000000,0.000000,0.00090451
4,32,0.511703,0.000158,92.2407,0.000000,0.000000,0.000000,0.035132,0.000000,0.000000,0.000000,0.00090451
4,33,0.447977,0.000131,85.9241,0.000000,0.000000,0.000000,0.075360,0.000000,0.000000,0.000000,0.00090451
4,34,0.458837,0.000136,92.8496,0.000000,0.000000,0.000000,0.064836,0.000000,0.000000,0.000000,0.00090451
4,35,0.388117,0.000122,94.5854,0.000000,0.000000,0.000000,0.011625,0.000000,0.000000,0.000000,0.00090451
4,36,0.376941,0.000116,94.3407,0.000000,0.000000,0.000000,0.028634,0.000000,0.000000,0.000000,0.00090451
4,37,0.383074,0.000120,93.1109,0.000000,0.000000,0.000000,0.010794,0.000000,0.000000,0.000000,0.00090451
4,38,0.439785,0.000138,90.6495,0.000000,0.000000,0.000000,0.011760,0.000000,0.000000,0.000000,0.00090451
4,39,0.413753,0.000131,92.5546,0.000000,0.000000,0.000000,0.007813,0.000000,0.000000,0.000000,0.00090451
4,40,0.454584,0.000144,87.4182,0.000000,0.000000,0.000000,0.008135,0.000000,0.000000,0.000000,0.00090451
4,41,0.394619,0.000125,91.5755,0.000000,0.000000,0.000000,0.005423,0.000000,0.000000,0.000000,0.00090451
4,42,0.435333,0.000138,91.1233,0.000000,0.000000,0.000000,0.007046,0.000000,0.000000,0.000000,0.00090451
4,43,0.419601,0.000133,95.5068,0.000000,0.000000,0.000000,0.006524,0.000000,0.000000,0.000000,0.00090451
4,44,0.365214,0.000115,94.3648,0.000000,0.000000,0.000000,0.006254,0.000000,0.000000,0.000000,0.00090451
4,45,0.358433,0.000113,94.6434,0.000000,0.000000,0.000000,0.006711,0.000000,0.000000,0.000000,0.00090451
4,46,0.435455,0.000138,92.6180,0.000000,0.000000,0.000000,0.006987,0.000000,0.000000,0.000000,0.00090451
4,47,0.432346,0.000135,95.3522,0.000000,0.000000,0.000000,0.018780,0.000000,0.000000,0.000000,0.00090451
4,48,0.540539,0.000164,102.5959,0.000000,0.000000,0.000000,0.052328,0.000000,0.000000,0.000000,0.00090451
4,49,0.536332,0.000155,99.5585,0.000000,0.000000,0.000000,0.098846,0.000000,0.000000,0.000000,0.00090451
4,50,0.462297,0.000142,99.7247,0.000000,0.000000,0.000000,0.033789,0.000000,0.000000,0.000000,0.00090451
4,51,0.499406,0.000152,97.1181,0.000000,0.000000,0.000000,0.042567,0.000000,0.000000,0.000000,0.00090451
4,52,0.386335,0.000120,99.2894,0.000000,0.000000,0.000000,0.020250,0.000000,0.000000,0.000000,0.00090451
4,53,0.507359,0.000158,101.9918,0.000000,0.000000,0.000000,0.025459,0.000000,0.000000,0.000000,0.00090451
4,54,0.393980,0.000124,100.8194,0.000000,0.000000,0.000000,0.013049,0.000000,0.000000,0.000000,0.00090451
4,55,0.457925,0.000144,103.7960,0.000000,0.000000,0.000000,0.015439,0.000000,0.000000,0.000000,0.00090451
4,56,0.440150,0.000137,95.7428,0.000000,0.000000,0.000000,0.019064,0.000000,0.000000,0.000000,0.00090451
4,57,0.509172,0.000160,92.7296,0.000000,0.000000,0.000000,0.017860,0.000000,0.000000,0.000000,0.00090451
4,58,0.450947,0.000141,90.2209,0.000000,0.000000,0.000000,0.018966,0.000000,0.000000,0.000000,0.00090451
4,59,0.398627,0.000125,92.1470,0.000000,0.000000,0.000000,0.013236,0.000000,0.000000,0.000000,0.00090451
4,60,0.378081,0.000119,93.6374,0.000000,0.000000,0.000000,0.007761,0.000000,0.000000,0.000000,0.00090451
4,61,0.529764,0.000163,86.6575,0.000000,0.000000,0.000000,0.039240,0.000000,0.000000,0.000000,0.00090451
4,62,0.450353,0.000139,87.2816,0.000000,0.000000,0.000000,0.029963,0.000000,0.000000,0.000000,0.00090451
4,63,0.507077,0.000156,93.9022,0.000000,0.000000,0.000000,0.038461,0.000000,0.000000,0.000000,0.00090451
4,64,0.465997,0.000146,93.4448,0.000000,0.000000,0.000000,0.019288,0.000000,0.000000,0.000000,0.00090451
4,65,0.471618,0.000148,89.7554,0.000000,0.000000,0.000000,0.013153,0.000000,0.000000,0.000000,0.00090451
4,66,0.440089,0.000139,92.7911,0.000000,0.000000,0.000000,0.010981,0.000000,0.000000,0.000000,0.00090451
4,67,0.481552,0.000153,87.8266,0.000000,0.000000,0.000000,0.006202,0.000000,0.000000,0.000000,0.00090451
4,68,0.436177,0.000138,91.9622,0.000000,0.000000,0.000000,0.006982,0.000000,0.000000,0.000000,0.00090451
4,69,0.387705,0.000123,93.0841,0.000000,0.000000,0.000000,0.006524,0.000000,0.000000,0.000000,0.00090451
4,70,0.392976,0.000124,93.4391,0.000000,0.000000,0.000000,0.006846,0.000000,0.000000,0.000000,0.00090451
4,71,0.436360,0.000137,91.4489,0.000000,0.000000,0.000000,0.011065,0.000000,0.000000,0.000000,0.00090451
4,72,0.432019,0.000137,91.4870,0.000000,0.000000,0.000000,0.005423,0.000000,0.000000,0.000000,0.00090451
4,73,0.446277,0.000141,91.3611,0.000000,0.000000,0.000000,0.006846,0.000000,0.000000,0.000000,0.00090451
4,74,0.446089,0.000141,92.0223,0.000000,0.000000,0.000000,0.006846,0.000000,0.000000,0.000000,0.00090451
4,75,0.423395,0.000134,90.7101,0.000000,0.000000,0.000000,0.005932,0.000000,0.000000,0.000000,0.00090451
4,76,0.427702,0.000135,92.0013,0.000000,0.000000,0.000000,0.006202,0.000000,0.000000,0.000000,0.00090451
4,77,0.412079,0.000130,90.4274,0.000000,0.000000,0.000000,0.005745,0.000000,0.000000,0.000000,0.00090451
4,78,0.402356,0.000127,92.1067,0.000000,0.000000,0.000000,0.009745,0.000000,0.000000,0.000000,0.00090451
4,79,0.481504,0.000149,95.1337,0.000000,0.000000,0.000000,0.028263,0.000000,0.000000,0.000000,0.00090451
4,80,0.487152,0.000151,90.2375,0.000000,0.000000,0.000000,0.024313,0.000000,0.000000,0.000000,0.00090451
4,81,0.386027,0.000120,93.4816,0.000000,0.000000,0.000000,0.017454,0.000000,0.000000,0.000000,0.00090451
4,82,0.398287,0.000125,95.0755,0.000000,0.000000,0.000000,0.010930,0.000000,0.000000,0.000000,0.00090451
4,83,0.427635,0.000134,103.9081,0.000000,0.000000,0.000000,0.014201,0.000000,0.000000,0.000000,0.00090451
4,84,0.445161,0.000140,93.8835,0.000000,0.000000,0.000000,0.015064,0.000000,0.000000,0.000000,0.00090451
4,85,0.359118,0.000113,94.2598,0.000000,0.000000,0.000000,0.010524,0.000000,0.000000,0.000000,0.00090451
4,86,0.492364,0.000156,85.3075,0.000000,0.000000,0.000000,0.009081,0.000000,0.000000,0.000000,0.00090451
4,87,0.562385,0.000175,89.2738,0.000000,0.000000,0.000000,0.027276,0.000000,0.000000,0.000000,0.00090451
4,88,0.485764,0.000149,86.2600,0.000000,0.000000,0.000000,0.036086,0.000000,0.000000,0.000000,0.00090451
4,89,0.627870,0.000194,80.8993,0.000000,0.000000,0.000000,0.036176,0.000000,0.000000,0.000000,0.00090451
4,90,0.400280,0.000125,104.0928,0.000000,0.000000,0.000000,0.019588,0.000000,0.000000,0.000000,0.00090451
4,91,0.330237,0.000104,104.9517,0.000000,0.000000,0.000000,0.008727,0.000000,0.000000,0.000000,0.00090451
4,92,0.316316,0.000100,117.8016,0.000000,0.000000,0.000000,0.006898,0.000000,0.000000,0.000000,0.00090451
4,93,0.414636,0.000129,99.3079,0.000000,0.000000,0.000000,0.018280,0.000000,0.000000,0.000000,0.00090451
4,94,0.510881,0.000159,96.0000,0.000000,0.000000,0.000000,0.022914,0.000000,0.000000,0.000000,0.00090451
4,95,0.474383,0.000150,97.7454,0.000000,0.000000,0.000000,0.009559,0.000000,0.000000,0.000000,0.00090451
4,96,0.487782,0.000152,92.5844,0.000000,0.000000,0.000000,0.022033,0.000000,0.000000,0.000000,0.00090451
4,97,0.482269,0.000152,94.2908,0.000000,0.000000,0.000000,0.012945,0.000000,0.000000,0.000000,0.00090451
4,98,0.500791,0.000158,92.2792,0.000000,0.000000,0.000000,0.008643,0.000000,0.000000,0.000000,0.00090451
4,99,0.477336,0.000151,91.3843,0.000000,0.000000,0.000000,0.006306,0.000000,0.000000,0.000000,0.00090451
4,100,0.435467,0.000138,93.2944,0.000000,0.000000,0.000000,0.006524,0.000000,0.000000,0.000000,0.00090451
4,101,0.470646,0.000149,93.5406,0.000000,0.000000,0.000000,0.006846,0.000000,0.000000,0.000000,0.00090451
4,102,0.454419,0.000144,92.1106,0.000000,0.000000,0.000000,0.004644,0.000000,0.000000,0.000000,0.00090451
4,103,0.424647,0.000134,93.1080,0.000000,0.000000,0.000000,0.007168,0.000000,0.000000,0.000000,0.00090451
4,104,0.462428,0.000146,93.7699,0.000000,0.000000,0.000000,0.006473,0.000000,0.000000,0.000000,0.00090451
4,105,0.450612,0.000143,91.7287,0.000000,0.000000,0.000000,0.003818,0.000000,0.000000,0.000000,0.00090451
4,106,0.436947,0.000138,91.7238,0.000000,0.000000,0.000000,0.005745,0.000000,0.000000,0.000000,0.00090451
4,107,0.448792,0.000142,95.8239,0.000000,0.000000,0.000000,0.007827,0.000000,0.000000,0.000000,0.00090451
4,108,0.419634,0.000133,95.4000,0.000000,0.000000,0.000000,0.004966,0.000000,0.000000,0.000000,0.00090451
4,109,0.422316,0.000134,89.5991,0.000000,0.000000,0.000000,0.006846,0.000000,0.000000,0.000000,0.00090451
4,110,0.471182,0.000146,101.3186,0.000000,0.000000,0.000000,0.026122,0.000000,0.000000,0.000000,0.00090451
4,111,0.547124,0.000167,102.4776,0.000000,0.000000,0.000000,0.043792,0.000000,0.000000,0.000000,0.00090451
4,112,0.453460,0.000140,103.0257,0.000000,0.000000,0.000000,0.026825,0.000000,0.000000,0.000000,0.00090451
4,113,0.381874,0.000120,98.7664,0.000000,0.000000,0.000000,0.011148,0.000000,0.000000,0.000000,0.00090451
4,114,0.513470,0.000160,95.6812,0.000000,0.000000,0.000000,0.022826,0.000000,0.000000,0.000000,0.00090451
4,115,0.509510,0.000154,91.3426,0.000000,0.000000,0.000000,0.054384,0.000000,0.000000,0.000000,0.00090451
4,116,0.646601,0.000200,80.8857,0.000000,0.000000,0.000000,0.038702,0.000000,0.000000,0.000000,0.00090451
4,117,0.400126,0.000123,110.5990,0.000000,0.000000,0.000000,0.030180,0.000000,0.000000,0.000000,0.00090451
4,118,0.497955,0.000154,101.1268,0.000000,0.000000,0.000000,0.026921,0.000000,0.000000,0.000000,0.00090451
4,119,0.416567,0.000128,108.6420,0.000000,0.000000,0.000000,0.029962,0.000000,0.000000,0.000000,0.00090451
4,120,0.598268,0.000184,89.6650,0.000000,0.000000,0.000000,0.039482,0.000000,0.000000,0.000000,0.00090451
4,121,0.433812,0.000134,92.4145,0.000000,0.000000,0.000000,0.025401,0.000000,0.000000,0.000000,0.00090451
4,122,0.479214,0.000148,88.0413,0.000000,0.000000,0.000000,0.027754,0.000000,0.000000,0.000000,0.00090451
4,123,0.516992,0.000162,82.9697,0.000000,0.000000,0.000000,0.015303,0.000000,0.000000,0.000000,0.00090451
4,124,0.559127,0.000174,85.8918,0.000000,0.000000,0.000000,0.027506,0.000000,0.000000,0.000000,0.00090451
4,125,0.436749,0.000134,95.8294,0.000000,0.000000,0.000000,0.031669,0.000000,0.000000,0.000000,0.00090451
4,126,0.599594,0.000188,87.3823,0.000000,0.000000,0.000000,0.021859,0.000000,0.000000,0.000000,0.00090451
4,127,0.516292,0.000159,87.2456,0.000000,0.000000,0.000000,0.037810,0.000000,0.000000,0.000000,0.00090451
4,128,0.440785,0.000139,99.4071,0.000000,0.000000,0.000000,0.007999,0.000000,0.000000,0.000000,0.00090451
4,129,0.435040,0.000137,91.2088,0.000000,0.000000,0.000000,0.011169,0.000000,0.000000,0.000000,0.00090451
4,130,0.350617,0.000109,103.5231,0.000000,0.000000,0.000000,0.015386,0.000000,0.000000,0.000000,0.00090451
4,131,0.328696,0.000102,95.3622,0.000000,0.000000,0.000000,0.014607,0.000000,0.000000,0.000000,0.00090451
4,132,0.385945,0.000121,95.9606,0.000000,0.000000,0.000000,0.010608,0.000000,0.000000,0.000000,0.00090451
4,133,0.471294,0.000150,91.6794,0.000000,0.000000,0.000000,0.004779,0.000000,0.000000,0.000000,0.00090451
4,134,0.346360,0.000109,99.9884,0.000000,0.000000,0.000000,0.008508,0.000000,0.000000,0.000000,0.00090451
4,135,0.443968,0.000138,90.8286,0.000000,0.000000,0.000000,0.021692,0.000000,0.000000,0.000000,0.00090451
4,136,0.383382,0.000121,91.8039,0.000000,0.000000,0.000000,0.009828,0.000000,0.000000,0.000000,0.00090451
4,137,0.364471,0.000115,106.7252,0.000000,0.000000,0.000000,0.005423,0.000000,0.000000,0.000000,0.00090451
4,138,0.483182,0.000151,94.0834,0.000000,0.000000,0.000000,0.017911,0.000000,0.000000,0.000000,0.00090451
4,139,0.445592,0.000140,83.5284,0.000000,0.000000,0.000000,0.015690,0.000000,0.000000,0.000000,0.00090451
4,140,0.406584,0.000128,88.0648,0.000000,0.000000,0.000000,0.007626,0.000000,0.000000,0.000000,0.00090451
4,141,0.563078,0.000176,77.9451,0.000000,0.000000,0.000000,0.021434,0.000000,0.000000,0.000000,0.00090451
4,142,0.679998,0.000214,78.6300,0.000000,0.000000,0.000000,0.018772,0.000000,0.000000,0.000000,0.00090451
4,143,0.447075,0.000138,104.0390,0.000000,0.000000,0.000000,0.026606,0.000000,0.000000,0.000000,0.00090451
4,144,0.466456,0.000145,102.5504,0.000000,0.000000,0.000000,0.022587,0.000000,0.000000,0.000000,0.00090451
4,145,0.481903,0.000150,96.9008,0.000000,0.000000,0.000000,0.020010,0.000000,0.000000,0.000000,0.00090451
4,146,0.627095,0.000198,87.4431,0.000000,0.000000,0.000000,0.015251,0.000000,0.000000,0.000000,0.00090451
4,147,0.562002,0.000177,93.1580,0.000000,0.000000,0.000000,0.016134,0.000000,0.000000,0.000000,0.00090451
4,148,0.662041,0.000208,75.2655,0.000000,0.000000,0.000000,0.018186,0.000000,0.000000,0.000000,0.00090451
4,149,0.418146,0.000129,110.4501,0.000000,0.000000,0.000000,0.024925,0.000000,0.000000,0.000000,0.00090451
4,150,0.563697,0.000176,90.3529,0.000000,0.000000,0.000000,0.025620,0.000000,0.000000,0.000000,0.00090451
4,151,0.533673,0.000169,83.1987,0.000000,0.000000,0.000000,0.009371,0.000000,0.000000,0.000000,0.00090451
4,152,0.474181,0.000149,92.5961,0.000000,0.000000,0.000000,0.010711,0.000000,0.000000,0.000000,0.00090451
4,153,0.687656,0.000217,77.2595,0.000000,0.000000,0.000000,0.017132,0.000000,0.000000,0.000000,0.00090451
4,154,0.455331,0.000143,94.5940,0.000000,0.000000,0.000000,0.010898,0.000000,0.000000,0.000000,0.00090451
4,155,0.475556,0.000150,89.9439,0.000000,0.000000,0.000000,0.012456,0.000000,0.000000,0.000000,0.00090451
4,156,0.441338,0.000139,86.9522,0.000000,0.000000,0.000000,0.008779,0.000000,0.000000,0.000000,0.00090451
4,157,0.679402,0.000210,96.1926,0.000000,0.000000,0.000000,0.040616,0.000000,0.000000,0.000000,0.00090451
4,158,0.513682,0.000159,102.5059,0.000000,0.000000,0.000000,0.029388,0.000000,0.000000,0.000000,0.00090451
4,159,0.583969,0.000180,98.1441,0.000000,0.000000,0.000000,0.041378,0.000000,0.000000,0.000000,0.00090451
4,160,0.466733,0.000144,92.4806,0.000000,0.000000,0.000000,0.028550,0.000000,0.000000,0.000000,0.00090451
4,161,0.628547,0.000196,72.3181,0.000000,0.000000,0.000000,0.026420,0.000000,0.000000,0.000000,0.00090451
4,162,0.420643,0.000130,85.5371,0.000000,0.000000,0.000000,0.026540,0.000000,0.000000,0.000000,0.00090451
4,163,0.437144,0.000136,91.9358,0.000000,0.000000,0.000000,0.022586,0.000000,0.000000,0.000000,0.00090451
4,164,0.599477,0.000188,83.3014,0.000000,0.000000,0.000000,0.022665,0.000000,0.000000,0.000000,0.00090451
4,165,0.403437,0.000126,101.4831,0.000000,0.000000,0.000000,0.014239,0.000000,0.000000,0.000000,0.00090451
4,166,0.499240,0.000157,82.4485,0.000000,0.000000,0.000000,0.016726,0.000000,0.000000,0.000000,0.00090451
4,167,0.408754,0.000129,85.6389,0.000000,0.000000,0.000000,0.008966,0.000000,0.000000,0.000000,0.00090451
4,168,0.448861,0.000138,92.1068,0.000000,0.000000,0.000000,0.030482,0.000000,0.000000,0.000000,0.00090451
4,169,0.410287,0.000126,95.4776,0.000000,0.000000,0.000000,0.030754,0.000000,0.000000,0.000000,0.00090451
4,170,0.412131,0.000131,93.1788,0.000000,0.000000,0.000000,0.003356,0.000000,0.000000,0.000000,0.00090451
4,171,0.469032,0.000143,109.6934,0.000000,0.000000,0.000000,0.039036,0.000000,0.000000,0.000000,0.00090451
4,172,0.480369,0.000150,90.1802,0.000000,0.000000,0.000000,0.020217,0.000000,0.000000,0.000000,0.00090451
4,173,0.517463,0.000159,92.0905,0.000000,0.000000,0.000000,0.039377,0.000000,0.000000,0.000000,0.00090451
4,174,0.400640,0.000125,107.1934,0.000000,0.000000,0.000000,0.014794,0.000000,0.000000,0.000000,0.00090451
4,175,0.450430,0.000135,106.8785,0.000000,0.000000,0.000000,0.054496,0.000000,0.000000,0.000000,0.00090451
4,176,0.497837,0.000156,75.1866,0.000000,0.000000,0.000000,0.019523,0.000000,0.000000,0.000000,0.00090451
4,177,0.413649,0.000122,97.9747,0.000000,0.000000,0.000000,0.059394,0.000000,0.000000,0.000000,0.00090451
4,178,0.341072,0.000106,104.0540,0.000000,0.000000,0.000000,0.014286,0.000000,0.000000,0.000000,0.00090451
4,179,0.272019,0.000084,102.2160,0.000000,0.000000,0.000000,0.018980,0.000000,0.000000,0.000000,0.00090451
4,180,0.332354,0.000104,99.4476,0.000000,0.000000,0.000000,0.014556,0.000000,0.000000,0.000000,0.00090451
4,181,0.344282,0.000107,91.0457,0.000000,0.000000,0.000000,0.016759,0.000000,0.000000,0.000000,0.00090451
4,182,0.493553,0.000156,84.4203,0.000000,0.000000,0.000000,0.011438,0.000000,0.000000,0.000000,0.00090451
4,183,0.309545,0.000097,101.1152,0.000000,0.000000,0.000000,0.008321,0.000000,0.000000,0.000000,0.00090451
4,184,0.317119,0.000100,100.8361,0.000000,0.000000,0.000000,0.005694,0.000000,0.000000,0.000000,0.00090451
4,185,0.350790,0.000111,109.8129,0.000000,0.000000,0.000000,0.006067,0.000000,0.000000,0.000000,0.00090451
4,186,0.414577,0.000131,89.9360,0.000000,0.000000,0.000000,0.010202,0.000000,0.000000,0.000000,0.00090451
4,187,0.360638,0.000114,90.9436,0.000000,0.000000,0.000000,0.003678,0.000000,0.000000,0.000000,0.00090451
4,188,0.515976,0.000160,95.2164,0.000000,0.000000,0.000000,0.026779,0.000000,0.000000,0.000000,0.00090451
4,189,0.456551,0.000143,96.2937,0.000000,0.000000,0.000000,0.016082,0.000000,0.000000,0.000000,0.00090451
4,190,0.495169,0.000153,82.7331,0.000000,0.000000,0.000000,0.032705,0.000000,0.000000,0.000000,0.00090451
4,191,0.337302,0.000106,102.2839,0.000000,0.000000,0.000000,0.008779,0.000000,0.000000,0.000000,0.00090451
4,192,0.328979,0.000101,101.2737,0.000000,0.000000,0.000000,0.025910,0.000000,0.000000,0.000000,0.00090451
4,193,0.489773,0.000150,93.5699,0.000000,0.000000,0.000000,0.035773,0.000000,0.000000,0.000000,0.00090451
4,194,0.368135,0.000116,96.2641,0.000000,0.000000,0.000000,0.011038,0.000000,0.000000,0.000000,0.00090451
4,195,0.379593,0.000120,92.5674,0.000000,0.000000,0.000000,0.007626,0.000000,0.000000,0.000000,0.00090451
4,196,0.367149,0.000114,93.8608,0.000000,0.000000,0.000000,0.017557,0.000000,0.000000,0.000000,0.00090451
4,197,0.491608,0.000155,78.6463,0.000000,0.000000,0.000000,0.008135,0.000000,0.000000,0.000000,0.00090451
4,198,0.358983,0.000109,102.3877,0.000000,0.000000,0.000000,0.032750,0.000000,0.000000,0.000000,0.00090451
4,199,0.354792,0.000112,95.1513,0.000000,0.000000,0.000000,0.009423,0.000000,0.000000,0.000000,0.00090451
4,200,0.280567,0.000086,96.4608,0.000000,0.000000,0.000000,0.018877,0.000000,0.000000,0.000000,0.00090451
4,201,0.381975,0.000121,87.7667,0.000000,0.000000,0.000000,0.004779,0.000000,0.000000,0.000000,0.00090451
4,202,0.294926,0.000093,99.5486,0.000000,0.000000,0.000000,0.004644,0.000000,0.000000,0.000000,0.00090451
4,203,0.382439,0.000119,95.0479,0.000000,0.000000,0.000000,0.019917,0.000000,0.000000,0.000000,0.00090451
4,204,0.402031,0.000121,107.3231,0.000000,0.000000,0.000000,0.044124,0.000000,0.000000,0.000000,0.00090451
4,205,0.422430,0.000133,85.4673,0.000000,0.000000,0.000000,0.011522,0.000000,0.000000,0.000000,0.00090451
4,206,0.399441,0.000123,92.9353,0.000000,0.000000,0.000000,0.024770,0.000000,0.000000,0.000000,0.00090451
4,207,0.379409,0.000116,97.1088,0.000000,0.000000,0.000000,0.030817,0.000000,0.000000,0.000000,0.00090451
4,208,0.508045,0.000158,79.7194,0.000000,0.000000,0.000000,0.022709,0.000000,0.000000,0.000000,0.00090451
4,209,0.319260,0.000099,99.7408,0.000000,0.000000,0.000000,0.019366,0.000000,0.000000,0.000000,0.00090451
4,210,0.315887,0.000098,98.0824,0.000000,0.000000,0.000000,0.014742,0.000000,0.000000,0.000000,0.00090451
4,211,0.398677,0.000126,91.1299,0.000000,0.000000,0.000000,0.005101,0.000000,0.000000,0.000000,0.00090451
4,212,0.317478,0.000100,108.0434,0.000000,0.000000,0.000000,0.009609,0.000000,0.000000,0.000000,0.00090451
4,213,0.323893,0.000103,101.2868,0.000000,0.000000,0.000000,0.003356,0.000000,0.000000,0.000000,0.00090451
4,214,0.294901,0.000093,102.6282,0.000000,0.000000,0.000000,0.008321,0.000000,0.000000,0.000000,0.00090451
4,215,0.410703,0.000129,90.7423,0.000000,0.000000,0.000000,0.013609,0.000000,0.000000,0.000000,0.00090451
4,216,0.512892,0.000162,88.4345,0.000000,0.000000,0.000000,0.010202,0.000000,0.000000,0.000000,0.00090451
4,217,0.419299,0.000132,78.6968,0.000000,0.000000,0.000000,0.007948,0.000000,0.000000,0.000000,0.00090451
4,218,0.326986,0.000102,99.0230,0.000000,0.000000,0.000000,0.017267,0.000000,0.000000,0.000000,0.00090451
4,219,0.471190,0.000149,81.5877,0.000000,0.000000,0.000000,0.007168,0.000000,0.000000,0.000000,0.00090451
4,220,0.503417,0.000157,89.5908,0.000000,0.000000,0.000000,0.022555,0.000000,0.000000,0.000000,0.00090451
4,221,0.388434,0.000122,99.5153,0.000000,0.000000,0.000000,0.009236,0.000000,0.000000,0.000000,0.00090451
4,222,0.420219,0.000131,105.3485,0.000000,0.000000,0.000000,0.016134,0.000000,0.000000,0.000000,0.00090451
4,223,0.463106,0.000143,94.1396,0.000000,0.000000,0.000000,0.028331,0.000000,0.000000,0.000000,0.00090451
4,224,0.353136,0.000110,87.1412,0.000000,0.000000,0.000000,0.017641,0.000000,0.000000,0.000000,0.00090451
4,225,0.411222,0.000128,94.4235,0.000000,0.000000,0.000000,0.022027,0.000000,0.000000,0.000000,0.00090451
4,226,0.592705,0.000183,74.5244,0.000000,0.000000,0.000000,0.040720,0.000000,0.000000,0.000000,0.00090451
4,227,0.471502,0.000142,74.5986,0.000000,0.000000,0.000000,0.053256,0.000000,0.000000,0.000000,0.00090451
4,228,0.353379,0.000109,92.9212,0.000000,0.000000,0.000000,0.022504,0.000000,0.000000,0.000000,0.00090451
4,229,0.481153,0.000150,82.5086,0.000000,0.000000,0.000000,0.022929,0.000000,0.000000,0.000000,0.00090451
4,230,0.401484,0.000125,99.4528,0.000000,0.000000,0.000000,0.020809,0.000000,0.000000,0.000000,0.00090451
4,231,0.394950,0.000124,100.2613,0.000000,0.000000,0.000000,0.012327,0.000000,0.000000,0.000000,0.00090451
4,232,0.382361,0.000119,100.4755,0.000000,0.000000,0.000000,0.021053,0.000000,0.000000,0.000000,0.00090451
4,233,0.299272,0.000095,112.0300,0.000000,0.000000,0.000000,0.004322,0.000000,0.000000,0.000000,0.00090451
4,234,0.312602,0.000099,106.8257,0.000000,0.000000,0.000000,0.005288,0.000000,0.000000,0.000000,0.00090451
4,235,0.465109,0.000148,110.0078,0.000000,0.000000,0.000000,0.004779,0.000000,0.000000,0.000000,0.00090451
4,236,0.372864,0.000118,108.1346,0.000000,0.000000,0.000000,0.006254,0.000000,0.000000,0.000000,0.00090451
4,237,0.564934,0.000178,85.8287,0.000000,0.000000,0.000000,0.015386,0.000000,0.000000,0.000000,0.00090451
4,238,0.400471,0.000126,94.0308,0.000000,0.000000,0.000000,0.013036,0.000000,0.000000,0.000000,0.00090451
4,239,0.390213,0.000124,93.7897,0.000000,0.000000,0.000000,0.003034,0.000000,0.000000,0.000000,0.00090451
4,240,0.330219,0.000104,106.7719,0.000000,0.000000,0.000000,0.005101,0.000000,0.000000,0.000000,0.00090451
4,241,0.631146,0.000200,84.6885,0.000000,0.000000,0.000000,0.010524,0.000000,0.000000,0.000000,0.00090451
4,242,0.576690,0.000183,70.5878,0.000000,0.000000,0.000000,0.005745,0.000000,0.000000,0.000000,0.00090451
4,243,0.521379,0.000165,84.9478,0.000000,0.000000,0.000000,0.008457,0.000000,0.000000,0.000000,0.00090451
4,244,0.444289,0.000141,94.2755,0.000000,0.000000,0.000000,0.005372,0.000000,0.000000,0.000000,0.00090451
4,245,0.372939,0.000118,102.1294,0.000000,0.000000,0.000000,0.004322,0.000000,0.000000,0.000000,0.00090451
4,246,0.440050,0.000140,86.9410,0.000000,0.000000,0.000000,0.004000,0.000000,0.000000,0.000000,0.00090451
4,247,0.441724,0.000140,87.1787,0.000000,0.000000,0.000000,0.008457,0.000000,0.000000,0.000000,0.00090451
4,248,0.467046,0.000148,82.8032,0.000000,0.000000,0.000000,0.006898,0.000000,0.000000,0.000000,0.00090451
4,249,0.413601,0.000131,93.7848,0.000000,0.000000,0.000000,0.005745,0.000000,0.000000,0.000000,0.00090451
4,250,0.346188,0.000110,104.4761,0.000000,0.000000,0.000000,0.004000,0.000000,0.000000,0.000000,0.00090451
4,251,0.342970,0.000108,99.1125,0.000000,0.000000,0.000000,0.006846,0.000000,0.000000,0.000000,0.00090451
4,252,0.324227,0.000102,89.2602,0.000000,0.000000,0.000000,0.006982,0.000000,0.000000,0.000000,0.00090451
4,253,0.425110,0.000132,84.1792,0.000000,0.000000,0.000000,0.022317,0.000000,0.000000,0.000000,0.00090451
4,254,0.402011,0.000126,87.3397,0.000000,0.000000,0.000000,0.014472,0.000000,0.000000,0.000000,0.00090451
4,255,0.331581,0.000105,93.8386,0.000000,0.000000,0.000000,0.003678,0.000000,0.000000,0.000000,0.00090451
4,256,0.397549,0.000125,84.3375,0.000000,0.000000,0.000000,0.009563,0.000000,0.000000,0.000000,0.00090451
4,257,0.403033,0.000127,86.5516,0.000000,0.000000,0.000000,0.006576,0.000000,0.000000,0.000000,0.00090451
4,258,0.294296,0.000093,106.8844,0.000000,0.000000,0.000000,0.002390,0.000000,0.000000,0.000000,0.00090451
4,259,0.377311,0.000120,92.0736,0.000000,0.000000,0.000000,0.002712,0.000000,0.000000,0.000000,0.00090451
4,260,0.388721,0.000122,83.9784,0.000000,0.000000,0.000000,0.014103,0.000000,0.000000,0.000000,0.00090451
4,261,0.355858,0.000112,89.7907,0.000000,0.000000,0.000000,0.007896,0.000000,0.000000,0.000000,0.00090451
4,262,0.329387,0.000104,94.2436,0.000000,0.000000,0.000000,0.004457,0.000000,0.000000,0.000000,0.00090451
4,263,0.338440,0.000107,108.1986,0.000000,0.000000,0.000000,0.007355,0.000000,0.000000,0.000000,0.00090451
4,264,0.280747,0.000088,102.0638,0.000000,0.000000,0.000000,0.006524,0.000000,0.000000,0.000000,0.00090451
4,265,0.366132,0.000115,95.7105,0.000000,0.000000,0.000000,0.011885,0.000000,0.000000,0.000000,0.00090451
4,266,0.416083,0.000130,93.3794,0.000000,0.000000,0.000000,0.018587,0.000000,0.000000,0.000000,0.00090451
4,267,0.406913,0.000126,102.9494,0.000000,0.000000,0.000000,0.020791,0.000000,0.000000,0.000000,0.00090451
4,268,0.503935,0.000157,93.5259,0.000000,0.000000,0.000000,0.021133,0.000000,0.000000,0.000000,0.00090451
4,269,0.444958,0.000137,89.3445,0.000000,0.000000,0.000000,0.029593,0.000000,0.000000,0.000000,0.00090451
4,270,0.444527,0.000140,87.9317,0.000000,0.000000,0.000000,0.013594,0.000000,0.000000,0.000000,0.00090451
4,271,0.491909,0.000153,95.7067,0.000000,0.000000,0.000000,0.024332,0.000000,0.000000,0.000000,0.00090451
4,272,0.432137,0.000135,93.3526,0.000000,0.000000,0.000000,0.018182,0.000000,0.000000,0.000000,0.00090451
4,273,0.409982,0.000127,96.4808,0.000000,0.000000,0.000000,0.024996,0.000000,0.000000,0.000000,0.00090451
4,274,0.388271,0.000122,102.3794,0.000000,0.000000,0.000000,0.013744,0.000000,0.000000,0.000000,0.00090451
4,275,0.345205,0.000109,99.4937,0.000000,0.000000,0.000000,0.005610,0.000000,0.000000,0.000000,0.00090451
4,276,0.450740,0.000141,92.3808,0.000000,0.000000,0.000000,0.016510,0.000000,0.000000,0.000000,0.00090451
4,277,0.371331,0.000117,102.9610,0.000000,0.000000,0.000000,0.009506,0.000000,0.000000,0.000000,0.00090451
4,278,0.299979,0.000095,98.4762,0.000000,0.000000,0.000000,0.004727,0.000000,0.000000,0.000000,0.00090451
4,279,0.458744,0.000145,83.1070,0.000000,0.000000,0.000000,0.008508,0.000000,0.000000,0.000000,0.00090451
4,280,0.375967,0.000118,101.1038,0.000000,0.000000,0.000000,0.010389,0.000000,0.000000,0.000000,0.00090451
4,281,0.531165,0.000168,76.0247,0.000000,0.000000,0.000000,0.010711,0.000000,0.000000,0.000000,0.00090451
4,282,0.549992,0.000170,91.1548,0.000000,0.000000,0.000000,0.036058,0.000000,0.000000,0.000000,0.00090451
4,283,0.431923,0.000129,101.3207,0.000000,0.000000,0.000000,0.056405,0.000000,0.000000,0.000000,0.00090451
4,284,0.439729,0.000134,84.1454,0.000000,0.000000,0.000000,0.040702,0.000000,0.000000,0.000000,0.00090451
4,285,0.386470,0.000118,102.9365,0.000000,0.000000,0.000000,0.035480,0.000000,0.000000,0.000000,0.00090451
4,286,0.440610,0.000135,87.8367,0.000000,0.000000,0.000000,0.033027,0.000000,0.000000,0.000000,0.00090451
4,287,0.409645,0.000125,88.1314,0.000000,0.000000,0.000000,0.032904,0.000000,0.000000,0.000000,0.00090451
4,288,0.294167,0.000093,103.0687,0.000000,0.000000,0.000000,0.006524,0.000000,0.000000,0.000000,0.00090451
4,289,0.349329,0.000109,99.8761,0.000000,0.000000,0.000000,0.014607,0.000000,0.000000,0.000000,0.00090451
4,290,0.322739,0.000102,100.1915,0.000000,0.000000,0.000000,0.008405,0.000000,0.000000,0.000000,0.00090451
4,291,0.343277,0.000108,105.6624,0.000000,0.000000,0.000000,0.011625,0.000000,0.000000,0.000000,0.00090451
4,292,0.385603,0.000121,99.2250,0.000000,0.000000,0.000000,0.014150,0.000000,0.000000,0.000000,0.00090451
4,293,0.422744,0.000133,90.5385,0.000000,0.000000,0.000000,0.010337,0.000000,0.000000,0.000000,0.00090451
4,294,0.378334,0.000119,90.6031,0.000000,0.000000,0.000000,0.009863,0.000000,0.000000,0.000000,0.00090451
4,295,0.312236,0.000099,95.3145,0.000000,0.000000,0.000000,0.006389,0.000000,0.000000,0.000000,0.00090451
4,296,0.542067,0.000169,95.2064,0.000000,0.000000,0.000000,0.026689,0.000000,0.000000,0.000000,0.00090451
4,297,0.440222,0.000139,96.8442,0.000000,0.000000,0.000000,0.011438,0.000000,0.000000,0.000000,0.00090451
4,298,0.552933,0.000173,81.9570,0.000000,0.000000,0.000000,0.020726,0.000000,0.000000,0.000000,0.00090451
4,299,0.421197,0.000133,96.1666,0.000000,0.000000,0.000000,0.010846,0.000000,0.000000,0.000000,0.00090451
4,300,0.312845,0.000099,106.8812,0.000000,0.000000,0.000000,0.004322,0.000000,0.000000,0.000000,0.00090451
4,301,0.597077,0.000187,81.2693,0.000000,0.000000,0.000000,0.019115,0.000000,0.000000,0.000000,0.00090451
4,302,0.397131,0.000124,91.5800,0.000000,0.000000,0.000000,0.015490,0.000000,0.000000,0.000000,0.00090451
4,303,0.368710,0.000117,103.1509,0.000000,0.000000,0.000000,0.004644,0.000000,0.000000,0.000000,0.00090451
4,304,0.426827,0.000133,94.0444,0.000000,0.000000,0.000000,0.017911,0.000000,0.000000,0.000000,0.00090451
4,305,0.411260,0.000127,87.8317,0.000000,0.000000,0.000000,0.027533,0.000000,0.000000,0.000000,0.00090451
4,306,0.330274,0.000102,105.7399,0.000000,0.000000,0.000000,0.022162,0.000000,0.000000,0.000000,0.00090451
4,307,0.297069,0.000093,109.4438,0.000000,0.000000,0.000000,0.009931,0.000000,0.000000,0.000000,0.00090451
4,308,0.502984,0.000151,91.4536,0.000000,0.000000,0.000000,0.059976,0.000000,0.000000,0.000000,0.00090451
4,309,0.515061,0.000154,77.2367,0.000000,0.000000,0.000000,0.061761,0.000000,0.000000,0.000000,0.00090451
4,310,0.352515,0.000109,104.5270,0.000000,0.000000,0.000000,0.018555,0.000000,0.000000,0.000000,0.00090451
4,311,0.341727,0.000104,99.1877,0.000000,0.000000,0.000000,0.028864,0.000000,0.000000,0.000000,0.00090451
4,312,0.396543,0.000123,84.9229,0.000000,0.000000,0.000000,0.020352,0.000000,0.000000,0.000000,0.00090451
4,313,0.413901,0.000129,98.7021,0.000000,0.000000,0.000000,0.016488,0.000000,0.000000,0.000000,0.00090451
4,314,0.422042,0.000133,104.4321,0.000000,0.000000,0.000000,0.012830,0.000000,0.000000,0.000000,0.00090451
4,315,0.498563,0.000155,94.4235,0.000000,0.000000,0.000000,0.023234,0.000000,0.000000,0.000000,0.00090451
4,316,0.404836,0.000127,100.9933,0.000000,0.000000,0.000000,0.010118,0.000000,0.000000,0.000000,0.00090451
4,317,0.409161,0.000129,97.8710,0.000000,0.000000,0.000000,0.006846,0.000000,0.000000,0.000000,0.00090451
4,318,0.377890,0.000120,107.6818,0.000000,0.000000,0.000000,0.005236,0.000000,0.000000,0.000000,0.00090451
4,319,0.403672,0.000128,97.1578,0.000000,0.000000,0.000000,0.006815,0.000000,0.000000,0.000000,0.00090451
4,320,0.347926,0.000110,105.2568,0.000000,0.000000,0.000000,0.003034,0.000000,0.000000,0.000000,0.00090451
4,321,0.498127,0.000155,93.8049,0.000000,0.000000,0.000000,0.023804,0.000000,0.000000,0.000000,0.00090451
4,322,0.337886,0.000103,100.8758,0.000000,0.000000,0.000000,0.028429,0.000000,0.000000,0.000000,0.00090451
4,323,0.366713,0.000114,90.8653,0.000000,0.000000,0.000000,0.015694,0.000000,0.000000,0.000000,0.00090451
4,324,0.543866,0.000172,76.4722,0.000000,0.000000,0.000000,0.011625,0.000000,0.000000,0.000000,0.00090451
4,325,0.442214,0.000140,89.6346,0.000000,0.000000,0.000000,0.009319,0.000000,0.000000,0.000000,0.00090451
4,326,0.387555,0.000123,88.3067,0.000000,0.000000,0.000000,0.004000,0.000000,0.000000,0.000000,0.00090451
4,327,0.361942,0.000113,99.1417,0.000000,0.000000,0.000000,0.014151,0.000000,0.000000,0.000000,0.00090451
4,328,0.510193,0.000161,84.8262,0.000000,0.000000,0.000000,0.007730,0.000000,0.000000,0.000000,0.00090451
4,329,0.606435,0.000190,76.3000,0.000000,0.000000,0.000000,0.020692,0.000000,0.000000,0.000000,0.00090451
4,330,0.372156,0.000118,97.3198,0.000000,0.000000,0.000000,0.003813,0.000000,0.000000,0.000000,0.00090451
4,331,0.349462,0.000110,95.3563,0.000000,0.000000,0.000000,0.011677,0.000000,0.000000,0.000000,0.00090451
4,332,0.501784,0.000159,88.0197,0.000000,0.000000,0.000000,0.009106,0.000000,0.000000,0.000000,0.00090451
4,333,0.407675,0.000129,89.1457,0.000000,0.000000,0.000000,0.004644,0.000000,0.000000,0.000000,0.00090451
4,334,0.369045,0.000117,90.9434,0.000000,0.000000,0.000000,0.007360,0.000000,0.000000,0.000000,0.00090451
4,335,0.422117,0.000134,84.2797,0.000000,0.000000,0.000000,0.006898,0.000000,0.000000,0.000000,0.00090451
4,336,0.388502,0.000123,97.9297,0.000000,0.000000,0.000000,0.006389,0.000000,0.000000,0.000000,0.00090451
4,337,0.398387,0.000126,100.4174,0.000000,0.000000,0.000000,0.004135,0.000000,0.000000,0.000000,0.00090451
4,338,0.358312,0.000113,93.5680,0.000000,0.000000,0.000000,0.004966,0.000000,0.000000,0.000000,0.00090451
4,339,0.413408,0.000131,90.2370,0.000000,0.000000,0.000000,0.007948,0.000000,0.000000,0.000000,0.00090451
4,340,0.347467,0.000109,100.2992,0.000000,0.000000,0.000000,0.013592,0.000000,0.000000,0.000000,0.00090451
4,341,0.372598,0.000118,84.9472,0.000000,0.000000,0.000000,0.004779,0.000000,0.000000,0.000000,0.00090451
4,342,0.395687,0.000125,92.1164,0.000000,0.000000,0.000000,0.006067,0.000000,0.000000,0.000000,0.00090451
4,343,0.544814,0.000170,80.7502,0.000000,0.000000,0.000000,0.022849,0.000000,0.000000,0.000000,0.00090451
4,344,0.474878,0.000149,93.2461,0.000000,0.000000,0.000000,0.012676,0.000000,0.000000,0.000000,0.00090451
4,345,0.370636,0.000117,95.4462,0.000000,0.000000,0.000000,0.006254,0.000000,0.000000,0.000000,0.00090451
4,346,0.378221,0.000120,89.5665,0.000000,0.000000,0.000000,0.006898,0.000000,0.000000,0.000000,0.00090451
4,347,0.411389,0.000130,89.0161,0.000000,0.000000,0.000000,0.005932,0.000000,0.000000,0.000000,0.00090451
4,348,0.393768,0.000125,82.7154,0.000000,0.000000,0.000000,0.003034,0.000000,0.000000,0.000000,0.00090451
4,349,0.434244,0.000138,83.1480,0.000000,0.000000,0.000000,0.003356,0.000000,0.000000,0.000000,0.00090451
4,350,0.320320,0.000099,106.9473,0.000000,0.000000,0.000000,0.021401,0.000000,0.000000,0.000000,0.00090451
4,351,0.316817,0.000098,103.5860,0.000000,0.000000,0.000000,0.020841,0.000000,0.000000,0.000000,0.00090451
4,352,0.352579,0.000110,98.0058,0.000000,0.000000,0.000000,0.015760,0.000000,0.000000,0.000000,0.00090451
4,353,0.331097,0.000103,101.9111,0.000000,0.000000,0.000000,0.018504,0.000000,0.000000,0.000000,0.00090451
4,354,0.372213,0.000118,76.4305,0.000000,0.000000,0.000000,0.005288,0.000000,0.000000,0.000000,0.00090451
4,355,0.368909,0.000113,104.4204,0.000000,0.000000,0.000000,0.031397,0.000000,0.000000,0.000000,0.00090451
4,356,0.335020,0.000102,98.8026,0.000000,0.000000,0.000000,0.027437,0.000000,0.000000,0.000000,0.00090451
4,357,0.372038,0.000117,89.2550,0.000000,0.000000,0.000000,0.011033,0.000000,0.000000,0.000000,0.00090451
4,358,0.305420,0.000094,97.2954,0.000000,0.000000,0.000000,0.022014,0.000000,0.000000,0.000000,0.00090451
4,359,0.314639,0.000098,102.4474,0.000000,0.000000,0.000000,0.016320,0.000000,0.000000,0.000000,0.00090451
4,360,0.338532,0.000106,105.3477,0.000000,0.000000,0.000000,0.011999,0.000000,0.000000,0.000000,0.00090451
4,361,0.300784,0.000095,98.7900,0.000000,0.000000,0.000000,0.008457,0.000000,0.000000,0.000000,0.00090451
4,362,0.365010,0.000115,90.3913,0.000000,0.000000,0.000000,0.005610,0.000000,0.000000,0.000000,0.00090451
4,363,0.348863,0.000110,93.5133,0.000000,0.000000,0.000000,0.005880,0.000000,0.000000,0.000000,0.00090451
4,364,0.330773,0.000104,95.4079,0.000000,0.000000,0.000000,0.010743,0.000000,0.000000,0.000000,0.00090451
4,365,0.357811,0.000112,98.8831,0.000000,0.000000,0.000000,0.011303,0.000000,0.000000,0.000000,0.00090451
4,366,0.388799,0.000123,88.2331,0.000000,0.000000,0.000000,0.003678,0.000000,0.000000,0.000000,0.00090451
4,367,0.355126,0.000112,99.8751,0.000000,0.000000,0.000000,0.008675,0.000000,0.000000,0.000000,0.00090451
4,368,0.498325,0.000157,87.7770,0.000000,0.000000,0.000000,0.013261,0.000000,0.000000,0.000000,0.00090451
4,369,0.361213,0.000114,92.2238,0.000000,0.000000,0.000000,0.005745,0.000000,0.000000,0.000000,0.00090451
4,370,0.453903,0.000144,84.3643,0.000000,0.000000,0.000000,0.006524,0.000000,0.000000,0.000000,0.00090451
4,371,0.267507,0.000085,109.5693,0.000000,0.000000,0.000000,0.004000,0.000000,0.000000,0.000000,0.00090451
4,372,0.541072,0.000170,90.0198,0.000000,0.000000,0.000000,0.013611,0.000000,0.000000,0.000000,0.00090451
4,373,0.338794,0.000106,91.4908,0.000000,0.000000,0.000000,0.012862,0.000000,0.000000,0.000000,0.00090451
4,374,0.285883,0.000089,90.8776,0.000000,0.000000,0.000000,0.012134,0.000000,0.000000,0.000000,0.00090451
4,375,0.380136,0.000121,97.9335,0.000000,0.000000,0.000000,0.003169,0.000000,0.000000,0.000000,0.00090451
4,376,0.398024,0.000122,91.5071,0.000000,0.000000,0.000000,0.028010,0.000000,0.000000,0.000000,0.00090451
4,377,0.380172,0.000118,95.1874,0.000000,0.000000,0.000000,0.019335,0.000000,0.000000,0.000000,0.00090451
4,378,0.396943,0.000125,95.8708,0.000000,0.000000,0.000000,0.009985,0.000000,0.000000,0.000000,0.00090451
4,379,0.367424,0.000114,102.8757,0.000000,0.000000,0.000000,0.017732,0.000000,0.000000,0.000000,0.00090451
4,380,0.334511,0.000103,94.4640,0.000000,0.000000,0.000000,0.024925,0.000000,0.000000,0.000000,0.00090451
4,381,0.328417,0.000104,90.0223,0.000000,0.000000,0.000000,0.007542,0.000000,0.000000,0.000000,0.00090451
4,382,0.285715,0.000084,99.6254,0.000000,0.000000,0.000000,0.045715,0.000000,0.000000,0.000000,0.00090451
4,383,0.408953,0.000124,94.8890,0.000000,0.000000,0.000000,0.038347,0.000000,0.000000,0.000000,0.00090451
4,384,0.362376,0.000112,100.3834,0.000000,0.000000,0.000000,0.021019,0.000000,0.000000,0.000000,0.00090451
4,385,0.344918,0.000105,98.0897,0.000000,0.000000,0.000000,0.032376,0.000000,0.000000,0.000000,0.00090451
4,386,0.333645,0.000105,93.8920,0.000000,0.000000,0.000000,0.006576,0.000000,0.000000,0.000000,0.00090451
4,387,0.332290,0.000102,91.5068,0.000000,0.000000,0.000000,0.024042,0.000000,0.000000,0.000000,0.00090451
4,388,0.275392,0.000086,101.8555,0.000000,0.000000,0.000000,0.009979,0.000000,0.000000,0.000000,0.00090451
4,389,0.422032,0.000132,90.4921,0.000000,0.000000,0.000000,0.016810,0.000000,0.000000,0.000000,0.00090451
4,390,0.363509,0.000114,98.9352,0.000000,0.000000,0.000000,0.008951,0.000000,0.000000,0.000000,0.00090451
4,391,0.384415,0.000121,88.6078,0.000000,0.000000,0.000000,0.010202,0.000000,0.000000,0.000000,0.00090451
4,392,0.605513,0.000191,80.5713,0.000000,0.000000,0.000000,0.011501,0.000000,0.000000,0.000000,0.00090451
4,393,0.382372,0.000119,107.8791,0.000000,0.000000,0.000000,0.020996,0.000000,0.000000,0.000000,0.00090451
4,394,0.338123,0.000107,92.5438,0.000000,0.000000,0.000000,0.006202,0.000000,0.000000,0.000000,0.00090451
4,395,0.426122,0.000134,87.0961,0.000000,0.000000,0.000000,0.014747,0.000000,0.000000,0.000000,0.00090451
4,396,0.274974,0.000087,101.3258,0.000000,0.000000,0.000000,0.006067,0.000000,0.000000,0.000000,0.00090451
4,397,0.293547,0.000093,100.8583,0.000000,0.000000,0.000000,0.003678,0.000000,0.000000,0.000000,0.00090451
4,398,0.437369,0.000138,89.9320,0.000000,0.000000,0.000000,0.011760,0.000000,0.000000,0.000000,0.00090451
4,399,0.349078,0.000110,91.9904,0.000000,0.000000,0.000000,0.006743,0.000000,0.000000,0.000000,0.00090451
4,400,0.281295,0.000089,106.4600,0.000000,0.000000,0.000000,0.004966,0.000000,0.000000,0.000000,0.00090451
4,401,0.401534,0.000126,97.4652,0.000000,0.000000,0.000000,0.013506,0.000000,0.000000,0.000000,0.00090451
4,402,0.437640,0.000138,93.5166,0.000000,0.000000,0.000000,0.007813,0.000000,0.000000,0.000000,0.00090451
4,403,0.267799,0.000084,102.6353,0.000000,0.000000,0.000000,0.008030,0.000000,0.000000,0.000000,0.00090451
4,404,0.313669,0.000099,99.0763,0.000000,0.000000,0.000000,0.003356,0.000000,0.000000,0.000000,0.00090451
4,405,0.276681,0.000087,96.6666,0.000000,0.000000,0.000000,0.005236,0.000000,0.000000,0.000000,0.00090451
4,406,0.331998,0.000105,96.2855,0.000000,0.000000,0.000000,0.005288,0.000000,0.000000,0.000000,0.00090451
4,407,0.545230,0.000172,97.5303,0.000000,0.000000,0.000000,0.008592,0.000000,0.000000,0.000000,0.00090451
4,408,0.410301,0.000130,98.4641,0.000000,0.000000,0.000000,0.004644,0.000000,0.000000,0.000000,0.00090451
4,409,0.441798,0.000140,91.0672,0.000000,0.000000,0.000000,0.006389,0.000000,0.000000,0.000000,0.00090451
4,410,0.473376,0.000149,99.9122,0.000000,0.000000,0.000000,0.011252,0.000000,0.000000,0.000000,0.00090451
4,411,0.485141,0.000152,94.4335,0.000000,0.000000,0.000000,0.019304,0.000000,0.000000,0.000000,0.00090451
4,412,0.485521,0.000153,79.0236,0.000000,0.000000,0.000000,0.011355,0.000000,0.000000,0.000000,0.00090451
4,413,0.457920,0.000136,112.3474,0.000000,0.000000,0.000000,0.059882,0.000000,0.000000,0.000000,0.00090451
4,414,0.414398,0.000117,98.7812,0.000000,0.000000,0.000000,0.093607,0.000000,0.000000,0.000000,0.00090451
4,415,0.370309,0.000112,107.2063,0.000000,0.000000,0.000000,0.038525,0.000000,0.000000,0.000000,0.00090451
4,416,0.364990,0.000105,105.2998,0.000000,0.000000,0.000000,0.070477,0.000000,0.000000,0.000000,0.00090451
4,417,0.307730,0.000096,101.5525,0.000000,0.000000,0.000000,0.012778,0.000000,0.000000,0.000000,0.00090451
4,418,0.409754,0.000124,86.9980,0.000000,0.000000,0.000000,0.040447,0.000000,0.000000,0.000000,0.00090451
4,419,0.357434,0.000111,96.1087,0.000000,0.000000,0.000000,0.018826,0.000000,0.000000,0.000000,0.00090451
4,420,0.271633,0.000085,108.8692,0.000000,0.000000,0.000000,0.008830,0.000000,0.000000,0.000000,0.00090451
4,421,0.324282,0.000102,96.6520,0.000000,0.000000,0.000000,0.006389,0.000000,0.000000,0.000000,0.00090451
4,422,0.556356,0.000170,79.0540,0.000000,0.000000,0.000000,0.046243,0.000000,0.000000,0.000000,0.00090451
4,423,0.331688,0.000104,113.3690,0.000000,0.000000,0.000000,0.010202,0.000000,0.000000,0.000000,0.00090451
4,424,0.384994,0.000114,84.6407,0.000000,0.000000,0.000000,0.052150,0.000000,0.000000,0.000000,0.00090451
4,425,0.351390,0.000110,102.4006,0.000000,0.000000,0.000000,0.014223,0.000000,0.000000,0.000000,0.00090451
4,426,0.357999,0.000113,102.7893,0.000000,0.000000,0.000000,0.009745,0.000000,0.000000,0.000000,0.00090451
4,427,0.267109,0.000084,104.2696,0.000000,0.000000,0.000000,0.005101,0.000000,0.000000,0.000000,0.00090451
4,428,0.429021,0.000133,84.8641,0.000000,0.000000,0.000000,0.023553,0.000000,0.000000,0.000000,0.00090451
4,429,0.368734,0.000117,95.1609,0.000000,0.000000,0.000000,0.006660,0.000000,0.000000,0.000000,0.00090451
4,430,0.403217,0.000127,95.1427,0.000000,0.000000,0.000000,0.008779,0.000000,0.000000,0.000000,0.00090451
4,431,0.334783,0.000105,95.7297,0.000000,0.000000,0.000000,0.009236,0.000000,0.000000,0.000000,0.00090451
4,432,0.296978,0.000094,92.6124,0.000000,0.000000,0.000000,0.004457,0.000000,0.000000,0.000000,0.00090451
4,433,0.321133,0.000101,85.4876,0.000000,0.000000,0.000000,0.007490,0.000000,0.000000,0.000000,0.00090451
4,434,0.258505,0.000082,99.3758,0.000000,0.000000,0.000000,0.004239,0.000000,0.000000,0.000000,0.00090451
4,435,0.303914,0.000096,101.1118,0.000000,0.000000,0.000000,0.004966,0.000000,0.000000,0.000000,0.00090451
4,436,0.348061,0.000110,98.6090,0.000000,0.000000,0.000000,0.005932,0.000000,0.000000,0.000000,0.00090451
4,437,0.273991,0.000087,106.9292,0.000000,0.000000,0.000000,0.002712,0.000000,0.000000,0.000000,0.00090451
4,438,0.420923,0.000131,91.7803,0.000000,0.000000,0.000000,0.018774,0.000000,0.000000,0.000000,0.00090451
4,439,0.333412,0.000106,101.3548,0.000000,0.000000,0.000000,0.005101,0.000000,0.000000,0.000000,0.00090451
4,440,0.349933,0.000110,89.1936,0.000000,0.000000,0.000000,0.007948,0.000000,0.000000,0.000000,0.00090451
4,441,0.392032,0.000123,99.3135,0.000000,0.000000,0.000000,0.010337,0.000000,0.000000,0.000000,0.00090451
4,442,0.356974,0.000112,87.2906,0.000000,0.000000,0.000000,0.011979,0.000000,0.000000,0.000000,0.00090451
4,443,0.371239,0.000117,87.3593,0.000000,0.000000,0.000000,0.006067,0.000000,0.000000,0.000000,0.00090451
4,444,0.333576,0.000105,102.3306,0.000000,0.000000,0.000000,0.006982,0.000000,0.000000,0.000000,0.00090451
4,445,0.352004,0.000112,90.0730,0.000000,0.000000,0.000000,0.002712,0.000000,0.000000,0.000000,0.00090451
4,446,0.366209,0.000116,97.5758,0.000000,0.000000,0.000000,0.007896,0.000000,0.000000,0.000000,0.00090451
4,447,0.372286,0.000118,88.2337,0.000000,0.000000,0.000000,0.003678,0.000000,0.000000,0.000000,0.00090451
4,448,0.337518,0.000107,89.3366,0.000000,0.000000,0.000000,0.004644,0.000000,0.000000,0.000000,0.00090451
4,449,0.300441,0.000095,96.2572,0.000000,0.000000,0.000000,0.005745,0.000000,0.000000,0.000000,0.00090451
4,450,0.291927,0.000092,105.0731,0.000000,0.000000,0.000000,0.006016,0.000000,0.000000,0.000000,0.00090451
4,451,0.320704,0.000102,100.6153,0.000000,0.000000,0.000000,0.004135,0.000000,0.000000,0.000000,0.00090451
4,452,0.321510,0.000102,93.9170,0.000000,0.000000,0.000000,0.003678,0.000000,0.000000,0.000000,0.00090451
4,453,0.348415,0.000111,94.9529,0.000000,0.000000,0.000000,0.003491,0.000000,0.000000,0.000000,0.00090451
4,454,0.511788,0.000161,96.2588,0.000000,0.000000,0.000000,0.011947,0.000000,0.000000,0.000000,0.00090451
4,455,0.367497,0.000116,90.2036,0.000000,0.000000,0.000000,0.004914,0.000000,0.000000,0.000000,0.00090451
4,456,0.494923,0.000156,82.6816,0.000000,0.000000,0.000000,0.010472,0.000000,0.000000,0.000000,0.00090451
4,457,0.358393,0.000113,106.3956,0.000000,0.000000,0.000000,0.007220,0.000000,0.000000,0.000000,0.00090451
4,458,0.411231,0.000128,84.3382,0.000000,0.000000,0.000000,0.020203,0.000000,0.000000,0.000000,0.00090451
4,459,0.369185,0.000116,97.2565,0.000000,0.000000,0.000000,0.010473,0.000000,0.000000,0.000000,0.00090451
4,460,0.352405,0.000111,94.6352,0.000000,0.000000,0.000000,0.006254,0.000000,0.000000,0.000000,0.00090451
4,461,0.345904,0.000109,84.5853,0.000000,0.000000,0.000000,0.009615,0.000000,0.000000,0.000000,0.00090451
4,462,0.375947,0.000117,95.0217,0.000000,0.000000,0.000000,0.016862,0.000000,0.000000,0.000000,0.00090451
4,463,0.309421,0.000097,102.0996,0.000000,0.000000,0.000000,0.008590,0.000000,0.000000,0.000000,0.00090451
4,464,0.363284,0.000113,96.7999,0.000000,0.000000,0.000000,0.017112,0.000000,0.000000,0.000000,0.00090451
4,465,0.310224,0.000098,97.9244,0.000000,0.000000,0.000000,0.004644,0.000000,0.000000,0.000000,0.00090451
4,466,0.366073,0.000114,98.5878,0.000000,0.000000,0.000000,0.019534,0.000000,0.000000,0.000000,0.00090451
4,467,0.393425,0.000122,101.7385,0.000000,0.000000,0.000000,0.021236,0.000000,0.000000,0.000000,0.00090451
4,468,0.306748,0.000095,106.0231,0.000000,0.000000,0.000000,0.018504,0.000000,0.000000,0.000000,0.00090451
4,469,0.417038,0.000126,95.6138,0.000000,0.000000,0.000000,0.044711,0.000000,0.000000,0.000000,0.00090451
4,470,0.421340,0.000129,91.5010,0.000000,0.000000,0.000000,0.034603,0.000000,0.000000,0.000000,0.00090451
4,471,0.406661,0.000128,93.7867,0.000000,0.000000,0.000000,0.013641,0.000000,0.000000,0.000000,0.00090451
4,472,0.326914,0.000101,101.8626,0.000000,0.000000,0.000000,0.018794,0.000000,0.000000,0.000000,0.00090451
4,473,0.387037,0.000122,92.5454,0.000000,0.000000,0.000000,0.006982,0.000000,0.000000,0.000000,0.00090451
4,474,0.302297,0.000095,97.4072,0.000000,0.000000,0.000000,0.006898,0.000000,0.000000,0.000000,0.00090451
4,475,0.372202,0.000118,84.8105,0.000000,0.000000,0.000000,0.003678,0.000000,0.000000,0.000000,0.00090451
4,476,0.405704,0.000128,87.8265,0.000000,0.000000,0.000000,0.007086,0.000000,0.000000,0.000000,0.00090451
4,477,0.474544,0.000149,84.3298,0.000000,0.000000,0.000000,0.012541,0.000000,0.000000,0.000000,0.00090451
4,478,0.326999,0.000103,99.2932,0.000000,0.000000,0.000000,0.009101,0.000000,0.000000,0.000000,0.00090451
4,479,0.361611,0.000114,96.4322,0.000000,0.000000,0.000000,0.009745,0.000000,0.000000,0.000000,0.00090451
4,480,0.348281,0.000110,92.5220,0.000000,0.000000,0.000000,0.009205,0.000000,0.000000,0.000000,0.00090451
4,481,0.424710,0.000135,76.3615,0.000000,0.000000,0.000000,0.005610,0.000000,0.000000,0.000000,0.00090451
4,482,0.474130,0.000149,73.2723,0.000000,0.000000,0.000000,0.016171,0.000000,0.000000,0.000000,0.00090451
4,483,0.475654,0.000150,80.5865,0.000000,0.000000,0.000000,0.008135,0.000000,0.000000,0.000000,0.00090451
4,484,0.373112,0.000115,98.8208,0.000000,0.000000,0.000000,0.023991,0.000000,0.000000,0.000000,0.00090451
4,485,0.359417,0.000111,103.2236,0.000000,0.000000,0.000000,0.022992,0.000000,0.000000,0.000000,0.00090451
4,486,0.441543,0.000139,99.4769,0.000000,0.000000,0.000000,0.011221,0.000000,0.000000,0.000000,0.00090451
4,487,0.404615,0.000123,110.1523,0.000000,0.000000,0.000000,0.040272,0.000000,0.000000,0.000000,0.00090451
4,488,0.462384,0.000145,94.3049,0.000000,0.000000,0.000000,0.018342,0.000000,0.000000,0.000000,0.00090451
4,489,0.379510,0.000116,99.6412,0.000000,0.000000,0.000000,0.030810,0.000000,0.000000,0.000000,0.00090451
4,490,0.377677,0.000117,99.6395,0.000000,0.000000,0.000000,0.024660,0.000000,0.000000,0.000000,0.00090451
4,491,0.348035,0.000108,103.5324,0.000000,0.000000,0.000000,0.020062,0.000000,0.000000,0.000000,0.00090451
4,492,0.378828,0.000119,93.4181,0.000000,0.000000,0.000000,0.011303,0.000000,0.000000,0.000000,0.00090451
4,493,0.371844,0.000116,110.2725,0.000000,0.000000,0.000000,0.019064,0.000000,0.000000,0.000000,0.00090451
4,494,0.447039,0.000137,88.9776,0.000000,0.000000,0.000000,0.031880,0.000000,0.000000,0.000000,0.00090451
4,495,0.374071,0.000117,104.6665,0.000000,0.000000,0.000000,0.012082,0.000000,0.000000,0.000000,0.00090451
4,496,0.412755,0.000130,101.5367,0.000000,0.000000,0.000000,0.010253,0.000000,0.000000,0.000000,0.00090451
4,497,0.445977,0.000141,90.7108,0.000000,0.000000,0.000000,0.007220,0.000000,0.000000,0.000000,0.00090451
4,498,0.327354,0.000104,101.8884,0.000000,0.000000,0.000000,0.004644,0.000000,0.000000,0.000000,0.00090451
4,499,0.385190,0.000121,101.9449,0.000000,0.000000,0.000000,0.014317,0.000000,0.000000,0.000000,0.00090451
4,500,0.494157,0.000156,87.7447,0.000000,0.000000,0.000000,0.011220,0.000000,0.000000,0.000000,0.00090451
4,501,0.454005,0.000142,109.5907,0.000000,0.000000,0.000000,0.015210,0.000000,0.000000,0.000000,0.00090451
4,502,0.531148,0.000164,96.3688,0.000000,0.000000,0.000000,0.035164,0.000000,0.000000,0.000000,0.00090451
4,503,0.801130,0.000242,73.8268,0.000000,0.000000,0.000000,0.082476,0.000000,0.000000,0.000000,0.00090451
4,504,0.481431,0.000143,105.6986,0.000000,0.000000,0.000000,0.064901,0.000000,0.000000,0.000000,0.00090451
4,505,0.562686,0.000166,87.0326,0.000000,0.000000,0.000000,0.083372,0.000000,0.000000,0.000000,0.00090451
4,506,0.701871,0.000210,88.2407,0.000000,0.000000,0.000000,0.089062,0.000000,0.000000,0.000000,0.00090451
4,507,0.653315,0.000199,82.7968,0.000000,0.000000,0.000000,0.059475,0.000000,0.000000,0.000000,0.00090451
4,508,0.725548,0.000223,81.1505,0.000000,0.000000,0.000000,0.050888,0.000000,0.000000,0.000000,0.00090451
4,509,0.844398,0.000251,77.1950,0.000000,0.000000,0.000000,0.111870,0.000000,0.000000,0.000000,0.00090451
4,510,0.613936,0.000192,104.8484,0.000000,0.000000,0.000000,0.021651,0.000000,0.000000,0.000000,0.00090451
4,511,0.422081,0.000131,104.3432,0.000000,0.000000,0.000000,0.024461,0.000000,0.000000,0.000000,0.00090451
4,512,0.385673,0.000121,102.9200,0.000000,0.000000,0.000000,0.014121,0.000000,0.000000,0.000000,0.00090451
4,513,0.542600,0.000169,90.1230,0.000000,0.000000,0.000000,0.027911,0.000000,0.000000,0.000000,0.00090451
4,514,0.403447,0.000127,98.2990,0.000000,0.000000,0.000000,0.012810,0.000000,0.000000,0.000000,0.00090451
4,515,0.479346,0.000151,91.8807,0.000000,0.000000,0.000000,0.011116,0.000000,0.000000,0.000000,0.00090451
4,516,0.527992,0.000162,114.1706,0.000000,0.000000,0.000000,0.041261,0.000000,0.000000,0.000000,0.00090451
4,517,0.468989,0.000144,86.0963,0.000000,0.000000,0.000000,0.032317,0.000000,0.000000,0.000000,0.00090451
4,518,0.451575,0.000142,80.5821,0.000000,0.000000,0.000000,0.010202,0.000000,0.000000,0.000000,0.00090451
4,519,0.364916,0.000115,94.2018,0.000000,0.000000,0.000000,0.007999,0.000000,0.000000,0.000000,0.00090451
4,520,0.453048,0.000142,89.3346,0.000000,0.000000,0.000000,0.017402,0.000000,0.000000,0.000000,0.00090451
4,521,0.401972,0.000127,83.6443,0.000000,0.000000,0.000000,0.006016,0.000000,0.000000,0.000000,0.00090451
4,522,0.436201,0.000136,84.2833,0.000000,0.000000,0.000000,0.016946,0.000000,0.000000,0.000000,0.00090451
4,523,0.473808,0.000147,86.2799,0.000000,0.000000,0.000000,0.023455,0.000000,0.000000,0.000000,0.00090451
4,524,0.434932,0.000136,89.1307,0.000000,0.000000,0.000000,0.019952,0.000000,0.000000,0.000000,0.00090451
4,525,0.383375,0.000121,85.8342,0.000000,0.000000,0.000000,0.008321,0.000000,0.000000,0.000000,0.00090451
4,526,0.308156,0.000097,92.7650,0.000000,0.000000,0.000000,0.007355,0.000000,0.000000,0.000000,0.00090451
4,527,0.347989,0.000110,86.0997,0.000000,0.000000,0.000000,0.005236,0.000000,0.000000,0.000000,0.00090451
4,528,0.277748,0.000088,90.7279,0.000000,0.000000,0.000000,0.003678,0.000000,0.000000,0.000000,0.00090451
4,529,0.372974,0.000118,101.0553,0.000000,0.000000,0.000000,0.004000,0.000000,0.000000,0.000000,0.00090451
4,530,0.282256,0.000090,105.2429,0.000000,0.000000,0.000000,0.003034,0.000000,0.000000,0.000000,0.00090451
4,531,0.400627,0.000126,80.9650,0.000000,0.000000,0.000000,0.008592,0.000000,0.000000,0.000000,0.00090451
4,532,0.446098,0.000140,90.0324,0.000000,0.000000,0.000000,0.012643,0.000000,0.000000,0.000000,0.00090451
4,533,0.405426,0.000129,92.6422,0.000000,0.000000,0.000000,0.004000,0.000000,0.000000,0.000000,0.00090451
4,534,0.457496,0.000145,90.2816,0.000000,0.000000,0.000000,0.008302,0.000000,0.000000,0.000000,0.00090451
4,535,0.427710,0.000135,88.7446,0.000000,0.000000,0.000000,0.005745,0.000000,0.000000,0.000000,0.00090451
4,536,0.388218,0.000123,83.7438,0.000000,0.000000,0.000000,0.006660,0.000000,0.000000,0.000000,0.00090451
4,537,0.346720,0.000110,94.3625,0.000000,0.000000,0.000000,0.005236,0.000000,0.000000,0.000000,0.00090451
4,538,0.349201,0.000110,98.8941,0.000000,0.000000,0.000000,0.007677,0.000000,0.000000,0.000000,0.00090451
4,539,0.391400,0.000124,89.8327,0.000000,0.000000,0.000000,0.004322,0.000000,0.000000,0.000000,0.00090451
4,540,0.389572,0.000124,96.3240,0.000000,0.000000,0.000000,0.004239,0.000000,0.000000,0.000000,0.00090451
4,541,0.439897,0.000139,84.6222,0.000000,0.000000,0.000000,0.006524,0.000000,0.000000,0.000000,0.00090451
4,542,0.387253,0.000123,85.3043,0.000000,0.000000,0.000000,0.004966,0.000000,0.000000,0.000000,0.00090451
4,543,0.371526,0.000117,104.3697,0.000000,0.000000,0.000000,0.009828,0.000000,0.000000,0.000000,0.00090451
4,544,0.353475,0.000112,91.8429,0.000000,0.000000,0.000000,0.004457,0.000000,0.000000,0.000000,0.00090451
4,545,0.291462,0.000092,102.3324,0.000000,0.000000,0.000000,0.004000,0.000000,0.000000,0.000000,0.00090451
4,546,0.351857,0.000111,95.7801,0.000000,0.000000,0.000000,0.007304,0.000000,0.000000,0.000000,0.00090451
4,547,0.479885,0.000152,88.4416,0.000000,0.000000,0.000000,0.006524,0.000000,0.000000,0.000000,0.00090451
4,548,0.324881,0.000103,101.1173,0.000000,0.000000,0.000000,0.004457,0.000000,0.000000,0.000000,0.00090451
4,549,0.439479,0.000137,94.4344,0.000000,0.000000,0.000000,0.017370,0.000000,0.000000,0.000000,0.00090451
4,550,0.511884,0.000161,86.9886,0.000000,0.000000,0.000000,0.012914,0.000000,0.000000,0.000000,0.00090451
4,551,0.344392,0.000108,104.2074,0.000000,0.000000,0.000000,0.010711,0.000000,0.000000,0.000000,0.00090451
4,552,0.503729,0.000160,80.8958,0.000000,0.000000,0.000000,0.007033,0.000000,0.000000,0.000000,0.00090451
4,553,0.308522,0.000097,90.7004,0.000000,0.000000,0.000000,0.007677,0.000000,0.000000,0.000000,0.00090451
4,554,0.386982,0.000121,83.2196,0.000000,0.000000,0.000000,0.012488,0.000000,0.000000,0.000000,0.00090451
4,555,0.346026,0.000109,90.5006,0.000000,0.000000,0.000000,0.008135,0.000000,0.000000,0.000000,0.00090451
4,556,0.328137,0.000103,88.9295,0.000000,0.000000,0.000000,0.009101,0.000000,0.000000,0.000000,0.00090451
4,557,0.325168,0.000103,101.0751,0.000000,0.000000,0.000000,0.003034,0.000000,0.000000,0.000000,0.00090451
4,558,0.430464,0.000136,90.2182,0.000000,0.000000,0.000000,0.006846,0.000000,0.000000,0.000000,0.00090451
4,559,0.335242,0.000106,103.3497,0.000000,0.000000,0.000000,0.002712,0.000000,0.000000,0.000000,0.00090451
4,560,0.513285,0.000163,88.7270,0.000000,0.000000,0.000000,0.003813,0.000000,0.000000,0.000000,0.00090451
4,561,0.293379,0.000093,95.4221,0.000000,0.000000,0.000000,0.006524,0.000000,0.000000,0.000000,0.00090451
4,562,0.372676,0.000118,86.7725,0.000000,0.000000,0.000000,0.004966,0.000000,0.000000,0.000000,0.00090451
4,563,0.542987,0.000170,94.2496,0.000000,0.000000,0.000000,0.020759,0.000000,0.000000,0.000000,0.00090451
4,564,0.351415,0.000109,109.0064,0.000000,0.000000,0.000000,0.021370,0.000000,0.000000,0.000000,0.00090451
4,565,0.355970,0.000111,95.4896,0.000000,0.000000,0.000000,0.018368,0.000000,0.000000,0.000000,0.00090451
4,566,0.265375,0.000081,108.6810,0.000000,0.000000,0.000000,0.023811,0.000000,0.000000,0.000000,0.00090451
4,567,0.425554,0.000131,98.2622,0.000000,0.000000,0.000000,0.032200,0.000000,0.000000,0.000000,0.00090451
4,568,0.451503,0.000136,106.6893,0.000000,0.000000,0.000000,0.050878,0.000000,0.000000,0.000000,0.00090451
4,569,0.334597,0.000105,92.9654,0.000000,0.000000,0.000000,0.013693,0.000000,0.000000,0.000000,0.00090451
4,570,0.312534,0.000094,100.2950,0.000000,0.000000,0.000000,0.035613,0.000000,0.000000,0.000000,0.00090451
4,571,0.421147,0.000133,96.2553,0.000000,0.000000,0.000000,0.011033,0.000000,0.000000,0.000000,0.00090451
4,572,0.322385,0.000099,92.3909,0.000000,0.000000,0.000000,0.023875,0.000000,0.000000,0.000000,0.00090451
4,573,0.280923,0.000089,97.4135,0.000000,0.000000,0.000000,0.005288,0.000000,0.000000,0.000000,0.00090451
4,574,0.390402,0.000121,86.4520,0.000000,0.000000,0.000000,0.024042,0.000000,0.000000,0.000000,0.00090451
4,575,0.400343,0.000127,89.7016,0.000000,0.000000,0.000000,0.002390,0.000000,0.000000,0.000000,0.00090451
4,576,0.329434,0.000103,103.3434,0.000000,0.000000,0.000000,0.011542,0.000000,0.000000,0.000000,0.00090451
4,577,0.423320,0.000129,76.6852,0.000000,0.000000,0.000000,0.036552,0.000000,0.000000,0.000000,0.00090451
4,578,0.355279,0.000108,104.9887,0.000000,0.000000,0.000000,0.031694,0.000000,0.000000,0.000000,0.00090451
4,579,0.660392,0.000198,84.5428,0.000000,0.000000,0.000000,0.079093,0.000000,0.000000,0.000000,0.00090451
4,580,0.482039,0.000147,93.7406,0.000000,0.000000,0.000000,0.041993,0.000000,0.000000,0.000000,0.00090451
4,581,0.514234,0.000159,71.1413,0.000000,0.000000,0.000000,0.031282,0.000000,0.000000,0.000000,0.00090451
4,582,0.316221,0.000099,106.4231,0.000000,0.000000,0.000000,0.009423,0.000000,0.000000,0.000000,0.00090451
4,583,0.328630,0.000102,105.8707,0.000000,0.000000,0.000000,0.014523,0.000000,0.000000,0.000000,0.00090451
4,584,0.381910,0.000118,90.6908,0.000000,0.000000,0.000000,0.025901,0.000000,0.000000,0.000000,0.00090451
4,585,0.323746,0.000102,99.0674,0.000000,0.000000,0.000000,0.007033,0.000000,0.000000,0.000000,0.00090451
4,586,0.355000,0.000111,94.5306,0.000000,0.000000,0.000000,0.013272,0.000000,0.000000,0.000000,0.00090451
4,587,0.387736,0.000122,90.8646,0.000000,0.000000,0.000000,0.012541,0.000000,0.000000,0.000000,0.00090451
4,588,0.303593,0.000095,108.4871,0.000000,0.000000,0.000000,0.014337,0.000000,0.000000,0.000000,0.00090451
4,589,0.364772,0.000115,96.6756,0.000000,0.000000,0.000000,0.010337,0.000000,0.000000,0.000000,0.00090451
4,590,0.329690,0.000104,97.5111,0.000000,0.000000,0.000000,0.004779,0.000000,0.000000,0.000000,0.00090451
4,591,0.409698,0.000129,90.1014,0.000000,0.000000,0.000000,0.010930,0.000000,0.000000,0.000000,0.00090451
4,592,0.374468,0.000118,86.4990,0.000000,0.000000,0.000000,0.006067,0.000000,0.000000,0.000000,0.00090451
4,593,0.290266,0.000092,97.7867,0.000000,0.000000,0.000000,0.003678,0.000000,0.000000,0.000000,0.00090451
4,594,0.431198,0.000135,99.5837,0.000000,0.000000,0.000000,0.012928,0.000000,0.000000,0.000000,0.00090451
4,595,0.579031,0.000181,89.6698,0.000000,0.000000,0.000000,0.022103,0.000000,0.000000,0.000000,0.00090451
4,596,0.427960,0.000135,90.8382,0.000000,0.000000,0.000000,0.012239,0.000000,0.000000,0.000000,0.00090451
4,597,0.427236,0.000135,93.3019,0.000000,0.000000,0.000000,0.009628,0.000000,0.000000,0.000000,0.00090451
4,598,0.449138,0.000142,92.8059,0.000000,0.000000,0.000000,0.010718,0.000000,0.000000,0.000000,0.00090451
4,599,0.453069,0.000142,94.6947,0.000000,0.000000,0.000000,0.013828,0.000000,0.000000,0.000000,0.00090451
4,600,0.439783,0.000139,89.5142,0.000000,0.000000,0.000000,0.010337,0.000000,0.000000,0.000000,0.00090451
4,601,0.487955,0.000154,88.6271,0.000000,0.000000,0.000000,0.011387,0.000000,0.000000,0.000000,0.00090451
4,602,0.455798,0.000144,90.8147,0.000000,0.000000,0.000000,0.010390,0.000000,0.000000,0.000000,0.00090451
4,603,0.421904,0.000133,93.5224,0.000000,0.000000,0.000000,0.006660,0.000000,0.000000,0.000000,0.00090451
4,604,0.435531,0.000138,91.6486,0.000000,0.000000,0.000000,0.005236,0.000000,0.000000,0.000000,0.00090451
4,605,0.431631,0.000137,92.8520,0.000000,0.000000,0.000000,0.006171,0.000000,0.000000,0.000000,0.00090451
4,606,0.433875,0.000137,89.9026,0.000000,0.000000,0.000000,0.008192,0.000000,0.000000,0.000000,0.00090451
4,607,0.450878,0.000142,91.5826,0.000000,0.000000,0.000000,0.009680,0.000000,0.000000,0.000000,0.00090451
4,608,0.416682,0.000132,90.5457,0.000000,0.000000,0.000000,0.006524,0.000000,0.000000,0.000000,0.00090451
4,609,0.436599,0.000138,90.7377,0.000000,0.000000,0.000000,0.005880,0.000000,0.000000,0.000000,0.00090451
4,610,0.640884,0.000202,86.5348,0.000000,0.000000,0.000000,0.014199,0.000000,0.000000,0.000000,0.00090451
4,611,0.395733,0.000125,100.6948,0.000000,0.000000,0.000000,0.008052,0.000000,0.000000,0.000000,0.00090451
4,612,0.442379,0.000140,89.3462,0.000000,0.000000,0.000000,0.007999,0.000000,0.000000,0.000000,0.00090451
4,613,0.349193,0.000111,102.4775,0.000000,0.000000,0.000000,0.004649,0.000000,0.000000,0.000000,0.00090451
4,614,0.321779,0.000102,103.8237,0.000000,0.000000,0.000000,0.004322,0.000000,0.000000,0.000000,0.00090451
4,615,0.313628,0.000099,105.1579,0.000000,0.000000,0.000000,0.005288,0.000000,0.000000,0.000000,0.00090451
4,616,0.267533,0.000084,108.2271,0.000000,0.000000,0.000000,0.007220,0.000000,0.000000,0.000000,0.00090451
4,617,0.433678,0.000136,93.4597,0.000000,0.000000,0.000000,0.012966,0.000000,0.000000,0.000000,0.00090451
4,618,0.533020,0.000167,87.1440,0.000000,0.000000,0.000000,0.018690,0.000000,0.000000,0.000000,0.00090451
4,619,0.324035,0.000102,102.8967,0.000000,0.000000,0.000000,0.009236,0.000000,0.000000,0.000000,0.00090451
4,620,0.387220,0.000122,98.1123,0.000000,0.000000,0.000000,0.011522,0.000000,0.000000,0.000000,0.00090451
4,621,0.383876,0.000120,106.9081,0.000000,0.000000,0.000000,0.018026,0.000000,0.000000,0.000000,0.00090451
4,622,0.315612,0.000100,98.4067,0.000000,0.000000,0.000000,0.007086,0.000000,0.000000,0.000000,0.00090451
4,623,0.581286,0.000183,88.7030,0.000000,0.000000,0.000000,0.015335,0.000000,0.000000,0.000000,0.00090451
4,624,0.491513,0.000153,92.7905,0.000000,0.000000,0.000000,0.021995,0.000000,0.000000,0.000000,0.00090451
4,625,0.479084,0.000152,90.5128,0.000000,0.000000,0.000000,0.005423,0.000000,0.000000,0.000000,0.00090451
4,626,0.659618,0.000202,81.2389,0.000000,0.000000,0.000000,0.053288,0.000000,0.000000,0.000000,0.00090451
4,627,0.688477,0.000200,79.0351,0.000000,0.000000,0.000000,0.119818,0.000000,0.000000,0.000000,0.00090451
4,628,0.498088,0.000152,100.4804,0.000000,0.000000,0.000000,0.045089,0.000000,0.000000,0.000000,0.00090451
4,629,0.462069,0.000140,92.2571,0.000000,0.000000,0.000000,0.048504,0.000000,0.000000,0.000000,0.00090451
4,630,0.458855,0.000143,90.5649,0.000000,0.000000,0.000000,0.020040,0.000000,0.000000,0.000000,0.00090451
4,631,0.494508,0.000148,86.8237,0.000000,0.000000,0.000000,0.062181,0.000000,0.000000,0.000000,0.00090451
4,632,0.446014,0.000141,90.2986,0.000000,0.000000,0.000000,0.008915,0.000000,0.000000,0.000000,0.00090451
4,633,0.336508,0.000098,114.0348,0.000000,0.000000,0.000000,0.056008,0.000000,0.000000,0.000000,0.00090451
4,634,0.368505,0.000112,87.1167,0.000000,0.000000,0.000000,0.034669,0.000000,0.000000,0.000000,0.00090451
4,635,0.464900,0.000146,96.1456,0.000000,0.000000,0.000000,0.015148,0.000000,0.000000,0.000000,0.00090451
4,636,0.570229,0.000180,81.0970,0.000000,0.000000,0.000000,0.014066,0.000000,0.000000,0.000000,0.00090451
4,637,0.431851,0.000137,99.8410,0.000000,0.000000,0.000000,0.007168,0.000000,0.000000,0.000000,0.00090451
4,638,0.426888,0.000135,88.0258,0.000000,0.000000,0.000000,0.004592,0.000000,0.000000,0.000000,0.00090451
4,639,0.422284,0.000134,94.1969,0.000000,0.000000,0.000000,0.006930,0.000000,0.000000,0.000000,0.00090451
4,640,0.450854,0.000143,98.2065,0.000000,0.000000,0.000000,0.004000,0.000000,0.000000,0.000000,0.00090451
4,641,0.563126,0.000178,90.1393,0.000000,0.000000,0.000000,0.011308,0.000000,0.000000,0.000000,0.00090451
4,642,0.576386,0.000180,81.2283,0.000000,0.000000,0.000000,0.022173,0.000000,0.000000,0.000000,0.00090451
4,643,0.354906,0.000110,93.9231,0.000000,0.000000,0.000000,0.020217,0.000000,0.000000,0.000000,0.00090451
4,644,0.372011,0.000117,94.4334,0.000000,0.000000,0.000000,0.007168,0.000000,0.000000,0.000000,0.00090451
4,645,0.260468,0.000082,112.6553,0.000000,0.000000,0.000000,0.008135,0.000000,0.000000,0.000000,0.00090451
4,646,0.386745,0.000122,100.7657,0.000000,0.000000,0.000000,0.010846,0.000000,0.000000,0.000000,0.00090451
4,647,0.356931,0.000113,96.1251,0.000000,0.000000,0.000000,0.005932,0.000000,0.000000,0.000000,0.00090451
4,648,0.405886,0.000128,87.5983,0.000000,0.000000,0.000000,0.008083,0.000000,0.000000,0.000000,0.00090451
4,649,0.327230,0.000104,100.8080,0.000000,0.000000,0.000000,0.004644,0.000000,0.000000,0.000000,0.00090451
4,650,0.342271,0.000109,105.5431,0.000000,0.000000,0.000000,0.003034,0.000000,0.000000,0.000000,0.00090451
4,651,0.316991,0.000100,105.8008,0.000000,0.000000,0.000000,0.004644,0.000000,0.000000,0.000000,0.00090451
4,652,0.356777,0.000113,93.5514,0.000000,0.000000,0.000000,0.005423,0.000000,0.000000,0.000000,0.00090451
4,653,0.298741,0.000095,94.6846,0.000000,0.000000,0.000000,0.003491,0.000000,0.000000,0.000000,0.00090451
4,654,0.373482,0.000117,103.6952,0.000000,0.000000,0.000000,0.013425,0.000000,0.000000,0.000000,0.00090451
4,655,0.358323,0.000114,102.1477,0.000000,0.000000,0.000000,0.003678,0.000000,0.000000,0.000000,0.00090451
4,656,0.308640,0.000097,102.7803,0.000000,0.000000,0.000000,0.007168,0.000000,0.000000,0.000000,0.00090451
4,657,0.358019,0.000112,104.4334,0.000000,0.000000,0.000000,0.014115,0.000000,0.000000,0.000000,0.00090451
4,658,0.843799,0.000261,88.3130,0.000000,0.000000,0.000000,0.053121,0.000000,0.000000,0.000000,0.00090451
4,659,0.566654,0.000174,103.2134,0.000000,0.000000,0.000000,0.039198,0.000000,0.000000,0.000000,0.00090451
4,660,1.102668,0.000337,83.1396,0.000000,0.000000,0.000000,0.093702,0.000000,0.000000,0.000000,0.00090451
4,661,0.846821,0.000262,101.6532,0.000000,0.000000,0.000000,0.050702,0.000000,0.000000,0.000000,0.00090451
4,662,0.876358,0.000270,88.7496,0.000000,0.000000,0.000000,0.060752,0.000000,0.000000,0.000000,0.00090451
4,663,1.086484,0.000332,93.7686,0.000000,0.000000,0.000000,0.092143,0.000000,0.000000,0.000000,0.00090451
4,664,0.950731,0.000285,88.3057,0.000000,0.000000,0.000000,0.111419,0.000000,0.000000,0.000000,0.00090451
4,665,0.644058,0.000196,101.2888,0.000000,0.000000,0.000000,0.058474,0.000000,0.000000,0.000000,0.00090451
4,666,0.591465,0.000180,97.5948,0.000000,0.000000,0.000000,0.054308,0.000000,0.000000,0.000000,0.00090451
4,667,0.870819,0.000267,84.3066,0.000000,0.000000,0.000000,0.069495,0.000000,0.000000,0.000000,0.00090451
4,668,0.707476,0.000217,95.1835,0.000000,0.000000,0.000000,0.055925,0.000000,0.000000,0.000000,0.00090451
4,669,0.660955,0.000204,91.9341,0.000000,0.000000,0.000000,0.040443,0.000000,0.000000,0.000000,0.00090451
4,670,0.706227,0.000218,90.6248,0.000000,0.000000,0.000000,0.042535,0.000000,0.000000,0.000000,0.00090451
4,671,0.571363,0.000180,98.6859,0.000000,0.000000,0.000000,0.013983,0.000000,0.000000,0.000000,0.00090451
4,672,0.643395,0.000199,107.2576,0.000000,0.000000,0.000000,0.037949,0.000000,0.000000,0.000000,0.00090451
4,673,0.394216,0.000121,89.2457,0.000000,0.000000,0.000000,0.028935,0.000000,0.000000,0.000000,0.00090451
4,674,0.339801,0.000107,102.9749,0.000000,0.000000,0.000000,0.010202,0.000000,0.000000,0.000000,0.00090451
4,675,0.384691,0.000120,89.6808,0.000000,0.000000,0.000000,0.015844,0.000000,0.000000,0.000000,0.00090451
4,676,0.314211,0.000099,103.3049,0.000000,0.000000,0.000000,0.007168,0.000000,0.000000,0.000000,0.00090451
4,677,0.358965,0.000113,85.7179,0.000000,0.000000,0.000000,0.009880,0.000000,0.000000,0.000000,0.00090451
4,678,0.307541,0.000096,107.5817,0.000000,0.000000,0.000000,0.013776,0.000000,0.000000,0.000000,0.00090451
4,679,0.419512,0.000132,97.8877,0.000000,0.000000,0.000000,0.012862,0.000000,0.000000,0.000000,0.00090451
4,680,0.396135,0.000125,90.6924,0.000000,0.000000,0.000000,0.006795,0.000000,0.000000,0.000000,0.00090451
4,681,0.319566,0.000101,96.8846,0.000000,0.000000,0.000000,0.004644,0.000000,0.000000,0.000000,0.00090451
4,682,0.374225,0.000118,92.0060,0.000000,0.000000,0.000000,0.005423,0.000000,0.000000,0.000000,0.00090451
4,683,0.348849,0.000110,96.8298,0.000000,0.000000,0.000000,0.007355,0.000000,0.000000,0.000000,0.00090451
4,684,0.351448,0.000110,101.7629,0.000000,0.000000,0.000000,0.011709,0.000000,0.000000,0.000000,0.00090451
4,685,0.399872,0.000126,83.9211,0.000000,0.000000,0.000000,0.008914,0.000000,0.000000,0.000000,0.00090451
4,686,0.358743,0.000113,87.9336,0.000000,0.000000,0.000000,0.005932,0.000000,0.000000,0.000000,0.00090451
4,687,0.323418,0.000102,89.6071,0.000000,0.000000,0.000000,0.007948,0.000000,0.000000,0.000000,0.00090451
4,688,0.436983,0.000138,89.1459,0.000000,0.000000,0.000000,0.007626,0.000000,0.000000,0.000000,0.00090451
4,689,0.366395,0.000116,103.4458,0.000000,0.000000,0.000000,0.007168,0.000000,0.000000,0.000000,0.00090451
4,690,0.286756,0.000090,97.6199,0.000000,0.000000,0.000000,0.007490,0.000000,0.000000,0.000000,0.00090451
4,691,0.362389,0.000114,97.0988,0.000000,0.000000,0.000000,0.008592,0.000000,0.000000,0.000000,0.00090451
4,692,0.477760,0.000150,88.9764,0.000000,0.000000,0.000000,0.013776,0.000000,0.000000,0.000000,0.00090451
4,693,0.344694,0.000109,105.1015,0.000000,0.000000,0.000000,0.006711,0.000000,0.000000,0.000000,0.00090451
4,694,0.386309,0.000122,88.6170,0.000000,0.000000,0.000000,0.008135,0.000000,0.000000,0.000000,0.00090451
4,695,0.327323,0.000104,99.4836,0.000000,0.000000,0.000000,0.003356,0.000000,0.000000,0.000000,0.00090451
4,696,0.468339,0.000148,82.7389,0.000000,0.000000,0.000000,0.010389,0.000000,0.000000,0.000000,0.00090451
4,697,0.326977,0.000103,90.4149,0.000000,0.000000,0.000000,0.008083,0.000000,0.000000,0.000000,0.00090451
4,698,0.323188,0.000102,98.2818,0.000000,0.000000,0.000000,0.004000,0.000000,0.000000,0.000000,0.00090451
4,699,0.340779,0.000108,95.8156,0.000000,0.000000,0.000000,0.006665,0.000000,0.000000,0.000000,0.00090451
4,700,0.266861,0.000084,105.5991,0.000000,0.000000,0.000000,0.007168,0.000000,0.000000,0.000000,0.00090451
4,701,0.375639,0.000119,85.9735,0.000000,0.000000,0.000000,0.004322,0.000000,0.000000,0.000000,0.00090451
4,702,0.256738,0.000081,109.0876,0.000000,0.000000,0.000000,0.005101,0.000000,0.000000,0.000000,0.00090451
4,703,0.337326,0.000107,95.8653,0.000000,0.000000,0.000000,0.005932,0.000000,0.000000,0.000000,0.00090451
4,704,0.477740,0.000151,96.1306,0.000000,0.000000,0.000000,0.007490,0.000000,0.000000,0.000000,0.00090451
4,705,0.371933,0.000118,94.8027,0.000000,0.000000,0.000000,0.004644,0.000000,0.000000,0.000000,0.00090451
4,706,0.395223,0.000125,97.1660,0.000000,0.000000,0.000000,0.006067,0.000000,0.000000,0.000000,0.00090451
4,707,0.405974,0.000128,81.0613,0.000000,0.000000,0.000000,0.010253,0.000000,0.000000,0.000000,0.00090451
4,708,0.326050,0.000103,93.1615,0.000000,0.000000,0.000000,0.004779,0.000000,0.000000,0.000000,0.00090451
4,709,0.343550,0.000109,96.3970,0.000000,0.000000,0.000000,0.004779,0.000000,0.000000,0.000000,0.00090451
4,710,0.321578,0.000101,93.7963,0.000000,0.000000,0.000000,0.006711,0.000000,0.000000,0.000000,0.00090451
4,711,0.312753,0.000099,88.7144,0.000000,0.000000,0.000000,0.003678,0.000000,0.000000,0.000000,0.00090451
4,712,0.310702,0.000099,90.7506,0.000000,0.000000,0.000000,0.002390,0.000000,0.000000,0.000000,0.00090451
4,713,0.306211,0.000097,95.7673,0.000000,0.000000,0.000000,0.004000,0.000000,0.000000,0.000000,0.00090451
4,714,0.293286,0.000093,95.8220,0.000000,0.000000,0.000000,0.001746,0.000000,0.000000,0.000000,0.00090451
4,715,0.263338,0.000084,97.3586,0.000000,0.000000,0.000000,0.001424,0.000000,0.000000,0.000000,0.00090451
4,716,0.361244,0.000114,87.9440,0.000000,0.000000,0.000000,0.008914,0.000000,0.000000,0.000000,0.00090451
4,717,0.264828,0.000084,90.7090,0.000000,0.000000,0.000000,0.002712,0.000000,0.000000,0.000000,0.00090451
4,718,0.288109,0.000091,106.1226,0.000000,0.000000,0.000000,0.006660,0.000000,0.000000,0.000000,0.00090451
4,719,0.322610,0.000102,90.8161,0.000000,0.000000,0.000000,0.002712,0.000000,0.000000,0.000000,0.00090451
