epoch,batch,loss,landmark,angular_deg,gaze_consist,shape,ray_target,pose,translation,iris_seg,eyeball_seg,lr
11,1,3.023995,0.000211,35.0052,0.125405,0.054352,0.280436,0.114254,0.005388,0.004989,0.019968,0.00025607
11,2,3.138031,0.000191,42.2086,0.138886,0.071940,0.373728,0.088686,0.003206,0.004248,0.016262,0.00025607
11,3,2.627723,0.000181,27.7706,0.137694,0.086772,0.229202,0.068271,0.003836,0.004541,0.013806,0.00025607
11,4,3.803308,0.000172,29.8189,0.135206,0.095168,0.271623,0.056269,0.003203,0.003995,0.012890,0.00025607
11,5,2.322517,0.000171,28.3219,0.133145,0.098627,0.234594,0.048328,0.003069,0.004081,0.012234,0.00025607
11,6,3.762113,0.000170,92.2131,0.166167,0.094715,0.657978,0.038992,0.003084,0.003695,0.011232,0.00025607
11,7,3.436911,0.000164,75.1974,0.196318,0.094672,0.548640,0.050651,0.003634,0.003537,0.012369,0.00025607
11,8,2.748293,0.000167,34.0374,0.189057,0.099645,0.275998,0.051943,0.002817,0.003644,0.011561,0.00025607
11,9,2.657744,0.000168,31.1263,0.180905,0.102872,0.289895,0.033336,0.003007,0.003698,0.011289,0.00025607
11,10,3.200299,0.000164,52.5293,0.185877,0.103364,0.403818,0.025836,0.002848,0.003692,0.010599,0.00025607
11,11,2.173015,0.000167,26.2602,0.178966,0.104379,0.244463,0.028157,0.003203,0.003715,0.011458,0.00025607
11,12,2.917535,0.000153,79.1785,0.187819,0.106585,0.626001,0.021965,0.002684,0.003413,0.010421,0.00025607
11,13,2.286133,0.000167,25.9425,0.182506,0.104660,0.236658,0.073491,0.003082,0.003293,0.011903,0.00025607
11,14,3.664831,0.000159,61.1197,0.188727,0.103049,0.498741,0.055457,0.002670,0.003516,0.011325,0.00025607
11,15,2.112908,0.000164,23.8443,0.184616,0.102615,0.210698,0.040870,0.002789,0.003455,0.011158,0.00025607
11,16,3.426205,0.000157,46.5969,0.189751,0.101220,0.387996,0.035153,0.003964,0.003521,0.010324,0.00025607
11,17,3.173058,0.000161,26.1511,0.185231,0.102300,0.225457,0.035379,0.003028,0.003944,0.010746,0.00025607
11,18,2.832107,0.000147,29.1097,0.181768,0.101187,0.266731,0.032376,0.002516,0.003345,0.009428,0.00025607
11,19,2.899941,0.000154,48.9691,0.183267,0.099031,0.397021,0.106663,0.003522,0.003855,0.016572,0.00025607
11,20,3.054020,0.000165,28.6089,0.179738,0.098063,0.249692,0.074207,0.002700,0.003633,0.016514,0.00025607
11,21,2.708107,0.000126,39.0605,0.177851,0.096250,0.340918,0.051425,0.002696,0.003382,0.012703,0.00025607
11,22,2.493457,0.000136,36.6685,0.175411,0.095668,0.288663,0.024739,0.002703,0.003464,0.011519,0.00025607
11,23,2.198334,0.000147,41.5491,0.177632,0.094754,0.365440,0.050320,0.003332,0.004176,0.011804,0.00025607
11,24,2.798826,0.000163,30.4594,0.175230,0.095336,0.255020,0.039564,0.003694,0.003814,0.012184,0.00025607
11,25,3.063615,0.000132,27.3453,0.172792,0.093991,0.232942,0.047491,0.002247,0.003521,0.010567,0.00025607
11,26,2.341492,0.000194,23.5531,0.170240,0.093210,0.200847,0.065323,0.004828,0.004145,0.012367,0.00025607
11,27,3.793902,0.000171,100.7168,0.176174,0.094717,0.707585,0.059294,0.004599,0.004032,0.012969,0.00025607
11,28,2.837760,0.000166,51.0554,0.178225,0.094882,0.418400,0.034101,0.003722,0.003757,0.012634,0.00025607
11,29,3.196674,0.000163,34.5369,0.177748,0.093895,0.300528,0.030350,0.003309,0.003890,0.012415,0.00025607
11,30,2.630685,0.000150,30.9197,0.175809,0.093757,0.268974,0.028812,0.003278,0.003635,0.011655,0.00025607
11,31,2.897291,0.000160,79.0616,0.182749,0.093848,0.576336,0.028166,0.003494,0.003786,0.011581,0.00025607
11,32,2.206046,0.000182,26.3382,0.181397,0.094221,0.226183,0.030607,0.003728,0.003902,0.011704,0.00025607
11,33,4.455473,0.000186,37.7656,0.179950,0.095694,0.338158,0.116464,0.007169,0.003875,0.013131,0.00025607
11,34,2.174173,0.000150,24.2154,0.178270,0.095176,0.216629,0.063587,0.003118,0.003901,0.010625,0.00025607
11,35,4.618112,0.000181,98.5077,0.182777,0.094582,0.689623,0.057401,0.003674,0.003511,0.011770,0.00025607
11,36,3.660387,0.000135,96.7235,0.189306,0.093611,0.662169,0.048016,0.002353,0.003478,0.010164,0.00025607
11,37,2.438197,0.000141,32.7275,0.187483,0.094299,0.290725,0.030489,0.002586,0.003576,0.010573,0.00025607
11,38,2.321126,0.000133,36.9249,0.185955,0.093943,0.285263,0.048853,0.001617,0.003507,0.010508,0.00025607
11,39,3.236254,0.000170,50.9251,0.185826,0.093555,0.457810,0.058258,0.003404,0.003654,0.012135,0.00025607
11,40,2.445745,0.000149,23.6756,0.183930,0.093199,0.205460,0.047738,0.003070,0.003448,0.010362,0.00025607
11,41,3.241034,0.000149,29.2124,0.182231,0.092840,0.244725,0.037496,0.003896,0.003589,0.010976,0.00025607
11,42,2.391536,0.000153,28.0761,0.180997,0.092765,0.240272,0.032226,0.002783,0.003499,0.010440,0.00025607
11,43,3.223162,0.000157,37.4038,0.179647,0.093715,0.322896,0.033955,0.004472,0.003794,0.011166,0.00025607
11,44,2.406696,0.000156,26.6731,0.178539,0.093068,0.236254,0.029747,0.002514,0.003560,0.009849,0.00025607
11,45,3.115122,0.000161,37.7370,0.178739,0.092493,0.301358,0.044189,0.002511,0.003912,0.012452,0.00025607
11,46,2.865197,0.000156,39.4837,0.178040,0.093206,0.371559,0.057502,0.002785,0.003855,0.012368,0.00025607
11,47,3.077716,0.000167,34.1458,0.176973,0.093301,0.267914,0.065091,0.003521,0.004306,0.012487,0.00025607
11,48,2.418174,0.000131,56.5695,0.180551,0.092965,0.458764,0.039316,0.003283,0.003787,0.009614,0.00025607
11,49,3.114729,0.000168,30.8629,0.179735,0.093364,0.289411,0.071323,0.003490,0.004309,0.012110,0.00025607
11,50,2.382540,0.000126,29.6100,0.179362,0.093442,0.240075,0.042852,0.002460,0.003389,0.009202,0.00025607
11,51,3.534712,0.000164,39.7706,0.178465,0.093888,0.356453,0.075123,0.002853,0.003908,0.011149,0.00025607
11,52,2.457982,0.000191,31.0708,0.178015,0.093710,0.259807,0.036715,0.007341,0.004155,0.013417,0.00025607
11,53,4.891391,0.000151,30.4134,0.176971,0.092773,0.274500,0.065103,0.006570,0.003520,0.010790,0.00025607
11,54,3.156082,0.000162,26.0754,0.176126,0.092839,0.221587,0.062062,0.001905,0.004031,0.011923,0.00025607
11,55,4.411988,0.000169,38.3018,0.175802,0.092565,0.322762,0.041973,0.004207,0.003871,0.011110,0.00025607
11,56,3.181147,0.000149,28.4750,0.175279,0.092787,0.264714,0.040534,0.003180,0.003436,0.010842,0.00025607
11,57,4.234513,0.000180,32.3589,0.174882,0.093005,0.262230,0.052766,0.002428,0.004035,0.012536,0.00025607
11,58,3.111118,0.000133,43.9430,0.174284,0.093498,0.374377,0.032996,0.001143,0.003678,0.011018,0.00025607
11,59,4.642266,0.000249,30.0935,0.173764,0.093996,0.257348,0.113423,0.004258,0.006647,0.019922,0.00025607
11,60,2.796119,0.000200,28.1800,0.173117,0.094182,0.252575,0.063655,0.006777,0.005139,0.012675,0.00025607
11,61,4.587572,0.000173,88.3979,0.175412,0.093969,0.663057,0.051073,0.002626,0.004552,0.013834,0.00025607
11,62,2.785125,0.000168,72.6284,0.179280,0.093966,0.552680,0.044093,0.003673,0.004217,0.011887,0.00025607
11,63,3.755842,0.000196,34.9177,0.179052,0.094187,0.309857,0.066108,0.004093,0.004287,0.011836,0.00025607
11,64,3.367319,0.000157,31.7906,0.179047,0.093927,0.289273,0.043426,0.002716,0.004207,0.011051,0.00025607
11,65,2.996149,0.000204,22.5371,0.178236,0.093346,0.201501,0.067955,0.004149,0.004684,0.024190,0.00025607
11,66,3.794640,0.000154,90.4622,0.182008,0.093125,0.605995,0.050348,0.003687,0.004513,0.017738,0.00025607
11,67,2.334513,0.000171,30.3217,0.181347,0.092903,0.276936,0.058237,0.004000,0.004484,0.018236,0.00025607
11,68,3.330625,0.000191,62.4818,0.181740,0.092604,0.484422,0.042782,0.004742,0.004685,0.016815,0.00025607
11,69,2.664340,0.000170,25.2956,0.180899,0.092014,0.232123,0.043390,0.004771,0.004547,0.015353,0.00025607
11,70,3.696864,0.000180,51.8571,0.180902,0.091977,0.419493,0.062503,0.004651,0.004212,0.015596,0.00025607
11,71,2.254393,0.000145,25.5077,0.180063,0.092397,0.227222,0.070481,0.003953,0.004015,0.012733,0.00025607
11,72,2.773657,0.000167,30.7051,0.179376,0.092905,0.262645,0.031179,0.005376,0.004285,0.012498,0.00025607
11,73,2.017580,0.000137,25.5709,0.178931,0.092558,0.225482,0.053548,0.007180,0.003908,0.012316,0.00025607
11,74,4.038606,0.000167,37.6172,0.178233,0.092254,0.320800,0.029103,0.004845,0.003609,0.011251,0.00025607
11,75,3.309747,0.000159,24.7425,0.177379,0.092133,0.226272,0.078148,0.005236,0.003465,0.012448,0.00025607
11,76,2.406827,0.000190,40.3075,0.178122,0.091462,0.343706,0.033638,0.005135,0.003775,0.012892,0.00025607
11,77,3.470270,0.000194,49.1121,0.178030,0.091955,0.382774,0.126886,0.008358,0.004108,0.021154,0.00025607
11,78,2.550565,0.000171,42.4803,0.177823,0.091883,0.350512,0.040786,0.006608,0.004296,0.015721,0.00025607
11,79,2.800204,0.000170,45.8335,0.177386,0.091733,0.377958,0.060257,0.010698,0.003889,0.014111,0.00025607
11,80,2.967343,0.000172,25.0608,0.176572,0.091410,0.213565,0.040381,0.004882,0.003849,0.012325,0.00025607
11,81,3.025189,0.000129,30.9394,0.175729,0.091097,0.284939,0.040949,0.002816,0.003343,0.010712,0.00025607
11,82,2.375351,0.000135,35.0782,0.175077,0.091349,0.280478,0.033006,0.004129,0.003367,0.010903,0.00025607
11,83,2.796589,0.000125,73.8483,0.176322,0.091769,0.591074,0.026979,0.002508,0.003444,0.010487,0.00025607
11,84,2.933568,0.000153,22.2091,0.175319,0.092178,0.192961,0.052534,0.002437,0.003496,0.010750,0.00025607
11,85,3.409843,0.000130,36.0128,0.174770,0.092013,0.328958,0.024268,0.003184,0.003895,0.011044,0.00025607
11,86,2.171881,0.000153,27.7965,0.173891,0.091709,0.223503,0.039515,0.002616,0.003817,0.010920,0.00025607
11,87,3.818351,0.000144,116.6707,0.176135,0.091208,0.808250,0.019652,0.002640,0.003369,0.010010,0.00025607
11,88,3.310113,0.000133,87.3060,0.177579,0.090893,0.662175,0.026825,0.002247,0.003625,0.010146,0.00025607
11,89,2.588900,0.000128,29.7782,0.177097,0.090933,0.234577,0.039007,0.003474,0.003324,0.009575,0.00025607
11,90,2.668832,0.000141,26.9174,0.176611,0.090980,0.245938,0.029041,0.002685,0.003541,0.010637,0.00025607
11,91,2.730566,0.000148,52.7272,0.178121,0.090964,0.441957,0.071669,0.004500,0.003911,0.018246,0.00025607
11,92,2.833469,0.000137,29.3161,0.177796,0.091311,0.250853,0.055846,0.003514,0.003606,0.011620,0.00025607
11,93,2.252613,0.000140,27.5407,0.176966,0.091229,0.246543,0.037674,0.002258,0.003665,0.011630,0.00025607
11,94,2.797733,0.000128,87.3108,0.178705,0.091178,0.661182,0.024558,0.003136,0.003352,0.009388,0.00025607
11,95,2.712683,0.000151,28.6806,0.178324,0.090898,0.267487,0.043501,0.003405,0.003447,0.010882,0.00025607
11,96,2.879874,0.000113,35.4228,0.177873,0.090660,0.275186,0.035601,0.001968,0.003203,0.008786,0.00025607
11,97,2.255504,0.000155,25.3774,0.177275,0.090545,0.233982,0.025908,0.002809,0.003403,0.013412,0.00025607
11,98,3.270961,0.000142,54.9314,0.178549,0.090379,0.423224,0.028132,0.002404,0.003413,0.009483,0.00025607
11,99,2.548474,0.000147,23.3162,0.177835,0.090251,0.209128,0.043120,0.001563,0.003761,0.011639,0.00025607
11,100,2.217617,0.000158,50.7577,0.179205,0.090131,0.409964,0.020687,0.002502,0.003859,0.010416,0.00025607
11,101,3.075861,0.000135,32.3944,0.178858,0.090356,0.291504,0.028790,0.003972,0.003248,0.009883,0.00025607
11,102,2.736847,0.000115,28.3063,0.178529,0.090442,0.238127,0.033010,0.001732,0.003337,0.008759,0.00025607
11,103,2.170892,0.000130,49.7128,0.179815,0.090519,0.431649,0.031185,0.002667,0.003012,0.008808,0.00025607
11,104,2.531580,0.000115,31.2894,0.179277,0.090621,0.264160,0.019576,0.002633,0.002980,0.008193,0.00025607
11,105,2.714837,0.000109,27.0212,0.178741,0.090787,0.248346,0.034902,0.001954,0.002930,0.007439,0.00025607
11,106,2.173232,0.000147,59.0692,0.180706,0.090703,0.458390,0.038118,0.001457,0.003500,0.008908,0.00025607
11,107,3.242188,0.000152,29.3917,0.180482,0.091085,0.258808,0.092467,0.006435,0.002999,0.009141,0.00025607
11,108,2.405263,0.000150,32.0458,0.180010,0.091210,0.262991,0.034423,0.005789,0.003248,0.008701,0.00025607
11,109,3.474610,0.000121,96.0836,0.180875,0.091498,0.791453,0.080937,0.003513,0.003446,0.007760,0.00025607
11,110,3.055807,0.000174,30.3872,0.180362,0.091895,0.271431,0.037072,0.001623,0.004569,0.010173,0.00025607
11,111,2.989510,0.000148,29.7062,0.180037,0.092377,0.251635,0.047916,0.003038,0.003607,0.008812,0.00025607
11,112,2.457536,0.000129,26.5785,0.179648,0.092514,0.242672,0.030161,0.002442,0.003572,0.008590,0.00025607
11,113,2.718424,0.000147,64.5303,0.181086,0.092351,0.531067,0.045788,0.002245,0.003913,0.009740,0.00025607
11,114,3.016604,0.000182,29.7487,0.180789,0.092442,0.256343,0.080017,0.001967,0.004408,0.012177,0.00025607
11,115,2.182925,0.000133,32.6191,0.180626,0.092450,0.301656,0.036602,0.001965,0.003735,0.009077,0.00025607
11,116,2.615921,0.000124,71.5070,0.180940,0.092355,0.536129,0.025499,0.001328,0.003833,0.008865,0.00025607
11,117,3.488010,0.000169,27.3120,0.180522,0.092512,0.244132,0.073913,0.005371,0.004333,0.013791,0.00025607
11,118,3.111970,0.000152,27.8869,0.180061,0.092686,0.247103,0.069784,0.008220,0.003626,0.012835,0.00025607
11,119,3.597796,0.000140,86.0952,0.181867,0.093006,0.666360,0.052208,0.003911,0.003674,0.011024,0.00025607
11,120,3.484822,0.000143,44.1116,0.182349,0.093161,0.368019,0.058126,0.014054,0.003713,0.011383,0.00025607
11,121,3.002820,0.000125,30.0395,0.182198,0.093165,0.267833,0.042823,0.006363,0.003527,0.011380,0.00025607
11,122,2.571508,0.000154,27.8377,0.181676,0.093646,0.230947,0.050083,0.006294,0.003447,0.012228,0.00025607
11,123,4.559003,0.000140,86.1669,0.181998,0.093818,0.698321,0.060498,0.004650,0.003750,0.016237,0.00025607
11,124,2.849037,0.000161,65.0255,0.183141,0.093914,0.480234,0.042771,0.005344,0.003610,0.013828,0.00025607
11,125,2.912271,0.000140,30.7708,0.182932,0.093831,0.271788,0.036771,0.003977,0.004056,0.009885,0.00025607
11,126,2.253369,0.000123,29.6795,0.182259,0.093687,0.258446,0.028053,0.003081,0.003351,0.007625,0.00025607
11,127,3.452936,0.000125,104.6378,0.183715,0.093707,0.753923,0.030356,0.002537,0.003371,0.008011,0.00025607
11,128,3.466499,0.000208,69.3808,0.185051,0.093983,0.526092,0.086529,0.005994,0.004744,0.013226,0.00025607
11,129,2.789597,0.000160,35.0540,0.184645,0.093943,0.320438,0.084710,0.008572,0.004269,0.010824,0.00025607
11,130,2.889636,0.000140,48.2327,0.184705,0.093690,0.370228,0.032561,0.006066,0.003781,0.010696,0.00025607
11,131,2.634373,0.000130,33.2002,0.184052,0.093781,0.303765,0.027864,0.003610,0.003604,0.009711,0.00025607
11,132,3.437891,0.000176,25.6720,0.183548,0.093731,0.216632,0.055520,0.006976,0.004257,0.013003,0.00025607
11,133,2.675499,0.000141,25.2171,0.182941,0.093763,0.234571,0.033306,0.006066,0.004071,0.010351,0.00025607
11,134,2.544836,0.000117,38.0745,0.182898,0.093898,0.309355,0.032620,0.002976,0.003390,0.010809,0.00025607
11,135,3.089810,0.000183,36.9389,0.182829,0.094101,0.310508,0.031522,0.006369,0.003963,0.012884,0.00025607
11,136,2.332877,0.000159,40.4205,0.182932,0.094201,0.328151,0.028506,0.002467,0.003960,0.009850,0.00025607
11,137,3.490827,0.000147,45.6678,0.182727,0.093923,0.390357,0.034547,0.006145,0.003666,0.009409,0.00025607
11,138,2.607750,0.000127,31.8588,0.182588,0.094027,0.273271,0.013276,0.002689,0.003311,0.009059,0.00025607
11,139,2.643909,0.000153,57.3990,0.182732,0.094244,0.500283,0.023326,0.001955,0.003584,0.011896,0.00025607
11,140,2.036968,0.000131,25.9331,0.182237,0.094567,0.217575,0.021957,0.003809,0.003432,0.009757,0.00025607
11,141,2.971916,0.000183,61.3913,0.182778,0.094977,0.519190,0.048016,0.002248,0.003798,0.011699,0.00025607
11,142,2.436950,0.000169,27.0791,0.182410,0.095045,0.225257,0.075298,0.003185,0.003676,0.014978,0.00025607
11,143,3.322466,0.000145,70.5160,0.184280,0.094873,0.522296,0.041434,0.003050,0.003778,0.012999,0.00025607
11,144,3.300049,0.000158,30.1021,0.183970,0.094872,0.263647,0.049827,0.008020,0.003762,0.011934,0.00025607
11,145,2.497016,0.000139,26.6905,0.183860,0.094813,0.230424,0.030094,0.001847,0.003662,0.012002,0.00025607
11,146,3.932062,0.000136,27.2148,0.183518,0.095012,0.233433,0.036673,0.014596,0.003466,0.012057,0.00025607
11,147,2.782590,0.000126,41.1825,0.183100,0.094809,0.329501,0.024686,0.002262,0.003315,0.010051,0.00025607
11,148,3.306718,0.000123,28.0853,0.182781,0.094806,0.257161,0.028498,0.002401,0.003311,0.010194,0.00025607
11,149,2.162573,0.000146,29.6369,0.182281,0.094909,0.241781,0.027965,0.004100,0.003964,0.013136,0.00025607
11,150,3.266640,0.000138,69.5944,0.182287,0.094969,0.614346,0.029871,0.003297,0.003506,0.008568,0.00025607
11,151,2.678132,0.000127,24.0151,0.181844,0.094770,0.216676,0.029065,0.003311,0.003413,0.008769,0.00025607
11,152,3.273762,0.000136,44.2150,0.181624,0.094790,0.352034,0.028089,0.003110,0.003283,0.008694,0.00025607
11,153,2.302394,0.000136,27.1339,0.181246,0.094709,0.235086,0.032697,0.002773,0.003696,0.009244,0.00025607
11,154,3.303328,0.000150,94.8500,0.181778,0.095114,0.705836,0.023402,0.001776,0.003747,0.008685,0.00025607
11,155,3.180180,0.000170,44.2826,0.181489,0.094850,0.361535,0.041340,0.003166,0.003833,0.010429,0.00025607
11,156,3.419449,0.000132,31.6444,0.181366,0.094867,0.290894,0.061075,0.004038,0.003533,0.009330,0.00025607
11,157,3.055008,0.000154,37.3053,0.181351,0.094894,0.308214,0.052279,0.003024,0.003754,0.010258,0.00025607
11,158,2.937410,0.000137,36.2387,0.181332,0.094755,0.331922,0.047491,0.004035,0.003948,0.009989,0.00025607
11,159,3.767539,0.000157,38.3052,0.181085,0.094491,0.303734,0.075575,0.007401,0.003758,0.010417,0.00025607
11,160,2.788742,0.000166,30.8005,0.180832,0.094358,0.257129,0.053948,0.008817,0.003856,0.010541,0.00025607
11,161,3.008060,0.000151,61.1126,0.180843,0.094423,0.524811,0.046951,0.003385,0.003788,0.012570,0.00025607
11,162,2.140615,0.000129,27.4897,0.180591,0.094475,0.222533,0.040149,0.002270,0.003275,0.010129,0.00025607
11,163,4.422198,0.000172,35.4755,0.180340,0.094427,0.301483,0.057392,0.005909,0.003800,0.011661,0.00025607
11,164,2.323896,0.000127,29.3024,0.180081,0.094106,0.250046,0.022700,0.003126,0.003098,0.011099,0.00025607
11,165,4.158905,0.000144,106.2307,0.180640,0.094206,0.803129,0.028305,0.004527,0.003562,0.009625,0.00025607
11,166,3.831666,0.000150,96.2775,0.181368,0.094294,0.696799,0.027381,0.003305,0.003394,0.009586,0.00025607
11,167,2.904344,0.000139,27.9719,0.181088,0.094308,0.245103,0.037641,0.003014,0.003244,0.009495,0.00025607
11,168,3.349792,0.000228,29.8188,0.180885,0.094355,0.246942,0.154503,0.004009,0.005103,0.019695,0.00025607
11,169,2.718700,0.000168,34.5240,0.180649,0.094451,0.309885,0.055216,0.003631,0.003670,0.010827,0.00025607
11,170,3.344996,0.000163,77.1854,0.181057,0.094117,0.618039,0.061282,0.004552,0.003838,0.011440,0.00025607
11,171,2.751480,0.000160,41.0564,0.180782,0.094202,0.324170,0.038872,0.004663,0.003723,0.010216,0.00025607
11,172,2.986838,0.000133,54.0967,0.180767,0.094217,0.441055,0.038787,0.003306,0.003158,0.008590,0.00025607
11,173,2.117605,0.000177,35.0444,0.180813,0.094140,0.314976,0.045319,0.002871,0.004100,0.010169,0.00025607
11,174,4.495949,0.000233,56.9969,0.180842,0.094398,0.413657,0.079275,0.003095,0.004314,0.011942,0.00025607
11,175,3.726874,0.000158,44.1565,0.180779,0.094279,0.349193,0.102574,0.004764,0.003655,0.012690,0.00025607
11,176,3.134211,0.000133,59.0413,0.180758,0.094242,0.515026,0.036532,0.006459,0.003438,0.009629,0.00025607
11,177,3.047212,0.000157,37.1749,0.180537,0.094185,0.330646,0.050364,0.008095,0.003648,0.011004,0.00025607
11,178,2.953368,0.000146,48.7404,0.180368,0.094373,0.387189,0.049526,0.004750,0.003498,0.010798,0.00025607
11,179,2.354237,0.000111,43.9668,0.180121,0.094374,0.365159,0.026989,0.002897,0.003131,0.010083,0.00025607
11,180,3.687659,0.000108,67.6787,0.180165,0.094165,0.510826,0.064698,0.004494,0.003132,0.009052,0.00025607
11,181,3.125722,0.000147,31.9818,0.179938,0.094089,0.289345,0.072606,0.004058,0.003875,0.010677,0.00025607
11,182,3.139935,0.000123,53.3911,0.179941,0.094012,0.410390,0.054099,0.003147,0.003199,0.008829,0.00025607
11,183,4.099370,0.000137,37.9515,0.179642,0.094079,0.294996,0.053611,0.002913,0.003717,0.009862,0.00025607
11,184,3.093184,0.000147,39.9620,0.179548,0.094188,0.340185,0.032906,0.003139,0.003472,0.010044,0.00025607
11,185,3.431576,0.000133,30.3867,0.179256,0.094133,0.280458,0.033827,0.002789,0.003209,0.010394,0.00025607
11,186,2.629558,0.000130,59.5271,0.179347,0.094043,0.456083,0.050970,0.001617,0.003389,0.008982,0.00025607
11,187,2.540497,0.000149,25.2010,0.179020,0.094092,0.227345,0.038536,0.003574,0.003550,0.011843,0.00025607
11,188,3.078288,0.000145,97.7307,0.180180,0.094145,0.675930,0.028271,0.002716,0.003584,0.009822,0.00025607
11,189,2.223274,0.000140,23.1361,0.179809,0.094214,0.209461,0.027559,0.003417,0.003581,0.010277,0.00025607
11,190,3.127246,0.000180,34.3274,0.179684,0.094065,0.272088,0.038308,0.002975,0.004118,0.012547,0.00025607
11,191,2.868162,0.000114,48.7174,0.179482,0.093988,0.446669,0.023068,0.002972,0.003132,0.008050,0.00025607
11,192,2.613050,0.000130,42.2407,0.179293,0.093956,0.332205,0.040685,0.004945,0.003516,0.009848,0.00025607
11,193,3.124929,0.000132,69.9679,0.179689,0.093864,0.586844,0.040744,0.001542,0.003086,0.010930,0.00025607
11,194,2.915242,0.000134,25.0055,0.179325,0.094132,0.213889,0.034372,0.002679,0.003692,0.010044,0.00025607
11,195,3.000377,0.000139,37.4763,0.179123,0.094267,0.320836,0.030458,0.003143,0.003554,0.009572,0.00025607
11,196,2.189788,0.000111,28.9062,0.178774,0.094281,0.240665,0.025677,0.001576,0.003166,0.009386,0.00025607
11,197,3.058059,0.000107,101.4614,0.179982,0.094085,0.702779,0.025141,0.002210,0.003364,0.009594,0.00025607
11,198,1.679882,0.000124,21.6830,0.179600,0.093972,0.189571,0.016337,0.001245,0.003378,0.009535,0.00025607
11,199,3.308431,0.000111,102.0426,0.179983,0.093829,0.722318,0.019864,0.001332,0.003001,0.008847,0.00025607
11,200,3.576973,0.000140,29.7733,0.180046,0.093891,0.281396,0.070977,0.002020,0.003710,0.010602,0.00025607
11,201,3.061644,0.000161,28.7199,0.179973,0.093909,0.254318,0.029536,0.001953,0.003743,0.010166,0.00025607
11,202,3.209000,0.000159,27.6429,0.179688,0.093904,0.240253,0.041321,0.002159,0.004336,0.010461,0.00025607
11,203,3.442271,0.000138,42.9252,0.180088,0.093775,0.376900,0.045809,0.002443,0.003741,0.010644,0.00025607
11,204,2.775245,0.000138,34.5290,0.179863,0.093824,0.277101,0.027773,0.002733,0.003997,0.009901,0.00025607
11,205,2.604952,0.000176,28.7933,0.179624,0.093927,0.252603,0.035799,0.002855,0.004481,0.011677,0.00025607
11,206,3.448973,0.000165,42.3786,0.179439,0.093872,0.333373,0.060045,0.002589,0.004438,0.013001,0.00025607
11,207,2.790692,0.000170,33.5222,0.179271,0.093704,0.317214,0.103686,0.003725,0.004301,0.013585,0.00025607
11,208,3.092858,0.000144,87.4943,0.179803,0.093690,0.626345,0.050355,0.002424,0.003834,0.010367,0.00025607
11,209,3.056170,0.000185,32.3387,0.179538,0.093653,0.276496,0.089669,0.009203,0.004242,0.013316,0.00025607
11,210,3.729787,0.000213,56.8894,0.179551,0.093692,0.487759,0.079245,0.003657,0.004590,0.016857,0.00025607
11,211,2.613607,0.000169,35.8221,0.179264,0.093560,0.333609,0.085419,0.003121,0.004395,0.013305,0.00025607
11,212,3.388136,0.000135,91.4045,0.179531,0.093502,0.672168,0.052521,0.003577,0.003567,0.011286,0.00025607
11,213,3.319726,0.000166,37.8156,0.179310,0.093484,0.292413,0.048258,0.002909,0.004101,0.019943,0.00025607
11,214,2.791132,0.000151,27.4771,0.179102,0.093443,0.251327,0.023538,0.003933,0.003733,0.014853,0.00025607
11,215,2.896749,0.000160,48.4856,0.178871,0.093485,0.370216,0.025106,0.006925,0.003727,0.013452,0.00025607
11,216,2.306072,0.000129,31.9228,0.178589,0.093422,0.270943,0.017992,0.003703,0.003332,0.012246,0.00025607
11,217,2.382179,0.000128,57.7985,0.179214,0.093462,0.493261,0.027212,0.003243,0.003400,0.011896,0.00025607
11,218,3.031245,0.000137,30.1152,0.179128,0.093461,0.263672,0.023005,0.003642,0.003188,0.010924,0.00025607
11,219,3.229335,0.000184,33.5671,0.178835,0.093549,0.284794,0.046727,0.001990,0.003961,0.014313,0.00025607
11,220,4.008924,0.000126,73.3382,0.179144,0.093701,0.588401,0.047772,0.002265,0.003468,0.011033,0.00025607
11,221,2.240673,0.000161,27.1115,0.178914,0.093584,0.222533,0.033112,0.002682,0.003680,0.010472,0.00025607
11,222,3.603365,0.000147,79.3500,0.179195,0.093638,0.670793,0.024558,0.003208,0.003530,0.009737,0.00025607
11,223,3.276788,0.000164,34.4595,0.179172,0.093660,0.311564,0.094731,0.003167,0.003984,0.010669,0.00025607
11,224,3.433714,0.000129,58.1078,0.179156,0.093576,0.456269,0.044185,0.002341,0.003632,0.011767,0.00025607
11,225,3.057226,0.000125,28.4999,0.178989,0.093516,0.245541,0.075092,0.006172,0.003371,0.011118,0.00025607
11,226,3.278254,0.000148,86.8382,0.180416,0.093538,0.606078,0.027388,0.003622,0.004715,0.011107,0.00025607
11,227,2.451488,0.000137,23.4302,0.180020,0.093256,0.214978,0.024875,0.004767,0.004201,0.008900,0.00025607
11,228,3.881307,0.000145,38.8552,0.180519,0.093073,0.329882,0.047239,0.002927,0.004063,0.010025,0.00025607
11,229,3.451201,0.000190,33.3849,0.180403,0.093140,0.303795,0.087336,0.005161,0.004769,0.011822,0.00025607
11,230,3.673560,0.000193,51.4339,0.180762,0.093226,0.446210,0.082718,0.004118,0.004136,0.012201,0.00025607
11,231,2.719382,0.000149,34.6448,0.180572,0.093201,0.294078,0.044868,0.002666,0.003870,0.011377,0.00025607
11,232,2.378360,0.000135,35.0321,0.180297,0.093211,0.272248,0.045282,0.002387,0.003797,0.009341,0.00025607
11,233,2.811700,0.000211,38.8634,0.180030,0.093162,0.348226,0.055898,0.003591,0.004471,0.018853,0.00025607
11,234,3.077166,0.000162,44.4515,0.179990,0.093224,0.347708,0.029916,0.004071,0.003520,0.011155,0.00025607
11,235,2.533874,0.000123,27.6736,0.179844,0.093200,0.250408,0.034822,0.002447,0.003610,0.008997,0.00025607
11,236,2.745625,0.000135,48.1361,0.180097,0.093153,0.383259,0.032502,0.003700,0.003255,0.010582,0.00025607
11,237,3.319735,0.000126,30.5521,0.179855,0.092985,0.280902,0.025868,0.002966,0.003298,0.009378,0.00025607
11,238,2.570287,0.000107,32.6355,0.179777,0.092902,0.279393,0.024110,0.002554,0.003012,0.008465,0.00025607
11,239,3.466612,0.000185,82.5111,0.180599,0.093149,0.622323,0.041429,0.002250,0.003845,0.013094,0.00025607
11,240,2.674629,0.000148,28.7600,0.180389,0.093184,0.264938,0.033484,0.003662,0.003267,0.010697,0.00025607
11,241,2.905862,0.000162,40.6603,0.180302,0.093356,0.317398,0.030854,0.002582,0.003587,0.010909,0.00025607
11,242,2.367761,0.000163,27.2347,0.180085,0.093283,0.252685,0.043071,0.002985,0.003413,0.010840,0.00025607
11,243,3.515368,0.000129,91.7032,0.181021,0.093245,0.633349,0.039120,0.009727,0.003073,0.010084,0.00025607
11,244,2.202156,0.000121,22.5627,0.180748,0.093181,0.192913,0.025550,0.004336,0.003029,0.008911,0.00025607
11,245,3.272648,0.000174,56.3586,0.180857,0.093025,0.487978,0.057550,0.007811,0.003588,0.011734,0.00025607
11,246,2.944409,0.000177,28.7075,0.180623,0.093023,0.254691,0.051717,0.003991,0.003852,0.012147,0.00025607
11,247,3.071351,0.000158,34.6235,0.180474,0.092900,0.282475,0.033046,0.004573,0.003596,0.011836,0.00025607
11,248,2.507485,0.000160,29.1951,0.180252,0.092911,0.252023,0.039132,0.003501,0.003540,0.011334,0.00025607
11,249,2.808850,0.000151,36.6288,0.180032,0.092893,0.312009,0.034008,0.003226,0.003394,0.010111,0.00025607
11,250,2.360965,0.000157,32.6682,0.179888,0.092877,0.267502,0.023145,0.002718,0.003459,0.010511,0.00025607
11,251,3.797213,0.000198,25.3982,0.179663,0.092983,0.221895,0.070996,0.004164,0.004888,0.016639,0.00025607
11,252,2.705129,0.000176,24.6501,0.179415,0.092974,0.220636,0.046470,0.004241,0.004210,0.009817,0.00025607
11,253,3.148878,0.000152,54.0410,0.179450,0.093082,0.421911,0.040869,0.004941,0.003922,0.009991,0.00025607
11,254,2.289298,0.000154,25.2642,0.179233,0.093023,0.232554,0.039090,0.003077,0.003859,0.009773,0.00025607
11,255,3.058196,0.000149,81.4324,0.180224,0.093081,0.556149,0.028392,0.003375,0.003661,0.008757,0.00025607
11,256,2.495759,0.000125,26.9810,0.180006,0.093109,0.241695,0.030526,0.002537,0.003471,0.008931,0.00025607
11,257,2.526516,0.000119,27.5111,0.180030,0.093073,0.238114,0.024451,0.002802,0.003399,0.008173,0.00025607
11,258,2.283480,0.000139,53.0408,0.180435,0.093198,0.426300,0.046241,0.002357,0.004296,0.010946,0.00025607
11,259,3.620749,0.000194,29.2098,0.180403,0.093147,0.255413,0.069598,0.002758,0.004932,0.013632,0.00025607
11,260,2.990182,0.000175,37.6328,0.180234,0.093241,0.331131,0.064334,0.003296,0.004508,0.014745,0.00025607
11,261,3.713119,0.000169,79.1871,0.180394,0.093279,0.583820,0.057904,0.003026,0.004140,0.012270,0.00025607
11,262,4.544763,0.000176,80.7676,0.180854,0.093121,0.641609,0.067190,0.004688,0.004343,0.012928,0.00025607
11,263,2.387663,0.000137,24.3238,0.180647,0.093046,0.217270,0.034776,0.002220,0.003907,0.011249,0.00025607
11,264,2.732732,0.000217,51.9581,0.180972,0.093263,0.414758,0.057563,0.008289,0.004893,0.014645,0.00025607
11,265,3.097986,0.000189,28.9585,0.180799,0.093247,0.255211,0.038410,0.009160,0.004269,0.011327,0.00025607
11,266,2.955940,0.000158,25.0185,0.180623,0.093181,0.217302,0.040545,0.005598,0.004102,0.010960,0.00025607
11,267,3.357043,0.000136,56.8340,0.180626,0.093113,0.453234,0.021575,0.003890,0.003853,0.008405,0.00025607
11,268,2.198945,0.000120,30.1400,0.180424,0.093133,0.276486,0.032770,0.002369,0.003900,0.008648,0.00025607
11,269,2.702258,0.000133,65.3553,0.180665,0.093231,0.500605,0.026762,0.002803,0.003558,0.007849,0.00025607
11,270,2.176515,0.000108,23.9646,0.180397,0.093120,0.213043,0.022985,0.002715,0.003517,0.008163,0.00025607
11,271,3.563212,0.000161,48.4661,0.180336,0.093005,0.404294,0.058510,0.002321,0.004352,0.012426,0.00025607
11,272,2.736505,0.000209,29.0508,0.180115,0.092799,0.268021,0.108026,0.003769,0.005525,0.017072,0.00025607
11,273,3.894820,0.000301,67.0914,0.180203,0.092755,0.539675,0.137725,0.005815,0.007705,0.025237,0.00025607
11,274,2.624578,0.000192,41.8671,0.180104,0.092847,0.328388,0.067872,0.003285,0.004961,0.018069,0.00025607
11,275,3.942242,0.000285,43.9576,0.180081,0.092760,0.374901,0.126343,0.005185,0.006559,0.024205,0.00025607
11,276,3.588680,0.000262,31.8338,0.179932,0.092704,0.290021,0.138654,0.004906,0.006876,0.021466,0.00025607
11,277,3.613842,0.000200,59.1605,0.179968,0.092835,0.423228,0.054653,0.003701,0.004088,0.016654,0.00025607
11,278,3.020400,0.000137,33.9922,0.179783,0.092790,0.261031,0.092984,0.003003,0.003896,0.012954,0.00025607
11,279,2.572950,0.000132,39.3609,0.179716,0.092842,0.358014,0.061638,0.003429,0.003704,0.012517,0.00025607
11,280,3.150855,0.000144,33.8478,0.179530,0.093026,0.267239,0.043134,0.002804,0.003428,0.011563,0.00025607
11,281,2.786444,0.000133,28.6985,0.179311,0.093031,0.233793,0.038475,0.002593,0.003431,0.010974,0.00025607
11,282,2.895654,0.000138,53.5014,0.179303,0.092945,0.450236,0.042406,0.002774,0.003358,0.010011,0.00025607
11,283,3.220263,0.000137,29.9184,0.179107,0.092912,0.270194,0.023984,0.001800,0.003071,0.009412,0.00025607
11,284,3.183976,0.000216,55.8731,0.178996,0.093052,0.404788,0.046150,0.001255,0.004020,0.012096,0.00025607
11,285,2.906548,0.000180,53.4379,0.179580,0.093200,0.431153,0.041455,0.004145,0.004350,0.012040,0.00025607
11,286,3.007836,0.000139,31.8610,0.179497,0.093157,0.286417,0.028383,0.002142,0.003893,0.011019,0.00025607
11,287,3.344201,0.000130,31.3549,0.179438,0.093110,0.260477,0.021743,0.002100,0.003640,0.010528,0.00025607
11,288,2.437715,0.000123,57.2589,0.179954,0.093096,0.460480,0.023848,0.001725,0.003407,0.010862,0.00025607
11,289,3.563004,0.000156,39.4088,0.179852,0.093011,0.348613,0.069517,0.004361,0.003536,0.011307,0.00025607
11,290,3.228790,0.000214,35.6608,0.179736,0.093084,0.294160,0.057538,0.006116,0.004958,0.017162,0.00025607
11,291,4.204792,0.000142,53.1161,0.180001,0.093160,0.429993,0.052795,0.007152,0.003672,0.011356,0.00025607
11,292,2.777288,0.000146,24.6531,0.179899,0.093074,0.215574,0.042365,0.010234,0.003420,0.011031,0.00025607
11,293,2.798422,0.000121,34.6072,0.179691,0.093036,0.266449,0.058347,0.004910,0.003498,0.012113,0.00025607
11,294,2.609103,0.000123,35.2047,0.179540,0.093069,0.331926,0.040523,0.003616,0.003254,0.011253,0.00025607
11,295,2.276945,0.000133,30.0159,0.179377,0.092948,0.234233,0.037228,0.004237,0.003255,0.012003,0.00025607
11,296,2.764156,0.000143,41.3048,0.179363,0.093002,0.375066,0.064200,0.002979,0.003663,0.012508,0.00025607
12,1,2.598797,0.000181,34.3888,0.139700,0.092364,0.273126,0.076502,0.005161,0.004692,0.015758,0.00020740
12,2,2.398133,0.000169,44.1598,0.159582,0.085940,0.395547,0.065908,0.003411,0.004153,0.014347,0.00020740
12,3,2.284443,0.000164,29.7511,0.150658,0.085311,0.243501,0.048336,0.002873,0.004013,0.012309,0.00020740
12,4,2.625477,0.000163,42.6178,0.151616,0.089072,0.384136,0.040123,0.002656,0.003777,0.011469,0.00020740
12,5,2.239223,0.000156,25.1670,0.145438,0.090342,0.219513,0.042344,0.003028,0.003654,0.010973,0.00020740
12,6,2.651999,0.000166,44.7043,0.159849,0.088476,0.373636,0.037957,0.002504,0.003583,0.010469,0.00020740
12,7,2.200230,0.000154,25.6923,0.156074,0.091174,0.229003,0.044802,0.002566,0.003487,0.010937,0.00020740
12,8,2.833307,0.000163,65.1737,0.174505,0.097735,0.503027,0.036411,0.002572,0.003482,0.010365,0.00020740
12,9,2.025265,0.000156,23.6389,0.168821,0.100879,0.208050,0.025533,0.002875,0.003529,0.010188,0.00020740
12,10,3.587841,0.000166,46.7136,0.176407,0.099860,0.386412,0.020228,0.003030,0.003576,0.010017,0.00020740
12,11,2.210793,0.000162,27.3460,0.172471,0.100367,0.236802,0.022079,0.002795,0.003522,0.010722,0.00020740
12,12,3.619447,0.000148,50.4844,0.176742,0.103597,0.427826,0.018125,0.002599,0.003173,0.009257,0.00020740
12,13,2.130110,0.000168,26.8053,0.173292,0.103333,0.235559,0.059122,0.002554,0.003378,0.011272,0.00020740
12,14,3.775080,0.000162,80.9071,0.178606,0.106894,0.614234,0.040606,0.002884,0.003489,0.010202,0.00020740
12,15,2.220131,0.000148,54.2448,0.185811,0.106452,0.429879,0.033229,0.002609,0.003261,0.009782,0.00020740
12,16,3.000612,0.000139,40.0965,0.185347,0.106278,0.345971,0.025634,0.002278,0.003164,0.008672,0.00020740
12,17,2.281354,0.000136,27.5159,0.182439,0.105961,0.250810,0.033453,0.002406,0.003257,0.008788,0.00020740
12,18,2.662539,0.000137,89.9605,0.194509,0.106187,0.626232,0.022178,0.002184,0.003143,0.009076,0.00020740
12,19,2.521173,0.000141,63.9701,0.197414,0.103195,0.552247,0.089919,0.002245,0.003807,0.014705,0.00020740
12,20,2.853647,0.000148,32.2942,0.195477,0.100801,0.283296,0.072071,0.002462,0.003592,0.013672,0.00020740
12,21,2.119063,0.000121,24.3272,0.191465,0.101324,0.225546,0.040869,0.002468,0.003269,0.010821,0.00020740
12,22,3.509220,0.000134,105.8073,0.200636,0.101406,0.713767,0.027442,0.002223,0.003467,0.011366,0.00020740
12,23,2.703381,0.000136,85.0112,0.210559,0.100553,0.596244,0.045771,0.002861,0.003651,0.011720,0.00020740
12,24,2.442928,0.000149,28.6931,0.207541,0.101824,0.260307,0.026967,0.002598,0.003666,0.011385,0.00020740
12,25,2.884427,0.000113,38.4837,0.204938,0.100356,0.298240,0.060485,0.001503,0.003357,0.010421,0.00020740
12,26,1.982071,0.000155,28.0395,0.201672,0.098717,0.251411,0.045606,0.003625,0.003487,0.011277,0.00020740
12,27,3.080911,0.000162,82.2970,0.205065,0.100124,0.649431,0.040036,0.002796,0.003801,0.012279,0.00020740
12,28,2.625781,0.000152,32.4740,0.202389,0.099807,0.293093,0.024882,0.003693,0.003643,0.012009,0.00020740
12,29,2.932969,0.000155,37.6886,0.200403,0.101185,0.312846,0.020713,0.002908,0.003889,0.011597,0.00020740
12,30,2.085360,0.000148,26.2904,0.197707,0.100734,0.238564,0.022932,0.002665,0.003469,0.011247,0.00020740
12,31,3.029533,0.000157,98.2556,0.202742,0.101900,0.681761,0.020372,0.003392,0.003564,0.010959,0.00020740
12,32,2.335328,0.000175,51.4530,0.205225,0.101298,0.424568,0.023603,0.002645,0.003824,0.011010,0.00020740
12,33,3.083027,0.000162,34.8850,0.204433,0.102393,0.294481,0.115323,0.002647,0.003807,0.014770,0.00020740
12,34,2.938593,0.000145,32.7188,0.203206,0.102190,0.278581,0.044326,0.003997,0.003692,0.010600,0.00020740
12,35,2.310683,0.000155,41.3273,0.202312,0.101102,0.376931,0.049157,0.004597,0.003663,0.011785,0.00020740
12,36,2.692368,0.000132,60.6462,0.202986,0.101119,0.450520,0.031540,0.002772,0.003288,0.009588,0.00020740
12,37,2.332649,0.000127,26.8179,0.200850,0.100429,0.226239,0.032841,0.002887,0.003488,0.009461,0.00020740
12,38,2.514787,0.000122,43.0737,0.199424,0.100067,0.375052,0.040161,0.002768,0.003394,0.009528,0.00020740
12,39,3.005379,0.000156,29.1918,0.198684,0.100049,0.256591,0.073638,0.005038,0.003412,0.011981,0.00020740
12,40,2.706217,0.000144,39.0333,0.197744,0.099360,0.318864,0.042014,0.003662,0.003255,0.010249,0.00020740
12,41,2.047998,0.000148,28.0357,0.196304,0.099278,0.248373,0.029844,0.004844,0.003377,0.010453,0.00020740
12,42,2.781161,0.000149,61.7817,0.197933,0.099837,0.503004,0.029476,0.003254,0.003832,0.009770,0.00020740
12,43,2.271149,0.000158,24.3287,0.196107,0.100444,0.216117,0.025423,0.002813,0.003580,0.010225,0.00020740
12,44,3.303304,0.000155,35.0895,0.195884,0.101277,0.312831,0.027420,0.005235,0.003519,0.009830,0.00020740
12,45,2.055196,0.000143,26.4182,0.194039,0.100738,0.211578,0.036000,0.001801,0.003824,0.011804,0.00020740
12,46,2.371796,0.000153,31.9553,0.194750,0.100374,0.286867,0.053308,0.002859,0.003717,0.012468,0.00020740
12,47,2.494895,0.000151,25.6413,0.193308,0.099740,0.212714,0.071282,0.003433,0.004109,0.011065,0.00020740
12,48,2.762884,0.000132,42.6171,0.192513,0.099796,0.398753,0.029988,0.002570,0.003742,0.009094,0.00020740
12,49,2.365090,0.000161,26.4874,0.191328,0.099928,0.225205,0.066954,0.003670,0.003970,0.010800,0.00020740
12,50,3.144514,0.000131,40.3699,0.190317,0.099618,0.312653,0.040044,0.002515,0.003667,0.009202,0.00020740
12,51,2.088968,0.000123,23.6494,0.188927,0.100066,0.230328,0.058167,0.001605,0.003549,0.010168,0.00020740
12,52,3.030507,0.000165,39.1419,0.188149,0.099696,0.336406,0.044002,0.003141,0.003653,0.010113,0.00020740
12,53,2.355542,0.000153,28.0550,0.186846,0.100379,0.223060,0.046973,0.002392,0.003536,0.010557,0.00020740
12,54,2.222358,0.000159,24.9028,0.185578,0.100074,0.238460,0.062039,0.001613,0.004033,0.011791,0.00020740
12,55,2.166012,0.000154,38.3918,0.186825,0.099627,0.309224,0.046049,0.003334,0.003874,0.010720,0.00020740
12,56,2.702591,0.000141,31.0143,0.186083,0.099518,0.278197,0.029535,0.003046,0.003467,0.010332,0.00020740
12,57,2.505528,0.000165,31.5421,0.185191,0.100399,0.257513,0.035855,0.003342,0.003885,0.011293,0.00020740
12,58,2.473290,0.000122,57.9597,0.187496,0.100097,0.472014,0.012919,0.001641,0.003213,0.008496,0.00020740
12,59,2.798217,0.000215,36.0695,0.187000,0.099929,0.316736,0.063131,0.002465,0.005940,0.016844,0.00020740
12,60,2.884211,0.000186,30.7361,0.186183,0.100136,0.261461,0.046135,0.003022,0.004728,0.012961,0.00020740
12,61,1.864988,0.000159,27.5795,0.186081,0.099978,0.233013,0.035419,0.002444,0.004624,0.013086,0.00020740
12,62,2.667552,0.000167,46.7110,0.185351,0.099835,0.379192,0.031345,0.002449,0.004040,0.011062,0.00020740
12,63,2.585626,0.000195,26.8454,0.184579,0.099618,0.223092,0.046239,0.003515,0.004138,0.011977,0.00020740
12,64,2.493586,0.000153,51.2785,0.186401,0.099635,0.424400,0.028580,0.001595,0.003976,0.011247,0.00020740
12,65,2.781985,0.000188,30.6664,0.185947,0.099313,0.283372,0.061815,0.003204,0.004809,0.025518,0.00020740
12,66,2.089374,0.000166,27.5684,0.185406,0.099278,0.219304,0.037033,0.003211,0.004792,0.018027,0.00020740
12,67,2.785932,0.000171,55.7627,0.185402,0.098472,0.477588,0.044198,0.003698,0.004500,0.017185,0.00020740
12,68,2.434486,0.000184,24.9993,0.184528,0.097966,0.227009,0.042826,0.003382,0.004519,0.015982,0.00020740
12,69,3.116775,0.000165,58.4193,0.184381,0.097709,0.419875,0.034387,0.004141,0.004211,0.014755,0.00020740
12,70,2.400599,0.000169,38.1401,0.184503,0.097263,0.299770,0.030391,0.003611,0.004051,0.014554,0.00020740
12,71,3.123898,0.000142,45.6630,0.184320,0.097744,0.391117,0.053651,0.002351,0.003990,0.013860,0.00020740
12,72,2.685807,0.000157,37.1103,0.183774,0.098179,0.318219,0.031828,0.002501,0.004004,0.012027,0.00020740
12,73,3.154867,0.000128,52.0544,0.183628,0.098249,0.397014,0.042848,0.005008,0.003836,0.013587,0.00020740
12,74,1.972589,0.000138,27.8316,0.182841,0.098146,0.226589,0.022442,0.002752,0.003718,0.012026,0.00020740
12,75,2.858639,0.000126,67.4850,0.182763,0.098055,0.524514,0.050392,0.002881,0.003302,0.011858,0.00020740
12,76,3.553039,0.000165,41.6012,0.182614,0.097773,0.361723,0.029128,0.003869,0.003868,0.012790,0.00020740
12,77,2.790209,0.000147,58.9161,0.182501,0.097724,0.448696,0.088568,0.002558,0.004329,0.025883,0.00020740
12,78,2.878972,0.000162,37.8183,0.183044,0.097384,0.312675,0.040517,0.003725,0.004319,0.019505,0.00020740
12,79,2.783381,0.000161,29.4046,0.182428,0.097189,0.265945,0.051152,0.003626,0.003822,0.016028,0.00020740
12,80,2.426383,0.000158,28.6234,0.181621,0.097214,0.248761,0.028077,0.002160,0.003633,0.014230,0.00020740
12,81,2.441870,0.000122,52.0055,0.183813,0.097463,0.409150,0.027840,0.002985,0.003387,0.011025,0.00020740
12,82,2.184306,0.000127,30.4086,0.183251,0.097539,0.266892,0.028027,0.002356,0.003229,0.011382,0.00020740
12,83,2.124613,0.000113,42.2352,0.183045,0.097075,0.346135,0.026292,0.001947,0.003486,0.012113,0.00020740
12,84,2.209229,0.000122,28.7087,0.182587,0.097167,0.276221,0.041406,0.001815,0.003888,0.010123,0.00020740
12,85,2.580973,0.000122,23.1318,0.181681,0.097105,0.225311,0.016928,0.002778,0.004164,0.010293,0.00020740
12,86,2.570676,0.000124,56.3159,0.181767,0.097092,0.412418,0.023230,0.002738,0.003395,0.009266,0.00020740
12,87,2.028925,0.000125,25.9652,0.180952,0.097035,0.250700,0.023908,0.002662,0.003301,0.008941,0.00020740
12,88,2.567781,0.000137,67.4758,0.183258,0.096940,0.503399,0.022713,0.002105,0.003219,0.009481,0.00020740
12,89,2.187053,0.000126,23.2368,0.182734,0.096703,0.215010,0.032921,0.004229,0.003177,0.009278,0.00020740
12,90,3.141258,0.000142,24.5533,0.182171,0.096515,0.235691,0.040124,0.003295,0.003632,0.010378,0.00020740
12,91,2.450212,0.000146,36.9633,0.181586,0.096714,0.285451,0.062943,0.011272,0.003610,0.015381,0.00020740
12,92,3.639767,0.000135,24.3145,0.181048,0.097008,0.232600,0.059666,0.003395,0.003672,0.011642,0.00020740
12,93,2.613968,0.000123,26.7525,0.180489,0.097397,0.230277,0.034478,0.002935,0.003470,0.010453,0.00020740
12,94,2.814776,0.000114,21.7251,0.179768,0.096871,0.191148,0.025808,0.004454,0.003015,0.009029,0.00020740
12,95,2.187148,0.000147,41.5200,0.179833,0.096757,0.373946,0.031567,0.002648,0.003230,0.011340,0.00020740
12,96,2.865869,0.000111,39.7289,0.179434,0.096539,0.314484,0.023448,0.002252,0.003008,0.008832,0.00020740
12,97,2.388793,0.000143,29.5185,0.179163,0.096341,0.257640,0.023596,0.003318,0.003373,0.012678,0.00020740
12,98,2.705906,0.000136,67.1482,0.179941,0.096099,0.559147,0.028894,0.002888,0.003577,0.009136,0.00020740
12,99,2.183571,0.000134,30.7534,0.180109,0.095816,0.254831,0.039013,0.001980,0.003622,0.010024,0.00020740
12,100,3.057990,0.000154,31.7259,0.179698,0.095941,0.276466,0.029483,0.002125,0.003707,0.010579,0.00020740
12,101,2.215599,0.000127,28.5428,0.179225,0.095846,0.263195,0.018763,0.002800,0.003275,0.009332,0.00020740
12,102,2.786348,0.000112,78.4927,0.179604,0.095559,0.594125,0.021526,0.001516,0.003051,0.008123,0.00020740
12,103,3.271306,0.000119,38.8564,0.179224,0.095470,0.297320,0.030848,0.002291,0.003012,0.008617,0.00020740
12,104,2.491736,0.000151,31.6937,0.178871,0.095326,0.287376,0.023464,0.001732,0.003542,0.008078,0.00020740
12,105,2.201060,0.000108,20.7308,0.178335,0.095424,0.190166,0.023936,0.001776,0.002890,0.007450,0.00020740
12,106,2.843271,0.000153,59.6936,0.178734,0.095481,0.439515,0.026271,0.002221,0.003408,0.008977,0.00020740
12,107,2.539886,0.000138,32.6803,0.178304,0.095229,0.294966,0.059343,0.003205,0.002946,0.008522,0.00020740
12,108,2.502627,0.000138,29.6749,0.178354,0.095183,0.255196,0.030523,0.003092,0.003042,0.008237,0.00020740
12,109,1.896721,0.000102,21.1184,0.177521,0.095011,0.184341,0.081625,0.001384,0.002716,0.006755,0.00020740
12,110,2.841651,0.000135,50.7495,0.177370,0.095404,0.435360,0.018667,0.002319,0.004023,0.008925,0.00020740
12,111,2.380197,0.000165,30.3587,0.177517,0.095801,0.261382,0.052690,0.002316,0.004101,0.009477,0.00020740
12,112,2.492455,0.000126,24.7423,0.177063,0.095250,0.221948,0.036016,0.002240,0.003658,0.008095,0.00020740
12,113,1.898357,0.000150,26.2537,0.176514,0.095242,0.236474,0.039404,0.001899,0.004175,0.009397,0.00020740
12,114,3.002604,0.000186,70.0661,0.177107,0.095199,0.568524,0.068510,0.002017,0.004410,0.011156,0.00020740
12,115,1.953652,0.000129,26.7202,0.176745,0.095330,0.212654,0.024892,0.003436,0.003773,0.009101,0.00020740
12,116,2.929158,0.000124,43.6933,0.176507,0.095171,0.384009,0.022901,0.001734,0.004016,0.009238,0.00020740
12,117,2.677028,0.000166,24.9416,0.176037,0.095562,0.234388,0.069879,0.005039,0.004480,0.016184,0.00020740
12,118,3.072246,0.000140,71.3433,0.177369,0.095747,0.556232,0.062700,0.004890,0.003574,0.011826,0.00020740
12,119,2.726673,0.000148,20.8266,0.176897,0.095902,0.181239,0.048842,0.005330,0.003750,0.011527,0.00020740
12,120,2.961778,0.000148,24.9341,0.176419,0.095700,0.213480,0.047086,0.005148,0.003443,0.010663,0.00020740
12,121,2.453244,0.000126,36.2149,0.176054,0.095643,0.341808,0.038176,0.005169,0.003447,0.010468,0.00020740
12,122,2.349364,0.000145,39.6634,0.175821,0.095729,0.313303,0.045968,0.005331,0.003569,0.010366,0.00020740
12,123,2.880770,0.000136,24.7076,0.175353,0.095825,0.225871,0.042806,0.002670,0.003646,0.013436,0.00020740
12,124,2.473043,0.000144,32.4461,0.174981,0.095588,0.277449,0.046891,0.002881,0.003560,0.010564,0.00020740
12,125,2.181066,0.000127,42.2175,0.174890,0.095486,0.351888,0.022811,0.003501,0.003571,0.008952,0.00020740
12,126,2.163273,0.000105,29.0030,0.174416,0.095494,0.226201,0.018036,0.003054,0.003312,0.008221,0.00020740
12,127,1.838255,0.000119,24.4534,0.173844,0.095494,0.231702,0.020829,0.002332,0.003317,0.007894,0.00020740
12,128,2.923408,0.000194,77.6280,0.175711,0.095740,0.607354,0.067185,0.003392,0.004537,0.012254,0.00020740
12,129,2.224904,0.000156,23.5561,0.175231,0.095758,0.221456,0.063784,0.003678,0.003902,0.009821,0.00020740
12,130,2.063827,0.000134,44.5959,0.176061,0.096013,0.406017,0.018390,0.004016,0.003660,0.009829,0.00020740
12,131,2.475280,0.000123,32.8994,0.175812,0.095804,0.261574,0.019218,0.002563,0.003646,0.009521,0.00020740
12,132,2.102438,0.000158,29.9177,0.175562,0.095884,0.285084,0.025612,0.002473,0.003902,0.011610,0.00020740
12,133,2.966311,0.000127,75.0759,0.176204,0.095830,0.557910,0.024206,0.001972,0.003527,0.008634,0.00020740
12,134,2.555066,0.000111,37.0933,0.175999,0.095712,0.301548,0.024622,0.001452,0.003229,0.008685,0.00020740
12,135,2.610888,0.000168,33.7542,0.175825,0.095722,0.287842,0.034092,0.001940,0.004076,0.012411,0.00020740
12,136,2.101843,0.000163,42.8269,0.176611,0.095973,0.366827,0.026241,0.002869,0.003796,0.010780,0.00020740
12,137,2.955065,0.000140,38.7822,0.176536,0.095668,0.308499,0.023892,0.002988,0.003846,0.009242,0.00020740
12,138,2.112098,0.000116,29.4826,0.176215,0.095659,0.236014,0.011289,0.001839,0.003254,0.008320,0.00020740
12,139,2.952228,0.000145,78.7883,0.176681,0.095870,0.616432,0.028351,0.001691,0.003629,0.010469,0.00020740
12,140,2.934539,0.000127,34.3648,0.176678,0.095978,0.303195,0.019636,0.002750,0.003071,0.008398,0.00020740
12,141,3.029030,0.000167,37.7015,0.176514,0.096226,0.316343,0.044291,0.003218,0.003431,0.010605,0.00020740
12,142,2.775013,0.000160,31.1800,0.176161,0.096376,0.250138,0.058034,0.002559,0.003619,0.016631,0.00020740
12,143,3.000629,0.000130,50.0669,0.176408,0.096243,0.440539,0.030899,0.003509,0.004210,0.012894,0.00020740
12,144,2.157031,0.000144,26.7833,0.176061,0.096331,0.215062,0.035942,0.008356,0.003828,0.012820,0.00020740
12,145,2.468673,0.000137,35.3427,0.175954,0.096500,0.319867,0.024722,0.005785,0.003683,0.011148,0.00020740
12,146,2.398087,0.000141,26.3328,0.175573,0.096638,0.215704,0.025922,0.002358,0.003827,0.012426,0.00020740
12,147,2.375065,0.000122,28.8405,0.175424,0.096684,0.244386,0.020417,0.002092,0.003347,0.009711,0.00020740
12,148,2.083539,0.000111,33.0251,0.174970,0.096810,0.313251,0.016317,0.001467,0.003187,0.009441,0.00020740
12,149,2.449907,0.000139,56.9814,0.175208,0.096702,0.459332,0.034853,0.001833,0.003905,0.011221,0.00020740
12,150,1.938013,0.000120,20.9451,0.174702,0.096790,0.196712,0.025178,0.001960,0.003263,0.008842,0.00020740
12,151,2.456558,0.000128,44.5156,0.175524,0.096516,0.350478,0.030074,0.001717,0.003901,0.009011,0.00020740
12,152,2.097126,0.000123,27.2822,0.175205,0.096432,0.253967,0.020216,0.002400,0.003529,0.008832,0.00020740
12,153,2.675755,0.000133,50.0561,0.175258,0.096366,0.403073,0.038065,0.002255,0.003399,0.008826,0.00020740
12,154,1.999530,0.000133,25.9067,0.174960,0.096164,0.243272,0.020898,0.001444,0.003790,0.008832,0.00020740
12,155,2.865617,0.000157,57.7896,0.175236,0.096416,0.464014,0.040898,0.002034,0.003852,0.012128,0.00020740
12,156,2.499460,0.000125,33.4833,0.174880,0.096192,0.298983,0.061993,0.003337,0.003712,0.009968,0.00020740
12,157,2.710972,0.000147,36.7043,0.174620,0.096228,0.291471,0.034686,0.002085,0.003973,0.010731,0.00020740
12,158,2.366764,0.000131,25.5992,0.174202,0.096223,0.235846,0.036625,0.003930,0.003982,0.010431,0.00020740
12,159,2.476708,0.000164,32.1499,0.174021,0.096008,0.258090,0.087659,0.005066,0.003909,0.010210,0.00020740
12,160,2.570162,0.000169,28.0077,0.173749,0.095951,0.252444,0.030033,0.005953,0.003848,0.011166,0.00020740
12,161,2.467149,0.000140,25.5407,0.173521,0.095696,0.229207,0.026370,0.002975,0.003539,0.011788,0.00020740
12,162,2.442129,0.000137,30.1337,0.173195,0.095801,0.238181,0.029376,0.002265,0.003186,0.009619,0.00020740
12,163,2.373130,0.000152,35.4170,0.172865,0.095573,0.324433,0.041130,0.004081,0.003562,0.011148,0.00020740
12,164,2.576791,0.000118,67.2148,0.173867,0.095546,0.536153,0.018802,0.002087,0.003239,0.009595,0.00020740
12,165,1.951227,0.000130,22.4609,0.173538,0.095619,0.202492,0.016415,0.003444,0.003303,0.009140,0.00020740
12,166,2.448992,0.000141,62.2181,0.174011,0.095711,0.492166,0.016770,0.003479,0.003157,0.009201,0.00020740
12,167,1.972944,0.000142,22.1415,0.173624,0.096155,0.193416,0.024341,0.001437,0.003595,0.009491,0.00020740
12,168,3.067547,0.000252,34.8159,0.173616,0.096223,0.308469,0.094089,0.005465,0.005087,0.019911,0.00020740
12,169,2.177139,0.000154,28.1715,0.173365,0.096015,0.266413,0.065655,0.003180,0.003914,0.009349,0.00020740
12,170,2.988018,0.000163,65.5083,0.173514,0.095993,0.463618,0.068614,0.004428,0.004261,0.010567,0.00020740
12,171,2.586839,0.000152,39.4281,0.173300,0.095807,0.311796,0.029996,0.002851,0.003734,0.009503,0.00020740
12,172,2.610739,0.000132,47.8212,0.173274,0.095711,0.430955,0.029572,0.002773,0.003510,0.007679,0.00020740
12,173,2.229310,0.000149,25.0409,0.172995,0.095758,0.218276,0.038743,0.003454,0.003898,0.009735,0.00020740
12,174,3.009755,0.000217,63.5477,0.174001,0.095886,0.477713,0.099914,0.005469,0.004372,0.012713,0.00020740
12,175,2.306521,0.000137,37.1098,0.173765,0.095835,0.316839,0.083243,0.003581,0.003780,0.011917,0.00020740
12,176,2.911355,0.000128,46.9710,0.173636,0.095648,0.386536,0.024636,0.002746,0.003297,0.009382,0.00020740
12,177,2.500225,0.000143,26.9985,0.173433,0.095716,0.236044,0.037437,0.002417,0.003492,0.010875,0.00020740
12,178,3.058242,0.000149,50.6160,0.173175,0.095746,0.397143,0.037452,0.004623,0.003448,0.009806,0.00020740
12,179,1.863639,0.000103,36.5998,0.173077,0.095594,0.305922,0.020809,0.002190,0.002949,0.008391,0.00020740
12,180,3.144739,0.000106,57.0873,0.172806,0.095656,0.456839,0.048370,0.002286,0.002978,0.008648,0.00020740
12,181,2.972408,0.000133,48.7983,0.172630,0.095547,0.362238,0.038115,0.002309,0.003570,0.010323,0.00020740
12,182,1.937509,0.000119,23.8706,0.172264,0.095341,0.236372,0.030641,0.002522,0.003117,0.008508,0.00020740
12,183,2.940005,0.000125,94.4493,0.173533,0.095253,0.676180,0.028996,0.002728,0.003343,0.008975,0.00020740
12,184,2.036959,0.000146,31.1598,0.173572,0.095216,0.270514,0.026583,0.002361,0.003295,0.008716,0.00020740
12,185,3.128352,0.000128,45.2281,0.173544,0.095157,0.385202,0.025095,0.002886,0.003229,0.009296,0.00020740
12,186,2.270035,0.000120,26.8427,0.173458,0.095264,0.237897,0.028148,0.001204,0.003238,0.007996,0.00020740
12,187,2.573020,0.000147,80.4912,0.174744,0.095331,0.589487,0.038647,0.002586,0.003548,0.012295,0.00020740
12,188,1.945864,0.000138,30.4443,0.174709,0.095334,0.286898,0.018037,0.002526,0.003336,0.009077,0.00020740
12,189,2.675373,0.000133,42.5250,0.174615,0.095444,0.335286,0.025176,0.002307,0.003442,0.009590,0.00020740
12,190,1.951935,0.000166,22.9371,0.174388,0.095482,0.209018,0.027565,0.001846,0.003798,0.012253,0.00020740
12,191,3.418566,0.000112,105.5848,0.175383,0.095441,0.716382,0.022076,0.002203,0.003351,0.008435,0.00020740
12,192,2.771529,0.000127,70.9135,0.176282,0.095582,0.586269,0.034793,0.002811,0.003583,0.010250,0.00020740
12,193,2.577362,0.000113,26.6597,0.176125,0.095541,0.237946,0.055362,0.001669,0.003166,0.010857,0.00020740
12,194,2.443447,0.000136,29.0832,0.175864,0.095566,0.243514,0.034072,0.002071,0.003501,0.010009,0.00020740
12,195,2.952635,0.000137,77.5237,0.176650,0.095567,0.573646,0.025422,0.002486,0.003641,0.009913,0.00020740
12,196,1.619310,0.000109,23.3192,0.176560,0.095449,0.195344,0.023528,0.001538,0.003225,0.008985,0.00020740
12,197,3.712896,0.000115,52.1326,0.176478,0.095331,0.452975,0.028886,0.001904,0.003224,0.009876,0.00020740
12,198,2.710003,0.000120,33.7041,0.176374,0.095213,0.278956,0.019156,0.001638,0.003381,0.009488,0.00020740
12,199,3.020125,0.000103,42.7188,0.176174,0.095162,0.343895,0.023544,0.001381,0.003653,0.010218,0.00020740
12,200,3.533558,0.000116,65.3109,0.176263,0.095078,0.472757,0.024341,0.001566,0.003807,0.009889,0.00020740
12,201,2.356761,0.000145,27.6260,0.176064,0.095048,0.253352,0.038049,0.003276,0.003934,0.009774,0.00020740
12,202,2.614172,0.000150,44.2673,0.176058,0.095056,0.380127,0.033089,0.001954,0.004273,0.010617,0.00020740
12,203,2.688287,0.000123,33.4084,0.175906,0.094970,0.266128,0.061446,0.002043,0.003895,0.010858,0.00020740
12,204,1.839414,0.000129,31.6067,0.175781,0.095030,0.286594,0.021279,0.001500,0.003942,0.009467,0.00020740
12,205,2.448172,0.000161,57.7035,0.175968,0.095170,0.444426,0.028520,0.002045,0.004303,0.011411,0.00020740
12,206,2.110058,0.000155,26.9253,0.175698,0.095131,0.238758,0.052822,0.001767,0.004198,0.013629,0.00020740
12,207,2.747273,0.000159,50.9747,0.175602,0.095279,0.431101,0.072809,0.002701,0.004175,0.014702,0.00020740
12,208,2.106750,0.000131,29.2463,0.175332,0.095289,0.229089,0.042565,0.002752,0.003836,0.010639,0.00020740
12,209,3.019255,0.000168,55.5059,0.175325,0.095151,0.499549,0.062404,0.003643,0.004258,0.014413,0.00020740
12,210,2.716094,0.000211,21.2466,0.175083,0.095163,0.191040,0.081466,0.002442,0.004655,0.016483,0.00020740
12,211,2.888353,0.000169,30.9226,0.174893,0.095174,0.248190,0.068227,0.007068,0.004584,0.013187,0.00020740
12,212,2.445997,0.000134,22.1664,0.174596,0.095355,0.195227,0.037618,0.003034,0.003669,0.011430,0.00020740
12,213,2.359571,0.000151,49.1342,0.175322,0.095378,0.399236,0.040935,0.003489,0.004075,0.018019,0.00020740
12,214,2.556758,0.000157,31.5139,0.175142,0.095364,0.270173,0.028481,0.002525,0.003835,0.013045,0.00020740
12,215,2.260810,0.000154,24.4828,0.175027,0.095392,0.205268,0.028539,0.003237,0.003627,0.012478,0.00020740
12,216,3.130763,0.000135,28.0903,0.174784,0.095333,0.265633,0.021220,0.001828,0.003642,0.012085,0.00020740
12,217,2.022147,0.000112,29.4893,0.174558,0.095423,0.233441,0.031202,0.003000,0.003422,0.011553,0.00020740
12,218,2.712128,0.000130,53.8420,0.174619,0.095651,0.482267,0.024019,0.002286,0.003165,0.010799,0.00020740
12,219,2.167770,0.000168,26.0312,0.174414,0.095697,0.216260,0.025199,0.001952,0.003667,0.012871,0.00020740
12,220,2.754060,0.000119,73.2024,0.174763,0.095610,0.587020,0.037008,0.001631,0.003322,0.009949,0.00020740
12,221,2.144010,0.000156,32.5138,0.174659,0.095695,0.266025,0.023570,0.002657,0.003493,0.010959,0.00020740
12,222,2.999705,0.000135,46.5562,0.174523,0.095490,0.378227,0.018923,0.002522,0.003391,0.009398,0.00020740
12,223,2.578788,0.000160,32.0335,0.174308,0.095596,0.276562,0.078886,0.002619,0.003814,0.010809,0.00020740
12,224,3.510093,0.000115,56.7269,0.174226,0.095479,0.466978,0.025179,0.002098,0.003332,0.011372,0.00020740
12,225,2.824194,0.000115,48.9609,0.173975,0.095418,0.413880,0.074010,0.005146,0.003004,0.009039,0.00020740
12,226,2.844128,0.000199,30.9863,0.173741,0.095400,0.284115,0.029260,0.002820,0.005313,0.013319,0.00020740
12,227,2.278886,0.000134,55.9696,0.174176,0.095282,0.437224,0.038901,0.001795,0.003514,0.008877,0.00020740
12,228,2.297200,0.000130,30.7263,0.173999,0.095110,0.285150,0.020888,0.002276,0.004013,0.010278,0.00020740
12,229,2.565966,0.000180,38.4767,0.173873,0.095003,0.311895,0.064718,0.003516,0.004098,0.012028,0.00020740
12,230,3.038533,0.000196,36.7415,0.173812,0.095044,0.310540,0.050715,0.003273,0.004438,0.011845,0.00020740
12,231,1.829892,0.000138,21.8610,0.173565,0.094950,0.189068,0.015373,0.002793,0.003555,0.009225,0.00020740
12,232,2.891366,0.000119,89.6059,0.174353,0.094866,0.689513,0.042060,0.002519,0.003652,0.008165,0.00020740
12,233,2.409887,0.000194,24.9892,0.174303,0.094776,0.225199,0.028662,0.003078,0.004089,0.013305,0.00020740
12,234,3.366046,0.000121,30.6152,0.174255,0.094633,0.255274,0.022366,0.004196,0.003047,0.009564,0.00020740
12,235,2.497054,0.000113,25.5988,0.174200,0.094621,0.229935,0.030481,0.002368,0.003095,0.008650,0.00020740
12,236,2.557844,0.000122,39.0252,0.174345,0.094674,0.326864,0.025577,0.002914,0.003171,0.008847,0.00020740
12,237,2.046624,0.000112,25.5927,0.174313,0.094719,0.229261,0.017169,0.003594,0.003034,0.009099,0.00020740
12,238,2.473271,0.000101,31.9169,0.174055,0.094615,0.272965,0.020829,0.002037,0.002872,0.008489,0.00020740
12,239,2.210382,0.000186,29.3891,0.173912,0.094883,0.251872,0.055718,0.002867,0.003919,0.011673,0.00020740
12,240,2.591604,0.000138,54.2229,0.174091,0.094964,0.453422,0.035891,0.005619,0.003243,0.010048,0.00020740
12,241,2.107105,0.000144,27.2247,0.173982,0.094776,0.243257,0.035027,0.005344,0.003439,0.010586,0.00020740
12,242,2.598749,0.000154,44.4877,0.174113,0.095001,0.346883,0.038928,0.003083,0.003503,0.011010,0.00020740
12,243,2.497682,0.000123,30.4912,0.173924,0.094977,0.257812,0.031541,0.005105,0.003246,0.009771,0.00020740
12,244,2.365539,0.000119,28.9410,0.173782,0.094972,0.253839,0.020408,0.004099,0.003076,0.008437,0.00020740
12,245,2.375528,0.000173,28.3478,0.173683,0.094971,0.259394,0.058753,0.003124,0.003654,0.011441,0.00020740
12,246,2.572457,0.000180,52.1015,0.174195,0.095055,0.414506,0.041039,0.002633,0.003831,0.012418,0.00020740
12,247,2.661652,0.000159,29.5921,0.174086,0.095063,0.263122,0.024935,0.003619,0.003507,0.011538,0.00020740
12,248,2.291876,0.000153,25.8674,0.173962,0.095096,0.214218,0.026583,0.002743,0.003587,0.011077,0.00020740
12,249,2.953293,0.000149,77.2453,0.174439,0.095122,0.602153,0.027577,0.003126,0.003489,0.009987,0.00020740
12,250,2.177532,0.000151,21.3047,0.174255,0.095191,0.187425,0.025758,0.002756,0.003287,0.010375,0.00020740
12,251,3.434231,0.000211,46.8771,0.174203,0.095453,0.363251,0.051625,0.002205,0.004572,0.014848,0.00020740
12,252,1.973580,0.000152,23.6667,0.174028,0.095410,0.219324,0.038704,0.002693,0.003976,0.012543,0.00020740
12,253,4.209895,0.000142,81.7712,0.174893,0.095411,0.602360,0.024932,0.002247,0.003651,0.011398,0.00020740
12,254,2.626611,0.000147,35.1388,0.175098,0.095529,0.308220,0.024391,0.002852,0.003643,0.010787,0.00020740
12,255,3.164191,0.000133,34.6970,0.175027,0.095470,0.297264,0.020214,0.002672,0.003552,0.009774,0.00020740
12,256,2.735122,0.000121,30.5130,0.175034,0.095454,0.275095,0.019627,0.002133,0.003563,0.009945,0.00020740
12,257,2.241138,0.000126,34.2784,0.174942,0.095432,0.321116,0.033272,0.001763,0.003939,0.007776,0.00020740
12,258,3.158454,0.000116,110.1798,0.175947,0.095499,0.789270,0.048499,0.002268,0.003888,0.010349,0.00020740
12,259,2.963407,0.000184,50.7588,0.176165,0.095547,0.421383,0.053499,0.002965,0.004759,0.014365,0.00020740
12,260,2.790973,0.000172,36.8767,0.176081,0.095524,0.329870,0.058030,0.004842,0.004686,0.014905,0.00020740
12,261,2.975187,0.000170,37.1224,0.175961,0.095527,0.300797,0.045096,0.001734,0.004542,0.013716,0.00020740
12,262,2.805443,0.000171,51.4222,0.176262,0.095488,0.405144,0.067265,0.004008,0.004203,0.012646,0.00020740
12,263,2.401348,0.000119,34.7990,0.176008,0.095505,0.316882,0.029781,0.001783,0.003989,0.010294,0.00020740
12,264,2.587608,0.000186,49.0057,0.175870,0.095591,0.410440,0.076883,0.003959,0.005042,0.015296,0.00020740
12,265,2.696370,0.000170,46.5734,0.175793,0.095525,0.351713,0.045463,0.004131,0.005165,0.011203,0.00020740
12,266,2.181758,0.000146,22.3421,0.175595,0.095677,0.201872,0.037962,0.002915,0.003845,0.010724,0.00020740
12,267,3.119370,0.000133,56.8132,0.175701,0.095469,0.431816,0.020941,0.005243,0.003690,0.008381,0.00020740
12,268,2.073602,0.000109,26.2451,0.175533,0.095372,0.222325,0.043399,0.003276,0.003814,0.007740,0.00020740
12,269,3.106401,0.000129,76.6445,0.175812,0.095442,0.668101,0.029269,0.002125,0.003269,0.007707,0.00020740
12,270,2.274167,0.000102,37.1266,0.175882,0.095499,0.324282,0.028218,0.002013,0.003505,0.008061,0.00020740
12,271,2.625435,0.000155,30.1363,0.175775,0.095308,0.249718,0.053038,0.001973,0.003793,0.015539,0.00020740
12,272,2.561668,0.000198,27.0671,0.175535,0.095219,0.252386,0.125291,0.002806,0.004994,0.015838,0.00020740
12,273,3.656934,0.000278,78.1110,0.176037,0.095119,0.604884,0.111664,0.005796,0.007306,0.022863,0.00020740
12,274,2.736161,0.000183,26.8898,0.175818,0.095065,0.217398,0.089196,0.002818,0.004969,0.016629,0.00020740
12,275,3.183429,0.000269,40.3331,0.175789,0.095164,0.364887,0.109869,0.006434,0.006453,0.023148,0.00020740
12,276,3.309222,0.000270,31.2038,0.175554,0.095167,0.254977,0.103184,0.004567,0.007080,0.021267,0.00020740
12,277,2.521475,0.000191,25.8711,0.175444,0.095134,0.221598,0.064235,0.003979,0.004000,0.016115,0.00020740
12,278,3.039648,0.000122,48.6054,0.176015,0.095128,0.375975,0.065069,0.003837,0.003325,0.012133,0.00020740
12,279,2.233482,0.000122,29.8958,0.175906,0.095096,0.288670,0.048075,0.003953,0.003586,0.011397,0.00020740
12,280,2.349343,0.000133,36.3204,0.175858,0.095282,0.280103,0.035612,0.004505,0.003446,0.010533,0.00020740
12,281,1.907540,0.000131,28.7309,0.175808,0.095278,0.262166,0.032998,0.002542,0.003571,0.010254,0.00020740
12,282,3.091325,0.000133,39.3747,0.175704,0.095195,0.325779,0.024912,0.004221,0.003301,0.010093,0.00020740
12,283,2.099780,0.000096,25.6384,0.175603,0.095267,0.221818,0.033029,0.002589,0.003132,0.009456,0.00020740
12,284,2.937415,0.000149,61.9029,0.176330,0.095301,0.476194,0.037253,0.002679,0.003647,0.012058,0.00020740
12,285,2.378516,0.000157,24.3592,0.176123,0.095266,0.220497,0.048524,0.002198,0.004057,0.012144,0.00020740
12,286,2.353178,0.000121,31.1370,0.176258,0.095214,0.261856,0.027966,0.002763,0.003675,0.011208,0.00020740
12,287,2.246643,0.000119,26.1778,0.176068,0.095208,0.223665,0.020512,0.002595,0.003467,0.010559,0.00020740
12,288,2.370786,0.000116,46.3386,0.176002,0.095099,0.380024,0.020548,0.002217,0.003271,0.010774,0.00020740
12,289,2.024218,0.000140,23.2002,0.175849,0.095070,0.205478,0.052278,0.003647,0.003192,0.010550,0.00020740
12,290,3.210675,0.000212,41.8960,0.175822,0.095106,0.361161,0.051782,0.001248,0.004681,0.016580,0.00020740
12,291,2.276140,0.000131,34.1064,0.175706,0.095263,0.262587,0.033341,0.004581,0.003203,0.011143,0.00020740
12,292,3.674024,0.000138,49.2069,0.175625,0.095310,0.431341,0.018229,0.005260,0.003064,0.011201,0.00020740
12,293,2.229334,0.000122,23.8377,0.175427,0.095159,0.211188,0.033275,0.003748,0.003245,0.011610,0.00020740
12,294,3.587564,0.000122,63.6391,0.175624,0.095056,0.506224,0.021306,0.003198,0.003283,0.010353,0.00020740
12,295,2.178022,0.000129,30.1476,0.175502,0.094968,0.237036,0.030083,0.002740,0.003254,0.011185,0.00020740
12,296,3.181130,0.000149,27.5708,0.175303,0.094895,0.259342,0.062763,0.002388,0.003393,0.011927,0.00020740
13,1,2.647065,0.000176,26.2043,0.135585,0.159973,0.242712,0.070842,0.004934,0.004759,0.017246,0.00015000
13,2,2.100774,0.000159,30.1726,0.164510,0.138104,0.250898,0.052881,0.003054,0.003941,0.015263,0.00015000
13,3,2.359931,0.000157,24.2512,0.151898,0.127206,0.225243,0.038841,0.002813,0.003960,0.012778,0.00015000
13,4,1.986108,0.000155,26.9455,0.146975,0.124393,0.223177,0.036476,0.002783,0.003784,0.012209,0.00015000
13,5,2.193060,0.000152,42.4541,0.156546,0.125980,0.383128,0.039014,0.002415,0.003670,0.011470,0.00015000
13,6,1.990578,0.000156,26.9450,0.154352,0.117322,0.221504,0.035284,0.002512,0.003545,0.010693,0.00015000
13,7,2.826595,0.000154,29.8602,0.152825,0.115589,0.270003,0.031706,0.002516,0.003410,0.012261,0.00015000
13,8,1.816198,0.000159,21.3902,0.150024,0.114943,0.193094,0.030117,0.002728,0.003382,0.010753,0.00015000
13,9,3.621750,0.000155,83.0995,0.169857,0.112107,0.611060,0.032057,0.002661,0.003587,0.010664,0.00015000
13,10,2.161371,0.000162,46.0485,0.177748,0.111062,0.366698,0.022897,0.002491,0.003538,0.010377,0.00015000
13,11,2.677823,0.000160,30.4190,0.175637,0.112918,0.269893,0.021734,0.002526,0.003672,0.010581,0.00015000
13,12,2.281149,0.000144,27.0777,0.172521,0.111266,0.237152,0.013442,0.002004,0.003272,0.009649,0.00015000
13,13,2.124952,0.000148,41.3347,0.180158,0.108957,0.343538,0.052413,0.002387,0.003135,0.010763,0.00015000
13,14,2.328093,0.000142,40.3242,0.180360,0.107823,0.340708,0.037262,0.002160,0.003294,0.009556,0.00015000
13,15,2.177781,0.000140,25.8876,0.177480,0.108122,0.231275,0.026081,0.002220,0.003327,0.010170,0.00015000
13,16,1.760370,0.000133,23.5637,0.176480,0.104409,0.200822,0.027633,0.002074,0.003114,0.009263,0.00015000
13,17,2.375507,0.000135,41.5273,0.180768,0.104782,0.361663,0.026708,0.002394,0.003361,0.009360,0.00015000
13,18,1.807980,0.000133,23.5931,0.178041,0.104162,0.198034,0.021886,0.002194,0.003228,0.009066,0.00015000
13,19,2.056027,0.000141,38.6027,0.182237,0.104265,0.330949,0.066317,0.002858,0.003539,0.013487,0.00015000
13,20,2.063874,0.000142,24.6552,0.179797,0.103202,0.212756,0.068067,0.002851,0.003463,0.014792,0.00015000
13,21,2.096944,0.000112,41.5806,0.182087,0.103544,0.361270,0.046348,0.002281,0.003111,0.011395,0.00015000
13,22,1.996309,0.000122,27.8600,0.179934,0.102349,0.223823,0.026063,0.002044,0.003390,0.011200,0.00015000
13,23,2.008741,0.000134,27.8461,0.178320,0.102436,0.250500,0.031060,0.002585,0.003925,0.012133,0.00015000
13,24,2.242611,0.000150,39.1087,0.179428,0.105302,0.328126,0.029222,0.002306,0.003743,0.012288,0.00015000
13,25,2.375219,0.000113,30.2501,0.177322,0.105520,0.251681,0.039303,0.001527,0.003198,0.009873,0.00015000
13,26,2.165965,0.000146,31.3232,0.175517,0.104648,0.272163,0.033183,0.003007,0.003459,0.011769,0.00015000
13,27,2.071225,0.000154,35.2329,0.177332,0.105194,0.299262,0.037764,0.002531,0.003765,0.011838,0.00015000
13,28,2.018182,0.000146,28.6373,0.175626,0.104352,0.244773,0.024056,0.002825,0.003783,0.011305,0.00015000
13,29,1.905549,0.000146,34.0762,0.174598,0.105186,0.285530,0.021391,0.002320,0.003598,0.011231,0.00015000
13,30,1.781762,0.000139,28.2871,0.173676,0.105216,0.252693,0.018226,0.002495,0.003478,0.010516,0.00015000
13,31,1.890809,0.000146,34.9835,0.174051,0.105868,0.290198,0.018088,0.002794,0.003516,0.010771,0.00015000
13,32,2.017238,0.000170,24.0951,0.172490,0.106438,0.222775,0.024242,0.002364,0.003769,0.011344,0.00015000
13,33,2.069380,0.000159,40.8879,0.175359,0.105882,0.327513,0.090529,0.001922,0.003575,0.011557,0.00015000
13,34,1.906036,0.000140,22.7543,0.173825,0.105574,0.208022,0.049684,0.001912,0.003543,0.010365,0.00015000
13,35,1.908247,0.000147,38.6952,0.175441,0.105711,0.309648,0.045791,0.002566,0.003235,0.010014,0.00015000
13,36,1.909280,0.000127,31.1908,0.174330,0.104770,0.279705,0.027581,0.002068,0.003155,0.009143,0.00015000
13,37,1.835427,0.000125,29.6516,0.173262,0.103593,0.243214,0.027647,0.002345,0.003443,0.009657,0.00015000
13,38,1.878165,0.000114,41.8355,0.175270,0.102300,0.369948,0.030165,0.002025,0.003122,0.009179,0.00015000
13,39,1.944454,0.000157,24.9669,0.174128,0.102951,0.219493,0.049170,0.002682,0.003333,0.011877,0.00015000
13,40,1.913269,0.000147,42.5623,0.176029,0.102572,0.357034,0.025882,0.002270,0.003227,0.009788,0.00015000
13,41,1.851623,0.000142,28.8499,0.175242,0.101787,0.261912,0.023810,0.002725,0.003327,0.010817,0.00015000
13,42,1.941136,0.000145,32.9973,0.174690,0.100693,0.274060,0.023161,0.002132,0.003403,0.010165,0.00015000
13,43,1.746875,0.000145,28.7932,0.174497,0.100727,0.256305,0.020166,0.002628,0.003515,0.010996,0.00015000
13,44,2.003226,0.000146,34.1996,0.173969,0.100994,0.287179,0.021307,0.002222,0.003252,0.009521,0.00015000
13,45,1.801714,0.000147,22.5151,0.172865,0.100871,0.192405,0.039806,0.002025,0.004365,0.012022,0.00015000
13,46,2.151036,0.000142,45.7452,0.174725,0.100422,0.401179,0.041113,0.001825,0.003735,0.012072,0.00015000
13,47,1.943920,0.000140,25.9609,0.173747,0.099974,0.208497,0.039119,0.003075,0.003965,0.010547,0.00015000
13,48,2.045882,0.000117,52.8559,0.175112,0.099490,0.459059,0.029709,0.001996,0.003634,0.009199,0.00015000
13,49,2.145755,0.000157,24.1077,0.173984,0.098947,0.224709,0.058845,0.003297,0.003932,0.011032,0.00015000
13,50,2.690209,0.000118,42.9764,0.174141,0.098602,0.340154,0.022782,0.001983,0.003494,0.009274,0.00015000
13,51,1.911381,0.000116,21.4025,0.173261,0.097726,0.207711,0.069515,0.001643,0.003733,0.012130,0.00015000
13,52,2.172368,0.000158,31.9813,0.173783,0.097376,0.247343,0.036267,0.003377,0.003810,0.009944,0.00015000
13,53,2.403486,0.000135,26.4104,0.172833,0.097286,0.256828,0.044571,0.004543,0.004091,0.009401,0.00015000
13,54,1.966967,0.000144,24.3868,0.171953,0.097968,0.194294,0.051590,0.003328,0.003830,0.010801,0.00015000
13,55,1.759953,0.000139,25.7129,0.171514,0.097554,0.239521,0.021826,0.002282,0.003586,0.010822,0.00015000
13,56,1.929566,0.000131,37.9908,0.172491,0.097487,0.300770,0.020283,0.002506,0.003432,0.010725,0.00015000
13,57,1.963431,0.000160,24.6436,0.171831,0.097553,0.228517,0.026579,0.002207,0.003828,0.010781,0.00015000
13,58,1.924298,0.000118,54.0173,0.173030,0.097282,0.408905,0.012727,0.000983,0.003217,0.008583,0.00015000
13,59,2.228066,0.000228,24.1246,0.172448,0.097737,0.219465,0.069723,0.002535,0.005785,0.017922,0.00015000
13,60,2.890550,0.000184,44.7641,0.173349,0.098029,0.361130,0.036423,0.004965,0.004411,0.012293,0.00015000
13,61,2.167109,0.000163,23.7956,0.172608,0.097680,0.206478,0.038876,0.003347,0.004512,0.014166,0.00015000
13,62,2.146579,0.000155,40.6810,0.173993,0.097813,0.354218,0.038356,0.002662,0.004296,0.011623,0.00015000
13,63,2.108804,0.000175,27.9251,0.173616,0.097571,0.229985,0.045250,0.003056,0.004064,0.011176,0.00015000
13,64,2.357720,0.000147,30.0954,0.172866,0.097891,0.287821,0.031535,0.002257,0.004041,0.010619,0.00015000
13,65,2.067733,0.000180,21.4488,0.172203,0.097416,0.189216,0.034283,0.002726,0.004693,0.023259,0.00015000
13,66,2.489384,0.000151,65.7964,0.175928,0.096855,0.481193,0.032246,0.002407,0.004839,0.018228,0.00015000
13,67,1.995876,0.000160,19.2591,0.175161,0.096249,0.177679,0.041989,0.004849,0.004650,0.019052,0.00015000
13,68,2.028389,0.000172,35.2064,0.176289,0.095782,0.284773,0.037755,0.003084,0.004488,0.016607,0.00015000
13,69,2.283678,0.000163,29.3393,0.175705,0.095859,0.272380,0.032099,0.003006,0.004280,0.015663,0.00015000
13,70,2.032983,0.000161,30.9916,0.175546,0.095918,0.255261,0.034041,0.002587,0.004169,0.015386,0.00015000
13,71,1.968650,0.000130,37.0392,0.175471,0.095559,0.340682,0.048799,0.001923,0.003676,0.011189,0.00015000
13,72,1.833099,0.000160,26.6025,0.174838,0.095708,0.212485,0.035764,0.002114,0.004288,0.012123,0.00015000
13,73,2.114641,0.000115,40.4101,0.175244,0.095211,0.374428,0.033940,0.003187,0.003646,0.012222,0.00015000
13,74,1.759599,0.000135,23.6286,0.174524,0.094632,0.209110,0.018014,0.002155,0.003280,0.010754,0.00015000
13,75,2.132330,0.000119,41.8336,0.175334,0.094243,0.361376,0.040920,0.001893,0.003163,0.011275,0.00015000
13,76,1.949510,0.000165,26.9860,0.175243,0.094063,0.236571,0.025483,0.002322,0.003622,0.011314,0.00015000
13,77,2.192133,0.000159,37.2191,0.175042,0.094030,0.305344,0.072486,0.001834,0.004135,0.023753,0.00015000
13,78,2.546752,0.000173,39.1105,0.174872,0.093799,0.347742,0.029366,0.002259,0.004455,0.019433,0.00015000
13,79,2.431427,0.000144,21.8477,0.174138,0.093804,0.199373,0.032234,0.002493,0.003706,0.016103,0.00015000
13,80,2.145190,0.000154,31.0654,0.173759,0.093279,0.263614,0.030210,0.002022,0.003708,0.015362,0.00015000
13,81,1.601636,0.000110,31.7167,0.174435,0.093638,0.284335,0.027178,0.001817,0.003343,0.013035,0.00015000
13,82,1.973561,0.000118,27.5226,0.174038,0.093882,0.233000,0.018305,0.002177,0.003339,0.012377,0.00015000
13,83,1.461827,0.000103,24.9901,0.173985,0.093710,0.226575,0.013679,0.001434,0.003342,0.011820,0.00015000
13,84,2.505805,0.000116,62.4209,0.175455,0.093858,0.509715,0.019862,0.001614,0.003602,0.009459,0.00015000
13,85,2.045798,0.000116,25.2243,0.174880,0.093515,0.216981,0.016574,0.002327,0.003295,0.009364,0.00015000
13,86,1.778909,0.000117,24.6351,0.174634,0.093643,0.233329,0.021804,0.001990,0.003728,0.009603,0.00015000
13,87,2.218712,0.000113,35.9667,0.174889,0.093565,0.278415,0.021090,0.003369,0.003495,0.009380,0.00015000
13,88,1.705259,0.000115,20.7272,0.174296,0.093286,0.191032,0.015517,0.001671,0.003260,0.009427,0.00015000
13,89,2.040681,0.000120,50.8153,0.175580,0.093385,0.408884,0.025715,0.002672,0.003172,0.009370,0.00015000
13,90,1.841873,0.000122,30.0647,0.175245,0.093217,0.258755,0.023222,0.002511,0.003416,0.009715,0.00015000
13,91,2.749580,0.000135,46.4357,0.175266,0.093377,0.410694,0.062874,0.002156,0.003802,0.016744,0.00015000
13,92,1.811957,0.000126,20.6187,0.174574,0.093097,0.181945,0.032964,0.002135,0.003385,0.011784,0.00015000
13,93,2.151241,0.000116,57.3343,0.176327,0.093272,0.477632,0.027265,0.001932,0.003483,0.010246,0.00015000
13,94,1.717064,0.000111,23.9125,0.175814,0.093015,0.227910,0.020408,0.001875,0.003035,0.009378,0.00015000
13,95,2.357415,0.000143,42.2267,0.175713,0.092511,0.335622,0.027630,0.002025,0.003103,0.010280,0.00015000
13,96,1.861508,0.000107,18.5095,0.175016,0.092606,0.170103,0.016354,0.001071,0.002999,0.008250,0.00015000
13,97,2.070814,0.000143,43.7136,0.175999,0.092228,0.368978,0.020018,0.002572,0.003314,0.012112,0.00015000
13,98,1.978108,0.000141,24.3645,0.175606,0.092166,0.225252,0.024298,0.002078,0.003259,0.010652,0.00015000
13,99,2.039233,0.000123,33.6817,0.175416,0.091931,0.260278,0.028772,0.000992,0.003497,0.009441,0.00015000
13,100,2.087082,0.000148,24.6425,0.174971,0.091780,0.228588,0.015059,0.001276,0.003721,0.009942,0.00015000
13,101,1.681999,0.000119,25.8379,0.174729,0.091995,0.209800,0.014190,0.001868,0.003022,0.009243,0.00015000
13,102,2.011983,0.000107,42.9908,0.175046,0.091746,0.398104,0.017420,0.001115,0.003027,0.008406,0.00015000
13,103,1.756955,0.000107,21.0496,0.174697,0.091944,0.180644,0.030214,0.001870,0.002780,0.007970,0.00015000
13,104,2.233379,0.000116,39.9696,0.175152,0.091779,0.354712,0.020734,0.001512,0.002914,0.008106,0.00015000
13,105,1.785150,0.000105,18.4658,0.174600,0.092128,0.165617,0.026534,0.001427,0.002774,0.007438,0.00015000
13,106,2.242774,0.000133,37.5443,0.175510,0.091948,0.306878,0.023220,0.002243,0.003527,0.009120,0.00015000
13,107,2.632868,0.000139,31.0348,0.175109,0.092234,0.285725,0.056144,0.002286,0.002926,0.008597,0.00015000
13,108,2.207518,0.000128,21.6486,0.174602,0.092091,0.200334,0.027462,0.003007,0.002995,0.008405,0.00015000
13,109,1.844185,0.000087,41.5091,0.175087,0.092638,0.327798,0.039455,0.001068,0.002636,0.006661,0.00015000
13,110,2.030762,0.000154,22.4865,0.174723,0.092448,0.189939,0.021147,0.000914,0.005097,0.010945,0.00015000
13,111,2.340561,0.000132,29.1353,0.174316,0.092278,0.259939,0.032593,0.002403,0.003883,0.009599,0.00015000
13,112,1.684181,0.000124,24.5803,0.173993,0.092385,0.198897,0.028085,0.001560,0.003821,0.008722,0.00015000
13,113,2.254477,0.000131,44.5618,0.174091,0.092727,0.391351,0.023714,0.001965,0.003967,0.009278,0.00015000
13,114,1.986773,0.000170,23.1910,0.173912,0.093105,0.198526,0.052683,0.002592,0.004742,0.011929,0.00015000
13,115,2.453956,0.000122,39.2798,0.173918,0.092935,0.343422,0.021588,0.002375,0.003631,0.008730,0.00015000
13,116,1.733587,0.000116,19.4154,0.173444,0.092932,0.176519,0.021246,0.002380,0.003713,0.008557,0.00015000
13,117,2.605979,0.000148,44.9853,0.174472,0.092831,0.366948,0.055994,0.004107,0.004007,0.012079,0.00015000
13,118,2.413046,0.000151,23.7386,0.174060,0.093085,0.220766,0.058115,0.004141,0.003648,0.011513,0.00015000
13,119,2.003057,0.000128,28.3493,0.174028,0.092972,0.227863,0.051533,0.002827,0.003444,0.010087,0.00015000
13,120,2.500457,0.000137,36.6710,0.173724,0.093328,0.346220,0.031590,0.004448,0.003502,0.011275,0.00015000
13,121,1.923178,0.000122,21.2136,0.173392,0.093500,0.177173,0.026817,0.004562,0.003389,0.010263,0.00015000
13,122,2.577902,0.000142,49.6278,0.174124,0.093589,0.448128,0.033493,0.004469,0.003500,0.010409,0.00015000
13,123,2.187740,0.000137,22.6879,0.173841,0.093500,0.188602,0.037284,0.002366,0.003667,0.011758,0.00015000
13,124,2.302315,0.000138,23.5762,0.173771,0.093688,0.210817,0.029497,0.002932,0.003311,0.010043,0.00015000
13,125,1.930990,0.000128,26.5715,0.173530,0.093866,0.232710,0.020918,0.003501,0.003277,0.008094,0.00015000
13,126,1.900143,0.000101,37.9657,0.173401,0.093848,0.298926,0.015362,0.001842,0.003225,0.007624,0.00015000
13,127,1.770861,0.000112,30.3842,0.173079,0.093915,0.273704,0.021041,0.002189,0.003258,0.007523,0.00015000
13,128,2.320046,0.000187,32.5349,0.172752,0.093882,0.276016,0.055887,0.004064,0.004074,0.011418,0.00015000
13,129,2.337559,0.000144,33.9142,0.173059,0.093794,0.277806,0.050069,0.002402,0.003628,0.009891,0.00015000
13,130,1.958676,0.000129,22.4565,0.172606,0.093639,0.212800,0.012678,0.003017,0.003465,0.011197,0.00015000
13,131,1.974864,0.000119,29.8218,0.172717,0.093705,0.255073,0.009747,0.002284,0.003499,0.009046,0.00015000
13,132,1.934415,0.000163,27.4651,0.172450,0.094059,0.224133,0.037578,0.001864,0.004117,0.011002,0.00015000
13,133,2.312306,0.000119,41.0038,0.172527,0.094184,0.367149,0.021002,0.001837,0.003507,0.008494,0.00015000
13,134,1.853590,0.000108,19.2939,0.172108,0.094040,0.170378,0.015972,0.001177,0.003264,0.008399,0.00015000
13,135,2.046762,0.000161,26.7793,0.172233,0.093999,0.240250,0.030487,0.001746,0.003677,0.012155,0.00015000
13,136,2.321132,0.000141,26.8184,0.171869,0.094013,0.222301,0.025679,0.002300,0.003514,0.010711,0.00015000
13,137,2.153387,0.000131,19.6093,0.171475,0.094279,0.178668,0.021075,0.002688,0.003599,0.010149,0.00015000
13,138,1.820084,0.000113,37.8074,0.172299,0.094394,0.319006,0.010766,0.001556,0.003277,0.009416,0.00015000
13,139,2.064552,0.000134,25.5247,0.171991,0.094541,0.221001,0.023737,0.002135,0.003478,0.011702,0.00015000
13,140,1.870126,0.000120,35.9043,0.172305,0.094411,0.295003,0.021401,0.001948,0.003337,0.009880,0.00015000
13,141,2.454439,0.000164,23.8659,0.171884,0.094192,0.222019,0.026512,0.002532,0.003803,0.013849,0.00015000
13,142,2.191670,0.000183,38.9387,0.171701,0.094364,0.312131,0.040389,0.001460,0.004007,0.014529,0.00015000
13,143,2.507581,0.000119,56.6351,0.172050,0.094155,0.497312,0.021198,0.002257,0.003374,0.011879,0.00015000
13,144,2.026466,0.000142,29.3897,0.171850,0.093866,0.263957,0.023895,0.006195,0.003244,0.012472,0.00015000
13,145,2.511698,0.000120,44.1025,0.171661,0.094120,0.368926,0.013780,0.001735,0.003200,0.010792,0.00015000
13,146,2.004597,0.000126,33.6573,0.171383,0.094534,0.278735,0.017988,0.002302,0.003300,0.011693,0.00015000
13,147,2.523395,0.000107,69.9380,0.171834,0.094608,0.611687,0.020568,0.001916,0.003271,0.009676,0.00015000
13,148,2.078407,0.000101,39.0136,0.171561,0.094492,0.353616,0.010643,0.001033,0.003229,0.009029,0.00015000
13,149,2.182961,0.000127,41.3484,0.171408,0.094624,0.339081,0.028591,0.001697,0.003758,0.010395,0.00015000
13,150,1.788989,0.000109,19.9901,0.171150,0.094627,0.168532,0.017716,0.001478,0.003308,0.008356,0.00015000
13,151,2.589559,0.000114,44.8372,0.171693,0.094612,0.400643,0.026479,0.001811,0.003354,0.008841,0.00015000
13,152,2.150896,0.000117,25.0797,0.171534,0.094608,0.223597,0.014204,0.001961,0.003369,0.009040,0.00015000
13,153,2.058215,0.000126,35.2323,0.171553,0.094658,0.284754,0.013875,0.002016,0.003357,0.008522,0.00015000
13,154,2.088070,0.000129,31.9961,0.171391,0.094636,0.294554,0.018149,0.001469,0.003609,0.008379,0.00015000
13,155,1.835513,0.000147,28.8910,0.171285,0.094407,0.260896,0.019705,0.001903,0.003848,0.010722,0.00015000
13,156,2.255038,0.000118,45.5887,0.171412,0.094232,0.368287,0.036056,0.002574,0.003469,0.009022,0.00015000
13,157,2.142778,0.000147,21.9047,0.171221,0.094409,0.203403,0.028267,0.002253,0.003724,0.009675,0.00015000
13,158,2.109141,0.000129,30.5137,0.171152,0.094417,0.245135,0.041935,0.004303,0.004083,0.009920,0.00015000
13,159,2.206556,0.000139,36.0924,0.171122,0.094295,0.334763,0.058045,0.004596,0.003649,0.009508,0.00015000
13,160,2.143654,0.000144,36.0567,0.171126,0.094053,0.302102,0.034172,0.005151,0.003620,0.010390,0.00015000
13,161,2.195831,0.000137,21.2253,0.170832,0.094033,0.203821,0.019753,0.002824,0.003410,0.010254,0.00015000
13,162,2.252849,0.000119,23.3341,0.170541,0.094079,0.189369,0.015386,0.002068,0.003002,0.009497,0.00015000
13,163,1.991367,0.000147,26.7992,0.170362,0.094094,0.245356,0.040838,0.003110,0.003453,0.010300,0.00015000
13,164,2.101586,0.000114,54.7338,0.170611,0.093893,0.427598,0.013276,0.001788,0.003091,0.008727,0.00015000
13,165,1.795497,0.000137,21.1768,0.170326,0.094017,0.184863,0.017563,0.002431,0.003236,0.009012,0.00015000
13,166,2.394711,0.000148,54.9623,0.170465,0.094020,0.479020,0.017628,0.002212,0.003116,0.009381,0.00015000
13,167,1.872660,0.000129,25.2636,0.170361,0.094134,0.239042,0.031434,0.000905,0.003194,0.008937,0.00015000
13,168,2.713977,0.000192,42.7965,0.170337,0.094032,0.322453,0.098773,0.002551,0.004610,0.018098,0.00015000
13,169,2.107956,0.000135,23.9607,0.170099,0.094051,0.224334,0.041173,0.002226,0.003360,0.008492,0.00015000
13,170,2.370637,0.000148,36.2582,0.170745,0.094115,0.295543,0.047829,0.002964,0.003692,0.009322,0.00015000
13,171,1.927805,0.000149,21.1665,0.170429,0.094033,0.182306,0.031904,0.002797,0.003445,0.008560,0.00015000
13,172,1.776122,0.000116,37.0017,0.170960,0.094100,0.314290,0.019780,0.002388,0.002886,0.007585,0.00015000
13,173,2.079653,0.000152,32.1350,0.170809,0.094129,0.264186,0.026340,0.002470,0.003685,0.009516,0.00015000
13,174,2.344730,0.000211,40.1800,0.170881,0.094259,0.351023,0.118749,0.002395,0.004318,0.012101,0.00015000
13,175,2.272536,0.000128,38.1621,0.171280,0.094076,0.324062,0.063580,0.003828,0.003475,0.011301,0.00015000
13,176,1.879303,0.000124,19.9576,0.171017,0.093944,0.185541,0.024854,0.002968,0.003251,0.009003,0.00015000
13,177,2.120855,0.000132,26.4376,0.170913,0.093718,0.220483,0.030622,0.002237,0.003236,0.010382,0.00015000
13,178,2.135093,0.000138,39.5576,0.171046,0.093655,0.346136,0.029336,0.003465,0.003365,0.009550,0.00015000
13,179,1.796781,0.000102,24.3236,0.170777,0.093702,0.202033,0.011933,0.002110,0.002937,0.008395,0.00015000
13,180,1.664301,0.000106,29.4509,0.170802,0.093667,0.273773,0.034962,0.002458,0.002838,0.008300,0.00015000
13,181,2.190675,0.000135,55.5940,0.171488,0.093754,0.446870,0.033330,0.002827,0.003394,0.010463,0.00015000
13,182,2.134988,0.000117,21.0861,0.171248,0.093931,0.200884,0.034539,0.002648,0.003114,0.009396,0.00015000
13,183,1.892840,0.000118,20.8118,0.171145,0.094044,0.184932,0.029317,0.001998,0.003178,0.009228,0.00015000
13,184,2.298287,0.000135,32.0372,0.171326,0.094161,0.282107,0.019219,0.002736,0.003327,0.008737,0.00015000
13,185,1.926123,0.000124,24.5904,0.171075,0.094166,0.208011,0.022945,0.002550,0.003144,0.009668,0.00015000
13,186,1.643697,0.000111,28.9395,0.170942,0.094264,0.270349,0.025401,0.000980,0.003093,0.007648,0.00015000
13,187,2.136280,0.000142,48.3224,0.171363,0.094551,0.393502,0.032990,0.002234,0.003353,0.010839,0.00015000
13,188,1.911477,0.000132,23.3257,0.171129,0.094534,0.212968,0.014968,0.002105,0.003307,0.009117,0.00015000
13,189,1.783247,0.000121,38.5982,0.171532,0.094611,0.322461,0.015958,0.002191,0.003238,0.008949,0.00015000
13,190,2.089311,0.000164,44.2052,0.171616,0.094569,0.389076,0.026223,0.001785,0.003895,0.011265,0.00015000
13,191,1.861109,0.000104,26.2477,0.171458,0.094562,0.232560,0.013387,0.001691,0.002962,0.007376,0.00015000
13,192,1.621066,0.000121,27.7160,0.171583,0.094546,0.240432,0.016303,0.001358,0.003429,0.009606,0.00015000
13,193,2.820447,0.000102,39.8729,0.171590,0.094603,0.334264,0.029246,0.001397,0.003030,0.010369,0.00015000
13,194,2.020744,0.000127,23.9070,0.171440,0.094634,0.212159,0.020488,0.001886,0.003378,0.009527,0.00015000
13,195,2.166659,0.000134,44.8849,0.171988,0.094589,0.378889,0.026267,0.001670,0.003607,0.009274,0.00015000
13,196,1.652439,0.000106,19.7905,0.171688,0.094689,0.167931,0.019120,0.001020,0.003160,0.008564,0.00015000
13,197,2.160368,0.000107,53.7383,0.172254,0.094831,0.456387,0.018135,0.001382,0.003093,0.008806,0.00015000
13,198,1.918942,0.000115,20.6595,0.172021,0.094793,0.177450,0.010397,0.001118,0.003325,0.009405,0.00015000
13,199,2.181779,0.000122,22.1986,0.171806,0.094604,0.183352,0.012882,0.001170,0.003129,0.008631,0.00015000
13,200,2.461969,0.000122,47.8476,0.171889,0.094511,0.432767,0.011618,0.000954,0.003965,0.010916,0.00015000
13,201,2.018830,0.000152,23.8618,0.171648,0.094498,0.217626,0.016177,0.001535,0.003744,0.010643,0.00015000
13,202,2.056032,0.000136,30.9660,0.171637,0.094553,0.254346,0.018473,0.001600,0.003955,0.009920,0.00015000
13,203,1.858591,0.000125,25.4828,0.171465,0.094379,0.244171,0.035325,0.002008,0.003841,0.010717,0.00015000
13,204,1.879611,0.000128,40.9030,0.171551,0.094284,0.323166,0.014881,0.001452,0.003836,0.009260,0.00015000
13,205,1.833957,0.000154,25.4063,0.171400,0.094278,0.241098,0.025115,0.001801,0.004294,0.011154,0.00015000
13,206,2.002295,0.000148,31.2055,0.171320,0.094414,0.252814,0.040723,0.001710,0.004127,0.012856,0.00015000
13,207,2.121099,0.000153,30.8989,0.171291,0.094352,0.274638,0.071448,0.002920,0.003888,0.013658,0.00015000
13,208,1.836401,0.000113,30.3131,0.171080,0.094469,0.256211,0.030654,0.002194,0.003470,0.010112,0.00015000
13,209,2.052382,0.000161,31.6776,0.171253,0.094534,0.272539,0.048947,0.002961,0.003847,0.013527,0.00015000
13,210,2.415995,0.000205,21.3807,0.171052,0.094476,0.193627,0.060220,0.002590,0.004498,0.016251,0.00015000
13,211,2.372969,0.000151,33.5095,0.171128,0.094351,0.272440,0.047784,0.003117,0.004239,0.013351,0.00015000
13,212,1.787591,0.000123,21.9909,0.170954,0.094392,0.201056,0.032329,0.002482,0.003500,0.011144,0.00015000
13,213,2.012468,0.000128,44.1973,0.171011,0.094319,0.351091,0.027968,0.001630,0.003832,0.018403,0.00015000
13,214,1.966475,0.000133,23.8912,0.170826,0.094319,0.223904,0.026759,0.002222,0.003444,0.014636,0.00015000
13,215,1.885178,0.000145,35.3957,0.170984,0.094275,0.276984,0.014391,0.002612,0.003384,0.012763,0.00015000
13,216,2.012764,0.000118,28.0905,0.170849,0.094119,0.267085,0.016778,0.001422,0.003186,0.012439,0.00015000
13,217,1.987129,0.000117,25.5741,0.170693,0.094184,0.209970,0.015588,0.002136,0.003158,0.010466,0.00015000
13,218,1.810640,0.000126,29.4042,0.170766,0.094177,0.273918,0.015417,0.001902,0.002987,0.010410,0.00015000
13,219,2.146539,0.000163,48.7031,0.171042,0.094220,0.385238,0.023366,0.001389,0.003626,0.012724,0.00015000
13,220,1.878302,0.000112,23.2764,0.170775,0.094439,0.209928,0.029961,0.001506,0.003085,0.010046,0.00015000
13,221,1.945335,0.000147,34.1927,0.170911,0.094445,0.306936,0.019508,0.001784,0.003468,0.010506,0.00015000
13,222,2.049560,0.000131,31.7966,0.170867,0.094693,0.260675,0.016623,0.002220,0.003296,0.009431,0.00015000
13,223,2.151460,0.000150,29.6266,0.170653,0.094477,0.275295,0.065659,0.001996,0.003749,0.010570,0.00015000
13,224,1.941822,0.000120,31.8612,0.170996,0.094662,0.268177,0.019711,0.001649,0.003157,0.009426,0.00015000
13,225,2.110504,0.000119,24.4801,0.170811,0.094797,0.229215,0.057888,0.001342,0.003040,0.009939,0.00015000
13,226,2.575108,0.000164,26.1277,0.170650,0.094674,0.228905,0.021526,0.001524,0.003940,0.009236,0.00015000
13,227,2.020267,0.000110,26.7718,0.170479,0.094490,0.224670,0.019120,0.001744,0.003220,0.008321,0.00015000
13,228,1.817468,0.000122,37.8162,0.170625,0.094520,0.356927,0.012711,0.001542,0.003697,0.009054,0.00015000
13,229,2.457951,0.000175,30.3009,0.170479,0.094591,0.243266,0.050513,0.003167,0.003758,0.010865,0.00015000
13,230,2.274907,0.000185,22.0472,0.170264,0.094610,0.195632,0.041428,0.003476,0.003936,0.011040,0.00015000
13,231,1.912346,0.000131,45.5068,0.170632,0.094723,0.368154,0.016652,0.002513,0.003359,0.008503,0.00015000
13,232,1.774789,0.000109,28.1992,0.170486,0.094762,0.261997,0.036449,0.001403,0.003568,0.008288,0.00015000
13,233,2.057689,0.000165,34.9775,0.170545,0.094897,0.311105,0.028949,0.006362,0.004123,0.012806,0.00015000
13,234,2.128986,0.000122,27.7682,0.170499,0.094821,0.232831,0.017844,0.002648,0.002947,0.009321,0.00015000
13,235,1.627153,0.000102,19.1558,0.170271,0.094620,0.176744,0.019733,0.002140,0.002989,0.008648,0.00015000
13,236,2.107165,0.000115,47.3097,0.170625,0.094578,0.387529,0.017260,0.002123,0.002929,0.008636,0.00015000
13,237,1.868936,0.000113,23.2404,0.170449,0.094493,0.192805,0.017474,0.002023,0.002919,0.008761,0.00015000
13,238,2.284624,0.000097,42.7938,0.170357,0.094597,0.401787,0.012168,0.001617,0.002698,0.007673,0.00015000
13,239,2.291807,0.000171,28.4472,0.170234,0.094652,0.228257,0.026651,0.002622,0.003528,0.011288,0.00015000
13,240,2.508656,0.000131,31.1646,0.170152,0.094479,0.283144,0.025171,0.002186,0.003103,0.009494,0.00015000
13,241,1.707154,0.000139,20.2967,0.169981,0.094521,0.180813,0.030814,0.001897,0.003389,0.010025,0.00015000
13,242,2.972624,0.000157,66.2152,0.170514,0.094400,0.527275,0.037260,0.001881,0.003346,0.009946,0.00015000
13,243,1.889500,0.000140,22.4025,0.170323,0.094481,0.190985,0.028950,0.002141,0.003224,0.008564,0.00015000
13,244,2.390899,0.000125,42.3050,0.170358,0.094559,0.396173,0.022342,0.002601,0.002900,0.008193,0.00015000
13,245,2.446790,0.000156,20.9833,0.170139,0.094484,0.185600,0.050863,0.002673,0.003322,0.012247,0.00015000
13,246,2.035797,0.000170,29.6330,0.170329,0.094505,0.247416,0.040139,0.003565,0.003753,0.013042,0.00015000
13,247,2.306574,0.000148,25.2526,0.170196,0.094474,0.229243,0.021146,0.003570,0.003482,0.011468,0.00015000
13,248,2.047219,0.000154,28.2716,0.170134,0.094312,0.231352,0.030575,0.002448,0.003643,0.011014,0.00015000
13,249,2.111115,0.000141,48.7904,0.170385,0.094231,0.433814,0.026349,0.002653,0.003391,0.009910,0.00015000
13,250,1.875233,0.000149,24.8270,0.170253,0.094377,0.210528,0.021193,0.002996,0.003481,0.010259,0.00015000
13,251,2.416651,0.000189,28.9161,0.170205,0.094440,0.257468,0.034430,0.001794,0.004540,0.014935,0.00015000
13,252,2.247169,0.000149,27.7924,0.170152,0.094310,0.241223,0.035135,0.002745,0.003694,0.010177,0.00015000
13,253,1.944679,0.000137,27.4329,0.169983,0.094182,0.239134,0.021845,0.002352,0.003663,0.009364,0.00015000
13,254,1.956388,0.000139,33.4588,0.170035,0.094252,0.284812,0.025106,0.002179,0.003611,0.009752,0.00015000
13,255,2.093415,0.000132,31.2520,0.170050,0.094312,0.274771,0.015828,0.001946,0.003533,0.008508,0.00015000
13,256,1.661535,0.000113,19.3202,0.169807,0.094372,0.171056,0.021661,0.001844,0.003315,0.008932,0.00015000
13,257,1.696139,0.000102,44.3420,0.170184,0.094295,0.386367,0.019065,0.001330,0.002863,0.006815,0.00015000
13,258,1.733703,0.000128,30.0108,0.170088,0.094310,0.238985,0.034893,0.001054,0.004186,0.010256,0.00015000
13,259,2.513434,0.000170,29.0612,0.170037,0.094264,0.265616,0.048580,0.002063,0.004052,0.012166,0.00015000
13,260,2.134029,0.000159,24.3421,0.170009,0.094267,0.219157,0.044357,0.003152,0.004141,0.013201,0.00015000
13,261,2.833011,0.000150,35.3038,0.169960,0.094087,0.274948,0.038772,0.001808,0.004033,0.011135,0.00015000
13,262,2.217011,0.000163,31.0847,0.169862,0.093996,0.269956,0.050249,0.003904,0.004351,0.012712,0.00015000
13,263,2.611860,0.000116,41.9179,0.169847,0.093954,0.371621,0.021514,0.001474,0.003795,0.010002,0.00015000
13,264,2.131966,0.000166,26.4498,0.169778,0.093949,0.233446,0.062176,0.001959,0.004624,0.013268,0.00015000
13,265,2.516854,0.000180,41.4302,0.169822,0.094035,0.348716,0.028366,0.002913,0.004698,0.010726,0.00015000
13,266,1.998949,0.000139,19.8162,0.169620,0.094361,0.175621,0.031420,0.001875,0.003615,0.008966,0.00015000
13,267,2.475604,0.000134,38.7557,0.169720,0.094461,0.346339,0.023060,0.002541,0.003726,0.009094,0.00015000
13,268,1.930108,0.000110,21.4564,0.169525,0.094368,0.199804,0.025070,0.001630,0.003243,0.007258,0.00015000
13,269,2.195585,0.000124,38.5528,0.170000,0.094365,0.309915,0.018253,0.001758,0.003318,0.007295,0.00015000
13,270,2.102562,0.000099,25.8278,0.169832,0.094380,0.214985,0.027469,0.001775,0.003080,0.007260,0.00015000
13,271,1.930313,0.000151,22.9526,0.169732,0.094267,0.219312,0.042344,0.001806,0.003748,0.014315,0.00015000
13,272,2.302161,0.000186,52.6600,0.170266,0.094245,0.398700,0.100360,0.002329,0.005026,0.015259,0.00015000
13,273,2.706211,0.000275,31.3044,0.170227,0.094357,0.292002,0.111034,0.003656,0.007311,0.024172,0.00015000
13,274,2.632302,0.000181,43.9546,0.170174,0.094384,0.352220,0.056727,0.002430,0.004793,0.017590,0.00015000
13,275,2.835204,0.000257,26.3882,0.170097,0.094275,0.242436,0.100461,0.004237,0.006516,0.024458,0.00015000
13,276,2.722942,0.000263,38.0217,0.170230,0.094165,0.313946,0.092238,0.004159,0.006819,0.021061,0.00015000
13,277,2.404928,0.000184,34.5525,0.170120,0.094225,0.300433,0.039839,0.002078,0.003931,0.014664,0.00015000
13,278,1.840677,0.000125,28.3380,0.169977,0.094223,0.217764,0.065352,0.001452,0.003260,0.012017,0.00015000
13,279,2.224917,0.000120,51.9230,0.170130,0.094208,0.451337,0.044040,0.002652,0.003126,0.011920,0.00015000
13,280,1.783721,0.000137,20.6856,0.169959,0.094205,0.195389,0.030695,0.001640,0.003315,0.011135,0.00015000
13,281,2.311234,0.000132,52.6828,0.170174,0.094307,0.417753,0.037305,0.002227,0.003211,0.010489,0.00015000
13,282,1.817788,0.000127,19.5949,0.169978,0.094331,0.180008,0.033556,0.002859,0.003148,0.009817,0.00015000
13,283,2.090956,0.000098,55.5008,0.170661,0.094243,0.451002,0.019285,0.001070,0.002694,0.008305,0.00015000
13,284,1.953804,0.000115,27.2161,0.170519,0.094231,0.229046,0.030015,0.001469,0.003512,0.010449,0.00015000
13,285,2.269180,0.000141,32.4626,0.170377,0.094188,0.284833,0.039109,0.002154,0.003606,0.010778,0.00015000
13,286,1.597468,0.000106,22.3839,0.170187,0.094131,0.188044,0.027902,0.001752,0.003291,0.010206,0.00015000
13,287,2.377502,0.000111,70.4837,0.171033,0.094157,0.541961,0.023513,0.001681,0.003211,0.009623,0.00015000
13,288,1.609797,0.000111,23.8707,0.170926,0.094086,0.221995,0.019971,0.001448,0.003101,0.009701,0.00015000
13,289,2.405747,0.000142,35.9592,0.170893,0.094165,0.278466,0.044830,0.003629,0.003208,0.010176,0.00015000
13,290,2.014712,0.000195,29.2788,0.170807,0.094281,0.240802,0.062040,0.000939,0.004243,0.014192,0.00015000
13,291,3.363158,0.000129,89.4692,0.171258,0.094363,0.676126,0.035041,0.003348,0.003183,0.010751,0.00015000
13,292,2.500095,0.000138,52.4682,0.171632,0.094246,0.445771,0.036895,0.005173,0.003095,0.010617,0.00015000
13,293,2.302263,0.000126,30.9810,0.171574,0.094331,0.249514,0.047753,0.002554,0.003308,0.011300,0.00015000
13,294,1.901874,0.000112,20.4117,0.171429,0.094392,0.185136,0.033488,0.002550,0.003029,0.009800,0.00015000
13,295,2.230214,0.000122,60.0142,0.171929,0.094510,0.464763,0.027533,0.002408,0.003084,0.010729,0.00015000
13,296,1.830586,0.000131,20.1073,0.171842,0.094407,0.176307,0.045560,0.002516,0.003097,0.011586,0.00015000
14,1,2.739227,0.000181,35.6961,0.149392,0.141934,0.323046,0.054973,0.003223,0.004653,0.016324,0.00009260
14,2,2.237078,0.000166,27.7004,0.141660,0.133883,0.261525,0.052561,0.002853,0.004210,0.015178,0.00009260
14,3,1.916089,0.000161,29.0740,0.154114,0.118255,0.236666,0.039935,0.002496,0.003976,0.012953,0.00009260
14,4,2.049133,0.000157,27.4580,0.156955,0.102463,0.240502,0.034989,0.002621,0.003618,0.012562,0.00009260
14,5,1.857818,0.000152,28.2899,0.156930,0.094058,0.257481,0.034489,0.002325,0.003682,0.012488,0.00009260
14,6,1.858405,0.000155,28.7722,0.158830,0.094212,0.243615,0.033372,0.002402,0.003599,0.011561,0.00009260
14,7,1.744343,0.000148,27.6355,0.157658,0.094552,0.223147,0.029299,0.002433,0.003285,0.011210,0.00009260
14,8,1.867160,0.000154,28.9419,0.159099,0.093964,0.271296,0.029058,0.002399,0.003310,0.011178,0.00009260
14,9,1.797568,0.000151,24.5667,0.158526,0.097603,0.201496,0.025713,0.002530,0.003347,0.010772,0.00009260
14,10,1.878086,0.000152,31.2976,0.159705,0.097679,0.289140,0.018432,0.002129,0.003254,0.010501,0.00009260
14,11,1.683842,0.000151,23.4921,0.158520,0.094281,0.195231,0.018038,0.002268,0.003311,0.010798,0.00009260
14,12,1.751773,0.000137,35.4109,0.164096,0.095680,0.323509,0.015190,0.001956,0.003114,0.009432,0.00009260
14,13,1.915492,0.000146,27.5040,0.164419,0.094448,0.239664,0.041796,0.002012,0.003045,0.010985,0.00009260
14,14,1.873771,0.000136,26.4195,0.162473,0.095949,0.230627,0.035024,0.001982,0.003178,0.010876,0.00009260
14,15,1.678722,0.000134,25.6492,0.163304,0.097293,0.232521,0.025660,0.002148,0.003044,0.010174,0.00009260
14,16,1.808060,0.000130,29.1646,0.163819,0.097746,0.252963,0.024170,0.002069,0.002998,0.009233,0.00009260
14,17,1.650028,0.000129,26.7395,0.164515,0.099347,0.226360,0.027403,0.002324,0.003082,0.009094,0.00009260
14,18,1.753995,0.000129,26.1180,0.163378,0.098498,0.244443,0.019897,0.001921,0.003038,0.008883,0.00009260
14,19,1.725808,0.000132,26.3158,0.165296,0.099271,0.228575,0.058165,0.002356,0.003657,0.012719,0.00009260
14,20,2.098704,0.000138,24.2715,0.165142,0.098588,0.204648,0.057207,0.002330,0.003285,0.013476,0.00009260
14,21,1.765276,0.000111,24.2214,0.163658,0.099979,0.221511,0.040111,0.002579,0.003101,0.010545,0.00009260
14,22,1.757728,0.000119,33.5156,0.166216,0.100612,0.270709,0.028686,0.002069,0.003104,0.010576,0.00009260
14,23,1.779189,0.000128,27.2403,0.165450,0.100706,0.245170,0.029140,0.002457,0.003501,0.011188,0.00009260
14,24,2.276911,0.000142,35.7332,0.165992,0.101844,0.313091,0.030538,0.002794,0.003503,0.011826,0.00009260
14,25,1.625685,0.000105,22.2182,0.165130,0.103185,0.190827,0.033052,0.001826,0.003453,0.010089,0.00009260
14,26,2.469132,0.000151,48.1405,0.166147,0.103511,0.427578,0.028484,0.003242,0.003619,0.012816,0.00009260
14,27,1.947329,0.000171,27.2488,0.165803,0.103619,0.241714,0.028949,0.002307,0.003966,0.012784,0.00009260
14,28,1.920514,0.000140,31.4775,0.165471,0.104519,0.260364,0.026367,0.002262,0.003413,0.010556,0.00009260
14,29,1.640427,0.000139,21.5603,0.164262,0.104625,0.190003,0.021172,0.002105,0.003500,0.010269,0.00009260
14,30,1.963629,0.000136,46.0403,0.167582,0.104534,0.390716,0.018105,0.002271,0.003252,0.009938,0.00009260
14,31,1.655852,0.000141,27.2645,0.168765,0.104058,0.239929,0.016728,0.002413,0.003263,0.010432,0.00009260
14,32,2.330475,0.000161,40.9149,0.168091,0.104419,0.334350,0.019312,0.002242,0.003527,0.010476,0.00009260
14,33,1.903123,0.000143,26.7114,0.167229,0.104237,0.226354,0.081028,0.001606,0.003424,0.011817,0.00009260
14,34,1.951667,0.000135,40.3494,0.168249,0.104650,0.368998,0.049182,0.001973,0.003347,0.009936,0.00009260
14,35,1.690195,0.000141,28.1281,0.168854,0.104013,0.242840,0.041295,0.002735,0.003255,0.010304,0.00009260
14,36,2.025362,0.000127,35.7985,0.168176,0.104385,0.293920,0.024907,0.001925,0.003291,0.009600,0.00009260
14,37,1.729273,0.000121,23.5600,0.166959,0.104409,0.199915,0.025618,0.002067,0.003336,0.009686,0.00009260
14,38,1.792425,0.000114,38.4289,0.168199,0.104185,0.339221,0.028893,0.001605,0.003218,0.009562,0.00009260
14,39,1.667519,0.000150,24.2262,0.168258,0.104375,0.217086,0.040106,0.002412,0.003168,0.010791,0.00009260
14,40,2.097047,0.000129,42.8975,0.168242,0.103461,0.341226,0.030924,0.001822,0.003027,0.009649,0.00009260
14,41,1.908134,0.000135,30.8359,0.167525,0.103590,0.260756,0.027492,0.002350,0.003212,0.010168,0.00009260
14,42,1.761290,0.000135,27.8192,0.166805,0.102903,0.253600,0.023912,0.002275,0.003226,0.010181,0.00009260
14,43,1.684411,0.000140,34.4390,0.168530,0.102426,0.282661,0.019765,0.002313,0.003408,0.010721,0.00009260
14,44,1.884348,0.000142,33.1762,0.168000,0.103770,0.294762,0.021977,0.001981,0.003196,0.010202,0.00009260
14,45,1.697478,0.000141,21.4934,0.167008,0.103524,0.173735,0.035673,0.001333,0.003888,0.010707,0.00009260
14,46,1.898591,0.000131,47.0958,0.170365,0.103114,0.403611,0.034274,0.001521,0.003461,0.011106,0.00009260
14,47,1.671585,0.000134,24.1722,0.170215,0.103305,0.205547,0.030897,0.002440,0.003725,0.010662,0.00009260
14,48,2.393945,0.000120,36.0079,0.169854,0.103006,0.329756,0.030811,0.001697,0.003601,0.009311,0.00009260
14,49,2.212936,0.000148,27.0421,0.169184,0.102592,0.254087,0.055448,0.002592,0.003757,0.011322,0.00009260
14,50,1.548583,0.000109,28.3159,0.169005,0.102740,0.223841,0.020583,0.001582,0.003099,0.008684,0.00009260
14,51,1.758367,0.000114,38.8163,0.170066,0.102467,0.356839,0.047038,0.001672,0.003478,0.010476,0.00009260
14,52,1.652904,0.000133,19.6002,0.169352,0.103264,0.172051,0.038151,0.003831,0.003327,0.009426,0.00009260
14,53,2.013931,0.000119,26.4886,0.169890,0.103335,0.230498,0.020662,0.003197,0.003124,0.008732,0.00009260
14,54,1.707938,0.000148,19.3579,0.169206,0.103447,0.176604,0.040587,0.002143,0.003552,0.009866,0.00009260
14,55,1.558112,0.000133,26.3846,0.169839,0.103983,0.224329,0.016406,0.002335,0.003298,0.009547,0.00009260
14,56,1.652304,0.000132,25.4417,0.169360,0.104087,0.244493,0.017377,0.002251,0.003109,0.009341,0.00009260
14,57,1.777984,0.000149,34.1447,0.169520,0.104150,0.268194,0.021781,0.001852,0.003505,0.010185,0.00009260
14,58,1.575868,0.000121,31.9944,0.170625,0.103848,0.271796,0.012727,0.001287,0.003222,0.008130,0.00009260
14,59,2.317075,0.000215,25.5641,0.169976,0.104150,0.237788,0.039054,0.002309,0.005433,0.015290,0.00009260
14,60,2.001657,0.000183,26.6683,0.169896,0.104311,0.228334,0.030707,0.002617,0.004311,0.011741,0.00009260
14,61,1.811953,0.000138,34.4348,0.171428,0.103977,0.301686,0.027944,0.002044,0.003798,0.010690,0.00009260
14,62,1.722852,0.000147,21.7218,0.171063,0.103573,0.201064,0.025439,0.002570,0.003851,0.011143,0.00009260
14,63,1.902393,0.000168,29.8166,0.171538,0.103447,0.242896,0.033343,0.002872,0.003897,0.010221,0.00009260
14,64,1.787253,0.000143,28.5346,0.171993,0.102961,0.264119,0.028974,0.002078,0.003722,0.009562,0.00009260
14,65,2.068762,0.000177,23.3335,0.171339,0.102254,0.206168,0.029437,0.002837,0.004369,0.022294,0.00009260
14,66,1.871453,0.000151,28.7058,0.171098,0.102274,0.239685,0.025275,0.002549,0.004189,0.019174,0.00009260
14,67,1.980163,0.000150,30.9359,0.171585,0.101778,0.275895,0.035836,0.004249,0.004533,0.017870,0.00009260
14,68,1.892674,0.000169,22.2411,0.171159,0.101517,0.200262,0.029267,0.003287,0.004479,0.016490,0.00009260
14,69,1.933065,0.000155,26.5630,0.171121,0.101410,0.221785,0.024757,0.002974,0.004213,0.014910,0.00009260
14,70,1.758809,0.000158,24.4655,0.170886,0.101335,0.211575,0.031976,0.002963,0.003978,0.015008,0.00009260
14,71,1.846320,0.000115,36.3108,0.170780,0.100858,0.297697,0.023622,0.001759,0.003350,0.009822,0.00009260
14,72,1.868050,0.000156,24.8158,0.170760,0.100749,0.201842,0.031532,0.002180,0.003802,0.010824,0.00009260
14,73,1.994577,0.000110,28.8101,0.170253,0.100395,0.272572,0.042683,0.001968,0.003347,0.010520,0.00009260
14,74,1.598309,0.000123,22.0301,0.169720,0.100132,0.199645,0.016036,0.002206,0.003095,0.009903,0.00009260
14,75,2.014427,0.000112,37.4058,0.170904,0.099805,0.301541,0.030360,0.002103,0.003052,0.011185,0.00009260
14,76,1.744156,0.000153,23.0849,0.170782,0.099847,0.191148,0.011264,0.002687,0.003626,0.010802,0.00009260
14,77,2.143763,0.000141,22.5910,0.170308,0.099687,0.209385,0.036036,0.001302,0.003806,0.020287,0.00009260
14,78,1.828649,0.000157,26.3286,0.170033,0.099590,0.242719,0.029009,0.002717,0.004150,0.017328,0.00009260
14,79,1.837531,0.000151,39.9085,0.170749,0.099654,0.317667,0.028555,0.003775,0.003651,0.012297,0.00009260
14,80,1.766587,0.000156,24.0058,0.170628,0.099456,0.206457,0.015839,0.002928,0.003675,0.011805,0.00009260
14,81,2.036601,0.000109,44.5986,0.171134,0.100058,0.403472,0.013844,0.002118,0.003255,0.009694,0.00009260
14,82,1.499015,0.000116,19.4138,0.170578,0.100092,0.181022,0.017132,0.002285,0.003250,0.010277,0.00009260
14,83,2.048434,0.000098,63.1541,0.172600,0.099959,0.525472,0.012017,0.001588,0.003151,0.009577,0.00009260
14,84,1.717122,0.000129,31.1750,0.172513,0.100069,0.263753,0.029837,0.001381,0.003802,0.010772,0.00009260
14,85,1.877150,0.000111,31.8060,0.171983,0.100090,0.293547,0.018809,0.001846,0.002955,0.009253,0.00009260
14,86,1.485234,0.000112,22.5695,0.171792,0.099952,0.206609,0.013997,0.001842,0.003368,0.008515,0.00009260
14,87,2.203221,0.000105,36.4557,0.171394,0.100137,0.307704,0.013362,0.002011,0.003259,0.008479,0.00009260
14,88,1.684895,0.000111,28.0698,0.171135,0.100230,0.237105,0.013884,0.001680,0.003271,0.008657,0.00009260
14,89,1.982189,0.000115,35.0857,0.171263,0.099776,0.320353,0.016943,0.002534,0.003136,0.008705,0.00009260
14,90,1.509439,0.000115,19.7166,0.170784,0.099331,0.179608,0.020551,0.002359,0.003201,0.009252,0.00009260
14,91,2.034026,0.000127,43.0241,0.171634,0.099494,0.356862,0.053007,0.001716,0.003505,0.014887,0.00009260
14,92,1.541916,0.000117,27.6207,0.171821,0.099763,0.224135,0.027533,0.001891,0.003263,0.011094,0.00009260
14,93,1.985380,0.000114,27.9392,0.171306,0.099705,0.251311,0.025102,0.001861,0.003318,0.009834,0.00009260
14,94,1.647827,0.000107,23.6389,0.170912,0.099726,0.229371,0.020048,0.001740,0.002819,0.008903,0.00009260
14,95,1.784977,0.000138,35.2729,0.171380,0.099799,0.279088,0.026589,0.001973,0.003091,0.010972,0.00009260
14,96,1.473010,0.000106,21.6702,0.171299,0.099704,0.190846,0.012860,0.001053,0.002906,0.007947,0.00009260
14,97,2.029051,0.000128,28.4771,0.171293,0.099506,0.263850,0.016927,0.002161,0.002993,0.011345,0.00009260
14,98,1.768622,0.000136,24.3692,0.170950,0.099561,0.231869,0.016672,0.001946,0.003070,0.009608,0.00009260
14,99,1.830980,0.000121,40.7061,0.171729,0.099286,0.325600,0.029140,0.001117,0.003387,0.008964,0.00009260
14,100,1.626556,0.000147,21.4105,0.171531,0.099240,0.191915,0.026659,0.001173,0.003644,0.009198,0.00009260
14,101,1.784593,0.000116,29.2746,0.172069,0.099042,0.248923,0.017043,0.001842,0.002914,0.008960,0.00009260
14,102,1.529622,0.000101,22.1979,0.171771,0.099030,0.199913,0.020934,0.001174,0.002866,0.008157,0.00009260
14,103,1.839550,0.000104,31.1640,0.171497,0.099031,0.259125,0.024080,0.001459,0.002693,0.007861,0.00009260
14,104,1.452890,0.000109,22.2084,0.171466,0.098804,0.198135,0.019412,0.001682,0.002744,0.007378,0.00009260
14,105,1.833120,0.000103,20.5325,0.171352,0.098750,0.177546,0.024072,0.001545,0.002740,0.006966,0.00009260
14,106,1.678611,0.000125,29.4555,0.172007,0.099082,0.241611,0.023661,0.001095,0.003167,0.007950,0.00009260
14,107,2.189057,0.000128,29.7231,0.171702,0.099153,0.276071,0.048225,0.002110,0.002801,0.008097,0.00009260
14,108,1.697852,0.000126,22.9098,0.171479,0.099005,0.215576,0.026094,0.001932,0.002740,0.007642,0.00009260
14,109,1.777881,0.000093,50.6228,0.172659,0.099345,0.405781,0.024341,0.000986,0.002451,0.006360,0.00009260
14,110,1.772390,0.000130,28.6592,0.172761,0.099655,0.237155,0.013679,0.000791,0.004132,0.008452,0.00009260
14,111,1.815073,0.000124,25.5755,0.172415,0.099547,0.234316,0.016118,0.001976,0.003698,0.008257,0.00009260
14,112,1.503957,0.000115,19.3088,0.172003,0.099756,0.180308,0.022977,0.001438,0.003146,0.007489,0.00009260
14,113,1.976372,0.000129,50.0522,0.173569,0.099358,0.393573,0.020916,0.001440,0.003719,0.008573,0.00009260
14,114,1.746669,0.000159,22.9471,0.173517,0.099443,0.195710,0.047359,0.001939,0.004361,0.011064,0.00009260
14,115,2.004776,0.000120,27.0117,0.173312,0.099481,0.260695,0.018628,0.001428,0.003437,0.008056,0.00009260
14,116,1.723821,0.000108,21.7173,0.172869,0.099564,0.190625,0.015948,0.001135,0.003341,0.008155,0.00009260
14,117,2.002566,0.000134,28.6848,0.173384,0.099262,0.252049,0.060999,0.003902,0.003520,0.010834,0.00009260
14,118,2.036961,0.000132,20.5667,0.173079,0.099133,0.175857,0.047977,0.003815,0.003241,0.010629,0.00009260
14,119,1.871290,0.000120,21.5525,0.172986,0.099286,0.200559,0.043957,0.002571,0.003117,0.009082,0.00009260
14,120,2.372524,0.000129,32.8575,0.173331,0.099541,0.265272,0.033351,0.004940,0.003180,0.009982,0.00009260
14,121,1.901776,0.000118,19.1508,0.172980,0.099485,0.175408,0.030787,0.004329,0.003081,0.009469,0.00009260
14,122,1.937336,0.000133,28.4301,0.173267,0.099545,0.257132,0.034835,0.004031,0.003188,0.009388,0.00009260
14,123,2.258867,0.000137,26.8483,0.173222,0.099110,0.222380,0.027823,0.002024,0.003409,0.013547,0.00009260
14,124,1.809563,0.000131,22.4536,0.172984,0.098610,0.193090,0.028737,0.002344,0.003149,0.011553,0.00009260
14,125,2.288118,0.000127,35.8833,0.173484,0.098579,0.316418,0.021444,0.002658,0.003399,0.009373,0.00009260
14,126,1.617630,0.000103,21.8454,0.173347,0.098825,0.181124,0.016046,0.001812,0.003202,0.008633,0.00009260
14,127,2.300125,0.000107,25.0348,0.172965,0.098607,0.242900,0.025420,0.001757,0.003274,0.007674,0.00009260
14,128,2.299406,0.000181,28.2071,0.172673,0.098495,0.237360,0.060603,0.002080,0.003946,0.011038,0.00009260
14,129,2.356970,0.000139,22.9750,0.172382,0.098136,0.179403,0.033479,0.002740,0.003748,0.009385,0.00009260
14,130,1.788129,0.000127,25.0790,0.172564,0.097854,0.227738,0.017065,0.002090,0.003261,0.009659,0.00009260
14,131,1.858739,0.000116,20.5645,0.172305,0.097714,0.191150,0.017331,0.001922,0.003412,0.009345,0.00009260
14,132,1.801090,0.000159,23.6293,0.172028,0.097939,0.202711,0.027106,0.001597,0.003836,0.010902,0.00009260
14,133,1.639113,0.000118,31.1599,0.172207,0.097863,0.271912,0.021918,0.001422,0.003385,0.008333,0.00009260
14,134,1.448233,0.000102,26.0321,0.172183,0.097769,0.225508,0.015908,0.001115,0.003207,0.008360,0.00009260
14,135,1.776498,0.000143,22.9524,0.171944,0.097714,0.203642,0.033503,0.001481,0.003335,0.010248,0.00009260
14,136,1.702867,0.000131,24.6793,0.171807,0.097902,0.208931,0.020209,0.001547,0.003211,0.008957,0.00009260
14,137,1.659013,0.000124,25.2024,0.172063,0.097851,0.214004,0.014702,0.002429,0.003095,0.008228,0.00009260
14,138,1.560789,0.000108,24.2808,0.171850,0.097635,0.227347,0.006324,0.001543,0.002892,0.007742,0.00009260
14,139,1.669011,0.000130,32.0462,0.171776,0.097698,0.262401,0.016919,0.001340,0.003106,0.009216,0.00009260
14,140,1.616836,0.000115,26.2478,0.171617,0.097810,0.229102,0.014076,0.001877,0.002911,0.007862,0.00009260
14,141,1.696060,0.000157,35.6171,0.171909,0.097666,0.311608,0.019354,0.001161,0.003371,0.010565,0.00009260
14,142,1.732966,0.000149,29.6336,0.171707,0.097606,0.239268,0.030414,0.001161,0.003579,0.012760,0.00009260
14,143,1.580674,0.000117,26.6553,0.171594,0.097462,0.241795,0.010254,0.001274,0.003150,0.010236,0.00009260
14,144,1.681813,0.000134,28.6450,0.171878,0.097516,0.242295,0.016406,0.002290,0.003122,0.010407,0.00009260
14,145,1.780024,0.000118,31.2419,0.171733,0.097302,0.257311,0.013795,0.001174,0.003077,0.009722,0.00009260
14,146,1.501392,0.000123,21.3624,0.171519,0.097325,0.177222,0.014748,0.001199,0.003181,0.010599,0.00009260
14,147,2.037752,0.000108,67.7045,0.172929,0.097252,0.548033,0.013056,0.001218,0.002987,0.008813,0.00009260
14,148,1.382357,0.000094,32.4170,0.173471,0.097200,0.284461,0.010244,0.000815,0.002839,0.009233,0.00009260
14,149,2.097144,0.000113,30.6065,0.173371,0.097170,0.246452,0.019625,0.001596,0.003446,0.009427,0.00009260
14,150,1.792357,0.000107,24.0037,0.173232,0.097221,0.209243,0.016061,0.001291,0.003149,0.008548,0.00009260
14,151,1.595132,0.000111,36.6646,0.173435,0.097216,0.338364,0.020839,0.001327,0.002958,0.007962,0.00009260
14,152,1.595191,0.000113,33.1715,0.173803,0.097043,0.290108,0.012293,0.001772,0.003240,0.007969,0.00009260
14,153,1.638659,0.000121,25.9785,0.173576,0.096994,0.211518,0.016278,0.001896,0.003277,0.008367,0.00009260
14,154,1.666674,0.000122,26.8626,0.173475,0.096987,0.254226,0.015297,0.001290,0.003526,0.007952,0.00009260
14,155,1.715405,0.000146,29.8088,0.173681,0.096809,0.248612,0.019065,0.001943,0.003560,0.010308,0.00009260
14,156,1.776749,0.000115,28.8288,0.173596,0.096730,0.264535,0.026593,0.002751,0.003326,0.008548,0.00009260
14,157,1.776312,0.000134,28.5456,0.173510,0.096741,0.244224,0.030365,0.002007,0.003454,0.009391,0.00009260
14,158,1.673108,0.000121,32.7900,0.173734,0.096620,0.277467,0.030044,0.003031,0.003802,0.009692,0.00009260
14,159,1.960397,0.000138,27.5364,0.173572,0.096690,0.259459,0.050347,0.004844,0.003509,0.009945,0.00009260
14,160,1.872263,0.000140,33.8831,0.173749,0.096639,0.272881,0.027733,0.004075,0.003564,0.009921,0.00009260
14,161,1.815936,0.000132,25.9557,0.173620,0.096383,0.229371,0.012505,0.002411,0.003416,0.010701,0.00009260
14,162,1.662997,0.000119,18.8496,0.173386,0.096546,0.171009,0.017184,0.001653,0.002955,0.008644,0.00009260
14,163,1.783064,0.000154,28.5817,0.173570,0.096726,0.233136,0.027911,0.002992,0.003524,0.009724,0.00009260
14,164,1.499781,0.000110,23.3091,0.173486,0.096738,0.218935,0.012490,0.001812,0.003009,0.008382,0.00009260
14,165,1.653752,0.000124,30.4853,0.173427,0.096482,0.245896,0.011796,0.002486,0.003064,0.008635,0.00009260
14,166,1.661696,0.000134,25.2495,0.173383,0.096593,0.224871,0.013890,0.001849,0.002985,0.009052,0.00009260
14,167,1.526888,0.000126,26.4088,0.173233,0.096853,0.232692,0.021236,0.000989,0.003222,0.008781,0.00009260
14,168,2.004448,0.000170,33.5104,0.173262,0.096772,0.266546,0.098330,0.002006,0.004683,0.018392,0.00009260
14,169,1.807740,0.000131,22.9392,0.173129,0.096679,0.213519,0.029366,0.001984,0.003200,0.009784,0.00009260
14,170,1.881174,0.000136,26.8463,0.173136,0.096614,0.228364,0.040652,0.002585,0.003526,0.009205,0.00009260
14,171,1.685974,0.000140,28.0636,0.173092,0.096555,0.239093,0.031898,0.002278,0.003304,0.008471,0.00009260
14,172,1.575191,0.000114,26.3241,0.173140,0.096537,0.243790,0.021419,0.002193,0.002712,0.007598,0.00009260
14,173,1.606516,0.000130,27.1319,0.173147,0.096648,0.221352,0.026420,0.001547,0.003458,0.009122,0.00009260
14,174,2.075912,0.000207,29.3055,0.173188,0.096663,0.265969,0.068151,0.002513,0.004214,0.012648,0.00009260
14,175,1.732757,0.000118,25.7738,0.173170,0.096550,0.223200,0.054837,0.002748,0.003066,0.010584,0.00009260
14,176,1.559891,0.000117,23.3012,0.173004,0.096693,0.190708,0.018195,0.002105,0.003171,0.008665,0.00009260
14,177,1.634272,0.000133,25.9134,0.173011,0.096857,0.238718,0.018216,0.002044,0.003045,0.009634,0.00009260
14,178,1.628636,0.000130,23.0235,0.173006,0.097016,0.189051,0.025908,0.002798,0.003067,0.009125,0.00009260
14,179,1.547619,0.000100,22.6073,0.172875,0.096943,0.205373,0.018505,0.002008,0.002970,0.007792,0.00009260
14,180,1.564733,0.000102,28.7683,0.173002,0.097014,0.248268,0.031155,0.001849,0.002794,0.008001,0.00009260
14,181,1.702692,0.000127,26.8035,0.172874,0.097285,0.233496,0.020687,0.001457,0.003108,0.008827,0.00009260
14,182,1.583391,0.000112,23.3937,0.172683,0.097305,0.216571,0.023444,0.002055,0.002831,0.007813,0.00009260
14,183,1.649794,0.000117,39.8650,0.173148,0.097334,0.333020,0.023632,0.001960,0.003117,0.008521,0.00009260
14,184,1.564681,0.000130,20.6541,0.173007,0.097568,0.189596,0.015377,0.002033,0.002989,0.007764,0.00009260
14,185,2.328224,0.000124,45.6879,0.173069,0.097615,0.362287,0.029931,0.002276,0.003080,0.008810,0.00009260
14,186,1.541979,0.000110,30.1423,0.173158,0.097800,0.256611,0.027999,0.000908,0.002928,0.007213,0.00009260
14,187,2.231974,0.000134,30.0784,0.172997,0.097830,0.257034,0.023198,0.001782,0.003248,0.010489,0.00009260
14,188,1.798988,0.000127,24.0680,0.172764,0.098133,0.217315,0.012229,0.001767,0.003245,0.008266,0.00009260
14,189,1.800282,0.000117,45.2987,0.173295,0.098342,0.368744,0.017619,0.002008,0.003142,0.008443,0.00009260
14,190,1.686926,0.000162,30.7719,0.173271,0.098431,0.263931,0.023348,0.001557,0.003760,0.011139,0.00009260
14,191,1.817886,0.000109,43.0237,0.173441,0.098276,0.366755,0.016287,0.001754,0.002955,0.007356,0.00009260
14,192,1.713905,0.000116,30.5042,0.173364,0.098311,0.257436,0.014342,0.001039,0.003210,0.009137,0.00009260
14,193,1.866581,0.000108,28.4147,0.173139,0.098221,0.255313,0.034848,0.001256,0.002787,0.009720,0.00009260
14,194,1.485074,0.000122,21.7452,0.173067,0.098433,0.194874,0.018410,0.001402,0.003134,0.009463,0.00009260
14,195,2.363841,0.000128,40.2859,0.172969,0.098504,0.333770,0.015264,0.001596,0.003267,0.008718,0.00009260
14,196,1.627082,0.000111,29.7521,0.172819,0.098716,0.230166,0.017974,0.001212,0.003020,0.009226,0.00009260
14,197,1.837427,0.000097,38.6184,0.172914,0.098757,0.337439,0.014190,0.001470,0.002845,0.008765,0.00009260
14,198,1.529479,0.000112,19.3281,0.172754,0.098860,0.174943,0.012052,0.001167,0.003279,0.009254,0.00009260
14,199,1.555355,0.000093,42.1710,0.173262,0.098863,0.345330,0.014366,0.000900,0.002857,0.007937,0.00009260
14,200,1.709458,0.000110,19.2319,0.173089,0.098756,0.173197,0.018268,0.001287,0.002733,0.007074,0.00009260
14,201,1.612682,0.000137,25.8269,0.173071,0.098594,0.231474,0.018391,0.001360,0.003593,0.009370,0.00009260
14,202,1.829635,0.000135,38.2153,0.173126,0.098557,0.309932,0.017241,0.001606,0.003762,0.009295,0.00009260
14,203,1.505149,0.000115,22.5775,0.173005,0.098421,0.204279,0.035071,0.001790,0.003588,0.010036,0.00009260
14,204,2.322900,0.000125,83.0099,0.174086,0.098294,0.582343,0.015044,0.001774,0.003705,0.009746,0.00009260
14,205,1.741785,0.000156,37.6236,0.174635,0.098316,0.315259,0.022207,0.001849,0.004253,0.012088,0.00009260
14,206,1.988769,0.000143,24.7207,0.174499,0.098294,0.226818,0.042219,0.001453,0.004033,0.011987,0.00009260
14,207,1.990947,0.000145,24.3371,0.174343,0.098371,0.236994,0.062880,0.002351,0.003668,0.012317,0.00009260
14,208,1.888931,0.000120,51.6805,0.175111,0.098375,0.405913,0.023036,0.001619,0.003377,0.010289,0.00009260
14,209,1.892126,0.000158,27.9749,0.175263,0.098479,0.235993,0.043139,0.002840,0.003763,0.012921,0.00009260
14,210,2.375767,0.000188,25.9937,0.175114,0.098576,0.241079,0.051929,0.001883,0.004512,0.015969,0.00009260
14,211,2.010563,0.000140,22.6116,0.174889,0.098351,0.192901,0.052938,0.002020,0.003979,0.013878,0.00009260
14,212,1.629825,0.000122,30.4948,0.175082,0.098475,0.260184,0.021833,0.002256,0.003510,0.011916,0.00009260
14,213,1.800313,0.000141,29.3720,0.175176,0.098326,0.267107,0.024053,0.001525,0.003353,0.015705,0.00009260
14,214,1.754285,0.000133,22.4471,0.175033,0.098334,0.190893,0.020496,0.002098,0.003225,0.013660,0.00009260
14,215,1.761949,0.000142,36.0253,0.175279,0.098523,0.298599,0.015453,0.002063,0.003197,0.012134,0.00009260
14,216,1.563931,0.000117,21.0649,0.175118,0.098618,0.193502,0.014844,0.001357,0.003045,0.012861,0.00009260
14,217,1.695837,0.000101,25.0194,0.175124,0.098745,0.203578,0.010284,0.002130,0.003061,0.010694,0.00009260
14,218,1.729354,0.000117,22.6192,0.175013,0.098627,0.207903,0.013724,0.002014,0.002956,0.010030,0.00009260
14,219,1.776344,0.000146,21.7405,0.174837,0.098792,0.185772,0.025372,0.001651,0.003600,0.012944,0.00009260
14,220,1.523423,0.000105,27.6785,0.175018,0.098753,0.226930,0.022124,0.001360,0.002901,0.009264,0.00009260
14,221,1.775740,0.000138,23.7685,0.174858,0.098748,0.224416,0.014904,0.002210,0.003204,0.009429,0.00009260
14,222,1.586403,0.000125,26.3190,0.174807,0.098709,0.212742,0.013490,0.002237,0.003280,0.008554,0.00009260
14,223,1.833272,0.000148,34.2390,0.175110,0.098709,0.302769,0.051615,0.002234,0.003613,0.010408,0.00009260
14,224,1.432533,0.000113,19.9272,0.174958,0.098623,0.175342,0.009609,0.001504,0.003115,0.010254,0.00009260
14,225,1.478672,0.000103,28.9265,0.175128,0.098638,0.247335,0.027533,0.000693,0.002836,0.008984,0.00009260
14,226,1.886398,0.000114,48.0873,0.175451,0.098522,0.413737,0.014833,0.001243,0.003468,0.008375,0.00009260
14,227,1.910685,0.000125,23.0154,0.175309,0.098467,0.213436,0.017578,0.001292,0.003240,0.009043,0.00009260
14,228,1.696470,0.000112,31.5495,0.175213,0.098491,0.257186,0.011096,0.001420,0.003450,0.008839,0.00009260
14,229,1.943812,0.000170,26.8235,0.175233,0.098342,0.238385,0.030427,0.003030,0.004003,0.010791,0.00009260
14,230,1.904650,0.000183,25.4770,0.175223,0.098344,0.211552,0.035290,0.002735,0.003811,0.011166,0.00009260
14,231,1.684576,0.000123,22.4509,0.175135,0.098337,0.215898,0.015109,0.001724,0.003265,0.008010,0.00009260
14,232,1.508281,0.000111,23.4475,0.174977,0.098306,0.189070,0.020824,0.001300,0.003145,0.008046,0.00009260
14,233,1.776478,0.000159,32.4473,0.175071,0.098478,0.282032,0.021634,0.002400,0.003849,0.012779,0.00009260
14,234,1.512467,0.000119,23.0353,0.175021,0.098442,0.210962,0.011313,0.002205,0.002882,0.008629,0.00009260
14,235,1.584909,0.000105,30.3570,0.174929,0.098356,0.255225,0.014421,0.001653,0.002933,0.008825,0.00009260
14,236,1.418826,0.000112,23.8058,0.174939,0.098468,0.218402,0.013694,0.001509,0.002785,0.008348,0.00009260
14,237,2.052844,0.000101,47.7007,0.175068,0.098512,0.386705,0.015795,0.001955,0.002730,0.008407,0.00009260
14,238,1.569032,0.000096,20.7741,0.174948,0.098367,0.177099,0.015350,0.001985,0.002402,0.007383,0.00009260
14,239,1.915497,0.000168,29.0805,0.174966,0.098655,0.265255,0.026557,0.002049,0.003540,0.010283,0.00009260
14,240,1.723809,0.000130,28.7577,0.175085,0.098702,0.251158,0.027776,0.002103,0.003151,0.009646,0.00009260
14,241,1.841068,0.000135,33.3370,0.174995,0.098884,0.272399,0.030252,0.001532,0.003386,0.010086,0.00009260
14,242,1.846896,0.000149,21.5815,0.174834,0.099087,0.199924,0.033867,0.002048,0.003279,0.010284,0.00009260
14,243,1.853679,0.000111,35.9657,0.175181,0.099206,0.310211,0.016165,0.001612,0.002877,0.008605,0.00009260
14,244,1.475845,0.000114,21.4902,0.175032,0.099353,0.192782,0.014468,0.002334,0.002869,0.008240,0.00009260
14,245,1.936821,0.000151,39.5262,0.175202,0.099433,0.334625,0.028756,0.002777,0.003295,0.011032,0.00009260
14,246,1.758422,0.000166,23.1320,0.175146,0.099403,0.201508,0.034156,0.002634,0.003609,0.012720,0.00009260
14,247,1.832223,0.000146,35.8315,0.175310,0.099329,0.300993,0.018146,0.002432,0.003352,0.011357,0.00009260
14,248,1.606743,0.000144,22.5338,0.175221,0.099440,0.202337,0.019326,0.002161,0.003358,0.011040,0.00009260
14,249,1.717499,0.000136,34.7050,0.175397,0.099508,0.287907,0.018784,0.002197,0.003298,0.010115,0.00009260
14,250,1.589243,0.000140,23.2007,0.175326,0.099611,0.205393,0.016537,0.002177,0.003185,0.010393,0.00009260
14,251,2.258236,0.000193,40.5875,0.175536,0.099691,0.331496,0.035921,0.001597,0.004367,0.015312,0.00009260
14,252,1.615522,0.000139,19.7820,0.175380,0.099719,0.176954,0.024669,0.002065,0.003451,0.010861,0.00009260
14,253,1.858377,0.000126,48.1212,0.175926,0.099509,0.389344,0.017809,0.001801,0.003232,0.009791,0.00009260
14,254,1.628736,0.000135,25.8912,0.175949,0.099546,0.218222,0.017700,0.002185,0.003394,0.010231,0.00009260
14,255,2.072839,0.000126,31.1800,0.175863,0.099530,0.278846,0.011123,0.001944,0.003288,0.008965,0.00009260
14,256,1.543097,0.000114,20.5811,0.175679,0.099514,0.192848,0.016229,0.001391,0.003207,0.009433,0.00009260
14,257,1.913686,0.000097,44.0806,0.176102,0.099419,0.335467,0.023874,0.001472,0.002689,0.006844,0.00009260
14,258,1.626770,0.000116,32.8758,0.176215,0.099645,0.272694,0.044312,0.001308,0.003630,0.008801,0.00009260
14,259,2.266001,0.000163,31.7113,0.176131,0.099624,0.273464,0.044172,0.001637,0.004112,0.012748,0.00009260
14,260,2.056470,0.000153,30.3200,0.176051,0.099583,0.280447,0.035030,0.002581,0.003855,0.012906,0.00009260
14,261,1.975378,0.000142,29.8007,0.176043,0.099694,0.237156,0.026815,0.001579,0.003908,0.012634,0.00009260
14,262,1.776036,0.000157,33.3279,0.176385,0.099860,0.278406,0.044415,0.003138,0.003900,0.012079,0.00009260
14,263,1.682676,0.000111,20.7270,0.176200,0.099738,0.188301,0.012934,0.001392,0.003651,0.010068,0.00009260
14,264,1.877908,0.000166,23.7550,0.176141,0.099746,0.203157,0.038671,0.001509,0.004297,0.011934,0.00009260
14,265,2.180703,0.000160,48.8934,0.176603,0.099999,0.410000,0.015721,0.002166,0.004072,0.010135,0.00009260
14,266,1.547087,0.000142,22.5817,0.176568,0.100162,0.199322,0.019785,0.001801,0.003684,0.008621,0.00009260
14,267,2.198471,0.000129,23.6676,0.176504,0.100199,0.201909,0.014302,0.001979,0.003291,0.007507,0.00009260
14,268,1.628721,0.000114,22.0834,0.176418,0.100257,0.189413,0.027212,0.001958,0.003489,0.007522,0.00009260
14,269,1.952745,0.000121,27.9144,0.176519,0.100394,0.256019,0.018775,0.002275,0.003248,0.007644,0.00009260
14,270,1.630147,0.000098,22.4989,0.176395,0.100394,0.187558,0.021997,0.001258,0.002979,0.007398,0.00009260
14,271,1.779681,0.000148,28.3852,0.176336,0.100331,0.266457,0.037826,0.001489,0.003473,0.014266,0.00009260
14,272,2.087060,0.000187,32.7160,0.176346,0.100149,0.271522,0.089809,0.002059,0.005004,0.016057,0.00009260
14,273,2.435838,0.000263,33.0888,0.176386,0.100254,0.295196,0.101164,0.003761,0.007449,0.023814,0.00009260
14,274,2.034915,0.000171,31.5869,0.176285,0.100259,0.261619,0.042655,0.002536,0.004771,0.015880,0.00009260
14,275,2.509008,0.000257,25.3448,0.176179,0.100220,0.228093,0.086159,0.004377,0.006254,0.023084,0.00009260
14,276,2.505625,0.000255,30.7076,0.176222,0.100184,0.261977,0.093618,0.002990,0.006593,0.020610,0.00009260
14,277,1.877514,0.000172,24.0348,0.176162,0.099990,0.209203,0.028820,0.001897,0.003648,0.014260,0.00009260
14,278,1.996322,0.000112,46.1637,0.176681,0.099852,0.362713,0.035620,0.001785,0.002800,0.011185,0.00009260
14,279,1.524062,0.000114,21.5950,0.176609,0.099859,0.198192,0.036302,0.002081,0.002793,0.012244,0.00009260
14,280,2.061546,0.000124,34.5198,0.176550,0.099689,0.283589,0.021410,0.001531,0.003112,0.010275,0.00009260
14,281,1.677048,0.000124,21.8535,0.176434,0.099777,0.185473,0.023066,0.001720,0.003054,0.010020,0.00009260
14,282,1.938204,0.000123,41.8520,0.176605,0.099841,0.373625,0.021636,0.002209,0.003159,0.009140,0.00009260
14,283,1.534765,0.000096,24.2934,0.176525,0.099847,0.220200,0.017471,0.000917,0.003041,0.007784,0.00009260
14,284,1.770908,0.000107,38.6079,0.176570,0.099707,0.323105,0.035933,0.001422,0.003299,0.010477,0.00009260
14,285,1.796196,0.000138,21.6929,0.176418,0.099588,0.192300,0.038437,0.002319,0.003582,0.010496,0.00009260
14,286,1.668772,0.000107,33.2486,0.176571,0.099463,0.299470,0.024302,0.001933,0.003304,0.009972,0.00009260
14,287,1.641050,0.000110,27.5895,0.176534,0.099563,0.228155,0.018738,0.002154,0.003161,0.009257,0.00009260
14,288,1.566870,0.000109,21.2314,0.176358,0.099483,0.193198,0.014739,0.001456,0.003117,0.009669,0.00009260
14,289,1.733151,0.000133,24.2119,0.176331,0.099371,0.207856,0.033860,0.002884,0.002886,0.009669,0.00009260
14,290,1.951109,0.000182,29.7173,0.176285,0.099350,0.247340,0.037389,0.000743,0.004022,0.013713,0.00009260
14,291,2.124898,0.000125,45.4036,0.176561,0.099310,0.399160,0.024632,0.002382,0.003059,0.011341,0.00009260
14,292,1.858545,0.000132,23.8361,0.176419,0.099065,0.205802,0.018357,0.003387,0.003009,0.011897,0.00009260
14,293,1.715328,0.000109,30.9429,0.176288,0.098922,0.259701,0.027692,0.002434,0.003026,0.011894,0.00009260
14,294,1.569858,0.000107,25.1467,0.176347,0.098792,0.233720,0.013820,0.001655,0.002886,0.010375,0.00009260
14,295,2.234463,0.000118,34.2070,0.176246,0.098797,0.279627,0.020199,0.001937,0.002940,0.010880,0.00009260
14,296,1.626001,0.000124,22.6469,0.176150,0.098787,0.185313,0.038309,0.002357,0.003136,0.010958,0.00009260
