epoch,batch,loss,landmark,angular_deg,gaze_consist,shape,ray_target,pose,translation,lr
1,1,1.150256,0.000118,12.1610,0.000000,0.000000,0.000000,0.023019,1.470664,0.00030000
1,2,1.425506,0.000146,91.5691,0.000000,0.000000,0.000000,0.038417,1.461378,0.00030000
1,3,1.307680,0.000117,83.1131,0.000000,0.000000,0.000000,0.028463,1.448745,0.00030000
1,4,1.281324,0.000124,67.5973,0.000000,0.000000,0.000000,0.022162,1.435668,0.00030000
1,5,1.214962,0.000112,63.7291,0.000000,0.000000,0.000000,0.022853,1.426097,0.00030000
1,6,1.306125,0.000134,68.7729,0.000000,0.000000,0.000000,0.022027,1.413912,0.00030000
1,7,1.193546,0.000122,40.1244,0.000000,0.000000,0.000000,0.019198,1.402047,0.00030000
1,8,1.179387,0.000114,49.8680,0.000000,0.000000,0.000000,0.012582,1.390375,0.00030000
1,9,1.155294,0.000110,42.0597,0.000000,0.000000,0.000000,0.032231,1.376780,0.00030000
1,10,1.210732,0.000135,35.9147,0.000000,0.000000,0.000000,0.032163,1.367293,0.00030000
1,11,1.164009,0.000109,49.3769,0.000000,0.000000,0.000000,0.026621,1.359242,0.00030000
1,12,1.089366,0.000110,24.3366,0.000000,0.000000,0.000000,0.016071,1.350011,0.00030000
1,13,1.242559,0.000123,73.4160,0.000000,0.000000,0.000000,0.020720,1.337391,0.00030000
1,14,1.162553,0.000119,42.0107,0.000000,0.000000,0.000000,0.032135,1.326098,0.00030000
1,15,1.218878,0.000133,49.3755,0.000000,0.000000,0.000000,0.031623,1.319250,0.00030000
1,16,1.090389,0.000111,33.3338,0.000000,0.000000,0.000000,0.011770,1.302920,0.00030000
1,17,1.068615,0.000088,52.5264,0.000000,0.000000,0.000000,0.025935,1.301402,0.00030000
1,18,1.048713,0.000100,28.1842,0.000000,0.000000,0.000000,0.037246,1.285398,0.00030000
1,19,1.105103,0.000106,51.3266,0.000000,0.000000,0.000000,0.024155,1.269577,0.00030000
1,20,1.063900,0.000107,33.3260,0.000000,0.000000,0.000000,0.027673,1.255422,0.00030000
1,21,1.080483,0.000098,53.8113,0.000000,0.000000,0.000000,0.035277,1.240078,0.00030000
1,22,1.050343,0.000107,35.8328,0.000000,0.000000,0.000000,0.020023,1.220192,0.00030000
1,23,0.980540,0.000095,29.1581,0.000000,0.000000,0.000000,0.016108,1.198272,0.00030000
1,24,1.043283,0.000107,39.0636,0.000000,0.000000,0.000000,0.027091,1.183109,0.00030000
1,25,0.950637,0.000092,27.9970,0.000000,0.000000,0.000000,0.016281,1.157922,0.00030000
1,26,0.981057,0.000100,33.6051,0.000000,0.000000,0.000000,0.035459,1.124273,0.00030000
1,27,1.043714,0.000086,52.5028,0.000000,0.000000,0.000000,0.141515,1.167160,0.00030000
1,28,1.023935,0.000114,30.3868,0.000000,0.000000,0.000000,0.048609,1.136214,0.00030000
1,29,1.070683,0.000129,41.3134,0.000000,0.000000,0.000000,0.086885,1.045634,0.00030000
1,30,0.977705,0.000097,51.6128,0.000000,0.000000,0.000000,0.049932,1.026217,0.00030000
1,31,0.889600,0.000082,47.6667,0.000000,0.000000,0.000000,0.025995,0.989333,0.00030000
1,32,0.846872,0.000091,28.4874,0.000000,0.000000,0.000000,0.033468,0.947084,0.00030000
1,33,0.830402,0.000093,30.9649,0.000000,0.000000,0.000000,0.038022,0.875830,0.00030000
1,34,0.850667,0.000090,37.5469,0.000000,0.000000,0.000000,0.023544,0.917561,0.00030000
1,35,0.919476,0.000120,30.6456,0.000000,0.000000,0.000000,0.098610,0.834145,0.00030000
1,36,0.861302,0.000116,25.5891,0.000000,0.000000,0.000000,0.057860,0.803611,0.00030000
1,37,0.857197,0.000118,36.7430,0.000000,0.000000,0.000000,0.038192,0.743224,0.00030000
1,38,0.768058,0.000108,20.9910,0.000000,0.000000,0.000000,0.034414,0.720579,0.00030000
1,39,0.790360,0.000108,39.1883,0.000000,0.000000,0.000000,0.047190,0.646179,0.00030000
1,40,0.727838,0.000112,26.0877,0.000000,0.000000,0.000000,0.040917,0.583727,0.00030000
1,41,0.744109,0.000112,45.0882,0.000000,0.000000,0.000000,0.051949,0.510534,0.00030000
1,42,0.697425,0.000119,26.8781,0.000000,0.000000,0.000000,0.065062,0.443792,0.00030000
1,43,0.878796,0.000160,46.6680,0.000000,0.000000,0.000000,0.134302,0.379631,0.00030000
1,44,0.616371,0.000115,38.3549,0.000000,0.000000,0.000000,0.057271,0.272520,0.00030000
1,45,0.625630,0.000078,42.1133,0.000000,0.000000,0.000000,0.216628,0.328144,0.00030000
1,46,0.513209,0.000088,26.3302,0.000000,0.000000,0.000000,0.095192,0.244713,0.00030000
1,47,0.529292,0.000098,40.6019,0.000000,0.000000,0.000000,0.116072,0.127345,0.00030000
1,48,0.608773,0.000113,44.0845,0.000000,0.000000,0.000000,0.232084,0.062586,0.00030000
1,49,0.646822,0.000115,49.6651,0.000000,0.000000,0.000000,0.167076,0.152169,0.00030000
1,50,0.475767,0.000091,23.5792,0.000000,0.000000,0.000000,0.168197,0.094598,0.00030000
1,51,0.466074,0.000081,46.3114,0.000000,0.000000,0.000000,0.139298,0.049807,0.00030000
1,52,0.545423,0.000117,36.1652,0.000000,0.000000,0.000000,0.078524,0.095194,0.00030000
1,53,0.489144,0.000108,29.5450,0.000000,0.000000,0.000000,0.082701,0.065277,0.00030000
1,54,0.414449,0.000099,22.0269,0.000000,0.000000,0.000000,0.058607,0.037425,0.00030000
1,55,0.471477,0.000093,51.7252,0.000000,0.000000,0.000000,0.062921,0.037578,0.00030000
1,56,0.470367,0.000113,21.9416,0.000000,0.000000,0.000000,0.075380,0.042366,0.00030000
1,57,0.553390,0.000105,74.8619,0.000000,0.000000,0.000000,0.062161,0.021177,0.00030000
1,58,0.504997,0.000108,55.0996,0.000000,0.000000,0.000000,0.044573,0.016276,0.00030000
1,59,0.456073,0.000107,34.3092,0.000000,0.000000,0.000000,0.050889,0.016035,0.00030000
1,60,0.414789,0.000092,27.5343,0.000000,0.000000,0.000000,0.103459,0.012356,0.00030000
1,61,0.373341,0.000081,29.8363,0.000000,0.000000,0.000000,0.073724,0.009138,0.00030000
1,62,0.368616,0.000071,24.3729,0.000000,0.000000,0.000000,0.115645,0.055373,0.00030000
1,63,0.477252,0.000081,37.4453,0.000000,0.000000,0.000000,0.169282,0.080181,0.00030000
1,64,0.551243,0.000132,32.0622,0.000000,0.000000,0.000000,0.099453,0.014209,0.00030000
1,65,0.530976,0.000118,35.8103,0.000000,0.000000,0.000000,0.115649,0.018755,0.00030000
1,66,0.424108,0.000109,19.3153,0.000000,0.000000,0.000000,0.055370,0.011946,0.00030000
1,67,0.547586,0.000088,56.5653,0.000000,0.000000,0.000000,0.232827,0.023719,0.00030000
1,68,0.395021,0.000090,34.8428,0.000000,0.000000,0.000000,0.042890,0.012252,0.00030000
1,69,0.519373,0.000101,44.9770,0.000000,0.000000,0.000000,0.162823,0.011919,0.00030000
1,70,0.489169,0.000105,48.6329,0.000000,0.000000,0.000000,0.059918,0.016336,0.00030000
1,71,0.296234,0.000072,22.5207,0.000000,0.000000,0.000000,0.017353,0.010570,0.00030000
1,72,0.574219,0.000117,69.7363,0.000000,0.000000,0.000000,0.043142,0.024348,0.00030000
1,73,0.488995,0.000109,49.6734,0.000000,0.000000,0.000000,0.040421,0.013654,0.00030000
1,74,0.439422,0.000094,46.6355,0.000000,0.000000,0.000000,0.040828,0.007915,0.00030000
1,75,0.469002,0.000115,27.2531,0.000000,0.000000,0.000000,0.067627,0.016226,0.00030000
1,76,0.423711,0.000081,58.5481,0.000000,0.000000,0.000000,0.037738,0.020373,0.00030000
1,77,0.672894,0.000152,39.6935,0.000000,0.000000,0.000000,0.173639,0.010012,0.00030000
1,78,0.607924,0.000137,53.2748,0.000000,0.000000,0.000000,0.078727,0.007855,0.00030000
1,79,0.585863,0.000149,38.5520,0.000000,0.000000,0.000000,0.035320,0.007472,0.00030000
1,80,0.676251,0.000157,56.1120,0.000000,0.000000,0.000000,0.057282,0.027052,0.00030000
1,81,0.448420,0.000113,25.6584,0.000000,0.000000,0.000000,0.042883,0.010640,0.00030000
1,82,0.470253,0.000100,54.7918,0.000000,0.000000,0.000000,0.022797,0.007912,0.00030000
1,83,0.386284,0.000086,35.2226,0.000000,0.000000,0.000000,0.036622,0.008007,0.00030000
1,84,0.457222,0.000105,42.1818,0.000000,0.000000,0.000000,0.028783,0.009630,0.00030000
1,85,0.338382,0.000079,26.8560,0.000000,0.000000,0.000000,0.034756,0.008996,0.00030000
1,86,0.588667,0.000134,53.4688,0.000000,0.000000,0.000000,0.047687,0.010718,0.00030000
1,87,0.426919,0.000103,31.4028,0.000000,0.000000,0.000000,0.034746,0.009436,0.00030000
1,88,0.449900,0.000107,37.7493,0.000000,0.000000,0.000000,0.021372,0.011370,0.00030000
1,89,0.422988,0.000112,22.2017,0.000000,0.000000,0.000000,0.021657,0.009545,0.00030000
1,90,0.394006,0.000079,51.1610,0.000000,0.000000,0.000000,0.021011,0.005275,0.00030000
1,91,0.413145,0.000102,32.1279,0.000000,0.000000,0.000000,0.019113,0.004690,0.00030000
1,92,0.529347,0.000104,37.6751,0.000000,0.000000,0.000000,0.182100,0.029873,0.00030000
1,93,0.331968,0.000081,22.2947,0.000000,0.000000,0.000000,0.038911,0.005667,0.00030000
1,94,0.405260,0.000086,46.2279,0.000000,0.000000,0.000000,0.035669,0.003352,0.00030000
1,95,0.323576,0.000074,25.3222,0.000000,0.000000,0.000000,0.044261,0.012521,0.00030000
1,96,0.492389,0.000111,43.4351,0.000000,0.000000,0.000000,0.059416,0.005550,0.00030000
1,97,0.480921,0.000116,36.6245,0.000000,0.000000,0.000000,0.055216,0.006405,0.00030000
1,98,0.446720,0.000097,43.8981,0.000000,0.000000,0.000000,0.047443,0.005839,0.00030000
1,99,0.339816,0.000081,27.6290,0.000000,0.000000,0.000000,0.024945,0.003405,0.00030000
1,100,0.404559,0.000093,44.7561,0.000000,0.000000,0.000000,0.014279,0.004082,0.00030000
1,101,0.383859,0.000081,33.6086,0.000000,0.000000,0.000000,0.082254,0.008334,0.00030000
1,102,0.391740,0.000093,33.8763,0.000000,0.000000,0.000000,0.023544,0.002632,0.00030000
1,103,0.435869,0.000102,28.0551,0.000000,0.000000,0.000000,0.070200,0.016944,0.00030000
1,104,0.578159,0.000149,29.2680,0.000000,0.000000,0.000000,0.067691,0.004841,0.00030000
1,105,0.466624,0.000113,27.9244,0.000000,0.000000,0.000000,0.067844,0.011774,0.00030000
1,106,0.443347,0.000111,24.0791,0.000000,0.000000,0.000000,0.059457,0.006392,0.00030000
1,107,0.386902,0.000093,25.5320,0.000000,0.000000,0.000000,0.048340,0.006409,0.00030000
1,108,0.468182,0.000125,23.8379,0.000000,0.000000,0.000000,0.028603,0.004577,0.00030000
1,109,0.369051,0.000084,31.6728,0.000000,0.000000,0.000000,0.026739,0.014737,0.00030000
1,110,0.526121,0.000130,22.7414,0.000000,0.000000,0.000000,0.099075,0.022595,0.00030000
1,111,0.418545,0.000095,35.8961,0.000000,0.000000,0.000000,0.042951,0.008747,0.00030000
1,112,0.340567,0.000090,17.5149,0.000000,0.000000,0.000000,0.017963,0.007169,0.00030000
1,113,0.352074,0.000082,32.1618,0.000000,0.000000,0.000000,0.024626,0.005943,0.00030000
1,114,0.394709,0.000100,23.7357,0.000000,0.000000,0.000000,0.033395,0.004583,0.00030000
1,115,0.357422,0.000079,33.8507,0.000000,0.000000,0.000000,0.037414,0.010785,0.00030000
1,116,0.483840,0.000119,32.4238,0.000000,0.000000,0.000000,0.046173,0.005801,0.00030000
1,117,0.438916,0.000110,33.7910,0.000000,0.000000,0.000000,0.009264,0.004900,0.00030000
1,118,0.457328,0.000112,26.4230,0.000000,0.000000,0.000000,0.066866,0.009354,0.00030000
1,119,0.437742,0.000087,57.8254,0.000000,0.000000,0.000000,0.024341,0.003764,0.00030000
1,120,0.516774,0.000120,32.4155,0.000000,0.000000,0.000000,0.110691,0.006337,0.00030000
1,121,0.451176,0.000086,47.9937,0.000000,0.000000,0.000000,0.109213,0.015673,0.00030000
1,122,0.462056,0.000109,30.9457,0.000000,0.000000,0.000000,0.072083,0.010943,0.00030000
1,123,0.350534,0.000088,19.7984,0.000000,0.000000,0.000000,0.041993,0.007722,0.00030000
1,124,0.391456,0.000105,20.7067,0.000000,0.000000,0.000000,0.011660,0.005305,0.00030000
1,125,0.367156,0.000087,30.3061,0.000000,0.000000,0.000000,0.024738,0.006975,0.00030000
1,126,0.304013,0.000077,19.2097,0.000000,0.000000,0.000000,0.017353,0.006924,0.00030000
1,127,0.345180,0.000083,27.6943,0.000000,0.000000,0.000000,0.019222,0.003951,0.00030000
1,128,0.347671,0.000090,13.9519,0.000000,0.000000,0.000000,0.049595,0.006733,0.00030000
1,129,0.470438,0.000104,48.4869,0.000000,0.000000,0.000000,0.028517,0.006341,0.00030000
1,130,0.364820,0.000079,35.0516,0.000000,0.000000,0.000000,0.032203,0.019774,0.00030000
1,131,0.383282,0.000086,40.6666,0.000000,0.000000,0.000000,0.011161,0.006047,0.00030000
1,132,0.401155,0.000097,23.6721,0.000000,0.000000,0.000000,0.043369,0.027007,0.00030000
1,133,0.411328,0.000096,37.6531,0.000000,0.000000,0.000000,0.018212,0.012429,0.00030000
1,134,0.323225,0.000079,28.3662,0.000000,0.000000,0.000000,0.007435,0.003602,0.00030000
1,135,0.530625,0.000129,40.2181,0.000000,0.000000,0.000000,0.042555,0.004386,0.00030000
1,136,0.531728,0.000121,31.1035,0.000000,0.000000,0.000000,0.136269,0.008828,0.00030000
1,137,0.451454,0.000097,48.5171,0.000000,0.000000,0.000000,0.048685,0.006820,0.00030000
1,138,0.320314,0.000071,36.5756,0.000000,0.000000,0.000000,0.008474,0.002356,0.00030000
1,139,0.309233,0.000076,19.8963,0.000000,0.000000,0.000000,0.031994,0.002372,0.00030000
1,140,0.395337,0.000083,43.9869,0.000000,0.000000,0.000000,0.033763,0.003362,0.00030000
1,141,0.294810,0.000071,21.4398,0.000000,0.000000,0.000000,0.028963,0.004502,0.00030000
1,142,0.302510,0.000068,33.1161,0.000000,0.000000,0.000000,0.007795,0.004372,0.00030000
1,143,0.318125,0.000085,17.6266,0.000000,0.000000,0.000000,0.012269,0.003447,0.00030000
1,144,0.414095,0.000087,50.8050,0.000000,0.000000,0.000000,0.010238,0.003829,0.00030000
1,145,0.370436,0.000095,23.2939,0.000000,0.000000,0.000000,0.022479,0.003726,0.00030000
1,146,0.463180,0.000093,60.5800,0.000000,0.000000,0.000000,0.028386,0.002173,0.00030000
1,147,0.432671,0.000100,41.9342,0.000000,0.000000,0.000000,0.031283,0.005458,0.00030000
1,148,0.353884,0.000072,44.6347,0.000000,0.000000,0.000000,0.018786,0.003697,0.00030000
1,149,0.328769,0.000086,18.5317,0.000000,0.000000,0.000000,0.016743,0.002423,0.00030000
1,150,0.515030,0.000105,66.7191,0.000000,0.000000,0.000000,0.016071,0.006422,0.00030000
1,151,0.380702,0.000075,51.1187,0.000000,0.000000,0.000000,0.020719,0.003696,0.00030000
1,152,0.413936,0.000100,32.5839,0.000000,0.000000,0.000000,0.025248,0.002434,0.00030000
1,153,0.316598,0.000078,24.3879,0.000000,0.000000,0.000000,0.015163,0.003646,0.00030000
1,154,0.496354,0.000108,53.1014,0.000000,0.000000,0.000000,0.042832,0.003536,0.00030000
1,155,0.470934,0.000109,38.4159,0.000000,0.000000,0.000000,0.050317,0.006002,0.00030000
1,156,0.448268,0.000110,31.3810,0.000000,0.000000,0.000000,0.036054,0.004539,0.00030000
1,157,0.449426,0.000110,31.0395,0.000000,0.000000,0.000000,0.049430,0.007199,0.00030000
1,158,0.349760,0.000081,28.9771,0.000000,0.000000,0.000000,0.035056,0.005851,0.00030000
1,159,0.307498,0.000076,22.8673,0.000000,0.000000,0.000000,0.014417,0.004966,0.00030000
1,160,0.363963,0.000086,29.7170,0.000000,0.000000,0.000000,0.026229,0.004428,0.00030000
1,161,0.315794,0.000077,26.3135,0.000000,0.000000,0.000000,0.008515,0.003519,0.00030000
1,162,0.308523,0.000079,17.5369,0.000000,0.000000,0.000000,0.026996,0.002066,0.00030000
1,163,0.410112,0.000103,29.6115,0.000000,0.000000,0.000000,0.017180,0.003578,0.00030000
1,164,0.439234,0.000107,36.4074,0.000000,0.000000,0.000000,0.023991,0.002125,0.00030000
1,165,0.402886,0.000099,29.1043,0.000000,0.000000,0.000000,0.023128,0.009514,0.00030000
1,166,0.398803,0.000102,26.4708,0.000000,0.000000,0.000000,0.016966,0.004688,0.00030000
1,167,0.495716,0.000127,32.2419,0.000000,0.000000,0.000000,0.021322,0.004518,0.00030000
1,168,0.343061,0.000093,16.7729,0.000000,0.000000,0.000000,0.009693,0.003044,0.00030000
1,169,0.415740,0.000105,29.7203,0.000000,0.000000,0.000000,0.011522,0.004020,0.00030000
1,170,0.276402,0.000063,27.1843,0.000000,0.000000,0.000000,0.010244,0.005158,0.00030000
1,171,0.447579,0.000116,27.2371,0.000000,0.000000,0.000000,0.021509,0.002816,0.00030000
1,172,0.340456,0.000088,19.8968,0.000000,0.000000,0.000000,0.018461,0.005353,0.00030000
1,173,0.381928,0.000087,36.5781,0.000000,0.000000,0.000000,0.020359,0.003616,0.00030000
1,174,0.322171,0.000086,18.4575,0.000000,0.000000,0.000000,0.006576,0.002414,0.00030000
1,175,0.395049,0.000094,35.2938,0.000000,0.000000,0.000000,0.019474,0.002747,0.00030000
1,176,0.335980,0.000092,14.6855,0.000000,0.000000,0.000000,0.014665,0.003237,0.00030000
1,177,0.306076,0.000078,22.7677,0.000000,0.000000,0.000000,0.005039,0.002341,0.00030000
1,178,0.298916,0.000074,22.3083,0.000000,0.000000,0.000000,0.012829,0.001505,0.00030000
1,179,0.343814,0.000087,22.4693,0.000000,0.000000,0.000000,0.020041,0.002497,0.00030000
1,180,0.429481,0.000114,24.5225,0.000000,0.000000,0.000000,0.016924,0.003493,0.00030000
1,181,0.399452,0.000105,23.7695,0.000000,0.000000,0.000000,0.015899,0.003008,0.00030000
1,182,0.492488,0.000126,31.8209,0.000000,0.000000,0.000000,0.022257,0.003723,0.00030000
1,183,0.316005,0.000071,32.3543,0.000000,0.000000,0.000000,0.007615,0.002504,0.00030000
1,184,0.348628,0.000090,21.7138,0.000000,0.000000,0.000000,0.012595,0.002302,0.00030000
1,185,0.395102,0.000095,32.6964,0.000000,0.000000,0.000000,0.015206,0.005064,0.00030000
1,186,0.298876,0.000081,15.1626,0.000000,0.000000,0.000000,0.007795,0.002098,0.00030000
1,187,0.406488,0.000095,36.6095,0.000000,0.000000,0.000000,0.016894,0.002333,0.00030000
1,188,0.325742,0.000090,12.6300,0.000000,0.000000,0.000000,0.021578,0.002904,0.00030000
1,189,0.408406,0.000089,50.3511,0.000000,0.000000,0.000000,0.030295,0.005743,0.00030000
1,190,0.527887,0.000127,33.3372,0.000000,0.000000,0.000000,0.084636,0.002869,0.00030000
1,191,0.415620,0.000096,37.5399,0.000000,0.000000,0.000000,0.030595,0.005179,0.00030000
1,192,0.385271,0.000109,14.0676,0.000000,0.000000,0.000000,0.011299,0.003256,0.00030000
1,193,0.379925,0.000078,45.8825,0.000000,0.000000,0.000000,0.017782,0.009237,0.00030000
1,194,0.414948,0.000109,22.6465,0.000000,0.000000,0.000000,0.023020,0.004173,0.00030000
1,195,0.464858,0.000096,59.0358,0.000000,0.000000,0.000000,0.017023,0.005651,0.00030000
1,196,0.427118,0.000094,39.6762,0.000000,0.000000,0.000000,0.056878,0.003771,0.00030000
1,197,0.362126,0.000085,32.6739,0.000000,0.000000,0.000000,0.015996,0.003093,0.00030000
1,198,0.305068,0.000081,16.7655,0.000000,0.000000,0.000000,0.012810,0.003505,0.00030000
1,199,0.449774,0.000103,42.9688,0.000000,0.000000,0.000000,0.017658,0.003554,0.00030000
1,200,0.285840,0.000074,18.7689,0.000000,0.000000,0.000000,0.008723,0.002105,0.00030000
1,201,0.338637,0.000068,46.7582,0.000000,0.000000,0.000000,0.007435,0.001600,0.00030000
1,202,0.289480,0.000067,28.3825,0.000000,0.000000,0.000000,0.004609,0.002282,0.00030000
1,203,0.392951,0.000098,31.1143,0.000000,0.000000,0.000000,0.014416,0.001752,0.00030000
1,204,0.299054,0.000079,18.2933,0.000000,0.000000,0.000000,0.011041,0.003766,0.00030000
1,205,0.512155,0.000118,45.3511,0.000000,0.000000,0.000000,0.056309,0.002491,0.00030000
1,206,0.348342,0.000085,26.8514,0.000000,0.000000,0.000000,0.020152,0.004574,0.00030000
1,207,0.379267,0.000085,38.3396,0.000000,0.000000,0.000000,0.025416,0.003236,0.00030000
1,208,0.394837,0.000088,34.9561,0.000000,0.000000,0.000000,0.048648,0.002438,0.00030000
1,209,0.308042,0.000081,18.5230,0.000000,0.000000,0.000000,0.011342,0.002515,0.00030000
1,210,0.353678,0.000066,56.2037,0.000000,0.000000,0.000000,0.008903,0.002379,0.00030000
1,211,0.472122,0.000126,23.7990,0.000000,0.000000,0.000000,0.022669,0.006967,0.00030000
1,212,0.395946,0.000073,61.7464,0.000000,0.000000,0.000000,0.013409,0.003254,0.00030000
1,213,0.374195,0.000083,42.2298,0.000000,0.000000,0.000000,0.008293,0.002814,0.00030000
1,214,0.437540,0.000097,47.3946,0.000000,0.000000,0.000000,0.011161,0.003826,0.00030000
1,215,0.300659,0.000075,22.9531,0.000000,0.000000,0.000000,0.010011,0.002824,0.00030000
1,216,0.388805,0.000080,45.8083,0.000000,0.000000,0.000000,0.026593,0.001651,0.00030000
1,217,0.477440,0.000122,30.2113,0.000000,0.000000,0.000000,0.040648,0.001925,0.00030000
1,218,0.652532,0.000162,44.9545,0.000000,0.000000,0.000000,0.052368,0.004325,0.00030000
1,219,0.418077,0.000087,36.8298,0.000000,0.000000,0.000000,0.091291,0.004370,0.00030000
1,220,0.375256,0.000074,43.1523,0.000000,0.000000,0.000000,0.060038,0.005247,0.00030000
1,221,0.485370,0.000120,26.5170,0.000000,0.000000,0.000000,0.079448,0.007944,0.00030000
1,222,0.470326,0.000116,19.1576,0.000000,0.000000,0.000000,0.109157,0.005089,0.00030000
1,223,0.410336,0.000099,22.3519,0.000000,0.000000,0.000000,0.075120,0.003872,0.00030000
1,224,0.493922,0.000125,22.9676,0.000000,0.000000,0.000000,0.081126,0.004743,0.00030000
1,225,0.423940,0.000086,38.9912,0.000000,0.000000,0.000000,0.103192,0.002022,0.00030000
1,226,0.490980,0.000125,26.3361,0.000000,0.000000,0.000000,0.057212,0.004856,0.00030000
1,227,0.431652,0.000111,25.4467,0.000000,0.000000,0.000000,0.032499,0.002156,0.00030000
1,228,0.414765,0.000097,34.2845,0.000000,0.000000,0.000000,0.032552,0.003180,0.00030000
1,229,0.532565,0.000143,26.4402,0.000000,0.000000,0.000000,0.027201,0.001889,0.00030000
1,230,0.397134,0.000090,39.9633,0.000000,0.000000,0.000000,0.025777,0.003101,0.00030000
1,231,0.448605,0.000104,19.5732,0.000000,0.000000,0.000000,0.140980,0.004208,0.00030000
1,232,0.481231,0.000099,54.9090,0.000000,0.000000,0.000000,0.043941,0.007932,0.00030000
1,233,0.427996,0.000078,42.8405,0.000000,0.000000,0.000000,0.154048,0.008234,0.00030000
1,234,0.381450,0.000077,48.3707,0.000000,0.000000,0.000000,0.019611,0.003465,0.00030000
1,235,0.299309,0.000070,21.1892,0.000000,0.000000,0.000000,0.044812,0.002715,0.00030000
1,236,0.593650,0.000130,65.8803,0.000000,0.000000,0.000000,0.028291,0.005660,0.00030000
1,237,0.427626,0.000105,33.5805,0.000000,0.000000,0.000000,0.024267,0.002967,0.00030000
1,238,0.316919,0.000070,35.3097,0.000000,0.000000,0.000000,0.008293,0.001990,0.00030000
1,239,0.340374,0.000087,20.3418,0.000000,0.000000,0.000000,0.029031,0.002882,0.00030000
1,240,0.471318,0.000108,44.4868,0.000000,0.000000,0.000000,0.023436,0.004219,0.00030000
1,241,0.364510,0.000084,31.4769,0.000000,0.000000,0.000000,0.032543,0.003263,0.00030000
1,242,0.372829,0.000081,42.2956,0.000000,0.000000,0.000000,0.012699,0.003111,0.00030000
1,243,0.282752,0.000067,25.1354,0.000000,0.000000,0.000000,0.011591,0.002530,0.00030000
1,244,0.370060,0.000082,35.2647,0.000000,0.000000,0.000000,0.035632,0.002885,0.00030000
1,245,0.376607,0.000097,22.5918,0.000000,0.000000,0.000000,0.024902,0.001976,0.00030000
1,246,0.406790,0.000084,51.5813,0.000000,0.000000,0.000000,0.008293,0.003050,0.00030000
1,247,0.359623,0.000086,30.6797,0.000000,0.000000,0.000000,0.014665,0.002444,0.00030000
1,248,0.403193,0.000098,30.0103,0.000000,0.000000,0.000000,0.031178,0.004443,0.00030000
1,249,0.307343,0.000082,17.3770,0.000000,0.000000,0.000000,0.009083,0.002093,0.00030000
1,250,0.423680,0.000091,49.2056,0.000000,0.000000,0.000000,0.010621,0.002358,0.00030000
1,251,0.319413,0.000075,26.3766,0.000000,0.000000,0.000000,0.024473,0.003145,0.00030000
1,252,0.306276,0.000068,31.8356,0.000000,0.000000,0.000000,0.018280,0.001835,0.00030000
1,253,0.437768,0.000120,18.8141,0.000000,0.000000,0.000000,0.025132,0.002654,0.00030000
1,254,0.444414,0.000096,52.0987,0.000000,0.000000,0.000000,0.017111,0.002182,0.00030000
1,255,0.492118,0.000125,34.6883,0.000000,0.000000,0.000000,0.016317,0.001700,0.00030000
1,256,0.388414,0.000079,41.5504,0.000000,0.000000,0.000000,0.061799,0.001660,0.00030000
1,257,0.381241,0.000101,22.1789,0.000000,0.000000,0.000000,0.013669,0.002167,0.00030000
1,258,0.395764,0.000088,43.4715,0.000000,0.000000,0.000000,0.013918,0.001962,0.00030000
1,259,0.512363,0.000137,25.9910,0.000000,0.000000,0.000000,0.030764,0.003337,0.00030000
1,260,0.377543,0.000087,41.7752,0.000000,0.000000,0.000000,0.004429,0.002412,0.00030000
1,261,0.480648,0.000122,31.9950,0.000000,0.000000,0.000000,0.030362,0.002055,0.00030000
1,262,0.334819,0.000082,25.2162,0.000000,0.000000,0.000000,0.025082,0.002421,0.00030000
1,263,0.272270,0.000072,16.3991,0.000000,0.000000,0.000000,0.006930,0.001515,0.00030000
1,264,0.414955,0.000101,35.7396,0.000000,0.000000,0.000000,0.012948,0.001762,0.00030000
1,265,0.338111,0.000095,13.1343,0.000000,0.000000,0.000000,0.008903,0.001680,0.00030000
1,266,0.364590,0.000085,37.9386,0.000000,0.000000,0.000000,0.008480,0.002312,0.00030000
1,267,0.430836,0.000111,29.1178,0.000000,0.000000,0.000000,0.017464,0.002609,0.00030000
1,268,0.384923,0.000097,27.6456,0.000000,0.000000,0.000000,0.012699,0.001711,0.00030000
1,269,0.364020,0.000101,14.8984,0.000000,0.000000,0.000000,0.016454,0.002821,0.00030000
1,270,0.483475,0.000128,28.9620,0.000000,0.000000,0.000000,0.013806,0.004791,0.00030000
1,271,0.417194,0.000110,23.6414,0.000000,0.000000,0.000000,0.020920,0.003005,0.00030000
1,272,0.307127,0.000079,20.0748,0.000000,0.000000,0.000000,0.009667,0.004676,0.00030000
1,273,0.532114,0.000134,31.0266,0.000000,0.000000,0.000000,0.069028,0.003644,0.00030000
1,274,0.408097,0.000088,31.0683,0.000000,0.000000,0.000000,0.093784,0.005299,0.00030000
1,275,0.431116,0.000102,37.4553,0.000000,0.000000,0.000000,0.031983,0.003981,0.00030000
1,276,0.314900,0.000079,20.7806,0.000000,0.000000,0.000000,0.021696,0.002371,0.00030000
1,277,0.336747,0.000076,33.8476,0.000000,0.000000,0.000000,0.024626,0.002065,0.00030000
1,278,0.415896,0.000111,17.1386,0.000000,0.000000,0.000000,0.041696,0.002379,0.00030000
1,279,0.400800,0.000078,60.8643,0.000000,0.000000,0.000000,0.017147,0.002484,0.00030000
1,280,0.728087,0.000180,48.9185,0.000000,0.000000,0.000000,0.077916,0.003768,0.00030000
1,281,0.307378,0.000075,24.6560,0.000000,0.000000,0.000000,0.012450,0.002372,0.00030000
1,282,0.420809,0.000115,17.6038,0.000000,0.000000,0.000000,0.025193,0.002584,0.00030000
1,283,0.403781,0.000090,43.8804,0.000000,0.000000,0.000000,0.016314,0.001439,0.00030000
1,284,0.354896,0.000092,22.2574,0.000000,0.000000,0.000000,0.017104,0.002212,0.00030000
1,285,0.343622,0.000085,27.7818,0.000000,0.000000,0.000000,0.010191,0.002441,0.00030000
1,286,0.286296,0.000073,19.3034,0.000000,0.000000,0.000000,0.010011,0.001842,0.00030000
1,287,0.421031,0.000108,28.3111,0.000000,0.000000,0.000000,0.019362,0.002166,0.00030000
1,288,0.318801,0.000088,13.4806,0.000000,0.000000,0.000000,0.009762,0.005556,0.00030000
1,289,0.334506,0.000073,41.6707,0.000000,0.000000,0.000000,0.008870,0.001811,0.00030000
1,290,0.438415,0.000116,24.5979,0.000000,0.000000,0.000000,0.022756,0.002864,0.00030000
1,291,0.394726,0.000098,29.4358,0.000000,0.000000,0.000000,0.019474,0.004523,0.00030000
1,292,0.250361,0.000069,11.7024,0.000000,0.000000,0.000000,0.007864,0.002113,0.00030000
1,293,0.411970,0.000090,51.6379,0.000000,0.000000,0.000000,0.010552,0.003218,0.00030000
1,294,0.396900,0.000101,32.0680,0.000000,0.000000,0.000000,0.005717,0.001873,0.00030000
1,295,0.478267,0.000119,36.2913,0.000000,0.000000,0.000000,0.016966,0.005556,0.00030000
1,296,0.462926,0.000127,22.5120,0.000000,0.000000,0.000000,0.013308,0.006127,0.00030000
1,297,0.495799,0.000100,66.8277,0.000000,0.000000,0.000000,0.010851,0.006752,0.00030000
1,298,0.359040,0.000079,39.2272,0.000000,0.000000,0.000000,0.010870,0.003047,0.00030000
1,299,0.372167,0.000092,28.6009,0.000000,0.000000,0.000000,0.011050,0.001487,0.00030000
1,300,0.300085,0.000079,18.4999,0.000000,0.000000,0.000000,0.007795,0.002371,0.00030000
1,301,0.378137,0.000073,55.4205,0.000000,0.000000,0.000000,0.009332,0.002075,0.00030000
1,302,0.358305,0.000089,28.7775,0.000000,0.000000,0.000000,0.009873,0.001915,0.00030000
1,303,0.357423,0.000075,41.7990,0.000000,0.000000,0.000000,0.021150,0.001701,0.00030000
1,304,0.327739,0.000085,18.3670,0.000000,0.000000,0.000000,0.023503,0.002536,0.00030000
1,305,0.478712,0.000101,53.1124,0.000000,0.000000,0.000000,0.043463,0.002082,0.00030000
1,306,0.572862,0.000137,47.3210,0.000000,0.000000,0.000000,0.042120,0.004308,0.00030000
1,307,0.560829,0.000130,47.8165,0.000000,0.000000,0.000000,0.054163,0.003422,0.00030000
1,308,0.563911,0.000142,33.1440,0.000000,0.000000,0.000000,0.056514,0.004780,0.00030000
1,309,0.446804,0.000088,56.3294,0.000000,0.000000,0.000000,0.044125,0.003617,0.00030000
1,310,0.337664,0.000068,35.9651,0.000000,0.000000,0.000000,0.054897,0.003951,0.00030000
1,311,0.375783,0.000085,39.1689,0.000000,0.000000,0.000000,0.012948,0.002566,0.00030000
1,312,0.362573,0.000092,23.7112,0.000000,0.000000,0.000000,0.019770,0.002895,0.00030000
1,313,0.351198,0.000066,49.4828,0.000000,0.000000,0.000000,0.028924,0.002411,0.00030000
1,314,0.340152,0.000085,25.3937,0.000000,0.000000,0.000000,0.010323,0.004458,0.00030000
1,315,0.554121,0.000130,37.7511,0.000000,0.000000,0.000000,0.094786,0.002755,0.00030000
1,316,0.525755,0.000142,26.1491,0.000000,0.000000,0.000000,0.024410,0.003087,0.00030000
1,317,0.499202,0.000121,42.9275,0.000000,0.000000,0.000000,0.021122,0.003457,0.00030000
1,318,0.392334,0.000099,27.0173,0.000000,0.000000,0.000000,0.016924,0.001770,0.00030000
1,319,0.359214,0.000085,29.7868,0.000000,0.000000,0.000000,0.022686,0.003015,0.00030000
1,320,0.454677,0.000128,14.1816,0.000000,0.000000,0.000000,0.027815,0.004386,0.00030000
1,321,0.596404,0.000138,52.4685,0.000000,0.000000,0.000000,0.042808,0.005827,0.00030000
1,322,0.606351,0.000161,30.9781,0.000000,0.000000,0.000000,0.029747,0.005785,0.00030000
1,323,0.467973,0.000115,34.7322,0.000000,0.000000,0.000000,0.037064,0.002892,0.00030000
1,324,0.539638,0.000142,23.6304,0.000000,0.000000,0.000000,0.062015,0.004729,0.00030000
1,325,0.530725,0.000131,40.2695,0.000000,0.000000,0.000000,0.024491,0.005829,0.00030000
1,326,0.477691,0.000126,25.4669,0.000000,0.000000,0.000000,0.029050,0.004586,0.00030000
1,327,0.586593,0.000150,38.2319,0.000000,0.000000,0.000000,0.029119,0.003795,0.00030000
1,328,0.476251,0.000129,21.3713,0.000000,0.000000,0.000000,0.025277,0.003467,0.00030000
1,329,0.465356,0.000116,33.1116,0.000000,0.000000,0.000000,0.020425,0.002979,0.00030000
1,330,0.492368,0.000131,25.0661,0.000000,0.000000,0.000000,0.022995,0.003526,0.00030000
1,331,0.520317,0.000132,35.5555,0.000000,0.000000,0.000000,0.020961,0.003130,0.00030000
1,332,0.548179,0.000148,22.4613,0.000000,0.000000,0.000000,0.052890,0.001842,0.00030000
1,333,0.443057,0.000106,31.3703,0.000000,0.000000,0.000000,0.048956,0.003496,0.00030000
1,334,0.533048,0.000137,32.8658,0.000000,0.000000,0.000000,0.038980,0.002643,0.00030000
1,335,0.419781,0.000102,35.5120,0.000000,0.000000,0.000000,0.013489,0.002693,0.00030000
1,336,0.324010,0.000078,27.3498,0.000000,0.000000,0.000000,0.018074,0.001700,0.00030000
1,337,0.477368,0.000134,18.4200,0.000000,0.000000,0.000000,0.018780,0.002447,0.00030000
1,338,0.353572,0.000076,40.5519,0.000000,0.000000,0.000000,0.013197,0.004525,0.00030000
1,339,0.427030,0.000120,14.7479,0.000000,0.000000,0.000000,0.023546,0.002447,0.00030000
1,340,0.446265,0.000083,70.8597,0.000000,0.000000,0.000000,0.004172,0.003237,0.00030000
1,341,0.472694,0.000097,52.3008,0.000000,0.000000,0.000000,0.072685,0.001958,0.00030000
1,342,0.514359,0.000131,32.4019,0.000000,0.000000,0.000000,0.046417,0.002107,0.00030000
1,343,0.544172,0.000138,33.9228,0.000000,0.000000,0.000000,0.044283,0.002128,0.00030000
1,344,0.482512,0.000126,25.0121,0.000000,0.000000,0.000000,0.042524,0.002962,0.00030000
1,345,0.447968,0.000118,24.1698,0.000000,0.000000,0.000000,0.027638,0.001886,0.00030000
1,346,0.423350,0.000109,24.3282,0.000000,0.000000,0.000000,0.032583,0.004760,0.00030000
1,347,0.439582,0.000114,26.6313,0.000000,0.000000,0.000000,0.024765,0.003275,0.00030000
1,348,0.469188,0.000122,27.9854,0.000000,0.000000,0.000000,0.021695,0.003281,0.00030000
1,349,0.383818,0.000101,19.6967,0.000000,0.000000,0.000000,0.030792,0.001973,0.00030000
1,350,0.396296,0.000107,20.5107,0.000000,0.000000,0.000000,0.009582,0.001744,0.00030000
1,351,0.560097,0.000143,27.9498,0.000000,0.000000,0.000000,0.070418,0.005771,0.00030000
1,352,0.397509,0.000105,20.3338,0.000000,0.000000,0.000000,0.027523,0.002797,0.00030000
1,353,0.366769,0.000090,24.3194,0.000000,0.000000,0.000000,0.037370,0.002334,0.00030000
1,354,0.368971,0.000092,26.8551,0.000000,0.000000,0.000000,0.016065,0.001213,0.00030000
1,355,0.389143,0.000108,16.6096,0.000000,0.000000,0.000000,0.009513,0.002400,0.00030000
1,356,0.314662,0.000083,21.1488,0.000000,0.000000,0.000000,0.005717,0.001492,0.00030000
1,357,0.307329,0.000082,18.8139,0.000000,0.000000,0.000000,0.004172,0.001351,0.00030000
1,358,0.483727,0.000121,28.9036,0.000000,0.000000,0.000000,0.056103,0.002069,0.00030000
1,359,0.368860,0.000094,21.5896,0.000000,0.000000,0.000000,0.030369,0.002140,0.00030000
1,360,0.348296,0.000087,22.1508,0.000000,0.000000,0.000000,0.029461,0.002288,0.00030000
1,361,0.450171,0.000118,21.5637,0.000000,0.000000,0.000000,0.045922,0.002515,0.00030000
1,362,0.934996,0.000255,37.0319,0.000000,0.000000,0.000000,0.078263,0.002524,0.00030000
1,363,0.750833,0.000207,29.3032,0.000000,0.000000,0.000000,0.045302,0.003713,0.00030000
1,364,0.654630,0.000178,27.2347,0.000000,0.000000,0.000000,0.051247,0.003069,0.00030000
1,365,0.781105,0.000203,32.2633,0.000000,0.000000,0.000000,0.114995,0.003810,0.00030000
1,366,0.518427,0.000132,24.7570,0.000000,0.000000,0.000000,0.085320,0.002615,0.00030000
1,367,0.591296,0.000149,43.1245,0.000000,0.000000,0.000000,0.024377,0.006153,0.00030000
1,368,0.369788,0.000087,26.4545,0.000000,0.000000,0.000000,0.052235,0.002477,0.00030000
1,369,0.445974,0.000111,31.1213,0.000000,0.000000,0.000000,0.027161,0.003842,0.00030000
1,370,0.350960,0.000092,19.7377,0.000000,0.000000,0.000000,0.024085,0.002319,0.00030000
1,371,0.467520,0.000106,48.2412,0.000000,0.000000,0.000000,0.025846,0.003367,0.00030000
1,372,0.317616,0.000073,31.9824,0.000000,0.000000,0.000000,0.005898,0.002440,0.00030000
1,373,0.389997,0.000098,25.9989,0.000000,0.000000,0.000000,0.029109,0.002576,0.00030000
1,374,0.277325,0.000067,24.7530,0.000000,0.000000,0.000000,0.005546,0.001027,0.00030000
1,375,0.360367,0.000081,38.8986,0.000000,0.000000,0.000000,0.018504,0.001290,0.00030000
1,376,0.393014,0.000093,33.8092,0.000000,0.000000,0.000000,0.018864,0.002047,0.00030000
1,377,0.368975,0.000092,27.5907,0.000000,0.000000,0.000000,0.016675,0.001427,0.00030000
1,378,0.379318,0.000096,28.2673,0.000000,0.000000,0.000000,0.011660,0.001459,0.00030000
1,379,0.273195,0.000070,16.2338,0.000000,0.000000,0.000000,0.019998,0.001112,0.00030000
1,380,0.352447,0.000077,38.5441,0.000000,0.000000,0.000000,0.015206,0.001266,0.00030000
1,381,0.317484,0.000087,12.4987,0.000000,0.000000,0.000000,0.020650,0.003390,0.00030000
1,382,0.348208,0.000086,30.8487,0.000000,0.000000,0.000000,0.007458,0.003419,0.00030000
1,383,0.445625,0.000124,16.4504,0.000000,0.000000,0.000000,0.024210,0.002253,0.00030000
1,384,0.449534,0.000100,47.8204,0.000000,0.000000,0.000000,0.043080,0.003215,0.00030000
1,385,0.390640,0.000096,33.7122,0.000000,0.000000,0.000000,0.007795,0.002225,0.00030000
1,386,0.395011,0.000088,46.5186,0.000000,0.000000,0.000000,0.015027,0.002460,0.00030000
1,387,0.372670,0.000093,27.0462,0.000000,0.000000,0.000000,0.018821,0.002104,0.00030000
1,388,0.479102,0.000110,47.1800,0.000000,0.000000,0.000000,0.014596,0.002649,0.00030000
1,389,0.348961,0.000085,26.7668,0.000000,0.000000,0.000000,0.022437,0.002977,0.00030000
1,390,0.337090,0.000073,36.0100,0.000000,0.000000,0.000000,0.023227,0.002980,0.00030000
1,391,0.274327,0.000068,22.0238,0.000000,0.000000,0.000000,0.004172,0.001808,0.00030000
2,1,0.562227,0.000147,27.5029,0.000000,0.000000,0.000000,0.060039,0.004041,0.00027135
2,2,0.510908,0.000137,26.4996,0.000000,0.000000,0.000000,0.024565,0.003288,0.00027135
2,3,0.422244,0.000113,21.1094,0.000000,0.000000,0.000000,0.020720,0.002873,0.00027135
2,4,0.505941,0.000138,22.8281,0.000000,0.000000,0.000000,0.023657,0.002378,0.00027135
2,5,0.462807,0.000120,28.5017,0.000000,0.000000,0.000000,0.016171,0.002784,0.00027135
2,6,0.485147,0.000136,16.5588,0.000000,0.000000,0.000000,0.025772,0.002627,0.00027135
2,7,0.417151,0.000110,24.8022,0.000000,0.000000,0.000000,0.015178,0.002462,0.00027135
2,8,0.456066,0.000130,15.6636,0.000000,0.000000,0.000000,0.016102,0.002326,0.00027135
2,9,0.423737,0.000105,32.5421,0.000000,0.000000,0.000000,0.016121,0.002325,0.00027135
2,10,0.494255,0.000141,15.4968,0.000000,0.000000,0.000000,0.023338,0.002495,0.00027135
2,11,0.461835,0.000121,28.9375,0.000000,0.000000,0.000000,0.014277,0.002392,0.00027135
2,12,0.410610,0.000114,16.2345,0.000000,0.000000,0.000000,0.015074,0.002549,0.00027135
2,13,0.522212,0.000127,44.8700,0.000000,0.000000,0.000000,0.009015,0.002904,0.00027135
2,14,0.482987,0.000128,27.1925,0.000000,0.000000,0.000000,0.016563,0.002787,0.00027135
2,15,0.561852,0.000144,38.7831,0.000000,0.000000,0.000000,0.024020,0.002764,0.00027135
2,16,0.433246,0.000113,27.0352,0.000000,0.000000,0.000000,0.011230,0.002805,0.00027135
2,17,0.395820,0.000097,33.5337,0.000000,0.000000,0.000000,0.009667,0.002599,0.00027135
2,18,0.396237,0.000108,17.5753,0.000000,0.000000,0.000000,0.023705,0.003052,0.00027135
2,19,0.438114,0.000103,44.4245,0.000000,0.000000,0.000000,0.014306,0.002057,0.00027135
2,20,0.433930,0.000110,30.2024,0.000000,0.000000,0.000000,0.016966,0.002521,0.00027135
2,21,0.414679,0.000107,27.5829,0.000000,0.000000,0.000000,0.016363,0.002416,0.00027135
2,22,0.448196,0.000112,35.0469,0.000000,0.000000,0.000000,0.013922,0.002262,0.00027135
2,23,0.356714,0.000101,12.9545,0.000000,0.000000,0.000000,0.010483,0.002294,0.00027135
2,24,0.524674,0.000114,61.0661,0.000000,0.000000,0.000000,0.013128,0.002413,0.00027135
2,25,0.398152,0.000096,34.9653,0.000000,0.000000,0.000000,0.010016,0.001730,0.00027135
2,26,0.449462,0.000109,34.2393,0.000000,0.000000,0.000000,0.035853,0.001770,0.00027135
2,27,0.346148,0.000090,19.3337,0.000000,0.000000,0.000000,0.027410,0.002320,0.00027135
2,28,0.358377,0.000081,36.8634,0.000000,0.000000,0.000000,0.014347,0.002515,0.00027135
2,29,0.509264,0.000136,27.5341,0.000000,0.000000,0.000000,0.026678,0.003047,0.00027135
2,30,0.384789,0.000092,32.1191,0.000000,0.000000,0.000000,0.015137,0.003399,0.00027135
2,31,0.325968,0.000081,24.0503,0.000000,0.000000,0.000000,0.011050,0.002197,0.00027135
2,32,0.356764,0.000083,31.2806,0.000000,0.000000,0.000000,0.020865,0.002604,0.00027135
2,33,0.341844,0.000091,17.2496,0.000000,0.000000,0.000000,0.020444,0.002052,0.00027135
2,34,0.326591,0.000076,30.4835,0.000000,0.000000,0.000000,0.008517,0.002931,0.00027135
2,35,0.467572,0.000125,18.5469,0.000000,0.000000,0.000000,0.048406,0.002635,0.00027135
2,36,0.469499,0.000119,31.5025,0.000000,0.000000,0.000000,0.021613,0.003130,0.00027135
2,37,0.428350,0.000117,20.0410,0.000000,0.000000,0.000000,0.012229,0.002862,0.00027135
2,38,0.442856,0.000111,32.5729,0.000000,0.000000,0.000000,0.015351,0.002338,0.00027135
2,39,0.399635,0.000107,20.9102,0.000000,0.000000,0.000000,0.015206,0.002318,0.00027135
2,40,0.429179,0.000111,27.9248,0.000000,0.000000,0.000000,0.009332,0.002317,0.00027135
2,41,0.415587,0.000113,19.3231,0.000000,0.000000,0.000000,0.016523,0.002646,0.00027135
2,42,0.455762,0.000116,32.5026,0.000000,0.000000,0.000000,0.007995,0.002432,0.00027135
2,43,0.553004,0.000151,21.4239,0.000000,0.000000,0.000000,0.043898,0.001500,0.00027135
2,44,0.441286,0.000110,30.2560,0.000000,0.000000,0.000000,0.026567,0.003695,0.00027135
2,45,0.298429,0.000078,18.3456,0.000000,0.000000,0.000000,0.009693,0.002293,0.00027135
2,46,0.405835,0.000096,36.8424,0.000000,0.000000,0.000000,0.014596,0.002271,0.00027135
2,47,0.340113,0.000087,20.7015,0.000000,0.000000,0.000000,0.024155,0.001910,0.00027135
2,48,0.448114,0.000112,31.0863,0.000000,0.000000,0.000000,0.034338,0.001906,0.00027135
2,49,0.453511,0.000123,18.7524,0.000000,0.000000,0.000000,0.040316,0.002560,0.00027135
2,50,0.413492,0.000092,44.0632,0.000000,0.000000,0.000000,0.008405,0.002887,0.00027135
2,51,0.326556,0.000080,19.6841,0.000000,0.000000,0.000000,0.048519,0.001393,0.00027135
2,52,0.477502,0.000117,34.6114,0.000000,0.000000,0.000000,0.041281,0.003598,0.00027135
2,53,0.421679,0.000112,20.4589,0.000000,0.000000,0.000000,0.026351,0.002721,0.00027135
2,54,0.392626,0.000102,24.1539,0.000000,0.000000,0.000000,0.020687,0.002053,0.00027135
2,55,0.330134,0.000091,13.6473,0.000000,0.000000,0.000000,0.015996,0.002179,0.00027135
2,56,0.468614,0.000110,41.1738,0.000000,0.000000,0.000000,0.028638,0.002552,0.00027135
2,57,0.360093,0.000100,14.9231,0.000000,0.000000,0.000000,0.015151,0.002219,0.00027135
2,58,0.501201,0.000113,52.8059,0.000000,0.000000,0.000000,0.017939,0.002775,0.00027135
2,59,0.465877,0.000116,36.6649,0.000000,0.000000,0.000000,0.013275,0.002303,0.00027135
2,60,0.387208,0.000098,26.7362,0.000000,0.000000,0.000000,0.017742,0.001956,0.00027135
2,61,0.334930,0.000082,26.9116,0.000000,0.000000,0.000000,0.012948,0.001210,0.00027135
2,62,0.304521,0.000075,20.7405,0.000000,0.000000,0.000000,0.025306,0.002125,0.00027135
2,63,0.315217,0.000077,21.6703,0.000000,0.000000,0.000000,0.034115,0.002033,0.00027135
2,64,0.471055,0.000124,28.3134,0.000000,0.000000,0.000000,0.012382,0.003418,0.00027135
2,65,0.408318,0.000110,16.6953,0.000000,0.000000,0.000000,0.035192,0.003449,0.00027135
2,66,0.437775,0.000112,28.1305,0.000000,0.000000,0.000000,0.023837,0.005225,0.00027135
2,67,0.380663,0.000094,22.0777,0.000000,0.000000,0.000000,0.054675,0.002404,0.00027135
2,68,0.387469,0.000078,42.3548,0.000000,0.000000,0.000000,0.063883,0.004449,0.00027135
2,69,0.385699,0.000099,23.2726,0.000000,0.000000,0.000000,0.027565,0.002824,0.00027135
2,70,0.441596,0.000091,55.4224,0.000000,0.000000,0.000000,0.019474,0.002447,0.00027135
2,71,0.333014,0.000077,33.2679,0.000000,0.000000,0.000000,0.004429,0.002403,0.00027135
2,72,0.441643,0.000106,37.2502,0.000000,0.000000,0.000000,0.019929,0.002355,0.00027135
2,73,0.360653,0.000100,16.3781,0.000000,0.000000,0.000000,0.010440,0.001977,0.00027135
2,74,0.406372,0.000087,48.1470,0.000000,0.000000,0.000000,0.007615,0.002315,0.00027135
2,75,0.435182,0.000110,31.2703,0.000000,0.000000,0.000000,0.015206,0.002700,0.00027135
2,76,0.400077,0.000088,41.8251,0.000000,0.000000,0.000000,0.025986,0.001619,0.00027135
2,77,0.538064,0.000144,26.2206,0.000000,0.000000,0.000000,0.043177,0.002209,0.00027135
2,78,0.550104,0.000128,49.4038,0.000000,0.000000,0.000000,0.047494,0.003466,0.00027135
2,79,0.575859,0.000144,40.6091,0.000000,0.000000,0.000000,0.042531,0.001508,0.00027135
2,80,0.553699,0.000149,23.4603,0.000000,0.000000,0.000000,0.046957,0.006632,0.00027135
2,81,0.414845,0.000112,16.7452,0.000000,0.000000,0.000000,0.035238,0.004820,0.00027135
2,82,0.418211,0.000099,37.0954,0.000000,0.000000,0.000000,0.020762,0.003470,0.00027135
2,83,0.341136,0.000088,19.8672,0.000000,0.000000,0.000000,0.024197,0.003393,0.00027135
2,84,0.381491,0.000094,32.2814,0.000000,0.000000,0.000000,0.008834,0.001912,0.00027135
2,85,0.356375,0.000098,16.3778,0.000000,0.000000,0.000000,0.010821,0.002801,0.00027135
2,86,0.561094,0.000139,35.2643,0.000000,0.000000,0.000000,0.060681,0.003579,0.00027135
2,87,0.422628,0.000117,17.3627,0.000000,0.000000,0.000000,0.015996,0.003106,0.00027135
2,88,0.450616,0.000102,44.1459,0.000000,0.000000,0.000000,0.027966,0.002286,0.00027135
2,89,0.433929,0.000118,21.0592,0.000000,0.000000,0.000000,0.016717,0.003014,0.00027135
2,90,0.396781,0.000094,33.3605,0.000000,0.000000,0.000000,0.029648,0.001700,0.00027135
2,91,0.408591,0.000107,23.7257,0.000000,0.000000,0.000000,0.023726,0.002699,0.00027135
2,92,0.450785,0.000107,33.5331,0.000000,0.000000,0.000000,0.055935,0.005532,0.00027135
2,93,0.332556,0.000082,23.6486,0.000000,0.000000,0.000000,0.023425,0.003431,0.00027135
2,94,0.422336,0.000099,42.5552,0.000000,0.000000,0.000000,0.013806,0.001836,0.00027135
2,95,0.300020,0.000075,18.9056,0.000000,0.000000,0.000000,0.027591,0.001298,0.00027135
2,96,0.460328,0.000120,28.5450,0.000000,0.000000,0.000000,0.012450,0.002244,0.00027135
2,97,0.446864,0.000126,16.9156,0.000000,0.000000,0.000000,0.014416,0.001236,0.00027135
2,98,0.324805,0.000074,31.7783,0.000000,0.000000,0.000000,0.011230,0.001665,0.00027135
2,99,0.343647,0.000090,21.6305,0.000000,0.000000,0.000000,0.005717,0.001072,0.00027135
2,100,0.298250,0.000067,30.2436,0.000000,0.000000,0.000000,0.010801,0.001218,0.00027135
2,101,0.324315,0.000087,14.9347,0.000000,0.000000,0.000000,0.025013,0.002020,0.00027135
2,102,0.384473,0.000087,40.8226,0.000000,0.000000,0.000000,0.017114,0.001743,0.00027135
2,103,0.440325,0.000114,27.9567,0.000000,0.000000,0.000000,0.017964,0.001353,0.00027135
2,104,0.554836,0.000151,27.3713,0.000000,0.000000,0.000000,0.018684,0.001952,0.00027135
2,105,0.411454,0.000099,32.1994,0.000000,0.000000,0.000000,0.034976,0.002666,0.00027135
2,106,0.386836,0.000109,14.1159,0.000000,0.000000,0.000000,0.012588,0.002036,0.00027135
2,107,0.387729,0.000095,28.6442,0.000000,0.000000,0.000000,0.026525,0.001106,0.00027135
2,108,0.460039,0.000126,18.2320,0.000000,0.000000,0.000000,0.029419,0.002939,0.00027135
2,109,0.335144,0.000077,30.7163,0.000000,0.000000,0.000000,0.020247,0.002099,0.00027135
2,110,0.472628,0.000122,26.9373,0.000000,0.000000,0.000000,0.043663,0.002510,0.00027135
2,111,0.404327,0.000088,36.7142,0.000000,0.000000,0.000000,0.053873,0.002733,0.00027135
2,112,0.297112,0.000081,13.8271,0.000000,0.000000,0.000000,0.012338,0.001909,0.00027135
2,113,0.315824,0.000075,30.4853,0.000000,0.000000,0.000000,0.009873,0.002145,0.00027135
2,114,0.290972,0.000073,22.2619,0.000000,0.000000,0.000000,0.005288,0.001274,0.00027135
2,115,0.334161,0.000067,44.2912,0.000000,0.000000,0.000000,0.011660,0.001161,0.00027135
2,116,0.398624,0.000106,24.0321,0.000000,0.000000,0.000000,0.006507,0.001681,0.00027135
2,117,0.439116,0.000103,40.7715,0.000000,0.000000,0.000000,0.008474,0.001990,0.00027135
2,118,0.353645,0.000096,20.0056,0.000000,0.000000,0.000000,0.006147,0.002215,0.00027135
2,119,0.373547,0.000076,49.2884,0.000000,0.000000,0.000000,0.009447,0.001309,0.00027135
2,120,0.349924,0.000087,25.3372,0.000000,0.000000,0.000000,0.018890,0.001709,0.00027135
2,121,0.421932,0.000087,48.1984,0.000000,0.000000,0.000000,0.039559,0.003062,0.00027135
2,122,0.435533,0.000111,23.6545,0.000000,0.000000,0.000000,0.050580,0.002555,0.00027135
2,123,0.371122,0.000083,38.2007,0.000000,0.000000,0.000000,0.015069,0.002938,0.00027135
2,124,0.279412,0.000068,21.9671,0.000000,0.000000,0.000000,0.014347,0.001526,0.00027135
2,125,0.349284,0.000068,47.3841,0.000000,0.000000,0.000000,0.021870,0.001263,0.00027135
2,126,0.325094,0.000073,31.8613,0.000000,0.000000,0.000000,0.018031,0.002028,0.00027135
2,127,0.351961,0.000079,35.6730,0.000000,0.000000,0.000000,0.016886,0.001451,0.00027135
2,128,0.356173,0.000087,29.1637,0.000000,0.000000,0.000000,0.012450,0.001301,0.00027135
2,129,0.426121,0.000097,44.1291,0.000000,0.000000,0.000000,0.007435,0.002111,0.00027135
2,130,0.342715,0.000078,29.5564,0.000000,0.000000,0.000000,0.043018,0.003017,0.00027135
2,131,0.333850,0.000077,34.7088,0.000000,0.000000,0.000000,0.008654,0.002538,0.00027135
2,132,0.334844,0.000088,16.8995,0.000000,0.000000,0.000000,0.027769,0.002321,0.00027135
2,133,0.378612,0.000094,30.8360,0.000000,0.000000,0.000000,0.007727,0.001634,0.00027135
2,134,0.253505,0.000064,17.4315,0.000000,0.000000,0.000000,0.009513,0.001164,0.00027135
2,135,0.515933,0.000122,47.1665,0.000000,0.000000,0.000000,0.025193,0.001565,0.00027135
2,136,0.485170,0.000119,34.9409,0.000000,0.000000,0.000000,0.050227,0.002214,0.00027135
2,137,0.365490,0.000091,25.0480,0.000000,0.000000,0.000000,0.024986,0.003477,0.00027135
2,138,0.267843,0.000068,19.1444,0.000000,0.000000,0.000000,0.010552,0.002870,0.00027135
2,139,0.323919,0.000081,23.9201,0.000000,0.000000,0.000000,0.010801,0.004062,0.00027135
2,140,0.314161,0.000085,15.4011,0.000000,0.000000,0.000000,0.015554,0.003162,0.00027135
2,141,0.314523,0.000082,19.1824,0.000000,0.000000,0.000000,0.013738,0.002119,0.00027135
2,142,0.262697,0.000072,13.1809,0.000000,0.000000,0.000000,0.005468,0.002231,0.00027135
2,143,0.362627,0.000094,20.8817,0.000000,0.000000,0.000000,0.025124,0.001641,0.00027135
2,144,0.349188,0.000086,30.3578,0.000000,0.000000,0.000000,0.010629,0.001693,0.00027135
2,145,0.294962,0.000082,12.0644,0.000000,0.000000,0.000000,0.011230,0.001824,0.00027135
2,146,0.418729,0.000101,37.9397,0.000000,0.000000,0.000000,0.012630,0.000861,0.00027135
2,147,0.398348,0.000101,24.7691,0.000000,0.000000,0.000000,0.026953,0.001614,0.00027135
2,148,0.268241,0.000066,18.5846,0.000000,0.000000,0.000000,0.024626,0.000770,0.00027135
2,149,0.304220,0.000080,17.3781,0.000000,0.000000,0.000000,0.012518,0.001241,0.00027135
2,150,0.401566,0.000103,26.2194,0.000000,0.000000,0.000000,0.012312,0.002045,0.00027135
2,151,0.260042,0.000069,14.1541,0.000000,0.000000,0.000000,0.010483,0.001289,0.00027135
2,152,0.370785,0.000093,26.0286,0.000000,0.000000,0.000000,0.020762,0.001072,0.00027135
2,153,0.269900,0.000074,10.7563,0.000000,0.000000,0.000000,0.020439,0.000841,0.00027135
2,154,0.439443,0.000105,34.0626,0.000000,0.000000,0.000000,0.034047,0.003324,0.00027135
2,155,0.423986,0.000109,17.4105,0.000000,0.000000,0.000000,0.072116,0.003940,0.00027135
2,156,0.475958,0.000104,53.1623,0.000000,0.000000,0.000000,0.021938,0.003095,0.00027135
2,157,0.428585,0.000107,33.0740,0.000000,0.000000,0.000000,0.021871,0.004053,0.00027135
2,158,0.360713,0.000084,31.3251,0.000000,0.000000,0.000000,0.020178,0.005860,0.00027135
2,159,0.299236,0.000073,20.4051,0.000000,0.000000,0.000000,0.033077,0.003456,0.00027135
2,160,0.341261,0.000080,32.7041,0.000000,0.000000,0.000000,0.021037,0.002208,0.00027135
2,161,0.321229,0.000086,18.3225,0.000000,0.000000,0.000000,0.009266,0.002200,0.00027135
2,162,0.504449,0.000114,54.7665,0.000000,0.000000,0.000000,0.015166,0.001454,0.00027135
2,163,0.484153,0.000118,40.6472,0.000000,0.000000,0.000000,0.022810,0.001759,0.00027135
2,164,0.380013,0.000099,22.2199,0.000000,0.000000,0.000000,0.022686,0.001394,0.00027135
2,165,0.449448,0.000105,40.7867,0.000000,0.000000,0.000000,0.033815,0.003536,0.00027135
2,166,0.394754,0.000106,19.8699,0.000000,0.000000,0.000000,0.015567,0.003041,0.00027135
2,167,0.484535,0.000125,31.8762,0.000000,0.000000,0.000000,0.024905,0.003750,0.00027135
2,168,0.350021,0.000092,20.7199,0.000000,0.000000,0.000000,0.010621,0.002307,0.00027135
2,169,0.433227,0.000114,26.0035,0.000000,0.000000,0.000000,0.015885,0.002782,0.00027135
2,170,0.279265,0.000072,17.4245,0.000000,0.000000,0.000000,0.010244,0.001401,0.00027135
2,171,0.473813,0.000109,41.1314,0.000000,0.000000,0.000000,0.045557,0.002499,0.00027135
2,172,0.369940,0.000101,15.3960,0.000000,0.000000,0.000000,0.024515,0.001047,0.00027135
2,173,0.410472,0.000091,46.9749,0.000000,0.000000,0.000000,0.012630,0.001962,0.00027135
2,174,0.341574,0.000084,31.1935,0.000000,0.000000,0.000000,0.004180,0.001373,0.00027135
2,175,0.415679,0.000098,38.8161,0.000000,0.000000,0.000000,0.009693,0.001822,0.00027135
2,176,0.326485,0.000086,18.2352,0.000000,0.000000,0.000000,0.018933,0.001013,0.00027135
2,177,0.378699,0.000079,47.5192,0.000000,0.000000,0.000000,0.004790,0.001137,0.00027135
2,178,0.297657,0.000069,27.8422,0.000000,0.000000,0.000000,0.014550,0.000716,0.00027135
2,179,0.357288,0.000085,32.5311,0.000000,0.000000,0.000000,0.009015,0.001565,0.00027135
2,180,0.432690,0.000117,20.8870,0.000000,0.000000,0.000000,0.019121,0.001885,0.00027135
2,181,0.462206,0.000101,50.4253,0.000000,0.000000,0.000000,0.035078,0.001077,0.00027135
2,182,0.489722,0.000122,39.5833,0.000000,0.000000,0.000000,0.011529,0.001536,0.00027135
2,183,0.283745,0.000066,27.0701,0.000000,0.000000,0.000000,0.009083,0.001210,0.00027135
2,184,0.335642,0.000085,22.9610,0.000000,0.000000,0.000000,0.021191,0.001189,0.00027135
2,185,0.348634,0.000093,19.6634,0.000000,0.000000,0.000000,0.009513,0.002618,0.00027135
2,186,0.294034,0.000071,26.8069,0.000000,0.000000,0.000000,0.002712,0.000981,0.00027135
2,187,0.269164,0.000068,20.2192,0.000000,0.000000,0.000000,0.002798,0.001356,0.00027135
2,188,0.375892,0.000101,20.9953,0.000000,0.000000,0.000000,0.008044,0.001533,0.00027135
2,189,0.263478,0.000071,14.3154,0.000000,0.000000,0.000000,0.003570,0.000912,0.00027135
2,190,0.773468,0.000228,22.1918,0.000000,0.000000,0.000000,0.007864,0.001715,0.00027135
2,191,0.423805,0.000113,24.2093,0.000000,0.000000,0.000000,0.012990,0.002214,0.00027135
2,192,0.386164,0.000101,24.6607,0.000000,0.000000,0.000000,0.011660,0.002256,0.00027135
2,193,0.269714,0.000074,12.2112,0.000000,0.000000,0.000000,0.011161,0.001390,0.00027135
2,194,0.375413,0.000088,35.7736,0.000000,0.000000,0.000000,0.010122,0.002505,0.00027135
2,195,0.354608,0.000091,21.5772,0.000000,0.000000,0.000000,0.021114,0.001127,0.00027135
2,196,0.369001,0.000090,29.8641,0.000000,0.000000,0.000000,0.021758,0.002789,0.00027135
2,197,0.333093,0.000093,12.1996,0.000000,0.000000,0.000000,0.019319,0.002040,0.00027135
2,198,0.470158,0.000102,53.0037,0.000000,0.000000,0.000000,0.024626,0.003702,0.00027135
2,199,0.577963,0.000146,40.7042,0.000000,0.000000,0.000000,0.035094,0.005860,0.00027135
2,200,0.380185,0.000097,26.7489,0.000000,0.000000,0.000000,0.009513,0.001253,0.00027135
2,201,0.304967,0.000079,19.1081,0.000000,0.000000,0.000000,0.012338,0.000798,0.00027135
2,202,0.294340,0.000073,25.5681,0.000000,0.000000,0.000000,0.011660,0.000849,0.00027135
2,203,0.367854,0.000100,18.0270,0.000000,0.000000,0.000000,0.013626,0.001188,0.00027135
2,204,0.365045,0.000073,49.0620,0.000000,0.000000,0.000000,0.008870,0.002434,0.00027135
2,205,0.420636,0.000105,27.0041,0.000000,0.000000,0.000000,0.039609,0.001634,0.00027135
2,206,0.374781,0.000085,35.5091,0.000000,0.000000,0.000000,0.021509,0.002570,0.00027135
2,207,0.323907,0.000082,18.5304,0.000000,0.000000,0.000000,0.032363,0.001777,0.00027135
2,208,0.367317,0.000074,43.6285,0.000000,0.000000,0.000000,0.034683,0.001314,0.00027135
2,209,0.320611,0.000076,28.0167,0.000000,0.000000,0.000000,0.011660,0.000983,0.00027135
2,210,0.330048,0.000070,39.3802,0.000000,0.000000,0.000000,0.003141,0.001398,0.00027135
2,211,0.454143,0.000123,22.3677,0.000000,0.000000,0.000000,0.021945,0.003420,0.00027135
2,212,0.354012,0.000075,42.2137,0.000000,0.000000,0.000000,0.013409,0.002528,0.00027135
2,213,0.315432,0.000079,24.2424,0.000000,0.000000,0.000000,0.009152,0.001659,0.00027135
2,214,0.382331,0.000089,36.4220,0.000000,0.000000,0.000000,0.011728,0.002427,0.00027135
2,215,0.317768,0.000077,27.9235,0.000000,0.000000,0.000000,0.005648,0.002318,0.00027135
2,216,0.284851,0.000074,17.8499,0.000000,0.000000,0.000000,0.011230,0.000866,0.00027135
2,217,0.450885,0.000122,21.5940,0.000000,0.000000,0.000000,0.021690,0.000943,0.00027135
2,218,0.514082,0.000144,19.3926,0.000000,0.000000,0.000000,0.024446,0.002478,0.00027135
2,219,0.329167,0.000075,29.1227,0.000000,0.000000,0.000000,0.030070,0.001805,0.00027135
2,220,0.256309,0.000064,17.3499,0.000000,0.000000,0.000000,0.016563,0.001280,0.00027135
2,221,0.304189,0.000078,18.4475,0.000000,0.000000,0.000000,0.020219,0.002180,0.00027135
2,222,0.413507,0.000113,14.7984,0.000000,0.000000,0.000000,0.036150,0.003887,0.00027135
2,223,0.415961,0.000097,42.9554,0.000000,0.000000,0.000000,0.017353,0.002718,0.00027135
2,224,0.413091,0.000117,13.1694,0.000000,0.000000,0.000000,0.020831,0.005900,0.00027135
2,225,0.356368,0.000084,31.9264,0.000000,0.000000,0.000000,0.019570,0.000855,0.00027135
2,226,0.445628,0.000118,24.1207,0.000000,0.000000,0.000000,0.018323,0.006048,0.00027135
2,227,0.401395,0.000107,23.2050,0.000000,0.000000,0.000000,0.013267,0.002914,0.00027135
2,228,0.347462,0.000101,10.2916,0.000000,0.000000,0.000000,0.007435,0.002558,0.00027135
2,229,0.627726,0.000167,35.7155,0.000000,0.000000,0.000000,0.020416,0.004800,0.00027135
2,230,0.564479,0.000152,24.6530,0.000000,0.000000,0.000000,0.040461,0.003079,0.00027135
2,231,0.492987,0.000111,48.5447,0.000000,0.000000,0.000000,0.031994,0.004543,0.00027135
2,232,0.385234,0.000088,40.3934,0.000000,0.000000,0.000000,0.019661,0.002835,0.00027135
2,233,0.344483,0.000081,29.8538,0.000000,0.000000,0.000000,0.019070,0.002183,0.00027135
2,234,0.318479,0.000082,19.1989,0.000000,0.000000,0.000000,0.019680,0.003010,0.00027135
2,235,0.294743,0.000067,30.9671,0.000000,0.000000,0.000000,0.009762,0.001315,0.00027135
2,236,0.458400,0.000122,23.9221,0.000000,0.000000,0.000000,0.019279,0.002228,0.00027135
2,237,0.423136,0.000098,42.2254,0.000000,0.000000,0.000000,0.011050,0.002192,0.00027135
2,238,0.290089,0.000070,27.9607,0.000000,0.000000,0.000000,0.002798,0.000914,0.00027135
2,239,0.306463,0.000082,16.4739,0.000000,0.000000,0.000000,0.010732,0.001970,0.00027135
2,240,0.432122,0.000105,35.2425,0.000000,0.000000,0.000000,0.017651,0.002571,0.00027135
2,241,0.284001,0.000075,16.5360,0.000000,0.000000,0.000000,0.009332,0.002125,0.00027135
2,242,0.317174,0.000077,27.0453,0.000000,0.000000,0.000000,0.009942,0.001819,0.00027135
2,243,0.251554,0.000067,12.4897,0.000000,0.000000,0.000000,0.015318,0.001975,0.00027135
2,244,0.359304,0.000080,35.3907,0.000000,0.000000,0.000000,0.035708,0.001266,0.00027135
2,245,0.475108,0.000131,22.3834,0.000000,0.000000,0.000000,0.009762,0.000774,0.00027135
2,246,0.334484,0.000089,14.3618,0.000000,0.000000,0.000000,0.031968,0.002286,0.00027135
2,247,0.338826,0.000088,21.7732,0.000000,0.000000,0.000000,0.008018,0.001840,0.00027135
2,248,0.375413,0.000095,26.3225,0.000000,0.000000,0.000000,0.015704,0.001766,0.00027135
2,249,0.329966,0.000083,26.4750,0.000000,0.000000,0.000000,0.008474,0.000855,0.00027135
2,250,0.306445,0.000084,13.9075,0.000000,0.000000,0.000000,0.012089,0.001338,0.00027135
2,251,0.305020,0.000077,22.6760,0.000000,0.000000,0.000000,0.008044,0.001366,0.00027135
2,252,0.261256,0.000066,18.2913,0.000000,0.000000,0.000000,0.008293,0.000919,0.00027135
2,253,0.456003,0.000115,31.1972,0.000000,0.000000,0.000000,0.020727,0.001771,0.00027135
2,254,0.334417,0.000096,11.5471,0.000000,0.000000,0.000000,0.006507,0.001755,0.00027135
2,255,0.465948,0.000123,30.5789,0.000000,0.000000,0.000000,0.008073,0.000823,0.00027135
2,256,0.316001,0.000090,11.1051,0.000000,0.000000,0.000000,0.005898,0.001418,0.00027135
2,257,0.371646,0.000087,38.7300,0.000000,0.000000,0.000000,0.007186,0.001322,0.00027135
2,258,0.344108,0.000089,21.8034,0.000000,0.000000,0.000000,0.011093,0.000974,0.00027135
2,259,0.500865,0.000127,38.6800,0.000000,0.000000,0.000000,0.019003,0.002458,0.00027135
2,260,0.319085,0.000081,24.4303,0.000000,0.000000,0.000000,0.004859,0.001387,0.00027135
2,261,0.451638,0.000128,16.7173,0.000000,0.000000,0.000000,0.014485,0.001677,0.00027135
2,262,0.349463,0.000089,24.1432,0.000000,0.000000,0.000000,0.004609,0.001887,0.00027135
2,263,0.262144,0.000073,10.5964,0.000000,0.000000,0.000000,0.008293,0.000850,0.00027135
2,264,0.430122,0.000110,32.1347,0.000000,0.000000,0.000000,0.007435,0.001189,0.00027135
2,265,0.332231,0.000089,19.3486,0.000000,0.000000,0.000000,0.005898,0.001338,0.00027135
2,266,0.316402,0.000086,16.2502,0.000000,0.000000,0.000000,0.008903,0.001018,0.00027135
2,267,0.390520,0.000110,13.9430,0.000000,0.000000,0.000000,0.019543,0.001602,0.00027135
2,268,0.425765,0.000097,41.9349,0.000000,0.000000,0.000000,0.018710,0.001294,0.00027135
2,269,0.357144,0.000097,15.7641,0.000000,0.000000,0.000000,0.024653,0.001074,0.00027135
2,270,0.426526,0.000087,55.1375,0.000000,0.000000,0.000000,0.014735,0.000855,0.00027135
2,271,0.357557,0.000078,39.2018,0.000000,0.000000,0.000000,0.015386,0.000898,0.00027135
2,272,0.313894,0.000077,25.3501,0.000000,0.000000,0.000000,0.008293,0.000958,0.00027135
2,273,0.548308,0.000153,18.1935,0.000000,0.000000,0.000000,0.041753,0.002070,0.00027135
2,274,0.366838,0.000080,35.9816,0.000000,0.000000,0.000000,0.042006,0.003371,0.00027135
2,275,0.384891,0.000107,15.4682,0.000000,0.000000,0.000000,0.015747,0.002381,0.00027135
2,276,0.335580,0.000074,39.2911,0.000000,0.000000,0.000000,0.022866,0.001031,0.00027135
2,277,0.338863,0.000083,28.7117,0.000000,0.000000,0.000000,0.010919,0.000993,0.00027135
2,278,0.417675,0.000109,19.8413,0.000000,0.000000,0.000000,0.045662,0.001497,0.00027135
2,279,0.301301,0.000077,18.9228,0.000000,0.000000,0.000000,0.020470,0.001422,0.00027135
2,280,0.701906,0.000185,36.7541,0.000000,0.000000,0.000000,0.056292,0.002826,0.00027135
2,281,0.319403,0.000079,25.1022,0.000000,0.000000,0.000000,0.006576,0.001293,0.00027135
2,282,0.369680,0.000097,23.9900,0.000000,0.000000,0.000000,0.008044,0.001855,0.00027135
2,283,0.387132,0.000093,34.3079,0.000000,0.000000,0.000000,0.008903,0.000933,0.00027135
2,284,0.319553,0.000090,12.9948,0.000000,0.000000,0.000000,0.008293,0.001234,0.00027135
2,285,0.365961,0.000087,35.5416,0.000000,0.000000,0.000000,0.008044,0.001450,0.00027135
2,286,0.269193,0.000069,18.5682,0.000000,0.000000,0.000000,0.007366,0.001567,0.00027135
2,287,0.405040,0.000106,25.6251,0.000000,0.000000,0.000000,0.009332,0.002285,0.00027135
2,288,0.423748,0.000120,15.4395,0.000000,0.000000,0.000000,0.010483,0.002827,0.00027135
2,289,0.378286,0.000093,31.0065,0.000000,0.000000,0.000000,0.004172,0.002412,0.00027135
2,290,0.452333,0.000121,23.9947,0.000000,0.000000,0.000000,0.016924,0.001429,0.00027135
2,291,0.330723,0.000093,11.6816,0.000000,0.000000,0.000000,0.015386,0.003886,0.00027135
2,292,0.339122,0.000081,28.9092,0.000000,0.000000,0.000000,0.011161,0.005999,0.00027135
2,293,0.404698,0.000113,14.1710,0.000000,0.000000,0.000000,0.017464,0.008343,0.00027135
2,294,0.377299,0.000102,20.6493,0.000000,0.000000,0.000000,0.004859,0.001230,0.00027135
2,295,0.493898,0.000134,25.0067,0.000000,0.000000,0.000000,0.015462,0.003170,0.00027135
2,296,0.414473,0.000113,19.5853,0.000000,0.000000,0.000000,0.015206,0.004489,0.00027135
2,297,0.438566,0.000117,25.7964,0.000000,0.000000,0.000000,0.006180,0.002420,0.00027135
2,298,0.264520,0.000073,11.8164,0.000000,0.000000,0.000000,0.007435,0.001848,0.00027135
2,299,0.327674,0.000084,22.3543,0.000000,0.000000,0.000000,0.012767,0.001137,0.00027135
2,300,0.243255,0.000067,10.1527,0.000000,0.000000,0.000000,0.009264,0.000911,0.00027135
2,301,0.377749,0.000100,23.4217,0.000000,0.000000,0.000000,0.004000,0.000933,0.00027135
2,302,0.370829,0.000104,15.0766,0.000000,0.000000,0.000000,0.008654,0.001133,0.00027135
2,303,0.333603,0.000084,24.3160,0.000000,0.000000,0.000000,0.010191,0.001152,0.00027135
2,304,0.326220,0.000084,19.3430,0.000000,0.000000,0.000000,0.020470,0.001320,0.00027135
2,305,0.461860,0.000115,33.7101,0.000000,0.000000,0.000000,0.027272,0.001757,0.00027135
2,306,0.557907,0.000148,30.6923,0.000000,0.000000,0.000000,0.029260,0.001101,0.00027135
2,307,0.481205,0.000115,42.0532,0.000000,0.000000,0.000000,0.030182,0.002178,0.00027135
2,308,0.522130,0.000138,26.5006,0.000000,0.000000,0.000000,0.032127,0.002491,0.00027135
2,309,0.373119,0.000095,24.1790,0.000000,0.000000,0.000000,0.019860,0.002217,0.00027135
2,310,0.300837,0.000067,33.5581,0.000000,0.000000,0.000000,0.014846,0.001565,0.00027135
2,311,0.291313,0.000079,14.7804,0.000000,0.000000,0.000000,0.013669,0.001096,0.00027135
2,312,0.367422,0.000094,25.8357,0.000000,0.000000,0.000000,0.010440,0.002014,0.00027135
2,313,0.247805,0.000066,14.7341,0.000000,0.000000,0.000000,0.004859,0.001078,0.00027135
2,314,0.341756,0.000080,35.7187,0.000000,0.000000,0.000000,0.008875,0.001773,0.00027135
2,315,0.498650,0.000130,21.4274,0.000000,0.000000,0.000000,0.071743,0.002063,0.00027135
2,316,0.519417,0.000139,27.6519,0.000000,0.000000,0.000000,0.018101,0.002355,0.00027135
2,317,0.441333,0.000121,17.0382,0.000000,0.000000,0.000000,0.030431,0.001415,0.00027135
2,318,0.394824,0.000097,32.1639,0.000000,0.000000,0.000000,0.010912,0.001206,0.00027135
2,319,0.309611,0.000084,16.0710,0.000000,0.000000,0.000000,0.010372,0.001653,0.00027135
2,320,0.467268,0.000115,34.5244,0.000000,0.000000,0.000000,0.030688,0.002369,0.00027135
2,321,0.355302,0.000090,24.9705,0.000000,0.000000,0.000000,0.008293,0.001346,0.00027135
2,322,0.353975,0.000096,16.5928,0.000000,0.000000,0.000000,0.023280,0.000913,0.00027135
2,323,0.317940,0.000086,15.6243,0.000000,0.000000,0.000000,0.010244,0.000649,0.00027135
2,324,0.540741,0.000140,33.8654,0.000000,0.000000,0.000000,0.030747,0.002514,0.00027135
2,325,0.455489,0.000127,16.3073,0.000000,0.000000,0.000000,0.028387,0.002541,0.00027135
2,326,0.448238,0.000120,23.7747,0.000000,0.000000,0.000000,0.015034,0.002206,0.00027135
2,327,0.544513,0.000149,25.4715,0.000000,0.000000,0.000000,0.020830,0.002806,0.00027135
2,328,0.471821,0.000130,20.7379,0.000000,0.000000,0.000000,0.017996,0.002254,0.00027135
2,329,0.423892,0.000116,18.6801,0.000000,0.000000,0.000000,0.016855,0.002063,0.00027135
2,330,0.465790,0.000125,24.2783,0.000000,0.000000,0.000000,0.013701,0.002643,0.00027135
2,331,0.437236,0.000122,15.1645,0.000000,0.000000,0.000000,0.030009,0.002517,0.00027135
2,332,0.513169,0.000132,27.5076,0.000000,0.000000,0.000000,0.056921,0.001836,0.00027135
2,333,0.418039,0.000106,26.4337,0.000000,0.000000,0.000000,0.036355,0.002256,0.00027135
2,334,0.476304,0.000129,20.6244,0.000000,0.000000,0.000000,0.033873,0.001606,0.00027135
2,335,0.372025,0.000098,22.9708,0.000000,0.000000,0.000000,0.007005,0.002626,0.00027135
2,336,0.268258,0.000071,14.1672,0.000000,0.000000,0.000000,0.016245,0.001185,0.00027135
2,337,0.465055,0.000122,26.3697,0.000000,0.000000,0.000000,0.023201,0.001459,0.00027135
2,338,0.291185,0.000077,14.7646,0.000000,0.000000,0.000000,0.017602,0.001689,0.00027135
2,339,0.459945,0.000118,28.1212,0.000000,0.000000,0.000000,0.031248,0.001443,0.00027135
2,340,0.297105,0.000078,15.8101,0.000000,0.000000,0.000000,0.017114,0.001706,0.00027135
2,341,0.428873,0.000091,43.3307,0.000000,0.000000,0.000000,0.059412,0.001789,0.00027135
2,342,0.465977,0.000122,24.4108,0.000000,0.000000,0.000000,0.037512,0.001898,0.00027135
2,343,0.526699,0.000138,27.5117,0.000000,0.000000,0.000000,0.049874,0.002402,0.00027135
2,344,0.459972,0.000125,19.7871,0.000000,0.000000,0.000000,0.031969,0.002247,0.00027135
2,345,0.394485,0.000102,22.4324,0.000000,0.000000,0.000000,0.025918,0.001467,0.00027135
2,346,0.382295,0.000105,15.1729,0.000000,0.000000,0.000000,0.023637,0.002869,0.00027135
2,347,0.506918,0.000121,44.7691,0.000000,0.000000,0.000000,0.030894,0.004526,0.00027135
2,348,0.465214,0.000121,30.5234,0.000000,0.000000,0.000000,0.020331,0.003008,0.00027135
2,349,0.374676,0.000107,13.1592,0.000000,0.000000,0.000000,0.011591,0.001279,0.00027135
2,350,0.443402,0.000122,21.1749,0.000000,0.000000,0.000000,0.006756,0.001447,0.00027135
2,351,0.580165,0.000158,20.8257,0.000000,0.000000,0.000000,0.057114,0.004572,0.00027135
2,352,0.400376,0.000106,19.9063,0.000000,0.000000,0.000000,0.024945,0.003809,0.00027135
2,353,0.356563,0.000088,25.0335,0.000000,0.000000,0.000000,0.030078,0.001687,0.00027135
2,354,0.379632,0.000101,15.9798,0.000000,0.000000,0.000000,0.042470,0.001470,0.00027135
2,355,0.439125,0.000120,20.2970,0.000000,0.000000,0.000000,0.012381,0.001846,0.00027135
2,356,0.282401,0.000077,15.5299,0.000000,0.000000,0.000000,0.005288,0.001054,0.00027135
2,357,0.317911,0.000075,30.5699,0.000000,0.000000,0.000000,0.010244,0.000656,0.00027135
2,358,0.375363,0.000092,26.6922,0.000000,0.000000,0.000000,0.031677,0.000840,0.00027135
2,359,0.339731,0.000085,24.2184,0.000000,0.000000,0.000000,0.018323,0.001174,0.00027135
2,360,0.323371,0.000079,26.5719,0.000000,0.000000,0.000000,0.023836,0.000954,0.00027135
2,361,0.445928,0.000120,18.7195,0.000000,0.000000,0.000000,0.042457,0.001496,0.00027135
2,362,0.975072,0.000256,53.1810,0.000000,0.000000,0.000000,0.072057,0.002342,0.00027135
2,363,0.838565,0.000225,41.3302,0.000000,0.000000,0.000000,0.049700,0.002959,0.00027135
2,364,0.651921,0.000176,30.5957,0.000000,0.000000,0.000000,0.040209,0.002741,0.00027135
2,365,0.746621,0.000203,24.6111,0.000000,0.000000,0.000000,0.087577,0.003102,0.00027135
2,366,0.462990,0.000125,18.7712,0.000000,0.000000,0.000000,0.043452,0.001287,0.00027135
2,367,0.508010,0.000133,30.0614,0.000000,0.000000,0.000000,0.024404,0.002931,0.00027135
2,368,0.302167,0.000078,12.3860,0.000000,0.000000,0.000000,0.049187,0.001816,0.00027135
2,369,0.466660,0.000103,49.6531,0.000000,0.000000,0.000000,0.022576,0.002139,0.00027135
2,370,0.358727,0.000091,29.1797,0.000000,0.000000,0.000000,0.008723,0.001862,0.00027135
2,371,0.437276,0.000111,27.9768,0.000000,0.000000,0.000000,0.023518,0.002051,0.00027135
2,372,0.263871,0.000071,14.4375,0.000000,0.000000,0.000000,0.007864,0.001586,0.00027135
2,373,0.374946,0.000094,26.6960,0.000000,0.000000,0.000000,0.017284,0.001612,0.00027135
2,374,0.244731,0.000062,18.2461,0.000000,0.000000,0.000000,0.004172,0.000502,0.00027135
2,375,0.366080,0.000074,48.5493,0.000000,0.000000,0.000000,0.028137,0.000909,0.00027135
2,376,0.426129,0.000097,40.3560,0.000000,0.000000,0.000000,0.033916,0.001019,0.00027135
2,377,0.342104,0.000095,14.2128,0.000000,0.000000,0.000000,0.010621,0.001405,0.00027135
2,378,0.370603,0.000094,29.1047,0.000000,0.000000,0.000000,0.008474,0.001209,0.00027135
2,379,0.267178,0.000072,12.1613,0.000000,0.000000,0.000000,0.020427,0.000759,0.00027135
2,380,0.315852,0.000071,32.2724,0.000000,0.000000,0.000000,0.006756,0.001186,0.00027135
2,381,0.320226,0.000084,16.7105,0.000000,0.000000,0.000000,0.026193,0.002791,0.00027135
2,382,0.304641,0.000073,30.5150,0.000000,0.000000,0.000000,0.007458,0.001271,0.00027135
2,383,0.437085,0.000110,28.6713,0.000000,0.000000,0.000000,0.027855,0.001615,0.00027135
2,384,0.334736,0.000083,21.8491,0.000000,0.000000,0.000000,0.038769,0.001673,0.00027135
2,385,0.331786,0.000088,20.6883,0.000000,0.000000,0.000000,0.005468,0.001434,0.00027135
2,386,0.305919,0.000076,23.4742,0.000000,0.000000,0.000000,0.009942,0.001517,0.00027135
2,387,0.351848,0.000096,14.4867,0.000000,0.000000,0.000000,0.023614,0.001844,0.00027135
2,388,0.421156,0.000108,30.0824,0.000000,0.000000,0.000000,0.008834,0.002512,0.00027135
2,389,0.317233,0.000090,12.0717,0.000000,0.000000,0.000000,0.008044,0.001835,0.00027135
2,390,0.338205,0.000075,36.1042,0.000000,0.000000,0.000000,0.007795,0.002486,0.00027135
2,391,0.257297,0.000064,20.6760,0.000000,0.000000,0.000000,0.006919,0.001001,0.00027135
3,1,0.484306,0.000132,19.1389,0.000000,0.000000,0.000000,0.037293,0.003314,0.00019635
3,2,0.474212,0.000131,19.1847,0.000000,0.000000,0.000000,0.025699,0.002847,0.00019635
3,3,0.417900,0.000110,24.8558,0.000000,0.000000,0.000000,0.017221,0.002395,0.00019635
3,4,0.447806,0.000125,17.2303,0.000000,0.000000,0.000000,0.018641,0.002323,0.00019635
3,5,0.384439,0.000106,16.1759,0.000000,0.000000,0.000000,0.016385,0.001980,0.00019635
3,6,0.462008,0.000131,14.3055,0.000000,0.000000,0.000000,0.024928,0.002131,0.00019635
3,7,0.426482,0.000115,20.9511,0.000000,0.000000,0.000000,0.018409,0.002645,0.00019635
3,8,0.412675,0.000113,19.0009,0.000000,0.000000,0.000000,0.012796,0.001992,0.00019635
3,9,0.384865,0.000108,14.3122,0.000000,0.000000,0.000000,0.017662,0.002211,0.00019635
3,10,0.473262,0.000133,17.7462,0.000000,0.000000,0.000000,0.019070,0.002122,0.00019635
3,11,0.412166,0.000114,17.5680,0.000000,0.000000,0.000000,0.012561,0.001949,0.00019635
3,12,0.400676,0.000114,13.5041,0.000000,0.000000,0.000000,0.010871,0.001905,0.00019635
3,13,0.434182,0.000121,18.9982,0.000000,0.000000,0.000000,0.006327,0.002007,0.00019635
3,14,0.447011,0.000130,13.2453,0.000000,0.000000,0.000000,0.009651,0.002005,0.00019635
3,15,0.469481,0.000136,12.9186,0.000000,0.000000,0.000000,0.017728,0.002090,0.00019635
3,16,0.414739,0.000113,20.2702,0.000000,0.000000,0.000000,0.012699,0.002298,0.00019635
3,17,0.352210,0.000097,15.3455,0.000000,0.000000,0.000000,0.012415,0.002183,0.00019635
3,18,0.405808,0.000111,18.3297,0.000000,0.000000,0.000000,0.020719,0.002162,0.00019635
3,19,0.368987,0.000105,13.0412,0.000000,0.000000,0.000000,0.013315,0.001402,0.00019635
3,20,0.408614,0.000110,21.5109,0.000000,0.000000,0.000000,0.013489,0.002055,0.00019635
3,21,0.370078,0.000104,14.6712,0.000000,0.000000,0.000000,0.012775,0.002004,0.00019635
3,22,0.403197,0.000113,16.8933,0.000000,0.000000,0.000000,0.010805,0.001674,0.00019635
3,23,0.341137,0.000098,10.3714,0.000000,0.000000,0.000000,0.010621,0.001805,0.00019635
3,24,0.455108,0.000120,27.1048,0.000000,0.000000,0.000000,0.010621,0.002872,0.00019635
3,25,0.401861,0.000106,24.5320,0.000000,0.000000,0.000000,0.007902,0.001579,0.00019635
3,26,0.382040,0.000099,23.1884,0.000000,0.000000,0.000000,0.023836,0.001611,0.00019635
3,27,0.332342,0.000088,16.9112,0.000000,0.000000,0.000000,0.019750,0.001993,0.00019635
3,28,0.304273,0.000074,24.2785,0.000000,0.000000,0.000000,0.016924,0.001742,0.00019635
3,29,0.465798,0.000126,22.3943,0.000000,0.000000,0.000000,0.021835,0.002160,0.00019635
3,30,0.344383,0.000086,25.7934,0.000000,0.000000,0.000000,0.015635,0.001945,0.00019635
3,31,0.281277,0.000075,16.1439,0.000000,0.000000,0.000000,0.008293,0.001600,0.00019635
3,32,0.332068,0.000089,18.1609,0.000000,0.000000,0.000000,0.011342,0.001836,0.00019635
3,33,0.313737,0.000088,11.4043,0.000000,0.000000,0.000000,0.012020,0.001691,0.00019635
3,34,0.299616,0.000072,28.3371,0.000000,0.000000,0.000000,0.002798,0.002812,0.00019635
3,35,0.453501,0.000125,17.2491,0.000000,0.000000,0.000000,0.031682,0.002154,0.00019635
3,36,0.453794,0.000123,22.5072,0.000000,0.000000,0.000000,0.020519,0.002619,0.00019635
3,37,0.419225,0.000116,17.8230,0.000000,0.000000,0.000000,0.011410,0.002313,0.00019635
3,38,0.388445,0.000107,18.7173,0.000000,0.000000,0.000000,0.011453,0.001809,0.00019635
3,39,0.396820,0.000104,24.4055,0.000000,0.000000,0.000000,0.011300,0.002043,0.00019635
3,40,0.368024,0.000107,10.4913,0.000000,0.000000,0.000000,0.008480,0.001946,0.00019635
3,41,0.427503,0.000110,29.3201,0.000000,0.000000,0.000000,0.009541,0.002539,0.00019635
3,42,0.416160,0.000118,16.2675,0.000000,0.000000,0.000000,0.007458,0.002575,0.00019635
3,43,0.485485,0.000133,22.8519,0.000000,0.000000,0.000000,0.016606,0.001301,0.00019635
3,44,0.384102,0.000107,13.9881,0.000000,0.000000,0.000000,0.019611,0.001239,0.00019635
3,45,0.296562,0.000077,19.8510,0.000000,0.000000,0.000000,0.008903,0.001309,0.00019635
3,46,0.311823,0.000088,12.0156,0.000000,0.000000,0.000000,0.008903,0.001486,0.00019635
3,47,0.322113,0.000083,20.1394,0.000000,0.000000,0.000000,0.016453,0.001147,0.00019635
3,48,0.398277,0.000111,14.6721,0.000000,0.000000,0.000000,0.026661,0.001247,0.00019635
3,49,0.458900,0.000120,23.9447,0.000000,0.000000,0.000000,0.036335,0.003358,0.00019635
3,50,0.324347,0.000088,15.6595,0.000000,0.000000,0.000000,0.012020,0.002400,0.00019635
3,51,0.332306,0.000087,20.3433,0.000000,0.000000,0.000000,0.011618,0.000853,0.00019635
3,52,0.388026,0.000107,14.4146,0.000000,0.000000,0.000000,0.025484,0.002897,0.00019635
3,53,0.417090,0.000110,24.3012,0.000000,0.000000,0.000000,0.012837,0.002040,0.00019635
3,54,0.340874,0.000096,13.1100,0.000000,0.000000,0.000000,0.010440,0.002003,0.00019635
3,55,0.350557,0.000092,22.0873,0.000000,0.000000,0.000000,0.006576,0.001475,0.00019635
3,56,0.401039,0.000109,19.2958,0.000000,0.000000,0.000000,0.015095,0.002307,0.00019635
3,57,0.366874,0.000101,15.5570,0.000000,0.000000,0.000000,0.013600,0.001816,0.00019635
3,58,0.377703,0.000108,11.7208,0.000000,0.000000,0.000000,0.011825,0.002297,0.00019635
3,59,0.432630,0.000111,29.1682,0.000000,0.000000,0.000000,0.012279,0.002063,0.00019635
3,60,0.370216,0.000093,26.7252,0.000000,0.000000,0.000000,0.023117,0.001303,0.00019635
3,61,0.285885,0.000079,14.0412,0.000000,0.000000,0.000000,0.004360,0.000740,0.00019635
3,62,0.293295,0.000072,20.5516,0.000000,0.000000,0.000000,0.033437,0.001233,0.00019635
3,63,0.277944,0.000078,9.8153,0.000000,0.000000,0.000000,0.012699,0.000959,0.00019635
3,64,0.521443,0.000145,22.6503,0.000000,0.000000,0.000000,0.015206,0.005273,0.00019635
3,65,0.555386,0.000158,17.6742,0.000000,0.000000,0.000000,0.021399,0.004208,0.00019635
3,66,0.457237,0.000120,29.0307,0.000000,0.000000,0.000000,0.015937,0.002220,0.00019635
3,67,0.362420,0.000094,19.7830,0.000000,0.000000,0.000000,0.027703,0.001738,0.00019635
3,68,0.316494,0.000080,20.2922,0.000000,0.000000,0.000000,0.025138,0.000941,0.00019635
3,69,0.350807,0.000096,14.4556,0.000000,0.000000,0.000000,0.018005,0.003681,0.00019635
3,70,0.350808,0.000091,24.5024,0.000000,0.000000,0.000000,0.006937,0.002082,0.00019635
3,71,0.282391,0.000072,18.6710,0.000000,0.000000,0.000000,0.009942,0.003555,0.00019635
3,72,0.365125,0.000102,15.8813,0.000000,0.000000,0.000000,0.009942,0.001703,0.00019635
3,73,0.393823,0.000110,16.4584,0.000000,0.000000,0.000000,0.010552,0.000878,0.00019635
3,74,0.345259,0.000085,27.2992,0.000000,0.000000,0.000000,0.009762,0.001187,0.00019635
3,75,0.387730,0.000109,14.3206,0.000000,0.000000,0.000000,0.014777,0.002493,0.00019635
3,76,0.335179,0.000083,27.7168,0.000000,0.000000,0.000000,0.009572,0.001364,0.00019635
3,77,0.525196,0.000145,20.2838,0.000000,0.000000,0.000000,0.035651,0.001855,0.00019635
3,78,0.524642,0.000139,27.2656,0.000000,0.000000,0.000000,0.035113,0.002772,0.00019635
3,79,0.590282,0.000161,24.9033,0.000000,0.000000,0.000000,0.042588,0.002894,0.00019635
3,80,0.575914,0.000158,24.5379,0.000000,0.000000,0.000000,0.026850,0.003204,0.00019635
3,81,0.412510,0.000113,18.8780,0.000000,0.000000,0.000000,0.013377,0.002655,0.00019635
3,82,0.351928,0.000097,16.0999,0.000000,0.000000,0.000000,0.013240,0.002401,0.00019635
3,83,0.306753,0.000079,20.1146,0.000000,0.000000,0.000000,0.009152,0.001095,0.00019635
3,84,0.350786,0.000097,15.6182,0.000000,0.000000,0.000000,0.007435,0.001374,0.00019635
3,85,0.280847,0.000074,17.5515,0.000000,0.000000,0.000000,0.006122,0.001072,0.00019635
3,86,0.510199,0.000144,17.0248,0.000000,0.000000,0.000000,0.030569,0.002151,0.00019635
3,87,0.450649,0.000127,17.1343,0.000000,0.000000,0.000000,0.013332,0.001306,0.00019635
3,88,0.394607,0.000102,27.2327,0.000000,0.000000,0.000000,0.009332,0.001791,0.00019635
3,89,0.378445,0.000108,12.4377,0.000000,0.000000,0.000000,0.014053,0.001865,0.00019635
3,90,0.360391,0.000094,23.0606,0.000000,0.000000,0.000000,0.014528,0.000973,0.00019635
3,91,0.359175,0.000101,13.2731,0.000000,0.000000,0.000000,0.014852,0.001582,0.00019635
3,92,0.408770,0.000108,20.5638,0.000000,0.000000,0.000000,0.028130,0.002561,0.00019635
3,93,0.265632,0.000073,11.8990,0.000000,0.000000,0.000000,0.012215,0.001522,0.00019635
3,94,0.337467,0.000076,36.6634,0.000000,0.000000,0.000000,0.004000,0.000850,0.00019635
3,95,0.267562,0.000069,16.2816,0.000000,0.000000,0.000000,0.011479,0.000783,0.00019635
3,96,0.394223,0.000110,16.7526,0.000000,0.000000,0.000000,0.008044,0.001551,0.00019635
3,97,0.390029,0.000112,13.2577,0.000000,0.000000,0.000000,0.009332,0.001284,0.00019635
3,98,0.291679,0.000074,20.7195,0.000000,0.000000,0.000000,0.008474,0.000914,0.00019635
3,99,0.289556,0.000079,14.4978,0.000000,0.000000,0.000000,0.006147,0.001023,0.00019635
3,100,0.251071,0.000064,17.2991,0.000000,0.000000,0.000000,0.009152,0.000649,0.00019635
3,101,0.272343,0.000075,12.3738,0.000000,0.000000,0.000000,0.009015,0.000874,0.00019635
3,102,0.327434,0.000075,32.7868,0.000000,0.000000,0.000000,0.016317,0.001710,0.00019635
3,103,0.348211,0.000092,18.2841,0.000000,0.000000,0.000000,0.020152,0.001097,0.00019635
3,104,0.522775,0.000125,41.9227,0.000000,0.000000,0.000000,0.033437,0.002224,0.00019635
3,105,0.386157,0.000093,32.5739,0.000000,0.000000,0.000000,0.024113,0.001981,0.00019635
3,106,0.380723,0.000097,26.5337,0.000000,0.000000,0.000000,0.006403,0.001648,0.00019635
3,107,0.299522,0.000082,14.6659,0.000000,0.000000,0.000000,0.007005,0.001084,0.00019635
3,108,0.476694,0.000118,36.0836,0.000000,0.000000,0.000000,0.014098,0.001656,0.00019635
3,109,0.300174,0.000077,20.3420,0.000000,0.000000,0.000000,0.011050,0.001263,0.00019635
3,110,0.448511,0.000118,26.2565,0.000000,0.000000,0.000000,0.014159,0.002081,0.00019635
3,111,0.286102,0.000077,12.9150,0.000000,0.000000,0.000000,0.017464,0.001609,0.00019635
3,112,0.353871,0.000080,31.9854,0.000000,0.000000,0.000000,0.031152,0.001572,0.00019635
3,113,0.253233,0.000069,12.5203,0.000000,0.000000,0.000000,0.004859,0.001258,0.00019635
3,114,0.294458,0.000066,31.8456,0.000000,0.000000,0.000000,0.002282,0.000968,0.00019635
3,115,0.320573,0.000083,21.1967,0.000000,0.000000,0.000000,0.005717,0.000639,0.00019635
3,116,0.360496,0.000095,20.5716,0.000000,0.000000,0.000000,0.015704,0.001029,0.00019635
3,117,0.368170,0.000106,11.6077,0.000000,0.000000,0.000000,0.010122,0.001496,0.00019635
3,118,0.363948,0.000091,27.2632,0.000000,0.000000,0.000000,0.009264,0.002226,0.00019635
3,119,0.311602,0.000076,25.1664,0.000000,0.000000,0.000000,0.008870,0.000978,0.00019635
3,120,0.353512,0.000084,32.5806,0.000000,0.000000,0.000000,0.005717,0.001454,0.00019635
3,121,0.320273,0.000081,18.9579,0.000000,0.000000,0.000000,0.030139,0.001802,0.00019635
3,122,0.411752,0.000102,27.3619,0.000000,0.000000,0.000000,0.033425,0.001432,0.00019635
3,123,0.297143,0.000081,14.0210,0.000000,0.000000,0.000000,0.009332,0.001404,0.00019635
3,124,0.292867,0.000066,29.8104,0.000000,0.000000,0.000000,0.011479,0.000851,0.00019635
3,125,0.288082,0.000074,18.4090,0.000000,0.000000,0.000000,0.011050,0.001011,0.00019635
3,126,0.292620,0.000069,26.6161,0.000000,0.000000,0.000000,0.008474,0.001337,0.00019635
3,127,0.310247,0.000085,14.9354,0.000000,0.000000,0.000000,0.010629,0.001106,0.00019635
3,128,0.335475,0.000082,25.9501,0.000000,0.000000,0.000000,0.022479,0.000793,0.00019635
3,129,0.341769,0.000093,17.4855,0.000000,0.000000,0.000000,0.004429,0.002227,0.00019635
3,130,0.302448,0.000069,28.4712,0.000000,0.000000,0.000000,0.025442,0.001218,0.00019635
3,131,0.278197,0.000074,14.9227,0.000000,0.000000,0.000000,0.012810,0.001437,0.00019635
3,132,0.352057,0.000083,32.5523,0.000000,0.000000,0.000000,0.007864,0.001209,0.00019635
3,133,0.333438,0.000089,18.4567,0.000000,0.000000,0.000000,0.011050,0.000948,0.00019635
3,134,0.297559,0.000074,23.3954,0.000000,0.000000,0.000000,0.008225,0.000740,0.00019635
3,135,0.445304,0.000123,18.9713,0.000000,0.000000,0.000000,0.021621,0.000862,0.00019635
3,136,0.437079,0.000118,20.2803,0.000000,0.000000,0.000000,0.028463,0.000885,0.00019635
3,137,0.283138,0.000073,17.1186,0.000000,0.000000,0.000000,0.017000,0.001958,0.00019635
3,138,0.257196,0.000059,25.1626,0.000000,0.000000,0.000000,0.009152,0.001094,0.00019635
3,139,0.241078,0.000066,10.8069,0.000000,0.000000,0.000000,0.007864,0.000973,0.00019635
3,140,0.317841,0.000080,25.1737,0.000000,0.000000,0.000000,0.008405,0.001123,0.00019635
3,141,0.276034,0.000075,13.6085,0.000000,0.000000,0.000000,0.009942,0.001557,0.00019635
3,142,0.263896,0.000066,20.4768,0.000000,0.000000,0.000000,0.006576,0.000905,0.00019635
3,143,0.302964,0.000084,13.9871,0.000000,0.000000,0.000000,0.006756,0.002195,0.00019635
3,144,0.344023,0.000082,31.8885,0.000000,0.000000,0.000000,0.007765,0.001208,0.00019635
3,145,0.321631,0.000084,23.3158,0.000000,0.000000,0.000000,0.008156,0.001178,0.00019635
3,146,0.293964,0.000079,15.0154,0.000000,0.000000,0.000000,0.014665,0.000648,0.00019635
3,147,0.383215,0.000100,22.9606,0.000000,0.000000,0.000000,0.017124,0.001655,0.00019635
3,148,0.264291,0.000068,17.3025,0.000000,0.000000,0.000000,0.010663,0.000477,0.00019635
3,149,0.316891,0.000087,14.3109,0.000000,0.000000,0.000000,0.011161,0.000835,0.00019635
3,150,0.339825,0.000096,13.2466,0.000000,0.000000,0.000000,0.008474,0.001266,0.00019635
3,151,0.298281,0.000085,10.0985,0.000000,0.000000,0.000000,0.010191,0.000946,0.00019635
3,152,0.369938,0.000103,15.5729,0.000000,0.000000,0.000000,0.014354,0.001220,0.00019635
3,153,0.287609,0.000075,19.4791,0.000000,0.000000,0.000000,0.001424,0.000485,0.00019635
3,154,0.381455,0.000108,13.6342,0.000000,0.000000,0.000000,0.015026,0.002840,0.00019635
3,155,0.425357,0.000115,18.8239,0.000000,0.000000,0.000000,0.027951,0.003280,0.00019635
3,156,0.397288,0.000107,17.3215,0.000000,0.000000,0.000000,0.026455,0.003006,0.00019635
3,157,0.417438,0.000106,27.1542,0.000000,0.000000,0.000000,0.022374,0.002750,0.00019635
3,158,0.287286,0.000077,15.7472,0.000000,0.000000,0.000000,0.006868,0.003118,0.00019635
3,159,0.297096,0.000073,20.0715,0.000000,0.000000,0.000000,0.029919,0.002356,0.00019635
3,160,0.269992,0.000072,12.7481,0.000000,0.000000,0.000000,0.022021,0.001828,0.00019635
3,161,0.331683,0.000086,21.2768,0.000000,0.000000,0.000000,0.010936,0.001634,0.00019635
3,162,0.315263,0.000084,14.7375,0.000000,0.000000,0.000000,0.026773,0.000878,0.00019635
3,163,0.403730,0.000093,37.2622,0.000000,0.000000,0.000000,0.025485,0.001065,0.00019635
3,164,0.357087,0.000098,17.4825,0.000000,0.000000,0.000000,0.009152,0.000809,0.00019635
3,165,0.394144,0.000101,27.1223,0.000000,0.000000,0.000000,0.015164,0.002573,0.00019635
3,166,0.371114,0.000102,16.4002,0.000000,0.000000,0.000000,0.013892,0.002199,0.00019635
3,167,0.472079,0.000127,25.5247,0.000000,0.000000,0.000000,0.010981,0.002755,0.00019635
3,168,0.341247,0.000092,19.4634,0.000000,0.000000,0.000000,0.006147,0.001664,0.00019635
3,169,0.370455,0.000103,16.9742,0.000000,0.000000,0.000000,0.005717,0.002256,0.00019635
3,170,0.247527,0.000063,17.5740,0.000000,0.000000,0.000000,0.008293,0.001093,0.00019635
3,171,0.396328,0.000102,23.0751,0.000000,0.000000,0.000000,0.024017,0.001307,0.00019635
3,172,0.287419,0.000081,10.5185,0.000000,0.000000,0.000000,0.013669,0.000963,0.00019635
3,173,0.312708,0.000084,17.3847,0.000000,0.000000,0.000000,0.009762,0.001698,0.00019635
3,174,0.343741,0.000094,17.2398,0.000000,0.000000,0.000000,0.004180,0.001032,0.00019635
3,175,0.339203,0.000091,19.0111,0.000000,0.000000,0.000000,0.009513,0.001335,0.00019635
3,176,0.309791,0.000087,11.0121,0.000000,0.000000,0.000000,0.014846,0.000673,0.00019635
3,177,0.260587,0.000069,15.3615,0.000000,0.000000,0.000000,0.005288,0.000721,0.00019635
3,178,0.260159,0.000072,12.3823,0.000000,0.000000,0.000000,0.003537,0.000418,0.00019635
3,179,0.310976,0.000084,15.9761,0.000000,0.000000,0.000000,0.006576,0.000914,0.00019635
3,180,0.368888,0.000105,13.1162,0.000000,0.000000,0.000000,0.011994,0.001437,0.00019635
3,181,0.365280,0.000101,17.3818,0.000000,0.000000,0.000000,0.007546,0.000731,0.00019635
3,182,0.441739,0.000124,19.0028,0.000000,0.000000,0.000000,0.010372,0.001184,0.00019635
3,183,0.282735,0.000073,20.0778,0.000000,0.000000,0.000000,0.007366,0.001465,0.00019635
3,184,0.306580,0.000087,10.6402,0.000000,0.000000,0.000000,0.011230,0.000828,0.00019635
3,185,0.318606,0.000086,18.5481,0.000000,0.000000,0.000000,0.004859,0.001299,0.00019635
3,186,0.259117,0.000075,8.5833,0.000000,0.000000,0.000000,0.004429,0.000819,0.00019635
3,187,0.397288,0.000096,38.6228,0.000000,0.000000,0.000000,0.002798,0.002405,0.00019635
3,188,0.506616,0.000142,20.9721,0.000000,0.000000,0.000000,0.008293,0.004386,0.00019635
3,189,0.318074,0.000077,29.6401,0.000000,0.000000,0.000000,0.004429,0.001476,0.00019635
3,190,0.315411,0.000088,13.2583,0.000000,0.000000,0.000000,0.009152,0.001380,0.00019635
3,191,0.357804,0.000092,25.7344,0.000000,0.000000,0.000000,0.008903,0.001794,0.00019635
3,192,0.424507,0.000117,20.2553,0.000000,0.000000,0.000000,0.009513,0.001406,0.00019635
3,193,0.281769,0.000075,16.6738,0.000000,0.000000,0.000000,0.005468,0.000941,0.00019635
3,194,0.296491,0.000083,12.7664,0.000000,0.000000,0.000000,0.006937,0.001235,0.00019635
3,195,0.343904,0.000083,32.0560,0.000000,0.000000,0.000000,0.007765,0.000881,0.00019635
3,196,0.331837,0.000082,27.1249,0.000000,0.000000,0.000000,0.012587,0.001952,0.00019635
3,197,0.261034,0.000070,14.3047,0.000000,0.000000,0.000000,0.006756,0.000681,0.00019635
3,198,0.292137,0.000070,25.8650,0.000000,0.000000,0.000000,0.013987,0.000870,0.00019635
3,199,0.359614,0.000100,13.7760,0.000000,0.000000,0.000000,0.020290,0.001780,0.00019635
3,200,0.264333,0.000069,17.3037,0.000000,0.000000,0.000000,0.009152,0.000642,0.00019635
3,201,0.268042,0.000066,20.9193,0.000000,0.000000,0.000000,0.016065,0.000636,0.00019635
3,202,0.232259,0.000062,12.1888,0.000000,0.000000,0.000000,0.008405,0.000533,0.00019635
3,203,0.352211,0.000095,18.0414,0.000000,0.000000,0.000000,0.012450,0.000958,0.00019635
3,204,0.252953,0.000071,10.2944,0.000000,0.000000,0.000000,0.005546,0.001326,0.00019635
3,205,0.441544,0.000117,21.4643,0.000000,0.000000,0.000000,0.036990,0.001963,0.00019635
3,206,0.350195,0.000096,16.4297,0.000000,0.000000,0.000000,0.011840,0.002459,0.00019635
3,207,0.336705,0.000084,23.5667,0.000000,0.000000,0.000000,0.022306,0.001351,0.00019635
3,208,0.297429,0.000078,14.3481,0.000000,0.000000,0.000000,0.030714,0.001100,0.00019635
3,209,0.304089,0.000072,27.9669,0.000000,0.000000,0.000000,0.006756,0.000740,0.00019635
3,210,0.277317,0.000074,15.6199,0.000000,0.000000,0.000000,0.006937,0.001056,0.00019635
3,211,0.435243,0.000114,25.5265,0.000000,0.000000,0.000000,0.018074,0.003256,0.00019635
3,212,0.268892,0.000072,13.4069,0.000000,0.000000,0.000000,0.012743,0.002148,0.00019635
3,213,0.369262,0.000096,24.1732,0.000000,0.000000,0.000000,0.009513,0.001005,0.00019635
3,214,0.298135,0.000084,11.7421,0.000000,0.000000,0.000000,0.006327,0.001184,0.00019635
3,215,0.282945,0.000075,16.8827,0.000000,0.000000,0.000000,0.007186,0.001776,0.00019635
3,216,0.248343,0.000070,9.4603,0.000000,0.000000,0.000000,0.005717,0.000588,0.00019635
3,217,0.434756,0.000113,27.3424,0.000000,0.000000,0.000000,0.015637,0.000739,0.00019635
3,218,0.476185,0.000136,15.5963,0.000000,0.000000,0.000000,0.019002,0.001487,0.00019635
3,219,0.349178,0.000073,38.7733,0.000000,0.000000,0.000000,0.032355,0.001527,0.00019635
3,220,0.260878,0.000062,23.6689,0.000000,0.000000,0.000000,0.010870,0.001185,0.00019635
3,221,0.335571,0.000092,14.5107,0.000000,0.000000,0.000000,0.015740,0.001030,0.00019635
3,222,0.407747,0.000112,19.6647,0.000000,0.000000,0.000000,0.011050,0.002397,0.00019635
3,223,0.411907,0.000095,37.5025,0.000000,0.000000,0.000000,0.021217,0.001910,0.00019635
3,224,0.415306,0.000106,24.6038,0.000000,0.000000,0.000000,0.030422,0.002290,0.00019635
3,225,0.292450,0.000070,22.9829,0.000000,0.000000,0.000000,0.016992,0.001556,0.00019635
3,226,0.364743,0.000103,12.6012,0.000000,0.000000,0.000000,0.013780,0.001250,0.00019635
3,227,0.437048,0.000111,28.6348,0.000000,0.000000,0.000000,0.028928,0.001480,0.00019635
3,228,0.371437,0.000101,18.9011,0.000000,0.000000,0.000000,0.007864,0.001863,0.00019635
3,229,0.464005,0.000131,16.3183,0.000000,0.000000,0.000000,0.018915,0.000715,0.00019635
3,230,0.357531,0.000097,17.9499,0.000000,0.000000,0.000000,0.016383,0.000896,0.00019635
3,231,0.354456,0.000086,25.2194,0.000000,0.000000,0.000000,0.033823,0.001680,0.00019635
3,232,0.346153,0.000097,14.5448,0.000000,0.000000,0.000000,0.008225,0.001222,0.00019635
3,233,0.291952,0.000073,21.4173,0.000000,0.000000,0.000000,0.013557,0.001178,0.00019635
3,234,0.295808,0.000075,22.7295,0.000000,0.000000,0.000000,0.005468,0.001326,0.00019635
3,235,0.266184,0.000070,16.0307,0.000000,0.000000,0.000000,0.008225,0.000597,0.00019635
3,236,0.444133,0.000124,18.9222,0.000000,0.000000,0.000000,0.012518,0.001725,0.00019635
3,237,0.410249,0.000098,36.3919,0.000000,0.000000,0.000000,0.008405,0.002248,0.00019635
3,238,0.232197,0.000060,15.8057,0.000000,0.000000,0.000000,0.002798,0.000983,0.00019635
3,239,0.286641,0.000076,16.9882,0.000000,0.000000,0.000000,0.012338,0.001206,0.00019635
3,240,0.374222,0.000107,12.7800,0.000000,0.000000,0.000000,0.011412,0.001524,0.00019635
3,241,0.299244,0.000074,23.9677,0.000000,0.000000,0.000000,0.009015,0.000911,0.00019635
3,242,0.269604,0.000070,16.9140,0.000000,0.000000,0.000000,0.008474,0.001250,0.00019635
3,243,0.254377,0.000065,18.2656,0.000000,0.000000,0.000000,0.005288,0.000796,0.00019635
3,244,0.302838,0.000081,14.0225,0.000000,0.000000,0.000000,0.020519,0.001123,0.00019635
3,245,0.342197,0.000085,29.5054,0.000000,0.000000,0.000000,0.008405,0.000786,0.00019635
3,246,0.312696,0.000084,17.3465,0.000000,0.000000,0.000000,0.004066,0.001903,0.00019635
3,247,0.303830,0.000078,19.4328,0.000000,0.000000,0.000000,0.014390,0.001630,0.00019635
3,248,0.330186,0.000090,18.1566,0.000000,0.000000,0.000000,0.007005,0.001393,0.00019635
3,249,0.269622,0.000077,10.4440,0.000000,0.000000,0.000000,0.004000,0.000616,0.00019635
3,250,0.357750,0.000085,31.1591,0.000000,0.000000,0.000000,0.008654,0.001097,0.00019635
3,251,0.276564,0.000069,21.5683,0.000000,0.000000,0.000000,0.005288,0.000876,0.00019635
3,252,0.267947,0.000063,25.1291,0.000000,0.000000,0.000000,0.008293,0.000411,0.00019635
3,253,0.421379,0.000117,16.6074,0.000000,0.000000,0.000000,0.022797,0.001708,0.00019635
3,254,0.366966,0.000091,28.6966,0.000000,0.000000,0.000000,0.006943,0.001490,0.00019635
3,255,0.468243,0.000129,22.6208,0.000000,0.000000,0.000000,0.007496,0.000344,0.00019635
3,256,0.336939,0.000074,29.6701,0.000000,0.000000,0.000000,0.047898,0.001533,0.00019635
3,257,0.295180,0.000081,14.2887,0.000000,0.000000,0.000000,0.009762,0.001263,0.00019635
3,258,0.316671,0.000078,25.3592,0.000000,0.000000,0.000000,0.008474,0.000680,0.00019635
3,259,0.436727,0.000122,17.3239,0.000000,0.000000,0.000000,0.015567,0.002342,0.00019635
3,260,0.281374,0.000077,14.8304,0.000000,0.000000,0.000000,0.005288,0.001170,0.00019635
3,261,0.396305,0.000115,10.9059,0.000000,0.000000,0.000000,0.013197,0.001413,0.00019635
3,262,0.331974,0.000090,13.5539,0.000000,0.000000,0.000000,0.028130,0.002217,0.00019635
3,263,0.272671,0.000077,9.2778,0.000000,0.000000,0.000000,0.010629,0.000769,0.00019635
3,264,0.304343,0.000071,31.8132,0.000000,0.000000,0.000000,0.004000,0.000933,0.00019635
3,265,0.329486,0.000091,16.2811,0.000000,0.000000,0.000000,0.006147,0.001174,0.00019635
3,266,0.311554,0.000075,25.2293,0.000000,0.000000,0.000000,0.013446,0.000789,0.00019635
3,267,0.400506,0.000108,20.3922,0.000000,0.000000,0.000000,0.011237,0.001354,0.00019635
3,268,0.304854,0.000087,11.2353,0.000000,0.000000,0.000000,0.006327,0.001126,0.00019635
3,269,0.333935,0.000089,18.1585,0.000000,0.000000,0.000000,0.011273,0.000887,0.00019635
3,270,0.299967,0.000078,19.7409,0.000000,0.000000,0.000000,0.006756,0.000932,0.00019635
3,271,0.267821,0.000076,9.9962,0.000000,0.000000,0.000000,0.007186,0.000769,0.00019635
3,272,0.239790,0.000066,11.6916,0.000000,0.000000,0.000000,0.004172,0.001146,0.00019635
3,273,0.440526,0.000123,11.8773,0.000000,0.000000,0.000000,0.047308,0.002108,0.00019635
3,274,0.364761,0.000086,28.3338,0.000000,0.000000,0.000000,0.048122,0.004307,0.00019635
3,275,0.405650,0.000110,17.6259,0.000000,0.000000,0.000000,0.024899,0.002167,0.00019635
3,276,0.346469,0.000081,32.4979,0.000000,0.000000,0.000000,0.015206,0.000954,0.00019635
3,277,0.295999,0.000076,19.1146,0.000000,0.000000,0.000000,0.018330,0.001070,0.00019635
3,278,0.449250,0.000113,27.0674,0.000000,0.000000,0.000000,0.046569,0.001430,0.00019635
3,279,0.282619,0.000073,17.1529,0.000000,0.000000,0.000000,0.014098,0.001173,0.00019635
3,280,0.646899,0.000164,41.9151,0.000000,0.000000,0.000000,0.041218,0.003944,0.00019635
3,281,0.306058,0.000076,23.9551,0.000000,0.000000,0.000000,0.004859,0.000729,0.00019635
3,282,0.362449,0.000094,23.3439,0.000000,0.000000,0.000000,0.009693,0.001811,0.00019635
3,283,0.284580,0.000080,11.9178,0.000000,0.000000,0.000000,0.006327,0.000563,0.00019635
3,284,0.387976,0.000091,35.2332,0.000000,0.000000,0.000000,0.014167,0.000650,0.00019635
3,285,0.293857,0.000081,14.0853,0.000000,0.000000,0.000000,0.003570,0.002242,0.00019635
3,286,0.265407,0.000062,24.1721,0.000000,0.000000,0.000000,0.007795,0.000607,0.00019635
3,287,0.339496,0.000097,13.2235,0.000000,0.000000,0.000000,0.004859,0.002184,0.00019635
3,288,0.368005,0.000087,34.3794,0.000000,0.000000,0.000000,0.007435,0.002131,0.00019635
3,289,0.268814,0.000062,28.9925,0.000000,0.000000,0.000000,0.002798,0.001682,0.00019635
3,290,0.423027,0.000110,25.1671,0.000000,0.000000,0.000000,0.019431,0.001275,0.00019635
3,291,0.296745,0.000080,15.8174,0.000000,0.000000,0.000000,0.008903,0.001897,0.00019635
3,292,0.299244,0.000067,33.4764,0.000000,0.000000,0.000000,0.005717,0.000913,0.00019635
3,293,0.284575,0.000076,17.0256,0.000000,0.000000,0.000000,0.006688,0.000557,0.00019635
3,294,0.294820,0.000076,20.2665,0.000000,0.000000,0.000000,0.006576,0.000635,0.00019635
3,295,0.404065,0.000114,13.3706,0.000000,0.000000,0.000000,0.019293,0.002485,0.00019635
3,296,0.379284,0.000107,14.5919,0.000000,0.000000,0.000000,0.007186,0.001128,0.00019635
3,297,0.325255,0.000094,10.6878,0.000000,0.000000,0.000000,0.005123,0.001746,0.00019635
3,298,0.315364,0.000077,28.0355,0.000000,0.000000,0.000000,0.005717,0.001117,0.00019635
3,299,0.356979,0.000092,25.3339,0.000000,0.000000,0.000000,0.007435,0.000594,0.00019635
3,300,0.304460,0.000064,37.4526,0.000000,0.000000,0.000000,0.005288,0.000608,0.00019635
3,301,0.300098,0.000074,24.8687,0.000000,0.000000,0.000000,0.003751,0.000634,0.00019635
3,302,0.295828,0.000078,16.7711,0.000000,0.000000,0.000000,0.010801,0.000943,0.00019635
3,303,0.260956,0.000071,12.9518,0.000000,0.000000,0.000000,0.011479,0.000805,0.00019635
3,304,0.297919,0.000078,18.1713,0.000000,0.000000,0.000000,0.007615,0.001106,0.00019635
3,305,0.361730,0.000096,19.4565,0.000000,0.000000,0.000000,0.017104,0.001338,0.00019635
3,306,0.457239,0.000123,24.4340,0.000000,0.000000,0.000000,0.012415,0.000978,0.00019635
3,307,0.419722,0.000103,34.9270,0.000000,0.000000,0.000000,0.014957,0.001555,0.00019635
3,308,0.479800,0.000127,21.7956,0.000000,0.000000,0.000000,0.043722,0.001017,0.00019635
3,309,0.377334,0.000083,37.9581,0.000000,0.000000,0.000000,0.031135,0.001452,0.00019635
3,310,0.268292,0.000067,21.2168,0.000000,0.000000,0.000000,0.008903,0.000896,0.00019635
3,311,0.291918,0.000071,23.5360,0.000000,0.000000,0.000000,0.007615,0.000956,0.00019635
3,312,0.290259,0.000081,11.5793,0.000000,0.000000,0.000000,0.010303,0.001565,0.00019635
3,313,0.291233,0.000061,35.1509,0.000000,0.000000,0.000000,0.005288,0.000864,0.00019635
3,314,0.300588,0.000078,19.6113,0.000000,0.000000,0.000000,0.007458,0.000917,0.00019635
3,315,0.489031,0.000129,26.7845,0.000000,0.000000,0.000000,0.027271,0.001496,0.00019635
3,316,0.479275,0.000138,14.7809,0.000000,0.000000,0.000000,0.016813,0.001712,0.00019635
3,317,0.483815,0.000124,33.1691,0.000000,0.000000,0.000000,0.012450,0.001242,0.00019635
3,318,0.329895,0.000090,14.6927,0.000000,0.000000,0.000000,0.016065,0.000929,0.00019635
3,319,0.358611,0.000089,26.4675,0.000000,0.000000,0.000000,0.013918,0.001486,0.00019635
3,320,0.404531,0.000112,17.0702,0.000000,0.000000,0.000000,0.015276,0.001611,0.00019635
3,321,0.351254,0.000082,33.5605,0.000000,0.000000,0.000000,0.006507,0.000894,0.00019635
3,322,0.347216,0.000095,16.4557,0.000000,0.000000,0.000000,0.009472,0.000594,0.00019635
3,323,0.306183,0.000076,22.9963,0.000000,0.000000,0.000000,0.007496,0.000386,0.00019635
3,324,0.462736,0.000129,16.1309,0.000000,0.000000,0.000000,0.027434,0.001966,0.00019635
3,325,0.478222,0.000124,29.7659,0.000000,0.000000,0.000000,0.015551,0.001844,0.00019635
3,326,0.417401,0.000115,18.7004,0.000000,0.000000,0.000000,0.011058,0.001915,0.00019635
3,327,0.520385,0.000142,23.9062,0.000000,0.000000,0.000000,0.017658,0.002199,0.00019635
3,328,0.424092,0.000122,12.5127,0.000000,0.000000,0.000000,0.013843,0.001947,0.00019635
3,329,0.435085,0.000110,31.4901,0.000000,0.000000,0.000000,0.011093,0.001812,0.00019635
3,330,0.423599,0.000116,19.6071,0.000000,0.000000,0.000000,0.014150,0.002181,0.00019635
3,331,0.448058,0.000120,22.0653,0.000000,0.000000,0.000000,0.020227,0.002290,0.00019635
3,332,0.447498,0.000127,15.4217,0.000000,0.000000,0.000000,0.014030,0.001228,0.00019635
3,333,0.407831,0.000106,25.9437,0.000000,0.000000,0.000000,0.012948,0.001428,0.00019635
3,334,0.465232,0.000128,20.1735,0.000000,0.000000,0.000000,0.017960,0.001261,0.00019635
3,335,0.372474,0.000097,23.6658,0.000000,0.000000,0.000000,0.006576,0.001862,0.00019635
3,336,0.260343,0.000069,15.0556,0.000000,0.000000,0.000000,0.004859,0.000979,0.00019635
3,337,0.454490,0.000118,28.7913,0.000000,0.000000,0.000000,0.010191,0.001204,0.00019635
3,338,0.301485,0.000077,20.0113,0.000000,0.000000,0.000000,0.008585,0.001435,0.00019635
3,339,0.417347,0.000108,24.1888,0.000000,0.000000,0.000000,0.027675,0.000878,0.00019635
3,340,0.254116,0.000069,13.3988,0.000000,0.000000,0.000000,0.004172,0.001519,0.00019635
3,341,0.372374,0.000089,29.4885,0.000000,0.000000,0.000000,0.028767,0.001108,0.00019635
3,342,0.459743,0.000123,17.6276,0.000000,0.000000,0.000000,0.054218,0.001485,0.00019635
3,343,0.474675,0.000126,25.4485,0.000000,0.000000,0.000000,0.025243,0.002084,0.00019635
3,344,0.439809,0.000119,15.4901,0.000000,0.000000,0.000000,0.050758,0.001977,0.00019635
3,345,0.389179,0.000100,27.4756,0.000000,0.000000,0.000000,0.015498,0.001212,0.00019635
3,346,0.416877,0.000106,23.2925,0.000000,0.000000,0.000000,0.046021,0.002018,0.00019635
3,347,0.391818,0.000104,18.5864,0.000000,0.000000,0.000000,0.029891,0.001782,0.00019635
3,348,0.396402,0.000113,12.8288,0.000000,0.000000,0.000000,0.015385,0.001620,0.00019635
3,349,0.389367,0.000099,28.8904,0.000000,0.000000,0.000000,0.010372,0.000444,0.00019635
3,350,0.330420,0.000093,13.3189,0.000000,0.000000,0.000000,0.005898,0.000733,0.00019635
3,351,0.499653,0.000134,23.9040,0.000000,0.000000,0.000000,0.030998,0.001159,0.00019635
3,352,0.341783,0.000095,13.9964,0.000000,0.000000,0.000000,0.015386,0.001115,0.00019635
3,353,0.333035,0.000085,24.7844,0.000000,0.000000,0.000000,0.005717,0.000889,0.00019635
3,354,0.365018,0.000101,15.2379,0.000000,0.000000,0.000000,0.014167,0.000331,0.00019635
3,355,0.389980,0.000103,23.4133,0.000000,0.000000,0.000000,0.008044,0.001391,0.00019635
3,356,0.288034,0.000074,20.2169,0.000000,0.000000,0.000000,0.004429,0.000644,0.00019635
3,357,0.291204,0.000076,19.5604,0.000000,0.000000,0.000000,0.001424,0.000600,0.00019635
3,358,0.333096,0.000090,13.1598,0.000000,0.000000,0.000000,0.029960,0.000784,0.00019635
3,359,0.358958,0.000079,38.2825,0.000000,0.000000,0.000000,0.020831,0.000735,0.00019635
3,360,0.317171,0.000075,29.2690,0.000000,0.000000,0.000000,0.017422,0.000731,0.00019635
3,361,0.430994,0.000113,22.2575,0.000000,0.000000,0.000000,0.038186,0.001487,0.00019635
3,362,0.811134,0.000230,24.2131,0.000000,0.000000,0.000000,0.054220,0.002151,0.00019635
3,363,0.737491,0.000202,28.1435,0.000000,0.000000,0.000000,0.055055,0.003772,0.00019635
3,364,0.679352,0.000193,20.3638,0.000000,0.000000,0.000000,0.041990,0.002474,0.00019635
3,365,0.709247,0.000201,20.2768,0.000000,0.000000,0.000000,0.046949,0.004739,0.00019635
3,366,0.468810,0.000111,33.6657,0.000000,0.000000,0.000000,0.071772,0.001187,0.00019635
3,367,0.474893,0.000135,14.0533,0.000000,0.000000,0.000000,0.026318,0.002660,0.00019635
3,368,0.315641,0.000077,23.1591,0.000000,0.000000,0.000000,0.022299,0.001639,0.00019635
3,369,0.372059,0.000102,17.5468,0.000000,0.000000,0.000000,0.007615,0.002636,0.00019635
3,370,0.321824,0.000086,18.6875,0.000000,0.000000,0.000000,0.005039,0.001832,0.00019635
3,371,0.369722,0.000106,11.4902,0.000000,0.000000,0.000000,0.009762,0.002312,0.00019635
3,372,0.294742,0.000072,26.7398,0.000000,0.000000,0.000000,0.005717,0.001140,0.00019635
3,373,0.331821,0.000090,15.6671,0.000000,0.000000,0.000000,0.017147,0.003191,0.00019635
3,374,0.257813,0.000061,23.9646,0.000000,0.000000,0.000000,0.007496,0.000826,0.00019635
3,375,0.318181,0.000078,23.0933,0.000000,0.000000,0.000000,0.024695,0.001466,0.00019635
3,376,0.346642,0.000094,14.9220,0.000000,0.000000,0.000000,0.024987,0.001048,0.00019635
3,377,0.330785,0.000087,20.0712,0.000000,0.000000,0.000000,0.010372,0.000953,0.00019635
3,378,0.342570,0.000098,11.7779,0.000000,0.000000,0.000000,0.006756,0.001146,0.00019635
3,379,0.311138,0.000069,32.9877,0.000000,0.000000,0.000000,0.013626,0.001500,0.00019635
3,380,0.286556,0.000068,27.6706,0.000000,0.000000,0.000000,0.005717,0.000927,0.00019635
3,381,0.288186,0.000079,12.0855,0.000000,0.000000,0.000000,0.012810,0.002268,0.00019635
3,382,0.233380,0.000066,9.4242,0.000000,0.000000,0.000000,0.005123,0.000703,0.00019635
3,383,0.408856,0.000107,25.1401,0.000000,0.000000,0.000000,0.018323,0.001404,0.00019635
3,384,0.277747,0.000077,11.3964,0.000000,0.000000,0.000000,0.012450,0.001559,0.00019635
3,385,0.344709,0.000086,26.7756,0.000000,0.000000,0.000000,0.003570,0.001616,0.00019635
3,386,0.314080,0.000077,25.3851,0.000000,0.000000,0.000000,0.011840,0.001630,0.00019635
3,387,0.326950,0.000087,19.4202,0.000000,0.000000,0.000000,0.005717,0.001736,0.00019635
3,388,0.386652,0.000103,23.3106,0.000000,0.000000,0.000000,0.006576,0.001894,0.00019635
3,389,0.290590,0.000080,13.4894,0.000000,0.000000,0.000000,0.009083,0.001419,0.00019635
3,390,0.285969,0.000073,19.3707,0.000000,0.000000,0.000000,0.009762,0.000973,0.00019635
3,391,0.239428,0.000067,11.2431,0.000000,0.000000,0.000000,0.001424,0.000689,0.00019635
4,1,0.492393,0.000127,29.9137,0.000000,0.000000,0.000000,0.027477,0.002324,0.00010365
4,2,0.489559,0.000132,21.8732,0.000000,0.000000,0.000000,0.031616,0.002266,0.00010365
4,3,0.384406,0.000108,13.0618,0.000000,0.000000,0.000000,0.018475,0.002171,0.00010365
4,4,0.447091,0.000120,24.9255,0.000000,0.000000,0.000000,0.016606,0.001877,0.00010365
4,5,0.399916,0.000106,21.4783,0.000000,0.000000,0.000000,0.016930,0.001829,0.00010365
4,6,0.457669,0.000129,14.7148,0.000000,0.000000,0.000000,0.029913,0.001892,0.00010365
4,7,0.379823,0.000106,14.7685,0.000000,0.000000,0.000000,0.014834,0.002473,0.00010365
4,8,0.402413,0.000110,19.7119,0.000000,0.000000,0.000000,0.011603,0.001826,0.00010365
4,9,0.353112,0.000100,12.5573,0.000000,0.000000,0.000000,0.012948,0.001760,0.00010365
4,10,0.457929,0.000127,19.3419,0.000000,0.000000,0.000000,0.014347,0.001875,0.00010365
4,11,0.380771,0.000107,13.2051,0.000000,0.000000,0.000000,0.016675,0.001730,0.00010365
4,12,0.388671,0.000111,12.3663,0.000000,0.000000,0.000000,0.011598,0.001827,0.00010365
4,13,0.423398,0.000123,12.4394,0.000000,0.000000,0.000000,0.006688,0.001641,0.00010365
4,14,0.409202,0.000119,11.5620,0.000000,0.000000,0.000000,0.009083,0.001863,0.00010365
4,15,0.447649,0.000130,11.8321,0.000000,0.000000,0.000000,0.016870,0.001914,0.00010365
4,16,0.421641,0.000115,20.7774,0.000000,0.000000,0.000000,0.009513,0.002068,0.00010365
4,17,0.356837,0.000093,23.3136,0.000000,0.000000,0.000000,0.008293,0.001997,0.00010365
4,18,0.361865,0.000103,11.8977,0.000000,0.000000,0.000000,0.015166,0.002006,0.00010365
4,19,0.362031,0.000101,14.8580,0.000000,0.000000,0.000000,0.012525,0.001212,0.00010365
4,20,0.367065,0.000105,11.6423,0.000000,0.000000,0.000000,0.015026,0.001786,0.00010365
4,21,0.361702,0.000100,16.1888,0.000000,0.000000,0.000000,0.013918,0.001609,0.00010365
4,22,0.362032,0.000104,11.8795,0.000000,0.000000,0.000000,0.009522,0.001428,0.00010365
4,23,0.321784,0.000092,11.4168,0.000000,0.000000,0.000000,0.007615,0.001660,0.00010365
4,24,0.362706,0.000103,11.4577,0.000000,0.000000,0.000000,0.015318,0.001961,0.00010365
4,25,0.351323,0.000093,20.7625,0.000000,0.000000,0.000000,0.006402,0.001322,0.00010365
4,26,0.348338,0.000098,12.9252,0.000000,0.000000,0.000000,0.015524,0.001364,0.00010365
4,27,0.338172,0.000084,26.4320,0.000000,0.000000,0.000000,0.011411,0.001568,0.00010365
4,28,0.288594,0.000074,17.6400,0.000000,0.000000,0.000000,0.017963,0.000957,0.00010365
4,29,0.443914,0.000123,20.1363,0.000000,0.000000,0.000000,0.011771,0.001876,0.00010365
4,30,0.298031,0.000082,13.9379,0.000000,0.000000,0.000000,0.009624,0.001858,0.00010365
4,31,0.270506,0.000072,16.1371,0.000000,0.000000,0.000000,0.006756,0.001262,0.00010365
4,32,0.262323,0.000074,9.8313,0.000000,0.000000,0.000000,0.010372,0.001336,0.00010365
4,33,0.325675,0.000087,18.3123,0.000000,0.000000,0.000000,0.006147,0.001429,0.00010365
4,34,0.258537,0.000064,21.7736,0.000000,0.000000,0.000000,0.002798,0.001049,0.00010365
4,35,0.409407,0.000114,16.0773,0.000000,0.000000,0.000000,0.018101,0.001753,0.00010365
4,36,0.392793,0.000113,10.3176,0.000000,0.000000,0.000000,0.017575,0.002013,0.00010365
4,37,0.400941,0.000110,18.5840,0.000000,0.000000,0.000000,0.010192,0.001857,0.00010365
4,38,0.354532,0.000102,12.1838,0.000000,0.000000,0.000000,0.004859,0.001582,0.00010365
4,39,0.352028,0.000100,11.9307,0.000000,0.000000,0.000000,0.009942,0.001751,0.00010365
4,40,0.344313,0.000100,9.3854,0.000000,0.000000,0.000000,0.008225,0.001693,0.00010365
4,41,0.379242,0.000109,12.5451,0.000000,0.000000,0.000000,0.009624,0.002096,0.00010365
4,42,0.384246,0.000108,15.8019,0.000000,0.000000,0.000000,0.006402,0.002122,0.00010365
4,43,0.433179,0.000124,12.3482,0.000000,0.000000,0.000000,0.024918,0.000852,0.00010365
4,44,0.369153,0.000102,16.1667,0.000000,0.000000,0.000000,0.013197,0.002684,0.00010365
4,45,0.288146,0.000082,10.3789,0.000000,0.000000,0.000000,0.007186,0.001472,0.00010365
4,46,0.327849,0.000087,20.2042,0.000000,0.000000,0.000000,0.009264,0.001225,0.00010365
4,47,0.295760,0.000081,12.3902,0.000000,0.000000,0.000000,0.014279,0.001402,0.00010365
4,48,0.392632,0.000108,15.4379,0.000000,0.000000,0.000000,0.027433,0.000962,0.00010365
4,49,0.382187,0.000107,11.6785,0.000000,0.000000,0.000000,0.034809,0.001836,0.00010365
4,50,0.315375,0.000087,15.1318,0.000000,0.000000,0.000000,0.007186,0.001824,0.00010365
4,51,0.284865,0.000079,11.1398,0.000000,0.000000,0.000000,0.016317,0.000493,0.00010365
4,52,0.392954,0.000110,13.7101,0.000000,0.000000,0.000000,0.023317,0.002049,0.00010365
4,53,0.355650,0.000101,10.2479,0.000000,0.000000,0.000000,0.021914,0.001873,0.00010365
4,54,0.345538,0.000097,12.5520,0.000000,0.000000,0.000000,0.017353,0.001547,0.00010365
4,55,0.308155,0.000090,8.6713,0.000000,0.000000,0.000000,0.006147,0.001303,0.00010365
4,56,0.369281,0.000106,11.7403,0.000000,0.000000,0.000000,0.008044,0.001774,0.00010365
4,57,0.344914,0.000098,11.6337,0.000000,0.000000,0.000000,0.014167,0.001653,0.00010365
4,58,0.367302,0.000105,11.6876,0.000000,0.000000,0.000000,0.010778,0.002241,0.00010365
4,59,0.360694,0.000105,9.7712,0.000000,0.000000,0.000000,0.007859,0.002032,0.00010365
4,60,0.344725,0.000089,23.0428,0.000000,0.000000,0.000000,0.011591,0.000993,0.00010365
4,61,0.279219,0.000076,13.9994,0.000000,0.000000,0.000000,0.007615,0.000663,0.00010365
4,62,0.291420,0.000076,16.2262,0.000000,0.000000,0.000000,0.017533,0.000764,0.00010365
4,63,0.257709,0.000071,10.5848,0.000000,0.000000,0.000000,0.014416,0.001019,0.00010365
4,64,0.427386,0.000122,13.6820,0.000000,0.000000,0.000000,0.016288,0.002209,0.00010365
4,65,0.391544,0.000108,15.3002,0.000000,0.000000,0.000000,0.025014,0.001747,0.00010365
4,66,0.345239,0.000096,13.3149,0.000000,0.000000,0.000000,0.014915,0.001557,0.00010365
4,67,0.298766,0.000080,14.1684,0.000000,0.000000,0.000000,0.022391,0.001166,0.00010365
4,68,0.256272,0.000067,15.5055,0.000000,0.000000,0.000000,0.011618,0.000928,0.00010365
4,69,0.368179,0.000098,17.1759,0.000000,0.000000,0.000000,0.028901,0.001287,0.00010365
4,70,0.314869,0.000089,11.6283,0.000000,0.000000,0.000000,0.013377,0.001105,0.00010365
4,71,0.278589,0.000075,15.6083,0.000000,0.000000,0.000000,0.004859,0.000847,0.00010365
4,72,0.341967,0.000099,10.3034,0.000000,0.000000,0.000000,0.007005,0.000639,0.00010365
4,73,0.357240,0.000103,11.4646,0.000000,0.000000,0.000000,0.010011,0.000505,0.00010365
4,74,0.294143,0.000085,9.6861,0.000000,0.000000,0.000000,0.003570,0.001125,0.00010365
4,75,0.360954,0.000103,12.5211,0.000000,0.000000,0.000000,0.010801,0.001456,0.00010365
4,76,0.264508,0.000075,10.3717,0.000000,0.000000,0.000000,0.006180,0.001062,0.00010365
4,77,0.476207,0.000133,18.7569,0.000000,0.000000,0.000000,0.019333,0.001089,0.00010365
4,78,0.445003,0.000124,16.6405,0.000000,0.000000,0.000000,0.022486,0.001668,0.00010365
4,79,0.497177,0.000141,17.8404,0.000000,0.000000,0.000000,0.013377,0.001000,0.00010365
4,80,0.516540,0.000148,14.3521,0.000000,0.000000,0.000000,0.029932,0.001717,0.00010365
4,81,0.396395,0.000111,15.5433,0.000000,0.000000,0.000000,0.013626,0.002351,0.00010365
4,82,0.333163,0.000091,14.3964,0.000000,0.000000,0.000000,0.018262,0.001156,0.00010365
4,83,0.301596,0.000085,11.8870,0.000000,0.000000,0.000000,0.007117,0.001179,0.00010365
4,84,0.328313,0.000091,14.3417,0.000000,0.000000,0.000000,0.009942,0.000917,0.00010365
4,85,0.307208,0.000087,11.5099,0.000000,0.000000,0.000000,0.005546,0.001175,0.00010365
4,86,0.492363,0.000140,15.5076,0.000000,0.000000,0.000000,0.023227,0.001892,0.00010365
4,87,0.464976,0.000134,14.8705,0.000000,0.000000,0.000000,0.013059,0.001390,0.00010365
4,88,0.485222,0.000132,25.0410,0.000000,0.000000,0.000000,0.013315,0.001754,0.00010365
4,89,0.433032,0.000122,17.5118,0.000000,0.000000,0.000000,0.012381,0.001648,0.00010365
4,90,0.291641,0.000082,11.0525,0.000000,0.000000,0.000000,0.011093,0.000953,0.00010365
4,91,0.358118,0.000097,16.8667,0.000000,0.000000,0.000000,0.014790,0.001579,0.00010365
4,92,0.389365,0.000106,16.3879,0.000000,0.000000,0.000000,0.025056,0.001886,0.00010365
4,93,0.273799,0.000076,10.1244,0.000000,0.000000,0.000000,0.014108,0.001233,0.00010365
4,94,0.292832,0.000072,23.8667,0.000000,0.000000,0.000000,0.010011,0.000785,0.00010365
4,95,0.255112,0.000073,8.5888,0.000000,0.000000,0.000000,0.005288,0.000833,0.00010365
4,96,0.379604,0.000107,15.0442,0.000000,0.000000,0.000000,0.008405,0.001384,0.00010365
4,97,0.372363,0.000107,11.5437,0.000000,0.000000,0.000000,0.015275,0.001126,0.00010365
4,98,0.262267,0.000074,10.5370,0.000000,0.000000,0.000000,0.006576,0.000478,0.00010365
4,99,0.252843,0.000072,9.4326,0.000000,0.000000,0.000000,0.005898,0.000761,0.00010365
4,100,0.243437,0.000066,12.1255,0.000000,0.000000,0.000000,0.009264,0.000573,0.00010365
4,101,0.287262,0.000078,13.5048,0.000000,0.000000,0.000000,0.011161,0.000662,0.00010365
4,102,0.231931,0.000062,13.5851,0.000000,0.000000,0.000000,0.004172,0.000463,0.00010365
4,103,0.298611,0.000085,9.1776,0.000000,0.000000,0.000000,0.017533,0.000678,0.00010365
4,104,0.417208,0.000120,12.4652,0.000000,0.000000,0.000000,0.012948,0.001178,0.00010365
4,105,0.342830,0.000092,13.6166,0.000000,0.000000,0.000000,0.033299,0.001432,0.00010365
4,106,0.323088,0.000094,9.2462,0.000000,0.000000,0.000000,0.009277,0.001046,0.00010365
4,107,0.298580,0.000078,18.9550,0.000000,0.000000,0.000000,0.011522,0.000851,0.00010365
4,108,0.411780,0.000115,17.5111,0.000000,0.000000,0.000000,0.012587,0.001751,0.00010365
4,109,0.267928,0.000074,11.6908,0.000000,0.000000,0.000000,0.011840,0.000935,0.00010365
4,110,0.426206,0.000119,16.6501,0.000000,0.000000,0.000000,0.018618,0.001362,0.00010365
4,111,0.269151,0.000073,11.6383,0.000000,0.000000,0.000000,0.016383,0.000935,0.00010365
4,112,0.285105,0.000077,10.6745,0.000000,0.000000,0.000000,0.030500,0.001115,0.00010365
4,113,0.251014,0.000069,12.0409,0.000000,0.000000,0.000000,0.004859,0.000805,0.00010365
4,114,0.214846,0.000061,7.8905,0.000000,0.000000,0.000000,0.006756,0.000717,0.00010365
4,115,0.228118,0.000063,10.7054,0.000000,0.000000,0.000000,0.007366,0.000462,0.00010365
4,116,0.327588,0.000094,9.3792,0.000000,0.000000,0.000000,0.013128,0.001055,0.00010365
4,117,0.351297,0.000099,15.2453,0.000000,0.000000,0.000000,0.003141,0.001437,0.00010365
4,118,0.333703,0.000096,11.1580,0.000000,0.000000,0.000000,0.006756,0.001880,0.00010365
4,119,0.277584,0.000075,15.9663,0.000000,0.000000,0.000000,0.001424,0.000668,0.00010365
4,120,0.299856,0.000081,16.8283,0.000000,0.000000,0.000000,0.008654,0.001136,0.00010365
4,121,0.303614,0.000083,10.0045,0.000000,0.000000,0.000000,0.032938,0.001347,0.00010365
4,122,0.387781,0.000102,19.2730,0.000000,0.000000,0.000000,0.033124,0.001045,0.00010365
4,123,0.282352,0.000079,11.0834,0.000000,0.000000,0.000000,0.010303,0.000824,0.00010365
4,124,0.249939,0.000066,14.7681,0.000000,0.000000,0.000000,0.007186,0.000730,0.00010365
4,125,0.247374,0.000069,10.4309,0.000000,0.000000,0.000000,0.008044,0.000624,0.00010365
4,126,0.250049,0.000066,13.9802,0.000000,0.000000,0.000000,0.009513,0.000852,0.00010365
4,127,0.276126,0.000079,9.8097,0.000000,0.000000,0.000000,0.005873,0.000905,0.00010365
4,128,0.298959,0.000080,15.8979,0.000000,0.000000,0.000000,0.010870,0.000631,0.00010365
4,129,0.340645,0.000091,18.5935,0.000000,0.000000,0.000000,0.008903,0.001273,0.00010365
4,130,0.265346,0.000071,13.8450,0.000000,0.000000,0.000000,0.014056,0.000831,0.00010365
4,131,0.253032,0.000067,15.2462,0.000000,0.000000,0.000000,0.006507,0.001277,0.00010365
4,132,0.286714,0.000082,8.5704,0.000000,0.000000,0.000000,0.011411,0.000750,0.00010365
4,133,0.310564,0.000087,12.3428,0.000000,0.000000,0.000000,0.009942,0.000652,0.00010365
4,134,0.242472,0.000067,10.4725,0.000000,0.000000,0.000000,0.006756,0.000890,0.00010365
4,135,0.405904,0.000116,12.5974,0.000000,0.000000,0.000000,0.017646,0.000656,0.00010365
4,136,0.391037,0.000111,12.4657,0.000000,0.000000,0.000000,0.019862,0.000850,0.00010365
4,137,0.286897,0.000074,18.2543,0.000000,0.000000,0.000000,0.011300,0.001355,0.00010365
4,138,0.224007,0.000062,9.3411,0.000000,0.000000,0.000000,0.006576,0.001138,0.00010365
4,139,0.266131,0.000066,19.8317,0.000000,0.000000,0.000000,0.008723,0.000587,0.00010365
4,140,0.290411,0.000079,14.6125,0.000000,0.000000,0.000000,0.009873,0.000805,0.00010365
4,141,0.270101,0.000070,17.1181,0.000000,0.000000,0.000000,0.006507,0.000839,0.00010365
4,142,0.228198,0.000065,8.5745,0.000000,0.000000,0.000000,0.007005,0.000469,0.00010365
4,143,0.295070,0.000082,13.0713,0.000000,0.000000,0.000000,0.007435,0.000946,0.00010365
4,144,0.277212,0.000079,10.5743,0.000000,0.000000,0.000000,0.004594,0.000862,0.00010365
4,145,0.290807,0.000077,17.1919,0.000000,0.000000,0.000000,0.006576,0.000372,0.00010365
4,146,0.266726,0.000073,12.9017,0.000000,0.000000,0.000000,0.006327,0.000614,0.00010365
4,147,0.368526,0.000102,15.3685,0.000000,0.000000,0.000000,0.014168,0.000995,0.00010365
4,148,0.227769,0.000064,8.6402,0.000000,0.000000,0.000000,0.006576,0.000331,0.00010365
4,149,0.286030,0.000074,17.6224,0.000000,0.000000,0.000000,0.013308,0.000694,0.00010365
4,150,0.336246,0.000093,14.0816,0.000000,0.000000,0.000000,0.012587,0.001097,0.00010365
4,151,0.246561,0.000068,11.4972,0.000000,0.000000,0.000000,0.006507,0.000733,0.00010365
4,152,0.290448,0.000084,8.5493,0.000000,0.000000,0.000000,0.011051,0.000542,0.00010365
4,153,0.242387,0.000064,15.0474,0.000000,0.000000,0.000000,0.004172,0.000498,0.00010365
4,154,0.345125,0.000095,16.3744,0.000000,0.000000,0.000000,0.010372,0.002500,0.00010365
4,155,0.370768,0.000098,18.8295,0.000000,0.000000,0.000000,0.022230,0.003043,0.00010365
4,156,0.367894,0.000104,11.8252,0.000000,0.000000,0.000000,0.019930,0.002838,0.00010365
4,157,0.352503,0.000098,14.4811,0.000000,0.000000,0.000000,0.015567,0.002204,0.00010365
4,158,0.288012,0.000080,11.9646,0.000000,0.000000,0.000000,0.009015,0.002517,0.00010365
4,159,0.266415,0.000069,17.2206,0.000000,0.000000,0.000000,0.012020,0.001871,0.00010365
4,160,0.261577,0.000072,12.3844,0.000000,0.000000,0.000000,0.009264,0.001410,0.00010365
4,161,0.285163,0.000076,16.8008,0.000000,0.000000,0.000000,0.004066,0.001288,0.00010365
4,162,0.279965,0.000078,13.1708,0.000000,0.000000,0.000000,0.004859,0.000987,0.00010365
4,163,0.312985,0.000085,15.7060,0.000000,0.000000,0.000000,0.007615,0.001036,0.00010365
4,164,0.336102,0.000097,11.0550,0.000000,0.000000,0.000000,0.008044,0.000863,0.00010365
4,165,0.358032,0.000100,13.9358,0.000000,0.000000,0.000000,0.015524,0.001251,0.00010365
4,166,0.332811,0.000097,9.6120,0.000000,0.000000,0.000000,0.004609,0.001800,0.00010365
4,167,0.423151,0.000115,21.1731,0.000000,0.000000,0.000000,0.008834,0.002297,0.00010365
4,168,0.316628,0.000089,13.0277,0.000000,0.000000,0.000000,0.002712,0.001493,0.00010365
4,169,0.341157,0.000098,11.4624,0.000000,0.000000,0.000000,0.006507,0.001865,0.00010365
4,170,0.221567,0.000061,9.7791,0.000000,0.000000,0.000000,0.009667,0.001060,0.00010365
4,171,0.352403,0.000093,20.1123,0.000000,0.000000,0.000000,0.014098,0.001242,0.00010365
4,172,0.293181,0.000080,13.5947,0.000000,0.000000,0.000000,0.014846,0.000644,0.00010365
4,173,0.273487,0.000079,8.6388,0.000000,0.000000,0.000000,0.005717,0.000860,0.00010365
4,174,0.327247,0.000082,26.9355,0.000000,0.000000,0.000000,0.004180,0.000770,0.00010365
4,175,0.320402,0.000087,17.0790,0.000000,0.000000,0.000000,0.005288,0.001269,0.00010365
4,176,0.271420,0.000076,10.4876,0.000000,0.000000,0.000000,0.009693,0.000689,0.00010365
4,177,0.246473,0.000067,13.3900,0.000000,0.000000,0.000000,0.005288,0.000645,0.00010365
4,178,0.235385,0.000068,8.0613,0.000000,0.000000,0.000000,0.004066,0.000419,0.00010365
4,179,0.296623,0.000082,14.8556,0.000000,0.000000,0.000000,0.004000,0.001072,0.00010365
4,180,0.355943,0.000104,9.6722,0.000000,0.000000,0.000000,0.009090,0.001102,0.00010365
4,181,0.341291,0.000094,14.6512,0.000000,0.000000,0.000000,0.013308,0.000765,0.00010365
4,182,0.391815,0.000115,10.6296,0.000000,0.000000,0.000000,0.008544,0.001099,0.00010365
4,183,0.265428,0.000060,25.8606,0.000000,0.000000,0.000000,0.011591,0.000703,0.00010365
4,184,0.311833,0.000082,18.0782,0.000000,0.000000,0.000000,0.010483,0.000831,0.00010365
4,185,0.291470,0.000083,10.5363,0.000000,0.000000,0.000000,0.006327,0.000864,0.00010365
4,186,0.251919,0.000064,19.5343,0.000000,0.000000,0.000000,0.001424,0.000434,0.00010365
4,187,0.230851,0.000065,10.2132,0.000000,0.000000,0.000000,0.002798,0.000401,0.00010365
4,188,0.279714,0.000081,9.1494,0.000000,0.000000,0.000000,0.005039,0.000701,0.00010365
4,189,0.227340,0.000064,10.1184,0.000000,0.000000,0.000000,0.002282,0.000597,0.00010365
4,190,0.272999,0.000074,13.9127,0.000000,0.000000,0.000000,0.006937,0.000805,0.00010365
4,191,0.284579,0.000080,10.8340,0.000000,0.000000,0.000000,0.007864,0.000729,0.00010365
4,192,0.321764,0.000093,10.5244,0.000000,0.000000,0.000000,0.007435,0.001244,0.00010365
4,193,0.239890,0.000068,9.3793,0.000000,0.000000,0.000000,0.004609,0.000691,0.00010365
4,194,0.283231,0.000078,13.8029,0.000000,0.000000,0.000000,0.005898,0.000969,0.00010365
4,195,0.280381,0.000079,11.8711,0.000000,0.000000,0.000000,0.003537,0.000385,0.00010365
4,196,0.278283,0.000078,11.5671,0.000000,0.000000,0.000000,0.008654,0.000976,0.00010365
4,197,0.276507,0.000073,15.2218,0.000000,0.000000,0.000000,0.013377,0.000746,0.00010365
4,198,0.246773,0.000070,9.0652,0.000000,0.000000,0.000000,0.007366,0.000707,0.00010365
4,199,0.318412,0.000089,12.0407,0.000000,0.000000,0.000000,0.010191,0.001344,0.00010365
4,200,0.263896,0.000076,8.6157,0.000000,0.000000,0.000000,0.003570,0.000652,0.00010365
4,201,0.241442,0.000061,17.4867,0.000000,0.000000,0.000000,0.006576,0.000349,0.00010365
4,202,0.215530,0.000060,9.2922,0.000000,0.000000,0.000000,0.003141,0.000457,0.00010365
4,203,0.335838,0.000092,16.4042,0.000000,0.000000,0.000000,0.005898,0.000763,0.00010365
4,204,0.247668,0.000069,11.2887,0.000000,0.000000,0.000000,0.004172,0.000913,0.00010365
4,205,0.358613,0.000102,11.2924,0.000000,0.000000,0.000000,0.018504,0.000920,0.00010365
4,206,0.272108,0.000077,9.6857,0.000000,0.000000,0.000000,0.007795,0.001606,0.00010365
4,207,0.271520,0.000075,10.6259,0.000000,0.000000,0.000000,0.015498,0.001074,0.00010365
4,208,0.262832,0.000071,13.3080,0.000000,0.000000,0.000000,0.007795,0.000732,0.00010365
4,209,0.242438,0.000068,9.5557,0.000000,0.000000,0.000000,0.007005,0.000638,0.00010365
4,210,0.247379,0.000064,16.7089,0.000000,0.000000,0.000000,0.004609,0.000894,0.00010365
4,211,0.387109,0.000111,13.0610,0.000000,0.000000,0.000000,0.009264,0.001897,0.00010365
4,212,0.245282,0.000067,11.7048,0.000000,0.000000,0.000000,0.006930,0.001677,0.00010365
4,213,0.256394,0.000073,9.4702,0.000000,0.000000,0.000000,0.004859,0.000907,0.00010365
4,214,0.299681,0.000080,16.0158,0.000000,0.000000,0.000000,0.007186,0.001041,0.00010365
4,215,0.252185,0.000071,9.5692,0.000000,0.000000,0.000000,0.004429,0.001616,0.00010365
4,216,0.273796,0.000073,16.0294,0.000000,0.000000,0.000000,0.007005,0.000771,0.00010365
4,217,0.382618,0.000111,11.3702,0.000000,0.000000,0.000000,0.008654,0.000913,0.00010365
4,218,0.482666,0.000139,13.9202,0.000000,0.000000,0.000000,0.013738,0.002914,0.00010365
4,219,0.273837,0.000074,13.4827,0.000000,0.000000,0.000000,0.009332,0.001314,0.00010365
4,220,0.250117,0.000062,19.3634,0.000000,0.000000,0.000000,0.004429,0.000984,0.00010365
4,221,0.278891,0.000074,16.8093,0.000000,0.000000,0.000000,0.004172,0.000893,0.00010365
4,222,0.393353,0.000110,15.0982,0.000000,0.000000,0.000000,0.016203,0.001653,0.00010365
4,223,0.332367,0.000085,22.8894,0.000000,0.000000,0.000000,0.011161,0.001089,0.00010365
4,224,0.360042,0.000105,9.6196,0.000000,0.000000,0.000000,0.007976,0.001361,0.00010365
4,225,0.239753,0.000066,10.3114,0.000000,0.000000,0.000000,0.009582,0.000752,0.00010365
4,226,0.351617,0.000098,16.1401,0.000000,0.000000,0.000000,0.005468,0.001081,0.00010365
4,227,0.331404,0.000097,9.2298,0.000000,0.000000,0.000000,0.007366,0.000568,0.00010365
4,228,0.341892,0.000091,20.8397,0.000000,0.000000,0.000000,0.005648,0.000960,0.00010365
4,229,0.416731,0.000120,14.4360,0.000000,0.000000,0.000000,0.006623,0.000514,0.00010365
4,230,0.264814,0.000071,15.6972,0.000000,0.000000,0.000000,0.004859,0.000839,0.00010365
4,231,0.265076,0.000072,12.2308,0.000000,0.000000,0.000000,0.012767,0.001182,0.00010365
4,232,0.265329,0.000073,12.8550,0.000000,0.000000,0.000000,0.005468,0.000794,0.00010365
4,233,0.273434,0.000075,12.7757,0.000000,0.000000,0.000000,0.006937,0.000949,0.00010365
4,234,0.247786,0.000072,7.9709,0.000000,0.000000,0.000000,0.002712,0.001157,0.00010365
4,235,0.216840,0.000060,9.7696,0.000000,0.000000,0.000000,0.003141,0.000459,0.00010365
4,236,0.401891,0.000116,12.3811,0.000000,0.000000,0.000000,0.009582,0.000962,0.00010365
4,237,0.394841,0.000100,28.0336,0.000000,0.000000,0.000000,0.008293,0.001538,0.00010365
4,238,0.233961,0.000066,9.7439,0.000000,0.000000,0.000000,0.002798,0.000497,0.00010365
4,239,0.271030,0.000076,11.5585,0.000000,0.000000,0.000000,0.004609,0.000897,0.00010365
4,240,0.375948,0.000109,11.0721,0.000000,0.000000,0.000000,0.010732,0.001257,0.00010365
4,241,0.268148,0.000073,12.6617,0.000000,0.000000,0.000000,0.011479,0.000720,0.00010365
4,242,0.246594,0.000068,10.5093,0.000000,0.000000,0.000000,0.007615,0.000909,0.00010365
4,243,0.231927,0.000061,14.5673,0.000000,0.000000,0.000000,0.003141,0.000508,0.00010365
4,244,0.285834,0.000076,15.4882,0.000000,0.000000,0.000000,0.011522,0.001157,0.00010365
4,245,0.286581,0.000078,14.8040,0.000000,0.000000,0.000000,0.009444,0.000740,0.00010365
4,246,0.276935,0.000078,12.2037,0.000000,0.000000,0.000000,0.003009,0.001506,0.00010365
4,247,0.256853,0.000073,8.9196,0.000000,0.000000,0.000000,0.007795,0.001311,0.00010365
4,248,0.329699,0.000093,13.1991,0.000000,0.000000,0.000000,0.007435,0.001034,0.00010365
4,249,0.261601,0.000071,14.2549,0.000000,0.000000,0.000000,0.004429,0.000400,0.00010365
4,250,0.279605,0.000080,9.5345,0.000000,0.000000,0.000000,0.003570,0.000780,0.00010365
4,251,0.242854,0.000067,11.3811,0.000000,0.000000,0.000000,0.006147,0.000626,0.00010365
4,252,0.243020,0.000069,9.1396,0.000000,0.000000,0.000000,0.004000,0.000424,0.00010365
4,253,0.381840,0.000110,12.2942,0.000000,0.000000,0.000000,0.009083,0.001127,0.00010365
4,254,0.322019,0.000095,8.2112,0.000000,0.000000,0.000000,0.005288,0.001248,0.00010365
4,255,0.404841,0.000113,18.9550,0.000000,0.000000,0.000000,0.002798,0.000427,0.00010365
4,256,0.275460,0.000072,15.7933,0.000000,0.000000,0.000000,0.013377,0.001226,0.00010365
4,257,0.286318,0.000079,13.4660,0.000000,0.000000,0.000000,0.005898,0.000920,0.00010365
4,258,0.278397,0.000081,7.6775,0.000000,0.000000,0.000000,0.007186,0.000655,0.00010365
4,259,0.441482,0.000121,21.1107,0.000000,0.000000,0.000000,0.008654,0.002168,0.00010365
4,260,0.310503,0.000086,14.7281,0.000000,0.000000,0.000000,0.004429,0.001444,0.00010365
4,261,0.389182,0.000115,10.0181,0.000000,0.000000,0.000000,0.004180,0.001071,0.00010365
4,262,0.292174,0.000081,13.7739,0.000000,0.000000,0.000000,0.004859,0.001448,0.00010365
4,263,0.227141,0.000061,12.8974,0.000000,0.000000,0.000000,0.003537,0.000647,0.00010365
4,264,0.237060,0.000067,9.2370,0.000000,0.000000,0.000000,0.005717,0.000662,0.00010365
4,265,0.285963,0.000080,11.9382,0.000000,0.000000,0.000000,0.005288,0.000933,0.00010365
4,266,0.260018,0.000074,9.9123,0.000000,0.000000,0.000000,0.006147,0.000667,0.00010365
4,267,0.408524,0.000106,24.3660,0.000000,0.000000,0.000000,0.018821,0.001217,0.00010365
4,268,0.333631,0.000093,15.1054,0.000000,0.000000,0.000000,0.005648,0.000990,0.00010365
4,269,0.318878,0.000088,14.2515,0.000000,0.000000,0.000000,0.009444,0.000599,0.00010365
4,270,0.264957,0.000076,8.5585,0.000000,0.000000,0.000000,0.005288,0.000580,0.00010365
4,271,0.268228,0.000075,11.5993,0.000000,0.000000,0.000000,0.003751,0.000602,0.00010365
4,272,0.268558,0.000075,12.0001,0.000000,0.000000,0.000000,0.004172,0.000864,0.00010365
4,273,0.414075,0.000110,19.9590,0.000000,0.000000,0.000000,0.027371,0.001499,0.00010365
4,274,0.303050,0.000079,15.1764,0.000000,0.000000,0.000000,0.030070,0.001495,0.00010365
4,275,0.330837,0.000093,13.7613,0.000000,0.000000,0.000000,0.003570,0.001336,0.00010365
4,276,0.256405,0.000073,9.1257,0.000000,0.000000,0.000000,0.006327,0.000702,0.00010365
4,277,0.261842,0.000068,17.3240,0.000000,0.000000,0.000000,0.008225,0.000598,0.00010365
4,278,0.363760,0.000102,13.9845,0.000000,0.000000,0.000000,0.016537,0.000844,0.00010365
4,279,0.274768,0.000073,17.5493,0.000000,0.000000,0.000000,0.004000,0.000881,0.00010365
4,280,0.573088,0.000163,16.4759,0.000000,0.000000,0.000000,0.035062,0.001917,0.00010365
4,281,0.226317,0.000065,7.4529,0.000000,0.000000,0.000000,0.002282,0.000417,0.00010365
4,282,0.345207,0.000099,12.6211,0.000000,0.000000,0.000000,0.005288,0.000978,0.00010365
4,283,0.272366,0.000079,8.4152,0.000000,0.000000,0.000000,0.005468,0.000435,0.00010365
4,284,0.290350,0.000082,9.9844,0.000000,0.000000,0.000000,0.011771,0.000520,0.00010365
4,285,0.280235,0.000079,12.0856,0.000000,0.000000,0.000000,0.002712,0.001217,0.00010365
4,286,0.229536,0.000062,12.6658,0.000000,0.000000,0.000000,0.004000,0.000406,0.00010365
4,287,0.334387,0.000098,9.3520,0.000000,0.000000,0.000000,0.003141,0.001343,0.00010365
4,288,0.301572,0.000082,15.2331,0.000000,0.000000,0.000000,0.005288,0.001687,0.00010365
4,289,0.252947,0.000069,13.8557,0.000000,0.000000,0.000000,0.001424,0.001865,0.00010365
4,290,0.402127,0.000111,16.9762,0.000000,0.000000,0.000000,0.012450,0.001584,0.00010365
4,291,0.294074,0.000082,12.0393,0.000000,0.000000,0.000000,0.010981,0.001133,0.00010365
4,292,0.251133,0.000064,18.9380,0.000000,0.000000,0.000000,0.005717,0.000606,0.00010365
4,293,0.278130,0.000079,9.8120,0.000000,0.000000,0.000000,0.008044,0.000633,0.00010365
4,294,0.270281,0.000076,11.3811,0.000000,0.000000,0.000000,0.005288,0.000584,0.00010365
4,295,0.371325,0.000107,11.1198,0.000000,0.000000,0.000000,0.008517,0.001701,0.00010365
4,296,0.353409,0.000100,14.1041,0.000000,0.000000,0.000000,0.006327,0.000920,0.00010365
4,297,0.293868,0.000085,9.7854,0.000000,0.000000,0.000000,0.001952,0.001434,0.00010365
4,298,0.250944,0.000069,11.5514,0.000000,0.000000,0.000000,0.004000,0.000666,0.00010365
4,299,0.258096,0.000072,11.2430,0.000000,0.000000,0.000000,0.003570,0.000416,0.00010365
4,300,0.237400,0.000060,16.9414,0.000000,0.000000,0.000000,0.005288,0.000450,0.00010365
4,301,0.218682,0.000062,8.8168,0.000000,0.000000,0.000000,0.003141,0.000458,0.00010365
4,302,0.283487,0.000073,19.4456,0.000000,0.000000,0.000000,0.003141,0.000736,0.00010365
4,303,0.243943,0.000066,12.4901,0.000000,0.000000,0.000000,0.004859,0.000654,0.00010365
4,304,0.282235,0.000077,13.6712,0.000000,0.000000,0.000000,0.009083,0.000935,0.00010365
4,305,0.323978,0.000091,13.0202,0.000000,0.000000,0.000000,0.008293,0.000973,0.00010365
4,306,0.435793,0.000122,19.7538,0.000000,0.000000,0.000000,0.005546,0.000902,0.00010365
4,307,0.361589,0.000100,16.4522,0.000000,0.000000,0.000000,0.006078,0.001236,0.00010365
4,308,0.409789,0.000116,14.3941,0.000000,0.000000,0.000000,0.014666,0.000813,0.00010365
4,309,0.296935,0.000080,16.5007,0.000000,0.000000,0.000000,0.005898,0.000901,0.00010365
4,310,0.224206,0.000060,11.5112,0.000000,0.000000,0.000000,0.009582,0.000786,0.00010365
4,311,0.237388,0.000066,10.1289,0.000000,0.000000,0.000000,0.004000,0.000761,0.00010365
4,312,0.268206,0.000076,10.1949,0.000000,0.000000,0.000000,0.004429,0.001309,0.00010365
4,313,0.214977,0.000060,9.0578,0.000000,0.000000,0.000000,0.002712,0.000738,0.00010365
4,314,0.260135,0.000073,11.1607,0.000000,0.000000,0.000000,0.002480,0.000908,0.00010365
4,315,0.396572,0.000116,10.5982,0.000000,0.000000,0.000000,0.012948,0.001486,0.00010365
4,316,0.475926,0.000134,16.8359,0.000000,0.000000,0.000000,0.020179,0.001770,0.00010365
4,317,0.396438,0.000114,13.2216,0.000000,0.000000,0.000000,0.008474,0.001235,0.00010365
4,318,0.316176,0.000087,14.8350,0.000000,0.000000,0.000000,0.007005,0.000774,0.00010365
4,319,0.262274,0.000074,10.1573,0.000000,0.000000,0.000000,0.006327,0.001141,0.00010365
4,320,0.388102,0.000109,15.3037,0.000000,0.000000,0.000000,0.012630,0.001397,0.00010365
4,321,0.286586,0.000082,9.4207,0.000000,0.000000,0.000000,0.008156,0.000799,0.00010365
4,322,0.312483,0.000085,14.6247,0.000000,0.000000,0.000000,0.011051,0.000385,0.00010365
4,323,0.241089,0.000070,6.9937,0.000000,0.000000,0.000000,0.006919,0.000312,0.00010365
4,324,0.444063,0.000126,14.5200,0.000000,0.000000,0.000000,0.021726,0.002003,0.00010365
4,325,0.435831,0.000127,11.2478,0.000000,0.000000,0.000000,0.017128,0.001832,0.00010365
4,326,0.388826,0.000111,12.8958,0.000000,0.000000,0.000000,0.012166,0.002008,0.00010365
4,327,0.475565,0.000138,13.2051,0.000000,0.000000,0.000000,0.014968,0.002535,0.00010365
4,328,0.419678,0.000119,14.9621,0.000000,0.000000,0.000000,0.013447,0.001742,0.00010365
4,329,0.380224,0.000112,9.4623,0.000000,0.000000,0.000000,0.009339,0.001704,0.00010365
4,330,0.418371,0.000119,14.4435,0.000000,0.000000,0.000000,0.012724,0.002150,0.00010365
4,331,0.429884,0.000124,11.4988,0.000000,0.000000,0.000000,0.016493,0.002243,0.00010365
4,332,0.395502,0.000115,10.8538,0.000000,0.000000,0.000000,0.013308,0.001545,0.00010365
4,333,0.370147,0.000102,15.6181,0.000000,0.000000,0.000000,0.019388,0.000987,0.00010365
4,334,0.437472,0.000126,13.7518,0.000000,0.000000,0.000000,0.013627,0.001241,0.00010365
4,335,0.340252,0.000097,12.1238,0.000000,0.000000,0.000000,0.004859,0.001398,0.00010365
4,336,0.241577,0.000069,7.9253,0.000000,0.000000,0.000000,0.006756,0.000831,0.00010365
4,337,0.410241,0.000118,13.4315,0.000000,0.000000,0.000000,0.010981,0.001069,0.00010365
4,338,0.258777,0.000071,12.2137,0.000000,0.000000,0.000000,0.008225,0.001114,0.00010365
4,339,0.399553,0.000113,14.7957,0.000000,0.000000,0.000000,0.012089,0.000986,0.00010365
4,340,0.223219,0.000061,9.9032,0.000000,0.000000,0.000000,0.010244,0.000749,0.00010365
4,341,0.310896,0.000088,11.3803,0.000000,0.000000,0.000000,0.008474,0.000753,0.00010365
4,342,0.444660,0.000126,12.5121,0.000000,0.000000,0.000000,0.034143,0.001190,0.00010365
4,343,0.443170,0.000127,13.2927,0.000000,0.000000,0.000000,0.015859,0.001736,0.00010365
4,344,0.385268,0.000111,11.6930,0.000000,0.000000,0.000000,0.011411,0.001717,0.00010365
4,345,0.344602,0.000098,11.0840,0.000000,0.000000,0.000000,0.016993,0.001091,0.00010365
4,346,0.348963,0.000097,12.3557,0.000000,0.000000,0.000000,0.021630,0.001368,0.00010365
4,347,0.361168,0.000103,11.3826,0.000000,0.000000,0.000000,0.014639,0.001233,0.00010365
4,348,0.359829,0.000103,11.9936,0.000000,0.000000,0.000000,0.010629,0.001266,0.00010365
4,349,0.288966,0.000083,9.4634,0.000000,0.000000,0.000000,0.007795,0.000762,0.00010365
4,350,0.337138,0.000096,13.1210,0.000000,0.000000,0.000000,0.004429,0.000579,0.00010365
4,351,0.437023,0.000126,11.5122,0.000000,0.000000,0.000000,0.022617,0.000985,0.00010365
4,352,0.328781,0.000093,11.7669,0.000000,0.000000,0.000000,0.007795,0.001343,0.00010365
4,353,0.293358,0.000085,9.2472,0.000000,0.000000,0.000000,0.007005,0.000791,0.00010365
4,354,0.327730,0.000087,19.0491,0.000000,0.000000,0.000000,0.012587,0.000311,0.00010365
4,355,0.353684,0.000100,13.1777,0.000000,0.000000,0.000000,0.009083,0.001394,0.00010365
4,356,0.255154,0.000068,15.2056,0.000000,0.000000,0.000000,0.004609,0.000539,0.00010365
4,357,0.260097,0.000073,11.8790,0.000000,0.000000,0.000000,0.001424,0.000443,0.00010365
4,358,0.350868,0.000090,18.5171,0.000000,0.000000,0.000000,0.039929,0.000696,0.00010365
4,359,0.343880,0.000092,19.3923,0.000000,0.000000,0.000000,0.009873,0.000699,0.00010365
4,360,0.274242,0.000076,11.3494,0.000000,0.000000,0.000000,0.010372,0.000462,0.00010365
4,361,0.417201,0.000118,12.7142,0.000000,0.000000,0.000000,0.027757,0.001129,0.00010365
4,362,0.839924,0.000238,25.2402,0.000000,0.000000,0.000000,0.057205,0.001458,0.00010365
4,363,0.648339,0.000185,18.2198,0.000000,0.000000,0.000000,0.041415,0.001615,0.00010365
4,364,0.572342,0.000163,16.4699,0.000000,0.000000,0.000000,0.033084,0.002198,0.00010365
4,365,0.655102,0.000186,18.6973,0.000000,0.000000,0.000000,0.040453,0.002496,0.00010365
4,366,0.421364,0.000115,11.0639,0.000000,0.000000,0.000000,0.061162,0.001137,0.00010365
4,367,0.474808,0.000123,30.5414,0.000000,0.000000,0.000000,0.025013,0.001919,0.00010365
4,368,0.303159,0.000076,23.1244,0.000000,0.000000,0.000000,0.013128,0.000753,0.00010365
4,369,0.371149,0.000103,15.4695,0.000000,0.000000,0.000000,0.013626,0.001347,0.00010365
4,370,0.299483,0.000082,15.4957,0.000000,0.000000,0.000000,0.006147,0.001245,0.00010365
4,371,0.353201,0.000099,12.6555,0.000000,0.000000,0.000000,0.014957,0.001425,0.00010365
4,372,0.247318,0.000067,12.9833,0.000000,0.000000,0.000000,0.008654,0.000978,0.00010365
4,373,0.298889,0.000082,12.6168,0.000000,0.000000,0.000000,0.017299,0.001060,0.00010365
4,374,0.214571,0.000057,12.4502,0.000000,0.000000,0.000000,0.005546,0.000455,0.00010365
4,375,0.275545,0.000072,14.4961,0.000000,0.000000,0.000000,0.020719,0.000577,0.00010365
4,376,0.314356,0.000083,15.7184,0.000000,0.000000,0.000000,0.022977,0.000780,0.00010365
4,377,0.310183,0.000084,15.3732,0.000000,0.000000,0.000000,0.011050,0.000741,0.00010365
4,378,0.309426,0.000087,11.2901,0.000000,0.000000,0.000000,0.012810,0.000885,0.00010365
4,379,0.251496,0.000067,13.8165,0.000000,0.000000,0.000000,0.013128,0.000679,0.00010365
4,380,0.227598,0.000063,9.3990,0.000000,0.000000,0.000000,0.007795,0.000766,0.00010365
4,381,0.316772,0.000082,20.6933,0.000000,0.000000,0.000000,0.006688,0.001652,0.00010365
4,382,0.245501,0.000067,12.9192,0.000000,0.000000,0.000000,0.005123,0.000588,0.00010365
4,383,0.364000,0.000099,17.5141,0.000000,0.000000,0.000000,0.012450,0.001093,0.00010365
4,384,0.308963,0.000090,8.6152,0.000000,0.000000,0.000000,0.008293,0.001067,0.00010365
4,385,0.259505,0.000069,15.4124,0.000000,0.000000,0.000000,0.003570,0.001060,0.00010365
4,386,0.239413,0.000064,13.9994,0.000000,0.000000,0.000000,0.004000,0.000915,0.00010365
4,387,0.313308,0.000087,14.3521,0.000000,0.000000,0.000000,0.006756,0.001477,0.00010365
4,388,0.357959,0.000105,8.9343,0.000000,0.000000,0.000000,0.008225,0.001848,0.00010365
4,389,0.304688,0.000082,16.9790,0.000000,0.000000,0.000000,0.005898,0.001095,0.00010365
4,390,0.252052,0.000068,13.3335,0.000000,0.000000,0.000000,0.005717,0.000782,0.00010365
4,391,0.244332,0.000061,19.0311,0.000000,0.000000,0.000000,0.002798,0.000496,0.00010365
5,1,0.444180,0.000128,11.1299,0.000000,0.000000,0.000000,0.026461,0.001982,0.00002865
5,2,0.450466,0.000130,11.7400,0.000000,0.000000,0.000000,0.022907,0.002022,0.00002865
5,3,0.392576,0.000113,10.9909,0.000000,0.000000,0.000000,0.019739,0.001839,0.00002865
5,4,0.413334,0.000120,10.9905,0.000000,0.000000,0.000000,0.015996,0.001988,0.00002865
5,5,0.364937,0.000105,9.9461,0.000000,0.000000,0.000000,0.014424,0.001733,0.00002865
5,6,0.445271,0.000128,11.2044,0.000000,0.000000,0.000000,0.024775,0.001739,0.00002865
5,7,0.363299,0.000106,9.5207,0.000000,0.000000,0.000000,0.011230,0.002279,0.00002865
5,8,0.362357,0.000103,11.7589,0.000000,0.000000,0.000000,0.015129,0.001999,0.00002865
5,9,0.345299,0.000101,9.5139,0.000000,0.000000,0.000000,0.008156,0.001904,0.00002865
5,10,0.451742,0.000132,11.0080,0.000000,0.000000,0.000000,0.015885,0.001768,0.00002865
5,11,0.363497,0.000105,9.3279,0.000000,0.000000,0.000000,0.015635,0.001685,0.00002865
5,12,0.379621,0.000111,9.4562,0.000000,0.000000,0.000000,0.012450,0.001559,0.00002865
5,13,0.410004,0.000118,12.9711,0.000000,0.000000,0.000000,0.007976,0.001561,0.00002865
5,14,0.408878,0.000121,8.5699,0.000000,0.000000,0.000000,0.014167,0.001671,0.00002865
5,15,0.455261,0.000130,14.0578,0.000000,0.000000,0.000000,0.018948,0.001763,0.00002865
5,16,0.372459,0.000107,12.2480,0.000000,0.000000,0.000000,0.007615,0.001798,0.00002865
5,17,0.313269,0.000089,10.3679,0.000000,0.000000,0.000000,0.010244,0.001785,0.00002865
5,18,0.341227,0.000099,8.2268,0.000000,0.000000,0.000000,0.015455,0.001703,0.00002865
5,19,0.341519,0.000099,10.3073,0.000000,0.000000,0.000000,0.007976,0.001173,0.00002865
5,20,0.368304,0.000105,10.1102,0.000000,0.000000,0.000000,0.021080,0.001679,0.00002865
5,21,0.347206,0.000099,11.5189,0.000000,0.000000,0.000000,0.011840,0.001625,0.00002865
5,22,0.347878,0.000101,8.4217,0.000000,0.000000,0.000000,0.013970,0.001492,0.00002865
5,23,0.326882,0.000095,8.7104,0.000000,0.000000,0.000000,0.009264,0.001495,0.00002865
5,24,0.348423,0.000103,8.4526,0.000000,0.000000,0.000000,0.007546,0.001916,0.00002865
5,25,0.306250,0.000088,10.6397,0.000000,0.000000,0.000000,0.005873,0.001310,0.00002865
5,26,0.322455,0.000090,11.1701,0.000000,0.000000,0.000000,0.020178,0.001314,0.00002865
5,27,0.301818,0.000080,17.7813,0.000000,0.000000,0.000000,0.008903,0.001193,0.00002865
5,28,0.248480,0.000069,9.2150,0.000000,0.000000,0.000000,0.013197,0.000751,0.00002865
5,29,0.407395,0.000116,12.3831,0.000000,0.000000,0.000000,0.020041,0.001946,0.00002865
5,30,0.281914,0.000080,8.4454,0.000000,0.000000,0.000000,0.013987,0.001395,0.00002865
5,31,0.248190,0.000070,9.7505,0.000000,0.000000,0.000000,0.006507,0.000983,0.00002865
5,32,0.264611,0.000075,8.6522,0.000000,0.000000,0.000000,0.011050,0.001305,0.00002865
5,33,0.283492,0.000082,8.9690,0.000000,0.000000,0.000000,0.005288,0.001168,0.00002865
5,34,0.239377,0.000065,11.9797,0.000000,0.000000,0.000000,0.005546,0.000949,0.00002865
5,35,0.383621,0.000112,10.2657,0.000000,0.000000,0.000000,0.009762,0.001589,0.00002865
5,36,0.373648,0.000110,8.5946,0.000000,0.000000,0.000000,0.012775,0.001696,0.00002865
5,37,0.376157,0.000110,9.1461,0.000000,0.000000,0.000000,0.010593,0.001665,0.00002865
5,38,0.346526,0.000101,9.8151,0.000000,0.000000,0.000000,0.006937,0.001622,0.00002865
5,39,0.352588,0.000102,10.1677,0.000000,0.000000,0.000000,0.009083,0.001590,0.00002865
5,40,0.343494,0.000101,8.5365,0.000000,0.000000,0.000000,0.007366,0.001550,0.00002865
5,41,0.356158,0.000103,10.2972,0.000000,0.000000,0.000000,0.012810,0.002017,0.00002865
5,42,0.375263,0.000111,8.9981,0.000000,0.000000,0.000000,0.006402,0.001972,0.00002865
5,43,0.391587,0.000114,10.9701,0.000000,0.000000,0.000000,0.009513,0.000762,0.00002865
5,44,0.349309,0.000101,9.2223,0.000000,0.000000,0.000000,0.018753,0.000731,0.00002865
5,45,0.252086,0.000072,8.6436,0.000000,0.000000,0.000000,0.004429,0.000801,0.00002865
5,46,0.302370,0.000085,12.9381,0.000000,0.000000,0.000000,0.004859,0.001086,0.00002865
5,47,0.279118,0.000079,9.9602,0.000000,0.000000,0.000000,0.009762,0.000881,0.00002865
5,48,0.360924,0.000105,9.7549,0.000000,0.000000,0.000000,0.012269,0.000559,0.00002865
5,49,0.367035,0.000101,11.8028,0.000000,0.000000,0.000000,0.036635,0.001558,0.00002865
5,50,0.298999,0.000087,8.5423,0.000000,0.000000,0.000000,0.007615,0.001637,0.00002865
5,51,0.256315,0.000074,8.1094,0.000000,0.000000,0.000000,0.005546,0.000430,0.00002865
5,52,0.376410,0.000111,9.6015,0.000000,0.000000,0.000000,0.007802,0.001713,0.00002865
5,53,0.347704,0.000101,10.1958,0.000000,0.000000,0.000000,0.008044,0.001520,0.00002865
5,54,0.321725,0.000095,7.7358,0.000000,0.000000,0.000000,0.006576,0.001392,0.00002865
5,55,0.307827,0.000089,8.9379,0.000000,0.000000,0.000000,0.007864,0.001171,0.00002865
5,56,0.351549,0.000102,9.7718,0.000000,0.000000,0.000000,0.010122,0.001579,0.00002865
5,57,0.332288,0.000096,8.9072,0.000000,0.000000,0.000000,0.012381,0.001461,0.00002865
5,58,0.354258,0.000104,9.7237,0.000000,0.000000,0.000000,0.005445,0.001978,0.00002865
5,59,0.356148,0.000104,9.5769,0.000000,0.000000,0.000000,0.009666,0.001767,0.00002865
5,60,0.299548,0.000084,11.9728,0.000000,0.000000,0.000000,0.007795,0.000705,0.00002865
5,61,0.274578,0.000077,10.9647,0.000000,0.000000,0.000000,0.007615,0.000609,0.00002865
5,62,0.275389,0.000077,9.3815,0.000000,0.000000,0.000000,0.019929,0.000562,0.00002865
5,63,0.260351,0.000073,7.6784,0.000000,0.000000,0.000000,0.019070,0.000886,0.00002865
5,64,0.388394,0.000113,9.8234,0.000000,0.000000,0.000000,0.013780,0.001705,0.00002865
5,65,0.368026,0.000106,10.3501,0.000000,0.000000,0.000000,0.016357,0.001288,0.00002865
5,66,0.348722,0.000101,8.5720,0.000000,0.000000,0.000000,0.015096,0.001661,0.00002865
5,67,0.271913,0.000074,11.5039,0.000000,0.000000,0.000000,0.019500,0.000875,0.00002865
5,68,0.266093,0.000074,12.6565,0.000000,0.000000,0.000000,0.004748,0.000902,0.00002865
5,69,0.319052,0.000089,12.1511,0.000000,0.000000,0.000000,0.014030,0.001097,0.00002865
5,70,0.288764,0.000083,9.7711,0.000000,0.000000,0.000000,0.007976,0.000903,0.00002865
5,71,0.243975,0.000069,9.3524,0.000000,0.000000,0.000000,0.004000,0.000863,0.00002865
5,72,0.330907,0.000097,9.3156,0.000000,0.000000,0.000000,0.004859,0.000508,0.00002865
5,73,0.337902,0.000098,10.3768,0.000000,0.000000,0.000000,0.006937,0.000511,0.00002865
5,74,0.284022,0.000082,9.3728,0.000000,0.000000,0.000000,0.004859,0.000915,0.00002865
5,75,0.349421,0.000102,8.7984,0.000000,0.000000,0.000000,0.011161,0.001233,0.00002865
5,76,0.284869,0.000083,8.9170,0.000000,0.000000,0.000000,0.004066,0.001016,0.00002865
5,77,0.472597,0.000133,17.7671,0.000000,0.000000,0.000000,0.017963,0.000955,0.00002865
5,78,0.458578,0.000132,13.2414,0.000000,0.000000,0.000000,0.016703,0.001031,0.00002865
5,79,0.478294,0.000139,14.0289,0.000000,0.000000,0.000000,0.011591,0.000816,0.00002865
5,80,0.510212,0.000148,13.2801,0.000000,0.000000,0.000000,0.020943,0.001615,0.00002865
5,81,0.392444,0.000114,11.3097,0.000000,0.000000,0.000000,0.008910,0.001308,0.00002865
5,82,0.307538,0.000087,11.6056,0.000000,0.000000,0.000000,0.010414,0.000595,0.00002865
5,83,0.275736,0.000078,9.8927,0.000000,0.000000,0.000000,0.007795,0.000801,0.00002865
5,84,0.310800,0.000091,8.5849,0.000000,0.000000,0.000000,0.006147,0.000711,0.00002865
5,85,0.255826,0.000071,10.4734,0.000000,0.000000,0.000000,0.009667,0.000937,0.00002865
5,86,0.413830,0.000122,8.7898,0.000000,0.000000,0.000000,0.014847,0.001675,0.00002865
5,87,0.380136,0.000106,15.8025,0.000000,0.000000,0.000000,0.010198,0.001100,0.00002865
5,88,0.377122,0.000110,9.9696,0.000000,0.000000,0.000000,0.011050,0.001464,0.00002865
5,89,0.432715,0.000128,9.0817,0.000000,0.000000,0.000000,0.012879,0.001443,0.00002865
5,90,0.299085,0.000086,9.2592,0.000000,0.000000,0.000000,0.007186,0.000894,0.00002865
5,91,0.348896,0.000102,8.3028,0.000000,0.000000,0.000000,0.013669,0.001683,0.00002865
5,92,0.363267,0.000104,9.2110,0.000000,0.000000,0.000000,0.023407,0.001345,0.00002865
5,93,0.283354,0.000079,10.3718,0.000000,0.000000,0.000000,0.013575,0.000990,0.00002865
5,94,0.262688,0.000071,14.0759,0.000000,0.000000,0.000000,0.004000,0.000708,0.00002865
5,95,0.254429,0.000072,8.8578,0.000000,0.000000,0.000000,0.006756,0.000821,0.00002865
5,96,0.350556,0.000103,8.7893,0.000000,0.000000,0.000000,0.007864,0.000972,0.00002865
5,97,0.364766,0.000107,8.7224,0.000000,0.000000,0.000000,0.011591,0.000946,0.00002865
5,98,0.277742,0.000081,7.7652,0.000000,0.000000,0.000000,0.005288,0.000376,0.00002865
5,99,0.268849,0.000077,8.5074,0.000000,0.000000,0.000000,0.006756,0.000659,0.00002865
5,100,0.214684,0.000059,9.6288,0.000000,0.000000,0.000000,0.005898,0.000466,0.00002865
5,101,0.259330,0.000070,11.8737,0.000000,0.000000,0.000000,0.015524,0.000511,0.00002865
5,102,0.219891,0.000061,9.9965,0.000000,0.000000,0.000000,0.001424,0.000324,0.00002865
5,103,0.302875,0.000084,11.3496,0.000000,0.000000,0.000000,0.020547,0.000492,0.00002865
5,104,0.405766,0.000118,10.8596,0.000000,0.000000,0.000000,0.011479,0.000687,0.00002865
5,105,0.338347,0.000097,8.7005,0.000000,0.000000,0.000000,0.019319,0.001244,0.00002865
5,106,0.324944,0.000095,8.3609,0.000000,0.000000,0.000000,0.006826,0.000907,0.00002865
5,107,0.285252,0.000082,9.0349,0.000000,0.000000,0.000000,0.009513,0.000547,0.00002865
5,108,0.374881,0.000110,9.3436,0.000000,0.000000,0.000000,0.006756,0.001211,0.00002865
5,109,0.260505,0.000074,8.7717,0.000000,0.000000,0.000000,0.009942,0.000771,0.00002865
5,110,0.398656,0.000114,12.5154,0.000000,0.000000,0.000000,0.015131,0.001151,0.00002865
5,111,0.245421,0.000068,9.4901,0.000000,0.000000,0.000000,0.010870,0.000491,0.00002865
5,112,0.260013,0.000074,8.2371,0.000000,0.000000,0.000000,0.012518,0.000979,0.00002865
5,113,0.249511,0.000071,9.1750,0.000000,0.000000,0.000000,0.002892,0.000754,0.00002865
5,114,0.220210,0.000064,6.5467,0.000000,0.000000,0.000000,0.007005,0.000487,0.00002865
5,115,0.205744,0.000058,6.1823,0.000000,0.000000,0.000000,0.012948,0.000448,0.00002865
5,116,0.319311,0.000090,10.9896,0.000000,0.000000,0.000000,0.012948,0.000901,0.00002865
5,117,0.334917,0.000098,8.7357,0.000000,0.000000,0.000000,0.007005,0.001273,0.00002865
5,118,0.275534,0.000079,8.3220,0.000000,0.000000,0.000000,0.008044,0.001725,0.00002865
5,119,0.266667,0.000074,11.1604,0.000000,0.000000,0.000000,0.007496,0.000667,0.00002865
5,120,0.274486,0.000078,9.8114,0.000000,0.000000,0.000000,0.006147,0.000963,0.00002865
5,121,0.287743,0.000079,9.9526,0.000000,0.000000,0.000000,0.026412,0.001484,0.00002865
5,122,0.361190,0.000100,8.8329,0.000000,0.000000,0.000000,0.047187,0.001297,0.00002865
5,123,0.273592,0.000078,10.3725,0.000000,0.000000,0.000000,0.005717,0.000535,0.00002865
5,124,0.232433,0.000066,8.8830,0.000000,0.000000,0.000000,0.006147,0.000577,0.00002865
5,125,0.238959,0.000068,8.3159,0.000000,0.000000,0.000000,0.004609,0.000524,0.00002865
5,126,0.227286,0.000064,8.0752,0.000000,0.000000,0.000000,0.007615,0.000651,0.00002865
5,127,0.254443,0.000074,7.9013,0.000000,0.000000,0.000000,0.004594,0.000770,0.00002865
5,128,0.289792,0.000077,16.6506,0.000000,0.000000,0.000000,0.006078,0.000519,0.00002865
5,129,0.291619,0.000086,6.9509,0.000000,0.000000,0.000000,0.005039,0.000908,0.00002865
5,130,0.251066,0.000067,14.2248,0.000000,0.000000,0.000000,0.005288,0.000736,0.00002865
5,131,0.251010,0.000071,9.4734,0.000000,0.000000,0.000000,0.004360,0.001133,0.00002865
5,132,0.279339,0.000080,9.0151,0.000000,0.000000,0.000000,0.007366,0.000627,0.00002865
5,133,0.318254,0.000091,9.8021,0.000000,0.000000,0.000000,0.010621,0.000626,0.00002865
5,134,0.221643,0.000061,10.0137,0.000000,0.000000,0.000000,0.006147,0.000591,0.00002865
5,135,0.384966,0.000112,9.6382,0.000000,0.000000,0.000000,0.016883,0.000596,0.00002865
5,136,0.383246,0.000112,10.0266,0.000000,0.000000,0.000000,0.012195,0.000659,0.00002865
5,137,0.256828,0.000072,9.8668,0.000000,0.000000,0.000000,0.009519,0.000811,0.00002865
5,138,0.209071,0.000061,6.5846,0.000000,0.000000,0.000000,0.002712,0.000517,0.00002865
5,139,0.223596,0.000065,7.3027,0.000000,0.000000,0.000000,0.002712,0.000433,0.00002865
5,140,0.270833,0.000078,8.7264,0.000000,0.000000,0.000000,0.008114,0.000558,0.00002865
5,141,0.241305,0.000069,8.4323,0.000000,0.000000,0.000000,0.005717,0.000848,0.00002865
5,142,0.213712,0.000061,7.4103,0.000000,0.000000,0.000000,0.005717,0.000418,0.00002865
5,143,0.253767,0.000074,7.4904,0.000000,0.000000,0.000000,0.006327,0.000868,0.00002865
5,144,0.262572,0.000074,10.3483,0.000000,0.000000,0.000000,0.004288,0.000702,0.00002865
5,145,0.267442,0.000077,8.2588,0.000000,0.000000,0.000000,0.010011,0.000512,0.00002865
5,146,0.254606,0.000072,8.8442,0.000000,0.000000,0.000000,0.007864,0.000498,0.00002865
5,147,0.331124,0.000096,8.6950,0.000000,0.000000,0.000000,0.011434,0.000757,0.00002865
5,148,0.227051,0.000065,7.5712,0.000000,0.000000,0.000000,0.005717,0.000350,0.00002865
5,149,0.260219,0.000072,11.2540,0.000000,0.000000,0.000000,0.006688,0.000508,0.00002865
5,150,0.299926,0.000087,8.5854,0.000000,0.000000,0.000000,0.006576,0.000886,0.00002865
5,151,0.240863,0.000068,9.6229,0.000000,0.000000,0.000000,0.005717,0.000566,0.00002865
5,152,0.286956,0.000083,8.3369,0.000000,0.000000,0.000000,0.011841,0.000517,0.00002865
5,153,0.246188,0.000068,12.1228,0.000000,0.000000,0.000000,0.001424,0.000419,0.00002865
5,154,0.324654,0.000093,10.7855,0.000000,0.000000,0.000000,0.011161,0.002488,0.00002865
5,155,0.343582,0.000098,10.3638,0.000000,0.000000,0.000000,0.013669,0.002695,0.00002865
5,156,0.364933,0.000104,10.5192,0.000000,0.000000,0.000000,0.018074,0.002605,0.00002865
5,157,0.364807,0.000102,13.8724,0.000000,0.000000,0.000000,0.017645,0.001958,0.00002865
5,158,0.253835,0.000072,9.0951,0.000000,0.000000,0.000000,0.008225,0.002024,0.00002865
5,159,0.245990,0.000068,9.5473,0.000000,0.000000,0.000000,0.015318,0.001788,0.00002865
5,160,0.253461,0.000071,8.6613,0.000000,0.000000,0.000000,0.013738,0.001214,0.00002865
5,161,0.256869,0.000073,9.6868,0.000000,0.000000,0.000000,0.005651,0.001243,0.00002865
5,162,0.267046,0.000074,12.1960,0.000000,0.000000,0.000000,0.004000,0.000777,0.00002865
5,163,0.319048,0.000090,13.4162,0.000000,0.000000,0.000000,0.005288,0.000966,0.00002865
5,164,0.338013,0.000098,9.3422,0.000000,0.000000,0.000000,0.013197,0.000777,0.00002865
5,165,0.349860,0.000100,10.7048,0.000000,0.000000,0.000000,0.017173,0.001159,0.00002865
5,166,0.315806,0.000093,8.3142,0.000000,0.000000,0.000000,0.004000,0.001797,0.00002865
5,167,0.398218,0.000116,11.8596,0.000000,0.000000,0.000000,0.006756,0.001882,0.00002865
5,168,0.297574,0.000088,7.3320,0.000000,0.000000,0.000000,0.002282,0.001452,0.00002865
5,169,0.323098,0.000095,8.0254,0.000000,0.000000,0.000000,0.004000,0.001691,0.00002865
5,170,0.207629,0.000057,10.3638,0.000000,0.000000,0.000000,0.005546,0.000896,0.00002865
5,171,0.346493,0.000100,9.7120,0.000000,0.000000,0.000000,0.016425,0.001018,0.00002865
5,172,0.265485,0.000077,7.2395,0.000000,0.000000,0.000000,0.011951,0.000425,0.00002865
5,173,0.277994,0.000078,10.7838,0.000000,0.000000,0.000000,0.009582,0.000654,0.00002865
5,174,0.267608,0.000079,7.1043,0.000000,0.000000,0.000000,0.004859,0.000506,0.00002865
5,175,0.305485,0.000088,9.9725,0.000000,0.000000,0.000000,0.008834,0.001006,0.00002865
5,176,0.276136,0.000080,7.8557,0.000000,0.000000,0.000000,0.011411,0.000480,0.00002865
5,177,0.237341,0.000067,8.7212,0.000000,0.000000,0.000000,0.006576,0.000597,0.00002865
5,178,0.227886,0.000064,8.6044,0.000000,0.000000,0.000000,0.006708,0.000437,0.00002865
5,179,0.251019,0.000072,8.0957,0.000000,0.000000,0.000000,0.006937,0.000917,0.00002865
5,180,0.356164,0.000103,11.5501,0.000000,0.000000,0.000000,0.007366,0.000998,0.00002865
5,181,0.335353,0.000096,11.1316,0.000000,0.000000,0.000000,0.009195,0.000690,0.00002865
5,182,0.391041,0.000114,11.5431,0.000000,0.000000,0.000000,0.009015,0.000981,0.00002865
5,183,0.207918,0.000058,6.7903,0.000000,0.000000,0.000000,0.013918,0.000409,0.00002865
5,184,0.281064,0.000082,8.2301,0.000000,0.000000,0.000000,0.007727,0.000595,0.00002865
5,185,0.265250,0.000078,7.4100,0.000000,0.000000,0.000000,0.004000,0.000785,0.00002865
5,186,0.226583,0.000064,9.5097,0.000000,0.000000,0.000000,0.002712,0.000371,0.00002865
5,187,0.205896,0.000058,8.7720,0.000000,0.000000,0.000000,0.001424,0.000290,0.00002865
5,188,0.265652,0.000078,7.2366,0.000000,0.000000,0.000000,0.003570,0.000463,0.00002865
5,189,0.239619,0.000068,10.0726,0.000000,0.000000,0.000000,0.003570,0.000414,0.00002865
5,190,0.259726,0.000075,8.3975,0.000000,0.000000,0.000000,0.004429,0.000622,0.00002865
5,191,0.273717,0.000080,7.6866,0.000000,0.000000,0.000000,0.003570,0.000499,0.00002865
5,192,0.318952,0.000095,7.1770,0.000000,0.000000,0.000000,0.006327,0.001265,0.00002865
5,193,0.214483,0.000061,7.6166,0.000000,0.000000,0.000000,0.005898,0.000619,0.00002865
5,194,0.268756,0.000078,7.3041,0.000000,0.000000,0.000000,0.006147,0.000872,0.00002865
5,195,0.263411,0.000076,8.3087,0.000000,0.000000,0.000000,0.005123,0.000277,0.00002865
5,196,0.266892,0.000076,9.9894,0.000000,0.000000,0.000000,0.003502,0.001059,0.00002865
5,197,0.252726,0.000072,8.0514,0.000000,0.000000,0.000000,0.008903,0.000441,0.00002865
5,198,0.263388,0.000074,10.1627,0.000000,0.000000,0.000000,0.009332,0.000629,0.00002865
5,199,0.302035,0.000088,7.6676,0.000000,0.000000,0.000000,0.009582,0.001257,0.00002865
5,200,0.240752,0.000070,6.6371,0.000000,0.000000,0.000000,0.004429,0.000491,0.00002865
5,201,0.220325,0.000061,9.2418,0.000000,0.000000,0.000000,0.007005,0.000285,0.00002865
5,202,0.215854,0.000062,6.7281,0.000000,0.000000,0.000000,0.006258,0.000329,0.00002865
5,203,0.295812,0.000086,8.9871,0.000000,0.000000,0.000000,0.006147,0.000726,0.00002865
5,204,0.223932,0.000064,8.0573,0.000000,0.000000,0.000000,0.002798,0.000791,0.00002865
5,205,0.344866,0.000100,9.1253,0.000000,0.000000,0.000000,0.011771,0.000666,0.00002865
5,206,0.269623,0.000078,8.1389,0.000000,0.000000,0.000000,0.004859,0.001290,0.00002865
5,207,0.253429,0.000071,8.4354,0.000000,0.000000,0.000000,0.012810,0.001234,0.00002865
5,208,0.253768,0.000072,9.5203,0.000000,0.000000,0.000000,0.005468,0.000837,0.00002865
5,209,0.241737,0.000069,8.8338,0.000000,0.000000,0.000000,0.005717,0.000777,0.00002865
5,210,0.231796,0.000066,9.0769,0.000000,0.000000,0.000000,0.003141,0.000981,0.00002865
5,211,0.386182,0.000111,13.4469,0.000000,0.000000,0.000000,0.006756,0.001589,0.00002865
5,212,0.249619,0.000071,8.9025,0.000000,0.000000,0.000000,0.009350,0.001237,0.00002865
5,213,0.225999,0.000065,7.8051,0.000000,0.000000,0.000000,0.004000,0.000800,0.00002865
5,214,0.284250,0.000082,8.7297,0.000000,0.000000,0.000000,0.007186,0.000902,0.00002865
5,215,0.277203,0.000080,9.6011,0.000000,0.000000,0.000000,0.002282,0.001119,0.00002865
5,216,0.250418,0.000072,8.9194,0.000000,0.000000,0.000000,0.003570,0.000514,0.00002865
5,217,0.365258,0.000107,10.2459,0.000000,0.000000,0.000000,0.007546,0.000581,0.00002865
5,218,0.450856,0.000132,11.0469,0.000000,0.000000,0.000000,0.014036,0.001205,0.00002865
5,219,0.231888,0.000065,9.8209,0.000000,0.000000,0.000000,0.006576,0.001091,0.00002865
5,220,0.205613,0.000057,9.1030,0.000000,0.000000,0.000000,0.004000,0.000920,0.00002865
5,221,0.259255,0.000070,13.8475,0.000000,0.000000,0.000000,0.004172,0.000608,0.00002865
5,222,0.365893,0.000105,10.6378,0.000000,0.000000,0.000000,0.014528,0.001238,0.00002865
5,223,0.280886,0.000080,9.9936,0.000000,0.000000,0.000000,0.006576,0.000739,0.00002865
5,224,0.355628,0.000102,11.5453,0.000000,0.000000,0.000000,0.008474,0.001311,0.00002865
5,225,0.242468,0.000068,9.6339,0.000000,0.000000,0.000000,0.004429,0.000622,0.00002865
5,226,0.326446,0.000095,9.5857,0.000000,0.000000,0.000000,0.004429,0.000944,0.00002865
5,227,0.309993,0.000090,8.9322,0.000000,0.000000,0.000000,0.008723,0.000414,0.00002865
5,228,0.287524,0.000085,7.7529,0.000000,0.000000,0.000000,0.003570,0.000746,0.00002865
5,229,0.392929,0.000116,9.6989,0.000000,0.000000,0.000000,0.004816,0.000499,0.00002865
5,230,0.228546,0.000063,9.3588,0.000000,0.000000,0.000000,0.009513,0.000683,0.00002865
5,231,0.248505,0.000070,9.4203,0.000000,0.000000,0.000000,0.009083,0.000978,0.00002865
5,232,0.256940,0.000071,12.3421,0.000000,0.000000,0.000000,0.002712,0.000683,0.00002865
5,233,0.241032,0.000068,9.3063,0.000000,0.000000,0.000000,0.004180,0.000883,0.00002865
5,234,0.245022,0.000071,7.2123,0.000000,0.000000,0.000000,0.003570,0.001051,0.00002865
5,235,0.214974,0.000059,11.4232,0.000000,0.000000,0.000000,0.001853,0.000523,0.00002865
5,236,0.384728,0.000113,10.9282,0.000000,0.000000,0.000000,0.005468,0.000612,0.00002865
5,237,0.317125,0.000091,10.4199,0.000000,0.000000,0.000000,0.005039,0.001339,0.00002865
5,238,0.222783,0.000058,15.2994,0.000000,0.000000,0.000000,0.001424,0.000653,0.00002865
5,239,0.264584,0.000077,7.1025,0.000000,0.000000,0.000000,0.005898,0.000770,0.00002865
5,240,0.339253,0.000099,9.4740,0.000000,0.000000,0.000000,0.008225,0.000964,0.00002865
5,241,0.252408,0.000072,8.5854,0.000000,0.000000,0.000000,0.007117,0.000748,0.00002865
5,242,0.247625,0.000068,10.7627,0.000000,0.000000,0.000000,0.008903,0.000875,0.00002865
5,243,0.209705,0.000059,8.6855,0.000000,0.000000,0.000000,0.004180,0.000467,0.00002865
5,244,0.278359,0.000075,14.4009,0.000000,0.000000,0.000000,0.009588,0.001037,0.00002865
5,245,0.269184,0.000079,7.1531,0.000000,0.000000,0.000000,0.004000,0.000486,0.00002865
5,246,0.264378,0.000077,7.1789,0.000000,0.000000,0.000000,0.004066,0.001595,0.00002865
5,247,0.244725,0.000070,7.9036,0.000000,0.000000,0.000000,0.009513,0.001216,0.00002865
5,248,0.301030,0.000085,11.3829,0.000000,0.000000,0.000000,0.006688,0.000730,0.00002865
5,249,0.252541,0.000073,7.9705,0.000000,0.000000,0.000000,0.007864,0.000434,0.00002865
5,250,0.288768,0.000083,9.9582,0.000000,0.000000,0.000000,0.004609,0.000721,0.00002865
5,251,0.223925,0.000064,8.1181,0.000000,0.000000,0.000000,0.003570,0.000586,0.00002865
5,252,0.214769,0.000061,8.2729,0.000000,0.000000,0.000000,0.002282,0.000403,0.00002865
5,253,0.374083,0.000109,10.6927,0.000000,0.000000,0.000000,0.009582,0.001049,0.00002865
5,254,0.311184,0.000090,10.4515,0.000000,0.000000,0.000000,0.003141,0.001028,0.00002865
5,255,0.375320,0.000109,10.6707,0.000000,0.000000,0.000000,0.013789,0.000455,0.00002865
5,256,0.253905,0.000073,6.8697,0.000000,0.000000,0.000000,0.010191,0.001121,0.00002865
5,257,0.252369,0.000073,7.8841,0.000000,0.000000,0.000000,0.005288,0.000693,0.00002865
5,258,0.257335,0.000075,7.1748,0.000000,0.000000,0.000000,0.003570,0.000567,0.00002865
5,259,0.403190,0.000116,13.1210,0.000000,0.000000,0.000000,0.010483,0.001873,0.00002865
5,260,0.251902,0.000073,7.4162,0.000000,0.000000,0.000000,0.004429,0.001088,0.00002865
5,261,0.372185,0.000110,8.9906,0.000000,0.000000,0.000000,0.007005,0.001015,0.00002865
5,262,0.261787,0.000077,7.3290,0.000000,0.000000,0.000000,0.003321,0.001286,0.00002865
5,263,0.226816,0.000063,10.0279,0.000000,0.000000,0.000000,0.005123,0.000457,0.00002865
5,264,0.235048,0.000066,8.4455,0.000000,0.000000,0.000000,0.013806,0.000546,0.00002865
5,265,0.287529,0.000084,8.1284,0.000000,0.000000,0.000000,0.002712,0.000891,0.00002865
5,266,0.270520,0.000076,11.9058,0.000000,0.000000,0.000000,0.003751,0.000558,0.00002865
5,267,0.342461,0.000099,9.2962,0.000000,0.000000,0.000000,0.012948,0.001292,0.00002865
5,268,0.295863,0.000087,7.2055,0.000000,0.000000,0.000000,0.005039,0.000882,0.00002865
5,269,0.291323,0.000084,8.9293,0.000000,0.000000,0.000000,0.007615,0.000519,0.00002865
5,270,0.255125,0.000072,9.9346,0.000000,0.000000,0.000000,0.003570,0.000409,0.00002865
5,271,0.245712,0.000071,7.5458,0.000000,0.000000,0.000000,0.006327,0.000571,0.00002865
5,272,0.233912,0.000064,10.4232,0.000000,0.000000,0.000000,0.008870,0.000996,0.00002865
5,273,0.405526,0.000116,10.1648,0.000000,0.000000,0.000000,0.029793,0.001347,0.00002865
5,274,0.299345,0.000077,19.2709,0.000000,0.000000,0.000000,0.014915,0.001310,0.00002865
5,275,0.305883,0.000089,8.7859,0.000000,0.000000,0.000000,0.008474,0.001175,0.00002865
5,276,0.232339,0.000066,8.4052,0.000000,0.000000,0.000000,0.005898,0.000629,0.00002865
5,277,0.247498,0.000071,8.0294,0.000000,0.000000,0.000000,0.007435,0.000478,0.00002865
5,278,0.334789,0.000097,9.7278,0.000000,0.000000,0.000000,0.011161,0.000778,0.00002865
5,279,0.235495,0.000068,7.8800,0.000000,0.000000,0.000000,0.004790,0.000712,0.00002865
5,280,0.543435,0.000156,14.3311,0.000000,0.000000,0.000000,0.030109,0.001827,0.00002865
5,281,0.243919,0.000069,10.8351,0.000000,0.000000,0.000000,0.001424,0.000407,0.00002865
5,282,0.313842,0.000092,8.2532,0.000000,0.000000,0.000000,0.004790,0.000936,0.00002865
5,283,0.258963,0.000076,6.5054,0.000000,0.000000,0.000000,0.004429,0.000467,0.00002865
5,284,0.280123,0.000081,7.9494,0.000000,0.000000,0.000000,0.008044,0.000487,0.00002865
5,285,0.259319,0.000075,7.8509,0.000000,0.000000,0.000000,0.006937,0.000757,0.00002865
5,286,0.227096,0.000063,9.6462,0.000000,0.000000,0.000000,0.004859,0.000508,0.00002865
5,287,0.318869,0.000093,9.0539,0.000000,0.000000,0.000000,0.006147,0.000753,0.00002865
5,288,0.304339,0.000089,8.1651,0.000000,0.000000,0.000000,0.005717,0.000859,0.00002865
5,289,0.227175,0.000064,9.9434,0.000000,0.000000,0.000000,0.001424,0.000852,0.00002865
5,290,0.362557,0.000105,10.5491,0.000000,0.000000,0.000000,0.011591,0.000624,0.00002865
5,291,0.281865,0.000078,12.3711,0.000000,0.000000,0.000000,0.008044,0.000897,0.00002865
5,292,0.231351,0.000064,10.3473,0.000000,0.000000,0.000000,0.005468,0.000303,0.00002865
5,293,0.270028,0.000077,9.8572,0.000000,0.000000,0.000000,0.006327,0.000437,0.00002865
5,294,0.242687,0.000069,8.5682,0.000000,0.000000,0.000000,0.005717,0.000503,0.00002865
5,295,0.365207,0.000108,8.2723,0.000000,0.000000,0.000000,0.008225,0.001568,0.00002865
5,296,0.334256,0.000095,11.8691,0.000000,0.000000,0.000000,0.008293,0.000692,0.00002865
5,297,0.291453,0.000084,9.6975,0.000000,0.000000,0.000000,0.005123,0.001390,0.00002865
5,298,0.242419,0.000071,6.9400,0.000000,0.000000,0.000000,0.004000,0.000691,0.00002865
5,299,0.277677,0.000076,13.7809,0.000000,0.000000,0.000000,0.004000,0.000361,0.00002865
5,300,0.218495,0.000062,8.2585,0.000000,0.000000,0.000000,0.003570,0.000394,0.00002865
5,301,0.248326,0.000073,7.3550,0.000000,0.000000,0.000000,0.003570,0.000420,0.00002865
5,302,0.256474,0.000072,10.3991,0.000000,0.000000,0.000000,0.004859,0.000653,0.00002865
5,303,0.242084,0.000069,8.6726,0.000000,0.000000,0.000000,0.002282,0.000622,0.00002865
5,304,0.262624,0.000074,9.8032,0.000000,0.000000,0.000000,0.008044,0.000830,0.00002865
5,305,0.312895,0.000089,11.8478,0.000000,0.000000,0.000000,0.006937,0.000801,0.00002865
5,306,0.486602,0.000139,17.5488,0.000000,0.000000,0.000000,0.008293,0.000776,0.00002865
5,307,0.353272,0.000103,9.8781,0.000000,0.000000,0.000000,0.007976,0.001075,0.00002865
5,308,0.415012,0.000122,9.6451,0.000000,0.000000,0.000000,0.011771,0.000649,0.00002865
5,309,0.279539,0.000079,10.6021,0.000000,0.000000,0.000000,0.005717,0.000620,0.00002865
5,310,0.217560,0.000062,6.8576,0.000000,0.000000,0.000000,0.006756,0.000823,0.00002865
5,311,0.226618,0.000067,6.3713,0.000000,0.000000,0.000000,0.002282,0.000591,0.00002865
5,312,0.254394,0.000075,6.2321,0.000000,0.000000,0.000000,0.003141,0.000951,0.00002865
5,313,0.201745,0.000058,7.1306,0.000000,0.000000,0.000000,0.002712,0.000718,0.00002865
5,314,0.245809,0.000072,6.9772,0.000000,0.000000,0.000000,0.005651,0.000854,0.00002865
5,315,0.377321,0.000111,10.5367,0.000000,0.000000,0.000000,0.004000,0.001365,0.00002865
5,316,0.455640,0.000135,9.9122,0.000000,0.000000,0.000000,0.011799,0.001478,0.00002865
5,317,0.385305,0.000114,9.1747,0.000000,0.000000,0.000000,0.005898,0.001050,0.00002865
5,318,0.305759,0.000090,7.9861,0.000000,0.000000,0.000000,0.005898,0.000802,0.00002865
5,319,0.262305,0.000075,8.8575,0.000000,0.000000,0.000000,0.008293,0.001093,0.00002865
5,320,0.372847,0.000108,8.9311,0.000000,0.000000,0.000000,0.020513,0.001273,0.00002865
5,321,0.277064,0.000081,7.5276,0.000000,0.000000,0.000000,0.004859,0.000824,0.00002865
5,322,0.320086,0.000092,10.0153,0.000000,0.000000,0.000000,0.009880,0.000398,0.00002865
5,323,0.254166,0.000074,7.0095,0.000000,0.000000,0.000000,0.008293,0.000276,0.00002865
5,324,0.396614,0.000117,8.9234,0.000000,0.000000,0.000000,0.009651,0.001694,0.00002865
5,325,0.384256,0.000113,8.9369,0.000000,0.000000,0.000000,0.012561,0.001584,0.00002865
5,326,0.364535,0.000106,9.1127,0.000000,0.000000,0.000000,0.015054,0.001491,0.00002865
5,327,0.472920,0.000140,9.2577,0.000000,0.000000,0.000000,0.015815,0.001886,0.00002865
5,328,0.402979,0.000117,10.8730,0.000000,0.000000,0.000000,0.010165,0.001584,0.00002865
5,329,0.368917,0.000109,8.2492,0.000000,0.000000,0.000000,0.006756,0.001551,0.00002865
5,330,0.382563,0.000112,9.2053,0.000000,0.000000,0.000000,0.012544,0.002025,0.00002865
5,331,0.385667,0.000113,8.5700,0.000000,0.000000,0.000000,0.013271,0.002172,0.00002865
5,332,0.382705,0.000112,9.5928,0.000000,0.000000,0.000000,0.010870,0.001020,0.00002865
5,333,0.340843,0.000096,12.4139,0.000000,0.000000,0.000000,0.013918,0.000896,0.00002865
5,334,0.409069,0.000119,10.5057,0.000000,0.000000,0.000000,0.015926,0.000795,0.00002865
5,335,0.311499,0.000092,7.3707,0.000000,0.000000,0.000000,0.004000,0.001530,0.00002865
5,336,0.221555,0.000064,7.3738,0.000000,0.000000,0.000000,0.004000,0.000539,0.00002865
5,337,0.373974,0.000110,9.6786,0.000000,0.000000,0.000000,0.006937,0.000701,0.00002865
5,338,0.224039,0.000063,8.6344,0.000000,0.000000,0.000000,0.004429,0.000720,0.00002865
5,339,0.364141,0.000107,9.5934,0.000000,0.000000,0.000000,0.008654,0.000794,0.00002865
5,340,0.207594,0.000059,7.1201,0.000000,0.000000,0.000000,0.005546,0.000551,0.00002865
5,341,0.304546,0.000088,9.7958,0.000000,0.000000,0.000000,0.008293,0.000799,0.00002865
5,342,0.412580,0.000119,9.4280,0.000000,0.000000,0.000000,0.028645,0.001216,0.00002865
5,343,0.436798,0.000127,10.2218,0.000000,0.000000,0.000000,0.023158,0.001589,0.00002865
5,344,0.389305,0.000112,10.8579,0.000000,0.000000,0.000000,0.017645,0.001459,0.00002865
5,345,0.326367,0.000093,9.8423,0.000000,0.000000,0.000000,0.015754,0.000773,0.00002865
5,346,0.337629,0.000096,10.1274,0.000000,0.000000,0.000000,0.017353,0.001407,0.00002865
5,347,0.339448,0.000100,8.6849,0.000000,0.000000,0.000000,0.006078,0.001131,0.00002865
5,348,0.360893,0.000105,10.0890,0.000000,0.000000,0.000000,0.010637,0.001041,0.00002865
5,349,0.256596,0.000074,8.0744,0.000000,0.000000,0.000000,0.005219,0.000801,0.00002865
5,350,0.306028,0.000089,9.1016,0.000000,0.000000,0.000000,0.002712,0.000662,0.00002865
5,351,0.449027,0.000130,10.9348,0.000000,0.000000,0.000000,0.023407,0.000855,0.00002865
5,352,0.322887,0.000094,7.9068,0.000000,0.000000,0.000000,0.013557,0.000537,0.00002865
5,353,0.276490,0.000081,8.3065,0.000000,0.000000,0.000000,0.004180,0.000467,0.00002865
5,354,0.313491,0.000092,8.1666,0.000000,0.000000,0.000000,0.005288,0.000245,0.00002865
5,355,0.328260,0.000097,7.2758,0.000000,0.000000,0.000000,0.008903,0.000750,0.00002865
5,356,0.244591,0.000069,10.1210,0.000000,0.000000,0.000000,0.001424,0.000440,0.00002865
5,357,0.258461,0.000070,13.9250,0.000000,0.000000,0.000000,0.002798,0.000330,0.00002865
5,358,0.279411,0.000077,10.8456,0.000000,0.000000,0.000000,0.019749,0.000505,0.00002865
5,359,0.281171,0.000080,9.0480,0.000000,0.000000,0.000000,0.009513,0.000793,0.00002865
5,360,0.246575,0.000070,9.3853,0.000000,0.000000,0.000000,0.005898,0.000497,0.00002865
5,361,0.386972,0.000108,12.2033,0.000000,0.000000,0.000000,0.030815,0.001028,0.00002865
5,362,0.786951,0.000227,18.4036,0.000000,0.000000,0.000000,0.055935,0.001494,0.00002865
5,363,0.594008,0.000171,14.6644,0.000000,0.000000,0.000000,0.035903,0.001811,0.00002865
5,364,0.564858,0.000163,13.7481,0.000000,0.000000,0.000000,0.034338,0.002238,0.00002865
5,365,0.619060,0.000175,17.1336,0.000000,0.000000,0.000000,0.046367,0.002393,0.00002865
5,366,0.375702,0.000109,11.4456,0.000000,0.000000,0.000000,0.004000,0.000827,0.00002865
5,367,0.425153,0.000124,11.5524,0.000000,0.000000,0.000000,0.012158,0.002011,0.00002865
5,368,0.277353,0.000081,7.2209,0.000000,0.000000,0.000000,0.005468,0.001027,0.00002865
5,369,0.336507,0.000096,10.6953,0.000000,0.000000,0.000000,0.012810,0.001368,0.00002865
5,370,0.290363,0.000082,9.3140,0.000000,0.000000,0.000000,0.013918,0.001088,0.00002865
5,371,0.332617,0.000097,7.4420,0.000000,0.000000,0.000000,0.016924,0.001021,0.00002865
5,372,0.232177,0.000063,11.5176,0.000000,0.000000,0.000000,0.006147,0.000906,0.00002865
5,373,0.292041,0.000082,11.7365,0.000000,0.000000,0.000000,0.008474,0.000916,0.00002865
5,374,0.229756,0.000065,8.4965,0.000000,0.000000,0.000000,0.004748,0.000539,0.00002865
5,375,0.242496,0.000069,8.1773,0.000000,0.000000,0.000000,0.010372,0.000536,0.00002865
5,376,0.299222,0.000083,13.2234,0.000000,0.000000,0.000000,0.008474,0.000757,0.00002865
5,377,0.286646,0.000083,8.9446,0.000000,0.000000,0.000000,0.007546,0.000654,0.00002865
5,378,0.306353,0.000089,8.3012,0.000000,0.000000,0.000000,0.007005,0.000799,0.00002865
5,379,0.235051,0.000066,8.0550,0.000000,0.000000,0.000000,0.016202,0.000605,0.00002865
5,380,0.227486,0.000064,8.4759,0.000000,0.000000,0.000000,0.006756,0.000768,0.00002865
5,381,0.282097,0.000082,8.8586,0.000000,0.000000,0.000000,0.003570,0.001463,0.00002865
5,382,0.224826,0.000065,7.4873,0.000000,0.000000,0.000000,0.004066,0.000524,0.00002865
5,383,0.341431,0.000099,10.5970,0.000000,0.000000,0.000000,0.007435,0.001162,0.00002865
5,384,0.263457,0.000077,7.4260,0.000000,0.000000,0.000000,0.007005,0.000818,0.00002865
5,385,0.250133,0.000071,10.2997,0.000000,0.000000,0.000000,0.003141,0.000811,0.00002865
5,386,0.237755,0.000069,6.8971,0.000000,0.000000,0.000000,0.004859,0.000615,0.00002865
5,387,0.294012,0.000085,9.3546,0.000000,0.000000,0.000000,0.004429,0.001331,0.00002865
5,388,0.346244,0.000102,8.4461,0.000000,0.000000,0.000000,0.006576,0.001701,0.00002865
5,389,0.275852,0.000080,7.6828,0.000000,0.000000,0.000000,0.008293,0.001057,0.00002865
5,390,0.233833,0.000067,7.5473,0.000000,0.000000,0.000000,0.008474,0.000656,0.00002865
5,391,0.238842,0.000069,7.2829,0.000000,0.000000,0.000000,0.005546,0.000499,0.00002865
6,1,0.473250,0.000122,16.1941,0.064389,0.129486,0.112432,0.016889,0.001951,0.00030000
6,2,0.494171,0.000125,18.2568,0.064088,0.113472,0.130070,0.022625,0.002089,0.00030000
6,3,0.428255,0.000114,11.7033,0.067077,0.098100,0.091373,0.016619,0.001941,0.00030000
6,4,0.528885,0.000134,18.6761,0.070398,0.112527,0.188551,0.013876,0.001823,0.00030000
6,5,0.413003,0.000105,13.6905,0.068853,0.111938,0.150001,0.014030,0.001485,0.00030000
6,6,0.500517,0.000131,15.2101,0.068282,0.113448,0.111338,0.024737,0.001627,0.00030000
6,7,0.391732,0.000106,10.2153,0.067999,0.114622,0.092522,0.009873,0.002057,0.00030000
6,8,0.448266,0.000103,22.3983,0.076508,0.115847,0.185290,0.010859,0.001821,0.00030000
6,9,0.430598,0.000113,12.3003,0.075703,0.115327,0.133351,0.014305,0.001658,0.00030000
6,10,0.517554,0.000132,18.6481,0.080446,0.115246,0.164645,0.011522,0.001633,0.00030000
6,11,0.415287,0.000109,13.5001,0.079200,0.116109,0.094498,0.011660,0.001695,0.00030000
6,12,0.419872,0.000108,13.6635,0.081146,0.117160,0.134485,0.015635,0.001444,0.00030000
6,13,0.469440,0.000121,15.8031,0.079140,0.114102,0.171833,0.009332,0.001495,0.00030000
6,14,0.450554,0.000119,13.8729,0.078356,0.115631,0.099278,0.010801,0.001617,0.00030000
6,15,0.475197,0.000126,13.5470,0.077368,0.116207,0.107341,0.017375,0.001750,0.00030000
6,16,0.474415,0.000106,25.6628,0.078441,0.114943,0.237084,0.006327,0.001849,0.00030000
6,17,0.384599,0.000091,17.5442,0.078400,0.113195,0.178262,0.009667,0.001812,0.00030000
6,18,0.378026,0.000097,13.3198,0.078077,0.112390,0.100895,0.009556,0.001714,0.00030000
6,19,0.413107,0.000100,18.9203,0.081011,0.111203,0.163346,0.008336,0.001096,0.00030000
6,20,0.378991,0.000102,9.4964,0.079651,0.110449,0.089162,0.013059,0.001478,0.00030000
6,21,0.454655,0.000096,26.8188,0.081476,0.108648,0.259250,0.013377,0.001457,0.00030000
6,22,0.412439,0.000112,10.8105,0.080814,0.108113,0.092291,0.010087,0.001432,0.00030000
6,23,0.512014,0.000094,40.7279,0.086411,0.108801,0.344049,0.008654,0.001531,0.00030000
6,24,0.487881,0.000104,30.3594,0.088803,0.111413,0.257803,0.013987,0.001892,0.00030000
6,25,0.445308,0.000092,29.1801,0.091737,0.111065,0.276211,0.009879,0.001456,0.00030000
6,26,0.419730,0.000093,24.4348,0.096106,0.109553,0.196223,0.019543,0.001207,0.00030000
6,27,0.395588,0.000078,27.7451,0.096115,0.108023,0.238484,0.010372,0.001107,0.00030000
6,28,0.291494,0.000070,12.3088,0.095140,0.108868,0.125841,0.008474,0.000775,0.00030000
6,29,0.512209,0.000119,25.0485,0.095793,0.109320,0.203869,0.014957,0.001592,0.00030000
6,30,0.301495,0.000076,11.1877,0.095140,0.110119,0.105179,0.009942,0.001705,0.00030000
6,31,0.322926,0.000067,20.8032,0.096371,0.109485,0.172357,0.008654,0.001136,0.00030000
6,32,0.294805,0.000072,12.0677,0.095205,0.110427,0.124324,0.005898,0.001238,0.00030000
6,33,0.359957,0.000083,18.3153,0.094716,0.110271,0.144399,0.006147,0.001003,0.00030000
6,34,0.265324,0.000064,12.0315,0.094532,0.110167,0.098074,0.002798,0.001106,0.00030000
6,35,0.446862,0.000109,17.9170,0.094582,0.111305,0.181185,0.013876,0.001578,0.00030000
6,36,0.406587,0.000112,8.5390,0.093530,0.110087,0.090281,0.015324,0.001753,0.00030000
6,37,0.574664,0.000108,45.3609,0.094925,0.111922,0.365013,0.008544,0.001799,0.00030000
6,38,0.425784,0.000099,23.1336,0.094301,0.113000,0.166139,0.004429,0.001448,0.00030000
6,39,0.453466,0.000102,23.6225,0.095587,0.112760,0.230622,0.007297,0.001602,0.00030000
6,40,0.407515,0.000099,16.7808,0.095276,0.112095,0.173439,0.008654,0.001544,0.00030000
6,41,0.427185,0.000106,18.3433,0.094523,0.112798,0.133334,0.007615,0.002041,0.00030000
6,42,0.449904,0.000102,22.9911,0.095705,0.112136,0.228226,0.003009,0.001743,0.00030000
6,43,0.439116,0.000116,13.1240,0.095342,0.113109,0.113962,0.011009,0.000827,0.00030000
6,44,0.451819,0.000102,23.4576,0.096691,0.112363,0.216322,0.018572,0.000923,0.00030000
6,45,0.315868,0.000072,17.4551,0.096362,0.112368,0.126304,0.004970,0.000787,0.00030000
6,46,0.390337,0.000085,22.0921,0.096363,0.111805,0.221131,0.004609,0.001061,0.00030000
6,47,0.319587,0.000076,14.5744,0.096431,0.112226,0.123284,0.012269,0.000821,0.00030000
6,48,0.430523,0.000105,18.7799,0.096944,0.111465,0.170741,0.012020,0.000588,0.00030000
6,49,0.450081,0.000103,20.7771,0.097348,0.111424,0.167561,0.033721,0.001648,0.00030000
6,50,0.381440,0.000084,20.7631,0.097252,0.111384,0.211150,0.006327,0.001399,0.00030000
6,51,0.298334,0.000071,13.8080,0.096914,0.111955,0.109106,0.008293,0.000425,0.00030000
6,52,0.469810,0.000110,21.5993,0.097511,0.111914,0.207266,0.014277,0.001713,0.00030000
6,53,0.386811,0.000098,13.8647,0.097164,0.112338,0.112808,0.013669,0.001412,0.00030000
6,54,0.416798,0.000094,21.1692,0.097551,0.112352,0.209480,0.013806,0.001387,0.00030000
6,55,0.342525,0.000084,14.1938,0.097237,0.112677,0.110185,0.007005,0.001110,0.00030000
6,56,0.426722,0.000103,18.5403,0.097553,0.112514,0.174206,0.006507,0.001599,0.00030000
6,57,0.401491,0.000099,16.0418,0.097567,0.112674,0.131113,0.011342,0.001426,0.00030000
6,58,0.440625,0.000103,20.6990,0.097644,0.112261,0.205923,0.008820,0.001991,0.00030000
6,59,0.395424,0.000102,13.4920,0.097431,0.111713,0.108717,0.006539,0.001682,0.00030000
6,60,0.363578,0.000083,19.7249,0.098062,0.111400,0.177353,0.006937,0.000744,0.00030000
6,61,0.301277,0.000072,13.9056,0.097728,0.111450,0.100362,0.007864,0.000537,0.00030000
6,62,0.380593,0.000072,28.1408,0.097964,0.110611,0.268429,0.013738,0.000795,0.00030000
6,63,0.297017,0.000070,12.7211,0.097875,0.109749,0.120428,0.017602,0.001142,0.00030000
6,64,0.477604,0.000114,22.7863,0.098874,0.109643,0.188198,0.013240,0.001973,0.00030000
6,65,0.423361,0.000106,15.3387,0.098365,0.109505,0.108119,0.023313,0.001298,0.00030000
6,66,0.491437,0.000102,31.7878,0.098172,0.109521,0.307724,0.012879,0.002301,0.00030000
6,67,0.373695,0.000076,22.7636,0.098548,0.109275,0.226706,0.016065,0.000951,0.00030000
6,68,0.403785,0.000064,39.7322,0.099570,0.109216,0.306259,0.014366,0.001183,0.00030000
6,69,0.373651,0.000088,17.4187,0.099272,0.109283,0.134211,0.018212,0.002378,0.00030000
6,70,0.555507,0.000088,50.9605,0.101029,0.108913,0.473950,0.008654,0.002174,0.00030000
6,71,0.362682,0.000067,27.7188,0.101323,0.109142,0.261506,0.004180,0.000780,0.00030000
6,72,0.470732,0.000094,31.6800,0.102296,0.109463,0.269117,0.007795,0.001460,0.00030000
6,73,0.383502,0.000099,13.5576,0.101845,0.109643,0.105943,0.007005,0.000637,0.00030000
6,74,0.548500,0.000085,50.5722,0.103316,0.109892,0.477379,0.012269,0.001167,0.00030000
6,75,0.507270,0.000100,34.2912,0.103804,0.109243,0.330610,0.015276,0.001625,0.00030000
6,76,0.429694,0.000075,35.9305,0.104872,0.109336,0.301201,0.004066,0.001040,0.00030000
6,77,0.565507,0.000143,21.1202,0.105111,0.109508,0.157083,0.018821,0.001276,0.00030000
6,78,0.652508,0.000126,45.6307,0.106183,0.108977,0.425087,0.021378,0.001640,0.00030000
6,79,0.656778,0.000148,35.2780,0.106440,0.108967,0.321474,0.030139,0.001677,0.00030000
6,80,0.642516,0.000147,31.6117,0.107747,0.108504,0.268355,0.028713,0.002031,0.00030000
6,81,0.480232,0.000111,24.2185,0.107754,0.108668,0.176415,0.020401,0.001521,0.00030000
6,82,0.381772,0.000083,20.9837,0.107693,0.108721,0.204794,0.021509,0.000842,0.00030000
6,83,0.334150,0.000081,14.8195,0.107542,0.108861,0.109241,0.007864,0.000967,0.00030000
6,84,0.404698,0.000089,22.3499,0.108011,0.108523,0.221724,0.008723,0.000644,0.00030000
6,85,0.295132,0.000070,13.1250,0.107622,0.108789,0.096232,0.014366,0.001068,0.00030000
6,86,0.606961,0.000137,29.9120,0.107524,0.108508,0.294330,0.031857,0.002767,0.00030000
6,87,0.517818,0.000129,19.7133,0.107060,0.108268,0.204122,0.010621,0.001365,0.00030000
6,88,0.593112,0.000097,56.8506,0.107416,0.108072,0.438113,0.021870,0.001634,0.00030000
6,89,0.547922,0.000108,43.7338,0.107414,0.108011,0.313932,0.007186,0.001911,0.00030000
6,90,0.398724,0.000101,14.2374,0.106991,0.107945,0.137788,0.013129,0.001180,0.00030000
6,91,0.562450,0.000116,35.3431,0.107331,0.107288,0.292869,0.025708,0.002013,0.00030000
6,92,0.497788,0.000107,26.0611,0.107504,0.106980,0.252922,0.045185,0.001444,0.00030000
6,93,0.393472,0.000075,26.1421,0.108025,0.106748,0.211305,0.035939,0.002358,0.00030000
6,94,0.331614,0.000074,15.6393,0.108139,0.106688,0.148953,0.034004,0.000768,0.00030000
6,95,0.397326,0.000077,29.5540,0.108098,0.106452,0.231033,0.006327,0.001109,0.00030000
6,96,0.447774,0.000110,16.7068,0.108105,0.106032,0.143622,0.029349,0.001794,0.00030000
6,97,0.569950,0.000110,42.8430,0.110014,0.106138,0.360181,0.018461,0.002548,0.00030000
6,98,0.369054,0.000075,24.8615,0.110664,0.105937,0.221010,0.012158,0.000897,0.00030000
6,99,0.444290,0.000076,38.5287,0.111945,0.105938,0.347484,0.009083,0.000807,0.00030000
6,100,0.316366,0.000059,24.4608,0.112234,0.106230,0.190214,0.007546,0.000784,0.00030000
6,101,0.374982,0.000078,23.9160,0.112002,0.105519,0.221140,0.016675,0.000574,0.00030000
6,102,0.304440,0.000070,15.9129,0.111938,0.105399,0.124377,0.004172,0.000980,0.00030000
6,103,0.408470,0.000098,18.0511,0.112214,0.105412,0.155942,0.018101,0.000877,0.00030000
6,104,0.588708,0.000122,36.0732,0.112801,0.105479,0.348613,0.019612,0.000850,0.00030000
6,105,0.398512,0.000093,16.7337,0.112536,0.105056,0.126034,0.041029,0.001951,0.00030000
6,106,0.448934,0.000094,26.2851,0.112726,0.105191,0.262560,0.016606,0.001608,0.00030000
6,107,0.381230,0.000082,20.0599,0.112978,0.104821,0.165552,0.037704,0.001025,0.00030000
6,108,0.476485,0.000115,21.0871,0.113136,0.104822,0.198676,0.007802,0.001265,0.00030000
6,109,0.385059,0.000077,24.7296,0.113472,0.104488,0.208412,0.022437,0.001197,0.00030000
6,110,0.505886,0.000116,24.2401,0.113479,0.104168,0.234169,0.021867,0.001013,0.00030000
6,111,0.375079,0.000078,22.0138,0.113496,0.104067,0.172191,0.029264,0.000877,0.00030000
6,112,0.387148,0.000080,22.7930,0.113745,0.103922,0.223736,0.025193,0.001092,0.00030000
6,113,0.362320,0.000073,24.4654,0.113859,0.103619,0.203139,0.002282,0.000831,0.00030000
6,114,0.321494,0.000068,19.1759,0.113761,0.103622,0.200721,0.005468,0.000832,0.00030000
6,115,0.307401,0.000059,22.2893,0.113856,0.103977,0.184164,0.004000,0.000589,0.00030000
6,116,0.386102,0.000091,17.7789,0.113850,0.104190,0.170165,0.013626,0.001018,0.00030000
6,117,0.429818,0.000100,21.0303,0.114046,0.104333,0.176285,0.008903,0.001639,0.00030000
6,118,0.388766,0.000086,21.1114,0.113893,0.104107,0.214555,0.005898,0.002029,0.00030000
6,119,0.363319,0.000071,26.2668,0.113917,0.103556,0.214570,0.002798,0.000870,0.00030000
6,120,0.369868,0.000085,18.1824,0.113791,0.103624,0.173379,0.013987,0.001184,0.00030000
6,121,0.392846,0.000082,24.3286,0.114142,0.103415,0.204714,0.017782,0.001350,0.00030000
6,122,0.462130,0.000109,17.7234,0.114181,0.103586,0.171966,0.051507,0.001112,0.00030000
6,123,0.379015,0.000079,23.8984,0.114279,0.103605,0.194706,0.015386,0.000793,0.00030000
6,124,0.293358,0.000065,15.1336,0.114036,0.103466,0.159820,0.010122,0.000606,0.00030000
6,125,0.336111,0.000066,23.0996,0.114061,0.103417,0.182231,0.017602,0.000666,0.00030000
6,126,0.288212,0.000064,15.8959,0.113950,0.103127,0.161576,0.003570,0.000863,0.00030000
6,127,0.383061,0.000082,23.3163,0.114175,0.103343,0.189849,0.007765,0.000803,0.00030000
6,128,0.376147,0.000096,14.2238,0.114019,0.103239,0.110647,0.007435,0.000605,0.00030000
6,129,0.555240,0.000104,41.9071,0.114419,0.103038,0.399091,0.005717,0.001447,0.00030000
6,130,0.401736,0.000085,23.9260,0.114255,0.103220,0.233912,0.018461,0.001312,0.00030000
6,131,0.532674,0.000087,48.7030,0.114505,0.102971,0.395757,0.012269,0.002533,0.00030000
6,132,0.418083,0.000088,26.1856,0.114445,0.102884,0.205835,0.008293,0.001002,0.00030000
6,133,0.423549,0.000090,25.0847,0.114563,0.102721,0.245842,0.011909,0.000990,0.00030000
6,134,0.283652,0.000069,12.0140,0.114425,0.102941,0.111159,0.007186,0.001023,0.00030000
6,135,0.603206,0.000124,40.7898,0.115654,0.103293,0.329298,0.018864,0.001156,0.00030000
6,136,0.498931,0.000116,24.0092,0.116108,0.103245,0.191097,0.022033,0.001106,0.00030000
6,137,0.389645,0.000078,24.5369,0.116338,0.102907,0.238463,0.025389,0.000969,0.00030000
6,138,0.263672,0.000063,11.6437,0.116016,0.102897,0.110662,0.006576,0.000755,0.00030000
6,139,0.505162,0.000090,43.3090,0.117194,0.102872,0.347746,0.019998,0.003671,0.00030000
6,140,0.368411,0.000075,23.6258,0.117365,0.102588,0.184763,0.030729,0.000876,0.00030000
6,141,0.383465,0.000079,24.4293,0.117721,0.102225,0.237704,0.005219,0.002000,0.00030000
6,142,0.293811,0.000068,15.2503,0.117625,0.101835,0.124412,0.002712,0.000583,0.00030000
6,143,0.531111,0.000084,49.4012,0.118657,0.102036,0.454898,0.007615,0.001424,0.00030000
6,144,0.373587,0.000080,24.3167,0.118929,0.101878,0.189893,0.007765,0.000973,0.00030000
6,145,0.401567,0.000082,27.5474,0.119332,0.101809,0.228946,0.006937,0.000583,0.00030000
6,146,0.395399,0.000074,32.6357,0.119002,0.101858,0.283495,0.005898,0.000550,0.00030000
6,147,0.421941,0.000096,20.6531,0.118962,0.101779,0.174099,0.020408,0.001047,0.00030000
6,148,0.366653,0.000062,30.4808,0.119206,0.102144,0.291634,0.009332,0.000394,0.00030000
6,149,0.355713,0.000078,20.8405,0.118961,0.102118,0.167210,0.007366,0.000567,0.00030000
6,150,0.463876,0.000099,27.4134,0.118726,0.102285,0.253858,0.012990,0.000868,0.00030000
6,151,0.362574,0.000077,21.7288,0.119036,0.102281,0.192719,0.010621,0.000842,0.00030000
6,152,0.389232,0.000091,16.8108,0.118906,0.102549,0.162972,0.022753,0.000732,0.00030000
6,153,0.433181,0.000071,40.7216,0.118874,0.102260,0.324292,0.011041,0.000564,0.00030000
6,154,0.367085,0.000097,11.2137,0.118638,0.102117,0.098777,0.010234,0.002606,0.00030000
6,155,0.494615,0.000106,29.4056,0.119196,0.102288,0.242851,0.027882,0.003607,0.00030000
6,156,0.570881,0.000134,26.6635,0.119161,0.102216,0.250568,0.017353,0.003934,0.00030000
6,157,0.510190,0.000112,27.4745,0.119112,0.102194,0.220046,0.029308,0.003229,0.00030000
6,158,0.431196,0.000088,27.6046,0.119340,0.102116,0.263277,0.012338,0.003461,0.00030000
6,159,0.409919,0.000077,28.7193,0.119643,0.102165,0.241756,0.024987,0.002268,0.00030000
6,160,0.374170,0.000080,21.6681,0.119686,0.102134,0.207844,0.015816,0.001473,0.00030000
6,161,0.390075,0.000076,27.7397,0.120036,0.102168,0.231910,0.012436,0.001464,0.00030000
6,162,0.333610,0.000081,13.4806,0.119910,0.101942,0.131144,0.013586,0.000909,0.00030000
6,163,0.413945,0.000088,24.5710,0.120124,0.101949,0.203039,0.022798,0.000991,0.00030000
6,164,0.478063,0.000107,25.4778,0.120135,0.102102,0.234825,0.015095,0.000820,0.00030000
6,165,0.443243,0.000100,22.8351,0.120186,0.102496,0.191181,0.015586,0.002336,0.00030000
6,166,0.424686,0.000099,19.9466,0.120121,0.102546,0.191775,0.008654,0.002524,0.00030000
6,167,0.553156,0.000126,28.1579,0.120176,0.102605,0.239209,0.012948,0.002268,0.00030000
6,168,0.379054,0.000093,15.1224,0.120000,0.102533,0.149577,0.011230,0.002118,0.00030000
6,169,0.468455,0.000102,26.4535,0.120195,0.102706,0.228626,0.007546,0.002297,0.00030000
6,170,0.296081,0.000062,17.8093,0.120057,0.102606,0.175170,0.005546,0.001236,0.00030000
6,171,0.465358,0.000101,26.9101,0.120079,0.102644,0.223913,0.011661,0.001323,0.00030000
6,172,0.380818,0.000091,16.1726,0.119925,0.102593,0.166702,0.011342,0.000879,0.00030000
6,173,0.443976,0.000085,31.1768,0.120014,0.102741,0.257886,0.016134,0.001246,0.00030000
6,174,0.331181,0.000083,12.2758,0.119728,0.102772,0.135503,0.007435,0.001044,0.00030000
6,175,0.450655,0.000090,33.0895,0.119759,0.103097,0.252155,0.005898,0.001748,0.00030000
6,176,0.341685,0.000085,13.0668,0.119553,0.103205,0.108090,0.013806,0.000690,0.00030000
6,177,0.422464,0.000079,31.8249,0.120006,0.103180,0.310989,0.006937,0.000864,0.00030000
6,178,0.308835,0.000070,16.0673,0.119838,0.103170,0.156417,0.005873,0.000500,0.00030000
6,179,0.474465,0.000086,42.7072,0.120713,0.103284,0.327424,0.014305,0.001747,0.00030000
6,180,0.516459,0.000114,29.8292,0.120924,0.103194,0.241483,0.016134,0.001529,0.00030000
6,181,0.456346,0.000101,24.2335,0.121141,0.103173,0.227271,0.018641,0.001490,0.00030000
6,182,0.494547,0.000119,21.7773,0.121259,0.103484,0.197649,0.012269,0.001325,0.00030000
6,183,0.495046,0.000077,50.6104,0.121514,0.103337,0.395301,0.016134,0.002511,0.00030000
6,184,0.520436,0.000114,28.5480,0.121560,0.103221,0.227894,0.030222,0.001178,0.00030000
6,185,0.506837,0.000104,32.5710,0.121426,0.103101,0.286773,0.031247,0.002337,0.00030000
6,186,0.407071,0.000079,29.0449,0.121777,0.102956,0.258800,0.015275,0.001184,0.00030000
6,187,0.366777,0.000067,31.3662,0.121539,0.102957,0.251314,0.001424,0.000571,0.00030000
6,188,0.460189,0.000087,33.3179,0.121854,0.102866,0.316343,0.018323,0.000923,0.00030000
6,189,0.271169,0.000066,11.0194,0.121534,0.102925,0.120436,0.004859,0.000532,0.00030000
6,190,0.596583,0.000084,63.6151,0.122182,0.102877,0.526495,0.012948,0.000800,0.00030000
6,191,0.484055,0.000079,47.2506,0.122220,0.103084,0.369178,0.006147,0.000776,0.00030000
6,192,0.451210,0.000102,24.6046,0.122367,0.103176,0.224315,0.011299,0.001378,0.00030000
6,193,0.297543,0.000072,13.1567,0.122156,0.103224,0.123169,0.006576,0.001592,0.00030000
6,194,0.621108,0.000114,51.2713,0.122359,0.103383,0.407533,0.014167,0.007452,0.00030000
6,195,0.501815,0.000107,30.6175,0.122537,0.103643,0.243056,0.014909,0.001453,0.00030000
6,196,0.472479,0.000094,29.6510,0.122655,0.103532,0.277085,0.046334,0.001377,0.00030000
6,197,0.439691,0.000081,36.4186,0.123315,0.103533,0.300175,0.008654,0.002142,0.00030000
6,198,0.328446,0.000077,13.8476,0.123122,0.103405,0.138457,0.028963,0.000957,0.00030000
6,199,0.575081,0.000107,42.7115,0.123666,0.103437,0.350084,0.027717,0.001884,0.00030000
6,200,0.374236,0.000076,28.3107,0.123965,0.103560,0.219411,0.003141,0.001257,0.00030000
6,201,0.357071,0.000080,20.4105,0.124044,0.103557,0.176265,0.009264,0.000370,0.00030000
6,202,0.305001,0.000063,19.0572,0.123800,0.103381,0.196898,0.006756,0.000507,0.00030000
6,203,0.448188,0.000095,27.3391,0.123889,0.103339,0.222002,0.008903,0.000802,0.00030000
6,204,0.360379,0.000084,18.3411,0.123834,0.103204,0.143273,0.008870,0.001053,0.00030000
6,205,0.484297,0.000112,21.6586,0.123702,0.103114,0.218497,0.028782,0.001003,0.00030000
6,206,0.353168,0.000083,17.1289,0.123391,0.103313,0.118989,0.012879,0.001180,0.00030000
6,207,0.441182,0.000081,31.9346,0.123457,0.103222,0.314069,0.023102,0.001755,0.00030000
6,208,0.331035,0.000077,14.4340,0.123317,0.103221,0.138556,0.029716,0.000916,0.00030000
6,209,0.380282,0.000073,28.5407,0.123199,0.103228,0.219111,0.012630,0.000821,0.00030000
6,210,0.294704,0.000070,12.3155,0.123017,0.103193,0.122888,0.020719,0.000952,0.00030000
6,211,0.654961,0.000125,47.7090,0.123868,0.103205,0.400620,0.026053,0.002192,0.00030000
6,212,0.439426,0.000078,34.6785,0.124464,0.103165,0.293905,0.019496,0.002727,0.00030000
6,213,0.509246,0.000084,44.3400,0.124769,0.103395,0.416043,0.006937,0.000616,0.00030000
6,214,0.382034,0.000084,20.5010,0.124909,0.103243,0.177515,0.022479,0.001124,0.00030000
6,215,0.452390,0.000073,40.0546,0.125203,0.103076,0.350876,0.015026,0.001707,0.00030000
6,216,0.318709,0.000071,16.9857,0.125160,0.103011,0.166123,0.005717,0.000709,0.00030000
6,217,0.549347,0.000115,34.8054,0.125500,0.103134,0.306417,0.019389,0.000741,0.00030000
6,218,0.551437,0.000137,21.9821,0.125410,0.103408,0.166684,0.017714,0.002024,0.00030000
6,219,0.376167,0.000075,26.8364,0.125677,0.103398,0.232119,0.007186,0.001386,0.00030000
6,220,0.342546,0.000067,24.9578,0.125596,0.103482,0.227462,0.008044,0.001039,0.00030000
6,221,0.369369,0.000086,16.5367,0.125556,0.103572,0.164819,0.020219,0.002712,0.00030000
6,222,0.630227,0.000119,47.1067,0.125545,0.103665,0.355109,0.058084,0.003138,0.00030000
6,223,0.420556,0.000083,30.2995,0.125372,0.103429,0.226913,0.012450,0.004079,0.00030000
6,224,0.546591,0.000114,34.9411,0.125328,0.103531,0.314348,0.026573,0.002299,0.00030000
6,225,0.426458,0.000084,26.1292,0.125406,0.103330,0.257432,0.038849,0.001945,0.00030000
6,226,0.480572,0.000104,29.0507,0.125223,0.103320,0.212296,0.020650,0.001733,0.00030000
6,227,0.479703,0.000103,28.9207,0.125490,0.103368,0.262388,0.016134,0.001065,0.00030000
6,228,0.379268,0.000090,16.3536,0.125213,0.103350,0.113459,0.029890,0.000978,0.00030000
6,229,0.587067,0.000132,32.4770,0.125300,0.103472,0.302760,0.009350,0.000764,0.00030000
6,230,0.391618,0.000083,24.3740,0.125303,0.103432,0.227865,0.007435,0.001107,0.00030000
6,231,0.509768,0.000087,44.3275,0.125418,0.103573,0.346010,0.036940,0.001788,0.00030000
6,232,0.407541,0.000080,28.0848,0.125415,0.103558,0.238525,0.011230,0.001353,0.00030000
6,233,0.344142,0.000083,14.7668,0.125251,0.103425,0.147168,0.010981,0.001529,0.00030000
6,234,0.417917,0.000076,32.4052,0.125418,0.103338,0.273905,0.007615,0.001927,0.00030000
6,235,0.312985,0.000077,12.6610,0.125248,0.103447,0.108724,0.012269,0.000822,0.00030000
6,236,0.546682,0.000129,24.6193,0.125420,0.103436,0.237313,0.018641,0.000927,0.00030000
6,237,0.412063,0.000109,12.4765,0.125188,0.103634,0.106471,0.012269,0.002027,0.00030000
6,238,0.615042,0.000090,64.9624,0.125936,0.103608,0.558475,0.008293,0.001554,0.00030000
6,239,0.523967,0.000100,39.5569,0.126277,0.103526,0.312815,0.032424,0.001585,0.00030000
6,240,0.580967,0.000114,40.7976,0.126437,0.103593,0.316887,0.034259,0.001504,0.00030000
6,241,0.458252,0.000092,29.8976,0.126722,0.103499,0.292914,0.012767,0.001288,0.00030000
6,242,0.346893,0.000076,19.1717,0.126661,0.103271,0.189823,0.013987,0.001303,0.00030000
6,243,0.423775,0.000068,40.9880,0.126601,0.103155,0.310503,0.023228,0.000760,0.00030000
6,244,0.392221,0.000078,24.3919,0.126429,0.103005,0.173524,0.047408,0.001293,0.00030000
6,245,0.585075,0.000113,44.6727,0.126310,0.103104,0.394419,0.007907,0.001231,0.00030000
6,246,0.462146,0.000085,34.1112,0.126627,0.103246,0.333914,0.014252,0.001504,0.00030000
6,247,0.397470,0.000082,23.9433,0.126581,0.103205,0.204824,0.019543,0.001343,0.00030000
6,248,0.510270,0.000111,29.3005,0.126764,0.103209,0.277959,0.011411,0.001402,0.00030000
6,249,0.350371,0.000077,20.8390,0.126620,0.103220,0.152473,0.008225,0.000573,0.00030000
6,250,0.410425,0.000089,23.7416,0.126671,0.103184,0.235095,0.006756,0.000830,0.00030000
6,251,0.300222,0.000072,14.1127,0.126447,0.102980,0.104312,0.006937,0.000842,0.00030000
6,252,0.438106,0.000065,42.3488,0.126737,0.103093,0.404471,0.004429,0.000593,0.00030000
6,253,0.498860,0.000121,20.4074,0.126700,0.103164,0.197669,0.019570,0.001419,0.00030000
6,254,0.560937,0.000095,48.6045,0.127262,0.103168,0.421676,0.010663,0.001251,0.00030000
6,255,0.527254,0.000109,33.4590,0.127477,0.103232,0.284825,0.011041,0.000627,0.00030000
6,256,0.446880,0.000075,35.2859,0.127627,0.103249,0.336881,0.036040,0.001541,0.00030000
6,257,0.373529,0.000088,16.9536,0.127668,0.103130,0.147435,0.016314,0.001050,0.00030000
6,258,0.478783,0.000084,40.3636,0.128147,0.103057,0.341213,0.010372,0.000697,0.00030000
6,259,0.531704,0.000125,23.6954,0.128166,0.103189,0.229490,0.016675,0.002010,0.00030000
6,260,0.373405,0.000082,21.7468,0.128268,0.103032,0.177164,0.008723,0.001038,0.00030000
6,261,0.457508,0.000121,12.9465,0.128129,0.103115,0.122269,0.015996,0.001824,0.00030000
6,262,0.582718,0.000098,49.3699,0.128766,0.103076,0.428785,0.021578,0.001824,0.00030000
6,263,0.407580,0.000068,34.9384,0.129082,0.103008,0.304138,0.010101,0.000522,0.00030000
6,264,0.395566,0.000064,34.4974,0.129249,0.103066,0.342341,0.007435,0.000709,0.00030000
6,265,0.385231,0.000091,17.7402,0.129263,0.103093,0.178133,0.003570,0.001061,0.00030000
6,266,0.516977,0.000084,46.8534,0.129731,0.102999,0.397570,0.009152,0.000733,0.00030000
6,267,0.535377,0.000116,31.3360,0.129836,0.103054,0.255666,0.011230,0.001180,0.00030000
6,268,0.501665,0.000090,39.2159,0.129906,0.102979,0.380297,0.009015,0.001077,0.00030000
6,269,0.410329,0.000091,22.0428,0.129776,0.102982,0.219702,0.015137,0.000793,0.00030000
6,270,0.566613,0.000094,49.5222,0.130101,0.102827,0.414475,0.017327,0.000863,0.00030000
6,271,0.397974,0.000075,30.7401,0.130047,0.102700,0.237638,0.009083,0.000771,0.00030000
6,272,0.440362,0.000071,39.0060,0.130239,0.102677,0.375028,0.006919,0.000937,0.00030000
6,273,0.495564,0.000119,18.3807,0.130069,0.102710,0.173530,0.047288,0.001746,0.00030000
6,274,0.483950,0.000078,42.0698,0.130634,0.102911,0.354546,0.042481,0.001854,0.00030000
6,275,0.477765,0.000100,29.8914,0.130602,0.102985,0.244911,0.009513,0.001860,0.00030000
6,276,0.436734,0.000076,34.7880,0.130752,0.103137,0.341551,0.013987,0.000779,0.00030000
6,277,0.318268,0.000072,15.7792,0.130609,0.103120,0.163188,0.010621,0.000550,0.00030000
6,278,0.630288,0.000107,48.6522,0.131070,0.103052,0.415234,0.076191,0.001068,0.00030000
6,279,0.415627,0.000071,36.7527,0.131131,0.102963,0.293456,0.006147,0.000844,0.00030000
6,280,0.775310,0.000173,38.3028,0.131313,0.102879,0.358319,0.056819,0.002481,0.00030000
6,281,0.307274,0.000067,17.0442,0.131184,0.102739,0.174239,0.006576,0.001503,0.00030000
6,282,0.546560,0.000095,45.2826,0.131606,0.102552,0.391448,0.011050,0.001018,0.00030000
6,283,0.403073,0.000081,27.2431,0.131594,0.102450,0.228787,0.005898,0.000676,0.00030000
6,284,0.468770,0.000084,35.5800,0.131871,0.102452,0.340704,0.018212,0.000611,0.00030000
6,285,0.316605,0.000079,12.2694,0.131726,0.102360,0.124707,0.005717,0.001285,0.00030000
6,286,0.478922,0.000069,48.1377,0.132130,0.102463,0.417548,0.005468,0.003258,0.00030000
6,287,0.472081,0.000106,25.8200,0.132255,0.102447,0.208430,0.008044,0.001140,0.00030000
6,288,0.504053,0.000089,39.0987,0.132326,0.102476,0.370816,0.023227,0.002146,0.00030000
6,289,0.333830,0.000068,21.6084,0.132163,0.102428,0.207029,0.004172,0.002141,0.00030000
6,290,0.617677,0.000116,45.1096,0.132454,0.102417,0.380825,0.032578,0.001523,0.00030000
6,291,0.482991,0.000097,33.1900,0.132471,0.102281,0.271164,0.009513,0.002679,0.00030000
6,292,0.427434,0.000078,33.1940,0.132482,0.102181,0.316304,0.011342,0.001101,0.00030000
6,293,0.364410,0.000082,17.6887,0.132450,0.102089,0.165133,0.028603,0.001004,0.00030000
6,294,0.486699,0.000087,45.2463,0.132376,0.101989,0.334935,0.007186,0.001265,0.00030000
6,295,0.561456,0.000122,29.5976,0.132302,0.102159,0.228296,0.055674,0.001871,0.00030000
6,296,0.447755,0.000106,20.4599,0.132289,0.102086,0.192134,0.013059,0.001290,0.00030000
6,297,0.391450,0.000098,15.2268,0.132098,0.102051,0.150780,0.007458,0.001837,0.00030000
6,298,0.486569,0.000076,48.3280,0.132230,0.101926,0.396476,0.006576,0.000973,0.00030000
6,299,0.394713,0.000083,25.2182,0.132112,0.101892,0.185531,0.010191,0.000640,0.00030000
6,300,0.342249,0.000071,20.5297,0.131949,0.101847,0.204346,0.023476,0.000572,0.00030000
6,301,0.277219,0.000070,10.7963,0.131763,0.101728,0.087426,0.006576,0.000545,0.00030000
6,302,0.480692,0.000106,27.5585,0.131794,0.101772,0.252573,0.006937,0.000901,0.00030000
6,303,0.459686,0.000093,31.2027,0.132067,0.101715,0.282231,0.010801,0.000810,0.00030000
6,304,0.342575,0.000082,14.6376,0.131944,0.101588,0.125652,0.016065,0.000925,0.00030000
6,305,0.595086,0.000109,46.7966,0.132267,0.101553,0.410452,0.024583,0.001643,0.00030000
6,306,0.624891,0.000140,35.0415,0.132253,0.101658,0.300793,0.011041,0.001410,0.00030000
6,307,0.611071,0.000114,46.5502,0.132668,0.101918,0.395769,0.014347,0.001919,0.00030000
6,308,0.649123,0.000149,31.7624,0.132672,0.102145,0.264012,0.035881,0.001182,0.00030000
6,309,0.749463,0.000122,64.2967,0.133415,0.102217,0.554114,0.076373,0.001210,0.00030000
6,310,0.421099,0.000073,33.8130,0.133355,0.102134,0.317381,0.018821,0.001070,0.00030000
6,311,0.440504,0.000079,35.5731,0.133644,0.102073,0.296365,0.014846,0.001240,0.00030000
6,312,0.383660,0.000094,15.8191,0.133540,0.102165,0.124087,0.013240,0.001336,0.00030000
6,313,0.479462,0.000064,50.1727,0.133914,0.102129,0.467053,0.011479,0.001063,0.00030000
6,314,0.403686,0.000075,30.6071,0.133942,0.102043,0.293796,0.009266,0.000930,0.00030000
6,315,0.640501,0.000140,34.5283,0.134157,0.102144,0.287259,0.036803,0.001830,0.00030000
6,316,0.559397,0.000147,17.6335,0.134046,0.102301,0.134147,0.013197,0.002583,0.00030000
6,317,0.679115,0.000127,49.8005,0.134294,0.102265,0.470647,0.018821,0.002003,0.00030000
6,318,0.437602,0.000096,25.0869,0.134243,0.102182,0.237945,0.009152,0.001191,0.00030000
6,319,0.481786,0.000078,41.4018,0.134481,0.102237,0.353125,0.025124,0.001858,0.00030000
6,320,0.465702,0.000114,19.4129,0.134340,0.102162,0.152916,0.014279,0.001912,0.00030000
6,321,0.519421,0.000081,47.6875,0.134557,0.102133,0.450886,0.008723,0.001248,0.00030000
6,322,0.458829,0.000099,25.7239,0.134468,0.102221,0.252766,0.012638,0.000798,0.00030000
6,323,0.426372,0.000077,33.5369,0.134613,0.102266,0.287167,0.010244,0.000435,0.00030000
6,324,0.550844,0.000139,19.3324,0.134525,0.102385,0.157412,0.024306,0.002159,0.00030000
6,325,0.609336,0.000118,42.3895,0.134858,0.102279,0.392253,0.018441,0.002083,0.00030000
6,326,0.500901,0.000113,25.3571,0.134827,0.102196,0.246272,0.013682,0.001971,0.00030000
6,327,0.685431,0.000154,35.7121,0.135058,0.102255,0.306733,0.021301,0.002069,0.00030000
6,328,0.482872,0.000126,15.6376,0.134981,0.102462,0.131254,0.012201,0.001830,0.00030000
6,329,0.583126,0.000112,43.1245,0.135398,0.102485,0.390336,0.009015,0.001725,0.00030000
6,330,0.522813,0.000119,27.0168,0.135570,0.102541,0.241859,0.016075,0.002180,0.00030000
6,331,0.588677,0.000125,35.7971,0.135745,0.102476,0.305288,0.012487,0.002223,0.00030000
6,332,0.525723,0.000132,18.5366,0.135717,0.102399,0.163125,0.025777,0.001498,0.00030000
6,333,0.510696,0.000101,35.2449,0.136021,0.102503,0.311125,0.022007,0.002101,0.00030000
6,334,0.570259,0.000133,25.3945,0.136101,0.102553,0.238884,0.029474,0.001912,0.00030000
6,335,0.528533,0.000097,40.1566,0.136296,0.102581,0.349227,0.011411,0.002034,0.00030000
6,336,0.344757,0.000071,22.4278,0.136277,0.102571,0.187087,0.005468,0.001033,0.00030000
6,337,0.581436,0.000118,37.3558,0.136408,0.102638,0.352671,0.018641,0.001128,0.00030000
6,338,0.366090,0.000076,22.2707,0.136278,0.102596,0.214995,0.014777,0.001313,0.00030000
6,339,0.574850,0.000114,38.1714,0.136450,0.102581,0.325862,0.032849,0.001066,0.00030000
6,340,0.338919,0.000069,22.1109,0.136372,0.102488,0.179827,0.013569,0.000814,0.00030000
6,341,0.520415,0.000095,38.1553,0.136488,0.102451,0.358906,0.031609,0.000878,0.00030000
6,342,0.514921,0.000124,18.4958,0.136404,0.102482,0.172300,0.054075,0.001460,0.00030000
6,343,0.704705,0.000149,40.7007,0.136683,0.102424,0.352716,0.041998,0.002159,0.00030000
6,344,0.515910,0.000116,23.9476,0.136636,0.102306,0.203915,0.047540,0.002045,0.00030000
6,345,0.569699,0.000104,42.5258,0.136789,0.102324,0.394184,0.027320,0.001104,0.00030000
6,346,0.486163,0.000102,25.9995,0.136779,0.102393,0.240908,0.049467,0.002303,0.00030000
6,347,0.536177,0.000104,37.3293,0.137095,0.102409,0.323764,0.022984,0.002364,0.00030000
6,348,0.488572,0.000120,18.7739,0.137054,0.102256,0.164491,0.027230,0.001984,0.00030000
6,349,0.541214,0.000101,40.2541,0.137344,0.102115,0.375722,0.018461,0.000543,0.00030000
6,350,0.432491,0.000104,18.9634,0.137346,0.102344,0.168526,0.013925,0.000635,0.00030000
6,351,0.663107,0.000136,40.3300,0.137744,0.102497,0.334140,0.065265,0.000744,0.00030000
6,352,0.442957,0.000101,23.5041,0.137864,0.102543,0.198715,0.010801,0.000613,0.00030000
6,353,0.526729,0.000112,34.4121,0.138147,0.102453,0.287209,0.013626,0.001108,0.00030000
6,354,0.452678,0.000096,25.8920,0.138217,0.102400,0.202866,0.045546,0.000322,0.00030000
6,355,0.487943,0.000106,27.9719,0.138356,0.102461,0.264638,0.011840,0.001448,0.00030000
6,356,0.392088,0.000082,24.9068,0.138275,0.102431,0.200882,0.006147,0.000669,0.00030000
6,357,0.416175,0.000082,30.3503,0.138362,0.102358,0.277960,0.004172,0.000690,0.00030000
6,358,0.387230,0.000096,13.7249,0.138234,0.102393,0.143603,0.020657,0.000797,0.00030000
6,359,0.550815,0.000082,54.4916,0.138603,0.102297,0.459363,0.016314,0.001656,0.00030000
6,360,0.468380,0.000083,39.1946,0.138692,0.102155,0.317704,0.011909,0.001146,0.00030000
6,361,0.572929,0.000113,36.2145,0.138816,0.102101,0.344224,0.045144,0.001901,0.00030000
6,362,0.870466,0.000227,25.2519,0.138745,0.102141,0.231922,0.053888,0.002433,0.00030000
6,363,0.887116,0.000183,53.1021,0.139108,0.101973,0.444121,0.074989,0.003068,0.00030000
6,364,0.718105,0.000166,34.4229,0.139163,0.101860,0.279907,0.038999,0.002914,0.00030000
6,365,0.877592,0.000220,30.1411,0.139172,0.101893,0.286789,0.048492,0.002973,0.00030000
6,366,0.507636,0.000121,21.1116,0.139075,0.101904,0.155527,0.043175,0.001661,0.00030000
6,367,0.703205,0.000158,33.8010,0.139264,0.101873,0.318202,0.050407,0.006463,0.00030000
6,368,0.402236,0.000079,25.5015,0.139320,0.101810,0.257933,0.025554,0.001727,0.00030000
6,369,0.520123,0.000115,28.6905,0.139368,0.101786,0.222010,0.015567,0.002783,0.00030000
6,370,0.360012,0.000092,12.9565,0.139203,0.101712,0.092954,0.010122,0.001901,0.00030000
6,371,0.577750,0.000109,47.4182,0.139114,0.101651,0.399608,0.014847,0.001841,0.00030000
6,372,0.391963,0.000072,30.1850,0.139045,0.101682,0.300716,0.003570,0.001442,0.00030000
6,373,0.411022,0.000093,22.1538,0.138921,0.101571,0.159722,0.014708,0.002515,0.00030000
6,374,0.287364,0.000070,12.7625,0.138721,0.101572,0.084510,0.006919,0.000802,0.00030000
6,375,0.476619,0.000078,43.5258,0.138726,0.101613,0.380483,0.024832,0.001140,0.00030000
6,376,0.497365,0.000092,40.8579,0.138589,0.101547,0.349931,0.017894,0.000935,0.00030000
6,377,0.383484,0.000086,20.9778,0.138445,0.101588,0.165449,0.012090,0.001002,0.00030000
6,378,0.394353,0.000094,18.3092,0.138424,0.101464,0.156548,0.011230,0.001026,0.00030000
6,379,0.344620,0.000073,18.6165,0.138431,0.101490,0.159305,0.031815,0.001258,0.00030000
6,380,0.363489,0.000070,26.4473,0.138301,0.101410,0.248278,0.005898,0.000878,0.00030000
6,381,0.365049,0.000090,13.9458,0.138175,0.101426,0.121317,0.015567,0.002057,0.00030000
6,382,0.332960,0.000067,23.7285,0.138237,0.101453,0.208964,0.005123,0.000731,0.00030000
6,383,0.442904,0.000105,21.1468,0.138129,0.101360,0.146655,0.014888,0.001425,0.00030000
6,384,0.308224,0.000072,13.9014,0.137945,0.101312,0.149397,0.013918,0.001483,0.00030000
6,385,0.331624,0.000084,12.0868,0.137819,0.101273,0.117058,0.005219,0.001269,0.00030000
6,386,0.752973,0.000159,47.1698,0.138131,0.101307,0.393263,0.016134,0.002798,0.00030000
6,387,0.790535,0.000194,36.5299,0.138384,0.101180,0.270541,0.011660,0.003734,0.00030000
6,388,0.768388,0.000161,50.0036,0.138782,0.101065,0.438419,0.010191,0.002594,0.00030000
6,389,0.562307,0.000116,36.6299,0.139087,0.101138,0.323328,0.022076,0.001807,0.00030000
6,390,0.377275,0.000083,21.1749,0.139099,0.101027,0.173975,0.011230,0.001164,0.00030000
6,391,0.476421,0.000090,38.7227,0.139377,0.100941,0.328015,0.009667,0.000822,0.00030000
7,1,0.591677,0.000138,26.1470,0.129236,0.072319,0.209388,0.044477,0.003076,0.00029266
7,2,0.614752,0.000134,33.4864,0.186354,0.087165,0.305799,0.033210,0.002399,0.00029266
7,3,0.432400,0.000111,13.6637,0.158175,0.090418,0.128367,0.024256,0.002412,0.00029266
7,4,0.598555,0.000126,40.5861,0.187371,0.102597,0.328116,0.016495,0.001974,0.00029266
7,5,0.504059,0.000108,29.8778,0.183137,0.101637,0.241791,0.015027,0.001820,0.00029266
7,6,0.514952,0.000130,18.2995,0.171606,0.103656,0.156124,0.023091,0.002004,0.00029266
7,7,0.539913,0.000109,35.9602,0.164584,0.099444,0.340514,0.013634,0.002394,0.00029266
7,8,0.439635,0.000115,13.6694,0.154401,0.101989,0.106529,0.016410,0.001957,0.00029266
7,9,0.507755,0.000109,27.8840,0.152920,0.102997,0.262105,0.025844,0.002029,0.00029266
7,10,0.500199,0.000134,13.4415,0.146654,0.103391,0.124475,0.018143,0.001906,0.00029266
7,11,0.474644,0.000113,23.3636,0.147231,0.106728,0.187998,0.009264,0.001935,0.00029266
7,12,0.418661,0.000110,12.8641,0.141454,0.108668,0.099939,0.012810,0.001754,0.00029266
7,13,0.573213,0.000122,36.7477,0.137461,0.110324,0.328771,0.009762,0.001870,0.00029266
7,14,0.482920,0.000123,16.7607,0.134862,0.109167,0.174664,0.011342,0.001851,0.00029266
7,15,0.621604,0.000136,37.5080,0.132779,0.110237,0.287530,0.020463,0.002216,0.00029266
7,16,0.442953,0.000112,17.1126,0.129535,0.110382,0.123284,0.007795,0.002145,0.00029266
7,17,0.460583,0.000084,37.6302,0.129047,0.108030,0.346153,0.006919,0.001977,0.00029266
7,18,0.430226,0.000100,20.3934,0.126829,0.109379,0.205597,0.013308,0.001868,0.00029266
7,19,0.474478,0.000103,29.8914,0.124630,0.110698,0.216456,0.012954,0.001335,0.00029266
7,20,0.432787,0.000107,16.9073,0.121899,0.109298,0.133498,0.017104,0.001740,0.00029266
7,21,0.598476,0.000104,50.2098,0.124247,0.109545,0.461601,0.013489,0.001557,0.00029266
7,22,0.517234,0.000113,30.5172,0.123044,0.109237,0.280640,0.015730,0.001568,0.00029266
7,23,0.396011,0.000097,17.1782,0.121088,0.110374,0.127539,0.007864,0.001619,0.00029266
7,24,0.488694,0.000108,27.1837,0.123095,0.108322,0.247498,0.012879,0.002033,0.00029266
7,25,0.390363,0.000094,18.0139,0.120958,0.111171,0.132141,0.006930,0.001404,0.00029266
7,26,0.493254,0.000107,26.1742,0.120150,0.112838,0.249596,0.038108,0.001388,0.00029266
7,27,0.375798,0.000083,20.8212,0.120730,0.113016,0.181592,0.019431,0.001789,0.00029266
7,28,0.354013,0.000073,23.3907,0.120970,0.113282,0.189977,0.005898,0.001975,0.00029266
7,29,0.509517,0.000133,15.1237,0.120194,0.114812,0.129520,0.023477,0.002310,0.00029266
7,30,0.470201,0.000083,36.4581,0.121855,0.113593,0.349059,0.015996,0.002459,0.00029266
7,31,0.301998,0.000077,8.9163,0.120000,0.112728,0.082281,0.022437,0.001689,0.00029266
7,32,0.523652,0.000081,49.6474,0.126285,0.111908,0.431885,0.010483,0.002208,0.00029266
7,33,0.482914,0.000094,34.0674,0.129072,0.111185,0.289022,0.016570,0.001579,0.00029266
7,34,0.318589,0.000064,20.8624,0.129491,0.110006,0.203703,0.006919,0.001577,0.00029266
7,35,0.500199,0.000131,15.8059,0.128190,0.110301,0.122434,0.016176,0.002413,0.00029266
7,36,0.493262,0.000116,22.8808,0.127415,0.109391,0.225372,0.013059,0.002441,0.00029266
7,37,0.429424,0.000116,11.0776,0.126103,0.109702,0.091772,0.012741,0.002009,0.00029266
7,38,0.566391,0.000124,35.1267,0.125447,0.110402,0.305688,0.005288,0.003227,0.00029266
7,39,0.459628,0.000117,16.4326,0.125302,0.110006,0.149253,0.010054,0.002027,0.00029266
7,40,0.540880,0.000121,30.6786,0.127402,0.109545,0.252237,0.013876,0.002107,0.00029266
7,41,0.484537,0.000118,20.1849,0.126760,0.110452,0.159731,0.014126,0.002307,0.00029266
7,42,0.505059,0.000116,25.4500,0.127512,0.110686,0.245808,0.004510,0.001998,0.00029266
7,43,0.508435,0.000126,16.8530,0.126907,0.110971,0.165477,0.044619,0.001159,0.00029266
7,44,0.528093,0.000106,34.8992,0.127655,0.109945,0.285556,0.016786,0.003692,0.00029266
7,45,0.425344,0.000095,22.8339,0.126902,0.109297,0.173795,0.013918,0.001090,0.00029266
7,46,0.463218,0.000096,29.1100,0.126550,0.108831,0.280072,0.014056,0.001361,0.00029266
7,47,0.343306,0.000084,12.7590,0.125747,0.107857,0.131706,0.024129,0.001185,0.00029266
7,48,0.575327,0.000114,35.6840,0.126068,0.107546,0.291310,0.059506,0.001002,0.00029266
7,49,0.459752,0.000106,21.6590,0.125420,0.107900,0.164648,0.026083,0.002569,0.00029266
7,50,0.411304,0.000091,21.2846,0.125197,0.107736,0.217856,0.012525,0.001888,0.00029266
7,51,0.348120,0.000087,10.5607,0.124276,0.106780,0.103567,0.038438,0.000998,0.00029266
7,52,0.595262,0.000133,33.1098,0.125877,0.106730,0.266584,0.022058,0.002409,0.00029266
7,53,0.436198,0.000110,16.1270,0.125568,0.106633,0.130009,0.015705,0.001925,0.00029266
7,54,0.484435,0.000104,29.8162,0.126971,0.107344,0.252960,0.015774,0.001803,0.00029266
7,55,0.397222,0.000094,18.0683,0.126052,0.106980,0.181540,0.006147,0.001279,0.00029266
7,56,0.506965,0.000110,28.8695,0.125453,0.107354,0.227962,0.020221,0.001941,0.00029266
7,57,0.395465,0.000103,12.6972,0.124577,0.107214,0.104134,0.014030,0.001614,0.00029266
7,58,0.517960,0.000109,32.3129,0.126081,0.107288,0.296055,0.011566,0.002317,0.00029266
7,59,0.455360,0.000105,22.2096,0.126121,0.107311,0.216127,0.014381,0.001897,0.00029266
7,60,0.424859,0.000093,24.1246,0.125987,0.107051,0.181863,0.016606,0.000720,0.00029266
7,61,0.332766,0.000078,16.6065,0.125805,0.106857,0.135541,0.006147,0.000703,0.00029266
7,62,0.416746,0.000079,32.3957,0.127336,0.105820,0.275388,0.016855,0.000731,0.00029266
7,63,0.329733,0.000073,17.1234,0.126744,0.106241,0.186338,0.011771,0.000750,0.00029266
7,64,0.539498,0.000137,19.3379,0.126446,0.106031,0.140832,0.022396,0.002124,0.00029266
7,65,0.455794,0.000108,20.4330,0.125957,0.105455,0.148779,0.025983,0.001868,0.00029266
7,66,0.589204,0.000102,49.0904,0.125992,0.106107,0.447033,0.034477,0.002651,0.00029266
7,67,0.392240,0.000084,21.2738,0.126191,0.106158,0.218407,0.020981,0.001118,0.00029266
7,68,0.418765,0.000079,27.1203,0.125454,0.106045,0.201287,0.060641,0.001171,0.00029266
7,69,0.487994,0.000108,23.3637,0.125112,0.106416,0.242446,0.044103,0.002084,0.00029266
7,70,0.499923,0.000103,32.5239,0.125439,0.107135,0.267967,0.012269,0.001906,0.00029266
7,71,0.377521,0.000089,18.9410,0.125507,0.106926,0.143708,0.008474,0.000930,0.00029266
7,72,0.457982,0.000108,21.6093,0.124892,0.106945,0.214046,0.008654,0.001115,0.00029266
7,73,0.505668,0.000109,29.0624,0.125658,0.107174,0.249667,0.013918,0.000848,0.00029266
7,74,0.358352,0.000087,14.4983,0.125343,0.107355,0.113844,0.025554,0.001286,0.00029266
7,75,0.431846,0.000102,19.3124,0.124781,0.107141,0.199627,0.014486,0.002306,0.00029266
7,76,0.417793,0.000078,31.4404,0.124246,0.107512,0.259935,0.016273,0.001111,0.00029266
7,77,0.608220,0.000143,28.9403,0.124587,0.107127,0.243965,0.025554,0.001885,0.00029266
7,78,0.518282,0.000130,17.1564,0.124161,0.106803,0.169245,0.035999,0.002309,0.00029266
7,79,0.526487,0.000135,18.7334,0.123972,0.107235,0.143642,0.015524,0.001257,0.00029266
7,80,0.619720,0.000155,22.4974,0.123649,0.107000,0.215732,0.030972,0.002296,0.00029266
7,81,0.513574,0.000108,31.5086,0.124048,0.106686,0.266016,0.013918,0.001893,0.00029266
7,82,0.400342,0.000091,21.6822,0.124364,0.106907,0.171837,0.010303,0.001294,0.00029266
7,83,0.339330,0.000082,14.4898,0.123897,0.107211,0.154974,0.009083,0.001231,0.00029266
7,84,0.443674,0.000090,31.5918,0.123630,0.107252,0.241480,0.006327,0.000759,0.00029266
7,85,0.377913,0.000082,23.6603,0.123874,0.106858,0.187887,0.006919,0.001176,0.00029266
7,86,0.501338,0.000132,12.7217,0.123271,0.106688,0.137720,0.035361,0.001851,0.00029266
7,87,0.424628,0.000100,19.7046,0.123002,0.106440,0.156646,0.015704,0.001230,0.00029266
7,88,0.463396,0.000101,27.5867,0.123642,0.106465,0.241504,0.018572,0.001502,0.00029266
7,89,0.399554,0.000104,13.1444,0.123063,0.106745,0.095805,0.013557,0.002011,0.00029266
7,90,0.432479,0.000088,29.5300,0.122708,0.106970,0.273779,0.011230,0.001121,0.00029266
7,91,0.443104,0.000098,25.7060,0.123171,0.106868,0.215312,0.014279,0.001826,0.00029266
7,92,0.406565,0.000098,13.7381,0.122904,0.106822,0.127358,0.052569,0.001483,0.00029266
7,93,0.540306,0.000098,36.2362,0.123861,0.106769,0.284333,0.099568,0.003124,0.00029266
7,94,0.508260,0.000096,31.0824,0.124081,0.106227,0.267110,0.093357,0.001139,0.00029266
7,95,0.476689,0.000087,38.2150,0.124932,0.106204,0.306730,0.015386,0.001541,0.00029266
7,96,0.463528,0.000113,15.2369,0.124497,0.106507,0.142598,0.053692,0.003112,0.00029266
7,97,0.507021,0.000112,26.9548,0.124557,0.107099,0.227655,0.027271,0.002665,0.00029266
7,98,0.350544,0.000082,16.7793,0.124627,0.106919,0.134092,0.016924,0.001366,0.00029266
7,99,0.390934,0.000082,23.1331,0.124389,0.106477,0.235368,0.012630,0.000688,0.00029266
7,100,0.289672,0.000064,16.2811,0.123812,0.106589,0.138525,0.005648,0.000669,0.00029266
7,101,0.442767,0.000081,33.0214,0.124689,0.106532,0.310459,0.012450,0.000751,0.00029266
7,102,0.252525,0.000064,8.8427,0.124018,0.106135,0.077133,0.011618,0.000423,0.00029266
7,103,0.659456,0.000114,55.2973,0.125627,0.105871,0.459489,0.034584,0.000658,0.00029266
7,104,0.637999,0.000150,31.6644,0.126496,0.105872,0.262021,0.013738,0.001046,0.00029266
7,105,0.506392,0.000107,30.2686,0.126371,0.105707,0.283283,0.026891,0.001481,0.00029266
7,106,0.405995,0.000102,15.7515,0.126196,0.105843,0.124886,0.009015,0.001245,0.00029266
7,107,0.365585,0.000087,16.3269,0.126042,0.105926,0.137371,0.014416,0.000752,0.00029266
7,108,0.574099,0.000121,33.4062,0.126107,0.106331,0.325502,0.021011,0.001392,0.00029266
7,109,0.312752,0.000080,10.5074,0.125625,0.106426,0.099748,0.013420,0.000904,0.00029266
7,110,0.738999,0.000163,41.6184,0.126590,0.106278,0.351789,0.018786,0.001220,0.00029266
7,111,0.536305,0.000093,51.5729,0.126940,0.105988,0.384886,0.006937,0.000803,0.00029266
7,112,0.446252,0.000085,31.1203,0.127866,0.106297,0.274678,0.032286,0.001238,0.00029266
7,113,0.367437,0.000077,23.3321,0.127837,0.106214,0.227903,0.008474,0.001143,0.00029266
7,114,0.412322,0.000066,37.0798,0.128283,0.106054,0.312463,0.008723,0.000982,0.00029266
7,115,0.272059,0.000063,12.9294,0.127740,0.105943,0.107192,0.013197,0.000610,0.00029266
7,116,0.629651,0.000105,53.7613,0.128526,0.106218,0.508052,0.021398,0.000928,0.00029266
7,117,0.534862,0.000105,37.5692,0.128633,0.106466,0.361593,0.005717,0.001496,0.00029266
7,118,0.426049,0.000086,29.1944,0.129303,0.106474,0.249408,0.008723,0.002094,0.00029266
7,119,0.347847,0.000077,19.5367,0.129002,0.106170,0.150675,0.014146,0.000745,0.00029266
7,120,0.516056,0.000086,46.5097,0.129923,0.106162,0.419727,0.007864,0.001114,0.00029266
7,121,0.423614,0.000079,30.0119,0.130170,0.106331,0.280227,0.031496,0.001180,0.00029266
7,122,0.516847,0.000104,33.5887,0.130498,0.106317,0.270339,0.036232,0.001083,0.00029266
7,123,0.390153,0.000093,17.9253,0.130136,0.106082,0.133161,0.010732,0.000801,0.00029266
7,124,0.417677,0.000065,37.2783,0.130382,0.105922,0.362682,0.014236,0.000586,0.00029266
7,125,0.354939,0.000073,22.3573,0.129988,0.105856,0.221717,0.011660,0.000742,0.00029266
7,126,0.461466,0.000076,40.5146,0.130612,0.105846,0.343391,0.011909,0.000875,0.00029266
7,127,0.360711,0.000078,21.4223,0.130385,0.105580,0.170610,0.006930,0.000803,0.00029266
7,128,0.458256,0.000094,29.8896,0.130792,0.105158,0.273598,0.012450,0.000701,0.00029266
7,129,0.408228,0.000092,21.4508,0.130425,0.105083,0.206754,0.007615,0.001159,0.00029266
7,130,0.440131,0.000072,36.9544,0.131224,0.105034,0.317515,0.033644,0.000860,0.00029266
7,131,0.354009,0.000075,21.0923,0.131017,0.105180,0.171539,0.012201,0.001230,0.00029266
7,132,0.484655,0.000082,40.6161,0.131486,0.105264,0.388129,0.011840,0.000839,0.00029266
7,133,0.409234,0.000096,18.7363,0.131366,0.105055,0.184370,0.012089,0.000663,0.00029266
7,134,0.414889,0.000068,37.1436,0.131911,0.104673,0.318222,0.004859,0.000826,0.00029266
7,135,0.557504,0.000131,25.3410,0.131810,0.104778,0.208118,0.026685,0.000591,0.00029266
7,136,0.550665,0.000123,25.9400,0.132026,0.104983,0.255093,0.044731,0.000894,0.00029266
7,137,0.401718,0.000084,22.6596,0.131917,0.104811,0.224362,0.024161,0.001900,0.00029266
7,138,0.424058,0.000064,41.0851,0.132381,0.104665,0.352187,0.005288,0.000556,0.00029266
7,139,0.360884,0.000081,18.3485,0.132251,0.104422,0.148737,0.016924,0.001208,0.00029266
7,140,0.509558,0.000092,37.9970,0.132791,0.103997,0.360919,0.024972,0.001513,0.00029266
7,141,0.345851,0.000072,19.6964,0.132608,0.104143,0.194579,0.022797,0.001400,0.00029266
7,142,0.442670,0.000072,39.2872,0.132926,0.104041,0.334241,0.014305,0.000956,0.00029266
7,143,0.414142,0.000088,24.0080,0.132844,0.103900,0.193681,0.021896,0.001512,0.00029266
7,144,0.438434,0.000080,35.0429,0.132960,0.103871,0.327808,0.007680,0.000951,0.00029266
7,145,0.353108,0.000084,15.8429,0.132724,0.104078,0.137482,0.016245,0.000588,0.00029266
7,146,0.455217,0.000079,38.1936,0.133292,0.104033,0.325816,0.012450,0.000819,0.00029266
7,147,0.424943,0.000096,20.5782,0.133234,0.104237,0.182478,0.033762,0.001250,0.00029266
7,148,0.408299,0.000061,38.3412,0.133806,0.104470,0.353006,0.020290,0.000622,0.00029266
7,149,0.360727,0.000078,22.1718,0.133871,0.104541,0.171857,0.009693,0.000877,0.00029266
7,150,0.445653,0.000100,24.4338,0.134210,0.104845,0.214497,0.012990,0.000910,0.00029266
7,151,0.311665,0.000072,15.2292,0.133713,0.104927,0.145632,0.010621,0.000874,0.00029266
7,152,0.503321,0.000099,34.5483,0.133411,0.104454,0.276237,0.040455,0.001140,0.00029266
7,153,0.326153,0.000074,17.3200,0.133084,0.104337,0.130164,0.011041,0.000747,0.00029266
7,154,0.494728,0.000095,36.3841,0.133131,0.104198,0.334559,0.016425,0.002615,0.00029266
7,155,0.432029,0.000098,19.3380,0.132916,0.104308,0.197692,0.040377,0.003368,0.00029266
7,156,0.534263,0.000109,36.8467,0.132849,0.104547,0.268556,0.030140,0.003583,0.00029266
7,157,0.486653,0.000103,30.7507,0.132624,0.104530,0.227691,0.020859,0.002803,0.00029266
7,158,0.448741,0.000078,38.3942,0.132465,0.104356,0.332862,0.025735,0.003157,0.00029266
7,159,0.418502,0.000083,26.0754,0.132502,0.104281,0.264797,0.023227,0.001800,0.00029266
7,160,0.363545,0.000077,20.6097,0.132222,0.104362,0.158224,0.033188,0.001462,0.00029266
7,161,0.395440,0.000076,30.6110,0.132508,0.104177,0.266293,0.009572,0.001559,0.00029266
7,162,0.335035,0.000076,17.6273,0.132119,0.104034,0.135472,0.013806,0.000916,0.00029266
7,163,0.443471,0.000090,28.7527,0.131925,0.104075,0.266058,0.016924,0.000891,0.00029266
7,164,0.417037,0.000106,15.5333,0.131896,0.103901,0.133512,0.016022,0.000947,0.00029266
7,165,0.437730,0.000101,22.6069,0.131886,0.103958,0.176111,0.015678,0.001988,0.00029266
7,166,0.395053,0.000100,14.1023,0.131699,0.103794,0.121331,0.011840,0.002733,0.00029266
7,167,0.520839,0.000121,23.7989,0.131746,0.104040,0.231270,0.015885,0.002194,0.00029266
7,168,0.360162,0.000097,10.0171,0.131334,0.104054,0.086282,0.005219,0.002072,0.00029266
7,169,0.480162,0.000102,28.0878,0.131416,0.104131,0.270923,0.008654,0.002479,0.00029266
7,170,0.320765,0.000082,11.4633,0.131096,0.104098,0.098090,0.008293,0.000971,0.00029266
7,171,0.782446,0.000152,56.7717,0.132219,0.104210,0.481098,0.026885,0.001530,0.00029266
7,172,0.555220,0.000108,41.4162,0.132704,0.104257,0.350610,0.010621,0.001235,0.00029266
7,173,0.447111,0.000093,28.4787,0.132715,0.104011,0.277449,0.014236,0.001292,0.00029266
7,174,0.402891,0.000096,19.7121,0.132789,0.103803,0.156751,0.004180,0.001222,0.00029266
7,175,0.394144,0.000100,14.6067,0.132584,0.103808,0.111588,0.012381,0.001295,0.00029266
7,176,0.476981,0.000083,39.7774,0.132516,0.103642,0.360695,0.023657,0.000773,0.00029266
7,177,0.349201,0.000077,19.6882,0.132264,0.103750,0.210329,0.003751,0.000652,0.00029266
7,178,0.375827,0.000066,34.3022,0.131975,0.103427,0.248287,0.007765,0.000537,0.00029266
7,179,0.372652,0.000077,25.6445,0.132101,0.103342,0.198864,0.011728,0.001232,0.00029266
7,180,0.464029,0.000113,18.9489,0.131770,0.103319,0.174779,0.017424,0.001353,0.00029266
7,181,0.487757,0.000101,31.0354,0.132183,0.103171,0.272537,0.012415,0.000882,0.00029266
7,182,0.441489,0.000116,13.3994,0.131878,0.103116,0.127919,0.014030,0.001191,0.00029266
7,183,0.472291,0.000080,46.7683,0.131668,0.102964,0.351160,0.004859,0.000855,0.00029266
7,184,0.459477,0.000101,27.1059,0.131524,0.102703,0.211202,0.015859,0.001246,0.00029266
7,185,0.405528,0.000092,21.6603,0.131353,0.102710,0.200555,0.007005,0.000939,0.00029266
7,186,0.338027,0.000072,20.2682,0.131390,0.102753,0.186848,0.008474,0.000571,0.00029266
7,187,0.336161,0.000075,19.1091,0.130996,0.102780,0.146533,0.004172,0.000406,0.00029266
7,188,0.358705,0.000094,11.2264,0.130618,0.102798,0.119877,0.005039,0.000779,0.00029266
7,189,0.310897,0.000067,18.1731,0.130489,0.102566,0.149275,0.006756,0.001000,0.00029266
7,190,0.352582,0.000080,18.8061,0.130401,0.102384,0.142767,0.007186,0.000883,0.00029266
7,191,0.380680,0.000080,24.7097,0.130137,0.102470,0.232451,0.006937,0.001158,0.00029266
7,192,0.415207,0.000100,17.1518,0.130150,0.102239,0.157359,0.020788,0.001722,0.00029266
7,193,0.309721,0.000069,17.0303,0.130018,0.102180,0.131937,0.015953,0.001061,0.00029266
7,194,0.350451,0.000079,19.1872,0.129786,0.102267,0.152320,0.005288,0.001139,0.00029266
7,195,0.387461,0.000080,24.4160,0.129623,0.102184,0.245416,0.004288,0.000406,0.00029266
7,196,0.356877,0.000084,17.1752,0.129454,0.102326,0.152691,0.012810,0.001171,0.00029266
7,197,0.324882,0.000076,14.8102,0.129351,0.102326,0.127753,0.017533,0.000951,0.00029266
7,198,0.284350,0.000067,13.5784,0.129159,0.102221,0.108162,0.004429,0.000799,0.00029266
7,199,0.450498,0.000094,26.2036,0.129185,0.102283,0.264504,0.020290,0.001881,0.00029266
7,200,0.276691,0.000073,8.6670,0.128877,0.102229,0.076272,0.006576,0.000700,0.00029266
7,201,0.389001,0.000084,23.9828,0.129157,0.102209,0.213412,0.005717,0.001050,0.00029266
7,202,0.305091,0.000074,13.3616,0.128955,0.102261,0.108938,0.007435,0.000602,0.00029266
7,203,0.539090,0.000117,32.2707,0.128882,0.102228,0.302564,0.005898,0.001467,0.00029266
7,204,0.469108,0.000101,25.9401,0.129212,0.102169,0.246929,0.025358,0.000875,0.00029266
7,205,0.499993,0.000124,18.1760,0.129082,0.102131,0.133249,0.043261,0.001381,0.00029266
7,206,0.375993,0.000085,18.4020,0.128964,0.102261,0.186119,0.018212,0.001975,0.00029266
7,207,0.377033,0.000079,22.1058,0.129077,0.102308,0.189024,0.033188,0.001769,0.00029266
7,208,0.318815,0.000074,14.3199,0.128975,0.102072,0.126227,0.027272,0.000945,0.00029266
7,209,0.374300,0.000076,24.7358,0.129045,0.102189,0.199027,0.006937,0.000508,0.00029266
7,210,0.347581,0.000065,24.8645,0.128914,0.102282,0.250338,0.014416,0.000850,0.00029266
7,211,0.534266,0.000120,27.2435,0.128770,0.102207,0.205370,0.034150,0.002081,0.00029266
7,212,0.329462,0.000070,18.6756,0.128714,0.102266,0.186356,0.016801,0.001751,0.00029266
7,213,0.380668,0.000082,22.4559,0.128736,0.102435,0.189225,0.011591,0.001024,0.00029266
7,214,0.415117,0.000086,25.4518,0.128591,0.102527,0.234096,0.023476,0.001403,0.00029266
7,215,0.350352,0.000073,23.0516,0.128417,0.102291,0.178955,0.007615,0.001759,0.00029266
7,216,0.362418,0.000076,21.3914,0.128257,0.102391,0.206569,0.013806,0.000644,0.00029266
7,217,0.450762,0.000112,17.1499,0.128238,0.102414,0.143136,0.017422,0.000722,0.00029266
7,218,0.531268,0.000138,16.8412,0.128189,0.102361,0.142849,0.018032,0.002481,0.00029266
7,219,0.354847,0.000070,23.4051,0.128231,0.102447,0.203706,0.037481,0.001551,0.00029266
7,220,0.268098,0.000063,12.2858,0.128047,0.102383,0.114377,0.006327,0.001055,0.00029266
7,221,0.369387,0.000081,20.9611,0.128107,0.102584,0.176068,0.009667,0.002695,0.00029266
7,222,0.424018,0.000108,11.8399,0.127887,0.102711,0.096851,0.048891,0.002592,0.00029266
7,223,0.591433,0.000096,59.4532,0.127882,0.102682,0.484788,0.024515,0.001421,0.00029266
7,224,0.595132,0.000134,28.0162,0.127831,0.102773,0.265530,0.050846,0.005924,0.00029266
7,225,0.441566,0.000080,29.7340,0.127771,0.102746,0.236307,0.069015,0.001545,0.00029266
7,226,0.463828,0.000106,23.8009,0.127674,0.102900,0.182011,0.013489,0.001651,0.00029266
7,227,0.457241,0.000107,21.7435,0.127537,0.102794,0.211365,0.013669,0.000922,0.00029266
7,228,0.423411,0.000100,20.6451,0.127629,0.102724,0.172974,0.006937,0.000946,0.00029266
7,229,0.481732,0.000124,16.2818,0.127518,0.102665,0.133257,0.013937,0.000732,0.00029266
7,230,0.351168,0.000076,19.0127,0.127506,0.102735,0.190615,0.013171,0.000943,0.00029266
7,231,0.343654,0.000082,14.8171,0.127340,0.102750,0.119840,0.015344,0.001652,0.00029266
7,232,0.453802,0.000108,20.5030,0.127227,0.102701,0.204229,0.007366,0.002144,0.00029266
7,233,0.310311,0.000079,11.4342,0.127028,0.102927,0.093463,0.009015,0.001056,0.00029266
7,234,0.365437,0.000083,19.3006,0.126887,0.103199,0.187615,0.004859,0.001442,0.00029266
7,235,0.418795,0.000085,28.6848,0.127164,0.103267,0.239663,0.004429,0.000926,0.00029266
7,236,0.531425,0.000132,20.3484,0.127083,0.103241,0.194190,0.020650,0.001096,0.00029266
7,237,0.573853,0.000109,45.5570,0.126994,0.103146,0.356060,0.009582,0.002278,0.00029266
7,238,0.372515,0.000084,22.0256,0.127018,0.103355,0.172561,0.004172,0.000704,0.00029266
7,239,0.357741,0.000086,15.4190,0.126896,0.103273,0.163851,0.007795,0.001353,0.00029266
7,240,0.429878,0.000114,13.2043,0.126673,0.103387,0.099052,0.011771,0.001740,0.00029266
7,241,0.502469,0.000079,46.1475,0.126935,0.103500,0.430479,0.010732,0.001440,0.00029266
7,242,0.397447,0.000092,19.2984,0.126775,0.103355,0.190432,0.010621,0.001102,0.00029266
7,243,0.474376,0.000064,50.5333,0.127263,0.103199,0.432630,0.008723,0.001255,0.00029266
7,244,0.501227,0.000087,43.3905,0.127292,0.103365,0.341241,0.017533,0.001557,0.00029266
7,245,0.448502,0.000085,31.1150,0.127447,0.103613,0.305382,0.020858,0.000987,0.00029266
7,246,0.340186,0.000087,12.1085,0.127259,0.103603,0.107211,0.005651,0.001628,0.00029266
7,247,0.534685,0.000093,46.4462,0.127915,0.103488,0.394184,0.006576,0.001380,0.00029266
7,248,0.496892,0.000092,37.9924,0.128178,0.103331,0.316976,0.027632,0.001355,0.00029266
7,249,0.444465,0.000084,32.4457,0.128123,0.103214,0.317559,0.005717,0.000564,0.00029266
7,250,0.334332,0.000081,13.7678,0.127949,0.103062,0.144043,0.007186,0.000888,0.00029266
7,251,0.491717,0.000071,49.3629,0.128384,0.103052,0.424500,0.011230,0.000759,0.00029266
7,252,0.432034,0.000081,33.4906,0.128327,0.103076,0.268987,0.009332,0.000891,0.00029266
7,253,0.543379,0.000113,31.2587,0.128382,0.102995,0.304836,0.030444,0.001456,0.00029266
7,254,0.371530,0.000095,12.5201,0.128152,0.102987,0.132421,0.010122,0.001321,0.00029266
7,255,0.585297,0.000106,47.2296,0.128594,0.102980,0.406130,0.005546,0.000536,0.00029266
7,256,0.434248,0.000080,35.5526,0.128520,0.102834,0.283241,0.006147,0.001202,0.00029266
7,257,0.428601,0.000090,27.8426,0.128704,0.102975,0.243951,0.009513,0.000934,0.00029266
7,258,0.323447,0.000083,11.4609,0.128508,0.102969,0.110567,0.005468,0.000639,0.00029266
7,259,0.629150,0.000124,43.6297,0.129016,0.103218,0.379384,0.013987,0.001957,0.00029266
7,260,0.408902,0.000081,27.8433,0.129135,0.103326,0.238967,0.009083,0.000877,0.00029266
7,261,0.522164,0.000108,30.9228,0.129176,0.103426,0.299489,0.021578,0.001361,0.00029266
7,262,0.316275,0.000081,11.2783,0.128951,0.103346,0.112679,0.005219,0.001508,0.00029266
7,263,0.466109,0.000063,48.3028,0.129339,0.103316,0.421091,0.016136,0.000513,0.00029266
7,264,0.379216,0.000066,31.3695,0.129409,0.103449,0.256474,0.004859,0.000623,0.00029266
7,265,0.438135,0.000090,27.8249,0.129389,0.103497,0.281704,0.004609,0.001048,0.00029266
7,266,0.346520,0.000080,16.1571,0.129193,0.103371,0.171753,0.013240,0.000636,0.00029266
7,267,0.608720,0.000108,48.3486,0.129522,0.103344,0.402897,0.032260,0.001014,0.00029266
7,268,0.442215,0.000091,29.6031,0.129411,0.103201,0.231227,0.005219,0.000924,0.00029266
7,269,0.451750,0.000093,26.9085,0.129481,0.103265,0.265907,0.027340,0.000784,0.00029266
7,270,0.339075,0.000085,11.9639,0.129282,0.103216,0.118435,0.019002,0.000798,0.00029266
7,271,0.536081,0.000088,49.2313,0.129797,0.103125,0.406096,0.011050,0.000668,0.00029266
7,272,0.406025,0.000071,35.2805,0.130056,0.103085,0.266792,0.033739,0.000517,0.00029266
7,273,0.594565,0.000133,26.8406,0.130295,0.102932,0.253029,0.065905,0.001601,0.00029266
7,274,0.470052,0.000087,29.8260,0.130189,0.102925,0.279045,0.083929,0.001386,0.00029266
7,275,0.577481,0.000110,43.1590,0.130422,0.102886,0.357303,0.009375,0.001363,0.00029266
7,276,0.406017,0.000083,29.1878,0.130286,0.102791,0.205170,0.014528,0.000797,0.00029266
7,277,0.398916,0.000074,28.4524,0.130239,0.102748,0.282159,0.021827,0.000631,0.00029266
7,278,0.499269,0.000115,21.8588,0.130100,0.102657,0.226741,0.040420,0.001254,0.00029266
7,279,0.438295,0.000078,36.1721,0.129970,0.102496,0.263846,0.029254,0.001301,0.00029266
7,280,0.692464,0.000180,18.6990,0.129870,0.102768,0.142682,0.065433,0.002422,0.00029266
7,281,0.513189,0.000098,39.3243,0.129755,0.102744,0.359079,0.008156,0.002920,0.00029266
7,282,0.552950,0.000120,30.0627,0.129654,0.102750,0.292105,0.037301,0.002549,0.00029266
7,283,0.358600,0.000085,15.8845,0.129452,0.102621,0.129905,0.018864,0.001192,0.00029266
7,284,0.459501,0.000097,28.3895,0.129647,0.102495,0.248646,0.018254,0.001106,0.00029266
7,285,0.391292,0.000086,23.1722,0.129475,0.102307,0.168830,0.008903,0.001710,0.00029266
7,286,0.345729,0.000076,19.6180,0.129243,0.102231,0.192179,0.004429,0.001021,0.00029266
7,287,0.375988,0.000095,13.9746,0.129178,0.102157,0.133984,0.005717,0.002323,0.00029266
7,288,0.380741,0.000082,22.5889,0.129161,0.102095,0.169383,0.011591,0.002078,0.00029266
7,289,0.261951,0.000068,8.2729,0.128918,0.101934,0.085423,0.006919,0.002294,0.00029266
7,290,0.704434,0.000150,43.6366,0.129436,0.101811,0.370359,0.005648,0.007755,0.00029266
7,291,0.591405,0.000142,25.4291,0.129588,0.101682,0.212902,0.015816,0.008028,0.00029266
7,292,0.586872,0.000115,40.8159,0.129991,0.101640,0.378690,0.013626,0.002333,0.00029266
7,293,0.422128,0.000092,25.0789,0.130162,0.101623,0.220857,0.010663,0.001336,0.00029266
7,294,0.434897,0.000084,32.0875,0.130435,0.101702,0.268736,0.007615,0.001716,0.00029266
7,295,0.494272,0.000127,16.9100,0.130401,0.101704,0.150186,0.013249,0.002320,0.00029266
7,296,0.524299,0.000112,34.1743,0.130706,0.101857,0.271322,0.009873,0.001847,0.00029266
7,297,0.466704,0.000097,28.9701,0.130804,0.101959,0.281102,0.005651,0.001859,0.00029266
7,298,0.405973,0.000082,26.8395,0.130820,0.102102,0.223286,0.015524,0.001155,0.00029266
7,299,0.359305,0.000085,16.8085,0.130634,0.102138,0.177727,0.005717,0.000717,0.00029266
7,300,0.365050,0.000066,30.5868,0.130543,0.102035,0.235729,0.006576,0.000650,0.00029266
7,301,0.274853,0.000068,10.9284,0.130362,0.102029,0.096069,0.005717,0.000805,0.00029266
7,302,0.505433,0.000091,43.1016,0.130453,0.101890,0.380854,0.005039,0.001527,0.00029266
7,303,0.410247,0.000082,29.5063,0.130404,0.101727,0.262702,0.009444,0.001090,0.00029266
7,304,0.349145,0.000084,15.1682,0.130223,0.101619,0.108186,0.015754,0.001136,0.00029266
7,305,0.398773,0.000096,17.2440,0.130110,0.101673,0.131380,0.020582,0.001133,0.00029266
7,306,0.651776,0.000127,46.6477,0.130139,0.101550,0.427606,0.016317,0.001211,0.00029266
7,307,0.515019,0.000114,27.6727,0.130128,0.101618,0.265420,0.018504,0.001377,0.00029266
7,308,0.529570,0.000124,22.6242,0.130017,0.101949,0.177532,0.050261,0.000921,0.00029266
7,309,0.455459,0.000083,34.7507,0.130209,0.101995,0.329655,0.011909,0.001175,0.00029266
7,310,0.247961,0.000060,9.9310,0.130002,0.101960,0.086726,0.014777,0.000877,0.00029266
7,311,0.490082,0.000068,52.3091,0.130664,0.101883,0.443185,0.012089,0.000850,0.00029266
7,312,0.478940,0.000093,35.5143,0.130961,0.101899,0.292603,0.009083,0.001358,0.00029266
7,313,0.354586,0.000058,32.8337,0.130917,0.101898,0.299009,0.005717,0.001202,0.00029266
7,314,0.309429,0.000078,12.0341,0.130759,0.101821,0.097650,0.006930,0.000768,0.00029266
7,315,0.559026,0.000133,23.4750,0.130931,0.101745,0.213704,0.037662,0.001870,0.00029266
7,316,0.504696,0.000135,13.4197,0.130751,0.101603,0.135975,0.014167,0.001557,0.00029266
7,317,0.556409,0.000119,34.8300,0.130756,0.101660,0.272388,0.019860,0.001631,0.00029266
7,318,0.416852,0.000095,21.2661,0.130714,0.101736,0.164073,0.013738,0.001102,0.00029266
7,319,0.447470,0.000080,37.3111,0.130618,0.101676,0.333687,0.019225,0.001323,0.00029266
7,320,0.445610,0.000115,13.6638,0.130459,0.101617,0.141605,0.018573,0.001479,0.00029266
7,321,0.468482,0.000093,34.7708,0.130338,0.101654,0.256814,0.013446,0.000943,0.00029266
7,322,0.412385,0.000093,23.3389,0.130149,0.101547,0.169803,0.010628,0.000491,0.00029266
7,323,0.475053,0.000091,34.8797,0.130079,0.101458,0.327649,0.014943,0.000296,0.00029266
7,324,0.568689,0.000127,29.0341,0.130087,0.101351,0.276817,0.024067,0.002041,0.00029266
7,325,0.496768,0.000125,17.6190,0.129949,0.101243,0.139308,0.026704,0.001836,0.00029266
7,326,0.518534,0.000110,31.1936,0.130184,0.101211,0.287317,0.014721,0.002013,0.00029266
7,327,0.531054,0.000142,15.0958,0.130056,0.101433,0.122104,0.015317,0.002581,0.00029266
7,328,0.605409,0.000130,37.8834,0.130464,0.101619,0.322801,0.013744,0.001921,0.00029266
7,329,0.475758,0.000112,21.9727,0.130517,0.101607,0.204949,0.013564,0.001771,0.00029266
7,330,0.507156,0.000122,23.8287,0.130644,0.101783,0.202621,0.012724,0.002269,0.00029266
7,331,0.518993,0.000124,24.4128,0.130510,0.101784,0.185711,0.016579,0.002335,0.00029266
7,332,0.515436,0.000129,15.5885,0.130440,0.101731,0.155147,0.051574,0.001269,0.00029266
7,333,0.413675,0.000105,13.8141,0.130348,0.101736,0.117708,0.024195,0.001332,0.00029266
7,334,0.599315,0.000134,32.3957,0.130253,0.101781,0.289799,0.025692,0.002017,0.00029266
7,335,0.485711,0.000098,33.4917,0.130542,0.101696,0.287612,0.006576,0.001891,0.00029266
7,336,0.313940,0.000081,9.9342,0.130356,0.101838,0.084682,0.016065,0.000822,0.00029266
7,337,0.748865,0.000151,49.6903,0.130505,0.101864,0.460346,0.013558,0.002278,0.00029266
7,338,0.588437,0.000118,40.3862,0.130560,0.101866,0.365733,0.008903,0.002829,0.00029266
7,339,0.553998,0.000116,31.0977,0.130762,0.101878,0.269193,0.042202,0.001498,0.00029266
7,340,0.293560,0.000071,13.0465,0.130617,0.101829,0.099170,0.006919,0.000869,0.00029266
7,341,0.546150,0.000095,41.7476,0.130693,0.101867,0.394630,0.040633,0.001423,0.00029266
7,342,0.536235,0.000121,26.1771,0.130662,0.102115,0.245526,0.037481,0.001595,0.00029266
7,343,0.638129,0.000134,37.4794,0.130925,0.102172,0.326783,0.035043,0.002151,0.00029266
7,344,0.519213,0.000124,21.5397,0.130852,0.102174,0.179429,0.031899,0.001883,0.00029266
7,345,0.580975,0.000107,42.9591,0.130984,0.102328,0.401007,0.022687,0.001297,0.00029266
7,346,0.516006,0.000111,29.4856,0.130968,0.102227,0.275505,0.021108,0.001832,0.00029266
7,347,0.523181,0.000110,32.2847,0.131203,0.102276,0.277998,0.016357,0.001243,0.00029266
7,348,0.474898,0.000118,19.6855,0.131171,0.102194,0.156291,0.009572,0.001599,0.00029266
7,349,0.529459,0.000100,38.4829,0.131413,0.102190,0.365977,0.015524,0.000362,0.00029266
7,350,0.390319,0.000095,16.7405,0.131362,0.102317,0.159758,0.009332,0.000590,0.00029266
7,351,0.669948,0.000135,43.4349,0.131685,0.102723,0.372941,0.030886,0.001442,0.00029266
7,352,0.437308,0.000093,26.4152,0.131695,0.102696,0.214428,0.012817,0.002446,0.00029266
7,353,0.425828,0.000082,30.0350,0.131823,0.102591,0.290876,0.008044,0.000659,0.00029266
7,354,0.410201,0.000097,18.0345,0.131808,0.102555,0.173584,0.018323,0.000746,0.00029266
7,355,0.543869,0.000106,38.7644,0.132118,0.102748,0.336844,0.008293,0.001261,0.00029266
7,356,0.413786,0.000070,35.9441,0.132070,0.102776,0.300722,0.004609,0.000757,0.00029266
7,357,0.337819,0.000067,23.5205,0.132114,0.102686,0.223899,0.002798,0.000502,0.00029266
7,358,0.395956,0.000085,19.7264,0.131962,0.102516,0.202424,0.042213,0.000770,0.00029266
7,359,0.394377,0.000078,29.5277,0.131837,0.102524,0.216497,0.011411,0.000898,0.00029266
7,360,0.376684,0.000079,22.4646,0.131792,0.102468,0.169026,0.028782,0.000682,0.00029266
7,361,0.601764,0.000121,39.1239,0.131676,0.102468,0.361139,0.035471,0.001130,0.00029266
7,362,1.303324,0.000350,34.7031,0.131923,0.102468,0.311725,0.054691,0.002047,0.00029266
7,363,0.781179,0.000197,28.0663,0.131966,0.102374,0.227099,0.039740,0.002100,0.00029266
7,364,0.770265,0.000185,34.0960,0.132255,0.102353,0.296795,0.035661,0.002520,0.00029266
7,365,0.773854,0.000198,22.5009,0.132128,0.102316,0.177051,0.073309,0.002412,0.00029266
7,366,0.488402,0.000117,17.2808,0.131968,0.102185,0.135547,0.068835,0.000896,0.00029266
7,367,0.674257,0.000143,40.0701,0.132306,0.102331,0.372294,0.020401,0.005980,0.00029266
7,368,0.485124,0.000085,35.5689,0.132540,0.102357,0.345938,0.044686,0.001453,0.00029266
7,369,0.461775,0.000102,24.0681,0.132710,0.102360,0.225469,0.032715,0.002662,0.00029266
7,370,0.512952,0.000088,48.3375,0.132713,0.102330,0.374969,0.006937,0.001556,0.00029266
7,371,0.483221,0.000108,26.0341,0.132700,0.102289,0.190426,0.029322,0.002046,0.00029266
7,372,0.448065,0.000068,46.2916,0.132607,0.102305,0.398691,0.007615,0.000896,0.00029266
7,373,0.444575,0.000094,25.1444,0.132637,0.102511,0.255858,0.021862,0.002645,0.00029266
7,374,0.347799,0.000069,26.5634,0.132482,0.102387,0.184684,0.008293,0.000828,0.00029266
7,375,0.398833,0.000077,30.0821,0.132660,0.102196,0.254265,0.015455,0.001117,0.00029266
7,376,0.372847,0.000090,14.7772,0.132543,0.102152,0.136175,0.021966,0.000846,0.00029266
7,377,0.569178,0.000089,53.3161,0.133035,0.102145,0.465992,0.013059,0.000805,0.00029266
7,378,0.531692,0.000101,39.1792,0.133210,0.102109,0.342668,0.006147,0.000910,0.00029266
7,379,0.292687,0.000068,14.3220,0.133060,0.102043,0.141281,0.004859,0.001310,0.00029266
7,380,0.290710,0.000070,13.2356,0.132925,0.102092,0.102616,0.005039,0.000945,0.00029266
7,381,0.411683,0.000084,27.3856,0.132781,0.102101,0.242486,0.019904,0.002037,0.00029266
7,382,0.312208,0.000067,18.8911,0.132728,0.102209,0.159714,0.011464,0.000595,0.00029266
7,383,0.505521,0.000119,23.8665,0.132803,0.102272,0.201392,0.017825,0.001550,0.00029266
7,384,0.329811,0.000075,16.4101,0.132786,0.102166,0.148262,0.016134,0.000986,0.00029266
7,385,0.347942,0.000073,21.7343,0.132743,0.102161,0.213584,0.004429,0.001096,0.00029266
7,386,0.348246,0.000077,19.3970,0.132658,0.102170,0.152798,0.006576,0.000958,0.00029266
7,387,0.350712,0.000088,14.2148,0.132566,0.102203,0.119382,0.006327,0.001667,0.00029266
7,388,0.451603,0.000106,20.8898,0.132550,0.102087,0.216310,0.009083,0.002113,0.00029266
7,389,0.339552,0.000083,14.0388,0.132382,0.102160,0.101620,0.013557,0.001090,0.00029266
7,390,0.438996,0.000074,37.0670,0.132562,0.102065,0.358222,0.007186,0.000808,0.00029266
7,391,0.285452,0.000063,16.0476,0.132469,0.102130,0.160404,0.006699,0.000435,0.00029266
8,1,0.687442,0.000137,46.2385,0.226316,0.056152,0.390226,0.027225,0.002050,0.00027135
8,2,0.585114,0.000133,29.1880,0.188942,0.078806,0.244727,0.025334,0.002473,0.00027135
8,3,0.479485,0.000114,20.5695,0.170733,0.085083,0.203651,0.020719,0.002112,0.00027135
8,4,0.472898,0.000121,15.5424,0.149119,0.094615,0.154421,0.021330,0.002190,0.00027135
8,5,0.554801,0.000106,41.7095,0.153997,0.097723,0.342778,0.012346,0.001817,0.00027135
8,6,0.536957,0.000124,27.7176,0.143112,0.092206,0.203312,0.022484,0.002020,0.00027135
8,7,0.503637,0.000107,29.6627,0.144205,0.095449,0.291013,0.011126,0.002692,0.00027135
8,8,0.429097,0.000112,13.6276,0.136331,0.098807,0.132505,0.009847,0.002045,0.00027135
8,9,0.458268,0.000102,26.2478,0.130895,0.099559,0.201099,0.019609,0.001853,0.00027135
8,10,0.485191,0.000131,12.7481,0.126099,0.105916,0.106837,0.012561,0.001804,0.00027135
8,11,0.510007,0.000108,32.1284,0.133886,0.102532,0.279189,0.015054,0.002290,0.00027135
8,12,0.455840,0.000112,17.6880,0.129946,0.101751,0.189249,0.014777,0.001608,0.00027135
8,13,0.465033,0.000118,16.9460,0.129829,0.101602,0.138383,0.009873,0.001808,0.00027135
8,14,0.447116,0.000117,14.0955,0.126905,0.101023,0.117103,0.012907,0.001732,0.00027135
8,15,0.557162,0.000133,23.7039,0.126121,0.102718,0.218847,0.019489,0.002005,0.00027135
8,16,0.404866,0.000110,10.8666,0.122618,0.099838,0.093529,0.008293,0.001903,0.00027135
8,17,0.467098,0.000099,27.6066,0.126166,0.097426,0.252040,0.011618,0.002986,0.00027135
8,18,0.431811,0.000105,18.4185,0.124232,0.101083,0.143368,0.014783,0.002676,0.00027135
8,19,0.409242,0.000101,16.2890,0.121661,0.102922,0.168031,0.011522,0.001725,0.00027135
8,20,0.420269,0.000113,10.8986,0.118658,0.101873,0.089879,0.018323,0.001754,0.00027135
8,21,0.557669,0.000103,41.7564,0.121219,0.101539,0.389271,0.019936,0.001955,0.00027135
8,22,0.418584,0.000101,17.5809,0.118898,0.101486,0.166801,0.013571,0.001818,0.00027135
8,23,0.549290,0.000097,44.7913,0.123815,0.102756,0.386544,0.011411,0.001749,0.00027135
8,24,0.494378,0.000105,29.2451,0.124438,0.103212,0.243377,0.018074,0.002212,0.00027135
8,25,0.403224,0.000093,20.5379,0.125262,0.104212,0.192959,0.008515,0.001460,0.00027135
8,26,0.402079,0.000103,12.0552,0.123607,0.104064,0.108938,0.031565,0.001272,0.00027135
8,27,0.479905,0.000129,12.6437,0.122500,0.104309,0.104354,0.014596,0.004428,0.00027135
8,28,0.597408,0.000140,25.8141,0.125905,0.103593,0.219045,0.042671,0.002247,0.00027135
8,29,0.944203,0.000226,29.5821,0.126476,0.102543,0.248084,0.170131,0.004038,0.00027135
8,30,0.453462,0.000106,19.5346,0.127365,0.102434,0.175499,0.033867,0.002506,0.00027135
8,31,0.408169,0.000087,24.4626,0.129397,0.103584,0.219724,0.014847,0.001892,0.00027135
8,32,0.492583,0.000093,36.2734,0.130725,0.103732,0.298390,0.025534,0.002093,0.00027135
8,33,0.390901,0.000092,16.5418,0.129958,0.103341,0.130143,0.033797,0.001963,0.00027135
8,34,0.464513,0.000078,42.4796,0.129765,0.103536,0.363285,0.024341,0.001652,0.00027135
8,35,0.575486,0.000126,29.8061,0.129529,0.103265,0.283909,0.038922,0.002656,0.00027135
8,36,0.540299,0.000125,25.8305,0.129747,0.102879,0.206843,0.030652,0.002218,0.00027135
8,37,0.459279,0.000113,17.8924,0.128784,0.103711,0.136965,0.026579,0.002178,0.00027135
8,38,0.488511,0.000109,28.2232,0.127937,0.104039,0.254540,0.011729,0.001992,0.00027135
8,39,0.429704,0.000102,20.1316,0.127698,0.102883,0.175595,0.011731,0.001912,0.00027135
8,40,0.425262,0.000108,14.9125,0.127008,0.102010,0.122131,0.015462,0.001735,0.00027135
8,41,0.415913,0.000113,10.5110,0.125754,0.102784,0.093062,0.014348,0.002357,0.00027135
8,42,0.564071,0.000121,32.4647,0.127169,0.101338,0.314141,0.011158,0.002236,0.00027135
8,43,0.532113,0.000141,14.8026,0.126765,0.102479,0.120492,0.025112,0.001014,0.00027135
8,44,0.480844,0.000107,24.0742,0.127955,0.102772,0.219572,0.037689,0.001298,0.00027135
8,45,0.326965,0.000075,15.1797,0.127004,0.102491,0.152482,0.016245,0.001117,0.00027135
8,46,0.412030,0.000089,26.0560,0.128222,0.102399,0.209513,0.008903,0.001394,0.00027135
8,47,0.383774,0.000087,20.1168,0.127424,0.102088,0.147842,0.018572,0.000958,0.00027135
8,48,0.457181,0.000109,20.0145,0.127044,0.103598,0.199175,0.011411,0.000703,0.00027135
8,49,0.454086,0.000113,14.3730,0.126353,0.103148,0.121154,0.048410,0.002835,0.00027135
8,50,0.421087,0.000092,24.3059,0.126849,0.102962,0.232419,0.005219,0.002052,0.00027135
8,51,0.415215,0.000088,25.5572,0.125874,0.103307,0.184251,0.030169,0.000661,0.00027135
8,52,0.451818,0.000117,12.4255,0.124629,0.103010,0.123649,0.033415,0.002177,0.00027135
8,53,0.554070,0.000109,38.3037,0.126658,0.102381,0.327232,0.018753,0.001889,0.00027135
8,54,0.427468,0.000108,15.7354,0.125964,0.102307,0.137823,0.010981,0.001672,0.00027135
8,55,0.484135,0.000089,37.3591,0.127644,0.102354,0.353583,0.005288,0.001294,0.00027135
8,56,0.453124,0.000105,23.6103,0.128240,0.102450,0.193204,0.013849,0.001787,0.00027135
8,57,0.446406,0.000102,22.7220,0.128325,0.102401,0.187638,0.012381,0.001701,0.00027135
8,58,0.433275,0.000110,15.7474,0.127376,0.103021,0.154694,0.009128,0.002068,0.00027135
8,59,0.410058,0.000103,15.7041,0.126352,0.104121,0.116073,0.011430,0.001867,0.00027135
8,60,0.344317,0.000092,9.9153,0.125421,0.103296,0.095444,0.010870,0.000620,0.00027135
8,61,0.583650,0.000114,40.9155,0.126588,0.103541,0.347601,0.010122,0.001165,0.00027135
8,62,0.488269,0.000128,15.4297,0.126011,0.102473,0.147083,0.008336,0.000912,0.00027135
8,63,0.522008,0.000083,46.9071,0.128241,0.102318,0.434704,0.014555,0.000755,0.00027135
8,64,0.622549,0.000138,34.8339,0.129153,0.101709,0.313774,0.018933,0.002563,0.00027135
8,65,0.586351,0.000130,33.0102,0.129227,0.101566,0.252437,0.023810,0.001505,0.00027135
8,66,0.429317,0.000108,16.1460,0.128584,0.101541,0.116129,0.013676,0.001556,0.00027135
8,67,0.508419,0.000090,41.8031,0.129314,0.100830,0.368704,0.029487,0.001157,0.00027135
8,68,0.437044,0.000079,36.0236,0.129298,0.100542,0.320877,0.011398,0.000790,0.00027135
8,69,0.471965,0.000103,26.1623,0.129770,0.100762,0.228667,0.022979,0.002339,0.00027135
8,70,0.398008,0.000099,15.2941,0.128935,0.101180,0.117840,0.018753,0.000953,0.00027135
8,71,0.411131,0.000073,31.9181,0.129677,0.100814,0.307765,0.010801,0.001008,0.00027135
8,72,0.421756,0.000101,17.9975,0.129120,0.100948,0.178144,0.011050,0.001000,0.00027135
8,73,0.508396,0.000101,34.8808,0.130296,0.100823,0.300832,0.012767,0.000529,0.00027135
8,74,0.415801,0.000085,26.7356,0.130381,0.101021,0.223243,0.011479,0.001345,0.00027135
8,75,0.524620,0.000105,34.0466,0.130858,0.101279,0.331848,0.013987,0.001308,0.00027135
8,76,0.292753,0.000077,8.8973,0.129885,0.101797,0.088721,0.004594,0.001009,0.00027135
8,77,0.723199,0.000165,34.6537,0.130166,0.101501,0.328321,0.034948,0.002484,0.00027135
8,78,0.704951,0.000158,39.8072,0.132394,0.102008,0.338920,0.018212,0.001451,0.00027135
8,79,0.566470,0.000142,22.7588,0.132740,0.101882,0.180040,0.014056,0.002077,0.00027135
8,80,0.781072,0.000166,48.3795,0.134502,0.102150,0.422338,0.024869,0.002271,0.00027135
8,81,0.471640,0.000114,21.3511,0.134365,0.102312,0.171223,0.012518,0.001983,0.00027135
8,82,0.469246,0.000095,31.2114,0.135275,0.102373,0.262322,0.015275,0.000947,0.00027135
8,83,0.358342,0.000086,15.8658,0.135042,0.101755,0.158160,0.007615,0.001289,0.00027135
8,84,0.432939,0.000101,22.4959,0.134900,0.101745,0.166704,0.009513,0.000797,0.00027135
8,85,0.361570,0.000086,16.4415,0.134243,0.101791,0.154440,0.008293,0.001089,0.00027135
8,86,0.614995,0.000134,35.1689,0.135281,0.101495,0.292593,0.022188,0.002171,0.00027135
8,87,0.516636,0.000122,23.7958,0.134916,0.100840,0.234391,0.012948,0.001264,0.00027135
8,88,0.430893,0.000095,24.5373,0.134708,0.100329,0.187630,0.012518,0.001565,0.00027135
8,89,0.434642,0.000108,16.9081,0.134423,0.100146,0.170501,0.009949,0.001599,0.00027135
8,90,0.412955,0.000091,23.1548,0.134356,0.099912,0.188397,0.008474,0.000989,0.00027135
8,91,0.372918,0.000099,10.1101,0.133564,0.099812,0.113697,0.011771,0.001816,0.00027135
8,92,0.484805,0.000104,30.1143,0.133186,0.099821,0.221956,0.022437,0.001495,0.00027135
8,93,0.408370,0.000084,27.3344,0.133662,0.100312,0.216926,0.012880,0.002015,0.00027135
8,94,0.383558,0.000073,29.6777,0.133087,0.100878,0.267357,0.005717,0.000707,0.00027135
8,95,0.350913,0.000069,24.4336,0.133525,0.100748,0.209358,0.012518,0.000933,0.00027135
8,96,0.390400,0.000104,11.2726,0.132907,0.100573,0.098589,0.007615,0.001432,0.00027135
8,97,0.573743,0.000106,44.9592,0.134224,0.100711,0.398027,0.019070,0.001645,0.00027135
8,98,0.380753,0.000073,31.9117,0.134919,0.100673,0.244707,0.005717,0.000492,0.00027135
8,99,0.332131,0.000076,17.5368,0.134521,0.101027,0.134157,0.007117,0.000942,0.00027135
8,100,0.303693,0.000062,20.0293,0.133860,0.100817,0.191111,0.010552,0.000709,0.00027135
8,101,0.289948,0.000071,10.8669,0.133168,0.100268,0.096615,0.016675,0.000682,0.00027135
8,102,0.347847,0.000081,16.1254,0.132821,0.100447,0.156248,0.010821,0.001039,0.00027135
8,103,0.460828,0.000100,27.1733,0.132490,0.101173,0.210849,0.016563,0.001069,0.00027135
8,104,0.535425,0.000130,21.5070,0.132719,0.100781,0.186981,0.034862,0.001115,0.00027135
8,105,0.379851,0.000096,11.7477,0.132101,0.100906,0.122240,0.028422,0.001929,0.00027135
8,106,0.496818,0.000097,36.8889,0.131997,0.100550,0.291222,0.012338,0.001993,0.00027135
8,107,0.453314,0.000097,26.4506,0.131792,0.100415,0.212869,0.018323,0.001286,0.00027135
8,108,0.474203,0.000113,19.4716,0.131302,0.100672,0.195425,0.029012,0.001761,0.00027135
8,109,0.342076,0.000076,18.5740,0.131262,0.101006,0.172883,0.009762,0.001304,0.00027135
8,110,0.453179,0.000118,13.6222,0.130969,0.100780,0.119137,0.024390,0.001509,0.00027135
8,111,0.400701,0.000081,24.8745,0.131203,0.100821,0.204085,0.028267,0.001407,0.00027135
8,112,0.385583,0.000082,20.3066,0.130719,0.100564,0.201395,0.035334,0.002404,0.00027135
8,113,0.347743,0.000079,18.9589,0.130657,0.100558,0.150636,0.004429,0.003282,0.00027135
8,114,0.315191,0.000072,16.3721,0.130500,0.100432,0.160204,0.006576,0.001749,0.00027135
8,115,0.289843,0.000062,16.9366,0.130036,0.100674,0.134500,0.012767,0.000617,0.00027135
8,116,0.399901,0.000094,16.7296,0.129713,0.100695,0.171990,0.026885,0.001227,0.00027135
8,117,0.426067,0.000109,14.3485,0.129482,0.100954,0.117356,0.018461,0.001543,0.00027135
8,118,0.401552,0.000091,19.9385,0.129271,0.101209,0.205603,0.009873,0.002380,0.00027135
8,119,0.387122,0.000085,22.1975,0.128806,0.101485,0.177586,0.007496,0.000585,0.00027135
8,120,0.364121,0.000084,16.3077,0.128353,0.101159,0.164097,0.025846,0.001282,0.00027135
8,121,0.354267,0.000081,16.0980,0.128245,0.101007,0.142536,0.034072,0.001195,0.00027135
8,122,0.431978,0.000102,15.5429,0.128049,0.101082,0.139402,0.062020,0.001472,0.00027135
8,123,0.384583,0.000082,22.8805,0.127889,0.100829,0.185577,0.010981,0.001432,0.00027135
8,124,0.307543,0.000072,13.8259,0.127445,0.101124,0.146292,0.014596,0.000757,0.00027135
8,125,0.336087,0.000071,20.6749,0.127165,0.101178,0.156373,0.012810,0.000866,0.00027135
8,126,0.295664,0.000071,12.7690,0.126801,0.100890,0.124783,0.008293,0.000800,0.00027135
8,127,0.349656,0.000078,19.1241,0.126699,0.101170,0.153793,0.011601,0.000805,0.00027135
8,128,0.338167,0.000089,9.8464,0.126213,0.101175,0.082021,0.017117,0.000561,0.00027135
8,129,0.560767,0.000120,33.3408,0.126164,0.101067,0.324112,0.008903,0.001624,0.00027135
8,130,0.480656,0.000109,23.7594,0.125886,0.100775,0.235964,0.024695,0.000812,0.00027135
8,131,0.447545,0.000080,37.9776,0.125850,0.100829,0.292137,0.012699,0.001206,0.00027135
8,132,0.439391,0.000101,21.8804,0.125629,0.100863,0.161475,0.028782,0.001059,0.00027135
8,133,0.425993,0.000098,20.6264,0.125267,0.100699,0.200817,0.022299,0.001101,0.00027135
8,134,0.342653,0.000084,13.9776,0.124982,0.100696,0.131923,0.010054,0.001001,0.00027135
8,135,0.558827,0.000130,26.1001,0.125398,0.100756,0.213307,0.033111,0.000804,0.00027135
8,136,0.432944,0.000112,13.1550,0.125262,0.100950,0.112053,0.023984,0.000758,0.00027135
8,137,0.379517,0.000075,23.9362,0.125495,0.100929,0.234027,0.028339,0.001627,0.00027135
8,138,0.319939,0.000067,19.2437,0.125504,0.101025,0.157000,0.020899,0.000552,0.00027135
8,139,0.380969,0.000067,30.3815,0.125921,0.100787,0.283787,0.015704,0.001234,0.00027135
8,140,0.341244,0.000084,13.3584,0.125661,0.100822,0.117302,0.014459,0.001133,0.00027135
8,141,0.450605,0.000071,40.7706,0.126565,0.100786,0.352671,0.020083,0.001549,0.00027135
8,142,0.362887,0.000071,25.9660,0.126827,0.100613,0.225065,0.006576,0.000504,0.00027135
8,143,0.453915,0.000080,37.2445,0.127305,0.100385,0.352247,0.004609,0.001097,0.00027135
8,144,0.316326,0.000082,11.1685,0.127017,0.100237,0.094187,0.006708,0.000785,0.00027135
8,145,0.459265,0.000089,34.1953,0.127639,0.099977,0.288941,0.010372,0.000596,0.00027135
8,146,0.350138,0.000079,17.1147,0.127469,0.100028,0.177973,0.015026,0.000556,0.00027135
8,147,0.428121,0.000102,20.2124,0.127515,0.099886,0.156150,0.014935,0.000985,0.00027135
8,148,0.267236,0.000064,12.5914,0.127060,0.099615,0.094840,0.005039,0.000583,0.00027135
8,149,0.427507,0.000084,32.6134,0.126856,0.099526,0.281230,0.012630,0.000714,0.00027135
8,150,0.386869,0.000096,14.7578,0.126580,0.099424,0.153004,0.008474,0.000805,0.00027135
8,151,0.374321,0.000075,26.0102,0.126236,0.099243,0.196166,0.010732,0.000870,0.00027135
8,152,0.349164,0.000094,8.5873,0.125793,0.098986,0.080044,0.015027,0.000671,0.00027135
8,153,0.487434,0.000106,26.4040,0.126472,0.098832,0.237359,0.019642,0.007869,0.00027135
8,154,0.749169,0.000168,37.6358,0.127048,0.098708,0.334184,0.051614,0.005769,0.00027135
8,155,0.666752,0.000157,28.2692,0.127503,0.098526,0.229331,0.053713,0.004486,0.00027135
8,156,0.606353,0.000140,29.1203,0.127567,0.098406,0.259697,0.025846,0.003193,0.00027135
8,157,0.495007,0.000114,23.7294,0.127615,0.098667,0.190513,0.025630,0.003369,0.00027135
8,158,0.426426,0.000086,27.0267,0.127552,0.098406,0.257678,0.021896,0.002324,0.00027135
8,159,0.365169,0.000082,16.9101,0.127513,0.098448,0.144724,0.035231,0.002407,0.00027135
8,160,0.366251,0.000077,21.7605,0.127523,0.098582,0.212081,0.010802,0.001665,0.00027135
8,161,0.356836,0.000082,19.3030,0.127335,0.098300,0.137716,0.008293,0.001273,0.00027135
8,162,0.326465,0.000085,9.5086,0.126941,0.098530,0.102571,0.016743,0.001103,0.00027135
8,163,0.381061,0.000090,18.5229,0.126714,0.098184,0.142507,0.008973,0.000845,0.00027135
8,164,0.450834,0.000099,25.1996,0.126683,0.098245,0.231390,0.015275,0.001025,0.00027135
8,165,0.393093,0.000100,12.4700,0.126457,0.098159,0.113512,0.023656,0.001151,0.00027135
8,166,0.466960,0.000103,27.6395,0.126815,0.098049,0.227080,0.013849,0.002278,0.00027135
8,167,0.494170,0.000116,24.3475,0.126519,0.098054,0.181014,0.019321,0.003435,0.00027135
8,168,0.370602,0.000090,15.4197,0.126166,0.098114,0.151709,0.011230,0.001755,0.00027135
8,169,0.440071,0.000106,19.4794,0.126091,0.098312,0.164314,0.008225,0.002315,0.00027135
8,170,0.335131,0.000072,19.0085,0.125897,0.098083,0.186238,0.011041,0.001053,0.00027135
8,171,0.453200,0.000110,18.6069,0.125741,0.097862,0.155292,0.018005,0.001173,0.00027135
8,172,0.349023,0.000082,16.5462,0.125535,0.097679,0.161946,0.008903,0.000897,0.00027135
8,173,0.397018,0.000083,25.5394,0.125429,0.097565,0.204493,0.004000,0.000773,0.00027135
8,174,0.325387,0.000083,11.3611,0.125046,0.097602,0.130253,0.006327,0.001002,0.00027135
8,175,0.412199,0.000091,25.1467,0.124810,0.097622,0.181213,0.005468,0.001163,0.00027135
8,176,0.325994,0.000080,13.4728,0.124629,0.097400,0.126485,0.008405,0.000745,0.00027135
8,177,0.286287,0.000064,15.8929,0.124570,0.097251,0.140262,0.005039,0.000800,0.00027135
8,178,0.278025,0.000068,11.4264,0.124206,0.097486,0.122029,0.004066,0.000477,0.00027135
8,179,0.356657,0.000079,19.5691,0.124046,0.097836,0.161851,0.010870,0.001142,0.00027135
8,180,0.428700,0.000112,13.8117,0.123848,0.097948,0.118660,0.011840,0.001222,0.00027135
8,181,0.393394,0.000096,16.3984,0.123784,0.097859,0.148110,0.009805,0.000825,0.00027135
8,182,0.481717,0.000117,20.1662,0.123665,0.098008,0.189362,0.010988,0.001000,0.00027135
8,183,0.362452,0.000063,31.2982,0.123516,0.097878,0.256215,0.010122,0.000598,0.00027135
8,184,0.398593,0.000104,13.3890,0.123332,0.098071,0.108432,0.008903,0.000683,0.00027135
8,185,0.420402,0.000107,16.1594,0.123285,0.098177,0.144881,0.004609,0.000812,0.00027135
8,186,0.288667,0.000070,12.7022,0.122988,0.098232,0.125246,0.003141,0.000429,0.00027135
8,187,0.374018,0.000062,34.9224,0.122813,0.098195,0.285127,0.002798,0.000307,0.00027135
8,188,0.353058,0.000085,16.1515,0.122565,0.098176,0.118064,0.004859,0.000530,0.00027135
8,189,0.433355,0.000070,44.2313,0.122317,0.098129,0.374772,0.004000,0.000387,0.00027135
8,190,0.319592,0.000078,13.0205,0.122106,0.098118,0.136021,0.006147,0.000668,0.00027135
8,191,0.395694,0.000082,27.2090,0.121893,0.098385,0.201368,0.008293,0.000633,0.00027135
8,192,0.386896,0.000104,10.5361,0.121555,0.098571,0.075950,0.011660,0.001394,0.00027135
8,193,0.431232,0.000072,42.3189,0.121352,0.098314,0.360533,0.006327,0.001466,0.00027135
8,194,0.423997,0.000088,25.9983,0.121354,0.098584,0.257655,0.009083,0.000987,0.00027135
8,195,0.356335,0.000083,18.1627,0.121082,0.098660,0.137553,0.007458,0.000536,0.00027135
8,196,0.432887,0.000083,32.5130,0.121628,0.098509,0.273606,0.012587,0.001203,0.00027135
8,197,0.326695,0.000080,13.0675,0.121354,0.098353,0.133777,0.011909,0.000528,0.00027135
8,198,0.473894,0.000082,39.3885,0.121991,0.098395,0.333068,0.012699,0.000786,0.00027135
8,199,0.435004,0.000098,23.3751,0.122102,0.098421,0.187198,0.014057,0.001486,0.00027135
8,200,0.455466,0.000072,41.6046,0.122406,0.098665,0.402278,0.007005,0.000581,0.00027135
8,201,0.283721,0.000063,16.2118,0.122390,0.098595,0.154455,0.003570,0.000366,0.00027135
8,202,0.401083,0.000060,38.6269,0.122764,0.098572,0.327553,0.011230,0.000431,0.00027135
8,203,0.385943,0.000091,18.4353,0.122837,0.098574,0.152968,0.009152,0.000739,0.00027135
8,204,0.399594,0.000067,34.3161,0.123154,0.098590,0.330047,0.006919,0.000862,0.00027135
8,205,0.426709,0.000100,20.5527,0.123256,0.098498,0.184448,0.014347,0.001035,0.00027135
8,206,0.465189,0.000077,39.6542,0.123543,0.098400,0.333145,0.018254,0.001563,0.00027135
8,207,0.358718,0.000072,23.6251,0.123682,0.098369,0.191371,0.025422,0.001787,0.00027135
8,208,0.456599,0.000074,39.7052,0.123889,0.098190,0.383426,0.017782,0.000977,0.00027135
8,209,0.336382,0.000071,19.1273,0.123785,0.098241,0.199298,0.018641,0.000677,0.00027135
8,210,0.394351,0.000061,37.2805,0.124056,0.098374,0.307764,0.008903,0.001192,0.00027135
8,211,0.489823,0.000115,23.1760,0.123977,0.098406,0.175877,0.019319,0.002662,0.00027135
8,212,0.422382,0.000071,34.7405,0.124080,0.098219,0.344708,0.013493,0.002867,0.00027135
8,213,0.311118,0.000071,15.8830,0.123870,0.098133,0.156549,0.003141,0.001170,0.00027135
8,214,0.443588,0.000079,34.3690,0.124207,0.098209,0.301473,0.023184,0.001291,0.00027135
8,215,0.366551,0.000070,28.5662,0.124158,0.098401,0.223342,0.005288,0.001975,0.00027135
8,216,0.435934,0.000073,37.3509,0.124331,0.098417,0.352521,0.005717,0.001409,0.00027135
8,217,0.455519,0.000107,21.3575,0.124266,0.098453,0.199344,0.008654,0.001241,0.00027135
8,218,0.626732,0.000136,35.3964,0.124660,0.098542,0.311254,0.016925,0.003678,0.00027135
8,219,0.406207,0.000071,31.0031,0.124728,0.098521,0.272533,0.035747,0.001136,0.00027135
8,220,0.358044,0.000073,23.0239,0.124875,0.098583,0.215992,0.004429,0.000866,0.00027135
8,221,0.337565,0.000072,17.9535,0.124667,0.098665,0.173121,0.030277,0.002598,0.00027135
8,222,0.608457,0.000111,47.0368,0.124999,0.098525,0.390483,0.023879,0.003003,0.00027135
8,223,0.417784,0.000085,26.6215,0.125171,0.098455,0.225889,0.014167,0.002579,0.00027135
8,224,0.485075,0.000110,24.8862,0.125393,0.098434,0.236828,0.014888,0.002210,0.00027135
8,225,0.299921,0.000068,14.2495,0.125244,0.098532,0.150065,0.017353,0.001340,0.00027135
8,226,0.521009,0.000095,42.0795,0.125395,0.098587,0.334872,0.015711,0.001939,0.00027135
8,227,0.482660,0.000105,30.5759,0.125313,0.098657,0.225009,0.007435,0.000802,0.00027135
8,228,0.409033,0.000095,20.1038,0.125188,0.098603,0.199539,0.004429,0.000951,0.00027135
8,229,0.530260,0.000130,20.1299,0.125221,0.098581,0.194348,0.026895,0.000752,0.00027135
8,230,0.362328,0.000077,21.9925,0.125123,0.098427,0.170687,0.019680,0.001090,0.00027135
8,231,0.400809,0.000078,26.9395,0.125413,0.098536,0.254210,0.016743,0.001140,0.00027135
8,232,0.352692,0.000079,18.8391,0.125321,0.098474,0.183316,0.011093,0.000934,0.00027135
8,233,0.375860,0.000075,26.1828,0.125124,0.098270,0.202453,0.012699,0.001332,0.00027135
8,234,0.285993,0.000072,11.0971,0.124892,0.098310,0.086003,0.004180,0.001205,0.00027135
8,235,0.441992,0.000064,43.2751,0.125137,0.098458,0.413321,0.005288,0.000784,0.00027135
8,236,0.570576,0.000120,35.7110,0.125106,0.098728,0.326401,0.016992,0.001110,0.00027135
8,237,0.520398,0.000102,37.4690,0.125424,0.098789,0.308815,0.010981,0.001663,0.00027135
8,238,0.441177,0.000117,14.0563,0.125266,0.098727,0.127666,0.004172,0.000590,0.00027135
8,239,0.373190,0.000078,24.8893,0.125513,0.098806,0.199141,0.010191,0.000866,0.00027135
8,240,0.412268,0.000107,13.1866,0.125369,0.098947,0.101955,0.014783,0.001265,0.00027135
8,241,0.424456,0.000076,34.1008,0.125742,0.098959,0.313563,0.021716,0.001056,0.00027135
8,242,0.355924,0.000073,22.8073,0.125848,0.099081,0.221749,0.010912,0.001212,0.00027135
8,243,0.332907,0.000064,24.8489,0.125896,0.099099,0.185793,0.013128,0.000883,0.00027135
8,244,0.348654,0.000086,11.9498,0.125724,0.099094,0.094763,0.034233,0.001269,0.00027135
8,245,0.451939,0.000089,29.8903,0.125900,0.099119,0.299667,0.012132,0.000631,0.00027135
8,246,0.402246,0.000089,21.1122,0.125886,0.098999,0.215017,0.019274,0.001347,0.00027135
8,247,0.371466,0.000082,20.5927,0.125813,0.099192,0.152535,0.016606,0.001333,0.00027135
8,248,0.353992,0.000090,12.1886,0.125638,0.099254,0.106301,0.014957,0.000836,0.00027135
8,249,0.549344,0.000097,41.8354,0.125725,0.099247,0.369607,0.059483,0.004264,0.00027135
8,250,0.468222,0.000089,34.4788,0.126373,0.099349,0.313608,0.011840,0.001299,0.00027135
8,251,0.349399,0.000071,23.3597,0.126559,0.099268,0.189507,0.008903,0.001048,0.00027135
8,252,0.426729,0.000070,38.7180,0.126420,0.099136,0.357801,0.005898,0.000664,0.00027135
8,253,0.466716,0.000116,17.7025,0.126270,0.099092,0.171369,0.019611,0.001726,0.00027135
8,254,0.564290,0.000100,46.3744,0.126553,0.099257,0.394196,0.014347,0.001621,0.00027135
8,255,0.516842,0.000114,31.3732,0.126451,0.099216,0.237127,0.011041,0.000791,0.00027135
8,256,0.383548,0.000073,28.2095,0.126635,0.099163,0.263321,0.007615,0.001506,0.00027135
8,257,0.367510,0.000093,12.9127,0.126530,0.099362,0.116503,0.013557,0.001193,0.00027135
8,258,0.592768,0.000110,45.8029,0.127083,0.099491,0.394828,0.012699,0.001306,0.00027135
8,259,0.627436,0.000153,25.8559,0.127325,0.099447,0.215545,0.030618,0.002672,0.00027135
8,260,0.412467,0.000085,26.0377,0.127412,0.099528,0.246481,0.009083,0.001204,0.00027135
8,261,0.471995,0.000120,17.1568,0.127321,0.099681,0.138255,0.012089,0.001721,0.00027135
8,262,0.377993,0.000085,21.3476,0.127408,0.099649,0.181620,0.008474,0.001482,0.00027135
8,263,0.253524,0.000066,8.6448,0.127163,0.099556,0.077388,0.005123,0.000703,0.00027135
8,264,0.531531,0.000102,39.9763,0.127686,0.099489,0.364744,0.008654,0.000914,0.00027135
8,265,0.476298,0.000106,28.2819,0.127959,0.099564,0.224568,0.010011,0.001468,0.00027135
8,266,0.348250,0.000080,16.6855,0.127836,0.099761,0.145753,0.017000,0.000734,0.00027135
8,267,0.456466,0.000112,18.1117,0.127793,0.099752,0.183389,0.015275,0.001325,0.00027135
8,268,0.424987,0.000100,20.3828,0.127617,0.099503,0.149769,0.013128,0.000955,0.00027135
8,269,0.390570,0.000093,16.5511,0.127560,0.099385,0.164832,0.018461,0.000639,0.00027135
8,270,0.395182,0.000087,21.5375,0.127533,0.099492,0.166415,0.018461,0.000783,0.00027135
8,271,0.338990,0.000081,14.8005,0.127311,0.099318,0.158308,0.008474,0.000695,0.00027135
8,272,0.324735,0.000077,14.9084,0.127154,0.099238,0.113112,0.006919,0.000771,0.00027135
8,273,0.507939,0.000117,24.0452,0.127234,0.099144,0.202848,0.041799,0.001518,0.00027135
8,274,0.406113,0.000082,23.1206,0.127062,0.099262,0.234429,0.049092,0.001220,0.00027135
8,275,0.454319,0.000094,32.2549,0.127011,0.099288,0.238682,0.004360,0.001260,0.00027135
8,276,0.341745,0.000074,20.8356,0.126966,0.099231,0.153861,0.008834,0.000613,0.00027135
8,277,0.352739,0.000070,22.0355,0.126747,0.099352,0.214449,0.032424,0.000531,0.00027135
8,278,0.473366,0.000102,26.8730,0.126904,0.099476,0.228929,0.033991,0.001231,0.00027135
8,279,0.286379,0.000068,13.0444,0.126671,0.099369,0.102754,0.007795,0.001025,0.00027135
8,280,0.882252,0.000171,61.9098,0.126954,0.099310,0.568755,0.034404,0.002171,0.00027135
8,281,0.425585,0.000069,37.6351,0.126965,0.099143,0.362040,0.007435,0.000385,0.00027135
8,282,0.393430,0.000092,18.7039,0.126942,0.099048,0.147487,0.017782,0.000790,0.00027135
8,283,0.282578,0.000075,8.0472,0.126679,0.099010,0.075792,0.008654,0.000437,0.00027135
8,284,0.564439,0.000116,36.1658,0.126932,0.098930,0.312183,0.024154,0.004262,0.00027135
8,285,0.390396,0.000088,20.6233,0.126831,0.098859,0.185652,0.012158,0.001640,0.00027135
8,286,0.486920,0.000072,47.5998,0.127212,0.098941,0.449358,0.007435,0.002013,0.00027135
8,287,0.544324,0.000113,34.9212,0.127526,0.098965,0.324026,0.003931,0.002967,0.00027135
8,288,0.381874,0.000086,21.5059,0.127478,0.098768,0.161697,0.007435,0.001313,0.00027135
8,289,0.328629,0.000078,15.1876,0.127239,0.098687,0.116759,0.011041,0.001487,0.00027135
8,290,0.615253,0.000137,31.7788,0.127376,0.098680,0.303161,0.024223,0.002068,0.00027135
8,291,0.565442,0.000125,30.0204,0.127457,0.098849,0.283323,0.025373,0.001478,0.00027135
8,292,0.379960,0.000080,24.1808,0.127458,0.098891,0.195618,0.005717,0.000486,0.00027135
8,293,0.435080,0.000094,26.8218,0.127673,0.098936,0.233534,0.009513,0.001059,0.00027135
8,294,0.336687,0.000085,11.7384,0.127482,0.098924,0.118928,0.012269,0.000711,0.00027135
8,295,0.494451,0.000115,25.5250,0.127301,0.098960,0.190428,0.009583,0.001606,0.00027135
8,296,0.412400,0.000103,16.3954,0.127120,0.098891,0.125405,0.007435,0.000766,0.00027135
8,297,0.505662,0.000096,39.4991,0.127048,0.098729,0.363310,0.003009,0.001579,0.00027135
8,298,0.388066,0.000079,25.1690,0.126890,0.098726,0.263207,0.005717,0.000912,0.00027135
8,299,0.331576,0.000077,16.8968,0.126729,0.098691,0.131752,0.007976,0.000657,0.00027135
8,300,0.314183,0.000066,20.6552,0.126787,0.098730,0.173910,0.007186,0.000482,0.00027135
8,301,0.275568,0.000066,12.7725,0.126659,0.098731,0.115457,0.003570,0.000503,0.00027135
8,302,0.360807,0.000080,19.5416,0.126592,0.098759,0.190490,0.006147,0.000670,0.00027135
8,303,0.307729,0.000071,15.7706,0.126390,0.098674,0.124523,0.005898,0.000791,0.00027135
8,304,0.381093,0.000083,21.3556,0.126317,0.098529,0.211701,0.011909,0.000993,0.00027135
8,305,0.397418,0.000094,18.4242,0.126264,0.098514,0.140592,0.018641,0.000817,0.00027135
8,306,0.561187,0.000124,29.6870,0.126347,0.098559,0.258307,0.038301,0.001606,0.00027135
8,307,0.450420,0.000112,18.3161,0.126360,0.098631,0.158920,0.011660,0.001297,0.00027135
8,308,0.454318,0.000123,11.7448,0.126223,0.098579,0.108027,0.016176,0.000795,0.00027135
8,309,0.385268,0.000087,20.6594,0.126262,0.098653,0.174493,0.006576,0.000936,0.00027135
8,310,0.259620,0.000060,11.7337,0.126094,0.098690,0.117298,0.013377,0.000706,0.00027135
8,311,0.380973,0.000077,24.9806,0.126063,0.098706,0.207392,0.008293,0.000651,0.00027135
8,312,0.338247,0.000090,8.8356,0.125865,0.098674,0.092138,0.013017,0.001133,0.00027135
8,313,0.346161,0.000064,26.8864,0.125825,0.098741,0.223421,0.003570,0.000762,0.00027135
8,314,0.298751,0.000078,9.5157,0.125649,0.098860,0.086713,0.007765,0.000699,0.00027135
8,315,0.673646,0.000169,25.3498,0.125869,0.098898,0.217664,0.022702,0.001762,0.00027135
8,316,0.590919,0.000155,18.3089,0.125915,0.098849,0.172704,0.015712,0.002135,0.00027135
8,317,0.567417,0.000133,27.9238,0.125881,0.099085,0.214255,0.017284,0.003051,0.00027135
8,318,0.402837,0.000101,13.8353,0.125745,0.099152,0.118843,0.029212,0.001176,0.00027135
8,319,0.392764,0.000083,23.0930,0.125738,0.099179,0.232183,0.009942,0.001662,0.00027135
8,320,0.464033,0.000121,14.1217,0.125625,0.099301,0.115028,0.022549,0.002102,0.00027135
8,321,0.462774,0.000084,36.2518,0.125867,0.099419,0.345690,0.007505,0.001207,0.00027135
8,322,0.381040,0.000092,16.9369,0.125832,0.099639,0.135556,0.012879,0.000742,0.00027135
8,323,0.377796,0.000076,25.9516,0.125992,0.099603,0.218814,0.010244,0.000300,0.00027135
8,324,0.508430,0.000131,16.0979,0.125876,0.099655,0.154709,0.021467,0.001980,0.00027135
8,325,0.500444,0.000119,21.6934,0.125816,0.099650,0.172322,0.022915,0.002244,0.00027135
8,326,0.407890,0.000110,10.0609,0.125638,0.099644,0.093845,0.015276,0.001919,0.00027135
8,327,0.656136,0.000142,37.7006,0.126003,0.099751,0.323238,0.024859,0.002187,0.00027135
8,328,0.513342,0.000127,19.9829,0.126062,0.099734,0.186703,0.014818,0.002158,0.00027135
8,329,0.491804,0.000120,20.2089,0.126093,0.099688,0.188422,0.014812,0.001763,0.00027135
8,330,0.490963,0.000115,24.0967,0.125948,0.099723,0.182575,0.015575,0.002271,0.00027135
8,331,0.450320,0.000122,10.6309,0.125774,0.099779,0.105988,0.018473,0.002046,0.00027135
8,332,0.482611,0.000120,18.6235,0.125618,0.099943,0.143233,0.025914,0.001052,0.00027135
8,333,0.431022,0.000104,17.5380,0.125574,0.099968,0.172977,0.016675,0.001067,0.00027135
8,334,0.471510,0.000123,13.6195,0.125471,0.099856,0.126488,0.025659,0.001046,0.00027135
8,335,0.392194,0.000093,18.7170,0.125415,0.099961,0.143152,0.003570,0.002170,0.00027135
8,336,0.298899,0.000075,11.0964,0.125234,0.099877,0.117432,0.006327,0.000840,0.00027135
8,337,0.550039,0.000116,33.0820,0.125388,0.099910,0.286716,0.012879,0.000975,0.00027135
8,338,0.290403,0.000074,9.8767,0.125220,0.099949,0.090538,0.013987,0.001228,0.00027135
8,339,0.614529,0.000116,44.9816,0.125578,0.099952,0.400559,0.035031,0.000763,0.00027135
8,340,0.326734,0.000060,30.0637,0.125767,0.099953,0.223846,0.005546,0.000791,0.00027135
8,341,0.413063,0.000089,23.8905,0.125701,0.100076,0.196714,0.017851,0.000753,0.00027135
8,342,0.493597,0.000127,13.3289,0.125555,0.100127,0.127428,0.048260,0.001328,0.00027135
8,343,0.539260,0.000133,22.4486,0.125424,0.100221,0.166456,0.020401,0.001942,0.00027135
8,344,0.470209,0.000116,15.9833,0.125317,0.100098,0.157073,0.040740,0.001585,0.00027135
8,345,0.447230,0.000102,22.2983,0.125321,0.100088,0.192404,0.016976,0.001263,0.00027135
8,346,0.423795,0.000106,14.7021,0.125230,0.100128,0.131633,0.026275,0.001435,0.00027135
8,347,0.453447,0.000107,20.9472,0.125292,0.100141,0.178974,0.013669,0.001910,0.00027135
8,348,0.488438,0.000125,16.6649,0.125171,0.100179,0.160560,0.013715,0.001523,0.00027135
8,349,0.379047,0.000084,20.5420,0.125086,0.100357,0.169491,0.015524,0.000299,0.00027135
8,350,0.347034,0.000089,12.4067,0.125010,0.100469,0.112451,0.005717,0.000764,0.00027135
8,351,0.512796,0.000129,17.4287,0.124993,0.100511,0.151693,0.031832,0.001217,0.00027135
8,352,0.381000,0.000096,13.3204,0.124891,0.100627,0.132384,0.014459,0.001030,0.00027135
8,353,0.441407,0.000096,25.7287,0.124876,0.100731,0.216687,0.008293,0.000717,0.00027135
8,354,0.363945,0.000093,11.9113,0.124708,0.100737,0.123904,0.012699,0.000340,0.00027135
8,355,0.441300,0.000104,20.5760,0.124694,0.100737,0.174354,0.011549,0.001297,0.00027135
8,356,0.298220,0.000075,11.2349,0.124523,0.100752,0.081611,0.010372,0.000384,0.00027135
8,357,0.427350,0.000076,36.2101,0.124409,0.100685,0.330958,0.001424,0.000579,0.00027135
8,358,0.547346,0.000114,31.8284,0.124460,0.100692,0.309982,0.030762,0.000596,0.00027135
8,359,0.388215,0.000083,22.1780,0.124437,0.100576,0.177403,0.023089,0.000516,0.00027135
8,360,0.345269,0.000074,20.6912,0.124496,0.100568,0.174883,0.023974,0.000590,0.00027135
8,361,0.450720,0.000118,12.6981,0.124378,0.100506,0.110118,0.033486,0.001185,0.00027135
8,362,0.998483,0.000241,39.9471,0.124743,0.100509,0.339897,0.078946,0.002164,0.00027135
8,363,0.890912,0.000217,34.0477,0.124910,0.100469,0.299263,0.065487,0.002762,0.00027135
8,364,0.721026,0.000185,22.2686,0.124970,0.100500,0.202389,0.053822,0.003162,0.00027135
8,365,0.860563,0.000195,43.9134,0.124977,0.100480,0.335401,0.068404,0.002223,0.00027135
8,366,0.518577,0.000118,24.8795,0.124958,0.100707,0.184598,0.040835,0.002198,0.00027135
8,367,0.618236,0.000136,36.6079,0.124895,0.100759,0.329537,0.017353,0.002153,0.00027135
8,368,0.363891,0.000072,24.1396,0.125046,0.100760,0.225162,0.020109,0.001033,0.00027135
8,369,0.371202,0.000097,11.0114,0.124880,0.100885,0.119438,0.011050,0.001439,0.00027135
8,370,0.493111,0.000085,42.5657,0.125118,0.100915,0.337108,0.008225,0.002193,0.00027135
8,371,0.534609,0.000114,35.1280,0.125353,0.101028,0.265369,0.011230,0.001668,0.00027135
8,372,0.356997,0.000073,22.4166,0.125231,0.101082,0.218046,0.010621,0.001173,0.00027135
8,373,0.499261,0.000098,34.7824,0.125474,0.101098,0.294620,0.012020,0.001435,0.00027135
8,374,0.351166,0.000069,24.7990,0.125450,0.101087,0.197069,0.004748,0.000635,0.00027135
8,375,0.436016,0.000073,35.3789,0.125526,0.101095,0.334984,0.025512,0.000626,0.00027135
8,376,0.407744,0.000083,24.9339,0.125480,0.101002,0.237862,0.023364,0.000788,0.00027135
8,377,0.479763,0.000087,37.2815,0.125564,0.101037,0.319381,0.013377,0.000727,0.00027135
8,378,0.393010,0.000087,21.5764,0.125449,0.101107,0.175677,0.011660,0.000666,0.00027135
8,379,0.388589,0.000068,30.3393,0.125513,0.101072,0.291915,0.015206,0.000866,0.00027135
8,380,0.323848,0.000069,20.0178,0.125370,0.101067,0.188390,0.006576,0.000843,0.00027135
8,381,0.453012,0.000085,33.4436,0.125575,0.101060,0.291845,0.010122,0.001724,0.00027135
8,382,0.306463,0.000065,18.7500,0.125531,0.101171,0.157136,0.007987,0.000529,0.00027135
8,383,0.564303,0.000106,41.3972,0.125779,0.101013,0.394322,0.016606,0.001162,0.00027135
8,384,0.324208,0.000079,12.9517,0.125693,0.100905,0.126582,0.010801,0.001178,0.00027135
8,385,0.415463,0.000083,28.8899,0.125857,0.100969,0.243357,0.004000,0.001003,0.00027135
8,386,0.339114,0.000073,20.6429,0.125892,0.101014,0.186533,0.008225,0.000702,0.00027135
8,387,0.426294,0.000086,29.3601,0.126042,0.101096,0.277653,0.004429,0.001462,0.00027135
8,388,0.469974,0.000111,22.3479,0.126042,0.101004,0.166365,0.008903,0.001942,0.00027135
8,389,0.351925,0.000086,14.5832,0.125990,0.101055,0.139114,0.010191,0.001297,0.00027135
8,390,0.295334,0.000076,9.7104,0.125845,0.101056,0.097543,0.006147,0.000988,0.00027135
8,391,0.438506,0.000091,28.1990,0.125948,0.101174,0.233447,0.002798,0.000902,0.00027135
9,1,0.586613,0.000158,13.6591,0.081060,0.119010,0.107646,0.041135,0.003287,0.00023817
9,2,0.626768,0.000132,41.3574,0.102037,0.104824,0.359020,0.018351,0.003368,0.00023817
9,3,0.529519,0.000129,20.8221,0.110886,0.093467,0.208510,0.018074,0.002557,0.00023817
9,4,0.529813,0.000143,12.5903,0.103692,0.097994,0.103280,0.032327,0.002189,0.00023817
9,5,0.514287,0.000108,31.4142,0.122052,0.097470,0.297160,0.015456,0.001825,0.00023817
9,6,0.568432,0.000142,20.8345,0.124809,0.095021,0.175971,0.023272,0.001952,0.00023817
9,7,0.464310,0.000109,20.7577,0.129369,0.098473,0.180991,0.020166,0.002413,0.00023817
9,8,0.438001,0.000117,11.8744,0.121345,0.107532,0.119193,0.010852,0.002142,0.00023817
9,9,0.454896,0.000101,25.7735,0.117082,0.107501,0.209110,0.017464,0.002017,0.00023817
9,10,0.514593,0.000131,18.0542,0.117855,0.106522,0.156630,0.014777,0.001885,0.00023817
9,11,0.431927,0.000109,16.0711,0.117316,0.113853,0.146050,0.013738,0.001724,0.00023817
9,12,0.427513,0.000108,15.2455,0.113439,0.109118,0.146619,0.009763,0.001553,0.00023817
9,13,0.483183,0.000118,20.0373,0.112404,0.108004,0.182984,0.010801,0.001562,0.00023817
9,14,0.464530,0.000123,14.1879,0.110769,0.105201,0.128057,0.010622,0.001699,0.00023817
9,15,0.557035,0.000129,26.6455,0.110498,0.109135,0.229104,0.019197,0.001821,0.00023817
9,16,0.399081,0.000107,11.2720,0.107851,0.107296,0.094604,0.008654,0.001913,0.00023817
9,17,0.422047,0.000097,22.0116,0.109925,0.104832,0.199417,0.012992,0.001833,0.00023817
9,18,0.381122,0.000102,10.0793,0.107659,0.106510,0.097479,0.010199,0.001949,0.00023817
9,19,0.541966,0.000115,33.3663,0.110255,0.108658,0.265381,0.014423,0.005071,0.00023817
9,20,0.537044,0.000127,25.3968,0.113221,0.109444,0.201909,0.017215,0.003142,0.00023817
9,21,0.540904,0.000119,32.0461,0.112700,0.107212,0.287837,0.015456,0.001638,0.00023817
9,22,0.448359,0.000106,19.7007,0.113003,0.108338,0.196198,0.015931,0.002400,0.00023817
9,23,0.416598,0.000097,21.3005,0.111590,0.105690,0.156768,0.012920,0.001954,0.00023817
9,24,0.431295,0.000105,17.5274,0.111130,0.104626,0.172709,0.015205,0.001855,0.00023817
9,25,0.423831,0.000093,24.0480,0.111369,0.104867,0.196942,0.008124,0.001504,0.00023817
9,26,0.364973,0.000091,13.3519,0.110027,0.104667,0.132345,0.015400,0.001313,0.00023817
9,27,0.415090,0.000081,28.5765,0.111120,0.103688,0.242899,0.013489,0.001351,0.00023817
9,28,0.286706,0.000072,10.3480,0.109705,0.101974,0.094424,0.012089,0.000825,0.00023817
9,29,0.478059,0.000119,18.4132,0.110119,0.103011,0.152083,0.017036,0.002103,0.00023817
9,30,0.384336,0.000091,17.7751,0.109140,0.102542,0.173324,0.009583,0.001916,0.00023817
9,31,0.309180,0.000070,16.1074,0.108887,0.103217,0.132588,0.008723,0.001323,0.00023817
9,32,0.333138,0.000073,17.8860,0.108613,0.102615,0.178497,0.009762,0.001321,0.00023817
9,33,0.336695,0.000080,16.4373,0.107197,0.102148,0.121693,0.005288,0.001216,0.00023817
9,34,0.268968,0.000066,11.2839,0.105457,0.103881,0.120854,0.002798,0.000824,0.00023817
9,35,0.487571,0.000115,20.8472,0.104896,0.103899,0.162797,0.034185,0.001911,0.00023817
9,36,0.428719,0.000114,11.6631,0.103696,0.105573,0.115106,0.018649,0.001814,0.00023817
9,37,0.530868,0.000110,33.3709,0.105675,0.107375,0.283137,0.008799,0.001745,0.00023817
9,38,0.427543,0.000107,16.8428,0.105461,0.107280,0.141739,0.009873,0.001352,0.00023817
9,39,0.512642,0.000103,33.0863,0.108035,0.108795,0.318144,0.013600,0.001613,0.00023817
9,40,0.431704,0.000102,19.8701,0.108719,0.108318,0.189520,0.009949,0.001709,0.00023817
9,41,0.506800,0.000105,32.7188,0.109523,0.108922,0.272064,0.009907,0.002060,0.00023817
9,42,0.415259,0.000107,14.1374,0.109014,0.108150,0.119706,0.006930,0.001792,0.00023817
9,43,0.605557,0.000118,39.4757,0.110726,0.108059,0.384736,0.033145,0.000983,0.00023817
9,44,0.442002,0.000104,19.6693,0.110888,0.108165,0.200754,0.016202,0.000923,0.00023817
9,45,0.417612,0.000076,32.7430,0.111934,0.107004,0.273854,0.010372,0.000886,0.00023817
9,46,0.349584,0.000086,14.3588,0.111326,0.106291,0.115400,0.011909,0.001113,0.00023817
9,47,0.463944,0.000086,33.7497,0.112731,0.106085,0.329315,0.015816,0.000876,0.00023817
9,48,0.454402,0.000114,15.9894,0.112699,0.105254,0.154882,0.021399,0.000680,0.00023817
9,49,0.507190,0.000106,28.5450,0.113714,0.105255,0.236984,0.047484,0.002377,0.00023817
9,50,0.340778,0.000086,11.6121,0.113132,0.105319,0.101184,0.021260,0.001656,0.00023817
9,51,0.431273,0.000077,34.5223,0.115135,0.105597,0.325059,0.011398,0.000619,0.00023817
9,52,0.477014,0.000110,23.7379,0.116242,0.105678,0.203822,0.024400,0.002220,0.00023817
9,53,0.508198,0.000110,28.3298,0.116551,0.105445,0.237922,0.024404,0.001752,0.00023817
9,54,0.378052,0.000095,13.9502,0.116025,0.105841,0.126487,0.013128,0.001369,0.00023817
9,55,0.464926,0.000091,32.2074,0.117516,0.105657,0.308838,0.004429,0.001249,0.00023817
9,56,0.455032,0.000109,21.3479,0.117723,0.105944,0.164539,0.011411,0.001776,0.00023817
9,57,0.386753,0.000096,15.4454,0.117513,0.105812,0.146260,0.009375,0.001573,0.00023817
9,58,0.393867,0.000108,9.4767,0.116509,0.106265,0.088258,0.007343,0.001962,0.00023817
9,59,0.613087,0.000139,35.2235,0.116233,0.106421,0.265640,0.013188,0.002180,0.00023817
9,60,0.547681,0.000127,27.8928,0.115892,0.106001,0.205974,0.023613,0.000674,0.00023817
9,61,0.386749,0.000088,19.6622,0.115194,0.106708,0.206694,0.009762,0.000630,0.00023817
9,62,0.381938,0.000088,17.6126,0.114919,0.107214,0.179271,0.023450,0.000901,0.00023817
9,63,0.344952,0.000074,21.4648,0.114372,0.107351,0.149509,0.011411,0.000980,0.00023817
9,64,0.457009,0.000119,13.0370,0.113697,0.107903,0.128227,0.030002,0.001990,0.00023817
9,65,0.551998,0.000106,37.1989,0.114975,0.107384,0.314151,0.039198,0.001268,0.00023817
9,66,0.437750,0.000108,16.8079,0.114680,0.107659,0.141456,0.021689,0.001756,0.00023817
9,67,0.483580,0.000081,39.2307,0.116039,0.107366,0.377304,0.027203,0.001345,0.00023817
9,68,0.419125,0.000074,32.0514,0.116460,0.107048,0.306999,0.025935,0.000628,0.00023817
9,69,0.434781,0.000101,19.6647,0.116381,0.107184,0.173606,0.020333,0.001570,0.00023817
9,70,0.340587,0.000088,10.9165,0.115681,0.107489,0.084541,0.014485,0.000779,0.00023817
9,71,0.329462,0.000073,18.1821,0.115163,0.107727,0.184643,0.008834,0.000961,0.00023817
9,72,0.375815,0.000101,9.6426,0.114463,0.108186,0.106252,0.010801,0.000914,0.00023817
9,73,0.486447,0.000103,31.4669,0.114138,0.108012,0.234577,0.008474,0.001690,0.00023817
9,74,0.421444,0.000091,27.7907,0.113603,0.108274,0.194663,0.006756,0.001785,0.00023817
9,75,0.454481,0.000107,21.3755,0.113163,0.108786,0.213169,0.010801,0.001910,0.00023817
9,76,0.361563,0.000072,24.9987,0.113665,0.108234,0.204852,0.011464,0.001004,0.00023817
9,77,0.535663,0.000135,19.0718,0.113515,0.108193,0.173452,0.019322,0.001361,0.00023817
9,78,0.469936,0.000115,18.6983,0.113459,0.108476,0.167287,0.022189,0.001914,0.00023817
9,79,0.500301,0.000129,16.4041,0.113247,0.108424,0.159894,0.017490,0.001011,0.00023817
9,80,0.579679,0.000144,22.3361,0.113327,0.109148,0.180065,0.027390,0.001344,0.00023817
9,81,0.407401,0.000106,13.7530,0.113093,0.109154,0.106810,0.008903,0.001498,0.00023817
9,82,0.351347,0.000083,15.7323,0.112580,0.109301,0.164960,0.010054,0.000641,0.00023817
9,83,0.335297,0.000084,13.9822,0.112151,0.109268,0.103631,0.004000,0.001002,0.00023817
9,84,0.443335,0.000096,25.0652,0.112326,0.109003,0.251577,0.004429,0.000784,0.00023817
9,85,0.302736,0.000076,11.5796,0.111667,0.108452,0.084205,0.006919,0.000760,0.00023817
9,86,0.582086,0.000127,32.2410,0.112677,0.108508,0.294623,0.030500,0.002304,0.00023817
9,87,0.500197,0.000102,31.8420,0.112491,0.108439,0.314838,0.015498,0.001100,0.00023817
9,88,0.465512,0.000099,28.4898,0.111989,0.108253,0.220695,0.015635,0.001588,0.00023817
9,89,0.464135,0.000103,25.9813,0.112785,0.108232,0.234431,0.014991,0.001680,0.00023817
9,90,0.362896,0.000086,16.5664,0.112338,0.108175,0.121528,0.011434,0.000980,0.00023817
9,91,0.401201,0.000096,17.7438,0.112366,0.108072,0.175387,0.013308,0.001822,0.00023817
9,92,0.384019,0.000097,12.1475,0.111896,0.108262,0.102365,0.032080,0.001404,0.00023817
9,93,0.502824,0.000091,39.4983,0.113111,0.108543,0.367515,0.018080,0.001465,0.00023817
9,94,0.380435,0.000077,26.9356,0.113766,0.108279,0.234157,0.009152,0.000559,0.00023817
9,95,0.422707,0.000079,34.3589,0.113986,0.108148,0.270519,0.008723,0.000702,0.00023817
9,96,0.431934,0.000102,21.4615,0.113621,0.108019,0.161684,0.009942,0.001789,0.00023817
9,97,0.518188,0.000105,33.8504,0.113772,0.108489,0.322857,0.012450,0.000894,0.00023817
9,98,0.359726,0.000076,22.5599,0.113253,0.107980,0.210208,0.006507,0.000725,0.00023817
9,99,0.438111,0.000079,34.6675,0.114163,0.108267,0.302648,0.009513,0.000645,0.00023817
9,100,0.292385,0.000060,18.8753,0.113868,0.108339,0.158993,0.009152,0.000594,0.00023817
9,101,0.416630,0.000073,32.8696,0.114484,0.108283,0.309186,0.019687,0.000547,0.00023817
9,102,0.279542,0.000060,16.5091,0.114184,0.107838,0.162085,0.004172,0.000431,0.00023817
9,103,0.516999,0.000087,42.7879,0.114999,0.107516,0.363541,0.026095,0.000379,0.00023817
9,104,0.508739,0.000119,22.4904,0.115032,0.106978,0.183532,0.030818,0.001160,0.00023817
9,105,0.446223,0.000088,28.0064,0.115004,0.106708,0.280184,0.026843,0.001985,0.00023817
9,106,0.377447,0.000092,14.7176,0.114905,0.106392,0.150084,0.015318,0.001042,0.00023817
9,107,0.468440,0.000081,38.9037,0.115623,0.106119,0.330300,0.010621,0.000817,0.00023817
9,108,0.481541,0.000115,21.5404,0.115497,0.105785,0.169214,0.011634,0.001303,0.00023817
9,109,0.426432,0.000072,34.7858,0.115903,0.105410,0.341750,0.012089,0.000784,0.00023817
9,110,0.530707,0.000124,23.9513,0.115919,0.105338,0.234655,0.021524,0.000880,0.00023817
9,111,0.449916,0.000077,36.6750,0.116614,0.105007,0.310148,0.019680,0.000926,0.00023817
9,112,0.328152,0.000075,16.3785,0.116441,0.105045,0.128444,0.015567,0.001052,0.00023817
9,113,0.426155,0.000072,35.5186,0.117018,0.105041,0.347007,0.004859,0.001030,0.00023817
9,114,0.352660,0.000073,21.1990,0.117081,0.105046,0.217512,0.011230,0.000732,0.00023817
9,115,0.358902,0.000058,32.2639,0.117430,0.104975,0.272847,0.004429,0.000674,0.00023817
9,116,0.418621,0.000101,19.4305,0.117203,0.105271,0.144995,0.005898,0.000941,0.00023817
9,117,0.493903,0.000099,32.5379,0.117453,0.105680,0.319771,0.006327,0.001392,0.00023817
9,118,0.402825,0.000089,22.1788,0.117153,0.105612,0.221880,0.006078,0.001773,0.00023817
9,119,0.411751,0.000067,36.9067,0.117631,0.105366,0.311558,0.014943,0.000669,0.00023817
9,120,0.358761,0.000080,20.3105,0.117500,0.105317,0.149628,0.013128,0.001134,0.00023817
9,121,0.463001,0.000079,36.8599,0.117779,0.105004,0.355123,0.030680,0.000851,0.00023817
9,122,0.437258,0.000099,19.6494,0.117644,0.105164,0.199580,0.038275,0.001047,0.00023817
9,123,0.422763,0.000083,29.4190,0.117989,0.105108,0.247863,0.010552,0.000743,0.00023817
9,124,0.315476,0.000070,17.2151,0.117685,0.104967,0.133701,0.013377,0.000563,0.00023817
9,125,0.426610,0.000071,34.7746,0.117949,0.105356,0.338255,0.026412,0.000724,0.00023817
9,126,0.307738,0.000063,19.6737,0.117658,0.105190,0.199840,0.005288,0.000787,0.00023817
9,127,0.422762,0.000076,32.8133,0.118037,0.105254,0.274367,0.014244,0.000825,0.00023817
9,128,0.388127,0.000076,27.6335,0.117898,0.105335,0.220809,0.006589,0.000724,0.00023817
9,129,0.448953,0.000086,32.1258,0.118157,0.105377,0.310156,0.003570,0.000959,0.00023817
9,130,0.327879,0.000066,20.0055,0.118018,0.105405,0.193977,0.029916,0.000773,0.00023817
9,131,0.404298,0.000070,34.0120,0.118460,0.105553,0.287006,0.006327,0.001417,0.00023817
9,132,0.351781,0.000084,16.1790,0.118239,0.105993,0.132422,0.008293,0.000757,0.00023817
9,133,0.493492,0.000097,33.7587,0.118424,0.106013,0.324643,0.009762,0.000612,0.00023817
9,134,0.295953,0.000063,17.1328,0.118160,0.106154,0.168457,0.006756,0.000729,0.00023817
9,135,0.539633,0.000115,32.9306,0.118471,0.105680,0.278015,0.009942,0.000816,0.00023817
9,136,0.456423,0.000105,22.2213,0.118257,0.105497,0.173550,0.022610,0.001137,0.00023817
9,137,0.425562,0.000078,31.3276,0.118638,0.105329,0.300495,0.019567,0.001406,0.00023817
9,138,0.268701,0.000061,13.8900,0.118416,0.105377,0.132850,0.006507,0.000834,0.00023817
9,139,0.462469,0.000075,40.1234,0.119177,0.105245,0.344012,0.018323,0.002775,0.00023817
9,140,0.382776,0.000082,23.3817,0.119366,0.105351,0.193977,0.015635,0.001250,0.00023817
9,141,0.394365,0.000068,32.1915,0.119612,0.105483,0.314253,0.005468,0.001811,0.00023817
9,142,0.275793,0.000069,11.4953,0.119347,0.105285,0.092261,0.003321,0.000536,0.00023817
9,143,0.388723,0.000081,24.7798,0.119773,0.105203,0.222905,0.012020,0.001315,0.00023817
9,144,0.301683,0.000077,11.2667,0.119453,0.105169,0.089959,0.004816,0.000719,0.00023817
9,145,0.457675,0.000082,36.8548,0.119937,0.105342,0.341808,0.006576,0.000496,0.00023817
9,146,0.361823,0.000076,24.9296,0.120278,0.105657,0.194775,0.010122,0.000608,0.00023817
9,147,0.400139,0.000091,20.5043,0.120188,0.105660,0.163670,0.017714,0.001245,0.00023817
9,148,0.324805,0.000066,20.3102,0.119936,0.105431,0.203432,0.015816,0.000934,0.00023817
9,149,0.309320,0.000076,12.6523,0.119553,0.105203,0.093082,0.012089,0.000738,0.00023817
9,150,0.456320,0.000100,26.7115,0.119301,0.104897,0.246247,0.007186,0.001078,0.00023817
9,151,0.312890,0.000072,14.8045,0.119201,0.105046,0.147042,0.010621,0.000804,0.00023817
9,152,0.386595,0.000094,16.5032,0.118880,0.104942,0.125326,0.015207,0.000942,0.00023817
9,153,0.288650,0.000072,10.9039,0.118460,0.104927,0.099354,0.008293,0.000614,0.00023817
9,154,0.456609,0.000103,24.4542,0.118654,0.104967,0.203753,0.011299,0.002414,0.00023817
9,155,0.421905,0.000106,14.7955,0.118428,0.105009,0.155297,0.019251,0.003203,0.00023817
9,156,0.468265,0.000103,25.3020,0.118572,0.104800,0.198827,0.017671,0.002848,0.00023817
9,157,0.463010,0.000114,18.5620,0.118493,0.104438,0.137228,0.020477,0.003008,0.00023817
9,158,0.443512,0.000082,36.4168,0.118400,0.104709,0.318533,0.012630,0.002789,0.00023817
9,159,0.367020,0.000073,23.0348,0.118669,0.104714,0.226004,0.023435,0.002022,0.00023817
9,160,0.354015,0.000075,20.6954,0.118595,0.104582,0.166092,0.022644,0.001184,0.00023817
9,161,0.449555,0.000079,36.7105,0.119050,0.104672,0.346462,0.005873,0.001265,0.00023817
9,162,0.316161,0.000076,14.2154,0.118659,0.104553,0.103090,0.011230,0.000790,0.00023817
9,163,0.443378,0.000088,32.8323,0.118506,0.104171,0.286365,0.012948,0.000677,0.00023817
9,164,0.377851,0.000097,12.9029,0.118357,0.104204,0.118704,0.014485,0.000773,0.00023817
9,165,0.476630,0.000103,28.6800,0.118166,0.104343,0.215695,0.021491,0.002315,0.00023817
9,166,0.414905,0.000099,19.6312,0.117929,0.104511,0.151766,0.010122,0.001818,0.00023817
9,167,0.541581,0.000119,27.5889,0.118010,0.104602,0.267046,0.035628,0.002410,0.00023817
9,168,0.373029,0.000087,17.9098,0.117836,0.104351,0.182281,0.003321,0.001752,0.00023817
9,169,0.421361,0.000100,19.5703,0.117598,0.104014,0.156583,0.012269,0.001971,0.00023817
9,170,0.346847,0.000065,26.3172,0.117877,0.104217,0.236921,0.006919,0.000848,0.00023817
9,171,0.432176,0.000113,14.0674,0.117535,0.103883,0.091574,0.016065,0.001154,0.00023817
9,172,0.375683,0.000087,18.1535,0.117290,0.103844,0.194611,0.008654,0.000539,0.00023817
9,173,0.324542,0.000080,14.1518,0.116930,0.103717,0.105642,0.004429,0.000611,0.00023817
9,174,0.488340,0.000086,39.4880,0.117380,0.103647,0.380022,0.002892,0.000827,0.00023817
9,175,0.369521,0.000089,16.5225,0.117199,0.103536,0.159632,0.004859,0.001051,0.00023817
9,176,0.469560,0.000080,39.4737,0.117691,0.103375,0.337779,0.010801,0.000714,0.00023817
9,177,0.358217,0.000071,24.7005,0.117780,0.103435,0.204042,0.004000,0.000869,0.00023817
9,178,0.344464,0.000063,26.0341,0.117855,0.103523,0.261762,0.005123,0.000358,0.00023817
9,179,0.309098,0.000071,15.3467,0.117572,0.103662,0.148389,0.005717,0.000970,0.00023817
9,180,0.523416,0.000102,36.7548,0.117979,0.103689,0.323857,0.011161,0.001081,0.00023817
9,181,0.409576,0.000095,19.9533,0.117898,0.103382,0.170765,0.009624,0.000788,0.00023817
9,182,0.575824,0.000113,39.7554,0.118293,0.103298,0.369428,0.011161,0.000947,0.00023817
9,183,0.271494,0.000065,11.3691,0.118119,0.103234,0.102196,0.013557,0.000540,0.00023817
9,184,0.412070,0.000082,28.8294,0.118549,0.103224,0.250082,0.008225,0.000613,0.00023817
9,185,0.384412,0.000087,20.3594,0.118511,0.103263,0.170298,0.007864,0.000989,0.00023817
9,186,0.397431,0.000065,34.7896,0.118637,0.103090,0.329587,0.004000,0.000462,0.00023817
9,187,0.256613,0.000058,13.9762,0.118510,0.103137,0.126261,0.001424,0.000365,0.00023817
9,188,0.463134,0.000083,36.7052,0.118843,0.103195,0.309566,0.012338,0.000583,0.00023817
9,189,0.300033,0.000068,15.9090,0.118825,0.102890,0.141165,0.004429,0.000412,0.00023817
9,190,0.370403,0.000077,23.5159,0.118938,0.102585,0.223986,0.005717,0.000724,0.00023817
9,191,0.323834,0.000077,15.2483,0.118741,0.102440,0.115000,0.005288,0.000572,0.00023817
9,192,0.394997,0.000097,15.5900,0.118615,0.102532,0.160264,0.011479,0.001513,0.00023817
9,193,0.291480,0.000075,9.5797,0.118337,0.102558,0.081445,0.012767,0.000932,0.00023817
9,194,0.516064,0.000107,33.1439,0.118789,0.102568,0.312861,0.007435,0.002236,0.00023817
9,195,0.452444,0.000106,20.8067,0.118992,0.102490,0.172795,0.020944,0.000501,0.00023817
9,196,0.437728,0.000093,26.3124,0.119168,0.102267,0.213983,0.016743,0.001239,0.00023817
9,197,0.375388,0.000076,24.9700,0.118930,0.102239,0.244034,0.009762,0.001085,0.00023817
9,198,0.295626,0.000076,9.5485,0.118677,0.102208,0.095289,0.009332,0.001145,0.00023817
9,199,0.599084,0.000115,43.7054,0.119018,0.102080,0.358628,0.020539,0.002631,0.00023817
9,200,0.462620,0.000100,28.5097,0.118964,0.102200,0.214647,0.009332,0.002087,0.00023817
9,201,0.400907,0.000074,30.2114,0.119243,0.102173,0.299145,0.004609,0.000540,0.00023817
9,202,0.291794,0.000067,14.8527,0.119103,0.102240,0.146099,0.005468,0.000611,0.00023817
9,203,0.480430,0.000097,30.9071,0.119310,0.102069,0.257121,0.020470,0.000831,0.00023817
9,204,0.325799,0.000066,22.6244,0.119335,0.102081,0.171635,0.011618,0.000901,0.00023817
9,205,0.509994,0.000107,30.4335,0.119462,0.102022,0.293294,0.024875,0.000808,0.00023817
9,206,0.349321,0.000082,17.1730,0.119409,0.102116,0.146502,0.011840,0.001386,0.00023817
9,207,0.330613,0.000075,16.3245,0.119392,0.102048,0.150080,0.019681,0.001711,0.00023817
9,208,0.348828,0.000070,23.1363,0.119358,0.102025,0.178134,0.014957,0.001009,0.00023817
9,209,0.297361,0.000067,15.2908,0.119155,0.102166,0.160318,0.006507,0.000502,0.00023817
9,210,0.314072,0.000070,18.4397,0.118912,0.102135,0.129213,0.005219,0.000798,0.00023817
9,211,0.465839,0.000112,17.6851,0.118829,0.102340,0.178032,0.034407,0.002141,0.00023817
9,212,0.334308,0.000067,22.8924,0.118809,0.102320,0.175078,0.012130,0.002114,0.00023817
9,213,0.344379,0.000082,15.6133,0.118604,0.102166,0.159042,0.010870,0.001096,0.00023817
9,214,0.339402,0.000082,14.4696,0.118332,0.102240,0.098263,0.013669,0.001343,0.00023817
9,215,0.298776,0.000076,10.8656,0.118065,0.102346,0.101930,0.005468,0.001787,0.00023817
9,216,0.364808,0.000078,21.2427,0.117976,0.102390,0.183625,0.013806,0.001674,0.00023817
9,217,0.442739,0.000110,17.1238,0.117980,0.102283,0.139915,0.014708,0.001397,0.00023817
9,218,0.495046,0.000128,15.0619,0.117892,0.102406,0.145290,0.019070,0.002269,0.00023817
9,219,0.328237,0.000075,14.7365,0.117735,0.102466,0.156005,0.025373,0.001065,0.00023817
9,220,0.367302,0.000063,35.1715,0.117630,0.102293,0.260394,0.007435,0.000879,0.00023817
9,221,0.365482,0.000080,20.4544,0.117509,0.102391,0.156028,0.017911,0.000718,0.00023817
9,222,0.451167,0.000106,20.3531,0.117407,0.102332,0.210489,0.010447,0.001470,0.00023817
9,223,0.395013,0.000081,24.6965,0.117188,0.102220,0.237150,0.021758,0.001737,0.00023817
9,224,0.495984,0.000104,32.7647,0.117067,0.102358,0.250863,0.009332,0.001349,0.00023817
9,225,0.316945,0.000065,20.1986,0.117018,0.102430,0.152395,0.012879,0.000862,0.00023817
9,226,0.393638,0.000092,18.5088,0.116832,0.102503,0.191110,0.009942,0.000970,0.00023817
9,227,0.431206,0.000095,24.3273,0.117029,0.102308,0.201120,0.014846,0.000384,0.00023817
9,228,0.318661,0.000083,10.3368,0.116763,0.102273,0.113673,0.006147,0.000900,0.00023817
9,229,0.492557,0.000115,27.1492,0.116603,0.102236,0.192252,0.004594,0.000490,0.00023817
9,230,0.311747,0.000072,16.2522,0.116350,0.102240,0.122863,0.006078,0.000609,0.00023817
9,231,0.438815,0.000069,38.8046,0.116792,0.102110,0.364401,0.021011,0.000963,0.00023817
9,232,0.421278,0.000078,34.0640,0.116784,0.102121,0.310543,0.004790,0.000975,0.00023817
9,233,0.346356,0.000072,22.4752,0.116906,0.102160,0.202172,0.005288,0.001157,0.00023817
9,234,0.351837,0.000072,24.7549,0.116767,0.102270,0.185165,0.007005,0.001187,0.00023817
9,235,0.336320,0.000062,27.2721,0.117044,0.102390,0.242614,0.005468,0.000463,0.00023817
9,236,0.459695,0.000116,16.9691,0.116976,0.102410,0.166618,0.006576,0.001024,0.00023817
9,237,0.563863,0.000097,48.0292,0.117470,0.102542,0.412311,0.005468,0.001632,0.00023817
9,238,0.315342,0.000055,26.2568,0.117653,0.102442,0.221884,0.001424,0.000448,0.00023817
9,239,0.354934,0.000079,18.7631,0.117554,0.102342,0.192653,0.006756,0.001042,0.00023817
9,240,0.372352,0.000100,10.6246,0.117340,0.102399,0.090437,0.006937,0.001091,0.00023817
9,241,0.406360,0.000075,31.0065,0.117256,0.102406,0.292387,0.010191,0.000982,0.00023817
9,242,0.309015,0.000072,14.6128,0.117170,0.102426,0.149794,0.007615,0.001020,0.00023817
9,243,0.366060,0.000064,33.2641,0.117024,0.102479,0.239330,0.003570,0.000912,0.00023817
9,244,0.357325,0.000076,22.9176,0.116870,0.102482,0.164736,0.013377,0.001162,0.00023817
9,245,0.492529,0.000082,43.0194,0.116926,0.102483,0.398354,0.016633,0.000710,0.00023817
9,246,0.400251,0.000079,27.9551,0.116845,0.102510,0.278229,0.010936,0.001447,0.00023817
9,247,0.342269,0.000080,15.8172,0.116694,0.102375,0.132695,0.010372,0.001288,0.00023817
9,248,0.401801,0.000094,20.6322,0.116812,0.102372,0.179461,0.007615,0.001228,0.00023817
9,249,0.285572,0.000072,11.1059,0.116601,0.102392,0.079830,0.007005,0.001009,0.00023817
9,250,0.424561,0.000082,32.9780,0.116507,0.102503,0.292019,0.011909,0.001430,0.00023817
9,251,0.302118,0.000073,12.8069,0.116366,0.102507,0.135543,0.007435,0.000598,0.00023817
9,252,0.356793,0.000066,28.6560,0.116288,0.102507,0.220097,0.003751,0.000409,0.00023817
9,253,0.426436,0.000116,10.7476,0.116091,0.102487,0.084951,0.011771,0.001000,0.00023817
9,254,0.446364,0.000091,28.5340,0.116317,0.102558,0.274532,0.017035,0.000936,0.00023817
9,255,0.428199,0.000107,14.6428,0.116257,0.102550,0.149174,0.022037,0.000429,0.00023817
9,256,0.381564,0.000077,23.6744,0.116483,0.102382,0.192829,0.041234,0.001180,0.00023817
9,257,0.318555,0.000081,11.6391,0.116311,0.102318,0.091380,0.005717,0.000842,0.00023817
9,258,0.383874,0.000081,23.7182,0.116238,0.102436,0.229564,0.005717,0.000611,0.00023817
9,259,0.484545,0.000123,17.3491,0.116103,0.102485,0.171684,0.011051,0.001757,0.00023817
9,260,0.398725,0.000080,29.8314,0.115917,0.102595,0.218652,0.013308,0.000958,0.00023817
9,261,0.448538,0.000110,18.8056,0.115984,0.102669,0.160035,0.012089,0.001778,0.00023817
9,262,0.340797,0.000078,17.8870,0.115981,0.102546,0.149996,0.006078,0.001154,0.00023817
9,263,0.319907,0.000065,21.3589,0.115842,0.102558,0.206395,0.003537,0.000581,0.00023817
9,264,0.337851,0.000071,21.4691,0.115841,0.102394,0.166561,0.006576,0.000701,0.00023817
9,265,0.379496,0.000083,20.4062,0.115776,0.102424,0.214184,0.010191,0.000857,0.00023817
9,266,0.327430,0.000077,15.5832,0.115678,0.102402,0.118737,0.009762,0.000535,0.00023817
9,267,0.424078,0.000103,17.1110,0.115677,0.102420,0.175814,0.013918,0.001212,0.00023817
9,268,0.364741,0.000089,15.8776,0.115505,0.102422,0.116207,0.007435,0.000751,0.00023817
9,269,0.396161,0.000088,20.3628,0.115417,0.102501,0.213075,0.014236,0.000610,0.00023817
9,270,0.335122,0.000076,18.7704,0.115349,0.102363,0.138391,0.003141,0.000515,0.00023817
9,271,0.342317,0.000079,16.2933,0.115257,0.102196,0.174595,0.009513,0.000627,0.00023817
9,272,0.279386,0.000059,17.0889,0.115216,0.102089,0.135648,0.005546,0.000791,0.00023817
9,273,0.461475,0.000112,16.9605,0.115196,0.102063,0.161289,0.039275,0.001542,0.00023817
9,274,0.323892,0.000072,16.1840,0.115134,0.102104,0.162376,0.023476,0.001596,0.00023817
9,275,0.397276,0.000095,18.7216,0.114987,0.102142,0.129787,0.006576,0.001674,0.00023817
9,276,0.304715,0.000071,13.2851,0.114832,0.102169,0.141969,0.018392,0.000667,0.00023817
9,277,0.378995,0.000071,28.4154,0.114974,0.102220,0.238124,0.008723,0.000462,0.00023817
9,278,0.405999,0.000103,13.3202,0.114857,0.102259,0.139017,0.024085,0.001206,0.00023817
9,279,0.425068,0.000084,30.5162,0.114776,0.102257,0.231628,0.004609,0.001183,0.00023817
9,280,0.691351,0.000172,23.3226,0.114736,0.102211,0.193980,0.067284,0.003506,0.00023817
9,281,0.388419,0.000081,24.9968,0.114878,0.102024,0.206713,0.005717,0.001610,0.00023817
9,282,0.432554,0.000107,15.7324,0.114761,0.101835,0.170932,0.019680,0.003285,0.00023817
9,283,0.343404,0.000081,16.0969,0.114619,0.101832,0.117590,0.014708,0.000496,0.00023817
9,284,0.380018,0.000089,16.7795,0.114551,0.101884,0.169320,0.015163,0.001144,0.00023817
9,285,0.393838,0.000079,27.1402,0.114692,0.101951,0.222315,0.006576,0.001199,0.00023817
9,286,0.291883,0.000065,15.4703,0.114488,0.101990,0.159097,0.010372,0.000567,0.00023817
9,287,0.430788,0.000102,21.3063,0.114389,0.102019,0.159105,0.005288,0.001127,0.00023817
9,288,0.336970,0.000079,16.4508,0.114435,0.101921,0.146665,0.004790,0.001122,0.00023817
9,289,0.234064,0.000060,8.7068,0.114248,0.101886,0.079255,0.001424,0.000822,0.00023817
9,290,0.486244,0.000109,25.0767,0.114283,0.102067,0.246265,0.016992,0.000921,0.00023817
9,291,0.354228,0.000088,14.0140,0.114140,0.101910,0.117769,0.007186,0.001556,0.00023817
9,292,0.374842,0.000071,27.1267,0.114176,0.101955,0.268859,0.005288,0.000934,0.00023817
9,293,0.341346,0.000084,14.7320,0.114055,0.101919,0.110951,0.007727,0.001125,0.00023817
9,294,0.436635,0.000093,27.9103,0.113931,0.101906,0.259079,0.005219,0.001164,0.00023817
9,295,0.470837,0.000118,17.8422,0.113969,0.102026,0.162448,0.013263,0.001828,0.00023817
9,296,0.409739,0.000104,15.1862,0.113884,0.102123,0.114671,0.008044,0.001114,0.00023817
9,297,0.470710,0.000111,22.9939,0.113745,0.102016,0.220844,0.005123,0.001668,0.00023817
9,298,0.342326,0.000071,21.6900,0.113791,0.102105,0.180939,0.008293,0.000764,0.00023817
9,299,0.342583,0.000073,21.0325,0.113618,0.101925,0.201034,0.004859,0.000532,0.00023817
9,300,0.327553,0.000064,24.0939,0.113558,0.101855,0.195171,0.004000,0.000581,0.00023817
9,301,0.299984,0.000074,12.2235,0.113481,0.101816,0.114598,0.007864,0.000505,0.00023817
9,302,0.354670,0.000077,20.7828,0.113506,0.101897,0.175308,0.004429,0.000625,0.00023817
9,303,0.312231,0.000068,17.5731,0.113368,0.102082,0.176505,0.006507,0.000710,0.00023817
9,304,0.368857,0.000088,16.3736,0.113347,0.102229,0.140483,0.007864,0.000944,0.00023817
9,305,0.368833,0.000088,16.4509,0.113342,0.102188,0.152302,0.012020,0.000826,0.00023817
9,306,0.509028,0.000121,23.0687,0.113381,0.102210,0.180128,0.019642,0.001218,0.00023817
9,307,0.456742,0.000114,16.9337,0.113274,0.102341,0.172573,0.011840,0.001723,0.00023817
9,308,0.491130,0.000117,20.8358,0.113161,0.102467,0.162066,0.031333,0.001265,0.00023817
9,309,0.409027,0.000083,26.7548,0.113236,0.102471,0.255995,0.008903,0.000904,0.00023817
9,310,0.264559,0.000063,12.4489,0.113118,0.102602,0.097144,0.005288,0.000990,0.00023817
9,311,0.381899,0.000074,25.5608,0.113146,0.102727,0.257980,0.012699,0.000907,0.00023817
9,312,0.366602,0.000081,19.4804,0.113152,0.102871,0.187000,0.013738,0.001127,0.00023817
9,313,0.318979,0.000064,21.9838,0.113181,0.102922,0.175091,0.003141,0.000750,0.00023817
9,314,0.306204,0.000075,12.9560,0.113058,0.102818,0.102070,0.005651,0.001036,0.00023817
9,315,0.505497,0.000121,19.7500,0.113116,0.102703,0.199127,0.034227,0.001748,0.00023817
9,316,0.509518,0.000135,15.3581,0.113110,0.102750,0.130874,0.010303,0.001937,0.00023817
9,317,0.484545,0.000115,22.9901,0.113259,0.102871,0.211187,0.009873,0.001069,0.00023817
9,318,0.368743,0.000088,17.9713,0.113127,0.102928,0.129091,0.007546,0.000956,0.00023817
9,319,0.348887,0.000074,20.9949,0.112971,0.102982,0.209456,0.010870,0.001124,0.00023817
9,320,0.424320,0.000110,14.3116,0.112863,0.102942,0.106349,0.011273,0.001723,0.00023817
9,321,0.411356,0.000080,28.3969,0.112828,0.102922,0.277302,0.008903,0.000981,0.00023817
9,322,0.338612,0.000092,8.7637,0.112650,0.102862,0.069086,0.008904,0.000523,0.00023817
9,323,0.427011,0.000090,27.0537,0.112570,0.102744,0.256717,0.005546,0.001972,0.00023817
9,324,0.538030,0.000130,20.8943,0.112604,0.102631,0.197009,0.032654,0.001941,0.00023817
9,325,0.501129,0.000120,22.9904,0.112516,0.102591,0.179690,0.015748,0.002171,0.00023817
9,326,0.477473,0.000112,22.5579,0.112636,0.102573,0.212006,0.008544,0.002052,0.00023817
9,327,0.516003,0.000142,11.5974,0.112501,0.102837,0.099342,0.017724,0.001956,0.00023817
9,328,0.596428,0.000132,33.9942,0.112864,0.103108,0.290792,0.017602,0.001852,0.00023817
9,329,0.546949,0.000129,23.9257,0.112932,0.103172,0.230981,0.020790,0.001834,0.00023817
9,330,0.436953,0.000113,14.1620,0.112923,0.103215,0.119987,0.017094,0.002081,0.00023817
9,331,0.537648,0.000134,21.2264,0.112953,0.103253,0.173677,0.011380,0.002022,0.00023817
9,332,0.493956,0.000127,17.0422,0.112937,0.103251,0.163980,0.010011,0.000845,0.00023817
9,333,0.472649,0.000107,24.4130,0.112995,0.103231,0.205747,0.012630,0.000985,0.00023817
9,334,0.516559,0.000122,23.0012,0.113009,0.103524,0.218478,0.018828,0.002022,0.00023817
9,335,0.370071,0.000094,13.5125,0.112917,0.103622,0.111612,0.005717,0.001719,0.00023817
9,336,0.311850,0.000067,17.7589,0.112864,0.103490,0.176441,0.006576,0.000594,0.00023817
9,337,0.467597,0.000115,19.7719,0.112775,0.103367,0.156256,0.010234,0.000999,0.00023817
9,338,0.340036,0.000076,17.9009,0.112678,0.103387,0.178108,0.007186,0.000895,0.00023817
9,339,0.429060,0.000109,15.4850,0.112573,0.103362,0.117517,0.017603,0.000880,0.00023817
9,340,0.315242,0.000067,19.0546,0.112466,0.103338,0.186501,0.005546,0.000832,0.00023817
9,341,0.395759,0.000099,14.5415,0.112368,0.103396,0.126360,0.019251,0.000774,0.00023817
9,342,0.476325,0.000116,16.9502,0.112330,0.103375,0.160667,0.039782,0.001493,0.00023817
9,343,0.491222,0.000128,15.7705,0.112262,0.103380,0.120855,0.016425,0.001651,0.00023817
9,344,0.488341,0.000119,20.0783,0.112197,0.103342,0.189819,0.021399,0.001348,0.00023817
9,345,0.372596,0.000097,11.6705,0.112108,0.103286,0.099770,0.016315,0.001445,0.00023817
9,346,0.493886,0.000125,17.2941,0.112119,0.103239,0.153730,0.021986,0.001779,0.00023817
9,347,0.415852,0.000113,10.3903,0.112003,0.103178,0.082600,0.016973,0.001351,0.00023817
9,348,0.565383,0.000130,28.9234,0.111962,0.103269,0.264291,0.010851,0.002153,0.00023817
9,349,0.346294,0.000089,11.5884,0.111855,0.103174,0.124603,0.008156,0.000546,0.00023817
9,350,0.409227,0.000090,24.5570,0.111741,0.103181,0.182564,0.009332,0.001028,0.00023817
9,351,0.496298,0.000125,15.8323,0.111679,0.103199,0.143643,0.037987,0.001420,0.00023817
9,352,0.427062,0.000094,24.1265,0.111825,0.103214,0.203215,0.008183,0.001610,0.00023817
9,353,0.321765,0.000081,11.6711,0.111688,0.103142,0.127365,0.004000,0.000748,0.00023817
9,354,0.399196,0.000090,22.1892,0.111753,0.103247,0.176331,0.007864,0.000409,0.00023817
9,355,0.378390,0.000101,11.4092,0.111608,0.103098,0.087758,0.007186,0.001131,0.00023817
9,356,0.384140,0.000068,32.9329,0.111885,0.102993,0.272058,0.007186,0.000605,0.00023817
9,357,0.353379,0.000084,15.9673,0.111855,0.102913,0.163013,0.004172,0.000682,0.00023817
9,358,0.391424,0.000089,17.9653,0.111840,0.102840,0.174908,0.041067,0.000749,0.00023817
9,359,0.458101,0.000080,39.8900,0.111819,0.102697,0.306696,0.019002,0.000646,0.00023817
9,360,0.375926,0.000075,24.8905,0.111768,0.102680,0.191450,0.019431,0.000576,0.00023817
9,361,0.494942,0.000109,25.6463,0.111686,0.102729,0.254407,0.030135,0.000845,0.00023817
9,362,0.898406,0.000235,26.0987,0.111838,0.102651,0.228148,0.058599,0.001681,0.00023817
9,363,0.696645,0.000181,20.9210,0.111813,0.102782,0.163485,0.042863,0.002018,0.00023817
9,364,0.705490,0.000158,34.8955,0.112075,0.102710,0.329419,0.042540,0.002696,0.00023817
9,365,0.694867,0.000183,18.0933,0.112037,0.102616,0.150457,0.053151,0.002782,0.00023817
9,366,0.475085,0.000117,15.6723,0.112006,0.102827,0.110061,0.065194,0.001060,0.00023817
9,367,0.591377,0.000139,27.4300,0.111883,0.102935,0.260677,0.031015,0.002317,0.00023817
9,368,0.357732,0.000090,10.8663,0.111786,0.102937,0.091741,0.037524,0.001119,0.00023817
9,369,0.450595,0.000104,22.2635,0.111871,0.102944,0.217474,0.008474,0.001654,0.00023817
9,370,0.376085,0.000091,17.7016,0.111757,0.102816,0.126353,0.004859,0.001194,0.00023817
9,371,0.410319,0.000104,13.2971,0.111618,0.102855,0.152905,0.017963,0.001501,0.00023817
9,372,0.275245,0.000069,11.0773,0.111479,0.102678,0.080970,0.007005,0.000902,0.00023817
9,373,0.447215,0.000086,30.3212,0.111488,0.102708,0.302489,0.018753,0.002082,0.00023817
9,374,0.299482,0.000079,9.5031,0.111319,0.102575,0.063885,0.008870,0.000544,0.00023817
9,375,0.434464,0.000092,26.4364,0.111244,0.102677,0.243437,0.015996,0.000742,0.00023817
9,376,0.397157,0.000094,17.6089,0.111162,0.102815,0.176363,0.015595,0.000698,0.00023817
9,377,0.407336,0.000083,28.0905,0.111109,0.102834,0.218970,0.011591,0.000670,0.00023817
9,378,0.406134,0.000090,23.2669,0.111208,0.102813,0.186110,0.007435,0.000929,0.00023817
9,379,0.310409,0.000067,18.2150,0.111079,0.102849,0.174638,0.010191,0.000770,0.00023817
9,380,0.312940,0.000069,17.6448,0.111101,0.102822,0.148688,0.004429,0.000990,0.00023817
9,381,0.323415,0.000080,12.1937,0.111012,0.102923,0.109253,0.014777,0.002137,0.00023817
9,382,0.336756,0.000071,20.8875,0.110980,0.102879,0.174956,0.001424,0.000601,0.00023817
9,383,0.419401,0.000104,17.0027,0.111019,0.102951,0.156382,0.008156,0.001394,0.00023817
9,384,0.341198,0.000075,19.4616,0.111093,0.102882,0.162652,0.009582,0.000919,0.00023817
9,385,0.342883,0.000076,20.1873,0.110984,0.102892,0.199919,0.002282,0.001470,0.00023817
9,386,0.316278,0.000073,15.9599,0.110920,0.102769,0.123508,0.007615,0.000901,0.00023817
9,387,0.354719,0.000088,14.7467,0.110898,0.102703,0.138383,0.005898,0.001482,0.00023817
9,388,0.385968,0.000103,11.3758,0.110778,0.102556,0.093723,0.008654,0.001709,0.00023817
9,389,0.380588,0.000082,21.6956,0.110699,0.102643,0.223201,0.009264,0.001295,0.00023817
9,390,0.271359,0.000069,9.6845,0.110575,0.102736,0.082506,0.007795,0.000748,0.00023817
9,391,0.350766,0.000077,20.0749,0.110562,0.102822,0.199061,0.004172,0.000720,0.00023817
10,1,0.553767,0.000135,22.9748,0.075413,0.126206,0.164015,0.031250,0.002389,0.00019635
10,2,0.481985,0.000130,11.4826,0.073895,0.137606,0.111982,0.021814,0.002165,0.00019635
10,3,0.443334,0.000114,15.2809,0.077133,0.121394,0.113468,0.014621,0.002064,0.00019635
10,4,0.473597,0.000119,17.2594,0.078389,0.119326,0.173320,0.015525,0.001751,0.00019635
10,5,0.412937,0.000103,15.8437,0.082120,0.112757,0.137534,0.015685,0.001498,0.00019635
10,6,0.461161,0.000124,11.8177,0.079817,0.111080,0.102244,0.020046,0.001563,0.00019635
10,7,0.395451,0.000105,11.3394,0.080092,0.103421,0.117948,0.010094,0.002422,0.00019635
10,8,0.413428,0.000106,14.9000,0.077966,0.106122,0.105926,0.009710,0.001650,0.00019635
10,9,0.401381,0.000104,12.7403,0.076902,0.103732,0.133650,0.014167,0.002009,0.00019635
10,10,0.484038,0.000123,17.3238,0.079755,0.107473,0.146051,0.011522,0.001794,0.00019635
10,11,0.399258,0.000107,11.2073,0.078327,0.113662,0.091590,0.008474,0.001590,0.00019635
10,12,0.416964,0.000108,13.4442,0.079316,0.114962,0.125097,0.012381,0.001554,0.00019635
10,13,0.485439,0.000123,17.2857,0.078915,0.114656,0.184126,0.010552,0.001563,0.00019635
10,14,0.447878,0.000119,13.3322,0.077722,0.114738,0.097815,0.012269,0.001652,0.00019635
10,15,0.468272,0.000127,11.7250,0.076865,0.114689,0.097188,0.015587,0.001790,0.00019635
10,16,0.527810,0.000114,31.6950,0.078129,0.117101,0.286781,0.008044,0.001974,0.00019635
10,17,0.420800,0.000086,29.4234,0.078694,0.115511,0.267216,0.008293,0.001529,0.00019635
10,18,0.366141,0.000095,11.3416,0.078577,0.113789,0.096399,0.013918,0.001935,0.00019635
10,19,0.393152,0.000098,15.7681,0.079899,0.113281,0.128888,0.009083,0.001040,0.00019635
10,20,0.363863,0.000098,9.2780,0.078844,0.110594,0.086198,0.014125,0.001291,0.00019635
10,21,0.504768,0.000104,32.4340,0.079753,0.109711,0.305781,0.011701,0.001754,0.00019635
10,22,0.420357,0.000105,15.6689,0.079926,0.109293,0.155206,0.010810,0.001315,0.00019635
10,23,0.471836,0.000093,33.5789,0.082335,0.108349,0.268610,0.013918,0.001426,0.00019635
10,24,0.442891,0.000106,20.3646,0.081900,0.109211,0.145995,0.012020,0.001795,0.00019635
10,25,0.350493,0.000091,11.0568,0.081496,0.108019,0.119877,0.008209,0.001306,0.00019635
10,26,0.389416,0.000094,15.7910,0.082606,0.107823,0.131169,0.027134,0.000954,0.00019635
10,27,0.341282,0.000079,15.8720,0.081687,0.110062,0.165773,0.012767,0.001298,0.00019635
10,28,0.360945,0.000075,21.9511,0.082669,0.110255,0.179151,0.014167,0.001006,0.00019635
10,29,0.455251,0.000113,18.3624,0.082665,0.110753,0.139029,0.013240,0.001741,0.00019635
10,30,0.368282,0.000079,20.1209,0.082755,0.110928,0.197173,0.023836,0.001796,0.00019635
10,31,0.279987,0.000069,10.9298,0.082011,0.110028,0.113780,0.007505,0.001165,0.00019635
10,32,0.336596,0.000072,20.6644,0.081337,0.109009,0.151279,0.017782,0.001104,0.00019635
10,33,0.328553,0.000084,11.4145,0.080995,0.108877,0.088876,0.012158,0.001415,0.00019635
10,34,0.267935,0.000060,14.8884,0.081134,0.108445,0.147457,0.002798,0.000901,0.00019635
10,35,0.432647,0.000116,10.3543,0.080703,0.108852,0.105710,0.025019,0.002026,0.00019635
10,36,0.450184,0.000108,20.7492,0.080359,0.108674,0.150602,0.015817,0.001828,0.00019635
10,37,0.413146,0.000109,13.2349,0.079987,0.107556,0.094704,0.007505,0.001842,0.00019635
10,38,0.460889,0.000104,26.0365,0.079757,0.108104,0.235358,0.008225,0.001545,0.00019635
10,39,0.440190,0.000100,22.9165,0.081405,0.108210,0.213879,0.009375,0.001899,0.00019635
10,40,0.376883,0.000100,10.8634,0.081142,0.107741,0.093007,0.012228,0.001601,0.00019635
10,41,0.468917,0.000105,26.8107,0.083700,0.108487,0.226580,0.009582,0.001936,0.00019635
10,42,0.415209,0.000109,13.3249,0.083946,0.108247,0.121059,0.006180,0.001866,0.00019635
10,43,0.548119,0.000122,29.4615,0.085519,0.107694,0.250459,0.015179,0.000702,0.00019635
10,44,0.410918,0.000104,12.7857,0.085792,0.107943,0.117026,0.032404,0.000640,0.00019635
10,45,0.342806,0.000072,21.4832,0.086958,0.107454,0.199786,0.010690,0.000878,0.00019635
10,46,0.332596,0.000083,12.0622,0.086778,0.106947,0.116948,0.012338,0.001240,0.00019635
10,47,0.445005,0.000085,31.7167,0.088005,0.106853,0.264283,0.011660,0.000949,0.00019635
10,48,0.388494,0.000099,12.2953,0.087931,0.106165,0.099954,0.032784,0.000539,0.00019635
10,49,0.481451,0.000104,24.4045,0.088785,0.106100,0.245401,0.037440,0.001919,0.00019635
10,50,0.322764,0.000082,10.6303,0.088225,0.105184,0.109002,0.018212,0.001772,0.00019635
10,51,0.426227,0.000079,32.8376,0.089207,0.104518,0.270254,0.006919,0.000428,0.00019635
10,52,0.445635,0.000102,20.9435,0.089608,0.105013,0.171020,0.027407,0.001803,0.00019635
10,53,0.464969,0.000104,23.8217,0.089850,0.105314,0.233448,0.015344,0.001858,0.00019635
10,54,0.362888,0.000092,11.9878,0.089523,0.106289,0.124692,0.013987,0.001475,0.00019635
10,55,0.459599,0.000086,35.2155,0.090653,0.105745,0.295898,0.004429,0.001352,0.00019635
10,56,0.473971,0.000105,27.9970,0.090571,0.105555,0.212361,0.008474,0.001580,0.00019635
10,57,0.399551,0.000093,18.4905,0.091128,0.106481,0.176547,0.012020,0.001595,0.00019635
10,58,0.387861,0.000099,13.0648,0.090742,0.107372,0.131344,0.009618,0.002277,0.00019635
10,59,0.468694,0.000099,27.8839,0.091820,0.106950,0.238088,0.011558,0.001522,0.00019635
10,60,0.374501,0.000086,18.7579,0.091537,0.107422,0.144010,0.011951,0.000575,0.00019635
10,61,0.349169,0.000073,21.0914,0.091639,0.107266,0.218517,0.007615,0.000625,0.00019635
10,62,0.282319,0.000068,10.2396,0.091081,0.107020,0.121090,0.024334,0.000821,0.00019635
10,63,0.383876,0.000068,32.0211,0.091967,0.107405,0.255204,0.012518,0.000977,0.00019635
10,64,0.467727,0.000110,22.0714,0.091683,0.107662,0.154279,0.018510,0.001786,0.00019635
10,65,0.394234,0.000103,10.1950,0.091185,0.107302,0.084452,0.036015,0.001314,0.00019635
10,66,0.483398,0.000101,29.9118,0.092224,0.106858,0.293372,0.013780,0.001658,0.00019635
10,67,0.393361,0.000087,19.9133,0.092543,0.106516,0.198907,0.030416,0.001268,0.00019635
10,68,0.296979,0.000070,12.1245,0.092018,0.106208,0.075445,0.032585,0.001036,0.00019635
10,69,0.453209,0.000110,18.5476,0.091875,0.106117,0.204823,0.013669,0.001601,0.00019635
10,70,0.345279,0.000087,13.3726,0.091508,0.105996,0.096728,0.012269,0.001059,0.00019635
10,71,0.273793,0.000071,8.9200,0.091011,0.105456,0.085064,0.004180,0.000743,0.00019635
10,72,0.411761,0.000103,16.1859,0.091281,0.105492,0.139013,0.008044,0.000842,0.00019635
10,73,0.408404,0.000108,12.4425,0.090877,0.105706,0.134364,0.005288,0.000526,0.00019635
10,74,0.363971,0.000082,19.6510,0.090525,0.105683,0.154537,0.007615,0.001155,0.00019635
10,75,0.436087,0.000110,16.2342,0.090778,0.105925,0.143241,0.011161,0.001340,0.00019635
10,76,0.289006,0.000072,10.7387,0.090407,0.105592,0.094083,0.014994,0.000977,0.00019635
10,77,0.562500,0.000141,20.8693,0.090470,0.105265,0.190142,0.018684,0.000861,0.00019635
10,78,0.477158,0.000122,15.6083,0.090444,0.105471,0.163093,0.018282,0.001176,0.00019635
10,79,0.537737,0.000139,18.7915,0.090518,0.105320,0.151391,0.012767,0.000908,0.00019635
10,80,0.563119,0.000145,18.5240,0.090868,0.105409,0.161655,0.027799,0.001300,0.00019635
10,81,0.415570,0.000112,10.8467,0.090633,0.105750,0.091067,0.014056,0.001304,0.00019635
10,82,0.442480,0.000098,24.8675,0.091328,0.105368,0.228863,0.011051,0.002255,0.00019635
10,83,0.395018,0.000095,16.7434,0.091556,0.105490,0.164512,0.009444,0.001858,0.00019635
10,84,0.369295,0.000096,12.8227,0.091238,0.106063,0.090590,0.007615,0.001065,0.00019635
10,85,0.279660,0.000067,12.0889,0.090861,0.106280,0.104769,0.010244,0.001669,0.00019635
10,86,0.568167,0.000139,22.1736,0.091491,0.106506,0.185469,0.032972,0.002351,0.00019635
10,87,0.518855,0.000124,22.3999,0.091329,0.106337,0.227148,0.017645,0.002701,0.00019635
10,88,0.436714,0.000111,15.6687,0.091388,0.106395,0.115573,0.020899,0.001731,0.00019635
10,89,0.441498,0.000109,16.8691,0.091566,0.106492,0.172593,0.013240,0.001698,0.00019635
10,90,0.379498,0.000092,16.4730,0.091533,0.106331,0.124457,0.010122,0.001336,0.00019635
10,91,0.365621,0.000097,9.6526,0.091243,0.106051,0.106334,0.012224,0.001757,0.00019635
10,92,0.414930,0.000099,17.5904,0.091259,0.106309,0.135383,0.024085,0.001249,0.00019635
10,93,0.295063,0.000075,9.7109,0.091001,0.106074,0.094102,0.014558,0.001085,0.00019635
10,94,0.296784,0.000068,14.7131,0.090948,0.106624,0.153847,0.003141,0.000569,0.00019635
10,95,0.325432,0.000068,21.4930,0.090766,0.106588,0.161783,0.008363,0.000645,0.00019635
10,96,0.401555,0.000097,18.3693,0.091149,0.106339,0.158223,0.008225,0.001153,0.00019635
10,97,0.412891,0.000112,10.4180,0.090803,0.106206,0.075415,0.016425,0.000814,0.00019635
10,98,0.334997,0.000073,19.0611,0.091047,0.105864,0.195734,0.001853,0.000398,0.00019635
10,99,0.333570,0.000082,13.3529,0.090898,0.105873,0.143203,0.004429,0.000708,0.00019635
10,100,0.274086,0.000065,13.1355,0.090788,0.105968,0.102283,0.007546,0.000435,0.00019635
10,101,0.293747,0.000072,10.6172,0.090610,0.105997,0.111750,0.017671,0.000473,0.00019635
10,102,0.350770,0.000062,29.1104,0.091097,0.105874,0.241705,0.004172,0.000348,0.00019635
10,103,0.310524,0.000079,11.6680,0.090863,0.106087,0.087022,0.009332,0.000580,0.00019635
10,104,0.597877,0.000122,37.4725,0.091353,0.106191,0.365535,0.015816,0.000857,0.00019635
10,105,0.444560,0.000089,28.5593,0.091595,0.106436,0.279797,0.018462,0.001182,0.00019635
10,106,0.396213,0.000087,22.3751,0.091752,0.106530,0.180765,0.008731,0.000966,0.00019635
10,107,0.290368,0.000077,8.9659,0.091426,0.106470,0.074450,0.005717,0.000595,0.00019635
10,108,0.563733,0.000120,32.8361,0.092094,0.107175,0.322176,0.011230,0.001361,0.00019635
10,109,0.355857,0.000078,19.4743,0.092349,0.107424,0.189943,0.013128,0.001121,0.00019635
10,110,0.473040,0.000116,18.3684,0.092658,0.107835,0.159525,0.017866,0.001086,0.00019635
10,111,0.306360,0.000074,12.7380,0.092517,0.107629,0.092074,0.022977,0.000547,0.00019635
10,112,0.398945,0.000076,26.5868,0.092583,0.107692,0.257195,0.035085,0.001088,0.00019635
10,113,0.297494,0.000072,12.7027,0.092390,0.107979,0.135158,0.004429,0.000908,0.00019635
10,114,0.330748,0.000063,25.0227,0.092397,0.108164,0.197570,0.005717,0.000732,0.00019635
10,115,0.239824,0.000056,12.3091,0.092115,0.108246,0.085861,0.005288,0.000415,0.00019635
10,116,0.400120,0.000095,17.3878,0.091969,0.108335,0.180072,0.013351,0.000919,0.00019635
10,117,0.389754,0.000100,13.1570,0.091899,0.108087,0.143202,0.005717,0.001424,0.00019635
10,118,0.304797,0.000080,9.3857,0.091611,0.107902,0.076975,0.005717,0.002004,0.00019635
10,119,0.303866,0.000067,17.6349,0.091954,0.107949,0.158702,0.004172,0.000748,0.00019635
10,120,0.322911,0.000079,12.7001,0.091651,0.107843,0.127285,0.012338,0.001008,0.00019635
10,121,0.414764,0.000079,28.4507,0.092277,0.107655,0.241883,0.028782,0.000812,0.00019635
10,122,0.420409,0.000100,17.3961,0.092384,0.107386,0.146170,0.030894,0.000976,0.00019635
10,123,0.378325,0.000071,27.4704,0.092588,0.107591,0.274409,0.008293,0.000517,0.00019635
10,124,0.249107,0.000061,9.5856,0.092402,0.107560,0.101051,0.014167,0.000554,0.00019635
10,125,0.368312,0.000068,27.7287,0.092775,0.107587,0.230955,0.012450,0.000598,0.00019635
10,126,0.277117,0.000062,15.0852,0.092673,0.107537,0.117208,0.006576,0.000666,0.00019635
10,127,0.366406,0.000075,22.5877,0.092817,0.107392,0.231742,0.008822,0.000768,0.00019635
10,128,0.288752,0.000072,10.6705,0.092678,0.107101,0.088829,0.017104,0.000508,0.00019635
10,129,0.374685,0.000087,19.5721,0.093005,0.107115,0.172552,0.002892,0.001057,0.00019635
10,130,0.299616,0.000066,17.0897,0.092983,0.107590,0.170328,0.008903,0.000660,0.00019635
10,131,0.317731,0.000069,18.6557,0.093093,0.107478,0.140776,0.006327,0.001383,0.00019635
10,132,0.355672,0.000092,11.5102,0.092980,0.107510,0.115264,0.007864,0.000686,0.00019635
10,133,0.386813,0.000086,20.8349,0.093118,0.107511,0.172717,0.007615,0.000566,0.00019635
10,134,0.266289,0.000064,11.3156,0.093049,0.107358,0.110010,0.007795,0.000767,0.00019635
10,135,0.480128,0.000115,20.8777,0.093364,0.107471,0.198732,0.018435,0.000635,0.00019635
10,136,0.424645,0.000110,13.9928,0.093287,0.107214,0.103260,0.016537,0.000517,0.00019635
10,137,0.295540,0.000077,8.8470,0.093059,0.107082,0.088068,0.013558,0.001181,0.00019635
10,138,0.254276,0.000059,13.1522,0.092797,0.106787,0.094903,0.004859,0.000993,0.00019635
10,139,0.324888,0.000071,18.7154,0.092990,0.106649,0.183988,0.002712,0.001412,0.00019635
10,140,0.327977,0.000085,9.6116,0.092756,0.106507,0.092067,0.016246,0.001362,0.00019635
10,141,0.498141,0.000110,27.2419,0.092688,0.106854,0.260644,0.005468,0.005645,0.00019635
10,142,0.472546,0.000118,18.5087,0.092870,0.106922,0.155229,0.008474,0.003876,0.00019635
10,143,0.368208,0.000087,16.6634,0.092747,0.106670,0.166730,0.009942,0.002982,0.00019635
10,144,0.370190,0.000090,14.9466,0.092739,0.106499,0.119296,0.017636,0.006380,0.00019635
10,145,0.377823,0.000097,12.4036,0.092746,0.106592,0.120312,0.013171,0.002563,0.00019635
10,146,0.327765,0.000077,16.1456,0.092608,0.106534,0.126470,0.005468,0.000942,0.00019635
10,147,0.381961,0.000102,9.2799,0.092399,0.106584,0.082465,0.025956,0.000981,0.00019635
10,148,0.336453,0.000076,16.6949,0.092416,0.106495,0.173275,0.009762,0.000546,0.00019635
10,149,0.338126,0.000090,9.0006,0.092216,0.106336,0.079786,0.014354,0.001123,0.00019635
10,150,0.478934,0.000113,21.8706,0.092580,0.106176,0.193896,0.022479,0.001582,0.00019635
10,151,0.325220,0.000074,16.5443,0.092582,0.106229,0.124957,0.021647,0.001214,0.00019635
10,152,0.392540,0.000089,17.8326,0.092711,0.105984,0.157616,0.040394,0.000878,0.00019635
10,153,0.282935,0.000071,9.7579,0.092461,0.105961,0.105101,0.014366,0.001025,0.00019635
10,154,0.378261,0.000095,14.3199,0.092439,0.106122,0.101225,0.013738,0.002534,0.00019635
10,155,0.416368,0.000104,13.0405,0.092337,0.105947,0.133815,0.037730,0.002863,0.00019635
10,156,0.441695,0.000106,17.9839,0.092501,0.105910,0.150655,0.027072,0.003010,0.00019635
10,157,0.370268,0.000095,11.7430,0.092403,0.106384,0.111022,0.017852,0.001644,0.00019635
10,158,0.403513,0.000076,31.6810,0.093062,0.106263,0.272945,0.010801,0.002038,0.00019635
10,159,0.360608,0.000072,25.1575,0.093347,0.106286,0.189274,0.013060,0.002070,0.00019635
10,160,0.310730,0.000076,12.3781,0.093211,0.106373,0.089911,0.014450,0.001133,0.00019635
10,161,0.372843,0.000074,25.8101,0.093130,0.106411,0.242189,0.009266,0.001268,0.00019635
10,162,0.322152,0.000076,13.9805,0.093089,0.106049,0.142369,0.016383,0.001011,0.00019635
10,163,0.329750,0.000087,9.7389,0.092914,0.105893,0.087012,0.011660,0.001006,0.00019635
10,164,0.409837,0.000088,24.3344,0.093262,0.105690,0.217504,0.015885,0.000986,0.00019635
10,165,0.388057,0.000097,13.2990,0.093215,0.105900,0.104217,0.029282,0.001459,0.00019635
10,166,0.418036,0.000097,20.8360,0.093567,0.105770,0.180250,0.006327,0.001607,0.00019635
10,167,0.467201,0.000123,12.9316,0.093588,0.105897,0.123080,0.021552,0.002164,0.00019635
10,168,0.416429,0.000090,23.9275,0.093748,0.105954,0.231888,0.007186,0.001672,0.00019635
10,169,0.383583,0.000100,12.4583,0.093683,0.106093,0.096482,0.009582,0.002032,0.00019635
10,170,0.304505,0.000071,13.7189,0.093739,0.105989,0.125154,0.015163,0.000903,0.00019635
10,171,0.372289,0.000100,7.9173,0.093476,0.106079,0.087860,0.028379,0.001008,0.00019635
10,172,0.430551,0.000082,33.0814,0.093991,0.105900,0.301557,0.006756,0.000502,0.00019635
10,173,0.415992,0.000091,25.2412,0.094278,0.105740,0.188178,0.012089,0.000722,0.00019635
10,174,0.349526,0.000089,13.0093,0.094065,0.105555,0.083182,0.009762,0.000937,0.00019635
10,175,0.390702,0.000088,20.4672,0.094093,0.105769,0.199594,0.018143,0.001281,0.00019635
10,176,0.360096,0.000087,14.4987,0.094122,0.105722,0.136859,0.025167,0.000582,0.00019635
10,177,0.284349,0.000070,11.0917,0.094057,0.105517,0.115687,0.005717,0.000892,0.00019635
10,178,0.307920,0.000065,19.3791,0.093942,0.105365,0.148046,0.005123,0.000311,0.00019635
10,179,0.305803,0.000074,12.9731,0.093844,0.105483,0.108773,0.007435,0.001053,0.00019635
10,180,0.385960,0.000104,10.3948,0.093736,0.105377,0.095171,0.009195,0.000979,0.00019635
10,181,0.353583,0.000092,9.9705,0.093620,0.105185,0.090004,0.021718,0.000779,0.00019635
10,182,0.415694,0.000107,13.9935,0.093648,0.105159,0.125691,0.010234,0.000925,0.00019635
10,183,0.243263,0.000059,9.5238,0.093445,0.105316,0.094015,0.014056,0.000594,0.00019635
10,184,0.362121,0.000079,21.2612,0.093422,0.105140,0.173294,0.008044,0.000778,0.00019635
10,185,0.322002,0.000086,9.6346,0.093263,0.105146,0.075639,0.003141,0.000763,0.00019635
10,186,0.354141,0.000068,28.4698,0.093118,0.105083,0.246052,0.003570,0.000388,0.00019635
10,187,0.241435,0.000055,13.0361,0.093088,0.105344,0.111020,0.005546,0.000361,0.00019635
10,188,0.300558,0.000078,10.2006,0.092920,0.105203,0.106775,0.004429,0.000422,0.00019635
10,189,0.282106,0.000062,16.8306,0.092739,0.105226,0.127860,0.004429,0.000434,0.00019635
10,190,0.293765,0.000073,11.3169,0.092600,0.105145,0.083649,0.010440,0.000589,0.00019635
10,191,0.344748,0.000078,18.6838,0.092464,0.104826,0.180984,0.004429,0.000433,0.00019635
10,192,0.360881,0.000094,11.9413,0.092450,0.104770,0.110648,0.007615,0.001533,0.00019635
10,193,0.257962,0.000063,10.2772,0.092275,0.104598,0.078307,0.017533,0.000594,0.00019635
10,194,0.287663,0.000074,9.8439,0.092097,0.104512,0.096043,0.004000,0.000870,0.00019635
10,195,0.329723,0.000074,17.2373,0.092098,0.104491,0.180171,0.002480,0.000340,0.00019635
10,196,0.329845,0.000081,14.1307,0.091899,0.104599,0.097005,0.007435,0.000878,0.00019635
10,197,0.333123,0.000080,14.3359,0.091858,0.104745,0.154524,0.007615,0.000500,0.00019635
10,198,0.262989,0.000068,9.1188,0.091726,0.104617,0.080684,0.004000,0.000590,0.00019635
10,199,0.345517,0.000088,12.6898,0.091676,0.104374,0.117333,0.008723,0.001044,0.00019635
10,200,0.272957,0.000069,11.1809,0.091536,0.104230,0.076011,0.003141,0.000588,0.00019635
10,201,0.287635,0.000067,13.8817,0.091407,0.104097,0.151944,0.004859,0.000314,0.00019635
10,202,0.245672,0.000061,9.8767,0.091239,0.104187,0.070981,0.004180,0.000274,0.00019635
10,203,0.426884,0.000103,17.8539,0.091191,0.104304,0.189093,0.010372,0.000647,0.00019635
10,204,0.239103,0.000061,8.8346,0.091023,0.104229,0.066227,0.006919,0.000512,0.00019635
10,205,0.431073,0.000105,16.5696,0.091058,0.104260,0.171681,0.023518,0.000627,0.00019635
10,206,0.347701,0.000084,14.1601,0.090883,0.104094,0.103843,0.020582,0.001168,0.00019635
10,207,0.331309,0.000074,16.4573,0.090779,0.103948,0.171706,0.017894,0.001157,0.00019635
10,208,0.294291,0.000071,12.7330,0.090717,0.103802,0.098109,0.014416,0.000781,0.00019635
10,209,0.307918,0.000067,17.0268,0.090729,0.103770,0.181423,0.005648,0.000445,0.00019635
10,210,0.240988,0.000061,8.9459,0.090600,0.103790,0.080674,0.002712,0.000791,0.00019635
10,211,0.491114,0.000128,14.7281,0.090599,0.103779,0.154371,0.014846,0.004432,0.00019635
10,212,0.476449,0.000115,21.1112,0.090718,0.103714,0.168957,0.011380,0.002012,0.00019635
10,213,0.405864,0.000103,14.6694,0.090741,0.103792,0.152674,0.006078,0.001237,0.00019635
10,214,0.444353,0.000115,15.4784,0.090713,0.103762,0.115570,0.012201,0.001541,0.00019635
10,215,0.302741,0.000078,10.6398,0.090542,0.103799,0.097382,0.003141,0.001415,0.00019635
10,216,0.334868,0.000078,16.2278,0.090613,0.103631,0.140956,0.006756,0.000478,0.00019635
10,217,0.443022,0.000118,13.0348,0.090517,0.103692,0.093078,0.014847,0.000877,0.00019635
10,218,0.541923,0.000131,24.2562,0.090534,0.103828,0.220489,0.017311,0.002838,0.00019635
10,219,0.349325,0.000071,21.5948,0.090476,0.103803,0.225561,0.016314,0.001458,0.00019635
10,220,0.299872,0.000058,22.2083,0.090454,0.103818,0.184867,0.005717,0.000815,0.00019635
10,221,0.329952,0.000071,20.0822,0.090686,0.103771,0.170217,0.008293,0.001337,0.00019635
10,222,0.454073,0.000119,13.5867,0.090582,0.103962,0.108625,0.017782,0.001263,0.00019635
10,223,0.429720,0.000084,29.0089,0.090627,0.104047,0.274683,0.024266,0.001564,0.00019635
10,224,0.372964,0.000101,9.3690,0.090515,0.104014,0.091300,0.008834,0.001452,0.00019635
10,225,0.291944,0.000066,14.5949,0.090604,0.104104,0.140469,0.014305,0.000642,0.00019635
10,226,0.402465,0.000096,19.4377,0.090529,0.104127,0.137344,0.007615,0.001361,0.00019635
10,227,0.363173,0.000099,8.7634,0.090395,0.104078,0.080819,0.009693,0.000455,0.00019635
10,228,0.422851,0.000106,16.5993,0.090492,0.104001,0.161240,0.002282,0.001139,0.00019635
10,229,0.522014,0.000145,11.6303,0.090430,0.104014,0.113876,0.008293,0.000895,0.00019635
10,230,0.303548,0.000067,17.3084,0.090617,0.104072,0.162157,0.003141,0.000773,0.00019635
10,231,0.334445,0.000075,17.5948,0.090529,0.104145,0.128798,0.025485,0.001076,0.00019635
10,232,0.326475,0.000079,14.0048,0.090395,0.104006,0.142312,0.008903,0.000707,0.00019635
10,233,0.298522,0.000074,11.7523,0.090321,0.104025,0.087156,0.016494,0.001237,0.00019635
10,234,0.311155,0.000077,11.8026,0.090203,0.103832,0.125847,0.007366,0.001344,0.00019635
10,235,0.293359,0.000066,15.9289,0.090183,0.103828,0.122633,0.007117,0.000841,0.00019635
10,236,0.495884,0.000129,15.2852,0.090184,0.103791,0.150799,0.016632,0.000795,0.00019635
10,237,0.413214,0.000096,20.4877,0.090206,0.104043,0.160875,0.010122,0.001675,0.00019635
10,238,0.267169,0.000055,18.4529,0.090042,0.104199,0.176502,0.002798,0.000414,0.00019635
10,239,0.310099,0.000073,14.8094,0.089906,0.104053,0.115109,0.006327,0.000831,0.00019635
10,240,0.380947,0.000098,13.1901,0.089934,0.104331,0.109291,0.013066,0.001154,0.00019635
10,241,0.305100,0.000069,14.9032,0.089828,0.104398,0.163933,0.014555,0.000756,0.00019635
10,242,0.290381,0.000073,10.8500,0.089751,0.104295,0.089626,0.006756,0.000987,0.00019635
10,243,0.285444,0.000060,19.1425,0.089885,0.104088,0.158702,0.004000,0.000517,0.00019635
10,244,0.295022,0.000073,12.6565,0.089738,0.104191,0.081542,0.006507,0.000993,0.00019635
10,245,0.367855,0.000082,20.8793,0.089654,0.104111,0.206054,0.005648,0.000696,0.00019635
10,246,0.303718,0.000074,12.3530,0.089562,0.103893,0.146560,0.003009,0.001454,0.00019635
10,247,0.330126,0.000081,14.5363,0.089425,0.103842,0.105539,0.003141,0.001081,0.00019635
10,248,0.347656,0.000085,14.5110,0.089495,0.103883,0.112770,0.018821,0.000736,0.00019635
10,249,0.330162,0.000078,15.8851,0.089369,0.103733,0.160420,0.005039,0.000331,0.00019635
10,250,0.336188,0.000078,17.2075,0.089479,0.103743,0.150904,0.004180,0.000696,0.00019635
10,251,0.262216,0.000069,8.0925,0.089319,0.103802,0.067889,0.008903,0.000514,0.00019635
10,252,0.276829,0.000070,10.1913,0.089185,0.103868,0.112870,0.003141,0.000617,0.00019635
10,253,0.440160,0.000116,13.2959,0.089200,0.103787,0.126425,0.010759,0.001196,0.00019635
10,254,0.360519,0.000088,15.7891,0.089136,0.103728,0.121060,0.004429,0.001169,0.00019635
10,255,0.397657,0.000104,12.1276,0.089051,0.103699,0.096072,0.012992,0.000399,0.00019635
10,256,0.347271,0.000072,21.0849,0.089036,0.103725,0.207328,0.009762,0.001489,0.00019635
10,257,0.313296,0.000079,11.5716,0.088976,0.103893,0.103541,0.010732,0.000790,0.00019635
10,258,0.337590,0.000077,17.9099,0.089138,0.103968,0.150892,0.014639,0.000596,0.00019635
10,259,0.438484,0.000121,10.2021,0.089045,0.104209,0.078419,0.010191,0.002036,0.00019635
10,260,0.311555,0.000076,13.0399,0.088942,0.104344,0.132682,0.004000,0.000885,0.00019635
10,261,0.406067,0.000111,10.0398,0.088825,0.104292,0.091208,0.007864,0.001498,0.00019635
10,262,0.404911,0.000081,29.3120,0.089167,0.104157,0.252084,0.007795,0.001930,0.00019635
10,263,0.328141,0.000062,25.3925,0.089247,0.104250,0.201516,0.005651,0.001013,0.00019635
10,264,0.256004,0.000065,8.9858,0.089131,0.104222,0.080110,0.007435,0.000560,0.00019635
10,265,0.452174,0.000088,32.5186,0.089236,0.104218,0.314058,0.006147,0.001228,0.00019635
10,266,0.397078,0.000085,23.4556,0.089234,0.104261,0.230028,0.013806,0.000726,0.00019635
10,267,0.484422,0.000108,26.2276,0.089392,0.104304,0.206607,0.016744,0.001127,0.00019635
10,268,0.348449,0.000090,12.1736,0.089371,0.104136,0.093457,0.006327,0.000863,0.00019635
10,269,0.385879,0.000088,20.1416,0.089372,0.104199,0.200306,0.010054,0.000665,0.00019635
10,270,0.306021,0.000075,13.1909,0.089419,0.104159,0.120712,0.005898,0.000530,0.00019635
10,271,0.289279,0.000075,9.7785,0.089305,0.104177,0.077352,0.006576,0.000713,0.00019635
10,272,0.331892,0.000070,21.5757,0.089264,0.103986,0.207450,0.004172,0.000868,0.00019635
10,273,0.460431,0.000115,16.3119,0.089320,0.103823,0.127691,0.025594,0.001551,0.00019635
10,274,0.394158,0.000075,27.6215,0.089313,0.103979,0.261058,0.028602,0.001345,0.00019635
10,275,0.336062,0.000090,9.9322,0.089196,0.103922,0.072634,0.005039,0.001283,0.00019635
10,276,0.301327,0.000067,15.5370,0.089154,0.103860,0.163565,0.008834,0.000569,0.00019635
10,277,0.276518,0.000069,11.0526,0.089063,0.103893,0.079748,0.005648,0.000505,0.00019635
10,278,0.389276,0.000096,14.5239,0.089096,0.103936,0.147209,0.017291,0.000809,0.00019635
10,279,0.295325,0.000064,17.0672,0.089070,0.104057,0.133212,0.009762,0.000666,0.00019635
10,280,0.570546,0.000147,15.8828,0.089023,0.104129,0.165460,0.047627,0.002174,0.00019635
10,281,0.254132,0.000065,8.7696,0.088885,0.104168,0.063421,0.012312,0.000434,0.00019635
10,282,0.358984,0.000087,13.1214,0.088843,0.104237,0.136965,0.025528,0.000833,0.00019635
10,283,0.311984,0.000077,12.0106,0.088803,0.104312,0.110516,0.009942,0.000317,0.00019635
10,284,0.316353,0.000084,9.1444,0.088740,0.104182,0.090208,0.010440,0.000541,0.00019635
10,285,0.324111,0.000078,14.6375,0.088714,0.104156,0.121376,0.005039,0.000609,0.00019635
10,286,0.277768,0.000061,15.0626,0.088621,0.104033,0.157566,0.004609,0.000439,0.00019635
10,287,0.380268,0.000096,14.5896,0.088604,0.103925,0.109242,0.007005,0.000852,0.00019635
10,288,0.308695,0.000079,10.3439,0.088524,0.103766,0.103676,0.005717,0.001320,0.00019635
10,289,0.233984,0.000058,9.2578,0.088453,0.103889,0.091199,0.005546,0.000750,0.00019635
10,290,0.415800,0.000109,13.5218,0.088479,0.103948,0.108507,0.006147,0.000971,0.00019635
10,291,0.305998,0.000078,10.6597,0.088391,0.103846,0.106044,0.010552,0.001200,0.00019635
10,292,0.307728,0.000067,17.6995,0.088448,0.103965,0.177938,0.003570,0.000572,0.00019635
10,293,0.360300,0.000080,21.4506,0.088474,0.103939,0.156747,0.008474,0.000756,0.00019635
10,294,0.286770,0.000073,9.6884,0.088398,0.103767,0.104078,0.006576,0.000606,0.00019635
10,295,0.400167,0.000107,11.0797,0.088292,0.103827,0.079673,0.012408,0.001253,0.00019635
10,296,0.365174,0.000100,9.4260,0.088221,0.103703,0.086141,0.004000,0.000840,0.00019635
10,297,0.384412,0.000093,16.8833,0.088297,0.103647,0.168480,0.004066,0.002621,0.00019635
10,298,0.320975,0.000076,15.5100,0.088231,0.103601,0.126000,0.005717,0.001282,0.00019635
10,299,0.336864,0.000076,17.6601,0.088147,0.103606,0.171734,0.004609,0.000677,0.00019635
10,300,0.278824,0.000061,15.9072,0.088197,0.103467,0.135705,0.004859,0.000682,0.00019635
10,301,0.243731,0.000061,9.0797,0.088101,0.103637,0.099632,0.003570,0.000712,0.00019635
10,302,0.325081,0.000072,18.2400,0.088077,0.103928,0.144788,0.006078,0.000600,0.00019635
10,303,0.259711,0.000067,8.6426,0.087998,0.103919,0.088485,0.004000,0.000750,0.00019635
10,304,0.346093,0.000082,16.3786,0.088074,0.103869,0.144260,0.008903,0.000859,0.00019635
10,305,0.337530,0.000087,11.3833,0.088035,0.103948,0.096883,0.009762,0.001014,0.00019635
10,306,0.509833,0.000127,19.9654,0.088165,0.103876,0.160532,0.012992,0.001766,0.00019635
10,307,0.406405,0.000102,15.2391,0.088129,0.103861,0.155233,0.007615,0.000961,0.00019635
10,308,0.446229,0.000118,11.9948,0.088070,0.103927,0.090509,0.026386,0.001151,0.00019635
10,309,0.332734,0.000082,13.3605,0.087959,0.103835,0.138929,0.006576,0.001339,0.00019635
10,310,0.272655,0.000063,14.4858,0.087892,0.103753,0.102852,0.007435,0.000844,0.00019635
10,311,0.284970,0.000066,14.1474,0.087898,0.103840,0.137510,0.007435,0.000792,0.00019635
10,312,0.292890,0.000077,9.3650,0.087789,0.103931,0.069099,0.007435,0.001043,0.00019635
10,313,0.272025,0.000056,17.5423,0.087807,0.103891,0.176771,0.002712,0.000825,0.00019635
10,314,0.282589,0.000072,10.1875,0.087725,0.103967,0.083272,0.007987,0.000807,0.00019635
10,315,0.409123,0.000107,12.1215,0.087717,0.103929,0.111022,0.018821,0.001728,0.00019635
10,316,0.470684,0.000126,11.8924,0.087692,0.103912,0.121190,0.017173,0.001638,0.00019635
10,317,0.414610,0.000113,10.7967,0.087650,0.103921,0.084781,0.009222,0.001228,0.00019635
10,318,0.328450,0.000086,9.2747,0.087577,0.103960,0.101287,0.014167,0.000748,0.00019635
10,319,0.283634,0.000073,9.8382,0.087513,0.103939,0.079997,0.009942,0.001280,0.00019635
10,320,0.427214,0.000108,15.4693,0.087556,0.104056,0.123976,0.013377,0.001278,0.00019635
10,321,0.368257,0.000084,19.2057,0.087460,0.104162,0.189376,0.005717,0.000750,0.00019635
10,322,0.327368,0.000088,9.1565,0.087379,0.104132,0.075908,0.010690,0.000423,0.00019635
10,323,0.302676,0.000068,15.9407,0.087421,0.104118,0.162724,0.008293,0.000214,0.00019635
10,324,0.476497,0.000125,14.0379,0.087343,0.104195,0.105175,0.023296,0.001671,0.00019635
10,325,0.434788,0.000113,14.0323,0.087265,0.104089,0.140306,0.010670,0.001689,0.00019635
10,326,0.400319,0.000105,12.5915,0.087256,0.103909,0.106181,0.010372,0.001567,0.00019635
10,327,0.484670,0.000132,12.1823,0.087237,0.103970,0.110533,0.011848,0.001934,0.00019635
10,328,0.429463,0.000115,11.6526,0.087214,0.103956,0.096920,0.013198,0.001746,0.00019635
10,329,0.425674,0.000112,12.5741,0.087196,0.104107,0.126374,0.009270,0.001558,0.00019635
10,330,0.409504,0.000108,12.1321,0.087139,0.104237,0.098477,0.012052,0.002144,0.00019635
10,331,0.445165,0.000118,12.8262,0.087095,0.104248,0.125130,0.012574,0.002023,0.00019635
10,332,0.476008,0.000126,14.1750,0.087071,0.104219,0.116804,0.014665,0.001040,0.00019635
10,333,0.372191,0.000099,10.4248,0.087033,0.104311,0.101518,0.012020,0.000955,0.00019635
10,334,0.460401,0.000120,14.4218,0.087064,0.104422,0.121210,0.015462,0.001216,0.00019635
10,335,0.404744,0.000103,15.0014,0.087015,0.104510,0.142768,0.003141,0.001814,0.00019635
10,336,0.291015,0.000070,13.3560,0.086920,0.104520,0.097248,0.007435,0.000722,0.00019635
10,337,0.430093,0.000115,11.9335,0.086900,0.104561,0.104411,0.009762,0.000926,0.00019635
10,338,0.329554,0.000078,14.5761,0.086888,0.104486,0.149768,0.012699,0.001092,0.00019635
10,339,0.426806,0.000111,14.7311,0.086810,0.104405,0.107876,0.011549,0.001045,0.00019635
10,340,0.310676,0.000064,19.6410,0.086865,0.104421,0.192512,0.002798,0.000663,0.00019635
10,341,0.331064,0.000087,10.3291,0.086805,0.104502,0.093290,0.010372,0.000992,0.00019635
10,342,0.542394,0.000131,20.3027,0.086801,0.104584,0.197196,0.036249,0.004219,0.00019635
10,343,0.519940,0.000141,13.4498,0.086795,0.104590,0.111616,0.018392,0.003470,0.00019635
10,344,0.609461,0.000140,28.6132,0.086994,0.104729,0.250096,0.025957,0.005523,0.00019635
10,345,0.599132,0.000148,21.1006,0.087123,0.104733,0.187944,0.035009,0.012570,0.00019635
10,346,0.542585,0.000122,25.8992,0.087367,0.104704,0.246933,0.033526,0.002321,0.00019635
10,347,0.519692,0.000135,16.1140,0.087435,0.104701,0.160420,0.016494,0.001528,0.00019635
10,348,0.501786,0.000114,25.9978,0.087571,0.104670,0.221108,0.012130,0.001638,0.00019635
10,349,0.349192,0.000083,16.7117,0.087536,0.104617,0.121332,0.010372,0.000394,0.00019635
10,350,0.396660,0.000094,17.3766,0.087541,0.104671,0.176004,0.014416,0.000632,0.00019635
10,351,0.497942,0.000129,14.2914,0.087600,0.104625,0.137589,0.028353,0.001406,0.00019635
10,352,0.375848,0.000096,13.3747,0.087590,0.104598,0.100829,0.010191,0.000646,0.00019635
10,353,0.309499,0.000085,7.7656,0.087484,0.104600,0.078218,0.004180,0.001042,0.00019635
10,354,0.401621,0.000086,24.2053,0.087565,0.104531,0.231801,0.006147,0.000688,0.00019635
10,355,0.367745,0.000097,11.2643,0.087500,0.104618,0.088225,0.007186,0.001434,0.00019635
10,356,0.324116,0.000066,21.6078,0.087580,0.104673,0.176601,0.003141,0.000485,0.00019635
10,357,0.334242,0.000085,12.1946,0.087573,0.104623,0.116544,0.006919,0.000778,0.00019635
10,358,0.354372,0.000085,14.9978,0.087573,0.104659,0.153855,0.019113,0.000568,0.00019635
10,359,0.391040,0.000083,24.6038,0.087563,0.104654,0.185791,0.012699,0.000971,0.00019635
10,360,0.293617,0.000066,15.8070,0.087523,0.104633,0.110064,0.012767,0.000631,0.00019635
10,361,0.485557,0.000110,23.9612,0.087504,0.104566,0.235155,0.028344,0.001143,0.00019635
10,362,0.871400,0.000232,23.1201,0.087620,0.104603,0.218349,0.048511,0.001036,0.00019635
10,363,0.676985,0.000174,20.3695,0.087665,0.104534,0.162154,0.053725,0.002170,0.00019635
10,364,0.644320,0.000168,19.5835,0.087784,0.104474,0.171828,0.035231,0.002166,0.00019635
10,365,0.682190,0.000181,17.7193,0.087754,0.104388,0.142887,0.041709,0.002258,0.00019635
10,366,0.408919,0.000107,7.7101,0.087674,0.104413,0.077059,0.058943,0.002139,0.00019635
10,367,0.482603,0.000124,13.0691,0.087693,0.104489,0.113281,0.046033,0.004123,0.00019635
10,368,0.326604,0.000073,16.1151,0.087707,0.104535,0.124875,0.022007,0.003798,0.00019635
10,369,0.417273,0.000098,17.9079,0.087645,0.104634,0.191362,0.024377,0.003743,0.00019635
10,370,0.328338,0.000084,11.5380,0.087562,0.104632,0.080593,0.010303,0.002428,0.00019635
10,371,0.432310,0.000103,16.6932,0.087507,0.104709,0.172278,0.035020,0.002014,0.00019635
10,372,0.296526,0.000070,12.8142,0.087537,0.104783,0.124046,0.015275,0.001865,0.00019635
10,373,0.353207,0.000087,10.2060,0.087480,0.104828,0.091564,0.051637,0.002113,0.00019635
10,374,0.307730,0.000062,20.7752,0.087444,0.104804,0.154869,0.010821,0.000653,0.00019635
10,375,0.303720,0.000075,11.6151,0.087396,0.104915,0.116653,0.014596,0.000687,0.00019635
10,376,0.362091,0.000087,15.1960,0.087414,0.104969,0.135949,0.018891,0.000975,0.00019635
10,377,0.340892,0.000088,10.9725,0.087400,0.104960,0.090682,0.018641,0.000715,0.00019635
10,378,0.352796,0.000094,9.1859,0.087334,0.104843,0.081677,0.020514,0.000977,0.00019635
10,379,0.346725,0.000065,23.7622,0.087430,0.104851,0.228395,0.024652,0.000988,0.00019635
10,380,0.261265,0.000064,9.7893,0.087349,0.104801,0.098085,0.011840,0.000976,0.00019635
10,381,0.451130,0.000085,33.0260,0.087556,0.104903,0.289087,0.007186,0.001882,0.00019635
10,382,0.333936,0.000064,24.3430,0.087582,0.104899,0.204186,0.006180,0.000712,0.00019635
10,383,0.425239,0.000105,16.3935,0.087646,0.104999,0.148402,0.017244,0.001031,0.00019635
10,384,0.308009,0.000083,8.0809,0.087548,0.104981,0.090992,0.007005,0.001138,0.00019635
10,385,0.334405,0.000067,23.1133,0.087623,0.104920,0.185368,0.003570,0.000948,0.00019635
10,386,0.270872,0.000067,11.1377,0.087561,0.104839,0.091199,0.004859,0.000773,0.00019635
10,387,0.431901,0.000088,26.6738,0.087664,0.104910,0.270900,0.011342,0.002077,0.00019635
10,388,0.419884,0.000102,16.5079,0.087641,0.104932,0.175382,0.015524,0.002144,0.00019635
10,389,0.380353,0.000079,24.1131,0.087733,0.104994,0.191298,0.011591,0.001372,0.00019635
10,390,0.277193,0.000068,11.9601,0.087671,0.104892,0.085636,0.007795,0.000627,0.00019635
10,391,0.359690,0.000059,30.6178,0.087751,0.104866,0.308445,0.005546,0.000472,0.00019635
11,1,0.476057,0.000121,15.4031,0.095475,0.126518,0.156977,0.022479,0.001868,0.00015000
11,2,0.464086,0.000121,13.8635,0.089587,0.114620,0.114272,0.024273,0.001935,0.00015000
11,3,0.399934,0.000105,11.9029,0.079475,0.108253,0.083078,0.020069,0.001559,0.00015000
11,4,0.510869,0.000116,25.9242,0.083645,0.119294,0.253943,0.016390,0.001574,0.00015000
11,5,0.428815,0.000102,19.1824,0.079771,0.118890,0.191649,0.017035,0.001470,0.00015000
11,6,0.456269,0.000116,15.4786,0.082495,0.116128,0.128741,0.017672,0.001700,0.00015000
11,7,0.424735,0.000117,9.8171,0.079281,0.121929,0.077390,0.014090,0.002082,0.00015000
11,8,0.394839,0.000106,10.2543,0.076615,0.126502,0.097541,0.016003,0.001722,0.00015000
11,9,0.372619,0.000098,10.8341,0.076397,0.123735,0.090325,0.014030,0.001836,0.00015000
11,10,0.447430,0.000122,10.9328,0.075010,0.122991,0.111026,0.012338,0.001680,0.00015000
11,11,0.404857,0.000105,13.6164,0.073531,0.122000,0.102763,0.012201,0.001686,0.00015000
11,12,0.392186,0.000105,10.1735,0.073017,0.122842,0.100869,0.011093,0.001542,0.00015000
11,13,0.448424,0.000119,13.2347,0.072994,0.123878,0.138101,0.010011,0.001499,0.00015000
11,14,0.412914,0.000115,9.1256,0.072172,0.125782,0.072055,0.010122,0.001679,0.00015000
11,15,0.452785,0.000122,11.9697,0.071861,0.122531,0.106396,0.014294,0.001572,0.00015000
11,16,0.428086,0.000107,16.8566,0.072015,0.121802,0.160171,0.005039,0.001723,0.00015000
11,17,0.344922,0.000084,13.8974,0.071271,0.118543,0.149990,0.008870,0.001585,0.00015000
11,18,0.372242,0.000093,14.9516,0.070849,0.118964,0.104605,0.012949,0.001695,0.00015000
11,19,0.380158,0.000099,12.4743,0.071179,0.121307,0.094058,0.008225,0.001105,0.00015000
11,20,0.365974,0.000094,11.3664,0.070530,0.121190,0.129971,0.014168,0.001377,0.00015000
11,21,0.346664,0.000095,8.4307,0.069832,0.120052,0.069526,0.011342,0.001282,0.00015000
11,22,0.395028,0.000098,15.2520,0.071433,0.118480,0.151136,0.009814,0.001180,0.00015000
11,23,0.325980,0.000089,7.8633,0.070575,0.117104,0.062561,0.008405,0.001479,0.00015000
11,24,0.424362,0.000106,16.2205,0.072030,0.117538,0.158572,0.007005,0.001918,0.00015000
11,25,0.329521,0.000087,10.2861,0.071577,0.115747,0.105857,0.003759,0.001344,0.00015000
11,26,0.370416,0.000088,17.3351,0.073258,0.114954,0.150977,0.015303,0.001314,0.00015000
11,27,0.325787,0.000084,10.4594,0.072952,0.115574,0.097466,0.010732,0.001208,0.00015000
11,28,0.355824,0.000079,19.5123,0.072958,0.113855,0.181711,0.009083,0.001171,0.00015000
11,29,0.466503,0.000118,16.7118,0.073117,0.114057,0.124205,0.023089,0.002349,0.00015000
11,30,0.365337,0.000090,14.0862,0.073485,0.113001,0.136889,0.018143,0.001691,0.00015000
11,31,0.268704,0.000069,9.1872,0.073439,0.113255,0.080083,0.007366,0.001128,0.00015000
11,32,0.305272,0.000070,16.3128,0.074452,0.113966,0.142675,0.008474,0.001166,0.00015000
11,33,0.326315,0.000084,11.2177,0.074113,0.114115,0.084684,0.007435,0.001119,0.00015000
11,34,0.273559,0.000065,13.0280,0.074676,0.115647,0.111224,0.004748,0.000797,0.00015000
11,35,0.429838,0.000106,16.3992,0.074604,0.115909,0.165532,0.018933,0.001619,0.00015000
11,36,0.388045,0.000106,8.4025,0.074138,0.116513,0.081053,0.017900,0.001621,0.00015000
11,37,0.404411,0.000103,14.4087,0.074460,0.117561,0.110645,0.012630,0.001634,0.00015000
11,38,0.367114,0.000099,10.0053,0.074215,0.116815,0.104114,0.003570,0.001328,0.00015000
11,39,0.433326,0.000097,23.4175,0.075589,0.115689,0.191330,0.007373,0.001600,0.00015000
11,40,0.364462,0.000096,11.0987,0.075424,0.116401,0.099425,0.010378,0.001320,0.00015000
11,41,0.401697,0.000098,16.7618,0.076327,0.115600,0.159488,0.010054,0.001774,0.00015000
11,42,0.385032,0.000103,10.7700,0.076409,0.117460,0.108643,0.005873,0.001820,0.00015000
11,43,0.512720,0.000115,26.1375,0.077503,0.118370,0.220603,0.021898,0.000930,0.00015000
11,44,0.386593,0.000094,14.8741,0.077641,0.118279,0.119220,0.024695,0.000666,0.00015000
11,45,0.327121,0.000073,16.8269,0.078052,0.117468,0.169618,0.011798,0.000877,0.00015000
11,46,0.332576,0.000084,11.6162,0.077860,0.116935,0.120254,0.012450,0.001051,0.00015000
11,47,0.389908,0.000083,23.3842,0.078629,0.116328,0.187705,0.008723,0.000688,0.00015000
11,48,0.397768,0.000103,12.0697,0.078571,0.116085,0.091725,0.024403,0.000600,0.00015000
11,49,0.457849,0.000106,19.8868,0.079417,0.115257,0.203036,0.026773,0.001893,0.00015000
11,50,0.333288,0.000084,11.7753,0.079182,0.114579,0.122205,0.010621,0.001557,0.00015000
11,51,0.351133,0.000074,21.5691,0.079717,0.113998,0.171212,0.007496,0.000380,0.00015000
11,52,0.419175,0.000106,14.4107,0.079801,0.113774,0.113821,0.024314,0.001659,0.00015000
11,53,0.425899,0.000098,21.0902,0.079935,0.113727,0.207919,0.009332,0.001530,0.00015000
11,54,0.353418,0.000090,11.8822,0.079633,0.113982,0.125845,0.010732,0.001285,0.00015000
11,55,0.390580,0.000083,23.0866,0.080239,0.113861,0.191480,0.009444,0.001335,0.00015000
11,56,0.411316,0.000098,19.7629,0.079965,0.113888,0.144183,0.008654,0.001666,0.00015000
11,57,0.383005,0.000092,15.7091,0.080169,0.113889,0.159058,0.013059,0.001609,0.00015000
11,58,0.377341,0.000096,13.3637,0.079937,0.113865,0.134716,0.005914,0.002132,0.00015000
11,59,0.418732,0.000099,19.4792,0.080492,0.113155,0.159216,0.007374,0.001660,0.00015000
11,60,0.349264,0.000084,16.0754,0.079972,0.113372,0.109114,0.010732,0.000568,0.00015000
11,61,0.317515,0.000069,17.7325,0.080109,0.113030,0.187276,0.006576,0.000481,0.00015000
11,62,0.266500,0.000066,9.5361,0.079655,0.113183,0.110281,0.010663,0.000657,0.00015000
11,63,0.336588,0.000067,22.8189,0.080181,0.112437,0.182727,0.013308,0.000770,0.00015000
11,64,0.436292,0.000115,14.2332,0.079965,0.112056,0.094318,0.012810,0.002116,0.00015000
11,65,0.397210,0.000100,13.1462,0.079979,0.112259,0.133980,0.021715,0.001102,0.00015000
11,66,0.383698,0.000097,13.3340,0.079817,0.111884,0.148538,0.012201,0.001633,0.00015000
11,67,0.307891,0.000076,11.3664,0.079457,0.111029,0.078624,0.022256,0.000766,0.00015000
11,68,0.306297,0.000066,16.9512,0.079365,0.110358,0.171793,0.012195,0.000605,0.00015000
11,69,0.340090,0.000088,10.4352,0.079056,0.110209,0.116965,0.015026,0.001262,0.00015000
11,70,0.341757,0.000083,14.7384,0.078984,0.109837,0.099202,0.011411,0.000784,0.00015000
11,71,0.261071,0.000066,10.0628,0.078574,0.109366,0.066102,0.007186,0.000829,0.00015000
11,72,0.417191,0.000099,19.2024,0.078523,0.109232,0.198193,0.007005,0.000893,0.00015000
11,73,0.400858,0.000102,14.5741,0.078240,0.109232,0.157562,0.007048,0.000535,0.00015000
11,74,0.350377,0.000081,17.6942,0.078038,0.109199,0.137120,0.006756,0.001062,0.00015000
11,75,0.404009,0.000105,13.2775,0.078281,0.109249,0.109578,0.012132,0.001102,0.00015000
11,76,0.265166,0.000066,9.1837,0.077924,0.108818,0.097110,0.014688,0.000938,0.00015000
11,77,0.547707,0.000140,19.3918,0.078100,0.108268,0.163314,0.015386,0.000750,0.00015000
11,78,0.448883,0.000119,12.8364,0.077901,0.108117,0.137866,0.013808,0.000989,0.00015000
11,79,0.516310,0.000133,17.7186,0.078131,0.108303,0.145276,0.014964,0.001051,0.00015000
11,80,0.522104,0.000137,14.4334,0.078394,0.108971,0.132113,0.029863,0.002057,0.00015000
11,81,0.390058,0.000101,13.1196,0.078383,0.108793,0.100679,0.007615,0.001438,0.00015000
11,82,0.325656,0.000083,11.4723,0.078169,0.108142,0.116801,0.010552,0.000610,0.00015000
11,83,0.288050,0.000073,11.1436,0.078002,0.107710,0.079460,0.007435,0.000865,0.00015000
11,84,0.334000,0.000084,12.7046,0.077775,0.107491,0.135673,0.004970,0.000777,0.00015000
11,85,0.298086,0.000070,14.8079,0.077623,0.107319,0.111045,0.005546,0.000822,0.00015000
11,86,0.480382,0.000128,12.4434,0.077530,0.106604,0.134060,0.019140,0.001915,0.00015000
11,87,0.398415,0.000106,10.4656,0.077241,0.106560,0.119577,0.011230,0.001040,0.00015000
11,88,0.416075,0.000088,27.3834,0.077127,0.106144,0.195220,0.015531,0.001418,0.00015000
11,89,0.403594,0.000099,17.5521,0.076993,0.106229,0.121575,0.011411,0.001371,0.00015000
11,90,0.343878,0.000088,11.4727,0.076737,0.106174,0.117077,0.008225,0.000851,0.00015000
11,91,0.383180,0.000091,17.7206,0.077115,0.105942,0.145332,0.013713,0.001497,0.00015000
11,92,0.375470,0.000094,12.7277,0.077119,0.105552,0.132039,0.021621,0.001365,0.00015000
11,93,0.321522,0.000076,15.1296,0.077393,0.105387,0.117193,0.012352,0.001070,0.00015000
11,94,0.281223,0.000067,12.6372,0.077181,0.105295,0.131146,0.003141,0.000538,0.00015000
11,95,0.340816,0.000068,23.5337,0.077783,0.104813,0.197765,0.004859,0.000642,0.00015000
11,96,0.367601,0.000097,11.6762,0.077568,0.104985,0.082968,0.009513,0.001225,0.00015000
11,97,0.449743,0.000099,22.5041,0.077787,0.105102,0.221887,0.028422,0.000793,0.00015000
11,98,0.299525,0.000071,13.7247,0.077685,0.105129,0.136184,0.005898,0.000326,0.00015000
11,99,0.351187,0.000075,20.5870,0.078192,0.105170,0.175642,0.010871,0.000630,0.00015000
11,100,0.259916,0.000060,13.0070,0.078114,0.105013,0.112238,0.007864,0.000451,0.00015000
11,101,0.328454,0.000071,18.4611,0.078543,0.105045,0.182512,0.008293,0.000468,0.00015000
11,102,0.233229,0.000058,9.6321,0.078418,0.105031,0.084362,0.004172,0.000432,0.00015000
11,103,0.379951,0.000080,22.7178,0.078913,0.104448,0.182074,0.020726,0.000422,0.00015000
11,104,0.423276,0.000109,13.8098,0.079093,0.104995,0.136267,0.009762,0.000825,0.00015000
11,105,0.355681,0.000090,11.3559,0.079150,0.104876,0.115382,0.024652,0.001187,0.00015000
11,106,0.343154,0.000085,14.5076,0.078895,0.104941,0.103915,0.008370,0.000947,0.00015000
11,107,0.288752,0.000076,8.3481,0.078656,0.105172,0.079403,0.013377,0.000645,0.00015000
11,108,0.418579,0.000111,12.5452,0.078806,0.105093,0.113079,0.008654,0.001206,0.00015000
11,109,0.280639,0.000073,8.1049,0.078556,0.104958,0.086503,0.012587,0.000641,0.00015000
11,110,0.450609,0.000118,14.3597,0.078497,0.105083,0.109904,0.014558,0.000803,0.00015000
11,111,0.294665,0.000064,16.4776,0.078409,0.104482,0.117390,0.020539,0.000637,0.00015000
11,112,0.317450,0.000071,15.5158,0.078274,0.104300,0.162790,0.019388,0.000853,0.00015000
11,113,0.272156,0.000072,8.5692,0.078090,0.103889,0.083833,0.004859,0.000880,0.00015000
11,114,0.309599,0.000076,12.8955,0.078203,0.103757,0.097700,0.004000,0.000998,0.00015000
11,115,0.319920,0.000080,12.2116,0.078224,0.103691,0.130650,0.004000,0.000897,0.00015000
11,116,0.380453,0.000091,17.7718,0.078034,0.103504,0.116394,0.013806,0.001318,0.00015000
11,117,0.383735,0.000105,9.7369,0.077831,0.103490,0.079090,0.004859,0.001528,0.00015000
11,118,0.363117,0.000084,18.0442,0.078040,0.103325,0.188973,0.005468,0.002143,0.00015000
11,119,0.373117,0.000079,23.4198,0.078153,0.103420,0.201876,0.006122,0.002241,0.00015000
11,120,0.359590,0.000083,17.5236,0.078346,0.103063,0.175994,0.013446,0.001033,0.00015000
11,121,0.326439,0.000081,10.9449,0.078317,0.103160,0.112722,0.028671,0.000958,0.00015000
11,122,0.448747,0.000095,25.8594,0.078634,0.103169,0.208054,0.029511,0.001143,0.00015000
11,123,0.339835,0.000077,17.9481,0.078611,0.103149,0.127126,0.017645,0.000814,0.00015000
11,124,0.336150,0.000078,14.9233,0.078809,0.102975,0.135515,0.031788,0.000590,0.00015000
11,125,0.287330,0.000071,10.5574,0.078603,0.102927,0.114141,0.011479,0.000669,0.00015000
11,126,0.327846,0.000062,24.1535,0.078949,0.102965,0.195445,0.005648,0.000701,0.00015000
11,127,0.311286,0.000074,14.5460,0.078971,0.102743,0.112532,0.004594,0.000693,0.00015000
11,128,0.305330,0.000074,13.4718,0.079088,0.102721,0.123313,0.006937,0.000580,0.00015000
11,129,0.350618,0.000088,13.1169,0.078903,0.102553,0.135766,0.008225,0.001179,0.00015000
11,130,0.341671,0.000071,21.0933,0.079379,0.102620,0.180228,0.018890,0.000623,0.00015000
11,131,0.268690,0.000065,11.6587,0.079282,0.102675,0.090380,0.007297,0.001019,0.00015000
11,132,0.388362,0.000075,26.6726,0.079579,0.102417,0.264590,0.010191,0.000838,0.00015000
11,133,0.342799,0.000084,14.0624,0.079610,0.102633,0.145827,0.006327,0.000591,0.00015000
11,134,0.294607,0.000060,19.0533,0.079679,0.102693,0.151395,0.007864,0.000711,0.00015000
11,135,0.422958,0.000110,13.0080,0.079564,0.102680,0.104883,0.016114,0.000629,0.00015000
11,136,0.441861,0.000103,16.7709,0.079703,0.102851,0.174791,0.048056,0.000601,0.00015000
11,137,0.301193,0.000069,14.2800,0.079703,0.102641,0.144569,0.012630,0.001267,0.00015000
11,138,0.296142,0.000057,21.2113,0.079816,0.102753,0.169821,0.007366,0.000461,0.00015000
11,139,0.251722,0.000063,9.8404,0.079661,0.102763,0.075665,0.004859,0.000465,0.00015000
11,140,0.350319,0.000072,21.7567,0.079854,0.102813,0.216147,0.013308,0.000602,0.00015000
11,141,0.294936,0.000065,15.9409,0.079745,0.102612,0.163300,0.013987,0.000985,0.00015000
11,142,0.297532,0.000062,18.3511,0.079783,0.102610,0.146776,0.011909,0.000501,0.00015000
11,143,0.308342,0.000077,10.7277,0.079627,0.102557,0.078849,0.022866,0.001062,0.00015000
11,144,0.345588,0.000072,20.9059,0.079673,0.102666,0.213365,0.007987,0.000669,0.00015000
11,145,0.303687,0.000073,12.4523,0.079534,0.102849,0.126425,0.011093,0.000413,0.00015000
11,146,0.328702,0.000074,17.9018,0.079621,0.102802,0.147692,0.003570,0.000559,0.00015000
11,147,0.344832,0.000090,10.3591,0.079493,0.103035,0.083969,0.015456,0.000969,0.00015000
11,148,0.321045,0.000058,24.3881,0.079742,0.102633,0.237308,0.009152,0.000452,0.00015000
11,149,0.332911,0.000080,13.9482,0.079688,0.102648,0.142502,0.011050,0.000772,0.00015000
11,150,0.379020,0.000089,17.5860,0.079809,0.102645,0.146903,0.010981,0.000645,0.00015000
11,151,0.245675,0.000064,8.3305,0.079638,0.102473,0.066421,0.006147,0.000470,0.00015000
11,152,0.414868,0.000090,23.6913,0.079917,0.102803,0.227697,0.007546,0.000511,0.00015000
11,153,0.336922,0.000089,10.3055,0.079877,0.102718,0.100882,0.004748,0.000562,0.00015000
11,154,0.418459,0.000095,21.2450,0.080191,0.103025,0.179310,0.015026,0.002191,0.00015000
11,155,0.411216,0.000103,14.1443,0.080204,0.102848,0.127953,0.028428,0.002759,0.00015000
11,156,0.446643,0.000099,23.3270,0.080498,0.102943,0.228627,0.013738,0.003033,0.00015000
11,157,0.374545,0.000094,13.2964,0.080542,0.103174,0.110680,0.018684,0.002162,0.00015000
11,158,0.306006,0.000071,15.3112,0.080788,0.103128,0.141069,0.009762,0.002373,0.00015000
11,159,0.275405,0.000067,10.6472,0.080811,0.103017,0.099744,0.015954,0.001817,0.00015000
11,160,0.358907,0.000077,20.4692,0.081101,0.102937,0.155574,0.017061,0.001792,0.00015000
11,161,0.345175,0.000082,16.6664,0.081323,0.103276,0.133382,0.006794,0.001300,0.00015000
11,162,0.344880,0.000081,16.0871,0.081355,0.103456,0.140634,0.013446,0.001341,0.00015000
11,163,0.389089,0.000083,24.0963,0.081356,0.103317,0.233253,0.006327,0.000779,0.00015000
11,164,0.332696,0.000087,11.2413,0.081303,0.103447,0.100670,0.006576,0.001205,0.00015000
11,165,0.412292,0.000092,22.4114,0.081516,0.103484,0.189629,0.009762,0.001300,0.00015000
11,166,0.382856,0.000099,13.8062,0.081368,0.103333,0.101134,0.005468,0.002064,0.00015000
11,167,0.433916,0.000115,12.3461,0.081386,0.103504,0.120628,0.011161,0.002157,0.00015000
11,168,0.317598,0.000084,9.5594,0.081208,0.103395,0.101240,0.006147,0.001455,0.00015000
11,169,0.414991,0.000093,22.2057,0.081364,0.103414,0.188567,0.007186,0.001710,0.00015000
11,170,0.255736,0.000066,8.6891,0.081228,0.103256,0.080044,0.005546,0.000778,0.00015000
11,171,0.406742,0.000092,22.2113,0.081593,0.103253,0.209351,0.005288,0.001018,0.00015000
11,172,0.335707,0.000082,15.0571,0.081704,0.102922,0.123233,0.008903,0.000434,0.00015000
11,173,0.327955,0.000076,16.4952,0.081682,0.102746,0.123879,0.003570,0.000815,0.00015000
11,174,0.314927,0.000079,12.0528,0.081536,0.102844,0.136093,0.004790,0.000701,0.00015000
11,175,0.340831,0.000084,15.3385,0.081348,0.102606,0.095067,0.004859,0.001068,0.00015000
11,176,0.300640,0.000077,9.9832,0.081234,0.102741,0.115412,0.008903,0.000394,0.00015000
11,177,0.258599,0.000068,8.3231,0.081086,0.102740,0.078473,0.004429,0.000639,0.00015000
11,178,0.261505,0.000062,11.2714,0.080959,0.102621,0.121595,0.007237,0.000322,0.00015000
11,179,0.295984,0.000075,11.2862,0.080860,0.102508,0.088378,0.005717,0.000794,0.00015000
11,180,0.365434,0.000099,9.4563,0.080738,0.102502,0.082899,0.011204,0.000834,0.00015000
11,181,0.361527,0.000092,13.2301,0.080745,0.102333,0.122687,0.007186,0.000604,0.00015000
11,182,0.511475,0.000135,16.1443,0.080674,0.102472,0.155064,0.006147,0.000839,0.00015000
11,183,0.248530,0.000059,9.9985,0.080525,0.102166,0.074588,0.023003,0.000619,0.00015000
11,184,0.301221,0.000079,9.1620,0.080401,0.102214,0.093030,0.007795,0.000608,0.00015000
11,185,0.303323,0.000079,10.3262,0.080232,0.102276,0.073006,0.004429,0.000831,0.00015000
11,186,0.289980,0.000065,15.6717,0.080114,0.102123,0.153510,0.005717,0.000482,0.00015000
11,187,0.226402,0.000053,11.3842,0.079997,0.101901,0.092871,0.001424,0.000268,0.00015000
11,188,0.336918,0.000088,10.6724,0.079890,0.101680,0.112793,0.004429,0.000555,0.00015000
11,189,0.229364,0.000058,8.5442,0.079722,0.101778,0.080094,0.002712,0.000408,0.00015000
11,190,0.296160,0.000069,14.7833,0.079754,0.101777,0.111478,0.006576,0.000790,0.00015000
11,191,0.298179,0.000078,9.5192,0.079606,0.101656,0.097896,0.005039,0.000465,0.00015000
11,192,0.392439,0.000096,16.3823,0.079716,0.101750,0.131613,0.006756,0.001357,0.00015000
11,193,0.241690,0.000063,7.4775,0.079559,0.101680,0.073939,0.005717,0.000678,0.00015000
11,194,0.322115,0.000070,18.9983,0.079629,0.101513,0.157216,0.005468,0.000749,0.00015000
11,195,0.303867,0.000079,10.1970,0.079563,0.101447,0.101662,0.003537,0.000286,0.00015000
11,196,0.354225,0.000082,18.8043,0.079883,0.101502,0.163333,0.002643,0.000901,0.00015000
11,197,0.293339,0.000072,12.7308,0.079898,0.101503,0.108938,0.006147,0.000592,0.00015000
11,198,0.274828,0.000064,13.8242,0.080011,0.101518,0.118104,0.006147,0.000518,0.00015000
11,199,0.335732,0.000088,9.2353,0.079890,0.101370,0.103253,0.016632,0.001053,0.00015000
11,200,0.273116,0.000064,14.2318,0.079727,0.101443,0.089227,0.003141,0.000556,0.00015000
11,201,0.228492,0.000059,8.4642,0.079575,0.101438,0.062252,0.003141,0.000253,0.00015000
11,202,0.319239,0.000060,26.0068,0.079495,0.101520,0.242692,0.003321,0.000501,0.00015000
11,203,0.387923,0.000088,19.7632,0.079510,0.101530,0.205638,0.005288,0.000733,0.00015000
11,204,0.260149,0.000066,10.0229,0.079458,0.101555,0.076778,0.004172,0.000809,0.00015000
11,205,0.398745,0.000100,14.0762,0.079599,0.101449,0.130729,0.023518,0.000737,0.00015000
11,206,0.282669,0.000074,8.8393,0.079473,0.101346,0.067792,0.010372,0.001069,0.00015000
11,207,0.329057,0.000070,19.9443,0.079451,0.101117,0.199049,0.009015,0.001165,0.00015000
11,208,0.291920,0.000071,12.3903,0.079467,0.100944,0.127206,0.006937,0.000747,0.00015000
11,209,0.282634,0.000066,14.5312,0.079405,0.100740,0.099909,0.008225,0.000421,0.00015000
11,210,0.258215,0.000058,13.3861,0.079378,0.100640,0.145079,0.004609,0.000745,0.00015000
11,211,0.412147,0.000103,15.1587,0.079348,0.100728,0.107293,0.023656,0.001976,0.00015000
11,212,0.273871,0.000068,9.9228,0.079249,0.100611,0.110741,0.012436,0.001630,0.00015000
11,213,0.288980,0.000076,9.2520,0.079095,0.100610,0.062273,0.004859,0.000769,0.00015000
11,214,0.302101,0.000075,11.3807,0.078965,0.100655,0.107012,0.012201,0.001077,0.00015000
11,215,0.276511,0.000065,13.3209,0.078993,0.100728,0.109305,0.003570,0.001378,0.00015000
11,216,0.270464,0.000065,11.3146,0.078875,0.100827,0.117261,0.007005,0.000518,0.00015000
11,217,0.414202,0.000103,16.4364,0.078878,0.100696,0.126029,0.013918,0.000923,0.00015000
11,218,0.468677,0.000130,9.9579,0.078832,0.100900,0.088271,0.017222,0.001565,0.00015000
11,219,0.322291,0.000068,18.8670,0.078925,0.100720,0.165049,0.017173,0.001000,0.00015000
11,220,0.236198,0.000056,10.4588,0.078815,0.100592,0.118272,0.005288,0.000690,0.00015000
11,221,0.304478,0.000075,12.4953,0.078801,0.100591,0.106349,0.008293,0.001307,0.00015000
11,222,0.470855,0.000105,25.4663,0.078849,0.100547,0.196793,0.015885,0.001598,0.00015000
11,223,0.319430,0.000080,11.2572,0.078783,0.100556,0.086751,0.019500,0.001725,0.00015000
11,224,0.423162,0.000102,18.3002,0.078853,0.100508,0.186736,0.008903,0.001538,0.00015000
11,225,0.292847,0.000060,18.8349,0.078831,0.100455,0.195625,0.006147,0.001016,0.00015000
11,226,0.380255,0.000094,15.7121,0.078784,0.100658,0.114963,0.007976,0.001377,0.00015000
11,227,0.351126,0.000093,10.4408,0.078726,0.100714,0.082656,0.010261,0.000508,0.00015000
11,228,0.301761,0.000079,9.1178,0.078601,0.100694,0.099728,0.004609,0.000901,0.00015000
11,229,0.447491,0.000111,17.9904,0.078736,0.100833,0.144788,0.006930,0.000359,0.00015000
11,230,0.274448,0.000072,8.6366,0.078634,0.101009,0.070021,0.010234,0.000752,0.00015000
11,231,0.317251,0.000074,13.1354,0.078567,0.101053,0.133035,0.026996,0.000718,0.00015000
11,232,0.297636,0.000074,11.1205,0.078509,0.101061,0.116911,0.011771,0.000743,0.00015000
11,233,0.278250,0.000062,15.8893,0.078509,0.101077,0.116649,0.003570,0.000981,0.00015000
11,234,0.255633,0.000065,9.5577,0.078420,0.100933,0.076239,0.002282,0.000969,0.00015000
11,235,0.243492,0.000057,11.4840,0.078360,0.100905,0.121156,0.005468,0.000387,0.00015000
11,236,0.411574,0.000107,13.9786,0.078297,0.101044,0.143842,0.005717,0.000655,0.00015000
11,237,0.410339,0.000090,23.6632,0.078230,0.101027,0.184806,0.006576,0.001414,0.00015000
11,238,0.253516,0.000056,14.4091,0.078308,0.101080,0.138144,0.002798,0.000434,0.00015000
11,239,0.313606,0.000071,17.1738,0.078243,0.101190,0.126143,0.007727,0.000790,0.00015000
11,240,0.335471,0.000091,8.4920,0.078158,0.101216,0.077322,0.010303,0.001085,0.00015000
11,241,0.302475,0.000072,13.1487,0.078223,0.101485,0.123662,0.010122,0.000720,0.00015000
11,242,0.284851,0.000067,13.2602,0.078141,0.101437,0.140298,0.009624,0.000840,0.00015000
11,243,0.245650,0.000059,11.8628,0.078037,0.101218,0.084614,0.002712,0.000609,0.00015000
11,244,0.282832,0.000071,10.2820,0.078000,0.101012,0.076747,0.015498,0.001068,0.00015000
11,245,0.331833,0.000078,15.4288,0.077917,0.100943,0.166914,0.011230,0.000558,0.00015000
11,246,0.276383,0.000073,7.9247,0.077815,0.101101,0.096540,0.004066,0.001441,0.00015000
11,247,0.295056,0.000070,14.4668,0.077760,0.101006,0.099602,0.004360,0.001114,0.00015000
11,248,0.317359,0.000081,11.6487,0.077665,0.101184,0.089917,0.008903,0.000728,0.00015000
11,249,0.353998,0.000070,24.3217,0.077620,0.101291,0.240878,0.005288,0.000355,0.00015000
11,250,0.344846,0.000076,19.7534,0.077536,0.101367,0.191239,0.004180,0.000568,0.00015000
11,251,0.312247,0.000066,19.5912,0.077665,0.101163,0.157738,0.004859,0.000516,0.00015000
11,252,0.266958,0.000064,13.4425,0.077562,0.101092,0.092140,0.002282,0.000307,0.00015000
11,253,0.471236,0.000106,23.5385,0.077702,0.101101,0.237293,0.012518,0.001075,0.00015000
11,254,0.366845,0.000087,17.0209,0.077654,0.101147,0.174355,0.006688,0.001023,0.00015000
11,255,0.445164,0.000106,20.6939,0.077842,0.101092,0.174080,0.004172,0.000440,0.00015000
11,256,0.288267,0.000070,11.5757,0.077782,0.101201,0.089828,0.018890,0.001119,0.00015000
11,257,0.349595,0.000075,19.6482,0.077889,0.101293,0.193715,0.012338,0.000738,0.00015000
11,258,0.301603,0.000076,11.2931,0.077887,0.101123,0.101197,0.006147,0.000498,0.00015000
11,259,0.450931,0.000115,16.5197,0.078033,0.101283,0.140229,0.005468,0.001695,0.00015000
11,260,0.293291,0.000072,12.3457,0.078005,0.101327,0.098150,0.004429,0.000853,0.00015000
11,261,0.453318,0.000107,20.4865,0.078117,0.101253,0.202203,0.009083,0.001199,0.00015000
11,262,0.331695,0.000077,16.2951,0.078103,0.101265,0.161365,0.002712,0.001188,0.00015000
11,263,0.291528,0.000061,18.6112,0.078124,0.101330,0.150100,0.005123,0.000377,0.00015000
11,264,0.252222,0.000060,11.9583,0.078030,0.101289,0.082935,0.005717,0.000491,0.00015000
11,265,0.359708,0.000076,21.2162,0.078131,0.101282,0.221223,0.004429,0.000897,0.00015000
11,266,0.328188,0.000071,18.4619,0.078128,0.101391,0.197001,0.006147,0.000528,0.00015000
11,267,0.445632,0.000102,21.8583,0.078209,0.101205,0.169985,0.019611,0.001015,0.00015000
11,268,0.327521,0.000086,10.7852,0.078137,0.101165,0.079477,0.004609,0.000976,0.00015000
11,269,0.374751,0.000081,20.5002,0.078256,0.101154,0.214970,0.013626,0.000654,0.00015000
11,270,0.295226,0.000072,12.7423,0.078271,0.101170,0.123173,0.004429,0.000497,0.00015000
11,271,0.309726,0.000068,17.7602,0.078392,0.101043,0.139008,0.004180,0.000450,0.00015000
11,272,0.246395,0.000057,12.2329,0.078371,0.101097,0.125442,0.002798,0.000631,0.00015000
11,273,0.465322,0.000115,17.7348,0.078442,0.101063,0.130037,0.028097,0.001532,0.00015000
11,274,0.373768,0.000076,23.1351,0.078524,0.100959,0.227164,0.022866,0.001345,0.00015000
11,275,0.360882,0.000094,12.5829,0.078563,0.100820,0.113506,0.004000,0.000905,0.00015000
11,276,0.278192,0.000073,8.8484,0.078460,0.100892,0.063062,0.008474,0.000515,0.00015000
11,277,0.311493,0.000072,15.0096,0.078381,0.100919,0.159405,0.011050,0.000418,0.00015000
11,278,0.361666,0.000092,12.6550,0.078338,0.100944,0.107606,0.012561,0.000750,0.00015000
11,279,0.277589,0.000065,13.5934,0.078404,0.100819,0.126326,0.005039,0.000751,0.00015000
11,280,0.539163,0.000145,12.2612,0.078377,0.100834,0.123748,0.033442,0.001759,0.00015000
11,281,0.291802,0.000063,18.7796,0.078339,0.100942,0.132171,0.004859,0.000622,0.00015000
11,282,0.363925,0.000091,14.7355,0.078306,0.101082,0.101025,0.005898,0.000817,0.00015000
11,283,0.294120,0.000074,10.9447,0.078231,0.100906,0.131126,0.004429,0.000472,0.00015000
11,284,0.356740,0.000085,15.2407,0.078295,0.100881,0.130679,0.014485,0.000510,0.00015000
11,285,0.279673,0.000075,7.4096,0.078183,0.101011,0.087867,0.003570,0.000564,0.00015000
11,286,0.323397,0.000071,20.5802,0.078314,0.100903,0.150685,0.003141,0.001356,0.00015000
11,287,0.429833,0.000103,19.7336,0.078356,0.100831,0.154276,0.008293,0.001311,0.00015000
11,288,0.314234,0.000082,10.3506,0.078366,0.100797,0.095160,0.004429,0.001044,0.00015000
11,289,0.268352,0.000054,18.3422,0.078278,0.100914,0.184345,0.001424,0.000994,0.00015000
11,290,0.389526,0.000099,13.8013,0.078265,0.101032,0.110646,0.013738,0.001003,0.00015000
11,291,0.308864,0.000079,10.6172,0.078269,0.101025,0.100396,0.010483,0.000964,0.00015000
11,292,0.273301,0.000065,12.6004,0.078274,0.100870,0.115342,0.005717,0.000684,0.00015000
11,293,0.277314,0.000073,8.6951,0.078205,0.100992,0.074216,0.005468,0.000513,0.00015000
11,294,0.284369,0.000072,10.7226,0.078169,0.100987,0.116229,0.003141,0.000515,0.00015000
11,295,0.367632,0.000100,9.6637,0.078096,0.101008,0.074609,0.009083,0.001468,0.00015000
11,296,0.348830,0.000093,10.2865,0.078096,0.101112,0.096053,0.007186,0.000638,0.00015000
11,297,0.353837,0.000092,11.8227,0.078088,0.101204,0.122617,0.003009,0.001266,0.00015000
11,298,0.310459,0.000072,15.6363,0.078015,0.101067,0.130872,0.002282,0.000619,0.00015000
11,299,0.298732,0.000073,12.5970,0.077957,0.100924,0.128394,0.002282,0.000412,0.00015000
11,300,0.269458,0.000061,14.5304,0.077953,0.100900,0.119058,0.004859,0.000367,0.00015000
11,301,0.236678,0.000060,8.7079,0.077878,0.100777,0.098738,0.003570,0.000359,0.00015000
11,302,0.304198,0.000070,16.0394,0.077850,0.100599,0.118926,0.002892,0.000511,0.00015000
11,303,0.238516,0.000062,7.3964,0.077763,0.100635,0.078647,0.004859,0.000560,0.00015000
11,304,0.309557,0.000072,14.9288,0.077834,0.100510,0.131510,0.009513,0.000750,0.00015000
11,305,0.325251,0.000085,10.8690,0.077815,0.100601,0.084877,0.008044,0.000752,0.00015000
11,306,0.443417,0.000119,11.7496,0.077783,0.100689,0.102164,0.015163,0.001235,0.00015000
11,307,0.399006,0.000102,13.5825,0.077742,0.100856,0.123231,0.011771,0.001328,0.00015000
11,308,0.494269,0.000123,17.9620,0.077926,0.101043,0.169860,0.025084,0.001324,0.00015000
11,309,0.325700,0.000078,14.6222,0.077971,0.101138,0.133412,0.007435,0.000823,0.00015000
11,310,0.311097,0.000061,21.8792,0.078130,0.101260,0.179610,0.006147,0.000872,0.00015000
11,311,0.279164,0.000067,12.6217,0.078157,0.101256,0.101370,0.004429,0.000813,0.00015000
11,312,0.349202,0.000075,20.3375,0.078181,0.101451,0.205099,0.005288,0.001095,0.00015000
11,313,0.257335,0.000059,12.5685,0.078186,0.101293,0.128353,0.005898,0.000593,0.00015000
11,314,0.345253,0.000069,23.8238,0.078236,0.101264,0.192525,0.005873,0.000694,0.00015000
11,315,0.523192,0.000130,20.4228,0.078232,0.101469,0.154126,0.022342,0.002243,0.00015000
11,316,0.504952,0.000130,15.1278,0.078270,0.101573,0.159412,0.022299,0.001734,0.00015000
11,317,0.411318,0.000112,9.8938,0.078216,0.101508,0.110485,0.007435,0.001322,0.00015000
11,318,0.409404,0.000086,25.5599,0.078296,0.101500,0.208948,0.005288,0.000858,0.00015000
11,319,0.295750,0.000074,11.5575,0.078237,0.101524,0.085904,0.005717,0.001137,0.00015000
11,320,0.432642,0.000107,16.4494,0.078327,0.101702,0.162883,0.015524,0.001308,0.00015000
11,321,0.318475,0.000079,12.1279,0.078281,0.101725,0.126819,0.006147,0.000875,0.00015000
11,322,0.357696,0.000080,18.7194,0.078360,0.101742,0.152167,0.009763,0.000401,0.00015000
11,323,0.263146,0.000067,9.5469,0.078314,0.101749,0.078243,0.004748,0.000212,0.00015000
11,324,0.491042,0.000122,18.5529,0.078384,0.101857,0.181905,0.012020,0.001714,0.00015000
11,325,0.429123,0.000116,11.0916,0.078374,0.101748,0.095703,0.017291,0.001565,0.00015000
11,326,0.412304,0.000103,15.8412,0.078473,0.101692,0.136511,0.014596,0.001605,0.00015000
11,327,0.469734,0.000130,10.1461,0.078438,0.101817,0.088313,0.019328,0.001710,0.00015000
11,328,0.496214,0.000113,24.7098,0.078578,0.101942,0.240197,0.010081,0.001864,0.00015000
11,329,0.433950,0.000113,14.2910,0.078641,0.102079,0.132536,0.008690,0.001495,0.00015000
11,330,0.424767,0.000106,16.3833,0.078648,0.102120,0.127171,0.012184,0.001945,0.00015000
11,331,0.408902,0.000111,10.4460,0.078614,0.102009,0.082319,0.009488,0.001903,0.00015000
11,332,0.511763,0.000114,25.9165,0.078688,0.102007,0.251377,0.023615,0.000869,0.00015000
11,333,0.387998,0.000095,15.8754,0.078690,0.101927,0.161687,0.012518,0.000718,0.00015000
11,334,0.453992,0.000117,14.7534,0.078671,0.101934,0.122177,0.015567,0.000804,0.00015000
11,335,0.346603,0.000093,9.9380,0.078616,0.102020,0.077963,0.005468,0.001419,0.00015000
11,336,0.276013,0.000065,12.3777,0.078617,0.102098,0.129538,0.005468,0.000674,0.00015000
11,337,0.403487,0.000109,11.0232,0.078585,0.102044,0.088045,0.006756,0.000822,0.00015000
11,338,0.325908,0.000066,21.5902,0.078587,0.102180,0.208537,0.005288,0.001166,0.00015000
11,339,0.383770,0.000103,10.3770,0.078529,0.102234,0.103651,0.006866,0.000997,0.00015000
11,340,0.294173,0.000060,20.1622,0.078520,0.102188,0.154727,0.011041,0.000880,0.00015000
11,341,0.336747,0.000082,14.3187,0.078492,0.102053,0.108774,0.009762,0.000962,0.00015000
11,342,0.433242,0.000113,12.8589,0.078500,0.102027,0.126333,0.020651,0.001094,0.00015000
11,343,0.431586,0.000118,10.4644,0.078508,0.102171,0.097624,0.010801,0.001679,0.00015000
11,344,0.414407,0.000109,12.0827,0.078512,0.102236,0.112690,0.014847,0.001048,0.00015000
11,345,0.367443,0.000095,12.1152,0.078503,0.102186,0.098798,0.011348,0.001020,0.00015000
11,346,0.355993,0.000092,11.1954,0.078486,0.102061,0.104702,0.019030,0.001164,0.00015000
11,347,0.395370,0.000102,13.6349,0.078515,0.102016,0.114028,0.008585,0.001291,0.00015000
11,348,0.365996,0.000099,9.5976,0.078471,0.101898,0.093192,0.007237,0.001234,0.00015000
11,349,0.326541,0.000080,14.0426,0.078465,0.101873,0.111941,0.004859,0.000328,0.00015000
11,350,0.307950,0.000085,7.3485,0.078389,0.101692,0.068556,0.004000,0.000510,0.00015000
11,351,0.534063,0.000134,16.8805,0.078524,0.101628,0.166040,0.040213,0.001960,0.00015000
11,352,0.374944,0.000099,11.5247,0.078510,0.101710,0.106757,0.007615,0.000633,0.00015000
11,353,0.412655,0.000096,21.9821,0.078478,0.101753,0.162995,0.006756,0.001462,0.00015000
11,354,0.422573,0.000105,14.9963,0.078598,0.101799,0.127062,0.025554,0.000725,0.00015000
11,355,0.423404,0.000110,13.5867,0.078614,0.101723,0.137131,0.009083,0.000833,0.00015000
11,356,0.276633,0.000070,11.0854,0.078591,0.101663,0.083502,0.002712,0.000569,0.00015000
11,357,0.329977,0.000082,13.6915,0.078544,0.101651,0.129529,0.002798,0.000404,0.00015000
11,358,0.354665,0.000079,17.2863,0.078608,0.101532,0.168666,0.032378,0.000496,0.00015000
11,359,0.322894,0.000076,14.5311,0.078616,0.101473,0.117551,0.017714,0.000696,0.00015000
11,360,0.282531,0.000065,15.0957,0.078690,0.101499,0.135572,0.007186,0.000405,0.00015000
11,361,0.419162,0.000111,11.0969,0.078663,0.101444,0.100800,0.023229,0.000701,0.00015000
11,362,0.803798,0.000215,21.3183,0.078811,0.101448,0.181267,0.041160,0.001153,0.00015000
11,363,0.648278,0.000168,19.5939,0.078859,0.101364,0.184565,0.039671,0.001767,0.00015000
11,364,0.557315,0.000151,13.1215,0.078858,0.101318,0.116570,0.028241,0.001890,0.00015000
11,365,0.683449,0.000178,21.1881,0.078863,0.101410,0.165846,0.030689,0.002287,0.00015000
11,366,0.378849,0.000099,10.9048,0.078804,0.101293,0.070425,0.027992,0.000541,0.00015000
11,367,0.545594,0.000119,31.3537,0.078798,0.101254,0.288983,0.035154,0.001481,0.00015000
11,368,0.344500,0.000068,21.9989,0.078822,0.101230,0.220931,0.028671,0.000757,0.00015000
11,369,0.354865,0.000091,11.4187,0.078804,0.101422,0.127765,0.011660,0.001191,0.00015000
11,370,0.354883,0.000080,19.1780,0.078810,0.101480,0.134346,0.006756,0.001157,0.00015000
11,371,0.390849,0.000098,14.8429,0.078798,0.101654,0.101529,0.015095,0.001248,0.00015000
11,372,0.276724,0.000064,13.4204,0.078736,0.101646,0.144318,0.008293,0.000734,0.00015000
11,373,0.329062,0.000082,12.8684,0.078767,0.101528,0.121353,0.006756,0.001309,0.00015000
11,374,0.249001,0.000061,10.9859,0.078692,0.101678,0.066371,0.007496,0.000420,0.00015000
11,375,0.302614,0.000072,13.0313,0.078681,0.101581,0.130782,0.015387,0.000525,0.00015000
11,376,0.331128,0.000078,14.3367,0.078706,0.101504,0.138148,0.018890,0.000645,0.00015000
11,377,0.293503,0.000076,9.9849,0.078638,0.101429,0.076445,0.009264,0.000572,0.00015000
11,378,0.357466,0.000086,15.3058,0.078650,0.101610,0.153482,0.008474,0.000579,0.00015000
11,379,0.255247,0.000066,7.4843,0.078575,0.101461,0.074298,0.013626,0.000674,0.00015000
11,380,0.288411,0.000066,15.7021,0.078530,0.101500,0.112498,0.007005,0.001016,0.00015000
11,381,0.356556,0.000096,9.8269,0.078495,0.101580,0.076067,0.006688,0.001854,0.00015000
11,382,0.309584,0.000069,16.6852,0.078493,0.101671,0.170233,0.005123,0.000462,0.00015000
11,383,0.379592,0.000101,10.9282,0.078506,0.101669,0.096375,0.016245,0.001261,0.00015000
11,384,0.326628,0.000073,17.2948,0.078589,0.101663,0.168809,0.007615,0.000905,0.00015000
11,385,0.275478,0.000070,10.6632,0.078555,0.101589,0.079262,0.003141,0.001060,0.00015000
11,386,0.290851,0.000066,15.1687,0.078620,0.101508,0.134287,0.010621,0.000595,0.00015000
11,387,0.306778,0.000081,8.3248,0.078540,0.101453,0.099851,0.008723,0.001472,0.00015000
11,388,0.374183,0.000098,12.7797,0.078456,0.101446,0.083220,0.008293,0.001722,0.00015000
11,389,0.308619,0.000078,11.2283,0.078430,0.101422,0.122536,0.006147,0.001184,0.00015000
11,390,0.288442,0.000069,13.3008,0.078428,0.101354,0.104222,0.005039,0.000594,0.00015000
11,391,0.247804,0.000056,12.6580,0.078350,0.101377,0.140195,0.004172,0.000549,0.00015000
12,1,0.480608,0.000121,17.5782,0.062813,0.072462,0.128737,0.022120,0.002226,0.00010365
12,2,0.443243,0.000121,9.8440,0.061765,0.072653,0.091528,0.018974,0.001870,0.00010365
12,3,0.399044,0.000100,14.8237,0.069272,0.070996,0.114051,0.011951,0.001523,0.00010365
12,4,0.431563,0.000116,10.9713,0.066452,0.083734,0.121054,0.013627,0.001553,0.00010365
12,5,0.384366,0.000104,9.5444,0.065030,0.095286,0.089557,0.011120,0.001471,0.00010365
12,6,0.446266,0.000121,10.4760,0.064054,0.096532,0.104098,0.018023,0.001792,0.00010365
12,7,0.410943,0.000108,12.4206,0.066540,0.104543,0.094509,0.012697,0.002098,0.00010365
12,8,0.442633,0.000116,13.6125,0.065327,0.106647,0.100636,0.014552,0.001856,0.00010365
12,9,0.419356,0.000108,13.1887,0.066084,0.106566,0.129955,0.015885,0.001815,0.00010365
12,10,0.464378,0.000127,10.8081,0.066253,0.111974,0.098021,0.015456,0.001618,0.00010365
12,11,0.378067,0.000103,9.9832,0.065852,0.114011,0.077792,0.008044,0.001568,0.00010365
12,12,0.385273,0.000108,8.1288,0.064764,0.117851,0.075077,0.008044,0.001457,0.00010365
12,13,0.462189,0.000117,17.1400,0.065217,0.117928,0.177685,0.004790,0.001514,0.00010365
12,14,0.412390,0.000115,8.2803,0.064297,0.117713,0.092326,0.009083,0.001526,0.00010365
12,15,0.509252,0.000123,22.7170,0.065292,0.119229,0.186778,0.015534,0.001739,0.00010365
12,16,0.421418,0.000103,18.8607,0.065064,0.116120,0.139152,0.006583,0.001908,0.00010365
12,17,0.342684,0.000090,10.7017,0.065004,0.113706,0.105002,0.005546,0.001624,0.00010365
12,18,0.337725,0.000092,8.2251,0.064436,0.113429,0.068278,0.008793,0.001664,0.00010365
12,19,0.353792,0.000093,10.9987,0.064125,0.114244,0.118496,0.005648,0.001193,0.00010365
12,20,0.365584,0.000095,11.0992,0.063816,0.115609,0.115942,0.011161,0.001356,0.00010365
12,21,0.333726,0.000090,8.8628,0.063697,0.116761,0.075952,0.010012,0.001375,0.00010365
12,22,0.380753,0.000103,9.8840,0.063311,0.117381,0.075088,0.009748,0.001285,0.00010365
12,23,0.343370,0.000091,9.4647,0.062850,0.115318,0.101850,0.009513,0.001448,0.00010365
12,24,0.354272,0.000098,8.3821,0.062404,0.113343,0.068095,0.007186,0.001767,0.00010365
12,25,0.324391,0.000086,8.8795,0.062154,0.115373,0.102377,0.007237,0.001382,0.00010365
12,26,0.315079,0.000083,9.2278,0.062005,0.114468,0.077292,0.015885,0.001019,0.00010365
12,27,0.330209,0.000073,17.3824,0.062332,0.113847,0.178691,0.010191,0.001140,0.00010365
12,28,0.279272,0.000067,11.5257,0.062912,0.113056,0.099233,0.013806,0.000649,0.00010365
12,29,0.435993,0.000111,15.6873,0.063048,0.111873,0.113921,0.017714,0.001662,0.00010365
12,30,0.300864,0.000078,9.5355,0.063170,0.112437,0.089847,0.008723,0.001458,0.00010365
12,31,0.297116,0.000067,15.6086,0.063602,0.113756,0.158072,0.005039,0.000884,0.00010365
12,32,0.266682,0.000069,8.9165,0.063519,0.114618,0.080990,0.006327,0.001097,0.00010365
12,33,0.332113,0.000081,14.2364,0.064375,0.113774,0.115567,0.006147,0.001155,0.00010365
12,34,0.266138,0.000059,15.0249,0.064697,0.112014,0.120568,0.002798,0.000537,0.00010365
12,35,0.392432,0.000101,12.1007,0.064707,0.111567,0.125367,0.015026,0.001834,0.00010365
12,36,0.376258,0.000103,8.3197,0.064394,0.112849,0.083856,0.016384,0.001628,0.00010365
12,37,0.423255,0.000102,18.4301,0.065144,0.113255,0.145609,0.008903,0.001612,0.00010365
12,38,0.358352,0.000096,10.3293,0.065342,0.114243,0.090046,0.005717,0.001301,0.00010365
12,39,0.361203,0.000096,10.4330,0.065526,0.112811,0.106068,0.007435,0.001541,0.00010365
12,40,0.344665,0.000095,7.8341,0.065262,0.111704,0.070720,0.008474,0.001293,0.00010365
12,41,0.386977,0.000097,14.3972,0.066047,0.112143,0.117792,0.009873,0.001924,0.00010365
12,42,0.379047,0.000101,11.0267,0.066197,0.112624,0.116999,0.003537,0.001812,0.00010365
12,43,0.413964,0.000113,10.1631,0.066430,0.112881,0.091508,0.009873,0.000617,0.00010365
12,44,0.347606,0.000095,8.0428,0.066271,0.112989,0.071170,0.012518,0.000725,0.00010365
12,45,0.290797,0.000068,12.8919,0.066642,0.111810,0.134202,0.012089,0.001051,0.00010365
12,46,0.335853,0.000081,13.8036,0.066679,0.111949,0.149624,0.008654,0.001763,0.00010365
12,47,0.312852,0.000082,9.7854,0.066472,0.112048,0.073090,0.010663,0.002202,0.00010365
12,48,0.401698,0.000105,10.9785,0.066681,0.112439,0.110349,0.022482,0.001831,0.00010365
12,49,0.393354,0.000104,10.1830,0.066677,0.111505,0.080129,0.025354,0.001860,0.00010365
12,50,0.336120,0.000079,15.5649,0.066509,0.110961,0.159857,0.005898,0.001747,0.00010365
12,51,0.294533,0.000073,11.2236,0.066824,0.111455,0.113451,0.013789,0.000945,0.00010365
12,52,0.409989,0.000108,12.7652,0.066669,0.112142,0.092485,0.012090,0.001614,0.00010365
12,53,0.360462,0.000098,8.5844,0.066386,0.112074,0.092336,0.014347,0.001512,0.00010365
12,54,0.340431,0.000089,11.0584,0.066193,0.112911,0.081494,0.011840,0.001315,0.00010365
12,55,0.307569,0.000083,8.2611,0.066000,0.112161,0.074832,0.008293,0.001073,0.00010365
12,56,0.365953,0.000100,9.2244,0.065980,0.111657,0.076012,0.006327,0.001445,0.00010365
12,57,0.379581,0.000095,13.8438,0.065904,0.111633,0.141559,0.010414,0.001453,0.00010365
12,58,0.355123,0.000096,8.9413,0.065693,0.111176,0.095321,0.006979,0.001912,0.00010365
12,59,0.374662,0.000096,13.1311,0.065697,0.111579,0.097378,0.009658,0.001437,0.00010365
12,60,0.319218,0.000077,14.8031,0.065577,0.111517,0.094387,0.008517,0.000666,0.00010365
12,61,0.271070,0.000070,9.3354,0.065425,0.111671,0.093576,0.005468,0.000491,0.00010365
12,62,0.293691,0.000071,11.4155,0.065359,0.111226,0.136193,0.013351,0.000669,0.00010365
12,63,0.269904,0.000065,9.8672,0.065290,0.110920,0.087731,0.022951,0.000922,0.00010365
12,64,0.407319,0.000110,11.0469,0.065444,0.110810,0.100489,0.011771,0.001542,0.00010365
12,65,0.353764,0.000092,11.4317,0.065282,0.111316,0.075658,0.016793,0.001067,0.00010365
12,66,0.362246,0.000090,12.6494,0.065379,0.110913,0.138959,0.019543,0.001237,0.00010365
12,67,0.284297,0.000068,10.8811,0.065351,0.110748,0.119600,0.020899,0.000667,0.00010365
12,68,0.289222,0.000071,12.2280,0.065270,0.110422,0.081128,0.010024,0.000714,0.00010365
12,69,0.362048,0.000089,13.4345,0.065165,0.110433,0.143975,0.017963,0.000788,0.00010365
12,70,0.315210,0.000082,9.2769,0.065199,0.110202,0.083745,0.017963,0.000694,0.00010365
12,71,0.267944,0.000065,12.1730,0.064998,0.110122,0.079544,0.005648,0.000771,0.00010365
12,72,0.340745,0.000092,8.9518,0.064862,0.110793,0.102320,0.005468,0.000423,0.00010365
12,73,0.341333,0.000093,8.4409,0.064709,0.110215,0.078320,0.007864,0.000410,0.00010365
12,74,0.342958,0.000079,17.5494,0.064997,0.110959,0.142134,0.002712,0.000907,0.00010365
12,75,0.367647,0.000099,9.6333,0.064916,0.110672,0.102966,0.008834,0.001186,0.00010365
12,76,0.283947,0.000066,13.3358,0.065157,0.110819,0.141896,0.003537,0.000811,0.00010365
12,77,0.481848,0.000123,16.9246,0.065305,0.110502,0.126865,0.018821,0.000515,0.00010365
12,78,0.455068,0.000123,11.8446,0.065235,0.110765,0.122479,0.012339,0.000815,0.00010365
12,79,0.449605,0.000122,11.7879,0.065228,0.110734,0.100048,0.011591,0.000657,0.00010365
12,80,0.524069,0.000135,16.4292,0.065537,0.110843,0.162770,0.026961,0.001054,0.00010365
12,81,0.386562,0.000106,10.3088,0.065528,0.110065,0.076285,0.006756,0.001236,0.00010365
12,82,0.329162,0.000086,9.6007,0.065484,0.110052,0.102453,0.011660,0.000645,0.00010365
12,83,0.295358,0.000077,9.8504,0.065505,0.109877,0.090094,0.005717,0.000945,0.00010365
12,84,0.340822,0.000081,15.8770,0.065584,0.109447,0.120441,0.006756,0.000624,0.00010365
12,85,0.266339,0.000068,9.6269,0.065529,0.109526,0.074740,0.004172,0.000716,0.00010365
12,86,0.504152,0.000121,22.0039,0.065746,0.109216,0.218146,0.012637,0.001577,0.00010365
12,87,0.487578,0.000106,29.4782,0.065669,0.108887,0.279520,0.010552,0.001047,0.00010365
12,88,0.391718,0.000103,12.3939,0.065746,0.108691,0.107690,0.008225,0.001521,0.00010365
12,89,0.356133,0.000098,8.4092,0.065612,0.108553,0.074518,0.008405,0.001346,0.00010365
12,90,0.397743,0.000093,18.4773,0.065871,0.108227,0.188374,0.011702,0.000812,0.00010365
12,91,0.388914,0.000105,9.0316,0.065751,0.107962,0.091833,0.017823,0.001563,0.00010365
12,92,0.455196,0.000099,24.8505,0.066352,0.107738,0.198533,0.022299,0.001113,0.00010365
12,93,0.319146,0.000072,17.2872,0.066562,0.107377,0.124270,0.007680,0.000810,0.00010365
12,94,0.301662,0.000070,15.2095,0.066390,0.107395,0.152098,0.004000,0.000510,0.00010365
12,95,0.261567,0.000067,9.0683,0.066196,0.107519,0.075702,0.006576,0.000647,0.00010365
12,96,0.394093,0.000097,16.3681,0.066496,0.107608,0.135552,0.006147,0.000956,0.00010365
12,97,0.387051,0.000103,10.3624,0.066588,0.107241,0.092789,0.016494,0.000677,0.00010365
12,98,0.288372,0.000071,12.1314,0.066723,0.106924,0.117529,0.003321,0.000332,0.00010365
12,99,0.280001,0.000074,8.4061,0.066647,0.106566,0.077307,0.006327,0.000634,0.00010365
12,100,0.281048,0.000058,17.8110,0.066897,0.106806,0.148794,0.009513,0.000516,0.00010365
12,101,0.309806,0.000071,15.4131,0.066963,0.106644,0.140892,0.015026,0.000482,0.00010365
12,102,0.234741,0.000056,10.8072,0.066996,0.107060,0.108574,0.002798,0.000376,0.00010365
12,103,0.319662,0.000083,7.9944,0.066841,0.106904,0.065057,0.033761,0.000427,0.00010365
12,104,0.444308,0.000113,15.4511,0.066822,0.107225,0.158405,0.009873,0.000676,0.00010365
12,105,0.342272,0.000087,9.4131,0.066767,0.107049,0.103125,0.036030,0.001191,0.00010365
12,106,0.344395,0.000086,13.7321,0.066650,0.106846,0.097261,0.007256,0.000840,0.00010365
12,107,0.292117,0.000072,12.0744,0.066662,0.106653,0.092248,0.009083,0.000562,0.00010365
12,108,0.387638,0.000106,9.3902,0.066542,0.107177,0.102025,0.005717,0.001064,0.00010365
12,109,0.273076,0.000067,10.4179,0.066585,0.106925,0.104718,0.009513,0.000690,0.00010365
12,110,0.402778,0.000110,9.6685,0.066600,0.107055,0.093289,0.013768,0.000884,0.00010365
12,111,0.288643,0.000064,14.7981,0.066604,0.107053,0.100915,0.019457,0.000698,0.00010365
12,112,0.282113,0.000070,10.3971,0.066586,0.107210,0.078145,0.014236,0.001541,0.00010365
12,113,0.244629,0.000065,7.3698,0.066433,0.107551,0.082153,0.003141,0.001230,0.00010365
12,114,0.253824,0.000065,9.1531,0.066263,0.107501,0.074424,0.006147,0.000940,0.00010365
12,115,0.240352,0.000060,8.9531,0.066220,0.107671,0.101170,0.008474,0.000558,0.00010365
12,116,0.358668,0.000094,11.7268,0.066083,0.107935,0.073551,0.011840,0.000854,0.00010365
12,117,0.348042,0.000095,8.2227,0.066012,0.107614,0.093312,0.006327,0.001187,0.00010365
12,118,0.296137,0.000078,8.5326,0.065904,0.107430,0.103028,0.005648,0.001871,0.00010365
12,119,0.334675,0.000072,20.4620,0.065864,0.107306,0.158545,0.006122,0.000623,0.00010365
12,120,0.312105,0.000077,13.0526,0.065701,0.107264,0.083682,0.006147,0.000987,0.00010365
12,121,0.347017,0.000077,16.2766,0.065673,0.106983,0.168341,0.038367,0.000719,0.00010365
12,122,0.360303,0.000093,8.9820,0.065649,0.106891,0.096404,0.039088,0.000821,0.00010365
12,123,0.276912,0.000072,8.6301,0.065516,0.106790,0.093653,0.005039,0.000613,0.00010365
12,124,0.292637,0.000061,19.6992,0.065458,0.106927,0.136944,0.008723,0.000494,0.00010365
12,125,0.305489,0.000069,16.6839,0.065395,0.106694,0.116639,0.007795,0.000661,0.00010365
12,126,0.234972,0.000062,7.1646,0.065248,0.106476,0.068254,0.005468,0.000472,0.00010365
12,127,0.296795,0.000072,12.8769,0.065459,0.106419,0.124677,0.004594,0.000706,0.00010365
12,128,0.314039,0.000078,13.0958,0.065408,0.106876,0.093177,0.004000,0.000679,0.00010365
12,129,0.369447,0.000086,17.8663,0.065532,0.106708,0.180417,0.006147,0.000916,0.00010365
12,130,0.297463,0.000067,15.2447,0.065514,0.106569,0.163092,0.006147,0.000607,0.00010365
12,131,0.275772,0.000066,13.0212,0.065475,0.106593,0.091868,0.008044,0.000987,0.00010365
12,132,0.270001,0.000073,6.9201,0.065353,0.106295,0.065750,0.008044,0.000668,0.00010365
12,133,0.333542,0.000090,9.2451,0.065367,0.106052,0.094569,0.004000,0.000677,0.00010365
12,134,0.246023,0.000064,7.6649,0.065290,0.106209,0.077245,0.006756,0.000642,0.00010365
12,135,0.437608,0.000114,15.4984,0.065239,0.106087,0.107397,0.008405,0.000845,0.00010365
12,136,0.399880,0.000102,13.5043,0.065174,0.106150,0.096239,0.023407,0.000536,0.00010365
12,137,0.311598,0.000069,16.4969,0.065373,0.106156,0.166451,0.009805,0.001031,0.00010365
12,138,0.219406,0.000057,7.2643,0.065229,0.106029,0.082015,0.003570,0.000483,0.00010365
12,139,0.266560,0.000060,14.1488,0.065279,0.105580,0.107560,0.006147,0.000484,0.00010365
12,140,0.274831,0.000073,8.0706,0.065165,0.105553,0.071517,0.007934,0.000565,0.00010365
12,141,0.319126,0.000065,20.4216,0.065337,0.105272,0.208406,0.005039,0.000801,0.00010365
12,142,0.261493,0.000060,12.7887,0.065300,0.105403,0.133478,0.004859,0.000444,0.00010365
12,143,0.293904,0.000075,10.4664,0.065329,0.105520,0.078198,0.010552,0.000864,0.00010365
12,144,0.256893,0.000069,7.5887,0.065237,0.105840,0.062041,0.004594,0.000615,0.00010365
12,145,0.314298,0.000075,13.9074,0.065298,0.105663,0.142292,0.003141,0.000417,0.00010365
12,146,0.286661,0.000072,10.3759,0.065313,0.105815,0.105427,0.008723,0.000638,0.00010365
12,147,0.358104,0.000088,14.3469,0.065339,0.106161,0.123423,0.012450,0.000699,0.00010365
12,148,0.234305,0.000059,8.3738,0.065235,0.105946,0.085483,0.007864,0.000333,0.00010365
12,149,0.308650,0.000073,14.1849,0.065377,0.106098,0.141688,0.005898,0.000522,0.00010365
12,150,0.326015,0.000086,9.5659,0.065349,0.105941,0.095827,0.009762,0.000796,0.00010365
12,151,0.264389,0.000065,11.1440,0.065367,0.105921,0.088822,0.006694,0.000527,0.00010365
12,152,0.299142,0.000080,7.8550,0.065288,0.105861,0.070629,0.012411,0.000385,0.00010365
12,153,0.276708,0.000064,14.2291,0.065420,0.105893,0.125395,0.004172,0.000332,0.00010365
12,154,0.367773,0.000094,12.4544,0.065450,0.106039,0.124783,0.009942,0.002287,0.00010365
12,155,0.383385,0.000097,13.3054,0.065548,0.106131,0.104471,0.017104,0.002747,0.00010365
12,156,0.370970,0.000100,8.9844,0.065512,0.105763,0.087321,0.016065,0.002622,0.00010365
12,157,0.360807,0.000090,13.8483,0.065701,0.106267,0.109246,0.013420,0.002002,0.00010365
12,158,0.316807,0.000074,15.5214,0.065889,0.106118,0.144499,0.006756,0.001889,0.00010365
12,159,0.265304,0.000067,9.5425,0.065908,0.106192,0.075728,0.010483,0.001548,0.00010365
12,160,0.261440,0.000066,8.7964,0.065833,0.106421,0.105498,0.012892,0.000959,0.00010365
12,161,0.281251,0.000070,11.5785,0.065841,0.106467,0.078331,0.004066,0.001126,0.00010365
12,162,0.282714,0.000071,10.4490,0.065724,0.106389,0.091675,0.010011,0.000920,0.00010365
12,163,0.361209,0.000081,20.1241,0.065740,0.106593,0.195000,0.004000,0.000653,0.00010365
12,164,0.353932,0.000090,12.7597,0.065740,0.106759,0.121901,0.008903,0.000787,0.00010365
12,165,0.370298,0.000094,13.3791,0.065869,0.106672,0.115413,0.010372,0.001282,0.00010365
12,166,0.327090,0.000088,8.9853,0.065798,0.106811,0.072559,0.005288,0.001845,0.00010365
12,167,0.402285,0.000110,10.2644,0.065836,0.107147,0.098082,0.006078,0.002114,0.00010365
12,168,0.310893,0.000082,8.9120,0.065724,0.106932,0.097660,0.006147,0.001538,0.00010365
12,169,0.365598,0.000092,14.3490,0.065793,0.107076,0.120906,0.002712,0.001524,0.00010365
12,170,0.218628,0.000056,6.9526,0.065690,0.107088,0.071825,0.008293,0.000737,0.00010365
12,171,0.376581,0.000091,16.6192,0.065677,0.107167,0.127746,0.007864,0.000951,0.00010365
12,172,0.303580,0.000079,10.4653,0.065609,0.107010,0.073604,0.008225,0.000505,0.00010365
12,173,0.291310,0.000077,8.5084,0.065515,0.106624,0.101399,0.006576,0.000670,0.00010365
12,174,0.283272,0.000075,7.6336,0.065410,0.106520,0.098736,0.006327,0.000605,0.00010365
12,175,0.350775,0.000085,16.9922,0.065312,0.106583,0.104402,0.003570,0.001048,0.00010365
12,176,0.284401,0.000073,10.0001,0.065202,0.106604,0.070453,0.006937,0.000433,0.00010365
12,177,0.266757,0.000063,12.8399,0.065129,0.106425,0.140741,0.002712,0.000548,0.00010365
12,178,0.259159,0.000063,10.3445,0.065148,0.106597,0.122296,0.004594,0.000319,0.00010365
12,179,0.249244,0.000067,7.1056,0.065033,0.106471,0.063136,0.004000,0.000709,0.00010365
12,180,0.412222,0.000102,16.5449,0.065121,0.106405,0.137747,0.008293,0.000876,0.00010365
12,181,0.333805,0.000090,8.7927,0.065018,0.106257,0.078876,0.008585,0.000744,0.00010365
12,182,0.483445,0.000110,25.0960,0.065207,0.106210,0.234653,0.007366,0.001028,0.00010365
12,183,0.254793,0.000058,12.1127,0.065165,0.106091,0.117174,0.011840,0.000531,0.00010365
12,184,0.299892,0.000080,8.5931,0.065147,0.106236,0.077896,0.006147,0.000801,0.00010365
12,185,0.307310,0.000076,13.2451,0.065051,0.106056,0.095351,0.004000,0.000642,0.00010365
12,186,0.247170,0.000063,8.8491,0.065009,0.106151,0.089610,0.003570,0.000446,0.00010365
12,187,0.236620,0.000057,10.8453,0.064922,0.106191,0.083042,0.001424,0.000322,0.00010365
12,188,0.290526,0.000078,8.3047,0.064846,0.105902,0.085196,0.005468,0.000429,0.00010365
12,189,0.222151,0.000056,8.2406,0.064732,0.106084,0.096761,0.005039,0.000437,0.00010365
12,190,0.327344,0.000070,21.5965,0.064669,0.106127,0.149370,0.005468,0.000629,0.00010365
12,191,0.306204,0.000074,14.3224,0.064604,0.106267,0.097066,0.004429,0.000614,0.00010365
12,192,0.336306,0.000086,10.9460,0.064556,0.106356,0.118410,0.009332,0.001140,0.00010365
12,193,0.230968,0.000059,8.0110,0.064463,0.106251,0.090003,0.005288,0.000553,0.00010365
12,194,0.320303,0.000071,17.5961,0.064553,0.106028,0.143703,0.006576,0.000637,0.00010365
12,195,0.273319,0.000071,9.2363,0.064456,0.106123,0.070891,0.002480,0.000300,0.00010365
12,196,0.310758,0.000076,13.0051,0.064587,0.106026,0.135226,0.003141,0.000755,0.00010365
12,197,0.259682,0.000065,9.5553,0.064537,0.105800,0.103819,0.008903,0.000531,0.00010365
12,198,0.280336,0.000067,13.1632,0.064676,0.105788,0.115275,0.005717,0.000488,0.00010365
12,199,0.315132,0.000084,9.4835,0.064632,0.105797,0.067894,0.004859,0.000812,0.00010365
12,200,0.283067,0.000063,14.8291,0.064675,0.105866,0.163557,0.005288,0.000481,0.00010365
12,201,0.228900,0.000059,7.8658,0.064660,0.105807,0.075258,0.004429,0.000255,0.00010365
12,202,0.249067,0.000057,13.1396,0.064756,0.105811,0.102295,0.003570,0.000315,0.00010365
12,203,0.331701,0.000086,10.3665,0.064761,0.105876,0.116519,0.008293,0.000697,0.00010365
12,204,0.243377,0.000059,11.3217,0.064732,0.105838,0.088311,0.002798,0.000651,0.00010365
12,205,0.357506,0.000097,8.4752,0.064679,0.105766,0.086684,0.014708,0.000872,0.00010365
12,206,0.306191,0.000072,15.6230,0.064618,0.105748,0.104542,0.005039,0.001424,0.00010365
12,207,0.272473,0.000069,9.3094,0.064587,0.105573,0.077678,0.012020,0.001496,0.00010365
12,208,0.280012,0.000067,12.1145,0.064585,0.105576,0.133019,0.007795,0.000685,0.00010365
12,209,0.260046,0.000067,9.1727,0.064589,0.105528,0.090227,0.004859,0.000605,0.00010365
12,210,0.233553,0.000057,10.2197,0.064595,0.105547,0.086068,0.004000,0.000644,0.00010365
12,211,0.406048,0.000107,12.5628,0.064570,0.105417,0.091088,0.015275,0.001865,0.00010365
12,212,0.276649,0.000066,11.9628,0.064599,0.105600,0.125799,0.010851,0.001351,0.00010365
12,213,0.257872,0.000067,8.0038,0.064529,0.105915,0.094494,0.003502,0.000835,0.00010365
12,214,0.330043,0.000079,14.9718,0.064499,0.105967,0.103637,0.007864,0.001040,0.00010365
12,215,0.281523,0.000066,13.8763,0.064401,0.105701,0.090646,0.004859,0.001274,0.00010365
12,216,0.273385,0.000068,10.8103,0.064317,0.105723,0.110274,0.004859,0.000386,0.00010365
12,217,0.392165,0.000107,10.3095,0.064360,0.105847,0.082998,0.008225,0.000533,0.00010365
12,218,0.461240,0.000128,9.9170,0.064357,0.106127,0.094215,0.014957,0.001160,0.00010365
12,219,0.295428,0.000068,13.9801,0.064336,0.106181,0.126780,0.015095,0.000947,0.00010365
12,220,0.242513,0.000061,8.8285,0.064301,0.105976,0.091829,0.005039,0.000850,0.00010365
12,221,0.324676,0.000078,14.0766,0.064362,0.105865,0.134527,0.004172,0.000801,0.00010365
12,222,0.460088,0.000105,23.2161,0.064670,0.105969,0.186168,0.012518,0.001250,0.00010365
12,223,0.429550,0.000111,13.8131,0.064808,0.105894,0.119431,0.014528,0.001808,0.00010365
12,224,0.399175,0.000106,11.5777,0.064837,0.105703,0.117540,0.005468,0.001463,0.00010365
12,225,0.268777,0.000066,10.5647,0.064803,0.105777,0.119552,0.005717,0.000838,0.00010365
12,226,0.381420,0.000095,15.3403,0.064798,0.105790,0.109230,0.007546,0.001118,0.00010365
12,227,0.369051,0.000099,11.2517,0.064798,0.105683,0.078786,0.005039,0.000440,0.00010365
12,228,0.320302,0.000082,10.7116,0.064777,0.105613,0.117833,0.004180,0.000849,0.00010365
12,229,0.407805,0.000112,9.6550,0.064785,0.105793,0.096399,0.009350,0.000365,0.00010365
12,230,0.251416,0.000064,8.5358,0.064739,0.105750,0.067107,0.010234,0.000710,0.00010365
12,231,0.310228,0.000070,14.8250,0.064887,0.105592,0.132987,0.019792,0.000851,0.00010365
12,232,0.266788,0.000068,9.2392,0.064866,0.105368,0.099750,0.004180,0.000574,0.00010365
12,233,0.284495,0.000066,13.9363,0.064944,0.105458,0.108589,0.004429,0.000801,0.00010365
12,234,0.248319,0.000066,7.8223,0.064907,0.105432,0.064980,0.002712,0.000893,0.00010365
12,235,0.277536,0.000066,12.9449,0.064958,0.105320,0.131033,0.001853,0.000374,0.00010365
12,236,0.417098,0.000106,14.6249,0.065045,0.105531,0.143004,0.013738,0.000753,0.00010365
12,237,0.384372,0.000090,18.7302,0.065089,0.105628,0.146083,0.006147,0.001361,0.00010365
12,238,0.225719,0.000056,9.0314,0.065038,0.105803,0.094153,0.001424,0.000412,0.00010365
12,239,0.264887,0.000070,8.3656,0.065002,0.105723,0.067888,0.004609,0.000788,0.00010365
12,240,0.330301,0.000092,7.1310,0.064942,0.105674,0.072848,0.005648,0.000908,0.00010365
12,241,0.295557,0.000069,13.6892,0.065086,0.105719,0.121779,0.013489,0.000768,0.00010365
12,242,0.266119,0.000066,10.2254,0.065082,0.105695,0.118563,0.005648,0.000762,0.00010365
12,243,0.245941,0.000059,11.7651,0.065023,0.105584,0.074911,0.003570,0.000613,0.00010365
12,244,0.275350,0.000072,8.7528,0.064957,0.105647,0.061202,0.007186,0.001001,0.00010365
12,245,0.324048,0.000075,16.1070,0.064927,0.105449,0.165523,0.005648,0.000513,0.00010365
12,246,0.295515,0.000070,13.3299,0.064957,0.105583,0.154628,0.003537,0.001391,0.00010365
12,247,0.269001,0.000069,8.2458,0.064890,0.105784,0.097581,0.009873,0.001135,0.00010365
12,248,0.348179,0.000079,18.6356,0.064864,0.105717,0.138486,0.011909,0.000647,0.00010365
12,249,0.294921,0.000069,14.9388,0.065002,0.105655,0.113755,0.005717,0.000227,0.00010365
12,250,0.312885,0.000076,13.1235,0.065007,0.105630,0.140339,0.004859,0.000606,0.00010365
12,251,0.243426,0.000063,8.7154,0.064985,0.105871,0.071756,0.003141,0.000417,0.00010365
12,252,0.219179,0.000059,6.1318,0.064897,0.105834,0.063081,0.003570,0.000263,0.00010365
12,253,0.431972,0.000118,10.4634,0.064928,0.105638,0.085066,0.011840,0.001113,0.00010365
12,254,0.355475,0.000099,8.2354,0.064857,0.105544,0.076357,0.003141,0.001227,0.00010365
12,255,0.385025,0.000102,11.9519,0.064859,0.105526,0.103641,0.005546,0.000449,0.00010365
12,256,0.291446,0.000076,8.4053,0.064803,0.105340,0.087032,0.013806,0.001058,0.00010365
12,257,0.308836,0.000074,14.5262,0.064770,0.105293,0.106459,0.004859,0.000672,0.00010365
12,258,0.298272,0.000079,9.3683,0.064759,0.105329,0.073272,0.004859,0.000497,0.00010365
12,259,0.444765,0.000116,14.4918,0.064731,0.105472,0.142335,0.010234,0.001696,0.00010365
12,260,0.273002,0.000072,8.3300,0.064704,0.105481,0.071227,0.005717,0.000807,0.00010365
12,261,0.369503,0.000102,8.8773,0.064699,0.105396,0.085788,0.005288,0.001094,0.00010365
12,262,0.284369,0.000077,8.1774,0.064632,0.105541,0.065831,0.002712,0.001166,0.00010365
12,263,0.227019,0.000057,9.3804,0.064604,0.105471,0.080601,0.004594,0.000446,0.00010365
12,264,0.227345,0.000058,7.2383,0.064544,0.105435,0.075787,0.009152,0.000441,0.00010365
12,265,0.296537,0.000081,7.6447,0.064482,0.105218,0.065410,0.006147,0.000919,0.00010365
12,266,0.278669,0.000067,12.0240,0.064415,0.105016,0.134521,0.006576,0.000468,0.00010365
12,267,0.391430,0.000097,15.3856,0.064430,0.105089,0.111940,0.017672,0.000868,0.00010365
12,268,0.314172,0.000085,8.0305,0.064365,0.105133,0.084485,0.004859,0.000856,0.00010365
12,269,0.327862,0.000085,11.5831,0.064334,0.105161,0.081244,0.007615,0.000509,0.00010365
12,270,0.281262,0.000071,10.4801,0.064290,0.105095,0.080267,0.005717,0.000554,0.00010365
12,271,0.274575,0.000070,9.1051,0.064254,0.105001,0.103754,0.005648,0.000494,0.00010365
12,272,0.237990,0.000059,9.2543,0.064186,0.105012,0.103809,0.006919,0.000550,0.00010365
12,273,0.449732,0.000110,18.7511,0.064163,0.104873,0.123515,0.024776,0.001502,0.00010365
12,274,0.308590,0.000071,13.6395,0.064209,0.104961,0.141995,0.023115,0.001054,0.00010365
12,275,0.328919,0.000084,12.5038,0.064211,0.104844,0.090889,0.004429,0.001007,0.00010365
12,276,0.249501,0.000066,7.1629,0.064141,0.104748,0.060861,0.009083,0.000533,0.00010365
12,277,0.274725,0.000065,11.5981,0.064130,0.104605,0.134270,0.013377,0.000439,0.00010365
12,278,0.349391,0.000092,9.6528,0.064117,0.104559,0.098495,0.016315,0.000676,0.00010365
12,279,0.279665,0.000068,12.4888,0.064166,0.104589,0.091541,0.005288,0.000547,0.00010365
12,280,0.540714,0.000145,13.2644,0.064229,0.104633,0.129910,0.030943,0.002089,0.00010365
12,281,0.256109,0.000063,10.5594,0.064271,0.104611,0.093189,0.004000,0.000327,0.00010365
12,282,0.328646,0.000090,7.6477,0.064222,0.104615,0.071834,0.012699,0.000567,0.00010365
12,283,0.311958,0.000071,16.0302,0.064384,0.104599,0.163428,0.004859,0.000513,0.00010365
12,284,0.336024,0.000087,11.1029,0.064462,0.104505,0.093375,0.010122,0.000505,0.00010365
12,285,0.298896,0.000074,11.9185,0.064414,0.104609,0.113716,0.005288,0.000587,0.00010365
12,286,0.243740,0.000062,8.6682,0.064349,0.104559,0.101800,0.004429,0.000517,0.00010365
12,287,0.363261,0.000098,10.8970,0.064329,0.104413,0.074871,0.002712,0.000845,0.00010365
12,288,0.285865,0.000077,7.8379,0.064306,0.104339,0.083188,0.004180,0.000807,0.00010365
12,289,0.208625,0.000053,7.5814,0.064252,0.104264,0.073159,0.004172,0.000988,0.00010365
12,290,0.382870,0.000095,15.2304,0.064234,0.104221,0.119239,0.008044,0.001260,0.00010365
12,291,0.327186,0.000082,12.6797,0.064347,0.104223,0.104867,0.009513,0.001441,0.00010365
12,292,0.276733,0.000062,14.8927,0.064388,0.104169,0.152648,0.007005,0.000538,0.00010365
12,293,0.303158,0.000076,12.2873,0.064325,0.104200,0.095516,0.005717,0.000534,0.00010365
12,294,0.270815,0.000069,9.3793,0.064302,0.103976,0.104326,0.004429,0.000520,0.00010365
12,295,0.363251,0.000100,9.0532,0.064288,0.104122,0.072648,0.005898,0.001231,0.00010365
12,296,0.354269,0.000093,10.7775,0.064268,0.104143,0.104725,0.008654,0.000647,0.00010365
12,297,0.323969,0.000085,10.3978,0.064240,0.104203,0.085016,0.003537,0.001174,0.00010365
12,298,0.248536,0.000065,7.7254,0.064228,0.104178,0.086510,0.003141,0.000702,0.00010365
12,299,0.254618,0.000067,8.0852,0.064215,0.104125,0.075252,0.003141,0.000363,0.00010365
12,300,0.235173,0.000059,9.5115,0.064202,0.103878,0.072208,0.002712,0.000392,0.00010365
12,301,0.239011,0.000060,9.0626,0.064135,0.103670,0.113210,0.001853,0.000463,0.00010365
12,302,0.265455,0.000067,10.2252,0.064119,0.103531,0.076668,0.004000,0.000535,0.00010365
12,303,0.235609,0.000063,6.6647,0.064071,0.103356,0.066887,0.004180,0.000558,0.00010365
12,304,0.295926,0.000075,10.4678,0.064090,0.103292,0.111021,0.007795,0.000849,0.00010365
12,305,0.319245,0.000084,10.3990,0.064097,0.103157,0.078187,0.008474,0.000741,0.00010365
12,306,0.427612,0.000113,13.8061,0.064105,0.103081,0.116521,0.006919,0.000726,0.00010365
12,307,0.380212,0.000092,16.2127,0.064211,0.103177,0.159068,0.005648,0.001340,0.00010365
12,308,0.428015,0.000113,12.3590,0.064242,0.103173,0.114644,0.013489,0.000903,0.00010365
12,309,0.295143,0.000072,12.4698,0.064306,0.103166,0.124924,0.004000,0.000538,0.00010365
12,310,0.262078,0.000063,11.8552,0.064289,0.103249,0.085675,0.005717,0.000530,0.00010365
12,311,0.228441,0.000061,6.7399,0.064231,0.103304,0.056372,0.003141,0.000605,0.00010365
12,312,0.296562,0.000069,14.6284,0.064209,0.103201,0.150622,0.003570,0.000920,0.00010365
12,313,0.228833,0.000056,9.2357,0.064159,0.103176,0.103145,0.003141,0.000668,0.00010365
12,314,0.271717,0.000067,11.6544,0.064094,0.103216,0.078566,0.006180,0.000737,0.00010365
12,315,0.430959,0.000114,13.6565,0.064111,0.103299,0.096438,0.006937,0.001668,0.00010365
12,316,0.449259,0.000122,11.0742,0.064096,0.103470,0.120794,0.009083,0.001460,0.00010365
12,317,0.388249,0.000107,8.9281,0.064093,0.103490,0.095205,0.006147,0.001077,0.00010365
12,318,0.311174,0.000083,9.3076,0.064049,0.103581,0.063415,0.009762,0.000908,0.00010365
12,319,0.290766,0.000071,11.6866,0.064038,0.103542,0.127280,0.007864,0.001025,0.00010365
12,320,0.375164,0.000104,8.4387,0.064008,0.103614,0.070256,0.011522,0.000989,0.00010365
12,321,0.307761,0.000077,11.7250,0.063983,0.103769,0.125617,0.005288,0.000763,0.00010365
12,322,0.298430,0.000082,6.9813,0.063943,0.103781,0.070037,0.008834,0.000404,0.00010365
12,323,0.260120,0.000066,9.6368,0.063950,0.103770,0.073721,0.007496,0.000316,0.00010365
12,324,0.446657,0.000124,9.6075,0.063917,0.103682,0.075244,0.016924,0.001651,0.00010365
12,325,0.427580,0.000113,12.4608,0.063890,0.103718,0.128153,0.010261,0.001496,0.00010365
12,326,0.391184,0.000104,11.1261,0.063878,0.103733,0.116640,0.008225,0.001624,0.00010365
12,327,0.471547,0.000125,13.5394,0.063880,0.103821,0.102282,0.015664,0.001782,0.00010365
12,328,0.408942,0.000110,11.2880,0.063914,0.103930,0.100936,0.008044,0.001717,0.00010365
12,329,0.373953,0.000105,7.7438,0.063888,0.104015,0.069018,0.007666,0.001506,0.00010365
12,330,0.450978,0.000116,15.0321,0.063901,0.104059,0.151506,0.010560,0.001872,0.00010365
12,331,0.412249,0.000113,9.4377,0.063891,0.103997,0.092143,0.011823,0.002336,0.00010365
12,332,0.438032,0.000110,16.8424,0.063882,0.103945,0.132862,0.014528,0.000907,0.00010365
12,333,0.396656,0.000100,14.4665,0.063880,0.103941,0.114874,0.013377,0.000925,0.00010365
12,334,0.447701,0.000112,16.3003,0.064000,0.104091,0.153235,0.015754,0.001065,0.00010365
12,335,0.338470,0.000086,12.0436,0.063989,0.104030,0.120064,0.005039,0.001264,0.00010365
12,336,0.260841,0.000061,12.3380,0.064034,0.104097,0.101541,0.006147,0.000562,0.00010365
12,337,0.378572,0.000104,8.7572,0.064029,0.104150,0.074409,0.009332,0.000688,0.00010365
12,338,0.276095,0.000061,15.1418,0.064118,0.104093,0.147294,0.008293,0.000733,0.00010365
12,339,0.389535,0.000103,11.8175,0.064161,0.103946,0.097352,0.010690,0.000676,0.00010365
12,340,0.246233,0.000057,11.1828,0.064171,0.103837,0.091693,0.015163,0.000611,0.00010365
12,341,0.316793,0.000083,9.7321,0.064119,0.103861,0.111325,0.008225,0.000607,0.00010365
12,342,0.413073,0.000112,9.4829,0.064093,0.103805,0.073532,0.025416,0.001007,0.00010365
12,343,0.440760,0.000119,11.5977,0.064078,0.103789,0.107969,0.008903,0.001466,0.00010365
12,344,0.397089,0.000108,9.2813,0.064061,0.103717,0.093923,0.012699,0.001143,0.00010365
12,345,0.341652,0.000093,8.5880,0.064028,0.103627,0.066887,0.010122,0.000874,0.00010365
12,346,0.352808,0.000092,10.3401,0.064029,0.103633,0.106031,0.014295,0.001324,0.00010365
12,347,0.381798,0.000103,9.8028,0.064033,0.103618,0.080732,0.011161,0.001042,0.00010365
12,348,0.388331,0.000108,8.5321,0.064013,0.103629,0.084736,0.008908,0.000979,0.00010365
12,349,0.312912,0.000080,11.6136,0.063981,0.103712,0.080511,0.006576,0.000399,0.00010365
12,350,0.317485,0.000088,7.6687,0.063933,0.103812,0.069715,0.003141,0.000496,0.00010365
12,351,0.511748,0.000122,20.8078,0.063955,0.104052,0.201938,0.032785,0.001662,0.00010365
12,352,0.396223,0.000099,15.6334,0.063952,0.104108,0.153735,0.008654,0.000470,0.00010365
12,353,0.307991,0.000080,10.2547,0.063990,0.104125,0.092901,0.006756,0.000384,0.00010365
12,354,0.325739,0.000087,9.4997,0.063960,0.104086,0.083816,0.005039,0.000263,0.00010365
12,355,0.355240,0.000094,10.9556,0.063969,0.104152,0.087717,0.004859,0.000802,0.00010365
12,356,0.252075,0.000068,7.0695,0.063920,0.104107,0.056965,0.002712,0.000343,0.00010365
12,357,0.253705,0.000063,9.9521,0.063865,0.104135,0.101212,0.002798,0.000393,0.00010365
12,358,0.363407,0.000080,17.6949,0.063927,0.104080,0.183016,0.034504,0.000406,0.00010365
12,359,0.313681,0.000079,11.7807,0.063940,0.104044,0.096367,0.009332,0.000511,0.00010365
12,360,0.260760,0.000064,10.8280,0.063960,0.103987,0.081868,0.008903,0.000416,0.00010365
12,361,0.407717,0.000105,12.6049,0.063976,0.103922,0.133575,0.021054,0.000856,0.00010365
12,362,0.782516,0.000215,16.8532,0.064040,0.103807,0.146726,0.043771,0.001044,0.00010365
12,363,0.619282,0.000169,13.5967,0.064070,0.103757,0.127135,0.035342,0.002239,0.00010365
12,364,0.607829,0.000164,15.6295,0.064159,0.103650,0.123351,0.030113,0.002077,0.00010365
12,365,0.665567,0.000177,18.0812,0.064208,0.103586,0.141582,0.031773,0.002809,0.00010365
12,366,0.368642,0.000103,8.1421,0.064190,0.103479,0.066805,0.008293,0.000800,0.00010365
12,367,0.481684,0.000116,18.2404,0.064226,0.103547,0.191556,0.035334,0.001251,0.00010365
12,368,0.300087,0.000074,9.2909,0.064192,0.103484,0.100515,0.032243,0.000726,0.00010365
12,369,0.360717,0.000088,14.3736,0.064255,0.103534,0.123336,0.016134,0.001092,0.00010365
12,370,0.307557,0.000078,11.2731,0.064221,0.103685,0.086125,0.009873,0.001100,0.00010365
12,371,0.368287,0.000094,11.3237,0.064231,0.103752,0.123190,0.024987,0.001244,0.00010365
12,372,0.251346,0.000062,8.9410,0.064191,0.103695,0.094564,0.012587,0.000700,0.00010365
12,373,0.324049,0.000080,13.1211,0.064244,0.103776,0.109251,0.003141,0.001100,0.00010365
12,374,0.263341,0.000061,14.8039,0.064203,0.103972,0.093319,0.001424,0.000446,0.00010365
12,375,0.262563,0.000065,9.9824,0.064220,0.103921,0.094556,0.011093,0.000445,0.00010365
12,376,0.317037,0.000078,11.8899,0.064189,0.103891,0.124072,0.015718,0.000631,0.00010365
12,377,0.307988,0.000076,12.4022,0.064192,0.103874,0.098433,0.009332,0.000632,0.00010365
12,378,0.311832,0.000084,8.5097,0.064160,0.103814,0.066456,0.007005,0.000617,0.00010365
12,379,0.266325,0.000063,11.6543,0.064129,0.103686,0.118547,0.014305,0.000653,0.00010365
12,380,0.243934,0.000061,8.9735,0.064082,0.103553,0.091181,0.005898,0.000794,0.00010365
12,381,0.324663,0.000076,15.8189,0.064116,0.103531,0.123412,0.006147,0.001635,0.00010365
12,382,0.238133,0.000062,8.2619,0.064069,0.103561,0.061144,0.004066,0.000529,0.00010365
12,383,0.377443,0.000098,12.0042,0.064094,0.103643,0.119584,0.009513,0.001025,0.00010365
12,384,0.288261,0.000074,10.0578,0.064124,0.103679,0.094288,0.005288,0.000892,0.00010365
12,385,0.257378,0.000065,9.7194,0.064096,0.103722,0.111516,0.002712,0.000894,0.00010365
12,386,0.254286,0.000063,10.5123,0.064086,0.103598,0.082603,0.004429,0.000740,0.00010365
12,387,0.292203,0.000080,7.4588,0.064054,0.103722,0.064288,0.005717,0.001291,0.00010365
12,388,0.357989,0.000097,8.9600,0.064046,0.103653,0.103244,0.006895,0.001369,0.00010365
12,389,0.278544,0.000074,7.6772,0.064011,0.103552,0.087176,0.008293,0.000895,0.00010365
12,390,0.286292,0.000063,17.3468,0.064003,0.103423,0.122656,0.006327,0.000687,0.00010365
12,391,0.210338,0.000054,7.6906,0.063966,0.103592,0.059613,0.001424,0.000379,0.00010365
13,1,0.445416,0.000121,10.8334,0.056455,0.088904,0.089074,0.017855,0.001906,0.00006183
13,2,0.436244,0.000114,12.6840,0.058524,0.094889,0.134604,0.019002,0.001657,0.00006183
13,3,0.374346,0.000103,7.7929,0.058180,0.117534,0.079013,0.018651,0.001722,0.00006183
13,4,0.395008,0.000109,9.0259,0.057296,0.110890,0.078677,0.011958,0.001490,0.00006183
13,5,0.348715,0.000094,8.7716,0.056293,0.108672,0.084853,0.009811,0.001464,0.00006183
13,6,0.444988,0.000122,9.4820,0.057451,0.117111,0.097665,0.022066,0.001761,0.00006183
13,7,0.356318,0.000098,8.6181,0.056655,0.111290,0.070296,0.007727,0.001967,0.00006183
13,8,0.364657,0.000098,10.0515,0.056942,0.111248,0.075967,0.009130,0.001805,0.00006183
13,9,0.343371,0.000091,8.8903,0.056559,0.114535,0.101201,0.018461,0.001658,0.00006183
13,10,0.433008,0.000121,8.4947,0.056032,0.115467,0.075398,0.018323,0.001623,0.00006183
13,11,0.361409,0.000098,8.7403,0.055957,0.112708,0.072390,0.015704,0.001376,0.00006183
13,12,0.375172,0.000105,7.7860,0.055344,0.113510,0.067970,0.007615,0.001525,0.00006183
13,13,0.430027,0.000112,13.2180,0.055834,0.112334,0.150553,0.008225,0.001546,0.00006183
13,14,0.414808,0.000114,9.2133,0.055947,0.114264,0.100094,0.014708,0.001576,0.00006183
13,15,0.453978,0.000122,11.6967,0.056952,0.116807,0.098264,0.015985,0.001738,0.00006183
13,16,0.380724,0.000104,9.8724,0.057695,0.116581,0.085233,0.005468,0.001982,0.00006183
13,17,0.323526,0.000085,9.4717,0.057372,0.113075,0.104399,0.009667,0.001447,0.00006183
13,18,0.342201,0.000093,8.4887,0.057314,0.111092,0.068363,0.011771,0.001679,0.00006183
13,19,0.340303,0.000094,7.8433,0.056942,0.110821,0.071684,0.009083,0.000980,0.00006183
13,20,0.356746,0.000096,9.4021,0.056536,0.113196,0.094114,0.011951,0.001232,0.00006183
13,21,0.325517,0.000089,7.3576,0.056377,0.113201,0.079233,0.010981,0.001301,0.00006183
13,22,0.351500,0.000096,8.8892,0.056196,0.111761,0.070408,0.010334,0.001193,0.00006183
13,23,0.323713,0.000089,7.5528,0.056011,0.113507,0.074573,0.007186,0.001669,0.00006183
13,24,0.342619,0.000094,7.9799,0.055812,0.114444,0.073799,0.007186,0.001783,0.00006183
13,25,0.306584,0.000084,7.5650,0.055523,0.115609,0.067138,0.005651,0.001263,0.00006183
13,26,0.358265,0.000087,14.2813,0.055771,0.116136,0.145530,0.016522,0.001154,0.00006183
13,27,0.314489,0.000074,14.0363,0.055855,0.114554,0.147499,0.007615,0.000921,0.00006183
13,28,0.263320,0.000066,9.9389,0.055778,0.114431,0.076269,0.012269,0.000610,0.00006183
13,29,0.405098,0.000111,9.7703,0.055765,0.114235,0.073193,0.014125,0.001672,0.00006183
13,30,0.289518,0.000075,9.0399,0.055682,0.114352,0.094449,0.013128,0.001352,0.00006183
13,31,0.250155,0.000065,7.8022,0.055319,0.113124,0.085800,0.006327,0.000883,0.00006183
13,32,0.256986,0.000068,7.5869,0.055192,0.112302,0.059247,0.007795,0.001190,0.00006183
13,33,0.291521,0.000078,7.9967,0.054895,0.112241,0.086794,0.004859,0.001080,0.00006183
13,34,0.271741,0.000063,13.8874,0.054898,0.111237,0.108463,0.002798,0.000585,0.00006183
13,35,0.362670,0.000101,7.9519,0.054614,0.112038,0.059828,0.007864,0.001584,0.00006183
13,36,0.378586,0.000100,10.5056,0.054760,0.112810,0.113462,0.010912,0.001506,0.00006183
13,37,0.362491,0.000101,7.3499,0.054616,0.111802,0.077339,0.010912,0.001444,0.00006183
13,38,0.349945,0.000096,8.2770,0.054734,0.113451,0.078280,0.005039,0.001343,0.00006183
13,39,0.361601,0.000097,10.6152,0.054628,0.113000,0.079888,0.006327,0.001542,0.00006183
13,40,0.342305,0.000091,9.5993,0.054993,0.112508,0.094488,0.008225,0.001514,0.00006183
13,41,0.364707,0.000102,7.5938,0.054865,0.112431,0.063712,0.007976,0.001838,0.00006183
13,42,0.381368,0.000102,10.9524,0.055035,0.112303,0.117280,0.002480,0.001677,0.00006183
13,43,0.418284,0.000108,13.2157,0.055445,0.111221,0.133334,0.015524,0.000729,0.00006183
13,44,0.328906,0.000089,7.6557,0.055464,0.111323,0.074474,0.017602,0.000563,0.00006183
13,45,0.270013,0.000066,11.8231,0.055400,0.111070,0.081625,0.005898,0.000715,0.00006183
13,46,0.289187,0.000077,8.4236,0.055358,0.112224,0.088057,0.004429,0.000942,0.00006183
13,47,0.272520,0.000072,8.6963,0.055319,0.112927,0.066664,0.006147,0.000887,0.00006183
13,48,0.354165,0.000098,8.3566,0.055298,0.113777,0.075697,0.007615,0.000484,0.00006183
13,49,0.359191,0.000096,9.5796,0.055468,0.113169,0.077048,0.018143,0.001604,0.00006183
13,50,0.314591,0.000078,11.8259,0.055394,0.113321,0.128960,0.006078,0.001543,0.00006183
13,51,0.279123,0.000071,9.6006,0.055330,0.112828,0.112254,0.004172,0.000371,0.00006183
13,52,0.368261,0.000097,11.4159,0.055468,0.112799,0.084920,0.009090,0.001497,0.00006183
13,53,0.344146,0.000094,8.1023,0.055439,0.112548,0.075582,0.011909,0.001310,0.00006183
13,54,0.334274,0.000089,9.0863,0.055602,0.112517,0.095725,0.007976,0.001148,0.00006183
13,55,0.305762,0.000083,7.5657,0.055456,0.112186,0.067806,0.006576,0.001098,0.00006183
13,56,0.349624,0.000093,10.3391,0.055533,0.112963,0.074955,0.006327,0.001579,0.00006183
13,57,0.336821,0.000091,7.9891,0.055513,0.112398,0.081113,0.012132,0.001481,0.00006183
13,58,0.343624,0.000093,9.0700,0.055431,0.112590,0.094733,0.005940,0.001783,0.00006183
13,59,0.340333,0.000094,7.8196,0.055295,0.112675,0.066180,0.006095,0.001592,0.00006183
13,60,0.278180,0.000074,7.9200,0.055334,0.112711,0.072766,0.009028,0.000503,0.00006183
13,61,0.269971,0.000067,10.6060,0.055182,0.112489,0.120644,0.005288,0.000553,0.00006183
13,62,0.274861,0.000065,11.4192,0.055103,0.112687,0.139595,0.014056,0.000629,0.00006183
13,63,0.257277,0.000065,7.8922,0.055136,0.112203,0.087708,0.016606,0.000931,0.00006183
13,64,0.380843,0.000101,11.1484,0.055205,0.111920,0.073957,0.013240,0.001549,0.00006183
13,65,0.354274,0.000093,11.1958,0.055215,0.112145,0.076192,0.012630,0.001178,0.00006183
13,66,0.327205,0.000090,7.0759,0.055127,0.112637,0.084150,0.012769,0.001111,0.00006183
13,67,0.265924,0.000069,7.7680,0.055050,0.111614,0.082855,0.014347,0.000646,0.00006183
13,68,0.267029,0.000063,13.5382,0.055106,0.110717,0.081467,0.004172,0.000630,0.00006183
13,69,0.334572,0.000087,10.3777,0.055122,0.110434,0.104561,0.013377,0.000868,0.00006183
13,70,0.307543,0.000081,8.6622,0.055219,0.110239,0.086831,0.011840,0.000627,0.00006183
13,71,0.255962,0.000067,8.3231,0.055098,0.110103,0.060891,0.004000,0.000706,0.00006183
13,72,0.332654,0.000092,7.5599,0.055052,0.110523,0.086125,0.005039,0.000378,0.00006183
13,73,0.339694,0.000092,8.6423,0.054949,0.110989,0.094119,0.004429,0.000346,0.00006183
13,74,0.292322,0.000078,8.7005,0.054843,0.110408,0.067259,0.005468,0.000726,0.00006183
13,75,0.350258,0.000098,7.2859,0.054768,0.110065,0.076668,0.007615,0.001119,0.00006183
13,76,0.270018,0.000074,6.4761,0.054669,0.110259,0.072426,0.003537,0.001121,0.00006183
13,77,0.483851,0.000126,16.7042,0.054854,0.110283,0.118957,0.008293,0.001388,0.00006183
13,78,0.434759,0.000116,11.6818,0.054939,0.109778,0.116972,0.016495,0.001086,0.00006183
13,79,0.459053,0.000125,11.9498,0.055229,0.110318,0.116749,0.010621,0.000602,0.00006183
13,80,0.510779,0.000139,12.2223,0.055364,0.109837,0.094596,0.026124,0.001004,0.00006183
13,81,0.377548,0.000105,8.2812,0.055385,0.109439,0.072028,0.010191,0.001026,0.00006183
13,82,0.313845,0.000084,9.4388,0.055458,0.109183,0.079590,0.005717,0.000492,0.00006183
13,83,0.286012,0.000072,10.7765,0.055499,0.109375,0.114649,0.003321,0.000688,0.00006183
13,84,0.311547,0.000085,7.7198,0.055448,0.109320,0.084414,0.008044,0.000787,0.00006183
13,85,0.264688,0.000066,10.6606,0.055373,0.109590,0.068498,0.009667,0.000607,0.00006183
13,86,0.419262,0.000119,7.3101,0.055335,0.109392,0.072472,0.014596,0.001344,0.00006183
13,87,0.381637,0.000097,12.9830,0.055552,0.109306,0.141912,0.008834,0.000773,0.00006183
13,88,0.375484,0.000096,13.7915,0.055545,0.108948,0.098429,0.006327,0.001371,0.00006183
13,89,0.368894,0.000101,8.7820,0.055453,0.108445,0.071643,0.011909,0.001302,0.00006183
13,90,0.324368,0.000078,13.8257,0.055734,0.108309,0.140679,0.009083,0.000800,0.00006183
13,91,0.338596,0.000090,8.9190,0.055797,0.108558,0.099343,0.012518,0.001127,0.00006183
13,92,0.346789,0.000094,8.4880,0.055809,0.108100,0.070055,0.012879,0.001094,0.00006183
13,93,0.285239,0.000077,7.2311,0.055798,0.108045,0.062297,0.011780,0.000846,0.00006183
13,94,0.333503,0.000071,19.9974,0.055953,0.107911,0.196916,0.004000,0.000494,0.00006183
13,95,0.302005,0.000076,11.8657,0.056037,0.108087,0.109136,0.002712,0.000643,0.00006183
13,96,0.352176,0.000099,7.3480,0.055956,0.108220,0.062837,0.008654,0.000910,0.00006183
13,97,0.371059,0.000105,7.3575,0.055925,0.108145,0.063640,0.009264,0.000727,0.00006183
13,98,0.260242,0.000071,6.4575,0.055800,0.107925,0.060720,0.003751,0.000346,0.00006183
13,99,0.280852,0.000073,8.7184,0.055785,0.108206,0.089686,0.006576,0.000590,0.00006183
13,100,0.228080,0.000060,6.8799,0.055683,0.107992,0.077712,0.005288,0.000501,0.00006183
13,101,0.295778,0.000068,14.6078,0.055709,0.107915,0.120112,0.010621,0.000454,0.00006183
13,102,0.234099,0.000055,12.5269,0.055625,0.107745,0.084094,0.002798,0.000396,0.00006183
13,103,0.288071,0.000077,6.7939,0.055539,0.108038,0.066736,0.019929,0.000351,0.00006183
13,104,0.402741,0.000112,8.8374,0.055634,0.108324,0.088409,0.005468,0.000895,0.00006183
13,105,0.307377,0.000082,7.6024,0.055622,0.108072,0.068043,0.019251,0.000985,0.00006183
13,106,0.312989,0.000086,7.4852,0.055539,0.107945,0.064714,0.006937,0.000941,0.00006183
13,107,0.278340,0.000074,7.6094,0.055472,0.107708,0.075734,0.006576,0.000577,0.00006183
13,108,0.359210,0.000102,6.7998,0.055416,0.107554,0.067219,0.006147,0.000871,0.00006183
13,109,0.258801,0.000068,7.8381,0.055340,0.107732,0.057669,0.010372,0.000774,0.00006183
13,110,0.401499,0.000109,9.8167,0.055400,0.107597,0.102337,0.012436,0.001269,0.00006183
13,111,0.260620,0.000065,9.9275,0.055362,0.107581,0.069818,0.010870,0.000427,0.00006183
13,112,0.266123,0.000070,6.7533,0.055307,0.107288,0.073691,0.020539,0.000797,0.00006183
13,113,0.249594,0.000065,8.7511,0.055216,0.107470,0.060133,0.002712,0.000610,0.00006183
13,114,0.221143,0.000060,5.5837,0.055080,0.107413,0.063174,0.003141,0.000536,0.00006183
13,115,0.234606,0.000056,10.6382,0.055222,0.107213,0.090759,0.005288,0.000366,0.00006183
13,116,0.324534,0.000087,9.6009,0.055293,0.106797,0.073648,0.007615,0.000835,0.00006183
13,117,0.344233,0.000092,9.6895,0.055278,0.106605,0.100803,0.006576,0.001222,0.00006183
13,118,0.279782,0.000076,6.7427,0.055160,0.106749,0.080726,0.007435,0.001577,0.00006183
13,119,0.321673,0.000071,18.0875,0.055255,0.107053,0.144596,0.008073,0.000521,0.00006183
13,120,0.286569,0.000073,11.0783,0.055224,0.106737,0.071475,0.005717,0.000888,0.00006183
13,121,0.303978,0.000073,11.2010,0.055230,0.106864,0.123995,0.027202,0.000885,0.00006183
13,122,0.351254,0.000091,7.4171,0.055238,0.106746,0.079056,0.047415,0.001160,0.00006183
13,123,0.272248,0.000071,8.4741,0.055216,0.107102,0.077304,0.010122,0.000492,0.00006183
13,124,0.243236,0.000065,7.0016,0.055129,0.106942,0.059313,0.005898,0.000472,0.00006183
13,125,0.248570,0.000063,8.9324,0.055068,0.106944,0.100302,0.005717,0.000488,0.00006183
13,126,0.228809,0.000059,7.8123,0.055069,0.107037,0.082067,0.005288,0.000439,0.00006183
13,127,0.263208,0.000068,9.0690,0.055022,0.106739,0.065346,0.005123,0.000578,0.00006183
13,128,0.274703,0.000072,9.4220,0.054918,0.106345,0.058566,0.004360,0.000516,0.00006183
13,129,0.328163,0.000083,12.3455,0.054878,0.106445,0.128444,0.004429,0.000924,0.00006183
13,130,0.287258,0.000065,14.6405,0.054889,0.106429,0.158989,0.006576,0.000698,0.00006183
13,131,0.261261,0.000071,6.7650,0.054871,0.106164,0.067125,0.006147,0.001252,0.00006183
13,132,0.275827,0.000072,8.3138,0.054887,0.106406,0.089056,0.010621,0.000548,0.00006183
13,133,0.307986,0.000082,9.5978,0.054838,0.106309,0.063032,0.005039,0.000536,0.00006183
13,134,0.228456,0.000058,8.2168,0.054781,0.106278,0.058842,0.009762,0.000556,0.00006183
13,135,0.387764,0.000105,9.5137,0.054764,0.106254,0.103597,0.015455,0.000612,0.00006183
13,136,0.366098,0.000098,9.1984,0.054794,0.106304,0.093537,0.015740,0.000608,0.00006183
13,137,0.285043,0.000069,12.3150,0.054952,0.106474,0.102050,0.009693,0.000869,0.00006183
13,138,0.229253,0.000057,9.8044,0.054959,0.106587,0.071423,0.002282,0.000445,0.00006183
13,139,0.238189,0.000064,7.1518,0.054859,0.106637,0.060316,0.002712,0.000424,0.00006183
13,140,0.287423,0.000071,11.0972,0.054817,0.106640,0.122980,0.006756,0.000567,0.00006183
13,141,0.260071,0.000067,8.4012,0.054734,0.106745,0.099791,0.004429,0.000768,0.00006183
13,142,0.233093,0.000059,8.9584,0.054658,0.106705,0.066519,0.004000,0.000416,0.00006183
13,143,0.275063,0.000071,8.6891,0.054656,0.106821,0.065963,0.013557,0.000934,0.00006183
13,144,0.249285,0.000067,6.8172,0.054578,0.106878,0.063617,0.004594,0.000500,0.00006183
13,145,0.281531,0.000071,10.7580,0.054692,0.106947,0.092891,0.006937,0.000324,0.00006183
13,146,0.274317,0.000073,7.9575,0.054678,0.107064,0.089625,0.005288,0.000491,0.00006183
13,147,0.320491,0.000088,7.2883,0.054634,0.107085,0.063448,0.009624,0.000798,0.00006183
13,148,0.244636,0.000059,10.6189,0.054575,0.107236,0.110161,0.005219,0.000324,0.00006183
13,149,0.257191,0.000070,6.0317,0.054496,0.107273,0.070870,0.007435,0.000529,0.00006183
13,150,0.299113,0.000083,6.8683,0.054417,0.107062,0.052614,0.007615,0.000726,0.00006183
13,151,0.239803,0.000061,8.4941,0.054347,0.107090,0.078697,0.007435,0.000371,0.00006183
13,152,0.302926,0.000079,9.5741,0.054401,0.106922,0.090124,0.007907,0.000453,0.00006183
13,153,0.233169,0.000061,8.3696,0.054288,0.106687,0.054238,0.002798,0.000323,0.00006183
13,154,0.334306,0.000090,8.7938,0.054275,0.107068,0.099899,0.008903,0.001831,0.00006183
13,155,0.343286,0.000092,8.4850,0.054329,0.107088,0.091767,0.013308,0.002343,0.00006183
13,156,0.350130,0.000096,7.6921,0.054338,0.107303,0.072129,0.011411,0.002509,0.00006183
13,157,0.365775,0.000097,10.3380,0.054424,0.107699,0.093162,0.012879,0.001618,0.00006183
13,158,0.293284,0.000070,13.4375,0.054593,0.107597,0.126544,0.007976,0.001794,0.00006183
13,159,0.257719,0.000066,8.2749,0.054573,0.107617,0.067356,0.011271,0.001396,0.00006183
13,160,0.289129,0.000071,11.5755,0.054734,0.107509,0.110480,0.012767,0.001122,0.00006183
13,161,0.277342,0.000073,8.2906,0.054755,0.107575,0.090050,0.009572,0.001076,0.00006183
13,162,0.295272,0.000077,9.6756,0.054756,0.107869,0.092397,0.004000,0.000871,0.00006183
13,163,0.354852,0.000079,19.1339,0.055002,0.108037,0.190203,0.004180,0.000733,0.00006183
13,164,0.353995,0.000091,11.3481,0.055097,0.107784,0.107964,0.013557,0.000973,0.00006183
13,165,0.350157,0.000096,8.1200,0.055157,0.108102,0.075876,0.009264,0.001239,0.00006183
13,166,0.314837,0.000086,7.8097,0.055148,0.108114,0.076236,0.004000,0.001742,0.00006183
13,167,0.434463,0.000113,14.9476,0.055156,0.108182,0.109106,0.007005,0.001929,0.00006183
13,168,0.302418,0.000083,7.4168,0.055118,0.108403,0.058622,0.005039,0.001516,0.00006183
13,169,0.356317,0.000094,11.2967,0.055153,0.108218,0.120057,0.003570,0.001621,0.00006183
13,170,0.242410,0.000054,13.0479,0.055190,0.108286,0.131865,0.005546,0.000659,0.00006183
13,171,0.326079,0.000088,8.7825,0.055186,0.108162,0.074955,0.008903,0.000834,0.00006183
13,172,0.272024,0.000074,6.6773,0.055111,0.108184,0.058885,0.010191,0.000438,0.00006183
13,173,0.273839,0.000072,8.1844,0.055050,0.107975,0.106124,0.003141,0.000616,0.00006183
13,174,0.282956,0.000077,6.6901,0.054987,0.107952,0.083407,0.005039,0.000560,0.00006183
13,175,0.307114,0.000078,11.5141,0.054992,0.107883,0.072923,0.005288,0.000862,0.00006183
13,176,0.275601,0.000074,7.8710,0.054968,0.107721,0.062745,0.006147,0.000398,0.00006183
13,177,0.236850,0.000062,7.1628,0.054891,0.107624,0.090780,0.004000,0.000488,0.00006183
13,178,0.243144,0.000064,7.1698,0.054879,0.107433,0.080290,0.003009,0.000279,0.00006183
13,179,0.262740,0.000069,7.9049,0.054835,0.107738,0.073690,0.006576,0.000766,0.00006183
13,180,0.381457,0.000099,12.8310,0.054838,0.107663,0.096926,0.009513,0.000747,0.00006183
13,181,0.336795,0.000090,9.3847,0.054805,0.107540,0.073293,0.013240,0.000534,0.00006183
13,182,0.402602,0.000103,13.7944,0.054847,0.107313,0.132630,0.012020,0.000760,0.00006183
13,183,0.217922,0.000055,7.7957,0.054801,0.107232,0.080292,0.009264,0.000455,0.00006183
13,184,0.278332,0.000074,8.1901,0.054824,0.107092,0.075685,0.008044,0.000574,0.00006183
13,185,0.266379,0.000071,7.9235,0.054750,0.107023,0.058639,0.004429,0.000606,0.00006183
13,186,0.243822,0.000061,9.1396,0.054699,0.106843,0.095607,0.003570,0.000304,0.00006183
13,187,0.196746,0.000052,6.6623,0.054615,0.106735,0.047335,0.001424,0.000190,0.00006183
13,188,0.262480,0.000071,7.4314,0.054572,0.106657,0.081313,0.001853,0.000450,0.00006183
13,189,0.228203,0.000058,7.7084,0.054511,0.106759,0.092012,0.004859,0.000411,0.00006183
13,190,0.305349,0.000073,14.8160,0.054476,0.106525,0.098121,0.005288,0.000642,0.00006183
13,191,0.279228,0.000071,10.4316,0.054441,0.106527,0.071257,0.006327,0.000486,0.00006183
13,192,0.317507,0.000086,7.5581,0.054411,0.106704,0.084422,0.009152,0.001343,0.00006183
13,193,0.226512,0.000059,7.2568,0.054408,0.106955,0.073613,0.004859,0.000595,0.00006183
13,194,0.256905,0.000069,7.0533,0.054356,0.106969,0.071620,0.005288,0.000558,0.00006183
13,195,0.278585,0.000070,10.7655,0.054454,0.107063,0.108991,0.003009,0.000324,0.00006183
13,196,0.302055,0.000075,12.4731,0.054498,0.107093,0.090648,0.006078,0.001081,0.00006183
13,197,0.256824,0.000065,9.3891,0.054443,0.106884,0.063056,0.009762,0.000458,0.00006183
13,198,0.263947,0.000065,9.9798,0.054409,0.106685,0.117364,0.011050,0.000417,0.00006183
13,199,0.305602,0.000083,7.4314,0.054393,0.106565,0.078586,0.011299,0.000862,0.00006183
13,200,0.244360,0.000066,6.6461,0.054337,0.106684,0.055260,0.002712,0.000405,0.00006183
13,201,0.231741,0.000059,8.7739,0.054282,0.106618,0.059564,0.004000,0.000358,0.00006183
13,202,0.226625,0.000059,7.2903,0.054250,0.106689,0.085822,0.004859,0.000360,0.00006183
13,203,0.322187,0.000087,8.0972,0.054224,0.106762,0.098532,0.009762,0.000590,0.00006183
13,204,0.251692,0.000066,8.5129,0.054176,0.106762,0.056178,0.002798,0.000469,0.00006183
13,205,0.327452,0.000089,7.9152,0.054180,0.106718,0.074686,0.013128,0.000839,0.00006183
13,206,0.276222,0.000072,9.4006,0.054181,0.106660,0.073659,0.005717,0.001181,0.00006183
13,207,0.253088,0.000065,7.4448,0.054143,0.106467,0.085410,0.012630,0.001288,0.00006183
13,208,0.261162,0.000068,8.8217,0.054187,0.106531,0.079160,0.004429,0.000752,0.00006183
13,209,0.250973,0.000066,8.3135,0.054203,0.106524,0.068527,0.005468,0.000499,0.00006183
13,210,0.239477,0.000058,9.8173,0.054182,0.106389,0.114864,0.002712,0.000822,0.00006183
13,211,0.362913,0.000100,8.3319,0.054171,0.106308,0.074120,0.009083,0.001583,0.00006183
13,212,0.257242,0.000067,7.9466,0.054147,0.106259,0.087091,0.007237,0.001285,0.00006183
13,213,0.236184,0.000062,7.1528,0.054128,0.106123,0.075905,0.002282,0.001036,0.00006183
13,214,0.300450,0.000078,10.4113,0.054152,0.106011,0.075340,0.004180,0.001055,0.00006183
13,215,0.261081,0.000066,10.5256,0.054142,0.105906,0.080204,0.002712,0.001053,0.00006183
13,216,0.247768,0.000066,7.2408,0.054143,0.105810,0.073549,0.004000,0.000325,0.00006183
13,217,0.390228,0.000105,11.2396,0.054162,0.105791,0.080081,0.008723,0.000585,0.00006183
13,218,0.436270,0.000122,8.8734,0.054171,0.106012,0.081145,0.010981,0.000992,0.00006183
13,219,0.245255,0.000062,8.9305,0.054175,0.106150,0.091485,0.005288,0.001254,0.00006183
13,220,0.205635,0.000052,7.2131,0.054178,0.106124,0.068802,0.004859,0.000847,0.00006183
13,221,0.257621,0.000062,11.1120,0.054163,0.105964,0.110033,0.004172,0.000511,0.00006183
13,222,0.362854,0.000091,13.7616,0.054230,0.106122,0.108839,0.011230,0.001127,0.00006183
13,223,0.284709,0.000075,8.3785,0.054246,0.106163,0.086178,0.010372,0.000835,0.00006183
13,224,0.359249,0.000097,10.0361,0.054253,0.106083,0.071471,0.007186,0.001053,0.00006183
13,225,0.271005,0.000063,12.5877,0.054373,0.105940,0.139440,0.004429,0.000456,0.00006183
13,226,0.321065,0.000086,8.5152,0.054366,0.105969,0.097749,0.007186,0.001003,0.00006183
13,227,0.335138,0.000086,12.2396,0.054408,0.106023,0.089151,0.006327,0.000370,0.00006183
13,228,0.319825,0.000084,11.0314,0.054387,0.105995,0.070439,0.004000,0.000563,0.00006183
13,229,0.388199,0.000108,8.4322,0.054384,0.106021,0.088328,0.004594,0.000303,0.00006183
13,230,0.237467,0.000061,7.2746,0.054362,0.105953,0.078644,0.009152,0.000497,0.00006183
13,231,0.270752,0.000066,11.3936,0.054352,0.105962,0.083921,0.009693,0.000628,0.00006183
13,232,0.258340,0.000067,8.6028,0.054344,0.105975,0.094409,0.004000,0.000582,0.00006183
13,233,0.227540,0.000061,6.7005,0.054326,0.105929,0.067706,0.003141,0.000745,0.00006183
13,234,0.244448,0.000063,8.5469,0.054293,0.105888,0.063559,0.004000,0.000896,0.00006183
13,235,0.219926,0.000058,7.1240,0.054239,0.105889,0.055882,0.003141,0.000464,0.00006183
13,236,0.397271,0.000104,12.8460,0.054244,0.105995,0.133936,0.005039,0.000517,0.00006183
13,237,0.311368,0.000082,9.5667,0.054211,0.106082,0.093176,0.005648,0.001277,0.00006183
13,238,0.233602,0.000054,11.3007,0.054197,0.106266,0.125586,0.004172,0.000341,0.00006183
13,239,0.269621,0.000068,11.0727,0.054160,0.106262,0.079313,0.003141,0.000613,0.00006183
13,240,0.332040,0.000089,9.7624,0.054128,0.106264,0.064081,0.005829,0.000928,0.00006183
13,241,0.277414,0.000068,10.9159,0.054140,0.106073,0.114519,0.009332,0.000573,0.00006183
13,242,0.235446,0.000059,8.3618,0.054120,0.105912,0.093728,0.006327,0.000857,0.00006183
13,243,0.241252,0.000060,10.3215,0.054118,0.105657,0.069401,0.004000,0.000470,0.00006183
13,244,0.291660,0.000072,12.4137,0.054086,0.105452,0.079836,0.006147,0.000895,0.00006183
13,245,0.273968,0.000074,7.3398,0.054079,0.105393,0.079914,0.005829,0.000458,0.00006183
13,246,0.251435,0.000068,6.0158,0.054027,0.105207,0.080751,0.003537,0.001239,0.00006183
13,247,0.255510,0.000067,7.5849,0.054006,0.105342,0.074686,0.006576,0.001090,0.00006183
13,248,0.285136,0.000077,8.1689,0.053983,0.105518,0.064630,0.003570,0.000697,0.00006183
13,249,0.288767,0.000069,12.8827,0.054033,0.105481,0.135498,0.004000,0.000302,0.00006183
13,250,0.319136,0.000080,11.8364,0.054027,0.105585,0.128648,0.003751,0.000503,0.00006183
13,251,0.246030,0.000060,11.0203,0.054038,0.105638,0.078554,0.004000,0.000464,0.00006183
13,252,0.230017,0.000059,8.3070,0.054012,0.105357,0.061670,0.003570,0.000261,0.00006183
13,253,0.379815,0.000100,10.7984,0.054025,0.105232,0.115820,0.012408,0.000893,0.00006183
13,254,0.314452,0.000084,8.9016,0.053992,0.105333,0.103006,0.004000,0.000907,0.00006183
13,255,0.341897,0.000088,12.0607,0.054029,0.105381,0.092084,0.008293,0.000383,0.00006183
13,256,0.250689,0.000066,7.5796,0.053981,0.105395,0.057473,0.009762,0.000928,0.00006183
13,257,0.259940,0.000070,7.0973,0.053948,0.105373,0.068231,0.005717,0.000584,0.00006183
13,258,0.268619,0.000069,9.6393,0.053987,0.105250,0.081400,0.004859,0.000363,0.00006183
13,259,0.389515,0.000105,10.0397,0.053976,0.105256,0.104231,0.007795,0.001673,0.00006183
13,260,0.262571,0.000072,6.9888,0.053941,0.105162,0.053786,0.003321,0.000944,0.00006183
13,261,0.363809,0.000102,7.6037,0.053926,0.104961,0.076087,0.007435,0.000962,0.00006183
13,262,0.269023,0.000074,6.7008,0.053902,0.104941,0.066072,0.003141,0.001101,0.00006183
13,263,0.246547,0.000056,13.7683,0.053878,0.104803,0.097937,0.005123,0.000354,0.00006183
13,264,0.239562,0.000060,9.7755,0.053849,0.104670,0.066702,0.004859,0.000435,0.00006183
13,265,0.285354,0.000075,8.7656,0.053842,0.104823,0.100491,0.003570,0.000964,0.00006183
13,266,0.274319,0.000069,10.0718,0.053808,0.104670,0.118501,0.004180,0.000541,0.00006183
13,267,0.376850,0.000095,13.7844,0.053870,0.104621,0.100363,0.012699,0.001075,0.00006183
13,268,0.299689,0.000081,8.1980,0.053835,0.104498,0.063059,0.006147,0.000719,0.00006183
13,269,0.311418,0.000081,9.6407,0.053881,0.104392,0.107156,0.009264,0.000536,0.00006183
13,270,0.256004,0.000068,7.3292,0.053851,0.104324,0.065671,0.005898,0.000423,0.00006183
13,271,0.271296,0.000071,8.4317,0.053858,0.104315,0.070233,0.007546,0.000477,0.00006183
13,272,0.250457,0.000062,9.8590,0.053818,0.104291,0.109888,0.004748,0.000646,0.00006183
13,273,0.386468,0.000102,10.7966,0.053803,0.104139,0.074889,0.024374,0.001224,0.00006183
13,274,0.324739,0.000073,15.6664,0.053798,0.104118,0.164647,0.021329,0.001028,0.00006183
13,275,0.297997,0.000082,7.0181,0.053773,0.103963,0.072058,0.004429,0.000914,0.00006183
13,276,0.234963,0.000061,8.4304,0.053761,0.103880,0.057615,0.004000,0.000491,0.00006183
13,277,0.247546,0.000065,7.5126,0.053747,0.104036,0.078919,0.006756,0.000386,0.00006183
13,278,0.355932,0.000093,11.2124,0.053803,0.103949,0.101028,0.010732,0.000646,0.00006183
13,279,0.233030,0.000060,7.6913,0.053777,0.103929,0.064281,0.010011,0.000463,0.00006183
13,280,0.528853,0.000141,12.9372,0.053821,0.103814,0.137435,0.031290,0.001725,0.00006183
13,281,0.249403,0.000058,11.9606,0.053807,0.103669,0.131556,0.002282,0.000296,0.00006183
13,282,0.317233,0.000085,8.7896,0.053794,0.103590,0.067936,0.007005,0.000649,0.00006183
13,283,0.262177,0.000072,5.7679,0.053756,0.103462,0.072959,0.005717,0.000369,0.00006183
13,284,0.298371,0.000080,8.6558,0.053767,0.103431,0.066741,0.007005,0.000401,0.00006183
13,285,0.266797,0.000072,6.8853,0.053731,0.103305,0.072605,0.004000,0.000433,0.00006183
13,286,0.274466,0.000062,14.5056,0.053725,0.103281,0.143221,0.003570,0.000683,0.00006183
13,287,0.361693,0.000091,13.9331,0.053737,0.103288,0.121483,0.005717,0.001569,0.00006183
13,288,0.304776,0.000077,12.1801,0.053837,0.103357,0.087912,0.004859,0.000819,0.00006183
13,289,0.235521,0.000054,12.2453,0.053842,0.103287,0.104859,0.002798,0.000917,0.00006183
13,290,0.389705,0.000101,13.1233,0.053962,0.103171,0.104626,0.006756,0.000653,0.00006183
13,291,0.308224,0.000079,11.1491,0.053982,0.103035,0.087019,0.008225,0.000919,0.00006183
13,292,0.270324,0.000067,10.8143,0.054029,0.102904,0.115461,0.005288,0.000360,0.00006183
13,293,0.275886,0.000073,7.8836,0.054032,0.102974,0.068166,0.007435,0.000512,0.00006183
13,294,0.262577,0.000067,9.0684,0.054004,0.103083,0.105429,0.003751,0.000450,0.00006183
13,295,0.351291,0.000097,7.8562,0.054002,0.102905,0.077953,0.008654,0.001420,0.00006183
13,296,0.352848,0.000092,12.2280,0.054003,0.102820,0.082894,0.004429,0.000525,0.00006183
13,297,0.295090,0.000079,9.2637,0.053988,0.102838,0.063891,0.004066,0.001195,0.00006183
13,298,0.239455,0.000064,6.6974,0.053953,0.102761,0.085147,0.001424,0.000658,0.00006183
13,299,0.260274,0.000069,7.5956,0.053930,0.102753,0.083973,0.005717,0.000274,0.00006183
13,300,0.257459,0.000057,14.7201,0.053935,0.102866,0.112805,0.004609,0.000347,0.00006183
13,301,0.249824,0.000062,10.4447,0.053905,0.102752,0.079433,0.004000,0.000241,0.00006183
13,302,0.255156,0.000068,7.7457,0.053896,0.102725,0.072712,0.004000,0.000445,0.00006183
13,303,0.239264,0.000064,6.4783,0.053866,0.102651,0.074906,0.006756,0.000570,0.00006183
13,304,0.268690,0.000071,7.3648,0.053845,0.102488,0.078006,0.007864,0.000617,0.00006183
13,305,0.329144,0.000086,10.7882,0.053878,0.102516,0.080240,0.006756,0.000658,0.00006183
13,306,0.449491,0.000116,16.4839,0.053925,0.102614,0.115795,0.004172,0.000848,0.00006183
13,307,0.408792,0.000109,11.3455,0.054015,0.102857,0.114961,0.007546,0.000867,0.00006183
13,308,0.446491,0.000122,11.3285,0.054079,0.102785,0.115231,0.008723,0.000802,0.00006183
13,309,0.293429,0.000073,10.9483,0.054078,0.102622,0.110349,0.008654,0.000690,0.00006183
13,310,0.250469,0.000058,12.9748,0.054076,0.102549,0.088758,0.006576,0.000681,0.00006183
13,311,0.238741,0.000063,7.6683,0.054053,0.102636,0.061685,0.005288,0.000468,0.00006183
13,312,0.272397,0.000071,8.5622,0.054035,0.102565,0.091451,0.007864,0.000744,0.00006183
13,313,0.222707,0.000058,7.0642,0.054018,0.102741,0.073304,0.006576,0.000582,0.00006183
13,314,0.260252,0.000069,8.2923,0.053995,0.102680,0.059214,0.006402,0.000687,0.00006183
13,315,0.386141,0.000107,9.7507,0.054004,0.102630,0.065869,0.006438,0.001502,0.00006183
13,316,0.456069,0.000124,10.8289,0.054011,0.102888,0.118271,0.013738,0.001526,0.00006183
13,317,0.382520,0.000105,8.9444,0.054006,0.102956,0.101710,0.005288,0.001037,0.00006183
13,318,0.312751,0.000083,9.1884,0.054023,0.103003,0.077861,0.005898,0.000753,0.00006183
13,319,0.265208,0.000071,7.3613,0.054011,0.103082,0.066673,0.005898,0.001116,0.00006183
13,320,0.360228,0.000099,7.9103,0.053982,0.103100,0.058049,0.017215,0.001030,0.00006183
13,321,0.315756,0.000084,9.1369,0.053961,0.103073,0.100233,0.003141,0.001105,0.00006183
13,322,0.305202,0.000083,7.8653,0.053966,0.103183,0.082780,0.006756,0.000377,0.00006183
13,323,0.229895,0.000063,5.0531,0.053924,0.103156,0.054315,0.007496,0.000207,0.00006183
13,324,0.425945,0.000112,12.8666,0.053952,0.103268,0.100284,0.015095,0.001521,0.00006183
13,325,0.400645,0.000111,8.3008,0.053934,0.103239,0.067050,0.016675,0.001540,0.00006183
13,326,0.390409,0.000101,12.6779,0.053968,0.103050,0.130342,0.009332,0.001594,0.00006183
13,327,0.476814,0.000134,8.9747,0.053979,0.103143,0.094035,0.014028,0.001740,0.00006183
13,328,0.399862,0.000111,8.6375,0.053988,0.103350,0.074570,0.008910,0.001617,0.00006183
13,329,0.364910,0.000103,7.3937,0.053980,0.103437,0.061899,0.007546,0.001352,0.00006183
13,330,0.397080,0.000109,9.1432,0.053969,0.103535,0.095885,0.009787,0.001993,0.00006183
13,331,0.382057,0.000107,8.0272,0.053970,0.103478,0.069376,0.009266,0.001825,0.00006183
13,332,0.397614,0.000107,9.8830,0.053999,0.103446,0.101775,0.016245,0.000739,0.00006183
13,333,0.353510,0.000091,11.9349,0.054019,0.103402,0.107307,0.008405,0.000821,0.00006183
13,334,0.440026,0.000121,10.4327,0.054089,0.103384,0.095311,0.011591,0.000652,0.00006183
13,335,0.311443,0.000087,7.1005,0.054077,0.103361,0.068851,0.002282,0.001419,0.00006183
13,336,0.261371,0.000062,12.2060,0.054151,0.103428,0.101377,0.004000,0.000554,0.00006183
13,337,0.384319,0.000102,11.2387,0.054224,0.103504,0.095549,0.008474,0.000664,0.00006183
13,338,0.236973,0.000061,7.9380,0.054207,0.103586,0.080439,0.004000,0.000584,0.00006183
13,339,0.366261,0.000100,9.6570,0.054193,0.103596,0.070385,0.005468,0.000647,0.00006183
13,340,0.220331,0.000059,6.2305,0.054177,0.103623,0.061706,0.006919,0.000468,0.00006183
13,341,0.286261,0.000077,7.1483,0.054151,0.103587,0.081543,0.010011,0.000490,0.00006183
13,342,0.401586,0.000106,11.5341,0.054168,0.103448,0.086559,0.020290,0.001013,0.00006183
13,343,0.414653,0.000114,9.2936,0.054180,0.103519,0.067701,0.016202,0.001482,0.00006183
13,344,0.377025,0.000101,9.8463,0.054202,0.103428,0.099294,0.013308,0.001208,0.00006183
13,345,0.346599,0.000091,10.1901,0.054242,0.103478,0.108359,0.011736,0.000739,0.00006183
13,346,0.337948,0.000089,9.3754,0.054262,0.103437,0.082071,0.019723,0.001238,0.00006183
13,347,0.354013,0.000096,9.4384,0.054277,0.103481,0.077578,0.009444,0.000913,0.00006183
13,348,0.365379,0.000102,7.7068,0.054272,0.103441,0.070358,0.011517,0.000920,0.00006183
13,349,0.302923,0.000079,10.0888,0.054335,0.103417,0.093756,0.004859,0.000338,0.00006183
13,350,0.329087,0.000087,10.4542,0.054365,0.103388,0.092729,0.005288,0.000487,0.00006183
13,351,0.457873,0.000125,9.4365,0.054393,0.103411,0.094434,0.030983,0.001026,0.00006183
13,352,0.321878,0.000089,7.5759,0.054382,0.103415,0.065356,0.007005,0.000475,0.00006183
13,353,0.303887,0.000083,7.1463,0.054378,0.103520,0.072217,0.009332,0.000468,0.00006183
13,354,0.307446,0.000082,9.1066,0.054410,0.103533,0.098354,0.002712,0.000238,0.00006183
13,355,0.346424,0.000096,7.9630,0.054424,0.103612,0.078141,0.007864,0.000823,0.00006183
13,356,0.256537,0.000066,9.6428,0.054414,0.103571,0.066305,0.003141,0.000306,0.00006183
13,357,0.283994,0.000068,14.0060,0.054418,0.103544,0.097987,0.001424,0.000351,0.00006183
13,358,0.320458,0.000075,13.7159,0.054423,0.103605,0.147015,0.021765,0.000379,0.00006183
13,359,0.298679,0.000075,9.9742,0.054429,0.103490,0.113057,0.014168,0.000537,0.00006183
13,360,0.256286,0.000066,8.6074,0.054429,0.103399,0.067576,0.010011,0.000462,0.00006183
13,361,0.405648,0.000106,11.4536,0.054464,0.103285,0.104726,0.024179,0.001014,0.00006183
13,362,0.754141,0.000206,16.2951,0.054531,0.103186,0.148588,0.047415,0.001422,0.00006183
13,363,0.604646,0.000161,16.5563,0.054622,0.103178,0.132969,0.030166,0.001776,0.00006183
13,364,0.565074,0.000151,13.6968,0.054687,0.103119,0.110607,0.038243,0.002128,0.00006183
13,365,0.622010,0.000164,14.7515,0.054749,0.103028,0.133829,0.054483,0.002373,0.00006183
13,366,0.377921,0.000103,9.6003,0.054757,0.103033,0.068297,0.010870,0.000861,0.00006183
13,367,0.430370,0.000116,11.4813,0.054760,0.103219,0.130880,0.008474,0.001525,0.00006183
13,368,0.271922,0.000074,6.9357,0.054727,0.103245,0.062497,0.009332,0.000797,0.00006183
13,369,0.335955,0.000086,10.7454,0.054762,0.103438,0.112702,0.015704,0.001128,0.00006183
13,370,0.296982,0.000076,9.9315,0.054754,0.103483,0.086672,0.012948,0.001153,0.00006183
13,371,0.335486,0.000090,7.5735,0.054751,0.103444,0.081950,0.021758,0.001030,0.00006183
13,372,0.234563,0.000059,7.2992,0.054720,0.103453,0.068069,0.018031,0.000671,0.00006183
13,373,0.309361,0.000080,10.3031,0.054768,0.103504,0.100166,0.005898,0.000939,0.00006183
13,374,0.230077,0.000054,11.6492,0.054759,0.103507,0.077815,0.002798,0.000469,0.00006183
13,375,0.258903,0.000068,7.8847,0.054766,0.103589,0.067152,0.011591,0.000389,0.00006183
13,376,0.314343,0.000079,11.4534,0.054754,0.103548,0.121913,0.007795,0.000546,0.00006183
13,377,0.280006,0.000076,7.1766,0.054745,0.103454,0.071896,0.005219,0.000506,0.00006183
13,378,0.302162,0.000079,9.8595,0.054748,0.103372,0.073387,0.004859,0.000566,0.00006183
13,379,0.241860,0.000061,7.6020,0.054750,0.103351,0.068900,0.018392,0.000573,0.00006183
13,380,0.239093,0.000061,7.9867,0.054743,0.103372,0.083605,0.006147,0.000538,0.00006183
13,381,0.261041,0.000071,6.8769,0.054736,0.103425,0.060771,0.005288,0.001296,0.00006183
13,382,0.235298,0.000061,8.0952,0.054742,0.103409,0.082039,0.002480,0.000442,0.00006183
13,383,0.353823,0.000095,10.8038,0.054763,0.103515,0.072184,0.005717,0.001016,0.00006183
13,384,0.295841,0.000081,7.4637,0.054752,0.103494,0.067467,0.005468,0.000836,0.00006183
13,385,0.261727,0.000064,10.9889,0.054743,0.103426,0.123624,0.003141,0.000773,0.00006183
13,386,0.239211,0.000061,7.7981,0.054720,0.103463,0.099632,0.006147,0.000645,0.00006183
13,387,0.306780,0.000076,12.7220,0.054704,0.103566,0.089464,0.003751,0.001272,0.00006183
13,388,0.357733,0.000097,9.8306,0.054675,0.103460,0.062261,0.007435,0.001464,0.00006183
13,389,0.281638,0.000073,8.5425,0.054658,0.103468,0.101493,0.006576,0.000985,0.00006183
13,390,0.230395,0.000061,6.2839,0.054630,0.103396,0.075330,0.005288,0.000536,0.00006183
13,391,0.221097,0.000058,6.4741,0.054606,0.103318,0.061270,0.006919,0.000370,0.00006183
14,1,0.469790,0.000116,18.6614,0.071695,0.126253,0.136603,0.017311,0.001807,0.00002865
14,2,0.439356,0.000116,12.7827,0.068672,0.145602,0.096551,0.017243,0.001740,0.00002865
14,3,0.381289,0.000104,9.4307,0.062267,0.134205,0.066774,0.013489,0.001616,0.00002865
14,4,0.415124,0.000112,10.4180,0.061035,0.142759,0.113211,0.015455,0.001580,0.00002865
14,5,0.353339,0.000093,10.1648,0.059679,0.139659,0.116053,0.010378,0.001520,0.00002865
14,6,0.404080,0.000111,8.6580,0.058851,0.136366,0.085604,0.017499,0.001569,0.00002865
14,7,0.363517,0.000100,8.6240,0.058158,0.136005,0.065075,0.011411,0.002177,0.00002865
14,8,0.384009,0.000100,12.9359,0.057178,0.135694,0.088355,0.008908,0.001779,0.00002865
14,9,0.336440,0.000091,8.4405,0.056133,0.132278,0.078883,0.010870,0.001611,0.00002865
14,10,0.436212,0.000121,8.8720,0.055719,0.134193,0.075901,0.016743,0.001746,0.00002865
14,11,0.368698,0.000101,8.2566,0.054851,0.131456,0.077399,0.014957,0.001584,0.00002865
14,12,0.379568,0.000105,8.0023,0.054944,0.128824,0.074463,0.013128,0.001377,0.00002865
14,13,0.408493,0.000109,10.8458,0.054466,0.124736,0.129549,0.009332,0.001530,0.00002865
14,14,0.409272,0.000114,7.5285,0.054200,0.122160,0.081526,0.021981,0.001581,0.00002865
14,15,0.473834,0.000125,14.2154,0.054371,0.121615,0.112841,0.019585,0.001701,0.00002865
14,16,0.380736,0.000102,11.5680,0.054079,0.121453,0.081680,0.006937,0.001836,0.00002865
14,17,0.310911,0.000084,7.4937,0.054247,0.118075,0.076501,0.010244,0.001473,0.00002865
14,18,0.330688,0.000088,8.8844,0.053989,0.117295,0.090993,0.010732,0.001508,0.00002865
14,19,0.352029,0.000095,8.8772,0.053831,0.116117,0.080862,0.011091,0.001095,0.00002865
14,20,0.348569,0.000094,8.5017,0.053850,0.112966,0.081472,0.013308,0.001352,0.00002865
14,21,0.339272,0.000094,7.1179,0.053629,0.112359,0.073394,0.012450,0.001264,0.00002865
14,22,0.367071,0.000100,9.4275,0.053472,0.111756,0.065670,0.010106,0.001164,0.00002865
14,23,0.328935,0.000090,8.0657,0.053336,0.110524,0.063669,0.012270,0.001373,0.00002865
14,24,0.349780,0.000094,9.1101,0.053287,0.110669,0.092530,0.007366,0.001832,0.00002865
14,25,0.293951,0.000080,7.2435,0.053224,0.110706,0.070250,0.006180,0.001326,0.00002865
14,26,0.292189,0.000078,7.8984,0.053161,0.109960,0.077173,0.009513,0.001171,0.00002865
14,27,0.303749,0.000075,11.6130,0.053205,0.109109,0.119974,0.007005,0.000868,0.00002865
14,28,0.263212,0.000068,8.5575,0.053095,0.108295,0.064030,0.009513,0.000569,0.00002865
14,29,0.406203,0.000109,11.1419,0.053063,0.107721,0.079609,0.012699,0.001806,0.00002865
14,30,0.276724,0.000075,6.8053,0.052894,0.107310,0.058823,0.008654,0.001346,0.00002865
14,31,0.254862,0.000065,8.7529,0.052711,0.108072,0.094523,0.005468,0.000899,0.00002865
14,32,0.275701,0.000072,8.3068,0.052512,0.108513,0.091904,0.010870,0.000920,0.00002865
14,33,0.299597,0.000082,7.5056,0.052420,0.108507,0.077722,0.005288,0.001046,0.00002865
14,34,0.249050,0.000059,11.7425,0.052215,0.108453,0.086442,0.005546,0.000569,0.00002865
14,35,0.380529,0.000102,11.3516,0.052111,0.108908,0.077539,0.007435,0.001486,0.00002865
14,36,0.357346,0.000100,7.6600,0.052047,0.110183,0.067255,0.007795,0.001665,0.00002865
14,37,0.371234,0.000105,7.0380,0.051926,0.110464,0.059523,0.010988,0.001738,0.00002865
14,38,0.357970,0.000095,10.2786,0.051915,0.109241,0.112156,0.006756,0.001348,0.00002865
14,39,0.355582,0.000095,9.6219,0.051952,0.108761,0.102826,0.006327,0.001467,0.00002865
14,40,0.328897,0.000090,7.5011,0.051853,0.108957,0.082514,0.007934,0.001284,0.00002865
14,41,0.355586,0.000098,8.1733,0.051731,0.108863,0.062379,0.009513,0.001649,0.00002865
14,42,0.365594,0.000103,7.2985,0.051637,0.109712,0.070837,0.003537,0.001737,0.00002865
14,43,0.393813,0.000108,9.3825,0.051886,0.109838,0.092011,0.012810,0.000742,0.00002865
14,44,0.328378,0.000088,9.2768,0.052262,0.109766,0.074271,0.008585,0.000492,0.00002865
14,45,0.267526,0.000068,9.6378,0.052581,0.109271,0.080212,0.006327,0.000662,0.00002865
14,46,0.296557,0.000080,8.0572,0.052559,0.108658,0.085203,0.005717,0.000960,0.00002865
14,47,0.280240,0.000075,7.6160,0.052596,0.108490,0.073463,0.008834,0.000759,0.00002865
14,48,0.355067,0.000097,8.9457,0.052744,0.108253,0.070172,0.007615,0.000513,0.00002865
14,49,0.348636,0.000093,9.1173,0.052905,0.108622,0.071585,0.022121,0.001444,0.00002865
14,50,0.291880,0.000075,9.8106,0.052881,0.108367,0.106072,0.004429,0.001441,0.00002865
14,51,0.279987,0.000074,8.1368,0.052819,0.107857,0.095968,0.003375,0.000404,0.00002865
14,52,0.353002,0.000097,8.7282,0.052820,0.107827,0.076624,0.007795,0.001397,0.00002865
14,53,0.331844,0.000090,7.7075,0.052695,0.106806,0.081475,0.011909,0.001429,0.00002865
14,54,0.317147,0.000087,7.4290,0.052656,0.105636,0.065653,0.007615,0.001136,0.00002865
14,55,0.289764,0.000079,7.2913,0.052567,0.106072,0.073979,0.005219,0.000977,0.00002865
14,56,0.335451,0.000093,8.1396,0.052495,0.105633,0.058364,0.006327,0.001347,0.00002865
14,57,0.323214,0.000090,6.7781,0.052412,0.104845,0.061281,0.011411,0.001432,0.00002865
14,58,0.344327,0.000093,8.6561,0.052364,0.104612,0.092847,0.006304,0.001681,0.00002865
14,59,0.348794,0.000092,10.3280,0.052303,0.104660,0.108361,0.006623,0.001658,0.00002865
14,60,0.266082,0.000071,7.8422,0.052321,0.104888,0.059523,0.008293,0.000708,0.00002865
14,61,0.244693,0.000066,6.4800,0.052148,0.105023,0.058615,0.005717,0.000471,0.00002865
14,62,0.254410,0.000064,7.9011,0.052113,0.104694,0.089211,0.019113,0.000574,0.00002865
14,63,0.253783,0.000064,7.4097,0.052103,0.104757,0.084517,0.025374,0.000941,0.00002865
14,64,0.362031,0.000101,7.5535,0.052100,0.105235,0.065074,0.011951,0.001629,0.00002865
14,65,0.350679,0.000096,8.4276,0.052141,0.104799,0.069260,0.010759,0.001174,0.00002865
14,66,0.323980,0.000088,7.9059,0.052118,0.105214,0.082144,0.010801,0.001110,0.00002865
14,67,0.289888,0.000071,11.1584,0.052196,0.105331,0.123014,0.012699,0.000593,0.00002865
14,68,0.273130,0.000065,11.5391,0.052080,0.105204,0.119585,0.009667,0.000621,0.00002865
14,69,0.342007,0.000088,10.5506,0.052150,0.105442,0.127868,0.013557,0.000830,0.00002865
14,70,0.288992,0.000077,7.6756,0.052131,0.105632,0.072353,0.010122,0.000760,0.00002865
14,71,0.244347,0.000062,9.1039,0.052097,0.104712,0.061860,0.004859,0.000526,0.00002865
14,72,0.326240,0.000091,6.8832,0.052052,0.105080,0.067701,0.006147,0.000376,0.00002865
14,73,0.329189,0.000091,7.2018,0.051986,0.105816,0.081171,0.007005,0.000404,0.00002865
14,74,0.279567,0.000077,6.8695,0.051880,0.106193,0.063603,0.004609,0.000607,0.00002865
14,75,0.336211,0.000093,7.0510,0.051842,0.106053,0.078122,0.008405,0.001017,0.00002865
14,76,0.248286,0.000067,6.9610,0.051773,0.106508,0.062070,0.002480,0.000892,0.00002865
14,77,0.474025,0.000122,16.3075,0.051877,0.106031,0.116210,0.013806,0.000683,0.00002865
14,78,0.419675,0.000115,9.4177,0.051931,0.106106,0.089428,0.014639,0.000754,0.00002865
14,79,0.468166,0.000131,10.0425,0.052096,0.106164,0.094736,0.011660,0.000718,0.00002865
14,80,0.512771,0.000142,11.1348,0.052223,0.106368,0.101973,0.020547,0.000948,0.00002865
14,81,0.377701,0.000102,10.3917,0.052294,0.106081,0.075876,0.007005,0.001020,0.00002865
14,82,0.307475,0.000082,9.1601,0.052308,0.106056,0.070620,0.007435,0.000469,0.00002865
14,83,0.272457,0.000071,8.4650,0.052383,0.105940,0.081846,0.005898,0.000609,0.00002865
14,84,0.300641,0.000083,6.9320,0.052334,0.105867,0.072563,0.005219,0.000591,0.00002865
14,85,0.238435,0.000061,8.6839,0.052230,0.105589,0.060699,0.006122,0.000698,0.00002865
14,86,0.404625,0.000115,7.2047,0.052197,0.105191,0.067885,0.012450,0.001527,0.00002865
14,87,0.405695,0.000102,14.3537,0.052216,0.104615,0.156944,0.013135,0.001060,0.00002865
14,88,0.397321,0.000110,9.1826,0.052207,0.104661,0.093991,0.006147,0.001373,0.00002865
14,89,0.407823,0.000112,9.5549,0.052193,0.104426,0.078810,0.012027,0.001264,0.00002865
14,90,0.317646,0.000084,8.9985,0.052304,0.104305,0.075213,0.011591,0.000731,0.00002865
14,91,0.346084,0.000096,7.4068,0.052327,0.104171,0.067574,0.011840,0.001213,0.00002865
14,92,0.360964,0.000099,7.4762,0.052331,0.104363,0.069335,0.018821,0.001094,0.00002865
14,93,0.275327,0.000074,6.7616,0.052330,0.104472,0.068538,0.014108,0.000797,0.00002865
14,94,0.255775,0.000061,11.7792,0.052239,0.104755,0.126121,0.001424,0.000545,0.00002865
14,95,0.254212,0.000065,9.2282,0.052199,0.104576,0.063597,0.003570,0.000635,0.00002865
14,96,0.341425,0.000095,7.6080,0.052141,0.104332,0.061519,0.006507,0.000778,0.00002865
14,97,0.350631,0.000099,6.7298,0.052079,0.104030,0.063621,0.008654,0.000669,0.00002865
14,98,0.277175,0.000076,7.2367,0.052042,0.104220,0.060508,0.003321,0.000244,0.00002865
14,99,0.280508,0.000075,7.8883,0.052037,0.104244,0.080132,0.005717,0.000467,0.00002865
14,100,0.212701,0.000054,7.1366,0.051962,0.104419,0.079585,0.005468,0.000387,0.00002865
14,101,0.258772,0.000066,8.5714,0.051933,0.104277,0.083938,0.009332,0.000416,0.00002865
14,102,0.206488,0.000054,6.8535,0.051928,0.104010,0.055452,0.002798,0.000384,0.00002865
14,103,0.265944,0.000071,6.8236,0.051865,0.103711,0.058688,0.016675,0.000311,0.00002865
14,104,0.401484,0.000112,8.8173,0.051892,0.104022,0.097189,0.004859,0.000721,0.00002865
14,105,0.316218,0.000085,8.0929,0.051843,0.104448,0.093329,0.011411,0.001026,0.00002865
14,106,0.313497,0.000086,7.6308,0.051796,0.103798,0.069636,0.004429,0.000808,0.00002865
14,107,0.270463,0.000072,7.7261,0.051740,0.103970,0.058054,0.008044,0.000523,0.00002865
14,108,0.366060,0.000104,6.9709,0.051729,0.104390,0.066723,0.006576,0.000972,0.00002865
14,109,0.256297,0.000069,6.5537,0.051664,0.103969,0.071433,0.007005,0.000661,0.00002865
14,110,0.386617,0.000106,9.4928,0.051834,0.104051,0.091782,0.010460,0.001362,0.00002865
14,111,0.255591,0.000067,8.6021,0.051746,0.104039,0.058585,0.004360,0.000322,0.00002865
14,112,0.255007,0.000068,6.7595,0.051689,0.104138,0.072785,0.009582,0.000780,0.00002865
14,113,0.246896,0.000066,7.2020,0.051621,0.103916,0.055159,0.003570,0.000629,0.00002865
14,114,0.218791,0.000059,5.9356,0.051547,0.103914,0.063663,0.003141,0.000340,0.00002865
14,115,0.215143,0.000056,6.4265,0.051477,0.104059,0.083797,0.006147,0.000384,0.00002865
14,116,0.317900,0.000087,7.4265,0.051405,0.104242,0.052853,0.012269,0.000842,0.00002865
14,117,0.324767,0.000090,6.7059,0.051347,0.103869,0.064906,0.011050,0.001006,0.00002865
14,118,0.285457,0.000078,6.9409,0.051299,0.103738,0.084050,0.006688,0.001456,0.00002865
14,119,0.284519,0.000065,14.3165,0.051277,0.103320,0.116884,0.006919,0.000550,0.00002865
14,120,0.275948,0.000073,8.9838,0.051290,0.103253,0.064132,0.004429,0.000814,0.00002865
14,121,0.302240,0.000078,8.3484,0.051298,0.103259,0.092511,0.024987,0.000906,0.00002865
14,122,0.352832,0.000093,7.9347,0.051331,0.103361,0.074194,0.039497,0.001032,0.00002865
14,123,0.288670,0.000074,9.5845,0.051285,0.103082,0.110204,0.006327,0.000424,0.00002865
14,124,0.249373,0.000064,8.3294,0.051241,0.102880,0.069774,0.008044,0.000590,0.00002865
14,125,0.242138,0.000065,6.8289,0.051202,0.102500,0.071301,0.004429,0.000487,0.00002865
14,126,0.228402,0.000060,6.8871,0.051128,0.102046,0.071732,0.006147,0.000412,0.00002865
14,127,0.261986,0.000070,7.4385,0.051071,0.102251,0.075041,0.005651,0.000622,0.00002865
14,128,0.301806,0.000071,15.1958,0.051053,0.101889,0.101738,0.006576,0.000556,0.00002865
14,129,0.294861,0.000081,7.7428,0.050989,0.102128,0.057601,0.003570,0.000793,0.00002865
14,130,0.259169,0.000065,9.3149,0.050972,0.102231,0.103578,0.004429,0.000764,0.00002865
14,131,0.254683,0.000069,6.6481,0.050926,0.102415,0.060246,0.002712,0.001073,0.00002865
14,132,0.281897,0.000073,9.1339,0.050927,0.102349,0.103028,0.004859,0.000607,0.00002865
14,133,0.305545,0.000082,8.3033,0.050904,0.102355,0.066021,0.006147,0.000540,0.00002865
14,134,0.226251,0.000058,7.5714,0.050865,0.102065,0.059145,0.007005,0.000479,0.00002865
14,135,0.402442,0.000111,8.1932,0.050848,0.102548,0.085961,0.016675,0.000489,0.00002865
14,136,0.372563,0.000099,9.5422,0.050901,0.102486,0.085763,0.023407,0.000575,0.00002865
14,137,0.267067,0.000069,8.9982,0.050967,0.102206,0.074275,0.006148,0.000700,0.00002865
14,138,0.204124,0.000054,6.2957,0.050902,0.102319,0.053405,0.002282,0.000321,0.00002865
14,139,0.230310,0.000061,6.9118,0.050837,0.102242,0.065123,0.003570,0.000418,0.00002865
14,140,0.261514,0.000066,9.2719,0.050926,0.102196,0.088526,0.007976,0.000540,0.00002865
14,141,0.257037,0.000066,8.5563,0.050937,0.102135,0.088796,0.003570,0.000664,0.00002865
14,142,0.220467,0.000058,6.8059,0.050854,0.102340,0.066898,0.004429,0.000404,0.00002865
14,143,0.262383,0.000070,7.7998,0.050894,0.102509,0.078675,0.003570,0.000813,0.00002865
14,144,0.258421,0.000070,7.2482,0.050866,0.102153,0.068185,0.001952,0.000573,0.00002865
14,145,0.256320,0.000070,6.7465,0.050838,0.102034,0.051571,0.003141,0.000264,0.00002865
14,146,0.246270,0.000067,6.5651,0.050787,0.101980,0.065891,0.004180,0.000502,0.00002865
14,147,0.304344,0.000084,7.1317,0.050762,0.102173,0.065841,0.008114,0.000735,0.00002865
14,148,0.236792,0.000064,6.3922,0.050709,0.102131,0.067346,0.006147,0.000398,0.00002865
14,149,0.255576,0.000070,6.1107,0.050642,0.102329,0.058027,0.006576,0.000467,0.00002865
14,150,0.290310,0.000081,6.1611,0.050597,0.102342,0.062800,0.005468,0.000720,0.00002865
14,151,0.230112,0.000061,6.8863,0.050546,0.102463,0.064658,0.004790,0.000440,0.00002865
14,152,0.307464,0.000080,9.7438,0.050585,0.102336,0.085752,0.009583,0.000349,0.00002865
14,153,0.271569,0.000066,12.6051,0.050557,0.102495,0.084979,0.005546,0.000345,0.00002865
14,154,0.324674,0.000090,7.4832,0.050573,0.102694,0.061773,0.009332,0.002008,0.00002865
14,155,0.345999,0.000093,8.6400,0.050642,0.102783,0.086997,0.012089,0.002291,0.00002865
14,156,0.348872,0.000094,8.6327,0.050679,0.102744,0.095317,0.008834,0.002280,0.00002865
14,157,0.335256,0.000088,10.1507,0.050749,0.103067,0.088418,0.013240,0.001475,0.00002865
14,158,0.266384,0.000070,7.7648,0.050787,0.103177,0.070406,0.009513,0.001832,0.00002865
14,159,0.237800,0.000062,6.8368,0.050779,0.103194,0.072067,0.011342,0.001178,0.00002865
14,160,0.254763,0.000066,7.8586,0.050800,0.103427,0.079517,0.010801,0.001119,0.00002865
14,161,0.257968,0.000068,8.3026,0.050846,0.103325,0.067421,0.005651,0.001286,0.00002865
14,162,0.259803,0.000067,9.0819,0.050778,0.103186,0.082188,0.004859,0.000725,0.00002865
14,163,0.311811,0.000080,10.7461,0.050811,0.103085,0.120919,0.003570,0.000699,0.00002865
14,164,0.318328,0.000087,7.0305,0.050808,0.103155,0.073522,0.013017,0.000661,0.00002865
14,165,0.337432,0.000093,7.8073,0.050845,0.103084,0.074329,0.008903,0.000903,0.00002865
14,166,0.316595,0.000088,7.3682,0.050855,0.103304,0.076705,0.002712,0.001446,0.00002865
14,167,0.392991,0.000109,8.8371,0.050861,0.103280,0.064474,0.007976,0.002095,0.00002865
14,168,0.306084,0.000085,6.9634,0.050822,0.103272,0.065245,0.005898,0.001253,0.00002865
14,169,0.317780,0.000089,6.4341,0.050799,0.103639,0.069358,0.004609,0.001575,0.00002865
14,170,0.205306,0.000053,6.4380,0.050747,0.103773,0.068323,0.005546,0.000682,0.00002865
14,171,0.317824,0.000085,9.8150,0.050735,0.103845,0.066178,0.004180,0.000732,0.00002865
14,172,0.275658,0.000073,7.5270,0.050682,0.103716,0.055507,0.014596,0.000300,0.00002865
14,173,0.290146,0.000078,7.2467,0.050640,0.103473,0.071495,0.010621,0.000619,0.00002865
14,174,0.272099,0.000072,7.8188,0.050628,0.103483,0.094837,0.008044,0.000506,0.00002865
14,175,0.291877,0.000079,7.6680,0.050591,0.103382,0.065694,0.006868,0.000886,0.00002865
14,176,0.269653,0.000072,7.1525,0.050545,0.103282,0.074250,0.008903,0.000377,0.00002865
14,177,0.234744,0.000063,6.1594,0.050496,0.103187,0.081157,0.005717,0.000499,0.00002865
14,178,0.219893,0.000059,5.8580,0.050443,0.103211,0.069426,0.006708,0.000291,0.00002865
14,179,0.237804,0.000062,7.6862,0.050417,0.103042,0.060989,0.007435,0.000841,0.00002865
14,180,0.348378,0.000096,8.1598,0.050403,0.103194,0.061063,0.009693,0.000866,0.00002865
14,181,0.315305,0.000087,6.8232,0.050381,0.103189,0.061779,0.009513,0.000539,0.00002865
14,182,0.397072,0.000105,11.7372,0.050409,0.103029,0.117171,0.009556,0.000745,0.00002865
14,183,0.212443,0.000053,7.6011,0.050383,0.102811,0.078428,0.008654,0.000483,0.00002865
14,184,0.265809,0.000072,6.9507,0.050355,0.102999,0.072132,0.006576,0.000496,0.00002865
14,185,0.269708,0.000073,7.9197,0.050322,0.103211,0.056348,0.002282,0.000584,0.00002865
14,186,0.235210,0.000064,6.1960,0.050275,0.103156,0.052277,0.004180,0.000281,0.00002865
14,187,0.198047,0.000051,6.9292,0.050224,0.103005,0.049326,0.005546,0.000222,0.00002865
14,188,0.265722,0.000072,7.2781,0.050203,0.102926,0.078196,0.003570,0.000431,0.00002865
14,189,0.231658,0.000056,9.9229,0.050163,0.102966,0.112229,0.003570,0.000321,0.00002865
14,190,0.275484,0.000075,7.4459,0.050146,0.103052,0.056154,0.005921,0.000603,0.00002865
14,191,0.274096,0.000075,6.5649,0.050117,0.103107,0.063174,0.005717,0.000416,0.00002865
14,192,0.322449,0.000090,7.0118,0.050097,0.103005,0.059705,0.005288,0.001106,0.00002865
14,193,0.222601,0.000059,6.5997,0.050058,0.102809,0.051686,0.006147,0.000515,0.00002865
14,194,0.249850,0.000066,7.4816,0.050030,0.102940,0.081969,0.004429,0.000553,0.00002865
14,195,0.268875,0.000073,6.8868,0.049985,0.102808,0.082559,0.003009,0.000253,0.00002865
14,196,0.287761,0.000079,7.5304,0.049984,0.102761,0.061252,0.004000,0.000762,0.00002865
14,197,0.239599,0.000064,6.9681,0.049939,0.102908,0.053770,0.005288,0.000399,0.00002865
14,198,0.245320,0.000062,8.0123,0.049897,0.102930,0.099268,0.008723,0.000454,0.00002865
14,199,0.286834,0.000079,6.3484,0.049855,0.103046,0.072036,0.009083,0.000897,0.00002865
14,200,0.239863,0.000066,5.9306,0.049828,0.103023,0.062243,0.003141,0.000408,0.00002865
14,201,0.241527,0.000057,12.0181,0.049809,0.103011,0.074173,0.005288,0.000255,0.00002865
14,202,0.233678,0.000059,9.3173,0.049775,0.102993,0.058737,0.005648,0.000318,0.00002865
14,203,0.287918,0.000079,6.4266,0.049752,0.102769,0.075472,0.007795,0.000585,0.00002865
14,204,0.221379,0.000058,7.3213,0.049729,0.102672,0.062079,0.002798,0.000409,0.00002865
14,205,0.337117,0.000090,9.2305,0.049753,0.102792,0.091060,0.008225,0.000648,0.00002865
14,206,0.260446,0.000070,7.0711,0.049703,0.102775,0.068204,0.004000,0.000929,0.00002865
14,207,0.250885,0.000065,7.9366,0.049738,0.102845,0.081181,0.009942,0.001095,0.00002865
14,208,0.251281,0.000065,8.4944,0.049773,0.102729,0.072498,0.004429,0.000706,0.00002865
14,209,0.246679,0.000066,7.3398,0.049783,0.102434,0.074964,0.003570,0.000480,0.00002865
14,210,0.224309,0.000059,6.8262,0.049767,0.102511,0.074253,0.003141,0.000645,0.00002865
14,211,0.382439,0.000100,12.7902,0.049839,0.102518,0.088136,0.008405,0.001498,0.00002865
14,212,0.255205,0.000065,9.0348,0.049838,0.102472,0.062905,0.007987,0.001025,0.00002865
14,213,0.222945,0.000060,6.0822,0.049802,0.102755,0.063540,0.003141,0.000779,0.00002865
14,214,0.274008,0.000073,8.2326,0.049774,0.102829,0.061059,0.007615,0.000839,0.00002865
14,215,0.273144,0.000072,9.1019,0.049750,0.102894,0.064623,0.002712,0.000992,0.00002865
14,216,0.260440,0.000070,7.1124,0.049769,0.102623,0.071483,0.004859,0.000348,0.00002865
14,217,0.378357,0.000103,9.5943,0.049818,0.102738,0.071963,0.010621,0.000503,0.00002865
14,218,0.428807,0.000121,8.3169,0.049833,0.102678,0.070495,0.008405,0.000931,0.00002865
14,219,0.237196,0.000061,7.7710,0.049866,0.102462,0.075923,0.007864,0.001120,0.00002865
14,220,0.213158,0.000054,7.7498,0.049864,0.102302,0.071723,0.006756,0.000895,0.00002865
14,221,0.272240,0.000068,10.6761,0.049847,0.102254,0.108280,0.005546,0.000527,0.00002865
14,222,0.363654,0.000096,10.6241,0.049848,0.102218,0.113218,0.010801,0.001302,0.00002865
14,223,0.289817,0.000075,8.4440,0.049854,0.102235,0.096697,0.016494,0.000660,0.00002865
14,224,0.371242,0.000099,11.4979,0.049856,0.102152,0.082878,0.005898,0.001152,0.00002865
14,225,0.279217,0.000072,9.1498,0.049871,0.102271,0.099239,0.004429,0.000413,0.00002865
14,226,0.333966,0.000091,8.5059,0.049894,0.102172,0.068768,0.005717,0.000956,0.00002865
14,227,0.325371,0.000089,8.2916,0.049922,0.102016,0.067787,0.005288,0.000407,0.00002865
14,228,0.275757,0.000075,7.0537,0.049897,0.102106,0.064849,0.004859,0.000600,0.00002865
14,229,0.383813,0.000109,7.6973,0.049936,0.102125,0.077176,0.002480,0.000365,0.00002865
14,230,0.232010,0.000061,7.0559,0.049933,0.102037,0.068044,0.005717,0.000571,0.00002865
14,231,0.257364,0.000066,8.7517,0.049939,0.102027,0.069367,0.009624,0.000785,0.00002865
14,232,0.267953,0.000069,9.1445,0.049961,0.102018,0.100204,0.005898,0.000540,0.00002865
14,233,0.243497,0.000064,7.4419,0.049959,0.102039,0.081072,0.002712,0.000587,0.00002865
14,234,0.233217,0.000063,6.2029,0.049916,0.102137,0.061888,0.004000,0.000920,0.00002865
14,235,0.242588,0.000056,13.1152,0.049932,0.102070,0.090132,0.003141,0.000388,0.00002865
14,236,0.371508,0.000102,9.2125,0.049977,0.102284,0.074016,0.005288,0.000567,0.00002865
14,237,0.317691,0.000083,10.6618,0.049962,0.102461,0.075851,0.004429,0.001226,0.00002865
14,238,0.224118,0.000051,11.7379,0.049963,0.102482,0.127480,0.002798,0.000227,0.00002865
14,239,0.249710,0.000066,7.0355,0.049944,0.102459,0.087698,0.004429,0.000675,0.00002865
14,240,0.312130,0.000087,6.8185,0.049942,0.102680,0.069651,0.006688,0.000946,0.00002865
14,241,0.256014,0.000068,7.4607,0.049934,0.102676,0.061791,0.009693,0.000638,0.00002865
14,242,0.230917,0.000061,6.2960,0.049901,0.102697,0.073062,0.006937,0.000769,0.00002865
14,243,0.226456,0.000058,8.5970,0.049853,0.102581,0.052846,0.004000,0.000480,0.00002865
14,244,0.268241,0.000067,10.5389,0.049854,0.102510,0.071401,0.005898,0.000808,0.00002865
14,245,0.264558,0.000073,6.0133,0.049822,0.102467,0.064566,0.004000,0.000358,0.00002865
14,246,0.252255,0.000070,5.6147,0.049782,0.102328,0.059443,0.005123,0.001259,0.00002865
14,247,0.246537,0.000066,6.4848,0.049752,0.102473,0.077686,0.004000,0.001030,0.00002865
14,248,0.291993,0.000076,9.5715,0.049748,0.102434,0.072359,0.006507,0.000663,0.00002865
14,249,0.265017,0.000072,6.5985,0.049728,0.102402,0.065707,0.005898,0.000335,0.00002865
14,250,0.284255,0.000076,7.5100,0.049708,0.102464,0.089431,0.007546,0.000472,0.00002865
14,251,0.243006,0.000062,9.2498,0.049695,0.102433,0.066313,0.005898,0.000460,0.00002865
14,252,0.230099,0.000057,9.9164,0.049659,0.102563,0.067260,0.003570,0.000265,0.00002865
14,253,0.365330,0.000101,7.4980,0.049656,0.102884,0.083132,0.011840,0.000853,0.00002865
14,254,0.297420,0.000080,7.7284,0.049640,0.102893,0.091740,0.005288,0.000911,0.00002865
14,255,0.360763,0.000099,9.1660,0.049644,0.102837,0.065476,0.009667,0.000308,0.00002865
14,256,0.252035,0.000067,7.2369,0.049625,0.102813,0.057156,0.007366,0.000889,0.00002865
14,257,0.256024,0.000070,6.3767,0.049590,0.102860,0.059854,0.005288,0.000525,0.00002865
14,258,0.249636,0.000067,6.8723,0.049578,0.102850,0.063775,0.005717,0.000404,0.00002865
14,259,0.391035,0.000107,9.1628,0.049586,0.102651,0.097014,0.010054,0.001504,0.00002865
14,260,0.253574,0.000069,6.2717,0.049558,0.102649,0.053366,0.005898,0.000793,0.00002865
14,261,0.372675,0.000104,7.8862,0.049562,0.102778,0.081676,0.004609,0.000906,0.00002865
14,262,0.257393,0.000069,6.6571,0.049534,0.102874,0.071125,0.005648,0.001137,0.00002865
14,263,0.234643,0.000057,10.9691,0.049509,0.102670,0.074571,0.003009,0.000349,0.00002865
14,264,0.239623,0.000058,10.1526,0.049498,0.102829,0.065944,0.010732,0.000420,0.00002865
14,265,0.265779,0.000074,6.0226,0.049465,0.102936,0.056763,0.002712,0.000709,0.00002865
14,266,0.259708,0.000065,9.6628,0.049463,0.102817,0.111393,0.004000,0.000464,0.00002865
14,267,0.330698,0.000090,7.9792,0.049454,0.102792,0.076848,0.006937,0.000901,0.00002865
14,268,0.291059,0.000079,7.3810,0.049436,0.102800,0.080459,0.004859,0.000718,0.00002865
14,269,0.301393,0.000081,8.0940,0.049447,0.102880,0.063992,0.008154,0.000359,0.00002865
14,270,0.261939,0.000067,9.8496,0.049439,0.102780,0.064012,0.003570,0.000439,0.00002865
14,271,0.247447,0.000068,6.4863,0.049395,0.102684,0.051170,0.004000,0.000543,0.00002865
14,272,0.230199,0.000059,8.0192,0.049365,0.102747,0.093824,0.004172,0.000730,0.00002865
14,273,0.366693,0.000099,8.6527,0.049365,0.102767,0.073956,0.020771,0.001200,0.00002865
14,274,0.305931,0.000067,16.1138,0.049385,0.102686,0.174013,0.017851,0.001169,0.00002865
14,275,0.302620,0.000082,7.9377,0.049398,0.102899,0.096688,0.004429,0.000822,0.00002865
14,276,0.239277,0.000063,7.6235,0.049380,0.102732,0.053712,0.005898,0.000491,0.00002865
14,277,0.242035,0.000066,6.4698,0.049355,0.102790,0.053566,0.004609,0.000404,0.00002865
14,278,0.314979,0.000084,8.3011,0.049380,0.102812,0.085033,0.011522,0.000568,0.00002865
14,279,0.236840,0.000062,7.2043,0.049367,0.102751,0.059573,0.007186,0.000497,0.00002865
14,280,0.511082,0.000141,9.6878,0.049395,0.102719,0.107541,0.027790,0.001860,0.00002865
14,281,0.239602,0.000062,8.0140,0.049374,0.102585,0.094502,0.002282,0.000304,0.00002865
14,282,0.318170,0.000085,9.2103,0.049402,0.102419,0.073063,0.004859,0.000634,0.00002865
14,283,0.257246,0.000071,5.8283,0.049385,0.102347,0.066445,0.004000,0.000419,0.00002865
14,284,0.283478,0.000077,7.7103,0.049385,0.102210,0.063956,0.006147,0.000388,0.00002865
14,285,0.260763,0.000071,6.5170,0.049377,0.102278,0.074830,0.005717,0.000404,0.00002865
14,286,0.222855,0.000059,6.4166,0.049342,0.102193,0.069290,0.003141,0.000452,0.00002865
14,287,0.328917,0.000088,9.9060,0.049375,0.102080,0.068396,0.004429,0.000605,0.00002865
14,288,0.278307,0.000075,7.8988,0.049377,0.102103,0.061777,0.006147,0.000617,0.00002865
14,289,0.229791,0.000056,9.3803,0.049345,0.102043,0.094870,0.005546,0.000545,0.00002865
14,290,0.354221,0.000099,7.3196,0.049352,0.102213,0.080812,0.008654,0.000527,0.00002865
14,291,0.286319,0.000073,10.8290,0.049349,0.102069,0.078052,0.007366,0.000713,0.00002865
14,292,0.215992,0.000055,7.4235,0.049328,0.102085,0.075755,0.004429,0.000279,0.00002865
14,293,0.278326,0.000072,9.9093,0.049313,0.101977,0.065225,0.004609,0.000398,0.00002865
14,294,0.241084,0.000064,6.8848,0.049306,0.102009,0.074158,0.005717,0.000467,0.00002865
14,295,0.339937,0.000095,7.2276,0.049299,0.101986,0.065190,0.008293,0.001161,0.00002865
14,296,0.341759,0.000091,10.5115,0.049362,0.101945,0.078147,0.005717,0.000468,0.00002865
14,297,0.285871,0.000076,8.1977,0.049375,0.101815,0.077365,0.004066,0.001208,0.00002865
14,298,0.218638,0.000058,6.5016,0.049350,0.101803,0.070033,0.001424,0.000505,0.00002865
14,299,0.279183,0.000067,12.1359,0.049393,0.101794,0.124157,0.002712,0.000282,0.00002865
14,300,0.223964,0.000058,7.5148,0.049398,0.101753,0.077720,0.002712,0.000380,0.00002865
14,301,0.227069,0.000062,5.9428,0.049378,0.101688,0.066527,0.003141,0.000361,0.00002865
14,302,0.264227,0.000067,10.8156,0.049365,0.101507,0.068890,0.003570,0.000560,0.00002865
14,303,0.242049,0.000061,9.6088,0.049357,0.101563,0.068877,0.004429,0.000662,0.00002865
14,304,0.254020,0.000067,7.2184,0.049337,0.101515,0.088441,0.006756,0.000708,0.00002865
14,305,0.312136,0.000084,9.1427,0.049386,0.101506,0.074216,0.005288,0.000667,0.00002865
14,306,0.425755,0.000110,15.4031,0.049411,0.101404,0.110428,0.004172,0.000665,0.00002865
14,307,0.338956,0.000093,8.3328,0.049446,0.101350,0.075566,0.005648,0.000965,0.00002865
14,308,0.395518,0.000111,7.6231,0.049471,0.101360,0.078727,0.008044,0.000766,0.00002865
14,309,0.264845,0.000070,8.0467,0.049454,0.101478,0.090055,0.004000,0.000475,0.00002865
14,310,0.218473,0.000056,7.5933,0.049442,0.101546,0.057017,0.006147,0.000520,0.00002865
14,311,0.219673,0.000059,6.1613,0.049413,0.101728,0.060881,0.003570,0.000571,0.00002865
14,312,0.258246,0.000069,7.8033,0.049414,0.101643,0.059054,0.004000,0.000830,0.00002865
14,313,0.208100,0.000055,6.5867,0.049392,0.101540,0.062939,0.002282,0.000607,0.00002865
14,314,0.241022,0.000066,6.2522,0.049372,0.101524,0.062510,0.003009,0.000633,0.00002865
14,315,0.392791,0.000109,9.5176,0.049383,0.101453,0.062811,0.008517,0.001509,0.00002865
14,316,0.426914,0.000122,7.3382,0.049390,0.101522,0.075417,0.008834,0.001388,0.00002865
14,317,0.375230,0.000107,6.7381,0.049383,0.101648,0.073442,0.005288,0.001041,0.00002865
14,318,0.292842,0.000081,6.9474,0.049371,0.101712,0.056477,0.004180,0.000776,0.00002865
14,319,0.262377,0.000071,6.4148,0.049357,0.101759,0.071586,0.007366,0.000991,0.00002865
14,320,0.356329,0.000096,9.3005,0.049350,0.101700,0.065147,0.015927,0.001049,0.00002865
14,321,0.277120,0.000076,6.6498,0.049335,0.101830,0.068840,0.004180,0.000827,0.00002865
14,322,0.286037,0.000078,7.2487,0.049344,0.101774,0.063031,0.008225,0.000323,0.00002865
14,323,0.241525,0.000067,5.6102,0.049326,0.101592,0.062399,0.002798,0.000243,0.00002865
14,324,0.390941,0.000108,9.0720,0.049332,0.101613,0.070262,0.007366,0.001539,0.00002865
14,325,0.381950,0.000106,8.1698,0.049345,0.101661,0.069784,0.011702,0.001458,0.00002865
14,326,0.359719,0.000099,7.7835,0.049349,0.101648,0.082486,0.011230,0.001663,0.00002865
14,327,0.453346,0.000129,7.9715,0.049359,0.101918,0.072949,0.012159,0.001674,0.00002865
14,328,0.391981,0.000111,7.7197,0.049356,0.101981,0.065033,0.007546,0.001587,0.00002865
14,329,0.344668,0.000098,6.3196,0.049348,0.102104,0.065907,0.007435,0.001508,0.00002865
14,330,0.377245,0.000105,8.0876,0.049353,0.102272,0.064885,0.011075,0.001905,0.00002865
14,331,0.372272,0.000104,7.3627,0.049347,0.102195,0.064724,0.012751,0.001865,0.00002865
14,332,0.369564,0.000104,7.5364,0.049359,0.102358,0.075816,0.008293,0.000658,0.00002865
14,333,0.345946,0.000092,9.8554,0.049371,0.102469,0.087995,0.010732,0.000830,0.00002865
14,334,0.407148,0.000113,8.7160,0.049405,0.102448,0.082427,0.012834,0.000681,0.00002865
14,335,0.300472,0.000084,6.4062,0.049397,0.102434,0.063937,0.002282,0.001352,0.00002865
14,336,0.235037,0.000061,8.1650,0.049380,0.102410,0.061823,0.005039,0.000476,0.00002865
14,337,0.374462,0.000104,8.7286,0.049390,0.102458,0.067005,0.008405,0.000652,0.00002865
14,338,0.228219,0.000061,6.5763,0.049374,0.102317,0.069600,0.004859,0.000516,0.00002865
14,339,0.364379,0.000101,8.4296,0.049372,0.102343,0.069776,0.008793,0.000585,0.00002865
14,340,0.209543,0.000054,6.7734,0.049387,0.102382,0.065950,0.008293,0.000476,0.00002865
14,341,0.286786,0.000077,7.5526,0.049384,0.102251,0.078742,0.008044,0.000494,0.00002865
14,342,0.404029,0.000113,7.8387,0.049407,0.102267,0.071998,0.018143,0.001069,0.00002865
14,343,0.420919,0.000117,8.8673,0.049428,0.102215,0.081285,0.010981,0.001772,0.00002865
14,344,0.406359,0.000112,9.1080,0.049450,0.102279,0.088997,0.014279,0.001219,0.00002865
14,345,0.323716,0.000087,8.1800,0.049455,0.102201,0.087271,0.014030,0.000726,0.00002865
14,346,0.343504,0.000090,9.8016,0.049506,0.102230,0.082498,0.018213,0.001300,0.00002865
14,347,0.339983,0.000092,8.8508,0.049515,0.102227,0.063959,0.008903,0.000847,0.00002865
14,348,0.346660,0.000094,9.2146,0.049564,0.102179,0.085215,0.006708,0.001040,0.00002865
14,349,0.278869,0.000077,6.9401,0.049563,0.102065,0.054933,0.003141,0.000347,0.00002865
14,350,0.300094,0.000080,9.0608,0.049556,0.101991,0.082245,0.002282,0.000460,0.00002865
14,351,0.434468,0.000121,8.6173,0.049582,0.102183,0.083975,0.013918,0.001113,0.00002865
14,352,0.313791,0.000086,7.2807,0.049591,0.102157,0.071164,0.007795,0.000481,0.00002865
14,353,0.277820,0.000076,6.6950,0.049583,0.102170,0.063401,0.007005,0.000551,0.00002865
14,354,0.285438,0.000078,7.1940,0.049571,0.102133,0.080306,0.003570,0.000198,0.00002865
14,355,0.334428,0.000092,7.6642,0.049600,0.102106,0.078249,0.007795,0.000833,0.00002865
14,356,0.254984,0.000063,11.0571,0.049591,0.102085,0.073722,0.002712,0.000332,0.00002865
14,357,0.262637,0.000061,13.3691,0.049574,0.102051,0.089200,0.001424,0.000455,0.00002865
14,358,0.297835,0.000077,9.0028,0.049574,0.102112,0.103463,0.013738,0.000317,0.00002865
14,359,0.271331,0.000071,7.8611,0.049570,0.102088,0.091216,0.008654,0.000561,0.00002865
14,360,0.234237,0.000061,7.6774,0.049561,0.102040,0.055548,0.008293,0.000431,0.00002865
14,361,0.397245,0.000107,8.8847,0.049578,0.101992,0.086733,0.026683,0.000860,0.00002865
14,362,0.751292,0.000209,14.0722,0.049639,0.101918,0.127469,0.044403,0.001117,0.00002865
14,363,0.591714,0.000163,12.7310,0.049688,0.101994,0.111656,0.028061,0.001789,0.00002865
14,364,0.521373,0.000144,11.0734,0.049737,0.101947,0.095170,0.026233,0.001643,0.00002865
14,365,0.615342,0.000166,13.8323,0.049794,0.101919,0.122890,0.038498,0.002110,0.00002865
14,366,0.349299,0.000097,7.9991,0.049801,0.101830,0.062561,0.005717,0.000922,0.00002865
14,367,0.425324,0.000114,11.7770,0.049814,0.101758,0.136155,0.006576,0.001739,0.00002865
14,368,0.266944,0.000071,7.5986,0.049808,0.101858,0.086200,0.006756,0.000940,0.00002865
14,369,0.333908,0.000087,9.6921,0.049815,0.101804,0.122435,0.013557,0.001504,0.00002865
14,370,0.294984,0.000079,7.3344,0.049811,0.101977,0.081413,0.009942,0.001335,0.00002865
14,371,0.333410,0.000093,6.5467,0.049802,0.102138,0.063356,0.015455,0.001033,0.00002865
14,372,0.228030,0.000059,7.0399,0.049783,0.102124,0.069089,0.006576,0.000777,0.00002865
14,373,0.278363,0.000075,7.3090,0.049792,0.102279,0.076915,0.006147,0.000782,0.00002865
14,374,0.229978,0.000054,11.9381,0.049785,0.102277,0.072059,0.005546,0.000539,0.00002865
14,375,0.247723,0.000065,7.6843,0.049791,0.102204,0.061037,0.007366,0.000543,0.00002865
14,376,0.309049,0.000080,9.8843,0.049792,0.102038,0.105232,0.009762,0.000627,0.00002865
14,377,0.274294,0.000074,6.9002,0.049798,0.102080,0.072536,0.007615,0.000599,0.00002865
14,378,0.316353,0.000085,9.1611,0.049804,0.102198,0.073110,0.006576,0.000614,0.00002865
14,379,0.240046,0.000060,8.8471,0.049803,0.102191,0.073632,0.010621,0.000440,0.00002865
14,380,0.226344,0.000059,7.0852,0.049807,0.102174,0.071922,0.005717,0.000510,0.00002865
14,381,0.265389,0.000073,6.1646,0.049795,0.102095,0.062399,0.003570,0.001405,0.00002865
14,382,0.227350,0.000060,7.1719,0.049777,0.101965,0.060658,0.003009,0.000349,0.00002865
14,383,0.355979,0.000097,9.9711,0.049791,0.101964,0.061669,0.006576,0.000882,0.00002865
14,384,0.262451,0.000070,7.1665,0.049779,0.101991,0.062259,0.006507,0.000736,0.00002865
14,385,0.250087,0.000064,8.6072,0.049768,0.101993,0.104709,0.004429,0.000863,0.00002865
14,386,0.245774,0.000062,8.6532,0.049768,0.101931,0.112690,0.004859,0.000559,0.00002865
14,387,0.276365,0.000075,6.9507,0.049753,0.101954,0.073346,0.002712,0.001289,0.00002865
14,388,0.336668,0.000095,6.9036,0.049754,0.101959,0.069080,0.004859,0.001557,0.00002865
14,389,0.267362,0.000072,6.7858,0.049747,0.101939,0.073697,0.005717,0.000825,0.00002865
14,390,0.232540,0.000061,7.2397,0.049736,0.101970,0.070095,0.005717,0.000641,0.00002865
14,391,0.228195,0.000059,6.9810,0.049706,0.101987,0.090721,0.005546,0.000392,0.00002865
15,1,0.446990,0.000119,13.2226,0.051416,0.129817,0.087621,0.016812,0.001566,0.00000734
15,2,0.414147,0.000114,9.5204,0.050474,0.133036,0.069953,0.013945,0.001829,0.00000734
15,3,0.389003,0.000104,11.0384,0.050751,0.121767,0.072418,0.016861,0.001464,0.00000734
15,4,0.409468,0.000114,8.0962,0.051612,0.116653,0.084596,0.012657,0.001430,0.00000734
15,5,0.344885,0.000094,7.6779,0.050582,0.115437,0.085257,0.014964,0.001314,0.00000734
15,6,0.430114,0.000119,8.5936,0.051442,0.116101,0.080642,0.019614,0.001596,0.00000734
15,7,0.402752,0.000113,7.4927,0.051604,0.114086,0.071276,0.014136,0.001888,0.00000734
15,8,0.371994,0.000101,9.5334,0.050946,0.121887,0.067818,0.011525,0.001618,0.00000734
15,9,0.359543,0.000097,8.9442,0.050667,0.116078,0.076047,0.013308,0.001619,0.00000734
15,10,0.459286,0.000129,8.5588,0.050426,0.116131,0.063321,0.020290,0.001605,0.00000734
15,11,0.402835,0.000112,7.8316,0.049981,0.115851,0.062934,0.023587,0.001555,0.00000734
15,12,0.416710,0.000118,7.5798,0.049985,0.113635,0.065886,0.015678,0.001404,0.00000734
15,13,0.427417,0.000114,10.8611,0.049999,0.114465,0.128060,0.014167,0.001508,0.00000734
15,14,0.429029,0.000119,7.7937,0.049863,0.119243,0.092397,0.024447,0.001433,0.00000734
15,15,0.471088,0.000129,10.3297,0.050271,0.118574,0.097509,0.022455,0.001606,0.00000734
15,16,0.390241,0.000109,7.7938,0.049995,0.121253,0.068180,0.010552,0.001747,0.00000734
15,17,0.310052,0.000082,7.4815,0.049963,0.120290,0.088481,0.021236,0.001446,0.00000734
15,18,0.331188,0.000092,6.9468,0.049877,0.116159,0.073693,0.010060,0.001366,0.00000734
15,19,0.334827,0.000092,7.4940,0.049857,0.115427,0.070399,0.008585,0.001160,0.00000734
15,20,0.351466,0.000096,7.7673,0.049673,0.113560,0.081795,0.012450,0.001236,0.00000734
15,21,0.333090,0.000093,6.7655,0.049621,0.115177,0.075148,0.008766,0.001184,0.00000734
15,22,0.352794,0.000098,7.3582,0.049671,0.113378,0.072792,0.008429,0.001250,0.00000734
15,23,0.322422,0.000089,7.5328,0.049529,0.113632,0.060765,0.008087,0.001455,0.00000734
15,24,0.359764,0.000099,8.0688,0.049543,0.113450,0.076308,0.009015,0.002091,0.00000734
15,25,0.295040,0.000081,7.2548,0.049398,0.111402,0.063698,0.003759,0.001413,0.00000734
15,26,0.280115,0.000076,7.3211,0.049373,0.111239,0.074344,0.006078,0.001043,0.00000734
15,27,0.313203,0.000078,11.9069,0.049458,0.110348,0.122646,0.006756,0.000760,0.00000734
15,28,0.255216,0.000069,6.6387,0.049354,0.109073,0.065556,0.005898,0.000510,0.00000734
15,29,0.401771,0.000109,10.3572,0.049463,0.110076,0.073661,0.013489,0.001729,0.00000734
15,30,0.290839,0.000077,8.9858,0.049364,0.109692,0.063017,0.009270,0.001325,0.00000734
15,31,0.248805,0.000067,6.6164,0.049172,0.108162,0.064925,0.008903,0.000723,0.00000734
15,32,0.269236,0.000074,6.1374,0.049025,0.108066,0.062148,0.004429,0.001125,0.00000734
15,33,0.288241,0.000079,6.8520,0.049015,0.108267,0.062133,0.005288,0.000965,0.00000734
15,34,0.261164,0.000064,10.6340,0.048873,0.106749,0.085826,0.004172,0.000517,0.00000734
15,35,0.361214,0.000101,7.7059,0.048837,0.107809,0.060504,0.006576,0.001542,0.00000734
15,36,0.354223,0.000100,6.6646,0.048634,0.108796,0.059675,0.009805,0.001623,0.00000734
15,37,0.363378,0.000101,7.8372,0.048687,0.109551,0.064080,0.009762,0.001646,0.00000734
15,38,0.352888,0.000098,7.5507,0.048582,0.110131,0.085786,0.004180,0.001467,0.00000734
15,39,0.344123,0.000095,7.8789,0.048648,0.109849,0.081314,0.008044,0.001518,0.00000734
15,40,0.340308,0.000094,6.9907,0.048612,0.110819,0.076057,0.010801,0.001421,0.00000734
15,41,0.352065,0.000098,7.2673,0.048579,0.111144,0.064043,0.009444,0.001806,0.00000734
15,42,0.373179,0.000105,7.5999,0.048592,0.110633,0.079995,0.004066,0.001900,0.00000734
15,43,0.399562,0.000110,9.1377,0.048835,0.110664,0.089318,0.010234,0.000693,0.00000734
15,44,0.335712,0.000093,6.8703,0.048844,0.109737,0.057331,0.013489,0.000414,0.00000734
15,45,0.252537,0.000067,7.5611,0.048772,0.109849,0.064040,0.004429,0.000513,0.00000734
15,46,0.289971,0.000077,8.2452,0.048763,0.110232,0.089987,0.005898,0.000904,0.00000734
15,47,0.281527,0.000076,7.4896,0.048740,0.110232,0.083928,0.005468,0.000816,0.00000734
15,48,0.355794,0.000099,7.3256,0.048846,0.110213,0.078910,0.008405,0.000417,0.00000734
15,49,0.366090,0.000098,8.6698,0.048967,0.109861,0.069276,0.024128,0.001284,0.00000734
15,50,0.279018,0.000076,6.8498,0.048909,0.109538,0.068570,0.007366,0.001427,0.00000734
15,51,0.250935,0.000068,6.9331,0.048947,0.108573,0.079021,0.001424,0.000420,0.00000734
15,52,0.355020,0.000098,8.9375,0.048913,0.107671,0.068447,0.004865,0.001552,0.00000734
15,53,0.315021,0.000087,7.0024,0.048905,0.108468,0.064032,0.007795,0.001230,0.00000734
15,54,0.315125,0.000088,6.1498,0.048818,0.109655,0.065371,0.008654,0.001164,0.00000734
15,55,0.293711,0.000080,7.2304,0.048721,0.108817,0.068067,0.004000,0.001042,0.00000734
15,56,0.349849,0.000097,8.1681,0.048717,0.108890,0.059503,0.007186,0.001433,0.00000734
15,57,0.320268,0.000088,7.5698,0.048716,0.108635,0.063562,0.011771,0.001403,0.00000734
15,58,0.342552,0.000096,7.1026,0.048698,0.108695,0.071295,0.007592,0.001840,0.00000734
15,59,0.346400,0.000095,7.9800,0.048633,0.108173,0.085249,0.005788,0.001611,0.00000734
15,60,0.258696,0.000070,6.8251,0.048581,0.107655,0.053087,0.008654,0.000467,0.00000734
15,61,0.251364,0.000068,6.9105,0.048571,0.107211,0.060286,0.005898,0.000523,0.00000734
15,62,0.248181,0.000065,6.6080,0.048474,0.107095,0.085936,0.012810,0.000514,0.00000734
15,63,0.240009,0.000063,6.3195,0.048414,0.106715,0.075309,0.012338,0.000848,0.00000734
15,64,0.375779,0.000106,7.4673,0.048457,0.106494,0.067958,0.008654,0.001359,0.00000734
15,65,0.352012,0.000096,9.0262,0.048447,0.106310,0.063698,0.009693,0.001141,0.00000734
15,66,0.338237,0.000091,8.6023,0.048429,0.105673,0.069857,0.015567,0.001161,0.00000734
15,67,0.271926,0.000071,7.2323,0.048383,0.105484,0.076657,0.017173,0.000496,0.00000734
15,68,0.235690,0.000061,7.6270,0.048173,0.106280,0.070517,0.010244,0.000443,0.00000734
15,69,0.319588,0.000084,8.7359,0.048180,0.106243,0.104499,0.012269,0.000902,0.00000734
15,70,0.294129,0.000080,7.4320,0.048192,0.106652,0.070042,0.007976,0.000663,0.00000734
15,71,0.244527,0.000065,7.8561,0.048086,0.106447,0.058652,0.003570,0.000646,0.00000734
15,72,0.309482,0.000087,6.8140,0.048032,0.106647,0.060760,0.004859,0.000383,0.00000734
15,73,0.311347,0.000086,7.1529,0.047981,0.106070,0.075038,0.006327,0.000390,0.00000734
15,74,0.275952,0.000076,6.4805,0.047913,0.106297,0.067064,0.006576,0.000607,0.00000734
15,75,0.332466,0.000091,7.4604,0.047960,0.106393,0.086256,0.010801,0.001021,0.00000734
15,76,0.242996,0.000067,5.4424,0.047821,0.106313,0.058706,0.004066,0.000733,0.00000734
15,77,0.451166,0.000123,11.6035,0.047925,0.106227,0.077462,0.013669,0.000543,0.00000734
15,78,0.397066,0.000109,8.5723,0.047991,0.105765,0.082158,0.019570,0.000550,0.00000734
15,79,0.428118,0.000117,10.2545,0.048138,0.105591,0.111060,0.010981,0.000631,0.00000734
15,80,0.508781,0.000141,10.2528,0.048268,0.106196,0.107644,0.022694,0.000774,0.00000734
15,81,0.371857,0.000105,7.2128,0.048272,0.106705,0.079472,0.005717,0.000896,0.00000734
15,82,0.308962,0.000083,8.5726,0.048376,0.106953,0.074849,0.006756,0.000505,0.00000734
15,83,0.273603,0.000075,6.5169,0.048303,0.106418,0.058085,0.007005,0.000592,0.00000734
15,84,0.297583,0.000082,7.1242,0.048273,0.106379,0.067425,0.005039,0.000563,0.00000734
15,85,0.236425,0.000061,8.3384,0.048196,0.106564,0.061435,0.006122,0.000706,0.00000734
15,86,0.377104,0.000107,6.7289,0.048166,0.106261,0.061842,0.012381,0.001405,0.00000734
15,87,0.381550,0.000098,12.2392,0.048126,0.106782,0.140023,0.012450,0.000791,0.00000734
15,88,0.378223,0.000106,7.8298,0.048065,0.106974,0.082757,0.005039,0.001390,0.00000734
15,89,0.394807,0.000109,8.7024,0.048036,0.107226,0.096190,0.010552,0.001194,0.00000734
15,90,0.303990,0.000084,6.8761,0.048039,0.107444,0.058972,0.011342,0.000754,0.00000734
15,91,0.372920,0.000104,7.8299,0.048078,0.107575,0.068464,0.013059,0.001233,0.00000734
15,92,0.356980,0.000099,6.9674,0.048078,0.107248,0.063379,0.017894,0.000984,0.00000734
15,93,0.311539,0.000086,7.1192,0.048114,0.107604,0.062001,0.010016,0.000751,0.00000734
15,94,0.267537,0.000063,12.8837,0.048073,0.107269,0.140896,0.001424,0.000415,0.00000734
15,95,0.230297,0.000059,8.0277,0.048020,0.106971,0.080112,0.005039,0.000549,0.00000734
15,96,0.327094,0.000090,7.3811,0.047989,0.106880,0.080514,0.007186,0.000749,0.00000734
15,97,0.350014,0.000099,6.8653,0.047992,0.107120,0.068725,0.007186,0.000704,0.00000734
15,98,0.254631,0.000069,6.8112,0.047947,0.107604,0.056304,0.005039,0.000254,0.00000734
15,99,0.283760,0.000077,7.2732,0.047965,0.107542,0.060229,0.006327,0.000457,0.00000734
15,100,0.221719,0.000059,6.1987,0.047903,0.107332,0.063587,0.006147,0.000395,0.00000734
15,101,0.266478,0.000070,7.9093,0.047891,0.107095,0.082977,0.007186,0.000390,0.00000734
15,102,0.214266,0.000058,5.5086,0.047793,0.106852,0.050877,0.004172,0.000357,0.00000734
15,103,0.280649,0.000076,6.9065,0.047746,0.107004,0.060351,0.012338,0.000323,0.00000734
15,104,0.417114,0.000119,7.4200,0.047806,0.107523,0.075991,0.005898,0.000631,0.00000734
15,105,0.342100,0.000094,7.2020,0.047808,0.107770,0.076962,0.014914,0.000944,0.00000734
15,106,0.342868,0.000095,7.9289,0.047761,0.107886,0.073890,0.005898,0.000739,0.00000734
15,107,0.292434,0.000080,7.0790,0.047750,0.108394,0.058687,0.010801,0.000485,0.00000734
15,108,0.368088,0.000106,6.4255,0.047765,0.108508,0.057554,0.004859,0.000927,0.00000734
15,109,0.269721,0.000074,6.4973,0.047723,0.108394,0.066335,0.007005,0.000641,0.00000734
15,110,0.379448,0.000104,8.7241,0.047796,0.108245,0.092979,0.010238,0.000889,0.00000734
15,111,0.236560,0.000062,7.2048,0.047801,0.108085,0.068560,0.007435,0.000342,0.00000734
15,112,0.238420,0.000065,5.9251,0.047755,0.108213,0.063758,0.005288,0.000688,0.00000734
15,113,0.231996,0.000062,6.6205,0.047689,0.108187,0.054354,0.004429,0.000663,0.00000734
15,114,0.215941,0.000058,6.0049,0.047629,0.108091,0.055838,0.004429,0.000379,0.00000734
15,115,0.208821,0.000056,5.4236,0.047561,0.108127,0.063483,0.007435,0.000305,0.00000734
15,116,0.307908,0.000083,7.5000,0.047490,0.107685,0.055203,0.017353,0.000726,0.00000734
15,117,0.316817,0.000087,7.1953,0.047439,0.107566,0.064330,0.010621,0.001024,0.00000734
15,118,0.282407,0.000077,6.4229,0.047405,0.107324,0.077169,0.010801,0.001469,0.00000734
15,119,0.262882,0.000067,9.1790,0.047362,0.106922,0.079851,0.011041,0.000729,0.00000734
15,120,0.278194,0.000074,8.2908,0.047351,0.106801,0.064462,0.006327,0.000819,0.00000734
15,121,0.289250,0.000074,8.1322,0.047388,0.106667,0.095372,0.026816,0.000889,0.00000734
15,122,0.355032,0.000092,7.7049,0.047433,0.106477,0.082180,0.046960,0.000870,0.00000734
15,123,0.281193,0.000074,8.2350,0.047409,0.106223,0.098704,0.008834,0.000403,0.00000734
15,124,0.235800,0.000062,6.7367,0.047374,0.106297,0.066132,0.009942,0.000428,0.00000734
15,125,0.251650,0.000067,6.7255,0.047344,0.106232,0.068462,0.010011,0.000418,0.00000734
15,126,0.227820,0.000061,6.3757,0.047303,0.106216,0.065576,0.005468,0.000371,0.00000734
15,127,0.263793,0.000070,8.1060,0.047286,0.105806,0.067389,0.006708,0.000630,0.00000734
15,128,0.270851,0.000069,10.2936,0.047264,0.105700,0.064211,0.007435,0.000535,0.00000734
15,129,0.280223,0.000078,6.2841,0.047240,0.105300,0.058007,0.003141,0.000825,0.00000734
15,130,0.256945,0.000065,9.0247,0.047247,0.105351,0.104550,0.004859,0.000802,0.00000734
15,131,0.249112,0.000068,6.4704,0.047231,0.105394,0.065370,0.002712,0.000972,0.00000734
15,132,0.283487,0.000076,7.8677,0.047186,0.105451,0.093051,0.003570,0.000536,0.00000734
15,133,0.302023,0.000085,6.1183,0.047170,0.105007,0.061279,0.003570,0.000507,0.00000734
15,134,0.236744,0.000061,8.3076,0.047165,0.104910,0.060059,0.004429,0.000500,0.00000734
15,135,0.409585,0.000113,9.1061,0.047189,0.104741,0.075131,0.012158,0.000440,0.00000734
15,136,0.370435,0.000098,9.0308,0.047252,0.104819,0.079733,0.030634,0.000480,0.00000734
15,137,0.255744,0.000069,7.4128,0.047239,0.104565,0.056136,0.004790,0.000603,0.00000734
15,138,0.205178,0.000054,6.5727,0.047181,0.104618,0.047989,0.002282,0.000247,0.00000734
15,139,0.227334,0.000060,7.1973,0.047143,0.104494,0.061182,0.001853,0.000377,0.00000734
15,140,0.274869,0.000074,7.0995,0.047136,0.104532,0.079152,0.005760,0.000463,0.00000734
15,141,0.244309,0.000064,7.2530,0.047098,0.104624,0.084388,0.006507,0.000695,0.00000734
15,142,0.218955,0.000058,6.3328,0.047047,0.104549,0.069162,0.003570,0.000380,0.00000734
15,143,0.256283,0.000070,6.3064,0.047043,0.104428,0.066179,0.006147,0.000923,0.00000734
15,144,0.246941,0.000068,6.3020,0.046992,0.104258,0.049079,0.003537,0.000608,0.00000734
15,145,0.261682,0.000072,6.8755,0.046983,0.104221,0.054707,0.003141,0.000296,0.00000734
15,146,0.256687,0.000070,6.5924,0.046941,0.104076,0.057011,0.003570,0.000532,0.00000734
15,147,0.317210,0.000088,6.8976,0.046929,0.103978,0.062662,0.007117,0.000650,0.00000734
15,148,0.234920,0.000064,5.9134,0.046895,0.104108,0.062937,0.003141,0.000310,0.00000734
15,149,0.257444,0.000071,5.9673,0.046867,0.104270,0.056529,0.004180,0.000537,0.00000734
15,150,0.304218,0.000085,6.0430,0.046841,0.104127,0.065328,0.007435,0.000571,0.00000734
15,151,0.249342,0.000066,7.2731,0.046803,0.104016,0.067852,0.005717,0.000354,0.00000734
15,152,0.308890,0.000084,7.1258,0.046797,0.103808,0.080468,0.009985,0.000318,0.00000734
15,153,0.256047,0.000066,9.9319,0.046770,0.103941,0.060848,0.001424,0.000294,0.00000734
15,154,0.311733,0.000085,7.9247,0.046834,0.103862,0.064040,0.005898,0.001986,0.00000734
15,155,0.326430,0.000090,7.4530,0.046852,0.103761,0.059759,0.010801,0.002169,0.00000734
15,156,0.347324,0.000094,8.0349,0.046917,0.103630,0.077067,0.013197,0.002504,0.00000734
15,157,0.329303,0.000088,8.9242,0.046981,0.103662,0.077157,0.012879,0.001379,0.00000734
15,158,0.268719,0.000070,8.1661,0.047072,0.103485,0.073991,0.009083,0.001637,0.00000734
15,159,0.236007,0.000061,7.2196,0.047086,0.103360,0.064287,0.011909,0.001229,0.00000734
15,160,0.252183,0.000066,7.5243,0.047139,0.103310,0.079266,0.011660,0.001370,0.00000734
15,161,0.260636,0.000067,8.8431,0.047265,0.103309,0.081520,0.006402,0.001381,0.00000734
15,162,0.253289,0.000065,8.7817,0.047232,0.103239,0.079693,0.003502,0.000722,0.00000734
15,163,0.291483,0.000076,9.4939,0.047273,0.103523,0.106680,0.003141,0.000717,0.00000734
15,164,0.313730,0.000085,8.0196,0.047371,0.103548,0.076317,0.009152,0.000705,0.00000734
15,165,0.342744,0.000095,7.4521,0.047428,0.103402,0.077992,0.006078,0.000492,0.00000734
15,166,0.306568,0.000085,6.7921,0.047421,0.103427,0.074899,0.004429,0.001271,0.00000734
15,167,0.388967,0.000110,8.0019,0.047430,0.103363,0.063592,0.005648,0.001816,0.00000734
15,168,0.290473,0.000081,6.5123,0.047423,0.103240,0.058344,0.004429,0.001407,0.00000734
15,169,0.325761,0.000091,6.4926,0.047404,0.103360,0.074827,0.004859,0.001546,0.00000734
15,170,0.200325,0.000051,6.9518,0.047369,0.103281,0.074886,0.006919,0.000525,0.00000734
15,171,0.300093,0.000083,6.5508,0.047340,0.103443,0.066207,0.007505,0.000739,0.00000734
15,172,0.277610,0.000075,6.7570,0.047314,0.103778,0.071620,0.010621,0.000293,0.00000734
15,173,0.276091,0.000074,7.7790,0.047298,0.103892,0.061478,0.010621,0.000607,0.00000734
15,174,0.256978,0.000070,5.6874,0.047252,0.103856,0.064719,0.008474,0.000513,0.00000734
15,175,0.283518,0.000076,8.1783,0.047228,0.103821,0.055335,0.008834,0.000854,0.00000734
15,176,0.275010,0.000074,7.0830,0.047190,0.103818,0.061085,0.009693,0.000361,0.00000734
15,177,0.229116,0.000062,5.5962,0.047136,0.103750,0.065409,0.007615,0.000466,0.00000734
15,178,0.233241,0.000063,6.1603,0.047099,0.103549,0.072601,0.004594,0.000345,0.00000734
15,179,0.257406,0.000068,6.6675,0.047056,0.103615,0.067971,0.015026,0.000652,0.00000734
15,180,0.336027,0.000094,6.5204,0.047041,0.103772,0.056688,0.013669,0.000745,0.00000734
15,181,0.319231,0.000089,6.8006,0.047032,0.103858,0.060300,0.009762,0.000501,0.00000734
15,182,0.376673,0.000104,8.1218,0.047066,0.103627,0.086995,0.010844,0.000904,0.00000734
15,183,0.217064,0.000058,5.7158,0.047026,0.103568,0.057029,0.008474,0.000424,0.00000734
15,184,0.269411,0.000073,6.4268,0.047022,0.103589,0.066032,0.008474,0.000522,0.00000734
15,185,0.269223,0.000074,6.9510,0.047015,0.103695,0.053541,0.004859,0.000561,0.00000734
15,186,0.232454,0.000063,5.9158,0.046980,0.103649,0.056526,0.005288,0.000300,0.00000734
15,187,0.227602,0.000055,10.6398,0.046931,0.103644,0.070342,0.002798,0.000220,0.00000734
15,188,0.259827,0.000068,9.1483,0.046919,0.103769,0.062437,0.004000,0.000495,0.00000734
15,189,0.211276,0.000056,6.0264,0.046879,0.103835,0.067631,0.003141,0.000262,0.00000734
15,190,0.283538,0.000076,8.5503,0.046852,0.103730,0.057400,0.003570,0.000609,0.00000734
15,191,0.264622,0.000072,6.7163,0.046842,0.103532,0.056232,0.005898,0.000422,0.00000734
15,192,0.316988,0.000089,6.6769,0.046830,0.103310,0.057775,0.006147,0.001138,0.00000734
15,193,0.236477,0.000064,6.5509,0.046816,0.103143,0.058471,0.004859,0.000449,0.00000734
15,194,0.253460,0.000069,6.1622,0.046795,0.102951,0.068831,0.005898,0.000531,0.00000734
15,195,0.265217,0.000072,6.6599,0.046780,0.102624,0.077219,0.002480,0.000318,0.00000734
15,196,0.265118,0.000072,6.5997,0.046780,0.102556,0.066509,0.006078,0.000783,0.00000734
15,197,0.244999,0.000066,6.4941,0.046746,0.102635,0.052474,0.006576,0.000447,0.00000734
15,198,0.236378,0.000064,6.0573,0.046705,0.102730,0.073533,0.005717,0.000423,0.00000734
15,199,0.290006,0.000081,6.2724,0.046687,0.102606,0.057541,0.005717,0.000845,0.00000734
15,200,0.240296,0.000066,5.7378,0.046660,0.102530,0.067383,0.002282,0.000473,0.00000734
15,201,0.227848,0.000060,7.2654,0.046636,0.102649,0.056658,0.006147,0.000261,0.00000734
15,202,0.225871,0.000061,6.1631,0.046600,0.102780,0.048832,0.004429,0.000431,0.00000734
15,203,0.315691,0.000089,6.2665,0.046592,0.102853,0.070198,0.006756,0.000596,0.00000734
15,204,0.235729,0.000062,7.1670,0.046573,0.102796,0.070090,0.004172,0.000579,0.00000734
15,205,0.337619,0.000093,7.9074,0.046580,0.102544,0.071067,0.008585,0.000666,0.00000734
15,206,0.253602,0.000069,6.9786,0.046557,0.102379,0.054968,0.002282,0.000896,0.00000734
15,207,0.256409,0.000067,7.7809,0.046585,0.102173,0.069900,0.009264,0.001181,0.00000734
15,208,0.262272,0.000069,8.2713,0.046626,0.102116,0.076083,0.004429,0.000616,0.00000734
15,209,0.262746,0.000068,8.9578,0.046701,0.102009,0.089037,0.002892,0.000601,0.00000734
15,210,0.232135,0.000059,7.9203,0.046716,0.102151,0.092447,0.003570,0.000713,0.00000734
15,211,0.362346,0.000101,7.5407,0.046734,0.102332,0.074695,0.007864,0.001228,0.00000734
15,212,0.267799,0.000073,6.2688,0.046713,0.102261,0.065460,0.009044,0.000933,0.00000734
15,213,0.214603,0.000058,5.6943,0.046689,0.102121,0.064281,0.004000,0.000563,0.00000734
15,214,0.248407,0.000067,6.8261,0.046664,0.102109,0.051473,0.009152,0.000736,0.00000734
15,215,0.247803,0.000065,8.7169,0.046631,0.101956,0.057481,0.003570,0.000842,0.00000734
15,216,0.249010,0.000066,7.0661,0.046622,0.101998,0.064706,0.007864,0.000389,0.00000734
15,217,0.356221,0.000099,8.0290,0.046647,0.102214,0.059413,0.010440,0.000563,0.00000734
15,218,0.412711,0.000117,8.2910,0.046691,0.102088,0.069079,0.006576,0.001042,0.00000734
15,219,0.230339,0.000061,6.7172,0.046673,0.102149,0.065033,0.006507,0.000937,0.00000734
15,220,0.207574,0.000053,6.8933,0.046650,0.102048,0.060709,0.008474,0.000945,0.00000734
15,221,0.271404,0.000070,9.1044,0.046636,0.101809,0.088969,0.004172,0.000427,0.00000734
15,222,0.305198,0.000082,7.9308,0.046651,0.101880,0.086941,0.006576,0.001115,0.00000734
15,223,0.266193,0.000070,7.9958,0.046658,0.101821,0.094697,0.007117,0.000771,0.00000734
15,224,0.324481,0.000090,7.6397,0.046666,0.101902,0.068014,0.004609,0.001089,0.00000734
15,225,0.251933,0.000062,9.6887,0.046662,0.102057,0.109908,0.007186,0.000446,0.00000734
15,226,0.325090,0.000090,7.3294,0.046679,0.102154,0.082243,0.005468,0.000916,0.00000734
15,227,0.304894,0.000085,6.6980,0.046690,0.102143,0.069120,0.006466,0.000358,0.00000734
15,228,0.285011,0.000077,8.0469,0.046693,0.102231,0.058461,0.003141,0.000551,0.00000734
15,229,0.375552,0.000106,7.7952,0.046708,0.102169,0.066349,0.003009,0.000328,0.00000734
15,230,0.222904,0.000060,6.2298,0.046692,0.102119,0.062636,0.003141,0.000630,0.00000734
15,231,0.256564,0.000065,8.6571,0.046687,0.102080,0.068696,0.015027,0.000683,0.00000734
15,232,0.245651,0.000064,7.5869,0.046694,0.102117,0.081504,0.004180,0.000516,0.00000734
15,233,0.227835,0.000061,6.3272,0.046664,0.102160,0.072569,0.001853,0.000637,0.00000734
15,234,0.234059,0.000063,6.3467,0.046622,0.102356,0.067276,0.004859,0.000878,0.00000734
15,235,0.235388,0.000059,9.1975,0.046603,0.102362,0.067989,0.004859,0.000418,0.00000734
15,236,0.381447,0.000106,8.9914,0.046650,0.102194,0.083970,0.004000,0.000631,0.00000734
15,237,0.304940,0.000083,8.0037,0.046656,0.102151,0.061132,0.004859,0.001086,0.00000734
15,238,0.217716,0.000053,8.7530,0.046614,0.102122,0.100684,0.002798,0.000280,0.00000734
15,239,0.239652,0.000065,6.1397,0.046584,0.101986,0.066151,0.002712,0.000612,0.00000734
15,240,0.311613,0.000087,6.4476,0.046579,0.102179,0.059069,0.006937,0.000949,0.00000734
15,241,0.246277,0.000065,6.7760,0.046575,0.102116,0.073328,0.007615,0.000742,0.00000734
15,242,0.233730,0.000062,6.5711,0.046560,0.102115,0.072945,0.003570,0.000846,0.00000734
15,243,0.231752,0.000060,8.4827,0.046519,0.102064,0.056537,0.002712,0.000426,0.00000734
15,244,0.276297,0.000069,11.6931,0.046519,0.101962,0.071502,0.007005,0.000945,0.00000734
15,245,0.268521,0.000074,6.5398,0.046497,0.101989,0.051594,0.005468,0.000406,0.00000734
15,246,0.251626,0.000069,5.9955,0.046474,0.102015,0.053826,0.004066,0.001317,0.00000734
15,247,0.240905,0.000064,6.6171,0.046462,0.102020,0.080196,0.004859,0.001033,0.00000734
15,248,0.281782,0.000077,6.9729,0.046453,0.101962,0.070407,0.004859,0.000650,0.00000734
15,249,0.254518,0.000069,6.5806,0.046452,0.101924,0.071229,0.004859,0.000251,0.00000734
15,250,0.297836,0.000080,8.2039,0.046449,0.101916,0.095452,0.004429,0.000531,0.00000734
15,251,0.227178,0.000061,6.0865,0.046423,0.101832,0.061520,0.004000,0.000511,0.00000734
15,252,0.224196,0.000059,6.9432,0.046401,0.102063,0.054972,0.003570,0.000286,0.00000734
15,253,0.352688,0.000098,7.1847,0.046394,0.102390,0.080355,0.009942,0.000893,0.00000734
15,254,0.301623,0.000083,7.0840,0.046384,0.102530,0.086505,0.004000,0.000835,0.00000734
15,255,0.354019,0.000098,7.9251,0.046390,0.102448,0.068877,0.011041,0.000324,0.00000734
15,256,0.230799,0.000063,5.7348,0.046372,0.102514,0.056067,0.006327,0.000884,0.00000734
15,257,0.257079,0.000068,8.1958,0.046364,0.102446,0.060392,0.005288,0.000554,0.00000734
15,258,0.269370,0.000071,8.3249,0.046359,0.102338,0.059756,0.007435,0.000458,0.00000734
15,259,0.383835,0.000109,6.8401,0.046366,0.102392,0.069818,0.007366,0.001574,0.00000734
15,260,0.254744,0.000069,6.7828,0.046354,0.102576,0.052246,0.004360,0.000641,0.00000734
15,261,0.364234,0.000102,7.3193,0.046362,0.102833,0.070561,0.007795,0.001088,0.00000734
15,262,0.268965,0.000074,6.2338,0.046339,0.102926,0.066616,0.006258,0.001141,0.00000734
15,263,0.224145,0.000058,8.0993,0.046309,0.103085,0.055640,0.005651,0.000417,0.00000734
15,264,0.216306,0.000055,6.9988,0.046304,0.103065,0.054833,0.013806,0.000418,0.00000734
15,265,0.257577,0.000072,5.6589,0.046272,0.103145,0.051730,0.003321,0.000830,0.00000734
15,266,0.261628,0.000070,7.2363,0.046261,0.103101,0.086035,0.004609,0.000449,0.00000734
15,267,0.326079,0.000090,7.2618,0.046250,0.102950,0.061409,0.008723,0.000889,0.00000734
15,268,0.283558,0.000078,6.6302,0.046230,0.102977,0.071807,0.004609,0.000814,0.00000734
15,269,0.286578,0.000078,6.7384,0.046222,0.103051,0.069755,0.007615,0.000381,0.00000734
15,270,0.264025,0.000071,7.4139,0.046215,0.103002,0.054566,0.003570,0.000403,0.00000734
15,271,0.251547,0.000067,7.5922,0.046202,0.102966,0.053508,0.005898,0.000484,0.00000734
15,272,0.218216,0.000056,6.7420,0.046182,0.102965,0.068716,0.011618,0.000767,0.00000734
15,273,0.389426,0.000104,10.5669,0.046195,0.102845,0.069405,0.020430,0.001180,0.00000734
15,274,0.288710,0.000066,13.4351,0.046229,0.102991,0.144771,0.016855,0.001390,0.00000734
15,275,0.288442,0.000078,7.2351,0.046220,0.102920,0.089334,0.007435,0.000873,0.00000734
15,276,0.242341,0.000064,6.9201,0.046200,0.103000,0.070876,0.008044,0.000520,0.00000734
15,277,0.248176,0.000067,6.5830,0.046180,0.102910,0.058542,0.005039,0.000419,0.00000734
15,278,0.341204,0.000091,9.7936,0.046207,0.102790,0.076096,0.011342,0.000473,0.00000734
15,279,0.247454,0.000062,9.5258,0.046224,0.102733,0.064857,0.009762,0.000495,0.00000734
15,280,0.523811,0.000145,9.0788,0.046263,0.102870,0.081795,0.037337,0.001695,0.00000734
15,281,0.211432,0.000055,7.1363,0.046246,0.102887,0.074833,0.001424,0.000216,0.00000734
15,282,0.290282,0.000079,7.1509,0.046225,0.102815,0.068299,0.006147,0.000641,0.00000734
15,283,0.257686,0.000071,5.7183,0.046209,0.102924,0.068240,0.003570,0.000378,0.00000734
15,284,0.284187,0.000078,7.0776,0.046209,0.102849,0.071089,0.003141,0.000435,0.00000734
15,285,0.263466,0.000070,8.3717,0.046197,0.102882,0.061560,0.005648,0.000447,0.00000734
15,286,0.226059,0.000060,6.5769,0.046182,0.102825,0.059277,0.003570,0.000434,0.00000734
15,287,0.314935,0.000087,7.2456,0.046187,0.102818,0.064905,0.004609,0.000692,0.00000734
15,288,0.273778,0.000076,5.9967,0.046177,0.102781,0.064470,0.005648,0.000612,0.00000734
15,289,0.222572,0.000057,8.2073,0.046158,0.102818,0.075993,0.001424,0.000643,0.00000734
15,290,0.351856,0.000099,6.6135,0.046171,0.102743,0.069322,0.007976,0.000518,0.00000734
15,291,0.276973,0.000071,9.8636,0.046177,0.102644,0.072579,0.006507,0.000699,0.00000734
15,292,0.226855,0.000059,7.0900,0.046156,0.102800,0.072481,0.004000,0.000365,0.00000734
15,293,0.279402,0.000075,7.6866,0.046152,0.102884,0.062985,0.005717,0.000472,0.00000734
15,294,0.250697,0.000068,6.3229,0.046144,0.102730,0.072627,0.005039,0.000488,0.00000734
15,295,0.331529,0.000092,6.8953,0.046152,0.102748,0.077872,0.008044,0.000950,0.00000734
15,296,0.347672,0.000097,7.5373,0.046157,0.102848,0.064100,0.006507,0.000527,0.00000734
15,297,0.286268,0.000078,7.5661,0.046150,0.102714,0.061228,0.005651,0.001119,0.00000734
15,298,0.230187,0.000060,7.4830,0.046124,0.102548,0.071320,0.003141,0.000490,0.00000734
15,299,0.260967,0.000071,6.8239,0.046108,0.102593,0.075155,0.003570,0.000306,0.00000734
15,300,0.231029,0.000061,7.0280,0.046092,0.102517,0.071472,0.002282,0.000316,0.00000734
15,301,0.248682,0.000068,5.9366,0.046075,0.102440,0.067568,0.004000,0.000354,0.00000734
15,302,0.254401,0.000071,5.9493,0.046054,0.102383,0.052119,0.002463,0.000458,0.00000734
15,303,0.241004,0.000066,5.9193,0.046042,0.102290,0.063440,0.002282,0.000554,0.00000734
15,304,0.263361,0.000069,7.5601,0.046033,0.102319,0.093881,0.005717,0.000640,0.00000734
15,305,0.301591,0.000083,7.5904,0.046056,0.102255,0.065426,0.004429,0.000684,0.00000734
15,306,0.403109,0.000106,13.7525,0.046080,0.102128,0.094620,0.006122,0.000637,0.00000734
15,307,0.325589,0.000092,6.4527,0.046088,0.102199,0.061512,0.006507,0.000820,0.00000734
15,308,0.381904,0.000109,6.8368,0.046100,0.102235,0.066648,0.005468,0.000556,0.00000734
15,309,0.258907,0.000068,8.2074,0.046090,0.102167,0.091591,0.003141,0.000474,0.00000734
15,310,0.205693,0.000055,5.7051,0.046067,0.102076,0.064617,0.004859,0.000383,0.00000734
15,311,0.224159,0.000060,6.4319,0.046057,0.102063,0.065715,0.003141,0.000554,0.00000734
15,312,0.240918,0.000067,5.8896,0.046036,0.101988,0.047012,0.003141,0.000738,0.00000734
15,313,0.199495,0.000052,6.3987,0.046009,0.101874,0.057650,0.004000,0.000558,0.00000734
15,314,0.245895,0.000068,5.8872,0.045990,0.101965,0.054917,0.004066,0.000643,0.00000734
15,315,0.373644,0.000104,8.8334,0.045996,0.102052,0.060356,0.005717,0.001358,0.00000734
15,316,0.440409,0.000127,7.0608,0.046013,0.101952,0.066523,0.007256,0.001353,0.00000734
15,317,0.378389,0.000109,6.1770,0.046008,0.101981,0.065746,0.005717,0.001053,0.00000734
15,318,0.288739,0.000081,5.9618,0.046009,0.102095,0.061825,0.006937,0.000751,0.00000734
15,319,0.269706,0.000073,6.8852,0.046001,0.102075,0.079919,0.007117,0.000954,0.00000734
15,320,0.353701,0.000098,7.0364,0.046006,0.102226,0.064826,0.016606,0.001093,0.00000734
15,321,0.294058,0.000082,6.2469,0.045990,0.102295,0.069821,0.004790,0.000780,0.00000734
15,322,0.290920,0.000081,6.1293,0.045988,0.102255,0.065005,0.008910,0.000349,0.00000734
15,323,0.233021,0.000064,5.0556,0.045964,0.102259,0.055215,0.009667,0.000208,0.00000734
15,324,0.388256,0.000109,7.7891,0.045979,0.102165,0.068861,0.008612,0.001496,0.00000734
15,325,0.377314,0.000105,8.2705,0.045984,0.102113,0.064774,0.010912,0.001434,0.00000734
15,326,0.362211,0.000102,7.1974,0.045987,0.102185,0.067588,0.007256,0.001466,0.00000734
15,327,0.463519,0.000131,8.1542,0.046017,0.102137,0.071448,0.016494,0.001659,0.00000734
15,328,0.397734,0.000111,8.0739,0.046037,0.101993,0.081753,0.007976,0.001614,0.00000734
15,329,0.349592,0.000099,6.6688,0.046047,0.102066,0.066795,0.007366,0.001344,0.00000734
15,330,0.392379,0.000110,7.6463,0.046061,0.102167,0.064985,0.014612,0.001965,0.00000734
15,331,0.374466,0.000103,8.1517,0.046073,0.102189,0.063294,0.018081,0.002020,0.00000734
15,332,0.358766,0.000101,7.0307,0.046091,0.102148,0.066462,0.006937,0.000566,0.00000734
15,333,0.328892,0.000089,8.3328,0.046104,0.102253,0.073221,0.011411,0.000690,0.00000734
15,334,0.392223,0.000109,7.8799,0.046129,0.102317,0.074489,0.015567,0.000581,0.00000734
15,335,0.318247,0.000090,6.1798,0.046125,0.102451,0.059376,0.005717,0.001453,0.00000734
15,336,0.227346,0.000061,6.0408,0.046117,0.102427,0.056377,0.004429,0.000455,0.00000734
15,337,0.387640,0.000109,7.5863,0.046142,0.102386,0.067425,0.009083,0.000557,0.00000734
15,338,0.232311,0.000063,5.9130,0.046122,0.102383,0.055819,0.004000,0.000509,0.00000734
15,339,0.370960,0.000102,9.0530,0.046132,0.102300,0.064427,0.008474,0.000506,0.00000734
15,340,0.222693,0.000060,6.3438,0.046117,0.102385,0.048562,0.001424,0.000413,0.00000734
15,341,0.275675,0.000076,6.3734,0.046117,0.102524,0.064575,0.005717,0.000461,0.00000734
15,342,0.393660,0.000110,7.6582,0.046145,0.102490,0.073179,0.016134,0.001021,0.00000734
15,343,0.409569,0.000115,8.3059,0.046170,0.102505,0.064033,0.015345,0.001533,0.00000734
15,344,0.361333,0.000099,7.9506,0.046197,0.102509,0.078390,0.012519,0.001178,0.00000734
15,345,0.323472,0.000087,8.0877,0.046205,0.102448,0.085026,0.013018,0.000714,0.00000734
15,346,0.332670,0.000088,8.9739,0.046236,0.102345,0.092883,0.013871,0.001158,0.00000734
15,347,0.342489,0.000095,7.6171,0.046255,0.102333,0.067853,0.008474,0.000859,0.00000734
15,348,0.333317,0.000094,6.8510,0.046264,0.102369,0.063890,0.005651,0.000904,0.00000734
15,349,0.290808,0.000080,7.7881,0.046265,0.102315,0.053617,0.004000,0.000304,0.00000734
15,350,0.288947,0.000079,7.3824,0.046259,0.102239,0.063005,0.003141,0.000469,0.00000734
15,351,0.434268,0.000121,8.8274,0.046291,0.102276,0.077283,0.015594,0.000945,0.00000734
15,352,0.315358,0.000088,6.8057,0.046294,0.102294,0.063864,0.007864,0.000448,0.00000734
15,353,0.284258,0.000080,6.0279,0.046288,0.102230,0.059059,0.004859,0.000413,0.00000734
15,354,0.305019,0.000082,8.3717,0.046284,0.102104,0.093271,0.004429,0.000211,0.00000734
15,355,0.338274,0.000092,7.8478,0.046287,0.102100,0.089416,0.012269,0.000702,0.00000734
15,356,0.228261,0.000062,5.8708,0.046271,0.101986,0.053212,0.003570,0.000300,0.00000734
15,357,0.237905,0.000057,11.4858,0.046242,0.101911,0.074749,0.001424,0.000361,0.00000734
15,358,0.273494,0.000071,8.5566,0.046253,0.101885,0.097550,0.010732,0.000382,0.00000734
15,359,0.266643,0.000069,7.9226,0.046249,0.101828,0.090857,0.009513,0.000546,0.00000734
15,360,0.236183,0.000064,6.0805,0.046247,0.101732,0.060507,0.006576,0.000452,0.00000734
15,361,0.372084,0.000101,8.1048,0.046255,0.101610,0.079999,0.025728,0.000880,0.00000734
15,362,0.722417,0.000198,14.7594,0.046310,0.101556,0.139837,0.045240,0.001227,0.00000734
15,363,0.571131,0.000158,11.4653,0.046360,0.101488,0.107282,0.029675,0.002026,0.00000734
15,364,0.538668,0.000150,10.4998,0.046404,0.101501,0.089601,0.026233,0.001690,0.00000734
15,365,0.605434,0.000161,16.0025,0.046460,0.101505,0.130182,0.033101,0.002461,0.00000734
15,366,0.353271,0.000096,10.3191,0.046459,0.101447,0.060380,0.006576,0.000364,0.00000734
15,367,0.393926,0.000112,7.3908,0.046460,0.101578,0.078304,0.003141,0.001096,0.00000734
15,368,0.263426,0.000071,7.8422,0.046443,0.101458,0.046478,0.004000,0.000540,0.00000734
15,369,0.321832,0.000089,6.7646,0.046442,0.101427,0.082601,0.006078,0.000954,0.00000734
15,370,0.290872,0.000080,6.8609,0.046427,0.101602,0.061875,0.006327,0.001073,0.00000734
15,371,0.344424,0.000097,6.2498,0.046423,0.101707,0.064667,0.009942,0.001066,0.00000734
15,372,0.232706,0.000062,6.6008,0.046410,0.101811,0.069256,0.005288,0.000777,0.00000734
15,373,0.279807,0.000074,7.9490,0.046406,0.101869,0.099799,0.007546,0.000648,0.00000734
15,374,0.217434,0.000057,7.3832,0.046382,0.102017,0.046483,0.005546,0.000386,0.00000734
15,375,0.242668,0.000064,7.4334,0.046385,0.102108,0.055094,0.006937,0.000381,0.00000734
15,376,0.281243,0.000076,7.1069,0.046380,0.102105,0.077132,0.007005,0.000564,0.00000734
15,377,0.273030,0.000076,5.7999,0.046366,0.102153,0.056049,0.007005,0.000478,0.00000734
15,378,0.311186,0.000087,6.7946,0.046367,0.102164,0.061991,0.006576,0.000516,0.00000734
15,379,0.237094,0.000062,6.8851,0.046358,0.102081,0.061096,0.010011,0.000389,0.00000734
15,380,0.217031,0.000059,5.2196,0.046341,0.102027,0.051301,0.005648,0.000564,0.00000734
15,381,0.264306,0.000073,6.0172,0.046335,0.101953,0.057698,0.004859,0.001332,0.00000734
15,382,0.224106,0.000061,5.7787,0.046313,0.101894,0.061171,0.004066,0.000369,0.00000734
15,383,0.336495,0.000094,7.4650,0.046313,0.101997,0.053998,0.007795,0.000903,0.00000734
15,384,0.260737,0.000070,7.4251,0.046309,0.101893,0.054023,0.006576,0.000815,0.00000734
15,385,0.268454,0.000073,6.9298,0.046309,0.101794,0.074516,0.004859,0.000771,0.00000734
15,386,0.275146,0.000077,5.6181,0.046296,0.101863,0.072202,0.005288,0.000605,0.00000734
15,387,0.314378,0.000088,6.1589,0.046280,0.101936,0.060311,0.007005,0.001331,0.00000734
15,388,0.353752,0.000100,6.5872,0.046274,0.101908,0.062953,0.006756,0.001533,0.00000734
15,389,0.284489,0.000078,6.3469,0.046273,0.101904,0.068142,0.008474,0.000761,0.00000734
15,390,0.262223,0.000072,6.1579,0.046263,0.101845,0.068636,0.006327,0.000593,0.00000734
15,391,0.248256,0.000067,6.6018,0.046243,0.101886,0.084266,0.004748,0.000329,0.00000734
16,1,0.297394,0.000107,11.4449,0.051731,0.052149,0.076154,0.013836,0.001907,0.00010000
16,2,0.287207,0.000110,9.1351,0.055538,0.083878,0.089370,0.013557,0.001700,0.00010000
16,3,0.297190,0.000099,12.0750,0.060542,0.095326,0.087090,0.015525,0.001379,0.00010000
16,4,0.298681,0.000110,9.9422,0.059646,0.098775,0.110196,0.010690,0.001503,0.00010000
16,5,0.306433,0.000094,13.4598,0.064210,0.106991,0.113576,0.006937,0.001342,0.00010000
16,6,0.296954,0.000119,8.9844,0.062897,0.111304,0.075538,0.016454,0.001667,0.00010000
16,7,0.416868,0.000104,20.3580,0.070068,0.108333,0.207398,0.013643,0.001959,0.00010000
16,8,0.322005,0.000103,13.6476,0.072762,0.110963,0.124802,0.010715,0.001892,0.00010000
16,9,0.305905,0.000099,12.7957,0.071383,0.108081,0.109776,0.010372,0.001404,0.00010000
16,10,0.307347,0.000132,8.3205,0.069340,0.110516,0.067727,0.014279,0.001646,0.00010000
16,11,0.330276,0.000101,14.0826,0.071724,0.109585,0.136215,0.018641,0.001748,0.00010000
16,12,0.315863,0.000104,12.4188,0.073345,0.108662,0.126868,0.012201,0.001853,0.00010000
16,13,0.336061,0.000107,14.0341,0.072714,0.113601,0.143033,0.004859,0.001484,0.00010000
16,14,0.284635,0.000111,8.8587,0.071619,0.115016,0.091389,0.009942,0.001953,0.00010000
16,15,0.381579,0.000122,16.4626,0.071715,0.114369,0.129443,0.015058,0.001868,0.00010000
16,16,0.262505,0.000097,9.6931,0.070907,0.113142,0.072507,0.007546,0.001828,0.00010000
16,17,0.360247,0.000081,20.0620,0.071095,0.110993,0.192454,0.011618,0.001811,0.00010000
16,18,0.296422,0.000091,12.4731,0.070158,0.110677,0.135060,0.010122,0.001501,0.00010000
16,19,0.286080,0.000099,11.4050,0.069875,0.111474,0.080867,0.011660,0.001082,0.00010000
16,20,0.269043,0.000100,8.7343,0.069419,0.112283,0.084380,0.020787,0.001332,0.00010000
16,21,0.262399,0.000100,8.2569,0.069090,0.113990,0.085732,0.015567,0.001239,0.00010000
16,22,0.242301,0.000098,6.9500,0.068252,0.115918,0.067931,0.014268,0.001143,0.00010000
16,23,0.283962,0.000090,12.1575,0.068366,0.116844,0.094555,0.011417,0.001411,0.00010000
16,24,0.263514,0.000096,9.2196,0.067624,0.117416,0.091808,0.007976,0.001893,0.00010000
16,25,0.268717,0.000082,12.0805,0.067418,0.116784,0.092423,0.006708,0.001215,0.00010000
16,26,0.239370,0.000080,9.4306,0.067169,0.114478,0.090379,0.010372,0.001125,0.00010000
16,27,0.277824,0.000075,13.8308,0.067452,0.112404,0.127901,0.007864,0.000819,0.00010000
16,28,0.210533,0.000068,8.8226,0.066909,0.112975,0.070372,0.010054,0.000582,0.00010000
16,29,0.269099,0.000111,7.6151,0.066471,0.113535,0.072668,0.012448,0.001611,0.00010000
16,30,0.296569,0.000075,15.4931,0.067359,0.113789,0.125848,0.007117,0.001173,0.00010000
16,31,0.213057,0.000067,8.9330,0.067042,0.113533,0.085593,0.008474,0.000980,0.00010000
16,32,0.259108,0.000071,12.2571,0.067439,0.113827,0.121844,0.010191,0.001034,0.00010000
16,33,0.230710,0.000077,9.5195,0.067372,0.112910,0.076142,0.008044,0.000988,0.00010000
16,34,0.262219,0.000062,14.1968,0.067503,0.112643,0.112422,0.005546,0.000681,0.00010000
16,35,0.252642,0.000098,7.8147,0.067164,0.112628,0.081448,0.009083,0.001608,0.00010000
16,36,0.246867,0.000096,7.9554,0.066867,0.112773,0.072449,0.010414,0.001494,0.00010000
16,37,0.274152,0.000098,10.5975,0.066635,0.113245,0.074792,0.010261,0.001446,0.00010000
16,38,0.279306,0.000095,10.4557,0.066224,0.113317,0.114661,0.005468,0.001441,0.00010000
16,39,0.262775,0.000095,9.6386,0.065976,0.112871,0.082913,0.009513,0.001421,0.00010000
16,40,0.252276,0.000094,8.4052,0.065806,0.111499,0.086067,0.009083,0.001298,0.00010000
16,41,0.294731,0.000099,12.3756,0.065430,0.111758,0.086555,0.012089,0.001873,0.00010000
16,42,0.264233,0.000104,8.0652,0.064964,0.111851,0.089306,0.005123,0.001710,0.00010000
16,43,0.292024,0.000103,11.1216,0.064911,0.111298,0.089761,0.006078,0.000708,0.00010000
16,44,0.261101,0.000090,9.8060,0.065058,0.110258,0.098970,0.011660,0.000490,0.00010000
16,45,0.182001,0.000065,6.9208,0.064584,0.109822,0.056627,0.004000,0.000606,0.00010000
16,46,0.305683,0.000078,15.0312,0.064741,0.109976,0.161240,0.005288,0.000856,0.00010000
16,47,0.241996,0.000070,10.4032,0.064675,0.110225,0.118366,0.007795,0.000723,0.00010000
16,48,0.253390,0.000097,9.2336,0.064438,0.110615,0.065059,0.005468,0.000512,0.00010000
16,49,0.263956,0.000094,9.5187,0.064639,0.110286,0.085095,0.014964,0.001840,0.00010000
16,50,0.226042,0.000078,8.2869,0.064451,0.110120,0.094544,0.004000,0.001484,0.00010000
16,51,0.225619,0.000070,10.3860,0.064356,0.109250,0.075716,0.005546,0.000319,0.00010000
16,52,0.281507,0.000097,10.9397,0.064280,0.109207,0.098884,0.006507,0.001394,0.00010000
16,53,0.233376,0.000088,7.9101,0.064027,0.109180,0.069924,0.008723,0.001383,0.00010000
16,54,0.260600,0.000083,10.4817,0.064005,0.109780,0.111973,0.007435,0.001166,0.00010000
16,55,0.214084,0.000080,7.2496,0.063644,0.109225,0.068514,0.008585,0.001018,0.00010000
16,56,0.312498,0.000096,14.2080,0.063701,0.109566,0.106799,0.010011,0.001584,0.00010000
16,57,0.279676,0.000090,11.2340,0.063556,0.110394,0.109557,0.012769,0.001630,0.00010000
16,58,0.272937,0.000096,10.2111,0.063742,0.110679,0.097477,0.007228,0.001717,0.00010000
16,59,0.266418,0.000098,9.8335,0.063608,0.110107,0.076488,0.006266,0.001580,0.00010000
16,60,0.211713,0.000065,8.7041,0.063517,0.109565,0.096958,0.009653,0.000599,0.00010000
16,61,0.184844,0.000066,6.3554,0.063207,0.109121,0.067937,0.009582,0.000513,0.00010000
16,62,0.202631,0.000065,8.2224,0.063079,0.108299,0.069572,0.015704,0.000598,0.00010000
16,63,0.187279,0.000063,6.7613,0.062853,0.108198,0.077750,0.011093,0.000780,0.00010000
16,64,0.282119,0.000102,10.9594,0.062743,0.107882,0.071558,0.011522,0.001333,0.00010000
16,65,0.250191,0.000096,8.1243,0.062538,0.108628,0.072055,0.013059,0.001065,0.00010000
16,66,0.305850,0.000086,14.6888,0.063038,0.109097,0.137997,0.012132,0.001111,0.00010000
16,67,0.254531,0.000068,11.4521,0.062975,0.109040,0.133027,0.014957,0.000712,0.00010000
16,68,0.199437,0.000057,9.9679,0.062757,0.108825,0.071277,0.004748,0.000567,0.00010000
16,69,0.301073,0.000085,13.8540,0.062896,0.108963,0.134135,0.009332,0.000704,0.00010000
16,70,0.228191,0.000076,8.3385,0.062749,0.108616,0.098604,0.012020,0.000559,0.00010000
16,71,0.245516,0.000062,13.7452,0.062534,0.108268,0.094368,0.004000,0.000650,0.00010000
16,72,0.229817,0.000088,7.3074,0.062348,0.108476,0.080723,0.005288,0.000351,0.00010000
16,73,0.267783,0.000090,10.8040,0.062481,0.107957,0.087076,0.008723,0.000386,0.00010000
16,74,0.200530,0.000075,6.7726,0.062215,0.107681,0.072974,0.003141,0.000722,0.00010000
16,75,0.296641,0.000093,12.7731,0.062413,0.108137,0.105675,0.007615,0.001009,0.00010000
16,76,0.180918,0.000064,7.1019,0.062208,0.107938,0.058988,0.003009,0.000808,0.00010000
16,77,0.316473,0.000119,10.6803,0.062175,0.107863,0.100980,0.012810,0.000523,0.00010000
16,78,0.338569,0.000107,14.3428,0.062551,0.107917,0.137038,0.013738,0.000791,0.00010000
16,79,0.334621,0.000120,12.0946,0.062622,0.108061,0.121584,0.008405,0.000629,0.00010000
16,80,0.393212,0.000136,15.2021,0.063105,0.108024,0.129417,0.018254,0.001166,0.00010000
16,81,0.283882,0.000097,11.6505,0.063208,0.107509,0.084562,0.006576,0.001038,0.00010000
16,82,0.239504,0.000079,9.7278,0.063312,0.107317,0.093117,0.005717,0.000502,0.00010000
16,83,0.238507,0.000071,10.3479,0.063217,0.106873,0.111069,0.005468,0.000726,0.00010000
16,84,0.252226,0.000084,11.0544,0.063017,0.107062,0.072476,0.005468,0.000634,0.00010000
16,85,0.200553,0.000062,8.7879,0.062830,0.106449,0.079498,0.004172,0.000697,0.00010000
16,86,0.308344,0.000114,10.7525,0.062980,0.106108,0.097626,0.012519,0.001315,0.00010000
16,87,0.349426,0.000108,14.1372,0.062813,0.105770,0.159155,0.012020,0.000807,0.00010000
16,88,0.318392,0.000108,13.5024,0.062713,0.105678,0.093254,0.007005,0.001405,0.00010000
16,89,0.283308,0.000106,9.8564,0.062852,0.105050,0.088433,0.013086,0.001156,0.00010000
16,90,0.203119,0.000078,6.6473,0.062631,0.104581,0.060918,0.008903,0.000742,0.00010000
16,91,0.345242,0.000089,18.5362,0.063107,0.104148,0.156581,0.011411,0.001497,0.00010000
16,92,0.356637,0.000094,18.1407,0.063452,0.103882,0.167757,0.013849,0.001265,0.00010000
16,93,0.248563,0.000072,11.2259,0.063545,0.103942,0.107377,0.010629,0.000870,0.00010000
16,94,0.273938,0.000065,14.5814,0.063944,0.104058,0.141055,0.004000,0.000602,0.00010000
16,95,0.310596,0.000066,18.0241,0.064092,0.103762,0.134740,0.004859,0.000686,0.00010000
16,96,0.295846,0.000096,13.0528,0.064021,0.103847,0.089859,0.007435,0.001010,0.00010000
16,97,0.272333,0.000101,9.1770,0.063948,0.104095,0.092777,0.007727,0.000722,0.00010000
16,98,0.208621,0.000070,9.0011,0.063835,0.104187,0.064331,0.003751,0.000313,0.00010000
16,99,0.272854,0.000068,13.7412,0.063899,0.104273,0.138200,0.004859,0.000484,0.00010000
16,100,0.188427,0.000058,7.7440,0.063784,0.103934,0.086806,0.005898,0.000477,0.00010000
16,101,0.262816,0.000064,14.4137,0.063685,0.103647,0.112369,0.007005,0.000492,0.00010000
16,102,0.206560,0.000054,10.6548,0.063652,0.103913,0.074603,0.010244,0.000460,0.00010000
16,103,0.215870,0.000072,7.9630,0.063562,0.104279,0.089899,0.012381,0.000352,0.00010000
16,104,0.299739,0.000115,10.0655,0.063618,0.104596,0.087503,0.009762,0.000754,0.00010000
16,105,0.217530,0.000085,6.5570,0.063462,0.104407,0.066666,0.014056,0.001134,0.00010000
16,106,0.299377,0.000084,14.5670,0.063529,0.104240,0.111318,0.007435,0.000913,0.00010000
16,107,0.200802,0.000073,7.3601,0.063347,0.104407,0.060970,0.009332,0.000605,0.00010000
16,108,0.403185,0.000103,20.0143,0.063481,0.104576,0.202029,0.008723,0.001071,0.00010000
16,109,0.289959,0.000071,15.2383,0.063373,0.104356,0.155446,0.006576,0.000484,0.00010000
16,110,0.296034,0.000106,10.4645,0.063513,0.104826,0.097093,0.015523,0.000782,0.00010000
16,111,0.196901,0.000064,8.2566,0.063396,0.104468,0.060933,0.008654,0.000813,0.00010000
16,112,0.214190,0.000069,8.2953,0.063253,0.104417,0.099740,0.008903,0.000805,0.00010000
16,113,0.230369,0.000064,12.0864,0.063176,0.104561,0.077770,0.004000,0.000530,0.00010000
16,114,0.162487,0.000056,5.9388,0.062993,0.104448,0.064847,0.005288,0.000453,0.00010000
16,115,0.220540,0.000054,11.6733,0.063060,0.104618,0.092493,0.007864,0.000420,0.00010000
16,116,0.228969,0.000087,7.6638,0.062909,0.104172,0.061856,0.013128,0.000908,0.00010000
16,117,0.249703,0.000088,8.9480,0.062907,0.104163,0.104713,0.004429,0.000924,0.00010000
16,118,0.229032,0.000076,8.7422,0.062771,0.103918,0.107746,0.004429,0.001497,0.00010000
16,119,0.278281,0.000063,16.6018,0.062745,0.103741,0.114432,0.006919,0.000487,0.00010000
16,120,0.259489,0.000072,13.5952,0.062799,0.103793,0.096423,0.005039,0.000911,0.00010000
16,121,0.284523,0.000073,13.3361,0.062719,0.103639,0.142704,0.021260,0.000784,0.00010000
16,122,0.276650,0.000088,10.2649,0.062855,0.103787,0.093873,0.042524,0.000830,0.00010000
16,123,0.222978,0.000071,9.0146,0.062789,0.103557,0.099308,0.005288,0.000480,0.00010000
16,124,0.227271,0.000059,11.8587,0.062909,0.103757,0.090331,0.007795,0.000525,0.00010000
16,125,0.218222,0.000063,10.3947,0.062926,0.103666,0.084911,0.005898,0.000426,0.00010000
16,126,0.198296,0.000057,9.3009,0.062954,0.103213,0.090570,0.003751,0.000417,0.00010000
16,127,0.198544,0.000069,7.1289,0.062821,0.103144,0.080216,0.007458,0.000579,0.00010000
16,128,0.355970,0.000067,23.2452,0.062771,0.103124,0.169716,0.005717,0.000575,0.00010000
16,129,0.249525,0.000080,11.1049,0.062712,0.103058,0.076982,0.004429,0.000836,0.00010000
16,130,0.261244,0.000062,13.7061,0.062723,0.103256,0.144208,0.004429,0.000525,0.00010000
16,131,0.188746,0.000063,7.6178,0.062675,0.102952,0.066844,0.006147,0.000991,0.00010000
16,132,0.253979,0.000070,11.6294,0.062675,0.102984,0.126740,0.005898,0.000508,0.00010000
16,133,0.223838,0.000081,8.6281,0.062569,0.103160,0.059094,0.007186,0.000524,0.00010000
16,134,0.190241,0.000057,8.2306,0.062542,0.103079,0.083474,0.005898,0.000479,0.00010000
16,135,0.284925,0.000108,9.0687,0.062526,0.103064,0.097438,0.012518,0.000589,0.00010000
16,136,0.312755,0.000097,13.9547,0.062505,0.103030,0.105769,0.009667,0.000504,0.00010000
16,137,0.228315,0.000070,10.4029,0.062457,0.102820,0.076384,0.006756,0.000761,0.00010000
16,138,0.168362,0.000051,7.1851,0.062322,0.102973,0.081647,0.002282,0.000332,0.00010000
16,139,0.212500,0.000057,10.6912,0.062360,0.102859,0.085526,0.003570,0.000415,0.00010000
16,140,0.207240,0.000070,7.8482,0.062294,0.102657,0.087600,0.005648,0.000517,0.00010000
16,141,0.222850,0.000064,10.8752,0.062219,0.102797,0.078549,0.004609,0.000762,0.00010000
16,142,0.173632,0.000059,7.0452,0.062108,0.102963,0.058088,0.005468,0.000418,0.00010000
16,143,0.230984,0.000070,9.8758,0.062083,0.102630,0.107935,0.006756,0.000981,0.00010000
16,144,0.239710,0.000069,11.7572,0.062059,0.102847,0.082627,0.003009,0.000628,0.00010000
16,145,0.192415,0.000073,6.6713,0.061942,0.102994,0.064405,0.004000,0.000350,0.00010000
16,146,0.198713,0.000065,8.1550,0.061858,0.102771,0.070975,0.005288,0.000491,0.00010000
16,147,0.241222,0.000087,8.4464,0.061829,0.103079,0.087193,0.008544,0.000667,0.00010000
16,148,0.178357,0.000058,7.3073,0.061721,0.103151,0.064942,0.006937,0.000259,0.00010000
16,149,0.216626,0.000066,9.2089,0.061698,0.103351,0.095126,0.004429,0.000552,0.00010000
16,150,0.205639,0.000082,6.4388,0.061549,0.103283,0.053969,0.009083,0.000663,0.00010000
16,151,0.238649,0.000060,12.0820,0.061495,0.103244,0.118993,0.007005,0.000369,0.00010000
16,152,0.217776,0.000080,7.3424,0.061408,0.103088,0.074686,0.011661,0.000470,0.00010000
16,153,0.222025,0.000059,11.5879,0.061400,0.103033,0.082337,0.005546,0.000336,0.00010000
16,154,0.291460,0.000087,12.8896,0.061411,0.102911,0.131076,0.005898,0.002311,0.00010000
16,155,0.286722,0.000092,12.0984,0.061609,0.102919,0.107467,0.010801,0.002307,0.00010000
16,156,0.245775,0.000091,8.4810,0.061583,0.103011,0.070846,0.014236,0.002522,0.00010000
16,157,0.286272,0.000090,11.4804,0.061629,0.102826,0.125155,0.013600,0.002218,0.00010000
16,158,0.241588,0.000071,11.3130,0.061843,0.102720,0.103445,0.007864,0.001673,0.00010000
16,159,0.352026,0.000068,21.9379,0.062029,0.102682,0.167190,0.011660,0.001606,0.00010000
16,160,0.326952,0.000078,18.9925,0.062113,0.102818,0.133712,0.014306,0.001653,0.00010000
16,161,0.300140,0.000074,16.2322,0.062459,0.102638,0.137225,0.005873,0.001721,0.00010000
16,162,0.236872,0.000073,10.2685,0.062484,0.102519,0.102076,0.005717,0.001068,0.00010000
16,163,0.234554,0.000080,8.8463,0.062454,0.102353,0.091825,0.007615,0.000774,0.00010000
16,164,0.316229,0.000088,16.4265,0.062617,0.102060,0.118308,0.012518,0.001158,0.00010000
16,165,0.262638,0.000090,10.6228,0.062658,0.101955,0.079616,0.009332,0.001085,0.00010000
16,166,0.299406,0.000087,13.7478,0.062609,0.101938,0.139915,0.004000,0.001533,0.00010000
16,167,0.269332,0.000111,7.7181,0.062569,0.101985,0.076879,0.008044,0.002171,0.00010000
16,168,0.245893,0.000080,10.4319,0.062631,0.102091,0.095939,0.002712,0.001487,0.00010000
16,169,0.230123,0.000090,7.8775,0.062527,0.102142,0.058886,0.005219,0.001814,0.00010000
16,170,0.223616,0.000053,11.2397,0.062497,0.101886,0.119684,0.013789,0.000778,0.00010000
16,171,0.231089,0.000092,7.2325,0.062398,0.101801,0.061863,0.007795,0.000836,0.00010000
16,172,0.313353,0.000072,16.0575,0.062371,0.101941,0.169343,0.012089,0.000328,0.00010000
16,173,0.205801,0.000072,7.4861,0.062279,0.101911,0.080349,0.004429,0.000687,0.00010000
16,174,0.241346,0.000076,11.0783,0.062263,0.101926,0.073901,0.005468,0.000858,0.00010000
16,175,0.240778,0.000080,10.5581,0.062200,0.101858,0.066397,0.007366,0.001030,0.00010000
16,176,0.258536,0.000073,11.2040,0.062219,0.101646,0.135244,0.007005,0.000419,0.00010000
16,177,0.219917,0.000062,9.8333,0.062155,0.101515,0.122370,0.003570,0.000524,0.00010000
16,178,0.192223,0.000059,9.1481,0.062038,0.101596,0.055504,0.005651,0.000324,0.00010000
16,179,0.189817,0.000067,6.7412,0.061901,0.101598,0.068872,0.009152,0.000744,0.00010000
16,180,0.339054,0.000093,16.4073,0.062012,0.101629,0.136195,0.007186,0.000862,0.00010000
16,181,0.249488,0.000086,10.1255,0.061963,0.101885,0.080048,0.007477,0.000592,0.00010000
16,182,0.424430,0.000105,21.9033,0.062134,0.102009,0.207536,0.008044,0.000713,0.00010000
16,183,0.243646,0.000057,12.3342,0.062111,0.101906,0.123928,0.014236,0.000439,0.00010000
16,184,0.249767,0.000075,11.3338,0.062227,0.101776,0.101391,0.005717,0.000609,0.00010000
16,185,0.205638,0.000071,8.5954,0.062143,0.101965,0.061635,0.003141,0.000546,0.00010000
16,186,0.294199,0.000060,16.5787,0.062201,0.101976,0.164953,0.003570,0.000295,0.00010000
16,187,0.157995,0.000052,6.6837,0.062138,0.101762,0.056869,0.005546,0.000183,0.00010000
16,188,0.252736,0.000070,13.1111,0.062288,0.101649,0.106861,0.004000,0.000455,0.00010000
16,189,0.229519,0.000062,10.6508,0.062268,0.101353,0.120659,0.003570,0.000311,0.00010000
16,190,0.249100,0.000072,12.1726,0.062225,0.101626,0.084632,0.004429,0.000536,0.00010000
16,191,0.216834,0.000070,8.6293,0.062179,0.101457,0.089953,0.007864,0.000386,0.00010000
16,192,0.253213,0.000087,9.9221,0.062201,0.101452,0.079383,0.007435,0.000970,0.00010000
16,193,0.181040,0.000059,6.8231,0.062100,0.101145,0.076875,0.011728,0.000560,0.00010000
16,194,0.253243,0.000067,12.7509,0.062060,0.101110,0.101773,0.004859,0.000629,0.00010000
16,195,0.187763,0.000068,6.7019,0.061998,0.100968,0.069013,0.004594,0.000236,0.00010000
16,196,0.275042,0.000073,14.3441,0.061994,0.101122,0.101389,0.003141,0.000861,0.00010000
16,197,0.183574,0.000063,6.9597,0.061916,0.101010,0.068955,0.006147,0.000411,0.00010000
16,198,0.232503,0.000064,11.4682,0.061974,0.100951,0.098744,0.005717,0.000420,0.00010000
16,199,0.210348,0.000082,6.8432,0.061898,0.100861,0.060437,0.007005,0.000902,0.00010000
16,200,0.271077,0.000062,14.8521,0.061849,0.100806,0.156815,0.002282,0.000632,0.00010000
16,201,0.207628,0.000058,9.6504,0.061855,0.100826,0.092461,0.006147,0.000431,0.00010000
16,202,0.201472,0.000059,9.5830,0.061856,0.100907,0.078635,0.006756,0.000393,0.00010000
16,203,0.215669,0.000082,7.0334,0.061803,0.100895,0.070675,0.009332,0.000651,0.00010000
16,204,0.217816,0.000059,11.4377,0.061770,0.100785,0.075629,0.004172,0.000447,0.00010000
16,205,0.256200,0.000089,9.4220,0.061761,0.100790,0.085668,0.017533,0.000698,0.00010000
16,206,0.202723,0.000071,7.6923,0.061683,0.100756,0.066880,0.006327,0.001506,0.00010000
16,207,0.230871,0.000071,9.6751,0.061713,0.100796,0.092790,0.011591,0.001809,0.00010000
16,208,0.233733,0.000069,10.2230,0.061705,0.100850,0.096182,0.013128,0.000923,0.00010000
16,209,0.247087,0.000071,12.0040,0.061770,0.100772,0.086633,0.007546,0.000662,0.00010000
16,210,0.219417,0.000060,10.1511,0.061729,0.100651,0.116788,0.002712,0.000934,0.00010000
16,211,0.311635,0.000103,13.3780,0.061734,0.100714,0.093768,0.012699,0.001497,0.00010000
16,212,0.210942,0.000069,8.1664,0.061710,0.100515,0.086511,0.009488,0.000845,0.00010000
16,213,0.204668,0.000071,8.0168,0.061643,0.100247,0.059472,0.009152,0.000841,0.00010000
16,214,0.261560,0.000077,11.9122,0.061608,0.100318,0.107025,0.008044,0.001080,0.00010000
16,215,0.218391,0.000070,9.7584,0.061567,0.100240,0.067895,0.004859,0.001096,0.00010000
16,216,0.233185,0.000065,10.9847,0.061497,0.100235,0.109960,0.003570,0.000537,0.00010000
16,217,0.300581,0.000102,12.5155,0.061513,0.100201,0.085506,0.008723,0.000718,0.00010000
16,218,0.335234,0.000124,11.3255,0.061546,0.100482,0.108409,0.017714,0.000973,0.00010000
16,219,0.230741,0.000063,10.7150,0.061521,0.100635,0.103301,0.014596,0.001329,0.00010000
16,220,0.233420,0.000052,12.5441,0.061687,0.100854,0.119763,0.006576,0.000956,0.00010000
16,221,0.266115,0.000068,12.6862,0.061687,0.100772,0.131716,0.008293,0.000738,0.00010000
16,222,0.357938,0.000091,18.7157,0.061752,0.100823,0.144832,0.011660,0.001111,0.00010000
16,223,0.247146,0.000077,10.7311,0.061794,0.100902,0.091931,0.010552,0.000603,0.00010000
16,224,0.279250,0.000096,10.3127,0.061828,0.100880,0.114505,0.006327,0.001238,0.00010000
16,225,0.214700,0.000060,9.5386,0.061798,0.100675,0.111577,0.004429,0.000509,0.00010000
16,226,0.276493,0.000085,13.3615,0.061788,0.100549,0.088649,0.005039,0.001043,0.00010000
16,227,0.260088,0.000085,11.3775,0.061776,0.100686,0.078404,0.008903,0.000468,0.00010000
16,228,0.246063,0.000081,9.8412,0.061744,0.100610,0.105783,0.002892,0.000741,0.00010000
16,229,0.268963,0.000103,8.9175,0.061762,0.100557,0.092203,0.004816,0.000373,0.00010000
16,230,0.199611,0.000063,9.0932,0.061688,0.100614,0.064905,0.006576,0.000483,0.00010000
16,231,0.232448,0.000064,10.7719,0.061771,0.100535,0.097504,0.012338,0.000737,0.00010000
16,232,0.214203,0.000064,9.3296,0.061723,0.100419,0.101659,0.004796,0.000587,0.00010000
16,233,0.249515,0.000061,13.4753,0.061777,0.100449,0.102099,0.001853,0.000724,0.00010000
16,234,0.193158,0.000065,8.0993,0.061724,0.100485,0.063887,0.002712,0.000870,0.00010000
16,235,0.253725,0.000058,13.1379,0.061760,0.100497,0.141589,0.004000,0.000442,0.00010000
16,236,0.328204,0.000102,13.7936,0.061732,0.100294,0.139844,0.015953,0.000727,0.00010000
16,237,0.379017,0.000085,21.7194,0.061844,0.100234,0.170125,0.006078,0.001242,0.00010000
16,238,0.187062,0.000057,7.9529,0.061798,0.100272,0.082423,0.002798,0.000483,0.00010000
16,239,0.212508,0.000068,9.3925,0.061800,0.100444,0.076355,0.003570,0.000646,0.00010000
16,240,0.266591,0.000090,10.1627,0.061832,0.100571,0.106867,0.006756,0.000911,0.00010000
16,241,0.203069,0.000065,8.5092,0.061813,0.100572,0.073964,0.008903,0.000702,0.00010000
16,242,0.233691,0.000060,11.3869,0.061759,0.100579,0.122270,0.006756,0.000655,0.00010000
16,243,0.183082,0.000055,8.9081,0.061669,0.100780,0.058821,0.001853,0.000482,0.00010000
16,244,0.199825,0.000070,7.4039,0.061607,0.100708,0.071589,0.007615,0.000788,0.00010000
16,245,0.329888,0.000073,17.3658,0.061706,0.100688,0.181751,0.006147,0.000501,0.00010000
16,246,0.251510,0.000071,11.3964,0.061703,0.100663,0.125638,0.004066,0.001166,0.00010000
16,247,0.240611,0.000068,11.4654,0.061734,0.100807,0.095900,0.006078,0.001259,0.00010000
16,248,0.240481,0.000074,10.6137,0.061689,0.101014,0.087661,0.009693,0.000541,0.00010000
16,249,0.313911,0.000069,16.7416,0.061715,0.101093,0.176828,0.003570,0.000320,0.00010000
16,250,0.291708,0.000074,14.3464,0.061722,0.101076,0.152630,0.004859,0.000450,0.00010000
16,251,0.248000,0.000060,13.7053,0.061749,0.101116,0.100116,0.005288,0.000446,0.00010000
16,252,0.218117,0.000060,11.5900,0.061679,0.101241,0.075924,0.003570,0.000368,0.00010000
16,253,0.344010,0.000101,15.2995,0.061678,0.101075,0.157490,0.008903,0.000861,0.00010000
16,254,0.286560,0.000081,13.5083,0.061637,0.101081,0.143501,0.005717,0.000907,0.00010000
16,255,0.277252,0.000085,12.9769,0.061632,0.101080,0.092087,0.006919,0.000342,0.00010000
16,256,0.188783,0.000065,7.3689,0.061580,0.101056,0.060559,0.008293,0.000916,0.00010000
16,257,0.209443,0.000071,7.9887,0.061541,0.101163,0.083643,0.004429,0.000565,0.00010000
16,258,0.199039,0.000068,8.2291,0.061467,0.100960,0.058436,0.006576,0.000398,0.00010000
16,259,0.356892,0.000109,15.4846,0.061453,0.100919,0.153922,0.009444,0.001547,0.00010000
16,260,0.196091,0.000069,7.2129,0.061415,0.100970,0.071104,0.005288,0.000794,0.00010000
16,261,0.262547,0.000101,9.1136,0.061404,0.101151,0.071630,0.004609,0.000785,0.00010000
16,262,0.233159,0.000076,9.3870,0.061332,0.101044,0.100501,0.005717,0.001067,0.00010000
16,263,0.229909,0.000059,12.2464,0.061318,0.101035,0.091805,0.003537,0.000355,0.00010000
16,264,0.176876,0.000056,7.5190,0.061269,0.100891,0.056137,0.011728,0.000457,0.00010000
16,265,0.362695,0.000077,19.7999,0.061335,0.100963,0.208056,0.004000,0.000850,0.00010000
16,266,0.346462,0.000070,19.6743,0.061340,0.100773,0.203688,0.005039,0.000603,0.00010000
16,267,0.278897,0.000092,11.8277,0.061399,0.100763,0.093391,0.006507,0.000931,0.00010000
16,268,0.212378,0.000083,6.6707,0.061338,0.100928,0.068305,0.004180,0.000796,0.00010000
16,269,0.273154,0.000080,12.9096,0.061395,0.101026,0.101140,0.005468,0.000584,0.00010000
16,270,0.282880,0.000081,13.6760,0.061406,0.100867,0.107264,0.004000,0.000448,0.00010000
16,271,0.235762,0.000082,8.4458,0.061385,0.100946,0.095215,0.006507,0.000513,0.00010000
16,272,0.212498,0.000061,9.9437,0.061398,0.100878,0.087963,0.005546,0.000596,0.00010000
16,273,0.299753,0.000102,11.7405,0.061394,0.100729,0.080287,0.024054,0.001384,0.00010000
16,274,0.350552,0.000071,19.1212,0.061457,0.100745,0.194337,0.031496,0.001127,0.00010000
16,275,0.240846,0.000083,9.1403,0.061463,0.100730,0.102583,0.004000,0.000815,0.00010000
16,276,0.218539,0.000064,10.9809,0.061408,0.100632,0.066274,0.005898,0.000465,0.00010000
16,277,0.218770,0.000065,9.4803,0.061408,0.100518,0.101780,0.006756,0.000381,0.00010000
16,278,0.259243,0.000088,10.3394,0.061407,0.100436,0.082471,0.014777,0.000561,0.00010000
16,279,0.207367,0.000064,8.4633,0.061374,0.100449,0.092886,0.009942,0.000527,0.00010000
16,280,0.350611,0.000139,9.9306,0.061383,0.100469,0.093992,0.034875,0.001895,0.00010000
16,281,0.188605,0.000065,7.8290,0.061324,0.100406,0.053365,0.004000,0.000332,0.00010000
16,282,0.218929,0.000083,7.4828,0.061272,0.100479,0.059209,0.009762,0.000734,0.00010000
16,283,0.301676,0.000067,16.4157,0.061235,0.100335,0.181324,0.005288,0.000407,0.00010000
16,284,0.246452,0.000081,9.1733,0.061194,0.100256,0.115616,0.005717,0.000550,0.00010000
16,285,0.222250,0.000071,9.7890,0.061131,0.100212,0.076064,0.004000,0.000502,0.00010000
16,286,0.234438,0.000061,12.2221,0.061176,0.100128,0.113252,0.003570,0.000421,0.00010000
16,287,0.300621,0.000091,13.8145,0.061166,0.100223,0.095258,0.007615,0.000733,0.00010000
16,288,0.231904,0.000079,8.7729,0.061189,0.100336,0.090360,0.009332,0.000659,0.00010000
16,289,0.237735,0.000057,12.7011,0.061131,0.100517,0.132602,0.002798,0.000462,0.00010000
16,290,0.283369,0.000098,10.8855,0.061127,0.100423,0.088264,0.013489,0.000617,0.00010000
16,291,0.236048,0.000075,10.2119,0.061137,0.100338,0.078973,0.010303,0.000853,0.00010000
16,292,0.268574,0.000056,15.2017,0.061102,0.100308,0.159234,0.006576,0.000304,0.00010000
16,293,0.210561,0.000071,8.4852,0.061097,0.100260,0.079865,0.004859,0.000503,0.00010000
16,294,0.192533,0.000066,7.7148,0.061065,0.100100,0.067853,0.004180,0.000449,0.00010000
16,295,0.252731,0.000099,8.4153,0.061035,0.100049,0.063752,0.007864,0.000971,0.00010000
16,296,0.284040,0.000089,11.8494,0.061015,0.100111,0.125303,0.005288,0.000508,0.00010000
16,297,0.251953,0.000081,10.3684,0.061004,0.100129,0.105215,0.003537,0.001100,0.00010000
16,298,0.226630,0.000063,11.0939,0.060954,0.100103,0.093144,0.002282,0.000652,0.00010000
16,299,0.313285,0.000068,17.1145,0.061018,0.100128,0.171269,0.002712,0.000359,0.00010000
16,300,0.170121,0.000057,6.6020,0.060966,0.100027,0.069149,0.002712,0.000385,0.00010000
16,301,0.310717,0.000064,18.2930,0.061035,0.099972,0.147223,0.003141,0.000607,0.00010000
16,302,0.262654,0.000074,13.6780,0.061031,0.100024,0.093711,0.004000,0.000542,0.00010000
16,303,0.213895,0.000062,9.3413,0.061036,0.100081,0.100958,0.005468,0.000594,0.00010000
16,304,0.219052,0.000068,8.9505,0.061012,0.100183,0.101178,0.004180,0.000773,0.00010000
16,305,0.270095,0.000081,12.6848,0.061034,0.100202,0.087365,0.006576,0.000755,0.00010000
16,306,0.373280,0.000110,17.7035,0.061020,0.100197,0.129307,0.005546,0.000788,0.00010000
16,307,0.319555,0.000094,14.2238,0.061129,0.100219,0.142545,0.004609,0.000914,0.00010000
16,308,0.310177,0.000111,10.9577,0.061171,0.100215,0.113380,0.007435,0.000615,0.00010000
16,309,0.196231,0.000066,7.8886,0.061159,0.100302,0.067910,0.005717,0.000534,0.00010000
16,310,0.207915,0.000056,10.8299,0.061130,0.100391,0.075885,0.008474,0.000549,0.00010000
16,311,0.216478,0.000057,10.4063,0.061110,0.100368,0.113111,0.003570,0.000574,0.00010000
16,312,0.215378,0.000070,8.8546,0.061117,0.100436,0.080066,0.006147,0.000869,0.00010000
16,313,0.157430,0.000054,6.2680,0.061057,0.100364,0.055592,0.002282,0.000563,0.00010000
16,314,0.220096,0.000070,8.9550,0.061052,0.100419,0.091878,0.005873,0.000733,0.00010000
16,315,0.298237,0.000106,11.3544,0.061059,0.100522,0.082254,0.011951,0.001470,0.00010000
16,316,0.303772,0.000123,8.6659,0.061034,0.100778,0.095639,0.011660,0.001552,0.00010000
16,317,0.277075,0.000103,10.1941,0.061007,0.100692,0.075469,0.005898,0.001103,0.00010000
16,318,0.226888,0.000083,8.2673,0.061003,0.100595,0.074099,0.005898,0.000804,0.00010000
16,319,0.229226,0.000069,9.6652,0.060990,0.100564,0.107439,0.007864,0.001111,0.00010000
16,320,0.274708,0.000096,10.8629,0.060951,0.100817,0.072370,0.017894,0.001112,0.00010000
16,321,0.264476,0.000075,12.0959,0.060944,0.100809,0.129044,0.002712,0.000846,0.00010000
16,322,0.224356,0.000080,8.5247,0.060925,0.100831,0.070604,0.005648,0.000398,0.00010000
16,323,0.244179,0.000060,11.7831,0.060899,0.100778,0.132614,0.008870,0.000269,0.00010000
16,324,0.289535,0.000113,9.6901,0.060860,0.100819,0.076665,0.007366,0.001653,0.00010000
16,325,0.295905,0.000105,10.4266,0.060857,0.100755,0.107480,0.012723,0.001484,0.00010000
16,326,0.263471,0.000103,8.4236,0.060837,0.100687,0.073899,0.012658,0.001489,0.00010000
16,327,0.309903,0.000129,8.9530,0.060846,0.100691,0.080493,0.011736,0.001552,0.00010000
16,328,0.266455,0.000111,7.7250,0.060826,0.100968,0.066776,0.008044,0.001588,0.00010000
16,329,0.289279,0.000100,10.7044,0.060837,0.101075,0.113567,0.006646,0.001417,0.00010000
16,330,0.256060,0.000103,7.8129,0.060803,0.101178,0.062615,0.011325,0.001866,0.00010000
16,331,0.293375,0.000105,10.2258,0.060796,0.101260,0.105691,0.010545,0.001752,0.00010000
16,332,0.288307,0.000108,10.0787,0.060803,0.101115,0.085123,0.010732,0.000591,0.00010000
16,333,0.246287,0.000093,8.0460,0.060781,0.101200,0.074659,0.014416,0.000815,0.00010000
16,334,0.500018,0.000113,27.2076,0.060949,0.101261,0.252864,0.013627,0.001277,0.00010000
16,335,0.452194,0.000101,25.1681,0.061003,0.101342,0.230273,0.006576,0.002460,0.00010000
16,336,0.349933,0.000081,19.1599,0.061067,0.101295,0.150447,0.010981,0.001555,0.00010000
16,337,0.356769,0.000116,15.5239,0.061162,0.101375,0.120193,0.011591,0.001047,0.00010000
16,338,0.314406,0.000063,17.7545,0.061234,0.101463,0.180408,0.006327,0.000951,0.00010000
16,339,0.299860,0.000105,11.1213,0.061266,0.101438,0.108328,0.013876,0.001330,0.00010000
16,340,0.220235,0.000066,10.2674,0.061257,0.101365,0.072773,0.015163,0.000651,0.00010000
16,341,0.242746,0.000079,9.3669,0.061244,0.101308,0.098415,0.011411,0.000851,0.00010000
16,342,0.300738,0.000112,10.5130,0.061295,0.101222,0.084602,0.016675,0.001053,0.00010000
16,343,0.308898,0.000120,10.0046,0.061294,0.101306,0.083455,0.013669,0.001660,0.00010000
16,344,0.353084,0.000102,16.5510,0.061455,0.101322,0.146181,0.014174,0.000938,0.00010000
16,345,0.287734,0.000089,11.8715,0.061518,0.101377,0.120773,0.015660,0.000781,0.00010000
16,346,0.269728,0.000093,9.7591,0.061527,0.101393,0.091404,0.020470,0.001275,0.00010000
16,347,0.290866,0.000093,12.9827,0.061526,0.101403,0.094253,0.009762,0.001197,0.00010000
16,348,0.248827,0.000094,8.8996,0.061518,0.101331,0.072930,0.006708,0.001130,0.00010000
16,349,0.348275,0.000074,18.7863,0.061566,0.101283,0.192478,0.006576,0.000385,0.00010000
16,350,0.264587,0.000081,11.4753,0.061529,0.101261,0.125448,0.003141,0.000444,0.00010000
16,351,0.360835,0.000125,14.0279,0.061565,0.101404,0.105465,0.019251,0.001148,0.00010000
16,352,0.242112,0.000086,9.2754,0.061540,0.101394,0.067873,0.010552,0.000401,0.00010000
16,353,0.250568,0.000076,10.5309,0.061519,0.101455,0.116102,0.009152,0.000466,0.00010000
16,354,0.241619,0.000082,9.2470,0.061514,0.101489,0.102373,0.005288,0.000227,0.00010000
16,355,0.266657,0.000091,10.8702,0.061502,0.101434,0.078661,0.010122,0.000885,0.00010000
16,356,0.225211,0.000067,10.9349,0.061499,0.101368,0.076700,0.003570,0.000369,0.00010000
16,357,0.235748,0.000064,12.0749,0.061498,0.101266,0.101663,0.002798,0.000376,0.00010000
16,358,0.336859,0.000077,16.7196,0.061536,0.101131,0.178515,0.025846,0.000385,0.00010000
16,359,0.293302,0.000074,15.0689,0.061627,0.101235,0.142586,0.011840,0.000571,0.00010000
16,360,0.216385,0.000061,11.1102,0.061594,0.101209,0.070673,0.006507,0.000428,0.00010000
16,361,0.378014,0.000102,17.4174,0.061690,0.101134,0.179816,0.020624,0.000795,0.00010000
16,362,0.529092,0.000200,16.8925,0.061731,0.101208,0.164171,0.038481,0.001100,0.00010000
16,363,0.492233,0.000165,19.6613,0.061837,0.101277,0.155132,0.026310,0.002003,0.00010000
16,364,0.405319,0.000151,13.8494,0.061875,0.101196,0.108654,0.028284,0.001893,0.00010000
16,365,0.444781,0.000162,15.0688,0.061934,0.101131,0.141240,0.033191,0.002024,0.00010000
16,366,0.256718,0.000096,9.5974,0.061905,0.101142,0.062043,0.007435,0.000838,0.00010000
16,367,0.374594,0.000113,15.9343,0.061889,0.101061,0.176119,0.015525,0.001225,0.00010000
16,368,0.191362,0.000068,6.3277,0.061845,0.101110,0.071068,0.016314,0.000767,0.00010000
16,369,0.246669,0.000084,9.5138,0.061832,0.101107,0.075621,0.018572,0.001088,0.00010000
16,370,0.217959,0.000076,8.6135,0.061794,0.101119,0.063627,0.011231,0.001169,0.00010000
16,371,0.322207,0.000094,14.5345,0.061762,0.100974,0.153589,0.011230,0.001145,0.00010000
16,372,0.238853,0.000057,11.6826,0.061761,0.101070,0.136336,0.009152,0.000688,0.00010000
16,373,0.205869,0.000078,7.1046,0.061728,0.101179,0.064208,0.003570,0.000883,0.00010000
16,374,0.246059,0.000056,14.2606,0.061763,0.101301,0.095243,0.005546,0.000332,0.00010000
16,375,0.251644,0.000066,12.3863,0.061842,0.101324,0.109495,0.016744,0.000414,0.00010000
16,376,0.251585,0.000080,10.0200,0.061818,0.101323,0.107958,0.012269,0.000577,0.00010000
16,377,0.270670,0.000073,13.3293,0.061830,0.101346,0.106373,0.012020,0.000521,0.00010000
16,378,0.227951,0.000080,8.9528,0.061819,0.101382,0.068948,0.005717,0.000620,0.00010000
16,379,0.214110,0.000060,9.5891,0.061777,0.101343,0.100563,0.016134,0.000554,0.00010000
16,380,0.199054,0.000063,8.1348,0.061775,0.101367,0.082211,0.007005,0.000532,0.00010000
16,381,0.218825,0.000076,8.9477,0.061748,0.101374,0.064176,0.003751,0.001586,0.00010000
16,382,0.180156,0.000060,7.0117,0.061703,0.101266,0.076853,0.004066,0.000387,0.00010000
16,383,0.346524,0.000096,17.5243,0.061806,0.101284,0.131122,0.006937,0.001037,0.00010000
16,384,0.261806,0.000074,13.5083,0.061780,0.101197,0.083123,0.009152,0.000904,0.00010000
16,385,0.319792,0.000065,17.7498,0.061804,0.101334,0.186808,0.003751,0.000862,0.00010000
16,386,0.249705,0.000059,12.8495,0.061774,0.101184,0.145244,0.006576,0.000570,0.00010000
16,387,0.272682,0.000078,13.1643,0.061777,0.101270,0.098105,0.004429,0.001410,0.00010000
16,388,0.249425,0.000096,9.0170,0.061736,0.101304,0.059204,0.005039,0.001674,0.00010000
16,389,0.289692,0.000074,13.9213,0.061734,0.101271,0.152876,0.012269,0.000940,0.00010000
16,390,0.230357,0.000061,11.0193,0.061761,0.101266,0.119767,0.006576,0.000550,0.00010000
16,391,0.166208,0.000057,6.5749,0.061726,0.101289,0.064078,0.001424,0.000354,0.00010000
17,1,0.395497,0.000127,16.7715,0.089434,0.112181,0.125751,0.013988,0.001742,0.00009755
17,2,0.365970,0.000122,14.2729,0.093187,0.129983,0.135296,0.017714,0.001614,0.00009755
17,3,0.278012,0.000101,10.5470,0.078085,0.133959,0.068799,0.015024,0.001562,0.00009755
17,4,0.364226,0.000105,16.3542,0.075238,0.123382,0.169969,0.012276,0.001513,0.00009755
17,5,0.283577,0.000093,10.7539,0.070603,0.121869,0.121682,0.011614,0.001314,0.00009755
17,6,0.313974,0.000112,11.9488,0.067905,0.120670,0.084323,0.017478,0.001538,0.00009755
17,7,0.272615,0.000093,10.5872,0.068129,0.119132,0.096178,0.010808,0.001906,0.00009755
17,8,0.286482,0.000101,11.6766,0.065699,0.113810,0.081369,0.008379,0.001688,0.00009755
17,9,0.280671,0.000091,10.7925,0.064764,0.110608,0.124494,0.011591,0.001718,0.00009755
17,10,0.294213,0.000117,8.6723,0.063622,0.105845,0.080960,0.017851,0.001709,0.00009755
17,11,0.370111,0.000100,17.6423,0.065688,0.103690,0.147911,0.019251,0.001598,0.00009755
17,12,0.292061,0.000100,11.5581,0.065142,0.108156,0.090359,0.014167,0.001423,0.00009755
17,13,0.373681,0.000108,17.1217,0.066044,0.106144,0.173134,0.004360,0.001560,0.00009755
17,14,0.328157,0.000111,12.5900,0.065665,0.107567,0.127676,0.009942,0.001547,0.00009755
17,15,0.408061,0.000120,18.3312,0.067046,0.110104,0.158520,0.015881,0.001657,0.00009755
17,16,0.298750,0.000104,11.8987,0.066443,0.112267,0.091271,0.009693,0.001782,0.00009755
17,17,0.288466,0.000083,13.1193,0.066926,0.112365,0.126729,0.007496,0.001514,0.00009755
17,18,0.266436,0.000091,9.8089,0.065910,0.110743,0.108488,0.010801,0.001530,0.00009755
17,19,0.322560,0.000088,15.6645,0.067310,0.109157,0.125007,0.008051,0.000962,0.00009755
17,20,0.295389,0.000093,12.4244,0.066663,0.112283,0.103356,0.011161,0.001315,0.00009755
17,21,0.323330,0.000088,14.8112,0.067179,0.112586,0.154102,0.010801,0.001417,0.00009755
17,22,0.258945,0.000093,8.9531,0.066681,0.111746,0.097660,0.008006,0.001248,0.00009755
17,23,0.303808,0.000086,14.5395,0.067323,0.111733,0.112926,0.007186,0.001442,0.00009755
17,24,0.260407,0.000095,9.9243,0.067093,0.113483,0.071391,0.008834,0.001712,0.00009755
17,25,0.272830,0.000080,11.9542,0.067140,0.113626,0.131245,0.004594,0.001229,0.00009755
17,26,0.272327,0.000081,11.7533,0.066867,0.113137,0.123510,0.009513,0.001041,0.00009755
17,27,0.310227,0.000070,17.5572,0.067851,0.112366,0.149125,0.006147,0.000982,0.00009755
17,28,0.222255,0.000066,10.6436,0.067259,0.111379,0.075402,0.008044,0.000537,0.00009755
17,29,0.286837,0.000102,10.4435,0.067447,0.110729,0.100401,0.009693,0.001694,0.00009755
17,30,0.228699,0.000078,8.7047,0.067174,0.111847,0.086193,0.009942,0.001359,0.00009755
17,31,0.190560,0.000064,7.8333,0.066399,0.112815,0.055775,0.008225,0.000771,0.00009755
17,32,0.232129,0.000072,9.7128,0.065996,0.111344,0.101105,0.006147,0.000890,0.00009755
17,33,0.242312,0.000076,10.6606,0.066080,0.110893,0.086163,0.006147,0.001099,0.00009755
17,34,0.196669,0.000060,8.7536,0.065531,0.110740,0.075382,0.002798,0.000649,0.00009755
17,35,0.362295,0.000100,16.5792,0.066237,0.112301,0.166966,0.015773,0.001752,0.00009755
17,36,0.330618,0.000100,13.7276,0.066406,0.112218,0.140263,0.017714,0.001687,0.00009755
17,37,0.314696,0.000100,14.1702,0.066075,0.112302,0.099265,0.009402,0.001531,0.00009755
17,38,0.259379,0.000096,8.7777,0.065900,0.112126,0.093158,0.005898,0.001561,0.00009755
17,39,0.252112,0.000094,9.2043,0.065559,0.111780,0.069743,0.006147,0.001546,0.00009755
17,40,0.296033,0.000094,11.9299,0.065474,0.111203,0.129021,0.008654,0.001421,0.00009755
17,41,0.253986,0.000097,8.7181,0.065429,0.110676,0.074463,0.009153,0.001924,0.00009755
17,42,0.257753,0.000098,8.2612,0.065164,0.110723,0.091561,0.004066,0.001871,0.00009755
17,43,0.303234,0.000102,12.1095,0.065281,0.110152,0.098456,0.010011,0.000726,0.00009755
17,44,0.251672,0.000095,8.5725,0.065187,0.110479,0.070185,0.015525,0.000597,0.00009755
17,45,0.222747,0.000067,9.3552,0.065153,0.109509,0.100761,0.009083,0.000743,0.00009755
17,46,0.236986,0.000076,9.4737,0.064843,0.108493,0.105433,0.004180,0.001014,0.00009755
17,47,0.255043,0.000075,12.5214,0.064658,0.109008,0.086658,0.006507,0.000771,0.00009755
17,48,0.258953,0.000101,8.3879,0.064486,0.108860,0.077288,0.010580,0.000660,0.00009755
17,49,0.327757,0.000100,14.2534,0.064700,0.107892,0.110240,0.021578,0.002234,0.00009755
17,50,0.236638,0.000079,8.8188,0.064364,0.107883,0.097172,0.010440,0.001831,0.00009755
17,51,0.237665,0.000074,10.3363,0.064418,0.108183,0.088377,0.009891,0.000507,0.00009755
17,52,0.276664,0.000095,10.7100,0.064376,0.108391,0.091905,0.010552,0.001699,0.00009755
17,53,0.253383,0.000094,8.3604,0.064081,0.108693,0.091154,0.011230,0.001349,0.00009755
17,54,0.237917,0.000087,8.9435,0.063757,0.108910,0.063640,0.008405,0.001123,0.00009755
17,55,0.206843,0.000078,6.7796,0.063434,0.109464,0.070766,0.007005,0.001096,0.00009755
17,56,0.332536,0.000094,15.9955,0.063819,0.109868,0.125637,0.006576,0.001257,0.00009755
17,57,0.231006,0.000089,7.5305,0.063564,0.108610,0.070980,0.009805,0.001500,0.00009755
17,58,0.305770,0.000091,13.6367,0.063896,0.107995,0.135772,0.005806,0.001682,0.00009755
17,59,0.272403,0.000097,10.3552,0.063923,0.108225,0.089228,0.003981,0.001762,0.00009755
17,60,0.260597,0.000069,13.3709,0.064004,0.107906,0.096524,0.010234,0.000573,0.00009755
17,61,0.184312,0.000067,6.3857,0.063740,0.107962,0.068729,0.004790,0.000472,0.00009755
17,62,0.213777,0.000063,9.2004,0.063836,0.107981,0.086313,0.017894,0.000684,0.00009755
17,63,0.199946,0.000061,8.7928,0.063688,0.107269,0.068223,0.011161,0.000875,0.00009755
17,64,0.317552,0.000103,12.7011,0.063606,0.106952,0.140150,0.008225,0.001432,0.00009755
17,65,0.291076,0.000099,11.2885,0.063770,0.107522,0.096448,0.016210,0.001049,0.00009755
17,66,0.242034,0.000085,8.6608,0.063838,0.107818,0.088724,0.015137,0.001413,0.00009755
17,67,0.258634,0.000072,12.9979,0.063905,0.107235,0.089337,0.008654,0.000723,0.00009755
17,68,0.266746,0.000070,13.4285,0.063706,0.107231,0.122307,0.006919,0.000440,0.00009755
17,69,0.293484,0.000089,12.8415,0.063955,0.107355,0.120532,0.008723,0.001017,0.00009755
17,70,0.214484,0.000079,7.4413,0.063746,0.107087,0.064698,0.009513,0.000713,0.00009755
17,71,0.201658,0.000060,8.8389,0.063655,0.106976,0.097745,0.004859,0.000512,0.00009755
17,72,0.248928,0.000090,8.7097,0.063594,0.106684,0.097799,0.006147,0.000758,0.00009755
17,73,0.269742,0.000100,9.8970,0.063483,0.107261,0.068988,0.009762,0.000514,0.00009755
17,74,0.205755,0.000075,6.7306,0.063216,0.107204,0.086246,0.006756,0.000691,0.00009755
17,75,0.266041,0.000092,10.3854,0.063234,0.107020,0.087137,0.007685,0.001027,0.00009755
17,76,0.205889,0.000070,8.4898,0.063129,0.107265,0.064005,0.004594,0.000765,0.00009755
17,77,0.344417,0.000122,12.8024,0.063150,0.107497,0.113790,0.015885,0.000542,0.00009755
17,78,0.347855,0.000107,14.7210,0.063549,0.107612,0.142750,0.021224,0.001033,0.00009755
17,79,0.378348,0.000128,14.6431,0.063809,0.107613,0.145345,0.015593,0.000773,0.00009755
17,80,0.371130,0.000141,11.9414,0.064022,0.108126,0.104056,0.029131,0.001212,0.00009755
17,81,0.277601,0.000099,10.9798,0.063864,0.107571,0.075809,0.007795,0.001225,0.00009755
17,82,0.233647,0.000078,9.0430,0.063783,0.107457,0.096976,0.007186,0.000573,0.00009755
17,83,0.236018,0.000076,10.4845,0.063778,0.107442,0.075907,0.004859,0.000749,0.00009755
17,84,0.237555,0.000080,9.0480,0.063630,0.107662,0.098996,0.006147,0.000690,0.00009755
17,85,0.231686,0.000065,11.7672,0.063493,0.107814,0.076855,0.008870,0.000626,0.00009755
17,86,0.303906,0.000117,9.3329,0.063372,0.107647,0.107119,0.013738,0.001595,0.00009755
17,87,0.294418,0.000100,10.6532,0.063182,0.107187,0.125119,0.011050,0.001079,0.00009755
17,88,0.384848,0.000095,21.6283,0.063096,0.106948,0.157844,0.005717,0.001480,0.00009755
17,89,0.309825,0.000091,15.4939,0.063010,0.106350,0.103350,0.011050,0.001320,0.00009755
17,90,0.245269,0.000080,10.5469,0.063008,0.105998,0.094633,0.006078,0.000832,0.00009755
17,91,0.241227,0.000093,7.3248,0.062874,0.105743,0.084211,0.011161,0.001286,0.00009755
17,92,0.250824,0.000092,8.8285,0.062752,0.105046,0.065188,0.015095,0.000921,0.00009755
17,93,0.270269,0.000077,11.8454,0.062833,0.104787,0.129719,0.012465,0.001098,0.00009755
17,94,0.252710,0.000062,13.1804,0.062669,0.105130,0.137139,0.002282,0.000588,0.00009755
17,95,0.291533,0.000062,17.0698,0.062946,0.105022,0.134786,0.007005,0.000651,0.00009755
17,96,0.266446,0.000095,10.6703,0.062780,0.105427,0.075756,0.007005,0.000949,0.00009755
17,97,0.298917,0.000101,11.1571,0.062788,0.105679,0.113089,0.012630,0.000710,0.00009755
17,98,0.185808,0.000066,6.7726,0.062625,0.105692,0.068223,0.002712,0.000388,0.00009755
17,99,0.236362,0.000068,12.0989,0.062444,0.105709,0.083064,0.005717,0.000764,0.00009755
17,100,0.193264,0.000060,8.4313,0.062385,0.105556,0.073181,0.007186,0.000592,0.00009755
17,101,0.289496,0.000069,14.5654,0.062417,0.105193,0.156960,0.011411,0.000337,0.00009755
17,102,0.176663,0.000053,7.5778,0.062247,0.105000,0.080647,0.005546,0.000383,0.00009755
17,103,0.264940,0.000075,13.2355,0.062130,0.104987,0.089979,0.013806,0.000363,0.00009755
17,104,0.277958,0.000111,8.4856,0.062153,0.105208,0.081024,0.006147,0.000758,0.00009755
17,105,0.219382,0.000082,7.3222,0.062020,0.104912,0.072960,0.010870,0.001007,0.00009755
17,106,0.206635,0.000077,7.2909,0.061866,0.104751,0.055973,0.008834,0.000794,0.00009755
17,107,0.248364,0.000070,10.9934,0.061796,0.104742,0.119329,0.008225,0.000568,0.00009755
17,108,0.283202,0.000104,10.2994,0.061957,0.104572,0.097079,0.007005,0.001112,0.00009755
17,109,0.189910,0.000069,7.1837,0.061806,0.104459,0.054686,0.006576,0.000846,0.00009755
17,110,0.332170,0.000105,13.6442,0.061767,0.104990,0.143203,0.015131,0.000921,0.00009755
17,111,0.215140,0.000066,9.9478,0.061658,0.104838,0.068277,0.007435,0.000689,0.00009755
17,112,0.230073,0.000067,9.8854,0.061608,0.104545,0.111491,0.012089,0.000872,0.00009755
17,113,0.205840,0.000063,9.4594,0.061587,0.104215,0.074760,0.004429,0.000643,0.00009755
17,114,0.189511,0.000056,8.1482,0.061522,0.104253,0.090030,0.005898,0.000421,0.00009755
17,115,0.181679,0.000053,8.3519,0.061416,0.104405,0.073967,0.007005,0.000380,0.00009755
17,116,0.240774,0.000087,8.8502,0.061330,0.104420,0.071552,0.010191,0.000833,0.00009755
17,117,0.244758,0.000087,8.6057,0.061295,0.104398,0.100747,0.003141,0.001002,0.00009755
17,118,0.196804,0.000077,6.5298,0.061153,0.104263,0.057672,0.003570,0.001478,0.00009755
17,119,0.209733,0.000064,8.3368,0.061031,0.104293,0.105496,0.006919,0.000796,0.00009755
17,120,0.277391,0.000075,14.7882,0.060985,0.103929,0.109268,0.004360,0.000935,0.00009755
17,121,0.249012,0.000072,10.3743,0.060933,0.103597,0.114094,0.024266,0.000768,0.00009755
17,122,0.340342,0.000092,16.1600,0.061191,0.103535,0.125796,0.026704,0.000778,0.00009755
17,123,0.208164,0.000071,8.1360,0.061097,0.103215,0.078479,0.006147,0.000473,0.00009755
17,124,0.303026,0.000066,16.3418,0.061425,0.102887,0.166792,0.007864,0.000532,0.00009755
17,125,0.298917,0.000073,15.8129,0.061622,0.102644,0.148612,0.005648,0.000711,0.00009755
17,126,0.236684,0.000062,12.5548,0.061551,0.102661,0.084369,0.004000,0.000674,0.00009755
17,127,0.221652,0.000072,9.3260,0.061553,0.102671,0.082804,0.006930,0.000697,0.00009755
17,128,0.234492,0.000076,10.2587,0.061539,0.102288,0.073330,0.005717,0.000826,0.00009755
17,129,0.280629,0.000083,12.6145,0.061444,0.101964,0.132846,0.003570,0.000805,0.00009755
17,130,0.278453,0.000064,15.2906,0.061628,0.102233,0.152265,0.007005,0.000557,0.00009755
17,131,0.235639,0.000066,11.9732,0.061633,0.102689,0.088649,0.003570,0.001057,0.00009755
17,132,0.243367,0.000073,10.5617,0.061689,0.102655,0.114480,0.005288,0.000674,0.00009755
17,133,0.211568,0.000078,7.5331,0.061590,0.102632,0.058404,0.008474,0.000648,0.00009755
17,134,0.179805,0.000057,7.1866,0.061505,0.102354,0.079695,0.005648,0.000538,0.00009755
17,135,0.273281,0.000109,8.0306,0.061447,0.102858,0.074541,0.019070,0.000726,0.00009755
17,136,0.377082,0.000113,17.0394,0.061768,0.102922,0.140858,0.011618,0.001333,0.00009755
17,137,0.259343,0.000085,11.5201,0.061661,0.102858,0.077559,0.005898,0.001614,0.00009755
17,138,0.239745,0.000073,9.9636,0.061610,0.102679,0.110122,0.009513,0.001001,0.00009755
17,139,0.209778,0.000065,8.8623,0.061615,0.102259,0.090468,0.005288,0.000874,0.00009755
17,140,0.206322,0.000073,7.5721,0.061563,0.102341,0.068376,0.009042,0.000661,0.00009755
17,141,0.223646,0.000065,10.1336,0.061619,0.102447,0.093720,0.007366,0.000638,0.00009755
17,142,0.188377,0.000063,7.1321,0.061496,0.102635,0.078095,0.006576,0.000426,0.00009755
17,143,0.224046,0.000071,9.9531,0.061480,0.102305,0.070672,0.010801,0.000949,0.00009755
17,144,0.198223,0.000070,7.4613,0.061367,0.102112,0.070065,0.005123,0.000700,0.00009755
17,145,0.257453,0.000074,12.1835,0.061496,0.102079,0.103794,0.006078,0.000338,0.00009755
17,146,0.200044,0.000068,7.3222,0.061375,0.101753,0.084831,0.007615,0.000553,0.00009755
17,147,0.267598,0.000088,11.6224,0.061290,0.102051,0.084001,0.008585,0.000672,0.00009755
17,148,0.175713,0.000058,7.0878,0.061196,0.102055,0.061402,0.008903,0.000304,0.00009755
17,149,0.236457,0.000070,10.0901,0.061238,0.101991,0.109006,0.011051,0.000521,0.00009755
17,150,0.225958,0.000086,6.9863,0.061135,0.102084,0.080651,0.009762,0.000673,0.00009755
17,151,0.221401,0.000060,11.2947,0.061082,0.101953,0.076449,0.009762,0.000433,0.00009755
17,152,0.211202,0.000079,7.2731,0.061000,0.102068,0.058380,0.012346,0.000336,0.00009755
17,153,0.193124,0.000064,7.6902,0.060943,0.101906,0.078737,0.004172,0.000413,0.00009755
17,154,0.242593,0.000091,8.0902,0.060881,0.102090,0.080558,0.011411,0.002198,0.00009755
17,155,0.362676,0.000091,18.8817,0.060905,0.102082,0.145543,0.022256,0.002433,0.00009755
17,156,0.276081,0.000091,11.4957,0.060904,0.102101,0.081821,0.014347,0.002650,0.00009755
17,157,0.275493,0.000089,10.6334,0.060955,0.102242,0.114752,0.021422,0.001681,0.00009755
17,158,0.209878,0.000066,8.9664,0.060971,0.102336,0.083995,0.006147,0.001921,0.00009755
17,159,0.243662,0.000066,12.7223,0.060960,0.102197,0.081764,0.006756,0.001380,0.00009755
17,160,0.221325,0.000074,9.1007,0.061004,0.102215,0.077998,0.009513,0.001294,0.00009755
17,161,0.336993,0.000072,19.3833,0.061042,0.102000,0.186122,0.005651,0.001230,0.00009755
17,162,0.251537,0.000077,11.3477,0.061085,0.102053,0.115086,0.002282,0.000887,0.00009755
17,163,0.225890,0.000077,8.5727,0.061018,0.102042,0.096140,0.004180,0.000949,0.00009755
17,164,0.314740,0.000088,16.0258,0.061036,0.101996,0.111481,0.005288,0.000680,0.00009755
17,165,0.257943,0.000089,10.3427,0.061042,0.101691,0.075505,0.009015,0.000908,0.00009755
17,166,0.243274,0.000087,8.6088,0.061003,0.101472,0.094568,0.004000,0.001351,0.00009755
17,167,0.278867,0.000107,9.9127,0.060936,0.101470,0.070727,0.007366,0.001758,0.00009755
17,168,0.292146,0.000082,13.3674,0.060996,0.101607,0.137114,0.005717,0.001283,0.00009755
17,169,0.228412,0.000089,6.9716,0.060891,0.101714,0.082436,0.005039,0.001861,0.00009755
17,170,0.240881,0.000056,13.2490,0.060996,0.101648,0.105115,0.005546,0.000822,0.00009755
17,171,0.244903,0.000086,9.9697,0.060913,0.101721,0.064270,0.010552,0.000791,0.00009755
17,172,0.255754,0.000072,11.2687,0.060916,0.101643,0.121539,0.012948,0.000252,0.00009755
17,173,0.212930,0.000072,8.5492,0.060836,0.101643,0.072796,0.007186,0.000652,0.00009755
17,174,0.257036,0.000073,11.5099,0.060831,0.101737,0.126906,0.006756,0.000535,0.00009755
17,175,0.221941,0.000078,9.0479,0.060741,0.101699,0.057939,0.009444,0.000955,0.00009755
17,176,0.221853,0.000069,8.4832,0.060663,0.101550,0.111532,0.009015,0.000321,0.00009755
17,177,0.168874,0.000062,6.0420,0.060553,0.101508,0.057411,0.003570,0.000415,0.00009755
17,178,0.230980,0.000064,10.8254,0.060628,0.101378,0.113937,0.003009,0.000324,0.00009755
17,179,0.197647,0.000067,7.4188,0.060534,0.101147,0.069757,0.010372,0.000664,0.00009755
17,180,0.396913,0.000097,20.5520,0.060830,0.101057,0.176971,0.009873,0.000786,0.00009755
17,181,0.345138,0.000087,17.4819,0.061063,0.101094,0.153879,0.007727,0.000580,0.00009755
17,182,0.324134,0.000107,12.9511,0.061074,0.101275,0.129432,0.008225,0.000724,0.00009755
17,183,0.196572,0.000055,9.5702,0.061032,0.101170,0.072730,0.009762,0.000406,0.00009755
17,184,0.220142,0.000074,8.4591,0.060945,0.101339,0.090042,0.008474,0.000468,0.00009755
17,185,0.213348,0.000070,9.4471,0.060857,0.101282,0.066727,0.004000,0.000756,0.00009755
17,186,0.202527,0.000060,9.0606,0.060815,0.101196,0.091716,0.003141,0.000321,0.00009755
17,187,0.244414,0.000050,14.4391,0.060821,0.100902,0.116291,0.004172,0.000197,0.00009755
17,188,0.204024,0.000072,7.5984,0.060742,0.101083,0.077777,0.003570,0.000481,0.00009755
17,189,0.202460,0.000056,9.6529,0.060754,0.101015,0.094897,0.003570,0.000415,0.00009755
17,190,0.234405,0.000066,12.1129,0.060688,0.100797,0.079587,0.002892,0.000556,0.00009755
17,191,0.206715,0.000072,7.3557,0.060614,0.100567,0.082525,0.007186,0.000442,0.00009755
17,192,0.249804,0.000085,9.6859,0.060672,0.100649,0.089000,0.007864,0.001106,0.00009755
17,193,0.174339,0.000057,6.7366,0.060595,0.100759,0.056967,0.015816,0.000501,0.00009755
17,194,0.238247,0.000064,11.6482,0.060620,0.100754,0.108976,0.005898,0.000613,0.00009755
17,195,0.196070,0.000067,7.1483,0.060529,0.100891,0.084281,0.005123,0.000294,0.00009755
17,196,0.254912,0.000071,13.7540,0.060475,0.100970,0.086474,0.003141,0.000908,0.00009755
17,197,0.198128,0.000064,8.7541,0.060397,0.100804,0.062379,0.005468,0.000398,0.00009755
17,198,0.259302,0.000064,13.2001,0.060324,0.101015,0.145940,0.005898,0.000445,0.00009755
17,199,0.230383,0.000079,8.8533,0.060347,0.101107,0.087959,0.005288,0.000853,0.00009755
17,200,0.185631,0.000062,7.4857,0.060293,0.101070,0.066601,0.004429,0.000384,0.00009755
17,201,0.201522,0.000056,10.3750,0.060242,0.101335,0.069858,0.002712,0.000263,0.00009755
17,202,0.197163,0.000058,8.3196,0.060184,0.101223,0.098710,0.004541,0.000435,0.00009755
17,203,0.234050,0.000082,8.4176,0.060196,0.101060,0.093302,0.009582,0.000639,0.00009755
17,204,0.208580,0.000060,10.3290,0.060124,0.100983,0.069147,0.004172,0.000484,0.00009755
17,205,0.226357,0.000087,7.0319,0.060068,0.101046,0.072507,0.011549,0.000808,0.00009755
17,206,0.295608,0.000070,16.9552,0.060066,0.101033,0.117571,0.004000,0.001192,0.00009755
17,207,0.204180,0.000067,8.2859,0.060027,0.100983,0.067281,0.011951,0.001314,0.00009755
17,208,0.288516,0.000067,15.4434,0.060070,0.100791,0.160484,0.007186,0.000739,0.00009755
17,209,0.221364,0.000065,9.8034,0.060105,0.100718,0.103899,0.006756,0.000583,0.00009755
17,210,0.169519,0.000058,6.9018,0.060029,0.100735,0.054619,0.003570,0.000683,0.00009755
17,211,0.268878,0.000101,9.4890,0.060009,0.100768,0.072873,0.011661,0.001774,0.00009755
17,212,0.308166,0.000069,16.9084,0.060018,0.100680,0.171528,0.010460,0.001099,0.00009755
17,213,0.210655,0.000061,9.1890,0.059959,0.100659,0.108173,0.005717,0.000699,0.00009755
17,214,0.253130,0.000079,11.6709,0.059934,0.100822,0.081165,0.008474,0.000882,0.00009755
17,215,0.239896,0.000068,12.1115,0.059862,0.101094,0.077382,0.002712,0.001050,0.00009755
17,216,0.248918,0.000064,12.2546,0.059803,0.100985,0.123743,0.005717,0.000258,0.00009755
17,217,0.285984,0.000106,10.2197,0.059881,0.100973,0.087788,0.011050,0.000481,0.00009755
17,218,0.300029,0.000121,8.8659,0.059864,0.100990,0.078695,0.016135,0.001076,0.00009755
17,219,0.283854,0.000062,16.0479,0.060014,0.101054,0.142316,0.010440,0.001007,0.00009755
17,220,0.201714,0.000055,9.2336,0.059962,0.101176,0.098613,0.010191,0.000852,0.00009755
17,221,0.311937,0.000068,17.3058,0.060159,0.101044,0.160547,0.009667,0.000692,0.00009755
17,222,0.272083,0.000092,10.8964,0.060260,0.100843,0.095051,0.007864,0.001083,0.00009755
17,223,0.234036,0.000075,9.2380,0.060280,0.100879,0.096624,0.012269,0.001006,0.00009755
17,224,0.344198,0.000098,17.7856,0.060279,0.100974,0.124404,0.003321,0.001158,0.00009755
17,225,0.196183,0.000063,7.9842,0.060279,0.100907,0.079471,0.004859,0.000558,0.00009755
17,226,0.270796,0.000102,9.7756,0.060292,0.100831,0.073159,0.006937,0.001247,0.00009755
17,227,0.311237,0.000100,12.1734,0.060299,0.100793,0.132711,0.008903,0.000452,0.00009755
17,228,0.237149,0.000085,9.2989,0.060278,0.100894,0.074078,0.003141,0.000740,0.00009755
17,229,0.293255,0.000110,9.7150,0.060270,0.101011,0.109803,0.007765,0.000462,0.00009755
17,230,0.206736,0.000066,8.0298,0.060250,0.100980,0.085502,0.011728,0.000645,0.00009755
17,231,0.281703,0.000070,15.7992,0.060253,0.101032,0.113076,0.006507,0.000865,0.00009755
17,232,0.212203,0.000068,8.8788,0.060258,0.101049,0.076040,0.006507,0.000601,0.00009755
17,233,0.212842,0.000066,8.8623,0.060192,0.101062,0.099417,0.003141,0.000888,0.00009755
17,234,0.253773,0.000064,13.3699,0.060256,0.101023,0.101835,0.003570,0.000870,0.00009755
17,235,0.189839,0.000057,8.7698,0.060201,0.101000,0.068372,0.005039,0.000463,0.00009755
17,236,0.297659,0.000105,10.8162,0.060183,0.101289,0.114598,0.009152,0.000555,0.00009755
17,237,0.327278,0.000088,16.7540,0.060266,0.101315,0.129585,0.004859,0.001366,0.00009755
17,238,0.206986,0.000054,10.2995,0.060173,0.101450,0.110288,0.006919,0.000371,0.00009755
17,239,0.226855,0.000068,10.5122,0.060139,0.101460,0.085168,0.004000,0.000695,0.00009755
17,240,0.251134,0.000092,9.3115,0.060156,0.101532,0.068673,0.009195,0.001046,0.00009755
17,241,0.258195,0.000068,12.2972,0.060132,0.101617,0.129530,0.009942,0.000777,0.00009755
17,242,0.243872,0.000062,11.9759,0.060260,0.101518,0.123830,0.006078,0.000871,0.00009755
17,243,0.195120,0.000057,9.6806,0.060206,0.101619,0.062938,0.004859,0.000430,0.00009755
17,244,0.224299,0.000071,9.6156,0.060240,0.101718,0.085452,0.006943,0.000900,0.00009755
17,245,0.221472,0.000075,8.0444,0.060198,0.101554,0.101020,0.006327,0.000607,0.00009755
17,246,0.252281,0.000069,12.6186,0.060226,0.101443,0.093066,0.004066,0.001210,0.00009755
17,247,0.180983,0.000066,6.1707,0.060166,0.101529,0.066579,0.006937,0.001073,0.00009755
17,248,0.329738,0.000075,18.2896,0.060206,0.101608,0.143852,0.008293,0.000656,0.00009755
17,249,0.188396,0.000070,6.7610,0.060146,0.101730,0.057456,0.005288,0.000288,0.00009755
17,250,0.346372,0.000074,20.5499,0.060148,0.101693,0.199931,0.004859,0.000599,0.00009755
17,251,0.261224,0.000064,13.0431,0.060148,0.101775,0.146200,0.004429,0.000501,0.00009755
17,252,0.240712,0.000061,13.1017,0.060076,0.101826,0.097428,0.002712,0.000273,0.00009755
17,253,0.273203,0.000101,9.4067,0.060117,0.101694,0.090205,0.008363,0.000947,0.00009755
17,254,0.204208,0.000081,6.2277,0.060052,0.101666,0.066982,0.004429,0.001156,0.00009755
17,255,0.303460,0.000097,13.5536,0.060046,0.101565,0.092036,0.010244,0.000434,0.00009755
17,256,0.205535,0.000067,7.7940,0.059986,0.101688,0.074361,0.020401,0.000838,0.00009755
17,257,0.285534,0.000070,14.9307,0.060106,0.101580,0.120136,0.009152,0.000567,0.00009755
17,258,0.214238,0.000072,8.5769,0.060107,0.101687,0.080557,0.005039,0.000393,0.00009755
17,259,0.370490,0.000109,16.1132,0.060164,0.101636,0.163284,0.009152,0.001827,0.00009755
17,260,0.231043,0.000073,10.3254,0.060187,0.101537,0.079827,0.003751,0.000791,0.00009755
17,261,0.282220,0.000104,9.9900,0.060204,0.101527,0.088914,0.006147,0.000955,0.00009755
17,262,0.243046,0.000072,10.7552,0.060152,0.101424,0.112847,0.004609,0.001151,0.00009755
17,263,0.192841,0.000057,9.3267,0.060105,0.101496,0.066056,0.004288,0.000421,0.00009755
17,264,0.177346,0.000058,6.7539,0.060038,0.101360,0.080202,0.004859,0.000518,0.00009755
17,265,0.213046,0.000074,8.6955,0.059977,0.101360,0.060214,0.004000,0.000848,0.00009755
17,266,0.222531,0.000066,9.5576,0.059921,0.101379,0.112122,0.003751,0.000483,0.00009755
17,267,0.332366,0.000095,15.8128,0.059960,0.101242,0.117430,0.009762,0.000888,0.00009755
17,268,0.206314,0.000077,7.0762,0.059919,0.101334,0.068182,0.006147,0.000795,0.00009755
17,269,0.259304,0.000084,11.2137,0.059943,0.101475,0.080450,0.006937,0.000509,0.00009755
17,270,0.239836,0.000080,9.7087,0.059888,0.101563,0.087792,0.006576,0.000467,0.00009755
17,271,0.228844,0.000072,9.6362,0.059936,0.101360,0.099591,0.002712,0.000540,0.00009755
17,272,0.196994,0.000057,8.4134,0.059890,0.101161,0.096631,0.005546,0.000895,0.00009755
17,273,0.370683,0.000104,18.7812,0.059874,0.101219,0.124591,0.020695,0.001320,0.00009755
17,274,0.235203,0.000069,9.7513,0.059874,0.101236,0.099364,0.021647,0.001313,0.00009755
17,275,0.310546,0.000085,15.4902,0.059930,0.101440,0.116887,0.004000,0.001195,0.00009755
17,276,0.206195,0.000068,9.0671,0.059873,0.101331,0.056748,0.006756,0.000773,0.00009755
17,277,0.291349,0.000066,15.2544,0.059898,0.101212,0.164024,0.007186,0.000536,0.00009755
17,278,0.270117,0.000088,10.0665,0.059892,0.101256,0.117458,0.015927,0.000694,0.00009755
17,279,0.260975,0.000061,14.7514,0.059872,0.101088,0.104567,0.009582,0.000569,0.00009755
17,280,0.344812,0.000137,9.7294,0.059867,0.100937,0.076143,0.042310,0.001959,0.00009755
17,281,0.222443,0.000065,9.7006,0.059835,0.100963,0.114279,0.004000,0.000351,0.00009755
17,282,0.227626,0.000083,8.5110,0.059804,0.100857,0.064588,0.007615,0.000753,0.00009755
17,283,0.223476,0.000066,9.4662,0.059814,0.100836,0.111770,0.003570,0.000403,0.00009755
17,284,0.215060,0.000077,7.9050,0.059772,0.100827,0.071983,0.007864,0.000332,0.00009755
17,285,0.215133,0.000069,8.4828,0.059748,0.100852,0.102256,0.004000,0.000711,0.00009755
17,286,0.182149,0.000059,8.0010,0.059691,0.100836,0.059031,0.004000,0.000553,0.00009755
17,287,0.260168,0.000086,10.2913,0.059670,0.100676,0.109682,0.004000,0.000819,0.00009755
17,288,0.246821,0.000076,10.6897,0.059725,0.100577,0.101969,0.005039,0.000658,0.00009755
17,289,0.181824,0.000055,8.2801,0.059718,0.100645,0.077543,0.001424,0.000798,0.00009755
17,290,0.298166,0.000097,12.2611,0.059740,0.100487,0.100419,0.011161,0.000628,0.00009755
17,291,0.212078,0.000074,7.9268,0.059728,0.100453,0.079647,0.007976,0.000880,0.00009755
17,292,0.221425,0.000058,11.2577,0.059778,0.100349,0.100784,0.004000,0.000392,0.00009755
17,293,0.197460,0.000069,7.8489,0.059737,0.100302,0.061211,0.005288,0.000570,0.00009755
17,294,0.319580,0.000068,18.2357,0.059711,0.100216,0.180746,0.007005,0.000580,0.00009755
17,295,0.315629,0.000104,12.3795,0.059718,0.100428,0.134705,0.008474,0.001171,0.00009755
17,296,0.253690,0.000093,9.5870,0.059707,0.100507,0.070156,0.004180,0.000731,0.00009755
17,297,0.205516,0.000074,7.5956,0.059689,0.100505,0.065952,0.004594,0.001129,0.00009755
17,298,0.176337,0.000058,6.6138,0.059632,0.100611,0.085081,0.002282,0.000758,0.00009755
17,299,0.206030,0.000068,8.6791,0.059585,0.100603,0.072454,0.004000,0.000339,0.00009755
17,300,0.303027,0.000057,18.7184,0.059661,0.100484,0.150022,0.003570,0.000463,0.00009755
17,301,0.198182,0.000064,8.4220,0.059601,0.100483,0.073870,0.003141,0.000450,0.00009755
17,302,0.305124,0.000065,16.5755,0.059649,0.100468,0.172365,0.002282,0.000591,0.00009755
17,303,0.223781,0.000060,10.5691,0.059651,0.100278,0.112950,0.004000,0.000739,0.00009755
17,304,0.265182,0.000071,12.8920,0.059736,0.100095,0.108796,0.011660,0.000664,0.00009755
17,305,0.232166,0.000080,9.6847,0.059732,0.100086,0.070266,0.004429,0.000608,0.00009755
17,306,0.370942,0.000108,17.4455,0.059797,0.100139,0.152629,0.008870,0.000705,0.00009755
17,307,0.289414,0.000092,11.9576,0.059782,0.100180,0.127513,0.004609,0.001005,0.00009755
17,308,0.306781,0.000106,11.9352,0.059808,0.100388,0.096663,0.008225,0.000675,0.00009755
17,309,0.182971,0.000068,6.5265,0.059759,0.100272,0.054954,0.006147,0.000532,0.00009755
17,310,0.184136,0.000054,8.2405,0.059773,0.100148,0.083217,0.004859,0.000491,0.00009755
17,311,0.198439,0.000062,8.2307,0.059747,0.099995,0.091484,0.001853,0.000536,0.00009755
17,312,0.209972,0.000068,9.3128,0.059691,0.099891,0.064020,0.003141,0.000819,0.00009755
17,313,0.155242,0.000053,6.1610,0.059644,0.100121,0.056027,0.003570,0.000535,0.00009755
17,314,0.230630,0.000065,10.5953,0.059684,0.100124,0.108876,0.006180,0.000652,0.00009755
17,315,0.292025,0.000106,11.7335,0.059696,0.100310,0.079183,0.004859,0.001454,0.00009755
17,316,0.339692,0.000116,12.7806,0.059692,0.100356,0.135678,0.008903,0.001311,0.00009755
17,317,0.262718,0.000105,7.7740,0.059651,0.100436,0.091658,0.003570,0.001112,0.00009755
17,318,0.312413,0.000082,16.4573,0.059639,0.100514,0.120522,0.004859,0.000808,0.00009755
17,319,0.212323,0.000068,9.3470,0.059605,0.100610,0.063376,0.008654,0.001059,0.00009755
17,320,0.264310,0.000098,8.4582,0.059595,0.100651,0.090094,0.017284,0.001066,0.00009755
17,321,0.248854,0.000076,10.8895,0.059660,0.100576,0.110041,0.004859,0.000731,0.00009755
17,322,0.216116,0.000082,7.2004,0.059626,0.100605,0.063108,0.011050,0.000424,0.00009755
17,323,0.266503,0.000062,14.1344,0.059710,0.100522,0.143680,0.004172,0.000249,0.00009755
17,324,0.298053,0.000113,10.1857,0.059731,0.100620,0.084584,0.014374,0.001544,0.00009755
17,325,0.318487,0.000108,12.8520,0.059765,0.100476,0.100232,0.010732,0.001492,0.00009755
17,326,0.272753,0.000097,9.5224,0.059744,0.100509,0.102629,0.010122,0.001547,0.00009755
17,327,0.302820,0.000122,9.3588,0.059731,0.100570,0.072350,0.015027,0.001735,0.00009755
17,328,0.284326,0.000108,9.3490,0.059710,0.100746,0.096243,0.005898,0.001694,0.00009755
17,329,0.298012,0.000101,11.9307,0.059751,0.100690,0.096614,0.004609,0.001355,0.00009755
17,330,0.253786,0.000105,7.4992,0.059728,0.100863,0.063422,0.007418,0.001793,0.00009755
17,331,0.301471,0.000107,11.0383,0.059717,0.100878,0.113861,0.006845,0.002066,0.00009755
17,332,0.324923,0.000115,11.7200,0.059782,0.100864,0.114169,0.013669,0.000890,0.00009755
17,333,0.266145,0.000091,10.3410,0.059761,0.100969,0.088505,0.010552,0.000705,0.00009755
17,334,0.348119,0.000108,15.1315,0.059859,0.100940,0.136522,0.014347,0.000693,0.00009755
17,335,0.274470,0.000087,11.7623,0.059860,0.101012,0.109112,0.004000,0.001449,0.00009755
17,336,0.228674,0.000064,11.3202,0.059885,0.101120,0.087422,0.002282,0.000648,0.00009755
17,337,0.268487,0.000106,8.9109,0.059881,0.101254,0.066499,0.009693,0.000598,0.00009755
17,338,0.274607,0.000061,14.7135,0.059891,0.101189,0.149434,0.008293,0.000478,0.00009755
17,339,0.263915,0.000102,8.0796,0.059864,0.101184,0.081528,0.017672,0.000633,0.00009755
17,340,0.306612,0.000055,18.5125,0.059993,0.101091,0.154968,0.012415,0.000594,0.00009755
17,341,0.254188,0.000076,11.3101,0.059998,0.101041,0.100797,0.007186,0.000570,0.00009755
17,342,0.293269,0.000106,9.7128,0.060017,0.101165,0.100239,0.022120,0.001145,0.00009755
17,343,0.289543,0.000115,9.0202,0.060006,0.101163,0.067673,0.015026,0.001519,0.00009755
17,344,0.312956,0.000102,12.1668,0.060040,0.101301,0.124651,0.015026,0.001436,0.00009755
17,345,0.254170,0.000090,8.8789,0.060023,0.101178,0.098740,0.010889,0.000853,0.00009755
17,346,0.289885,0.000089,12.8071,0.060041,0.101317,0.093736,0.022050,0.001491,0.00009755
17,347,0.260974,0.000091,10.1372,0.060017,0.101456,0.071438,0.012020,0.000852,0.00009755
17,348,0.294211,0.000099,11.1371,0.060008,0.101414,0.120590,0.006930,0.000748,0.00009755
17,349,0.188555,0.000074,5.6317,0.059956,0.101348,0.064876,0.006576,0.000448,0.00009755
17,350,0.340276,0.000081,18.9070,0.059973,0.101478,0.146390,0.007864,0.000557,0.00009755
17,351,0.326623,0.000124,11.5423,0.059973,0.101337,0.083929,0.014777,0.001259,0.00009755
17,352,0.268697,0.000089,10.2700,0.059973,0.101338,0.111560,0.009513,0.000432,0.00009755
17,353,0.224127,0.000081,7.9158,0.059955,0.101378,0.077213,0.007864,0.000457,0.00009755
17,354,0.257970,0.000080,10.7313,0.059946,0.101243,0.114139,0.004000,0.000425,0.00009755
17,355,0.254938,0.000094,9.2734,0.059924,0.101319,0.068591,0.012089,0.001111,0.00009755
17,356,0.186612,0.000063,7.3555,0.059909,0.101304,0.075503,0.003570,0.000366,0.00009755
17,357,0.281197,0.000071,15.6985,0.059888,0.101262,0.107616,0.001424,0.000500,0.00009755
17,358,0.319691,0.000078,15.4934,0.059904,0.101385,0.166755,0.019182,0.000376,0.00009755
17,359,0.237213,0.000072,9.5427,0.059871,0.101349,0.109547,0.015026,0.000547,0.00009755
17,360,0.279948,0.000063,16.7266,0.059873,0.101408,0.111194,0.008723,0.000389,0.00009755
17,361,0.306695,0.000104,12.1091,0.059861,0.101367,0.085866,0.024604,0.000838,0.00009755
17,362,0.567112,0.000210,18.6141,0.059915,0.101392,0.184857,0.045469,0.001250,0.00009755
17,363,0.428470,0.000160,14.0110,0.059928,0.101389,0.136900,0.028852,0.001800,0.00009755
17,364,0.395743,0.000150,12.9916,0.059943,0.101322,0.096999,0.032148,0.002108,0.00009755
17,365,0.460265,0.000181,14.2303,0.059975,0.101340,0.120532,0.033889,0.002288,0.00009755
17,366,0.302097,0.000101,11.7677,0.060054,0.101381,0.112124,0.011728,0.000987,0.00009755
17,367,0.309639,0.000115,9.6782,0.060024,0.101277,0.116519,0.019319,0.001216,0.00009755
17,368,0.240448,0.000070,11.7835,0.059980,0.101230,0.065998,0.016812,0.000655,0.00009755
17,369,0.231728,0.000085,7.4370,0.059955,0.101304,0.091875,0.012089,0.001195,0.00009755
17,370,0.269313,0.000074,14.0032,0.059955,0.101251,0.096965,0.006756,0.001053,0.00009755
17,371,0.234320,0.000089,7.4217,0.059925,0.101245,0.071611,0.017035,0.001150,0.00009755
17,372,0.195770,0.000060,8.4478,0.059930,0.101219,0.075210,0.010440,0.000644,0.00009755
17,373,0.238495,0.000073,9.7658,0.059915,0.101301,0.115637,0.004429,0.001040,0.00009755
17,374,0.231132,0.000055,13.3720,0.059873,0.101286,0.087179,0.008293,0.000405,0.00009755
17,375,0.205822,0.000068,8.2595,0.059888,0.101208,0.074701,0.009693,0.000519,0.00009755
17,376,0.258837,0.000076,11.2093,0.059911,0.101228,0.115050,0.013987,0.000531,0.00009755
17,377,0.215718,0.000078,8.0785,0.059895,0.101241,0.064644,0.008044,0.000446,0.00009755
17,378,0.269385,0.000084,11.3764,0.059931,0.101209,0.113162,0.006576,0.000583,0.00009755
17,379,0.184001,0.000060,7.0499,0.059902,0.101089,0.071511,0.011479,0.000575,0.00009755
17,380,0.320788,0.000061,19.0925,0.060018,0.101036,0.159328,0.007005,0.000643,0.00009755
17,381,0.292235,0.000074,15.2293,0.060086,0.100971,0.121388,0.006756,0.001484,0.00009755
17,382,0.214324,0.000062,9.6346,0.060061,0.100880,0.100608,0.003537,0.000501,0.00009755
17,383,0.273926,0.000099,10.5677,0.060048,0.100867,0.072338,0.011591,0.001086,0.00009755
17,384,0.244843,0.000067,10.9652,0.060105,0.100826,0.122518,0.009582,0.000886,0.00009755
17,385,0.195529,0.000065,7.6229,0.060088,0.100744,0.086487,0.001853,0.000869,0.00009755
17,386,0.208639,0.000060,10.0013,0.060115,0.100662,0.080105,0.006327,0.000893,0.00009755
17,387,0.263859,0.000078,13.2704,0.060090,0.100639,0.085932,0.003570,0.001537,0.00009755
17,388,0.243914,0.000096,7.2248,0.060050,0.100632,0.083575,0.008044,0.001485,0.00009755
17,389,0.232984,0.000071,10.6240,0.060076,0.100775,0.085260,0.007435,0.000992,0.00009755
17,390,0.179236,0.000064,6.1824,0.060029,0.100840,0.067251,0.006937,0.000633,0.00009755
17,391,0.183061,0.000053,8.6851,0.060027,0.100787,0.074493,0.002798,0.000472,0.00009755
18,1,0.330530,0.000127,11.3939,0.057423,0.124043,0.079932,0.015817,0.001890,0.00009045
18,2,0.374040,0.000118,14.9878,0.062011,0.135674,0.156916,0.019020,0.001522,0.00009045
18,3,0.248868,0.000096,7.3656,0.059272,0.119499,0.076157,0.017471,0.001430,0.00009045
18,4,0.278711,0.000110,8.1904,0.058191,0.111077,0.081868,0.016924,0.001449,0.00009045
18,5,0.307663,0.000090,14.2120,0.060809,0.103913,0.110715,0.009402,0.001389,0.00009045
18,6,0.290717,0.000112,9.5958,0.059666,0.113800,0.073420,0.016495,0.001670,0.00009045
18,7,0.371138,0.000096,17.8615,0.060796,0.112506,0.184533,0.011185,0.002107,0.00009045
18,8,0.280378,0.000100,10.0995,0.060567,0.114494,0.104591,0.007902,0.001916,0.00009045
18,9,0.369361,0.000095,18.1721,0.062390,0.111655,0.159997,0.017241,0.001720,0.00009045
18,10,0.336852,0.000121,12.4238,0.061851,0.110796,0.099543,0.017782,0.001654,0.00009045
18,11,0.311245,0.000097,12.7127,0.062576,0.111400,0.123799,0.016314,0.001522,0.00009045
18,12,0.263525,0.000100,8.5141,0.061842,0.113675,0.083225,0.011771,0.001449,0.00009045
18,13,0.353540,0.000109,15.1799,0.063937,0.113957,0.142989,0.012699,0.001540,0.00009045
18,14,0.289351,0.000110,9.4234,0.063861,0.115020,0.089322,0.012381,0.001435,0.00009045
18,15,0.319078,0.000115,11.2900,0.064834,0.111640,0.098136,0.017050,0.001690,0.00009045
18,16,0.268133,0.000100,9.3831,0.064022,0.110724,0.084393,0.004859,0.001728,0.00009045
18,17,0.272559,0.000076,12.8682,0.065319,0.112760,0.120114,0.006919,0.001398,0.00009045
18,18,0.238565,0.000090,7.7735,0.064560,0.111245,0.073341,0.012450,0.001608,0.00009045
18,19,0.275518,0.000090,11.4209,0.065305,0.109142,0.107684,0.005829,0.001168,0.00009045
18,20,0.247882,0.000092,8.3095,0.065252,0.107483,0.083062,0.013240,0.001245,0.00009045
18,21,0.287039,0.000089,12.3881,0.066012,0.108725,0.100106,0.009264,0.001394,0.00009045
18,22,0.249556,0.000094,8.3500,0.065773,0.108830,0.079895,0.008470,0.001260,0.00009045
18,23,0.266141,0.000087,10.7618,0.066042,0.107768,0.104768,0.010552,0.001346,0.00009045
18,24,0.270729,0.000093,10.5097,0.065884,0.108362,0.095352,0.007546,0.001894,0.00009045
18,25,0.305493,0.000080,15.5695,0.066306,0.107153,0.122369,0.005345,0.001219,0.00009045
18,26,0.232902,0.000081,8.7308,0.066030,0.105237,0.078867,0.012089,0.001158,0.00009045
18,27,0.268263,0.000072,12.5882,0.065983,0.103741,0.132192,0.009942,0.001187,0.00009045
18,28,0.249188,0.000064,12.7816,0.066019,0.104036,0.099787,0.008654,0.000690,0.00009045
18,29,0.298882,0.000104,11.7275,0.065855,0.105965,0.083935,0.017602,0.001405,0.00009045
18,30,0.248473,0.000074,10.6981,0.065792,0.105207,0.111323,0.009942,0.001577,0.00009045
18,31,0.197997,0.000062,8.0898,0.065133,0.105722,0.088459,0.007615,0.000717,0.00009045
18,32,0.235686,0.000069,11.5552,0.064620,0.103633,0.079304,0.007435,0.001021,0.00009045
18,33,0.204977,0.000074,7.5547,0.064257,0.103427,0.065257,0.005898,0.000872,0.00009045
18,34,0.235166,0.000056,12.8607,0.064769,0.104673,0.111422,0.001424,0.000710,0.00009045
18,35,0.269236,0.000100,9.1185,0.064430,0.104389,0.096961,0.005717,0.001439,0.00009045
18,36,0.243138,0.000096,7.6606,0.063929,0.105057,0.060150,0.011951,0.001638,0.00009045
18,37,0.242749,0.000101,7.0662,0.063551,0.103615,0.059508,0.010732,0.001575,0.00009045
18,38,0.350871,0.000093,16.9138,0.063884,0.102339,0.174110,0.004859,0.001500,0.00009045
18,39,0.260361,0.000091,9.4746,0.063672,0.102261,0.102798,0.005468,0.001451,0.00009045
18,40,0.316583,0.000091,15.0614,0.063914,0.102561,0.114887,0.006937,0.001329,0.00009045
18,41,0.309153,0.000099,13.9527,0.063702,0.102585,0.096849,0.009332,0.001890,0.00009045
18,42,0.291211,0.000098,11.1770,0.063649,0.102818,0.119788,0.003009,0.001977,0.00009045
18,43,0.301862,0.000110,10.1210,0.063513,0.103505,0.109937,0.014307,0.000980,0.00009045
18,44,0.285193,0.000091,13.0399,0.063282,0.104013,0.085178,0.013059,0.000549,0.00009045
18,45,0.203701,0.000069,8.5130,0.062980,0.103972,0.060416,0.005898,0.000670,0.00009045
18,46,0.289945,0.000075,14.4707,0.062775,0.104003,0.151341,0.006688,0.001048,0.00009045
18,47,0.242698,0.000075,9.7388,0.062755,0.104575,0.110225,0.010372,0.000825,0.00009045
18,48,0.261573,0.000094,10.0556,0.062563,0.105035,0.069461,0.011342,0.000704,0.00009045
18,49,0.269523,0.000097,9.6930,0.062570,0.105683,0.074437,0.020041,0.002236,0.00009045
18,50,0.253232,0.000076,10.8641,0.062475,0.104837,0.120616,0.005717,0.001681,0.00009045
18,51,0.194301,0.000067,7.2555,0.062268,0.105195,0.079915,0.005546,0.000385,0.00009045
18,52,0.301938,0.000097,13.2555,0.062120,0.104948,0.096295,0.009942,0.001752,0.00009045
18,53,0.235674,0.000092,7.4793,0.061987,0.105093,0.074178,0.008585,0.001367,0.00009045
18,54,0.296988,0.000083,13.8944,0.062355,0.104937,0.111981,0.013806,0.001182,0.00009045
18,55,0.215275,0.000076,8.0856,0.062161,0.104756,0.070230,0.004429,0.001067,0.00009045
18,56,0.316790,0.000095,13.9407,0.062532,0.103819,0.136221,0.008156,0.001343,0.00009045
18,57,0.248518,0.000086,9.4204,0.062525,0.103466,0.088665,0.009693,0.001275,0.00009045
18,58,0.268080,0.000091,10.6700,0.062702,0.103267,0.086813,0.009126,0.001679,0.00009045
18,59,0.240482,0.000092,7.6145,0.062487,0.103215,0.081989,0.007995,0.001483,0.00009045
18,60,0.262246,0.000072,13.9172,0.062430,0.103231,0.088076,0.005717,0.000595,0.00009045
18,61,0.198317,0.000068,8.0189,0.062328,0.103164,0.062701,0.004429,0.000471,0.00009045
18,62,0.243839,0.000063,11.4443,0.062439,0.103554,0.130806,0.015455,0.000623,0.00009045
18,63,0.197667,0.000062,7.8046,0.062374,0.102823,0.086084,0.010621,0.000837,0.00009045
18,64,0.291980,0.000102,11.0858,0.062600,0.102015,0.103923,0.012132,0.001653,0.00009045
18,65,0.297517,0.000092,13.6268,0.062528,0.102420,0.089175,0.013489,0.001042,0.00009045
18,66,0.254628,0.000083,10.0046,0.062465,0.102399,0.091555,0.016855,0.001210,0.00009045
18,67,0.328091,0.000063,18.8984,0.062632,0.102015,0.190831,0.013738,0.000688,0.00009045
18,68,0.251429,0.000061,12.5669,0.062421,0.101973,0.128514,0.008293,0.000534,0.00009045
18,69,0.349397,0.000088,17.3871,0.063099,0.101893,0.155174,0.019972,0.000738,0.00009045
18,70,0.256157,0.000074,12.1110,0.063077,0.102134,0.092336,0.010801,0.000684,0.00009045
18,71,0.216623,0.000061,10.6442,0.063282,0.102210,0.087372,0.006576,0.000641,0.00009045
18,72,0.258263,0.000085,9.8826,0.063183,0.101908,0.114115,0.008293,0.000380,0.00009045
18,73,0.249255,0.000089,9.5274,0.063260,0.102449,0.085058,0.003141,0.000384,0.00009045
18,74,0.200625,0.000075,7.0773,0.063011,0.102048,0.061475,0.004859,0.000656,0.00009045
18,75,0.355319,0.000094,16.7234,0.063223,0.102369,0.174456,0.012089,0.001150,0.00009045
18,76,0.209548,0.000062,8.9923,0.063122,0.101948,0.105364,0.001424,0.000808,0.00009045
18,77,0.373969,0.000121,16.5421,0.063280,0.101864,0.114827,0.009015,0.000677,0.00009045
18,78,0.293581,0.000108,10.0582,0.063293,0.101895,0.095881,0.013738,0.000906,0.00009045
18,79,0.363174,0.000116,14.7221,0.063384,0.102499,0.155221,0.010378,0.000846,0.00009045
18,80,0.356337,0.000136,11.2610,0.063448,0.102810,0.110449,0.026890,0.001021,0.00009045
18,81,0.361753,0.000099,18.0074,0.063720,0.103021,0.142453,0.007186,0.001132,0.00009045
18,82,0.316093,0.000082,17.3523,0.063824,0.103231,0.124562,0.006576,0.000636,0.00009045
18,83,0.227880,0.000072,9.7601,0.063816,0.103672,0.091762,0.003321,0.000689,0.00009045
18,84,0.220047,0.000083,7.2036,0.063579,0.103510,0.082784,0.006078,0.000723,0.00009045
18,85,0.268271,0.000064,15.4679,0.063554,0.103477,0.107169,0.002798,0.000806,0.00009045
18,86,0.278965,0.000113,8.2193,0.063359,0.103269,0.059387,0.021287,0.001620,0.00009045
18,87,0.420705,0.000095,23.8764,0.063383,0.103321,0.226809,0.013059,0.000949,0.00009045
18,88,0.268614,0.000086,10.3952,0.063198,0.103311,0.122809,0.006937,0.001513,0.00009045
18,89,0.247795,0.000092,8.5392,0.063034,0.103333,0.064749,0.015275,0.001222,0.00009045
18,90,0.256151,0.000078,11.8792,0.063015,0.103045,0.097215,0.009873,0.000799,0.00009045
18,91,0.222604,0.000088,6.8551,0.062832,0.103028,0.058903,0.014777,0.001231,0.00009045
18,92,0.327586,0.000093,14.5656,0.063251,0.103036,0.146036,0.016966,0.001097,0.00009045
18,93,0.248920,0.000075,10.4092,0.063326,0.102676,0.113402,0.012718,0.000886,0.00009045
18,94,0.231680,0.000062,11.0593,0.063221,0.102764,0.119295,0.004859,0.000684,0.00009045
18,95,0.274416,0.000068,15.3822,0.063176,0.102609,0.106394,0.010011,0.000643,0.00009045
18,96,0.257657,0.000090,10.5233,0.063049,0.102494,0.072428,0.007435,0.000907,0.00009045
18,97,0.263991,0.000098,8.7582,0.062927,0.102445,0.094840,0.010732,0.000811,0.00009045
18,98,0.188312,0.000064,7.3110,0.062797,0.102770,0.065828,0.005288,0.000328,0.00009045
18,99,0.230339,0.000069,10.1987,0.062763,0.102719,0.100273,0.005039,0.000521,0.00009045
18,100,0.181839,0.000056,7.9728,0.062562,0.102631,0.069030,0.008293,0.000441,0.00009045
18,101,0.212209,0.000064,8.7986,0.062509,0.102731,0.091806,0.012767,0.000425,0.00009045
18,102,0.193637,0.000053,10.1919,0.062465,0.102783,0.071319,0.004172,0.000326,0.00009045
18,103,0.195124,0.000070,6.4094,0.062297,0.102570,0.069971,0.014596,0.000415,0.00009045
18,104,0.268270,0.000106,8.4878,0.062313,0.102697,0.077805,0.005288,0.000824,0.00009045
18,105,0.256404,0.000083,10.5032,0.062234,0.102845,0.077664,0.019500,0.000852,0.00009045
18,106,0.224015,0.000083,7.5026,0.062060,0.102552,0.079290,0.005898,0.000741,0.00009045
18,107,0.242972,0.000072,11.3907,0.062098,0.102350,0.092367,0.006327,0.000583,0.00009045
18,108,0.270342,0.000105,9.0264,0.061977,0.102923,0.077557,0.006147,0.001115,0.00009045
18,109,0.253633,0.000066,12.3366,0.062140,0.103200,0.127222,0.006756,0.000924,0.00009045
18,110,0.301841,0.000104,10.9091,0.062199,0.103218,0.118472,0.012829,0.001211,0.00009045
18,111,0.213055,0.000071,9.0319,0.062079,0.103544,0.060307,0.009152,0.000319,0.00009045
18,112,0.205000,0.000067,7.5894,0.061979,0.103573,0.081064,0.017894,0.000932,0.00009045
18,113,0.260213,0.000067,13.4981,0.062208,0.103775,0.105032,0.005288,0.000690,0.00009045
18,114,0.182587,0.000059,7.5124,0.062128,0.103988,0.074298,0.004429,0.000424,0.00009045
18,115,0.247208,0.000052,13.2303,0.062218,0.104015,0.148144,0.004000,0.000394,0.00009045
18,116,0.257961,0.000084,11.1521,0.062253,0.103659,0.083422,0.007005,0.000825,0.00009045
18,117,0.238141,0.000092,8.2368,0.062217,0.103607,0.067221,0.004000,0.001064,0.00009045
18,118,0.264360,0.000077,11.5060,0.062138,0.103618,0.133384,0.005717,0.001636,0.00009045
18,119,0.236389,0.000068,11.1610,0.062007,0.103680,0.092821,0.006919,0.000570,0.00009045
18,120,0.236362,0.000069,10.5724,0.061946,0.103650,0.107271,0.005898,0.001021,0.00009045
18,121,0.215224,0.000073,7.3272,0.061878,0.103628,0.072221,0.029779,0.000683,0.00009045
18,122,0.316372,0.000093,14.7796,0.061849,0.103578,0.098775,0.031607,0.000900,0.00009045
18,123,0.244944,0.000081,10.0952,0.061817,0.103203,0.093616,0.007186,0.000722,0.00009045
18,124,0.280169,0.000061,14.7602,0.061990,0.103077,0.157785,0.009152,0.000635,0.00009045
18,125,0.273365,0.000070,13.2701,0.061959,0.103438,0.138641,0.007795,0.000833,0.00009045
18,126,0.242401,0.000063,12.6783,0.061989,0.103306,0.090424,0.008474,0.000680,0.00009045
18,127,0.212618,0.000070,8.9171,0.061906,0.103342,0.072177,0.007680,0.000758,0.00009045
18,128,0.214113,0.000071,8.7369,0.061955,0.103157,0.085391,0.003141,0.000647,0.00009045
18,129,0.264028,0.000078,11.6688,0.061842,0.103003,0.126133,0.004429,0.000930,0.00009045
18,130,0.212445,0.000060,9.6153,0.061823,0.102745,0.100540,0.007435,0.000510,0.00009045
18,131,0.247927,0.000062,13.5470,0.061871,0.102634,0.093948,0.007005,0.000930,0.00009045
18,132,0.216117,0.000076,8.2949,0.061888,0.102624,0.073865,0.007435,0.000654,0.00009045
18,133,0.219075,0.000080,7.9214,0.061791,0.102615,0.066418,0.005468,0.000528,0.00009045
18,134,0.185118,0.000058,7.3335,0.061659,0.102592,0.084253,0.008293,0.000605,0.00009045
18,135,0.265581,0.000102,8.9726,0.061578,0.102555,0.071829,0.010191,0.000677,0.00009045
18,136,0.274793,0.000094,9.7332,0.061629,0.102300,0.100573,0.024561,0.000387,0.00009045
18,137,0.202031,0.000067,8.6983,0.061502,0.102146,0.058223,0.007366,0.000766,0.00009045
18,138,0.161468,0.000055,6.2961,0.061388,0.102191,0.061054,0.004000,0.000297,0.00009045
18,139,0.232153,0.000059,11.2405,0.061348,0.102573,0.120661,0.005717,0.000462,0.00009045
18,140,0.195023,0.000069,6.8555,0.061230,0.102658,0.076014,0.006937,0.000535,0.00009045
18,141,0.247658,0.000062,13.9901,0.061139,0.102630,0.093148,0.007615,0.000784,0.00009045
18,142,0.197309,0.000057,9.9048,0.061032,0.102320,0.063079,0.005898,0.000446,0.00009045
18,143,0.260042,0.000072,11.8774,0.060939,0.102018,0.125081,0.007005,0.000939,0.00009045
18,144,0.211558,0.000072,8.7308,0.060942,0.101921,0.074513,0.003537,0.000604,0.00009045
18,145,0.188376,0.000073,5.9122,0.060821,0.101563,0.063246,0.006937,0.000312,0.00009045
18,146,0.243892,0.000068,12.3533,0.060727,0.101554,0.091919,0.004429,0.000475,0.00009045
18,147,0.222935,0.000083,7.8331,0.060660,0.101364,0.061401,0.009444,0.000705,0.00009045
18,148,0.210531,0.000056,9.9682,0.060532,0.101426,0.110522,0.007615,0.000287,0.00009045
18,149,0.196703,0.000068,7.3604,0.060449,0.101347,0.071642,0.006583,0.000567,0.00009045
18,150,0.249867,0.000083,9.8605,0.060442,0.101538,0.096313,0.005898,0.000610,0.00009045
18,151,0.187580,0.000059,8.1829,0.060316,0.101279,0.061871,0.008044,0.000344,0.00009045
18,152,0.309234,0.000077,16.0349,0.060581,0.101153,0.138795,0.011272,0.000453,0.00009045
18,153,0.223910,0.000061,10.8664,0.060566,0.101276,0.091086,0.010821,0.000353,0.00009045
18,154,0.323350,0.000090,15.0458,0.060663,0.101299,0.155102,0.005717,0.001972,0.00009045
18,155,0.261169,0.000091,9.2926,0.060673,0.101175,0.100808,0.009942,0.002357,0.00009045
18,156,0.307996,0.000091,14.0282,0.060797,0.100740,0.107762,0.016743,0.002628,0.00009045
18,157,0.297018,0.000090,13.5418,0.060780,0.101463,0.097937,0.015885,0.001692,0.00009045
18,158,0.276458,0.000065,14.3887,0.060866,0.101794,0.145577,0.006327,0.001868,0.00009045
18,159,0.212344,0.000064,8.8034,0.060774,0.101492,0.095697,0.012269,0.001315,0.00009045
18,160,0.286798,0.000066,15.5427,0.060908,0.101654,0.124243,0.013806,0.001130,0.00009045
18,161,0.221978,0.000069,10.3784,0.060906,0.101341,0.074048,0.005873,0.001032,0.00009045
18,162,0.207516,0.000070,8.1389,0.060894,0.101096,0.087675,0.003141,0.000732,0.00009045
18,163,0.236651,0.000079,9.1272,0.060856,0.101282,0.101387,0.004859,0.000756,0.00009045
18,164,0.285726,0.000085,13.2748,0.060979,0.101040,0.100640,0.014914,0.000815,0.00009045
18,165,0.231935,0.000087,8.2671,0.060960,0.101018,0.067827,0.007615,0.000907,0.00009045
18,166,0.322517,0.000089,15.0603,0.061048,0.100759,0.149704,0.005288,0.001655,0.00009045
18,167,0.268369,0.000109,7.9071,0.061054,0.100965,0.077476,0.007297,0.002033,0.00009045
18,168,0.308536,0.000081,15.4154,0.061218,0.101277,0.125932,0.005288,0.001384,0.00009045
18,169,0.262190,0.000089,10.4851,0.061239,0.101289,0.091973,0.003751,0.001721,0.00009045
18,170,0.228150,0.000054,11.6212,0.061246,0.101510,0.119713,0.008293,0.000614,0.00009045
18,171,0.226344,0.000086,7.4745,0.061181,0.101601,0.071392,0.008156,0.000811,0.00009045
18,172,0.251914,0.000072,11.8362,0.061247,0.101741,0.093441,0.012269,0.000375,0.00009045
18,173,0.225319,0.000072,9.7704,0.061202,0.101623,0.078859,0.005039,0.000619,0.00009045
18,174,0.266367,0.000075,12.0222,0.061232,0.101339,0.133054,0.004000,0.000567,0.00009045
18,175,0.236254,0.000078,9.6150,0.061202,0.101606,0.089345,0.006576,0.000907,0.00009045
18,176,0.292110,0.000073,15.1850,0.061281,0.101514,0.123944,0.008044,0.000413,0.00009045
18,177,0.197130,0.000060,8.6112,0.061260,0.101315,0.083667,0.004859,0.000508,0.00009045
18,178,0.233843,0.000059,11.3282,0.061301,0.101170,0.124304,0.004066,0.000321,0.00009045
18,179,0.213020,0.000063,9.4683,0.061257,0.101259,0.091764,0.008293,0.000582,0.00009045
18,180,0.295198,0.000093,12.7542,0.061313,0.101418,0.103511,0.009264,0.000787,0.00009045
18,181,0.234740,0.000085,8.4369,0.061260,0.101438,0.075136,0.009264,0.000524,0.00009045
18,182,0.365041,0.000102,17.2717,0.061351,0.101546,0.164858,0.006147,0.000732,0.00009045
18,183,0.183638,0.000053,8.3741,0.061324,0.101772,0.071210,0.012089,0.000504,0.00009045
18,184,0.228830,0.000074,9.5843,0.061363,0.101709,0.090109,0.005717,0.000555,0.00009045
18,185,0.189581,0.000071,6.9966,0.061273,0.101714,0.053881,0.002712,0.000650,0.00009045
18,186,0.263307,0.000061,13.9912,0.061252,0.101884,0.139203,0.004859,0.000340,0.00009045
18,187,0.157754,0.000055,6.2176,0.061153,0.101921,0.050084,0.004172,0.000319,0.00009045
18,188,0.248011,0.000069,12.4627,0.061314,0.101724,0.114003,0.003570,0.000389,0.00009045
18,189,0.204518,0.000058,9.1254,0.061265,0.101722,0.104853,0.004000,0.000387,0.00009045
18,190,0.245094,0.000069,12.4902,0.061223,0.101728,0.083225,0.005717,0.000599,0.00009045
18,191,0.208631,0.000070,8.0426,0.061198,0.101596,0.078161,0.007615,0.000417,0.00009045
18,192,0.230977,0.000085,8.1579,0.061205,0.101539,0.074657,0.006576,0.001120,0.00009045
18,193,0.166113,0.000057,5.9199,0.061117,0.101487,0.063128,0.010191,0.000584,0.00009045
18,194,0.272610,0.000070,14.0663,0.061051,0.101438,0.110414,0.007005,0.000727,0.00009045
18,195,0.194020,0.000076,6.2316,0.060962,0.101445,0.059512,0.004594,0.000319,0.00009045
18,196,0.258702,0.000072,12.6508,0.061075,0.101532,0.097541,0.005496,0.001914,0.00009045
18,197,0.233226,0.000071,9.8452,0.061026,0.101470,0.100133,0.010011,0.000850,0.00009045
18,198,0.198000,0.000065,8.1635,0.060980,0.101629,0.070993,0.006327,0.000715,0.00009045
18,199,0.260254,0.000088,10.3199,0.060996,0.101621,0.099079,0.005717,0.001012,0.00009045
18,200,0.176154,0.000064,6.4140,0.060908,0.101873,0.061625,0.004000,0.000602,0.00009045
18,201,0.323830,0.000059,20.0859,0.061165,0.101746,0.158767,0.005717,0.000291,0.00009045
18,202,0.253703,0.000064,13.4226,0.061317,0.101696,0.114205,0.003751,0.000457,0.00009045
18,203,0.295694,0.000083,13.5368,0.061270,0.101545,0.145947,0.012699,0.000943,0.00009045
18,204,0.175926,0.000056,7.2965,0.061217,0.101433,0.072116,0.005546,0.000600,0.00009045
18,205,0.322009,0.000089,15.6818,0.061332,0.101559,0.119903,0.011771,0.000564,0.00009045
18,206,0.250411,0.000070,12.2990,0.061274,0.101288,0.086280,0.007795,0.001199,0.00009045
18,207,0.258733,0.000066,11.8759,0.061313,0.101122,0.128332,0.028353,0.001067,0.00009045
18,208,0.213880,0.000065,9.1252,0.061328,0.101077,0.088918,0.009693,0.000757,0.00009045
18,209,0.274596,0.000066,15.1135,0.061434,0.100860,0.111099,0.006576,0.000538,0.00009045
18,210,0.177794,0.000058,7.3609,0.061393,0.100650,0.065821,0.003570,0.000889,0.00009045
18,211,0.373193,0.000101,16.7587,0.061458,0.100625,0.179852,0.019929,0.001742,0.00009045
18,212,0.215227,0.000067,8.9732,0.061498,0.100501,0.093228,0.009350,0.001113,0.00009045
18,213,0.238600,0.000060,12.3721,0.061492,0.100476,0.099825,0.006937,0.000639,0.00009045
18,214,0.211238,0.000080,7.1605,0.061435,0.100391,0.058318,0.009762,0.001057,0.00009045
18,215,0.291420,0.000066,15.6952,0.061436,0.100429,0.153579,0.004000,0.000980,0.00009045
18,216,0.262799,0.000065,13.2806,0.061406,0.100353,0.131001,0.002712,0.000479,0.00009045
18,217,0.287502,0.000103,11.2612,0.061420,0.100356,0.080342,0.007366,0.000776,0.00009045
18,218,0.293569,0.000120,8.6783,0.061413,0.100627,0.075453,0.013489,0.001199,0.00009045
18,219,0.228903,0.000066,10.1890,0.061444,0.100860,0.096054,0.012158,0.001056,0.00009045
18,220,0.213160,0.000056,10.3005,0.061448,0.101006,0.110627,0.006327,0.000802,0.00009045
18,221,0.254221,0.000062,13.1092,0.061416,0.100965,0.127730,0.002798,0.000558,0.00009045
18,222,0.368299,0.000092,19.3463,0.061567,0.100980,0.148945,0.011161,0.001121,0.00009045
18,223,0.272403,0.000074,13.3682,0.061693,0.100739,0.111841,0.006078,0.000876,0.00009045
18,224,0.260490,0.000097,9.0556,0.061721,0.100624,0.087427,0.005399,0.001066,0.00009045
18,225,0.219400,0.000063,9.4744,0.061650,0.100446,0.113283,0.007615,0.000557,0.00009045
18,226,0.240203,0.000084,9.5874,0.061619,0.100446,0.065897,0.009762,0.000808,0.00009045
18,227,0.225514,0.000086,7.3727,0.061573,0.100354,0.070759,0.010870,0.000431,0.00009045
18,228,0.259882,0.000083,11.3194,0.061647,0.100237,0.093863,0.004000,0.000762,0.00009045
18,229,0.315976,0.000124,10.1544,0.061637,0.100233,0.106781,0.005651,0.000480,0.00009045
18,230,0.202992,0.000057,9.9149,0.061578,0.100297,0.075566,0.011230,0.000699,0.00009045
18,231,0.227477,0.000069,10.1154,0.061615,0.100126,0.085627,0.008654,0.000656,0.00009045
18,232,0.221999,0.000066,9.9517,0.061588,0.099981,0.106300,0.003751,0.000553,0.00009045
18,233,0.196940,0.000062,8.7291,0.061597,0.100024,0.072552,0.003570,0.000783,0.00009045
18,234,0.178828,0.000064,6.7463,0.061508,0.100155,0.058026,0.002282,0.000943,0.00009045
18,235,0.189072,0.000058,7.9968,0.061426,0.100100,0.091824,0.002712,0.000418,0.00009045
18,236,0.278812,0.000107,9.1205,0.061400,0.100155,0.095094,0.006756,0.000625,0.00009045
18,237,0.377326,0.000087,21.0109,0.061346,0.100293,0.163520,0.005717,0.001353,0.00009045
18,238,0.184286,0.000053,8.8537,0.061356,0.100299,0.075961,0.004172,0.000431,0.00009045
18,239,0.224797,0.000069,9.8727,0.061277,0.100360,0.095855,0.003570,0.000670,0.00009045
18,240,0.288830,0.000089,11.7451,0.061282,0.100494,0.130362,0.007546,0.000845,0.00009045
18,241,0.202650,0.000067,7.5722,0.061226,0.100487,0.086620,0.011050,0.000638,0.00009045
18,242,0.258819,0.000060,14.3468,0.061314,0.100575,0.111017,0.004180,0.000671,0.00009045
18,243,0.233276,0.000057,13.3984,0.061242,0.100616,0.081141,0.003141,0.000508,0.00009045
18,244,0.204391,0.000069,8.1449,0.061200,0.100650,0.060615,0.010372,0.001144,0.00009045
18,245,0.317583,0.000075,17.3939,0.061181,0.100639,0.175754,0.006576,0.000564,0.00009045
18,246,0.311549,0.000069,16.2799,0.061232,0.100502,0.182291,0.004066,0.001344,0.00009045
18,247,0.210180,0.000063,8.8275,0.061202,0.100630,0.099165,0.006438,0.000976,0.00009045
18,248,0.246278,0.000075,11.4167,0.061171,0.100451,0.081030,0.011230,0.000578,0.00009045
18,249,0.243443,0.000067,11.9038,0.061252,0.100530,0.111922,0.007366,0.000264,0.00009045
18,250,0.213808,0.000077,7.3603,0.061195,0.100586,0.080174,0.006327,0.000510,0.00009045
18,251,0.316211,0.000061,19.0917,0.061334,0.100475,0.153031,0.004859,0.000444,0.00009045
18,252,0.280503,0.000059,16.4670,0.061371,0.100366,0.125725,0.002282,0.000284,0.00009045
18,253,0.286338,0.000100,10.4158,0.061351,0.100386,0.111974,0.008044,0.001020,0.00009045
18,254,0.196772,0.000076,6.1266,0.061278,0.100324,0.071957,0.003570,0.001027,0.00009045
18,255,0.306890,0.000091,15.1868,0.061255,0.100105,0.106410,0.006919,0.000328,0.00009045
18,256,0.209392,0.000064,9.6441,0.061192,0.100160,0.068840,0.009513,0.000862,0.00009045
18,257,0.238612,0.000068,10.7003,0.061199,0.100124,0.110236,0.008293,0.000597,0.00009045
18,258,0.185314,0.000070,6.2529,0.061130,0.100191,0.052804,0.009942,0.000460,0.00009045
18,259,0.385051,0.000112,17.5382,0.061113,0.100280,0.171324,0.010054,0.001592,0.00009045
18,260,0.201200,0.000073,6.9410,0.061044,0.100305,0.072888,0.006688,0.000792,0.00009045
18,261,0.341637,0.000104,15.3669,0.061105,0.100211,0.125264,0.007005,0.000864,0.00009045
18,262,0.218881,0.000072,9.3660,0.061034,0.100147,0.069651,0.004859,0.001200,0.00009045
18,263,0.200746,0.000054,10.4141,0.061076,0.100250,0.094033,0.003009,0.000491,0.00009045
18,264,0.169935,0.000055,6.4284,0.061027,0.100168,0.069238,0.010372,0.000413,0.00009045
18,265,0.278058,0.000073,14.4922,0.061130,0.100085,0.107979,0.001853,0.000908,0.00009045
18,266,0.209392,0.000066,8.9557,0.061151,0.100111,0.082946,0.004859,0.000531,0.00009045
18,267,0.279708,0.000094,10.9536,0.061233,0.100074,0.110344,0.008044,0.000930,0.00009045
18,268,0.220341,0.000076,8.1089,0.061223,0.099981,0.089062,0.004429,0.000717,0.00009045
18,269,0.280098,0.000081,13.5628,0.061276,0.100101,0.101519,0.007864,0.000495,0.00009045
18,270,0.236953,0.000067,12.0629,0.061253,0.100177,0.081318,0.004609,0.000449,0.00009045
18,271,0.215020,0.000067,8.7511,0.061253,0.100145,0.099857,0.004790,0.000475,0.00009045
18,272,0.184649,0.000052,8.1850,0.061202,0.100125,0.092662,0.006122,0.000565,0.00009045
18,273,0.358395,0.000099,17.6915,0.061213,0.100086,0.118718,0.029240,0.001356,0.00009045
18,274,0.238661,0.000070,9.4025,0.061200,0.100120,0.103354,0.030955,0.000987,0.00009045
18,275,0.241530,0.000085,9.4788,0.061212,0.100200,0.073918,0.007615,0.000991,0.00009045
18,276,0.190403,0.000066,7.7308,0.061154,0.100252,0.053842,0.006756,0.000503,0.00009045
18,277,0.237309,0.000061,10.8748,0.061175,0.100274,0.129340,0.011479,0.000451,0.00009045
18,278,0.255163,0.000087,9.3701,0.061157,0.100177,0.095329,0.014596,0.000710,0.00009045
18,279,0.217537,0.000066,9.8275,0.061162,0.100054,0.076944,0.010621,0.000653,0.00009045
18,280,0.377544,0.000141,11.6971,0.061184,0.100239,0.122344,0.032411,0.001856,0.00009045
18,281,0.194868,0.000057,9.1190,0.061195,0.100238,0.075534,0.003141,0.000259,0.00009045
18,282,0.218072,0.000079,8.2348,0.061133,0.100192,0.061591,0.006576,0.000636,0.00009045
18,283,0.281949,0.000068,14.3661,0.061158,0.100119,0.157841,0.003141,0.000379,0.00009045
18,284,0.236316,0.000078,8.7690,0.061117,0.100027,0.109302,0.008044,0.000420,0.00009045
18,285,0.243505,0.000070,11.8637,0.061078,0.100046,0.087955,0.003570,0.000540,0.00009045
18,286,0.189496,0.000058,8.7839,0.061027,0.100101,0.066072,0.005039,0.000459,0.00009045
18,287,0.241966,0.000088,9.2165,0.060988,0.100110,0.061911,0.006078,0.000877,0.00009045
18,288,0.284610,0.000078,12.7960,0.060991,0.099988,0.152364,0.005717,0.000703,0.00009045
18,289,0.281942,0.000059,15.5927,0.060965,0.100000,0.171502,0.011041,0.000826,0.00009045
18,290,0.265525,0.000100,8.8237,0.060953,0.100133,0.084579,0.009332,0.000649,0.00009045
18,291,0.295206,0.000076,15.2083,0.061039,0.100051,0.116236,0.008225,0.000918,0.00009045
18,292,0.225308,0.000063,10.5112,0.061065,0.100116,0.106495,0.004000,0.000566,0.00009045
18,293,0.233878,0.000072,11.0069,0.061036,0.100167,0.074653,0.004609,0.000703,0.00009045
18,294,0.218361,0.000068,8.9045,0.060994,0.100219,0.100445,0.009332,0.000550,0.00009045
18,295,0.246469,0.000098,8.1041,0.060967,0.100272,0.062563,0.005898,0.001253,0.00009045
18,296,0.294044,0.000090,12.3462,0.060951,0.100334,0.131687,0.006147,0.000536,0.00009045
18,297,0.231589,0.000080,9.1318,0.060905,0.100349,0.077199,0.005873,0.001157,0.00009045
18,298,0.191723,0.000063,7.4061,0.060879,0.100389,0.087031,0.003141,0.000560,0.00009045
18,299,0.191595,0.000067,7.7472,0.060841,0.100329,0.061466,0.002282,0.000362,0.00009045
18,300,0.283405,0.000060,16.6047,0.060964,0.100326,0.140537,0.003570,0.000516,0.00009045
18,301,0.224468,0.000061,10.3200,0.060958,0.100197,0.121686,0.003570,0.000691,0.00009045
18,302,0.195260,0.000069,7.3837,0.060940,0.100423,0.069265,0.004180,0.000631,0.00009045
18,303,0.214673,0.000062,9.9350,0.060910,0.100458,0.085931,0.006078,0.000673,0.00009045
18,304,0.231044,0.000068,9.9347,0.060886,0.100366,0.115930,0.007186,0.000860,0.00009045
18,305,0.238757,0.000083,9.6034,0.060876,0.100325,0.070355,0.005648,0.000746,0.00009045
18,306,0.301276,0.000102,13.1764,0.060851,0.100270,0.088424,0.004172,0.000593,0.00009045
18,307,0.335984,0.000091,15.6866,0.060925,0.100387,0.162978,0.006078,0.000996,0.00009045
18,308,0.337362,0.000109,13.4175,0.060970,0.100661,0.140208,0.013240,0.000699,0.00009045
18,309,0.186637,0.000068,6.4826,0.060925,0.100713,0.068129,0.004609,0.000577,0.00009045
18,310,0.282616,0.000053,18.3435,0.060965,0.100755,0.134490,0.007186,0.000537,0.00009045
18,311,0.215811,0.000060,11.3459,0.060910,0.100743,0.073599,0.003141,0.000589,0.00009045
18,312,0.222660,0.000069,9.3496,0.060887,0.100870,0.097220,0.005288,0.000763,0.00009045
18,313,0.183148,0.000053,8.4856,0.060880,0.100902,0.079379,0.003141,0.000666,0.00009045
18,314,0.189016,0.000066,7.0625,0.060840,0.100875,0.072690,0.003537,0.000614,0.00009045
18,315,0.299626,0.000101,13.0009,0.060840,0.100944,0.087694,0.010096,0.001357,0.00009045
18,316,0.279093,0.000118,7.4687,0.060814,0.100880,0.069262,0.014167,0.001415,0.00009045
18,317,0.351937,0.000106,15.7967,0.060813,0.100854,0.158969,0.005898,0.001239,0.00009045
18,318,0.279907,0.000083,12.6479,0.060911,0.100792,0.126306,0.005468,0.000812,0.00009045
18,319,0.222204,0.000073,8.8796,0.060927,0.100774,0.085056,0.007435,0.000997,0.00009045
18,320,0.308667,0.000093,13.9059,0.060977,0.100930,0.103055,0.014236,0.001152,0.00009045
18,321,0.251956,0.000077,11.3339,0.060989,0.100930,0.100816,0.006327,0.000891,0.00009045
18,322,0.238533,0.000082,9.5362,0.060987,0.100819,0.071807,0.011161,0.000350,0.00009045
18,323,0.208282,0.000068,8.3767,0.060936,0.100803,0.096566,0.002798,0.000220,0.00009045
18,324,0.300918,0.000111,10.5796,0.060929,0.100832,0.086173,0.015095,0.001677,0.00009045
18,325,0.269887,0.000106,8.5954,0.060928,0.100922,0.075783,0.010844,0.001496,0.00009045
18,326,0.245138,0.000096,7.5343,0.060899,0.100895,0.076888,0.011840,0.001584,0.00009045
18,327,0.306363,0.000125,9.1769,0.060868,0.100751,0.070538,0.014895,0.001657,0.00009045
18,328,0.299436,0.000103,11.1636,0.060839,0.100811,0.114784,0.009015,0.001694,0.00009045
18,329,0.269537,0.000102,9.1333,0.060844,0.101002,0.079322,0.007186,0.001390,0.00009045
18,330,0.248545,0.000104,6.8884,0.060814,0.101035,0.065961,0.007598,0.001772,0.00009045
18,331,0.293958,0.000106,10.8644,0.060821,0.100981,0.081828,0.012352,0.001943,0.00009045
18,332,0.259470,0.000106,7.7213,0.060797,0.101117,0.073293,0.009152,0.000687,0.00009045
18,333,0.310987,0.000088,14.8779,0.060830,0.101180,0.121226,0.009942,0.000975,0.00009045
18,334,0.269621,0.000109,7.9049,0.060808,0.101128,0.076820,0.011771,0.000934,0.00009045
18,335,0.240330,0.000088,9.1412,0.060793,0.101099,0.065697,0.003570,0.001622,0.00009045
18,336,0.182378,0.000062,7.0106,0.060764,0.101044,0.067104,0.004000,0.000882,0.00009045
18,337,0.295661,0.000102,11.8113,0.060806,0.100989,0.094643,0.006507,0.001018,0.00009045
18,338,0.172260,0.000060,6.0296,0.060749,0.100900,0.065500,0.009942,0.000663,0.00009045
18,339,0.326552,0.000104,14.3966,0.060835,0.100894,0.119512,0.008682,0.000743,0.00009045
18,340,0.185704,0.000056,8.9933,0.060815,0.100911,0.070928,0.002798,0.000454,0.00009045
18,341,0.224578,0.000074,9.0073,0.060826,0.100915,0.078699,0.011660,0.000594,0.00009045
18,342,0.279752,0.000109,8.3603,0.060816,0.101034,0.084078,0.020291,0.001310,0.00009045
18,343,0.314195,0.000115,11.3844,0.060810,0.101029,0.082007,0.015026,0.001721,0.00009045
18,344,0.265625,0.000103,8.3832,0.060792,0.100888,0.075239,0.016135,0.001455,0.00009045
18,345,0.333697,0.000098,14.7061,0.060829,0.100829,0.148542,0.012450,0.000921,0.00009045
18,346,0.293215,0.000097,11.3351,0.060868,0.100803,0.115736,0.016587,0.001334,0.00009045
18,347,0.305889,0.000109,11.7471,0.060864,0.100827,0.084549,0.010122,0.001465,0.00009045
18,348,0.266940,0.000104,8.6256,0.060850,0.100952,0.074469,0.012223,0.001108,0.00009045
18,349,0.253619,0.000075,11.5960,0.060923,0.100984,0.095689,0.010011,0.000410,0.00009045
18,350,0.232647,0.000081,8.5608,0.060901,0.101034,0.092541,0.005717,0.000479,0.00009045
18,351,0.320582,0.000117,11.1979,0.060943,0.101170,0.105559,0.015386,0.000977,0.00009045
18,352,0.235515,0.000087,8.7891,0.060917,0.101253,0.064898,0.005898,0.000415,0.00009045
18,353,0.204346,0.000076,6.5845,0.060873,0.101191,0.074116,0.008474,0.000572,0.00009045
18,354,0.225543,0.000081,8.1905,0.060839,0.101180,0.084816,0.003141,0.000222,0.00009045
18,355,0.284947,0.000094,11.8123,0.060861,0.101135,0.090659,0.009332,0.000802,0.00009045
18,356,0.217052,0.000064,10.9567,0.060814,0.101028,0.072247,0.002282,0.000333,0.00009045
18,357,0.260041,0.000067,13.7560,0.060865,0.100935,0.123266,0.002798,0.000447,0.00009045
18,358,0.322138,0.000076,16.6967,0.060850,0.100941,0.173199,0.016993,0.000369,0.00009045
18,359,0.232357,0.000075,9.5443,0.060853,0.100833,0.087924,0.009083,0.000590,0.00009045
18,360,0.201203,0.000062,9.3311,0.060817,0.100829,0.063511,0.007615,0.000396,0.00009045
18,361,0.310920,0.000101,11.8150,0.060819,0.100767,0.127953,0.022336,0.000827,0.00009045
18,362,0.514908,0.000209,14.9414,0.060864,0.100696,0.132753,0.038321,0.001035,0.00009045
18,363,0.402202,0.000161,11.5621,0.060862,0.100742,0.104438,0.034835,0.001710,0.00009045
18,364,0.460878,0.000149,17.7886,0.060999,0.100740,0.173496,0.039851,0.002097,0.00009045
18,365,0.462740,0.000163,16.7718,0.061072,0.100647,0.133328,0.043758,0.002534,0.00009045
18,366,0.284829,0.000100,11.6208,0.061068,0.100641,0.075806,0.007435,0.001893,0.00009045
18,367,0.362123,0.000111,15.4393,0.061078,0.100651,0.164976,0.011411,0.001238,0.00009045
18,368,0.210625,0.000069,7.9923,0.061059,0.100528,0.085612,0.013197,0.000782,0.00009045
18,369,0.232411,0.000085,7.9832,0.061029,0.100561,0.071093,0.015747,0.001090,0.00009045
18,370,0.237792,0.000076,9.5641,0.061031,0.100530,0.102647,0.006327,0.001244,0.00009045
18,371,0.238447,0.000092,8.0132,0.061004,0.100456,0.062138,0.009693,0.001249,0.00009045
18,372,0.244961,0.000059,12.3991,0.060956,0.100406,0.136832,0.007366,0.000637,0.00009045
18,373,0.241037,0.000078,9.3197,0.060926,0.100587,0.116330,0.002712,0.000964,0.00009045
18,374,0.249896,0.000053,16.1133,0.060890,0.100805,0.102843,0.004172,0.000555,0.00009045
18,375,0.241882,0.000063,12.4625,0.060921,0.100845,0.093844,0.009332,0.000416,0.00009045
18,376,0.264348,0.000075,11.4862,0.060921,0.100791,0.118316,0.017423,0.000604,0.00009045
18,377,0.227165,0.000076,9.1930,0.060936,0.100803,0.079798,0.005898,0.000575,0.00009045
18,378,0.210024,0.000082,6.8148,0.060900,0.100753,0.063005,0.004859,0.000548,0.00009045
18,379,0.248315,0.000071,11.2246,0.060908,0.100693,0.106658,0.013446,0.000777,0.00009045
18,380,0.289549,0.000087,12.9919,0.060992,0.100635,0.113129,0.005717,0.001112,0.00009045
18,381,0.360473,0.000094,17.8896,0.061197,0.100615,0.163093,0.005648,0.001996,0.00009045
18,382,0.282246,0.000074,14.1618,0.061321,0.100580,0.132107,0.002480,0.000643,0.00009045
18,383,0.331503,0.000099,15.2745,0.061429,0.100640,0.138361,0.010011,0.001115,0.00009045
18,384,0.235069,0.000070,11.2304,0.061432,0.100572,0.078765,0.005717,0.000999,0.00009045
18,385,0.241390,0.000067,11.2426,0.061442,0.100555,0.122232,0.005288,0.000956,0.00009045
18,386,0.227169,0.000070,9.7734,0.061466,0.100444,0.100012,0.005717,0.000712,0.00009045
18,387,0.217270,0.000078,8.1523,0.061436,0.100423,0.066910,0.005717,0.001392,0.00009045
18,388,0.321687,0.000095,13.7897,0.061475,0.100575,0.151709,0.005648,0.001833,0.00009045
18,389,0.243698,0.000078,9.6592,0.061454,0.100568,0.110164,0.005717,0.000818,0.00009045
18,390,0.253743,0.000060,13.9133,0.061482,0.100517,0.104088,0.005717,0.000599,0.00009045
18,391,0.179177,0.000062,6.8731,0.061447,0.100495,0.064228,0.006919,0.000345,0.00009045
19,1,0.321182,0.000112,12.1259,0.077946,0.046798,0.091563,0.020665,0.002051,0.00007939
19,2,0.325729,0.000117,11.2479,0.074100,0.088372,0.112042,0.020831,0.001859,0.00007939
19,3,0.293303,0.000107,10.5457,0.066566,0.097098,0.074217,0.021758,0.001673,0.00007939
19,4,0.306718,0.000110,10.3170,0.063736,0.115880,0.113953,0.019348,0.001782,0.00007939
19,5,0.250672,0.000094,7.9979,0.060595,0.117854,0.082449,0.012117,0.001400,0.00007939
19,6,0.292850,0.000109,10.0633,0.060455,0.115939,0.077395,0.019780,0.001736,0.00007939
19,7,0.273571,0.000107,8.3341,0.058988,0.114569,0.077101,0.018300,0.001852,0.00007939
19,8,0.306540,0.000097,13.4710,0.060595,0.109217,0.099199,0.011508,0.001761,0.00007939
19,9,0.267572,0.000096,9.0841,0.059970,0.111468,0.095425,0.016245,0.001553,0.00007939
19,10,0.354866,0.000119,13.4348,0.061266,0.109462,0.127937,0.018933,0.001559,0.00007939
19,11,0.290342,0.000103,10.2395,0.060962,0.109504,0.091280,0.020899,0.001518,0.00007939
19,12,0.303472,0.000105,11.7953,0.061387,0.109322,0.092517,0.014777,0.001467,0.00007939
19,13,0.300663,0.000106,10.5852,0.061128,0.108200,0.116904,0.012630,0.001448,0.00007939
19,14,0.288228,0.000109,9.6166,0.061216,0.109872,0.087864,0.016425,0.001494,0.00007939
19,15,0.334327,0.000120,12.2770,0.060842,0.111053,0.094260,0.019943,0.001819,0.00007939
19,16,0.261202,0.000103,8.5621,0.060141,0.107809,0.067610,0.008293,0.001843,0.00007939
19,17,0.286892,0.000085,12.5175,0.061474,0.106087,0.130414,0.009667,0.001636,0.00007939
19,18,0.243248,0.000087,8.4817,0.061353,0.104058,0.090863,0.009090,0.001449,0.00007939
19,19,0.246611,0.000095,8.5169,0.060936,0.104475,0.066294,0.005898,0.001047,0.00007939
19,20,0.240055,0.000091,7.9078,0.060207,0.104384,0.076109,0.008903,0.001341,0.00007939
19,21,0.319750,0.000089,14.5942,0.060559,0.104343,0.150766,0.011342,0.001236,0.00007939
19,22,0.263770,0.000094,9.2519,0.059998,0.105861,0.097368,0.010746,0.001113,0.00007939
19,23,0.293209,0.000088,13.6764,0.060741,0.106506,0.102276,0.006258,0.001485,0.00007939
19,24,0.253023,0.000093,9.4882,0.060622,0.105186,0.068456,0.007435,0.001747,0.00007939
19,25,0.230575,0.000079,8.3276,0.060150,0.105330,0.099898,0.006708,0.001185,0.00007939
19,26,0.231981,0.000077,8.8801,0.059806,0.104733,0.091438,0.010372,0.000889,0.00007939
19,27,0.316894,0.000071,18.1812,0.061056,0.104171,0.155951,0.006937,0.000942,0.00007939
19,28,0.220676,0.000063,10.8073,0.060992,0.102530,0.080444,0.007005,0.000599,0.00007939
19,29,0.272213,0.000104,9.2131,0.060994,0.102468,0.074119,0.012948,0.001640,0.00007939
19,30,0.219835,0.000069,8.9126,0.060908,0.102128,0.094085,0.008654,0.001326,0.00007939
19,31,0.217178,0.000063,9.7097,0.060986,0.102810,0.095924,0.006756,0.000813,0.00007939
19,32,0.186802,0.000067,6.8119,0.060552,0.101954,0.055718,0.010552,0.001023,0.00007939
19,33,0.234034,0.000073,9.6939,0.060577,0.102830,0.102133,0.005288,0.000976,0.00007939
19,34,0.185732,0.000055,8.6612,0.060189,0.103056,0.068034,0.006919,0.000677,0.00007939
19,35,0.263188,0.000097,8.7648,0.059950,0.105022,0.091205,0.009083,0.001633,0.00007939
19,36,0.243916,0.000097,7.2986,0.059743,0.105509,0.067168,0.013420,0.001510,0.00007939
19,37,0.242645,0.000099,7.3319,0.059353,0.105632,0.060554,0.009763,0.001542,0.00007939
19,38,0.275035,0.000093,10.4205,0.059156,0.106654,0.114225,0.004859,0.001475,0.00007939
19,39,0.254983,0.000091,9.5829,0.058924,0.105725,0.080200,0.007186,0.001557,0.00007939
19,40,0.247821,0.000091,8.5694,0.058967,0.105763,0.087521,0.007615,0.001296,0.00007939
19,41,0.251567,0.000096,8.8368,0.058757,0.105342,0.065255,0.009264,0.001976,0.00007939
19,42,0.271913,0.000097,9.6413,0.058539,0.106042,0.106855,0.005123,0.001656,0.00007939
19,43,0.292246,0.000109,10.0905,0.058516,0.106087,0.096503,0.011604,0.000619,0.00007939
19,44,0.268374,0.000091,10.8704,0.058795,0.104948,0.083437,0.011840,0.000604,0.00007939
19,45,0.215052,0.000069,8.9852,0.058724,0.105251,0.070942,0.010552,0.000835,0.00007939
19,46,0.234216,0.000076,9.1966,0.058662,0.105113,0.101645,0.006756,0.000853,0.00007939
19,47,0.201735,0.000073,6.9247,0.058519,0.105318,0.070633,0.010912,0.000728,0.00007939
19,48,0.254698,0.000094,9.0705,0.058460,0.106109,0.078731,0.007546,0.000579,0.00007939
19,49,0.277155,0.000092,11.3264,0.058296,0.106501,0.075737,0.019257,0.001666,0.00007939
19,50,0.216751,0.000076,7.7713,0.058054,0.105574,0.086309,0.007297,0.001775,0.00007939
19,51,0.225526,0.000066,10.5620,0.058269,0.105290,0.089551,0.008870,0.000378,0.00007939
19,52,0.241767,0.000095,7.8009,0.058048,0.105752,0.067313,0.008474,0.001714,0.00007939
19,53,0.277293,0.000088,11.3142,0.058033,0.106648,0.118596,0.006756,0.001540,0.00007939
19,54,0.235282,0.000085,8.2558,0.057845,0.106997,0.078878,0.010981,0.001294,0.00007939
19,55,0.230190,0.000078,8.9818,0.058014,0.106756,0.087326,0.004000,0.001044,0.00007939
19,56,0.282778,0.000094,12.0824,0.057958,0.106829,0.084348,0.006507,0.001569,0.00007939
19,57,0.223322,0.000087,7.1351,0.057732,0.107071,0.060324,0.011411,0.001481,0.00007939
19,58,0.330270,0.000094,15.0337,0.057828,0.106678,0.156252,0.006369,0.002003,0.00007939
19,59,0.340889,0.000102,14.6662,0.057954,0.106356,0.153402,0.008515,0.001780,0.00007939
19,60,0.261899,0.000083,11.2017,0.057917,0.105867,0.094081,0.010870,0.000781,0.00007939
19,61,0.210295,0.000067,8.7330,0.058047,0.105509,0.087019,0.006147,0.000519,0.00007939
19,62,0.202912,0.000068,7.3934,0.057857,0.104801,0.080847,0.013128,0.000849,0.00007939
19,63,0.262986,0.000071,13.9055,0.058060,0.104049,0.093048,0.007005,0.001080,0.00007939
19,64,0.351237,0.000123,14.0866,0.058201,0.103517,0.101690,0.011591,0.001662,0.00007939
19,65,0.285948,0.000102,10.4515,0.058142,0.103537,0.089476,0.016321,0.001511,0.00007939
19,66,0.294253,0.000085,13.5995,0.058572,0.103940,0.115620,0.014190,0.001346,0.00007939
19,67,0.263532,0.000073,11.3226,0.058689,0.104077,0.126985,0.022710,0.000877,0.00007939
19,68,0.211006,0.000064,8.6938,0.058659,0.103710,0.091203,0.011041,0.000789,0.00007939
19,69,0.275836,0.000085,11.4261,0.058588,0.103858,0.115442,0.012948,0.001053,0.00007939
19,70,0.205349,0.000073,7.4080,0.058466,0.103891,0.065962,0.013489,0.000501,0.00007939
19,71,0.184491,0.000061,7.8110,0.058265,0.103685,0.058877,0.004429,0.000532,0.00007939
19,72,0.290214,0.000088,12.5398,0.058172,0.103721,0.137498,0.008293,0.000413,0.00007939
19,73,0.249718,0.000085,9.3244,0.058067,0.103682,0.105854,0.004859,0.000401,0.00007939
19,74,0.228823,0.000071,10.5456,0.058004,0.103743,0.076500,0.004180,0.000730,0.00007939
19,75,0.227932,0.000089,7.4473,0.057883,0.103770,0.060340,0.008834,0.001180,0.00007939
19,76,0.201531,0.000065,7.6781,0.057741,0.103568,0.096582,0.005651,0.000794,0.00007939
19,77,0.317990,0.000118,11.4731,0.057848,0.102798,0.082052,0.017241,0.000480,0.00007939
19,78,0.308049,0.000112,10.3597,0.057826,0.103028,0.114872,0.014320,0.000891,0.00007939
19,79,0.297634,0.000116,9.3285,0.057858,0.103522,0.094993,0.011411,0.000808,0.00007939
19,80,0.353078,0.000137,11.6655,0.057968,0.103465,0.089621,0.018760,0.000758,0.00007939
19,81,0.275345,0.000097,11.3105,0.057885,0.103571,0.077844,0.005898,0.001170,0.00007939
19,82,0.231366,0.000081,9.2195,0.057888,0.103379,0.072314,0.006756,0.000600,0.00007939
19,83,0.297527,0.000071,16.1683,0.057908,0.103115,0.162837,0.003570,0.000899,0.00007939
19,84,0.254958,0.000080,10.4194,0.057986,0.102734,0.118676,0.004000,0.000644,0.00007939
19,85,0.193532,0.000063,8.1985,0.057958,0.102551,0.064766,0.007496,0.000665,0.00007939
19,86,0.292794,0.000112,9.7153,0.058112,0.101987,0.086448,0.015101,0.001665,0.00007939
19,87,0.288823,0.000097,10.7077,0.058062,0.101597,0.124142,0.012269,0.001112,0.00007939
19,88,0.344525,0.000096,17.0432,0.058007,0.101590,0.124393,0.010372,0.001493,0.00007939
19,89,0.268402,0.000097,9.8787,0.057898,0.101636,0.074845,0.012518,0.001347,0.00007939
19,90,0.284130,0.000076,13.2270,0.058145,0.101360,0.138849,0.011840,0.000756,0.00007939
19,91,0.242201,0.000087,8.1185,0.058121,0.101497,0.087904,0.014888,0.000959,0.00007939
19,92,0.331197,0.000096,15.2002,0.058337,0.101951,0.112216,0.020221,0.001136,0.00007939
19,93,0.222341,0.000071,9.7272,0.058317,0.101703,0.068252,0.009488,0.000805,0.00007939
19,94,0.352115,0.000062,22.0606,0.058364,0.101455,0.208643,0.002282,0.000510,0.00007939
19,95,0.254184,0.000068,11.9361,0.058269,0.101460,0.117568,0.008474,0.000746,0.00007939
19,96,0.258470,0.000095,9.6074,0.058222,0.101399,0.074283,0.006937,0.000915,0.00007939
19,97,0.242906,0.000097,7.6957,0.058177,0.101363,0.062688,0.008225,0.000909,0.00007939
19,98,0.218628,0.000065,9.5590,0.058085,0.101560,0.102492,0.003141,0.000414,0.00007939
19,99,0.201139,0.000068,7.4952,0.057986,0.101436,0.086617,0.005039,0.000647,0.00007939
19,100,0.206836,0.000058,10.0783,0.057869,0.101504,0.080035,0.007615,0.000518,0.00007939
19,101,0.211602,0.000065,8.9062,0.057917,0.100824,0.082996,0.011057,0.000400,0.00007939
19,102,0.153100,0.000054,5.4976,0.057768,0.100608,0.056319,0.008293,0.000298,0.00007939
19,103,0.197538,0.000072,6.5757,0.057704,0.100639,0.065952,0.016245,0.000345,0.00007939
19,104,0.259440,0.000108,7.5301,0.057680,0.100961,0.065148,0.008293,0.000710,0.00007939
19,105,0.217190,0.000079,7.1963,0.057556,0.100840,0.083197,0.013197,0.001019,0.00007939
19,106,0.228935,0.000079,9.3061,0.057436,0.100430,0.066942,0.003141,0.000932,0.00007939
19,107,0.195527,0.000068,7.8335,0.057315,0.100980,0.059515,0.004429,0.000662,0.00007939
19,108,0.290029,0.000099,10.9211,0.057304,0.100739,0.118545,0.006937,0.001058,0.00007939
19,109,0.227619,0.000069,9.6546,0.057322,0.100525,0.105600,0.005717,0.000677,0.00007939
19,110,0.264442,0.000105,8.1054,0.057353,0.100765,0.074611,0.012880,0.000853,0.00007939
19,111,0.213754,0.000063,10.1969,0.057359,0.100585,0.069542,0.004859,0.000460,0.00007939
19,112,0.210911,0.000067,8.5519,0.057394,0.100604,0.079223,0.014056,0.001022,0.00007939
19,113,0.184712,0.000068,6.6726,0.057314,0.100556,0.061127,0.004859,0.000848,0.00007939
19,114,0.194364,0.000060,7.7870,0.057191,0.100555,0.102176,0.004429,0.000449,0.00007939
19,115,0.156924,0.000054,5.9367,0.057053,0.100706,0.058167,0.005717,0.000445,0.00007939
19,116,0.243277,0.000084,9.3544,0.056974,0.100148,0.087908,0.007435,0.000882,0.00007939
19,117,0.264089,0.000094,10.2895,0.057155,0.100478,0.090167,0.004859,0.001327,0.00007939
19,118,0.201151,0.000075,6.8950,0.057123,0.100372,0.070170,0.006327,0.001594,0.00007939
19,119,0.212582,0.000068,9.3903,0.057216,0.100368,0.070647,0.006919,0.000631,0.00007939
19,120,0.232510,0.000074,10.0338,0.057206,0.100383,0.094288,0.006688,0.000825,0.00007939
19,121,0.219270,0.000069,8.2147,0.057204,0.100269,0.087013,0.028808,0.000715,0.00007939
19,122,0.247188,0.000091,7.7261,0.057165,0.100146,0.063628,0.036744,0.000721,0.00007939
19,123,0.262579,0.000069,12.6777,0.057135,0.100283,0.142202,0.004180,0.000473,0.00007939
19,124,0.174549,0.000060,6.5505,0.057010,0.100433,0.061800,0.008474,0.000454,0.00007939
19,125,0.254870,0.000063,12.6818,0.057102,0.100007,0.133990,0.008225,0.000457,0.00007939
19,126,0.176314,0.000057,7.2961,0.056992,0.099800,0.059378,0.007864,0.000533,0.00007939
19,127,0.223364,0.000069,9.6817,0.057100,0.100145,0.093669,0.005123,0.000580,0.00007939
19,128,0.224242,0.000069,10.3067,0.057079,0.100226,0.070897,0.006576,0.000571,0.00007939
19,129,0.302565,0.000082,14.1007,0.057140,0.100331,0.145309,0.009582,0.000923,0.00007939
19,130,0.262524,0.000064,13.3171,0.057094,0.100347,0.141549,0.009152,0.000662,0.00007939
19,131,0.218904,0.000064,10.5776,0.057057,0.100143,0.071796,0.008723,0.000853,0.00007939
19,132,0.194266,0.000074,6.1956,0.056967,0.100011,0.062968,0.007005,0.000659,0.00007939
19,133,0.217762,0.000080,8.1673,0.056948,0.099742,0.063095,0.004429,0.000701,0.00007939
19,134,0.178987,0.000057,7.3088,0.056897,0.099563,0.074773,0.005288,0.000668,0.00007939
19,135,0.260312,0.000105,8.0714,0.056862,0.099760,0.065807,0.010122,0.000638,0.00007939
19,136,0.263322,0.000099,8.2157,0.056829,0.099358,0.078312,0.025358,0.000467,0.00007939
19,137,0.211688,0.000069,8.5846,0.056823,0.099643,0.083779,0.007117,0.000762,0.00007939
19,138,0.179328,0.000054,8.8702,0.056703,0.099564,0.054864,0.004000,0.000392,0.00007939
19,139,0.177124,0.000059,6.7766,0.056592,0.099463,0.076855,0.004429,0.000419,0.00007939
19,140,0.199850,0.000068,7.4810,0.056548,0.099190,0.071665,0.011411,0.000463,0.00007939
19,141,0.203250,0.000063,8.3625,0.056559,0.099194,0.087807,0.007795,0.000690,0.00007939
19,142,0.179753,0.000059,7.8240,0.056455,0.099049,0.054719,0.004859,0.000526,0.00007939
19,143,0.226289,0.000073,9.1239,0.056402,0.099229,0.096497,0.006576,0.000919,0.00007939
19,144,0.207040,0.000069,8.7544,0.056379,0.099197,0.066846,0.003537,0.000514,0.00007939
19,145,0.172456,0.000069,5.2461,0.056260,0.099085,0.057994,0.002282,0.000265,0.00007939
19,146,0.210929,0.000070,9.1990,0.056174,0.099180,0.064329,0.007435,0.000429,0.00007939
19,147,0.218404,0.000084,7.3341,0.056110,0.098941,0.060400,0.007366,0.000654,0.00007939
19,148,0.277240,0.000057,16.1649,0.056100,0.099317,0.160364,0.009942,0.000289,0.00007939
19,149,0.226157,0.000066,9.8130,0.056074,0.099245,0.114648,0.005898,0.000557,0.00007939
19,150,0.200178,0.000079,6.2058,0.055984,0.099195,0.058270,0.006756,0.000733,0.00007939
19,151,0.231781,0.000061,11.6062,0.056039,0.099242,0.106010,0.007615,0.000597,0.00007939
19,152,0.208970,0.000080,6.7635,0.055986,0.098965,0.062508,0.009873,0.000542,0.00007939
19,153,0.274249,0.000067,14.8070,0.056087,0.098628,0.113905,0.006919,0.000569,0.00007939
19,154,0.245277,0.000087,9.4261,0.056140,0.098248,0.072703,0.007795,0.002006,0.00007939
19,155,0.272183,0.000094,9.8335,0.056207,0.097970,0.105855,0.011840,0.002242,0.00007939
19,156,0.248247,0.000094,7.6808,0.056180,0.098309,0.081774,0.015137,0.002316,0.00007939
19,157,0.323827,0.000090,16.0661,0.056253,0.098319,0.117536,0.013876,0.001621,0.00007939
19,158,0.230118,0.000068,11.3631,0.056250,0.098291,0.074632,0.006507,0.001735,0.00007939
19,159,0.199077,0.000062,8.0187,0.056218,0.098223,0.086242,0.007795,0.001523,0.00007939
19,160,0.211587,0.000063,8.9041,0.056268,0.098356,0.098119,0.010372,0.001031,0.00007939
19,161,0.209987,0.000069,9.2269,0.056303,0.098168,0.066751,0.004594,0.001305,0.00007939
19,162,0.204827,0.000068,8.0431,0.056252,0.098115,0.091794,0.004859,0.000748,0.00007939
19,163,0.223945,0.000076,8.4341,0.056224,0.098162,0.095098,0.004609,0.000704,0.00007939
19,164,0.275214,0.000085,12.8230,0.056263,0.097898,0.086364,0.015773,0.000908,0.00007939
19,165,0.247524,0.000095,8.2599,0.056270,0.098219,0.071313,0.007186,0.001223,0.00007939
19,166,0.272993,0.000088,11.0965,0.056243,0.098178,0.113879,0.004429,0.001481,0.00007939
19,167,0.260110,0.000112,6.9473,0.056222,0.098198,0.064689,0.006937,0.001564,0.00007939
19,168,0.228427,0.000081,8.6145,0.056222,0.098284,0.074934,0.005288,0.001321,0.00007939
19,169,0.208082,0.000084,6.3155,0.056126,0.098209,0.059740,0.004180,0.001620,0.00007939
19,170,0.221376,0.000054,11.1009,0.056078,0.097916,0.113930,0.009667,0.000657,0.00007939
19,171,0.208114,0.000082,6.4336,0.056001,0.098135,0.064867,0.008834,0.000743,0.00007939
19,172,0.236889,0.000079,9.9053,0.056030,0.098141,0.073278,0.006327,0.000724,0.00007939
19,173,0.264052,0.000080,12.1489,0.056055,0.097876,0.097435,0.006147,0.000859,0.00007939
19,174,0.275900,0.000094,10.4463,0.056131,0.097644,0.118080,0.006327,0.000997,0.00007939
19,175,0.241232,0.000090,8.6002,0.056133,0.097349,0.074177,0.004429,0.001031,0.00007939
19,176,0.278595,0.000086,11.8926,0.056163,0.097486,0.123612,0.005717,0.000800,0.00007939
19,177,0.205551,0.000062,8.7959,0.056149,0.097303,0.098921,0.003570,0.000634,0.00007939
19,178,0.185235,0.000059,8.2352,0.056090,0.097269,0.059598,0.004594,0.000471,0.00007939
19,179,0.267760,0.000070,13.1787,0.056149,0.097208,0.128688,0.004859,0.000753,0.00007939
19,180,0.237540,0.000097,6.9733,0.056122,0.097456,0.060955,0.011728,0.000880,0.00007939
19,181,0.294793,0.000090,12.6882,0.056256,0.097296,0.117897,0.010303,0.000723,0.00007939
19,182,0.323875,0.000107,12.6976,0.056300,0.097238,0.134529,0.005898,0.000967,0.00007939
19,183,0.175160,0.000057,7.0690,0.056244,0.097156,0.056512,0.012158,0.000608,0.00007939
19,184,0.288455,0.000075,13.9375,0.056363,0.097191,0.137831,0.007186,0.000560,0.00007939
19,185,0.221218,0.000074,8.7701,0.056345,0.097195,0.085770,0.004859,0.000758,0.00007939
19,186,0.202515,0.000060,9.3156,0.056381,0.096915,0.079277,0.005717,0.000328,0.00007939
19,187,0.203980,0.000052,11.2493,0.056330,0.096872,0.080397,0.004172,0.000309,0.00007939
19,188,0.230260,0.000073,9.6164,0.056338,0.096973,0.100067,0.005288,0.000387,0.00007939
19,189,0.175009,0.000060,6.4339,0.056237,0.096860,0.074626,0.005288,0.000392,0.00007939
19,190,0.291261,0.000070,16.3851,0.056294,0.096777,0.119046,0.003141,0.000589,0.00007939
19,191,0.220216,0.000071,9.7351,0.056231,0.096807,0.063739,0.008903,0.000481,0.00007939
19,192,0.264538,0.000087,10.2045,0.056266,0.096530,0.110142,0.006576,0.001063,0.00007939
19,193,0.173790,0.000062,6.0322,0.056211,0.096671,0.059538,0.010011,0.000512,0.00007939
19,194,0.255598,0.000067,12.9821,0.056312,0.096847,0.108585,0.005717,0.000582,0.00007939
19,195,0.223446,0.000072,9.2462,0.056346,0.097192,0.092982,0.002480,0.000260,0.00007939
19,196,0.206585,0.000074,7.8957,0.056307,0.097060,0.061012,0.006576,0.000926,0.00007939
19,197,0.198589,0.000062,7.9324,0.056298,0.096938,0.088096,0.008293,0.000491,0.00007939
19,198,0.196481,0.000061,7.8339,0.056238,0.097085,0.094092,0.007005,0.000493,0.00007939
19,199,0.225011,0.000080,9.1331,0.056186,0.097135,0.059572,0.005717,0.000874,0.00007939
19,200,0.188258,0.000062,7.5005,0.056161,0.097165,0.080115,0.003570,0.000602,0.00007939
19,201,0.194877,0.000058,9.2246,0.056107,0.097126,0.062079,0.005717,0.000243,0.00007939
19,202,0.180024,0.000057,6.9767,0.056038,0.097259,0.084570,0.008474,0.000279,0.00007939
19,203,0.220662,0.000084,6.9544,0.056006,0.097376,0.078718,0.009083,0.000635,0.00007939
19,204,0.200688,0.000061,9.8395,0.055941,0.097288,0.061702,0.002798,0.000456,0.00007939
19,205,0.225284,0.000090,6.8490,0.055900,0.097197,0.063721,0.009942,0.000733,0.00007939
19,206,0.228303,0.000071,10.0680,0.055989,0.097183,0.085931,0.006688,0.001379,0.00007939
19,207,0.222904,0.000068,9.4471,0.056068,0.097107,0.097392,0.009083,0.001495,0.00007939
19,208,0.238517,0.000072,9.9870,0.056080,0.097145,0.103538,0.011299,0.001229,0.00007939
19,209,0.215562,0.000071,9.1295,0.056083,0.097289,0.069279,0.009264,0.000766,0.00007939
19,210,0.207921,0.000061,9.0300,0.056069,0.097329,0.102563,0.005288,0.000974,0.00007939
19,211,0.262944,0.000102,9.0037,0.056067,0.097236,0.072444,0.009762,0.001500,0.00007939
19,212,0.192156,0.000064,7.1700,0.056068,0.097178,0.075010,0.011380,0.001151,0.00007939
19,213,0.185042,0.000062,7.4422,0.056042,0.097279,0.065526,0.003141,0.000606,0.00007939
19,214,0.214351,0.000077,8.1039,0.056004,0.097390,0.060720,0.006327,0.001006,0.00007939
19,215,0.192622,0.000066,7.5695,0.055949,0.097405,0.068589,0.004859,0.001159,0.00007939
19,216,0.219003,0.000064,9.7714,0.055991,0.097392,0.087140,0.011479,0.000440,0.00007939
19,217,0.261135,0.000101,8.7384,0.055970,0.097275,0.066415,0.014305,0.000906,0.00007939
19,218,0.369314,0.000119,14.8819,0.056093,0.097392,0.146896,0.011591,0.000987,0.00007939
19,219,0.213264,0.000063,9.1361,0.056056,0.097325,0.101902,0.009152,0.001119,0.00007939
19,220,0.203367,0.000055,10.3172,0.056011,0.097272,0.076379,0.011050,0.000781,0.00007939
19,221,0.304325,0.000060,17.4676,0.056085,0.097420,0.168836,0.004172,0.000517,0.00007939
19,222,0.235284,0.000085,8.3530,0.056070,0.097607,0.082308,0.007435,0.000984,0.00007939
19,223,0.210913,0.000070,8.5762,0.056065,0.097548,0.077840,0.005039,0.000747,0.00007939
19,224,0.248540,0.000091,9.4882,0.056038,0.097610,0.065900,0.005717,0.001265,0.00007939
19,225,0.192067,0.000058,7.7644,0.055991,0.097529,0.093458,0.008293,0.000556,0.00007939
19,226,0.257116,0.000083,10.1108,0.056001,0.097522,0.106977,0.012201,0.000915,0.00007939
19,227,0.240842,0.000084,9.8820,0.055979,0.097508,0.064610,0.012158,0.000327,0.00007939
19,228,0.225710,0.000078,9.4610,0.055931,0.097544,0.059735,0.005468,0.000655,0.00007939
19,229,0.340600,0.000109,14.0531,0.055926,0.097621,0.148653,0.007237,0.000376,0.00007939
19,230,0.213537,0.000059,9.5033,0.055966,0.097312,0.103913,0.008654,0.000522,0.00007939
19,231,0.234659,0.000065,11.3994,0.055969,0.097335,0.085808,0.014237,0.000752,0.00007939
19,232,0.237270,0.000063,11.1608,0.056039,0.097266,0.119399,0.005039,0.000647,0.00007939
19,233,0.194286,0.000064,7.8398,0.056037,0.097381,0.081691,0.002712,0.000603,0.00007939
19,234,0.209306,0.000060,10.1515,0.056055,0.097355,0.075164,0.002712,0.000970,0.00007939
19,235,0.190959,0.000055,9.4241,0.056014,0.097255,0.065617,0.004859,0.000445,0.00007939
19,236,0.355772,0.000105,15.7605,0.056076,0.097270,0.161143,0.008474,0.000642,0.00007939
19,237,0.232098,0.000085,8.1303,0.056040,0.097086,0.085805,0.006576,0.001210,0.00007939
19,238,0.156314,0.000053,6.0154,0.055961,0.097071,0.059127,0.002798,0.000372,0.00007939
19,239,0.372829,0.000069,22.7982,0.056137,0.096938,0.185525,0.003570,0.000746,0.00007939
19,240,0.339457,0.000091,16.9779,0.056213,0.096989,0.136508,0.006327,0.000942,0.00007939
19,241,0.210828,0.000067,8.6538,0.056185,0.097049,0.081444,0.010372,0.000703,0.00007939
19,242,0.335868,0.000064,19.1565,0.056358,0.097123,0.195953,0.005288,0.000676,0.00007939
19,243,0.294031,0.000057,16.7140,0.056467,0.097342,0.174060,0.005039,0.000496,0.00007939
19,244,0.217576,0.000071,9.5794,0.056414,0.097190,0.061434,0.007075,0.000819,0.00007939
19,245,0.218516,0.000076,7.8762,0.056390,0.097195,0.092054,0.005288,0.000525,0.00007939
19,246,0.180739,0.000066,6.5123,0.056333,0.096922,0.058141,0.003537,0.001326,0.00007939
19,247,0.244558,0.000062,11.7276,0.056375,0.096967,0.129043,0.006576,0.001072,0.00007939
19,248,0.212352,0.000075,7.9087,0.056395,0.097063,0.082310,0.005717,0.000636,0.00007939
19,249,0.211430,0.000068,9.0885,0.056383,0.097037,0.069663,0.007186,0.000283,0.00007939
19,250,0.201931,0.000074,6.9278,0.056350,0.097301,0.073620,0.004609,0.000467,0.00007939
19,251,0.215746,0.000063,10.7121,0.056318,0.097329,0.068759,0.004180,0.000485,0.00007939
19,252,0.201431,0.000058,9.8138,0.056360,0.097355,0.078533,0.003141,0.000341,0.00007939
19,253,0.281246,0.000103,9.5819,0.056324,0.097412,0.108898,0.007615,0.001009,0.00007939
19,254,0.222839,0.000078,8.3289,0.056341,0.097472,0.084578,0.004429,0.001033,0.00007939
19,255,0.258129,0.000101,9.0352,0.056313,0.097587,0.060904,0.004748,0.000445,0.00007939
19,256,0.178768,0.000066,5.8440,0.056262,0.097406,0.059582,0.010870,0.000886,0.00007939
19,257,0.207950,0.000067,9.0364,0.056249,0.097243,0.068037,0.005288,0.000671,0.00007939
19,258,0.182601,0.000068,6.5543,0.056199,0.097383,0.051732,0.005717,0.000518,0.00007939
19,259,0.470120,0.000107,25.8121,0.056259,0.097361,0.242731,0.010303,0.001585,0.00007939
19,260,0.265825,0.000070,13.6012,0.056221,0.097384,0.132835,0.003751,0.000799,0.00007939
19,261,0.267768,0.000102,8.8073,0.056231,0.097441,0.086026,0.007864,0.000898,0.00007939
19,262,0.194618,0.000073,6.9949,0.056180,0.097575,0.055225,0.005219,0.001102,0.00007939
19,263,0.192502,0.000055,9.7731,0.056133,0.097696,0.067602,0.004288,0.000402,0.00007939
19,264,0.186711,0.000056,7.7698,0.056080,0.097592,0.088037,0.009152,0.000461,0.00007939
19,265,0.206597,0.000072,7.5325,0.056050,0.097588,0.085386,0.003141,0.000840,0.00007939
19,266,0.203511,0.000068,8.3359,0.056056,0.097563,0.067821,0.006576,0.000436,0.00007939
19,267,0.233391,0.000095,7.1443,0.056016,0.097533,0.055938,0.010552,0.000930,0.00007939
19,268,0.299134,0.000077,15.3239,0.055987,0.097438,0.158260,0.003570,0.000867,0.00007939
19,269,0.241158,0.000076,9.7019,0.055973,0.097343,0.109312,0.007546,0.000622,0.00007939
19,270,0.256832,0.000071,13.1571,0.055982,0.097211,0.088567,0.007615,0.000430,0.00007939
19,271,0.218275,0.000068,10.0616,0.055944,0.097200,0.069609,0.004609,0.000481,0.00007939
19,272,0.207390,0.000057,9.4106,0.055906,0.097249,0.108135,0.006919,0.000726,0.00007939
19,273,0.269456,0.000101,8.6152,0.055896,0.097176,0.073461,0.025657,0.001248,0.00007939
19,274,0.300624,0.000066,15.9717,0.055924,0.097283,0.171492,0.015455,0.001287,0.00007939
19,275,0.226237,0.000080,8.5453,0.055944,0.097268,0.087278,0.001853,0.000964,0.00007939
19,276,0.232037,0.000062,11.9761,0.055937,0.097347,0.083846,0.006576,0.000658,0.00007939
19,277,0.189050,0.000068,6.8423,0.055895,0.097360,0.055796,0.011050,0.000604,0.00007939
19,278,0.291625,0.000091,11.7215,0.055955,0.097353,0.127574,0.013806,0.000860,0.00007939
19,279,0.186661,0.000065,6.9522,0.055928,0.097233,0.063710,0.006576,0.000574,0.00007939
19,280,0.364958,0.000132,11.4579,0.056001,0.097375,0.127124,0.036264,0.001925,0.00007939
19,281,0.175128,0.000056,7.5324,0.055998,0.097350,0.073633,0.001424,0.000397,0.00007939
19,282,0.229497,0.000083,8.5743,0.055979,0.097273,0.069112,0.006036,0.000686,0.00007939
19,283,0.183902,0.000070,5.7735,0.055937,0.097247,0.069475,0.005717,0.000465,0.00007939
19,284,0.268272,0.000076,12.5263,0.056027,0.097161,0.106038,0.009332,0.000403,0.00007939
19,285,0.212434,0.000072,8.4325,0.056014,0.097132,0.080688,0.005039,0.000517,0.00007939
19,286,0.241464,0.000060,12.0600,0.056027,0.097161,0.126808,0.006327,0.000487,0.00007939
19,287,0.258755,0.000091,10.0599,0.056015,0.097023,0.074786,0.005288,0.000690,0.00007939
19,288,0.231720,0.000076,9.5993,0.056039,0.097068,0.079939,0.004790,0.000586,0.00007939
19,289,0.186559,0.000053,8.2934,0.055992,0.097115,0.094931,0.004172,0.000719,0.00007939
19,290,0.251207,0.000099,7.8921,0.055974,0.097352,0.070831,0.008405,0.000541,0.00007939
19,291,0.225856,0.000071,10.2536,0.055963,0.097369,0.072210,0.008225,0.000867,0.00007939
19,292,0.231168,0.000056,11.7849,0.055956,0.097338,0.128581,0.004859,0.000324,0.00007939
19,293,0.196190,0.000072,6.6860,0.055923,0.097317,0.073793,0.005717,0.000542,0.00007939
19,294,0.191778,0.000065,7.9488,0.055900,0.097322,0.059325,0.005468,0.000522,0.00007939
19,295,0.241672,0.000092,8.1954,0.055875,0.097367,0.073187,0.005288,0.001155,0.00007939
19,296,0.240783,0.000091,8.0466,0.055850,0.097407,0.077440,0.006147,0.000531,0.00007939
19,297,0.348001,0.000080,19.3435,0.055991,0.097458,0.157476,0.006708,0.001315,0.00007939
19,298,0.309670,0.000063,18.5249,0.056085,0.097313,0.157325,0.004000,0.000593,0.00007939
19,299,0.221348,0.000067,9.2872,0.056084,0.097322,0.111472,0.005288,0.000397,0.00007939
19,300,0.199619,0.000057,9.5893,0.056049,0.097421,0.079215,0.004429,0.000434,0.00007939
19,301,0.217102,0.000056,10.3671,0.056071,0.097320,0.115304,0.002712,0.000405,0.00007939
19,302,0.180144,0.000068,6.3357,0.056032,0.097426,0.056998,0.002712,0.000598,0.00007939
19,303,0.244003,0.000061,12.9924,0.056123,0.097449,0.114217,0.005288,0.000690,0.00007939
19,304,0.265345,0.000073,12.3080,0.056185,0.097360,0.134701,0.007976,0.000946,0.00007939
19,305,0.238544,0.000083,8.7957,0.056212,0.097569,0.094226,0.007117,0.001110,0.00007939
19,306,0.336185,0.000111,14.7550,0.056207,0.097528,0.100879,0.010244,0.000975,0.00007939
19,307,0.276113,0.000091,11.5179,0.056222,0.097436,0.088997,0.006507,0.000828,0.00007939
19,308,0.309231,0.000112,10.6007,0.056235,0.097438,0.112711,0.013128,0.000777,0.00007939
19,309,0.182675,0.000065,6.7963,0.056221,0.097464,0.062309,0.003570,0.000583,0.00007939
19,310,0.194818,0.000054,9.4706,0.056252,0.097659,0.084503,0.005717,0.000591,0.00007939
19,311,0.167507,0.000059,6.4277,0.056223,0.097631,0.058392,0.001853,0.000551,0.00007939
19,312,0.236019,0.000066,11.6227,0.056276,0.097581,0.093449,0.003570,0.000815,0.00007939
19,313,0.198766,0.000053,10.1738,0.056312,0.097475,0.092473,0.002712,0.000744,0.00007939
19,314,0.214476,0.000065,9.0329,0.056292,0.097579,0.101837,0.003537,0.000730,0.00007939
19,315,0.270981,0.000110,8.6727,0.056295,0.097532,0.064930,0.008654,0.001337,0.00007939
19,316,0.294588,0.000117,8.7035,0.056281,0.097518,0.098090,0.010372,0.001450,0.00007939
19,317,0.251121,0.000106,7.0882,0.056259,0.097723,0.063411,0.004609,0.001025,0.00007939
19,318,0.237700,0.000077,9.6565,0.056296,0.097579,0.097765,0.005717,0.000851,0.00007939
19,319,0.182226,0.000069,6.2252,0.056242,0.097463,0.049947,0.004859,0.000952,0.00007939
19,320,0.253336,0.000090,8.6403,0.056260,0.097461,0.090141,0.018573,0.001017,0.00007939
19,321,0.203669,0.000073,7.0188,0.056213,0.097449,0.082159,0.006147,0.000778,0.00007939
19,322,0.220944,0.000077,9.1151,0.056180,0.097380,0.061396,0.007297,0.000352,0.00007939
19,323,0.177051,0.000065,6.3164,0.056161,0.097260,0.059636,0.005546,0.000155,0.00007939
19,324,0.290874,0.000107,10.2499,0.056189,0.097237,0.090261,0.009693,0.001646,0.00007939
19,325,0.269793,0.000107,8.0739,0.056168,0.097195,0.082210,0.014777,0.001509,0.00007939
19,326,0.251385,0.000097,8.3164,0.056173,0.097166,0.071765,0.008231,0.001580,0.00007939
19,327,0.299119,0.000126,8.4865,0.056165,0.097139,0.067423,0.011273,0.001665,0.00007939
19,328,0.302671,0.000101,11.7901,0.056165,0.097063,0.121294,0.008363,0.001734,0.00007939
19,329,0.245139,0.000098,7.3345,0.056152,0.097026,0.074915,0.007186,0.001329,0.00007939
19,330,0.262017,0.000101,8.9383,0.056139,0.097096,0.065014,0.010380,0.001899,0.00007939
19,331,0.262865,0.000102,8.2339,0.056137,0.097231,0.073076,0.014466,0.001922,0.00007939
19,332,0.265330,0.000101,8.5091,0.056136,0.097225,0.091358,0.008517,0.000755,0.00007939
19,333,0.271605,0.000091,10.9600,0.056121,0.097338,0.089494,0.010732,0.000697,0.00007939
19,334,0.319215,0.000110,11.9693,0.056172,0.097275,0.116742,0.011161,0.000839,0.00007939
19,335,0.218296,0.000084,7.6366,0.056145,0.097422,0.060622,0.002712,0.001384,0.00007939
19,336,0.205916,0.000060,9.5571,0.056175,0.097410,0.083659,0.003141,0.000529,0.00007939
19,337,0.257438,0.000102,7.7317,0.056160,0.097580,0.080089,0.009083,0.000673,0.00007939
19,338,0.168653,0.000057,6.8270,0.056123,0.097612,0.052880,0.007186,0.000557,0.00007939
19,339,0.263640,0.000102,8.8553,0.056102,0.097659,0.069340,0.010122,0.000523,0.00007939
19,340,0.229144,0.000058,11.0157,0.056091,0.097618,0.123612,0.005546,0.000318,0.00007939
19,341,0.247396,0.000078,9.7221,0.056061,0.097498,0.111546,0.009942,0.000605,0.00007939
19,342,0.297271,0.000109,10.4513,0.056056,0.097526,0.083651,0.018641,0.000977,0.00007939
19,343,0.306631,0.000109,11.0903,0.056103,0.097598,0.095430,0.015026,0.001602,0.00007939
19,344,0.255319,0.000098,7.7944,0.056097,0.097696,0.078760,0.017782,0.001106,0.00007939
19,345,0.286886,0.000088,12.5582,0.056185,0.097718,0.105123,0.015732,0.000770,0.00007939
19,346,0.260750,0.000089,10.0084,0.056231,0.097738,0.088549,0.013205,0.000999,0.00007939
19,347,0.282098,0.000091,11.7127,0.056266,0.097839,0.108474,0.008474,0.000835,0.00007939
19,348,0.243289,0.000097,7.7052,0.056261,0.097851,0.068068,0.005567,0.000979,0.00007939
19,349,0.236765,0.000071,11.1040,0.056290,0.097839,0.084292,0.004859,0.000313,0.00007939
19,350,0.230423,0.000081,8.7866,0.056275,0.097854,0.078776,0.004859,0.000526,0.00007939
19,351,0.352486,0.000117,13.4336,0.056312,0.097931,0.136663,0.017062,0.001023,0.00007939
19,352,0.230077,0.000085,7.6650,0.056302,0.097893,0.085619,0.006327,0.000518,0.00007939
19,353,0.270165,0.000076,13.2085,0.056325,0.097880,0.103356,0.004859,0.000423,0.00007939
19,354,0.203480,0.000079,6.7386,0.056301,0.097922,0.058081,0.004429,0.000208,0.00007939
19,355,0.319667,0.000092,13.9639,0.056344,0.097872,0.146457,0.012269,0.000912,0.00007939
19,356,0.184181,0.000062,7.4214,0.056347,0.097729,0.068838,0.002282,0.000338,0.00007939
19,357,0.232908,0.000058,13.0399,0.056356,0.097694,0.087829,0.002798,0.000455,0.00007939
19,358,0.262898,0.000073,11.5357,0.056349,0.097581,0.128587,0.015635,0.000360,0.00007939
19,359,0.214442,0.000072,7.9183,0.056336,0.097584,0.089720,0.011660,0.000463,0.00007939
19,360,0.227236,0.000061,11.5809,0.056334,0.097613,0.080008,0.010191,0.000398,0.00007939
19,361,0.294874,0.000098,11.3505,0.056358,0.097594,0.100670,0.022093,0.000871,0.00007939
19,362,0.490036,0.000199,13.7878,0.056394,0.097531,0.130490,0.037081,0.001136,0.00007939
19,363,0.427870,0.000162,14.3089,0.056440,0.097566,0.114826,0.027210,0.001774,0.00007939
19,364,0.375234,0.000146,11.0718,0.056483,0.097538,0.098502,0.038521,0.002080,0.00007939
19,365,0.411037,0.000160,12.3085,0.056517,0.097439,0.114717,0.034297,0.002169,0.00007939
19,366,0.284353,0.000102,11.4476,0.056511,0.097315,0.072037,0.011230,0.000913,0.00007939
19,367,0.312683,0.000117,9.8275,0.056528,0.097339,0.112450,0.017173,0.001480,0.00007939
19,368,0.224099,0.000075,8.6900,0.056495,0.097399,0.056157,0.026619,0.000897,0.00007939
19,369,0.289616,0.000088,11.4845,0.056474,0.097533,0.140195,0.018641,0.001149,0.00007939
19,370,0.213782,0.000076,7.5065,0.056435,0.097548,0.072505,0.015773,0.001179,0.00007939
19,371,0.269523,0.000089,10.2790,0.056421,0.097553,0.112597,0.012269,0.001298,0.00007939
19,372,0.219138,0.000065,10.1214,0.056458,0.097537,0.087658,0.006147,0.001163,0.00007939
19,373,0.252962,0.000077,10.6811,0.056439,0.097536,0.112546,0.005039,0.001328,0.00007939
19,374,0.219135,0.000058,12.2175,0.056412,0.097563,0.069636,0.005546,0.000740,0.00007939
19,375,0.190012,0.000066,7.4989,0.056388,0.097513,0.057756,0.008405,0.000786,0.00007939
19,376,0.324159,0.000078,17.3932,0.056392,0.097428,0.169058,0.008834,0.000857,0.00007939
19,377,0.249795,0.000073,10.9368,0.056385,0.097549,0.116480,0.009332,0.000548,0.00007939
19,378,0.216009,0.000079,7.8382,0.056364,0.097421,0.067527,0.007005,0.000610,0.00007939
19,379,0.202956,0.000059,8.8981,0.056391,0.097333,0.074676,0.014846,0.000708,0.00007939
19,380,0.180073,0.000059,7.1573,0.056368,0.097250,0.071715,0.006147,0.000814,0.00007939
19,381,0.231611,0.000075,9.8161,0.056408,0.097309,0.084705,0.004859,0.001350,0.00007939
19,382,0.170639,0.000060,6.3722,0.056382,0.097272,0.064593,0.003009,0.000433,0.00007939
19,383,0.289643,0.000095,12.1447,0.056427,0.097259,0.094950,0.013308,0.000920,0.00007939
19,384,0.209208,0.000073,8.3777,0.056405,0.097192,0.058496,0.004609,0.000856,0.00007939
19,385,0.198714,0.000062,7.9456,0.056370,0.097144,0.100572,0.004000,0.000872,0.00007939
19,386,0.218397,0.000062,10.1101,0.056409,0.097172,0.101789,0.008044,0.000665,0.00007939
19,387,0.206359,0.000077,7.4750,0.056386,0.097233,0.058277,0.004790,0.001321,0.00007939
19,388,0.241155,0.000090,7.7849,0.056357,0.097124,0.093880,0.005468,0.001526,0.00007939
19,389,0.201533,0.000071,7.4854,0.056341,0.097051,0.065995,0.008474,0.000668,0.00007939
19,390,0.178833,0.000063,6.6255,0.056319,0.097015,0.065965,0.006147,0.000514,0.00007939
19,391,0.170683,0.000054,6.7208,0.056294,0.096973,0.084577,0.002798,0.000447,0.00007939
20,1,0.375001,0.000115,17.3026,0.066596,0.123700,0.122855,0.015635,0.001734,0.00006545
20,2,0.296493,0.000120,9.1742,0.056955,0.094982,0.065504,0.016976,0.001502,0.00006545
20,3,0.253702,0.000099,7.6024,0.055265,0.087169,0.076476,0.014347,0.001428,0.00006545
20,4,0.300541,0.000106,10.4598,0.055800,0.094672,0.115004,0.015026,0.001566,0.00006545
20,5,0.272558,0.000094,10.1752,0.056089,0.099486,0.095767,0.010732,0.001398,0.00006545
20,6,0.282539,0.000112,8.4032,0.055721,0.103164,0.072336,0.021550,0.001645,0.00006545
20,7,0.263147,0.000095,9.0290,0.055275,0.104101,0.093673,0.012942,0.002102,0.00006545
20,8,0.309484,0.000097,13.9596,0.057595,0.108830,0.103013,0.006317,0.001772,0.00006545
20,9,0.270808,0.000093,10.2239,0.057157,0.104550,0.092550,0.013806,0.001661,0.00006545
20,10,0.325452,0.000119,11.2375,0.057744,0.103450,0.104919,0.013806,0.001677,0.00006545
20,11,0.255534,0.000096,8.0701,0.056791,0.104560,0.080308,0.018031,0.001449,0.00006545
20,12,0.285940,0.000102,10.5014,0.057001,0.105936,0.087189,0.013557,0.001445,0.00006545
20,13,0.286687,0.000105,9.5061,0.056511,0.105854,0.108909,0.011479,0.001456,0.00006545
20,14,0.274477,0.000105,8.9653,0.056710,0.105915,0.081056,0.015137,0.001382,0.00006545
20,15,0.306993,0.000112,11.2059,0.056429,0.102639,0.084205,0.015847,0.001717,0.00006545
20,16,0.252560,0.000101,8.2737,0.055744,0.101711,0.059942,0.007005,0.001839,0.00006545
20,17,0.307560,0.000079,14.8425,0.055938,0.100327,0.160586,0.008870,0.001490,0.00006545
20,18,0.274128,0.000089,10.4003,0.055718,0.099316,0.120909,0.013420,0.001458,0.00006545
20,19,0.232869,0.000093,7.1111,0.055424,0.098831,0.063558,0.009015,0.001136,0.00006545
20,20,0.258410,0.000088,10.0321,0.056545,0.099889,0.099222,0.009015,0.001363,0.00006545
20,21,0.238501,0.000090,8.0560,0.056677,0.100266,0.076234,0.010732,0.001263,0.00006545
20,22,0.299810,0.000096,12.6380,0.057193,0.104043,0.102733,0.007250,0.001223,0.00006545
20,23,0.243586,0.000088,8.8960,0.057252,0.103562,0.075410,0.008405,0.001489,0.00006545
20,24,0.293886,0.000091,12.1525,0.057336,0.105454,0.128224,0.009332,0.001779,0.00006545
20,25,0.207216,0.000079,6.7462,0.056992,0.106026,0.070009,0.006180,0.001195,0.00006545
20,26,0.219383,0.000081,7.9044,0.056767,0.104820,0.062727,0.010011,0.001158,0.00006545
20,27,0.266120,0.000073,12.7070,0.057040,0.105279,0.125569,0.007435,0.001091,0.00006545
20,28,0.202107,0.000067,7.9502,0.056723,0.104759,0.071907,0.011342,0.000553,0.00006545
20,29,0.275079,0.000105,9.8357,0.056505,0.105709,0.070265,0.008405,0.001586,0.00006545
20,30,0.196064,0.000071,6.8303,0.056167,0.106845,0.069626,0.008904,0.001377,0.00006545
20,31,0.172621,0.000064,6.0058,0.055729,0.106790,0.053851,0.006576,0.000893,0.00006545
20,32,0.191854,0.000069,6.8390,0.055634,0.107767,0.065028,0.009264,0.001093,0.00006545
20,33,0.213755,0.000074,7.9819,0.055355,0.108105,0.080954,0.007005,0.001141,0.00006545
20,34,0.248942,0.000058,13.7424,0.055342,0.108621,0.107539,0.005546,0.000534,0.00006545
20,35,0.262412,0.000095,10.3714,0.055046,0.109765,0.069670,0.004429,0.001650,0.00006545
20,36,0.269766,0.000095,9.3391,0.055137,0.108995,0.102399,0.011412,0.001558,0.00006545
20,37,0.237471,0.000099,6.5662,0.054935,0.107656,0.063200,0.010940,0.001527,0.00006545
20,38,0.228816,0.000091,7.0961,0.054727,0.106334,0.063913,0.007615,0.001472,0.00006545
20,39,0.255020,0.000091,9.7374,0.054803,0.106370,0.081369,0.005468,0.001349,0.00006545
20,40,0.238394,0.000089,7.8321,0.054637,0.106442,0.086488,0.008051,0.001446,0.00006545
20,41,0.246431,0.000095,8.4736,0.054515,0.105697,0.062025,0.010261,0.001949,0.00006545
20,42,0.254683,0.000097,8.2291,0.054326,0.107472,0.092200,0.003537,0.001790,0.00006545
20,43,0.271966,0.000107,8.3637,0.054459,0.107430,0.083198,0.010732,0.000830,0.00006545
20,44,0.249916,0.000092,8.9769,0.054566,0.106576,0.068194,0.013308,0.000542,0.00006545
20,45,0.214036,0.000065,9.9351,0.054435,0.106091,0.069886,0.008654,0.000717,0.00006545
20,46,0.251900,0.000076,10.6351,0.054447,0.105024,0.117664,0.007186,0.000910,0.00006545
20,47,0.218627,0.000072,8.3791,0.054398,0.104719,0.097967,0.005898,0.000779,0.00006545
20,48,0.241964,0.000094,8.0581,0.054422,0.103760,0.069889,0.009015,0.000513,0.00006545
20,49,0.274304,0.000093,10.3658,0.054700,0.103569,0.079493,0.025014,0.001905,0.00006545
20,50,0.257571,0.000079,10.7838,0.055128,0.102850,0.112998,0.010011,0.001776,0.00006545
20,51,0.214485,0.000065,9.0099,0.055170,0.103118,0.101241,0.004172,0.000431,0.00006545
20,52,0.254330,0.000092,9.5038,0.055217,0.102112,0.072247,0.006577,0.001433,0.00006545
20,53,0.225157,0.000090,6.7667,0.055099,0.102790,0.066892,0.009762,0.001413,0.00006545
20,54,0.221241,0.000086,7.3156,0.054952,0.103442,0.057724,0.007366,0.001244,0.00006545
20,55,0.200290,0.000075,6.8353,0.054774,0.103332,0.061082,0.007435,0.001059,0.00006545
20,56,0.237050,0.000094,7.4790,0.054750,0.103666,0.063943,0.007366,0.001372,0.00006545
20,57,0.264964,0.000087,10.0013,0.054742,0.104236,0.106997,0.014914,0.001358,0.00006545
20,58,0.243188,0.000089,8.3088,0.054598,0.104261,0.092250,0.006120,0.001871,0.00006545
20,59,0.239310,0.000091,8.2397,0.054585,0.104411,0.069172,0.006266,0.001529,0.00006545
20,60,0.228924,0.000071,10.5785,0.054440,0.104333,0.063452,0.013806,0.000612,0.00006545
20,61,0.185075,0.000067,6.8727,0.054269,0.104580,0.056407,0.006147,0.000497,0.00006545
20,62,0.239056,0.000067,10.1817,0.054328,0.104471,0.124618,0.013308,0.000633,0.00006545
20,63,0.206469,0.000063,8.1825,0.054368,0.103965,0.097113,0.014957,0.000881,0.00006545
20,64,0.254287,0.000098,8.3330,0.054425,0.104194,0.073826,0.011342,0.001510,0.00006545
20,65,0.277245,0.000092,11.5966,0.054373,0.103478,0.078522,0.018897,0.000994,0.00006545
20,66,0.229328,0.000084,7.5941,0.054371,0.103024,0.081666,0.013918,0.001559,0.00006545
20,67,0.273348,0.000068,12.8807,0.054694,0.102586,0.135329,0.023005,0.000589,0.00006545
20,68,0.247897,0.000067,12.7355,0.054667,0.102670,0.099950,0.010244,0.000588,0.00006545
20,69,0.251514,0.000085,8.9170,0.054795,0.103007,0.095977,0.023295,0.000746,0.00006545
20,70,0.217077,0.000080,7.7320,0.054705,0.102588,0.058329,0.013377,0.000708,0.00006545
20,71,0.182852,0.000060,7.6016,0.054664,0.102207,0.070736,0.002712,0.000538,0.00006545
20,72,0.236741,0.000089,7.5242,0.054532,0.102412,0.092639,0.005039,0.000395,0.00006545
20,73,0.240855,0.000090,8.4277,0.054558,0.102850,0.074643,0.004859,0.000344,0.00006545
20,74,0.206555,0.000074,7.9416,0.054385,0.102689,0.061834,0.005288,0.000805,0.00006545
20,75,0.288236,0.000094,11.2252,0.054553,0.102748,0.121809,0.009152,0.001182,0.00006545
20,76,0.184124,0.000066,6.4780,0.054358,0.102964,0.074794,0.003009,0.000751,0.00006545
20,77,0.369465,0.000123,15.5000,0.054482,0.103098,0.109221,0.015386,0.000597,0.00006545
20,78,0.301116,0.000112,10.4786,0.054649,0.102868,0.090297,0.013420,0.000636,0.00006545
20,79,0.336143,0.000117,12.3928,0.054704,0.103062,0.134792,0.010303,0.000804,0.00006545
20,80,0.349532,0.000136,10.5935,0.054758,0.103254,0.104634,0.025528,0.001051,0.00006545
20,81,0.283137,0.000099,11.2435,0.054831,0.103393,0.085313,0.007435,0.001097,0.00006545
20,82,0.259265,0.000077,12.5583,0.054823,0.103049,0.085463,0.007795,0.000613,0.00006545
20,83,0.214643,0.000072,8.7696,0.054882,0.102709,0.082946,0.004000,0.000795,0.00006545
20,84,0.208136,0.000082,6.3600,0.054746,0.102655,0.070144,0.006327,0.000616,0.00006545
20,85,0.205270,0.000061,9.9544,0.054682,0.102172,0.063730,0.006122,0.000697,0.00006545
20,86,0.260805,0.000111,6.8991,0.054618,0.101881,0.062411,0.013128,0.001572,0.00006545
20,87,0.347926,0.000097,15.7429,0.054609,0.101559,0.172840,0.011230,0.000650,0.00006545
20,88,0.255746,0.000095,8.9488,0.054594,0.101734,0.081602,0.006147,0.001363,0.00006545
20,89,0.244537,0.000095,7.5576,0.054580,0.101445,0.081296,0.011591,0.001218,0.00006545
20,90,0.225974,0.000076,9.6111,0.054425,0.101087,0.062958,0.006937,0.000763,0.00006545
20,91,0.235401,0.000088,8.1703,0.054385,0.100875,0.062377,0.012589,0.001210,0.00006545
20,92,0.273287,0.000095,9.4339,0.054427,0.100579,0.104877,0.017602,0.001430,0.00006545
20,93,0.184550,0.000069,6.0668,0.054338,0.100239,0.064704,0.006930,0.000672,0.00006545
20,94,0.191196,0.000063,7.7070,0.054312,0.100325,0.083224,0.003141,0.000518,0.00006545
20,95,0.230636,0.000062,12.3218,0.054280,0.100703,0.082935,0.005039,0.000636,0.00006545
20,96,0.246547,0.000091,9.2662,0.054297,0.100549,0.069142,0.006576,0.000806,0.00006545
20,97,0.236982,0.000097,6.8573,0.054231,0.100484,0.065665,0.009152,0.000671,0.00006545
20,98,0.203595,0.000066,8.5127,0.054315,0.100180,0.078551,0.002712,0.000328,0.00006545
20,99,0.206347,0.000070,7.8346,0.054338,0.100389,0.081874,0.007186,0.000472,0.00006545
20,100,0.172491,0.000061,6.3431,0.054216,0.100467,0.061075,0.005898,0.000423,0.00006545
20,101,0.212118,0.000067,8.7257,0.054150,0.099944,0.087648,0.008044,0.000396,0.00006545
20,102,0.169015,0.000054,7.4329,0.054064,0.099802,0.064488,0.003375,0.000250,0.00006545
20,103,0.200687,0.000073,7.3784,0.053948,0.099748,0.053410,0.011909,0.000296,0.00006545
20,104,0.302644,0.000110,10.4591,0.053988,0.100459,0.115448,0.004859,0.000750,0.00006545
20,105,0.215947,0.000079,6.9449,0.053899,0.100645,0.078080,0.015275,0.000959,0.00006545
20,106,0.252796,0.000083,11.0092,0.053833,0.100327,0.078651,0.004000,0.000802,0.00006545
20,107,0.214081,0.000069,9.4122,0.053713,0.100185,0.062050,0.010801,0.000495,0.00006545
20,108,0.251524,0.000096,8.0579,0.053725,0.100410,0.085728,0.008405,0.001123,0.00006545
20,109,0.201811,0.000068,7.5365,0.053624,0.100528,0.086162,0.006576,0.000728,0.00006545
20,110,0.260928,0.000102,8.4781,0.053721,0.100332,0.074641,0.009436,0.000761,0.00006545
20,111,0.196059,0.000069,7.7245,0.053614,0.100199,0.056870,0.008293,0.000416,0.00006545
20,112,0.211830,0.000067,8.1445,0.053599,0.100280,0.096679,0.011050,0.000845,0.00006545
20,113,0.168252,0.000062,5.8405,0.053487,0.100400,0.054539,0.008474,0.000692,0.00006545
20,114,0.171834,0.000056,6.6865,0.053445,0.100494,0.076426,0.003141,0.000491,0.00006545
20,115,0.165011,0.000053,6.7848,0.053324,0.100492,0.067545,0.003141,0.000460,0.00006545
20,116,0.225387,0.000082,8.5308,0.053290,0.100322,0.063133,0.007615,0.000871,0.00006545
20,117,0.242017,0.000086,8.6921,0.053211,0.100353,0.097541,0.003141,0.001006,0.00006545
20,118,0.216808,0.000074,8.4229,0.053271,0.100331,0.081569,0.005039,0.001466,0.00006545
20,119,0.219300,0.000063,10.2449,0.053174,0.100221,0.084231,0.009667,0.000444,0.00006545
20,120,0.248787,0.000072,11.2760,0.053246,0.100209,0.116763,0.004859,0.000908,0.00006545
20,121,0.241651,0.000068,9.7508,0.053271,0.100281,0.109967,0.029890,0.000658,0.00006545
20,122,0.252939,0.000088,8.3988,0.053292,0.100190,0.064432,0.046023,0.000714,0.00006545
20,123,0.197527,0.000068,7.2136,0.053210,0.100394,0.076571,0.009762,0.000441,0.00006545
20,124,0.195123,0.000060,8.8279,0.053236,0.100132,0.064811,0.009152,0.000463,0.00006545
20,125,0.216732,0.000066,9.5152,0.053220,0.099877,0.080848,0.010191,0.000502,0.00006545
20,126,0.191662,0.000061,8.1305,0.053264,0.099686,0.073707,0.005219,0.000435,0.00006545
20,127,0.194489,0.000069,6.9051,0.053178,0.099869,0.078896,0.006180,0.000631,0.00006545
20,128,0.278385,0.000076,14.9499,0.053115,0.099749,0.098293,0.005219,0.000571,0.00006545
20,129,0.205621,0.000079,7.0416,0.053063,0.099839,0.059535,0.003141,0.000742,0.00006545
20,130,0.261516,0.000063,13.2086,0.053088,0.099587,0.146685,0.004609,0.000601,0.00006545
20,131,0.179059,0.000065,6.4305,0.053069,0.099802,0.063355,0.003141,0.000806,0.00006545
20,132,0.223345,0.000072,8.9902,0.053168,0.099889,0.094097,0.007435,0.000607,0.00006545
20,133,0.209506,0.000079,7.5350,0.053144,0.099612,0.054180,0.005468,0.000520,0.00006545
20,134,0.183267,0.000057,8.1169,0.053101,0.099335,0.064413,0.007366,0.000525,0.00006545
20,135,0.280844,0.000101,9.7012,0.053070,0.099310,0.108842,0.011660,0.000472,0.00006545
20,136,0.250202,0.000092,8.7940,0.053086,0.099309,0.083729,0.008293,0.000414,0.00006545
20,137,0.249462,0.000067,12.9185,0.053250,0.099081,0.109058,0.005219,0.000901,0.00006545
20,138,0.215547,0.000054,11.6262,0.053248,0.098980,0.083370,0.002282,0.000449,0.00006545
20,139,0.184673,0.000058,8.0231,0.053166,0.098848,0.071105,0.002712,0.000390,0.00006545
20,140,0.249069,0.000069,12.2159,0.053360,0.098881,0.112250,0.005717,0.000481,0.00006545
20,141,0.225878,0.000065,10.2585,0.053430,0.098685,0.104772,0.005648,0.000888,0.00006545
20,142,0.176552,0.000057,7.2786,0.053376,0.098427,0.070888,0.006147,0.000453,0.00006545
20,143,0.273234,0.000073,13.8241,0.053551,0.098254,0.123800,0.008225,0.000990,0.00006545
20,144,0.265520,0.000073,13.6345,0.053567,0.098104,0.102166,0.001952,0.000632,0.00006545
20,145,0.220933,0.000068,10.4351,0.053542,0.098095,0.069561,0.008156,0.000312,0.00006545
20,146,0.238138,0.000068,10.7898,0.053550,0.098247,0.111998,0.004859,0.000493,0.00006545
20,147,0.243220,0.000087,8.9715,0.053614,0.098200,0.087240,0.008654,0.000789,0.00006545
20,148,0.171436,0.000059,6.4405,0.053521,0.098197,0.054685,0.011299,0.000329,0.00006545
20,149,0.200240,0.000068,7.8590,0.053558,0.098349,0.072013,0.006937,0.000633,0.00006545
20,150,0.204857,0.000078,6.6601,0.053510,0.098237,0.064780,0.006507,0.000662,0.00006545
20,151,0.193934,0.000058,8.3614,0.053555,0.098201,0.075857,0.012158,0.000367,0.00006545
20,152,0.210670,0.000080,6.7758,0.053523,0.098306,0.072105,0.007976,0.000417,0.00006545
20,153,0.218691,0.000068,9.9947,0.053568,0.097972,0.073417,0.006919,0.000291,0.00006545
20,154,0.255639,0.000086,9.9410,0.053589,0.097843,0.098272,0.007795,0.002157,0.00006545
20,155,0.252660,0.000090,9.1092,0.053618,0.097946,0.074687,0.015704,0.002200,0.00006545
20,156,0.255961,0.000093,8.3223,0.053613,0.098047,0.092591,0.015704,0.002533,0.00006545
20,157,0.274653,0.000088,11.7717,0.053641,0.097858,0.087778,0.014279,0.001569,0.00006545
20,158,0.198291,0.000066,7.8873,0.053645,0.098154,0.069021,0.010122,0.001926,0.00006545
20,159,0.190802,0.000064,7.2893,0.053651,0.098035,0.075841,0.008474,0.001210,0.00006545
20,160,0.188776,0.000065,7.2677,0.053632,0.097956,0.060071,0.009762,0.001072,0.00006545
20,161,0.223264,0.000067,9.7952,0.053627,0.098092,0.097472,0.004510,0.001015,0.00006545
20,162,0.206214,0.000066,8.6646,0.053567,0.098033,0.080131,0.004859,0.000927,0.00006545
20,163,0.260457,0.000078,11.3877,0.053577,0.098171,0.124370,0.005219,0.000756,0.00006545
20,164,0.226981,0.000083,8.4055,0.053555,0.098461,0.063545,0.011479,0.000825,0.00006545
20,165,0.250551,0.000088,9.6015,0.053672,0.098121,0.085960,0.005717,0.000823,0.00006545
20,166,0.231847,0.000084,8.0160,0.053676,0.098441,0.087606,0.003570,0.001503,0.00006545
20,167,0.263412,0.000105,8.6043,0.053648,0.098405,0.061394,0.006756,0.001695,0.00006545
20,168,0.224714,0.000080,8.0411,0.053638,0.098423,0.084904,0.004609,0.001315,0.00006545
20,169,0.210643,0.000082,6.5510,0.053568,0.098484,0.069831,0.006756,0.001575,0.00006545
20,170,0.176029,0.000056,7.1788,0.053521,0.098648,0.071864,0.006919,0.000607,0.00006545
20,171,0.216643,0.000080,8.0801,0.053473,0.098832,0.057829,0.007186,0.000766,0.00006545
20,172,0.198802,0.000074,6.6465,0.053408,0.098781,0.066583,0.009513,0.000371,0.00006545
20,173,0.257695,0.000071,12.4589,0.053427,0.098694,0.100002,0.011479,0.000468,0.00006545
20,174,0.203589,0.000073,6.7440,0.053350,0.098487,0.081122,0.010870,0.000496,0.00006545
20,175,0.234802,0.000075,9.9948,0.053412,0.098656,0.092716,0.008654,0.000827,0.00006545
20,176,0.195816,0.000069,7.7800,0.053395,0.098611,0.061222,0.003751,0.000430,0.00006545
20,177,0.175836,0.000058,6.7346,0.053346,0.098382,0.084181,0.002712,0.000476,0.00006545
20,178,0.169660,0.000058,6.5476,0.053307,0.098414,0.065132,0.003009,0.000323,0.00006545
20,179,0.214108,0.000064,9.6756,0.053321,0.098086,0.089130,0.005219,0.000670,0.00006545
20,180,0.235078,0.000094,7.4470,0.053282,0.098230,0.057323,0.010122,0.000961,0.00006545
20,181,0.224229,0.000083,7.6405,0.053262,0.098192,0.071728,0.011840,0.000530,0.00006545
20,182,0.295816,0.000100,11.8380,0.053257,0.098088,0.118264,0.006078,0.000771,0.00006545
20,183,0.158342,0.000055,6.0101,0.053194,0.097998,0.052577,0.007366,0.000430,0.00006545
20,184,0.229387,0.000074,9.3509,0.053179,0.097941,0.093671,0.005717,0.000492,0.00006545
20,185,0.190185,0.000071,6.6144,0.053159,0.097978,0.060516,0.003751,0.000684,0.00006545
20,186,0.162404,0.000058,5.9494,0.053084,0.097934,0.056007,0.004429,0.000337,0.00006545
20,187,0.256998,0.000057,15.5406,0.053016,0.097966,0.116320,0.004172,0.000356,0.00006545
20,188,0.202740,0.000073,8.1891,0.052970,0.097954,0.054445,0.002282,0.000480,0.00006545
20,189,0.247069,0.000057,13.1246,0.052965,0.097713,0.138358,0.004429,0.000388,0.00006545
20,190,0.196801,0.000068,7.2228,0.052932,0.097630,0.080141,0.003141,0.000628,0.00006545
20,191,0.210241,0.000070,8.9025,0.052914,0.097396,0.065546,0.003141,0.000501,0.00006545
20,192,0.218562,0.000084,7.3785,0.052888,0.097389,0.058840,0.007435,0.001137,0.00006545
20,193,0.163572,0.000056,6.0755,0.052836,0.097409,0.063355,0.007615,0.000410,0.00006545
20,194,0.245159,0.000066,12.1624,0.052910,0.097303,0.103249,0.004859,0.000614,0.00006545
20,195,0.220223,0.000071,8.8164,0.052911,0.097364,0.094915,0.003537,0.000303,0.00006545
20,196,0.210872,0.000077,7.9010,0.052935,0.097440,0.063805,0.005219,0.000919,0.00006545
20,197,0.186386,0.000065,7.4029,0.052868,0.097621,0.053847,0.006327,0.000478,0.00006545
20,198,0.237621,0.000059,11.6017,0.052841,0.097657,0.133821,0.005468,0.000399,0.00006545
20,199,0.220589,0.000079,7.5327,0.052801,0.097539,0.089823,0.006147,0.001003,0.00006545
20,200,0.175295,0.000064,6.5994,0.052755,0.097652,0.050958,0.004429,0.000514,0.00006545
20,201,0.164426,0.000054,6.9420,0.052714,0.097647,0.053948,0.006576,0.000251,0.00006545
20,202,0.179648,0.000056,7.2362,0.052652,0.097912,0.091275,0.004000,0.000371,0.00006545
20,203,0.232499,0.000079,8.5494,0.052684,0.097952,0.097287,0.005898,0.000580,0.00006545
20,204,0.182702,0.000054,8.7750,0.052624,0.097877,0.054444,0.008293,0.000411,0.00006545
20,205,0.216339,0.000082,6.9005,0.052612,0.098034,0.073284,0.010372,0.000599,0.00006545
20,206,0.210575,0.000068,9.2194,0.052589,0.097901,0.067056,0.005288,0.001019,0.00006545
20,207,0.177547,0.000062,6.1294,0.052556,0.097860,0.069967,0.008654,0.001259,0.00006545
20,208,0.206488,0.000065,9.3547,0.052558,0.097648,0.063213,0.010372,0.000697,0.00006545
20,209,0.190818,0.000064,7.6981,0.052583,0.097746,0.073851,0.004609,0.000553,0.00006545
20,210,0.180469,0.000055,7.5366,0.052562,0.097727,0.088361,0.002282,0.000755,0.00006545
20,211,0.278842,0.000100,10.6113,0.052588,0.097961,0.075300,0.010627,0.001669,0.00006545
20,212,0.192128,0.000067,7.1866,0.052564,0.097837,0.057841,0.012130,0.001140,0.00006545
20,213,0.246112,0.000074,10.8101,0.052538,0.097831,0.112362,0.005717,0.000558,0.00006545
20,214,0.227468,0.000083,8.2034,0.052493,0.097946,0.070575,0.009152,0.000933,0.00006545
20,215,0.238644,0.000067,11.9293,0.052571,0.097777,0.089455,0.004180,0.001033,0.00006545
20,216,0.196937,0.000066,7.8400,0.052579,0.097724,0.070526,0.008044,0.000361,0.00006545
20,217,0.270642,0.000101,9.2450,0.052633,0.097728,0.077863,0.013626,0.000714,0.00006545
20,218,0.293863,0.000118,8.8577,0.052624,0.097705,0.089485,0.008766,0.001027,0.00006545
20,219,0.229900,0.000062,11.2516,0.052630,0.097545,0.100201,0.006147,0.001045,0.00006545
20,220,0.181041,0.000053,8.2469,0.052584,0.097462,0.073665,0.006576,0.000932,0.00006545
20,221,0.283034,0.000063,14.8972,0.052612,0.097366,0.149206,0.008293,0.000460,0.00006545
20,222,0.258262,0.000085,9.8565,0.052606,0.097292,0.114532,0.008044,0.001008,0.00006545
20,223,0.211684,0.000074,7.5909,0.052606,0.097312,0.072356,0.013806,0.000620,0.00006545
20,224,0.272803,0.000094,11.4421,0.052616,0.097342,0.076505,0.005898,0.001102,0.00006545
20,225,0.192491,0.000060,7.8405,0.052630,0.097367,0.087436,0.006576,0.000454,0.00006545
20,226,0.220536,0.000087,7.0594,0.052596,0.097397,0.063979,0.005468,0.000921,0.00006545
20,227,0.216567,0.000084,7.0754,0.052586,0.097440,0.068691,0.003751,0.000475,0.00006545
20,228,0.206499,0.000077,7.5149,0.052547,0.097327,0.056918,0.003141,0.000691,0.00006545
20,229,0.258897,0.000104,7.6671,0.052528,0.097407,0.087753,0.003537,0.000315,0.00006545
20,230,0.177050,0.000060,6.3527,0.052479,0.097490,0.070099,0.012089,0.000437,0.00006545
20,231,0.246662,0.000072,12.0575,0.052487,0.097469,0.084579,0.010801,0.000901,0.00006545
20,232,0.190037,0.000065,7.3135,0.052479,0.097442,0.070086,0.006507,0.000554,0.00006545
20,233,0.166186,0.000059,6.2406,0.052451,0.097418,0.059408,0.003570,0.000781,0.00006545
20,234,0.171626,0.000062,5.9272,0.052396,0.097133,0.065286,0.003570,0.000843,0.00006545
20,235,0.189020,0.000056,9.2804,0.052368,0.097217,0.063024,0.004000,0.000426,0.00006545
20,236,0.255576,0.000103,7.5905,0.052368,0.097366,0.078395,0.008903,0.000621,0.00006545
20,237,0.293120,0.000083,14.2727,0.052369,0.097498,0.106996,0.003570,0.001284,0.00006545
20,238,0.168402,0.000050,7.1968,0.052289,0.097375,0.085824,0.002798,0.000363,0.00006545
20,239,0.212087,0.000066,9.2464,0.052268,0.097454,0.082547,0.004429,0.000664,0.00006545
20,240,0.220102,0.000089,6.7417,0.052243,0.097776,0.054182,0.007366,0.000723,0.00006545
20,241,0.228035,0.000065,9.9353,0.052216,0.097812,0.107191,0.012020,0.000705,0.00006545
20,242,0.195124,0.000062,7.6381,0.052214,0.097639,0.090371,0.005648,0.000652,0.00006545
20,243,0.182826,0.000056,8.7410,0.052180,0.097657,0.055006,0.004859,0.000390,0.00006545
20,244,0.201356,0.000069,8.1390,0.052149,0.097573,0.058920,0.008592,0.001024,0.00006545
20,245,0.237736,0.000071,9.9435,0.052181,0.097685,0.114386,0.008293,0.000532,0.00006545
20,246,0.208949,0.000068,8.0586,0.052143,0.097670,0.104832,0.003537,0.001201,0.00006545
20,247,0.186523,0.000062,7.2142,0.052119,0.097802,0.073132,0.004000,0.001140,0.00006545
20,248,0.208368,0.000074,7.9423,0.052089,0.097855,0.062003,0.008225,0.000625,0.00006545
20,249,0.263841,0.000068,13.0362,0.052159,0.097946,0.134014,0.003141,0.000359,0.00006545
20,250,0.243006,0.000071,10.6675,0.052149,0.098028,0.114358,0.004429,0.000528,0.00006545
20,251,0.205585,0.000059,10.2593,0.052155,0.098020,0.069478,0.005717,0.000475,0.00006545
20,252,0.187236,0.000056,8.9340,0.052138,0.098222,0.062337,0.004000,0.000324,0.00006545
20,253,0.268608,0.000095,9.4670,0.052123,0.098368,0.107573,0.009152,0.001024,0.00006545
20,254,0.222873,0.000076,8.3653,0.052097,0.098347,0.098040,0.003570,0.000976,0.00006545
20,255,0.287326,0.000094,12.2538,0.052126,0.098509,0.091093,0.009667,0.000377,0.00006545
20,256,0.176382,0.000062,6.5754,0.052082,0.098432,0.053946,0.009264,0.000866,0.00006545
20,257,0.184875,0.000066,6.5110,0.052052,0.098383,0.066604,0.007435,0.000424,0.00006545
20,258,0.185430,0.000065,7.2531,0.052013,0.098404,0.054851,0.006147,0.000489,0.00006545
20,259,0.284514,0.000107,9.4270,0.052000,0.098428,0.098401,0.010303,0.001638,0.00006545
20,260,0.183745,0.000066,6.9201,0.051969,0.098512,0.054826,0.004859,0.000792,0.00006545
20,261,0.251707,0.000102,7.3676,0.051964,0.098549,0.074593,0.008903,0.000835,0.00006545
20,262,0.175588,0.000069,5.5279,0.051913,0.098389,0.051620,0.004429,0.001130,0.00006545
20,263,0.262373,0.000056,15.2132,0.052004,0.098545,0.120531,0.003009,0.000514,0.00006545
20,264,0.241750,0.000059,13.2473,0.052082,0.098461,0.096777,0.004000,0.000741,0.00006545
20,265,0.204834,0.000080,6.7572,0.052038,0.098403,0.063432,0.002282,0.001060,0.00006545
20,266,0.235241,0.000066,10.8456,0.052022,0.098257,0.121529,0.003141,0.000614,0.00006545
20,267,0.270330,0.000089,10.9684,0.052029,0.098250,0.083964,0.013557,0.000823,0.00006545
20,268,0.212746,0.000081,7.1876,0.052004,0.098200,0.071550,0.003141,0.000827,0.00006545
20,269,0.207980,0.000079,7.0492,0.051982,0.098277,0.055654,0.010811,0.000504,0.00006545
20,270,0.185378,0.000066,7.0109,0.051942,0.098199,0.058514,0.005288,0.000488,0.00006545
20,271,0.204256,0.000069,7.6097,0.051949,0.098131,0.082833,0.006937,0.000535,0.00006545
20,272,0.188222,0.000053,8.3423,0.051919,0.098091,0.098376,0.006919,0.000721,0.00006545
20,273,0.297602,0.000097,12.5670,0.051896,0.098003,0.076667,0.022381,0.001117,0.00006545
20,274,0.234385,0.000067,9.7830,0.051893,0.098119,0.111046,0.020677,0.001105,0.00006545
20,275,0.203650,0.000078,6.9735,0.051861,0.098038,0.056364,0.004429,0.000962,0.00006545
20,276,0.180207,0.000062,6.9202,0.051832,0.098098,0.065125,0.006327,0.000468,0.00006545
20,277,0.184057,0.000064,6.7399,0.051828,0.098089,0.071796,0.005039,0.000466,0.00006545
20,278,0.248260,0.000092,8.7993,0.051831,0.098111,0.072664,0.011453,0.000697,0.00006545
20,279,0.194911,0.000064,7.4009,0.051831,0.098128,0.083717,0.010621,0.000571,0.00006545
20,280,0.334668,0.000136,8.6773,0.051865,0.098280,0.093014,0.032300,0.001996,0.00006545
20,281,0.168396,0.000056,6.8455,0.051831,0.098303,0.064802,0.002282,0.000253,0.00006545
20,282,0.251985,0.000079,11.2530,0.051851,0.098298,0.082118,0.005288,0.000567,0.00006545
20,283,0.201640,0.000069,7.9542,0.051834,0.098376,0.069065,0.004000,0.000311,0.00006545
20,284,0.231547,0.000078,8.8192,0.051891,0.098406,0.094152,0.006327,0.000397,0.00006545
20,285,0.198296,0.000067,7.1463,0.051864,0.098450,0.093336,0.006147,0.000544,0.00006545
20,286,0.180105,0.000058,8.1573,0.051830,0.098464,0.057624,0.002712,0.000348,0.00006545
20,287,0.236228,0.000085,8.9656,0.051826,0.098418,0.063415,0.007864,0.000698,0.00006545
20,288,0.197503,0.000074,6.1636,0.051801,0.098452,0.076033,0.008044,0.000553,0.00006545
20,289,0.186840,0.000051,8.6111,0.051782,0.098498,0.093610,0.005546,0.000675,0.00006545
20,290,0.263311,0.000093,9.9926,0.051789,0.098510,0.076567,0.010372,0.000450,0.00006545
20,291,0.224050,0.000068,10.3814,0.051788,0.098488,0.077158,0.007976,0.000697,0.00006545
20,292,0.224709,0.000058,10.9830,0.051795,0.098432,0.122026,0.004859,0.000283,0.00006545
20,293,0.186304,0.000069,6.3822,0.051754,0.098358,0.067353,0.005717,0.000430,0.00006545
20,294,0.212439,0.000065,9.6559,0.051773,0.098398,0.074315,0.005288,0.000415,0.00006545
20,295,0.234672,0.000092,7.9056,0.051752,0.098362,0.057706,0.007005,0.001049,0.00006545
20,296,0.233503,0.000088,7.7527,0.051734,0.098235,0.078277,0.007864,0.000476,0.00006545
20,297,0.241624,0.000074,10.9349,0.051739,0.098185,0.091971,0.003009,0.001207,0.00006545
20,298,0.186228,0.000060,7.2242,0.051696,0.098242,0.091142,0.003141,0.000685,0.00006545
20,299,0.210835,0.000065,9.4869,0.051724,0.098228,0.085307,0.003570,0.000362,0.00006545
20,300,0.191353,0.000055,9.5271,0.051703,0.098351,0.064480,0.003570,0.000345,0.00006545
20,301,0.163958,0.000060,5.9242,0.051675,0.098382,0.056280,0.003570,0.000397,0.00006545
20,302,0.226970,0.000065,10.1251,0.051672,0.098371,0.109150,0.003072,0.000482,0.00006545
20,303,0.184318,0.000059,7.2140,0.051646,0.098422,0.085471,0.005039,0.000594,0.00006545
20,304,0.206003,0.000066,8.5815,0.051633,0.098296,0.079298,0.005288,0.000649,0.00006545
20,305,0.227084,0.000079,9.2645,0.051635,0.098209,0.063907,0.005468,0.000650,0.00006545
20,306,0.300848,0.000104,12.3321,0.051649,0.098137,0.095880,0.005546,0.000641,0.00006545
20,307,0.264286,0.000090,9.9487,0.051691,0.098225,0.105669,0.005219,0.000982,0.00006545
20,308,0.275098,0.000103,8.7373,0.051725,0.098256,0.091394,0.012990,0.000851,0.00006545
20,309,0.206160,0.000065,8.4590,0.051744,0.098402,0.088821,0.006147,0.000479,0.00006545
20,310,0.194797,0.000057,9.6157,0.051723,0.098458,0.064968,0.005288,0.000510,0.00006545
20,311,0.164668,0.000058,6.5111,0.051699,0.098682,0.051679,0.004000,0.000483,0.00006545
20,312,0.215317,0.000067,8.9816,0.051677,0.098696,0.099937,0.003141,0.000765,0.00006545
20,313,0.163729,0.000051,6.7415,0.051640,0.098683,0.077375,0.002712,0.000567,0.00006545
20,314,0.217354,0.000065,10.5578,0.051610,0.098762,0.069645,0.006930,0.000828,0.00006545
20,315,0.279488,0.000100,11.4123,0.051608,0.098747,0.073385,0.007435,0.001417,0.00006545
20,316,0.279833,0.000115,7.8517,0.051605,0.098937,0.089000,0.006576,0.001267,0.00006545
20,317,0.241129,0.000098,7.0324,0.051601,0.098965,0.076078,0.003141,0.001056,0.00006545
20,318,0.199738,0.000079,6.5058,0.051590,0.099026,0.053571,0.005717,0.000797,0.00006545
20,319,0.224834,0.000068,9.3076,0.051568,0.099008,0.105931,0.010122,0.000981,0.00006545
20,320,0.236347,0.000091,7.7620,0.051562,0.098982,0.062072,0.013198,0.000968,0.00006545
20,321,0.211744,0.000073,7.7651,0.051546,0.098967,0.086689,0.004859,0.000731,0.00006545
20,322,0.207307,0.000078,7.1487,0.051533,0.098931,0.064962,0.006507,0.000396,0.00006545
20,323,0.173650,0.000063,6.0026,0.051517,0.098907,0.062168,0.006919,0.000245,0.00006545
20,324,0.267831,0.000107,8.2644,0.051509,0.099001,0.070104,0.010988,0.001611,0.00006545
20,325,0.254694,0.000104,7.4130,0.051507,0.098938,0.067313,0.012073,0.001530,0.00006545
20,326,0.240891,0.000094,7.5584,0.051506,0.099142,0.074115,0.009873,0.001483,0.00006545
20,327,0.283211,0.000121,7.6917,0.051513,0.099257,0.065053,0.011231,0.001636,0.00006545
20,328,0.277246,0.000108,8.6642,0.051500,0.099429,0.089008,0.008232,0.001598,0.00006545
20,329,0.260157,0.000096,9.3849,0.051514,0.099352,0.079813,0.004429,0.001433,0.00006545
20,330,0.243400,0.000100,6.9834,0.051506,0.099349,0.064209,0.008526,0.001771,0.00006545
20,331,0.283225,0.000101,9.7603,0.051505,0.099286,0.099582,0.014951,0.002024,0.00006545
20,332,0.274313,0.000104,8.7983,0.051545,0.099315,0.090268,0.013669,0.001289,0.00006545
20,333,0.246257,0.000089,9.0972,0.051557,0.099198,0.074299,0.008225,0.000826,0.00006545
20,334,0.312394,0.000111,11.8627,0.051621,0.099225,0.093879,0.013856,0.000916,0.00006545
20,335,0.248100,0.000085,9.5513,0.051612,0.099181,0.093227,0.002712,0.001317,0.00006545
20,336,0.190387,0.000064,7.4955,0.051617,0.099259,0.065903,0.006756,0.000591,0.00006545
20,337,0.242268,0.000102,6.8340,0.051605,0.099238,0.060865,0.008293,0.000804,0.00006545
20,338,0.205906,0.000065,8.9404,0.051605,0.099224,0.068272,0.010801,0.000877,0.00006545
20,339,0.272474,0.000105,8.8740,0.051619,0.099141,0.074254,0.014528,0.001601,0.00006545
20,340,0.225958,0.000065,10.0565,0.051611,0.099121,0.109902,0.009667,0.000734,0.00006545
20,341,0.264967,0.000086,10.1682,0.051620,0.099218,0.111493,0.011479,0.001391,0.00006545
20,342,0.316248,0.000120,10.1428,0.051633,0.099138,0.092044,0.020152,0.001642,0.00006545
20,343,0.306756,0.000116,10.2451,0.051685,0.099221,0.085046,0.014596,0.002102,0.00006545
20,344,0.274283,0.000106,8.5710,0.051709,0.099210,0.081908,0.014216,0.001502,0.00006545
20,345,0.248652,0.000089,8.5115,0.051739,0.099203,0.081958,0.018615,0.000880,0.00006545
20,346,0.258195,0.000094,8.8006,0.051765,0.099119,0.078485,0.020995,0.001299,0.00006545
20,347,0.274534,0.000096,10.3939,0.051815,0.099139,0.093641,0.006756,0.001017,0.00006545
20,348,0.237242,0.000095,7.1506,0.051823,0.099059,0.066941,0.010323,0.001019,0.00006545
20,349,0.230441,0.000079,9.1499,0.051856,0.099058,0.072921,0.010234,0.000519,0.00006545
20,350,0.227815,0.000082,8.2071,0.051845,0.099012,0.073956,0.009152,0.000583,0.00006545
20,351,0.338172,0.000125,10.7744,0.051875,0.099068,0.108757,0.029710,0.001196,0.00006545
20,352,0.224001,0.000088,6.8568,0.051866,0.099164,0.063447,0.013377,0.000549,0.00006545
20,353,0.229078,0.000077,9.1118,0.051874,0.099190,0.073179,0.011840,0.000451,0.00006545
20,354,0.219055,0.000079,7.5929,0.051855,0.099220,0.085804,0.004859,0.000305,0.00006545
20,355,0.219487,0.000089,6.5819,0.051843,0.099288,0.057094,0.010234,0.000808,0.00006545
20,356,0.196305,0.000069,7.8914,0.051854,0.099152,0.064480,0.002282,0.000316,0.00006545
20,357,0.221026,0.000061,11.3868,0.051830,0.099212,0.085046,0.002798,0.000322,0.00006545
20,358,0.308164,0.000076,14.7659,0.051841,0.099350,0.162119,0.018504,0.000406,0.00006545
20,359,0.244582,0.000072,10.3622,0.051856,0.099361,0.116254,0.010552,0.000576,0.00006545
20,360,0.202744,0.000065,8.8231,0.051852,0.099371,0.061302,0.010372,0.000440,0.00006545
20,361,0.294540,0.000106,10.2667,0.051877,0.099261,0.095757,0.019938,0.000944,0.00006545
20,362,0.482696,0.000196,13.6143,0.051932,0.099226,0.125735,0.042774,0.001337,0.00006545
20,363,0.427010,0.000156,15.1331,0.052020,0.099231,0.126299,0.028273,0.001668,0.00006545
20,364,0.360186,0.000145,10.6118,0.052065,0.099263,0.086259,0.028671,0.001714,0.00006545
20,365,0.409298,0.000161,12.1593,0.052125,0.099240,0.110533,0.033426,0.002223,0.00006545
20,366,0.242782,0.000096,7.6098,0.052112,0.099248,0.064511,0.010870,0.000950,0.00006545
20,367,0.331816,0.000108,13.1702,0.052129,0.099268,0.146129,0.007186,0.001498,0.00006545
20,368,0.204168,0.000072,7.6009,0.052109,0.099223,0.065485,0.010621,0.000926,0.00006545
20,369,0.258064,0.000089,9.4369,0.052132,0.099219,0.099468,0.013557,0.001191,0.00006545
20,370,0.211465,0.000074,7.9105,0.052111,0.099241,0.065831,0.012767,0.001113,0.00006545
20,371,0.244523,0.000086,8.5513,0.052119,0.099293,0.096937,0.012408,0.001157,0.00006545
20,372,0.196647,0.000058,8.6381,0.052104,0.099344,0.088290,0.006327,0.000804,0.00006545
20,373,0.219593,0.000074,8.7956,0.052115,0.099345,0.075786,0.006147,0.000739,0.00006545
20,374,0.221739,0.000057,12.5253,0.052101,0.099305,0.077604,0.008293,0.000331,0.00006545
20,375,0.186924,0.000063,7.4582,0.052108,0.099308,0.065798,0.008474,0.000377,0.00006545
20,376,0.253208,0.000078,10.7165,0.052106,0.099362,0.113029,0.008225,0.000678,0.00006545
20,377,0.207922,0.000077,7.3690,0.052111,0.099320,0.064084,0.007005,0.000511,0.00006545
20,378,0.206720,0.000079,7.0720,0.052103,0.099273,0.059105,0.006147,0.000587,0.00006545
20,379,0.187806,0.000060,7.4343,0.052094,0.099264,0.079948,0.007615,0.000546,0.00006545
20,380,0.173679,0.000061,6.5258,0.052071,0.099348,0.060096,0.005288,0.000623,0.00006545
20,381,0.234294,0.000074,10.0721,0.052091,0.099507,0.081891,0.005468,0.001324,0.00006545
20,382,0.169511,0.000061,6.2223,0.052059,0.099619,0.058462,0.004066,0.000380,0.00006545
20,383,0.285527,0.000090,11.7460,0.052119,0.099653,0.116548,0.010372,0.000926,0.00006545
20,384,0.219852,0.000071,8.9826,0.052103,0.099501,0.081797,0.009582,0.000877,0.00006545
20,385,0.187622,0.000066,7.5339,0.052105,0.099424,0.059042,0.004000,0.000738,0.00006545
20,386,0.179614,0.000063,6.2141,0.052084,0.099390,0.078978,0.005717,0.000639,0.00006545
20,387,0.210758,0.000078,7.4845,0.052094,0.099411,0.065199,0.005039,0.001417,0.00006545
20,388,0.227441,0.000091,6.9804,0.052078,0.099507,0.066058,0.006756,0.001457,0.00006545
20,389,0.234706,0.000072,9.5666,0.052099,0.099538,0.113174,0.005717,0.000725,0.00006545
20,390,0.190558,0.000065,7.0697,0.052098,0.099544,0.082877,0.004429,0.000622,0.00006545
20,391,0.198043,0.000068,7.7011,0.052070,0.099465,0.073478,0.004172,0.000461,0.00006545
21,1,0.378439,0.000116,17.6805,0.059325,0.108238,0.123154,0.013890,0.001842,0.00005000
21,2,0.305363,0.000116,10.7341,0.055086,0.115247,0.073014,0.013849,0.001997,0.00005000
21,3,0.241162,0.000098,7.0562,0.052688,0.124846,0.059609,0.013738,0.001439,0.00005000
21,4,0.323812,0.000101,13.0461,0.053969,0.109079,0.142333,0.013918,0.001652,0.00005000
21,5,0.286987,0.000088,11.7837,0.053843,0.110589,0.131753,0.009195,0.001302,0.00005000
21,6,0.289413,0.000115,8.6716,0.053982,0.110793,0.084582,0.014755,0.001654,0.00005000
21,7,0.252340,0.000093,8.6416,0.054649,0.111117,0.078388,0.012048,0.001884,0.00005000
21,8,0.283967,0.000096,11.8237,0.054123,0.104633,0.080090,0.013103,0.001693,0.00005000
21,9,0.240266,0.000089,8.3332,0.053374,0.110160,0.074154,0.009513,0.001471,0.00005000
21,10,0.305343,0.000114,10.0706,0.053120,0.109838,0.099925,0.014957,0.001575,0.00005000
21,11,0.260332,0.000097,8.1452,0.052272,0.105409,0.084415,0.020968,0.001609,0.00005000
21,12,0.269247,0.000105,8.7322,0.052135,0.102636,0.068772,0.014347,0.001467,0.00005000
21,13,0.277584,0.000106,8.5933,0.052029,0.101812,0.102153,0.009513,0.001385,0.00005000
21,14,0.276832,0.000106,9.2569,0.052770,0.099894,0.076663,0.011840,0.001405,0.00005000
21,15,0.311912,0.000114,11.3231,0.052931,0.099137,0.083794,0.016995,0.001706,0.00005000
21,16,0.247851,0.000097,8.3093,0.052364,0.099166,0.061115,0.006507,0.001841,0.00005000
21,17,0.263036,0.000076,11.5784,0.052422,0.098827,0.126302,0.006919,0.001732,0.00005000
21,18,0.249615,0.000089,8.5416,0.052230,0.096342,0.098899,0.012561,0.001411,0.00005000
21,19,0.234062,0.000093,7.5524,0.052141,0.098939,0.061747,0.007005,0.001026,0.00005000
21,20,0.238978,0.000093,7.3700,0.052186,0.098450,0.074600,0.009942,0.001212,0.00005000
21,21,0.222291,0.000090,6.5835,0.052003,0.098083,0.062518,0.008114,0.001394,0.00005000
21,22,0.277942,0.000092,11.2017,0.052975,0.100587,0.091577,0.010865,0.001148,0.00005000
21,23,0.236609,0.000087,8.2021,0.053252,0.101643,0.074668,0.009375,0.001271,0.00005000
21,24,0.256726,0.000091,9.1312,0.053165,0.103074,0.091936,0.010552,0.001731,0.00005000
21,25,0.196234,0.000078,6.1804,0.052737,0.102683,0.057256,0.004816,0.001272,0.00005000
21,26,0.264358,0.000081,10.7500,0.052702,0.103067,0.113193,0.014665,0.000909,0.00005000
21,27,0.244149,0.000071,10.5891,0.052677,0.101520,0.111266,0.012630,0.000952,0.00005000
21,28,0.197448,0.000062,8.6341,0.052527,0.102486,0.068726,0.006507,0.000512,0.00005000
21,29,0.265206,0.000104,8.7902,0.052450,0.103122,0.065168,0.011417,0.001787,0.00005000
21,30,0.202363,0.000071,7.2801,0.052411,0.102633,0.078042,0.008044,0.001310,0.00005000
21,31,0.181237,0.000061,6.8536,0.052125,0.102317,0.075090,0.005039,0.000847,0.00005000
21,32,0.175449,0.000065,6.2139,0.051813,0.101629,0.050452,0.006507,0.001016,0.00005000
21,33,0.193711,0.000071,6.7515,0.051676,0.102078,0.062543,0.006756,0.000769,0.00005000
21,34,0.174975,0.000055,7.3469,0.051601,0.102112,0.067784,0.002798,0.000715,0.00005000
21,35,0.280256,0.000096,10.3964,0.051634,0.102626,0.107324,0.009332,0.001517,0.00005000
21,36,0.272865,0.000099,9.2851,0.051500,0.103342,0.095275,0.011729,0.001520,0.00005000
21,37,0.278944,0.000098,11.0576,0.051908,0.102213,0.080593,0.008903,0.001512,0.00005000
21,38,0.260224,0.000096,8.9528,0.052231,0.101733,0.092799,0.005648,0.001350,0.00005000
21,39,0.234621,0.000095,7.1218,0.052135,0.101460,0.060911,0.007546,0.001467,0.00005000
21,40,0.257664,0.000094,8.8233,0.052252,0.101652,0.094368,0.009083,0.001312,0.00005000
21,41,0.241252,0.000095,7.5339,0.052300,0.101581,0.065081,0.010732,0.001772,0.00005000
21,42,0.250306,0.000100,7.8581,0.052333,0.100342,0.073595,0.004594,0.001819,0.00005000
21,43,0.285567,0.000106,9.6817,0.052442,0.101269,0.098705,0.007574,0.000667,0.00005000
21,44,0.238336,0.000088,8.2608,0.052583,0.101032,0.068633,0.015026,0.000399,0.00005000
21,45,0.194472,0.000065,8.2181,0.052500,0.101886,0.060860,0.007186,0.000752,0.00005000
21,46,0.223272,0.000078,8.0103,0.052374,0.102162,0.090086,0.007546,0.000831,0.00005000
21,47,0.197254,0.000074,6.7360,0.052291,0.100794,0.069143,0.005468,0.000732,0.00005000
21,48,0.227934,0.000093,6.8226,0.052198,0.100581,0.060151,0.009513,0.000514,0.00005000
21,49,0.260883,0.000094,9.2401,0.052348,0.101320,0.072730,0.022797,0.001437,0.00005000
21,50,0.217382,0.000074,7.8751,0.052205,0.101692,0.092710,0.006576,0.001522,0.00005000
21,51,0.196721,0.000072,6.6125,0.052111,0.102339,0.077109,0.006919,0.000366,0.00005000
21,52,0.256225,0.000090,10.0898,0.052119,0.101990,0.073318,0.008225,0.001552,0.00005000
21,53,0.224599,0.000089,6.6259,0.052046,0.102083,0.066488,0.012269,0.001373,0.00005000
21,54,0.222739,0.000082,8.1082,0.051934,0.102969,0.058391,0.009513,0.001274,0.00005000
21,55,0.203965,0.000075,7.3786,0.051791,0.102727,0.056528,0.006327,0.001041,0.00005000
21,56,0.244675,0.000097,7.8732,0.051798,0.102475,0.065608,0.006756,0.001406,0.00005000
21,57,0.301245,0.000084,13.9485,0.051886,0.102038,0.142386,0.010483,0.001452,0.00005000
21,58,0.295595,0.000091,12.7677,0.051899,0.102956,0.132291,0.007455,0.001621,0.00005000
21,59,0.245155,0.000090,8.2105,0.051834,0.103507,0.091003,0.006794,0.001375,0.00005000
21,60,0.235836,0.000069,11.5565,0.051864,0.102912,0.078436,0.006576,0.000551,0.00005000
21,61,0.194113,0.000065,8.3666,0.051764,0.101829,0.053078,0.004859,0.000472,0.00005000
21,62,0.185925,0.000064,6.4565,0.051723,0.101307,0.071980,0.012269,0.000566,0.00005000
21,63,0.187848,0.000063,7.1486,0.051762,0.101424,0.074818,0.006756,0.001002,0.00005000
21,64,0.245098,0.000096,7.2834,0.051705,0.101796,0.079884,0.013557,0.001477,0.00005000
21,65,0.273074,0.000089,11.9058,0.051664,0.100982,0.078787,0.017492,0.001027,0.00005000
21,66,0.234302,0.000081,8.7724,0.051664,0.100530,0.067073,0.019867,0.001170,0.00005000
21,67,0.245005,0.000067,10.6641,0.051794,0.099644,0.119658,0.021938,0.000620,0.00005000
21,68,0.211202,0.000061,9.1128,0.051698,0.099737,0.095898,0.008293,0.000544,0.00005000
21,69,0.264360,0.000082,10.8732,0.051951,0.099823,0.113302,0.013738,0.000905,0.00005000
21,70,0.217586,0.000074,8.5134,0.051960,0.099729,0.069153,0.011660,0.000610,0.00005000
21,71,0.190553,0.000061,8.6424,0.051955,0.100109,0.060288,0.005288,0.000677,0.00005000
21,72,0.229455,0.000086,7.5339,0.051955,0.100342,0.084594,0.004859,0.000431,0.00005000
21,73,0.229984,0.000090,7.1375,0.051892,0.100219,0.079862,0.006147,0.000472,0.00005000
21,74,0.203752,0.000072,8.0797,0.051788,0.100395,0.061401,0.004000,0.000659,0.00005000
21,75,0.235669,0.000093,7.3707,0.051768,0.101169,0.064256,0.010552,0.001108,0.00005000
21,76,0.176523,0.000065,5.8319,0.051583,0.101154,0.075403,0.003537,0.000906,0.00005000
21,77,0.330126,0.000117,12.8089,0.051603,0.101003,0.088150,0.014167,0.000628,0.00005000
21,78,0.267736,0.000103,8.2273,0.051621,0.101373,0.091051,0.014528,0.000657,0.00005000
21,79,0.281323,0.000115,8.2030,0.051624,0.101283,0.084755,0.006576,0.000631,0.00005000
21,80,0.339516,0.000132,11.0298,0.051746,0.101153,0.082469,0.023256,0.000705,0.00005000
21,81,0.245545,0.000098,8.0465,0.051717,0.101129,0.059933,0.006576,0.001153,0.00005000
21,82,0.215577,0.000080,7.5607,0.051648,0.100833,0.071519,0.005288,0.000496,0.00005000
21,83,0.203442,0.000075,7.2318,0.051669,0.100755,0.072217,0.004429,0.000622,0.00005000
21,84,0.193914,0.000078,5.9595,0.051568,0.101035,0.061206,0.004360,0.000696,0.00005000
21,85,0.223857,0.000064,10.9644,0.051718,0.100601,0.082925,0.005546,0.000643,0.00005000
21,86,0.265234,0.000110,7.4875,0.051729,0.100793,0.064185,0.013059,0.001513,0.00005000
21,87,0.290803,0.000099,10.4413,0.051686,0.100402,0.123571,0.012450,0.000798,0.00005000
21,88,0.300272,0.000098,12.7381,0.051755,0.100360,0.094545,0.008474,0.001379,0.00005000
21,89,0.253910,0.000096,7.9036,0.051696,0.100647,0.079420,0.017852,0.001077,0.00005000
21,90,0.237497,0.000076,10.2344,0.051852,0.100382,0.088473,0.009264,0.000794,0.00005000
21,91,0.234924,0.000090,7.4942,0.051866,0.100301,0.067747,0.016344,0.001154,0.00005000
21,92,0.246053,0.000091,8.4595,0.051854,0.099690,0.065581,0.016245,0.000799,0.00005000
21,93,0.197687,0.000069,7.0863,0.051889,0.099570,0.074053,0.010016,0.000742,0.00005000
21,94,0.226752,0.000065,10.1185,0.051807,0.099279,0.110726,0.004000,0.000496,0.00005000
21,95,0.205687,0.000064,9.5851,0.051765,0.099070,0.062248,0.005288,0.000682,0.00005000
21,96,0.221455,0.000092,6.5870,0.051675,0.099325,0.057130,0.005717,0.000788,0.00005000
21,97,0.244033,0.000094,7.7195,0.051638,0.098822,0.082006,0.007727,0.000619,0.00005000
21,98,0.190795,0.000068,6.8764,0.051586,0.098655,0.066976,0.007186,0.000340,0.00005000
21,99,0.202872,0.000071,8.0207,0.051558,0.098935,0.059043,0.005219,0.000573,0.00005000
21,100,0.168307,0.000056,6.6781,0.051478,0.098632,0.062413,0.007005,0.000397,0.00005000
21,101,0.211347,0.000064,8.6165,0.051476,0.098488,0.097783,0.009582,0.000463,0.00005000
21,102,0.144414,0.000054,5.2353,0.051350,0.098435,0.044630,0.001424,0.000387,0.00005000
21,103,0.211923,0.000075,7.7037,0.051356,0.098277,0.070387,0.013377,0.000377,0.00005000
21,104,0.262637,0.000108,7.2186,0.051356,0.098214,0.078243,0.010732,0.000735,0.00005000
21,105,0.218359,0.000083,7.2752,0.051284,0.098262,0.058397,0.012948,0.000797,0.00005000
21,106,0.202422,0.000081,6.2947,0.051200,0.098197,0.055886,0.006756,0.000700,0.00005000
21,107,0.223027,0.000067,9.3457,0.051172,0.098386,0.103014,0.006147,0.000560,0.00005000
21,108,0.256824,0.000098,8.3511,0.051138,0.098085,0.087157,0.008654,0.001128,0.00005000
21,109,0.202747,0.000067,8.6434,0.051241,0.098466,0.068696,0.005288,0.000641,0.00005000
21,110,0.272657,0.000107,8.5956,0.051278,0.098366,0.080824,0.012130,0.001222,0.00005000
21,111,0.199009,0.000064,8.5642,0.051232,0.098256,0.063933,0.009513,0.000487,0.00005000
21,112,0.198051,0.000068,7.2408,0.051225,0.098290,0.071273,0.009332,0.001058,0.00005000
21,113,0.183717,0.000066,6.9734,0.051207,0.098039,0.060014,0.003141,0.000836,0.00005000
21,114,0.172042,0.000058,6.2983,0.051138,0.097971,0.080821,0.003570,0.000398,0.00005000
21,115,0.151770,0.000054,5.5282,0.051052,0.097922,0.056974,0.005717,0.000384,0.00005000
21,116,0.246628,0.000087,9.9194,0.051041,0.097839,0.065380,0.007615,0.000972,0.00005000
21,117,0.225116,0.000088,7.0334,0.050983,0.097553,0.076425,0.005288,0.001009,0.00005000
21,118,0.192600,0.000073,6.3718,0.050919,0.097846,0.063473,0.007795,0.001399,0.00005000
21,119,0.195926,0.000063,8.2567,0.050877,0.097871,0.066137,0.006122,0.000583,0.00005000
21,120,0.245047,0.000072,11.1114,0.050931,0.098000,0.112751,0.003321,0.000770,0.00005000
21,121,0.251031,0.000068,10.6721,0.050988,0.097837,0.117033,0.029598,0.000681,0.00005000
21,122,0.244846,0.000090,6.9662,0.051006,0.098161,0.066845,0.047220,0.000746,0.00005000
21,123,0.190569,0.000069,6.6675,0.050940,0.098307,0.072617,0.005288,0.000442,0.00005000
21,124,0.205857,0.000061,10.2556,0.050869,0.098657,0.062400,0.005717,0.000453,0.00005000
21,125,0.221684,0.000066,10.4069,0.050833,0.098746,0.072468,0.006147,0.000458,0.00005000
21,126,0.170245,0.000061,6.1253,0.050764,0.098869,0.057649,0.006147,0.000430,0.00005000
21,127,0.195325,0.000068,7.3249,0.050715,0.099035,0.068250,0.006180,0.000830,0.00005000
21,128,0.257842,0.000074,12.5502,0.050831,0.099002,0.087979,0.008293,0.000433,0.00005000
21,129,0.210305,0.000078,7.2213,0.050832,0.098977,0.078767,0.002282,0.000791,0.00005000
21,130,0.205900,0.000063,8.5908,0.050858,0.099077,0.096015,0.007005,0.000618,0.00005000
21,131,0.206817,0.000068,9.0133,0.050908,0.099351,0.063853,0.003570,0.000890,0.00005000
21,132,0.191869,0.000072,6.6036,0.050881,0.099438,0.064468,0.005288,0.000532,0.00005000
21,133,0.206346,0.000080,6.6666,0.050838,0.099557,0.069710,0.002712,0.000405,0.00005000
21,134,0.183197,0.000054,8.5495,0.050831,0.099506,0.063043,0.006756,0.000510,0.00005000
21,135,0.247267,0.000099,7.4865,0.050847,0.099753,0.073855,0.008044,0.000633,0.00005000
21,136,0.257809,0.000093,9.6969,0.050862,0.099397,0.075290,0.008870,0.000558,0.00005000
21,137,0.201300,0.000068,8.2387,0.050841,0.099343,0.063063,0.005468,0.000695,0.00005000
21,138,0.146883,0.000052,5.4516,0.050765,0.099396,0.052561,0.001853,0.000277,0.00005000
21,139,0.178629,0.000059,7.5385,0.050712,0.099181,0.058815,0.004429,0.000375,0.00005000
21,140,0.202372,0.000069,7.4381,0.050705,0.099354,0.082961,0.006078,0.000485,0.00005000
21,141,0.180340,0.000063,6.8019,0.050657,0.099288,0.066934,0.002712,0.000862,0.00005000
21,142,0.157570,0.000055,6.3506,0.050563,0.099240,0.049676,0.003141,0.000434,0.00005000
21,143,0.224172,0.000074,8.8773,0.050524,0.099054,0.089278,0.006756,0.001092,0.00005000
21,144,0.218034,0.000070,9.7367,0.050619,0.098796,0.074796,0.003009,0.000749,0.00005000
21,145,0.190619,0.000071,6.9443,0.050583,0.098856,0.060248,0.002282,0.000493,0.00005000
21,146,0.224557,0.000068,9.7638,0.050608,0.098738,0.095618,0.004859,0.000626,0.00005000
21,147,0.233945,0.000086,8.3476,0.050611,0.098854,0.071361,0.008293,0.000739,0.00005000
21,148,0.183360,0.000060,7.6902,0.050592,0.098896,0.064705,0.004609,0.000384,0.00005000
21,149,0.190375,0.000069,6.9677,0.050538,0.098921,0.059971,0.005717,0.000475,0.00005000
21,150,0.251955,0.000080,10.1833,0.050552,0.098766,0.104951,0.007864,0.000705,0.00005000
21,151,0.203024,0.000064,8.4278,0.050517,0.098707,0.082412,0.008903,0.000375,0.00005000
21,152,0.209749,0.000078,6.8918,0.050491,0.098640,0.065380,0.012456,0.000420,0.00005000
21,153,0.207913,0.000065,9.8738,0.050427,0.098711,0.061607,0.005546,0.000421,0.00005000
21,154,0.229303,0.000086,8.0575,0.050439,0.098695,0.071195,0.009332,0.002126,0.00005000
21,155,0.246247,0.000090,8.8545,0.050488,0.098588,0.072051,0.011479,0.001893,0.00005000
21,156,0.227421,0.000086,6.9406,0.050495,0.098645,0.078359,0.013738,0.002430,0.00005000
21,157,0.252752,0.000086,10.1468,0.050520,0.099008,0.077823,0.012948,0.001655,0.00005000
21,158,0.195103,0.000067,7.3775,0.050542,0.099310,0.066806,0.009264,0.001776,0.00005000
21,159,0.179329,0.000061,6.6746,0.050527,0.099196,0.070681,0.007795,0.001160,0.00005000
21,160,0.198650,0.000061,8.5643,0.050530,0.099220,0.074476,0.008044,0.001195,0.00005000
21,161,0.189250,0.000066,7.3723,0.050507,0.099058,0.056696,0.006708,0.001097,0.00005000
21,162,0.194081,0.000066,7.3855,0.050449,0.098934,0.080836,0.005219,0.000754,0.00005000
21,163,0.259966,0.000079,11.1538,0.050496,0.098851,0.121287,0.005039,0.000687,0.00005000
21,164,0.228224,0.000087,7.6662,0.050521,0.098829,0.065674,0.010440,0.000657,0.00005000
21,165,0.241425,0.000086,8.8670,0.050587,0.098620,0.079840,0.006327,0.000777,0.00005000
21,166,0.214240,0.000083,6.9748,0.050583,0.098426,0.068315,0.002712,0.001434,0.00005000
21,167,0.246253,0.000102,7.4746,0.050604,0.098234,0.057710,0.006078,0.001677,0.00005000
21,168,0.221585,0.000081,7.7350,0.050585,0.098459,0.080930,0.002712,0.001158,0.00005000
21,169,0.208132,0.000083,6.3254,0.050552,0.098345,0.061852,0.005288,0.001627,0.00005000
21,170,0.158716,0.000051,6.4284,0.050499,0.098391,0.067192,0.004172,0.000594,0.00005000
21,171,0.214809,0.000079,7.8033,0.050462,0.098515,0.059041,0.007005,0.000793,0.00005000
21,172,0.193942,0.000072,6.3679,0.050424,0.098314,0.060725,0.013918,0.000256,0.00005000
21,173,0.220522,0.000073,8.7339,0.050423,0.098264,0.075772,0.012518,0.000546,0.00005000
21,174,0.199027,0.000072,6.4546,0.050373,0.098401,0.085833,0.007366,0.000510,0.00005000
21,175,0.215022,0.000078,8.2060,0.050341,0.098440,0.057633,0.008654,0.000836,0.00005000
21,176,0.187008,0.000069,6.2581,0.050282,0.098331,0.063605,0.009152,0.000370,0.00005000
21,177,0.210788,0.000061,9.2179,0.050264,0.097863,0.113171,0.004429,0.000571,0.00005000
21,178,0.186829,0.000062,7.0542,0.050233,0.097772,0.089396,0.003009,0.000321,0.00005000
21,179,0.181187,0.000062,6.9827,0.050189,0.097741,0.059974,0.007795,0.000730,0.00005000
21,180,0.249532,0.000091,9.1225,0.050207,0.097855,0.072906,0.008834,0.000773,0.00005000
21,181,0.217947,0.000082,7.1262,0.050171,0.097742,0.066750,0.012269,0.000512,0.00005000
21,182,0.343884,0.000106,14.7780,0.050315,0.097833,0.143726,0.010303,0.000672,0.00005000
21,183,0.189005,0.000054,8.3552,0.050351,0.097706,0.082163,0.010440,0.000489,0.00005000
21,184,0.188176,0.000073,6.0924,0.050300,0.097877,0.057310,0.006507,0.000622,0.00005000
21,185,0.198476,0.000071,7.7866,0.050268,0.098124,0.057229,0.003141,0.000617,0.00005000
21,186,0.163523,0.000059,5.8778,0.050220,0.098025,0.059417,0.002282,0.000282,0.00005000
21,187,0.205126,0.000051,10.9812,0.050233,0.097909,0.084009,0.005546,0.000256,0.00005000
21,188,0.184108,0.000068,6.7568,0.050211,0.097766,0.057080,0.004180,0.000543,0.00005000
21,189,0.236432,0.000055,12.1780,0.050249,0.097776,0.132219,0.004609,0.000412,0.00005000
21,190,0.198137,0.000071,7.3725,0.050236,0.097743,0.072151,0.002712,0.000658,0.00005000
21,191,0.194931,0.000069,7.6315,0.050216,0.097660,0.059095,0.005288,0.000427,0.00005000
21,192,0.211416,0.000084,6.3862,0.050181,0.097813,0.066829,0.006327,0.001136,0.00005000
21,193,0.174112,0.000056,7.6097,0.050129,0.097723,0.050290,0.009513,0.000686,0.00005000
21,194,0.189368,0.000064,7.4227,0.050093,0.097574,0.068752,0.004859,0.000508,0.00005000
21,195,0.226703,0.000070,9.3348,0.050109,0.097650,0.107215,0.003537,0.000262,0.00005000
21,196,0.191079,0.000073,6.2148,0.050078,0.097821,0.063578,0.007435,0.000736,0.00005000
21,197,0.217844,0.000061,10.6429,0.050128,0.097879,0.073686,0.008405,0.000376,0.00005000
21,198,0.176761,0.000060,6.5439,0.050107,0.097756,0.066119,0.010011,0.000453,0.00005000
21,199,0.208104,0.000077,6.8914,0.050099,0.098073,0.073792,0.008474,0.000851,0.00005000
21,200,0.162386,0.000061,5.4427,0.050042,0.097951,0.057014,0.003570,0.000418,0.00005000
21,201,0.228104,0.000058,12.2170,0.050099,0.097992,0.085788,0.005717,0.000267,0.00005000
21,202,0.172123,0.000053,7.8164,0.050087,0.097915,0.056458,0.005468,0.000276,0.00005000
21,203,0.242647,0.000081,9.1944,0.050050,0.098147,0.109643,0.006327,0.000600,0.00005000
21,204,0.163524,0.000057,6.0481,0.049998,0.098114,0.069208,0.001424,0.000459,0.00005000
21,205,0.247518,0.000086,9.7112,0.050021,0.098097,0.074898,0.006327,0.000643,0.00005000
21,206,0.210403,0.000068,9.5182,0.049979,0.098084,0.061881,0.004609,0.001053,0.00005000
21,207,0.198386,0.000064,7.5587,0.050007,0.097991,0.085537,0.010912,0.001100,0.00005000
21,208,0.184942,0.000065,6.8171,0.050008,0.097968,0.068062,0.004609,0.000589,0.00005000
21,209,0.187368,0.000062,7.9336,0.050006,0.097832,0.058200,0.005219,0.000643,0.00005000
21,210,0.188339,0.000058,8.1879,0.049980,0.098026,0.079521,0.003570,0.000791,0.00005000
21,211,0.259539,0.000097,9.3972,0.050056,0.098276,0.076064,0.007754,0.001680,0.00005000
21,212,0.194284,0.000064,7.2709,0.050053,0.098300,0.074847,0.014328,0.001185,0.00005000
21,213,0.169401,0.000062,5.8679,0.050008,0.098366,0.060960,0.005717,0.000733,0.00005000
21,214,0.213767,0.000077,8.4884,0.049974,0.098376,0.053989,0.005898,0.000775,0.00005000
21,215,0.189624,0.000066,7.9409,0.049936,0.098285,0.051967,0.003141,0.000902,0.00005000
21,216,0.237553,0.000066,11.2976,0.049913,0.098200,0.119098,0.006147,0.000305,0.00005000
21,217,0.251687,0.000099,7.4940,0.049931,0.098267,0.078952,0.015275,0.000555,0.00005000
21,218,0.282304,0.000118,7.8851,0.049943,0.098208,0.074743,0.010303,0.001016,0.00005000
21,219,0.190388,0.000061,8.1014,0.049943,0.098169,0.066723,0.006147,0.001000,0.00005000
21,220,0.170718,0.000054,7.6540,0.049925,0.098072,0.061749,0.002282,0.001007,0.00005000
21,221,0.236615,0.000063,11.4275,0.049964,0.097951,0.111347,0.004172,0.000619,0.00005000
21,222,0.270893,0.000088,11.0645,0.050012,0.097993,0.109259,0.007976,0.001189,0.00005000
21,223,0.222164,0.000073,8.5743,0.050059,0.097976,0.098171,0.005717,0.000923,0.00005000
21,224,0.251511,0.000096,9.0987,0.050062,0.098022,0.064473,0.006327,0.000989,0.00005000
21,225,0.187928,0.000062,7.3951,0.050060,0.098283,0.077727,0.003141,0.000402,0.00005000
21,226,0.240424,0.000087,9.0103,0.050081,0.098276,0.071104,0.005288,0.000875,0.00005000
21,227,0.243611,0.000089,9.3708,0.050099,0.098189,0.066412,0.006147,0.000407,0.00005000
21,228,0.225428,0.000081,8.4129,0.050085,0.098136,0.076569,0.005468,0.000645,0.00005000
21,229,0.266024,0.000106,8.5030,0.050167,0.098345,0.081746,0.005123,0.000357,0.00005000
21,230,0.194291,0.000061,8.0571,0.050223,0.098274,0.076984,0.006576,0.000465,0.00005000
21,231,0.201883,0.000066,8.0295,0.050233,0.098249,0.070757,0.013806,0.000806,0.00005000
21,232,0.199109,0.000065,7.7428,0.050206,0.098290,0.086444,0.007505,0.000655,0.00005000
21,233,0.167740,0.000063,6.0743,0.050179,0.098233,0.053431,0.001853,0.001144,0.00005000
21,234,0.170405,0.000062,5.7733,0.050129,0.098121,0.065669,0.003141,0.000912,0.00005000
21,235,0.188443,0.000059,8.8607,0.050089,0.097989,0.058949,0.002712,0.000394,0.00005000
21,236,0.282214,0.000105,9.4512,0.050097,0.098011,0.100303,0.009332,0.000822,0.00005000
21,237,0.268806,0.000084,12.0798,0.050082,0.097962,0.087120,0.007005,0.001312,0.00005000
21,238,0.159836,0.000047,7.0219,0.050022,0.098172,0.083936,0.001424,0.000347,0.00005000
21,239,0.199922,0.000064,8.4933,0.049996,0.098386,0.076200,0.003141,0.000717,0.00005000
21,240,0.218743,0.000087,6.8790,0.050000,0.098466,0.060183,0.007186,0.000837,0.00005000
21,241,0.196314,0.000068,6.8097,0.049972,0.098582,0.080383,0.011342,0.000877,0.00005000
21,242,0.192548,0.000060,8.4581,0.050006,0.098725,0.070092,0.005288,0.000674,0.00005000
21,243,0.175361,0.000057,7.8276,0.049957,0.098834,0.050383,0.004429,0.000446,0.00005000
21,244,0.187239,0.000071,6.2353,0.049924,0.098712,0.057156,0.007186,0.000940,0.00005000
21,245,0.313916,0.000073,16.3397,0.049993,0.098632,0.171467,0.004859,0.000510,0.00005000
21,246,0.247417,0.000067,11.7262,0.049988,0.098650,0.131940,0.004066,0.001246,0.00005000
21,247,0.200029,0.000063,7.5870,0.049957,0.098589,0.097356,0.008654,0.001005,0.00005000
21,248,0.242873,0.000076,10.5988,0.049938,0.098706,0.083844,0.009693,0.000549,0.00005000
21,249,0.189250,0.000067,7.3466,0.049932,0.098657,0.056177,0.007186,0.000312,0.00005000
21,250,0.222563,0.000077,7.8520,0.049909,0.098672,0.092865,0.008723,0.000546,0.00005000
21,251,0.183051,0.000060,7.7131,0.049909,0.098517,0.062792,0.004859,0.000402,0.00005000
21,252,0.169480,0.000056,7.4514,0.049864,0.098367,0.050846,0.001853,0.000298,0.00005000
21,253,0.275252,0.000098,9.7814,0.049861,0.098334,0.110049,0.007864,0.000916,0.00005000
21,254,0.232227,0.000078,8.7996,0.049851,0.098373,0.104099,0.003570,0.000948,0.00005000
21,255,0.230620,0.000086,8.4225,0.049848,0.098253,0.060816,0.006919,0.000454,0.00005000
21,256,0.175276,0.000063,6.0965,0.049821,0.098161,0.056327,0.011299,0.000833,0.00005000
21,257,0.183774,0.000067,6.7336,0.049778,0.098153,0.051885,0.008293,0.000522,0.00005000
21,258,0.179077,0.000070,5.5919,0.049748,0.097951,0.054638,0.006576,0.000434,0.00005000
21,259,0.271433,0.000105,8.4843,0.049760,0.097836,0.088595,0.008654,0.001510,0.00005000
21,260,0.207918,0.000067,8.9084,0.049768,0.097853,0.067215,0.007976,0.000826,0.00005000
21,261,0.241641,0.000101,6.8143,0.049762,0.097963,0.058425,0.010621,0.000841,0.00005000
21,262,0.212741,0.000069,8.5343,0.049724,0.097955,0.093610,0.004180,0.001037,0.00005000
21,263,0.155689,0.000055,5.8071,0.049685,0.097972,0.050725,0.006708,0.000376,0.00005000
21,264,0.168056,0.000055,6.6107,0.049677,0.097897,0.067695,0.005717,0.000358,0.00005000
21,265,0.186316,0.000069,6.9377,0.049648,0.097791,0.051020,0.003570,0.000875,0.00005000
21,266,0.188437,0.000063,7.1249,0.049638,0.097620,0.085234,0.003570,0.000545,0.00005000
21,267,0.232070,0.000089,7.8581,0.049625,0.097507,0.059639,0.008654,0.000807,0.00005000
21,268,0.216004,0.000076,7.6636,0.049634,0.097480,0.089347,0.004429,0.000708,0.00005000
21,269,0.199182,0.000077,6.4999,0.049619,0.097446,0.058051,0.007435,0.000420,0.00005000
21,270,0.202520,0.000066,8.8456,0.049640,0.097367,0.063511,0.003141,0.000587,0.00005000
21,271,0.182249,0.000066,6.4825,0.049638,0.097399,0.063667,0.006078,0.000505,0.00005000
21,272,0.199405,0.000055,8.5663,0.049638,0.097382,0.100450,0.013789,0.000879,0.00005000
21,273,0.269930,0.000097,9.4367,0.049651,0.097407,0.076003,0.024994,0.001036,0.00005000
21,274,0.252297,0.000065,11.6858,0.049670,0.097214,0.133321,0.017602,0.001134,0.00005000
21,275,0.210491,0.000076,7.8834,0.049677,0.097169,0.065418,0.006147,0.001039,0.00005000
21,276,0.181477,0.000061,7.7828,0.049646,0.097107,0.051687,0.003931,0.000438,0.00005000
21,277,0.178193,0.000063,6.4299,0.049621,0.097234,0.065335,0.006147,0.000466,0.00005000
21,278,0.251453,0.000089,9.1001,0.049648,0.097243,0.091077,0.012027,0.000633,0.00005000
21,279,0.176845,0.000060,6.8490,0.049616,0.097213,0.062493,0.007005,0.000456,0.00005000
21,280,0.370955,0.000138,11.7724,0.049675,0.097237,0.127314,0.026929,0.001692,0.00005000
21,281,0.204632,0.000057,9.3106,0.049675,0.097244,0.104423,0.002282,0.000256,0.00005000
21,282,0.209493,0.000080,7.3282,0.049654,0.097239,0.058024,0.004180,0.000600,0.00005000
21,283,0.171327,0.000065,5.4604,0.049624,0.097189,0.064047,0.003141,0.000321,0.00005000
21,284,0.204562,0.000075,7.5090,0.049645,0.097205,0.065827,0.004000,0.000304,0.00005000
21,285,0.190539,0.000068,7.1793,0.049618,0.097181,0.062598,0.004790,0.000568,0.00005000
21,286,0.191418,0.000058,7.9796,0.049585,0.097284,0.091839,0.003570,0.000394,0.00005000
21,287,0.226940,0.000087,7.4558,0.049578,0.097277,0.075542,0.004000,0.000733,0.00005000
21,288,0.226701,0.000073,9.7903,0.049605,0.097387,0.074632,0.006327,0.000559,0.00005000
21,289,0.160703,0.000055,6.6652,0.049558,0.097449,0.049185,0.002798,0.000572,0.00005000
21,290,0.253002,0.000097,7.9957,0.049581,0.097460,0.088027,0.008654,0.000529,0.00005000
21,291,0.211376,0.000073,8.0922,0.049570,0.097348,0.078347,0.005219,0.000606,0.00005000
21,292,0.192874,0.000059,8.0331,0.049585,0.097408,0.089902,0.005717,0.000282,0.00005000
21,293,0.189588,0.000067,7.6209,0.049555,0.097459,0.053023,0.004000,0.000496,0.00005000
21,294,0.193330,0.000068,6.8660,0.049533,0.097629,0.083076,0.004790,0.000494,0.00005000
21,295,0.232454,0.000092,7.1441,0.049523,0.097778,0.067038,0.008723,0.001194,0.00005000
21,296,0.252364,0.000085,10.7484,0.049559,0.097889,0.075329,0.004429,0.000530,0.00005000
21,297,0.210540,0.000074,8.1943,0.049557,0.097889,0.064812,0.003537,0.001075,0.00005000
21,298,0.165525,0.000057,6.1710,0.049547,0.097710,0.068161,0.002282,0.000595,0.00005000
21,299,0.177767,0.000064,6.4140,0.049520,0.097719,0.066386,0.002282,0.000333,0.00005000
21,300,0.227006,0.000054,12.2628,0.049567,0.097647,0.101438,0.002712,0.000400,0.00005000
21,301,0.186989,0.000059,7.9628,0.049540,0.097557,0.071958,0.004000,0.000488,0.00005000
21,302,0.177206,0.000063,6.3791,0.049520,0.097754,0.067673,0.002712,0.000537,0.00005000
21,303,0.170393,0.000061,5.9618,0.049488,0.097833,0.067688,0.003570,0.000603,0.00005000
21,304,0.192303,0.000065,7.2123,0.049488,0.097705,0.074134,0.007435,0.000651,0.00005000
21,305,0.221408,0.000081,8.4060,0.049483,0.097736,0.061596,0.006576,0.000645,0.00005000
21,306,0.285565,0.000103,10.7127,0.049511,0.097525,0.085757,0.006919,0.000748,0.00005000
21,307,0.295492,0.000086,13.1465,0.049523,0.097618,0.141684,0.004790,0.001214,0.00005000
21,308,0.301420,0.000105,11.1202,0.049548,0.097819,0.120958,0.007186,0.001507,0.00005000
21,309,0.199127,0.000065,7.9275,0.049539,0.097851,0.088181,0.003141,0.000619,0.00005000
21,310,0.210734,0.000054,11.7660,0.049529,0.097747,0.081353,0.003570,0.000544,0.00005000
21,311,0.198485,0.000058,9.9713,0.049517,0.097774,0.067498,0.002282,0.000581,0.00005000
21,312,0.186889,0.000066,7.0965,0.049497,0.097713,0.064985,0.002712,0.000658,0.00005000
21,313,0.178638,0.000052,7.9261,0.049501,0.097772,0.080586,0.006147,0.000556,0.00005000
21,314,0.184963,0.000066,6.5002,0.049481,0.097744,0.071625,0.003537,0.000755,0.00005000
21,315,0.264835,0.000101,9.3528,0.049516,0.097809,0.071430,0.006576,0.001242,0.00005000
21,316,0.278499,0.000117,7.7195,0.049530,0.097836,0.077967,0.007435,0.001427,0.00005000
21,317,0.245695,0.000103,6.9675,0.049542,0.098006,0.066992,0.004859,0.001130,0.00005000
21,318,0.201940,0.000079,6.5345,0.049534,0.098082,0.056807,0.006756,0.000725,0.00005000
21,319,0.223626,0.000068,9.4061,0.049554,0.098085,0.100424,0.007435,0.001076,0.00005000
21,320,0.261025,0.000093,8.7855,0.049585,0.098022,0.083881,0.021940,0.001059,0.00005000
21,321,0.198961,0.000074,7.1237,0.049573,0.098067,0.057467,0.006756,0.000959,0.00005000
21,322,0.212137,0.000081,6.4841,0.049565,0.098110,0.073763,0.011342,0.000378,0.00005000
21,323,0.181299,0.000063,6.5311,0.049554,0.098252,0.079932,0.004172,0.000200,0.00005000
21,324,0.263160,0.000105,8.3675,0.049550,0.098286,0.064278,0.010191,0.001524,0.00005000
21,325,0.253506,0.000103,7.5368,0.049556,0.098259,0.064578,0.012201,0.001482,0.00005000
21,326,0.253032,0.000100,7.7025,0.049552,0.098377,0.079151,0.009444,0.001480,0.00005000
21,327,0.284621,0.000119,7.9817,0.049556,0.098377,0.066527,0.015393,0.001592,0.00005000
21,328,0.266741,0.000104,8.5687,0.049583,0.098422,0.083807,0.006078,0.001666,0.00005000
21,329,0.236015,0.000097,6.7261,0.049588,0.098468,0.065719,0.007186,0.001422,0.00005000
21,330,0.265192,0.000098,9.4803,0.049628,0.098510,0.074070,0.009994,0.001921,0.00005000
21,331,0.263504,0.000103,8.3501,0.049646,0.098449,0.066151,0.016579,0.002056,0.00005000
21,332,0.272461,0.000104,8.9487,0.049668,0.098379,0.093237,0.007795,0.000628,0.00005000
21,333,0.229436,0.000086,7.8461,0.049662,0.098296,0.069714,0.009942,0.000717,0.00005000
21,334,0.287584,0.000106,9.7561,0.049693,0.098281,0.098249,0.012630,0.000678,0.00005000
21,335,0.221073,0.000083,7.5237,0.049686,0.098416,0.073852,0.004000,0.001359,0.00005000
21,336,0.195916,0.000058,9.3007,0.049703,0.098409,0.069733,0.004000,0.000527,0.00005000
21,337,0.261243,0.000104,8.4889,0.049706,0.098527,0.063821,0.006576,0.000683,0.00005000
21,338,0.186421,0.000055,8.1301,0.049684,0.098521,0.081019,0.008293,0.000434,0.00005000
21,339,0.240509,0.000097,7.0876,0.049678,0.098531,0.061416,0.014777,0.000686,0.00005000
21,340,0.186584,0.000056,8.3867,0.049706,0.098464,0.071554,0.004172,0.000396,0.00005000
21,341,0.206117,0.000074,7.0566,0.049701,0.098400,0.077965,0.009332,0.000481,0.00005000
21,342,0.262741,0.000108,7.0660,0.049706,0.098443,0.073712,0.019611,0.001088,0.00005000
21,343,0.295768,0.000113,10.4050,0.049711,0.098396,0.069943,0.012450,0.001698,0.00005000
21,344,0.258124,0.000100,8.4034,0.049716,0.098296,0.067672,0.014528,0.001482,0.00005000
21,345,0.284519,0.000089,11.6768,0.049712,0.098254,0.117828,0.014853,0.000635,0.00005000
21,346,0.276330,0.000091,10.6403,0.049726,0.098176,0.111182,0.013876,0.001212,0.00005000
21,347,0.223703,0.000089,7.2548,0.049738,0.098067,0.062206,0.006576,0.000927,0.00005000
21,348,0.234313,0.000096,6.9267,0.049743,0.097990,0.060288,0.006930,0.000847,0.00005000
21,349,0.245555,0.000080,10.0396,0.049766,0.097924,0.102034,0.005219,0.000350,0.00005000
21,350,0.206461,0.000080,6.6593,0.049764,0.098008,0.066841,0.005717,0.000469,0.00005000
21,351,0.303614,0.000115,10.0716,0.049799,0.098024,0.080284,0.021758,0.001318,0.00005000
21,352,0.221652,0.000083,7.4203,0.049802,0.098116,0.068465,0.009762,0.000398,0.00005000
21,353,0.212681,0.000078,7.5529,0.049825,0.098227,0.076687,0.004429,0.000572,0.00005000
21,354,0.223897,0.000080,7.8972,0.049819,0.098172,0.088520,0.004429,0.000277,0.00005000
21,355,0.236002,0.000090,7.5684,0.049817,0.098248,0.067134,0.015567,0.000917,0.00005000
21,356,0.190430,0.000062,8.6081,0.049790,0.098256,0.056975,0.002282,0.000296,0.00005000
21,357,0.208292,0.000059,10.4545,0.049784,0.098181,0.077699,0.002798,0.000334,0.00005000
21,358,0.289039,0.000076,13.6809,0.049783,0.098203,0.148302,0.015455,0.000327,0.00005000
21,359,0.235443,0.000070,9.5897,0.049776,0.098269,0.112046,0.015635,0.000748,0.00005000
21,360,0.190167,0.000059,8.4611,0.049780,0.098241,0.059632,0.009152,0.000455,0.00005000
21,361,0.273689,0.000099,9.3664,0.049812,0.098256,0.086166,0.021928,0.000947,0.00005000
21,362,0.468718,0.000199,11.9668,0.049848,0.098161,0.109358,0.036882,0.001283,0.00005000
21,363,0.421099,0.000159,13.5521,0.049890,0.098184,0.140417,0.025167,0.001769,0.00005000
21,364,0.383879,0.000144,12.5377,0.049944,0.098201,0.121095,0.026869,0.002249,0.00005000
21,365,0.434280,0.000157,15.1763,0.050010,0.098126,0.118469,0.036093,0.002316,0.00005000
21,366,0.265930,0.000097,9.8511,0.050041,0.098104,0.069592,0.012089,0.002150,0.00005000
21,367,0.318645,0.000110,11.4928,0.050101,0.098073,0.130751,0.009693,0.002347,0.00005000
21,368,0.188739,0.000069,6.7659,0.050090,0.098028,0.063028,0.005717,0.001191,0.00005000
21,369,0.268493,0.000083,10.6184,0.050132,0.097997,0.118078,0.019834,0.001527,0.00005000
21,370,0.248985,0.000075,10.8873,0.050174,0.098081,0.097742,0.011050,0.001361,0.00005000
21,371,0.223665,0.000089,6.4598,0.050165,0.098079,0.074821,0.009582,0.001247,0.00005000
21,372,0.184788,0.000058,8.3060,0.050148,0.098229,0.058338,0.006576,0.000797,0.00005000
21,373,0.196762,0.000075,6.1248,0.050125,0.098266,0.073413,0.006327,0.000661,0.00005000
21,374,0.219520,0.000055,12.5023,0.050106,0.098355,0.074491,0.006919,0.000408,0.00005000
21,375,0.207652,0.000064,9.5241,0.050113,0.098327,0.068431,0.006937,0.000385,0.00005000
21,376,0.230561,0.000076,9.1154,0.050126,0.098454,0.096620,0.006147,0.000660,0.00005000
21,377,0.200912,0.000076,6.7343,0.050117,0.098392,0.063533,0.005288,0.000435,0.00005000
21,378,0.209439,0.000083,6.8002,0.050124,0.098415,0.061978,0.004429,0.000411,0.00005000
21,379,0.190911,0.000063,7.8835,0.050118,0.098411,0.063039,0.007435,0.000468,0.00005000
21,380,0.185173,0.000059,7.6052,0.050107,0.098421,0.078052,0.004180,0.000533,0.00005000
21,381,0.195081,0.000073,6.4342,0.050100,0.098446,0.063820,0.007186,0.001402,0.00005000
21,382,0.162432,0.000059,5.7748,0.050081,0.098529,0.057087,0.004594,0.000328,0.00005000
21,383,0.249166,0.000090,9.9393,0.050092,0.098569,0.062144,0.008931,0.001001,0.00005000
21,384,0.207212,0.000069,8.6413,0.050068,0.098516,0.054371,0.012201,0.000860,0.00005000
21,385,0.221921,0.000063,9.9734,0.050065,0.098535,0.116029,0.002282,0.000820,0.00005000
21,386,0.203857,0.000061,8.1537,0.050054,0.098413,0.105695,0.011299,0.000652,0.00005000
21,387,0.213078,0.000077,7.9712,0.050038,0.098379,0.063459,0.005717,0.001308,0.00005000
21,388,0.226324,0.000091,7.2086,0.050028,0.098424,0.058683,0.005039,0.001555,0.00005000
21,389,0.206336,0.000075,6.9181,0.050008,0.098432,0.083796,0.004859,0.000656,0.00005000
21,390,0.183222,0.000061,7.4587,0.049992,0.098545,0.061246,0.006147,0.000546,0.00005000
21,391,0.169889,0.000059,5.9897,0.049952,0.098527,0.079165,0.002798,0.000399,0.00005000
22,1,0.303384,0.000110,11.4231,0.049216,0.134944,0.076376,0.016094,0.001807,0.00003455
22,2,0.279551,0.000115,7.7887,0.048615,0.114381,0.065968,0.018933,0.001924,0.00003455
22,3,0.248210,0.000101,6.8434,0.048549,0.109517,0.065789,0.020039,0.001376,0.00003455
22,4,0.288454,0.000107,9.5033,0.049490,0.105605,0.106931,0.011120,0.001450,0.00003455
22,5,0.248284,0.000092,7.9041,0.048904,0.109018,0.090225,0.013267,0.001384,0.00003455
22,6,0.274207,0.000111,8.2757,0.049234,0.106892,0.066251,0.014492,0.001751,0.00003455
22,7,0.244369,0.000096,7.5115,0.049370,0.106994,0.068840,0.014805,0.001976,0.00003455
22,8,0.262011,0.000096,9.6816,0.049486,0.105514,0.068620,0.011601,0.001883,0.00003455
22,9,0.241855,0.000089,8.0431,0.049370,0.107032,0.077824,0.013308,0.001887,0.00003455
22,10,0.300742,0.000116,9.1049,0.049791,0.107957,0.088175,0.022728,0.001574,0.00003455
22,11,0.264977,0.000098,8.4076,0.049491,0.106257,0.087263,0.021579,0.001555,0.00003455
22,12,0.262938,0.000105,7.7906,0.049458,0.109085,0.066329,0.017963,0.001299,0.00003455
22,13,0.299658,0.000104,10.3501,0.049051,0.107750,0.125552,0.014596,0.001423,0.00003455
22,14,0.261793,0.000107,6.7374,0.049058,0.108125,0.072939,0.025873,0.001569,0.00003455
22,15,0.340980,0.000120,12.7816,0.049446,0.107493,0.103720,0.022275,0.001647,0.00003455
22,16,0.278968,0.000099,10.9200,0.049289,0.105417,0.079583,0.009762,0.001956,0.00003455
22,17,0.212532,0.000078,7.1752,0.049388,0.103983,0.071699,0.008293,0.001840,0.00003455
22,18,0.238625,0.000086,8.0797,0.049174,0.102880,0.091646,0.010483,0.001341,0.00003455
22,19,0.231954,0.000089,7.5849,0.049318,0.100330,0.076619,0.006937,0.001012,0.00003455
22,20,0.232497,0.000089,7.4188,0.049326,0.098318,0.072623,0.010801,0.001306,0.00003455
22,21,0.227659,0.000088,7.2812,0.049345,0.096153,0.065798,0.013337,0.001285,0.00003455
22,22,0.222282,0.000091,6.6977,0.049117,0.097289,0.055478,0.009973,0.001144,0.00003455
22,23,0.212042,0.000086,6.1533,0.048852,0.097258,0.062792,0.009195,0.001351,0.00003455
22,24,0.248016,0.000095,7.9062,0.048810,0.095771,0.076293,0.009762,0.001767,0.00003455
22,25,0.211602,0.000078,7.3891,0.048762,0.096186,0.066102,0.006180,0.001164,0.00003455
22,26,0.210099,0.000081,6.9562,0.048540,0.094885,0.060847,0.008156,0.000965,0.00003455
22,27,0.245376,0.000072,10.7421,0.048512,0.093876,0.113764,0.006327,0.001045,0.00003455
22,28,0.176960,0.000062,6.5231,0.048431,0.096130,0.059991,0.005898,0.000475,0.00003455
22,29,0.266533,0.000102,8.9580,0.048647,0.097183,0.067822,0.014708,0.001555,0.00003455
22,30,0.189405,0.000070,6.4849,0.048582,0.097333,0.062104,0.009693,0.001159,0.00003455
22,31,0.188714,0.000062,7.3330,0.048609,0.096260,0.079543,0.006576,0.000755,0.00003455
22,32,0.182072,0.000066,6.3513,0.048507,0.095751,0.063419,0.006937,0.000971,0.00003455
22,33,0.200976,0.000074,7.3013,0.048484,0.096554,0.059185,0.005717,0.000788,0.00003455
22,34,0.198249,0.000056,9.4671,0.048507,0.095442,0.075766,0.002798,0.000606,0.00003455
22,35,0.246266,0.000100,7.5529,0.048445,0.095827,0.061589,0.007435,0.001525,0.00003455
22,36,0.251064,0.000095,7.8977,0.048336,0.095524,0.089259,0.010234,0.001559,0.00003455
22,37,0.236836,0.000099,6.5428,0.048321,0.096611,0.064338,0.007685,0.001636,0.00003455
22,38,0.216242,0.000089,6.3473,0.048238,0.095663,0.062046,0.003570,0.001363,0.00003455
22,39,0.254509,0.000090,9.9099,0.048292,0.095204,0.074920,0.006327,0.001455,0.00003455
22,40,0.232025,0.000092,7.4346,0.048213,0.095739,0.059353,0.008044,0.001273,0.00003455
22,41,0.235591,0.000091,7.4635,0.048397,0.096069,0.064495,0.014105,0.001893,0.00003455
22,42,0.245938,0.000096,7.6688,0.048301,0.095640,0.087111,0.002480,0.001833,0.00003455
22,43,0.264527,0.000101,8.5525,0.048516,0.096460,0.089439,0.008654,0.000755,0.00003455
22,44,0.225216,0.000091,7.0737,0.048477,0.095331,0.052724,0.010122,0.000463,0.00003455
22,45,0.185316,0.000066,7.1169,0.048372,0.095304,0.056219,0.004429,0.000625,0.00003455
22,46,0.221756,0.000074,8.2302,0.048316,0.094678,0.095040,0.010011,0.000864,0.00003455
22,47,0.198337,0.000070,6.9243,0.048299,0.095423,0.080904,0.006507,0.000814,0.00003455
22,48,0.220607,0.000089,6.6607,0.048322,0.095387,0.062692,0.009513,0.000552,0.00003455
22,49,0.281991,0.000091,11.9499,0.048537,0.096466,0.082272,0.020615,0.001537,0.00003455
22,50,0.210055,0.000076,8.1269,0.048505,0.096245,0.057102,0.005898,0.001665,0.00003455
22,51,0.192301,0.000075,6.1780,0.048524,0.096096,0.064398,0.004172,0.000351,0.00003455
22,52,0.238726,0.000093,7.8259,0.048599,0.096042,0.064535,0.008474,0.001465,0.00003455
22,53,0.233708,0.000084,7.9605,0.048584,0.096033,0.090481,0.009513,0.001241,0.00003455
22,54,0.213843,0.000085,6.3591,0.048499,0.095485,0.066799,0.010191,0.001211,0.00003455
22,55,0.204201,0.000075,7.3714,0.048439,0.096112,0.060252,0.005717,0.001041,0.00003455
22,56,0.245618,0.000091,9.0919,0.048451,0.095620,0.063181,0.005898,0.001378,0.00003455
22,57,0.208272,0.000083,6.2478,0.048356,0.095103,0.057653,0.011591,0.001337,0.00003455
22,58,0.230960,0.000088,7.6243,0.048452,0.095616,0.077202,0.006415,0.001934,0.00003455
22,59,0.233204,0.000090,7.6658,0.048589,0.096075,0.074961,0.005209,0.001545,0.00003455
22,60,0.190232,0.000069,7.2292,0.048507,0.095632,0.049679,0.006937,0.000526,0.00003455
22,61,0.176322,0.000064,6.1280,0.048410,0.095361,0.062639,0.005717,0.000564,0.00003455
22,62,0.190303,0.000064,6.7930,0.048338,0.095061,0.081917,0.009942,0.000627,0.00003455
22,63,0.176405,0.000061,6.3699,0.048296,0.095217,0.065651,0.010621,0.000921,0.00003455
22,64,0.254498,0.000098,8.2547,0.048462,0.095428,0.078838,0.009624,0.001262,0.00003455
22,65,0.266516,0.000096,9.9931,0.048596,0.095370,0.070555,0.015413,0.001278,0.00003455
22,66,0.226520,0.000081,8.1273,0.048570,0.095449,0.069550,0.014777,0.001467,0.00003455
22,67,0.227361,0.000068,8.8200,0.048577,0.095807,0.103571,0.026455,0.000831,0.00003455
22,68,0.203291,0.000060,8.8233,0.048526,0.095560,0.090512,0.005546,0.000706,0.00003455
22,69,0.249139,0.000082,9.2351,0.048651,0.096145,0.108072,0.013377,0.000931,0.00003455
22,70,0.216466,0.000073,8.7471,0.048755,0.096672,0.072339,0.006756,0.000695,0.00003455
22,71,0.188337,0.000058,8.8714,0.048690,0.096380,0.056124,0.005717,0.000690,0.00003455
22,72,0.213372,0.000084,6.6306,0.048664,0.096943,0.069887,0.005468,0.000411,0.00003455
22,73,0.210015,0.000083,6.4228,0.048597,0.097233,0.068286,0.004859,0.000406,0.00003455
22,74,0.224114,0.000072,9.6409,0.048675,0.097484,0.075140,0.005039,0.000686,0.00003455
22,75,0.250321,0.000091,8.7515,0.048719,0.097436,0.081195,0.011660,0.001042,0.00003455
22,76,0.170020,0.000064,5.6858,0.048582,0.097174,0.061043,0.004066,0.000793,0.00003455
22,77,0.299362,0.000114,9.9882,0.048724,0.097079,0.092507,0.010011,0.000481,0.00003455
22,78,0.309436,0.000106,11.1691,0.048812,0.096753,0.121979,0.016452,0.000820,0.00003455
22,79,0.288789,0.000112,8.8363,0.048913,0.096982,0.098613,0.012381,0.000610,0.00003455
22,80,0.335989,0.000136,9.5913,0.049020,0.097348,0.088785,0.023948,0.001144,0.00003455
22,81,0.267307,0.000102,9.5405,0.049075,0.097121,0.067820,0.007795,0.001042,0.00003455
22,82,0.223250,0.000079,8.6847,0.049034,0.097169,0.062239,0.008723,0.000523,0.00003455
22,83,0.197114,0.000071,7.0142,0.049007,0.097644,0.072427,0.005288,0.000579,0.00003455
22,84,0.201527,0.000079,6.2547,0.048973,0.097849,0.066672,0.005898,0.000564,0.00003455
22,85,0.200881,0.000069,8.0580,0.048938,0.098443,0.059078,0.008870,0.000688,0.00003455
22,86,0.253189,0.000109,6.3168,0.048882,0.098113,0.071319,0.009554,0.001525,0.00003455
22,87,0.302757,0.000102,11.0295,0.048854,0.098314,0.129956,0.009763,0.000724,0.00003455
22,88,0.292192,0.000106,10.9667,0.048795,0.098628,0.081781,0.005468,0.001440,0.00003455
22,89,0.268014,0.000106,8.3491,0.048779,0.098463,0.071195,0.014099,0.001122,0.00003455
22,90,0.213108,0.000078,7.3352,0.048824,0.098491,0.071021,0.011522,0.000711,0.00003455
22,91,0.229922,0.000092,6.5209,0.048837,0.098531,0.070567,0.014783,0.001296,0.00003455
22,92,0.253822,0.000092,8.8174,0.048923,0.098319,0.067402,0.021467,0.001101,0.00003455
22,93,0.197745,0.000071,7.0372,0.048931,0.098054,0.057239,0.013493,0.000950,0.00003455
22,94,0.279484,0.000059,15.9830,0.048972,0.098326,0.159126,0.003141,0.000551,0.00003455
22,95,0.223283,0.000065,9.9710,0.048918,0.098056,0.096281,0.006576,0.000629,0.00003455
22,96,0.210270,0.000088,6.0595,0.048815,0.098795,0.057383,0.005468,0.000701,0.00003455
22,97,0.273968,0.000098,10.3503,0.048849,0.098545,0.078470,0.010801,0.000701,0.00003455
22,98,0.222348,0.000066,10.8419,0.048836,0.098424,0.075725,0.005039,0.000338,0.00003455
22,99,0.195259,0.000069,7.6958,0.048831,0.098593,0.056711,0.006756,0.000528,0.00003455
22,100,0.168309,0.000053,6.6458,0.048761,0.098506,0.078043,0.005288,0.000476,0.00003455
22,101,0.196324,0.000064,7.7423,0.048714,0.098240,0.083702,0.006576,0.000427,0.00003455
22,102,0.158292,0.000054,6.4756,0.048722,0.097822,0.051707,0.002798,0.000372,0.00003455
22,103,0.198379,0.000072,7.3113,0.048672,0.098222,0.053393,0.011951,0.000338,0.00003455
22,104,0.274433,0.000108,8.3698,0.048681,0.098445,0.095490,0.005288,0.000685,0.00003455
22,105,0.232175,0.000080,8.3303,0.048689,0.098413,0.092857,0.014485,0.000818,0.00003455
22,106,0.217041,0.000080,7.6749,0.048651,0.098482,0.066873,0.005468,0.000813,0.00003455
22,107,0.188704,0.000069,6.9153,0.048569,0.098305,0.049556,0.010621,0.000513,0.00003455
22,108,0.234992,0.000097,6.7770,0.048600,0.098171,0.071487,0.004429,0.001093,0.00003455
22,109,0.193086,0.000067,7.0752,0.048533,0.098455,0.080945,0.004000,0.000665,0.00003455
22,110,0.254558,0.000102,7.4771,0.048610,0.098244,0.074504,0.014244,0.000854,0.00003455
22,111,0.190316,0.000061,8.2851,0.048570,0.098588,0.058160,0.008654,0.000329,0.00003455
22,112,0.189049,0.000066,6.8322,0.048544,0.098670,0.063319,0.010011,0.000870,0.00003455
22,113,0.165532,0.000061,5.8265,0.048466,0.098422,0.056702,0.003570,0.000521,0.00003455
22,114,0.170061,0.000055,6.4300,0.048416,0.098282,0.081790,0.004429,0.000417,0.00003455
22,115,0.163302,0.000053,6.7896,0.048373,0.098135,0.068817,0.001853,0.000453,0.00003455
22,116,0.214596,0.000084,7.2157,0.048342,0.097964,0.051760,0.006576,0.000823,0.00003455
22,117,0.227661,0.000089,6.9703,0.048292,0.097935,0.080232,0.006576,0.000982,0.00003455
22,118,0.195091,0.000074,6.1638,0.048273,0.097841,0.071930,0.006756,0.001370,0.00003455
22,119,0.197799,0.000063,8.5601,0.048193,0.097894,0.069349,0.010244,0.000464,0.00003455
22,120,0.210216,0.000072,8.3884,0.048168,0.097741,0.072587,0.004429,0.000795,0.00003455
22,121,0.216406,0.000068,7.9336,0.048143,0.097874,0.092477,0.027563,0.000597,0.00003455
22,122,0.241286,0.000089,7.0405,0.048156,0.097573,0.059307,0.046592,0.000825,0.00003455
22,123,0.201551,0.000067,7.5401,0.048108,0.097877,0.088137,0.007435,0.000394,0.00003455
22,124,0.165748,0.000058,6.4391,0.048041,0.097787,0.054103,0.005288,0.000416,0.00003455
22,125,0.178612,0.000062,6.6119,0.048000,0.097548,0.064857,0.007435,0.000406,0.00003455
22,126,0.167137,0.000057,6.4876,0.047948,0.097913,0.060715,0.005288,0.000397,0.00003455
22,127,0.184654,0.000068,6.1849,0.047901,0.097889,0.067514,0.007458,0.000701,0.00003455
22,128,0.232596,0.000070,11.3331,0.047897,0.098081,0.070683,0.004000,0.000503,0.00003455
22,129,0.197293,0.000081,6.0070,0.047827,0.097923,0.053078,0.003141,0.000822,0.00003455
22,130,0.223454,0.000063,9.8601,0.047840,0.097876,0.115886,0.004429,0.000553,0.00003455
22,131,0.176333,0.000066,6.1263,0.047844,0.097775,0.058541,0.003141,0.001008,0.00003455
22,132,0.202173,0.000070,7.2431,0.047836,0.098188,0.082950,0.007435,0.000550,0.00003455
22,133,0.197785,0.000080,6.2578,0.047807,0.097889,0.049768,0.003141,0.000406,0.00003455
22,134,0.177269,0.000056,7.6986,0.047785,0.098002,0.059812,0.006576,0.000574,0.00003455
22,135,0.249095,0.000101,7.1032,0.047787,0.097736,0.074586,0.011840,0.000411,0.00003455
22,136,0.244395,0.000100,6.8359,0.047785,0.098315,0.067271,0.013789,0.000373,0.00003455
22,137,0.215732,0.000066,9.7016,0.047898,0.097988,0.081211,0.006756,0.000657,0.00003455
22,138,0.188102,0.000055,9.0663,0.047931,0.097880,0.069089,0.002712,0.000353,0.00003455
22,139,0.180982,0.000059,7.8981,0.047854,0.097751,0.060954,0.002712,0.000340,0.00003455
22,140,0.196794,0.000070,6.9859,0.047858,0.097714,0.079767,0.004790,0.000423,0.00003455
22,141,0.183643,0.000061,6.9706,0.047851,0.097718,0.079773,0.003751,0.000788,0.00003455
22,142,0.152755,0.000053,5.9237,0.047797,0.097655,0.050967,0.003751,0.000405,0.00003455
22,143,0.201640,0.000069,7.8800,0.047813,0.097568,0.072038,0.005288,0.000805,0.00003455
22,144,0.183365,0.000067,6.7933,0.047751,0.097471,0.056636,0.001952,0.000503,0.00003455
22,145,0.186519,0.000069,6.6906,0.047742,0.097444,0.060148,0.004859,0.000381,0.00003455
22,146,0.184453,0.000065,6.4768,0.047696,0.097333,0.075846,0.008044,0.000472,0.00003455
22,147,0.218808,0.000086,6.9766,0.047672,0.097334,0.061395,0.008474,0.000566,0.00003455
22,148,0.174006,0.000058,6.4788,0.047625,0.097214,0.073586,0.008474,0.000313,0.00003455
22,149,0.178371,0.000067,5.9623,0.047576,0.097558,0.054621,0.007117,0.000522,0.00003455
22,150,0.207702,0.000078,6.8304,0.047529,0.097899,0.075223,0.006763,0.000626,0.00003455
22,151,0.173959,0.000059,6.6283,0.047490,0.098069,0.060987,0.010191,0.000385,0.00003455
22,152,0.212385,0.000080,7.2192,0.047445,0.098313,0.062715,0.010912,0.000416,0.00003455
22,153,0.213905,0.000065,10.0873,0.047401,0.098208,0.065850,0.010821,0.000479,0.00003455
22,154,0.216828,0.000086,7.0160,0.047392,0.097795,0.055455,0.007976,0.001998,0.00003455
22,155,0.235673,0.000090,7.2917,0.047441,0.097518,0.078951,0.013308,0.002302,0.00003455
22,156,0.242903,0.000093,7.4187,0.047464,0.097510,0.082762,0.011230,0.002351,0.00003455
22,157,0.255871,0.000087,10.1744,0.047519,0.097556,0.075624,0.014957,0.001295,0.00003455
22,158,0.198693,0.000066,8.1804,0.047579,0.097488,0.066454,0.007186,0.001770,0.00003455
22,159,0.179603,0.000062,6.4759,0.047585,0.097368,0.066162,0.010303,0.001423,0.00003455
22,160,0.213109,0.000064,9.3239,0.047690,0.097533,0.088689,0.010011,0.001050,0.00003455
22,161,0.197128,0.000065,7.8971,0.047795,0.097227,0.078185,0.008515,0.001027,0.00003455
22,162,0.203642,0.000069,8.2326,0.047754,0.097151,0.070436,0.004000,0.000668,0.00003455
22,163,0.266301,0.000077,12.1280,0.047852,0.097278,0.127114,0.004180,0.000741,0.00003455
22,164,0.249044,0.000086,9.1777,0.047922,0.096994,0.091513,0.010870,0.000756,0.00003455
22,165,0.222020,0.000090,6.6716,0.047943,0.097388,0.063532,0.005288,0.000567,0.00003455
22,166,0.244336,0.000084,9.6160,0.048023,0.097349,0.081615,0.004859,0.001336,0.00003455
22,167,0.282923,0.000104,10.4446,0.048091,0.097420,0.080803,0.005468,0.001676,0.00003455
22,168,0.204706,0.000079,6.6497,0.048093,0.097229,0.068335,0.003751,0.001145,0.00003455
22,169,0.201423,0.000083,5.7543,0.048074,0.097197,0.058057,0.004180,0.001646,0.00003455
22,170,0.152182,0.000051,5.7929,0.048039,0.096989,0.057854,0.006919,0.000604,0.00003455
22,171,0.217746,0.000076,8.3254,0.048053,0.097070,0.067172,0.009264,0.000761,0.00003455
22,172,0.188233,0.000069,6.6403,0.048015,0.097207,0.055730,0.010510,0.000340,0.00003455
22,173,0.188873,0.000070,6.3449,0.047967,0.097273,0.066957,0.008723,0.000513,0.00003455
22,174,0.177986,0.000070,5.4309,0.047904,0.097103,0.061057,0.004609,0.000562,0.00003455
22,175,0.215442,0.000074,8.8423,0.047893,0.096977,0.060204,0.009444,0.000999,0.00003455
22,176,0.188673,0.000069,6.6184,0.047876,0.096833,0.062778,0.006576,0.000451,0.00003455
22,177,0.169979,0.000058,6.2697,0.047866,0.096795,0.075718,0.002282,0.000467,0.00003455
22,178,0.170248,0.000060,6.3631,0.047853,0.096738,0.061838,0.004066,0.000327,0.00003455
22,179,0.187538,0.000063,7.1667,0.047840,0.096635,0.066949,0.012312,0.000690,0.00003455
22,180,0.223532,0.000090,6.7454,0.047822,0.096545,0.054603,0.012879,0.000750,0.00003455
22,181,0.220330,0.000087,6.5482,0.047808,0.096453,0.066238,0.013738,0.000513,0.00003455
22,182,0.269482,0.000100,9.1081,0.047832,0.096583,0.094570,0.008585,0.000626,0.00003455
22,183,0.156092,0.000056,5.7864,0.047798,0.096576,0.052034,0.007186,0.000403,0.00003455
22,184,0.188573,0.000071,6.2916,0.047763,0.096444,0.066931,0.004859,0.000454,0.00003455
22,185,0.179351,0.000067,6.4259,0.047747,0.096286,0.051863,0.005288,0.000560,0.00003455
22,186,0.169666,0.000060,6.0317,0.047692,0.096259,0.063303,0.005288,0.000250,0.00003455
22,187,0.164899,0.000050,8.0866,0.047650,0.096386,0.053960,0.004172,0.000241,0.00003455
22,188,0.185130,0.000069,6.8603,0.047623,0.096304,0.054663,0.001853,0.000442,0.00003455
22,189,0.185038,0.000054,8.1916,0.047570,0.096274,0.096815,0.002282,0.000371,0.00003455
22,190,0.181733,0.000068,6.2864,0.047569,0.096184,0.063965,0.003141,0.000564,0.00003455
22,191,0.184684,0.000071,6.4490,0.047538,0.096196,0.051385,0.003570,0.000465,0.00003455
22,192,0.225514,0.000087,7.0733,0.047547,0.096175,0.073791,0.005717,0.001065,0.00003455
22,193,0.153506,0.000056,5.3696,0.047509,0.096047,0.048247,0.007005,0.000471,0.00003455
22,194,0.187990,0.000064,6.7721,0.047477,0.095897,0.081266,0.007005,0.000493,0.00003455
22,195,0.181439,0.000070,5.8385,0.047449,0.095671,0.060097,0.005345,0.000234,0.00003455
22,196,0.228743,0.000074,10.4013,0.047425,0.095860,0.063482,0.005717,0.000891,0.00003455
22,197,0.205957,0.000063,10.0230,0.047392,0.095750,0.060004,0.006576,0.000417,0.00003455
22,198,0.176290,0.000063,6.1727,0.047387,0.095833,0.067611,0.005717,0.000375,0.00003455
22,199,0.204832,0.000077,7.0457,0.047400,0.095889,0.059137,0.006576,0.000808,0.00003455
22,200,0.180107,0.000062,6.4411,0.047374,0.096088,0.079861,0.003570,0.000454,0.00003455
22,201,0.164947,0.000058,6.4930,0.047333,0.096282,0.046675,0.006576,0.000246,0.00003455
22,202,0.159200,0.000056,5.7669,0.047292,0.096336,0.061654,0.004790,0.000336,0.00003455
22,203,0.205218,0.000082,5.7776,0.047260,0.096618,0.068286,0.010621,0.000587,0.00003455
22,204,0.175597,0.000062,7.0544,0.047233,0.096416,0.051940,0.001424,0.000401,0.00003455
22,205,0.221136,0.000087,7.0566,0.047217,0.096273,0.060932,0.006078,0.000672,0.00003455
22,206,0.186685,0.000069,6.4875,0.047208,0.096341,0.067326,0.004859,0.000992,0.00003455
22,207,0.185865,0.000061,7.3941,0.047247,0.096164,0.072693,0.007366,0.001033,0.00003455
22,208,0.217117,0.000061,10.6486,0.047319,0.096209,0.076723,0.008044,0.000731,0.00003455
22,209,0.194799,0.000062,8.9339,0.047352,0.096075,0.062160,0.004000,0.000599,0.00003455
22,210,0.196220,0.000058,8.6164,0.047359,0.096152,0.097025,0.001424,0.000748,0.00003455
22,211,0.252799,0.000097,8.5534,0.047366,0.096464,0.076628,0.007324,0.001302,0.00003455
22,212,0.185572,0.000064,6.9316,0.047381,0.096459,0.068598,0.008515,0.000769,0.00003455
22,213,0.160552,0.000059,5.6283,0.047350,0.096352,0.059139,0.003141,0.000753,0.00003455
22,214,0.199068,0.000070,7.7465,0.047326,0.096310,0.055752,0.007864,0.000652,0.00003455
22,215,0.190908,0.000063,8.3671,0.047313,0.096210,0.061652,0.002712,0.000857,0.00003455
22,216,0.180934,0.000066,6.2660,0.047298,0.096141,0.063110,0.008723,0.000341,0.00003455
22,217,0.270109,0.000101,9.5954,0.047315,0.096197,0.068357,0.016314,0.000582,0.00003455
22,218,0.278649,0.000116,7.8961,0.047326,0.096427,0.064304,0.013738,0.001023,0.00003455
22,219,0.190556,0.000059,7.9017,0.047344,0.096381,0.088865,0.004000,0.000958,0.00003455
22,220,0.162366,0.000052,6.8971,0.047334,0.096241,0.063937,0.002712,0.000869,0.00003455
22,221,0.206379,0.000062,8.9326,0.047314,0.096283,0.092842,0.004172,0.000393,0.00003455
22,222,0.250347,0.000085,9.7131,0.047329,0.096426,0.096366,0.007615,0.001044,0.00003455
22,223,0.200585,0.000072,6.9062,0.047326,0.096423,0.076076,0.007186,0.000795,0.00003455
22,224,0.234708,0.000090,8.3282,0.047321,0.096477,0.060568,0.005898,0.001067,0.00003455
22,225,0.187646,0.000059,7.5633,0.047346,0.096520,0.079702,0.008293,0.000451,0.00003455
22,226,0.213204,0.000083,6.7673,0.047343,0.096582,0.066361,0.005717,0.000869,0.00003455
22,227,0.215100,0.000080,8.0119,0.047350,0.096604,0.057654,0.006327,0.000381,0.00003455
22,228,0.209060,0.000076,8.1021,0.047344,0.096484,0.059277,0.003141,0.000673,0.00003455
22,229,0.262470,0.000103,8.4234,0.047381,0.096443,0.087483,0.004066,0.000376,0.00003455
22,230,0.176794,0.000057,7.0405,0.047402,0.096503,0.075847,0.005219,0.000606,0.00003455
22,231,0.188340,0.000061,8.0238,0.047403,0.096533,0.061285,0.007795,0.000761,0.00003455
22,232,0.200686,0.000062,8.3060,0.047413,0.096456,0.092163,0.007366,0.000543,0.00003455
22,233,0.174003,0.000059,6.7106,0.047403,0.096481,0.069405,0.003141,0.000813,0.00003455
22,234,0.172630,0.000061,6.6503,0.047379,0.096552,0.056646,0.001853,0.000859,0.00003455
22,235,0.160412,0.000054,6.7019,0.047355,0.096684,0.050900,0.002712,0.000365,0.00003455
22,236,0.283875,0.000099,10.4086,0.047388,0.096694,0.112655,0.007615,0.000613,0.00003455
22,237,0.227128,0.000084,8.0738,0.047370,0.096815,0.075711,0.005288,0.001263,0.00003455
22,238,0.172926,0.000045,8.0759,0.047336,0.097007,0.096635,0.003375,0.000402,0.00003455
22,239,0.174787,0.000063,6.3252,0.047308,0.096980,0.059091,0.006327,0.000740,0.00003455
22,240,0.212649,0.000087,6.5234,0.047291,0.097225,0.054799,0.006078,0.000779,0.00003455
22,241,0.182897,0.000065,6.4390,0.047275,0.097241,0.067946,0.007186,0.000652,0.00003455
22,242,0.169630,0.000060,6.0042,0.047243,0.097360,0.065523,0.005898,0.000882,0.00003455
22,243,0.171809,0.000055,7.7874,0.047206,0.097286,0.050795,0.004429,0.000400,0.00003455
22,244,0.218318,0.000069,9.9369,0.047192,0.097486,0.066744,0.006576,0.000805,0.00003455
22,245,0.200097,0.000077,6.1859,0.047182,0.097500,0.070828,0.006147,0.000467,0.00003455
22,246,0.174274,0.000067,5.2970,0.047148,0.097667,0.068145,0.004066,0.001174,0.00003455
22,247,0.165897,0.000060,5.5877,0.047108,0.097538,0.058914,0.007795,0.001037,0.00003455
22,248,0.198160,0.000076,6.7751,0.047107,0.097519,0.054869,0.006576,0.000613,0.00003455
22,249,0.214421,0.000069,8.7614,0.047109,0.097420,0.088893,0.006327,0.000270,0.00003455
22,250,0.207144,0.000072,7.6060,0.047098,0.097509,0.081935,0.005717,0.000519,0.00003455
22,251,0.200719,0.000061,9.3533,0.047151,0.097615,0.067708,0.007005,0.000480,0.00003455
22,252,0.189565,0.000057,9.1655,0.047156,0.097761,0.061029,0.002282,0.000291,0.00003455
22,253,0.239168,0.000097,6.9601,0.047143,0.097615,0.075698,0.008474,0.000871,0.00003455
22,254,0.191455,0.000077,5.6829,0.047115,0.097641,0.062725,0.003141,0.001039,0.00003455
22,255,0.236456,0.000086,9.0734,0.047125,0.097732,0.062578,0.009667,0.000410,0.00003455
22,256,0.179926,0.000066,6.5303,0.047099,0.097711,0.050535,0.008654,0.000802,0.00003455
22,257,0.181577,0.000067,6.4786,0.047069,0.097612,0.057020,0.007005,0.000568,0.00003455
22,258,0.179589,0.000067,6.1624,0.047055,0.097655,0.058725,0.005717,0.000364,0.00003455
22,259,0.270155,0.000105,8.5892,0.047049,0.097666,0.091572,0.007366,0.001528,0.00003455
22,260,0.176073,0.000066,6.2417,0.047029,0.097717,0.049987,0.006937,0.000801,0.00003455
22,261,0.241521,0.000098,7.1009,0.047028,0.097896,0.074628,0.007615,0.000688,0.00003455
22,262,0.173395,0.000067,5.5658,0.046992,0.097944,0.059106,0.002712,0.001198,0.00003455
22,263,0.203572,0.000056,10.4430,0.046987,0.097962,0.073840,0.006708,0.000397,0.00003455
22,264,0.192826,0.000054,9.5139,0.046974,0.097912,0.059247,0.014167,0.000411,0.00003455
22,265,0.181032,0.000069,6.3810,0.046946,0.097791,0.051595,0.003570,0.000826,0.00003455
22,266,0.224987,0.000069,9.3031,0.046939,0.097660,0.110385,0.005468,0.000400,0.00003455
22,267,0.233211,0.000089,7.5741,0.046941,0.097688,0.073190,0.007435,0.000815,0.00003455
22,268,0.192721,0.000074,6.1877,0.046932,0.097647,0.064523,0.005288,0.000774,0.00003455
22,269,0.196916,0.000077,6.4667,0.046914,0.097738,0.052968,0.006507,0.000425,0.00003455
22,270,0.207371,0.000071,8.5931,0.046894,0.097931,0.061511,0.003570,0.000382,0.00003455
22,271,0.171842,0.000065,5.7509,0.046863,0.097815,0.054399,0.005648,0.000486,0.00003455
22,272,0.200546,0.000053,9.2240,0.046870,0.097761,0.107186,0.008293,0.000773,0.00003455
22,273,0.254359,0.000098,7.4523,0.046883,0.097801,0.079245,0.021725,0.001207,0.00003455
22,274,0.246313,0.000065,11.3239,0.046886,0.097800,0.127464,0.018641,0.001015,0.00003455
22,275,0.194542,0.000076,5.9579,0.046865,0.097779,0.061578,0.008293,0.001035,0.00003455
22,276,0.186103,0.000059,8.1373,0.046872,0.097734,0.061995,0.005898,0.000504,0.00003455
22,277,0.190495,0.000064,7.7641,0.046875,0.097761,0.066650,0.006147,0.000378,0.00003455
22,278,0.237919,0.000089,8.1430,0.046877,0.097750,0.066958,0.011591,0.000661,0.00003455
22,279,0.168965,0.000060,5.9791,0.046856,0.097680,0.055574,0.008903,0.000512,0.00003455
22,280,0.348257,0.000133,9.9763,0.046901,0.097740,0.111478,0.037057,0.001587,0.00003455
22,281,0.210032,0.000063,9.0210,0.046889,0.097677,0.104385,0.002282,0.000271,0.00003455
22,282,0.202472,0.000080,6.5141,0.046874,0.097732,0.059509,0.004000,0.000646,0.00003455
22,283,0.173578,0.000064,5.8073,0.046856,0.097763,0.068273,0.002712,0.000386,0.00003455
22,284,0.208663,0.000075,8.2176,0.046848,0.097754,0.060950,0.004429,0.000364,0.00003455
22,285,0.186701,0.000069,6.7868,0.046830,0.097675,0.058435,0.004609,0.000581,0.00003455
22,286,0.190921,0.000061,7.8144,0.046807,0.097632,0.085747,0.002282,0.000505,0.00003455
22,287,0.233416,0.000088,7.9330,0.046799,0.097755,0.074286,0.005288,0.000646,0.00003455
22,288,0.204764,0.000076,7.1925,0.046818,0.097819,0.061344,0.006756,0.000528,0.00003455
22,289,0.164127,0.000052,6.8432,0.046780,0.097794,0.068561,0.004172,0.000653,0.00003455
22,290,0.242054,0.000095,7.7755,0.046791,0.098078,0.064150,0.007795,0.000499,0.00003455
22,291,0.210665,0.000072,8.6368,0.046788,0.098098,0.065049,0.006327,0.000673,0.00003455
22,292,0.191295,0.000061,7.7578,0.046796,0.098099,0.087932,0.004429,0.000284,0.00003455
22,293,0.193746,0.000074,6.7707,0.046781,0.098034,0.056034,0.004859,0.000511,0.00003455
22,294,0.201683,0.000068,7.5513,0.046771,0.098098,0.089641,0.005898,0.000480,0.00003455
22,295,0.224283,0.000089,6.6573,0.046758,0.098237,0.077036,0.006576,0.001130,0.00003455
22,296,0.229531,0.000086,8.2424,0.046757,0.098275,0.060069,0.008044,0.000440,0.00003455
22,297,0.196052,0.000074,6.7960,0.046742,0.098256,0.054053,0.005567,0.001070,0.00003455
22,298,0.154007,0.000054,5.5538,0.046731,0.098248,0.064905,0.002282,0.000572,0.00003455
22,299,0.173829,0.000064,5.9546,0.046709,0.098122,0.061700,0.004000,0.000313,0.00003455
22,300,0.200460,0.000057,9.4558,0.046722,0.098009,0.082355,0.003570,0.000318,0.00003455
22,301,0.176711,0.000059,6.9778,0.046698,0.098088,0.067575,0.003321,0.000356,0.00003455
22,302,0.176538,0.000065,5.9667,0.046687,0.098143,0.063590,0.005717,0.000502,0.00003455
22,303,0.166279,0.000060,5.8095,0.046668,0.097947,0.063567,0.001853,0.000607,0.00003455
22,304,0.198907,0.000066,7.5152,0.046666,0.097844,0.085011,0.007615,0.000720,0.00003455
22,305,0.212868,0.000079,7.8079,0.046667,0.097775,0.057471,0.004180,0.000881,0.00003455
22,306,0.280333,0.000101,11.1695,0.046685,0.097727,0.074314,0.007496,0.000678,0.00003455
22,307,0.233347,0.000089,7.6553,0.046710,0.097873,0.079401,0.005039,0.000934,0.00003455
22,308,0.257116,0.000104,7.2977,0.046718,0.098057,0.080389,0.010552,0.000750,0.00003455
22,309,0.180517,0.000065,6.2473,0.046709,0.098208,0.067003,0.006147,0.000481,0.00003455
22,310,0.175053,0.000056,7.8069,0.046712,0.098213,0.058117,0.004429,0.000459,0.00003455
22,311,0.162503,0.000058,6.3651,0.046690,0.098210,0.049435,0.002712,0.000509,0.00003455
22,312,0.170545,0.000064,5.7692,0.046676,0.098049,0.055804,0.003141,0.000582,0.00003455
22,313,0.157818,0.000050,6.5567,0.046679,0.097992,0.072194,0.003141,0.000571,0.00003455
22,314,0.171783,0.000065,6.0073,0.046647,0.098095,0.050868,0.004066,0.000642,0.00003455
22,315,0.238424,0.000095,7.9112,0.046655,0.098071,0.059647,0.006576,0.001295,0.00003455
22,316,0.275069,0.000114,7.5868,0.046655,0.098148,0.088739,0.006078,0.001326,0.00003455
22,317,0.245473,0.000102,6.6920,0.046652,0.098281,0.077419,0.005468,0.001124,0.00003455
22,318,0.198574,0.000076,6.9152,0.046648,0.098336,0.057594,0.003141,0.000761,0.00003455
22,319,0.175548,0.000065,5.8645,0.046633,0.098309,0.057338,0.007864,0.001046,0.00003455
22,320,0.233435,0.000091,7.6455,0.046621,0.098528,0.055806,0.014708,0.001020,0.00003455
22,321,0.201426,0.000074,6.7260,0.046599,0.098458,0.075602,0.007005,0.000820,0.00003455
22,322,0.192868,0.000076,5.7692,0.046588,0.098446,0.056239,0.011979,0.000358,0.00003455
22,323,0.153581,0.000060,4.7757,0.046560,0.098297,0.051264,0.004172,0.000188,0.00003455
22,324,0.245702,0.000104,6.8194,0.046554,0.098334,0.063171,0.007727,0.001583,0.00003455
22,325,0.248422,0.000102,7.3800,0.046549,0.098278,0.058804,0.011273,0.001383,0.00003455
22,326,0.234054,0.000095,6.6852,0.046544,0.098361,0.066768,0.011342,0.001442,0.00003455
22,327,0.280342,0.000118,7.5468,0.046562,0.098272,0.066354,0.015594,0.001551,0.00003455
22,328,0.250386,0.000103,7.3745,0.046564,0.098447,0.069011,0.005655,0.001544,0.00003455
22,329,0.231758,0.000096,6.7175,0.046568,0.098411,0.063993,0.004000,0.001301,0.00003455
22,330,0.230679,0.000096,6.6100,0.046562,0.098404,0.054934,0.010741,0.001834,0.00003455
22,331,0.249764,0.000101,7.2616,0.046561,0.098574,0.060365,0.016051,0.001929,0.00003455
22,332,0.271670,0.000103,8.8154,0.046573,0.098578,0.096894,0.008293,0.000571,0.00003455
22,333,0.249390,0.000084,9.5366,0.046605,0.098598,0.098560,0.007005,0.000677,0.00003455
22,334,0.256084,0.000105,7.2789,0.046614,0.098548,0.068065,0.014485,0.000689,0.00003455
22,335,0.233485,0.000082,8.6859,0.046631,0.098491,0.089678,0.002712,0.001408,0.00003455
22,336,0.177415,0.000060,6.8209,0.046630,0.098508,0.066944,0.004429,0.000515,0.00003455
22,337,0.248749,0.000100,8.2365,0.046640,0.098482,0.060244,0.004000,0.000701,0.00003455
22,338,0.159870,0.000057,5.8105,0.046621,0.098406,0.052176,0.008293,0.000381,0.00003455
22,339,0.244640,0.000097,7.5608,0.046618,0.098418,0.067911,0.009762,0.000537,0.00003455
22,340,0.148982,0.000053,5.6335,0.046597,0.098385,0.052885,0.002798,0.000377,0.00003455
22,341,0.199256,0.000072,7.0230,0.046586,0.098441,0.063607,0.010191,0.000530,0.00003455
22,342,0.265935,0.000104,8.2119,0.046629,0.098410,0.083304,0.014236,0.001081,0.00003455
22,343,0.269933,0.000110,8.0018,0.046644,0.098454,0.062876,0.013738,0.001692,0.00003455
22,344,0.273513,0.000105,8.5819,0.046668,0.098413,0.090610,0.012201,0.001126,0.00003455
22,345,0.235269,0.000089,7.2951,0.046670,0.098403,0.076619,0.016038,0.000676,0.00003455
22,346,0.241767,0.000089,8.2484,0.046705,0.098526,0.072940,0.013418,0.001242,0.00003455
22,347,0.226831,0.000090,7.4229,0.046704,0.098544,0.056361,0.006756,0.000956,0.00003455
22,348,0.234271,0.000089,7.3928,0.046709,0.098584,0.079927,0.010016,0.000759,0.00003455
22,349,0.188914,0.000075,5.5022,0.046681,0.098501,0.061198,0.009015,0.000370,0.00003455
22,350,0.225748,0.000080,8.6771,0.046674,0.098501,0.069353,0.007005,0.000562,0.00003455
22,351,0.282272,0.000114,8.4888,0.046691,0.098697,0.070394,0.017104,0.001125,0.00003455
22,352,0.221147,0.000083,7.2217,0.046701,0.098777,0.079051,0.007615,0.000502,0.00003455
22,353,0.194130,0.000076,5.9414,0.046694,0.098823,0.062882,0.008044,0.000497,0.00003455
22,354,0.202033,0.000079,6.5125,0.046695,0.098770,0.069549,0.002282,0.000299,0.00003455
22,355,0.215743,0.000086,6.5095,0.046693,0.098753,0.057217,0.012201,0.000882,0.00003455
22,356,0.175960,0.000060,7.3716,0.046675,0.098736,0.049865,0.004429,0.000277,0.00003455
22,357,0.217346,0.000062,10.6885,0.046674,0.098722,0.077863,0.001424,0.000489,0.00003455
22,358,0.271727,0.000072,12.7106,0.046679,0.098790,0.141061,0.012990,0.000372,0.00003455
22,359,0.223160,0.000071,8.7677,0.046689,0.098772,0.101163,0.008834,0.000424,0.00003455
22,360,0.175194,0.000060,6.7761,0.046685,0.098783,0.054995,0.008293,0.000418,0.00003455
22,361,0.259199,0.000097,8.1532,0.046704,0.098675,0.079449,0.023443,0.000941,0.00003455
22,362,0.461783,0.000190,12.3732,0.046747,0.098595,0.115191,0.041260,0.001196,0.00003455
22,363,0.398186,0.000158,12.0674,0.046812,0.098568,0.104245,0.029641,0.001933,0.00003455
22,364,0.348292,0.000144,9.4313,0.046850,0.098542,0.081088,0.033014,0.001769,0.00003455
22,365,0.392865,0.000151,12.0145,0.046892,0.098520,0.101168,0.036785,0.001947,0.00003455
22,366,0.232275,0.000094,7.2197,0.046903,0.098377,0.061072,0.005717,0.000666,0.00003455
22,367,0.297640,0.000104,10.7056,0.046906,0.098320,0.126700,0.006147,0.001428,0.00003455
22,368,0.184365,0.000071,5.6704,0.046888,0.098258,0.058568,0.010440,0.000792,0.00003455
22,369,0.231927,0.000085,7.5608,0.046902,0.098326,0.092252,0.010552,0.001105,0.00003455
22,370,0.207066,0.000071,8.3199,0.046890,0.098372,0.062477,0.008474,0.001135,0.00003455
22,371,0.208672,0.000084,6.4135,0.046885,0.098417,0.056217,0.007615,0.001030,0.00003455
22,372,0.187936,0.000059,7.3481,0.046871,0.098511,0.089802,0.007005,0.000687,0.00003455
22,373,0.216934,0.000072,7.9643,0.046879,0.098609,0.101375,0.005288,0.000718,0.00003455
22,374,0.181427,0.000053,9.0446,0.046865,0.098777,0.054150,0.006919,0.000456,0.00003455
22,375,0.183480,0.000062,7.7131,0.046869,0.098872,0.056711,0.005717,0.000419,0.00003455
22,376,0.225465,0.000078,8.3562,0.046869,0.098793,0.089643,0.007546,0.000579,0.00003455
22,377,0.191800,0.000075,6.1017,0.046865,0.098839,0.058703,0.005288,0.000530,0.00003455
22,378,0.194437,0.000077,6.3926,0.046864,0.098832,0.054361,0.003570,0.000492,0.00003455
22,379,0.162609,0.000057,5.8571,0.046855,0.098758,0.053945,0.011050,0.000526,0.00003455
22,380,0.210636,0.000057,9.9136,0.046852,0.098701,0.102662,0.006576,0.000481,0.00003455
22,381,0.206408,0.000072,7.6244,0.046838,0.098718,0.081202,0.004859,0.001416,0.00003455
22,382,0.169231,0.000059,6.4219,0.046836,0.098608,0.062748,0.003009,0.000444,0.00003455
22,383,0.230631,0.000087,8.4566,0.046835,0.098622,0.053107,0.009513,0.000960,0.00003455
22,384,0.196521,0.000068,7.5749,0.046831,0.098590,0.058773,0.008723,0.000763,0.00003455
22,385,0.190761,0.000066,6.8023,0.046813,0.098550,0.086801,0.002282,0.000825,0.00003455
22,386,0.175531,0.000062,6.0605,0.046805,0.098591,0.076475,0.004859,0.000584,0.00003455
22,387,0.201180,0.000076,7.0643,0.046785,0.098531,0.058010,0.004429,0.001270,0.00003455
22,388,0.228198,0.000092,6.9293,0.046792,0.098516,0.067111,0.005468,0.001628,0.00003455
22,389,0.197404,0.000071,6.6745,0.046791,0.098480,0.080013,0.006576,0.000701,0.00003455
22,390,0.181742,0.000060,7.5018,0.046788,0.098522,0.063294,0.006327,0.000529,0.00003455
22,391,0.162354,0.000054,6.0100,0.046765,0.098401,0.076320,0.002798,0.000325,0.00003455
23,1,0.309185,0.000114,11.6220,0.049021,0.067310,0.076832,0.012879,0.001858,0.00002061
23,2,0.275901,0.000111,8.4088,0.048431,0.091702,0.064496,0.015283,0.001667,0.00002061
23,3,0.251954,0.000101,7.8839,0.046837,0.112181,0.056408,0.013198,0.001512,0.00002061
23,4,0.277754,0.000103,8.9702,0.047426,0.108138,0.103936,0.011120,0.001387,0.00002061
23,5,0.258452,0.000089,9.3744,0.047268,0.109202,0.107552,0.011840,0.001391,0.00002061
23,6,0.278407,0.000110,8.0080,0.047645,0.113253,0.090015,0.017256,0.001456,0.00002061
23,7,0.231423,0.000096,6.1623,0.047214,0.117993,0.059171,0.015386,0.002025,0.00002061
23,8,0.267675,0.000096,10.3067,0.047804,0.118412,0.072151,0.007987,0.001807,0.00002061
23,9,0.270408,0.000093,10.4117,0.047852,0.117398,0.092053,0.012089,0.001838,0.00002061
23,10,0.294710,0.000120,8.9190,0.047736,0.117950,0.067169,0.016675,0.001622,0.00002061
23,11,0.251295,0.000102,7.1067,0.047561,0.115959,0.065497,0.019860,0.001639,0.00002061
23,12,0.254303,0.000104,7.0338,0.047123,0.119145,0.072734,0.016065,0.001345,0.00002061
23,13,0.281482,0.000100,9.4994,0.047178,0.115222,0.115674,0.011230,0.001415,0.00002061
23,14,0.262849,0.000109,6.7623,0.047324,0.116148,0.072933,0.021510,0.001699,0.00002061
23,15,0.319930,0.000121,10.4449,0.047801,0.113388,0.087790,0.018993,0.001935,0.00002061
23,16,0.254838,0.000099,8.6777,0.047713,0.111949,0.062388,0.008654,0.001877,0.00002061
23,17,0.194809,0.000074,6.3439,0.047846,0.109433,0.065544,0.005546,0.001456,0.00002061
23,18,0.225373,0.000089,6.7144,0.047636,0.107802,0.070734,0.010483,0.001432,0.00002061
23,19,0.230340,0.000091,7.5279,0.047857,0.107855,0.060044,0.006937,0.001213,0.00002061
23,20,0.229235,0.000088,7.3899,0.047559,0.108203,0.071188,0.009942,0.001255,0.00002061
23,21,0.229360,0.000089,7.0627,0.047572,0.106050,0.080103,0.007999,0.001196,0.00002061
23,22,0.225867,0.000094,6.3666,0.047517,0.106022,0.062302,0.008546,0.001162,0.00002061
23,23,0.206443,0.000084,6.2815,0.047266,0.107502,0.054768,0.006258,0.001227,0.00002061
23,24,0.237830,0.000091,7.7315,0.047276,0.105403,0.071020,0.010378,0.001737,0.00002061
23,25,0.209885,0.000081,6.9967,0.047308,0.106173,0.063465,0.005345,0.001282,0.00002061
23,26,0.211063,0.000079,6.8217,0.047298,0.103973,0.064392,0.014167,0.001083,0.00002061
23,27,0.247883,0.000070,11.2911,0.047433,0.102679,0.115858,0.008654,0.000943,0.00002061
23,28,0.179329,0.000062,6.9147,0.047228,0.102534,0.058690,0.007297,0.000552,0.00002061
23,29,0.253321,0.000104,7.6301,0.047277,0.103182,0.058705,0.010981,0.001708,0.00002061
23,30,0.192654,0.000069,6.9227,0.047358,0.101523,0.061520,0.010191,0.001249,0.00002061
23,31,0.190253,0.000061,7.4561,0.047144,0.099952,0.082893,0.008723,0.000768,0.00002061
23,32,0.188565,0.000067,6.5983,0.046993,0.100108,0.075005,0.007795,0.000961,0.00002061
23,33,0.191355,0.000075,6.0119,0.046897,0.099752,0.061682,0.003570,0.000904,0.00002061
23,34,0.186799,0.000058,8.4198,0.046705,0.099274,0.064316,0.004172,0.000520,0.00002061
23,35,0.246078,0.000094,8.8611,0.046637,0.098877,0.059499,0.005039,0.001536,0.00002061
23,36,0.234888,0.000096,7.1509,0.046623,0.098692,0.058063,0.007506,0.001547,0.00002061
23,37,0.228982,0.000096,6.5026,0.046558,0.097929,0.055684,0.008225,0.001572,0.00002061
23,38,0.244255,0.000091,8.0413,0.046453,0.097844,0.092429,0.005898,0.001420,0.00002061
23,39,0.244276,0.000091,8.2664,0.046566,0.098208,0.086465,0.004609,0.001397,0.00002061
23,40,0.219673,0.000090,6.3769,0.046483,0.098635,0.063369,0.007615,0.001457,0.00002061
23,41,0.233981,0.000094,7.2029,0.046468,0.099954,0.057125,0.012020,0.001836,0.00002061
23,42,0.234284,0.000097,6.6471,0.046482,0.099203,0.066023,0.004594,0.001909,0.00002061
23,43,0.252928,0.000100,7.6654,0.046628,0.099793,0.079228,0.009513,0.000906,0.00002061
23,44,0.224911,0.000088,7.2860,0.046675,0.099696,0.055697,0.012837,0.000520,0.00002061
23,45,0.186898,0.000066,7.2329,0.046681,0.098793,0.057794,0.007615,0.000570,0.00002061
23,46,0.220165,0.000076,8.0281,0.046668,0.098691,0.091851,0.007435,0.000794,0.00002061
23,47,0.201970,0.000071,7.1425,0.046701,0.098524,0.083487,0.006868,0.000661,0.00002061
23,48,0.220580,0.000088,6.8707,0.046827,0.098887,0.069131,0.005219,0.000477,0.00002061
23,49,0.256240,0.000090,9.5782,0.046960,0.099940,0.067075,0.023732,0.001369,0.00002061
23,50,0.206581,0.000076,7.4111,0.046862,0.099295,0.061419,0.006507,0.001600,0.00002061
23,51,0.178679,0.000067,5.9372,0.046869,0.099585,0.065143,0.005546,0.000259,0.00002061
23,52,0.239326,0.000091,8.3181,0.046923,0.099232,0.067931,0.006327,0.001342,0.00002061
23,53,0.223099,0.000085,7.1092,0.046980,0.099728,0.074097,0.009693,0.001206,0.00002061
23,54,0.208436,0.000086,5.9484,0.046876,0.100162,0.061722,0.006078,0.001159,0.00002061
23,55,0.201170,0.000075,6.7508,0.046789,0.099293,0.063979,0.007186,0.000983,0.00002061
23,56,0.235068,0.000090,8.1324,0.046846,0.098999,0.061992,0.006756,0.001360,0.00002061
23,57,0.227176,0.000084,7.7967,0.046943,0.099418,0.069919,0.011591,0.001341,0.00002061
23,58,0.242623,0.000088,8.4196,0.046975,0.099252,0.088352,0.006596,0.001860,0.00002061
23,59,0.233969,0.000091,7.2951,0.046943,0.099205,0.072703,0.007773,0.001563,0.00002061
23,60,0.206772,0.000069,8.6085,0.046960,0.099039,0.058366,0.012450,0.000599,0.00002061
23,61,0.191732,0.000065,7.8665,0.046936,0.099199,0.055503,0.007186,0.000547,0.00002061
23,62,0.181283,0.000064,6.3822,0.046910,0.099917,0.065166,0.009513,0.000617,0.00002061
23,63,0.186472,0.000061,6.9818,0.046907,0.099687,0.081736,0.008723,0.000870,0.00002061
23,64,0.242600,0.000098,7.4456,0.046938,0.100256,0.065507,0.009332,0.001405,0.00002061
23,65,0.233938,0.000090,7.5662,0.046913,0.099953,0.060803,0.015524,0.001028,0.00002061
23,66,0.216733,0.000084,6.6248,0.046853,0.099786,0.065305,0.012132,0.001161,0.00002061
23,67,0.226583,0.000068,9.1721,0.046897,0.098942,0.107057,0.016065,0.000527,0.00002061
23,68,0.192729,0.000057,8.1768,0.046830,0.098175,0.080205,0.013789,0.000470,0.00002061
23,69,0.233017,0.000083,7.3748,0.046832,0.098501,0.096310,0.017173,0.000676,0.00002061
23,70,0.201151,0.000073,7.3304,0.046794,0.098756,0.059403,0.010732,0.000535,0.00002061
23,71,0.173066,0.000059,7.2244,0.046694,0.099119,0.051571,0.003570,0.000589,0.00002061
23,72,0.207507,0.000085,6.0535,0.046617,0.099173,0.064155,0.004859,0.000327,0.00002061
23,73,0.212754,0.000084,6.4415,0.046578,0.098993,0.071334,0.006147,0.000357,0.00002061
23,74,0.188954,0.000071,6.5417,0.046517,0.099913,0.057318,0.005717,0.000623,0.00002061
23,75,0.224886,0.000090,6.6510,0.046477,0.099575,0.065329,0.009693,0.001046,0.00002061
23,76,0.180701,0.000064,6.1090,0.046418,0.099110,0.081848,0.006180,0.000747,0.00002061
23,77,0.300202,0.000114,10.5085,0.046557,0.099126,0.077988,0.010011,0.000574,0.00002061
23,78,0.264110,0.000104,7.7295,0.046591,0.099048,0.085817,0.014846,0.000630,0.00002061
23,79,0.287259,0.000115,8.4504,0.046665,0.098888,0.092458,0.012269,0.000781,0.00002061
23,80,0.312555,0.000130,8.3462,0.046770,0.098729,0.074954,0.025151,0.000690,0.00002061
23,81,0.240779,0.000098,7.3148,0.046806,0.098777,0.064720,0.008723,0.001044,0.00002061
23,82,0.203809,0.000075,7.2748,0.046827,0.099142,0.062141,0.008405,0.000471,0.00002061
23,83,0.189872,0.000070,6.3326,0.046757,0.099358,0.075524,0.003570,0.000514,0.00002061
23,84,0.199914,0.000078,6.0381,0.046693,0.099268,0.069538,0.008654,0.000575,0.00002061
23,85,0.198465,0.000067,8.3862,0.046705,0.099422,0.059309,0.002798,0.000620,0.00002061
23,86,0.246506,0.000103,6.9916,0.046712,0.099858,0.058109,0.013135,0.001474,0.00002061
23,87,0.293963,0.000099,10.7581,0.046734,0.099940,0.124925,0.012990,0.000765,0.00002061
23,88,0.249210,0.000103,7.1687,0.046679,0.100118,0.067447,0.007005,0.001336,0.00002061
23,89,0.261924,0.000104,7.4275,0.046668,0.099658,0.086459,0.017104,0.001029,0.00002061
23,90,0.210215,0.000080,6.9477,0.046685,0.099846,0.060139,0.010122,0.000646,0.00002061
23,91,0.231341,0.000091,7.2562,0.046660,0.099717,0.055690,0.015886,0.001226,0.00002061
23,92,0.231234,0.000093,6.8189,0.046663,0.099531,0.055764,0.014528,0.001045,0.00002061
23,93,0.189362,0.000072,5.9833,0.046676,0.099454,0.061537,0.009488,0.000788,0.00002061
23,94,0.227272,0.000060,10.9802,0.046616,0.098904,0.122325,0.002282,0.000485,0.00002061
23,95,0.189286,0.000063,7.4389,0.046604,0.098992,0.072364,0.007005,0.000590,0.00002061
23,96,0.212487,0.000088,6.2921,0.046583,0.099124,0.058084,0.004429,0.000693,0.00002061
23,97,0.244074,0.000099,7.8041,0.046606,0.099023,0.056351,0.009332,0.000760,0.00002061
23,98,0.197832,0.000071,7.6917,0.046559,0.098719,0.054025,0.005468,0.000315,0.00002061
23,99,0.194453,0.000074,6.7240,0.046529,0.098848,0.060437,0.004180,0.000509,0.00002061
23,100,0.164743,0.000055,5.9926,0.046473,0.099054,0.067846,0.010011,0.000381,0.00002061
23,101,0.201867,0.000064,8.3911,0.046473,0.098626,0.082933,0.007435,0.000426,0.00002061
23,102,0.150755,0.000055,5.6307,0.046403,0.098303,0.049798,0.002798,0.000309,0.00002061
23,103,0.187096,0.000070,6.1799,0.046343,0.098099,0.062320,0.008834,0.000353,0.00002061
23,104,0.260919,0.000109,6.9711,0.046380,0.098244,0.078410,0.007864,0.000631,0.00002061
23,105,0.203754,0.000081,6.0006,0.046337,0.098554,0.061608,0.009083,0.000864,0.00002061
23,106,0.223659,0.000083,8.2844,0.046305,0.098300,0.060296,0.005288,0.000757,0.00002061
23,107,0.199769,0.000073,7.6446,0.046273,0.098048,0.052756,0.007864,0.000536,0.00002061
23,108,0.234612,0.000099,6.8642,0.046282,0.097913,0.054196,0.006756,0.001048,0.00002061
23,109,0.199476,0.000068,7.4524,0.046276,0.097854,0.083979,0.005717,0.000713,0.00002061
23,110,0.276903,0.000101,9.5409,0.046317,0.097860,0.102847,0.009965,0.000725,0.00002061
23,111,0.187029,0.000061,7.2354,0.046331,0.097629,0.080134,0.006576,0.000310,0.00002061
23,112,0.181178,0.000065,6.4441,0.046337,0.097790,0.059132,0.008474,0.000837,0.00002061
23,113,0.174986,0.000062,7.0307,0.046276,0.097383,0.049213,0.003570,0.000636,0.00002061
23,114,0.155415,0.000056,5.6673,0.046214,0.097451,0.051645,0.005288,0.000344,0.00002061
23,115,0.159894,0.000054,5.7471,0.046148,0.097660,0.080002,0.003141,0.000377,0.00002061
23,116,0.211980,0.000083,6.7960,0.046092,0.097678,0.053822,0.012020,0.000923,0.00002061
23,117,0.220896,0.000086,6.7579,0.046069,0.097673,0.073739,0.007615,0.001061,0.00002061
23,118,0.200995,0.000074,6.3904,0.046017,0.097765,0.083860,0.008723,0.001339,0.00002061
23,119,0.203234,0.000063,8.9192,0.045963,0.097826,0.075807,0.008293,0.000661,0.00002061
23,120,0.203912,0.000069,8.5030,0.045963,0.098108,0.061254,0.003141,0.000783,0.00002061
23,121,0.206794,0.000068,7.2912,0.045956,0.097906,0.085671,0.022977,0.000691,0.00002061
23,122,0.230614,0.000086,6.5097,0.045962,0.097693,0.065809,0.039519,0.000780,0.00002061
23,123,0.193500,0.000068,6.8792,0.045943,0.097701,0.077747,0.007435,0.000422,0.00002061
23,124,0.172341,0.000058,6.9870,0.045890,0.097810,0.055008,0.006147,0.000482,0.00002061
23,125,0.179759,0.000063,6.7404,0.045857,0.097602,0.059641,0.008044,0.000456,0.00002061
23,126,0.158937,0.000056,5.7610,0.045814,0.097853,0.058076,0.005717,0.000411,0.00002061
23,127,0.186551,0.000064,7.2358,0.045843,0.097553,0.064812,0.005123,0.000638,0.00002061
23,128,0.225676,0.000070,10.3341,0.045824,0.097580,0.065129,0.010011,0.000487,0.00002061
23,129,0.201760,0.000078,6.7006,0.045804,0.097339,0.062390,0.003141,0.000801,0.00002061
23,130,0.190900,0.000061,7.5308,0.045822,0.097533,0.085227,0.006147,0.000633,0.00002061
23,131,0.177345,0.000066,6.4846,0.045806,0.097803,0.051173,0.002712,0.000942,0.00002061
23,132,0.188185,0.000068,6.4157,0.045784,0.097607,0.074175,0.006576,0.000467,0.00002061
23,133,0.198837,0.000083,5.7853,0.045755,0.097493,0.051399,0.005288,0.000407,0.00002061
23,134,0.161299,0.000056,6.0945,0.045715,0.097433,0.056057,0.005288,0.000483,0.00002061
23,135,0.242066,0.000099,6.9794,0.045744,0.097285,0.077011,0.007005,0.000396,0.00002061
23,136,0.228923,0.000093,6.2480,0.045751,0.097225,0.059221,0.019285,0.000525,0.00002061
23,137,0.193860,0.000067,7.6185,0.045779,0.096771,0.063633,0.005898,0.000644,0.00002061
23,138,0.158759,0.000052,6.7599,0.045774,0.096475,0.054575,0.002712,0.000273,0.00002061
23,139,0.161782,0.000056,6.3104,0.045718,0.096488,0.057841,0.002282,0.000323,0.00002061
23,140,0.197079,0.000068,7.1560,0.045738,0.096668,0.079463,0.005219,0.000414,0.00002061
23,141,0.181362,0.000060,6.8958,0.045729,0.096988,0.078486,0.004000,0.000681,0.00002061
23,142,0.156316,0.000055,5.9552,0.045664,0.096970,0.054958,0.003141,0.000401,0.00002061
23,143,0.187500,0.000072,6.2753,0.045662,0.097093,0.056030,0.005717,0.000790,0.00002061
23,144,0.177953,0.000067,6.2118,0.045610,0.097330,0.055366,0.004066,0.000586,0.00002061
23,145,0.175379,0.000072,5.0704,0.045565,0.097119,0.056263,0.003141,0.000379,0.00002061
23,146,0.172242,0.000065,5.8752,0.045520,0.097154,0.054571,0.004429,0.000505,0.00002061
23,147,0.216415,0.000082,7.1893,0.045523,0.097352,0.065516,0.007976,0.000726,0.00002061
23,148,0.165732,0.000059,5.7272,0.045485,0.097685,0.066700,0.006507,0.000341,0.00002061
23,149,0.176497,0.000070,5.3369,0.045431,0.097725,0.053474,0.006216,0.000568,0.00002061
23,150,0.200597,0.000077,6.4870,0.045401,0.097711,0.070364,0.005039,0.000657,0.00002061
23,151,0.173673,0.000057,7.1174,0.045353,0.097829,0.060534,0.007864,0.000388,0.00002061
23,152,0.207977,0.000081,6.4720,0.045354,0.097704,0.063794,0.009264,0.000418,0.00002061
23,153,0.185645,0.000062,8.1203,0.045311,0.097401,0.051437,0.006919,0.000352,0.00002061
23,154,0.215145,0.000082,7.4574,0.045343,0.097568,0.056651,0.009332,0.001936,0.00002061
23,155,0.239006,0.000093,7.0808,0.045371,0.097801,0.080046,0.012767,0.002041,0.00002061
23,156,0.241175,0.000088,7.7825,0.045403,0.097786,0.086308,0.014167,0.002711,0.00002061
23,157,0.242195,0.000087,8.6236,0.045469,0.097943,0.082568,0.013128,0.001261,0.00002061
23,158,0.191165,0.000071,6.6950,0.045464,0.097963,0.052702,0.010011,0.001768,0.00002061
23,159,0.172020,0.000060,6.2064,0.045449,0.097860,0.059983,0.010801,0.001298,0.00002061
23,160,0.193623,0.000066,7.4575,0.045493,0.097878,0.070098,0.008293,0.000923,0.00002061
23,161,0.189129,0.000064,7.4833,0.045562,0.097817,0.072184,0.007458,0.000952,0.00002061
23,162,0.205134,0.000066,8.7639,0.045541,0.097809,0.075946,0.004000,0.000738,0.00002061
23,163,0.223110,0.000078,8.1024,0.045550,0.097930,0.096209,0.004609,0.000684,0.00002061
23,164,0.206015,0.000085,5.7506,0.045532,0.098133,0.055347,0.010621,0.000883,0.00002061
23,165,0.213911,0.000084,6.7169,0.045557,0.098126,0.062077,0.007005,0.000522,0.00002061
23,166,0.212559,0.000086,6.5224,0.045565,0.098375,0.061411,0.003570,0.001310,0.00002061
23,167,0.243073,0.000101,7.4475,0.045572,0.098616,0.053453,0.006756,0.001684,0.00002061
23,168,0.192022,0.000077,5.9300,0.045555,0.098933,0.055991,0.002712,0.001304,0.00002061
23,169,0.201094,0.000081,5.8091,0.045524,0.099065,0.069048,0.004609,0.001716,0.00002061
23,170,0.153732,0.000052,5.7603,0.045502,0.099081,0.060712,0.005546,0.000601,0.00002061
23,171,0.209163,0.000080,7.1176,0.045495,0.099225,0.059555,0.005648,0.000881,0.00002061
23,172,0.186983,0.000070,6.3764,0.045460,0.099063,0.051798,0.011660,0.000247,0.00002061
23,173,0.194692,0.000070,7.0078,0.045442,0.099268,0.063586,0.010870,0.000512,0.00002061
23,174,0.185626,0.000069,5.6923,0.045392,0.099201,0.076694,0.008654,0.000525,0.00002061
23,175,0.198507,0.000075,6.9031,0.045352,0.099287,0.048878,0.011702,0.000812,0.00002061
23,176,0.188026,0.000071,6.0910,0.045309,0.099194,0.064947,0.007366,0.000384,0.00002061
23,177,0.181527,0.000062,6.5135,0.045282,0.099134,0.083685,0.004000,0.000405,0.00002061
23,178,0.167868,0.000058,6.0768,0.045262,0.099066,0.077591,0.003009,0.000267,0.00002061
23,179,0.172907,0.000060,6.1740,0.045232,0.098835,0.056789,0.013806,0.000670,0.00002061
23,180,0.233838,0.000090,7.7528,0.045251,0.098867,0.063791,0.010981,0.000727,0.00002061
23,181,0.229721,0.000084,8.0660,0.045239,0.098730,0.069410,0.010122,0.000574,0.00002061
23,182,0.259774,0.000101,8.0809,0.045271,0.098930,0.086281,0.009513,0.000592,0.00002061
23,183,0.151723,0.000053,5.6681,0.045227,0.098729,0.053688,0.005288,0.000413,0.00002061
23,184,0.192806,0.000071,6.5588,0.045222,0.098654,0.069666,0.004429,0.000551,0.00002061
23,185,0.177354,0.000070,5.6550,0.045198,0.098854,0.052461,0.006576,0.000599,0.00002061
23,186,0.157940,0.000059,5.6462,0.045163,0.098853,0.050826,0.002282,0.000317,0.00002061
23,187,0.182237,0.000049,9.9189,0.045124,0.099039,0.064245,0.002798,0.000240,0.00002061
23,188,0.196414,0.000070,7.8690,0.045110,0.099078,0.057100,0.003570,0.000548,0.00002061
23,189,0.163214,0.000059,5.9407,0.045098,0.098967,0.060474,0.001853,0.000338,0.00002061
23,190,0.194336,0.000072,7.3111,0.045071,0.099057,0.049395,0.003570,0.000662,0.00002061
23,191,0.193638,0.000072,6.6066,0.045088,0.098979,0.068230,0.004609,0.000425,0.00002061
23,192,0.210346,0.000086,6.2420,0.045080,0.098780,0.056682,0.006756,0.001100,0.00002061
23,193,0.166870,0.000059,6.0069,0.045075,0.098835,0.065516,0.003141,0.000474,0.00002061
23,194,0.189142,0.000065,6.7996,0.045051,0.098775,0.078020,0.006576,0.000513,0.00002061
23,195,0.187783,0.000069,6.3759,0.045034,0.098680,0.069116,0.003537,0.000335,0.00002061
23,196,0.204271,0.000073,8.1564,0.045041,0.098872,0.055153,0.005219,0.000729,0.00002061
23,197,0.193202,0.000061,8.7262,0.045037,0.098691,0.057323,0.008293,0.000356,0.00002061
23,198,0.175146,0.000065,5.8819,0.045009,0.098965,0.060322,0.006147,0.000360,0.00002061
23,199,0.192629,0.000076,6.2373,0.044988,0.098856,0.051275,0.006576,0.000796,0.00002061
23,200,0.172404,0.000064,5.5457,0.044957,0.098805,0.071189,0.003141,0.000436,0.00002061
23,201,0.171472,0.000061,6.5603,0.044930,0.098718,0.050567,0.006147,0.000232,0.00002061
23,202,0.161406,0.000058,5.6606,0.044906,0.098682,0.054997,0.008293,0.000352,0.00002061
23,203,0.207849,0.000082,6.0625,0.044898,0.098888,0.073818,0.007005,0.000608,0.00002061
23,204,0.161338,0.000055,6.3378,0.044901,0.098940,0.055414,0.004172,0.000429,0.00002061
23,205,0.225010,0.000086,7.4967,0.044905,0.099018,0.070243,0.008044,0.000742,0.00002061
23,206,0.183894,0.000067,6.8109,0.044877,0.098994,0.060002,0.003141,0.001003,0.00002061
23,207,0.176504,0.000063,6.3223,0.044893,0.098931,0.064650,0.007005,0.000930,0.00002061
23,208,0.195575,0.000066,8.0300,0.044928,0.098932,0.064881,0.005717,0.000591,0.00002061
23,209,0.196916,0.000068,7.6813,0.044963,0.098821,0.076534,0.004180,0.000603,0.00002061
23,210,0.164792,0.000057,6.1289,0.044957,0.098741,0.064102,0.004429,0.000841,0.00002061
23,211,0.245304,0.000096,8.1497,0.044997,0.098848,0.067383,0.008834,0.001344,0.00002061
23,212,0.177950,0.000064,6.2596,0.044986,0.098841,0.055575,0.010101,0.000999,0.00002061
23,213,0.167421,0.000058,5.9857,0.044967,0.098921,0.068999,0.007795,0.000739,0.00002061
23,214,0.197845,0.000069,7.5805,0.044948,0.098775,0.063438,0.006756,0.000830,0.00002061
23,215,0.199176,0.000068,8.6295,0.044924,0.098772,0.057105,0.002712,0.000895,0.00002061
23,216,0.178123,0.000068,6.3075,0.044929,0.099025,0.055158,0.003570,0.000349,0.00002061
23,217,0.240493,0.000096,7.3617,0.044945,0.098993,0.057513,0.017061,0.000731,0.00002061
23,218,0.274744,0.000112,7.8134,0.044969,0.098958,0.077373,0.013557,0.001066,0.00002061
23,219,0.172970,0.000061,6.3166,0.044965,0.099040,0.063969,0.005717,0.001010,0.00002061
23,220,0.165687,0.000053,7.3061,0.044951,0.098956,0.056487,0.004859,0.000859,0.00002061
23,221,0.185927,0.000061,7.6222,0.044953,0.099121,0.071151,0.004172,0.000420,0.00002061
23,222,0.225188,0.000083,7.8906,0.044953,0.099204,0.071322,0.007795,0.001141,0.00002061
23,223,0.189344,0.000069,6.3604,0.044954,0.099432,0.066840,0.009513,0.000857,0.00002061
23,224,0.231443,0.000091,7.7433,0.044955,0.099370,0.062804,0.005039,0.000949,0.00002061
23,225,0.189020,0.000060,7.5796,0.044948,0.099530,0.079457,0.006327,0.000484,0.00002061
23,226,0.217867,0.000085,6.7385,0.044962,0.099354,0.077070,0.005717,0.000757,0.00002061
23,227,0.211027,0.000084,6.4273,0.044975,0.099263,0.062749,0.009582,0.000318,0.00002061
23,228,0.191651,0.000072,7.1338,0.044957,0.098974,0.051647,0.002892,0.000593,0.00002061
23,229,0.241692,0.000101,7.2731,0.044974,0.098958,0.059556,0.004066,0.000323,0.00002061
23,230,0.181057,0.000058,7.1221,0.044975,0.098865,0.079295,0.007435,0.000516,0.00002061
23,231,0.183681,0.000061,7.1547,0.044994,0.098671,0.066213,0.009693,0.000756,0.00002061
23,232,0.200038,0.000062,8.2112,0.045003,0.098419,0.093950,0.004609,0.000497,0.00002061
23,233,0.177261,0.000061,6.8109,0.045008,0.098377,0.071040,0.002282,0.000798,0.00002061
23,234,0.166055,0.000059,6.1549,0.044975,0.098376,0.058681,0.002712,0.000909,0.00002061
23,235,0.175494,0.000054,8.1047,0.044966,0.098442,0.057608,0.005288,0.000408,0.00002061
23,236,0.256916,0.000102,8.0732,0.045017,0.098583,0.076427,0.007186,0.000536,0.00002061
23,237,0.227302,0.000081,8.8449,0.045001,0.098622,0.063987,0.004859,0.001173,0.00002061
23,238,0.173442,0.000051,7.6797,0.044988,0.098670,0.088209,0.001424,0.000360,0.00002061
23,239,0.171957,0.000062,5.8750,0.044971,0.098646,0.068476,0.004429,0.000641,0.00002061
23,240,0.208698,0.000085,6.2880,0.044966,0.098697,0.053354,0.007976,0.000764,0.00002061
23,241,0.184661,0.000065,6.6626,0.044967,0.098831,0.064104,0.010191,0.000644,0.00002061
23,242,0.178884,0.000059,6.9607,0.044952,0.098980,0.073885,0.004180,0.000731,0.00002061
23,243,0.177266,0.000057,7.8172,0.044927,0.098907,0.057415,0.004000,0.000358,0.00002061
23,244,0.205839,0.000069,8.7182,0.044931,0.099041,0.057072,0.008834,0.000844,0.00002061
23,245,0.183333,0.000073,5.6949,0.044924,0.099059,0.057481,0.004859,0.000438,0.00002061
23,246,0.177721,0.000068,5.5608,0.044915,0.099067,0.062161,0.007237,0.001267,0.00002061
23,247,0.163942,0.000057,5.7898,0.044902,0.099008,0.067957,0.005717,0.001195,0.00002061
23,248,0.213006,0.000073,8.5948,0.044890,0.099020,0.070817,0.004429,0.000493,0.00002061
23,249,0.183838,0.000067,6.7061,0.044894,0.099074,0.056841,0.005898,0.000263,0.00002061
23,250,0.200637,0.000073,6.7630,0.044885,0.098987,0.078740,0.006507,0.000517,0.00002061
23,251,0.168950,0.000060,6.3096,0.044858,0.098908,0.050502,0.007615,0.000474,0.00002061
23,252,0.157326,0.000055,5.9715,0.044828,0.099153,0.056564,0.001424,0.000307,0.00002061
23,253,0.249685,0.000095,7.9182,0.044843,0.099066,0.091522,0.009513,0.000904,0.00002061
23,254,0.224278,0.000080,7.7754,0.044831,0.099031,0.093450,0.005288,0.000994,0.00002061
23,255,0.233046,0.000088,7.8239,0.044838,0.099080,0.067445,0.009667,0.000369,0.00002061
23,256,0.168908,0.000062,5.7100,0.044813,0.099129,0.056336,0.008293,0.000800,0.00002061
23,257,0.180886,0.000066,6.6245,0.044789,0.098951,0.051033,0.007186,0.000440,0.00002061
23,258,0.183999,0.000068,6.7141,0.044769,0.098958,0.048478,0.007186,0.000450,0.00002061
23,259,0.261036,0.000105,7.7794,0.044769,0.098881,0.082151,0.008474,0.001480,0.00002061
23,260,0.171240,0.000068,5.2337,0.044748,0.099090,0.049998,0.006756,0.000640,0.00002061
23,261,0.236845,0.000100,6.5418,0.044754,0.098974,0.059805,0.007795,0.000901,0.00002061
23,262,0.175192,0.000067,5.5985,0.044733,0.099183,0.058169,0.005468,0.001065,0.00002061
23,263,0.170687,0.000056,7.3964,0.044703,0.099077,0.054095,0.004816,0.000395,0.00002061
23,264,0.178593,0.000055,7.4873,0.044722,0.098982,0.056522,0.017602,0.000378,0.00002061
23,265,0.185445,0.000071,5.9703,0.044696,0.099141,0.063334,0.005039,0.000822,0.00002061
23,266,0.194370,0.000066,7.0277,0.044691,0.099096,0.085336,0.005898,0.000508,0.00002061
23,267,0.218878,0.000084,7.3428,0.044696,0.099150,0.058564,0.008044,0.000976,0.00002061
23,268,0.193218,0.000075,6.2458,0.044682,0.099206,0.061511,0.004180,0.000765,0.00002061
23,269,0.190979,0.000075,6.1321,0.044681,0.099236,0.058626,0.004429,0.000461,0.00002061
23,270,0.189263,0.000067,7.6701,0.044661,0.099236,0.054071,0.003751,0.000362,0.00002061
23,271,0.179912,0.000066,6.9289,0.044634,0.099035,0.047491,0.004180,0.000447,0.00002061
23,272,0.163531,0.000056,5.7640,0.044604,0.098819,0.066038,0.008293,0.000797,0.00002061
23,273,0.252844,0.000096,8.1873,0.044616,0.098667,0.066182,0.022321,0.001061,0.00002061
23,274,0.249843,0.000065,11.6809,0.044631,0.098846,0.129204,0.014957,0.000959,0.00002061
23,275,0.202194,0.000075,6.4282,0.044625,0.099016,0.080048,0.009332,0.000840,0.00002061
23,276,0.176140,0.000061,6.9206,0.044619,0.098942,0.053534,0.007186,0.000519,0.00002061
23,277,0.167135,0.000062,5.9340,0.044591,0.098936,0.049316,0.006327,0.000439,0.00002061
23,278,0.240066,0.000089,8.0330,0.044604,0.098755,0.072751,0.015567,0.000747,0.00002061
23,279,0.167524,0.000059,5.9745,0.044585,0.098857,0.056967,0.009332,0.000414,0.00002061
23,280,0.356778,0.000134,10.2292,0.044635,0.098916,0.118253,0.041882,0.001720,0.00002061
23,281,0.206517,0.000053,9.8109,0.044628,0.098931,0.115316,0.002282,0.000236,0.00002061
23,282,0.211367,0.000076,7.4636,0.044607,0.098836,0.084157,0.002712,0.000595,0.00002061
23,283,0.176278,0.000067,5.7505,0.044597,0.098975,0.064402,0.003751,0.000416,0.00002061
23,284,0.201368,0.000076,7.0135,0.044600,0.098992,0.062647,0.003570,0.000496,0.00002061
23,285,0.185783,0.000071,6.1348,0.044588,0.098874,0.063644,0.004000,0.000472,0.00002061
23,286,0.182193,0.000057,7.4523,0.044573,0.098755,0.083869,0.004429,0.000424,0.00002061
23,287,0.237967,0.000088,8.3319,0.044587,0.098737,0.081982,0.002282,0.000727,0.00002061
23,288,0.191985,0.000074,6.4151,0.044579,0.098653,0.054832,0.003321,0.000510,0.00002061
23,289,0.166538,0.000051,7.2924,0.044576,0.098796,0.071986,0.002798,0.000648,0.00002061
23,290,0.239010,0.000091,7.9997,0.044621,0.098815,0.068769,0.008654,0.000491,0.00002061
23,291,0.218343,0.000069,9.6537,0.044636,0.098979,0.072261,0.005717,0.000749,0.00002061
23,292,0.171332,0.000058,6.7314,0.044616,0.099027,0.063717,0.003141,0.000312,0.00002061
23,293,0.192609,0.000072,6.8013,0.044635,0.099145,0.062697,0.004180,0.000536,0.00002061
23,294,0.178650,0.000062,6.4190,0.044635,0.099213,0.074452,0.006576,0.000497,0.00002061
23,295,0.213783,0.000086,6.3335,0.044640,0.099187,0.064752,0.007435,0.001102,0.00002061
23,296,0.228026,0.000088,7.8251,0.044662,0.099196,0.063284,0.006507,0.000478,0.00002061
23,297,0.202818,0.000076,7.2600,0.044648,0.099015,0.058135,0.004594,0.001130,0.00002061
23,298,0.165275,0.000056,6.5494,0.044633,0.098961,0.060200,0.003141,0.000667,0.00002061
23,299,0.205926,0.000068,8.0316,0.044634,0.098806,0.087528,0.004429,0.000353,0.00002061
23,300,0.162102,0.000059,5.5764,0.044618,0.098706,0.066139,0.003141,0.000317,0.00002061
23,301,0.170193,0.000064,5.8544,0.044595,0.098639,0.059527,0.002282,0.000375,0.00002061
23,302,0.168424,0.000066,5.3942,0.044569,0.098621,0.051529,0.004000,0.000552,0.00002061
23,303,0.168505,0.000060,5.9956,0.044569,0.098600,0.065433,0.002892,0.000559,0.00002061
23,304,0.193716,0.000066,6.9137,0.044568,0.098653,0.085665,0.005717,0.000632,0.00002061
23,305,0.219739,0.000082,7.7908,0.044589,0.098710,0.062704,0.008293,0.000761,0.00002061
23,306,0.273759,0.000097,10.8437,0.044612,0.098691,0.072529,0.008293,0.000839,0.00002061
23,307,0.214946,0.000088,6.2917,0.044609,0.098740,0.065920,0.004748,0.000858,0.00002061
23,308,0.250859,0.000107,6.6005,0.044613,0.098725,0.071393,0.008474,0.000684,0.00002061
23,309,0.177547,0.000065,6.1689,0.044600,0.098756,0.064964,0.005219,0.000379,0.00002061
23,310,0.161523,0.000051,7.1371,0.044598,0.098865,0.052124,0.006327,0.000424,0.00002061
23,311,0.158169,0.000057,6.0661,0.044580,0.099017,0.047708,0.004000,0.000477,0.00002061
23,312,0.168705,0.000064,5.7251,0.044569,0.098913,0.050540,0.003570,0.000636,0.00002061
23,313,0.155679,0.000050,6.3268,0.044559,0.098918,0.068630,0.001853,0.000561,0.00002061
23,314,0.174560,0.000064,6.0597,0.044551,0.098907,0.065781,0.004288,0.000690,0.00002061
23,315,0.261362,0.000103,9.0218,0.044565,0.098933,0.061198,0.007435,0.001270,0.00002061
23,316,0.257826,0.000114,6.4270,0.044569,0.098963,0.062642,0.006147,0.001292,0.00002061
23,317,0.240102,0.000099,6.7631,0.044583,0.099001,0.075944,0.005288,0.001086,0.00002061
23,318,0.195844,0.000078,6.0014,0.044583,0.098987,0.065592,0.004000,0.000720,0.00002061
23,319,0.183532,0.000070,5.8383,0.044571,0.098969,0.061631,0.008225,0.000999,0.00002061
23,320,0.237650,0.000090,8.1280,0.044563,0.099040,0.054896,0.016966,0.000991,0.00002061
23,321,0.202024,0.000078,6.7778,0.044549,0.099152,0.054668,0.004859,0.000884,0.00002061
23,322,0.184978,0.000074,5.7806,0.044541,0.099184,0.050472,0.007546,0.000368,0.00002061
23,323,0.179231,0.000058,7.0025,0.044536,0.099076,0.084164,0.005546,0.000163,0.00002061
23,324,0.249427,0.000103,6.9919,0.044544,0.099088,0.071726,0.008903,0.001432,0.00002061
23,325,0.239429,0.000098,7.1001,0.044548,0.098973,0.061413,0.012020,0.001492,0.00002061
23,326,0.231151,0.000095,6.4775,0.044550,0.098884,0.064766,0.009762,0.001462,0.00002061
23,327,0.284372,0.000120,7.6501,0.044567,0.098826,0.063360,0.016675,0.001566,0.00002061
23,328,0.243529,0.000102,6.9259,0.044575,0.098871,0.060554,0.009513,0.001500,0.00002061
23,329,0.232692,0.000093,6.9040,0.044591,0.099034,0.070072,0.006756,0.001310,0.00002061
23,330,0.231004,0.000096,6.3147,0.044596,0.098980,0.061521,0.010741,0.001907,0.00002061
23,331,0.241425,0.000099,6.8648,0.044603,0.099140,0.058614,0.016273,0.001857,0.00002061
23,332,0.234285,0.000096,6.9747,0.044624,0.099068,0.065979,0.007795,0.000551,0.00002061
23,333,0.242592,0.000085,8.9668,0.044644,0.099169,0.081405,0.011840,0.000636,0.00002061
23,334,0.258634,0.000104,7.5984,0.044666,0.099246,0.069498,0.016357,0.000684,0.00002061
23,335,0.213037,0.000082,6.8971,0.044673,0.099380,0.071698,0.004859,0.001335,0.00002061
23,336,0.169457,0.000059,6.1779,0.044663,0.099461,0.067064,0.004859,0.000484,0.00002061
23,337,0.237151,0.000101,6.5929,0.044674,0.099486,0.055788,0.008293,0.000661,0.00002061
23,338,0.160233,0.000059,5.7202,0.044659,0.099400,0.048609,0.005468,0.000496,0.00002061
23,339,0.241658,0.000100,7.3337,0.044663,0.099433,0.055647,0.006937,0.000516,0.00002061
23,340,0.155984,0.000055,5.8621,0.044662,0.099509,0.059245,0.001424,0.000335,0.00002061
23,341,0.191438,0.000073,5.9534,0.044658,0.099626,0.067340,0.009582,0.000402,0.00002061
23,342,0.253842,0.000101,7.7204,0.044673,0.099755,0.067256,0.016992,0.000961,0.00002061
23,343,0.267545,0.000114,7.2533,0.044693,0.099673,0.063093,0.010981,0.001681,0.00002061
23,344,0.246162,0.000099,7.1363,0.044713,0.099724,0.068625,0.014528,0.001090,0.00002061
23,345,0.215177,0.000087,6.1824,0.044710,0.099691,0.063378,0.011634,0.000748,0.00002061
23,346,0.227272,0.000086,7.5003,0.044731,0.099676,0.070349,0.010981,0.001136,0.00002061
23,347,0.218296,0.000088,6.9978,0.044738,0.099620,0.055885,0.004859,0.000830,0.00002061
23,348,0.230821,0.000095,6.7627,0.044758,0.099646,0.061811,0.006402,0.000860,0.00002061
23,349,0.182367,0.000072,5.8262,0.044734,0.099621,0.059936,0.003141,0.000413,0.00002061
23,350,0.205582,0.000078,6.8411,0.044736,0.099541,0.065561,0.007435,0.000490,0.00002061
23,351,0.269871,0.000112,7.4784,0.044761,0.099602,0.069124,0.016924,0.001126,0.00002061
23,352,0.219361,0.000088,6.7450,0.044760,0.099567,0.062027,0.007615,0.000421,0.00002061
23,353,0.189427,0.000075,5.9208,0.044752,0.099548,0.053442,0.009762,0.000482,0.00002061
23,354,0.211705,0.000080,6.9891,0.044749,0.099535,0.077182,0.003570,0.000203,0.00002061
23,355,0.222607,0.000089,6.3528,0.044754,0.099616,0.069642,0.012561,0.000844,0.00002061
23,356,0.176825,0.000063,6.9500,0.044746,0.099592,0.051399,0.004180,0.000309,0.00002061
23,357,0.240472,0.000061,12.9478,0.044735,0.099672,0.085172,0.005546,0.000388,0.00002061
23,358,0.204925,0.000070,7.4158,0.044742,0.099683,0.085687,0.008225,0.000347,0.00002061
23,359,0.194808,0.000071,6.6670,0.044745,0.099697,0.072421,0.007976,0.000535,0.00002061
23,360,0.180815,0.000059,7.7562,0.044739,0.099728,0.053984,0.006576,0.000445,0.00002061
23,361,0.259666,0.000103,7.5685,0.044759,0.099745,0.068912,0.023764,0.000779,0.00002061
23,362,0.458114,0.000189,11.9752,0.044813,0.099727,0.122006,0.040850,0.001093,0.00002061
23,363,0.397485,0.000156,11.6672,0.044862,0.099713,0.121872,0.028104,0.001902,0.00002061
23,364,0.347161,0.000144,9.2144,0.044903,0.099664,0.084690,0.030320,0.001811,0.00002061
23,365,0.392135,0.000155,11.7315,0.044953,0.099591,0.100339,0.032717,0.002004,0.00002061
23,366,0.232002,0.000095,7.4840,0.044953,0.099637,0.055148,0.005717,0.000421,0.00002061
23,367,0.268494,0.000106,7.9235,0.044960,0.099827,0.095060,0.005288,0.001128,0.00002061
23,368,0.176950,0.000069,5.8162,0.044938,0.099703,0.047123,0.007864,0.000746,0.00002061
23,369,0.244187,0.000084,8.5586,0.044942,0.099615,0.112372,0.008225,0.001193,0.00002061
23,370,0.199053,0.000073,6.3342,0.044932,0.099724,0.081485,0.007615,0.001159,0.00002061
23,371,0.212898,0.000087,5.8712,0.044925,0.099805,0.063511,0.010801,0.001049,0.00002061
23,372,0.171241,0.000058,6.7557,0.044910,0.099885,0.053758,0.009942,0.000838,0.00002061
23,373,0.191708,0.000071,6.0886,0.044902,0.099925,0.076143,0.006756,0.000559,0.00002061
23,374,0.164958,0.000053,7.4805,0.044873,0.099993,0.044924,0.005546,0.000393,0.00002061
23,375,0.183764,0.000063,7.5214,0.044873,0.100036,0.054378,0.005898,0.000353,0.00002061
23,376,0.212995,0.000078,7.1060,0.044870,0.100114,0.079499,0.009083,0.000512,0.00002061
23,377,0.191752,0.000075,6.0007,0.044870,0.100150,0.061318,0.006147,0.000441,0.00002061
23,378,0.204420,0.000076,7.3688,0.044876,0.100061,0.060161,0.005468,0.000431,0.00002061
23,379,0.174787,0.000061,6.8253,0.044866,0.099954,0.055274,0.007005,0.000487,0.00002061
23,380,0.169121,0.000057,6.4894,0.044869,0.099917,0.064934,0.005717,0.000526,0.00002061
23,381,0.186345,0.000072,6.0554,0.044869,0.099922,0.055030,0.005898,0.001410,0.00002061
23,382,0.171348,0.000061,6.1519,0.044860,0.099879,0.064187,0.005123,0.000322,0.00002061
23,383,0.228927,0.000095,6.6171,0.044858,0.099899,0.051926,0.013308,0.001033,0.00002061
23,384,0.190107,0.000070,6.7698,0.044851,0.099903,0.058293,0.006576,0.000838,0.00002061
23,385,0.178988,0.000065,5.9335,0.044833,0.099836,0.073254,0.004859,0.000891,0.00002061
23,386,0.176083,0.000063,5.8974,0.044828,0.099786,0.072760,0.007435,0.000548,0.00002061
23,387,0.195629,0.000076,6.3849,0.044807,0.099721,0.057012,0.006327,0.001254,0.00002061
23,388,0.219970,0.000090,6.4322,0.044805,0.099841,0.057855,0.008225,0.001604,0.00002061
23,389,0.206149,0.000075,6.7213,0.044799,0.099834,0.084060,0.006756,0.000818,0.00002061
23,390,0.176284,0.000062,5.9044,0.044786,0.099963,0.074932,0.009264,0.000575,0.00002061
23,391,0.162631,0.000058,5.8171,0.044770,0.100049,0.068153,0.002798,0.000316,0.00002061
24,1,0.304122,0.000109,11.9322,0.046238,0.145435,0.078194,0.014279,0.001624,0.00000955
24,2,0.279190,0.000110,9.1146,0.046127,0.115755,0.065629,0.013128,0.001502,0.00000955
24,3,0.264390,0.000098,9.8706,0.044419,0.119390,0.061983,0.013378,0.001369,0.00000955
24,4,0.260997,0.000108,7.4036,0.045607,0.115473,0.066454,0.012450,0.001469,0.00000955
24,5,0.240652,0.000091,7.5707,0.045494,0.119154,0.086533,0.008475,0.001416,0.00000955
24,6,0.264929,0.000110,7.2109,0.046291,0.123228,0.073612,0.013007,0.001563,0.00000955
24,7,0.232815,0.000094,6.7692,0.046372,0.122496,0.070275,0.008179,0.002019,0.00000955
24,8,0.246510,0.000094,8.6872,0.046535,0.120685,0.061173,0.010715,0.001825,0.00000955
24,9,0.251478,0.000094,8.4301,0.046379,0.117251,0.077768,0.014167,0.001848,0.00000955
24,10,0.295151,0.000121,8.7780,0.046655,0.118232,0.065282,0.016606,0.001605,0.00000955
24,11,0.250436,0.000102,7.2390,0.046468,0.114546,0.061932,0.017396,0.001507,0.00000955
24,12,0.255095,0.000107,7.0095,0.046222,0.115823,0.063338,0.014846,0.001312,0.00000955
24,13,0.289082,0.000105,9.3629,0.046445,0.114887,0.113985,0.012269,0.001466,0.00000955
24,14,0.276175,0.000114,7.0021,0.046561,0.115279,0.081144,0.022977,0.001432,0.00000955
24,15,0.314416,0.000118,10.2426,0.047000,0.115654,0.093578,0.021844,0.001619,0.00000955
24,16,0.254223,0.000100,8.0227,0.046683,0.115416,0.065723,0.011479,0.001760,0.00000955
24,17,0.204329,0.000073,6.9130,0.046601,0.116489,0.078662,0.009447,0.001444,0.00000955
24,18,0.214532,0.000087,6.0814,0.046465,0.115737,0.063929,0.011273,0.001420,0.00000955
24,19,0.219073,0.000089,6.6098,0.046380,0.113792,0.055564,0.007727,0.001055,0.00000955
24,20,0.227369,0.000090,6.9333,0.046205,0.113153,0.068048,0.009693,0.001246,0.00000955
24,21,0.224939,0.000092,6.1458,0.046139,0.112363,0.070303,0.011591,0.001303,0.00000955
24,22,0.223210,0.000093,6.1768,0.046015,0.113935,0.060941,0.008326,0.001184,0.00000955
24,23,0.208290,0.000084,6.0467,0.045869,0.113320,0.059621,0.009601,0.001454,0.00000955
24,24,0.232666,0.000094,6.8592,0.045793,0.112321,0.062741,0.010122,0.001784,0.00000955
24,25,0.210478,0.000080,7.2183,0.045766,0.110322,0.066274,0.003537,0.001251,0.00000955
24,26,0.203355,0.000076,6.8700,0.045793,0.109479,0.061636,0.011951,0.000951,0.00000955
24,27,0.247416,0.000072,10.8947,0.046128,0.108268,0.111721,0.010122,0.000926,0.00000955
24,28,0.170495,0.000061,6.1649,0.046035,0.107029,0.057617,0.007117,0.000517,0.00000955
24,29,0.248933,0.000104,7.1820,0.046035,0.107685,0.055174,0.014174,0.001879,0.00000955
24,30,0.198350,0.000075,6.8864,0.046041,0.106353,0.056323,0.007795,0.001313,0.00000955
24,31,0.174849,0.000063,5.9578,0.045846,0.105903,0.062228,0.008903,0.000735,0.00000955
24,32,0.179607,0.000067,5.9677,0.045647,0.105343,0.065360,0.006078,0.000956,0.00000955
24,33,0.192468,0.000075,5.9884,0.045596,0.106371,0.062857,0.007186,0.000852,0.00000955
24,34,0.193057,0.000058,8.6876,0.045547,0.106464,0.071640,0.002798,0.000593,0.00000955
24,35,0.240189,0.000095,8.0687,0.045532,0.106476,0.057322,0.005717,0.001447,0.00000955
24,36,0.226700,0.000093,6.7665,0.045311,0.106718,0.052802,0.009402,0.001550,0.00000955
24,37,0.234746,0.000096,7.1978,0.045243,0.106758,0.053523,0.009471,0.001487,0.00000955
24,38,0.236544,0.000094,7.0405,0.045225,0.105583,0.080671,0.004180,0.001428,0.00000955
24,39,0.232203,0.000090,7.3899,0.045274,0.104366,0.074429,0.005717,0.001412,0.00000955
24,40,0.222475,0.000092,6.0900,0.045188,0.104727,0.066687,0.007934,0.001266,0.00000955
24,41,0.228268,0.000093,7.0158,0.045144,0.104086,0.058448,0.006438,0.001807,0.00000955
24,42,0.236961,0.000100,6.6382,0.045150,0.104778,0.065015,0.004066,0.001845,0.00000955
24,43,0.248675,0.000098,7.6791,0.045283,0.104419,0.080989,0.008156,0.000684,0.00000955
24,44,0.217650,0.000089,6.3140,0.045335,0.103830,0.056055,0.013806,0.000466,0.00000955
24,45,0.185665,0.000063,7.5118,0.045347,0.103623,0.058173,0.007754,0.000573,0.00000955
24,46,0.207172,0.000076,7.0696,0.045340,0.103174,0.074117,0.006327,0.000829,0.00000955
24,47,0.188070,0.000069,6.5659,0.045375,0.102960,0.064421,0.006937,0.000800,0.00000955
24,48,0.216370,0.000089,6.4344,0.045449,0.102382,0.063571,0.005288,0.000500,0.00000955
24,49,0.256385,0.000094,8.8084,0.045572,0.101950,0.064853,0.025561,0.001091,0.00000955
24,50,0.209773,0.000077,7.6037,0.045558,0.102305,0.062187,0.006868,0.001515,0.00000955
24,51,0.171695,0.000068,5.4956,0.045501,0.101576,0.056605,0.005546,0.000298,0.00000955
24,52,0.236603,0.000091,8.0770,0.045466,0.102628,0.067669,0.005898,0.001354,0.00000955
24,53,0.219244,0.000086,6.8661,0.045590,0.102782,0.066542,0.007864,0.001372,0.00000955
24,54,0.208257,0.000084,6.3413,0.045604,0.103039,0.060379,0.006147,0.001139,0.00000955
24,55,0.198953,0.000075,6.6389,0.045553,0.102767,0.061232,0.005898,0.001020,0.00000955
24,56,0.231041,0.000091,7.6258,0.045536,0.102338,0.054754,0.007795,0.001446,0.00000955
24,57,0.213911,0.000086,6.2509,0.045509,0.102706,0.058830,0.012269,0.001334,0.00000955
24,58,0.228143,0.000090,6.8486,0.045490,0.102709,0.074165,0.008516,0.001625,0.00000955
24,59,0.241976,0.000094,7.5989,0.045504,0.103165,0.081055,0.006572,0.001524,0.00000955
24,60,0.177260,0.000068,5.9376,0.045381,0.102907,0.046543,0.008654,0.000618,0.00000955
24,61,0.178074,0.000065,6.2694,0.045330,0.102484,0.054917,0.008225,0.000546,0.00000955
24,62,0.175504,0.000060,6.0486,0.045279,0.102065,0.074664,0.011230,0.000476,0.00000955
24,63,0.171486,0.000060,5.8648,0.045221,0.102116,0.067978,0.009762,0.000884,0.00000955
24,64,0.242871,0.000100,7.1441,0.045272,0.102281,0.062025,0.009083,0.001346,0.00000955
24,65,0.238359,0.000090,8.3827,0.045302,0.102644,0.064086,0.010441,0.001081,0.00000955
24,66,0.222326,0.000082,7.5021,0.045322,0.102349,0.066364,0.013557,0.001123,0.00000955
24,67,0.190689,0.000068,6.2029,0.045290,0.102250,0.070689,0.017104,0.000540,0.00000955
24,68,0.180339,0.000058,6.9746,0.045160,0.101720,0.065877,0.017911,0.000435,0.00000955
24,69,0.219907,0.000080,6.8866,0.045138,0.101236,0.091504,0.012879,0.000630,0.00000955
24,70,0.200391,0.000074,7.0589,0.045143,0.101783,0.060595,0.008903,0.000556,0.00000955
24,71,0.179611,0.000061,7.6136,0.045068,0.101089,0.053044,0.003570,0.000639,0.00000955
24,72,0.206117,0.000085,6.0011,0.045008,0.101144,0.057882,0.006937,0.000318,0.00000955
24,73,0.224766,0.000084,7.5658,0.045031,0.100687,0.081261,0.005468,0.000377,0.00000955
24,74,0.193651,0.000073,6.3669,0.044989,0.100889,0.067774,0.005898,0.000520,0.00000955
24,75,0.221552,0.000090,6.1179,0.044984,0.100934,0.070208,0.010621,0.000973,0.00000955
24,76,0.163919,0.000064,5.2222,0.044861,0.100607,0.058918,0.002480,0.000733,0.00000955
24,77,0.312730,0.000117,11.3093,0.044958,0.100584,0.076572,0.011591,0.000611,0.00000955
24,78,0.253632,0.000102,7.4572,0.045042,0.100492,0.071982,0.014347,0.000790,0.00000955
24,79,0.278953,0.000113,7.9930,0.045114,0.100628,0.084572,0.013806,0.000736,0.00000955
24,80,0.320373,0.000135,8.2776,0.045195,0.100978,0.081701,0.021107,0.000998,0.00000955
24,81,0.255362,0.000103,7.8993,0.045309,0.101140,0.069183,0.007005,0.001066,0.00000955
24,82,0.218499,0.000080,8.0804,0.045278,0.100805,0.061404,0.007005,0.000567,0.00000955
24,83,0.186437,0.000070,6.7122,0.045267,0.100650,0.050270,0.005717,0.000634,0.00000955
24,84,0.191523,0.000075,5.9901,0.045189,0.100716,0.060530,0.005468,0.000521,0.00000955
24,85,0.169543,0.000058,6.7501,0.045107,0.100863,0.055483,0.003375,0.000619,0.00000955
24,86,0.241442,0.000102,6.5452,0.045114,0.100909,0.056866,0.012767,0.001531,0.00000955
24,87,0.267187,0.000094,9.2316,0.045074,0.100684,0.110439,0.012269,0.000683,0.00000955
24,88,0.254575,0.000102,7.7458,0.045060,0.100449,0.075579,0.006756,0.001363,0.00000955
24,89,0.266292,0.000107,7.8474,0.045036,0.100574,0.078944,0.011549,0.001050,0.00000955
24,90,0.203847,0.000079,6.5492,0.045022,0.100498,0.055143,0.011951,0.000665,0.00000955
24,91,0.233832,0.000093,6.9290,0.045076,0.100460,0.065454,0.014596,0.001366,0.00000955
24,92,0.228946,0.000091,6.6138,0.045099,0.100172,0.062560,0.016495,0.001135,0.00000955
24,93,0.189516,0.000073,5.8530,0.045088,0.100240,0.058773,0.011166,0.000671,0.00000955
24,94,0.215430,0.000057,10.1322,0.045055,0.100200,0.114817,0.004859,0.000499,0.00000955
24,95,0.187860,0.000061,7.7785,0.045066,0.100240,0.067308,0.007435,0.000599,0.00000955
24,96,0.217662,0.000088,6.6643,0.045091,0.100849,0.064468,0.004429,0.000813,0.00000955
24,97,0.233814,0.000095,7.3286,0.045131,0.100725,0.057201,0.009513,0.000730,0.00000955
24,98,0.197148,0.000071,8.0031,0.045081,0.100686,0.052291,0.001853,0.000385,0.00000955
24,99,0.197316,0.000073,7.3445,0.045053,0.100804,0.054231,0.004429,0.000523,0.00000955
24,100,0.162116,0.000056,5.7321,0.044976,0.100853,0.058318,0.012158,0.000344,0.00000955
24,101,0.193412,0.000065,7.4643,0.044982,0.100640,0.074866,0.005898,0.000377,0.00000955
24,102,0.143364,0.000053,5.2143,0.044944,0.100386,0.046950,0.002798,0.000355,0.00000955
24,103,0.188467,0.000071,6.2840,0.044917,0.100514,0.056760,0.008903,0.000347,0.00000955
24,104,0.261693,0.000110,7.1091,0.044962,0.100990,0.078650,0.005288,0.000675,0.00000955
24,105,0.212964,0.000083,6.1985,0.044927,0.100815,0.073675,0.011660,0.001045,0.00000955
24,106,0.219177,0.000087,6.7183,0.044897,0.100950,0.067330,0.005288,0.000694,0.00000955
24,107,0.199113,0.000078,6.9625,0.044851,0.101311,0.050003,0.004609,0.000477,0.00000955
24,108,0.241110,0.000104,6.8160,0.044893,0.101774,0.054833,0.004429,0.001055,0.00000955
24,109,0.180049,0.000070,5.7341,0.044868,0.101529,0.057015,0.007864,0.000562,0.00000955
24,110,0.260276,0.000102,7.9275,0.044964,0.101241,0.084502,0.011380,0.000787,0.00000955
24,111,0.163423,0.000058,5.9461,0.044909,0.101184,0.054711,0.006078,0.000309,0.00000955
24,112,0.170654,0.000063,5.9302,0.044896,0.101250,0.057729,0.005288,0.000787,0.00000955
24,113,0.170951,0.000060,6.3762,0.044842,0.101059,0.063617,0.003141,0.000597,0.00000955
24,114,0.157213,0.000056,5.7811,0.044792,0.101223,0.054103,0.005288,0.000338,0.00000955
24,115,0.152497,0.000054,5.3976,0.044749,0.101349,0.063575,0.004429,0.000349,0.00000955
24,116,0.212277,0.000081,7.5884,0.044707,0.101167,0.050397,0.008225,0.000927,0.00000955
24,117,0.221409,0.000090,7.0870,0.044710,0.101103,0.057002,0.004429,0.000953,0.00000955
24,118,0.186160,0.000071,5.7545,0.044656,0.100745,0.072885,0.005288,0.001468,0.00000955
24,119,0.178294,0.000063,6.3777,0.044606,0.100855,0.061940,0.011618,0.000605,0.00000955
24,120,0.206674,0.000074,7.7483,0.044609,0.101048,0.067153,0.004859,0.000858,0.00000955
24,121,0.197075,0.000066,6.7852,0.044610,0.101277,0.078355,0.020470,0.000655,0.00000955
24,122,0.239400,0.000087,6.6217,0.044644,0.101023,0.070190,0.047722,0.000761,0.00000955
24,123,0.198533,0.000069,7.2634,0.044633,0.101106,0.078979,0.006327,0.000469,0.00000955
24,124,0.176430,0.000061,6.9756,0.044586,0.101478,0.058508,0.004000,0.000466,0.00000955
24,125,0.176061,0.000064,6.3045,0.044544,0.101503,0.057839,0.005468,0.000412,0.00000955
24,126,0.167697,0.000059,6.1688,0.044522,0.101536,0.060244,0.006937,0.000384,0.00000955
24,127,0.189763,0.000065,6.8992,0.044496,0.101625,0.077424,0.009350,0.000744,0.00000955
24,128,0.187288,0.000066,7.3520,0.044461,0.101801,0.050770,0.004859,0.000556,0.00000955
24,129,0.189138,0.000073,6.1818,0.044419,0.101630,0.063046,0.002282,0.000793,0.00000955
24,130,0.196621,0.000062,7.7466,0.044418,0.101727,0.090159,0.008474,0.000759,0.00000955
24,131,0.176738,0.000066,5.9811,0.044388,0.101288,0.060068,0.003570,0.001060,0.00000955
24,132,0.186309,0.000071,5.9791,0.044356,0.101488,0.067283,0.004180,0.000418,0.00000955
24,133,0.201848,0.000087,5.6780,0.044296,0.101831,0.044762,0.003141,0.000395,0.00000955
24,134,0.173142,0.000059,7.1197,0.044274,0.102165,0.051829,0.005039,0.000411,0.00000955
24,135,0.251605,0.000105,6.9804,0.044302,0.102285,0.064374,0.012158,0.000452,0.00000955
24,136,0.225113,0.000090,6.0349,0.044306,0.102013,0.062095,0.025138,0.000489,0.00000955
24,137,0.184441,0.000064,7.1720,0.044334,0.101921,0.057468,0.006327,0.000639,0.00000955
24,138,0.150699,0.000052,5.9807,0.044300,0.101911,0.050983,0.002712,0.000265,0.00000955
24,139,0.163192,0.000055,6.6068,0.044263,0.102103,0.055743,0.002282,0.000298,0.00000955
24,140,0.183990,0.000070,5.8883,0.044244,0.102113,0.065970,0.005109,0.000422,0.00000955
24,141,0.166316,0.000059,5.8581,0.044207,0.102137,0.067681,0.002712,0.000677,0.00000955
24,142,0.150112,0.000054,5.4499,0.044140,0.102184,0.048270,0.004859,0.000467,0.00000955
24,143,0.174822,0.000068,5.7790,0.044128,0.102188,0.052248,0.004859,0.000874,0.00000955
24,144,0.174880,0.000066,6.3336,0.044103,0.102170,0.052740,0.002480,0.000521,0.00000955
24,145,0.174597,0.000068,5.5160,0.044077,0.101944,0.060253,0.004000,0.000296,0.00000955
24,146,0.171999,0.000064,5.8249,0.044043,0.101867,0.060589,0.004000,0.000497,0.00000955
24,147,0.214012,0.000084,6.7566,0.044033,0.101987,0.059911,0.009264,0.000692,0.00000955
24,148,0.161923,0.000061,5.3730,0.043992,0.102143,0.055615,0.006576,0.000347,0.00000955
24,149,0.174758,0.000067,5.9115,0.043954,0.102073,0.053114,0.004859,0.000530,0.00000955
24,150,0.194825,0.000077,5.7816,0.043941,0.101775,0.066987,0.007615,0.000574,0.00000955
24,151,0.178556,0.000062,6.4755,0.043915,0.101661,0.063755,0.010981,0.000347,0.00000955
24,152,0.199860,0.000080,5.6563,0.043882,0.101670,0.062163,0.011051,0.000365,0.00000955
24,153,0.193846,0.000064,8.4490,0.043831,0.101769,0.052100,0.009667,0.000439,0.00000955
24,154,0.219813,0.000082,7.9767,0.043855,0.101780,0.053741,0.010372,0.002014,0.00000955
24,155,0.231943,0.000087,8.0074,0.043903,0.101461,0.056734,0.013987,0.002098,0.00000955
24,156,0.240406,0.000088,7.9339,0.043952,0.101404,0.075418,0.018392,0.002450,0.00000955
24,157,0.233286,0.000085,7.9788,0.044020,0.101252,0.073921,0.015704,0.001298,0.00000955
24,158,0.200920,0.000068,7.6919,0.044077,0.101413,0.070457,0.010621,0.001632,0.00000955
24,159,0.170828,0.000060,6.3040,0.044075,0.101063,0.055933,0.009736,0.001154,0.00000955
24,160,0.186917,0.000065,6.6803,0.044099,0.101053,0.070559,0.010621,0.000935,0.00000955
24,161,0.179592,0.000065,6.4083,0.044122,0.101168,0.058619,0.007765,0.001151,0.00000955
24,162,0.205012,0.000067,8.4791,0.044131,0.101376,0.076095,0.006937,0.000846,0.00000955
24,163,0.214109,0.000073,7.9945,0.044152,0.101242,0.094111,0.005898,0.000711,0.00000955
24,164,0.213272,0.000083,6.5532,0.044199,0.101212,0.065884,0.011299,0.000687,0.00000955
24,165,0.220382,0.000084,7.1482,0.044270,0.101101,0.075588,0.006576,0.000893,0.00000955
24,166,0.202907,0.000081,6.3081,0.044285,0.101139,0.059005,0.004429,0.001304,0.00000955
24,167,0.246586,0.000106,6.9583,0.044284,0.101124,0.056122,0.005039,0.001781,0.00000955
24,168,0.193669,0.000078,5.9273,0.044264,0.101104,0.052867,0.005898,0.001187,0.00000955
24,169,0.202371,0.000081,5.7253,0.044249,0.101437,0.067474,0.006756,0.001716,0.00000955
24,170,0.164052,0.000051,6.6982,0.044222,0.101354,0.073657,0.007496,0.000492,0.00000955
24,171,0.192415,0.000079,5.5107,0.044195,0.101163,0.061830,0.004000,0.000733,0.00000955
24,172,0.199138,0.000072,6.7013,0.044185,0.100864,0.074384,0.010191,0.000280,0.00000955
24,173,0.187855,0.000069,6.6233,0.044160,0.100711,0.058886,0.008474,0.000510,0.00000955
24,174,0.173327,0.000068,5.2983,0.044118,0.100680,0.056634,0.006327,0.000533,0.00000955
24,175,0.196971,0.000075,6.7252,0.044078,0.100714,0.051527,0.011342,0.000776,0.00000955
24,176,0.187185,0.000067,6.4614,0.044065,0.100612,0.064146,0.010122,0.000427,0.00000955
24,177,0.169511,0.000060,5.7374,0.044027,0.100463,0.074788,0.005898,0.000417,0.00000955
24,178,0.166171,0.000058,5.5418,0.043995,0.100572,0.072447,0.008293,0.000284,0.00000955
24,179,0.169320,0.000059,5.6551,0.043955,0.100678,0.059874,0.017602,0.000550,0.00000955
24,180,0.216333,0.000087,6.2675,0.043957,0.100860,0.054078,0.016425,0.000808,0.00000955
24,181,0.218153,0.000085,6.8863,0.043963,0.100734,0.059033,0.012020,0.000536,0.00000955
24,182,0.248163,0.000100,7.1342,0.043980,0.100682,0.075701,0.013489,0.000589,0.00000955
24,183,0.153672,0.000055,5.5806,0.043951,0.100601,0.057908,0.004000,0.000367,0.00000955
24,184,0.181066,0.000072,5.5781,0.043930,0.100660,0.052019,0.006937,0.000581,0.00000955
24,185,0.175648,0.000068,5.7349,0.043927,0.100659,0.052537,0.006937,0.000704,0.00000955
24,186,0.153301,0.000058,5.0922,0.043891,0.100697,0.054213,0.004859,0.000332,0.00000955
24,187,0.167551,0.000052,7.9746,0.043858,0.100719,0.053233,0.004748,0.000235,0.00000955
24,188,0.182174,0.000065,7.3004,0.043849,0.100712,0.053129,0.003570,0.000441,0.00000955
24,189,0.153759,0.000056,5.4569,0.043817,0.100694,0.053675,0.004429,0.000303,0.00000955
24,190,0.196140,0.000071,7.6289,0.043784,0.100816,0.050995,0.004429,0.000621,0.00000955
24,191,0.188981,0.000075,6.2031,0.043779,0.101008,0.054092,0.003570,0.000479,0.00000955
24,192,0.211123,0.000086,6.2810,0.043766,0.101112,0.058235,0.006147,0.001067,0.00000955
24,193,0.163153,0.000059,5.7866,0.043754,0.101200,0.054909,0.005717,0.000471,0.00000955
24,194,0.178429,0.000065,6.0961,0.043744,0.100981,0.062746,0.006576,0.000538,0.00000955
24,195,0.181535,0.000069,5.8537,0.043722,0.100758,0.064175,0.004066,0.000417,0.00000955
24,196,0.188994,0.000072,6.6553,0.043723,0.100796,0.052964,0.004000,0.000753,0.00000955
24,197,0.178657,0.000061,7.6018,0.043697,0.100819,0.049688,0.003141,0.000467,0.00000955
24,198,0.167925,0.000062,5.6870,0.043679,0.100729,0.060576,0.005039,0.000373,0.00000955
24,199,0.195676,0.000077,6.4963,0.043661,0.100643,0.050613,0.004859,0.000815,0.00000955
24,200,0.169336,0.000065,5.3216,0.043631,0.100831,0.065500,0.003570,0.000430,0.00000955
24,201,0.175802,0.000063,6.7139,0.043597,0.100951,0.048828,0.006147,0.000307,0.00000955
24,202,0.160355,0.000060,5.5148,0.043573,0.100843,0.050643,0.004859,0.000382,0.00000955
24,203,0.210415,0.000083,6.0183,0.043569,0.101009,0.073803,0.010191,0.000620,0.00000955
24,204,0.154654,0.000055,5.6497,0.043536,0.100857,0.059668,0.004172,0.000444,0.00000955
24,205,0.219773,0.000087,6.7249,0.043541,0.100999,0.066736,0.005898,0.000787,0.00000955
24,206,0.189684,0.000066,7.7083,0.043527,0.100764,0.054901,0.003570,0.000960,0.00000955
24,207,0.178035,0.000062,6.6642,0.043548,0.100693,0.061145,0.007366,0.001055,0.00000955
24,208,0.191990,0.000068,7.1784,0.043583,0.100546,0.066098,0.004429,0.000656,0.00000955
24,209,0.199755,0.000070,7.6223,0.043650,0.100526,0.075819,0.004000,0.000550,0.00000955
24,210,0.176132,0.000057,6.8118,0.043659,0.100412,0.080350,0.004429,0.000752,0.00000955
24,211,0.236572,0.000097,6.8658,0.043680,0.100317,0.063176,0.009402,0.001297,0.00000955
24,212,0.180790,0.000066,6.3452,0.043672,0.100280,0.057768,0.010851,0.000920,0.00000955
24,213,0.156446,0.000056,5.3005,0.043657,0.100140,0.059971,0.007435,0.000720,0.00000955
24,214,0.181310,0.000065,6.8037,0.043645,0.100140,0.053744,0.006078,0.000826,0.00000955
24,215,0.197726,0.000070,8.0981,0.043629,0.100180,0.058856,0.002712,0.000906,0.00000955
24,216,0.181719,0.000066,6.7584,0.043643,0.100232,0.055573,0.007864,0.000342,0.00000955
24,217,0.234235,0.000095,7.1376,0.043653,0.100173,0.056134,0.012158,0.000773,0.00000955
24,218,0.266650,0.000113,7.4890,0.043674,0.100185,0.067587,0.007366,0.000921,0.00000955
24,219,0.170578,0.000060,6.2669,0.043657,0.100146,0.060351,0.004000,0.001110,0.00000955
24,220,0.156338,0.000051,6.1257,0.043646,0.100250,0.057996,0.007864,0.000972,0.00000955
24,221,0.223218,0.000069,9.5365,0.043662,0.100368,0.095250,0.001424,0.000420,0.00000955
24,222,0.216391,0.000078,7.3484,0.043668,0.100384,0.083960,0.007615,0.001188,0.00000955
24,223,0.194898,0.000068,6.8559,0.043683,0.100182,0.080743,0.008834,0.000697,0.00000955
24,224,0.223221,0.000086,7.3839,0.043677,0.100118,0.062908,0.007795,0.000992,0.00000955
24,225,0.196156,0.000061,8.1804,0.043678,0.100082,0.082698,0.007005,0.000464,0.00000955
24,226,0.215488,0.000086,6.4892,0.043693,0.100052,0.072686,0.004180,0.000772,0.00000955
24,227,0.204972,0.000082,6.4078,0.043708,0.099934,0.062870,0.004609,0.000272,0.00000955
24,228,0.192155,0.000070,7.2844,0.043709,0.100037,0.052215,0.004429,0.000640,0.00000955
24,229,0.239817,0.000103,6.8254,0.043723,0.100150,0.055298,0.004066,0.000290,0.00000955
24,230,0.171827,0.000058,6.5840,0.043720,0.099958,0.067657,0.004000,0.000470,0.00000955
24,231,0.185923,0.000061,7.4595,0.043726,0.099959,0.061611,0.012450,0.000692,0.00000955
24,232,0.188227,0.000064,7.0734,0.043733,0.099877,0.080235,0.005039,0.000493,0.00000955
24,233,0.175275,0.000061,6.4034,0.043723,0.099655,0.072677,0.002282,0.000655,0.00000955
24,234,0.166038,0.000059,6.0248,0.043685,0.099450,0.061284,0.002282,0.000842,0.00000955
24,235,0.172953,0.000057,7.3981,0.043673,0.099518,0.057060,0.003570,0.000438,0.00000955
24,236,0.261544,0.000104,7.9282,0.043706,0.099599,0.077659,0.012767,0.000713,0.00000955
24,237,0.230974,0.000080,9.4423,0.043720,0.099618,0.067041,0.001424,0.001188,0.00000955
24,238,0.142109,0.000045,5.7640,0.043695,0.099444,0.064808,0.001424,0.000298,0.00000955
24,239,0.172513,0.000061,6.4227,0.043681,0.099327,0.062463,0.004429,0.000591,0.00000955
24,240,0.205125,0.000083,6.3121,0.043672,0.099083,0.052282,0.007795,0.000736,0.00000955
24,241,0.179216,0.000064,6.4008,0.043664,0.098953,0.061542,0.006327,0.000690,0.00000955
24,242,0.170775,0.000062,5.9600,0.043657,0.098869,0.062376,0.005288,0.000697,0.00000955
24,243,0.166502,0.000056,6.7930,0.043642,0.098921,0.056980,0.003141,0.000444,0.00000955
24,244,0.203259,0.000068,8.4772,0.043655,0.098878,0.059888,0.007976,0.000854,0.00000955
24,245,0.188009,0.000073,6.0520,0.043665,0.098755,0.060262,0.005898,0.000436,0.00000955
24,246,0.169369,0.000065,5.2858,0.043652,0.098611,0.061347,0.003537,0.001281,0.00000955
24,247,0.173264,0.000061,5.9861,0.043643,0.098586,0.071686,0.008293,0.001181,0.00000955
24,248,0.198470,0.000074,6.8772,0.043640,0.098431,0.065783,0.004859,0.000526,0.00000955
24,249,0.184617,0.000069,6.2880,0.043644,0.098409,0.060452,0.006507,0.000247,0.00000955
24,250,0.199102,0.000075,6.4482,0.043649,0.098531,0.076237,0.004859,0.000494,0.00000955
24,251,0.162846,0.000058,6.0181,0.043637,0.098427,0.050865,0.005288,0.000468,0.00000955
24,252,0.167347,0.000058,6.9232,0.043614,0.098630,0.050562,0.002712,0.000315,0.00000955
24,253,0.226464,0.000094,6.3775,0.043618,0.098649,0.069669,0.005898,0.000953,0.00000955
24,254,0.197882,0.000075,6.3120,0.043605,0.098662,0.078468,0.003570,0.000942,0.00000955
24,255,0.227635,0.000089,7.6910,0.043613,0.098663,0.062308,0.004172,0.000502,0.00000955
24,256,0.161904,0.000062,5.2025,0.043590,0.098543,0.053227,0.006147,0.000804,0.00000955
24,257,0.171283,0.000064,6.0020,0.043569,0.098544,0.049316,0.004859,0.000457,0.00000955
24,258,0.178132,0.000067,6.2414,0.043556,0.098499,0.046506,0.009332,0.000468,0.00000955
24,259,0.253022,0.000106,6.9663,0.043557,0.098572,0.072302,0.008903,0.001368,0.00000955
24,260,0.173933,0.000066,5.8614,0.043545,0.098565,0.048070,0.008654,0.000847,0.00000955
24,261,0.239569,0.000099,6.8025,0.043554,0.098729,0.070194,0.007864,0.000823,0.00000955
24,262,0.183273,0.000070,5.7950,0.043534,0.098955,0.062523,0.006507,0.001058,0.00000955
24,263,0.151296,0.000054,5.8370,0.043505,0.098941,0.044414,0.003537,0.000413,0.00000955
24,264,0.172060,0.000054,7.2737,0.043499,0.098855,0.051701,0.016383,0.000386,0.00000955
24,265,0.172787,0.000067,6.0633,0.043483,0.098753,0.047958,0.001853,0.000759,0.00000955
24,266,0.183685,0.000063,6.5438,0.043467,0.098814,0.081896,0.006576,0.000498,0.00000955
24,267,0.212714,0.000086,6.2264,0.043460,0.098834,0.062236,0.007435,0.000916,0.00000955
24,268,0.195908,0.000076,6.0314,0.043442,0.098740,0.069457,0.006078,0.000782,0.00000955
24,269,0.191521,0.000074,6.2021,0.043438,0.098745,0.058172,0.005468,0.000394,0.00000955
24,270,0.188512,0.000069,7.2502,0.043419,0.098867,0.048502,0.006576,0.000398,0.00000955
24,271,0.177414,0.000063,7.2156,0.043405,0.098850,0.048409,0.003141,0.000441,0.00000955
24,272,0.160703,0.000055,5.6197,0.043380,0.098891,0.058319,0.011618,0.000700,0.00000955
24,273,0.249576,0.000092,8.7066,0.043394,0.099025,0.065789,0.020828,0.001033,0.00000955
24,274,0.242492,0.000063,11.4692,0.043422,0.099001,0.125516,0.013987,0.000961,0.00000955
24,275,0.209576,0.000073,7.1406,0.043422,0.099142,0.087561,0.011840,0.000881,0.00000955
24,276,0.176287,0.000064,6.4886,0.043412,0.099255,0.054146,0.007366,0.000491,0.00000955
24,277,0.180873,0.000064,6.8477,0.043412,0.099218,0.057897,0.008293,0.000407,0.00000955
24,278,0.244923,0.000088,8.5347,0.043460,0.099094,0.080088,0.016245,0.000589,0.00000955
24,279,0.180162,0.000063,6.6696,0.043451,0.099114,0.059659,0.011050,0.000409,0.00000955
24,280,0.321526,0.000137,7.3452,0.043481,0.099186,0.074885,0.038583,0.001813,0.00000955
24,281,0.165895,0.000055,6.2760,0.043461,0.099187,0.073465,0.002282,0.000200,0.00000955
24,282,0.201953,0.000077,6.6474,0.043457,0.099145,0.071106,0.003141,0.000585,0.00000955
24,283,0.171006,0.000067,5.3201,0.043444,0.099221,0.057576,0.003570,0.000396,0.00000955
24,284,0.197749,0.000075,6.5953,0.043451,0.099236,0.067233,0.004000,0.000407,0.00000955
24,285,0.184511,0.000067,6.4647,0.043443,0.099264,0.068745,0.005648,0.000495,0.00000955
24,286,0.159247,0.000057,5.6556,0.043415,0.099411,0.063898,0.002712,0.000398,0.00000955
24,287,0.216981,0.000084,7.3137,0.043420,0.099345,0.057918,0.005039,0.000640,0.00000955
24,288,0.183269,0.000072,6.0018,0.043411,0.099297,0.053023,0.004609,0.000577,0.00000955
24,289,0.171667,0.000052,7.5307,0.043399,0.099208,0.076501,0.001424,0.000761,0.00000955
24,290,0.232015,0.000094,6.5455,0.043412,0.099239,0.071963,0.011050,0.000518,0.00000955
24,291,0.202795,0.000068,8.3102,0.043426,0.099131,0.065799,0.005219,0.000723,0.00000955
24,292,0.172433,0.000057,6.9312,0.043409,0.099222,0.065479,0.003570,0.000358,0.00000955
24,293,0.193303,0.000070,7.1721,0.043402,0.099174,0.058141,0.006147,0.000531,0.00000955
24,294,0.185484,0.000067,6.4003,0.043404,0.099347,0.075368,0.004180,0.000553,0.00000955
24,295,0.220343,0.000089,6.3209,0.043410,0.099400,0.072377,0.005717,0.001061,0.00000955
24,296,0.219954,0.000087,6.8220,0.043409,0.099508,0.064767,0.008225,0.000442,0.00000955
24,297,0.193477,0.000073,6.7145,0.043401,0.099547,0.056579,0.004594,0.001163,0.00000955
24,298,0.174196,0.000056,7.3975,0.043389,0.099502,0.066149,0.001424,0.000529,0.00000955
24,299,0.170675,0.000065,5.6170,0.043376,0.099468,0.058364,0.004429,0.000393,0.00000955
24,300,0.174731,0.000059,7.0220,0.043363,0.099418,0.065433,0.002282,0.000305,0.00000955
24,301,0.170875,0.000066,5.4434,0.043348,0.099437,0.064034,0.002282,0.000345,0.00000955
24,302,0.175167,0.000067,5.8930,0.043341,0.099501,0.056307,0.003141,0.000471,0.00000955
24,303,0.165758,0.000063,5.5049,0.043323,0.099509,0.057547,0.003141,0.000563,0.00000955
24,304,0.192326,0.000070,6.6067,0.043313,0.099539,0.072066,0.005288,0.000679,0.00000955
24,305,0.215324,0.000082,7.5663,0.043329,0.099555,0.057053,0.006576,0.000660,0.00000955
24,306,0.281526,0.000099,11.4381,0.043370,0.099500,0.079929,0.004172,0.000647,0.00000955
24,307,0.206545,0.000087,5.7904,0.043369,0.099688,0.055571,0.005648,0.000848,0.00000955
24,308,0.243408,0.000102,6.6260,0.043378,0.099713,0.066146,0.011230,0.000619,0.00000955
24,309,0.176286,0.000063,6.1367,0.043370,0.099652,0.065368,0.007005,0.000404,0.00000955
24,310,0.158810,0.000055,6.2683,0.043360,0.099580,0.054505,0.003570,0.000463,0.00000955
24,311,0.156015,0.000058,5.6971,0.043343,0.099624,0.049591,0.002282,0.000449,0.00000955
24,312,0.158249,0.000062,5.1711,0.043326,0.099477,0.044902,0.002712,0.000640,0.00000955
24,313,0.151669,0.000053,5.5396,0.043307,0.099576,0.054961,0.005717,0.000549,0.00000955
24,314,0.167963,0.000063,5.6946,0.043291,0.099667,0.059248,0.004066,0.000734,0.00000955
24,315,0.245736,0.000095,8.9357,0.043311,0.099832,0.058886,0.005717,0.001118,0.00000955
24,316,0.249491,0.000111,6.1996,0.043320,0.099649,0.058613,0.006078,0.001228,0.00000955
24,317,0.228120,0.000098,5.9494,0.043320,0.099757,0.061276,0.007005,0.001107,0.00000955
24,318,0.196387,0.000078,5.9897,0.043331,0.099782,0.059725,0.006327,0.000665,0.00000955
24,319,0.183499,0.000068,6.0406,0.043321,0.099641,0.066101,0.006895,0.001012,0.00000955
24,320,0.230385,0.000092,6.9198,0.043321,0.099795,0.054607,0.016108,0.001006,0.00000955
24,321,0.196206,0.000074,6.4649,0.043319,0.099704,0.067343,0.004609,0.000773,0.00000955
24,322,0.193127,0.000075,5.9908,0.043322,0.099832,0.060734,0.011161,0.000342,0.00000955
24,323,0.168038,0.000066,5.3161,0.043303,0.099842,0.051548,0.006919,0.000227,0.00000955
24,324,0.239590,0.000100,6.7243,0.043307,0.099690,0.058690,0.011798,0.001592,0.00000955
24,325,0.238599,0.000098,6.8587,0.043314,0.099671,0.058874,0.012020,0.001424,0.00000955
24,326,0.235203,0.000095,6.7573,0.043326,0.099646,0.068209,0.012132,0.001530,0.00000955
24,327,0.282201,0.000122,7.2299,0.043344,0.099625,0.066043,0.012699,0.001640,0.00000955
24,328,0.242768,0.000103,6.6228,0.043350,0.099603,0.062937,0.007802,0.001437,0.00000955
24,329,0.225817,0.000096,6.0723,0.043357,0.099588,0.060358,0.007435,0.001303,0.00000955
24,330,0.237276,0.000098,6.6879,0.043367,0.099624,0.059292,0.011987,0.001941,0.00000955
24,331,0.246172,0.000099,7.3290,0.043379,0.099637,0.059144,0.017330,0.001960,0.00000955
24,332,0.240768,0.000102,6.5727,0.043389,0.099531,0.058523,0.011093,0.000546,0.00000955
24,333,0.230856,0.000086,7.7912,0.043404,0.099603,0.071976,0.011230,0.000615,0.00000955
24,334,0.253834,0.000104,6.8945,0.043417,0.099615,0.066495,0.021688,0.000626,0.00000955
24,335,0.208531,0.000086,5.9456,0.043416,0.099567,0.061140,0.006327,0.001403,0.00000955
24,336,0.172141,0.000064,5.8185,0.043406,0.099567,0.058919,0.004429,0.000517,0.00000955
24,337,0.243048,0.000105,6.4287,0.043417,0.099558,0.055325,0.008723,0.000732,0.00000955
24,338,0.157314,0.000057,5.5619,0.043397,0.099482,0.048483,0.009332,0.000585,0.00000955
24,339,0.245140,0.000099,7.5004,0.043402,0.099479,0.055818,0.014528,0.000558,0.00000955
24,340,0.159883,0.000056,6.0258,0.043400,0.099555,0.053006,0.006919,0.000383,0.00000955
24,341,0.184182,0.000071,5.7924,0.043399,0.099587,0.061299,0.008044,0.000433,0.00000955
24,342,0.256979,0.000105,7.0572,0.043412,0.099678,0.068029,0.017782,0.000945,0.00000955
24,343,0.258772,0.000110,7.1492,0.043430,0.099616,0.060151,0.010440,0.001659,0.00000955
24,344,0.241393,0.000096,7.2745,0.043450,0.099675,0.069819,0.012561,0.001276,0.00000955
24,345,0.222551,0.000085,6.9518,0.043458,0.099592,0.074818,0.012741,0.000708,0.00000955
24,346,0.222164,0.000083,7.1735,0.043475,0.099453,0.076456,0.013495,0.001008,0.00000955
24,347,0.222552,0.000089,6.9793,0.043488,0.099433,0.060498,0.007005,0.000926,0.00000955
24,348,0.225261,0.000091,6.7777,0.043497,0.099410,0.062737,0.006708,0.000940,0.00000955
24,349,0.194752,0.000077,6.2744,0.043490,0.099376,0.054055,0.004859,0.000276,0.00000955
24,350,0.195166,0.000075,6.6299,0.043483,0.099435,0.053816,0.006576,0.000442,0.00000955
24,351,0.289974,0.000121,7.8377,0.043502,0.099431,0.075681,0.017851,0.001065,0.00000955
24,352,0.216623,0.000086,7.1851,0.043506,0.099358,0.056196,0.006756,0.000396,0.00000955
24,353,0.182448,0.000072,5.6995,0.043502,0.099495,0.051468,0.008293,0.000483,0.00000955
24,354,0.220075,0.000084,7.1819,0.043499,0.099334,0.079442,0.002282,0.000244,0.00000955
24,355,0.220056,0.000089,6.0686,0.043499,0.099414,0.071289,0.012810,0.000848,0.00000955
24,356,0.176829,0.000063,6.8641,0.043498,0.099283,0.053395,0.003141,0.000300,0.00000955
24,357,0.227013,0.000067,10.9572,0.043486,0.099253,0.070564,0.004172,0.000471,0.00000955
24,358,0.193328,0.000068,6.7148,0.043484,0.099207,0.074376,0.011230,0.000430,0.00000955
24,359,0.185979,0.000067,6.3374,0.043490,0.099267,0.066027,0.009651,0.000477,0.00000955
24,360,0.170657,0.000059,6.6896,0.043487,0.099196,0.051047,0.007546,0.000385,0.00000955
24,361,0.251982,0.000098,7.7937,0.043504,0.099145,0.070611,0.019840,0.000693,0.00000955
24,362,0.458453,0.000192,11.7952,0.043549,0.099102,0.118932,0.038986,0.001189,0.00000955
24,363,0.369939,0.000154,9.9073,0.043580,0.099057,0.102645,0.022548,0.001786,0.00000955
24,364,0.341255,0.000143,8.7235,0.043625,0.099022,0.083751,0.031316,0.001819,0.00000955
24,365,0.391771,0.000154,11.9576,0.043679,0.099005,0.096787,0.032631,0.002210,0.00000955
24,366,0.244338,0.000094,9.0747,0.043690,0.099286,0.054984,0.008293,0.000392,0.00000955
24,367,0.240820,0.000104,6.3326,0.043693,0.099372,0.064358,0.005039,0.001190,0.00000955
24,368,0.176696,0.000064,6.7824,0.043672,0.099451,0.043325,0.007005,0.000598,0.00000955
24,369,0.212080,0.000086,5.7456,0.043663,0.099396,0.076563,0.006937,0.001152,0.00000955
24,370,0.186222,0.000074,5.5528,0.043648,0.099329,0.061815,0.005468,0.001078,0.00000955
24,371,0.212239,0.000087,5.7569,0.043641,0.099292,0.068745,0.008654,0.001005,0.00000955
24,372,0.178096,0.000058,6.9267,0.043634,0.099290,0.073513,0.007864,0.000742,0.00000955
24,373,0.199326,0.000074,6.4456,0.043631,0.099418,0.076677,0.006576,0.000528,0.00000955
24,374,0.164567,0.000053,7.4034,0.043619,0.099460,0.044356,0.004172,0.000332,0.00000955
24,375,0.182358,0.000063,7.3785,0.043602,0.099407,0.050802,0.007615,0.000378,0.00000955
24,376,0.203918,0.000080,6.2665,0.043608,0.099448,0.063407,0.009332,0.000534,0.00000955
24,377,0.189057,0.000075,5.8116,0.043605,0.099420,0.054204,0.007435,0.000438,0.00000955
24,378,0.194682,0.000079,6.0340,0.043597,0.099539,0.050997,0.005288,0.000470,0.00000955
24,379,0.169718,0.000060,6.3606,0.043598,0.099430,0.054732,0.006756,0.000398,0.00000955
24,380,0.162055,0.000057,5.8055,0.043594,0.099475,0.058156,0.007435,0.000603,0.00000955
24,381,0.184719,0.000074,5.7292,0.043592,0.099536,0.053578,0.004180,0.001393,0.00000955
24,382,0.161006,0.000059,5.5116,0.043575,0.099609,0.059509,0.003537,0.000397,0.00000955
24,383,0.212028,0.000088,6.3421,0.043571,0.099548,0.048537,0.008654,0.000786,0.00000955
24,384,0.188201,0.000069,7.0141,0.043567,0.099529,0.051691,0.005898,0.000762,0.00000955
24,385,0.180799,0.000065,6.2078,0.043556,0.099554,0.073844,0.003570,0.000809,0.00000955
24,386,0.185871,0.000070,5.6879,0.043548,0.099538,0.074837,0.007615,0.000588,0.00000955
24,387,0.199098,0.000079,6.0408,0.043539,0.099736,0.058628,0.007864,0.001269,0.00000955
24,388,0.221060,0.000094,5.7949,0.043532,0.099650,0.066868,0.005468,0.001507,0.00000955
24,389,0.195177,0.000077,6.0589,0.043530,0.099694,0.058241,0.005717,0.000760,0.00000955
24,390,0.181604,0.000063,6.9130,0.043537,0.099599,0.064199,0.007615,0.000548,0.00000955
24,391,0.183936,0.000063,6.7001,0.043520,0.099541,0.086261,0.001424,0.000426,0.00000955
25,1,0.255028,0.000105,7.3762,0.047807,0.117469,0.057291,0.014534,0.001725,0.00000245
25,2,0.272515,0.000111,7.6250,0.047909,0.114292,0.075464,0.015069,0.001491,0.00000245
25,3,0.232596,0.000097,6.6355,0.046641,0.111175,0.053432,0.012020,0.001299,0.00000245
25,4,0.261070,0.000103,7.6287,0.047621,0.109686,0.083442,0.012269,0.001471,0.00000245
25,5,0.244277,0.000091,7.6943,0.047362,0.105241,0.090046,0.013557,0.001339,0.00000245
25,6,0.276280,0.000112,7.4760,0.047835,0.104183,0.082744,0.017976,0.001701,0.00000245
25,7,0.243734,0.000098,6.7427,0.047841,0.102120,0.072465,0.016814,0.001950,0.00000245
25,8,0.251143,0.000100,8.1406,0.047548,0.100591,0.062974,0.009802,0.001695,0.00000245
25,9,0.236650,0.000091,7.5776,0.047060,0.104199,0.071223,0.013806,0.001629,0.00000245
25,10,0.285443,0.000119,8.0632,0.046680,0.108970,0.059966,0.018212,0.001642,0.00000245
25,11,0.246565,0.000103,6.5735,0.046107,0.106228,0.054736,0.021578,0.001478,0.00000245
25,12,0.264220,0.000113,7.0440,0.045780,0.111618,0.057822,0.014914,0.001358,0.00000245
25,13,0.290030,0.000110,8.8739,0.046023,0.107793,0.107691,0.012767,0.001474,0.00000245
25,14,0.274832,0.000112,6.9683,0.045950,0.110656,0.079196,0.027633,0.001511,0.00000245
25,15,0.302925,0.000123,8.2957,0.046256,0.110961,0.083735,0.021498,0.001776,0.00000245
25,16,0.249477,0.000106,6.6012,0.046034,0.110186,0.059541,0.013738,0.001899,0.00000245
25,17,0.217397,0.000081,6.8942,0.045797,0.109034,0.076932,0.012415,0.001519,0.00000245
25,18,0.215694,0.000085,6.4026,0.045690,0.113196,0.068262,0.009873,0.001472,0.00000245
25,19,0.218826,0.000089,6.3975,0.045688,0.111483,0.061777,0.009513,0.000973,0.00000245
25,20,0.231975,0.000091,6.8972,0.045594,0.111358,0.076837,0.010621,0.001294,0.00000245
25,21,0.222633,0.000095,5.8574,0.045514,0.111429,0.061669,0.009264,0.001181,0.00000245
25,22,0.224922,0.000092,6.4582,0.045472,0.113545,0.061917,0.009225,0.001171,0.00000245
25,23,0.210465,0.000086,6.0098,0.045275,0.112260,0.053891,0.011660,0.001398,0.00000245
25,24,0.239221,0.000095,7.1813,0.045149,0.112553,0.068124,0.011231,0.001776,0.00000245
25,25,0.206615,0.000083,6.4865,0.045121,0.112224,0.058977,0.003537,0.001271,0.00000245
25,26,0.187521,0.000072,6.1328,0.045045,0.112995,0.058689,0.006937,0.000775,0.00000245
25,27,0.236912,0.000074,9.5218,0.045199,0.111119,0.100321,0.013240,0.000844,0.00000245
25,28,0.176682,0.000065,6.1933,0.045031,0.109404,0.056012,0.007976,0.000445,0.00000245
25,29,0.241467,0.000101,6.6191,0.045079,0.110885,0.055779,0.014528,0.001742,0.00000245
25,30,0.185599,0.000070,6.4793,0.045028,0.109231,0.051397,0.008654,0.001107,0.00000245
25,31,0.171177,0.000063,5.7224,0.044810,0.110212,0.061987,0.005648,0.000759,0.00000245
25,32,0.181320,0.000069,5.6799,0.044602,0.109445,0.063106,0.007615,0.001051,0.00000245
25,33,0.197740,0.000076,6.2227,0.044518,0.108958,0.065973,0.007615,0.000880,0.00000245
25,34,0.170949,0.000059,6.6275,0.044487,0.108765,0.060320,0.001424,0.000604,0.00000245
25,35,0.237566,0.000097,7.3771,0.044481,0.107391,0.055127,0.006756,0.001413,0.00000245
25,36,0.223585,0.000094,6.1732,0.044353,0.106394,0.052911,0.010448,0.001624,0.00000245
25,37,0.237139,0.000100,6.7743,0.044306,0.105837,0.054319,0.008156,0.001628,0.00000245
25,38,0.227390,0.000092,6.6085,0.044269,0.104798,0.073235,0.004180,0.001439,0.00000245
25,39,0.233560,0.000091,7.2316,0.044367,0.104608,0.072547,0.010372,0.001529,0.00000245
25,40,0.219932,0.000092,6.0937,0.044349,0.103692,0.064718,0.004859,0.001248,0.00000245
25,41,0.224173,0.000093,6.7019,0.044361,0.103293,0.055579,0.006438,0.001786,0.00000245
25,42,0.246997,0.000103,6.9086,0.044369,0.104407,0.071800,0.005345,0.001865,0.00000245
25,43,0.249207,0.000101,7.3468,0.044459,0.104759,0.077537,0.006937,0.000707,0.00000245
25,44,0.228490,0.000092,6.9983,0.044556,0.105034,0.056971,0.013626,0.000558,0.00000245
25,45,0.181018,0.000063,7.1698,0.044513,0.105137,0.054968,0.007117,0.000613,0.00000245
25,46,0.211448,0.000076,7.5826,0.044634,0.104516,0.071435,0.008405,0.000775,0.00000245
25,47,0.189510,0.000070,6.3541,0.044681,0.104106,0.070648,0.004360,0.000681,0.00000245
25,48,0.224525,0.000091,6.6278,0.044733,0.104883,0.074082,0.005655,0.000586,0.00000245
25,49,0.244125,0.000088,7.9970,0.044887,0.105006,0.062541,0.034088,0.001124,0.00000245
25,50,0.197295,0.000076,6.0518,0.044816,0.104505,0.056622,0.013557,0.001638,0.00000245
25,51,0.182334,0.000067,6.0469,0.044843,0.104425,0.073153,0.006919,0.000292,0.00000245
25,52,0.226925,0.000090,7.3389,0.044830,0.104197,0.063697,0.004790,0.001568,0.00000245
25,53,0.206165,0.000084,6.0413,0.044813,0.103341,0.062167,0.005648,0.001233,0.00000245
25,54,0.195907,0.000081,5.4622,0.044739,0.102754,0.057920,0.006937,0.001154,0.00000245
25,55,0.204096,0.000076,6.9615,0.044731,0.102936,0.064654,0.005039,0.001021,0.00000245
25,56,0.234257,0.000093,7.9269,0.044754,0.103073,0.055034,0.005468,0.001300,0.00000245
25,57,0.215695,0.000085,6.9766,0.044747,0.102733,0.053993,0.010303,0.001373,0.00000245
25,58,0.225395,0.000093,6.6518,0.044757,0.102655,0.061058,0.006493,0.001906,0.00000245
25,59,0.236221,0.000094,7.0604,0.044718,0.102287,0.075140,0.006930,0.001531,0.00000245
25,60,0.175679,0.000065,6.0380,0.044707,0.101956,0.058346,0.008654,0.000507,0.00000245
25,61,0.172858,0.000065,5.8806,0.044661,0.101647,0.051447,0.008293,0.000477,0.00000245
25,62,0.174816,0.000060,6.2546,0.044660,0.101091,0.069815,0.009582,0.000530,0.00000245
25,63,0.170550,0.000061,5.7933,0.044618,0.100454,0.062530,0.010440,0.000887,0.00000245
25,64,0.245568,0.000102,6.8764,0.044664,0.100076,0.063217,0.012020,0.001410,0.00000245
25,65,0.225673,0.000089,7.0081,0.044648,0.099790,0.058211,0.014236,0.001044,0.00000245
25,66,0.221823,0.000083,7.4059,0.044704,0.099550,0.065372,0.011778,0.001228,0.00000245
25,67,0.194654,0.000070,6.1915,0.044699,0.098709,0.068949,0.017894,0.000541,0.00000245
25,68,0.177674,0.000057,7.0146,0.044602,0.098525,0.060737,0.017114,0.000449,0.00000245
25,69,0.213281,0.000079,6.7302,0.044590,0.097854,0.084176,0.008834,0.000632,0.00000245
25,70,0.194223,0.000073,6.4564,0.044563,0.098118,0.062505,0.008044,0.000569,0.00000245
25,71,0.172128,0.000060,7.0384,0.044476,0.098560,0.050716,0.003570,0.000586,0.00000245
25,72,0.207133,0.000084,6.3863,0.044384,0.099090,0.052424,0.006327,0.000363,0.00000245
25,73,0.215442,0.000087,6.4535,0.044339,0.099320,0.063141,0.007864,0.000355,0.00000245
25,74,0.185497,0.000072,5.9424,0.044302,0.099003,0.057780,0.005288,0.000590,0.00000245
25,75,0.227841,0.000092,6.4473,0.044312,0.099467,0.070061,0.010012,0.001063,0.00000245
25,76,0.162186,0.000063,4.8854,0.044220,0.099956,0.060738,0.003759,0.000815,0.00000245
25,77,0.296304,0.000113,10.3455,0.044362,0.099782,0.072053,0.012450,0.000754,0.00000245
25,78,0.256219,0.000101,7.8263,0.044469,0.099581,0.074962,0.014528,0.000726,0.00000245
25,79,0.283688,0.000115,8.0724,0.044589,0.099667,0.089197,0.012699,0.000658,0.00000245
25,80,0.325691,0.000131,9.3210,0.044753,0.100269,0.096269,0.019293,0.000870,0.00000245
25,81,0.241484,0.000101,6.3325,0.044744,0.100245,0.070706,0.013626,0.001070,0.00000245
25,82,0.209292,0.000079,7.1964,0.044794,0.099866,0.062511,0.008474,0.000545,0.00000245
25,83,0.191410,0.000074,6.3995,0.044758,0.099877,0.053909,0.006937,0.000553,0.00000245
25,84,0.193284,0.000078,5.7236,0.044681,0.099895,0.059013,0.008405,0.000494,0.00000245
25,85,0.183209,0.000061,7.4033,0.044612,0.100430,0.056990,0.010244,0.000804,0.00000245
25,86,0.229291,0.000097,6.2719,0.044580,0.100243,0.053304,0.011411,0.001443,0.00000245
25,87,0.256103,0.000092,8.5481,0.044540,0.100180,0.104413,0.011951,0.000684,0.00000245
25,88,0.238075,0.000098,6.8032,0.044511,0.100206,0.069957,0.005648,0.001361,0.00000245
25,89,0.252117,0.000099,7.5706,0.044502,0.099880,0.083396,0.012020,0.001064,0.00000245
25,90,0.194211,0.000079,5.6194,0.044453,0.099542,0.053146,0.011660,0.000710,0.00000245
25,91,0.232003,0.000094,6.6975,0.044435,0.099233,0.060280,0.016174,0.001140,0.00000245
25,92,0.224164,0.000090,6.3243,0.044463,0.099029,0.060549,0.016176,0.001234,0.00000245
25,93,0.195514,0.000074,6.3706,0.044480,0.098929,0.056526,0.011601,0.000640,0.00000245
25,94,0.202054,0.000056,9.1980,0.044421,0.098999,0.107891,0.001424,0.000542,0.00000245
25,95,0.174288,0.000057,7.1848,0.044403,0.098464,0.065965,0.005288,0.000540,0.00000245
25,96,0.217017,0.000088,6.4009,0.044355,0.099100,0.072665,0.003751,0.000759,0.00000245
25,97,0.225971,0.000095,6.1707,0.044371,0.099264,0.065416,0.007005,0.000729,0.00000245
25,98,0.168675,0.000064,6.0257,0.044296,0.099568,0.044961,0.003570,0.000373,0.00000245
25,99,0.186720,0.000071,6.5500,0.044272,0.099527,0.051707,0.003751,0.000510,0.00000245
25,100,0.160459,0.000056,5.6822,0.044203,0.099716,0.056839,0.009152,0.000402,0.00000245
25,101,0.193398,0.000066,7.4450,0.044205,0.099471,0.070617,0.005288,0.000415,0.00000245
25,102,0.144795,0.000053,5.3823,0.044152,0.098950,0.046889,0.002798,0.000381,0.00000245
25,103,0.189435,0.000071,6.5039,0.044142,0.099261,0.055497,0.010122,0.000394,0.00000245
25,104,0.250896,0.000108,6.5717,0.044163,0.099478,0.067813,0.007615,0.000669,0.00000245
25,105,0.214418,0.000087,6.0223,0.044141,0.099514,0.067724,0.009942,0.001062,0.00000245
25,106,0.225184,0.000089,7.4052,0.044102,0.099526,0.063530,0.002712,0.000632,0.00000245
25,107,0.196570,0.000077,6.4698,0.044065,0.099506,0.051896,0.006576,0.000411,0.00000245
25,108,0.237693,0.000104,6.1212,0.044072,0.099564,0.055362,0.007005,0.001043,0.00000245
25,109,0.185936,0.000072,6.1043,0.044062,0.099305,0.057691,0.005288,0.000719,0.00000245
25,110,0.263392,0.000104,8.0707,0.044196,0.099485,0.082616,0.010988,0.001168,0.00000245
25,111,0.170147,0.000060,5.9575,0.044147,0.099309,0.065483,0.005717,0.000365,0.00000245
25,112,0.168090,0.000062,5.4943,0.044115,0.098962,0.064054,0.007005,0.000869,0.00000245
25,113,0.161343,0.000060,5.9816,0.044059,0.098832,0.049691,0.002282,0.000563,0.00000245
25,114,0.157520,0.000057,5.6248,0.044004,0.098672,0.052215,0.004859,0.000396,0.00000245
25,115,0.147578,0.000052,5.1159,0.043957,0.098417,0.063563,0.004859,0.000343,0.00000245
25,116,0.206826,0.000083,6.3620,0.043916,0.098469,0.052684,0.010191,0.000948,0.00000245
25,117,0.221683,0.000088,6.9820,0.043916,0.098422,0.065604,0.005288,0.001051,0.00000245
25,118,0.189764,0.000075,5.4828,0.043857,0.098679,0.067264,0.008293,0.001386,0.00000245
25,119,0.193172,0.000059,8.7024,0.043814,0.098775,0.066926,0.009667,0.000534,0.00000245
25,120,0.211660,0.000074,8.5608,0.043790,0.098767,0.060507,0.004429,0.000736,0.00000245
25,121,0.194846,0.000071,6.1838,0.043787,0.098617,0.067412,0.019431,0.000651,0.00000245
25,122,0.236290,0.000089,6.4489,0.043809,0.098858,0.064253,0.042123,0.000740,0.00000245
25,123,0.191089,0.000068,6.5588,0.043789,0.098605,0.074765,0.008225,0.000409,0.00000245
25,124,0.174906,0.000063,6.4590,0.043751,0.098378,0.059023,0.004859,0.000432,0.00000245
25,125,0.171725,0.000063,5.9245,0.043707,0.098674,0.058031,0.006756,0.000424,0.00000245
25,126,0.164894,0.000059,5.9413,0.043668,0.098606,0.059158,0.005039,0.000362,0.00000245
25,127,0.182481,0.000068,6.1947,0.043650,0.098268,0.062659,0.006180,0.000709,0.00000245
25,128,0.194159,0.000067,8.1591,0.043605,0.098439,0.049633,0.003141,0.000606,0.00000245
25,129,0.185319,0.000073,5.9600,0.043566,0.098364,0.051216,0.004859,0.000784,0.00000245
25,130,0.187065,0.000061,6.9726,0.043562,0.098141,0.080426,0.010191,0.000742,0.00000245
25,131,0.174553,0.000065,6.0693,0.043547,0.097992,0.057573,0.003570,0.000930,0.00000245
25,132,0.184535,0.000069,6.0228,0.043521,0.097835,0.071975,0.004429,0.000445,0.00000245
25,133,0.188735,0.000080,5.2516,0.043495,0.097851,0.052257,0.003141,0.000342,0.00000245
25,134,0.163091,0.000057,6.3029,0.043470,0.097732,0.051787,0.006327,0.000403,0.00000245
25,135,0.247730,0.000102,6.9252,0.043497,0.098073,0.065791,0.013806,0.000408,0.00000245
25,136,0.256921,0.000104,7.1335,0.043540,0.098306,0.066904,0.023764,0.000488,0.00000245
25,137,0.182028,0.000067,6.7396,0.043532,0.097998,0.050247,0.007615,0.000564,0.00000245
25,138,0.153533,0.000053,6.2900,0.043507,0.098053,0.046703,0.002282,0.000246,0.00000245
25,139,0.167533,0.000058,6.6633,0.043467,0.097979,0.053422,0.004859,0.000283,0.00000245
25,140,0.187020,0.000071,6.0245,0.043466,0.098006,0.064621,0.007012,0.000492,0.00000245
25,141,0.170294,0.000061,5.9040,0.043439,0.097966,0.066626,0.004609,0.000708,0.00000245
25,142,0.150913,0.000055,5.2393,0.043376,0.098074,0.055488,0.002712,0.000417,0.00000245
25,143,0.178838,0.000072,5.5642,0.043363,0.098074,0.052595,0.004429,0.000776,0.00000245
25,144,0.170121,0.000067,5.7665,0.043314,0.098058,0.047292,0.002174,0.000610,0.00000245
25,145,0.175989,0.000071,5.5014,0.043283,0.097894,0.054424,0.002282,0.000199,0.00000245
25,146,0.176660,0.000066,6.0965,0.043256,0.097807,0.061342,0.003141,0.000472,0.00000245
25,147,0.211198,0.000085,6.4397,0.043251,0.097635,0.059883,0.006937,0.000665,0.00000245
25,148,0.163200,0.000063,5.3298,0.043230,0.097612,0.052819,0.004000,0.000286,0.00000245
25,149,0.171053,0.000069,5.1785,0.043188,0.097871,0.051376,0.004429,0.000445,0.00000245
25,150,0.193856,0.000080,5.4917,0.043160,0.097721,0.056495,0.004859,0.000574,0.00000245
25,151,0.171032,0.000062,6.3285,0.043116,0.098003,0.053386,0.004859,0.000434,0.00000245
25,152,0.201683,0.000081,5.8570,0.043112,0.098017,0.061821,0.010981,0.000445,0.00000245
25,153,0.175819,0.000063,7.0724,0.043086,0.097692,0.044452,0.006919,0.000259,0.00000245
25,154,0.197424,0.000081,6.0095,0.043066,0.098008,0.047551,0.005288,0.001962,0.00000245
25,155,0.221294,0.000086,6.9074,0.043114,0.098171,0.060497,0.013627,0.002007,0.00000245
25,156,0.236318,0.000093,6.8869,0.043136,0.098326,0.068343,0.015455,0.002234,0.00000245
25,157,0.232824,0.000084,8.5368,0.043198,0.098131,0.070188,0.011660,0.001302,0.00000245
25,158,0.189551,0.000066,7.1705,0.043246,0.098064,0.059320,0.007615,0.001799,0.00000245
25,159,0.177073,0.000061,6.8197,0.043243,0.097980,0.053165,0.009195,0.001156,0.00000245
25,160,0.183371,0.000067,6.1329,0.043261,0.098166,0.064432,0.010732,0.001070,0.00000245
25,161,0.185313,0.000066,6.9749,0.043283,0.098022,0.058172,0.010407,0.001208,0.00000245
25,162,0.181143,0.000061,7.3744,0.043265,0.098154,0.063838,0.005717,0.000621,0.00000245
25,163,0.203026,0.000074,7.0609,0.043275,0.098035,0.082128,0.004180,0.000740,0.00000245
25,164,0.217515,0.000087,6.7239,0.043319,0.098028,0.065763,0.010011,0.000742,0.00000245
25,165,0.225577,0.000090,6.8405,0.043351,0.098298,0.072067,0.007435,0.000636,0.00000245
25,166,0.205300,0.000083,6.0887,0.043355,0.098216,0.066562,0.002712,0.001269,0.00000245
25,167,0.253897,0.000109,7.2353,0.043376,0.098440,0.060682,0.004429,0.001808,0.00000245
25,168,0.194526,0.000077,6.1650,0.043372,0.098472,0.054201,0.004859,0.001215,0.00000245
25,169,0.201217,0.000084,5.3986,0.043355,0.098257,0.058406,0.005468,0.001742,0.00000245
25,170,0.161534,0.000053,6.1787,0.043311,0.098247,0.067736,0.005546,0.000597,0.00000245
25,171,0.189464,0.000076,5.6295,0.043286,0.098423,0.062115,0.004429,0.000670,0.00000245
25,172,0.188757,0.000070,5.9193,0.043259,0.098661,0.071859,0.010011,0.000291,0.00000245
25,173,0.186673,0.000068,6.3853,0.043246,0.098784,0.064281,0.010011,0.000561,0.00000245
25,174,0.175905,0.000068,5.5094,0.043231,0.098776,0.060506,0.006327,0.000552,0.00000245
25,175,0.199150,0.000076,6.9539,0.043217,0.098809,0.049576,0.008654,0.000862,0.00000245
25,176,0.193323,0.000069,7.3496,0.043189,0.098633,0.059660,0.006576,0.000400,0.00000245
25,177,0.161636,0.000059,5.6600,0.043164,0.098340,0.058581,0.006756,0.000416,0.00000245
25,178,0.161065,0.000060,5.2720,0.043121,0.098316,0.058988,0.006708,0.000243,0.00000245
25,179,0.167846,0.000063,5.0973,0.043086,0.098312,0.051915,0.017464,0.000525,0.00000245
25,180,0.219848,0.000090,6.1244,0.043084,0.098426,0.053666,0.018864,0.000802,0.00000245
25,181,0.219889,0.000085,7.0978,0.043075,0.098139,0.062459,0.010912,0.000505,0.00000245
25,182,0.236429,0.000098,6.5767,0.043106,0.098209,0.067429,0.010122,0.000721,0.00000245
25,183,0.152013,0.000054,5.6269,0.043083,0.098137,0.051861,0.005288,0.000399,0.00000245
25,184,0.192136,0.000076,5.7553,0.043068,0.098202,0.060402,0.008474,0.000634,0.00000245
25,185,0.173955,0.000067,5.5044,0.043053,0.098255,0.053953,0.007864,0.000595,0.00000245
25,186,0.161827,0.000059,5.5158,0.043015,0.098484,0.061385,0.005898,0.000266,0.00000245
25,187,0.161005,0.000055,6.6730,0.043007,0.098647,0.048738,0.005546,0.000267,0.00000245
25,188,0.172522,0.000063,6.4112,0.042991,0.098523,0.052020,0.005288,0.000485,0.00000245
25,189,0.152219,0.000054,5.5509,0.042967,0.098447,0.056738,0.003141,0.000300,0.00000245
25,190,0.197413,0.000070,7.8788,0.042952,0.098484,0.052988,0.004000,0.000597,0.00000245
25,191,0.190572,0.000072,6.6975,0.042957,0.098498,0.055872,0.004429,0.000442,0.00000245
25,192,0.215766,0.000088,6.7394,0.042948,0.098369,0.052897,0.004000,0.001229,0.00000245
25,193,0.168036,0.000060,6.5786,0.042935,0.098183,0.047997,0.004000,0.000480,0.00000245
25,194,0.171140,0.000065,5.4277,0.042925,0.098235,0.057944,0.007435,0.000473,0.00000245
25,195,0.183141,0.000071,5.7773,0.042904,0.098239,0.067774,0.003537,0.000243,0.00000245
25,196,0.190005,0.000073,6.1832,0.042909,0.098208,0.061895,0.004360,0.000800,0.00000245
25,197,0.179102,0.000061,7.2591,0.042889,0.098268,0.053082,0.008044,0.000373,0.00000245
25,198,0.163782,0.000061,5.2213,0.042858,0.098181,0.062641,0.005039,0.000439,0.00000245
25,199,0.189974,0.000076,6.1639,0.042843,0.098453,0.049311,0.003141,0.000921,0.00000245
25,200,0.165738,0.000065,5.1663,0.042817,0.098489,0.055563,0.004000,0.000417,0.00000245
25,201,0.170659,0.000060,6.8313,0.042795,0.098359,0.047369,0.004859,0.000293,0.00000245
25,202,0.160886,0.000058,6.0844,0.042760,0.098559,0.044341,0.005468,0.000323,0.00000245
25,203,0.207169,0.000086,5.6517,0.042745,0.098603,0.063974,0.006327,0.000610,0.00000245
25,204,0.159639,0.000057,5.9624,0.042743,0.098616,0.052289,0.004172,0.000398,0.00000245
25,205,0.215652,0.000088,6.2980,0.042748,0.098582,0.063031,0.008474,0.000590,0.00000245
25,206,0.175576,0.000066,6.3530,0.042729,0.098685,0.050758,0.003570,0.000895,0.00000245
25,207,0.174447,0.000063,6.3761,0.042720,0.098527,0.055600,0.006576,0.001054,0.00000245
25,208,0.197878,0.000068,7.7691,0.042768,0.098407,0.066324,0.008293,0.000652,0.00000245
25,209,0.200698,0.000068,7.8648,0.042798,0.098330,0.072905,0.006507,0.000507,0.00000245
25,210,0.168420,0.000059,6.0762,0.042796,0.098458,0.070329,0.002712,0.000847,0.00000245
25,211,0.241303,0.000100,6.7839,0.042827,0.098550,0.071064,0.007795,0.001286,0.00000245
25,212,0.180167,0.000068,5.9192,0.042816,0.098672,0.059067,0.007765,0.000681,0.00000245
25,213,0.152386,0.000054,5.2542,0.042787,0.098604,0.064307,0.004859,0.000723,0.00000245
25,214,0.173198,0.000064,6.1214,0.042765,0.098368,0.047552,0.008654,0.000814,0.00000245
25,215,0.180079,0.000060,8.0102,0.042747,0.098323,0.052708,0.003141,0.000902,0.00000245
25,216,0.182603,0.000067,6.5591,0.042737,0.098238,0.055927,0.007005,0.000340,0.00000245
25,217,0.227753,0.000095,6.6647,0.042745,0.098198,0.050413,0.014416,0.000555,0.00000245
25,218,0.266114,0.000112,7.4832,0.042781,0.098124,0.065739,0.010552,0.001039,0.00000245
25,219,0.173292,0.000061,6.4536,0.042777,0.098216,0.059487,0.004859,0.001070,0.00000245
25,220,0.156231,0.000052,6.3031,0.042762,0.098112,0.049836,0.007005,0.000999,0.00000245
25,221,0.181056,0.000061,6.9807,0.042735,0.098123,0.065614,0.008293,0.000454,0.00000245
25,222,0.216544,0.000080,7.4117,0.042742,0.098095,0.079142,0.004000,0.001065,0.00000245
25,223,0.190696,0.000068,6.4290,0.042745,0.097957,0.074876,0.009264,0.000764,0.00000245
25,224,0.217456,0.000085,7.0451,0.042737,0.097929,0.064165,0.005039,0.000975,0.00000245
25,225,0.195699,0.000061,8.0071,0.042727,0.097848,0.082428,0.008293,0.000402,0.00000245
25,226,0.217728,0.000084,6.8589,0.042736,0.097667,0.078180,0.004859,0.000836,0.00000245
25,227,0.210176,0.000084,6.3136,0.042735,0.097752,0.065499,0.006576,0.000325,0.00000245
25,228,0.190561,0.000074,6.5550,0.042731,0.097835,0.051961,0.004180,0.000678,0.00000245
25,229,0.249283,0.000107,6.8128,0.042758,0.097746,0.060522,0.007237,0.000338,0.00000245
25,230,0.161068,0.000059,5.8370,0.042753,0.097845,0.050316,0.004859,0.000450,0.00000245
25,231,0.191027,0.000064,7.4154,0.042766,0.097867,0.062773,0.013489,0.000744,0.00000245
25,232,0.181583,0.000063,6.5749,0.042772,0.097795,0.072662,0.005648,0.000465,0.00000245
25,233,0.169715,0.000061,6.0761,0.042759,0.097697,0.070084,0.001853,0.000678,0.00000245
25,234,0.168924,0.000060,5.8805,0.042731,0.097742,0.066843,0.004429,0.000811,0.00000245
25,235,0.169340,0.000057,6.7810,0.042711,0.097714,0.058805,0.005717,0.000451,0.00000245
25,236,0.255297,0.000101,7.9980,0.042731,0.097746,0.078439,0.007795,0.000505,0.00000245
25,237,0.207460,0.000080,7.2547,0.042724,0.097743,0.054538,0.003141,0.001175,0.00000245
25,238,0.156662,0.000049,6.4110,0.042694,0.097794,0.074639,0.001424,0.000404,0.00000245
25,239,0.164929,0.000060,5.5990,0.042676,0.097983,0.060890,0.006576,0.000565,0.00000245
25,240,0.206967,0.000085,6.1538,0.042683,0.097820,0.056761,0.006258,0.000694,0.00000245
25,241,0.174816,0.000065,5.9681,0.042666,0.097866,0.058949,0.006937,0.000726,0.00000245
25,242,0.166303,0.000059,5.9634,0.042662,0.097881,0.060960,0.004429,0.000610,0.00000245
25,243,0.169337,0.000057,6.9553,0.042643,0.097789,0.056206,0.003570,0.000464,0.00000245
25,244,0.199926,0.000069,8.1786,0.042648,0.097883,0.054616,0.008474,0.000977,0.00000245
25,245,0.189030,0.000071,6.8466,0.042644,0.097735,0.048652,0.006078,0.000418,0.00000245
25,246,0.175764,0.000067,6.1872,0.042628,0.097715,0.048046,0.004816,0.001128,0.00000245
25,247,0.154729,0.000057,5.4004,0.042611,0.097532,0.051308,0.005717,0.001019,0.00000245
25,248,0.192821,0.000074,6.3490,0.042606,0.097694,0.063097,0.004429,0.000574,0.00000245
25,249,0.178950,0.000067,5.8682,0.042603,0.097657,0.065212,0.006147,0.000250,0.00000245
25,250,0.202996,0.000074,6.8935,0.042617,0.097824,0.082575,0.003570,0.000509,0.00000245
25,251,0.164298,0.000062,5.5786,0.042604,0.097629,0.057760,0.002282,0.000464,0.00000245
25,252,0.168878,0.000057,7.0635,0.042591,0.097689,0.051703,0.003570,0.000277,0.00000245
25,253,0.227280,0.000097,6.1147,0.042595,0.097839,0.058073,0.007005,0.001016,0.00000245
25,254,0.201009,0.000078,6.1419,0.042589,0.097944,0.075335,0.004000,0.000956,0.00000245
25,255,0.217051,0.000085,6.8443,0.042596,0.098173,0.059779,0.007496,0.000423,0.00000245
25,256,0.164371,0.000062,5.4114,0.042576,0.098242,0.051754,0.007795,0.000773,0.00000245
25,257,0.174257,0.000065,6.1095,0.042562,0.098225,0.052192,0.006576,0.000509,0.00000245
25,258,0.174154,0.000068,5.7829,0.042548,0.098261,0.045979,0.006147,0.000413,0.00000245
25,259,0.255933,0.000107,7.0664,0.042558,0.098246,0.072732,0.010011,0.001476,0.00000245
25,260,0.168810,0.000064,5.7104,0.042550,0.098169,0.049304,0.005288,0.000626,0.00000245
25,261,0.235630,0.000099,6.2324,0.042551,0.098238,0.063824,0.012767,0.000923,0.00000245
25,262,0.188553,0.000071,6.1169,0.042534,0.098141,0.068140,0.004000,0.001098,0.00000245
25,263,0.149997,0.000054,5.7265,0.042512,0.098156,0.045386,0.004066,0.000363,0.00000245
25,264,0.166509,0.000054,6.4087,0.042495,0.098106,0.049285,0.019319,0.000417,0.00000245
25,265,0.171410,0.000070,5.2314,0.042474,0.098167,0.046927,0.004429,0.000829,0.00000245
25,266,0.179570,0.000062,6.3534,0.042464,0.098230,0.076556,0.005288,0.000483,0.00000245
25,267,0.218695,0.000089,6.4426,0.042463,0.098093,0.060076,0.007435,0.000839,0.00000245
25,268,0.195460,0.000074,6.2452,0.042450,0.098120,0.070544,0.006147,0.000649,0.00000245
25,269,0.195830,0.000076,6.1434,0.042439,0.098315,0.065159,0.006147,0.000354,0.00000245
25,270,0.188342,0.000070,7.1049,0.042430,0.098359,0.048448,0.005288,0.000396,0.00000245
25,271,0.184165,0.000064,7.5801,0.042413,0.098401,0.050266,0.005717,0.000453,0.00000245
25,272,0.176171,0.000061,6.1946,0.042417,0.098392,0.056824,0.017114,0.000868,0.00000245
25,273,0.243316,0.000091,8.1441,0.042436,0.098414,0.060390,0.020214,0.000982,0.00000245
25,274,0.232408,0.000064,10.1063,0.042460,0.098487,0.115758,0.017963,0.000871,0.00000245
25,275,0.197840,0.000074,6.1363,0.042464,0.098506,0.076944,0.010621,0.000777,0.00000245
25,276,0.168051,0.000061,5.9033,0.042447,0.098305,0.062771,0.004859,0.000514,0.00000245
25,277,0.165401,0.000063,5.4378,0.042425,0.098252,0.051102,0.009152,0.000369,0.00000245
25,278,0.229938,0.000086,7.6816,0.042445,0.098181,0.066839,0.015996,0.000725,0.00000245
25,279,0.183501,0.000061,7.4280,0.042438,0.098194,0.051097,0.014236,0.000449,0.00000245
25,280,0.316708,0.000133,7.8022,0.042471,0.098124,0.073526,0.033637,0.001627,0.00000245
25,281,0.164531,0.000054,6.5369,0.042464,0.098170,0.066531,0.003141,0.000246,0.00000245
25,282,0.197378,0.000075,6.3747,0.042450,0.098128,0.066900,0.005898,0.000545,0.00000245
25,283,0.163620,0.000062,5.1405,0.042428,0.098017,0.063255,0.005717,0.000387,0.00000245
25,284,0.189192,0.000073,6.1030,0.042427,0.098006,0.063745,0.004000,0.000466,0.00000245
25,285,0.180335,0.000065,6.4219,0.042420,0.097832,0.063518,0.005288,0.000468,0.00000245
25,286,0.156594,0.000056,5.7980,0.042396,0.097662,0.052433,0.004000,0.000375,0.00000245
25,287,0.212695,0.000085,6.4012,0.042399,0.097760,0.063486,0.007435,0.000645,0.00000245
25,288,0.185118,0.000072,5.7579,0.042393,0.097849,0.057918,0.006756,0.000580,0.00000245
25,289,0.174698,0.000051,8.0694,0.042385,0.097828,0.072006,0.002798,0.000632,0.00000245
25,290,0.224465,0.000092,6.0864,0.042387,0.097997,0.068083,0.010191,0.000505,0.00000245
25,291,0.195638,0.000067,7.8351,0.042396,0.097914,0.061521,0.006756,0.000671,0.00000245
25,292,0.169571,0.000058,6.6736,0.042390,0.097961,0.061116,0.004180,0.000305,0.00000245
25,293,0.193460,0.000073,7.0544,0.042376,0.098006,0.053589,0.004859,0.000490,0.00000245
25,294,0.179143,0.000066,5.9163,0.042369,0.098074,0.067525,0.007005,0.000513,0.00000245
25,295,0.208403,0.000084,6.1087,0.042379,0.097938,0.067343,0.006507,0.001013,0.00000245
25,296,0.210698,0.000084,6.3692,0.042388,0.097935,0.064356,0.007546,0.000477,0.00000245
25,297,0.186178,0.000072,6.1274,0.042381,0.098006,0.054161,0.004816,0.001100,0.00000245
25,298,0.172873,0.000058,6.8445,0.042367,0.098001,0.064385,0.005717,0.000601,0.00000245
25,299,0.160945,0.000062,5.2850,0.042352,0.097917,0.053966,0.003570,0.000351,0.00000245
25,300,0.173696,0.000059,6.8479,0.042338,0.098003,0.062558,0.003141,0.000306,0.00000245
25,301,0.168486,0.000062,5.9122,0.042318,0.098062,0.056589,0.003570,0.000467,0.00000245
25,302,0.166669,0.000066,5.2992,0.042300,0.098008,0.050680,0.005468,0.000530,0.00000245
25,303,0.163480,0.000062,5.3254,0.042284,0.097883,0.058385,0.002282,0.000581,0.00000245
25,304,0.196902,0.000069,6.7678,0.042281,0.097867,0.083295,0.006078,0.000571,0.00000245
25,305,0.216362,0.000083,7.1013,0.042309,0.097801,0.071056,0.005468,0.000694,0.00000245
25,306,0.268182,0.000100,10.2856,0.042343,0.097914,0.070578,0.005546,0.000771,0.00000245
25,307,0.204324,0.000084,5.8531,0.042339,0.097800,0.056150,0.008295,0.000845,0.00000245
25,308,0.243414,0.000102,6.6968,0.042360,0.097891,0.063611,0.009762,0.000579,0.00000245
25,309,0.183762,0.000062,6.9248,0.042356,0.097895,0.076410,0.005717,0.000400,0.00000245
25,310,0.150465,0.000052,5.4929,0.042354,0.097878,0.060496,0.006147,0.000494,0.00000245
25,311,0.157514,0.000060,5.3689,0.042337,0.097991,0.050619,0.003570,0.000420,0.00000245
25,312,0.158253,0.000062,5.1795,0.042323,0.097992,0.047890,0.001853,0.000574,0.00000245
25,313,0.148683,0.000051,5.9598,0.042307,0.098169,0.050539,0.001853,0.000512,0.00000245
25,314,0.169316,0.000065,5.8485,0.042295,0.098175,0.050033,0.003009,0.000734,0.00000245
25,315,0.245996,0.000097,8.2593,0.042301,0.098286,0.055049,0.011591,0.001126,0.00000245
25,316,0.247982,0.000110,6.0764,0.042307,0.098425,0.057501,0.007615,0.001269,0.00000245
25,317,0.230932,0.000101,5.8634,0.042313,0.098458,0.059440,0.006576,0.001013,0.00000245
25,318,0.189918,0.000077,5.5764,0.042316,0.098467,0.057104,0.005717,0.000685,0.00000245
25,319,0.181560,0.000066,6.1105,0.042314,0.098515,0.067157,0.007435,0.001010,0.00000245
25,320,0.228944,0.000092,6.6299,0.042321,0.098434,0.060142,0.015816,0.001021,0.00000245
25,321,0.192012,0.000076,5.7961,0.042317,0.098474,0.057700,0.007117,0.000783,0.00000245
25,322,0.193746,0.000080,5.3669,0.042310,0.098506,0.058157,0.009623,0.000391,0.00000245
25,323,0.166756,0.000062,5.5585,0.042302,0.098413,0.062324,0.006919,0.000198,0.00000245
25,324,0.233945,0.000101,6.0801,0.042301,0.098452,0.057648,0.009762,0.001386,0.00000245
25,325,0.237238,0.000099,6.6515,0.042300,0.098463,0.059327,0.011771,0.001464,0.00000245
25,326,0.228109,0.000094,6.4631,0.042311,0.098398,0.062599,0.009873,0.001463,0.00000245
25,327,0.275525,0.000118,7.1001,0.042330,0.098227,0.064043,0.014457,0.001543,0.00000245
25,328,0.244930,0.000103,6.7589,0.042340,0.098356,0.064657,0.007795,0.001640,0.00000245
25,329,0.223637,0.000094,6.1340,0.042346,0.098357,0.062145,0.005288,0.001311,0.00000245
25,330,0.234304,0.000101,6.1611,0.042350,0.098269,0.058536,0.008325,0.001840,0.00000245
25,331,0.249026,0.000102,7.1896,0.042360,0.098223,0.058761,0.016001,0.001972,0.00000245
25,332,0.234381,0.000097,7.2034,0.042382,0.098141,0.059432,0.005717,0.000513,0.00000245
25,333,0.231410,0.000085,8.2244,0.042397,0.098122,0.072984,0.008044,0.000777,0.00000245
25,334,0.259503,0.000107,7.3673,0.042420,0.098282,0.064213,0.017035,0.000640,0.00000245
25,335,0.210252,0.000088,6.1062,0.042423,0.098144,0.052016,0.005717,0.001390,0.00000245
25,336,0.171307,0.000064,5.7447,0.042421,0.098071,0.058255,0.004000,0.000467,0.00000245
25,337,0.245008,0.000105,6.6223,0.042443,0.098152,0.059991,0.009513,0.000688,0.00000245
25,338,0.161107,0.000061,5.4842,0.042429,0.098250,0.049978,0.005717,0.000455,0.00000245
25,339,0.243913,0.000100,7.2091,0.042441,0.098204,0.055873,0.014665,0.000538,0.00000245
25,340,0.162093,0.000058,6.0333,0.042434,0.098246,0.047818,0.005546,0.000382,0.00000245
25,341,0.187710,0.000072,6.0734,0.042436,0.098163,0.056260,0.009942,0.000462,0.00000245
25,342,0.257000,0.000108,7.1271,0.042458,0.098166,0.063153,0.013128,0.000915,0.00000245
25,343,0.271856,0.000116,7.5139,0.042474,0.098145,0.058526,0.013377,0.001692,0.00000245
25,344,0.240594,0.000094,7.4397,0.042497,0.098167,0.068822,0.013351,0.001068,0.00000245
25,345,0.227075,0.000087,7.1240,0.042502,0.098240,0.072833,0.011771,0.000940,0.00000245
25,346,0.237332,0.000089,7.7142,0.042538,0.098223,0.078156,0.013240,0.001529,0.00000245
25,347,0.233773,0.000093,7.3233,0.042559,0.098160,0.067323,0.007615,0.000835,0.00000245
25,348,0.231299,0.000095,6.8165,0.042579,0.098243,0.058778,0.009044,0.000998,0.00000245
25,349,0.211256,0.000083,7.1031,0.042572,0.098192,0.056202,0.004000,0.000226,0.00000245
25,350,0.203624,0.000079,6.9196,0.042567,0.098143,0.054534,0.004429,0.000466,0.00000245
25,351,0.283536,0.000115,8.2678,0.042588,0.098294,0.069864,0.020179,0.000953,0.00000245
25,352,0.219478,0.000089,6.5004,0.042593,0.098256,0.058782,0.008903,0.000350,0.00000245
25,353,0.193710,0.000080,5.6512,0.042581,0.098353,0.049237,0.007864,0.000470,0.00000245
25,354,0.204557,0.000080,6.4957,0.042574,0.098488,0.070261,0.002282,0.000239,0.00000245
25,355,0.230808,0.000094,6.3724,0.042578,0.098630,0.071541,0.011771,0.001006,0.00000245
25,356,0.167351,0.000066,5.3726,0.042567,0.098599,0.050058,0.005288,0.000348,0.00000245
25,357,0.225441,0.000069,10.6629,0.042558,0.098465,0.071071,0.002798,0.000363,0.00000245
25,358,0.192644,0.000071,6.3697,0.042556,0.098413,0.067875,0.008903,0.000363,0.00000245
25,359,0.185077,0.000067,6.5417,0.042558,0.098455,0.061800,0.006937,0.000475,0.00000245
25,360,0.169355,0.000060,6.3913,0.042554,0.098471,0.049091,0.008225,0.000389,0.00000245
25,361,0.251044,0.000099,7.0892,0.042567,0.098537,0.074613,0.024116,0.000754,0.00000245
25,362,0.454664,0.000192,11.4899,0.042622,0.098456,0.106931,0.041205,0.001438,0.00000245
25,363,0.358094,0.000152,9.2105,0.042664,0.098516,0.094246,0.024085,0.001786,0.00000245
25,364,0.349978,0.000143,9.3543,0.042720,0.098440,0.094517,0.030070,0.002129,0.00000245
25,365,0.369692,0.000146,11.2888,0.042779,0.098358,0.097906,0.024202,0.002472,0.00000245
25,366,0.238195,0.000095,7.9739,0.042792,0.098451,0.055276,0.009152,0.000348,0.00000245
25,367,0.244145,0.000103,6.7713,0.042796,0.098555,0.066566,0.005717,0.001054,0.00000245
25,368,0.187010,0.000064,8.0131,0.042787,0.098588,0.046345,0.005288,0.000510,0.00000245
25,369,0.204708,0.000081,6.0058,0.042779,0.098578,0.070731,0.008834,0.001041,0.00000245
25,370,0.188892,0.000072,6.4784,0.042770,0.098501,0.057088,0.005039,0.001008,0.00000245
25,371,0.207935,0.000086,5.6080,0.042767,0.098581,0.064237,0.007186,0.001007,0.00000245
25,372,0.165021,0.000057,5.9451,0.042755,0.098579,0.063623,0.007366,0.000778,0.00000245
25,373,0.205194,0.000071,7.4030,0.042752,0.098532,0.093897,0.004000,0.000558,0.00000245
25,374,0.154240,0.000054,6.1160,0.042745,0.098536,0.044865,0.005546,0.000304,0.00000245
25,375,0.177361,0.000063,6.9176,0.042747,0.098534,0.053462,0.004859,0.000341,0.00000245
25,376,0.204668,0.000077,6.5880,0.042744,0.098671,0.072104,0.007186,0.000497,0.00000245
25,377,0.184132,0.000073,5.4787,0.042739,0.098632,0.053603,0.009083,0.000515,0.00000245
25,378,0.196649,0.000080,5.9394,0.042736,0.098593,0.056579,0.005468,0.000408,0.00000245
25,379,0.172521,0.000062,6.3492,0.042734,0.098690,0.056600,0.004859,0.000467,0.00000245
25,380,0.154032,0.000059,5.1036,0.042723,0.098670,0.048473,0.004180,0.000515,0.00000245
25,381,0.182622,0.000073,5.6727,0.042723,0.098753,0.053941,0.003141,0.001279,0.00000245
25,382,0.162002,0.000061,5.4426,0.042712,0.098816,0.060463,0.002480,0.000343,0.00000245
25,383,0.210671,0.000086,6.5071,0.042717,0.098923,0.053244,0.006937,0.000938,0.00000245
25,384,0.186379,0.000067,7.0591,0.042712,0.098866,0.051337,0.007005,0.000798,0.00000245
25,385,0.177946,0.000066,5.9241,0.042709,0.098907,0.067630,0.002282,0.000860,0.00000245
25,386,0.185659,0.000069,5.8688,0.042704,0.098929,0.074625,0.007435,0.000571,0.00000245
25,387,0.195322,0.000079,5.7677,0.042692,0.098831,0.055037,0.005288,0.001282,0.00000245
25,388,0.225685,0.000094,6.4311,0.042691,0.098871,0.061010,0.007795,0.001574,0.00000245
25,389,0.195123,0.000077,5.9889,0.042686,0.098826,0.065426,0.004859,0.000621,0.00000245
25,390,0.185560,0.000069,6.0772,0.042684,0.098965,0.069609,0.005898,0.000552,0.00000245
25,391,0.172791,0.000064,5.6020,0.042667,0.098959,0.072400,0.002798,0.000415,0.00000245
26,1,0.263604,0.000105,8.4713,0.048086,0.090955,0.060524,0.012705,0.001642,0.00000000
26,2,0.260412,0.000109,7.2081,0.045878,0.072574,0.062499,0.012339,0.001635,0.00000000
26,3,0.238569,0.000090,8.4228,0.045738,0.073035,0.058006,0.011729,0.001373,0.00000000
26,4,0.251326,0.000103,7.1188,0.046739,0.080762,0.070087,0.010378,0.001481,0.00000000
26,5,0.241656,0.000093,7.5312,0.046368,0.088780,0.080270,0.010739,0.001367,0.00000000
26,6,0.268247,0.000111,7.1579,0.046494,0.103613,0.073929,0.015978,0.001515,0.00000000
26,7,0.238638,0.000097,6.8248,0.047193,0.106141,0.073178,0.007934,0.001954,0.00000000
26,8,0.239067,0.000094,7.9379,0.046967,0.105630,0.061847,0.007544,0.001936,0.00000000
26,9,0.230352,0.000088,7.4122,0.046480,0.102411,0.069517,0.010870,0.001732,0.00000000
26,10,0.286446,0.000119,8.0942,0.046434,0.104947,0.061620,0.019611,0.001479,0.00000000
26,11,0.252707,0.000100,7.4751,0.046176,0.104374,0.057695,0.025305,0.001595,0.00000000
26,12,0.258644,0.000108,7.4686,0.045831,0.104428,0.055356,0.014528,0.001360,0.00000000
26,13,0.275566,0.000109,7.8754,0.046183,0.104788,0.090708,0.015026,0.001341,0.00000000
26,14,0.269649,0.000113,6.4944,0.046191,0.107504,0.070437,0.027023,0.001520,0.00000000
26,15,0.312985,0.000122,9.2441,0.046382,0.102405,0.085937,0.024995,0.001686,0.00000000
26,16,0.262907,0.000103,8.3400,0.046275,0.102639,0.067318,0.014957,0.001911,0.00000000
26,17,0.224322,0.000082,7.2972,0.046355,0.101218,0.076474,0.016317,0.001525,0.00000000
26,18,0.209339,0.000084,6.4307,0.046302,0.103919,0.055205,0.010941,0.001292,0.00000000
26,19,0.216123,0.000087,6.6515,0.046104,0.104284,0.054573,0.009942,0.001055,0.00000000
26,20,0.234921,0.000092,7.2164,0.045824,0.104721,0.070823,0.010122,0.001247,0.00000000
26,21,0.218085,0.000090,6.1285,0.045896,0.104982,0.062545,0.009083,0.001283,0.00000000
26,22,0.227133,0.000092,6.7391,0.045764,0.106089,0.062842,0.008238,0.001259,0.00000000
26,23,0.213556,0.000087,6.1451,0.045615,0.104886,0.056867,0.010413,0.001351,0.00000000
26,24,0.234170,0.000094,6.8733,0.045573,0.106502,0.065817,0.012269,0.001900,0.00000000
26,25,0.204696,0.000081,6.4804,0.045496,0.107578,0.062486,0.004594,0.001301,0.00000000
26,26,0.192434,0.000073,6.3083,0.045480,0.105690,0.057320,0.010372,0.000911,0.00000000
26,27,0.231913,0.000072,9.1630,0.045356,0.105796,0.099342,0.015567,0.000843,0.00000000
26,28,0.170555,0.000060,6.0519,0.045184,0.105370,0.058559,0.009513,0.000467,0.00000000
26,29,0.253410,0.000103,7.2393,0.045236,0.106193,0.058777,0.018212,0.002002,0.00000000
26,30,0.186839,0.000069,6.6447,0.045181,0.105432,0.050673,0.009873,0.001202,0.00000000
26,31,0.171914,0.000065,5.6491,0.045001,0.103704,0.051900,0.009693,0.000771,0.00000000
26,32,0.175982,0.000071,5.1655,0.044778,0.103014,0.051879,0.006576,0.001162,0.00000000
26,33,0.194695,0.000075,6.3424,0.044779,0.102170,0.065619,0.005288,0.000865,0.00000000
26,34,0.182137,0.000061,7.3031,0.044606,0.102837,0.066316,0.002798,0.000647,0.00000000
26,35,0.230421,0.000095,7.1028,0.044543,0.101953,0.053615,0.005288,0.001467,0.00000000
26,36,0.230230,0.000095,6.5580,0.044440,0.102502,0.054064,0.011840,0.001544,0.00000000
26,37,0.236560,0.000095,7.5792,0.044465,0.102108,0.055626,0.007733,0.001491,0.00000000
26,38,0.222507,0.000093,6.3271,0.044422,0.101640,0.061881,0.005468,0.001365,0.00000000
26,39,0.229889,0.000091,7.2640,0.044451,0.101927,0.061440,0.006078,0.001524,0.00000000
26,40,0.218873,0.000094,5.9585,0.044349,0.102118,0.055904,0.005468,0.001215,0.00000000
26,41,0.232941,0.000094,7.3367,0.044428,0.101915,0.058908,0.008225,0.001916,0.00000000
26,42,0.243629,0.000101,6.9060,0.044448,0.102113,0.065405,0.006180,0.001871,0.00000000
26,43,0.244800,0.000096,7.4427,0.044570,0.102397,0.075088,0.012450,0.000655,0.00000000
26,44,0.215601,0.000085,6.6601,0.044568,0.102355,0.055763,0.013377,0.000470,0.00000000
26,45,0.184310,0.000062,7.2647,0.044486,0.101733,0.057846,0.011591,0.000518,0.00000000
26,46,0.211595,0.000076,7.6412,0.044542,0.100538,0.071726,0.008474,0.000823,0.00000000
26,47,0.190241,0.000070,6.6903,0.044557,0.099717,0.063220,0.007727,0.000689,0.00000000
26,48,0.223134,0.000090,6.7663,0.044636,0.099812,0.068077,0.005468,0.000481,0.00000000
26,49,0.252131,0.000091,8.0540,0.044789,0.099661,0.063049,0.038952,0.001100,0.00000000
26,50,0.200748,0.000078,6.0707,0.044732,0.099092,0.055942,0.017173,0.001569,0.00000000
26,51,0.179471,0.000066,5.8905,0.044766,0.099104,0.069070,0.009667,0.000324,0.00000000
26,52,0.225496,0.000088,7.3657,0.044804,0.099254,0.064444,0.005177,0.001363,0.00000000
26,53,0.203804,0.000084,5.8354,0.044785,0.100752,0.059947,0.004429,0.001348,0.00000000
26,54,0.202814,0.000082,5.8834,0.044777,0.101502,0.058616,0.008903,0.001058,0.00000000
26,55,0.197506,0.000074,6.6400,0.044725,0.101487,0.062452,0.005288,0.000905,0.00000000
26,56,0.228962,0.000093,7.3751,0.044683,0.102094,0.050674,0.006507,0.001547,0.00000000
26,57,0.220791,0.000088,7.2427,0.044683,0.101708,0.056207,0.007366,0.001523,0.00000000
26,58,0.220767,0.000090,6.5099,0.044712,0.101510,0.060703,0.008210,0.001804,0.00000000
26,59,0.229532,0.000093,6.8566,0.044736,0.101934,0.064935,0.006623,0.001586,0.00000000
26,60,0.180665,0.000068,6.4899,0.044699,0.101599,0.047027,0.009152,0.000470,0.00000000
26,61,0.167462,0.000063,5.6498,0.044602,0.101678,0.048863,0.008293,0.000418,0.00000000
26,62,0.167822,0.000059,6.0834,0.044508,0.102089,0.061475,0.006576,0.000513,0.00000000
26,63,0.171546,0.000062,6.1010,0.044475,0.102047,0.058239,0.005468,0.000873,0.00000000
26,64,0.236601,0.000102,6.3396,0.044472,0.101331,0.055776,0.009153,0.001366,0.00000000
26,65,0.243735,0.000094,8.2246,0.044486,0.100846,0.062544,0.013377,0.001025,0.00000000
26,66,0.238038,0.000085,8.8111,0.044523,0.100905,0.067698,0.013489,0.001213,0.00000000
26,67,0.196020,0.000071,6.6120,0.044509,0.100520,0.060378,0.017215,0.000487,0.00000000
26,68,0.180416,0.000062,6.8699,0.044354,0.100287,0.053186,0.014366,0.000321,0.00000000
26,69,0.223931,0.000084,7.2361,0.044397,0.099718,0.079820,0.010870,0.000739,0.00000000
26,70,0.195366,0.000073,6.8150,0.044402,0.099475,0.057135,0.008044,0.000484,0.00000000
26,71,0.181921,0.000062,7.6801,0.044317,0.099761,0.054058,0.003141,0.000592,0.00000000
26,72,0.214554,0.000084,7.3274,0.044285,0.100203,0.056437,0.005468,0.000318,0.00000000
26,73,0.213688,0.000084,6.9796,0.044286,0.100318,0.056593,0.006258,0.000362,0.00000000
26,74,0.193546,0.000075,6.6276,0.044235,0.100145,0.052552,0.003141,0.000687,0.00000000
26,75,0.234069,0.000095,6.8886,0.044263,0.100807,0.066284,0.010552,0.001017,0.00000000
26,76,0.168562,0.000067,5.4340,0.044132,0.100301,0.050808,0.003009,0.000759,0.00000000
26,77,0.316105,0.000118,11.5443,0.044230,0.099611,0.075696,0.012450,0.000564,0.00000000
26,78,0.276730,0.000107,8.7775,0.044327,0.099424,0.072328,0.022263,0.000794,0.00000000
26,79,0.279235,0.000112,8.1587,0.044399,0.099289,0.079729,0.018143,0.000753,0.00000000
26,80,0.316907,0.000128,9.1973,0.044540,0.100354,0.087025,0.019723,0.000818,0.00000000
26,81,0.235475,0.000096,6.6658,0.044586,0.100683,0.067529,0.012948,0.000998,0.00000000
26,82,0.207895,0.000079,6.9766,0.044568,0.100698,0.059046,0.010191,0.000565,0.00000000
26,83,0.195468,0.000073,6.9351,0.044559,0.100606,0.055691,0.007366,0.000645,0.00000000
26,84,0.200409,0.000077,6.7737,0.044560,0.100602,0.055487,0.008225,0.000491,0.00000000
26,85,0.180592,0.000066,6.6941,0.044488,0.100445,0.049796,0.006122,0.000652,0.00000000
26,86,0.241356,0.000098,7.4548,0.044501,0.100078,0.054543,0.011411,0.001506,0.00000000
26,87,0.242031,0.000094,7.3185,0.044491,0.100029,0.088052,0.008163,0.000818,0.00000000
26,88,0.243608,0.000098,7.5512,0.044474,0.100162,0.064534,0.005288,0.001306,0.00000000
26,89,0.256952,0.000102,7.7438,0.044422,0.100117,0.075677,0.011189,0.001032,0.00000000
26,90,0.204614,0.000080,6.5978,0.044407,0.099682,0.052678,0.009873,0.000658,0.00000000
26,91,0.244233,0.000095,7.8531,0.044382,0.099650,0.060496,0.014168,0.001261,0.00000000
26,92,0.235611,0.000091,7.4278,0.044422,0.099785,0.058893,0.016924,0.001361,0.00000000
26,93,0.229732,0.000082,8.6143,0.044434,0.099933,0.060916,0.014601,0.000772,0.00000000
26,94,0.184022,0.000057,7.4695,0.044391,0.099845,0.092772,0.003141,0.000523,0.00000000
26,95,0.154023,0.000053,6.0672,0.044323,0.099706,0.051705,0.002712,0.000506,0.00000000
26,96,0.209880,0.000089,5.7582,0.044294,0.099933,0.059727,0.004790,0.000719,0.00000000
26,97,0.223937,0.000094,6.1273,0.044313,0.099980,0.060070,0.007435,0.000698,0.00000000
26,98,0.175397,0.000065,6.4744,0.044252,0.100097,0.049499,0.002892,0.000330,0.00000000
26,99,0.183335,0.000068,6.6370,0.044240,0.099807,0.051446,0.005219,0.000534,0.00000000
26,100,0.158224,0.000055,5.8785,0.044176,0.099773,0.052887,0.007615,0.000376,0.00000000
26,101,0.188066,0.000065,7.1658,0.044172,0.099784,0.065796,0.006147,0.000372,0.00000000
26,102,0.150154,0.000055,5.4432,0.044108,0.099349,0.050085,0.004172,0.000293,0.00000000
26,103,0.191710,0.000068,7.3249,0.044071,0.099422,0.053978,0.009693,0.000430,0.00000000
26,104,0.252984,0.000108,6.9659,0.044091,0.099762,0.059982,0.007864,0.000655,0.00000000
26,105,0.212353,0.000086,6.1349,0.044051,0.099814,0.058469,0.011591,0.000894,0.00000000
26,106,0.232063,0.000088,8.0217,0.044001,0.099774,0.067951,0.003321,0.000661,0.00000000
26,107,0.210960,0.000079,7.4423,0.043954,0.099952,0.057344,0.007864,0.000499,0.00000000
26,108,0.252774,0.000106,7.4506,0.043957,0.100307,0.056720,0.007186,0.001005,0.00000000
26,109,0.202783,0.000075,7.4284,0.043928,0.100239,0.057317,0.007435,0.000743,0.00000000
26,110,0.251089,0.000105,7.2372,0.044035,0.099974,0.066293,0.007765,0.001124,0.00000000
26,111,0.171253,0.000063,5.8671,0.043998,0.100060,0.059168,0.006438,0.000304,0.00000000
26,112,0.168826,0.000063,5.6491,0.043965,0.099654,0.054337,0.007435,0.000754,0.00000000
26,113,0.162050,0.000058,6.2050,0.043938,0.099418,0.050155,0.003141,0.000600,0.00000000
26,114,0.157191,0.000058,5.5956,0.043893,0.099241,0.053621,0.002712,0.000361,0.00000000
26,115,0.150463,0.000054,5.3628,0.043856,0.099038,0.056995,0.003570,0.000330,0.00000000
26,116,0.211975,0.000081,7.5312,0.043843,0.098620,0.051367,0.008336,0.000914,0.00000000
26,117,0.221804,0.000090,6.9633,0.043820,0.098869,0.057378,0.004429,0.000912,0.00000000
26,118,0.185045,0.000072,5.9099,0.043798,0.098939,0.056719,0.006147,0.001299,0.00000000
26,119,0.194037,0.000062,8.6413,0.043751,0.098450,0.064029,0.005546,0.000723,0.00000000
26,120,0.210190,0.000072,8.7107,0.043735,0.098131,0.058701,0.004000,0.000768,0.00000000
26,121,0.192574,0.000070,6.1826,0.043736,0.098042,0.061586,0.021758,0.000606,0.00000000
26,122,0.236856,0.000089,6.9933,0.043766,0.098075,0.059375,0.038090,0.000752,0.00000000
26,123,0.199930,0.000075,6.5226,0.043748,0.098196,0.072921,0.007366,0.000414,0.00000000
26,124,0.184127,0.000069,6.3523,0.043713,0.098138,0.056036,0.005288,0.000411,0.00000000
26,125,0.180827,0.000068,6.1442,0.043686,0.098293,0.058980,0.004859,0.000447,0.00000000
26,126,0.168520,0.000061,5.8589,0.043655,0.098331,0.059048,0.006756,0.000419,0.00000000
26,127,0.192238,0.000073,6.3499,0.043625,0.098572,0.062421,0.006180,0.000697,0.00000000
26,128,0.191888,0.000066,8.0693,0.043593,0.098597,0.049732,0.005717,0.000590,0.00000000
26,129,0.179692,0.000071,5.8377,0.043537,0.098568,0.047849,0.004000,0.000737,0.00000000
26,130,0.177998,0.000060,6.6763,0.043531,0.098851,0.072759,0.005288,0.000721,0.00000000
26,131,0.171583,0.000064,6.2299,0.043517,0.098982,0.050203,0.002712,0.001065,0.00000000
26,132,0.184108,0.000070,5.9151,0.043494,0.098846,0.066305,0.004859,0.000410,0.00000000
26,133,0.188785,0.000078,5.5446,0.043486,0.098813,0.052541,0.003141,0.000366,0.00000000
26,134,0.163340,0.000058,6.3422,0.043447,0.098573,0.050223,0.003141,0.000434,0.00000000
26,135,0.246685,0.000103,6.7553,0.043471,0.098424,0.067298,0.011230,0.000412,0.00000000
26,136,0.246387,0.000098,7.0881,0.043512,0.098175,0.071174,0.018488,0.000391,0.00000000
26,137,0.180378,0.000065,6.7537,0.043519,0.098246,0.053317,0.006438,0.000620,0.00000000
26,138,0.159380,0.000053,7.0071,0.043501,0.098231,0.047715,0.002282,0.000264,0.00000000
26,139,0.171004,0.000057,7.4197,0.043461,0.098153,0.049825,0.002282,0.000285,0.00000000
26,140,0.182312,0.000069,6.0931,0.043451,0.098086,0.057265,0.006937,0.000396,0.00000000
26,141,0.168810,0.000061,6.1830,0.043436,0.098224,0.058698,0.002712,0.000675,0.00000000
26,142,0.158145,0.000057,5.8220,0.043386,0.098072,0.051861,0.003570,0.000402,0.00000000
26,143,0.177654,0.000069,5.6788,0.043369,0.098192,0.051550,0.008293,0.000829,0.00000000
26,144,0.167665,0.000064,5.9740,0.043342,0.098271,0.048132,0.002480,0.000601,0.00000000
26,145,0.173810,0.000068,5.6816,0.043317,0.098345,0.053784,0.004000,0.000306,0.00000000
26,146,0.176123,0.000067,5.9141,0.043284,0.098470,0.052449,0.006147,0.000471,0.00000000
26,147,0.228364,0.000087,7.6380,0.043296,0.098392,0.064323,0.009015,0.000685,0.00000000
26,148,0.161122,0.000063,5.3454,0.043249,0.098400,0.048337,0.002892,0.000295,0.00000000
26,149,0.184528,0.000073,5.8374,0.043223,0.098492,0.052764,0.005039,0.000493,0.00000000
26,150,0.191346,0.000078,5.6419,0.043201,0.098750,0.054142,0.005898,0.000605,0.00000000
26,151,0.173377,0.000066,5.9555,0.043167,0.098559,0.053170,0.005648,0.000399,0.00000000
26,152,0.203950,0.000080,6.0076,0.043159,0.098432,0.065595,0.011981,0.000433,0.00000000
26,153,0.173491,0.000061,7.1970,0.043112,0.098295,0.047130,0.002798,0.000325,0.00000000
26,154,0.198662,0.000081,6.1433,0.043104,0.098438,0.049125,0.007186,0.001869,0.00000000
26,155,0.218748,0.000085,6.9817,0.043108,0.098624,0.051545,0.013918,0.002052,0.00000000
26,156,0.227010,0.000087,7.2859,0.043131,0.098411,0.057759,0.013377,0.002499,0.00000000
26,157,0.224836,0.000083,7.9244,0.043167,0.098510,0.065390,0.013806,0.001314,0.00000000
26,158,0.188674,0.000067,7.0777,0.043189,0.098470,0.055565,0.007615,0.001827,0.00000000
26,159,0.176243,0.000060,6.9586,0.043181,0.098271,0.050203,0.011591,0.001180,0.00000000
26,160,0.192844,0.000069,7.0533,0.043224,0.098301,0.060801,0.009942,0.000994,0.00000000
26,161,0.175528,0.000064,6.5830,0.043197,0.097904,0.045480,0.007987,0.001032,0.00000000
26,162,0.195904,0.000064,8.4433,0.043179,0.097781,0.066421,0.005717,0.000769,0.00000000
26,163,0.193200,0.000073,6.5515,0.043196,0.097578,0.070223,0.005468,0.000734,0.00000000
26,164,0.199389,0.000078,6.5747,0.043223,0.097704,0.057328,0.007005,0.000770,0.00000000
26,165,0.220841,0.000087,6.9997,0.043284,0.097523,0.064469,0.007186,0.000814,0.00000000
26,166,0.205769,0.000081,6.5571,0.043335,0.097408,0.061025,0.003321,0.001627,0.00000000
26,167,0.251881,0.000105,7.5930,0.043369,0.097558,0.060492,0.007976,0.001730,0.00000000
26,168,0.194589,0.000076,6.5187,0.043381,0.097813,0.054959,0.004429,0.001368,0.00000000
26,169,0.197224,0.000082,5.5192,0.043357,0.097847,0.057413,0.003751,0.001519,0.00000000
26,170,0.155472,0.000052,5.9757,0.043349,0.097932,0.057830,0.008870,0.000648,0.00000000
26,171,0.194368,0.000079,5.6224,0.043323,0.097672,0.063407,0.004429,0.000679,0.00000000
26,172,0.188058,0.000071,5.8391,0.043299,0.097566,0.063666,0.011840,0.000267,0.00000000
26,173,0.193159,0.000072,6.5288,0.043282,0.097851,0.062330,0.010122,0.000508,0.00000000
26,174,0.175026,0.000068,5.3951,0.043257,0.097926,0.056866,0.006078,0.000510,0.00000000
26,175,0.205617,0.000077,7.4251,0.043242,0.098123,0.048540,0.010552,0.000773,0.00000000
26,176,0.196739,0.000070,7.6449,0.043207,0.098172,0.057882,0.008225,0.000368,0.00000000
26,177,0.164233,0.000060,5.9973,0.043179,0.098188,0.051392,0.007186,0.000407,0.00000000
26,178,0.170139,0.000062,5.8665,0.043164,0.098043,0.055730,0.008293,0.000268,0.00000000
26,179,0.176316,0.000063,5.8317,0.043134,0.098088,0.054085,0.017963,0.000575,0.00000000
26,180,0.219251,0.000088,6.2509,0.043131,0.098059,0.054772,0.018504,0.000792,0.00000000
26,181,0.229379,0.000086,7.6800,0.043141,0.098142,0.067111,0.013806,0.000574,0.00000000
26,182,0.253190,0.000102,7.1537,0.043175,0.098171,0.073659,0.017423,0.000654,0.00000000
26,183,0.147052,0.000054,5.1424,0.043140,0.098240,0.048493,0.005717,0.000442,0.00000000
26,184,0.192698,0.000074,5.9450,0.043144,0.098170,0.059498,0.012450,0.000597,0.00000000
26,185,0.186661,0.000074,5.6999,0.043130,0.098207,0.054618,0.009762,0.000627,0.00000000
26,186,0.168032,0.000062,5.4733,0.043091,0.098161,0.061307,0.007976,0.000309,0.00000000
26,187,0.160987,0.000058,6.0597,0.043044,0.098482,0.045831,0.009667,0.000240,0.00000000
26,188,0.166956,0.000062,6.0787,0.043034,0.098652,0.053658,0.001853,0.000459,0.00000000
26,189,0.146614,0.000052,5.4722,0.043012,0.098644,0.058026,0.001853,0.000283,0.00000000
26,190,0.192829,0.000070,7.4750,0.042985,0.098597,0.051614,0.004180,0.000645,0.00000000
26,191,0.184864,0.000071,6.4614,0.042979,0.098629,0.054737,0.002282,0.000548,0.00000000
26,192,0.206938,0.000083,6.5109,0.042968,0.098704,0.050644,0.007005,0.001064,0.00000000
26,193,0.171738,0.000061,6.6099,0.042952,0.098679,0.048660,0.004859,0.000567,0.00000000
26,194,0.168915,0.000065,5.7402,0.042931,0.098828,0.050920,0.003570,0.000484,0.00000000
26,195,0.177160,0.000068,5.6909,0.042923,0.098799,0.058102,0.005123,0.000277,0.00000000
26,196,0.194197,0.000072,6.9912,0.042946,0.098809,0.060480,0.005717,0.001008,0.00000000
26,197,0.184550,0.000064,7.3737,0.042923,0.098873,0.053025,0.006147,0.000362,0.00000000
26,198,0.163058,0.000062,5.3038,0.042891,0.098710,0.054568,0.003141,0.000351,0.00000000
26,199,0.192394,0.000077,6.0568,0.042876,0.098992,0.050159,0.005288,0.000741,0.00000000
26,200,0.162337,0.000064,5.1212,0.042845,0.099024,0.051954,0.002712,0.000427,0.00000000
26,201,0.168843,0.000060,6.4936,0.042820,0.099124,0.048605,0.005717,0.000268,0.00000000
26,202,0.161432,0.000058,6.3647,0.042784,0.099120,0.043629,0.003141,0.000395,0.00000000
26,203,0.206849,0.000086,5.7539,0.042777,0.099159,0.058314,0.006756,0.000570,0.00000000
26,204,0.171556,0.000059,6.9836,0.042786,0.099102,0.055489,0.001424,0.000498,0.00000000
26,205,0.220163,0.000088,6.7706,0.042809,0.099275,0.057982,0.009083,0.000669,0.00000000
26,206,0.182655,0.000068,6.9711,0.042794,0.099397,0.049164,0.002712,0.001032,0.00000000
26,207,0.183078,0.000062,7.3292,0.042816,0.099319,0.056851,0.008654,0.000996,0.00000000
26,208,0.197570,0.000065,8.4272,0.042853,0.099174,0.062474,0.006576,0.000615,0.00000000
26,209,0.209360,0.000071,8.5517,0.042877,0.099111,0.067152,0.004180,0.000593,0.00000000
26,210,0.161760,0.000062,5.4322,0.042845,0.099153,0.050028,0.003141,0.000719,0.00000000
26,211,0.239417,0.000099,7.1299,0.042862,0.098968,0.059086,0.008044,0.001223,0.00000000
26,212,0.183026,0.000067,6.4603,0.042853,0.098933,0.052606,0.009572,0.000745,0.00000000
26,213,0.150926,0.000053,5.5798,0.042839,0.098957,0.058986,0.003141,0.000632,0.00000000
26,214,0.173223,0.000064,5.9320,0.042811,0.098941,0.048303,0.011909,0.000864,0.00000000
26,215,0.174399,0.000059,7.5271,0.042790,0.099103,0.051066,0.003570,0.000996,0.00000000
26,216,0.173298,0.000064,5.9229,0.042780,0.099074,0.052582,0.009152,0.000338,0.00000000
26,217,0.236307,0.000097,6.6435,0.042792,0.099169,0.052927,0.021535,0.000804,0.00000000
26,218,0.252779,0.000110,6.6857,0.042810,0.099401,0.058568,0.006756,0.001175,0.00000000
26,219,0.177587,0.000060,7.1844,0.042813,0.099306,0.056208,0.005288,0.001274,0.00000000
26,220,0.165720,0.000053,7.1084,0.042797,0.099271,0.052287,0.008723,0.001028,0.00000000
26,221,0.189577,0.000072,6.2303,0.042766,0.099111,0.057037,0.011041,0.000435,0.00000000
26,222,0.212353,0.000079,7.5133,0.042765,0.099010,0.066652,0.005898,0.001134,0.00000000
26,223,0.185134,0.000068,6.2831,0.042764,0.099205,0.063271,0.007795,0.000768,0.00000000
26,224,0.228004,0.000089,7.6455,0.042765,0.099296,0.066216,0.003141,0.001024,0.00000000
26,225,0.195512,0.000061,8.2291,0.042760,0.099315,0.079748,0.005898,0.000404,0.00000000
26,226,0.217550,0.000083,7.0586,0.042763,0.099447,0.073794,0.008044,0.000877,0.00000000
26,227,0.219906,0.000085,7.1118,0.042770,0.099508,0.071416,0.006078,0.000321,0.00000000
26,228,0.195760,0.000074,6.9223,0.042766,0.099521,0.053330,0.004859,0.000556,0.00000000
26,229,0.232898,0.000100,6.5086,0.042778,0.099615,0.057458,0.004066,0.000314,0.00000000
26,230,0.173385,0.000060,6.8203,0.042779,0.099532,0.054733,0.004859,0.000505,0.00000000
26,231,0.195652,0.000062,8.4958,0.042783,0.099401,0.062569,0.012207,0.000851,0.00000000
26,232,0.175743,0.000062,6.4624,0.042785,0.099563,0.060102,0.006078,0.000443,0.00000000
26,233,0.156910,0.000059,5.5113,0.042764,0.099527,0.050177,0.003141,0.000570,0.00000000
26,234,0.156963,0.000058,5.5311,0.042738,0.099615,0.054078,0.003141,0.000773,0.00000000
26,235,0.163268,0.000059,6.2442,0.042713,0.099607,0.050930,0.003570,0.000476,0.00000000
26,236,0.244195,0.000099,7.2019,0.042750,0.099559,0.073049,0.007864,0.000560,0.00000000
26,237,0.210817,0.000079,7.6143,0.042740,0.099565,0.056833,0.004859,0.001042,0.00000000
26,238,0.157676,0.000050,6.3892,0.042735,0.099586,0.070120,0.002798,0.000214,0.00000000
26,239,0.164829,0.000062,5.4911,0.042714,0.099626,0.057992,0.004429,0.000663,0.00000000
26,240,0.205257,0.000085,5.8994,0.042717,0.099728,0.055704,0.005898,0.000790,0.00000000
26,241,0.178049,0.000065,6.3273,0.042711,0.099854,0.058431,0.005288,0.000751,0.00000000
26,242,0.167518,0.000060,6.1378,0.042701,0.099592,0.059040,0.004000,0.000693,0.00000000
26,243,0.169040,0.000057,6.9562,0.042676,0.099468,0.056248,0.003141,0.000414,0.00000000
26,244,0.199909,0.000070,8.0265,0.042686,0.099357,0.052384,0.008474,0.001050,0.00000000
26,245,0.183422,0.000070,6.4343,0.042674,0.099390,0.048469,0.004609,0.000526,0.00000000
26,246,0.179606,0.000066,6.6747,0.042666,0.099432,0.049126,0.006708,0.001163,0.00000000
26,247,0.158376,0.000060,5.4557,0.042637,0.099281,0.047523,0.004360,0.001115,0.00000000
26,248,0.198601,0.000076,6.7446,0.042622,0.099465,0.060344,0.004859,0.000515,0.00000000
26,249,0.181133,0.000069,6.1427,0.042624,0.099360,0.055168,0.004609,0.000239,0.00000000
26,250,0.189299,0.000075,5.5934,0.042611,0.099527,0.064495,0.006756,0.000515,0.00000000
26,251,0.162831,0.000058,6.0416,0.042597,0.099675,0.051463,0.005288,0.000497,0.00000000
26,252,0.170864,0.000058,7.1382,0.042578,0.099822,0.053534,0.003570,0.000323,0.00000000
26,253,0.229201,0.000097,6.2323,0.042583,0.099881,0.061640,0.007005,0.001082,0.00000000
26,254,0.191717,0.000077,5.4827,0.042575,0.099825,0.065772,0.004429,0.000959,0.00000000
26,255,0.217403,0.000085,6.5899,0.042595,0.099828,0.059194,0.013789,0.000388,0.00000000
26,256,0.163127,0.000062,5.4310,0.042584,0.099637,0.050461,0.006576,0.000734,0.00000000
26,257,0.173155,0.000064,6.1738,0.042574,0.099559,0.054896,0.003570,0.000441,0.00000000
26,258,0.176386,0.000066,6.2087,0.042559,0.099499,0.046526,0.007864,0.000437,0.00000000
26,259,0.246878,0.000108,6.2336,0.042564,0.099629,0.061327,0.008474,0.001517,0.00000000
26,260,0.178455,0.000065,6.7061,0.042559,0.099634,0.050486,0.005039,0.000762,0.00000000
26,261,0.237623,0.000099,6.6236,0.042576,0.099556,0.061348,0.010011,0.000928,0.00000000
26,262,0.180209,0.000071,5.5231,0.042570,0.099628,0.056864,0.004609,0.000960,0.00000000
26,263,0.150532,0.000054,5.6324,0.042543,0.099621,0.045213,0.005123,0.000426,0.00000000
26,264,0.162934,0.000055,6.2161,0.042532,0.099548,0.046478,0.016881,0.000397,0.00000000
26,265,0.177867,0.000068,6.1531,0.042524,0.099547,0.049649,0.005039,0.000741,0.00000000
26,266,0.180991,0.000064,6.4879,0.042531,0.099464,0.066401,0.006756,0.000499,0.00000000
26,267,0.213479,0.000084,6.9270,0.042531,0.099357,0.054591,0.006078,0.000900,0.00000000
26,268,0.192992,0.000077,5.9011,0.042523,0.099309,0.058778,0.006147,0.000685,0.00000000
26,269,0.201433,0.000080,6.3289,0.042524,0.099438,0.059833,0.004180,0.000387,0.00000000
26,270,0.185664,0.000068,6.9224,0.042507,0.099481,0.048746,0.005898,0.000423,0.00000000
26,271,0.186843,0.000066,7.5848,0.042492,0.099406,0.049800,0.005468,0.000519,0.00000000
26,272,0.160688,0.000051,6.3509,0.042479,0.099294,0.052715,0.014943,0.000832,0.00000000
26,273,0.251286,0.000091,9.2069,0.042499,0.099244,0.057575,0.022411,0.001085,0.00000000
26,274,0.203394,0.000063,7.9580,0.042509,0.099133,0.090463,0.017602,0.000972,0.00000000
26,275,0.187690,0.000072,5.7371,0.042498,0.099048,0.065349,0.007615,0.000855,0.00000000
26,276,0.163987,0.000059,6.1039,0.042489,0.098964,0.053273,0.005288,0.000548,0.00000000
26,277,0.176969,0.000067,6.0099,0.042478,0.098889,0.053762,0.007005,0.000443,0.00000000
26,278,0.224037,0.000086,7.2519,0.042486,0.098830,0.062616,0.015026,0.000577,0.00000000
26,279,0.187148,0.000059,8.3426,0.042482,0.098944,0.055606,0.009582,0.000376,0.00000000
26,280,0.312355,0.000135,7.6955,0.042510,0.098857,0.066209,0.026588,0.001777,0.00000000
26,281,0.152571,0.000053,5.8450,0.042485,0.098725,0.053556,0.002282,0.000256,0.00000000
26,282,0.198133,0.000075,6.6539,0.042485,0.098758,0.057996,0.007005,0.000586,0.00000000
26,283,0.168723,0.000065,5.3393,0.042479,0.098599,0.056539,0.004429,0.000369,0.00000000
26,284,0.193773,0.000074,6.4122,0.042484,0.098602,0.065598,0.003570,0.000499,0.00000000
26,285,0.181426,0.000068,6.0701,0.042470,0.098650,0.059342,0.006147,0.000524,0.00000000
26,286,0.161507,0.000059,5.8775,0.042460,0.098498,0.053720,0.003141,0.000415,0.00000000
26,287,0.209304,0.000083,6.6804,0.042465,0.098542,0.058338,0.004859,0.000729,0.00000000
26,288,0.190391,0.000072,6.4612,0.042469,0.098622,0.055549,0.007864,0.000543,0.00000000
26,289,0.175614,0.000057,7.7352,0.042457,0.098606,0.060553,0.002798,0.000621,0.00000000
26,290,0.223182,0.000093,6.0561,0.042474,0.098803,0.062798,0.008654,0.000496,0.00000000
26,291,0.189220,0.000068,7.2476,0.042475,0.098914,0.055157,0.005717,0.000673,0.00000000
26,292,0.167817,0.000060,6.1071,0.042456,0.098760,0.057022,0.004609,0.000332,0.00000000
26,293,0.201361,0.000075,7.4230,0.042452,0.098867,0.055401,0.006756,0.000561,0.00000000
26,294,0.174681,0.000068,5.4662,0.042427,0.098837,0.057530,0.006576,0.000459,0.00000000
26,295,0.208739,0.000085,6.0558,0.042437,0.098742,0.060139,0.007186,0.000956,0.00000000
26,296,0.219757,0.000087,6.6843,0.042447,0.098711,0.065199,0.009513,0.000455,0.00000000
26,297,0.193166,0.000078,5.8748,0.042437,0.098697,0.053054,0.005651,0.001172,0.00000000
26,298,0.169069,0.000057,6.7044,0.042435,0.098717,0.062126,0.003141,0.000620,0.00000000
26,299,0.165925,0.000064,5.4377,0.042415,0.098808,0.052067,0.004429,0.000338,0.00000000
26,300,0.169328,0.000058,6.7220,0.042399,0.098840,0.057414,0.004429,0.000365,0.00000000
26,301,0.176969,0.000066,6.1894,0.042393,0.098986,0.060610,0.003141,0.000375,0.00000000
26,302,0.180848,0.000070,6.3002,0.042390,0.099057,0.050522,0.004000,0.000526,0.00000000
26,303,0.175385,0.000065,6.3313,0.042384,0.099178,0.053968,0.002712,0.000515,0.00000000
26,304,0.193849,0.000070,6.6376,0.042381,0.099146,0.072696,0.006576,0.000590,0.00000000
26,305,0.211882,0.000082,7.0960,0.042392,0.099065,0.058774,0.006507,0.000755,0.00000000
26,306,0.278911,0.000102,10.8370,0.042419,0.099136,0.072228,0.006919,0.000876,0.00000000
26,307,0.212828,0.000086,6.6286,0.042418,0.099291,0.053253,0.007297,0.000799,0.00000000
26,308,0.242445,0.000104,6.5704,0.042427,0.099278,0.055588,0.008903,0.000524,0.00000000
26,309,0.172372,0.000061,6.1239,0.042420,0.099416,0.062828,0.006576,0.000371,0.00000000
26,310,0.151764,0.000053,5.7914,0.042411,0.099409,0.052296,0.004429,0.000564,0.00000000
26,311,0.157025,0.000058,5.6500,0.042399,0.099393,0.050271,0.004429,0.000449,0.00000000
26,312,0.161001,0.000062,5.3401,0.042393,0.099347,0.050725,0.002712,0.000532,0.00000000
26,313,0.152817,0.000055,5.4938,0.042371,0.099313,0.048327,0.005717,0.000527,0.00000000
26,314,0.171501,0.000064,6.1448,0.042370,0.099308,0.051822,0.004594,0.000666,0.00000000
26,315,0.252234,0.000098,9.0672,0.042370,0.099333,0.057172,0.008293,0.001211,0.00000000
26,316,0.254223,0.000112,6.8095,0.042380,0.099209,0.056157,0.003570,0.001249,0.00000000
26,317,0.242886,0.000104,6.6851,0.042381,0.099265,0.053281,0.009152,0.001078,0.00000000
26,318,0.196479,0.000077,6.6613,0.042379,0.099132,0.053149,0.004609,0.000711,0.00000000
26,319,0.177899,0.000066,6.2519,0.042373,0.099179,0.056614,0.004429,0.000962,0.00000000
26,320,0.233189,0.000090,7.8120,0.042373,0.099129,0.058299,0.012741,0.001062,0.00000000
26,321,0.192680,0.000077,5.9465,0.042365,0.099073,0.052678,0.006937,0.000742,0.00000000
26,322,0.196811,0.000079,5.9921,0.042367,0.099153,0.051112,0.011661,0.000309,0.00000000
26,323,0.163664,0.000065,4.9641,0.042349,0.099186,0.049383,0.008073,0.000196,0.00000000
26,324,0.224936,0.000097,6.0530,0.042346,0.099276,0.056066,0.006078,0.001456,0.00000000
26,325,0.231743,0.000096,6.5972,0.042344,0.099285,0.058215,0.011273,0.001396,0.00000000
26,326,0.221585,0.000091,6.2396,0.042355,0.099113,0.062028,0.009083,0.001514,0.00000000
26,327,0.274741,0.000119,6.8499,0.042368,0.099187,0.064384,0.015026,0.001476,0.00000000
26,328,0.250041,0.000106,6.7302,0.042384,0.099242,0.063912,0.009042,0.001560,0.00000000
26,329,0.226871,0.000095,6.2926,0.042389,0.099211,0.062030,0.005288,0.001270,0.00000000
26,330,0.235418,0.000103,5.9865,0.042395,0.099095,0.057834,0.009191,0.001814,0.00000000
26,331,0.246122,0.000101,6.8275,0.042403,0.099091,0.058510,0.017330,0.001959,0.00000000
26,332,0.236579,0.000099,6.6443,0.042421,0.099078,0.060198,0.008293,0.000631,0.00000000
26,333,0.223713,0.000085,7.3502,0.042442,0.099130,0.066511,0.009762,0.000628,0.00000000
26,334,0.252041,0.000103,7.2960,0.042461,0.099084,0.063145,0.016065,0.000516,0.00000000
26,335,0.203665,0.000086,5.8639,0.042455,0.099007,0.050613,0.004859,0.001355,0.00000000
26,336,0.164792,0.000061,5.5602,0.042453,0.099048,0.056256,0.004859,0.000476,0.00000000
26,337,0.244130,0.000107,6.4623,0.042470,0.099041,0.058538,0.004429,0.000670,0.00000000
26,338,0.153807,0.000058,5.1393,0.042453,0.099067,0.047063,0.006756,0.000494,0.00000000
26,339,0.253217,0.000103,7.7498,0.042463,0.098974,0.056875,0.012879,0.000539,0.00000000
26,340,0.159670,0.000055,6.6190,0.042446,0.098835,0.042774,0.005546,0.000406,0.00000000
26,341,0.189581,0.000073,6.5112,0.042446,0.098897,0.051198,0.007005,0.000505,0.00000000
26,342,0.256544,0.000106,7.2750,0.042461,0.098805,0.058837,0.018780,0.000971,0.00000000
26,343,0.286749,0.000118,8.6937,0.042482,0.098685,0.061749,0.012338,0.001929,0.00000000
26,344,0.236512,0.000094,7.3633,0.042497,0.098684,0.058904,0.012338,0.001043,0.00000000
26,345,0.222491,0.000089,6.6678,0.042498,0.098576,0.060932,0.010844,0.000774,0.00000000
26,346,0.228866,0.000088,7.1700,0.042523,0.098490,0.065693,0.014285,0.001012,0.00000000
26,347,0.229545,0.000090,7.3757,0.042534,0.098415,0.059710,0.010732,0.000888,0.00000000
26,348,0.232475,0.000096,6.7147,0.042545,0.098289,0.055966,0.009488,0.000924,0.00000000
26,349,0.209927,0.000080,7.3215,0.042538,0.098341,0.058632,0.005717,0.000280,0.00000000
26,350,0.197923,0.000078,6.4451,0.042539,0.098357,0.051612,0.004429,0.000417,0.00000000
26,351,0.281836,0.000114,8.5760,0.042562,0.098401,0.070410,0.012450,0.000802,0.00000000
26,352,0.212484,0.000083,7.1969,0.042564,0.098281,0.054491,0.008225,0.000394,0.00000000
26,353,0.198659,0.000078,6.7488,0.042556,0.098332,0.049156,0.007615,0.000404,0.00000000
26,354,0.205743,0.000082,6.4455,0.042551,0.098459,0.061806,0.003141,0.000285,0.00000000
26,355,0.221272,0.000093,6.0543,0.042549,0.098651,0.057920,0.010801,0.000925,0.00000000
26,356,0.170258,0.000063,6.2935,0.042534,0.098628,0.046035,0.005288,0.000326,0.00000000
26,357,0.255601,0.000072,12.8812,0.042524,0.098492,0.085587,0.002798,0.000372,0.00000000
26,358,0.188547,0.000070,6.3796,0.042520,0.098354,0.059463,0.010303,0.000431,0.00000000
26,359,0.188484,0.000070,6.5292,0.042525,0.098246,0.058734,0.007615,0.000501,0.00000000
26,360,0.180775,0.000065,6.5931,0.042522,0.098188,0.051005,0.011050,0.000395,0.00000000
26,361,0.246241,0.000096,7.4660,0.042535,0.098223,0.067338,0.020269,0.000824,0.00000000
26,362,0.446495,0.000185,11.9340,0.042599,0.098224,0.107332,0.041155,0.001421,0.00000000
26,363,0.363589,0.000150,9.7618,0.042642,0.098139,0.096534,0.026738,0.002056,0.00000000
26,364,0.351085,0.000144,9.2047,0.042693,0.098149,0.090777,0.035334,0.002106,0.00000000
26,365,0.372475,0.000145,11.1031,0.042760,0.098053,0.097092,0.034660,0.002429,0.00000000
26,366,0.227520,0.000090,7.8370,0.042765,0.098208,0.051409,0.006576,0.000298,0.00000000
26,367,0.244343,0.000103,6.5926,0.042773,0.098305,0.065460,0.007435,0.001061,0.00000000
26,368,0.178824,0.000062,7.6722,0.042757,0.098329,0.042423,0.004429,0.000526,0.00000000
26,369,0.195264,0.000079,5.7065,0.042750,0.098375,0.063142,0.005468,0.000976,0.00000000
26,370,0.188611,0.000071,6.6530,0.042735,0.098436,0.054522,0.005717,0.001005,0.00000000
26,371,0.211009,0.000087,5.9098,0.042734,0.098549,0.056458,0.010122,0.000968,0.00000000
26,372,0.164865,0.000057,6.3272,0.042726,0.098475,0.053252,0.008474,0.000635,0.00000000
26,373,0.191925,0.000072,6.1495,0.042719,0.098443,0.076896,0.004429,0.000535,0.00000000
26,374,0.156198,0.000053,6.4328,0.042703,0.098494,0.042677,0.006919,0.000273,0.00000000
26,375,0.170995,0.000063,6.4486,0.042687,0.098545,0.046174,0.006147,0.000299,0.00000000
26,376,0.190398,0.000074,6.0716,0.042685,0.098438,0.063061,0.004790,0.000471,0.00000000
26,377,0.188030,0.000073,5.9952,0.042690,0.098456,0.054647,0.006327,0.000523,0.00000000
26,378,0.195050,0.000077,6.2787,0.042695,0.098533,0.056343,0.005288,0.000391,0.00000000
26,379,0.168220,0.000062,5.9046,0.042693,0.098572,0.052158,0.006576,0.000421,0.00000000
26,380,0.157383,0.000059,5.3971,0.042684,0.098495,0.047172,0.005717,0.000526,0.00000000
26,381,0.179566,0.000073,5.3552,0.042674,0.098566,0.048212,0.006147,0.001358,0.00000000
26,382,0.158151,0.000060,5.2673,0.042662,0.098601,0.056338,0.001952,0.000344,0.00000000
26,383,0.230630,0.000089,7.9935,0.042699,0.098639,0.060817,0.009790,0.001023,0.00000000
26,384,0.180688,0.000065,6.8238,0.042694,0.098587,0.050994,0.004859,0.000847,0.00000000
26,385,0.167650,0.000066,5.3435,0.042682,0.098572,0.053202,0.002282,0.000872,0.00000000
26,386,0.171012,0.000068,5.0756,0.042668,0.098662,0.059927,0.004609,0.000639,0.00000000
26,387,0.194628,0.000078,5.8816,0.042655,0.098597,0.055076,0.006078,0.001277,0.00000000
26,388,0.221371,0.000092,6.4650,0.042655,0.098702,0.057210,0.006507,0.001475,0.00000000
26,389,0.193545,0.000077,5.8616,0.042656,0.098714,0.056618,0.007864,0.000782,0.00000000
26,390,0.178307,0.000067,5.8974,0.042652,0.098787,0.055473,0.008654,0.000501,0.00000000
26,391,0.178383,0.000070,5.0391,0.042637,0.098828,0.064895,0.008870,0.000310,0.00000000
