epoch,batch,loss,landmark,angular_deg,gaze_consist,shape,ray_target,pose,translation,iris_seg,eyeball_seg,lr
1,1,8.589619,0.002397,118.5179,0.000000,0.000000,0.000000,2.144450,0.000000,0.000000,0.000000,0.00100000
1,2,7.474070,0.002131,113.3172,0.000000,0.000000,0.000000,1.583880,0.000000,0.000000,0.000000,0.00100000
1,3,5.369588,0.001500,110.4141,0.000000,0.000000,0.000000,1.329089,0.000000,0.000000,0.000000,0.00100000
1,4,6.722182,0.001968,115.5023,0.000000,0.000000,0.000000,1.100031,0.000000,0.000000,0.000000,0.00100000
1,5,5.951795,0.001745,116.2868,0.000000,0.000000,0.000000,0.956782,0.000000,0.000000,0.000000,0.00100000
1,6,4.960019,0.001384,115.6695,0.000000,0.000000,0.000000,1.239096,0.000000,0.000000,0.000000,0.00100000
1,7,6.202228,0.001823,118.5242,0.000000,0.000000,0.000000,0.969461,0.000000,0.000000,0.000000,0.00100000
1,8,4.535001,0.001303,118.1170,0.000000,0.000000,0.000000,0.897381,0.000000,0.000000,0.000000,0.00100000
1,9,4.773845,0.001410,119.7419,0.000000,0.000000,0.000000,0.704269,0.000000,0.000000,0.000000,0.00100000
1,10,4.781079,0.001427,117.7257,0.000000,0.000000,0.000000,0.613802,0.000000,0.000000,0.000000,0.00100000
1,11,4.148827,0.001242,122.2315,0.000000,0.000000,0.000000,0.508288,0.000000,0.000000,0.000000,0.00100000
1,12,4.266782,0.001285,118.5624,0.000000,0.000000,0.000000,0.471189,0.000000,0.000000,0.000000,0.00100000
1,13,3.747377,0.001107,121.6892,0.000000,0.000000,0.000000,0.550560,0.000000,0.000000,0.000000,0.00100000
1,14,3.494955,0.001010,120.9038,0.000000,0.000000,0.000000,0.655710,0.000000,0.000000,0.000000,0.00100000
1,15,3.978585,0.001186,117.6234,0.000000,0.000000,0.000000,0.516914,0.000000,0.000000,0.000000,0.00100000
1,16,4.765175,0.001428,118.4608,0.000000,0.000000,0.000000,0.575157,0.000000,0.000000,0.000000,0.00100000
1,17,4.025053,0.001205,119.6307,0.000000,0.000000,0.000000,0.490553,0.000000,0.000000,0.000000,0.00100000
1,18,4.030772,0.001212,118.8748,0.000000,0.000000,0.000000,0.461977,0.000000,0.000000,0.000000,0.00100000
1,19,3.594935,0.001079,121.6682,0.000000,0.000000,0.000000,0.423632,0.000000,0.000000,0.000000,0.00100000
1,20,3.386086,0.001021,117.1680,0.000000,0.000000,0.000000,0.370711,0.000000,0.000000,0.000000,0.00100000
1,21,3.229476,0.000972,118.9244,0.000000,0.000000,0.000000,0.363642,0.000000,0.000000,0.000000,0.00100000
1,22,3.231472,0.000971,114.7880,0.000000,0.000000,0.000000,0.372680,0.000000,0.000000,0.000000,0.00100000
1,23,3.578351,0.001082,119.0735,0.000000,0.000000,0.000000,0.368011,0.000000,0.000000,0.000000,0.00100000
1,24,3.602323,0.001093,117.9600,0.000000,0.000000,0.000000,0.347136,0.000000,0.000000,0.000000,0.00100000
1,25,3.123411,0.000952,114.9265,0.000000,0.000000,0.000000,0.277800,0.000000,0.000000,0.000000,0.00100000
1,26,3.377691,0.001024,115.0783,0.000000,0.000000,0.000000,0.333979,0.000000,0.000000,0.000000,0.00100000
1,27,3.246832,0.000982,118.7781,0.000000,0.000000,0.000000,0.334082,0.000000,0.000000,0.000000,0.00100000
1,28,3.056086,0.000924,117.3212,0.000000,0.000000,0.000000,0.317160,0.000000,0.000000,0.000000,0.00100000
1,29,2.980922,0.000906,113.3248,0.000000,0.000000,0.000000,0.280303,0.000000,0.000000,0.000000,0.00100000
1,30,2.827440,0.000859,116.3662,0.000000,0.000000,0.000000,0.270320,0.000000,0.000000,0.000000,0.00100000
1,31,3.144082,0.000962,115.9069,0.000000,0.000000,0.000000,0.253662,0.000000,0.000000,0.000000,0.00100000
1,32,3.416462,0.001038,117.9884,0.000000,0.000000,0.000000,0.322034,0.000000,0.000000,0.000000,0.00100000
1,33,3.108336,0.000949,115.9149,0.000000,0.000000,0.000000,0.262857,0.000000,0.000000,0.000000,0.00100000
1,34,3.051306,0.000927,117.3840,0.000000,0.000000,0.000000,0.285533,0.000000,0.000000,0.000000,0.00100000
1,35,3.660578,0.001120,118.4509,0.000000,0.000000,0.000000,0.296325,0.000000,0.000000,0.000000,0.00100000
1,36,2.961499,0.000905,117.8078,0.000000,0.000000,0.000000,0.248296,0.000000,0.000000,0.000000,0.00100000
1,37,2.622184,0.000798,121.0758,0.000000,0.000000,0.000000,0.236377,0.000000,0.000000,0.000000,0.00100000
1,38,3.003275,0.000918,116.5526,0.000000,0.000000,0.000000,0.250879,0.000000,0.000000,0.000000,0.00100000
1,39,2.916830,0.000882,116.0916,0.000000,0.000000,0.000000,0.301599,0.000000,0.000000,0.000000,0.00100000
1,40,2.872205,0.000868,115.6108,0.000000,0.000000,0.000000,0.300760,0.000000,0.000000,0.000000,0.00100000
1,41,2.648745,0.000782,117.9327,0.000000,0.000000,0.000000,0.391933,0.000000,0.000000,0.000000,0.00100000
1,42,2.489757,0.000745,114.6698,0.000000,0.000000,0.000000,0.304342,0.000000,0.000000,0.000000,0.00100000
1,43,2.727453,0.000821,115.7746,0.000000,0.000000,0.000000,0.306825,0.000000,0.000000,0.000000,0.00100000
1,44,2.645259,0.000797,115.5987,0.000000,0.000000,0.000000,0.288886,0.000000,0.000000,0.000000,0.00100000
1,45,2.709269,0.000826,116.5299,0.000000,0.000000,0.000000,0.239463,0.000000,0.000000,0.000000,0.00100000
1,46,2.848885,0.000869,116.9911,0.000000,0.000000,0.000000,0.249401,0.000000,0.000000,0.000000,0.00100000
1,47,2.626687,0.000794,115.7871,0.000000,0.000000,0.000000,0.270621,0.000000,0.000000,0.000000,0.00100000
1,48,2.827160,0.000835,113.4964,0.000000,0.000000,0.000000,0.416532,0.000000,0.000000,0.000000,0.00100000
1,49,2.445511,0.000736,117.8939,0.000000,0.000000,0.000000,0.272337,0.000000,0.000000,0.000000,0.00100000
1,50,2.954938,0.000875,124.0477,0.000000,0.000000,0.000000,0.420586,0.000000,0.000000,0.000000,0.00100000
1,51,2.315059,0.000698,120.1479,0.000000,0.000000,0.000000,0.250801,0.000000,0.000000,0.000000,0.00100000
1,52,2.058906,0.000615,120.5975,0.000000,0.000000,0.000000,0.262156,0.000000,0.000000,0.000000,0.00100000
1,53,2.252969,0.000675,120.3572,0.000000,0.000000,0.000000,0.269321,0.000000,0.000000,0.000000,0.00100000
1,54,2.101143,0.000634,119.5336,0.000000,0.000000,0.000000,0.224471,0.000000,0.000000,0.000000,0.00100000
1,55,2.219694,0.000669,121.8651,0.000000,0.000000,0.000000,0.245828,0.000000,0.000000,0.000000,0.00100000
1,56,2.179863,0.000658,122.5708,0.000000,0.000000,0.000000,0.231632,0.000000,0.000000,0.000000,0.00100000
1,57,2.040448,0.000577,108.5423,0.000000,0.000000,0.000000,0.463763,0.000000,0.000000,0.000000,0.00100000
1,58,1.949932,0.000576,120.8704,0.000000,0.000000,0.000000,0.285586,0.000000,0.000000,0.000000,0.00100000
1,59,2.139666,0.000629,126.6691,0.000000,0.000000,0.000000,0.332055,0.000000,0.000000,0.000000,0.00100000
1,60,1.907557,0.000574,128.3690,0.000000,0.000000,0.000000,0.216422,0.000000,0.000000,0.000000,0.00100000
1,61,2.484185,0.000731,120.3516,0.000000,0.000000,0.000000,0.381597,0.000000,0.000000,0.000000,0.00100000
1,62,1.815577,0.000542,125.4610,0.000000,0.000000,0.000000,0.230324,0.000000,0.000000,0.000000,0.00100000
1,63,2.622668,0.000773,122.9563,0.000000,0.000000,0.000000,0.396361,0.000000,0.000000,0.000000,0.00100000
1,64,2.734141,0.000814,119.8250,0.000000,0.000000,0.000000,0.363053,0.000000,0.000000,0.000000,0.00100000
1,65,2.590882,0.000780,116.4799,0.000000,0.000000,0.000000,0.288475,0.000000,0.000000,0.000000,0.00100000
1,66,2.194556,0.000659,116.5343,0.000000,0.000000,0.000000,0.255110,0.000000,0.000000,0.000000,0.00100000
1,67,2.583722,0.000781,117.9955,0.000000,0.000000,0.000000,0.267179,0.000000,0.000000,0.000000,0.00100000
1,68,2.513740,0.000754,121.2789,0.000000,0.000000,0.000000,0.295886,0.000000,0.000000,0.000000,0.00100000
1,69,2.124489,0.000627,116.4043,0.000000,0.000000,0.000000,0.316466,0.000000,0.000000,0.000000,0.00100000
1,70,1.878535,0.000556,120.0611,0.000000,0.000000,0.000000,0.268732,0.000000,0.000000,0.000000,0.00100000
1,71,1.844000,0.000551,119.4334,0.000000,0.000000,0.000000,0.232382,0.000000,0.000000,0.000000,0.00100000
1,72,1.822059,0.000547,114.4887,0.000000,0.000000,0.000000,0.214305,0.000000,0.000000,0.000000,0.00100000
1,73,2.086387,0.000631,116.6692,0.000000,0.000000,0.000000,0.218260,0.000000,0.000000,0.000000,0.00100000
1,74,1.712189,0.000513,121.1434,0.000000,0.000000,0.000000,0.206270,0.000000,0.000000,0.000000,0.00100000
1,75,1.544509,0.000463,118.9361,0.000000,0.000000,0.000000,0.188089,0.000000,0.000000,0.000000,0.00100000
1,76,1.658143,0.000496,114.7751,0.000000,0.000000,0.000000,0.206444,0.000000,0.000000,0.000000,0.00100000
1,77,2.122457,0.000638,118.0581,0.000000,0.000000,0.000000,0.243177,0.000000,0.000000,0.000000,0.00100000
1,78,1.809455,0.000549,117.6429,0.000000,0.000000,0.000000,0.173009,0.000000,0.000000,0.000000,0.00100000
1,79,2.118391,0.000627,122.6766,0.000000,0.000000,0.000000,0.306174,0.000000,0.000000,0.000000,0.00100000
1,80,1.870183,0.000551,123.9808,0.000000,0.000000,0.000000,0.285832,0.000000,0.000000,0.000000,0.00100000
1,81,1.717711,0.000514,125.0367,0.000000,0.000000,0.000000,0.210648,0.000000,0.000000,0.000000,0.00100000
1,82,1.753589,0.000509,119.6857,0.000000,0.000000,0.000000,0.314461,0.000000,0.000000,0.000000,0.00100000
1,83,1.792340,0.000524,120.9275,0.000000,0.000000,0.000000,0.297494,0.000000,0.000000,0.000000,0.00100000
1,84,1.996718,0.000584,126.4145,0.000000,0.000000,0.000000,0.332479,0.000000,0.000000,0.000000,0.00100000
1,85,1.549860,0.000444,120.4101,0.000000,0.000000,0.000000,0.313117,0.000000,0.000000,0.000000,0.00100000
1,86,1.684425,0.000502,124.7780,0.000000,0.000000,0.000000,0.219366,0.000000,0.000000,0.000000,0.00100000
1,87,1.761732,0.000505,131.3775,0.000000,0.000000,0.000000,0.353269,0.000000,0.000000,0.000000,0.00100000
1,88,1.501826,0.000448,131.8026,0.000000,0.000000,0.000000,0.195165,0.000000,0.000000,0.000000,0.00100000
1,89,1.885888,0.000565,131.3509,0.000000,0.000000,0.000000,0.225699,0.000000,0.000000,0.000000,0.00100000
1,90,1.748130,0.000475,123.3186,0.000000,0.000000,0.000000,0.516116,0.000000,0.000000,0.000000,0.00100000
1,91,1.718857,0.000488,117.9480,0.000000,0.000000,0.000000,0.378794,0.000000,0.000000,0.000000,0.00100000
1,92,1.606004,0.000462,108.1067,0.000000,0.000000,0.000000,0.315755,0.000000,0.000000,0.000000,0.00100000
1,93,1.820438,0.000511,119.9779,0.000000,0.000000,0.000000,0.433320,0.000000,0.000000,0.000000,0.00100000
1,94,1.869124,0.000535,122.2093,0.000000,0.000000,0.000000,0.383826,0.000000,0.000000,0.000000,0.00100000
1,95,1.762610,0.000516,116.6886,0.000000,0.000000,0.000000,0.286930,0.000000,0.000000,0.000000,0.00100000
1,96,1.761241,0.000528,114.9716,0.000000,0.000000,0.000000,0.211419,0.000000,0.000000,0.000000,0.00100000
1,97,1.545251,0.000457,110.3075,0.000000,0.000000,0.000000,0.223015,0.000000,0.000000,0.000000,0.00100000
1,98,1.607006,0.000481,111.7953,0.000000,0.000000,0.000000,0.197621,0.000000,0.000000,0.000000,0.00100000
1,99,1.612337,0.000480,116.4393,0.000000,0.000000,0.000000,0.213149,0.000000,0.000000,0.000000,0.00100000
1,100,1.509564,0.000446,112.6889,0.000000,0.000000,0.000000,0.222710,0.000000,0.000000,0.000000,0.00100000
1,101,1.614680,0.000488,114.1077,0.000000,0.000000,0.000000,0.170843,0.000000,0.000000,0.000000,0.00100000
1,102,1.797304,0.000542,115.5058,0.000000,0.000000,0.000000,0.196235,0.000000,0.000000,0.000000,0.00100000
1,103,1.646168,0.000500,111.7511,0.000000,0.000000,0.000000,0.154203,0.000000,0.000000,0.000000,0.00100000
1,104,1.645546,0.000494,113.2850,0.000000,0.000000,0.000000,0.193079,0.000000,0.000000,0.000000,0.00100000
1,105,1.426224,0.000429,113.3080,0.000000,0.000000,0.000000,0.160471,0.000000,0.000000,0.000000,0.00100000
1,106,1.364342,0.000411,114.9321,0.000000,0.000000,0.000000,0.150369,0.000000,0.000000,0.000000,0.00100000
1,107,1.514693,0.000456,115.9171,0.000000,0.000000,0.000000,0.168564,0.000000,0.000000,0.000000,0.00100000
1,108,1.396068,0.000419,113.2582,0.000000,0.000000,0.000000,0.163795,0.000000,0.000000,0.000000,0.00100000
1,109,1.508420,0.000442,111.2729,0.000000,0.000000,0.000000,0.245560,0.000000,0.000000,0.000000,0.00100000
1,110,1.967464,0.000582,117.1751,0.000000,0.000000,0.000000,0.281747,0.000000,0.000000,0.000000,0.00100000
1,111,1.825601,0.000526,111.8156,0.000000,0.000000,0.000000,0.350603,0.000000,0.000000,0.000000,0.00100000
1,112,1.660940,0.000489,109.4015,0.000000,0.000000,0.000000,0.253088,0.000000,0.000000,0.000000,0.00100000
1,113,1.343686,0.000397,112.2150,0.000000,0.000000,0.000000,0.194934,0.000000,0.000000,0.000000,0.00100000
1,114,1.807597,0.000518,119.5658,0.000000,0.000000,0.000000,0.364955,0.000000,0.000000,0.000000,0.00100000
1,115,1.767872,0.000519,120.6049,0.000000,0.000000,0.000000,0.277520,0.000000,0.000000,0.000000,0.00100000
1,116,1.770617,0.000521,121.3735,0.000000,0.000000,0.000000,0.273670,0.000000,0.000000,0.000000,0.00100000
1,117,1.510118,0.000381,106.6480,0.000000,0.000000,0.000000,0.628190,0.000000,0.000000,0.000000,0.00100000
1,118,1.408466,0.000396,121.0376,0.000000,0.000000,0.000000,0.332851,0.000000,0.000000,0.000000,0.00100000
1,119,1.421615,0.000385,103.2390,0.000000,0.000000,0.000000,0.430400,0.000000,0.000000,0.000000,0.00100000
1,120,1.494997,0.000428,121.4345,0.000000,0.000000,0.000000,0.306110,0.000000,0.000000,0.000000,0.00100000
1,121,1.620978,0.000473,115.4310,0.000000,0.000000,0.000000,0.273369,0.000000,0.000000,0.000000,0.00100000
1,122,1.445829,0.000425,117.0952,0.000000,0.000000,0.000000,0.223236,0.000000,0.000000,0.000000,0.00100000
1,123,1.399894,0.000415,112.8419,0.000000,0.000000,0.000000,0.196301,0.000000,0.000000,0.000000,0.00100000
1,124,1.480909,0.000424,124.2635,0.000000,0.000000,0.000000,0.301371,0.000000,0.000000,0.000000,0.00100000
1,125,1.748920,0.000495,112.0921,0.000000,0.000000,0.000000,0.392746,0.000000,0.000000,0.000000,0.00100000
1,126,3.312148,0.001004,107.1863,0.000000,0.000000,0.000000,0.325791,0.000000,0.000000,0.000000,0.00100000
1,127,2.253974,0.000685,115.4063,0.000000,0.000000,0.000000,0.209234,0.000000,0.000000,0.000000,0.00100000
1,128,1.812735,0.000543,114.4084,0.000000,0.000000,0.000000,0.217925,0.000000,0.000000,0.000000,0.00100000
1,129,1.823923,0.000543,117.3409,0.000000,0.000000,0.000000,0.242645,0.000000,0.000000,0.000000,0.00100000
1,130,1.479126,0.000430,114.2925,0.000000,0.000000,0.000000,0.261041,0.000000,0.000000,0.000000,0.00100000
1,131,1.546439,0.000446,108.0252,0.000000,0.000000,0.000000,0.294585,0.000000,0.000000,0.000000,0.00100000
1,132,1.557015,0.000447,123.6241,0.000000,0.000000,0.000000,0.309626,0.000000,0.000000,0.000000,0.00100000
1,133,1.867454,0.000543,125.9429,0.000000,0.000000,0.000000,0.326730,0.000000,0.000000,0.000000,0.00100000
1,134,1.651763,0.000493,118.4009,0.000000,0.000000,0.000000,0.208422,0.000000,0.000000,0.000000,0.00100000
1,135,1.721374,0.000512,118.4171,0.000000,0.000000,0.000000,0.233231,0.000000,0.000000,0.000000,0.00100000
1,136,1.523678,0.000460,123.0586,0.000000,0.000000,0.000000,0.162249,0.000000,0.000000,0.000000,0.00100000
1,137,1.581175,0.000449,113.3357,0.000000,0.000000,0.000000,0.344719,0.000000,0.000000,0.000000,0.00100000
1,138,1.612768,0.000468,124.9002,0.000000,0.000000,0.000000,0.293212,0.000000,0.000000,0.000000,0.00100000
1,139,1.509608,0.000446,117.6804,0.000000,0.000000,0.000000,0.224373,0.000000,0.000000,0.000000,0.00100000
1,140,1.458552,0.000438,113.6260,0.000000,0.000000,0.000000,0.168740,0.000000,0.000000,0.000000,0.00100000
1,141,1.922938,0.000567,119.8193,0.000000,0.000000,0.000000,0.290246,0.000000,0.000000,0.000000,0.00100000
1,142,1.781093,0.000537,114.6596,0.000000,0.000000,0.000000,0.194068,0.000000,0.000000,0.000000,0.00100000
1,143,1.572411,0.000441,117.3778,0.000000,0.000000,0.000000,0.379670,0.000000,0.000000,0.000000,0.00100000
1,144,1.516944,0.000438,118.9056,0.000000,0.000000,0.000000,0.283806,0.000000,0.000000,0.000000,0.00100000
1,145,1.394941,0.000408,114.6722,0.000000,0.000000,0.000000,0.229790,0.000000,0.000000,0.000000,0.00100000
1,146,1.652075,0.000481,119.4710,0.000000,0.000000,0.000000,0.288794,0.000000,0.000000,0.000000,0.00100000
1,147,1.423469,0.000428,119.3724,0.000000,0.000000,0.000000,0.164343,0.000000,0.000000,0.000000,0.00100000
1,148,1.676695,0.000478,121.6064,0.000000,0.000000,0.000000,0.355890,0.000000,0.000000,0.000000,0.00100000
1,149,1.439436,0.000389,111.4111,0.000000,0.000000,0.000000,0.439026,0.000000,0.000000,0.000000,0.00100000
1,150,1.453659,0.000431,116.3011,0.000000,0.000000,0.000000,0.204739,0.000000,0.000000,0.000000,0.00100000
1,151,1.528987,0.000453,124.3718,0.000000,0.000000,0.000000,0.215443,0.000000,0.000000,0.000000,0.00100000
1,152,1.424477,0.000423,119.1050,0.000000,0.000000,0.000000,0.198393,0.000000,0.000000,0.000000,0.00100000
1,153,1.507858,0.000446,120.7128,0.000000,0.000000,0.000000,0.215701,0.000000,0.000000,0.000000,0.00100000
1,154,1.420925,0.000404,110.2191,0.000000,0.000000,0.000000,0.307566,0.000000,0.000000,0.000000,0.00100000
1,155,1.460978,0.000433,115.5050,0.000000,0.000000,0.000000,0.203204,0.000000,0.000000,0.000000,0.00100000
1,156,1.545452,0.000467,110.2220,0.000000,0.000000,0.000000,0.159781,0.000000,0.000000,0.000000,0.00100000
1,157,2.182593,0.000643,113.1357,0.000000,0.000000,0.000000,0.331140,0.000000,0.000000,0.000000,0.00100000
1,158,1.823261,0.000534,114.9005,0.000000,0.000000,0.000000,0.296440,0.000000,0.000000,0.000000,0.00100000
1,159,1.516610,0.000445,124.0238,0.000000,0.000000,0.000000,0.245025,0.000000,0.000000,0.000000,0.00100000
1,160,1.431101,0.000425,116.4934,0.000000,0.000000,0.000000,0.197541,0.000000,0.000000,0.000000,0.00100000
1,161,1.850707,0.000518,122.6045,0.000000,0.000000,0.000000,0.452323,0.000000,0.000000,0.000000,0.00100000
1,162,1.586322,0.000474,115.8713,0.000000,0.000000,0.000000,0.200220,0.000000,0.000000,0.000000,0.00100000
1,163,1.706770,0.000514,122.4958,0.000000,0.000000,0.000000,0.187009,0.000000,0.000000,0.000000,0.00100000
1,164,1.835603,0.000545,123.5446,0.000000,0.000000,0.000000,0.255047,0.000000,0.000000,0.000000,0.00100000
1,165,1.356916,0.000376,112.2231,0.000000,0.000000,0.000000,0.353084,0.000000,0.000000,0.000000,0.00100000
1,166,1.529161,0.000457,120.9975,0.000000,0.000000,0.000000,0.193609,0.000000,0.000000,0.000000,0.00100000
1,167,1.400374,0.000406,125.3484,0.000000,0.000000,0.000000,0.253329,0.000000,0.000000,0.000000,0.00100000
1,168,1.332624,0.000393,119.5940,0.000000,0.000000,0.000000,0.198973,0.000000,0.000000,0.000000,0.00100000
1,169,1.402931,0.000406,112.6052,0.000000,0.000000,0.000000,0.256863,0.000000,0.000000,0.000000,0.00100000
1,170,1.330024,0.000389,125.8012,0.000000,0.000000,0.000000,0.220533,0.000000,0.000000,0.000000,0.00100000
1,171,1.170675,0.000327,111.1177,0.000000,0.000000,0.000000,0.293179,0.000000,0.000000,0.000000,0.00100000
1,172,1.403967,0.000421,117.7178,0.000000,0.000000,0.000000,0.170385,0.000000,0.000000,0.000000,0.00100000
1,173,1.378455,0.000408,122.4278,0.000000,0.000000,0.000000,0.194956,0.000000,0.000000,0.000000,0.00100000
1,174,1.278272,0.000365,114.9447,0.000000,0.000000,0.000000,0.266397,0.000000,0.000000,0.000000,0.00100000
1,175,1.346701,0.000387,105.2372,0.000000,0.000000,0.000000,0.266855,0.000000,0.000000,0.000000,0.00100000
1,176,1.554415,0.000446,111.2124,0.000000,0.000000,0.000000,0.312413,0.000000,0.000000,0.000000,0.00100000
1,177,1.333955,0.000391,110.3870,0.000000,0.000000,0.000000,0.218311,0.000000,0.000000,0.000000,0.00100000
1,178,1.305896,0.000370,115.5607,0.000000,0.000000,0.000000,0.292956,0.000000,0.000000,0.000000,0.00100000
1,179,1.054211,0.000311,113.6113,0.000000,0.000000,0.000000,0.159524,0.000000,0.000000,0.000000,0.00100000
1,180,1.238209,0.000370,114.4322,0.000000,0.000000,0.000000,0.155863,0.000000,0.000000,0.000000,0.00100000
1,181,1.351611,0.000406,112.6335,0.000000,0.000000,0.000000,0.155555,0.000000,0.000000,0.000000,0.00100000
1,182,1.628059,0.000466,121.9407,0.000000,0.000000,0.000000,0.332172,0.000000,0.000000,0.000000,0.00100000
1,183,1.245579,0.000368,112.1060,0.000000,0.000000,0.000000,0.180169,0.000000,0.000000,0.000000,0.00100000
1,184,1.170237,0.000351,113.1390,0.000000,0.000000,0.000000,0.135926,0.000000,0.000000,0.000000,0.00100000
1,185,1.647936,0.000484,113.5071,0.000000,0.000000,0.000000,0.259090,0.000000,0.000000,0.000000,0.00100000
1,186,1.215813,0.000357,112.1892,0.000000,0.000000,0.000000,0.193274,0.000000,0.000000,0.000000,0.00100000
1,187,1.235714,0.000377,117.5904,0.000000,0.000000,0.000000,0.104727,0.000000,0.000000,0.000000,0.00100000
1,188,1.500199,0.000437,123.3614,0.000000,0.000000,0.000000,0.260308,0.000000,0.000000,0.000000,0.00100000
1,189,1.372797,0.000408,119.9122,0.000000,0.000000,0.000000,0.184011,0.000000,0.000000,0.000000,0.00100000
1,190,1.491391,0.000426,113.4545,0.000000,0.000000,0.000000,0.313364,0.000000,0.000000,0.000000,0.00100000
1,191,1.220704,0.000368,116.6952,0.000000,0.000000,0.000000,0.134446,0.000000,0.000000,0.000000,0.00100000
1,192,1.295382,0.000383,121.5306,0.000000,0.000000,0.000000,0.187338,0.000000,0.000000,0.000000,0.00100000
1,193,1.321607,0.000392,115.7611,0.000000,0.000000,0.000000,0.184555,0.000000,0.000000,0.000000,0.00100000
1,194,1.168167,0.000353,122.7946,0.000000,0.000000,0.000000,0.120197,0.000000,0.000000,0.000000,0.00100000
1,195,1.126217,0.000341,117.9062,0.000000,0.000000,0.000000,0.111886,0.000000,0.000000,0.000000,0.00100000
1,196,1.109096,0.000325,114.0721,0.000000,0.000000,0.000000,0.176805,0.000000,0.000000,0.000000,0.00100000
1,197,1.305472,0.000377,122.2115,0.000000,0.000000,0.000000,0.249230,0.000000,0.000000,0.000000,0.00100000
1,198,1.080361,0.000311,118.5236,0.000000,0.000000,0.000000,0.209964,0.000000,0.000000,0.000000,0.00100000
1,199,1.160550,0.000346,115.6025,0.000000,0.000000,0.000000,0.149376,0.000000,0.000000,0.000000,0.00100000
1,200,1.281798,0.000389,110.9762,0.000000,0.000000,0.000000,0.125708,0.000000,0.000000,0.000000,0.00100000
1,201,1.437971,0.000430,116.4695,0.000000,0.000000,0.000000,0.179796,0.000000,0.000000,0.000000,0.00100000
1,202,1.010640,0.000303,115.2671,0.000000,0.000000,0.000000,0.118053,0.000000,0.000000,0.000000,0.00100000
1,203,1.194489,0.000361,109.8945,0.000000,0.000000,0.000000,0.127285,0.000000,0.000000,0.000000,0.00100000
1,204,1.513485,0.000445,110.7148,0.000000,0.000000,0.000000,0.238708,0.000000,0.000000,0.000000,0.00100000
1,205,1.229294,0.000345,121.1257,0.000000,0.000000,0.000000,0.294260,0.000000,0.000000,0.000000,0.00100000
1,206,1.123847,0.000330,122.9905,0.000000,0.000000,0.000000,0.176932,0.000000,0.000000,0.000000,0.00100000
1,207,1.132977,0.000324,112.8163,0.000000,0.000000,0.000000,0.235613,0.000000,0.000000,0.000000,0.00100000
1,208,1.226268,0.000351,116.8864,0.000000,0.000000,0.000000,0.251563,0.000000,0.000000,0.000000,0.00100000
1,209,1.142421,0.000329,110.9764,0.000000,0.000000,0.000000,0.218640,0.000000,0.000000,0.000000,0.00100000
1,210,1.161333,0.000346,116.2489,0.000000,0.000000,0.000000,0.152609,0.000000,0.000000,0.000000,0.00100000
1,211,1.266339,0.000379,112.4378,0.000000,0.000000,0.000000,0.154230,0.000000,0.000000,0.000000,0.00100000
1,212,1.136431,0.000333,115.0769,0.000000,0.000000,0.000000,0.183650,0.000000,0.000000,0.000000,0.00100000
1,213,1.064616,0.000314,117.8857,0.000000,0.000000,0.000000,0.162895,0.000000,0.000000,0.000000,0.00100000
1,214,1.108432,0.000330,113.4871,0.000000,0.000000,0.000000,0.145058,0.000000,0.000000,0.000000,0.00100000
1,215,1.157242,0.000321,105.9506,0.000000,0.000000,0.000000,0.299891,0.000000,0.000000,0.000000,0.00100000
1,216,1.339326,0.000374,118.5626,0.000000,0.000000,0.000000,0.331448,0.000000,0.000000,0.000000,0.00100000
1,217,1.112693,0.000330,107.2310,0.000000,0.000000,0.000000,0.156766,0.000000,0.000000,0.000000,0.00100000
1,218,1.245323,0.000344,119.1098,0.000000,0.000000,0.000000,0.334345,0.000000,0.000000,0.000000,0.00100000
1,219,1.243364,0.000368,122.4065,0.000000,0.000000,0.000000,0.176659,0.000000,0.000000,0.000000,0.00100000
1,220,1.940107,0.000569,112.7183,0.000000,0.000000,0.000000,0.311017,0.000000,0.000000,0.000000,0.00100000
1,221,1.332164,0.000383,117.3737,0.000000,0.000000,0.000000,0.259565,0.000000,0.000000,0.000000,0.00100000
1,222,1.225539,0.000354,112.1133,0.000000,0.000000,0.000000,0.233324,0.000000,0.000000,0.000000,0.00100000
1,223,1.407652,0.000411,119.3520,0.000000,0.000000,0.000000,0.238260,0.000000,0.000000,0.000000,0.00100000
1,224,1.274424,0.000374,114.5531,0.000000,0.000000,0.000000,0.201496,0.000000,0.000000,0.000000,0.00100000
1,225,1.352541,0.000397,115.4404,0.000000,0.000000,0.000000,0.216346,0.000000,0.000000,0.000000,0.00100000
1,226,1.609764,0.000467,115.3752,0.000000,0.000000,0.000000,0.290990,0.000000,0.000000,0.000000,0.00100000
1,227,1.265756,0.000375,120.0817,0.000000,0.000000,0.000000,0.182175,0.000000,0.000000,0.000000,0.00100000
1,228,1.112101,0.000312,123.2026,0.000000,0.000000,0.000000,0.268757,0.000000,0.000000,0.000000,0.00100000
1,229,1.230197,0.000361,124.6672,0.000000,0.000000,0.000000,0.195390,0.000000,0.000000,0.000000,0.00100000
1,230,1.229734,0.000345,109.4107,0.000000,0.000000,0.000000,0.292666,0.000000,0.000000,0.000000,0.00100000
1,231,1.064984,0.000306,108.6409,0.000000,0.000000,0.000000,0.208277,0.000000,0.000000,0.000000,0.00100000
1,232,1.240577,0.000368,108.2735,0.000000,0.000000,0.000000,0.170875,0.000000,0.000000,0.000000,0.00100000
1,233,1.074251,0.000309,105.5153,0.000000,0.000000,0.000000,0.209619,0.000000,0.000000,0.000000,0.00100000
1,234,0.976811,0.000288,110.1528,0.000000,0.000000,0.000000,0.149536,0.000000,0.000000,0.000000,0.00100000
1,235,1.212903,0.000364,107.4399,0.000000,0.000000,0.000000,0.140146,0.000000,0.000000,0.000000,0.00100000
1,236,1.047042,0.000312,110.9355,0.000000,0.000000,0.000000,0.134796,0.000000,0.000000,0.000000,0.00100000
1,237,1.626108,0.000471,120.4640,0.000000,0.000000,0.000000,0.299485,0.000000,0.000000,0.000000,0.00100000
1,238,1.146185,0.000344,114.0304,0.000000,0.000000,0.000000,0.137578,0.000000,0.000000,0.000000,0.00100000
1,239,1.173008,0.000353,113.4190,0.000000,0.000000,0.000000,0.130401,0.000000,0.000000,0.000000,0.00100000
1,240,1.118580,0.000319,118.4707,0.000000,0.000000,0.000000,0.233305,0.000000,0.000000,0.000000,0.00100000
1,241,1.469968,0.000431,120.3231,0.000000,0.000000,0.000000,0.238332,0.000000,0.000000,0.000000,0.00100000
1,242,1.438028,0.000414,114.2022,0.000000,0.000000,0.000000,0.278628,0.000000,0.000000,0.000000,0.00100000
1,243,1.322937,0.000366,109.1042,0.000000,0.000000,0.000000,0.350386,0.000000,0.000000,0.000000,0.00100000
1,244,1.140730,0.000333,120.1667,0.000000,0.000000,0.000000,0.195326,0.000000,0.000000,0.000000,0.00100000
1,245,1.137976,0.000333,110.5772,0.000000,0.000000,0.000000,0.190226,0.000000,0.000000,0.000000,0.00100000
1,246,1.137373,0.000325,119.8096,0.000000,0.000000,0.000000,0.234694,0.000000,0.000000,0.000000,0.00100000
1,247,1.115007,0.000335,114.7183,0.000000,0.000000,0.000000,0.126865,0.000000,0.000000,0.000000,0.00100000
1,248,1.194251,0.000357,118.2693,0.000000,0.000000,0.000000,0.147470,0.000000,0.000000,0.000000,0.00100000
1,249,1.278758,0.000368,113.4666,0.000000,0.000000,0.000000,0.250470,0.000000,0.000000,0.000000,0.00100000
1,250,1.187760,0.000343,116.2894,0.000000,0.000000,0.000000,0.221824,0.000000,0.000000,0.000000,0.00100000
1,251,1.031502,0.000298,115.7835,0.000000,0.000000,0.000000,0.191147,0.000000,0.000000,0.000000,0.00100000
1,252,1.233956,0.000357,120.7440,0.000000,0.000000,0.000000,0.228369,0.000000,0.000000,0.000000,0.00100000
1,253,1.288008,0.000371,117.6684,0.000000,0.000000,0.000000,0.249989,0.000000,0.000000,0.000000,0.00100000
1,254,1.199726,0.000351,107.2494,0.000000,0.000000,0.000000,0.199186,0.000000,0.000000,0.000000,0.00100000
1,255,1.093235,0.000320,117.7009,0.000000,0.000000,0.000000,0.179015,0.000000,0.000000,0.000000,0.00100000
1,256,1.058328,0.000314,114.7054,0.000000,0.000000,0.000000,0.146184,0.000000,0.000000,0.000000,0.00100000
1,257,1.038934,0.000312,125.2697,0.000000,0.000000,0.000000,0.121056,0.000000,0.000000,0.000000,0.00100000
1,258,1.108175,0.000317,113.6717,0.000000,0.000000,0.000000,0.230360,0.000000,0.000000,0.000000,0.00100000
1,259,0.994455,0.000300,122.2934,0.000000,0.000000,0.000000,0.105189,0.000000,0.000000,0.000000,0.00100000
1,260,1.308005,0.000389,122.5438,0.000000,0.000000,0.000000,0.175168,0.000000,0.000000,0.000000,0.00100000
1,261,0.978532,0.000294,116.9351,0.000000,0.000000,0.000000,0.111003,0.000000,0.000000,0.000000,0.00100000
1,262,1.078206,0.000320,114.6607,0.000000,0.000000,0.000000,0.151578,0.000000,0.000000,0.000000,0.00100000
1,263,1.095163,0.000329,114.2288,0.000000,0.000000,0.000000,0.128014,0.000000,0.000000,0.000000,0.00100000
1,264,1.020849,0.000298,119.4619,0.000000,0.000000,0.000000,0.169663,0.000000,0.000000,0.000000,0.00100000
1,265,1.075740,0.000316,119.6661,0.000000,0.000000,0.000000,0.171836,0.000000,0.000000,0.000000,0.00100000
1,266,1.234064,0.000360,121.3197,0.000000,0.000000,0.000000,0.208186,0.000000,0.000000,0.000000,0.00100000
1,267,1.297783,0.000380,115.6842,0.000000,0.000000,0.000000,0.209985,0.000000,0.000000,0.000000,0.00100000
1,268,1.533043,0.000458,116.9103,0.000000,0.000000,0.000000,0.193096,0.000000,0.000000,0.000000,0.00100000
1,269,1.319423,0.000393,115.0002,0.000000,0.000000,0.000000,0.171958,0.000000,0.000000,0.000000,0.00100000
1,270,1.486287,0.000451,113.2184,0.000000,0.000000,0.000000,0.142956,0.000000,0.000000,0.000000,0.00100000
1,271,1.328592,0.000390,113.1948,0.000000,0.000000,0.000000,0.212222,0.000000,0.000000,0.000000,0.00100000
1,272,1.145343,0.000342,115.9519,0.000000,0.000000,0.000000,0.148190,0.000000,0.000000,0.000000,0.00100000
1,273,1.031629,0.000312,114.9149,0.000000,0.000000,0.000000,0.106893,0.000000,0.000000,0.000000,0.00100000
1,274,1.308935,0.000397,116.6642,0.000000,0.000000,0.000000,0.128462,0.000000,0.000000,0.000000,0.00100000
1,275,1.063199,0.000317,110.7810,0.000000,0.000000,0.000000,0.137735,0.000000,0.000000,0.000000,0.00100000
1,276,1.064035,0.000319,109.8183,0.000000,0.000000,0.000000,0.129964,0.000000,0.000000,0.000000,0.00100000
1,277,1.042205,0.000307,113.2455,0.000000,0.000000,0.000000,0.158395,0.000000,0.000000,0.000000,0.00100000
1,278,0.956264,0.000289,113.0607,0.000000,0.000000,0.000000,0.098487,0.000000,0.000000,0.000000,0.00100000
1,279,1.113633,0.000320,117.1743,0.000000,0.000000,0.000000,0.218220,0.000000,0.000000,0.000000,0.00100000
1,280,1.054835,0.000301,121.4899,0.000000,0.000000,0.000000,0.220070,0.000000,0.000000,0.000000,0.00100000
1,281,1.161842,0.000337,111.1275,0.000000,0.000000,0.000000,0.207348,0.000000,0.000000,0.000000,0.00100000
1,282,1.760242,0.000532,118.2653,0.000000,0.000000,0.000000,0.186142,0.000000,0.000000,0.000000,0.00100000
1,283,1.384944,0.000408,116.8983,0.000000,0.000000,0.000000,0.208876,0.000000,0.000000,0.000000,0.00100000
1,284,1.370972,0.000413,116.0881,0.000000,0.000000,0.000000,0.148627,0.000000,0.000000,0.000000,0.00100000
1,285,1.180164,0.000348,116.6353,0.000000,0.000000,0.000000,0.178651,0.000000,0.000000,0.000000,0.00100000
1,286,1.226368,0.000357,118.2419,0.000000,0.000000,0.000000,0.215668,0.000000,0.000000,0.000000,0.00100000
1,287,1.063897,0.000316,117.4918,0.000000,0.000000,0.000000,0.147184,0.000000,0.000000,0.000000,0.00100000
1,288,1.011751,0.000289,126.7279,0.000000,0.000000,0.000000,0.213547,0.000000,0.000000,0.000000,0.00100000
1,289,1.129286,0.000342,122.3675,0.000000,0.000000,0.000000,0.115198,0.000000,0.000000,0.000000,0.00100000
1,290,1.053909,0.000316,116.5457,0.000000,0.000000,0.000000,0.126077,0.000000,0.000000,0.000000,0.00100000
1,291,0.938497,0.000279,113.5177,0.000000,0.000000,0.000000,0.128822,0.000000,0.000000,0.000000,0.00100000
1,292,0.957786,0.000278,123.6270,0.000000,0.000000,0.000000,0.174948,0.000000,0.000000,0.000000,0.00100000
1,293,1.015050,0.000300,112.6915,0.000000,0.000000,0.000000,0.147839,0.000000,0.000000,0.000000,0.00100000
1,294,1.011614,0.000304,111.5135,0.000000,0.000000,0.000000,0.113852,0.000000,0.000000,0.000000,0.00100000
1,295,1.019120,0.000306,113.4323,0.000000,0.000000,0.000000,0.118652,0.000000,0.000000,0.000000,0.00100000
1,296,1.443546,0.000427,123.6828,0.000000,0.000000,0.000000,0.211061,0.000000,0.000000,0.000000,0.00100000
1,297,1.278191,0.000378,122.4377,0.000000,0.000000,0.000000,0.185194,0.000000,0.000000,0.000000,0.00100000
1,298,1.361809,0.000396,110.7773,0.000000,0.000000,0.000000,0.237397,0.000000,0.000000,0.000000,0.00100000
1,299,1.208832,0.000360,119.5494,0.000000,0.000000,0.000000,0.161084,0.000000,0.000000,0.000000,0.00100000
1,300,1.075783,0.000317,120.1621,0.000000,0.000000,0.000000,0.165193,0.000000,0.000000,0.000000,0.00100000
1,301,1.372922,0.000396,121.4863,0.000000,0.000000,0.000000,0.263852,0.000000,0.000000,0.000000,0.00100000
1,302,1.040547,0.000305,112.9097,0.000000,0.000000,0.000000,0.168628,0.000000,0.000000,0.000000,0.00100000
1,303,1.007360,0.000295,109.4664,0.000000,0.000000,0.000000,0.162061,0.000000,0.000000,0.000000,0.00100000
1,304,1.011654,0.000303,110.4318,0.000000,0.000000,0.000000,0.123599,0.000000,0.000000,0.000000,0.00100000
1,305,1.063900,0.000315,120.5381,0.000000,0.000000,0.000000,0.152160,0.000000,0.000000,0.000000,0.00100000
1,306,0.938987,0.000280,118.4139,0.000000,0.000000,0.000000,0.123547,0.000000,0.000000,0.000000,0.00100000
1,307,0.874778,0.000260,118.5254,0.000000,0.000000,0.000000,0.117046,0.000000,0.000000,0.000000,0.00100000
1,308,1.073911,0.000310,121.8396,0.000000,0.000000,0.000000,0.201409,0.000000,0.000000,0.000000,0.00100000
1,309,1.168493,0.000349,117.8247,0.000000,0.000000,0.000000,0.148934,0.000000,0.000000,0.000000,0.00100000
1,310,1.227794,0.000364,109.1173,0.000000,0.000000,0.000000,0.171180,0.000000,0.000000,0.000000,0.00100000
1,311,0.984661,0.000299,122.8102,0.000000,0.000000,0.000000,0.091145,0.000000,0.000000,0.000000,0.00100000
1,312,1.084919,0.000326,118.6771,0.000000,0.000000,0.000000,0.124266,0.000000,0.000000,0.000000,0.00100000
1,313,1.279031,0.000386,113.0464,0.000000,0.000000,0.000000,0.140006,0.000000,0.000000,0.000000,0.00100000
1,314,1.119911,0.000328,118.5993,0.000000,0.000000,0.000000,0.182388,0.000000,0.000000,0.000000,0.00100000
1,315,1.257302,0.000379,117.7828,0.000000,0.000000,0.000000,0.140420,0.000000,0.000000,0.000000,0.00100000
1,316,0.982083,0.000297,118.4068,0.000000,0.000000,0.000000,0.103398,0.000000,0.000000,0.000000,0.00100000
1,317,0.928923,0.000286,113.0239,0.000000,0.000000,0.000000,0.062927,0.000000,0.000000,0.000000,0.00100000
1,318,0.946803,0.000268,104.2846,0.000000,0.000000,0.000000,0.212600,0.000000,0.000000,0.000000,0.00100000
1,319,1.004239,0.000288,109.3498,0.000000,0.000000,0.000000,0.203388,0.000000,0.000000,0.000000,0.00100000
1,320,0.861196,0.000262,110.0219,0.000000,0.000000,0.000000,0.082025,0.000000,0.000000,0.000000,0.00100000
1,321,1.212324,0.000354,120.9065,0.000000,0.000000,0.000000,0.207018,0.000000,0.000000,0.000000,0.00100000
1,322,0.942518,0.000274,121.1904,0.000000,0.000000,0.000000,0.164446,0.000000,0.000000,0.000000,0.00100000
1,323,1.072031,0.000321,111.7348,0.000000,0.000000,0.000000,0.128227,0.000000,0.000000,0.000000,0.00100000
1,324,1.451098,0.000427,119.2143,0.000000,0.000000,0.000000,0.224401,0.000000,0.000000,0.000000,0.00100000
1,325,1.144573,0.000336,120.2725,0.000000,0.000000,0.000000,0.179148,0.000000,0.000000,0.000000,0.00100000
1,326,1.001044,0.000298,121.0059,0.000000,0.000000,0.000000,0.130131,0.000000,0.000000,0.000000,0.00100000
1,327,1.006814,0.000300,115.2609,0.000000,0.000000,0.000000,0.131239,0.000000,0.000000,0.000000,0.00100000
1,328,1.228735,0.000370,118.6896,0.000000,0.000000,0.000000,0.138985,0.000000,0.000000,0.000000,0.00100000
1,329,1.363598,0.000402,115.3069,0.000000,0.000000,0.000000,0.206677,0.000000,0.000000,0.000000,0.00100000
1,330,1.047376,0.000298,118.1737,0.000000,0.000000,0.000000,0.225161,0.000000,0.000000,0.000000,0.00100000
1,331,0.982977,0.000297,123.2157,0.000000,0.000000,0.000000,0.100199,0.000000,0.000000,0.000000,0.00100000
1,332,1.255926,0.000382,123.7000,0.000000,0.000000,0.000000,0.117196,0.000000,0.000000,0.000000,0.00100000
1,333,1.007904,0.000304,119.8803,0.000000,0.000000,0.000000,0.106973,0.000000,0.000000,0.000000,0.00100000
1,334,0.954042,0.000290,118.5499,0.000000,0.000000,0.000000,0.091803,0.000000,0.000000,0.000000,0.00100000
1,335,1.129979,0.000334,109.7567,0.000000,0.000000,0.000000,0.168103,0.000000,0.000000,0.000000,0.00100000
1,336,1.140872,0.000334,121.6029,0.000000,0.000000,0.000000,0.188516,0.000000,0.000000,0.000000,0.00100000
1,337,1.068076,0.000320,116.2662,0.000000,0.000000,0.000000,0.130515,0.000000,0.000000,0.000000,0.00100000
1,338,0.929049,0.000276,117.9996,0.000000,0.000000,0.000000,0.125779,0.000000,0.000000,0.000000,0.00100000
1,339,1.026449,0.000309,113.4639,0.000000,0.000000,0.000000,0.114543,0.000000,0.000000,0.000000,0.00100000
1,340,1.023023,0.000305,110.2377,0.000000,0.000000,0.000000,0.135725,0.000000,0.000000,0.000000,0.00100000
1,341,1.018667,0.000306,110.2276,0.000000,0.000000,0.000000,0.115294,0.000000,0.000000,0.000000,0.00100000
1,342,0.976344,0.000296,119.1037,0.000000,0.000000,0.000000,0.094453,0.000000,0.000000,0.000000,0.00100000
1,343,1.138027,0.000335,122.5482,0.000000,0.000000,0.000000,0.174244,0.000000,0.000000,0.000000,0.00100000
1,344,1.015611,0.000304,129.2117,0.000000,0.000000,0.000000,0.124422,0.000000,0.000000,0.000000,0.00100000
1,345,1.031152,0.000306,125.0753,0.000000,0.000000,0.000000,0.142583,0.000000,0.000000,0.000000,0.00100000
1,346,1.172562,0.000354,125.8263,0.000000,0.000000,0.000000,0.127230,0.000000,0.000000,0.000000,0.00100000
1,347,0.994384,0.000298,128.5486,0.000000,0.000000,0.000000,0.117670,0.000000,0.000000,0.000000,0.00100000
1,348,1.123721,0.000325,111.8915,0.000000,0.000000,0.000000,0.206092,0.000000,0.000000,0.000000,0.00100000
1,349,1.005408,0.000301,118.9795,0.000000,0.000000,0.000000,0.122107,0.000000,0.000000,0.000000,0.00100000
1,350,1.039661,0.000298,112.0188,0.000000,0.000000,0.000000,0.211767,0.000000,0.000000,0.000000,0.00100000
1,351,0.942349,0.000282,119.4105,0.000000,0.000000,0.000000,0.117461,0.000000,0.000000,0.000000,0.00100000
1,352,0.973920,0.000294,118.5262,0.000000,0.000000,0.000000,0.106750,0.000000,0.000000,0.000000,0.00100000
1,353,0.907647,0.000269,113.8404,0.000000,0.000000,0.000000,0.127383,0.000000,0.000000,0.000000,0.00100000
1,354,1.086230,0.000313,106.0604,0.000000,0.000000,0.000000,0.208782,0.000000,0.000000,0.000000,0.00100000
1,355,0.936466,0.000276,109.6561,0.000000,0.000000,0.000000,0.139669,0.000000,0.000000,0.000000,0.00100000
1,356,0.776474,0.000230,108.4761,0.000000,0.000000,0.000000,0.109756,0.000000,0.000000,0.000000,0.00100000
1,357,0.896715,0.000273,106.0089,0.000000,0.000000,0.000000,0.079107,0.000000,0.000000,0.000000,0.00100000
1,358,0.759654,0.000233,109.0561,0.000000,0.000000,0.000000,0.058899,0.000000,0.000000,0.000000,0.00100000
1,359,0.796317,0.000240,117.2913,0.000000,0.000000,0.000000,0.090052,0.000000,0.000000,0.000000,0.00100000
1,360,1.072156,0.000327,116.4648,0.000000,0.000000,0.000000,0.094790,0.000000,0.000000,0.000000,0.00100000
1,361,1.203491,0.000365,113.4313,0.000000,0.000000,0.000000,0.120042,0.000000,0.000000,0.000000,0.00100000
1,362,1.151753,0.000348,111.1964,0.000000,0.000000,0.000000,0.119362,0.000000,0.000000,0.000000,0.00100000
1,363,0.988371,0.000300,116.0607,0.000000,0.000000,0.000000,0.093868,0.000000,0.000000,0.000000,0.00100000
1,364,0.915775,0.000276,117.7976,0.000000,0.000000,0.000000,0.101219,0.000000,0.000000,0.000000,0.00100000
1,365,0.902706,0.000275,116.4573,0.000000,0.000000,0.000000,0.083194,0.000000,0.000000,0.000000,0.00100000
1,366,0.957713,0.000287,125.1062,0.000000,0.000000,0.000000,0.113808,0.000000,0.000000,0.000000,0.00100000
1,367,1.136357,0.000341,110.9541,0.000000,0.000000,0.000000,0.135304,0.000000,0.000000,0.000000,0.00100000
1,368,1.300829,0.000385,116.9502,0.000000,0.000000,0.000000,0.185063,0.000000,0.000000,0.000000,0.00100000
1,369,1.026417,0.000312,107.0052,0.000000,0.000000,0.000000,0.093055,0.000000,0.000000,0.000000,0.00100000
1,370,0.978861,0.000300,107.8268,0.000000,0.000000,0.000000,0.075730,0.000000,0.000000,0.000000,0.00100000
1,371,0.910156,0.000264,110.6159,0.000000,0.000000,0.000000,0.161902,0.000000,0.000000,0.000000,0.00100000
1,372,1.282237,0.000379,104.3567,0.000000,0.000000,0.000000,0.186243,0.000000,0.000000,0.000000,0.00100000
1,373,0.977366,0.000290,108.6589,0.000000,0.000000,0.000000,0.134911,0.000000,0.000000,0.000000,0.00100000
1,374,1.079423,0.000327,114.4670,0.000000,0.000000,0.000000,0.106582,0.000000,0.000000,0.000000,0.00100000
1,375,1.252663,0.000381,124.8002,0.000000,0.000000,0.000000,0.117444,0.000000,0.000000,0.000000,0.00100000
1,376,1.211585,0.000355,112.4702,0.000000,0.000000,0.000000,0.194124,0.000000,0.000000,0.000000,0.00100000
1,377,1.160658,0.000347,124.7852,0.000000,0.000000,0.000000,0.145884,0.000000,0.000000,0.000000,0.00100000
1,378,0.952525,0.000282,113.6658,0.000000,0.000000,0.000000,0.136851,0.000000,0.000000,0.000000,0.00100000
1,379,1.050593,0.000316,110.2140,0.000000,0.000000,0.000000,0.117548,0.000000,0.000000,0.000000,0.00100000
1,380,0.939967,0.000279,115.4802,0.000000,0.000000,0.000000,0.132733,0.000000,0.000000,0.000000,0.00100000
1,381,1.006067,0.000305,108.4830,0.000000,0.000000,0.000000,0.100225,0.000000,0.000000,0.000000,0.00100000
1,382,0.912667,0.000271,114.5709,0.000000,0.000000,0.000000,0.125110,0.000000,0.000000,0.000000,0.00100000
1,383,0.993069,0.000295,115.5228,0.000000,0.000000,0.000000,0.133513,0.000000,0.000000,0.000000,0.00100000
1,384,0.919569,0.000281,114.1906,0.000000,0.000000,0.000000,0.076886,0.000000,0.000000,0.000000,0.00100000
1,385,0.906734,0.000266,125.0881,0.000000,0.000000,0.000000,0.144450,0.000000,0.000000,0.000000,0.00100000
1,386,0.896250,0.000267,113.2456,0.000000,0.000000,0.000000,0.118827,0.000000,0.000000,0.000000,0.00100000
1,387,0.839026,0.000257,118.9189,0.000000,0.000000,0.000000,0.064544,0.000000,0.000000,0.000000,0.00100000
1,388,0.777041,0.000231,120.8586,0.000000,0.000000,0.000000,0.102116,0.000000,0.000000,0.000000,0.00100000
1,389,0.943140,0.000287,115.1201,0.000000,0.000000,0.000000,0.085492,0.000000,0.000000,0.000000,0.00100000
1,390,0.923859,0.000284,119.4933,0.000000,0.000000,0.000000,0.066403,0.000000,0.000000,0.000000,0.00100000
1,391,1.064352,0.000321,115.9753,0.000000,0.000000,0.000000,0.115069,0.000000,0.000000,0.000000,0.00100000
1,392,1.130173,0.000339,123.8374,0.000000,0.000000,0.000000,0.136963,0.000000,0.000000,0.000000,0.00100000
1,393,1.034694,0.000302,118.0307,0.000000,0.000000,0.000000,0.175925,0.000000,0.000000,0.000000,0.00100000
1,394,0.905925,0.000271,122.3781,0.000000,0.000000,0.000000,0.112625,0.000000,0.000000,0.000000,0.00100000
1,395,0.952158,0.000286,120.1812,0.000000,0.000000,0.000000,0.110520,0.000000,0.000000,0.000000,0.00100000
1,396,0.835118,0.000250,123.3463,0.000000,0.000000,0.000000,0.104188,0.000000,0.000000,0.000000,0.00100000
1,397,0.829065,0.000258,118.4645,0.000000,0.000000,0.000000,0.042178,0.000000,0.000000,0.000000,0.00100000
1,398,1.008446,0.000298,122.4984,0.000000,0.000000,0.000000,0.147588,0.000000,0.000000,0.000000,0.00100000
1,399,0.978016,0.000292,124.2781,0.000000,0.000000,0.000000,0.122405,0.000000,0.000000,0.000000,0.00100000
1,400,0.924756,0.000278,117.8353,0.000000,0.000000,0.000000,0.106321,0.000000,0.000000,0.000000,0.00100000
1,401,0.860259,0.000259,123.1257,0.000000,0.000000,0.000000,0.093525,0.000000,0.000000,0.000000,0.00100000
1,402,0.954776,0.000290,115.6469,0.000000,0.000000,0.000000,0.091673,0.000000,0.000000,0.000000,0.00100000
1,403,0.762016,0.000233,125.3650,0.000000,0.000000,0.000000,0.060397,0.000000,0.000000,0.000000,0.00100000
1,404,0.825456,0.000252,117.8849,0.000000,0.000000,0.000000,0.071973,0.000000,0.000000,0.000000,0.00100000
1,405,0.818110,0.000245,109.7511,0.000000,0.000000,0.000000,0.102227,0.000000,0.000000,0.000000,0.00100000
1,406,0.890268,0.000274,112.7583,0.000000,0.000000,0.000000,0.061183,0.000000,0.000000,0.000000,0.00100000
1,407,1.201113,0.000364,112.4658,0.000000,0.000000,0.000000,0.120012,0.000000,0.000000,0.000000,0.00100000
1,408,1.016382,0.000304,120.1664,0.000000,0.000000,0.000000,0.125406,0.000000,0.000000,0.000000,0.00100000
1,409,1.073857,0.000326,113.7279,0.000000,0.000000,0.000000,0.106145,0.000000,0.000000,0.000000,0.00100000
1,410,1.174934,0.000360,124.6307,0.000000,0.000000,0.000000,0.091546,0.000000,0.000000,0.000000,0.00100000
1,411,1.275618,0.000389,113.9394,0.000000,0.000000,0.000000,0.112901,0.000000,0.000000,0.000000,0.00100000
1,412,1.116068,0.000338,121.2243,0.000000,0.000000,0.000000,0.114326,0.000000,0.000000,0.000000,0.00100000
1,413,1.089984,0.000297,108.2167,0.000000,0.000000,0.000000,0.317501,0.000000,0.000000,0.000000,0.00100000
1,414,0.953668,0.000281,122.5350,0.000000,0.000000,0.000000,0.143601,0.000000,0.000000,0.000000,0.00100000
1,415,1.207895,0.000363,110.1745,0.000000,0.000000,0.000000,0.140071,0.000000,0.000000,0.000000,0.00100000
1,416,0.964599,0.000286,109.7872,0.000000,0.000000,0.000000,0.137564,0.000000,0.000000,0.000000,0.00100000
1,417,0.849997,0.000249,121.6151,0.000000,0.000000,0.000000,0.138075,0.000000,0.000000,0.000000,0.00100000
1,418,0.992152,0.000300,120.3160,0.000000,0.000000,0.000000,0.099805,0.000000,0.000000,0.000000,0.00100000
1,419,0.831880,0.000247,117.2974,0.000000,0.000000,0.000000,0.115713,0.000000,0.000000,0.000000,0.00100000
1,420,0.826987,0.000250,115.7066,0.000000,0.000000,0.000000,0.086115,0.000000,0.000000,0.000000,0.00100000
1,421,0.923836,0.000280,118.7880,0.000000,0.000000,0.000000,0.094235,0.000000,0.000000,0.000000,0.00100000
1,422,1.104543,0.000322,107.6886,0.000000,0.000000,0.000000,0.190367,0.000000,0.000000,0.000000,0.00100000
1,423,0.950571,0.000280,104.4665,0.000000,0.000000,0.000000,0.146191,0.000000,0.000000,0.000000,0.00100000
1,424,0.953855,0.000288,110.3182,0.000000,0.000000,0.000000,0.103937,0.000000,0.000000,0.000000,0.00100000
1,425,0.816278,0.000243,111.1665,0.000000,0.000000,0.000000,0.106229,0.000000,0.000000,0.000000,0.00100000
1,426,0.776178,0.000239,109.6594,0.000000,0.000000,0.000000,0.055275,0.000000,0.000000,0.000000,0.00100000
1,427,0.723176,0.000224,110.6463,0.000000,0.000000,0.000000,0.043966,0.000000,0.000000,0.000000,0.00100000
1,428,1.013745,0.000304,122.3971,0.000000,0.000000,0.000000,0.120611,0.000000,0.000000,0.000000,0.00100000
1,429,0.850620,0.000261,125.8557,0.000000,0.000000,0.000000,0.066465,0.000000,0.000000,0.000000,0.00100000
1,430,0.862950,0.000264,123.8357,0.000000,0.000000,0.000000,0.069590,0.000000,0.000000,0.000000,0.00100000
1,431,0.849906,0.000251,112.9284,0.000000,0.000000,0.000000,0.122443,0.000000,0.000000,0.000000,0.00100000
1,432,0.853681,0.000261,110.3731,0.000000,0.000000,0.000000,0.071969,0.000000,0.000000,0.000000,0.00100000
1,433,0.859792,0.000266,109.1481,0.000000,0.000000,0.000000,0.053744,0.000000,0.000000,0.000000,0.00100000
1,434,0.826933,0.000249,112.4667,0.000000,0.000000,0.000000,0.090535,0.000000,0.000000,0.000000,0.00100000
1,435,0.845025,0.000259,109.6132,0.000000,0.000000,0.000000,0.064661,0.000000,0.000000,0.000000,0.00100000
1,436,0.870389,0.000269,111.7182,0.000000,0.000000,0.000000,0.053396,0.000000,0.000000,0.000000,0.00100000
1,437,0.758561,0.000236,110.1044,0.000000,0.000000,0.000000,0.039828,0.000000,0.000000,0.000000,0.00100000
1,438,0.963223,0.000295,120.9414,0.000000,0.000000,0.000000,0.077763,0.000000,0.000000,0.000000,0.00100000
1,439,0.797727,0.000240,111.7159,0.000000,0.000000,0.000000,0.089091,0.000000,0.000000,0.000000,0.00100000
1,440,0.817773,0.000252,116.1752,0.000000,0.000000,0.000000,0.055238,0.000000,0.000000,0.000000,0.00100000
1,441,0.882222,0.000268,116.3512,0.000000,0.000000,0.000000,0.083283,0.000000,0.000000,0.000000,0.00100000
1,442,0.850747,0.000254,122.0214,0.000000,0.000000,0.000000,0.110509,0.000000,0.000000,0.000000,0.00100000
1,443,0.798093,0.000241,129.1048,0.000000,0.000000,0.000000,0.084265,0.000000,0.000000,0.000000,0.00100000
1,444,0.801703,0.000233,121.2033,0.000000,0.000000,0.000000,0.140700,0.000000,0.000000,0.000000,0.00100000
1,445,0.912448,0.000270,118.1450,0.000000,0.000000,0.000000,0.130022,0.000000,0.000000,0.000000,0.00100000
1,446,0.876833,0.000261,124.7142,0.000000,0.000000,0.000000,0.119035,0.000000,0.000000,0.000000,0.00100000
1,447,0.860251,0.000258,119.9798,0.000000,0.000000,0.000000,0.105141,0.000000,0.000000,0.000000,0.00100000
1,448,0.789616,0.000241,122.0526,0.000000,0.000000,0.000000,0.069470,0.000000,0.000000,0.000000,0.00100000
1,449,0.786153,0.000234,119.5966,0.000000,0.000000,0.000000,0.104912,0.000000,0.000000,0.000000,0.00100000
1,450,0.744874,0.000222,122.3757,0.000000,0.000000,0.000000,0.096435,0.000000,0.000000,0.000000,0.00100000
1,451,0.766933,0.000234,123.9092,0.000000,0.000000,0.000000,0.064733,0.000000,0.000000,0.000000,0.00100000
1,452,0.823367,0.000249,120.3495,0.000000,0.000000,0.000000,0.087917,0.000000,0.000000,0.000000,0.00100000
1,453,1.104742,0.000344,117.2550,0.000000,0.000000,0.000000,0.053313,0.000000,0.000000,0.000000,0.00100000
1,454,1.335778,0.000392,128.4524,0.000000,0.000000,0.000000,0.212598,0.000000,0.000000,0.000000,0.00100000
1,455,1.010143,0.000298,122.9773,0.000000,0.000000,0.000000,0.148291,0.000000,0.000000,0.000000,0.00100000
1,456,1.286445,0.000386,118.8477,0.000000,0.000000,0.000000,0.151777,0.000000,0.000000,0.000000,0.00100000
1,457,0.967993,0.000280,118.8610,0.000000,0.000000,0.000000,0.179039,0.000000,0.000000,0.000000,0.00100000
1,458,1.075014,0.000321,120.8640,0.000000,0.000000,0.000000,0.136270,0.000000,0.000000,0.000000,0.00100000
1,459,1.249818,0.000379,121.9524,0.000000,0.000000,0.000000,0.122666,0.000000,0.000000,0.000000,0.00100000
1,460,1.024220,0.000307,121.2046,0.000000,0.000000,0.000000,0.120345,0.000000,0.000000,0.000000,0.00100000
1,461,1.117462,0.000335,107.3212,0.000000,0.000000,0.000000,0.133596,0.000000,0.000000,0.000000,0.00100000
1,462,0.962339,0.000281,119.7624,0.000000,0.000000,0.000000,0.162260,0.000000,0.000000,0.000000,0.00100000
1,463,0.812856,0.000244,122.4014,0.000000,0.000000,0.000000,0.097861,0.000000,0.000000,0.000000,0.00100000
1,464,0.843114,0.000258,120.6994,0.000000,0.000000,0.000000,0.068615,0.000000,0.000000,0.000000,0.00100000
1,465,0.776640,0.000230,119.5509,0.000000,0.000000,0.000000,0.109018,0.000000,0.000000,0.000000,0.00100000
1,466,0.788357,0.000238,113.3134,0.000000,0.000000,0.000000,0.083363,0.000000,0.000000,0.000000,0.00100000
1,467,0.883817,0.000264,117.4082,0.000000,0.000000,0.000000,0.110228,0.000000,0.000000,0.000000,0.00100000
1,468,0.764173,0.000224,105.5601,0.000000,0.000000,0.000000,0.121488,0.000000,0.000000,0.000000,0.00100000
1,469,0.886387,0.000267,117.2397,0.000000,0.000000,0.000000,0.100812,0.000000,0.000000,0.000000,0.00100000
1,470,1.006185,0.000309,120.0088,0.000000,0.000000,0.000000,0.072127,0.000000,0.000000,0.000000,0.00100000
1,471,0.800148,0.000237,123.7863,0.000000,0.000000,0.000000,0.115102,0.000000,0.000000,0.000000,0.00100000
1,472,0.706918,0.000215,116.2198,0.000000,0.000000,0.000000,0.066704,0.000000,0.000000,0.000000,0.00100000
1,473,0.829387,0.000243,124.5234,0.000000,0.000000,0.000000,0.134781,0.000000,0.000000,0.000000,0.00100000
1,474,0.720766,0.000221,117.8349,0.000000,0.000000,0.000000,0.053205,0.000000,0.000000,0.000000,0.00100000
1,475,0.816088,0.000251,112.6519,0.000000,0.000000,0.000000,0.056092,0.000000,0.000000,0.000000,0.00100000
1,476,0.885166,0.000270,120.9182,0.000000,0.000000,0.000000,0.079055,0.000000,0.000000,0.000000,0.00100000
1,477,0.987793,0.000302,110.8076,0.000000,0.000000,0.000000,0.079754,0.000000,0.000000,0.000000,0.00100000
1,478,0.860960,0.000258,120.1498,0.000000,0.000000,0.000000,0.103351,0.000000,0.000000,0.000000,0.00100000
1,479,0.948715,0.000286,108.1844,0.000000,0.000000,0.000000,0.102552,0.000000,0.000000,0.000000,0.00100000
1,480,0.872195,0.000266,116.9017,0.000000,0.000000,0.000000,0.076783,0.000000,0.000000,0.000000,0.00100000
1,481,0.964123,0.000290,106.7184,0.000000,0.000000,0.000000,0.106385,0.000000,0.000000,0.000000,0.00100000
1,482,1.197666,0.000351,105.0856,0.000000,0.000000,0.000000,0.195442,0.000000,0.000000,0.000000,0.00100000
1,483,1.058310,0.000319,116.0886,0.000000,0.000000,0.000000,0.115855,0.000000,0.000000,0.000000,0.00100000
1,484,0.911889,0.000266,113.5927,0.000000,0.000000,0.000000,0.158420,0.000000,0.000000,0.000000,0.00100000
1,485,0.854499,0.000260,111.8664,0.000000,0.000000,0.000000,0.080387,0.000000,0.000000,0.000000,0.00100000
1,486,1.235417,0.000376,116.5699,0.000000,0.000000,0.000000,0.114534,0.000000,0.000000,0.000000,0.00100000
1,487,0.911995,0.000274,111.1891,0.000000,0.000000,0.000000,0.105867,0.000000,0.000000,0.000000,0.00100000
1,488,0.954614,0.000289,118.9670,0.000000,0.000000,0.000000,0.098458,0.000000,0.000000,0.000000,0.00100000
1,489,0.960826,0.000296,113.5037,0.000000,0.000000,0.000000,0.066967,0.000000,0.000000,0.000000,0.00100000
1,490,0.938983,0.000287,109.8735,0.000000,0.000000,0.000000,0.075859,0.000000,0.000000,0.000000,0.00100000
1,491,0.805455,0.000246,102.6861,0.000000,0.000000,0.000000,0.065098,0.000000,0.000000,0.000000,0.00100000
1,492,0.847939,0.000260,113.1960,0.000000,0.000000,0.000000,0.066994,0.000000,0.000000,0.000000,0.00100000
1,493,0.902456,0.000275,103.4912,0.000000,0.000000,0.000000,0.081261,0.000000,0.000000,0.000000,0.00100000
1,494,0.904950,0.000275,110.1195,0.000000,0.000000,0.000000,0.084291,0.000000,0.000000,0.000000,0.00100000
1,495,0.938824,0.000281,119.2579,0.000000,0.000000,0.000000,0.117950,0.000000,0.000000,0.000000,0.00100000
1,496,0.808293,0.000243,114.8914,0.000000,0.000000,0.000000,0.094918,0.000000,0.000000,0.000000,0.00100000
1,497,0.844114,0.000255,125.3620,0.000000,0.000000,0.000000,0.089443,0.000000,0.000000,0.000000,0.00100000
1,498,0.752902,0.000231,121.9283,0.000000,0.000000,0.000000,0.058773,0.000000,0.000000,0.000000,0.00100000
1,499,0.877604,0.000261,109.5658,0.000000,0.000000,0.000000,0.119715,0.000000,0.000000,0.000000,0.00100000
1,500,1.157115,0.000353,115.2068,0.000000,0.000000,0.000000,0.097493,0.000000,0.000000,0.000000,0.00100000
1,501,1.075635,0.000324,110.9553,0.000000,0.000000,0.000000,0.119808,0.000000,0.000000,0.000000,0.00100000
1,502,1.427366,0.000429,121.5128,0.000000,0.000000,0.000000,0.165064,0.000000,0.000000,0.000000,0.00100000
1,503,1.576483,0.000468,123.4675,0.000000,0.000000,0.000000,0.215011,0.000000,0.000000,0.000000,0.00100000
1,504,1.147520,0.000341,121.0690,0.000000,0.000000,0.000000,0.158545,0.000000,0.000000,0.000000,0.00100000
1,505,1.287253,0.000388,126.0606,0.000000,0.000000,0.000000,0.138843,0.000000,0.000000,0.000000,0.00100000
1,506,1.391296,0.000416,122.1573,0.000000,0.000000,0.000000,0.172819,0.000000,0.000000,0.000000,0.00100000
1,507,1.552015,0.000466,114.4135,0.000000,0.000000,0.000000,0.183626,0.000000,0.000000,0.000000,0.00100000
1,508,1.347671,0.000408,113.1160,0.000000,0.000000,0.000000,0.133585,0.000000,0.000000,0.000000,0.00100000
1,509,1.531009,0.000438,124.9245,0.000000,0.000000,0.000000,0.315801,0.000000,0.000000,0.000000,0.00100000
1,510,1.101402,0.000332,107.8768,0.000000,0.000000,0.000000,0.122751,0.000000,0.000000,0.000000,0.00100000
1,511,0.838174,0.000254,108.2741,0.000000,0.000000,0.000000,0.083998,0.000000,0.000000,0.000000,0.00100000
1,512,0.799029,0.000245,108.2082,0.000000,0.000000,0.000000,0.063654,0.000000,0.000000,0.000000,0.00100000
1,513,0.983415,0.000297,111.3025,0.000000,0.000000,0.000000,0.106548,0.000000,0.000000,0.000000,0.00100000
1,514,0.789851,0.000241,110.3595,0.000000,0.000000,0.000000,0.065971,0.000000,0.000000,0.000000,0.00100000
1,515,0.847289,0.000256,114.1908,0.000000,0.000000,0.000000,0.086367,0.000000,0.000000,0.000000,0.00100000
1,516,0.991948,0.000295,100.8877,0.000000,0.000000,0.000000,0.131125,0.000000,0.000000,0.000000,0.00100000
1,517,1.047727,0.000314,122.0719,0.000000,0.000000,0.000000,0.125400,0.000000,0.000000,0.000000,0.00100000
1,518,1.097086,0.000339,121.4222,0.000000,0.000000,0.000000,0.070873,0.000000,0.000000,0.000000,0.00100000
1,519,0.864279,0.000258,114.4236,0.000000,0.000000,0.000000,0.109166,0.000000,0.000000,0.000000,0.00100000
1,520,1.011427,0.000310,120.5249,0.000000,0.000000,0.000000,0.079029,0.000000,0.000000,0.000000,0.00100000
1,521,0.865592,0.000267,117.6788,0.000000,0.000000,0.000000,0.057823,0.000000,0.000000,0.000000,0.00100000
1,522,0.873511,0.000260,98.7681,0.000000,0.000000,0.000000,0.115177,0.000000,0.000000,0.000000,0.00100000
1,523,1.074928,0.000319,123.1993,0.000000,0.000000,0.000000,0.147417,0.000000,0.000000,0.000000,0.00100000
1,524,0.974216,0.000298,109.4608,0.000000,0.000000,0.000000,0.076658,0.000000,0.000000,0.000000,0.00100000
1,525,0.787768,0.000240,112.4205,0.000000,0.000000,0.000000,0.067214,0.000000,0.000000,0.000000,0.00100000
1,526,0.707012,0.000218,112.7379,0.000000,0.000000,0.000000,0.045640,0.000000,0.000000,0.000000,0.00100000
1,527,0.824162,0.000258,113.4403,0.000000,0.000000,0.000000,0.030959,0.000000,0.000000,0.000000,0.00100000
1,528,0.692818,0.000217,109.9861,0.000000,0.000000,0.000000,0.026046,0.000000,0.000000,0.000000,0.00100000
1,529,0.731005,0.000228,113.6820,0.000000,0.000000,0.000000,0.031106,0.000000,0.000000,0.000000,0.00100000
1,530,0.761390,0.000239,107.4509,0.000000,0.000000,0.000000,0.025201,0.000000,0.000000,0.000000,0.00100000
1,531,0.880963,0.000273,113.4295,0.000000,0.000000,0.000000,0.048715,0.000000,0.000000,0.000000,0.00100000
1,532,0.902855,0.000277,116.5772,0.000000,0.000000,0.000000,0.068997,0.000000,0.000000,0.000000,0.00100000
1,533,0.886823,0.000275,121.1243,0.000000,0.000000,0.000000,0.047704,0.000000,0.000000,0.000000,0.00100000
1,534,0.875416,0.000271,112.1863,0.000000,0.000000,0.000000,0.053629,0.000000,0.000000,0.000000,0.00100000
1,535,0.928412,0.000287,114.2482,0.000000,0.000000,0.000000,0.059297,0.000000,0.000000,0.000000,0.00100000
1,536,0.801781,0.000242,111.3781,0.000000,0.000000,0.000000,0.087185,0.000000,0.000000,0.000000,0.00100000
1,537,0.756461,0.000233,118.3031,0.000000,0.000000,0.000000,0.049331,0.000000,0.000000,0.000000,0.00100000
1,538,0.740191,0.000228,121.6385,0.000000,0.000000,0.000000,0.052498,0.000000,0.000000,0.000000,0.00100000
1,539,0.734492,0.000226,119.6194,0.000000,0.000000,0.000000,0.050625,0.000000,0.000000,0.000000,0.00100000
1,540,0.775592,0.000235,128.2150,0.000000,0.000000,0.000000,0.074608,0.000000,0.000000,0.000000,0.00100000
1,541,0.789789,0.000239,120.1051,0.000000,0.000000,0.000000,0.077529,0.000000,0.000000,0.000000,0.00100000
1,542,0.769215,0.000234,111.9151,0.000000,0.000000,0.000000,0.070684,0.000000,0.000000,0.000000,0.00100000
1,543,0.766852,0.000232,115.4867,0.000000,0.000000,0.000000,0.080060,0.000000,0.000000,0.000000,0.00100000
1,544,0.789077,0.000243,106.2556,0.000000,0.000000,0.000000,0.056915,0.000000,0.000000,0.000000,0.00100000
1,545,0.765818,0.000235,99.9608,0.000000,0.000000,0.000000,0.058899,0.000000,0.000000,0.000000,0.00100000
1,546,0.804889,0.000244,115.7931,0.000000,0.000000,0.000000,0.077684,0.000000,0.000000,0.000000,0.00100000
1,547,0.980079,0.000302,114.5048,0.000000,0.000000,0.000000,0.063069,0.000000,0.000000,0.000000,0.00100000
1,548,0.962368,0.000298,120.4493,0.000000,0.000000,0.000000,0.053936,0.000000,0.000000,0.000000,0.00100000
1,549,1.032638,0.000308,113.4818,0.000000,0.000000,0.000000,0.136273,0.000000,0.000000,0.000000,0.00100000
1,550,1.093245,0.000331,123.9144,0.000000,0.000000,0.000000,0.111568,0.000000,0.000000,0.000000,0.00100000
1,551,0.793504,0.000241,117.3870,0.000000,0.000000,0.000000,0.074857,0.000000,0.000000,0.000000,0.00100000
1,552,1.012843,0.000307,111.6276,0.000000,0.000000,0.000000,0.101409,0.000000,0.000000,0.000000,0.00100000
1,553,0.871318,0.000267,109.2379,0.000000,0.000000,0.000000,0.066904,0.000000,0.000000,0.000000,0.00100000
1,554,0.993266,0.000296,109.4173,0.000000,0.000000,0.000000,0.129168,0.000000,0.000000,0.000000,0.00100000
1,555,0.812528,0.000247,110.1062,0.000000,0.000000,0.000000,0.075525,0.000000,0.000000,0.000000,0.00100000
1,556,0.788686,0.000242,108.0332,0.000000,0.000000,0.000000,0.058709,0.000000,0.000000,0.000000,0.00100000
1,557,0.750200,0.000230,111.6357,0.000000,0.000000,0.000000,0.055802,0.000000,0.000000,0.000000,0.00100000
1,558,0.805563,0.000249,110.2543,0.000000,0.000000,0.000000,0.051565,0.000000,0.000000,0.000000,0.00100000
1,559,0.710898,0.000224,114.5541,0.000000,0.000000,0.000000,0.019677,0.000000,0.000000,0.000000,0.00100000
1,560,0.880578,0.000264,125.6759,0.000000,0.000000,0.000000,0.104176,0.000000,0.000000,0.000000,0.00100000
1,561,0.743658,0.000224,112.5922,0.000000,0.000000,0.000000,0.084299,0.000000,0.000000,0.000000,0.00100000
1,562,0.800096,0.000240,115.7412,0.000000,0.000000,0.000000,0.092506,0.000000,0.000000,0.000000,0.00100000
1,563,1.115033,0.000329,123.1507,0.000000,0.000000,0.000000,0.163969,0.000000,0.000000,0.000000,0.00100000
1,564,0.758760,0.000224,114.3729,0.000000,0.000000,0.000000,0.115651,0.000000,0.000000,0.000000,0.00100000
1,565,0.818607,0.000244,113.0745,0.000000,0.000000,0.000000,0.106440,0.000000,0.000000,0.000000,0.00100000
1,566,0.671974,0.000199,105.0190,0.000000,0.000000,0.000000,0.094717,0.000000,0.000000,0.000000,0.00100000
1,567,0.777255,0.000221,103.7020,0.000000,0.000000,0.000000,0.168106,0.000000,0.000000,0.000000,0.00100000
1,568,0.723884,0.000212,99.6042,0.000000,0.000000,0.000000,0.116380,0.000000,0.000000,0.000000,0.00100000
1,569,0.759777,0.000224,115.6770,0.000000,0.000000,0.000000,0.114786,0.000000,0.000000,0.000000,0.00100000
1,570,0.816862,0.000251,103.4341,0.000000,0.000000,0.000000,0.062293,0.000000,0.000000,0.000000,0.00100000
1,571,0.876346,0.000265,123.0150,0.000000,0.000000,0.000000,0.090352,0.000000,0.000000,0.000000,0.00100000
1,572,0.725977,0.000225,117.6478,0.000000,0.000000,0.000000,0.041887,0.000000,0.000000,0.000000,0.00100000
1,573,0.725333,0.000219,111.5317,0.000000,0.000000,0.000000,0.075312,0.000000,0.000000,0.000000,0.00100000
1,574,0.778845,0.000239,119.7287,0.000000,0.000000,0.000000,0.057889,0.000000,0.000000,0.000000,0.00100000
1,575,0.784244,0.000240,128.0218,0.000000,0.000000,0.000000,0.062461,0.000000,0.000000,0.000000,0.00100000
1,576,0.717350,0.000217,113.7659,0.000000,0.000000,0.000000,0.074845,0.000000,0.000000,0.000000,0.00100000
1,577,0.853036,0.000249,118.1013,0.000000,0.000000,0.000000,0.143858,0.000000,0.000000,0.000000,0.00100000
1,578,0.770191,0.000229,101.2348,0.000000,0.000000,0.000000,0.102213,0.000000,0.000000,0.000000,0.00100000
1,579,1.575654,0.000473,122.5400,0.000000,0.000000,0.000000,0.187605,0.000000,0.000000,0.000000,0.00100000
1,580,0.916440,0.000280,121.1242,0.000000,0.000000,0.000000,0.075438,0.000000,0.000000,0.000000,0.00100000
1,581,1.178213,0.000351,118.9317,0.000000,0.000000,0.000000,0.151957,0.000000,0.000000,0.000000,0.00100000
1,582,0.831756,0.000252,110.9310,0.000000,0.000000,0.000000,0.083568,0.000000,0.000000,0.000000,0.00100000
1,583,0.763509,0.000234,112.2505,0.000000,0.000000,0.000000,0.062482,0.000000,0.000000,0.000000,0.00100000
1,584,0.810997,0.000246,123.1627,0.000000,0.000000,0.000000,0.079154,0.000000,0.000000,0.000000,0.00100000
1,585,0.805545,0.000242,105.2246,0.000000,0.000000,0.000000,0.096037,0.000000,0.000000,0.000000,0.00100000
1,586,0.800726,0.000246,124.2464,0.000000,0.000000,0.000000,0.058832,0.000000,0.000000,0.000000,0.00100000
1,587,0.833570,0.000257,119.1145,0.000000,0.000000,0.000000,0.054481,0.000000,0.000000,0.000000,0.00100000
1,588,0.764330,0.000228,111.4274,0.000000,0.000000,0.000000,0.097442,0.000000,0.000000,0.000000,0.00100000
1,589,0.771139,0.000234,109.3507,0.000000,0.000000,0.000000,0.072135,0.000000,0.000000,0.000000,0.00100000
1,590,0.765854,0.000236,118.3239,0.000000,0.000000,0.000000,0.049236,0.000000,0.000000,0.000000,0.00100000
1,591,0.814157,0.000251,121.0729,0.000000,0.000000,0.000000,0.052268,0.000000,0.000000,0.000000,0.00100000
1,592,0.726738,0.000224,116.5824,0.000000,0.000000,0.000000,0.046944,0.000000,0.000000,0.000000,0.00100000
1,593,0.688114,0.000212,108.4612,0.000000,0.000000,0.000000,0.049341,0.000000,0.000000,0.000000,0.00100000
1,594,0.907397,0.000281,119.9205,0.000000,0.000000,0.000000,0.054769,0.000000,0.000000,0.000000,0.00100000
1,595,0.994144,0.000302,112.7555,0.000000,0.000000,0.000000,0.096784,0.000000,0.000000,0.000000,0.00100000
1,596,0.881760,0.000270,112.9509,0.000000,0.000000,0.000000,0.069322,0.000000,0.000000,0.000000,0.00100000
1,597,0.860449,0.000265,114.6496,0.000000,0.000000,0.000000,0.061519,0.000000,0.000000,0.000000,0.00100000
1,598,0.841963,0.000261,114.2698,0.000000,0.000000,0.000000,0.049488,0.000000,0.000000,0.000000,0.00100000
1,599,0.820084,0.000254,113.1538,0.000000,0.000000,0.000000,0.047767,0.000000,0.000000,0.000000,0.00100000
1,600,0.795034,0.000247,114.9037,0.000000,0.000000,0.000000,0.041326,0.000000,0.000000,0.000000,0.00100000
1,601,0.844263,0.000263,117.7444,0.000000,0.000000,0.000000,0.035874,0.000000,0.000000,0.000000,0.00100000
1,602,0.819311,0.000255,116.5137,0.000000,0.000000,0.000000,0.040601,0.000000,0.000000,0.000000,0.00100000
1,603,0.806772,0.000251,111.7866,0.000000,0.000000,0.000000,0.038280,0.000000,0.000000,0.000000,0.00100000
1,604,0.786879,0.000243,114.3246,0.000000,0.000000,0.000000,0.047932,0.000000,0.000000,0.000000,0.00100000
1,605,0.792706,0.000247,112.0220,0.000000,0.000000,0.000000,0.035382,0.000000,0.000000,0.000000,0.00100000
1,606,0.758843,0.000237,114.9131,0.000000,0.000000,0.000000,0.032852,0.000000,0.000000,0.000000,0.00100000
1,607,0.759491,0.000237,110.5124,0.000000,0.000000,0.000000,0.034102,0.000000,0.000000,0.000000,0.00100000
1,608,0.752581,0.000235,113.0481,0.000000,0.000000,0.000000,0.032076,0.000000,0.000000,0.000000,0.00100000
1,609,0.752604,0.000236,113.9580,0.000000,0.000000,0.000000,0.024681,0.000000,0.000000,0.000000,0.00100000
1,610,1.533019,0.000470,116.6692,0.000000,0.000000,0.000000,0.116142,0.000000,0.000000,0.000000,0.00100000
1,611,0.820844,0.000253,118.7069,0.000000,0.000000,0.000000,0.057941,0.000000,0.000000,0.000000,0.00100000
1,612,1.039098,0.000318,112.7205,0.000000,0.000000,0.000000,0.084201,0.000000,0.000000,0.000000,0.00100000
1,613,0.859485,0.000259,115.3543,0.000000,0.000000,0.000000,0.093612,0.000000,0.000000,0.000000,0.00100000
1,614,0.693883,0.000213,112.1170,0.000000,0.000000,0.000000,0.049107,0.000000,0.000000,0.000000,0.00100000
1,615,0.700427,0.000217,113.6887,0.000000,0.000000,0.000000,0.040135,0.000000,0.000000,0.000000,0.00100000
1,616,0.803610,0.000246,115.9186,0.000000,0.000000,0.000000,0.062745,0.000000,0.000000,0.000000,0.00100000
1,617,0.913732,0.000277,118.6005,0.000000,0.000000,0.000000,0.092199,0.000000,0.000000,0.000000,0.00100000
1,618,1.062066,0.000323,120.6997,0.000000,0.000000,0.000000,0.097132,0.000000,0.000000,0.000000,0.00100000
1,619,0.671595,0.000203,122.0397,0.000000,0.000000,0.000000,0.071076,0.000000,0.000000,0.000000,0.00100000
1,620,0.787714,0.000227,113.1999,0.000000,0.000000,0.000000,0.154432,0.000000,0.000000,0.000000,0.00100000
1,621,0.906588,0.000265,115.7665,0.000000,0.000000,0.000000,0.148893,0.000000,0.000000,0.000000,0.00100000
1,622,0.712580,0.000216,115.7665,0.000000,0.000000,0.000000,0.067658,0.000000,0.000000,0.000000,0.00100000
1,623,1.028488,0.000307,128.2107,0.000000,0.000000,0.000000,0.132708,0.000000,0.000000,0.000000,0.00100000
1,624,0.900155,0.000276,122.4185,0.000000,0.000000,0.000000,0.071533,0.000000,0.000000,0.000000,0.00100000
1,625,0.852357,0.000252,115.6555,0.000000,0.000000,0.000000,0.123717,0.000000,0.000000,0.000000,0.00100000
1,626,1.605735,0.000483,125.3930,0.000000,0.000000,0.000000,0.181006,0.000000,0.000000,0.000000,0.00100000
1,627,1.375868,0.000421,107.8336,0.000000,0.000000,0.000000,0.108202,0.000000,0.000000,0.000000,0.00100000
1,628,0.981762,0.000291,110.9740,0.000000,0.000000,0.000000,0.140902,0.000000,0.000000,0.000000,0.00100000
1,629,0.896221,0.000272,116.6754,0.000000,0.000000,0.000000,0.087640,0.000000,0.000000,0.000000,0.00100000
1,630,0.897063,0.000271,110.8964,0.000000,0.000000,0.000000,0.093601,0.000000,0.000000,0.000000,0.00100000
1,631,0.950465,0.000287,106.7441,0.000000,0.000000,0.000000,0.097900,0.000000,0.000000,0.000000,0.00100000
1,632,0.833830,0.000251,97.0214,0.000000,0.000000,0.000000,0.090496,0.000000,0.000000,0.000000,0.00100000
1,633,0.718893,0.000217,103.6442,0.000000,0.000000,0.000000,0.078827,0.000000,0.000000,0.000000,0.00100000
1,634,0.689212,0.000206,108.8218,0.000000,0.000000,0.000000,0.088293,0.000000,0.000000,0.000000,0.00100000
1,635,0.941150,0.000275,126.9758,0.000000,0.000000,0.000000,0.159933,0.000000,0.000000,0.000000,0.00100000
1,636,1.005103,0.000295,101.6583,0.000000,0.000000,0.000000,0.158602,0.000000,0.000000,0.000000,0.00100000
1,637,0.887150,0.000258,119.4938,0.000000,0.000000,0.000000,0.156652,0.000000,0.000000,0.000000,0.00100000
1,638,0.847507,0.000255,112.5418,0.000000,0.000000,0.000000,0.096896,0.000000,0.000000,0.000000,0.00100000
1,639,0.758303,0.000227,129.5913,0.000000,0.000000,0.000000,0.089983,0.000000,0.000000,0.000000,0.00100000
1,640,0.819816,0.000249,123.1273,0.000000,0.000000,0.000000,0.080122,0.000000,0.000000,0.000000,0.00100000
1,641,1.107625,0.000328,114.3453,0.000000,0.000000,0.000000,0.160965,0.000000,0.000000,0.000000,0.00100000
1,642,1.178590,0.000349,129.5728,0.000000,0.000000,0.000000,0.170228,0.000000,0.000000,0.000000,0.00100000
1,643,0.932559,0.000285,116.4490,0.000000,0.000000,0.000000,0.080451,0.000000,0.000000,0.000000,0.00100000
1,644,0.851678,0.000263,112.6300,0.000000,0.000000,0.000000,0.055228,0.000000,0.000000,0.000000,0.00100000
1,645,0.645866,0.000196,113.1173,0.000000,0.000000,0.000000,0.060630,0.000000,0.000000,0.000000,0.00100000
1,646,0.862260,0.000263,107.4410,0.000000,0.000000,0.000000,0.074585,0.000000,0.000000,0.000000,0.00100000
1,647,0.741264,0.000225,116.5080,0.000000,0.000000,0.000000,0.068733,0.000000,0.000000,0.000000,0.00100000
1,648,0.809605,0.000248,120.8354,0.000000,0.000000,0.000000,0.066794,0.000000,0.000000,0.000000,0.00100000
1,649,0.686450,0.000209,114.6587,0.000000,0.000000,0.000000,0.059560,0.000000,0.000000,0.000000,0.00100000
1,650,0.673174,0.000205,105.8027,0.000000,0.000000,0.000000,0.059132,0.000000,0.000000,0.000000,0.00100000
1,651,0.598644,0.000185,113.6160,0.000000,0.000000,0.000000,0.036693,0.000000,0.000000,0.000000,0.00100000
1,652,0.686678,0.000209,109.6510,0.000000,0.000000,0.000000,0.061042,0.000000,0.000000,0.000000,0.00100000
1,653,0.707097,0.000222,116.8904,0.000000,0.000000,0.000000,0.022825,0.000000,0.000000,0.000000,0.00100000
1,654,0.878038,0.000261,116.3820,0.000000,0.000000,0.000000,0.116244,0.000000,0.000000,0.000000,0.00100000
1,655,0.847163,0.000257,102.9069,0.000000,0.000000,0.000000,0.085240,0.000000,0.000000,0.000000,0.00100000
1,656,0.814898,0.000250,106.5681,0.000000,0.000000,0.000000,0.063072,0.000000,0.000000,0.000000,0.00100000
1,657,0.771044,0.000233,112.7530,0.000000,0.000000,0.000000,0.078094,0.000000,0.000000,0.000000,0.00100000
1,658,1.570969,0.000475,105.4824,0.000000,0.000000,0.000000,0.164953,0.000000,0.000000,0.000000,0.00100000
1,659,1.048968,0.000310,113.9784,0.000000,0.000000,0.000000,0.154738,0.000000,0.000000,0.000000,0.00100000
1,660,1.836279,0.000547,125.9528,0.000000,0.000000,0.000000,0.240226,0.000000,0.000000,0.000000,0.00100000
1,661,1.531865,0.000459,116.0286,0.000000,0.000000,0.000000,0.183662,0.000000,0.000000,0.000000,0.00100000
1,662,1.450336,0.000436,107.4536,0.000000,0.000000,0.000000,0.165596,0.000000,0.000000,0.000000,0.00100000
1,663,1.611351,0.000468,129.4099,0.000000,0.000000,0.000000,0.289728,0.000000,0.000000,0.000000,0.00100000
1,664,1.367610,0.000412,124.5351,0.000000,0.000000,0.000000,0.150414,0.000000,0.000000,0.000000,0.00100000
1,665,1.085645,0.000321,115.5366,0.000000,0.000000,0.000000,0.159359,0.000000,0.000000,0.000000,0.00100000
1,666,1.029333,0.000309,125.4080,0.000000,0.000000,0.000000,0.118523,0.000000,0.000000,0.000000,0.00100000
1,667,1.238522,0.000372,126.8806,0.000000,0.000000,0.000000,0.142800,0.000000,0.000000,0.000000,0.00100000
1,668,1.137953,0.000343,112.2081,0.000000,0.000000,0.000000,0.126120,0.000000,0.000000,0.000000,0.00100000
1,669,1.119011,0.000339,121.5063,0.000000,0.000000,0.000000,0.110009,0.000000,0.000000,0.000000,0.00100000
1,670,1.279639,0.000390,117.3724,0.000000,0.000000,0.000000,0.115560,0.000000,0.000000,0.000000,0.00100000
1,671,0.946949,0.000291,120.2599,0.000000,0.000000,0.000000,0.065792,0.000000,0.000000,0.000000,0.00100000
1,672,1.141941,0.000343,108.8056,0.000000,0.000000,0.000000,0.133964,0.000000,0.000000,0.000000,0.00100000
1,673,0.860801,0.000255,116.8247,0.000000,0.000000,0.000000,0.124665,0.000000,0.000000,0.000000,0.00100000
1,674,0.751061,0.000232,113.5850,0.000000,0.000000,0.000000,0.044806,0.000000,0.000000,0.000000,0.00100000
1,675,0.831977,0.000252,115.4486,0.000000,0.000000,0.000000,0.080422,0.000000,0.000000,0.000000,0.00100000
1,676,0.683882,0.000209,111.8148,0.000000,0.000000,0.000000,0.055896,0.000000,0.000000,0.000000,0.00100000
1,677,0.718433,0.000223,110.6098,0.000000,0.000000,0.000000,0.037694,0.000000,0.000000,0.000000,0.00100000
1,678,0.611873,0.000188,102.9468,0.000000,0.000000,0.000000,0.047647,0.000000,0.000000,0.000000,0.00100000
1,679,0.728037,0.000222,121.5524,0.000000,0.000000,0.000000,0.065131,0.000000,0.000000,0.000000,0.00100000
1,680,0.817767,0.000252,114.1028,0.000000,0.000000,0.000000,0.053940,0.000000,0.000000,0.000000,0.00100000
1,681,0.730354,0.000224,118.5834,0.000000,0.000000,0.000000,0.052995,0.000000,0.000000,0.000000,0.00100000
1,682,0.749688,0.000229,129.1125,0.000000,0.000000,0.000000,0.062903,0.000000,0.000000,0.000000,0.00100000
1,683,0.771385,0.000233,109.2854,0.000000,0.000000,0.000000,0.082233,0.000000,0.000000,0.000000,0.00100000
1,684,0.689977,0.000211,96.2486,0.000000,0.000000,0.000000,0.059410,0.000000,0.000000,0.000000,0.00100000
1,685,0.825405,0.000250,120.3966,0.000000,0.000000,0.000000,0.081949,0.000000,0.000000,0.000000,0.00100000
1,686,0.742973,0.000229,124.9805,0.000000,0.000000,0.000000,0.049385,0.000000,0.000000,0.000000,0.00100000
1,687,0.693680,0.000210,115.0891,0.000000,0.000000,0.000000,0.072617,0.000000,0.000000,0.000000,0.00100000
1,688,0.946152,0.000292,122.8707,0.000000,0.000000,0.000000,0.061010,0.000000,0.000000,0.000000,0.00100000
1,689,0.815419,0.000251,119.0313,0.000000,0.000000,0.000000,0.054417,0.000000,0.000000,0.000000,0.00100000
1,690,0.691074,0.000212,119.3125,0.000000,0.000000,0.000000,0.052039,0.000000,0.000000,0.000000,0.00100000
1,691,0.760286,0.000232,108.2935,0.000000,0.000000,0.000000,0.068188,0.000000,0.000000,0.000000,0.00100000
1,692,0.865210,0.000257,126.5835,0.000000,0.000000,0.000000,0.118761,0.000000,0.000000,0.000000,0.00100000
1,693,0.785492,0.000237,95.0052,0.000000,0.000000,0.000000,0.082265,0.000000,0.000000,0.000000,0.00100000
1,694,0.770241,0.000234,118.7980,0.000000,0.000000,0.000000,0.075722,0.000000,0.000000,0.000000,0.00100000
1,695,0.708180,0.000215,125.8693,0.000000,0.000000,0.000000,0.069121,0.000000,0.000000,0.000000,0.00100000
1,696,0.896505,0.000274,124.9612,0.000000,0.000000,0.000000,0.076144,0.000000,0.000000,0.000000,0.00100000
1,697,0.725111,0.000218,104.9409,0.000000,0.000000,0.000000,0.079970,0.000000,0.000000,0.000000,0.00100000
1,698,0.761503,0.000233,123.5211,0.000000,0.000000,0.000000,0.059134,0.000000,0.000000,0.000000,0.00100000
1,699,0.747773,0.000229,121.6051,0.000000,0.000000,0.000000,0.061968,0.000000,0.000000,0.000000,0.00100000
1,700,0.611684,0.000188,110.1225,0.000000,0.000000,0.000000,0.045849,0.000000,0.000000,0.000000,0.00100000
1,701,0.728413,0.000226,118.5629,0.000000,0.000000,0.000000,0.038301,0.000000,0.000000,0.000000,0.00100000
1,702,0.660734,0.000199,108.3269,0.000000,0.000000,0.000000,0.071732,0.000000,0.000000,0.000000,0.00100000
1,703,0.676192,0.000211,109.6563,0.000000,0.000000,0.000000,0.031332,0.000000,0.000000,0.000000,0.00100000
1,704,0.796490,0.000245,110.1518,0.000000,0.000000,0.000000,0.055321,0.000000,0.000000,0.000000,0.00100000
1,705,0.776803,0.000240,126.8753,0.000000,0.000000,0.000000,0.048513,0.000000,0.000000,0.000000,0.00100000
1,706,0.732719,0.000230,120.7410,0.000000,0.000000,0.000000,0.023418,0.000000,0.000000,0.000000,0.00100000
1,707,0.917145,0.000282,113.4783,0.000000,0.000000,0.000000,0.064229,0.000000,0.000000,0.000000,0.00100000
1,708,0.630565,0.000198,112.6027,0.000000,0.000000,0.000000,0.020944,0.000000,0.000000,0.000000,0.00100000
1,709,0.625261,0.000195,114.3266,0.000000,0.000000,0.000000,0.028452,0.000000,0.000000,0.000000,0.00100000
1,710,0.644688,0.000200,116.6301,0.000000,0.000000,0.000000,0.037830,0.000000,0.000000,0.000000,0.00100000
1,711,0.703780,0.000221,119.8951,0.000000,0.000000,0.000000,0.024238,0.000000,0.000000,0.000000,0.00100000
1,712,0.667626,0.000210,121.7728,0.000000,0.000000,0.000000,0.017080,0.000000,0.000000,0.000000,0.00100000
1,713,0.561815,0.000175,129.1751,0.000000,0.000000,0.000000,0.023532,0.000000,0.000000,0.000000,0.00100000
1,714,0.559165,0.000175,121.4717,0.000000,0.000000,0.000000,0.018700,0.000000,0.000000,0.000000,0.00100000
1,715,0.568333,0.000178,125.8856,0.000000,0.000000,0.000000,0.018046,0.000000,0.000000,0.000000,0.00100000
1,716,0.726413,0.000224,110.2595,0.000000,0.000000,0.000000,0.047690,0.000000,0.000000,0.000000,0.00100000
1,717,0.610985,0.000192,109.9899,0.000000,0.000000,0.000000,0.018587,0.000000,0.000000,0.000000,0.00100000
1,718,0.635070,0.000194,112.6664,0.000000,0.000000,0.000000,0.051255,0.000000,0.000000,0.000000,0.00100000
1,719,0.613928,0.000191,116.7416,0.000000,0.000000,0.000000,0.027819,0.000000,0.000000,0.000000,0.00100000
2,1,0.958704,0.000294,114.2720,0.000000,0.000000,0.000000,0.073473,0.000000,0.000000,0.000000,0.00098907
2,2,0.865022,0.000269,111.1514,0.000000,0.000000,0.000000,0.045183,0.000000,0.000000,0.000000,0.00098907
2,3,0.851663,0.000265,114.4557,0.000000,0.000000,0.000000,0.040575,0.000000,0.000000,0.000000,0.00098907
2,4,0.740773,0.000231,115.4659,0.000000,0.000000,0.000000,0.035282,0.000000,0.000000,0.000000,0.00098907
2,5,0.783210,0.000245,113.9933,0.000000,0.000000,0.000000,0.030916,0.000000,0.000000,0.000000,0.00098907
2,6,0.787038,0.000246,113.0299,0.000000,0.000000,0.000000,0.030958,0.000000,0.000000,0.000000,0.00098907
2,7,0.723353,0.000227,114.5551,0.000000,0.000000,0.000000,0.025948,0.000000,0.000000,0.000000,0.00098907
2,8,0.728842,0.000228,112.2823,0.000000,0.000000,0.000000,0.026674,0.000000,0.000000,0.000000,0.00098907
2,9,0.718643,0.000225,110.1095,0.000000,0.000000,0.000000,0.025322,0.000000,0.000000,0.000000,0.00098907
2,10,0.765597,0.000240,111.4827,0.000000,0.000000,0.000000,0.026086,0.000000,0.000000,0.000000,0.00098907
2,11,0.785519,0.000246,113.8391,0.000000,0.000000,0.000000,0.026697,0.000000,0.000000,0.000000,0.00098907
2,12,0.737521,0.000232,115.2672,0.000000,0.000000,0.000000,0.018425,0.000000,0.000000,0.000000,0.00098907
2,13,0.773283,0.000243,113.1740,0.000000,0.000000,0.000000,0.019681,0.000000,0.000000,0.000000,0.00098907
2,14,0.780071,0.000246,113.8379,0.000000,0.000000,0.000000,0.016333,0.000000,0.000000,0.000000,0.00098907
2,15,0.754363,0.000236,110.1300,0.000000,0.000000,0.000000,0.026566,0.000000,0.000000,0.000000,0.00098907
2,16,0.815100,0.000250,109.7959,0.000000,0.000000,0.000000,0.060959,0.000000,0.000000,0.000000,0.00098907
2,17,0.763270,0.000235,114.2548,0.000000,0.000000,0.000000,0.051718,0.000000,0.000000,0.000000,0.00098907
2,18,0.760977,0.000237,114.0241,0.000000,0.000000,0.000000,0.034827,0.000000,0.000000,0.000000,0.00098907
2,19,0.761554,0.000238,116.2093,0.000000,0.000000,0.000000,0.027345,0.000000,0.000000,0.000000,0.00098907
2,20,0.743853,0.000233,110.3410,0.000000,0.000000,0.000000,0.027346,0.000000,0.000000,0.000000,0.00098907
2,21,0.796022,0.000251,113.6951,0.000000,0.000000,0.000000,0.019978,0.000000,0.000000,0.000000,0.00098907
2,22,0.861709,0.000270,112.2589,0.000000,0.000000,0.000000,0.028154,0.000000,0.000000,0.000000,0.00098907
2,23,0.779709,0.000246,114.1805,0.000000,0.000000,0.000000,0.017050,0.000000,0.000000,0.000000,0.00098907
2,24,0.787112,0.000247,113.4336,0.000000,0.000000,0.000000,0.026649,0.000000,0.000000,0.000000,0.00098907
2,25,0.712249,0.000224,111.9406,0.000000,0.000000,0.000000,0.017537,0.000000,0.000000,0.000000,0.00098907
2,26,0.708055,0.000222,111.8666,0.000000,0.000000,0.000000,0.025508,0.000000,0.000000,0.000000,0.00098907
2,27,0.698328,0.000219,115.8184,0.000000,0.000000,0.000000,0.020527,0.000000,0.000000,0.000000,0.00098907
2,28,0.721343,0.000227,114.6346,0.000000,0.000000,0.000000,0.017514,0.000000,0.000000,0.000000,0.00098907
2,29,0.693366,0.000218,110.8023,0.000000,0.000000,0.000000,0.020216,0.000000,0.000000,0.000000,0.00098907
2,30,0.730817,0.000230,114.2368,0.000000,0.000000,0.000000,0.021424,0.000000,0.000000,0.000000,0.00098907
2,31,0.722823,0.000227,112.7277,0.000000,0.000000,0.000000,0.020463,0.000000,0.000000,0.000000,0.00098907
2,32,0.739193,0.000224,112.4209,0.000000,0.000000,0.000000,0.074933,0.000000,0.000000,0.000000,0.00098907
2,33,0.724823,0.000213,113.0417,0.000000,0.000000,0.000000,0.110995,0.000000,0.000000,0.000000,0.00098907
2,34,0.722072,0.000212,113.5178,0.000000,0.000000,0.000000,0.116843,0.000000,0.000000,0.000000,0.00098907
2,35,0.715669,0.000217,113.2200,0.000000,0.000000,0.000000,0.069543,0.000000,0.000000,0.000000,0.00098907
2,36,0.622946,0.000190,112.1843,0.000000,0.000000,0.000000,0.054719,0.000000,0.000000,0.000000,0.00098907
2,37,0.629091,0.000196,115.7417,0.000000,0.000000,0.000000,0.031210,0.000000,0.000000,0.000000,0.00098907
2,38,0.696995,0.000217,114.8787,0.000000,0.000000,0.000000,0.032525,0.000000,0.000000,0.000000,0.00098907
2,39,0.736053,0.000231,112.7788,0.000000,0.000000,0.000000,0.025112,0.000000,0.000000,0.000000,0.00098907
2,40,0.731936,0.000229,110.1429,0.000000,0.000000,0.000000,0.026521,0.000000,0.000000,0.000000,0.00098907
2,41,0.652460,0.000205,115.2511,0.000000,0.000000,0.000000,0.020579,0.000000,0.000000,0.000000,0.00098907
2,42,0.653362,0.000206,113.4170,0.000000,0.000000,0.000000,0.017267,0.000000,0.000000,0.000000,0.00098907
2,43,0.629355,0.000197,112.6679,0.000000,0.000000,0.000000,0.020632,0.000000,0.000000,0.000000,0.00098907
2,44,0.647929,0.000204,114.1493,0.000000,0.000000,0.000000,0.016946,0.000000,0.000000,0.000000,0.00098907
2,45,0.715436,0.000226,113.8753,0.000000,0.000000,0.000000,0.014201,0.000000,0.000000,0.000000,0.00098907
2,46,0.769965,0.000242,115.1880,0.000000,0.000000,0.000000,0.022160,0.000000,0.000000,0.000000,0.00098907
2,47,0.649616,0.000201,113.7071,0.000000,0.000000,0.000000,0.039273,0.000000,0.000000,0.000000,0.00098907
2,48,0.865028,0.000261,107.1254,0.000000,0.000000,0.000000,0.092815,0.000000,0.000000,0.000000,0.00098907
2,49,0.758859,0.000210,112.6391,0.000000,0.000000,0.000000,0.202817,0.000000,0.000000,0.000000,0.00098907
2,50,0.724190,0.000215,119.1224,0.000000,0.000000,0.000000,0.100380,0.000000,0.000000,0.000000,0.00098907
2,51,0.848858,0.000246,116.3271,0.000000,0.000000,0.000000,0.152622,0.000000,0.000000,0.000000,0.00098907
2,52,0.661530,0.000198,116.7324,0.000000,0.000000,0.000000,0.082505,0.000000,0.000000,0.000000,0.00098907
2,53,0.763006,0.000227,116.5328,0.000000,0.000000,0.000000,0.105210,0.000000,0.000000,0.000000,0.00098907
2,54,0.685990,0.000210,115.5817,0.000000,0.000000,0.000000,0.055530,0.000000,0.000000,0.000000,0.00098907
2,55,0.779942,0.000238,119.7386,0.000000,0.000000,0.000000,0.064458,0.000000,0.000000,0.000000,0.00098907
2,56,0.736136,0.000227,120.8263,0.000000,0.000000,0.000000,0.048188,0.000000,0.000000,0.000000,0.00098907
2,57,0.783045,0.000235,102.6821,0.000000,0.000000,0.000000,0.092160,0.000000,0.000000,0.000000,0.00098907
2,58,0.838259,0.000248,116.1840,0.000000,0.000000,0.000000,0.122979,0.000000,0.000000,0.000000,0.00098907
2,59,0.732219,0.000226,125.9747,0.000000,0.000000,0.000000,0.048412,0.000000,0.000000,0.000000,0.00098907
2,60,0.671173,0.000205,125.0417,0.000000,0.000000,0.000000,0.054653,0.000000,0.000000,0.000000,0.00098907
2,61,1.020438,0.000307,121.1250,0.000000,0.000000,0.000000,0.112736,0.000000,0.000000,0.000000,0.00098907
2,62,0.752429,0.000232,125.1425,0.000000,0.000000,0.000000,0.052611,0.000000,0.000000,0.000000,0.00098907
2,63,0.835908,0.000253,118.5570,0.000000,0.000000,0.000000,0.083900,0.000000,0.000000,0.000000,0.00098907
2,64,0.852784,0.000260,114.7159,0.000000,0.000000,0.000000,0.075201,0.000000,0.000000,0.000000,0.00098907
2,65,0.839519,0.000260,114.2366,0.000000,0.000000,0.000000,0.050793,0.000000,0.000000,0.000000,0.00098907
2,66,0.716032,0.000222,113.0653,0.000000,0.000000,0.000000,0.042292,0.000000,0.000000,0.000000,0.00098907
2,67,0.758841,0.000237,114.1458,0.000000,0.000000,0.000000,0.031532,0.000000,0.000000,0.000000,0.00098907
2,68,0.692616,0.000217,115.6066,0.000000,0.000000,0.000000,0.027069,0.000000,0.000000,0.000000,0.00098907
2,69,0.645947,0.000201,114.4683,0.000000,0.000000,0.000000,0.028882,0.000000,0.000000,0.000000,0.00098907
2,70,0.670939,0.000210,114.4285,0.000000,0.000000,0.000000,0.024120,0.000000,0.000000,0.000000,0.00098907
2,71,0.672441,0.000210,115.2440,0.000000,0.000000,0.000000,0.026251,0.000000,0.000000,0.000000,0.00098907
2,72,0.698531,0.000220,111.6980,0.000000,0.000000,0.000000,0.018915,0.000000,0.000000,0.000000,0.00098907
2,73,0.714342,0.000225,113.3736,0.000000,0.000000,0.000000,0.018389,0.000000,0.000000,0.000000,0.00098907
2,74,0.728382,0.000229,117.3336,0.000000,0.000000,0.000000,0.017439,0.000000,0.000000,0.000000,0.00098907
2,75,0.684988,0.000216,114.4408,0.000000,0.000000,0.000000,0.014708,0.000000,0.000000,0.000000,0.00098907
2,76,0.677027,0.000214,112.0597,0.000000,0.000000,0.000000,0.014599,0.000000,0.000000,0.000000,0.00098907
2,77,0.709843,0.000223,113.0430,0.000000,0.000000,0.000000,0.021360,0.000000,0.000000,0.000000,0.00098907
2,78,0.695726,0.000220,113.9431,0.000000,0.000000,0.000000,0.012862,0.000000,0.000000,0.000000,0.00098907
2,79,0.740067,0.000226,120.2014,0.000000,0.000000,0.000000,0.061048,0.000000,0.000000,0.000000,0.00098907
2,80,0.751005,0.000228,121.9343,0.000000,0.000000,0.000000,0.072512,0.000000,0.000000,0.000000,0.00098907
2,81,0.598539,0.000185,122.6428,0.000000,0.000000,0.000000,0.038629,0.000000,0.000000,0.000000,0.00098907
2,82,0.708990,0.000220,116.9996,0.000000,0.000000,0.000000,0.038638,0.000000,0.000000,0.000000,0.00098907
2,83,0.743208,0.000227,115.7339,0.000000,0.000000,0.000000,0.061380,0.000000,0.000000,0.000000,0.00098907
2,84,0.659458,0.000204,124.4786,0.000000,0.000000,0.000000,0.040237,0.000000,0.000000,0.000000,0.00098907
2,85,0.615262,0.000192,115.2155,0.000000,0.000000,0.000000,0.026535,0.000000,0.000000,0.000000,0.00098907
2,86,0.688146,0.000212,123.3376,0.000000,0.000000,0.000000,0.049232,0.000000,0.000000,0.000000,0.00098907
2,87,0.873212,0.000266,132.9856,0.000000,0.000000,0.000000,0.077725,0.000000,0.000000,0.000000,0.00098907
2,88,0.731070,0.000221,129.6577,0.000000,0.000000,0.000000,0.074427,0.000000,0.000000,0.000000,0.00098907
2,89,0.870176,0.000264,129.1011,0.000000,0.000000,0.000000,0.081572,0.000000,0.000000,0.000000,0.00098907
2,90,0.776892,0.000229,118.2772,0.000000,0.000000,0.000000,0.115234,0.000000,0.000000,0.000000,0.00098907
2,91,0.696845,0.000206,114.0626,0.000000,0.000000,0.000000,0.102097,0.000000,0.000000,0.000000,0.00098907
2,92,0.733234,0.000220,102.7696,0.000000,0.000000,0.000000,0.086271,0.000000,0.000000,0.000000,0.00098907
2,93,0.618628,0.000182,121.4558,0.000000,0.000000,0.000000,0.095619,0.000000,0.000000,0.000000,0.00098907
2,94,0.760053,0.000230,123.4332,0.000000,0.000000,0.000000,0.075723,0.000000,0.000000,0.000000,0.00098907
2,95,0.760863,0.000229,114.9719,0.000000,0.000000,0.000000,0.085417,0.000000,0.000000,0.000000,0.00098907
2,96,0.789725,0.000244,114.7111,0.000000,0.000000,0.000000,0.046345,0.000000,0.000000,0.000000,0.00098907
2,97,0.705233,0.000217,110.4998,0.000000,0.000000,0.000000,0.047451,0.000000,0.000000,0.000000,0.00098907
2,98,0.765315,0.000238,112.7091,0.000000,0.000000,0.000000,0.039997,0.000000,0.000000,0.000000,0.00098907
2,99,0.714545,0.000224,116.4655,0.000000,0.000000,0.000000,0.026940,0.000000,0.000000,0.000000,0.00098907
2,100,0.678582,0.000211,112.1787,0.000000,0.000000,0.000000,0.030913,0.000000,0.000000,0.000000,0.00098907
2,101,0.723633,0.000227,112.6786,0.000000,0.000000,0.000000,0.021693,0.000000,0.000000,0.000000,0.00098907
2,102,0.696206,0.000216,113.9263,0.000000,0.000000,0.000000,0.038245,0.000000,0.000000,0.000000,0.00098907
2,103,0.672563,0.000211,113.8589,0.000000,0.000000,0.000000,0.023371,0.000000,0.000000,0.000000,0.00098907
2,104,0.733687,0.000230,115.0609,0.000000,0.000000,0.000000,0.024632,0.000000,0.000000,0.000000,0.00098907
2,105,0.704310,0.000220,112.7068,0.000000,0.000000,0.000000,0.028520,0.000000,0.000000,0.000000,0.00098907
2,106,0.658854,0.000208,113.1103,0.000000,0.000000,0.000000,0.015200,0.000000,0.000000,0.000000,0.00098907
2,107,0.732523,0.000229,113.5990,0.000000,0.000000,0.000000,0.028474,0.000000,0.000000,0.000000,0.00098907
2,108,0.710492,0.000223,113.3108,0.000000,0.000000,0.000000,0.024394,0.000000,0.000000,0.000000,0.00098907
2,109,0.715342,0.000223,111.9773,0.000000,0.000000,0.000000,0.030207,0.000000,0.000000,0.000000,0.00098907
2,110,0.767823,0.000232,115.7921,0.000000,0.000000,0.000000,0.081312,0.000000,0.000000,0.000000,0.00098907
2,111,0.963254,0.000289,106.8730,0.000000,0.000000,0.000000,0.112475,0.000000,0.000000,0.000000,0.00098907
2,112,0.737623,0.000219,104.7673,0.000000,0.000000,0.000000,0.101687,0.000000,0.000000,0.000000,0.00098907
2,113,0.651634,0.000198,110.7994,0.000000,0.000000,0.000000,0.062712,0.000000,0.000000,0.000000,0.00098907
2,114,0.849988,0.000261,120.6562,0.000000,0.000000,0.000000,0.065382,0.000000,0.000000,0.000000,0.00098907
2,115,0.781960,0.000239,122.5024,0.000000,0.000000,0.000000,0.061965,0.000000,0.000000,0.000000,0.00098907
2,116,0.874654,0.000270,119.5756,0.000000,0.000000,0.000000,0.055831,0.000000,0.000000,0.000000,0.00098907
2,117,0.678333,0.000197,99.8467,0.000000,0.000000,0.000000,0.118835,0.000000,0.000000,0.000000,0.00098907
2,118,0.738713,0.000215,116.1170,0.000000,0.000000,0.000000,0.127613,0.000000,0.000000,0.000000,0.00098907
2,119,0.734462,0.000226,92.5062,0.000000,0.000000,0.000000,0.050319,0.000000,0.000000,0.000000,0.00098907
2,120,0.919821,0.000281,126.1695,0.000000,0.000000,0.000000,0.077861,0.000000,0.000000,0.000000,0.00098907
2,121,0.820083,0.000252,114.1652,0.000000,0.000000,0.000000,0.059544,0.000000,0.000000,0.000000,0.00098907
2,122,0.750520,0.000234,120.6278,0.000000,0.000000,0.000000,0.034412,0.000000,0.000000,0.000000,0.00098907
2,123,0.856358,0.000267,114.7278,0.000000,0.000000,0.000000,0.038481,0.000000,0.000000,0.000000,0.00098907
2,124,0.866417,0.000262,124.4093,0.000000,0.000000,0.000000,0.091751,0.000000,0.000000,0.000000,0.00098907
2,125,0.678675,0.000208,106.3921,0.000000,0.000000,0.000000,0.054898,0.000000,0.000000,0.000000,0.00098907
2,126,1.074030,0.000325,103.8338,0.000000,0.000000,0.000000,0.111428,0.000000,0.000000,0.000000,0.00098907
2,127,0.838598,0.000249,115.6785,0.000000,0.000000,0.000000,0.115346,0.000000,0.000000,0.000000,0.00098907
2,128,0.751523,0.000235,110.9618,0.000000,0.000000,0.000000,0.029122,0.000000,0.000000,0.000000,0.00098907
2,129,0.721056,0.000223,123.7596,0.000000,0.000000,0.000000,0.044413,0.000000,0.000000,0.000000,0.00098907
2,130,0.552882,0.000174,115.3830,0.000000,0.000000,0.000000,0.017339,0.000000,0.000000,0.000000,0.00098907
2,131,0.606634,0.000187,106.3626,0.000000,0.000000,0.000000,0.038000,0.000000,0.000000,0.000000,0.00098907
2,132,0.636626,0.000199,123.2661,0.000000,0.000000,0.000000,0.027875,0.000000,0.000000,0.000000,0.00098907
2,133,0.685227,0.000212,131.9503,0.000000,0.000000,0.000000,0.039167,0.000000,0.000000,0.000000,0.00098907
2,134,0.611601,0.000188,124.1835,0.000000,0.000000,0.000000,0.044510,0.000000,0.000000,0.000000,0.00098907
2,135,0.776816,0.000235,122.2113,0.000000,0.000000,0.000000,0.078118,0.000000,0.000000,0.000000,0.00098907
2,136,0.630979,0.000195,128.6956,0.000000,0.000000,0.000000,0.038552,0.000000,0.000000,0.000000,0.00098907
2,137,0.644347,0.000197,109.9270,0.000000,0.000000,0.000000,0.056137,0.000000,0.000000,0.000000,0.00098907
2,138,0.762788,0.000227,127.6799,0.000000,0.000000,0.000000,0.102532,0.000000,0.000000,0.000000,0.00098907
2,139,0.648868,0.000197,117.6621,0.000000,0.000000,0.000000,0.062522,0.000000,0.000000,0.000000,0.00098907
2,140,0.643824,0.000201,112.5422,0.000000,0.000000,0.000000,0.027128,0.000000,0.000000,0.000000,0.00098907
2,141,0.910523,0.000278,118.3165,0.000000,0.000000,0.000000,0.078029,0.000000,0.000000,0.000000,0.00098907
2,142,1.043969,0.000325,114.2397,0.000000,0.000000,0.000000,0.048930,0.000000,0.000000,0.000000,0.00098907
2,143,0.830234,0.000253,116.0775,0.000000,0.000000,0.000000,0.072231,0.000000,0.000000,0.000000,0.00098907
2,144,0.873288,0.000268,116.0470,0.000000,0.000000,0.000000,0.063300,0.000000,0.000000,0.000000,0.00098907
2,145,0.792141,0.000246,109.4581,0.000000,0.000000,0.000000,0.044036,0.000000,0.000000,0.000000,0.00098907
2,146,0.952621,0.000296,120.8905,0.000000,0.000000,0.000000,0.048310,0.000000,0.000000,0.000000,0.00098907
2,147,0.820770,0.000255,118.4058,0.000000,0.000000,0.000000,0.040033,0.000000,0.000000,0.000000,0.00098907
2,148,0.871935,0.000269,125.9716,0.000000,0.000000,0.000000,0.056683,0.000000,0.000000,0.000000,0.00098907
2,149,0.693313,0.000213,106.8861,0.000000,0.000000,0.000000,0.047949,0.000000,0.000000,0.000000,0.00098907
2,150,0.810495,0.000249,115.4607,0.000000,0.000000,0.000000,0.057498,0.000000,0.000000,0.000000,0.00098907
2,151,0.812047,0.000254,129.5076,0.000000,0.000000,0.000000,0.030168,0.000000,0.000000,0.000000,0.00098907
2,152,0.768961,0.000237,122.7507,0.000000,0.000000,0.000000,0.052440,0.000000,0.000000,0.000000,0.00098907
2,153,0.877151,0.000271,125.0414,0.000000,0.000000,0.000000,0.054249,0.000000,0.000000,0.000000,0.00098907
2,154,0.785608,0.000238,106.5355,0.000000,0.000000,0.000000,0.079048,0.000000,0.000000,0.000000,0.00098907
2,155,0.759938,0.000232,113.2415,0.000000,0.000000,0.000000,0.063711,0.000000,0.000000,0.000000,0.00098907
2,156,0.701333,0.000217,105.9067,0.000000,0.000000,0.000000,0.038837,0.000000,0.000000,0.000000,0.00098907
2,157,1.006586,0.000304,109.9696,0.000000,0.000000,0.000000,0.103623,0.000000,0.000000,0.000000,0.00098907
2,158,0.800617,0.000237,113.4164,0.000000,0.000000,0.000000,0.112166,0.000000,0.000000,0.000000,0.00098907
2,159,0.819046,0.000246,123.9788,0.000000,0.000000,0.000000,0.093189,0.000000,0.000000,0.000000,0.00098907
2,160,0.762304,0.000230,118.3126,0.000000,0.000000,0.000000,0.083507,0.000000,0.000000,0.000000,0.00098907
2,161,0.859754,0.000255,119.9555,0.000000,0.000000,0.000000,0.117509,0.000000,0.000000,0.000000,0.00098907
2,162,0.748313,0.000227,112.2832,0.000000,0.000000,0.000000,0.072220,0.000000,0.000000,0.000000,0.00098907
2,163,0.760438,0.000233,119.1046,0.000000,0.000000,0.000000,0.060605,0.000000,0.000000,0.000000,0.00098907
2,164,0.871999,0.000264,121.5170,0.000000,0.000000,0.000000,0.090333,0.000000,0.000000,0.000000,0.00098907
2,165,0.678887,0.000204,108.8821,0.000000,0.000000,0.000000,0.080476,0.000000,0.000000,0.000000,0.00098907
2,166,0.855767,0.000264,121.7989,0.000000,0.000000,0.000000,0.056737,0.000000,0.000000,0.000000,0.00098907
2,167,0.671302,0.000205,124.5442,0.000000,0.000000,0.000000,0.058428,0.000000,0.000000,0.000000,0.00098907
2,168,0.769626,0.000241,115.5451,0.000000,0.000000,0.000000,0.025192,0.000000,0.000000,0.000000,0.00098907
2,169,0.690578,0.000210,108.9576,0.000000,0.000000,0.000000,0.064887,0.000000,0.000000,0.000000,0.00098907
2,170,0.662139,0.000206,125.6153,0.000000,0.000000,0.000000,0.031918,0.000000,0.000000,0.000000,0.00098907
2,171,0.730196,0.000223,104.3510,0.000000,0.000000,0.000000,0.061576,0.000000,0.000000,0.000000,0.00098907
2,172,0.744754,0.000232,113.6643,0.000000,0.000000,0.000000,0.034041,0.000000,0.000000,0.000000,0.00098907
2,173,0.772203,0.000236,122.9575,0.000000,0.000000,0.000000,0.062187,0.000000,0.000000,0.000000,0.00098907
2,174,0.598164,0.000187,112.8561,0.000000,0.000000,0.000000,0.021968,0.000000,0.000000,0.000000,0.00098907
2,175,0.766490,0.000231,103.2958,0.000000,0.000000,0.000000,0.085433,0.000000,0.000000,0.000000,0.00098907
2,176,0.766867,0.000238,108.7133,0.000000,0.000000,0.000000,0.041547,0.000000,0.000000,0.000000,0.00098907
2,177,0.658080,0.000197,105.2560,0.000000,0.000000,0.000000,0.079482,0.000000,0.000000,0.000000,0.00098907
2,178,0.595726,0.000181,113.6192,0.000000,0.000000,0.000000,0.057636,0.000000,0.000000,0.000000,0.00098907
2,179,0.564300,0.000168,116.0617,0.000000,0.000000,0.000000,0.071899,0.000000,0.000000,0.000000,0.00098907
2,180,0.607330,0.000187,112.4980,0.000000,0.000000,0.000000,0.039751,0.000000,0.000000,0.000000,0.00098907
2,181,0.585021,0.000181,108.1191,0.000000,0.000000,0.000000,0.032297,0.000000,0.000000,0.000000,0.00098907
2,182,0.771389,0.000235,125.9235,0.000000,0.000000,0.000000,0.068701,0.000000,0.000000,0.000000,0.00098907
2,183,0.594736,0.000180,108.0548,0.000000,0.000000,0.000000,0.058867,0.000000,0.000000,0.000000,0.00098907
2,184,0.565813,0.000174,113.2926,0.000000,0.000000,0.000000,0.037959,0.000000,0.000000,0.000000,0.00098907
2,185,0.554729,0.000173,109.8561,0.000000,0.000000,0.000000,0.026047,0.000000,0.000000,0.000000,0.00098907
2,186,0.648071,0.000202,113.2305,0.000000,0.000000,0.000000,0.031482,0.000000,0.000000,0.000000,0.00098907
2,187,0.585845,0.000183,114.7278,0.000000,0.000000,0.000000,0.023791,0.000000,0.000000,0.000000,0.00098907
2,188,0.733419,0.000223,129.1257,0.000000,0.000000,0.000000,0.068707,0.000000,0.000000,0.000000,0.00098907
2,189,0.682597,0.000210,122.1651,0.000000,0.000000,0.000000,0.049129,0.000000,0.000000,0.000000,0.00098907
2,190,0.740612,0.000223,112.8075,0.000000,0.000000,0.000000,0.081558,0.000000,0.000000,0.000000,0.00098907
2,191,0.587173,0.000183,113.0944,0.000000,0.000000,0.000000,0.023707,0.000000,0.000000,0.000000,0.00098907
2,192,0.588694,0.000180,122.5400,0.000000,0.000000,0.000000,0.046563,0.000000,0.000000,0.000000,0.00098907
2,193,0.762361,0.000233,113.9654,0.000000,0.000000,0.000000,0.064331,0.000000,0.000000,0.000000,0.00098907
2,194,0.593209,0.000184,125.6203,0.000000,0.000000,0.000000,0.035129,0.000000,0.000000,0.000000,0.00098907
2,195,0.571953,0.000179,119.7660,0.000000,0.000000,0.000000,0.022420,0.000000,0.000000,0.000000,0.00098907
2,196,0.556662,0.000171,113.7823,0.000000,0.000000,0.000000,0.042946,0.000000,0.000000,0.000000,0.00098907
2,197,0.718309,0.000223,124.5201,0.000000,0.000000,0.000000,0.036946,0.000000,0.000000,0.000000,0.00098907
2,198,0.628353,0.000191,115.7848,0.000000,0.000000,0.000000,0.060912,0.000000,0.000000,0.000000,0.00098907
2,199,0.607575,0.000188,115.5358,0.000000,0.000000,0.000000,0.038970,0.000000,0.000000,0.000000,0.00098907
2,200,0.562670,0.000175,108.5171,0.000000,0.000000,0.000000,0.029268,0.000000,0.000000,0.000000,0.00098907
2,201,0.685923,0.000214,119.7531,0.000000,0.000000,0.000000,0.031178,0.000000,0.000000,0.000000,0.00098907
2,202,0.496863,0.000156,115.2035,0.000000,0.000000,0.000000,0.012945,0.000000,0.000000,0.000000,0.00098907
2,203,0.594538,0.000185,111.8256,0.000000,0.000000,0.000000,0.031199,0.000000,0.000000,0.000000,0.00098907
2,204,0.713317,0.000217,108.6505,0.000000,0.000000,0.000000,0.065420,0.000000,0.000000,0.000000,0.00098907
2,205,0.697720,0.000218,122.5455,0.000000,0.000000,0.000000,0.025891,0.000000,0.000000,0.000000,0.00098907
2,206,0.609011,0.000187,121.2748,0.000000,0.000000,0.000000,0.043851,0.000000,0.000000,0.000000,0.00098907
2,207,0.634500,0.000191,108.6683,0.000000,0.000000,0.000000,0.068787,0.000000,0.000000,0.000000,0.00098907
2,208,0.741473,0.000226,121.6696,0.000000,0.000000,0.000000,0.062949,0.000000,0.000000,0.000000,0.00098907
2,209,0.546941,0.000165,108.8601,0.000000,0.000000,0.000000,0.059196,0.000000,0.000000,0.000000,0.00098907
2,210,0.497319,0.000156,114.7674,0.000000,0.000000,0.000000,0.017423,0.000000,0.000000,0.000000,0.00098907
2,211,0.630583,0.000197,109.2594,0.000000,0.000000,0.000000,0.026742,0.000000,0.000000,0.000000,0.00098907
2,212,0.527584,0.000163,113.2457,0.000000,0.000000,0.000000,0.032063,0.000000,0.000000,0.000000,0.00098907
2,213,0.535782,0.000169,121.6664,0.000000,0.000000,0.000000,0.014472,0.000000,0.000000,0.000000,0.00098907
2,214,0.537551,0.000169,113.1676,0.000000,0.000000,0.000000,0.012591,0.000000,0.000000,0.000000,0.00098907
2,215,0.680723,0.000210,98.9741,0.000000,0.000000,0.000000,0.045234,0.000000,0.000000,0.000000,0.00098907
2,216,0.868421,0.000263,120.1205,0.000000,0.000000,0.000000,0.089862,0.000000,0.000000,0.000000,0.00098907
2,217,0.668327,0.000204,106.0420,0.000000,0.000000,0.000000,0.058120,0.000000,0.000000,0.000000,0.00098907
2,218,0.640184,0.000190,120.2689,0.000000,0.000000,0.000000,0.087665,0.000000,0.000000,0.000000,0.00098907
2,219,0.741956,0.000228,122.6373,0.000000,0.000000,0.000000,0.052314,0.000000,0.000000,0.000000,0.00098907
2,220,0.719795,0.000214,102.5976,0.000000,0.000000,0.000000,0.094661,0.000000,0.000000,0.000000,0.00098907
2,221,0.686995,0.000200,117.6996,0.000000,0.000000,0.000000,0.117274,0.000000,0.000000,0.000000,0.00098907
2,222,0.614914,0.000181,107.3804,0.000000,0.000000,0.000000,0.093756,0.000000,0.000000,0.000000,0.00098907
2,223,0.653199,0.000201,119.9606,0.000000,0.000000,0.000000,0.043635,0.000000,0.000000,0.000000,0.00098907
2,224,0.562876,0.000176,113.9560,0.000000,0.000000,0.000000,0.021775,0.000000,0.000000,0.000000,0.00098907
2,225,0.607777,0.000187,113.6707,0.000000,0.000000,0.000000,0.040839,0.000000,0.000000,0.000000,0.00098907
2,226,0.784425,0.000238,115.8666,0.000000,0.000000,0.000000,0.073782,0.000000,0.000000,0.000000,0.00098907
2,227,0.732072,0.000223,123.0843,0.000000,0.000000,0.000000,0.067752,0.000000,0.000000,0.000000,0.00098907
2,228,0.574551,0.000178,123.9214,0.000000,0.000000,0.000000,0.033083,0.000000,0.000000,0.000000,0.00098907
2,229,0.760814,0.000233,122.3877,0.000000,0.000000,0.000000,0.059189,0.000000,0.000000,0.000000,0.00098907
2,230,0.608915,0.000181,103.7198,0.000000,0.000000,0.000000,0.082448,0.000000,0.000000,0.000000,0.00098907
2,231,0.605252,0.000184,103.0253,0.000000,0.000000,0.000000,0.055486,0.000000,0.000000,0.000000,0.00098907
2,232,0.595068,0.000182,100.2175,0.000000,0.000000,0.000000,0.048309,0.000000,0.000000,0.000000,0.00098907
2,233,0.471136,0.000147,98.2174,0.000000,0.000000,0.000000,0.022004,0.000000,0.000000,0.000000,0.00098907
2,234,0.507095,0.000159,105.7062,0.000000,0.000000,0.000000,0.017267,0.000000,0.000000,0.000000,0.00098907
2,235,0.678986,0.000211,104.3244,0.000000,0.000000,0.000000,0.034109,0.000000,0.000000,0.000000,0.00098907
2,236,0.649974,0.000203,112.9923,0.000000,0.000000,0.000000,0.024063,0.000000,0.000000,0.000000,0.00098907
2,237,0.789706,0.000245,127.6618,0.000000,0.000000,0.000000,0.043414,0.000000,0.000000,0.000000,0.00098907
2,238,0.637925,0.000200,114.3205,0.000000,0.000000,0.000000,0.023895,0.000000,0.000000,0.000000,0.00098907
2,239,0.657232,0.000207,112.3368,0.000000,0.000000,0.000000,0.015626,0.000000,0.000000,0.000000,0.00098907
2,240,0.578675,0.000182,118.7144,0.000000,0.000000,0.000000,0.018046,0.000000,0.000000,0.000000,0.00098907
2,241,0.806558,0.000247,122.9720,0.000000,0.000000,0.000000,0.061517,0.000000,0.000000,0.000000,0.00098907
2,242,0.811882,0.000252,118.9235,0.000000,0.000000,0.000000,0.046216,0.000000,0.000000,0.000000,0.00098907
2,243,0.717895,0.000226,103.2651,0.000000,0.000000,0.000000,0.016466,0.000000,0.000000,0.000000,0.00098907
2,244,0.720861,0.000225,118.6475,0.000000,0.000000,0.000000,0.027535,0.000000,0.000000,0.000000,0.00098907
2,245,0.601425,0.000188,106.8428,0.000000,0.000000,0.000000,0.022981,0.000000,0.000000,0.000000,0.00098907
2,246,0.596962,0.000187,121.9581,0.000000,0.000000,0.000000,0.018285,0.000000,0.000000,0.000000,0.00098907
2,247,0.714377,0.000225,112.3023,0.000000,0.000000,0.000000,0.020165,0.000000,0.000000,0.000000,0.00098907
2,248,0.770218,0.000244,119.9518,0.000000,0.000000,0.000000,0.012727,0.000000,0.000000,0.000000,0.00098907
2,249,0.648808,0.000200,115.1682,0.000000,0.000000,0.000000,0.040507,0.000000,0.000000,0.000000,0.00098907
2,250,0.590078,0.000183,114.6363,0.000000,0.000000,0.000000,0.029889,0.000000,0.000000,0.000000,0.00098907
2,251,0.557594,0.000175,112.1827,0.000000,0.000000,0.000000,0.016422,0.000000,0.000000,0.000000,0.00098907
2,252,0.576353,0.000180,122.1378,0.000000,0.000000,0.000000,0.022941,0.000000,0.000000,0.000000,0.00098907
2,253,0.695968,0.000213,117.5519,0.000000,0.000000,0.000000,0.057535,0.000000,0.000000,0.000000,0.00098907
2,254,0.597376,0.000184,106.3225,0.000000,0.000000,0.000000,0.041882,0.000000,0.000000,0.000000,0.00098907
2,255,0.518238,0.000162,117.6865,0.000000,0.000000,0.000000,0.022638,0.000000,0.000000,0.000000,0.00098907
2,256,0.622208,0.000192,112.9424,0.000000,0.000000,0.000000,0.041937,0.000000,0.000000,0.000000,0.00098907
2,257,0.589749,0.000183,125.6870,0.000000,0.000000,0.000000,0.030161,0.000000,0.000000,0.000000,0.00098907
2,258,0.496433,0.000153,108.9733,0.000000,0.000000,0.000000,0.033603,0.000000,0.000000,0.000000,0.00098907
2,259,0.566440,0.000175,120.8271,0.000000,0.000000,0.000000,0.037226,0.000000,0.000000,0.000000,0.00098907
2,260,0.593123,0.000185,126.0326,0.000000,0.000000,0.000000,0.028592,0.000000,0.000000,0.000000,0.00098907
2,261,0.561467,0.000175,119.0416,0.000000,0.000000,0.000000,0.027678,0.000000,0.000000,0.000000,0.00098907
2,262,0.528253,0.000166,112.8838,0.000000,0.000000,0.000000,0.012997,0.000000,0.000000,0.000000,0.00098907
2,263,0.558958,0.000174,113.5363,0.000000,0.000000,0.000000,0.026805,0.000000,0.000000,0.000000,0.00098907
2,264,0.495846,0.000154,120.5768,0.000000,0.000000,0.000000,0.022816,0.000000,0.000000,0.000000,0.00098907
2,265,0.571907,0.000175,122.0137,0.000000,0.000000,0.000000,0.044852,0.000000,0.000000,0.000000,0.00098907
2,266,0.652155,0.000200,125.4844,0.000000,0.000000,0.000000,0.050246,0.000000,0.000000,0.000000,0.00098907
2,267,0.670577,0.000207,111.1972,0.000000,0.000000,0.000000,0.040029,0.000000,0.000000,0.000000,0.00098907
2,268,0.801452,0.000248,114.2742,0.000000,0.000000,0.000000,0.049331,0.000000,0.000000,0.000000,0.00098907
2,269,0.644844,0.000200,112.1465,0.000000,0.000000,0.000000,0.035530,0.000000,0.000000,0.000000,0.00098907
2,270,0.655606,0.000205,111.3819,0.000000,0.000000,0.000000,0.025923,0.000000,0.000000,0.000000,0.00098907
2,271,0.807413,0.000248,112.0517,0.000000,0.000000,0.000000,0.062099,0.000000,0.000000,0.000000,0.00098907
2,272,0.678930,0.000207,115.1805,0.000000,0.000000,0.000000,0.057831,0.000000,0.000000,0.000000,0.00098907
2,273,0.597133,0.000182,111.2402,0.000000,0.000000,0.000000,0.051195,0.000000,0.000000,0.000000,0.00098907
2,274,0.666154,0.000206,113.0701,0.000000,0.000000,0.000000,0.038332,0.000000,0.000000,0.000000,0.00098907
2,275,0.567052,0.000179,104.9559,0.000000,0.000000,0.000000,0.011542,0.000000,0.000000,0.000000,0.00098907
2,276,0.649872,0.000203,104.7172,0.000000,0.000000,0.000000,0.025995,0.000000,0.000000,0.000000,0.00098907
2,277,0.609555,0.000192,111.0546,0.000000,0.000000,0.000000,0.015251,0.000000,0.000000,0.000000,0.00098907
2,278,0.565222,0.000178,110.1892,0.000000,0.000000,0.000000,0.012082,0.000000,0.000000,0.000000,0.00098907
2,279,0.707371,0.000220,118.7231,0.000000,0.000000,0.000000,0.034494,0.000000,0.000000,0.000000,0.00098907
2,280,0.607881,0.000187,123.7875,0.000000,0.000000,0.000000,0.043590,0.000000,0.000000,0.000000,0.00098907
2,281,0.858036,0.000263,111.5706,0.000000,0.000000,0.000000,0.069626,0.000000,0.000000,0.000000,0.00098907
2,282,0.838805,0.000248,119.4495,0.000000,0.000000,0.000000,0.121017,0.000000,0.000000,0.000000,0.00098907
2,283,0.671741,0.000204,113.6521,0.000000,0.000000,0.000000,0.065715,0.000000,0.000000,0.000000,0.00098907
2,284,0.707743,0.000213,114.8234,0.000000,0.000000,0.000000,0.076965,0.000000,0.000000,0.000000,0.00098907
2,285,0.580266,0.000175,114.8556,0.000000,0.000000,0.000000,0.062646,0.000000,0.000000,0.000000,0.00098907
2,286,0.699984,0.000212,120.1601,0.000000,0.000000,0.000000,0.067602,0.000000,0.000000,0.000000,0.00098907
2,287,0.690096,0.000208,122.2691,0.000000,0.000000,0.000000,0.078343,0.000000,0.000000,0.000000,0.00098907
2,288,0.552017,0.000173,126.8240,0.000000,0.000000,0.000000,0.021425,0.000000,0.000000,0.000000,0.00098907
2,289,0.587985,0.000183,123.6121,0.000000,0.000000,0.000000,0.025301,0.000000,0.000000,0.000000,0.00098907
2,290,0.569581,0.000179,115.5200,0.000000,0.000000,0.000000,0.013506,0.000000,0.000000,0.000000,0.00098907
2,291,0.548458,0.000171,114.0134,0.000000,0.000000,0.000000,0.026087,0.000000,0.000000,0.000000,0.00098907
2,292,0.539502,0.000165,128.0541,0.000000,0.000000,0.000000,0.041012,0.000000,0.000000,0.000000,0.00098907
2,293,0.633839,0.000198,112.8933,0.000000,0.000000,0.000000,0.023605,0.000000,0.000000,0.000000,0.00098907
2,294,0.584087,0.000181,108.9482,0.000000,0.000000,0.000000,0.031149,0.000000,0.000000,0.000000,0.00098907
2,295,0.535841,0.000169,112.3650,0.000000,0.000000,0.000000,0.013506,0.000000,0.000000,0.000000,0.00098907
2,296,0.737631,0.000227,125.3260,0.000000,0.000000,0.000000,0.050973,0.000000,0.000000,0.000000,0.00098907
2,297,0.726664,0.000223,121.2566,0.000000,0.000000,0.000000,0.056805,0.000000,0.000000,0.000000,0.00098907
2,298,0.829702,0.000253,111.0249,0.000000,0.000000,0.000000,0.069465,0.000000,0.000000,0.000000,0.00098907
2,299,0.724066,0.000226,118.3192,0.000000,0.000000,0.000000,0.029538,0.000000,0.000000,0.000000,0.00098907
2,300,0.499661,0.000156,116.9818,0.000000,0.000000,0.000000,0.019661,0.000000,0.000000,0.000000,0.00098907
2,301,0.857931,0.000264,123.0182,0.000000,0.000000,0.000000,0.060473,0.000000,0.000000,0.000000,0.00098907
2,302,0.642863,0.000198,109.0027,0.000000,0.000000,0.000000,0.045986,0.000000,0.000000,0.000000,0.00098907
2,303,0.620447,0.000194,105.1627,0.000000,0.000000,0.000000,0.023823,0.000000,0.000000,0.000000,0.00098907
2,304,0.598771,0.000186,108.6452,0.000000,0.000000,0.000000,0.028582,0.000000,0.000000,0.000000,0.00098907
2,305,0.619137,0.000188,123.0075,0.000000,0.000000,0.000000,0.061820,0.000000,0.000000,0.000000,0.00098907
2,306,0.518290,0.000157,117.7608,0.000000,0.000000,0.000000,0.053952,0.000000,0.000000,0.000000,0.00098907
2,307,0.460290,0.000141,115.7727,0.000000,0.000000,0.000000,0.036721,0.000000,0.000000,0.000000,0.00098907
2,308,0.621618,0.000186,124.1102,0.000000,0.000000,0.000000,0.075209,0.000000,0.000000,0.000000,0.00098907
2,309,0.689994,0.000208,119.7546,0.000000,0.000000,0.000000,0.072367,0.000000,0.000000,0.000000,0.00098907
2,310,0.566340,0.000169,108.0971,0.000000,0.000000,0.000000,0.070788,0.000000,0.000000,0.000000,0.00098907
2,311,0.540356,0.000163,124.8744,0.000000,0.000000,0.000000,0.058775,0.000000,0.000000,0.000000,0.00098907
2,312,0.575814,0.000179,121.7106,0.000000,0.000000,0.000000,0.027649,0.000000,0.000000,0.000000,0.00098907
2,313,0.688671,0.000209,110.6781,0.000000,0.000000,0.000000,0.065347,0.000000,0.000000,0.000000,0.00098907
2,314,0.682820,0.000212,115.8805,0.000000,0.000000,0.000000,0.035667,0.000000,0.000000,0.000000,0.00098907
2,315,0.767169,0.000237,119.2363,0.000000,0.000000,0.000000,0.049137,0.000000,0.000000,0.000000,0.00098907
2,316,0.580198,0.000176,118.2354,0.000000,0.000000,0.000000,0.057492,0.000000,0.000000,0.000000,0.00098907
2,317,0.535416,0.000166,113.4382,0.000000,0.000000,0.000000,0.028961,0.000000,0.000000,0.000000,0.00098907
2,318,0.611991,0.000186,94.4726,0.000000,0.000000,0.000000,0.056578,0.000000,0.000000,0.000000,0.00098907
2,319,0.579527,0.000177,109.8726,0.000000,0.000000,0.000000,0.048294,0.000000,0.000000,0.000000,0.00098907
2,320,0.460313,0.000141,105.6197,0.000000,0.000000,0.000000,0.035009,0.000000,0.000000,0.000000,0.00098907
2,321,0.766871,0.000231,119.1412,0.000000,0.000000,0.000000,0.086372,0.000000,0.000000,0.000000,0.00098907
2,322,0.514319,0.000153,121.9792,0.000000,0.000000,0.000000,0.069986,0.000000,0.000000,0.000000,0.00098907
2,323,0.603685,0.000186,111.6092,0.000000,0.000000,0.000000,0.043244,0.000000,0.000000,0.000000,0.00098907
2,324,0.806180,0.000244,119.6353,0.000000,0.000000,0.000000,0.082999,0.000000,0.000000,0.000000,0.00098907
2,325,0.712738,0.000216,121.2155,0.000000,0.000000,0.000000,0.067832,0.000000,0.000000,0.000000,0.00098907
2,326,0.680210,0.000212,123.7739,0.000000,0.000000,0.000000,0.032628,0.000000,0.000000,0.000000,0.00098907
2,327,0.551397,0.000171,116.2642,0.000000,0.000000,0.000000,0.029081,0.000000,0.000000,0.000000,0.00098907
2,328,0.743968,0.000230,119.0766,0.000000,0.000000,0.000000,0.045688,0.000000,0.000000,0.000000,0.00098907
2,329,0.785953,0.000245,115.1346,0.000000,0.000000,0.000000,0.034481,0.000000,0.000000,0.000000,0.00098907
2,330,0.579673,0.000181,120.0621,0.000000,0.000000,0.000000,0.025582,0.000000,0.000000,0.000000,0.00098907
2,331,0.555884,0.000172,123.5822,0.000000,0.000000,0.000000,0.033902,0.000000,0.000000,0.000000,0.00098907
2,332,0.702434,0.000220,122.1770,0.000000,0.000000,0.000000,0.025399,0.000000,0.000000,0.000000,0.00098907
2,333,0.610563,0.000191,120.4210,0.000000,0.000000,0.000000,0.025773,0.000000,0.000000,0.000000,0.00098907
2,334,0.565753,0.000178,117.6190,0.000000,0.000000,0.000000,0.013054,0.000000,0.000000,0.000000,0.00098907
2,335,0.669767,0.000208,107.1552,0.000000,0.000000,0.000000,0.032685,0.000000,0.000000,0.000000,0.00098907
2,336,0.622056,0.000193,122.2809,0.000000,0.000000,0.000000,0.034268,0.000000,0.000000,0.000000,0.00098907
2,337,0.630434,0.000198,111.9476,0.000000,0.000000,0.000000,0.020810,0.000000,0.000000,0.000000,0.00098907
2,338,0.570458,0.000179,117.6265,0.000000,0.000000,0.000000,0.017164,0.000000,0.000000,0.000000,0.00098907
2,339,0.628426,0.000195,111.6600,0.000000,0.000000,0.000000,0.033019,0.000000,0.000000,0.000000,0.00098907
2,340,0.547820,0.000171,106.6828,0.000000,0.000000,0.000000,0.021630,0.000000,0.000000,0.000000,0.00098907
2,341,0.652801,0.000205,108.3843,0.000000,0.000000,0.000000,0.018877,0.000000,0.000000,0.000000,0.00098907
2,342,0.594428,0.000185,120.5108,0.000000,0.000000,0.000000,0.027785,0.000000,0.000000,0.000000,0.00098907
2,343,0.719470,0.000223,124.4854,0.000000,0.000000,0.000000,0.038126,0.000000,0.000000,0.000000,0.00098907
2,344,0.640145,0.000199,129.2623,0.000000,0.000000,0.000000,0.029052,0.000000,0.000000,0.000000,0.00098907
2,345,0.565135,0.000177,127.4664,0.000000,0.000000,0.000000,0.018961,0.000000,0.000000,0.000000,0.00098907
2,346,0.559561,0.000173,125.3215,0.000000,0.000000,0.000000,0.031828,0.000000,0.000000,0.000000,0.00098907
2,347,0.599258,0.000190,130.3812,0.000000,0.000000,0.000000,0.009506,0.000000,0.000000,0.000000,0.00098907
2,348,0.561802,0.000177,109.3161,0.000000,0.000000,0.000000,0.013049,0.000000,0.000000,0.000000,0.00098907
2,349,0.574624,0.000181,123.2147,0.000000,0.000000,0.000000,0.015308,0.000000,0.000000,0.000000,0.00098907
2,350,0.556161,0.000170,105.5766,0.000000,0.000000,0.000000,0.046909,0.000000,0.000000,0.000000,0.00098907
2,351,0.528384,0.000162,117.3073,0.000000,0.000000,0.000000,0.039855,0.000000,0.000000,0.000000,0.00098907
2,352,0.540893,0.000169,117.7608,0.000000,0.000000,0.000000,0.018882,0.000000,0.000000,0.000000,0.00098907
2,353,0.497737,0.000156,113.0486,0.000000,0.000000,0.000000,0.017510,0.000000,0.000000,0.000000,0.00098907
2,354,0.584787,0.000183,102.6464,0.000000,0.000000,0.000000,0.018845,0.000000,0.000000,0.000000,0.00098907
2,355,0.524070,0.000161,107.7622,0.000000,0.000000,0.000000,0.036380,0.000000,0.000000,0.000000,0.00098907
2,356,0.524358,0.000162,103.3722,0.000000,0.000000,0.000000,0.033922,0.000000,0.000000,0.000000,0.00098907
2,357,0.711895,0.000224,104.1346,0.000000,0.000000,0.000000,0.018046,0.000000,0.000000,0.000000,0.00098907
2,358,0.446773,0.000141,108.9854,0.000000,0.000000,0.000000,0.009609,0.000000,0.000000,0.000000,0.00098907
2,359,0.425055,0.000133,120.8498,0.000000,0.000000,0.000000,0.013054,0.000000,0.000000,0.000000,0.00098907
2,360,0.563682,0.000175,117.2842,0.000000,0.000000,0.000000,0.027821,0.000000,0.000000,0.000000,0.00098907
2,361,0.527689,0.000164,110.5258,0.000000,0.000000,0.000000,0.029839,0.000000,0.000000,0.000000,0.00098907
2,362,0.566161,0.000178,106.6173,0.000000,0.000000,0.000000,0.013829,0.000000,0.000000,0.000000,0.00098907
2,363,0.590050,0.000183,114.7694,0.000000,0.000000,0.000000,0.034173,0.000000,0.000000,0.000000,0.00098907
2,364,0.510545,0.000160,117.4466,0.000000,0.000000,0.000000,0.014472,0.000000,0.000000,0.000000,0.00098907
2,365,0.544012,0.000170,113.2187,0.000000,0.000000,0.000000,0.024899,0.000000,0.000000,0.000000,0.00098907
2,366,0.589559,0.000185,126.3165,0.000000,0.000000,0.000000,0.017454,0.000000,0.000000,0.000000,0.00098907
2,367,0.531436,0.000167,106.1915,0.000000,0.000000,0.000000,0.016539,0.000000,0.000000,0.000000,0.00098907
2,368,0.785504,0.000244,114.4180,0.000000,0.000000,0.000000,0.041609,0.000000,0.000000,0.000000,0.00098907
2,369,0.574932,0.000177,105.3154,0.000000,0.000000,0.000000,0.037076,0.000000,0.000000,0.000000,0.00098907
2,370,0.614590,0.000186,106.0691,0.000000,0.000000,0.000000,0.059748,0.000000,0.000000,0.000000,0.00098907
2,371,0.477001,0.000143,107.9265,0.000000,0.000000,0.000000,0.059787,0.000000,0.000000,0.000000,0.00098907
2,372,0.817908,0.000249,103.3599,0.000000,0.000000,0.000000,0.071525,0.000000,0.000000,0.000000,0.00098907
2,373,0.588221,0.000174,106.9581,0.000000,0.000000,0.000000,0.086558,0.000000,0.000000,0.000000,0.00098907
2,374,0.527380,0.000164,115.3355,0.000000,0.000000,0.000000,0.023189,0.000000,0.000000,0.000000,0.00098907
2,375,0.699142,0.000216,128.8517,0.000000,0.000000,0.000000,0.046382,0.000000,0.000000,0.000000,0.00098907
2,376,0.676785,0.000205,112.0106,0.000000,0.000000,0.000000,0.069607,0.000000,0.000000,0.000000,0.00098907
2,377,0.636661,0.000190,125.5642,0.000000,0.000000,0.000000,0.082124,0.000000,0.000000,0.000000,0.00098907
2,378,0.610927,0.000180,113.3596,0.000000,0.000000,0.000000,0.093911,0.000000,0.000000,0.000000,0.00098907
2,379,0.604267,0.000185,106.4152,0.000000,0.000000,0.000000,0.046787,0.000000,0.000000,0.000000,0.00098907
2,380,0.525168,0.000153,114.6683,0.000000,0.000000,0.000000,0.091170,0.000000,0.000000,0.000000,0.00098907
2,381,0.545039,0.000167,104.5074,0.000000,0.000000,0.000000,0.040421,0.000000,0.000000,0.000000,0.00098907
2,382,0.550398,0.000159,116.2134,0.000000,0.000000,0.000000,0.103318,0.000000,0.000000,0.000000,0.00098907
2,383,0.659199,0.000193,117.0257,0.000000,0.000000,0.000000,0.106996,0.000000,0.000000,0.000000,0.00098907
2,384,0.523278,0.000162,114.4963,0.000000,0.000000,0.000000,0.030387,0.000000,0.000000,0.000000,0.00098907
2,385,0.555105,0.000166,127.1469,0.000000,0.000000,0.000000,0.067357,0.000000,0.000000,0.000000,0.00098907
2,386,0.533274,0.000166,110.9715,0.000000,0.000000,0.000000,0.027641,0.000000,0.000000,0.000000,0.00098907
2,387,0.576625,0.000180,120.8328,0.000000,0.000000,0.000000,0.027418,0.000000,0.000000,0.000000,0.00098907
2,388,0.532840,0.000168,117.7630,0.000000,0.000000,0.000000,0.012479,0.000000,0.000000,0.000000,0.00098907
2,389,0.582679,0.000183,114.7847,0.000000,0.000000,0.000000,0.016727,0.000000,0.000000,0.000000,0.00098907
2,390,0.498906,0.000155,121.1656,0.000000,0.000000,0.000000,0.026349,0.000000,0.000000,0.000000,0.00098907
2,391,0.623164,0.000194,117.6832,0.000000,0.000000,0.000000,0.031618,0.000000,0.000000,0.000000,0.00098907
2,392,0.771313,0.000239,127.7087,0.000000,0.000000,0.000000,0.044119,0.000000,0.000000,0.000000,0.00098907
2,393,0.624656,0.000194,116.1088,0.000000,0.000000,0.000000,0.033310,0.000000,0.000000,0.000000,0.00098907
2,394,0.542562,0.000171,120.1595,0.000000,0.000000,0.000000,0.012405,0.000000,0.000000,0.000000,0.00098907
2,395,0.599901,0.000188,120.9342,0.000000,0.000000,0.000000,0.020092,0.000000,0.000000,0.000000,0.00098907
2,396,0.492491,0.000155,121.6515,0.000000,0.000000,0.000000,0.011356,0.000000,0.000000,0.000000,0.00098907
2,397,0.461673,0.000146,117.2671,0.000000,0.000000,0.000000,0.010664,0.000000,0.000000,0.000000,0.00098907
2,398,0.643782,0.000201,123.8710,0.000000,0.000000,0.000000,0.025453,0.000000,0.000000,0.000000,0.00098907
2,399,0.525935,0.000164,124.2201,0.000000,0.000000,0.000000,0.021789,0.000000,0.000000,0.000000,0.00098907
2,400,0.424522,0.000133,115.9725,0.000000,0.000000,0.000000,0.013899,0.000000,0.000000,0.000000,0.00098907
2,401,0.544139,0.000170,124.0588,0.000000,0.000000,0.000000,0.020957,0.000000,0.000000,0.000000,0.00098907
2,402,0.602529,0.000189,111.9181,0.000000,0.000000,0.000000,0.021183,0.000000,0.000000,0.000000,0.00098907
2,403,0.450142,0.000141,121.9745,0.000000,0.000000,0.000000,0.015914,0.000000,0.000000,0.000000,0.00098907
2,404,0.475407,0.000149,113.6766,0.000000,0.000000,0.000000,0.013538,0.000000,0.000000,0.000000,0.00098907
2,405,0.430352,0.000136,108.2801,0.000000,0.000000,0.000000,0.009184,0.000000,0.000000,0.000000,0.00098907
2,406,0.525457,0.000166,111.3548,0.000000,0.000000,0.000000,0.009506,0.000000,0.000000,0.000000,0.00098907
2,407,0.682905,0.000213,110.3056,0.000000,0.000000,0.000000,0.031899,0.000000,0.000000,0.000000,0.00098907
2,408,0.598890,0.000186,121.7143,0.000000,0.000000,0.000000,0.033586,0.000000,0.000000,0.000000,0.00098907
2,409,0.654813,0.000200,111.3917,0.000000,0.000000,0.000000,0.053849,0.000000,0.000000,0.000000,0.00098907
2,410,0.634231,0.000196,126.7876,0.000000,0.000000,0.000000,0.038296,0.000000,0.000000,0.000000,0.00098907
2,411,0.668871,0.000202,109.8003,0.000000,0.000000,0.000000,0.070408,0.000000,0.000000,0.000000,0.00098907
2,412,0.663260,0.000204,122.5930,0.000000,0.000000,0.000000,0.049358,0.000000,0.000000,0.000000,0.00098907
2,413,0.647343,0.000189,101.5776,0.000000,0.000000,0.000000,0.108332,0.000000,0.000000,0.000000,0.00098907
2,414,0.652389,0.000183,119.0862,0.000000,0.000000,0.000000,0.155096,0.000000,0.000000,0.000000,0.00098907
2,415,0.573812,0.000173,105.8152,0.000000,0.000000,0.000000,0.060671,0.000000,0.000000,0.000000,0.00098907
2,416,0.573875,0.000169,108.8112,0.000000,0.000000,0.000000,0.087743,0.000000,0.000000,0.000000,0.00098907
2,417,0.488890,0.000150,123.0281,0.000000,0.000000,0.000000,0.036240,0.000000,0.000000,0.000000,0.00098907
2,418,0.619539,0.000191,119.3032,0.000000,0.000000,0.000000,0.042848,0.000000,0.000000,0.000000,0.00098907
2,419,0.572389,0.000179,113.8467,0.000000,0.000000,0.000000,0.024996,0.000000,0.000000,0.000000,0.00098907
2,420,0.490045,0.000154,113.5052,0.000000,0.000000,0.000000,0.014607,0.000000,0.000000,0.000000,0.00098907
2,421,0.496774,0.000154,119.1383,0.000000,0.000000,0.000000,0.028815,0.000000,0.000000,0.000000,0.00098907
2,422,0.712704,0.000216,105.8995,0.000000,0.000000,0.000000,0.073469,0.000000,0.000000,0.000000,0.00098907
2,423,0.508247,0.000156,100.2000,0.000000,0.000000,0.000000,0.037974,0.000000,0.000000,0.000000,0.00098907
2,424,0.571282,0.000169,113.4094,0.000000,0.000000,0.000000,0.084049,0.000000,0.000000,0.000000,0.00098907
2,425,0.475145,0.000143,107.4961,0.000000,0.000000,0.000000,0.055189,0.000000,0.000000,0.000000,0.00098907
2,426,0.456741,0.000143,107.9455,0.000000,0.000000,0.000000,0.014369,0.000000,0.000000,0.000000,0.00098907
2,427,0.484557,0.000152,110.0381,0.000000,0.000000,0.000000,0.018793,0.000000,0.000000,0.000000,0.00098907
2,428,0.678258,0.000209,124.8730,0.000000,0.000000,0.000000,0.046185,0.000000,0.000000,0.000000,0.00098907
2,429,0.545455,0.000170,125.2847,0.000000,0.000000,0.000000,0.026488,0.000000,0.000000,0.000000,0.00098907
2,430,0.584964,0.000182,121.4024,0.000000,0.000000,0.000000,0.028198,0.000000,0.000000,0.000000,0.00098907
2,431,0.503628,0.000157,109.1584,0.000000,0.000000,0.000000,0.022149,0.000000,0.000000,0.000000,0.00098907
2,432,0.476051,0.000150,108.2309,0.000000,0.000000,0.000000,0.013371,0.000000,0.000000,0.000000,0.00098907
2,433,0.491239,0.000154,107.9197,0.000000,0.000000,0.000000,0.017220,0.000000,0.000000,0.000000,0.00098907
2,434,0.450708,0.000142,112.7646,0.000000,0.000000,0.000000,0.011916,0.000000,0.000000,0.000000,0.00098907
2,435,0.494145,0.000156,107.7389,0.000000,0.000000,0.000000,0.012135,0.000000,0.000000,0.000000,0.00098907
2,436,0.545644,0.000173,112.1204,0.000000,0.000000,0.000000,0.007033,0.000000,0.000000,0.000000,0.00098907
2,437,0.454645,0.000144,108.5796,0.000000,0.000000,0.000000,0.004966,0.000000,0.000000,0.000000,0.00098907
2,438,0.619745,0.000193,120.0778,0.000000,0.000000,0.000000,0.027693,0.000000,0.000000,0.000000,0.00098907
2,439,0.508449,0.000160,106.4706,0.000000,0.000000,0.000000,0.014981,0.000000,0.000000,0.000000,0.00098907
2,440,0.522946,0.000165,114.9769,0.000000,0.000000,0.000000,0.011812,0.000000,0.000000,0.000000,0.00098907
2,441,0.523072,0.000163,115.7270,0.000000,0.000000,0.000000,0.023963,0.000000,0.000000,0.000000,0.00098907
2,442,0.483031,0.000150,126.4745,0.000000,0.000000,0.000000,0.022691,0.000000,0.000000,0.000000,0.00098907
2,443,0.515097,0.000163,127.5476,0.000000,0.000000,0.000000,0.008508,0.000000,0.000000,0.000000,0.00098907
2,444,0.563333,0.000176,120.1404,0.000000,0.000000,0.000000,0.021400,0.000000,0.000000,0.000000,0.00098907
2,445,0.539238,0.000169,115.9324,0.000000,0.000000,0.000000,0.017641,0.000000,0.000000,0.000000,0.00098907
2,446,0.553100,0.000173,125.8491,0.000000,0.000000,0.000000,0.024048,0.000000,0.000000,0.000000,0.00098907
2,447,0.552500,0.000173,116.7203,0.000000,0.000000,0.000000,0.021880,0.000000,0.000000,0.000000,0.00098907
2,448,0.535045,0.000169,121.6388,0.000000,0.000000,0.000000,0.011677,0.000000,0.000000,0.000000,0.00098907
2,449,0.533331,0.000164,120.6862,0.000000,0.000000,0.000000,0.035780,0.000000,0.000000,0.000000,0.00098907
2,450,0.492781,0.000154,120.4694,0.000000,0.000000,0.000000,0.019959,0.000000,0.000000,0.000000,0.00098907
2,451,0.548070,0.000171,123.4937,0.000000,0.000000,0.000000,0.024384,0.000000,0.000000,0.000000,0.00098907
2,452,0.447414,0.000139,120.3904,0.000000,0.000000,0.000000,0.023450,0.000000,0.000000,0.000000,0.00098907
2,453,0.484047,0.000153,114.9680,0.000000,0.000000,0.000000,0.009275,0.000000,0.000000,0.000000,0.00098907
2,454,0.759318,0.000228,128.5702,0.000000,0.000000,0.000000,0.085877,0.000000,0.000000,0.000000,0.00098907
2,455,0.659136,0.000192,119.8218,0.000000,0.000000,0.000000,0.115670,0.000000,0.000000,0.000000,0.00098907
2,456,0.782512,0.000239,118.3304,0.000000,0.000000,0.000000,0.064620,0.000000,0.000000,0.000000,0.00098907
2,457,0.619244,0.000180,117.4341,0.000000,0.000000,0.000000,0.110580,0.000000,0.000000,0.000000,0.00098907
2,458,0.606008,0.000182,120.8371,0.000000,0.000000,0.000000,0.071286,0.000000,0.000000,0.000000,0.00098907
2,459,0.669903,0.000188,121.4761,0.000000,0.000000,0.000000,0.159899,0.000000,0.000000,0.000000,0.00098907
2,460,0.614624,0.000181,124.2564,0.000000,0.000000,0.000000,0.093612,0.000000,0.000000,0.000000,0.00098907
2,461,0.569322,0.000175,105.4382,0.000000,0.000000,0.000000,0.040649,0.000000,0.000000,0.000000,0.00098907
2,462,0.734988,0.000221,119.9612,0.000000,0.000000,0.000000,0.086469,0.000000,0.000000,0.000000,0.00098907
2,463,0.530444,0.000159,121.6518,0.000000,0.000000,0.000000,0.065854,0.000000,0.000000,0.000000,0.00098907
2,464,0.555322,0.000168,120.3871,0.000000,0.000000,0.000000,0.054687,0.000000,0.000000,0.000000,0.00098907
2,465,0.469826,0.000143,114.9582,0.000000,0.000000,0.000000,0.043938,0.000000,0.000000,0.000000,0.00098907
2,466,0.487301,0.000152,111.9560,0.000000,0.000000,0.000000,0.022233,0.000000,0.000000,0.000000,0.00098907
2,467,0.552901,0.000170,116.3923,0.000000,0.000000,0.000000,0.037198,0.000000,0.000000,0.000000,0.00098907
2,468,0.483500,0.000151,101.3132,0.000000,0.000000,0.000000,0.020899,0.000000,0.000000,0.000000,0.00098907
2,469,0.566711,0.000176,115.8513,0.000000,0.000000,0.000000,0.026468,0.000000,0.000000,0.000000,0.00098907
2,470,0.623001,0.000194,116.5161,0.000000,0.000000,0.000000,0.028852,0.000000,0.000000,0.000000,0.00098907
2,471,0.512280,0.000160,122.5774,0.000000,0.000000,0.000000,0.018656,0.000000,0.000000,0.000000,0.00098907
2,472,0.497531,0.000154,111.6114,0.000000,0.000000,0.000000,0.026186,0.000000,0.000000,0.000000,0.00098907
2,473,0.515510,0.000162,123.7695,0.000000,0.000000,0.000000,0.017101,0.000000,0.000000,0.000000,0.00098907
2,474,0.424823,0.000135,115.5993,0.000000,0.000000,0.000000,0.005236,0.000000,0.000000,0.000000,0.00098907
2,475,0.531690,0.000167,110.4302,0.000000,0.000000,0.000000,0.014285,0.000000,0.000000,0.000000,0.00098907
2,476,0.634353,0.000200,122.1116,0.000000,0.000000,0.000000,0.015118,0.000000,0.000000,0.000000,0.00098907
2,477,0.673637,0.000211,108.0504,0.000000,0.000000,0.000000,0.024408,0.000000,0.000000,0.000000,0.00098907
2,478,0.496059,0.000154,120.1830,0.000000,0.000000,0.000000,0.023615,0.000000,0.000000,0.000000,0.00098907
2,479,0.521005,0.000161,104.9462,0.000000,0.000000,0.000000,0.033871,0.000000,0.000000,0.000000,0.00098907
2,480,0.459432,0.000144,114.5132,0.000000,0.000000,0.000000,0.018801,0.000000,0.000000,0.000000,0.00098907
2,481,0.563721,0.000177,100.2235,0.000000,0.000000,0.000000,0.019048,0.000000,0.000000,0.000000,0.00098907
2,482,0.654161,0.000202,105.9493,0.000000,0.000000,0.000000,0.040281,0.000000,0.000000,0.000000,0.00098907
2,483,0.659125,0.000203,119.7361,0.000000,0.000000,0.000000,0.043905,0.000000,0.000000,0.000000,0.00098907
2,484,0.561523,0.000171,110.2547,0.000000,0.000000,0.000000,0.049860,0.000000,0.000000,0.000000,0.00098907
2,485,0.550997,0.000169,108.4601,0.000000,0.000000,0.000000,0.039271,0.000000,0.000000,0.000000,0.00098907
2,486,0.706398,0.000220,117.1262,0.000000,0.000000,0.000000,0.030187,0.000000,0.000000,0.000000,0.00098907
2,487,0.572898,0.000171,109.5961,0.000000,0.000000,0.000000,0.073335,0.000000,0.000000,0.000000,0.00098907
2,488,0.619463,0.000188,122.0408,0.000000,0.000000,0.000000,0.061265,0.000000,0.000000,0.000000,0.00098907
2,489,0.545450,0.000169,113.0113,0.000000,0.000000,0.000000,0.031061,0.000000,0.000000,0.000000,0.00098907
2,490,0.626321,0.000194,106.7056,0.000000,0.000000,0.000000,0.037735,0.000000,0.000000,0.000000,0.00098907
2,491,0.576677,0.000178,99.9883,0.000000,0.000000,0.000000,0.036925,0.000000,0.000000,0.000000,0.00098907
2,492,0.514461,0.000160,112.1811,0.000000,0.000000,0.000000,0.025501,0.000000,0.000000,0.000000,0.00098907
2,493,0.596662,0.000179,98.3147,0.000000,0.000000,0.000000,0.071075,0.000000,0.000000,0.000000,0.00098907
2,494,0.575526,0.000174,110.0315,0.000000,0.000000,0.000000,0.059089,0.000000,0.000000,0.000000,0.00098907
2,495,0.556040,0.000171,120.6002,0.000000,0.000000,0.000000,0.042655,0.000000,0.000000,0.000000,0.00098907
2,496,0.583111,0.000181,115.3739,0.000000,0.000000,0.000000,0.031906,0.000000,0.000000,0.000000,0.00098907
2,497,0.660602,0.000207,127.8102,0.000000,0.000000,0.000000,0.021807,0.000000,0.000000,0.000000,0.00098907
2,498,0.512827,0.000160,121.0677,0.000000,0.000000,0.000000,0.024583,0.000000,0.000000,0.000000,0.00098907
2,499,0.538595,0.000166,103.8372,0.000000,0.000000,0.000000,0.034535,0.000000,0.000000,0.000000,0.00098907
2,500,0.712299,0.000221,115.5909,0.000000,0.000000,0.000000,0.041024,0.000000,0.000000,0.000000,0.00098907
2,501,0.634681,0.000198,105.7399,0.000000,0.000000,0.000000,0.030553,0.000000,0.000000,0.000000,0.00098907
2,502,0.849052,0.000264,120.6289,0.000000,0.000000,0.000000,0.044556,0.000000,0.000000,0.000000,0.00098907
2,503,1.142233,0.000344,122.8899,0.000000,0.000000,0.000000,0.127532,0.000000,0.000000,0.000000,0.00098907
2,504,0.697108,0.000210,119.0538,0.000000,0.000000,0.000000,0.075440,0.000000,0.000000,0.000000,0.00098907
2,505,0.845892,0.000256,128.4183,0.000000,0.000000,0.000000,0.086824,0.000000,0.000000,0.000000,0.00098907
2,506,0.902600,0.000276,120.7971,0.000000,0.000000,0.000000,0.071383,0.000000,0.000000,0.000000,0.00098907
2,507,1.007191,0.000308,114.3997,0.000000,0.000000,0.000000,0.083546,0.000000,0.000000,0.000000,0.00098907
2,508,1.143346,0.000343,110.8108,0.000000,0.000000,0.000000,0.134507,0.000000,0.000000,0.000000,0.00098907
2,509,1.184530,0.000363,129.9981,0.000000,0.000000,0.000000,0.092888,0.000000,0.000000,0.000000,0.00098907
2,510,0.898982,0.000266,105.8577,0.000000,0.000000,0.000000,0.128824,0.000000,0.000000,0.000000,0.00098907
2,511,0.674011,0.000208,103.6051,0.000000,0.000000,0.000000,0.041993,0.000000,0.000000,0.000000,0.00098907
2,512,0.554823,0.000166,105.8558,0.000000,0.000000,0.000000,0.069702,0.000000,0.000000,0.000000,0.00098907
2,513,0.747038,0.000234,111.3179,0.000000,0.000000,0.000000,0.026815,0.000000,0.000000,0.000000,0.00098907
2,514,0.607154,0.000183,108.7924,0.000000,0.000000,0.000000,0.063606,0.000000,0.000000,0.000000,0.00098907
2,515,0.607803,0.000187,114.8904,0.000000,0.000000,0.000000,0.041744,0.000000,0.000000,0.000000,0.00098907
2,516,0.792505,0.000245,96.7935,0.000000,0.000000,0.000000,0.045353,0.000000,0.000000,0.000000,0.00098907
2,517,0.756439,0.000234,123.4221,0.000000,0.000000,0.000000,0.047006,0.000000,0.000000,0.000000,0.00098907
2,518,0.711670,0.000224,122.6360,0.000000,0.000000,0.000000,0.019475,0.000000,0.000000,0.000000,0.00098907
2,519,0.528818,0.000163,113.1798,0.000000,0.000000,0.000000,0.037398,0.000000,0.000000,0.000000,0.00098907
2,520,0.692314,0.000215,118.0597,0.000000,0.000000,0.000000,0.035994,0.000000,0.000000,0.000000,0.00098907
2,521,0.599889,0.000189,119.0285,0.000000,0.000000,0.000000,0.012676,0.000000,0.000000,0.000000,0.00098907
2,522,0.619964,0.000193,93.2551,0.000000,0.000000,0.000000,0.026965,0.000000,0.000000,0.000000,0.00098907
2,523,0.698209,0.000217,124.5664,0.000000,0.000000,0.000000,0.037422,0.000000,0.000000,0.000000,0.00098907
2,524,0.633137,0.000193,106.3059,0.000000,0.000000,0.000000,0.055041,0.000000,0.000000,0.000000,0.00098907
2,525,0.532676,0.000167,110.4671,0.000000,0.000000,0.000000,0.020622,0.000000,0.000000,0.000000,0.00098907
2,526,0.408262,0.000129,110.2833,0.000000,0.000000,0.000000,0.009693,0.000000,0.000000,0.000000,0.00098907
2,527,0.529733,0.000167,114.4252,0.000000,0.000000,0.000000,0.009371,0.000000,0.000000,0.000000,0.00098907
2,528,0.453695,0.000144,108.9157,0.000000,0.000000,0.000000,0.007355,0.000000,0.000000,0.000000,0.00098907
2,529,0.450110,0.000142,113.8411,0.000000,0.000000,0.000000,0.007896,0.000000,0.000000,0.000000,0.00098907
2,530,0.455226,0.000144,106.3936,0.000000,0.000000,0.000000,0.005745,0.000000,0.000000,0.000000,0.00098907
2,531,0.623467,0.000197,114.5105,0.000000,0.000000,0.000000,0.013885,0.000000,0.000000,0.000000,0.00098907
2,532,0.615876,0.000193,115.8873,0.000000,0.000000,0.000000,0.022638,0.000000,0.000000,0.000000,0.00098907
2,533,0.543139,0.000171,121.2399,0.000000,0.000000,0.000000,0.013589,0.000000,0.000000,0.000000,0.00098907
2,534,0.646358,0.000204,110.2655,0.000000,0.000000,0.000000,0.015365,0.000000,0.000000,0.000000,0.00098907
2,535,0.638055,0.000200,116.5550,0.000000,0.000000,0.000000,0.023300,0.000000,0.000000,0.000000,0.00098907
2,536,0.549234,0.000169,112.8052,0.000000,0.000000,0.000000,0.041394,0.000000,0.000000,0.000000,0.00098907
2,537,0.545522,0.000171,117.5637,0.000000,0.000000,0.000000,0.018929,0.000000,0.000000,0.000000,0.00098907
2,538,0.529937,0.000166,120.4906,0.000000,0.000000,0.000000,0.019959,0.000000,0.000000,0.000000,0.00098907
2,539,0.519320,0.000163,118.0048,0.000000,0.000000,0.000000,0.017215,0.000000,0.000000,0.000000,0.00098907
2,540,0.540448,0.000165,129.2467,0.000000,0.000000,0.000000,0.044201,0.000000,0.000000,0.000000,0.00098907
2,541,0.582776,0.000179,119.2965,0.000000,0.000000,0.000000,0.039943,0.000000,0.000000,0.000000,0.00098907
2,542,0.534521,0.000167,109.8958,0.000000,0.000000,0.000000,0.023147,0.000000,0.000000,0.000000,0.00098907
2,543,0.521940,0.000162,111.3265,0.000000,0.000000,0.000000,0.026684,0.000000,0.000000,0.000000,0.00098907
2,544,0.494394,0.000155,102.8600,0.000000,0.000000,0.000000,0.017183,0.000000,0.000000,0.000000,0.00098907
2,545,0.470608,0.000148,95.7400,0.000000,0.000000,0.000000,0.010659,0.000000,0.000000,0.000000,0.00098907
2,546,0.530650,0.000165,116.0409,0.000000,0.000000,0.000000,0.024758,0.000000,0.000000,0.000000,0.00098907
2,547,0.640820,0.000201,113.0950,0.000000,0.000000,0.000000,0.022779,0.000000,0.000000,0.000000,0.00098907
2,548,0.547338,0.000170,119.3218,0.000000,0.000000,0.000000,0.026466,0.000000,0.000000,0.000000,0.00098907
2,549,0.716790,0.000213,114.3818,0.000000,0.000000,0.000000,0.099124,0.000000,0.000000,0.000000,0.00098907
2,550,0.778546,0.000233,124.2045,0.000000,0.000000,0.000000,0.096188,0.000000,0.000000,0.000000,0.00098907
2,551,0.539700,0.000167,113.4095,0.000000,0.000000,0.000000,0.033195,0.000000,0.000000,0.000000,0.00098907
2,552,0.664096,0.000204,113.1847,0.000000,0.000000,0.000000,0.048010,0.000000,0.000000,0.000000,0.00098907
2,553,0.558199,0.000175,108.0191,0.000000,0.000000,0.000000,0.018420,0.000000,0.000000,0.000000,0.00098907
2,554,0.629684,0.000193,110.8944,0.000000,0.000000,0.000000,0.049870,0.000000,0.000000,0.000000,0.00098907
2,555,0.505113,0.000159,110.4081,0.000000,0.000000,0.000000,0.013507,0.000000,0.000000,0.000000,0.00098907
2,556,0.509932,0.000159,108.4554,0.000000,0.000000,0.000000,0.022958,0.000000,0.000000,0.000000,0.00098907
2,557,0.527293,0.000166,111.0165,0.000000,0.000000,0.000000,0.016000,0.000000,0.000000,0.000000,0.00098907
2,558,0.553289,0.000175,110.0514,0.000000,0.000000,0.000000,0.011065,0.000000,0.000000,0.000000,0.00098907
2,559,0.521094,0.000165,111.8926,0.000000,0.000000,0.000000,0.005932,0.000000,0.000000,0.000000,0.00098907
2,560,0.739692,0.000231,127.3532,0.000000,0.000000,0.000000,0.032764,0.000000,0.000000,0.000000,0.00098907
2,561,0.486466,0.000153,108.8703,0.000000,0.000000,0.000000,0.012643,0.000000,0.000000,0.000000,0.00098907
2,562,0.570344,0.000175,116.6282,0.000000,0.000000,0.000000,0.040198,0.000000,0.000000,0.000000,0.00098907
2,563,0.766646,0.000235,122.0754,0.000000,0.000000,0.000000,0.061859,0.000000,0.000000,0.000000,0.00098907
2,564,0.571886,0.000172,110.1651,0.000000,0.000000,0.000000,0.064721,0.000000,0.000000,0.000000,0.00098907
2,565,0.572522,0.000175,111.5060,0.000000,0.000000,0.000000,0.045805,0.000000,0.000000,0.000000,0.00098907
2,566,0.417361,0.000130,102.2475,0.000000,0.000000,0.000000,0.021453,0.000000,0.000000,0.000000,0.00098907
2,567,0.598981,0.000184,97.2733,0.000000,0.000000,0.000000,0.043451,0.000000,0.000000,0.000000,0.00098907
2,568,0.586383,0.000178,96.0355,0.000000,0.000000,0.000000,0.054414,0.000000,0.000000,0.000000,0.00098907
2,569,0.527670,0.000158,116.4889,0.000000,0.000000,0.000000,0.066026,0.000000,0.000000,0.000000,0.00098907
2,570,0.471745,0.000141,102.3071,0.000000,0.000000,0.000000,0.057916,0.000000,0.000000,0.000000,0.00098907
2,571,0.581996,0.000178,124.0553,0.000000,0.000000,0.000000,0.044827,0.000000,0.000000,0.000000,0.00098907
2,572,0.505501,0.000156,119.4986,0.000000,0.000000,0.000000,0.032046,0.000000,0.000000,0.000000,0.00098907
2,573,0.420824,0.000130,108.9257,0.000000,0.000000,0.000000,0.026535,0.000000,0.000000,0.000000,0.00098907
2,574,0.517418,0.000162,120.0656,0.000000,0.000000,0.000000,0.019257,0.000000,0.000000,0.000000,0.00098907
2,575,0.522942,0.000164,128.8471,0.000000,0.000000,0.000000,0.019339,0.000000,0.000000,0.000000,0.00098907
2,576,0.456592,0.000142,110.3907,0.000000,0.000000,0.000000,0.024118,0.000000,0.000000,0.000000,0.00098907
2,577,0.562313,0.000174,118.2791,0.000000,0.000000,0.000000,0.034836,0.000000,0.000000,0.000000,0.00098907
2,578,0.487321,0.000151,97.1367,0.000000,0.000000,0.000000,0.030108,0.000000,0.000000,0.000000,0.00098907
2,579,0.965930,0.000298,126.2396,0.000000,0.000000,0.000000,0.061362,0.000000,0.000000,0.000000,0.00098907
2,580,0.625496,0.000195,120.5434,0.000000,0.000000,0.000000,0.027770,0.000000,0.000000,0.000000,0.00098907
2,581,0.751072,0.000230,118.8442,0.000000,0.000000,0.000000,0.056820,0.000000,0.000000,0.000000,0.00098907
2,582,0.515708,0.000160,107.9394,0.000000,0.000000,0.000000,0.028061,0.000000,0.000000,0.000000,0.00098907
2,583,0.534135,0.000167,109.7778,0.000000,0.000000,0.000000,0.018930,0.000000,0.000000,0.000000,0.00098907
2,584,0.565245,0.000170,121.7607,0.000000,0.000000,0.000000,0.062555,0.000000,0.000000,0.000000,0.00098907
2,585,0.476644,0.000140,102.1795,0.000000,0.000000,0.000000,0.074674,0.000000,0.000000,0.000000,0.00098907
2,586,0.523347,0.000163,124.2998,0.000000,0.000000,0.000000,0.022691,0.000000,0.000000,0.000000,0.00098907
2,587,0.565498,0.000173,118.9315,0.000000,0.000000,0.000000,0.045768,0.000000,0.000000,0.000000,0.00098907
2,588,0.493678,0.000146,110.7891,0.000000,0.000000,0.000000,0.071991,0.000000,0.000000,0.000000,0.00098907
2,589,0.579108,0.000171,106.8127,0.000000,0.000000,0.000000,0.084023,0.000000,0.000000,0.000000,0.00098907
2,590,0.475836,0.000150,118.8521,0.000000,0.000000,0.000000,0.013118,0.000000,0.000000,0.000000,0.00098907
2,591,0.540576,0.000168,121.8627,0.000000,0.000000,0.000000,0.029517,0.000000,0.000000,0.000000,0.00098907
2,592,0.527963,0.000164,116.9094,0.000000,0.000000,0.000000,0.028417,0.000000,0.000000,0.000000,0.00098907
2,593,0.457385,0.000145,107.1680,0.000000,0.000000,0.000000,0.008135,0.000000,0.000000,0.000000,0.00098907
2,594,0.645145,0.000200,120.0382,0.000000,0.000000,0.000000,0.032961,0.000000,0.000000,0.000000,0.00098907
2,595,0.773113,0.000238,112.0637,0.000000,0.000000,0.000000,0.056362,0.000000,0.000000,0.000000,0.00098907
2,596,0.602038,0.000187,113.8556,0.000000,0.000000,0.000000,0.028294,0.000000,0.000000,0.000000,0.00098907
2,597,0.628600,0.000194,113.7149,0.000000,0.000000,0.000000,0.039563,0.000000,0.000000,0.000000,0.00098907
2,598,0.607211,0.000191,113.2176,0.000000,0.000000,0.000000,0.019117,0.000000,0.000000,0.000000,0.00098907
2,599,0.668496,0.000209,111.4385,0.000000,0.000000,0.000000,0.026641,0.000000,0.000000,0.000000,0.00098907
2,600,0.572666,0.000180,112.4924,0.000000,0.000000,0.000000,0.019397,0.000000,0.000000,0.000000,0.00098907
2,601,0.624872,0.000197,117.7390,0.000000,0.000000,0.000000,0.016540,0.000000,0.000000,0.000000,0.00098907
2,602,0.608102,0.000191,114.8847,0.000000,0.000000,0.000000,0.020492,0.000000,0.000000,0.000000,0.00098907
2,603,0.630245,0.000197,110.1110,0.000000,0.000000,0.000000,0.023001,0.000000,0.000000,0.000000,0.00098907
2,604,0.592092,0.000186,113.5140,0.000000,0.000000,0.000000,0.015844,0.000000,0.000000,0.000000,0.00098907
2,605,0.569285,0.000179,110.4225,0.000000,0.000000,0.000000,0.013339,0.000000,0.000000,0.000000,0.00098907
2,606,0.576272,0.000182,114.8628,0.000000,0.000000,0.000000,0.010472,0.000000,0.000000,0.000000,0.00098907
2,607,0.581191,0.000183,110.3448,0.000000,0.000000,0.000000,0.012740,0.000000,0.000000,0.000000,0.00098907
2,608,0.552208,0.000174,112.3939,0.000000,0.000000,0.000000,0.010407,0.000000,0.000000,0.000000,0.00098907
2,609,0.536900,0.000170,112.9459,0.000000,0.000000,0.000000,0.008779,0.000000,0.000000,0.000000,0.00098907
2,610,0.979015,0.000304,117.2107,0.000000,0.000000,0.000000,0.052446,0.000000,0.000000,0.000000,0.00098907
2,611,0.515515,0.000160,119.1503,0.000000,0.000000,0.000000,0.028339,0.000000,0.000000,0.000000,0.00098907
2,612,0.613019,0.000189,112.9728,0.000000,0.000000,0.000000,0.039549,0.000000,0.000000,0.000000,0.00098907
2,613,0.486542,0.000150,115.8192,0.000000,0.000000,0.000000,0.031646,0.000000,0.000000,0.000000,0.00098907
2,614,0.437540,0.000137,109.3360,0.000000,0.000000,0.000000,0.017776,0.000000,0.000000,0.000000,0.00098907
2,615,0.496879,0.000157,111.2471,0.000000,0.000000,0.000000,0.007626,0.000000,0.000000,0.000000,0.00098907
2,616,0.474065,0.000149,116.2523,0.000000,0.000000,0.000000,0.013100,0.000000,0.000000,0.000000,0.00098907
2,617,0.521570,0.000163,118.9823,0.000000,0.000000,0.000000,0.018504,0.000000,0.000000,0.000000,0.00098907
2,618,0.742426,0.000226,118.6092,0.000000,0.000000,0.000000,0.070447,0.000000,0.000000,0.000000,0.00098907
2,619,0.496457,0.000149,120.5169,0.000000,0.000000,0.000000,0.055607,0.000000,0.000000,0.000000,0.00098907
2,620,0.562451,0.000166,110.2113,0.000000,0.000000,0.000000,0.083661,0.000000,0.000000,0.000000,0.00098907
2,621,0.608814,0.000185,114.2310,0.000000,0.000000,0.000000,0.059341,0.000000,0.000000,0.000000,0.00098907
2,622,0.519935,0.000161,115.3395,0.000000,0.000000,0.000000,0.027351,0.000000,0.000000,0.000000,0.00098907
2,623,0.684741,0.000210,129.0841,0.000000,0.000000,0.000000,0.053917,0.000000,0.000000,0.000000,0.00098907
2,624,0.658748,0.000201,119.8962,0.000000,0.000000,0.000000,0.059295,0.000000,0.000000,0.000000,0.00098907
2,625,0.640229,0.000196,114.0846,0.000000,0.000000,0.000000,0.054184,0.000000,0.000000,0.000000,0.00098907
2,626,1.120145,0.000336,125.8853,0.000000,0.000000,0.000000,0.130493,0.000000,0.000000,0.000000,0.00098907
2,627,0.864563,0.000264,105.8007,0.000000,0.000000,0.000000,0.073315,0.000000,0.000000,0.000000,0.00098907
2,628,0.798212,0.000243,109.9025,0.000000,0.000000,0.000000,0.073131,0.000000,0.000000,0.000000,0.00098907
2,629,0.723709,0.000220,119.8457,0.000000,0.000000,0.000000,0.066868,0.000000,0.000000,0.000000,0.00098907
2,630,0.686462,0.000211,112.6052,0.000000,0.000000,0.000000,0.049656,0.000000,0.000000,0.000000,0.00098907
2,631,0.700942,0.000215,108.4346,0.000000,0.000000,0.000000,0.056377,0.000000,0.000000,0.000000,0.00098907
2,632,0.645751,0.000199,93.0554,0.000000,0.000000,0.000000,0.041808,0.000000,0.000000,0.000000,0.00098907
2,633,0.497718,0.000154,100.0509,0.000000,0.000000,0.000000,0.032472,0.000000,0.000000,0.000000,0.00098907
2,634,0.470228,0.000147,109.1528,0.000000,0.000000,0.000000,0.015355,0.000000,0.000000,0.000000,0.00098907
2,635,0.677559,0.000204,127.4793,0.000000,0.000000,0.000000,0.076189,0.000000,0.000000,0.000000,0.00098907
2,636,0.744596,0.000226,97.7424,0.000000,0.000000,0.000000,0.070761,0.000000,0.000000,0.000000,0.00098907
2,637,0.600552,0.000181,117.9024,0.000000,0.000000,0.000000,0.066077,0.000000,0.000000,0.000000,0.00098907
2,638,0.568816,0.000170,110.6538,0.000000,0.000000,0.000000,0.074200,0.000000,0.000000,0.000000,0.00098907
2,639,0.548444,0.000172,131.3055,0.000000,0.000000,0.000000,0.018420,0.000000,0.000000,0.000000,0.00098907
2,640,0.561306,0.000173,122.6497,0.000000,0.000000,0.000000,0.034487,0.000000,0.000000,0.000000,0.00098907
2,641,0.737367,0.000229,111.8809,0.000000,0.000000,0.000000,0.036082,0.000000,0.000000,0.000000,0.00098907
2,642,0.766897,0.000237,129.8843,0.000000,0.000000,0.000000,0.045935,0.000000,0.000000,0.000000,0.00098907
2,643,0.606969,0.000186,116.4659,0.000000,0.000000,0.000000,0.050481,0.000000,0.000000,0.000000,0.00098907
2,644,0.556104,0.000175,109.6502,0.000000,0.000000,0.000000,0.014794,0.000000,0.000000,0.000000,0.00098907
2,645,0.427689,0.000135,110.8314,0.000000,0.000000,0.000000,0.009962,0.000000,0.000000,0.000000,0.00098907
2,646,0.543494,0.000169,105.5675,0.000000,0.000000,0.000000,0.025049,0.000000,0.000000,0.000000,0.00098907
2,647,0.512511,0.000162,115.2533,0.000000,0.000000,0.000000,0.011579,0.000000,0.000000,0.000000,0.00098907
2,648,0.559617,0.000173,122.0662,0.000000,0.000000,0.000000,0.033998,0.000000,0.000000,0.000000,0.00098907
2,649,0.541988,0.000167,112.3320,0.000000,0.000000,0.000000,0.035888,0.000000,0.000000,0.000000,0.00098907
2,650,0.462437,0.000146,101.5006,0.000000,0.000000,0.000000,0.008779,0.000000,0.000000,0.000000,0.00098907
2,651,0.418970,0.000132,111.0497,0.000000,0.000000,0.000000,0.013054,0.000000,0.000000,0.000000,0.00098907
2,652,0.531731,0.000167,107.9849,0.000000,0.000000,0.000000,0.014986,0.000000,0.000000,0.000000,0.00098907
2,653,0.423960,0.000134,115.1588,0.000000,0.000000,0.000000,0.009693,0.000000,0.000000,0.000000,0.00098907
2,654,0.558131,0.000170,115.2984,0.000000,0.000000,0.000000,0.052138,0.000000,0.000000,0.000000,0.00098907
2,655,0.538787,0.000165,96.8111,0.000000,0.000000,0.000000,0.040343,0.000000,0.000000,0.000000,0.00098907
2,656,0.497634,0.000154,103.8618,0.000000,0.000000,0.000000,0.028010,0.000000,0.000000,0.000000,0.00098907
2,657,0.582254,0.000180,108.3859,0.000000,0.000000,0.000000,0.038660,0.000000,0.000000,0.000000,0.00098907
2,658,1.152300,0.000347,99.8084,0.000000,0.000000,0.000000,0.128402,0.000000,0.000000,0.000000,0.00098907
2,659,0.783396,0.000232,110.5527,0.000000,0.000000,0.000000,0.111423,0.000000,0.000000,0.000000,0.00098907
2,660,1.418673,0.000426,128.2876,0.000000,0.000000,0.000000,0.165759,0.000000,0.000000,0.000000,0.00098907
2,661,1.191870,0.000359,112.5916,0.000000,0.000000,0.000000,0.134789,0.000000,0.000000,0.000000,0.00098907
2,662,1.126649,0.000344,101.1592,0.000000,0.000000,0.000000,0.098510,0.000000,0.000000,0.000000,0.00098907
2,663,1.233906,0.000358,129.9821,0.000000,0.000000,0.000000,0.223312,0.000000,0.000000,0.000000,0.00098907
2,664,1.117356,0.000341,123.7084,0.000000,0.000000,0.000000,0.098986,0.000000,0.000000,0.000000,0.00098907
2,665,0.879836,0.000264,112.3196,0.000000,0.000000,0.000000,0.101949,0.000000,0.000000,0.000000,0.00098907
2,666,0.769746,0.000233,123.0572,0.000000,0.000000,0.000000,0.078339,0.000000,0.000000,0.000000,0.00098907
2,667,1.075943,0.000330,128.3427,0.000000,0.000000,0.000000,0.082711,0.000000,0.000000,0.000000,0.00098907
2,668,1.104342,0.000339,110.7225,0.000000,0.000000,0.000000,0.082220,0.000000,0.000000,0.000000,0.00098907
2,669,0.845833,0.000260,121.7988,0.000000,0.000000,0.000000,0.061688,0.000000,0.000000,0.000000,0.00098907
2,670,0.896605,0.000273,115.3533,0.000000,0.000000,0.000000,0.083529,0.000000,0.000000,0.000000,0.00098907
2,671,0.773831,0.000241,117.8136,0.000000,0.000000,0.000000,0.038191,0.000000,0.000000,0.000000,0.00098907
2,672,0.958429,0.000292,106.9085,0.000000,0.000000,0.000000,0.082415,0.000000,0.000000,0.000000,0.00098907
2,673,0.619268,0.000179,116.0169,0.000000,0.000000,0.000000,0.113628,0.000000,0.000000,0.000000,0.00098907
2,674,0.559439,0.000173,109.6713,0.000000,0.000000,0.000000,0.035821,0.000000,0.000000,0.000000,0.00098907
2,675,0.597494,0.000177,113.7956,0.000000,0.000000,0.000000,0.087479,0.000000,0.000000,0.000000,0.00098907
2,676,0.468526,0.000145,109.4323,0.000000,0.000000,0.000000,0.025814,0.000000,0.000000,0.000000,0.00098907
2,677,0.507809,0.000160,110.4204,0.000000,0.000000,0.000000,0.014098,0.000000,0.000000,0.000000,0.00098907
2,678,0.454213,0.000138,101.5223,0.000000,0.000000,0.000000,0.040609,0.000000,0.000000,0.000000,0.00098907
2,679,0.502689,0.000156,121.7904,0.000000,0.000000,0.000000,0.023876,0.000000,0.000000,0.000000,0.00098907
2,680,0.547141,0.000171,112.6086,0.000000,0.000000,0.000000,0.022755,0.000000,0.000000,0.000000,0.00098907
2,681,0.485565,0.000152,116.8907,0.000000,0.000000,0.000000,0.020268,0.000000,0.000000,0.000000,0.00098907
2,682,0.500007,0.000158,126.8039,0.000000,0.000000,0.000000,0.011677,0.000000,0.000000,0.000000,0.00098907
2,683,0.503477,0.000157,106.9249,0.000000,0.000000,0.000000,0.022316,0.000000,0.000000,0.000000,0.00098907
2,684,0.489515,0.000153,91.3930,0.000000,0.000000,0.000000,0.017776,0.000000,0.000000,0.000000,0.00098907
2,685,0.592779,0.000186,122.2806,0.000000,0.000000,0.000000,0.019194,0.000000,0.000000,0.000000,0.00098907
2,686,0.498419,0.000157,123.8853,0.000000,0.000000,0.000000,0.014119,0.000000,0.000000,0.000000,0.00098907
2,687,0.495825,0.000156,111.6961,0.000000,0.000000,0.000000,0.014048,0.000000,0.000000,0.000000,0.00098907
2,688,0.705289,0.000221,122.2457,0.000000,0.000000,0.000000,0.025164,0.000000,0.000000,0.000000,0.00098907
2,689,0.579268,0.000183,116.7750,0.000000,0.000000,0.000000,0.011947,0.000000,0.000000,0.000000,0.00098907
2,690,0.472194,0.000149,116.4790,0.000000,0.000000,0.000000,0.011200,0.000000,0.000000,0.000000,0.00098907
2,691,0.536309,0.000169,104.9424,0.000000,0.000000,0.000000,0.013184,0.000000,0.000000,0.000000,0.00098907
2,692,0.657449,0.000206,127.3403,0.000000,0.000000,0.000000,0.025995,0.000000,0.000000,0.000000,0.00098907
2,693,0.554756,0.000174,91.6200,0.000000,0.000000,0.000000,0.019946,0.000000,0.000000,0.000000,0.00098907
2,694,0.582356,0.000182,118.6939,0.000000,0.000000,0.000000,0.020094,0.000000,0.000000,0.000000,0.00098907
2,695,0.498806,0.000158,125.0941,0.000000,0.000000,0.000000,0.009101,0.000000,0.000000,0.000000,0.00098907
2,696,0.660780,0.000206,124.3382,0.000000,0.000000,0.000000,0.027965,0.000000,0.000000,0.000000,0.00098907
2,697,0.483063,0.000153,101.8939,0.000000,0.000000,0.000000,0.008732,0.000000,0.000000,0.000000,0.00098907
2,698,0.467772,0.000147,121.6116,0.000000,0.000000,0.000000,0.010659,0.000000,0.000000,0.000000,0.00098907
2,699,0.477371,0.000150,120.9961,0.000000,0.000000,0.000000,0.013589,0.000000,0.000000,0.000000,0.00098907
2,700,0.453983,0.000143,109.3314,0.000000,0.000000,0.000000,0.012778,0.000000,0.000000,0.000000,0.00098907
2,701,0.553724,0.000175,116.9461,0.000000,0.000000,0.000000,0.012591,0.000000,0.000000,0.000000,0.00098907
2,702,0.441681,0.000139,105.5172,0.000000,0.000000,0.000000,0.011574,0.000000,0.000000,0.000000,0.00098907
2,703,0.509665,0.000161,106.8084,0.000000,0.000000,0.000000,0.008592,0.000000,0.000000,0.000000,0.00098907
2,704,0.610256,0.000191,106.9336,0.000000,0.000000,0.000000,0.024712,0.000000,0.000000,0.000000,0.00098907
2,705,0.503358,0.000159,125.6891,0.000000,0.000000,0.000000,0.010608,0.000000,0.000000,0.000000,0.00098907
2,706,0.552605,0.000175,120.1410,0.000000,0.000000,0.000000,0.008083,0.000000,0.000000,0.000000,0.00098907
2,707,0.596007,0.000185,113.2850,0.000000,0.000000,0.000000,0.029032,0.000000,0.000000,0.000000,0.00098907
2,708,0.448275,0.000142,112.1663,0.000000,0.000000,0.000000,0.008592,0.000000,0.000000,0.000000,0.00098907
2,709,0.474735,0.000149,113.7632,0.000000,0.000000,0.000000,0.015689,0.000000,0.000000,0.000000,0.00098907
2,710,0.417736,0.000132,114.6653,0.000000,0.000000,0.000000,0.007813,0.000000,0.000000,0.000000,0.00098907
2,711,0.429507,0.000135,120.8479,0.000000,0.000000,0.000000,0.009890,0.000000,0.000000,0.000000,0.00098907
2,712,0.458316,0.000145,121.2112,0.000000,0.000000,0.000000,0.008083,0.000000,0.000000,0.000000,0.00098907
2,713,0.394797,0.000125,129.1049,0.000000,0.000000,0.000000,0.005829,0.000000,0.000000,0.000000,0.00098907
2,714,0.412197,0.000131,119.7467,0.000000,0.000000,0.000000,0.005750,0.000000,0.000000,0.000000,0.00098907
2,715,0.425122,0.000134,125.5956,0.000000,0.000000,0.000000,0.007953,0.000000,0.000000,0.000000,0.00098907
2,716,0.519662,0.000164,108.2483,0.000000,0.000000,0.000000,0.010337,0.000000,0.000000,0.000000,0.00098907
2,717,0.452285,0.000143,109.1716,0.000000,0.000000,0.000000,0.004592,0.000000,0.000000,0.000000,0.00098907
2,718,0.518380,0.000163,110.3175,0.000000,0.000000,0.000000,0.012477,0.000000,0.000000,0.000000,0.00098907
2,719,0.429563,0.000136,116.5069,0.000000,0.000000,0.000000,0.005039,0.000000,0.000000,0.000000,0.00098907
3,1,0.727756,0.000224,113.2884,0.000000,0.000000,0.000000,0.050978,0.000000,0.000000,0.000000,0.00095677
3,2,0.587902,0.000185,110.0679,0.000000,0.000000,0.000000,0.017267,0.000000,0.000000,0.000000,0.00095677
3,3,0.595534,0.000184,114.2300,0.000000,0.000000,0.000000,0.034842,0.000000,0.000000,0.000000,0.00095677
3,4,0.549811,0.000173,114.9349,0.000000,0.000000,0.000000,0.015117,0.000000,0.000000,0.000000,0.00095677
3,5,0.546299,0.000171,114.2701,0.000000,0.000000,0.000000,0.018809,0.000000,0.000000,0.000000,0.00095677
3,6,0.537327,0.000170,112.0948,0.000000,0.000000,0.000000,0.011308,0.000000,0.000000,0.000000,0.00095677
3,7,0.517772,0.000164,113.4111,0.000000,0.000000,0.000000,0.009642,0.000000,0.000000,0.000000,0.00095677
3,8,0.541998,0.000171,111.7559,0.000000,0.000000,0.000000,0.008727,0.000000,0.000000,0.000000,0.00095677
3,9,0.516392,0.000163,110.3390,0.000000,0.000000,0.000000,0.007869,0.000000,0.000000,0.000000,0.00095677
3,10,0.568175,0.000180,109.6355,0.000000,0.000000,0.000000,0.009067,0.000000,0.000000,0.000000,0.00095677
3,11,0.559862,0.000177,112.2134,0.000000,0.000000,0.000000,0.009236,0.000000,0.000000,0.000000,0.00095677
3,12,0.529121,0.000168,114.1854,0.000000,0.000000,0.000000,0.003491,0.000000,0.000000,0.000000,0.00095677
3,13,0.569597,0.000181,112.5581,0.000000,0.000000,0.000000,0.004966,0.000000,0.000000,0.000000,0.00095677
3,14,0.551705,0.000175,111.7728,0.000000,0.000000,0.000000,0.006524,0.000000,0.000000,0.000000,0.00095677
3,15,0.529747,0.000168,108.5290,0.000000,0.000000,0.000000,0.006982,0.000000,0.000000,0.000000,0.00095677
3,16,0.589828,0.000185,109.9996,0.000000,0.000000,0.000000,0.020887,0.000000,0.000000,0.000000,0.00095677
3,17,0.569607,0.000179,113.3012,0.000000,0.000000,0.000000,0.018067,0.000000,0.000000,0.000000,0.00095677
3,18,0.603709,0.000191,112.0884,0.000000,0.000000,0.000000,0.011813,0.000000,0.000000,0.000000,0.00095677
3,19,0.590475,0.000187,115.4071,0.000000,0.000000,0.000000,0.008732,0.000000,0.000000,0.000000,0.00095677
3,20,0.543536,0.000171,109.5283,0.000000,0.000000,0.000000,0.011491,0.000000,0.000000,0.000000,0.00095677
3,21,0.543322,0.000172,112.9688,0.000000,0.000000,0.000000,0.008405,0.000000,0.000000,0.000000,0.00095677
3,22,0.572947,0.000181,110.6313,0.000000,0.000000,0.000000,0.009642,0.000000,0.000000,0.000000,0.00095677
3,23,0.581819,0.000184,113.9032,0.000000,0.000000,0.000000,0.008945,0.000000,0.000000,0.000000,0.00095677
3,24,0.613469,0.000194,112.7840,0.000000,0.000000,0.000000,0.007490,0.000000,0.000000,0.000000,0.00095677
3,25,0.555732,0.000176,110.7357,0.000000,0.000000,0.000000,0.007813,0.000000,0.000000,0.000000,0.00095677
3,26,0.532829,0.000168,110.2846,0.000000,0.000000,0.000000,0.010068,0.000000,0.000000,0.000000,0.00095677
3,27,0.594731,0.000188,115.1107,0.000000,0.000000,0.000000,0.007408,0.000000,0.000000,0.000000,0.00095677
3,28,0.598515,0.000189,114.3276,0.000000,0.000000,0.000000,0.009599,0.000000,0.000000,0.000000,0.00095677
3,29,0.507418,0.000161,110.0972,0.000000,0.000000,0.000000,0.006254,0.000000,0.000000,0.000000,0.00095677
3,30,0.526178,0.000167,112.7249,0.000000,0.000000,0.000000,0.007439,0.000000,0.000000,0.000000,0.00095677
3,31,0.513371,0.000162,112.3814,0.000000,0.000000,0.000000,0.008291,0.000000,0.000000,0.000000,0.00095677
3,32,0.616776,0.000189,111.9331,0.000000,0.000000,0.000000,0.045809,0.000000,0.000000,0.000000,0.00095677
3,33,0.608834,0.000176,114.0006,0.000000,0.000000,0.000000,0.116007,0.000000,0.000000,0.000000,0.00095677
3,34,0.623424,0.000178,111.5201,0.000000,0.000000,0.000000,0.128566,0.000000,0.000000,0.000000,0.00095677
3,35,0.483078,0.000149,111.3453,0.000000,0.000000,0.000000,0.030758,0.000000,0.000000,0.000000,0.00095677
3,36,0.506081,0.000151,111.1618,0.000000,0.000000,0.000000,0.065552,0.000000,0.000000,0.000000,0.00095677
3,37,0.498380,0.000154,114.8560,0.000000,0.000000,0.000000,0.027803,0.000000,0.000000,0.000000,0.00095677
3,38,0.516140,0.000159,114.1042,0.000000,0.000000,0.000000,0.034860,0.000000,0.000000,0.000000,0.00095677
3,39,0.479158,0.000151,111.1395,0.000000,0.000000,0.000000,0.012545,0.000000,0.000000,0.000000,0.00095677
3,40,0.511344,0.000161,108.7028,0.000000,0.000000,0.000000,0.015252,0.000000,0.000000,0.000000,0.00095677
3,41,0.465935,0.000147,114.4933,0.000000,0.000000,0.000000,0.011896,0.000000,0.000000,0.000000,0.00095677
3,42,0.482651,0.000153,111.8940,0.000000,0.000000,0.000000,0.005836,0.000000,0.000000,0.000000,0.00095677
3,43,0.500999,0.000158,111.5697,0.000000,0.000000,0.000000,0.009018,0.000000,0.000000,0.000000,0.00095677
3,44,0.456793,0.000144,112.8217,0.000000,0.000000,0.000000,0.008135,0.000000,0.000000,0.000000,0.00095677
3,45,0.419190,0.000133,112.0545,0.000000,0.000000,0.000000,0.005101,0.000000,0.000000,0.000000,0.00095677
3,46,0.513502,0.000162,113.4124,0.000000,0.000000,0.000000,0.008083,0.000000,0.000000,0.000000,0.00095677
3,47,0.543230,0.000169,110.8642,0.000000,0.000000,0.000000,0.024201,0.000000,0.000000,0.000000,0.00095677
3,48,0.689679,0.000206,103.9819,0.000000,0.000000,0.000000,0.087456,0.000000,0.000000,0.000000,0.00095677
3,49,0.504485,0.000142,110.0820,0.000000,0.000000,0.000000,0.120871,0.000000,0.000000,0.000000,0.00095677
3,50,0.531203,0.000161,116.1622,0.000000,0.000000,0.000000,0.051195,0.000000,0.000000,0.000000,0.00095677
3,51,0.614191,0.000185,114.1605,0.000000,0.000000,0.000000,0.069127,0.000000,0.000000,0.000000,0.00095677
3,52,0.466202,0.000143,115.1616,0.000000,0.000000,0.000000,0.035267,0.000000,0.000000,0.000000,0.00095677
3,53,0.570067,0.000177,116.3933,0.000000,0.000000,0.000000,0.030486,0.000000,0.000000,0.000000,0.00095677
3,54,0.505835,0.000159,113.4620,0.000000,0.000000,0.000000,0.015625,0.000000,0.000000,0.000000,0.00095677
3,55,0.567840,0.000178,116.5409,0.000000,0.000000,0.000000,0.018233,0.000000,0.000000,0.000000,0.00095677
3,56,0.516559,0.000161,118.3849,0.000000,0.000000,0.000000,0.021014,0.000000,0.000000,0.000000,0.00095677
3,57,0.626536,0.000195,99.2322,0.000000,0.000000,0.000000,0.032099,0.000000,0.000000,0.000000,0.00095677
3,58,0.542142,0.000168,117.4474,0.000000,0.000000,0.000000,0.027512,0.000000,0.000000,0.000000,0.00095677
3,59,0.478734,0.000151,125.6280,0.000000,0.000000,0.000000,0.010878,0.000000,0.000000,0.000000,0.00095677
3,60,0.477479,0.000151,124.9951,0.000000,0.000000,0.000000,0.009236,0.000000,0.000000,0.000000,0.00095677
3,61,0.797975,0.000249,119.2734,0.000000,0.000000,0.000000,0.031639,0.000000,0.000000,0.000000,0.00095677
3,62,0.546694,0.000171,123.2105,0.000000,0.000000,0.000000,0.023192,0.000000,0.000000,0.000000,0.00095677
3,63,0.752700,0.000233,117.2937,0.000000,0.000000,0.000000,0.043248,0.000000,0.000000,0.000000,0.00095677
3,64,0.594325,0.000185,112.9089,0.000000,0.000000,0.000000,0.028501,0.000000,0.000000,0.000000,0.00095677
3,65,0.547288,0.000171,112.2289,0.000000,0.000000,0.000000,0.022456,0.000000,0.000000,0.000000,0.00095677
3,66,0.520680,0.000164,111.5288,0.000000,0.000000,0.000000,0.010898,0.000000,0.000000,0.000000,0.00095677
3,67,0.571627,0.000180,112.4971,0.000000,0.000000,0.000000,0.013320,0.000000,0.000000,0.000000,0.00095677
3,68,0.537265,0.000169,114.6872,0.000000,0.000000,0.000000,0.013042,0.000000,0.000000,0.000000,0.00095677
3,69,0.538897,0.000170,113.0566,0.000000,0.000000,0.000000,0.013662,0.000000,0.000000,0.000000,0.00095677
3,70,0.509733,0.000161,113.3960,0.000000,0.000000,0.000000,0.008405,0.000000,0.000000,0.000000,0.00095677
3,71,0.504789,0.000159,114.0012,0.000000,0.000000,0.000000,0.013901,0.000000,0.000000,0.000000,0.00095677
3,72,0.550609,0.000174,110.3666,0.000000,0.000000,0.000000,0.007574,0.000000,0.000000,0.000000,0.00095677
3,73,0.545143,0.000173,111.4643,0.000000,0.000000,0.000000,0.004966,0.000000,0.000000,0.000000,0.00095677
3,74,0.520771,0.000164,115.9506,0.000000,0.000000,0.000000,0.010477,0.000000,0.000000,0.000000,0.00095677
3,75,0.505063,0.000159,112.9308,0.000000,0.000000,0.000000,0.010898,0.000000,0.000000,0.000000,0.00095677
3,76,0.479705,0.000151,110.3902,0.000000,0.000000,0.000000,0.009797,0.000000,0.000000,0.000000,0.00095677
3,77,0.477183,0.000151,111.3237,0.000000,0.000000,0.000000,0.007038,0.000000,0.000000,0.000000,0.00095677
3,78,0.532767,0.000169,112.2555,0.000000,0.000000,0.000000,0.006016,0.000000,0.000000,0.000000,0.00095677
3,79,0.588229,0.000182,117.9912,0.000000,0.000000,0.000000,0.032588,0.000000,0.000000,0.000000,0.00095677
3,80,0.549059,0.000169,120.2044,0.000000,0.000000,0.000000,0.038428,0.000000,0.000000,0.000000,0.00095677
3,81,0.476983,0.000146,123.3541,0.000000,0.000000,0.000000,0.037789,0.000000,0.000000,0.000000,0.00095677
3,82,0.541860,0.000168,115.3968,0.000000,0.000000,0.000000,0.030160,0.000000,0.000000,0.000000,0.00095677
3,83,0.575317,0.000177,114.2916,0.000000,0.000000,0.000000,0.040438,0.000000,0.000000,0.000000,0.00095677
3,84,0.529153,0.000166,123.5790,0.000000,0.000000,0.000000,0.019386,0.000000,0.000000,0.000000,0.00095677
3,85,0.437905,0.000135,112.7230,0.000000,0.000000,0.000000,0.028584,0.000000,0.000000,0.000000,0.00095677
3,86,0.536590,0.000165,122.1729,0.000000,0.000000,0.000000,0.041308,0.000000,0.000000,0.000000,0.00095677
3,87,0.611688,0.000189,130.7873,0.000000,0.000000,0.000000,0.040026,0.000000,0.000000,0.000000,0.00095677
3,88,0.535341,0.000160,127.9743,0.000000,0.000000,0.000000,0.066111,0.000000,0.000000,0.000000,0.00095677
3,89,0.699230,0.000213,129.5254,0.000000,0.000000,0.000000,0.060023,0.000000,0.000000,0.000000,0.00095677
3,90,0.477694,0.000144,115.8593,0.000000,0.000000,0.000000,0.052231,0.000000,0.000000,0.000000,0.00095677
3,91,0.384573,0.000116,112.8053,0.000000,0.000000,0.000000,0.042443,0.000000,0.000000,0.000000,0.00095677
3,92,0.397180,0.000126,99.6073,0.000000,0.000000,0.000000,0.004135,0.000000,0.000000,0.000000,0.00095677
3,93,0.551620,0.000168,119.2327,0.000000,0.000000,0.000000,0.049345,0.000000,0.000000,0.000000,0.00095677
3,94,0.545564,0.000170,120.1494,0.000000,0.000000,0.000000,0.023320,0.000000,0.000000,0.000000,0.00095677
3,95,0.565612,0.000175,112.9667,0.000000,0.000000,0.000000,0.035377,0.000000,0.000000,0.000000,0.00095677
3,96,0.553048,0.000173,112.9784,0.000000,0.000000,0.000000,0.018363,0.000000,0.000000,0.000000,0.00095677
3,97,0.523792,0.000165,110.0460,0.000000,0.000000,0.000000,0.013539,0.000000,0.000000,0.000000,0.00095677
3,98,0.529437,0.000167,111.3555,0.000000,0.000000,0.000000,0.008540,0.000000,0.000000,0.000000,0.00095677
3,99,0.531772,0.000168,114.4529,0.000000,0.000000,0.000000,0.009287,0.000000,0.000000,0.000000,0.00095677
3,100,0.477646,0.000151,110.1131,0.000000,0.000000,0.000000,0.008135,0.000000,0.000000,0.000000,0.00095677
3,101,0.526633,0.000166,110.1100,0.000000,0.000000,0.000000,0.009340,0.000000,0.000000,0.000000,0.00095677
3,102,0.519685,0.000164,112.7912,0.000000,0.000000,0.000000,0.013698,0.000000,0.000000,0.000000,0.00095677
3,103,0.500704,0.000158,112.1992,0.000000,0.000000,0.000000,0.010067,0.000000,0.000000,0.000000,0.00095677
3,104,0.523199,0.000165,112.6135,0.000000,0.000000,0.000000,0.010015,0.000000,0.000000,0.000000,0.00095677
3,105,0.516432,0.000164,110.7182,0.000000,0.000000,0.000000,0.007033,0.000000,0.000000,0.000000,0.00095677
3,106,0.529907,0.000168,111.4532,0.000000,0.000000,0.000000,0.005880,0.000000,0.000000,0.000000,0.00095677
3,107,0.509147,0.000161,112.9971,0.000000,0.000000,0.000000,0.011141,0.000000,0.000000,0.000000,0.00095677
3,108,0.480781,0.000152,110.9109,0.000000,0.000000,0.000000,0.008374,0.000000,0.000000,0.000000,0.00095677
3,109,0.499150,0.000158,111.5396,0.000000,0.000000,0.000000,0.008135,0.000000,0.000000,0.000000,0.00095677
3,110,0.626994,0.000194,112.5949,0.000000,0.000000,0.000000,0.035883,0.000000,0.000000,0.000000,0.00095677
3,111,0.664008,0.000201,101.7269,0.000000,0.000000,0.000000,0.065167,0.000000,0.000000,0.000000,0.00095677
3,112,0.528129,0.000161,103.8299,0.000000,0.000000,0.000000,0.049522,0.000000,0.000000,0.000000,0.00095677
3,113,0.445067,0.000139,112.4698,0.000000,0.000000,0.000000,0.019002,0.000000,0.000000,0.000000,0.00095677
3,114,0.721824,0.000223,121.2177,0.000000,0.000000,0.000000,0.043986,0.000000,0.000000,0.000000,0.00095677
3,115,0.767109,0.000230,122.4023,0.000000,0.000000,0.000000,0.093068,0.000000,0.000000,0.000000,0.00095677
3,116,0.789901,0.000240,117.7099,0.000000,0.000000,0.000000,0.072872,0.000000,0.000000,0.000000,0.00095677
3,117,0.479722,0.000148,95.6966,0.000000,0.000000,0.000000,0.029922,0.000000,0.000000,0.000000,0.00095677
3,118,0.585363,0.000182,114.9360,0.000000,0.000000,0.000000,0.026586,0.000000,0.000000,0.000000,0.00095677
3,119,0.487263,0.000149,89.8026,0.000000,0.000000,0.000000,0.042788,0.000000,0.000000,0.000000,0.00095677
3,120,0.610806,0.000185,122.6640,0.000000,0.000000,0.000000,0.062844,0.000000,0.000000,0.000000,0.00095677
3,121,0.544060,0.000168,112.1633,0.000000,0.000000,0.000000,0.035533,0.000000,0.000000,0.000000,0.00095677
3,122,0.548497,0.000169,118.7018,0.000000,0.000000,0.000000,0.037870,0.000000,0.000000,0.000000,0.00095677
3,123,0.595305,0.000186,111.9909,0.000000,0.000000,0.000000,0.022188,0.000000,0.000000,0.000000,0.00095677
3,124,0.617204,0.000190,122.0216,0.000000,0.000000,0.000000,0.044517,0.000000,0.000000,0.000000,0.00095677
3,125,0.511004,0.000158,104.7693,0.000000,0.000000,0.000000,0.028440,0.000000,0.000000,0.000000,0.00095677
3,126,0.894900,0.000275,100.9890,0.000000,0.000000,0.000000,0.063689,0.000000,0.000000,0.000000,0.00095677
3,127,0.592719,0.000179,114.6826,0.000000,0.000000,0.000000,0.063560,0.000000,0.000000,0.000000,0.00095677
3,128,0.550621,0.000173,109.3486,0.000000,0.000000,0.000000,0.014897,0.000000,0.000000,0.000000,0.00095677
3,129,0.611073,0.000191,121.3453,0.000000,0.000000,0.000000,0.023012,0.000000,0.000000,0.000000,0.00095677
3,130,0.457473,0.000143,113.8040,0.000000,0.000000,0.000000,0.015064,0.000000,0.000000,0.000000,0.00095677
3,131,0.454677,0.000143,103.3610,0.000000,0.000000,0.000000,0.014929,0.000000,0.000000,0.000000,0.00095677
3,132,0.482324,0.000149,123.2069,0.000000,0.000000,0.000000,0.029130,0.000000,0.000000,0.000000,0.00095677
3,133,0.525915,0.000166,131.5055,0.000000,0.000000,0.000000,0.011335,0.000000,0.000000,0.000000,0.00095677
3,134,0.411346,0.000124,121.3588,0.000000,0.000000,0.000000,0.042672,0.000000,0.000000,0.000000,0.00095677
3,135,0.499685,0.000156,119.7950,0.000000,0.000000,0.000000,0.023220,0.000000,0.000000,0.000000,0.00095677
3,136,0.456517,0.000139,127.4334,0.000000,0.000000,0.000000,0.038564,0.000000,0.000000,0.000000,0.00095677
3,137,0.452829,0.000142,107.5269,0.000000,0.000000,0.000000,0.017049,0.000000,0.000000,0.000000,0.00095677
3,138,0.564379,0.000174,126.8526,0.000000,0.000000,0.000000,0.038786,0.000000,0.000000,0.000000,0.00095677
3,139,0.541545,0.000167,116.2932,0.000000,0.000000,0.000000,0.035797,0.000000,0.000000,0.000000,0.00095677
3,140,0.525791,0.000166,109.4823,0.000000,0.000000,0.000000,0.008779,0.000000,0.000000,0.000000,0.00095677
3,141,0.747783,0.000233,116.6277,0.000000,0.000000,0.000000,0.032869,0.000000,0.000000,0.000000,0.00095677
3,142,0.828409,0.000261,111.8046,0.000000,0.000000,0.000000,0.019824,0.000000,0.000000,0.000000,0.00095677
3,143,0.594007,0.000183,113.0699,0.000000,0.000000,0.000000,0.038478,0.000000,0.000000,0.000000,0.00095677
3,144,0.613684,0.000191,114.1790,0.000000,0.000000,0.000000,0.029103,0.000000,0.000000,0.000000,0.00095677
3,145,0.589770,0.000186,105.6969,0.000000,0.000000,0.000000,0.013557,0.000000,0.000000,0.000000,0.00095677
3,146,0.704593,0.000223,120.1638,0.000000,0.000000,0.000000,0.013454,0.000000,0.000000,0.000000,0.00095677
3,147,0.648745,0.000206,117.2524,0.000000,0.000000,0.000000,0.007761,0.000000,0.000000,0.000000,0.00095677
3,148,0.742918,0.000232,125.3596,0.000000,0.000000,0.000000,0.028591,0.000000,0.000000,0.000000,0.00095677
3,149,0.496696,0.000152,104.1828,0.000000,0.000000,0.000000,0.037958,0.000000,0.000000,0.000000,0.00095677
3,150,0.658980,0.000201,112.8098,0.000000,0.000000,0.000000,0.057445,0.000000,0.000000,0.000000,0.00095677
3,151,0.604694,0.000191,128.3807,0.000000,0.000000,0.000000,0.013422,0.000000,0.000000,0.000000,0.00095677
3,152,0.599506,0.000186,120.9183,0.000000,0.000000,0.000000,0.034468,0.000000,0.000000,0.000000,0.00095677
3,153,0.692862,0.000217,124.4258,0.000000,0.000000,0.000000,0.025401,0.000000,0.000000,0.000000,0.00095677
3,154,0.540568,0.000166,103.2049,0.000000,0.000000,0.000000,0.040169,0.000000,0.000000,0.000000,0.00095677
3,155,0.534342,0.000168,112.7030,0.000000,0.000000,0.000000,0.015979,0.000000,0.000000,0.000000,0.00095677
3,156,0.541305,0.000166,103.5808,0.000000,0.000000,0.000000,0.041292,0.000000,0.000000,0.000000,0.00095677
3,157,0.768496,0.000239,108.3699,0.000000,0.000000,0.000000,0.040193,0.000000,0.000000,0.000000,0.00095677
3,158,0.576614,0.000177,109.9349,0.000000,0.000000,0.000000,0.041527,0.000000,0.000000,0.000000,0.00095677
3,159,0.642085,0.000197,122.1340,0.000000,0.000000,0.000000,0.046037,0.000000,0.000000,0.000000,0.00095677
3,160,0.558888,0.000175,116.4340,0.000000,0.000000,0.000000,0.017880,0.000000,0.000000,0.000000,0.00095677
3,161,0.687013,0.000216,118.3052,0.000000,0.000000,0.000000,0.018592,0.000000,0.000000,0.000000,0.00095677
3,162,0.521550,0.000164,111.1421,0.000000,0.000000,0.000000,0.016250,0.000000,0.000000,0.000000,0.00095677
3,163,0.550860,0.000174,119.4842,0.000000,0.000000,0.000000,0.009511,0.000000,0.000000,0.000000,0.00095677
3,164,0.737019,0.000230,121.4604,0.000000,0.000000,0.000000,0.028930,0.000000,0.000000,0.000000,0.00095677
3,165,0.528835,0.000166,104.6937,0.000000,0.000000,0.000000,0.016946,0.000000,0.000000,0.000000,0.00095677
3,166,0.696742,0.000219,121.0332,0.000000,0.000000,0.000000,0.017712,0.000000,0.000000,0.000000,0.00095677
3,167,0.490982,0.000154,124.7184,0.000000,0.000000,0.000000,0.015553,0.000000,0.000000,0.000000,0.00095677
3,168,0.568199,0.000179,113.2828,0.000000,0.000000,0.000000,0.013797,0.000000,0.000000,0.000000,0.00095677
3,169,0.466099,0.000146,105.8704,0.000000,0.000000,0.000000,0.014949,0.000000,0.000000,0.000000,0.00095677
3,170,0.517941,0.000163,123.5636,0.000000,0.000000,0.000000,0.010762,0.000000,0.000000,0.000000,0.00095677
3,171,0.590521,0.000187,101.0778,0.000000,0.000000,0.000000,0.008727,0.000000,0.000000,0.000000,0.00095677
3,172,0.537864,0.000170,112.5579,0.000000,0.000000,0.000000,0.008732,0.000000,0.000000,0.000000,0.00095677
3,173,0.589055,0.000184,122.4029,0.000000,0.000000,0.000000,0.021029,0.000000,0.000000,0.000000,0.00095677
3,174,0.468243,0.000148,110.6151,0.000000,0.000000,0.000000,0.008103,0.000000,0.000000,0.000000,0.00095677
3,175,0.563028,0.000176,100.7542,0.000000,0.000000,0.000000,0.022301,0.000000,0.000000,0.000000,0.00095677
3,176,0.573785,0.000180,108.4404,0.000000,0.000000,0.000000,0.020964,0.000000,0.000000,0.000000,0.00095677
3,177,0.500955,0.000155,102.0094,0.000000,0.000000,0.000000,0.032081,0.000000,0.000000,0.000000,0.00095677
3,178,0.407087,0.000129,111.9078,0.000000,0.000000,0.000000,0.004914,0.000000,0.000000,0.000000,0.00095677
3,179,0.342146,0.000107,115.3582,0.000000,0.000000,0.000000,0.011303,0.000000,0.000000,0.000000,0.00095677
3,180,0.364261,0.000113,111.0008,0.000000,0.000000,0.000000,0.020555,0.000000,0.000000,0.000000,0.00095677
3,181,0.388393,0.000122,105.8716,0.000000,0.000000,0.000000,0.009900,0.000000,0.000000,0.000000,0.00095677
3,182,0.573619,0.000179,124.7929,0.000000,0.000000,0.000000,0.022825,0.000000,0.000000,0.000000,0.00095677
3,183,0.394523,0.000124,104.8822,0.000000,0.000000,0.000000,0.011728,0.000000,0.000000,0.000000,0.00095677
3,184,0.372682,0.000116,110.3225,0.000000,0.000000,0.000000,0.020487,0.000000,0.000000,0.000000,0.00095677
3,185,0.466868,0.000148,108.5997,0.000000,0.000000,0.000000,0.006898,0.000000,0.000000,0.000000,0.00095677
3,186,0.536593,0.000170,111.6826,0.000000,0.000000,0.000000,0.004779,0.000000,0.000000,0.000000,0.00095677
3,187,0.437598,0.000137,111.3468,0.000000,0.000000,0.000000,0.013100,0.000000,0.000000,0.000000,0.00095677
3,188,0.584795,0.000184,126.2420,0.000000,0.000000,0.000000,0.015303,0.000000,0.000000,0.000000,0.00095677
3,189,0.516505,0.000160,120.8222,0.000000,0.000000,0.000000,0.031074,0.000000,0.000000,0.000000,0.00095677
3,190,0.545164,0.000169,111.7548,0.000000,0.000000,0.000000,0.027986,0.000000,0.000000,0.000000,0.00095677
3,191,0.431889,0.000133,109.8011,0.000000,0.000000,0.000000,0.029600,0.000000,0.000000,0.000000,0.00095677
3,192,0.383493,0.000120,121.3974,0.000000,0.000000,0.000000,0.015386,0.000000,0.000000,0.000000,0.00095677
3,193,0.548637,0.000166,112.8252,0.000000,0.000000,0.000000,0.056983,0.000000,0.000000,0.000000,0.00095677
3,194,0.447676,0.000139,123.5803,0.000000,0.000000,0.000000,0.023979,0.000000,0.000000,0.000000,0.00095677
3,195,0.466713,0.000146,117.2812,0.000000,0.000000,0.000000,0.020810,0.000000,0.000000,0.000000,0.00095677
3,196,0.436777,0.000136,111.1211,0.000000,0.000000,0.000000,0.020540,0.000000,0.000000,0.000000,0.00095677
3,197,0.536989,0.000168,123.7846,0.000000,0.000000,0.000000,0.018774,0.000000,0.000000,0.000000,0.00095677
3,198,0.422464,0.000127,114.2532,0.000000,0.000000,0.000000,0.045850,0.000000,0.000000,0.000000,0.00095677
3,199,0.516592,0.000157,113.1072,0.000000,0.000000,0.000000,0.047593,0.000000,0.000000,0.000000,0.00095677
3,200,0.425865,0.000134,104.5613,0.000000,0.000000,0.000000,0.011303,0.000000,0.000000,0.000000,0.00095677
3,201,0.475432,0.000142,118.3156,0.000000,0.000000,0.000000,0.062981,0.000000,0.000000,0.000000,0.00095677
3,202,0.446225,0.000129,114.9753,0.000000,0.000000,0.000000,0.082448,0.000000,0.000000,0.000000,0.00095677
3,203,0.504095,0.000156,110.9778,0.000000,0.000000,0.000000,0.028994,0.000000,0.000000,0.000000,0.00095677
3,204,0.598238,0.000168,104.2519,0.000000,0.000000,0.000000,0.140558,0.000000,0.000000,0.000000,0.00095677
3,205,0.535501,0.000167,119.7083,0.000000,0.000000,0.000000,0.021454,0.000000,0.000000,0.000000,0.00095677
3,206,0.537833,0.000164,118.9972,0.000000,0.000000,0.000000,0.044366,0.000000,0.000000,0.000000,0.00095677
3,207,0.507285,0.000148,107.4895,0.000000,0.000000,0.000000,0.087850,0.000000,0.000000,0.000000,0.00095677
3,208,0.611520,0.000182,120.7172,0.000000,0.000000,0.000000,0.081254,0.000000,0.000000,0.000000,0.00095677
3,209,0.433070,0.000133,103.8877,0.000000,0.000000,0.000000,0.034539,0.000000,0.000000,0.000000,0.00095677
3,210,0.362154,0.000112,114.3926,0.000000,0.000000,0.000000,0.022471,0.000000,0.000000,0.000000,0.00095677
3,211,0.476078,0.000149,108.7016,0.000000,0.000000,0.000000,0.016222,0.000000,0.000000,0.000000,0.00095677
3,212,0.389775,0.000122,112.6469,0.000000,0.000000,0.000000,0.017183,0.000000,0.000000,0.000000,0.00095677
3,213,0.356647,0.000112,120.3862,0.000000,0.000000,0.000000,0.011896,0.000000,0.000000,0.000000,0.00095677
3,214,0.346059,0.000109,110.1055,0.000000,0.000000,0.000000,0.007730,0.000000,0.000000,0.000000,0.00095677
3,215,0.483771,0.000149,96.9787,0.000000,0.000000,0.000000,0.030302,0.000000,0.000000,0.000000,0.00095677
3,216,0.597652,0.000187,117.0149,0.000000,0.000000,0.000000,0.019978,0.000000,0.000000,0.000000,0.00095677
3,217,0.517001,0.000161,105.9518,0.000000,0.000000,0.000000,0.023263,0.000000,0.000000,0.000000,0.00095677
3,218,0.434037,0.000133,119.3824,0.000000,0.000000,0.000000,0.033020,0.000000,0.000000,0.000000,0.00095677
3,219,0.584916,0.000185,123.1526,0.000000,0.000000,0.000000,0.007626,0.000000,0.000000,0.000000,0.00095677
3,220,0.575851,0.000177,100.0663,0.000000,0.000000,0.000000,0.041564,0.000000,0.000000,0.000000,0.00095677
3,221,0.482395,0.000145,117.6939,0.000000,0.000000,0.000000,0.056372,0.000000,0.000000,0.000000,0.00095677
3,222,0.435394,0.000132,104.3955,0.000000,0.000000,0.000000,0.043282,0.000000,0.000000,0.000000,0.00095677
3,223,0.540259,0.000169,119.4021,0.000000,0.000000,0.000000,0.023290,0.000000,0.000000,0.000000,0.00095677
3,224,0.441206,0.000139,112.8705,0.000000,0.000000,0.000000,0.009614,0.000000,0.000000,0.000000,0.00095677
3,225,0.458767,0.000143,111.0325,0.000000,0.000000,0.000000,0.023723,0.000000,0.000000,0.000000,0.00095677
3,226,0.586790,0.000184,115.1318,0.000000,0.000000,0.000000,0.020402,0.000000,0.000000,0.000000,0.00095677
3,227,0.561848,0.000176,122.5970,0.000000,0.000000,0.000000,0.019276,0.000000,0.000000,0.000000,0.00095677
3,228,0.445054,0.000140,123.6988,0.000000,0.000000,0.000000,0.012036,0.000000,0.000000,0.000000,0.00095677
3,229,0.580297,0.000182,122.1944,0.000000,0.000000,0.000000,0.016009,0.000000,0.000000,0.000000,0.00095677
3,230,0.448129,0.000140,100.9674,0.000000,0.000000,0.000000,0.020340,0.000000,0.000000,0.000000,0.00095677
3,231,0.462967,0.000146,101.2100,0.000000,0.000000,0.000000,0.013055,0.000000,0.000000,0.000000,0.00095677
3,232,0.481929,0.000152,100.7697,0.000000,0.000000,0.000000,0.010099,0.000000,0.000000,0.000000,0.00095677
3,233,0.414166,0.000130,96.6281,0.000000,0.000000,0.000000,0.010878,0.000000,0.000000,0.000000,0.00095677
3,234,0.400623,0.000127,103.3722,0.000000,0.000000,0.000000,0.004779,0.000000,0.000000,0.000000,0.00095677
3,235,0.520059,0.000164,101.6558,0.000000,0.000000,0.000000,0.008457,0.000000,0.000000,0.000000,0.00095677
3,236,0.446387,0.000141,111.6156,0.000000,0.000000,0.000000,0.009371,0.000000,0.000000,0.000000,0.00095677
3,237,0.623773,0.000195,127.9015,0.000000,0.000000,0.000000,0.023423,0.000000,0.000000,0.000000,0.00095677
3,238,0.534815,0.000168,112.9245,0.000000,0.000000,0.000000,0.017344,0.000000,0.000000,0.000000,0.00095677
3,239,0.476532,0.000151,111.0412,0.000000,0.000000,0.000000,0.007220,0.000000,0.000000,0.000000,0.00095677
3,240,0.385315,0.000122,116.5196,0.000000,0.000000,0.000000,0.006202,0.000000,0.000000,0.000000,0.00095677
3,241,0.669834,0.000210,123.1279,0.000000,0.000000,0.000000,0.021684,0.000000,0.000000,0.000000,0.00095677
3,242,0.672520,0.000212,117.9505,0.000000,0.000000,0.000000,0.017797,0.000000,0.000000,0.000000,0.00095677
3,243,0.566485,0.000179,103.2799,0.000000,0.000000,0.000000,0.008218,0.000000,0.000000,0.000000,0.00095677
3,244,0.532393,0.000167,117.8760,0.000000,0.000000,0.000000,0.017594,0.000000,0.000000,0.000000,0.00095677
3,245,0.425759,0.000134,106.0980,0.000000,0.000000,0.000000,0.012405,0.000000,0.000000,0.000000,0.00095677
3,246,0.451143,0.000141,123.5922,0.000000,0.000000,0.000000,0.015947,0.000000,0.000000,0.000000,0.00095677
3,247,0.526150,0.000166,111.9773,0.000000,0.000000,0.000000,0.012965,0.000000,0.000000,0.000000,0.00095677
3,248,0.575264,0.000181,120.4619,0.000000,0.000000,0.000000,0.012321,0.000000,0.000000,0.000000,0.00095677
3,249,0.498719,0.000153,113.6891,0.000000,0.000000,0.000000,0.035835,0.000000,0.000000,0.000000,0.00095677
3,250,0.440731,0.000136,112.4874,0.000000,0.000000,0.000000,0.030296,0.000000,0.000000,0.000000,0.00095677
3,251,0.417350,0.000130,110.7171,0.000000,0.000000,0.000000,0.017849,0.000000,0.000000,0.000000,0.00095677
3,252,0.409917,0.000128,121.9788,0.000000,0.000000,0.000000,0.017505,0.000000,0.000000,0.000000,0.00095677
3,253,0.523430,0.000161,117.1890,0.000000,0.000000,0.000000,0.039589,0.000000,0.000000,0.000000,0.00095677
3,254,0.458379,0.000144,103.7999,0.000000,0.000000,0.000000,0.013558,0.000000,0.000000,0.000000,0.00095677
3,255,0.413559,0.000129,117.2207,0.000000,0.000000,0.000000,0.018658,0.000000,0.000000,0.000000,0.00095677
3,256,0.480838,0.000150,112.0792,0.000000,0.000000,0.000000,0.017859,0.000000,0.000000,0.000000,0.00095677
3,257,0.461300,0.000145,124.1286,0.000000,0.000000,0.000000,0.012830,0.000000,0.000000,0.000000,0.00095677
3,258,0.375206,0.000117,107.7161,0.000000,0.000000,0.000000,0.017557,0.000000,0.000000,0.000000,0.00095677
3,259,0.457240,0.000144,121.4079,0.000000,0.000000,0.000000,0.008270,0.000000,0.000000,0.000000,0.00095677
3,260,0.516869,0.000162,125.6162,0.000000,0.000000,0.000000,0.016227,0.000000,0.000000,0.000000,0.00095677
3,261,0.454380,0.000142,117.1649,0.000000,0.000000,0.000000,0.020354,0.000000,0.000000,0.000000,0.00095677
3,262,0.385309,0.000121,111.7927,0.000000,0.000000,0.000000,0.012540,0.000000,0.000000,0.000000,0.00095677
3,263,0.373040,0.000116,112.0096,0.000000,0.000000,0.000000,0.020268,0.000000,0.000000,0.000000,0.00095677
3,264,0.355773,0.000111,117.8921,0.000000,0.000000,0.000000,0.013911,0.000000,0.000000,0.000000,0.00095677
3,265,0.454445,0.000140,120.6059,0.000000,0.000000,0.000000,0.030421,0.000000,0.000000,0.000000,0.00095677
3,266,0.568836,0.000177,124.6690,0.000000,0.000000,0.000000,0.027861,0.000000,0.000000,0.000000,0.00095677
3,267,0.493085,0.000154,108.9213,0.000000,0.000000,0.000000,0.021621,0.000000,0.000000,0.000000,0.00095677
3,268,0.590659,0.000183,113.1490,0.000000,0.000000,0.000000,0.030789,0.000000,0.000000,0.000000,0.00095677
3,269,0.528926,0.000164,112.0165,0.000000,0.000000,0.000000,0.026601,0.000000,0.000000,0.000000,0.00095677
3,270,0.540503,0.000169,110.5253,0.000000,0.000000,0.000000,0.019121,0.000000,0.000000,0.000000,0.00095677
3,271,0.616063,0.000190,110.9694,0.000000,0.000000,0.000000,0.038227,0.000000,0.000000,0.000000,0.00095677
3,272,0.516401,0.000160,114.2293,0.000000,0.000000,0.000000,0.027865,0.000000,0.000000,0.000000,0.00095677
3,273,0.457984,0.000141,109.5054,0.000000,0.000000,0.000000,0.029787,0.000000,0.000000,0.000000,0.00095677
3,274,0.510974,0.000160,112.0507,0.000000,0.000000,0.000000,0.017319,0.000000,0.000000,0.000000,0.00095677
3,275,0.401054,0.000127,103.4293,0.000000,0.000000,0.000000,0.007490,0.000000,0.000000,0.000000,0.00095677
3,276,0.510228,0.000161,102.9062,0.000000,0.000000,0.000000,0.013610,0.000000,0.000000,0.000000,0.00095677
3,277,0.482028,0.000152,108.7885,0.000000,0.000000,0.000000,0.008643,0.000000,0.000000,0.000000,0.00095677
3,278,0.393270,0.000124,109.4111,0.000000,0.000000,0.000000,0.009049,0.000000,0.000000,0.000000,0.00095677
3,279,0.546189,0.000171,118.3097,0.000000,0.000000,0.000000,0.022233,0.000000,0.000000,0.000000,0.00095677
3,280,0.460076,0.000141,122.6160,0.000000,0.000000,0.000000,0.033212,0.000000,0.000000,0.000000,0.00095677
3,281,0.601765,0.000184,110.4340,0.000000,0.000000,0.000000,0.049727,0.000000,0.000000,0.000000,0.00095677
3,282,0.709275,0.000213,117.5457,0.000000,0.000000,0.000000,0.084069,0.000000,0.000000,0.000000,0.00095677
3,283,0.568714,0.000173,113.5965,0.000000,0.000000,0.000000,0.053100,0.000000,0.000000,0.000000,0.00095677
3,284,0.556805,0.000166,115.1245,0.000000,0.000000,0.000000,0.072926,0.000000,0.000000,0.000000,0.00095677
3,285,0.488516,0.000149,113.0211,0.000000,0.000000,0.000000,0.042481,0.000000,0.000000,0.000000,0.00095677
3,286,0.555389,0.000166,118.2864,0.000000,0.000000,0.000000,0.067826,0.000000,0.000000,0.000000,0.00095677
3,287,0.466439,0.000141,121.2694,0.000000,0.000000,0.000000,0.046964,0.000000,0.000000,0.000000,0.00095677
3,288,0.442754,0.000139,125.2889,0.000000,0.000000,0.000000,0.014929,0.000000,0.000000,0.000000,0.00095677
3,289,0.468126,0.000147,121.9149,0.000000,0.000000,0.000000,0.011901,0.000000,0.000000,0.000000,0.00095677
3,290,0.441609,0.000139,113.2897,0.000000,0.000000,0.000000,0.008353,0.000000,0.000000,0.000000,0.00095677
3,291,0.408596,0.000127,112.9242,0.000000,0.000000,0.000000,0.022270,0.000000,0.000000,0.000000,0.00095677
3,292,0.385885,0.000122,127.5529,0.000000,0.000000,0.000000,0.008643,0.000000,0.000000,0.000000,0.00095677
3,293,0.482026,0.000151,109.7598,0.000000,0.000000,0.000000,0.018374,0.000000,0.000000,0.000000,0.00095677
3,294,0.430764,0.000135,107.7834,0.000000,0.000000,0.000000,0.012084,0.000000,0.000000,0.000000,0.00095677
3,295,0.407197,0.000128,110.3039,0.000000,0.000000,0.000000,0.014710,0.000000,0.000000,0.000000,0.00095677
3,296,0.576341,0.000181,125.0933,0.000000,0.000000,0.000000,0.014898,0.000000,0.000000,0.000000,0.00095677
3,297,0.500338,0.000158,119.6349,0.000000,0.000000,0.000000,0.012410,0.000000,0.000000,0.000000,0.00095677
3,298,0.712537,0.000215,109.9375,0.000000,0.000000,0.000000,0.075558,0.000000,0.000000,0.000000,0.00095677
3,299,0.551121,0.000164,115.8752,0.000000,0.000000,0.000000,0.070829,0.000000,0.000000,0.000000,0.00095677
3,300,0.374140,0.000116,115.3670,0.000000,0.000000,0.000000,0.022794,0.000000,0.000000,0.000000,0.00095677
3,301,0.696213,0.000216,122.7570,0.000000,0.000000,0.000000,0.039601,0.000000,0.000000,0.000000,0.00095677
3,302,0.498659,0.000154,106.8317,0.000000,0.000000,0.000000,0.030471,0.000000,0.000000,0.000000,0.00095677
3,303,0.433719,0.000135,103.4818,0.000000,0.000000,0.000000,0.023469,0.000000,0.000000,0.000000,0.00095677
3,304,0.456754,0.000142,107.0945,0.000000,0.000000,0.000000,0.021280,0.000000,0.000000,0.000000,0.00095677
3,305,0.503123,0.000157,123.4722,0.000000,0.000000,0.000000,0.023958,0.000000,0.000000,0.000000,0.00095677
3,306,0.371445,0.000116,113.7939,0.000000,0.000000,0.000000,0.017304,0.000000,0.000000,0.000000,0.00095677
3,307,0.346844,0.000109,116.1208,0.000000,0.000000,0.000000,0.011111,0.000000,0.000000,0.000000,0.00095677
3,308,0.506607,0.000158,123.8542,0.000000,0.000000,0.000000,0.022233,0.000000,0.000000,0.000000,0.00095677
3,309,0.549576,0.000172,118.3169,0.000000,0.000000,0.000000,0.018452,0.000000,0.000000,0.000000,0.00095677
3,310,0.410258,0.000130,106.4671,0.000000,0.000000,0.000000,0.007490,0.000000,0.000000,0.000000,0.00095677
3,311,0.391767,0.000122,126.5136,0.000000,0.000000,0.000000,0.016114,0.000000,0.000000,0.000000,0.00095677
3,312,0.470551,0.000148,121.9207,0.000000,0.000000,0.000000,0.012405,0.000000,0.000000,0.000000,0.00095677
3,313,0.490660,0.000152,107.0143,0.000000,0.000000,0.000000,0.026572,0.000000,0.000000,0.000000,0.00095677
3,314,0.492088,0.000156,114.1059,0.000000,0.000000,0.000000,0.004644,0.000000,0.000000,0.000000,0.00095677
3,315,0.610156,0.000190,117.9351,0.000000,0.000000,0.000000,0.028061,0.000000,0.000000,0.000000,0.00095677
3,316,0.414428,0.000129,117.2354,0.000000,0.000000,0.000000,0.019895,0.000000,0.000000,0.000000,0.00095677
3,317,0.416288,0.000131,112.1652,0.000000,0.000000,0.000000,0.008862,0.000000,0.000000,0.000000,0.00095677
3,318,0.458486,0.000144,89.9306,0.000000,0.000000,0.000000,0.014878,0.000000,0.000000,0.000000,0.00095677
3,319,0.424887,0.000135,109.6515,0.000000,0.000000,0.000000,0.006067,0.000000,0.000000,0.000000,0.00095677
3,320,0.411141,0.000130,104.7945,0.000000,0.000000,0.000000,0.004644,0.000000,0.000000,0.000000,0.00095677
3,321,0.597066,0.000185,116.9952,0.000000,0.000000,0.000000,0.035726,0.000000,0.000000,0.000000,0.00095677
3,322,0.414253,0.000126,121.2948,0.000000,0.000000,0.000000,0.040312,0.000000,0.000000,0.000000,0.00095677
3,323,0.466783,0.000144,109.6670,0.000000,0.000000,0.000000,0.028501,0.000000,0.000000,0.000000,0.00095677
3,324,0.602110,0.000187,119.3579,0.000000,0.000000,0.000000,0.032905,0.000000,0.000000,0.000000,0.00095677
3,325,0.528076,0.000163,119.7867,0.000000,0.000000,0.000000,0.033015,0.000000,0.000000,0.000000,0.00095677
3,326,0.436898,0.000138,122.7606,0.000000,0.000000,0.000000,0.010118,0.000000,0.000000,0.000000,0.00095677
3,327,0.432831,0.000135,116.0539,0.000000,0.000000,0.000000,0.019148,0.000000,0.000000,0.000000,0.00095677
3,328,0.651119,0.000206,119.1413,0.000000,0.000000,0.000000,0.013287,0.000000,0.000000,0.000000,0.00095677
3,329,0.673832,0.000212,114.7366,0.000000,0.000000,0.000000,0.016519,0.000000,0.000000,0.000000,0.00095677
3,330,0.409041,0.000127,117.3528,0.000000,0.000000,0.000000,0.024410,0.000000,0.000000,0.000000,0.00095677
3,331,0.397440,0.000126,123.5894,0.000000,0.000000,0.000000,0.007677,0.000000,0.000000,0.000000,0.00095677
3,332,0.559449,0.000175,122.2638,0.000000,0.000000,0.000000,0.021675,0.000000,0.000000,0.000000,0.00095677
3,333,0.485451,0.000152,121.6210,0.000000,0.000000,0.000000,0.016280,0.000000,0.000000,0.000000,0.00095677
3,334,0.446544,0.000140,118.3489,0.000000,0.000000,0.000000,0.015547,0.000000,0.000000,0.000000,0.00095677
3,335,0.499999,0.000157,106.8936,0.000000,0.000000,0.000000,0.018285,0.000000,0.000000,0.000000,0.00095677
3,336,0.463634,0.000145,122.7710,0.000000,0.000000,0.000000,0.017402,0.000000,0.000000,0.000000,0.00095677
3,337,0.488417,0.000154,111.2586,0.000000,0.000000,0.000000,0.012780,0.000000,0.000000,0.000000,0.00095677
3,338,0.430571,0.000134,116.9230,0.000000,0.000000,0.000000,0.021860,0.000000,0.000000,0.000000,0.00095677
3,339,0.462677,0.000145,111.6797,0.000000,0.000000,0.000000,0.017403,0.000000,0.000000,0.000000,0.00095677
3,340,0.435258,0.000137,107.5988,0.000000,0.000000,0.000000,0.008307,0.000000,0.000000,0.000000,0.00095677
3,341,0.503841,0.000158,107.2127,0.000000,0.000000,0.000000,0.017048,0.000000,0.000000,0.000000,0.00095677
3,342,0.475235,0.000147,119.9223,0.000000,0.000000,0.000000,0.025465,0.000000,0.000000,0.000000,0.00095677
3,343,1.127623,0.000354,124.7385,0.000000,0.000000,0.000000,0.035804,0.000000,0.000000,0.000000,0.00095677
3,344,0.549063,0.000170,128.0129,0.000000,0.000000,0.000000,0.033928,0.000000,0.000000,0.000000,0.00095677
3,345,0.551113,0.000173,126.7421,0.000000,0.000000,0.000000,0.015741,0.000000,0.000000,0.000000,0.00095677
3,346,0.515355,0.000160,124.2548,0.000000,0.000000,0.000000,0.025028,0.000000,0.000000,0.000000,0.00095677
3,347,0.521785,0.000164,130.6333,0.000000,0.000000,0.000000,0.013506,0.000000,0.000000,0.000000,0.00095677
3,348,0.488440,0.000153,108.5780,0.000000,0.000000,0.000000,0.018846,0.000000,0.000000,0.000000,0.00095677
3,349,0.475833,0.000150,122.6704,0.000000,0.000000,0.000000,0.008140,0.000000,0.000000,0.000000,0.00095677
3,350,0.413232,0.000127,103.4386,0.000000,0.000000,0.000000,0.032044,0.000000,0.000000,0.000000,0.00095677
3,351,0.386990,0.000119,116.6851,0.000000,0.000000,0.000000,0.028329,0.000000,0.000000,0.000000,0.00095677
3,352,0.415755,0.000131,117.1556,0.000000,0.000000,0.000000,0.012862,0.000000,0.000000,0.000000,0.00095677
3,353,0.382331,0.000120,110.8731,0.000000,0.000000,0.000000,0.012082,0.000000,0.000000,0.000000,0.00095677
3,354,0.489100,0.000154,101.1324,0.000000,0.000000,0.000000,0.009745,0.000000,0.000000,0.000000,0.00095677
3,355,0.435815,0.000137,106.3902,0.000000,0.000000,0.000000,0.012082,0.000000,0.000000,0.000000,0.00095677
3,356,0.288310,0.000090,102.4584,0.000000,0.000000,0.000000,0.011864,0.000000,0.000000,0.000000,0.00095677
3,357,0.396460,0.000125,102.0724,0.000000,0.000000,0.000000,0.007304,0.000000,0.000000,0.000000,0.00095677
3,358,0.323318,0.000102,106.9409,0.000000,0.000000,0.000000,0.005745,0.000000,0.000000,0.000000,0.00095677
3,359,0.330620,0.000105,119.4253,0.000000,0.000000,0.000000,0.002712,0.000000,0.000000,0.000000,0.00095677
3,360,0.433003,0.000137,116.9252,0.000000,0.000000,0.000000,0.007864,0.000000,0.000000,0.000000,0.00095677
3,361,0.390151,0.000123,109.6205,0.000000,0.000000,0.000000,0.007252,0.000000,0.000000,0.000000,0.00095677
3,362,0.425486,0.000135,105.3823,0.000000,0.000000,0.000000,0.007355,0.000000,0.000000,0.000000,0.00095677
3,363,0.442656,0.000140,112.8708,0.000000,0.000000,0.000000,0.005745,0.000000,0.000000,0.000000,0.00095677
3,364,0.393134,0.000124,116.2046,0.000000,0.000000,0.000000,0.005694,0.000000,0.000000,0.000000,0.00095677
3,365,0.436367,0.000137,111.5667,0.000000,0.000000,0.000000,0.010846,0.000000,0.000000,0.000000,0.00095677
3,366,0.459633,0.000145,124.5091,0.000000,0.000000,0.000000,0.007360,0.000000,0.000000,0.000000,0.00095677
3,367,0.406169,0.000128,104.9387,0.000000,0.000000,0.000000,0.012488,0.000000,0.000000,0.000000,0.00095677
3,368,0.642620,0.000201,112.9670,0.000000,0.000000,0.000000,0.023811,0.000000,0.000000,0.000000,0.00095677
3,369,0.426476,0.000132,103.4309,0.000000,0.000000,0.000000,0.024049,0.000000,0.000000,0.000000,0.00095677
3,370,0.494306,0.000149,104.1694,0.000000,0.000000,0.000000,0.054202,0.000000,0.000000,0.000000,0.00095677
3,371,0.394991,0.000117,108.0954,0.000000,0.000000,0.000000,0.053452,0.000000,0.000000,0.000000,0.00095677
3,372,0.649212,0.000197,100.4445,0.000000,0.000000,0.000000,0.060438,0.000000,0.000000,0.000000,0.00095677
3,373,0.450717,0.000136,106.0493,0.000000,0.000000,0.000000,0.046422,0.000000,0.000000,0.000000,0.00095677
3,374,0.420782,0.000130,114.9750,0.000000,0.000000,0.000000,0.025298,0.000000,0.000000,0.000000,0.00095677
3,375,0.493796,0.000153,126.8737,0.000000,0.000000,0.000000,0.026611,0.000000,0.000000,0.000000,0.00095677
3,376,0.438893,0.000135,110.1084,0.000000,0.000000,0.000000,0.028332,0.000000,0.000000,0.000000,0.00095677
3,377,0.448655,0.000140,125.3118,0.000000,0.000000,0.000000,0.020238,0.000000,0.000000,0.000000,0.00095677
3,378,0.465585,0.000145,110.7260,0.000000,0.000000,0.000000,0.023978,0.000000,0.000000,0.000000,0.00095677
3,379,0.454753,0.000142,105.4802,0.000000,0.000000,0.000000,0.018671,0.000000,0.000000,0.000000,0.00095677
3,380,0.393962,0.000120,114.5894,0.000000,0.000000,0.000000,0.033568,0.000000,0.000000,0.000000,0.00095677
3,381,0.449311,0.000142,102.2089,0.000000,0.000000,0.000000,0.008192,0.000000,0.000000,0.000000,0.00095677
3,382,0.390023,0.000119,114.1191,0.000000,0.000000,0.000000,0.033142,0.000000,0.000000,0.000000,0.00095677
3,383,0.468039,0.000147,115.5337,0.000000,0.000000,0.000000,0.016269,0.000000,0.000000,0.000000,0.00095677
3,384,0.393089,0.000123,112.9080,0.000000,0.000000,0.000000,0.014523,0.000000,0.000000,0.000000,0.00095677
3,385,0.409068,0.000128,125.7307,0.000000,0.000000,0.000000,0.012540,0.000000,0.000000,0.000000,0.00095677
3,386,0.408538,0.000129,109.8261,0.000000,0.000000,0.000000,0.005101,0.000000,0.000000,0.000000,0.00095677
3,387,0.388987,0.000123,119.9915,0.000000,0.000000,0.000000,0.006576,0.000000,0.000000,0.000000,0.00095677
3,388,0.378858,0.000120,116.3539,0.000000,0.000000,0.000000,0.003356,0.000000,0.000000,0.000000,0.00095677
3,389,0.379168,0.000120,112.9371,0.000000,0.000000,0.000000,0.003491,0.000000,0.000000,0.000000,0.00095677
3,390,0.386390,0.000122,119.1444,0.000000,0.000000,0.000000,0.009101,0.000000,0.000000,0.000000,0.00095677
3,391,0.491114,0.000155,117.1909,0.000000,0.000000,0.000000,0.012814,0.000000,0.000000,0.000000,0.00095677
3,392,0.676330,0.000214,127.9103,0.000000,0.000000,0.000000,0.010664,0.000000,0.000000,0.000000,0.00095677
3,393,0.418646,0.000131,112.3868,0.000000,0.000000,0.000000,0.014627,0.000000,0.000000,0.000000,0.00095677
3,394,0.435372,0.000138,117.4120,0.000000,0.000000,0.000000,0.006524,0.000000,0.000000,0.000000,0.00095677
3,395,0.516311,0.000163,118.5839,0.000000,0.000000,0.000000,0.012493,0.000000,0.000000,0.000000,0.00095677
3,396,0.317816,0.000101,120.2952,0.000000,0.000000,0.000000,0.004000,0.000000,0.000000,0.000000,0.00095677
3,397,0.328593,0.000104,116.3239,0.000000,0.000000,0.000000,0.006033,0.000000,0.000000,0.000000,0.00095677
3,398,0.514449,0.000162,122.9641,0.000000,0.000000,0.000000,0.015916,0.000000,0.000000,0.000000,0.00095677
3,399,0.406659,0.000129,121.7942,0.000000,0.000000,0.000000,0.007033,0.000000,0.000000,0.000000,0.00095677
3,400,0.334614,0.000105,113.7740,0.000000,0.000000,0.000000,0.009828,0.000000,0.000000,0.000000,0.00095677
3,401,0.447034,0.000140,124.2900,0.000000,0.000000,0.000000,0.016539,0.000000,0.000000,0.000000,0.00095677
3,402,0.493081,0.000155,110.3675,0.000000,0.000000,0.000000,0.016145,0.000000,0.000000,0.000000,0.00095677
3,403,0.336734,0.000107,121.4214,0.000000,0.000000,0.000000,0.003678,0.000000,0.000000,0.000000,0.00095677
3,404,0.440474,0.000139,111.8084,0.000000,0.000000,0.000000,0.006202,0.000000,0.000000,0.000000,0.00095677
3,405,0.365469,0.000116,106.9618,0.000000,0.000000,0.000000,0.005880,0.000000,0.000000,0.000000,0.00095677
3,406,0.427330,0.000136,110.8161,0.000000,0.000000,0.000000,0.003169,0.000000,0.000000,0.000000,0.00095677
3,407,0.566054,0.000177,108.8040,0.000000,0.000000,0.000000,0.019870,0.000000,0.000000,0.000000,0.00095677
3,408,0.451292,0.000141,120.3508,0.000000,0.000000,0.000000,0.016675,0.000000,0.000000,0.000000,0.00095677
3,409,0.529271,0.000165,109.7586,0.000000,0.000000,0.000000,0.023610,0.000000,0.000000,0.000000,0.00095677
3,410,0.494853,0.000154,124.7271,0.000000,0.000000,0.000000,0.021865,0.000000,0.000000,0.000000,0.00095677
3,411,0.513767,0.000156,108.6444,0.000000,0.000000,0.000000,0.047607,0.000000,0.000000,0.000000,0.00095677
3,412,0.517404,0.000158,121.5406,0.000000,0.000000,0.000000,0.046429,0.000000,0.000000,0.000000,0.00095677
3,413,0.498597,0.000150,100.4581,0.000000,0.000000,0.000000,0.054458,0.000000,0.000000,0.000000,0.00095677
3,414,0.437714,0.000123,120.2025,0.000000,0.000000,0.000000,0.103033,0.000000,0.000000,0.000000,0.00095677
3,415,0.490798,0.000145,104.5725,0.000000,0.000000,0.000000,0.069737,0.000000,0.000000,0.000000,0.00095677
3,416,0.452175,0.000132,107.0820,0.000000,0.000000,0.000000,0.074300,0.000000,0.000000,0.000000,0.00095677
3,417,0.374270,0.000114,121.1596,0.000000,0.000000,0.000000,0.035724,0.000000,0.000000,0.000000,0.00095677
3,418,0.437256,0.000136,117.4136,0.000000,0.000000,0.000000,0.020711,0.000000,0.000000,0.000000,0.00095677
3,419,0.364665,0.000114,112.6012,0.000000,0.000000,0.000000,0.013744,0.000000,0.000000,0.000000,0.00095677
3,420,0.355576,0.000110,113.7702,0.000000,0.000000,0.000000,0.023250,0.000000,0.000000,0.000000,0.00095677
3,421,0.386903,0.000121,119.9781,0.000000,0.000000,0.000000,0.012321,0.000000,0.000000,0.000000,0.00095677
3,422,0.621549,0.000192,106.1935,0.000000,0.000000,0.000000,0.040851,0.000000,0.000000,0.000000,0.00095677
3,423,0.356492,0.000112,97.8114,0.000000,0.000000,0.000000,0.009455,0.000000,0.000000,0.000000,0.00095677
3,424,0.417080,0.000126,111.7257,0.000000,0.000000,0.000000,0.045680,0.000000,0.000000,0.000000,0.00095677
3,425,0.360994,0.000113,105.4480,0.000000,0.000000,0.000000,0.012167,0.000000,0.000000,0.000000,0.00095677
3,426,0.354326,0.000112,106.5592,0.000000,0.000000,0.000000,0.007948,0.000000,0.000000,0.000000,0.00095677
3,427,0.312255,0.000099,109.8550,0.000000,0.000000,0.000000,0.003356,0.000000,0.000000,0.000000,0.00095677
3,428,0.463287,0.000146,125.6512,0.000000,0.000000,0.000000,0.012913,0.000000,0.000000,0.000000,0.00095677
3,429,0.410777,0.000130,123.2855,0.000000,0.000000,0.000000,0.007086,0.000000,0.000000,0.000000,0.00095677
3,430,0.446896,0.000141,119.3891,0.000000,0.000000,0.000000,0.007252,0.000000,0.000000,0.000000,0.00095677
3,431,0.426187,0.000134,107.5746,0.000000,0.000000,0.000000,0.009423,0.000000,0.000000,0.000000,0.00095677
3,432,0.354095,0.000112,106.8894,0.000000,0.000000,0.000000,0.003678,0.000000,0.000000,0.000000,0.00095677
3,433,0.405532,0.000128,107.2215,0.000000,0.000000,0.000000,0.007490,0.000000,0.000000,0.000000,0.00095677
3,434,0.327245,0.000103,112.3102,0.000000,0.000000,0.000000,0.007252,0.000000,0.000000,0.000000,0.00095677
3,435,0.354674,0.000112,107.3476,0.000000,0.000000,0.000000,0.005423,0.000000,0.000000,0.000000,0.00095677
3,436,0.447759,0.000142,112.0221,0.000000,0.000000,0.000000,0.006389,0.000000,0.000000,0.000000,0.00095677
3,437,0.395299,0.000125,108.3427,0.000000,0.000000,0.000000,0.003678,0.000000,0.000000,0.000000,0.00095677
3,438,0.483531,0.000152,119.7300,0.000000,0.000000,0.000000,0.015979,0.000000,0.000000,0.000000,0.00095677
3,439,0.394949,0.000125,104.9439,0.000000,0.000000,0.000000,0.008862,0.000000,0.000000,0.000000,0.00095677
3,440,0.413271,0.000131,114.0539,0.000000,0.000000,0.000000,0.005880,0.000000,0.000000,0.000000,0.00095677
3,441,0.428883,0.000135,115.2727,0.000000,0.000000,0.000000,0.010421,0.000000,0.000000,0.000000,0.00095677
3,442,0.361713,0.000114,125.1035,0.000000,0.000000,0.000000,0.007490,0.000000,0.000000,0.000000,0.00095677
3,443,0.385116,0.000122,125.7028,0.000000,0.000000,0.000000,0.004000,0.000000,0.000000,0.000000,0.00095677
3,444,0.377356,0.000120,119.0886,0.000000,0.000000,0.000000,0.004914,0.000000,0.000000,0.000000,0.00095677
3,445,0.429474,0.000137,114.5843,0.000000,0.000000,0.000000,0.002712,0.000000,0.000000,0.000000,0.00095677
3,446,0.479088,0.000150,125.4767,0.000000,0.000000,0.000000,0.016083,0.000000,0.000000,0.000000,0.00095677
3,447,0.444802,0.000141,116.9711,0.000000,0.000000,0.000000,0.007999,0.000000,0.000000,0.000000,0.00095677
3,448,0.405252,0.000128,121.7331,0.000000,0.000000,0.000000,0.006898,0.000000,0.000000,0.000000,0.00095677
3,449,0.346587,0.000110,119.0138,0.000000,0.000000,0.000000,0.005610,0.000000,0.000000,0.000000,0.00095677
3,450,0.375091,0.000118,118.7205,0.000000,0.000000,0.000000,0.007252,0.000000,0.000000,0.000000,0.00095677
3,451,0.383628,0.000121,122.5278,0.000000,0.000000,0.000000,0.006389,0.000000,0.000000,0.000000,0.00095677
3,452,0.317431,0.000100,119.4045,0.000000,0.000000,0.000000,0.007033,0.000000,0.000000,0.000000,0.00095677
3,453,0.349798,0.000111,113.4293,0.000000,0.000000,0.000000,0.005119,0.000000,0.000000,0.000000,0.00095677
3,454,0.628599,0.000198,126.7957,0.000000,0.000000,0.000000,0.014524,0.000000,0.000000,0.000000,0.00095677
3,455,0.457561,0.000143,120.7858,0.000000,0.000000,0.000000,0.021164,0.000000,0.000000,0.000000,0.00095677
3,456,0.661239,0.000201,119.0843,0.000000,0.000000,0.000000,0.059159,0.000000,0.000000,0.000000,0.00095677
3,457,0.457849,0.000131,116.4179,0.000000,0.000000,0.000000,0.092791,0.000000,0.000000,0.000000,0.00095677
3,458,0.562603,0.000170,117.5524,0.000000,0.000000,0.000000,0.057395,0.000000,0.000000,0.000000,0.00095677
3,459,0.508052,0.000151,121.0635,0.000000,0.000000,0.000000,0.070513,0.000000,0.000000,0.000000,0.00095677
3,460,0.473719,0.000142,124.6450,0.000000,0.000000,0.000000,0.055899,0.000000,0.000000,0.000000,0.00095677
3,461,0.495176,0.000154,105.0913,0.000000,0.000000,0.000000,0.025112,0.000000,0.000000,0.000000,0.00095677
3,462,0.496234,0.000148,120.1413,0.000000,0.000000,0.000000,0.062189,0.000000,0.000000,0.000000,0.00095677
3,463,0.379433,0.000117,120.8758,0.000000,0.000000,0.000000,0.025672,0.000000,0.000000,0.000000,0.00095677
3,464,0.431928,0.000131,120.2365,0.000000,0.000000,0.000000,0.040998,0.000000,0.000000,0.000000,0.00095677
3,465,0.366373,0.000114,116.1039,0.000000,0.000000,0.000000,0.017370,0.000000,0.000000,0.000000,0.00095677
3,466,0.377610,0.000119,110.9020,0.000000,0.000000,0.000000,0.006846,0.000000,0.000000,0.000000,0.00095677
3,467,0.421977,0.000133,114.3281,0.000000,0.000000,0.000000,0.011896,0.000000,0.000000,0.000000,0.00095677
3,468,0.366847,0.000116,99.0986,0.000000,0.000000,0.000000,0.006014,0.000000,0.000000,0.000000,0.00095677
3,469,0.497703,0.000156,115.1656,0.000000,0.000000,0.000000,0.013867,0.000000,0.000000,0.000000,0.00095677
3,470,0.525548,0.000165,115.6621,0.000000,0.000000,0.000000,0.014711,0.000000,0.000000,0.000000,0.00095677
3,471,0.397057,0.000125,123.7151,0.000000,0.000000,0.000000,0.012778,0.000000,0.000000,0.000000,0.00095677
3,472,0.351828,0.000111,111.5018,0.000000,0.000000,0.000000,0.005611,0.000000,0.000000,0.000000,0.00095677
3,473,0.398738,0.000126,123.6157,0.000000,0.000000,0.000000,0.004270,0.000000,0.000000,0.000000,0.00095677
3,474,0.330277,0.000104,115.4548,0.000000,0.000000,0.000000,0.006067,0.000000,0.000000,0.000000,0.00095677
3,475,0.423536,0.000133,110.4210,0.000000,0.000000,0.000000,0.010981,0.000000,0.000000,0.000000,0.00095677
3,476,0.470350,0.000149,122.4831,0.000000,0.000000,0.000000,0.009287,0.000000,0.000000,0.000000,0.00095677
3,477,0.558009,0.000176,108.5691,0.000000,0.000000,0.000000,0.013693,0.000000,0.000000,0.000000,0.00095677
3,478,0.407892,0.000127,120.0295,0.000000,0.000000,0.000000,0.018524,0.000000,0.000000,0.000000,0.00095677
3,479,0.400617,0.000125,104.0412,0.000000,0.000000,0.000000,0.017594,0.000000,0.000000,0.000000,0.00095677
3,480,0.401409,0.000126,114.2322,0.000000,0.000000,0.000000,0.011387,0.000000,0.000000,0.000000,0.00095677
3,481,0.456977,0.000144,100.5315,0.000000,0.000000,0.000000,0.011490,0.000000,0.000000,0.000000,0.00095677
3,482,0.498958,0.000157,107.8147,0.000000,0.000000,0.000000,0.014477,0.000000,0.000000,0.000000,0.00095677
3,483,0.569189,0.000180,120.4596,0.000000,0.000000,0.000000,0.006389,0.000000,0.000000,0.000000,0.00095677
3,484,0.442626,0.000139,108.6699,0.000000,0.000000,0.000000,0.015251,0.000000,0.000000,0.000000,0.00095677
3,485,0.419030,0.000132,108.1347,0.000000,0.000000,0.000000,0.008572,0.000000,0.000000,0.000000,0.00095677
3,486,0.489056,0.000153,116.5620,0.000000,0.000000,0.000000,0.016712,0.000000,0.000000,0.000000,0.00095677
3,487,0.429377,0.000134,107.8886,0.000000,0.000000,0.000000,0.018640,0.000000,0.000000,0.000000,0.00095677
3,488,0.429357,0.000135,121.5699,0.000000,0.000000,0.000000,0.012189,0.000000,0.000000,0.000000,0.00095677
3,489,0.395265,0.000124,113.2730,0.000000,0.000000,0.000000,0.010919,0.000000,0.000000,0.000000,0.00095677
3,490,0.404060,0.000126,106.5508,0.000000,0.000000,0.000000,0.015715,0.000000,0.000000,0.000000,0.00095677
3,491,0.412990,0.000129,99.5721,0.000000,0.000000,0.000000,0.015168,0.000000,0.000000,0.000000,0.00095677
3,492,0.442722,0.000140,113.3338,0.000000,0.000000,0.000000,0.007999,0.000000,0.000000,0.000000,0.00095677
3,493,0.426497,0.000133,97.3471,0.000000,0.000000,0.000000,0.018576,0.000000,0.000000,0.000000,0.00095677
3,494,0.464679,0.000145,109.0584,0.000000,0.000000,0.000000,0.020031,0.000000,0.000000,0.000000,0.00095677
3,495,0.421734,0.000132,119.8871,0.000000,0.000000,0.000000,0.013133,0.000000,0.000000,0.000000,0.00095677
3,496,0.476496,0.000151,113.9255,0.000000,0.000000,0.000000,0.007999,0.000000,0.000000,0.000000,0.00095677
3,497,0.499514,0.000158,126.5168,0.000000,0.000000,0.000000,0.005288,0.000000,0.000000,0.000000,0.00095677
3,498,0.371216,0.000117,120.1902,0.000000,0.000000,0.000000,0.007813,0.000000,0.000000,0.000000,0.00095677
3,499,0.418416,0.000130,103.0068,0.000000,0.000000,0.000000,0.019344,0.000000,0.000000,0.000000,0.00095677
3,500,0.575524,0.000179,115.1378,0.000000,0.000000,0.000000,0.029014,0.000000,0.000000,0.000000,0.00095677
3,501,0.473327,0.000149,105.9882,0.000000,0.000000,0.000000,0.015148,0.000000,0.000000,0.000000,0.00095677
3,502,0.619452,0.000193,119.3092,0.000000,0.000000,0.000000,0.029596,0.000000,0.000000,0.000000,0.00095677
3,503,0.830056,0.000260,120.8707,0.000000,0.000000,0.000000,0.031558,0.000000,0.000000,0.000000,0.00095677
3,504,0.497719,0.000150,117.2794,0.000000,0.000000,0.000000,0.055745,0.000000,0.000000,0.000000,0.00095677
3,505,0.681824,0.000206,126.9555,0.000000,0.000000,0.000000,0.070918,0.000000,0.000000,0.000000,0.00095677
3,506,0.756633,0.000232,120.4491,0.000000,0.000000,0.000000,0.056408,0.000000,0.000000,0.000000,0.00095677
3,507,0.801785,0.000244,112.7314,0.000000,0.000000,0.000000,0.071690,0.000000,0.000000,0.000000,0.00095677
3,508,1.010966,0.000311,111.9014,0.000000,0.000000,0.000000,0.070800,0.000000,0.000000,0.000000,0.00095677
3,509,0.886354,0.000271,129.3710,0.000000,0.000000,0.000000,0.075433,0.000000,0.000000,0.000000,0.00095677
3,510,0.737148,0.000225,104.1462,0.000000,0.000000,0.000000,0.065223,0.000000,0.000000,0.000000,0.00095677
3,511,0.505497,0.000158,104.3266,0.000000,0.000000,0.000000,0.019383,0.000000,0.000000,0.000000,0.00095677
3,512,0.414339,0.000125,108.0436,0.000000,0.000000,0.000000,0.044929,0.000000,0.000000,0.000000,0.00095677
3,513,0.610390,0.000192,112.6788,0.000000,0.000000,0.000000,0.019044,0.000000,0.000000,0.000000,0.00095677
3,514,0.509158,0.000155,108.1200,0.000000,0.000000,0.000000,0.046452,0.000000,0.000000,0.000000,0.00095677
3,515,0.510026,0.000157,114.8522,0.000000,0.000000,0.000000,0.033280,0.000000,0.000000,0.000000,0.00095677
3,516,0.608899,0.000186,97.5320,0.000000,0.000000,0.000000,0.052870,0.000000,0.000000,0.000000,0.00095677
3,517,0.565073,0.000173,124.5842,0.000000,0.000000,0.000000,0.047330,0.000000,0.000000,0.000000,0.00095677
3,518,0.513907,0.000162,122.3677,0.000000,0.000000,0.000000,0.013828,0.000000,0.000000,0.000000,0.00095677
3,519,0.437136,0.000132,111.7106,0.000000,0.000000,0.000000,0.045715,0.000000,0.000000,0.000000,0.00095677
3,520,0.520276,0.000162,116.8815,0.000000,0.000000,0.000000,0.024145,0.000000,0.000000,0.000000,0.00095677
3,521,0.475137,0.000150,119.1166,0.000000,0.000000,0.000000,0.010717,0.000000,0.000000,0.000000,0.00095677
3,522,0.515296,0.000162,92.4969,0.000000,0.000000,0.000000,0.017402,0.000000,0.000000,0.000000,0.00095677
3,523,0.590064,0.000185,124.8132,0.000000,0.000000,0.000000,0.017319,0.000000,0.000000,0.000000,0.00095677
3,524,0.499364,0.000157,104.4559,0.000000,0.000000,0.000000,0.014826,0.000000,0.000000,0.000000,0.00095677
3,525,0.424907,0.000134,110.6091,0.000000,0.000000,0.000000,0.006338,0.000000,0.000000,0.000000,0.00095677
3,526,0.315335,0.000100,109.7093,0.000000,0.000000,0.000000,0.006254,0.000000,0.000000,0.000000,0.00095677
3,527,0.396332,0.000125,113.4786,0.000000,0.000000,0.000000,0.005610,0.000000,0.000000,0.000000,0.00095677
3,528,0.341231,0.000108,107.8521,0.000000,0.000000,0.000000,0.003034,0.000000,0.000000,0.000000,0.00095677
3,529,0.361216,0.000114,113.6828,0.000000,0.000000,0.000000,0.004592,0.000000,0.000000,0.000000,0.00095677
3,530,0.335480,0.000106,106.1535,0.000000,0.000000,0.000000,0.004322,0.000000,0.000000,0.000000,0.00095677
3,531,0.484878,0.000153,113.6914,0.000000,0.000000,0.000000,0.007999,0.000000,0.000000,0.000000,0.00095677
3,532,0.502064,0.000158,115.0395,0.000000,0.000000,0.000000,0.011490,0.000000,0.000000,0.000000,0.00095677
3,533,0.446807,0.000141,120.3469,0.000000,0.000000,0.000000,0.008592,0.000000,0.000000,0.000000,0.00095677
3,534,0.511099,0.000162,109.4584,0.000000,0.000000,0.000000,0.006524,0.000000,0.000000,0.000000,0.00095677
3,535,0.495934,0.000155,115.0990,0.000000,0.000000,0.000000,0.017101,0.000000,0.000000,0.000000,0.00095677
3,536,0.438852,0.000137,112.3038,0.000000,0.000000,0.000000,0.017897,0.000000,0.000000,0.000000,0.00095677
3,537,0.403575,0.000127,116.5298,0.000000,0.000000,0.000000,0.011896,0.000000,0.000000,0.000000,0.00095677
3,538,0.403893,0.000128,119.2507,0.000000,0.000000,0.000000,0.006524,0.000000,0.000000,0.000000,0.00095677
3,539,0.429390,0.000136,117.0878,0.000000,0.000000,0.000000,0.007761,0.000000,0.000000,0.000000,0.00095677
3,540,0.426274,0.000134,128.5886,0.000000,0.000000,0.000000,0.010846,0.000000,0.000000,0.000000,0.00095677
3,541,0.496467,0.000157,119.3693,0.000000,0.000000,0.000000,0.009745,0.000000,0.000000,0.000000,0.00095677
3,542,0.471316,0.000149,107.9348,0.000000,0.000000,0.000000,0.009558,0.000000,0.000000,0.000000,0.00095677
3,543,0.414055,0.000131,111.0883,0.000000,0.000000,0.000000,0.009558,0.000000,0.000000,0.000000,0.00095677
3,544,0.387552,0.000123,101.4410,0.000000,0.000000,0.000000,0.006711,0.000000,0.000000,0.000000,0.00095677
3,545,0.357102,0.000113,94.5908,0.000000,0.000000,0.000000,0.006576,0.000000,0.000000,0.000000,0.00095677
3,546,0.448727,0.000142,115.4066,0.000000,0.000000,0.000000,0.005101,0.000000,0.000000,0.000000,0.00095677
3,547,0.543021,0.000171,112.3782,0.000000,0.000000,0.000000,0.015205,0.000000,0.000000,0.000000,0.00095677
3,548,0.394652,0.000125,118.1794,0.000000,0.000000,0.000000,0.007864,0.000000,0.000000,0.000000,0.00095677
3,549,0.502353,0.000156,113.0433,0.000000,0.000000,0.000000,0.028874,0.000000,0.000000,0.000000,0.00095677
3,550,0.653591,0.000205,125.4016,0.000000,0.000000,0.000000,0.020622,0.000000,0.000000,0.000000,0.00095677
3,551,0.433802,0.000135,112.9384,0.000000,0.000000,0.000000,0.019553,0.000000,0.000000,0.000000,0.00095677
3,552,0.564372,0.000176,111.6772,0.000000,0.000000,0.000000,0.022021,0.000000,0.000000,0.000000,0.00095677
3,553,0.402989,0.000127,107.9126,0.000000,0.000000,0.000000,0.012031,0.000000,0.000000,0.000000,0.00095677
3,554,0.516159,0.000158,110.9040,0.000000,0.000000,0.000000,0.040188,0.000000,0.000000,0.000000,0.00095677
3,555,0.426810,0.000133,109.0289,0.000000,0.000000,0.000000,0.020927,0.000000,0.000000,0.000000,0.00095677
3,556,0.426863,0.000129,106.5581,0.000000,0.000000,0.000000,0.041550,0.000000,0.000000,0.000000,0.00095677
3,557,0.399553,0.000123,110.6705,0.000000,0.000000,0.000000,0.025827,0.000000,0.000000,0.000000,0.00095677
3,558,0.453480,0.000144,108.8218,0.000000,0.000000,0.000000,0.005932,0.000000,0.000000,0.000000,0.00095677
3,559,0.391081,0.000123,110.1065,0.000000,0.000000,0.000000,0.010524,0.000000,0.000000,0.000000,0.00095677
3,560,0.547738,0.000171,127.8201,0.000000,0.000000,0.000000,0.021402,0.000000,0.000000,0.000000,0.00095677
3,561,0.365460,0.000114,109.0340,0.000000,0.000000,0.000000,0.016320,0.000000,0.000000,0.000000,0.00095677
3,562,0.451198,0.000140,116.2490,0.000000,0.000000,0.000000,0.025194,0.000000,0.000000,0.000000,0.00095677
3,563,0.616324,0.000192,119.6343,0.000000,0.000000,0.000000,0.028228,0.000000,0.000000,0.000000,0.00095677
3,564,0.405759,0.000125,107.6422,0.000000,0.000000,0.000000,0.026998,0.000000,0.000000,0.000000,0.00095677
3,565,0.401314,0.000124,110.5622,0.000000,0.000000,0.000000,0.022587,0.000000,0.000000,0.000000,0.00095677
3,566,0.313459,0.000096,101.0833,0.000000,0.000000,0.000000,0.022555,0.000000,0.000000,0.000000,0.00095677
3,567,0.460593,0.000141,94.1439,0.000000,0.000000,0.000000,0.034971,0.000000,0.000000,0.000000,0.00095677
3,568,0.494242,0.000154,94.9611,0.000000,0.000000,0.000000,0.025040,0.000000,0.000000,0.000000,0.00095677
3,569,0.397584,0.000123,116.8254,0.000000,0.000000,0.000000,0.021931,0.000000,0.000000,0.000000,0.00095677
3,570,0.382684,0.000118,100.3421,0.000000,0.000000,0.000000,0.025652,0.000000,0.000000,0.000000,0.00095677
3,571,0.486661,0.000148,123.6373,0.000000,0.000000,0.000000,0.042566,0.000000,0.000000,0.000000,0.00095677
3,572,0.346980,0.000108,117.5093,0.000000,0.000000,0.000000,0.014981,0.000000,0.000000,0.000000,0.00095677
3,573,0.338744,0.000102,107.0300,0.000000,0.000000,0.000000,0.038089,0.000000,0.000000,0.000000,0.00095677
3,574,0.455135,0.000142,119.3171,0.000000,0.000000,0.000000,0.016520,0.000000,0.000000,0.000000,0.00095677
3,575,0.488806,0.000154,128.1918,0.000000,0.000000,0.000000,0.014523,0.000000,0.000000,0.000000,0.00095677
3,576,0.419822,0.000124,110.3128,0.000000,0.000000,0.000000,0.059092,0.000000,0.000000,0.000000,0.00095677
3,577,0.506749,0.000157,117.0331,0.000000,0.000000,0.000000,0.028300,0.000000,0.000000,0.000000,0.00095677
3,578,0.400409,0.000120,94.2913,0.000000,0.000000,0.000000,0.045799,0.000000,0.000000,0.000000,0.00095677
3,579,0.763801,0.000235,126.2325,0.000000,0.000000,0.000000,0.056349,0.000000,0.000000,0.000000,0.00095677
3,580,0.489769,0.000152,121.0528,0.000000,0.000000,0.000000,0.027468,0.000000,0.000000,0.000000,0.00095677
3,581,0.593798,0.000183,118.7050,0.000000,0.000000,0.000000,0.038764,0.000000,0.000000,0.000000,0.00095677
3,582,0.359299,0.000113,107.8382,0.000000,0.000000,0.000000,0.010171,0.000000,0.000000,0.000000,0.00095677
3,583,0.362976,0.000112,110.1996,0.000000,0.000000,0.000000,0.025880,0.000000,0.000000,0.000000,0.00095677
3,584,0.403275,0.000124,121.4515,0.000000,0.000000,0.000000,0.028812,0.000000,0.000000,0.000000,0.00095677
3,585,0.380887,0.000116,101.2107,0.000000,0.000000,0.000000,0.035043,0.000000,0.000000,0.000000,0.00095677
3,586,0.390909,0.000124,123.0868,0.000000,0.000000,0.000000,0.006795,0.000000,0.000000,0.000000,0.00095677
3,587,0.418439,0.000128,118.1172,0.000000,0.000000,0.000000,0.031314,0.000000,0.000000,0.000000,0.00095677
3,588,0.348354,0.000104,111.5355,0.000000,0.000000,0.000000,0.044510,0.000000,0.000000,0.000000,0.00095677
3,589,0.409647,0.000124,106.0418,0.000000,0.000000,0.000000,0.044692,0.000000,0.000000,0.000000,0.00095677
3,590,0.410063,0.000129,118.4804,0.000000,0.000000,0.000000,0.009049,0.000000,0.000000,0.000000,0.00095677
3,591,0.449900,0.000142,122.2869,0.000000,0.000000,0.000000,0.011116,0.000000,0.000000,0.000000,0.00095677
3,592,0.428869,0.000134,115.8992,0.000000,0.000000,0.000000,0.018877,0.000000,0.000000,0.000000,0.00095677
3,593,0.377733,0.000120,104.8246,0.000000,0.000000,0.000000,0.003169,0.000000,0.000000,0.000000,0.00095677
3,594,0.547669,0.000171,119.2009,0.000000,0.000000,0.000000,0.023323,0.000000,0.000000,0.000000,0.00095677
3,595,0.648081,0.000203,110.4208,0.000000,0.000000,0.000000,0.024160,0.000000,0.000000,0.000000,0.00095677
3,596,0.503722,0.000159,112.8841,0.000000,0.000000,0.000000,0.010343,0.000000,0.000000,0.000000,0.00095677
3,597,0.494725,0.000155,112.7800,0.000000,0.000000,0.000000,0.014182,0.000000,0.000000,0.000000,0.00095677
3,598,0.501070,0.000158,112.0937,0.000000,0.000000,0.000000,0.009340,0.000000,0.000000,0.000000,0.00095677
3,599,0.510416,0.000161,110.5783,0.000000,0.000000,0.000000,0.009828,0.000000,0.000000,0.000000,0.00095677
3,600,0.484504,0.000154,111.3355,0.000000,0.000000,0.000000,0.006067,0.000000,0.000000,0.000000,0.00095677
3,601,0.522459,0.000165,115.8257,0.000000,0.000000,0.000000,0.008287,0.000000,0.000000,0.000000,0.00095677
3,602,0.494763,0.000157,113.7661,0.000000,0.000000,0.000000,0.006846,0.000000,0.000000,0.000000,0.00095677
3,603,0.489211,0.000154,108.4693,0.000000,0.000000,0.000000,0.009760,0.000000,0.000000,0.000000,0.00095677
3,604,0.473756,0.000150,112.4733,0.000000,0.000000,0.000000,0.007490,0.000000,0.000000,0.000000,0.00095677
3,605,0.489417,0.000155,109.3648,0.000000,0.000000,0.000000,0.006577,0.000000,0.000000,0.000000,0.00095677
3,606,0.487868,0.000154,113.5779,0.000000,0.000000,0.000000,0.007896,0.000000,0.000000,0.000000,0.00095677
3,607,0.513212,0.000163,109.5188,0.000000,0.000000,0.000000,0.006905,0.000000,0.000000,0.000000,0.00095677
3,608,0.471356,0.000149,110.9377,0.000000,0.000000,0.000000,0.005829,0.000000,0.000000,0.000000,0.00095677
3,609,0.467085,0.000148,111.8699,0.000000,0.000000,0.000000,0.007560,0.000000,0.000000,0.000000,0.00095677
3,610,0.669873,0.000212,116.0839,0.000000,0.000000,0.000000,0.011220,0.000000,0.000000,0.000000,0.00095677
3,611,0.436888,0.000138,117.5488,0.000000,0.000000,0.000000,0.010524,0.000000,0.000000,0.000000,0.00095677
3,612,0.477270,0.000151,110.3721,0.000000,0.000000,0.000000,0.009610,0.000000,0.000000,0.000000,0.00095677
3,613,0.376055,0.000119,115.9979,0.000000,0.000000,0.000000,0.008779,0.000000,0.000000,0.000000,0.00095677
3,614,0.348034,0.000110,107.9351,0.000000,0.000000,0.000000,0.004135,0.000000,0.000000,0.000000,0.00095677
3,615,0.401797,0.000128,110.1688,0.000000,0.000000,0.000000,0.002712,0.000000,0.000000,0.000000,0.00095677
3,616,0.311762,0.000099,115.5951,0.000000,0.000000,0.000000,0.005288,0.000000,0.000000,0.000000,0.00095677
3,617,0.458527,0.000144,118.0008,0.000000,0.000000,0.000000,0.013319,0.000000,0.000000,0.000000,0.00095677
3,618,0.590854,0.000185,119.1360,0.000000,0.000000,0.000000,0.019251,0.000000,0.000000,0.000000,0.00095677
3,619,0.378520,0.000118,118.5239,0.000000,0.000000,0.000000,0.014015,0.000000,0.000000,0.000000,0.00095677
3,620,0.487305,0.000152,109.4215,0.000000,0.000000,0.000000,0.023259,0.000000,0.000000,0.000000,0.00095677
3,621,0.526744,0.000160,114.0731,0.000000,0.000000,0.000000,0.049807,0.000000,0.000000,0.000000,0.00095677
3,622,0.430783,0.000131,113.4687,0.000000,0.000000,0.000000,0.037413,0.000000,0.000000,0.000000,0.00095677
3,623,0.586976,0.000179,130.0138,0.000000,0.000000,0.000000,0.049100,0.000000,0.000000,0.000000,0.00095677
3,624,0.550072,0.000166,119.8857,0.000000,0.000000,0.000000,0.061815,0.000000,0.000000,0.000000,0.00095677
3,625,0.505226,0.000159,111.9638,0.000000,0.000000,0.000000,0.014388,0.000000,0.000000,0.000000,0.00095677
3,626,0.843839,0.000256,125.9381,0.000000,0.000000,0.000000,0.080795,0.000000,0.000000,0.000000,0.00095677
3,627,0.849216,0.000257,104.2490,0.000000,0.000000,0.000000,0.088939,0.000000,0.000000,0.000000,0.00095677
3,628,0.628347,0.000191,108.6687,0.000000,0.000000,0.000000,0.058966,0.000000,0.000000,0.000000,0.00095677
3,629,0.502000,0.000152,117.8059,0.000000,0.000000,0.000000,0.052830,0.000000,0.000000,0.000000,0.00095677
3,630,0.516263,0.000159,110.3493,0.000000,0.000000,0.000000,0.032587,0.000000,0.000000,0.000000,0.00095677
3,631,0.579531,0.000175,107.4645,0.000000,0.000000,0.000000,0.058963,0.000000,0.000000,0.000000,0.00095677
3,632,0.484003,0.000152,92.6011,0.000000,0.000000,0.000000,0.015578,0.000000,0.000000,0.000000,0.00095677
3,633,0.441519,0.000132,100.3601,0.000000,0.000000,0.000000,0.054516,0.000000,0.000000,0.000000,0.00095677
3,634,0.428229,0.000133,109.5993,0.000000,0.000000,0.000000,0.024602,0.000000,0.000000,0.000000,0.00095677
3,635,0.547266,0.000170,127.3854,0.000000,0.000000,0.000000,0.029001,0.000000,0.000000,0.000000,0.00095677
3,636,0.893304,0.000279,96.8007,0.000000,0.000000,0.000000,0.038498,0.000000,0.000000,0.000000,0.00095677
3,637,0.479372,0.000146,118.4303,0.000000,0.000000,0.000000,0.041309,0.000000,0.000000,0.000000,0.00095677
3,638,0.484358,0.000150,111.5706,0.000000,0.000000,0.000000,0.029994,0.000000,0.000000,0.000000,0.00095677
3,639,0.451661,0.000140,131.1058,0.000000,0.000000,0.000000,0.022284,0.000000,0.000000,0.000000,0.00095677
3,640,0.478310,0.000151,120.7735,0.000000,0.000000,0.000000,0.008643,0.000000,0.000000,0.000000,0.00095677
3,641,0.654961,0.000204,112.9657,0.000000,0.000000,0.000000,0.031836,0.000000,0.000000,0.000000,0.00095677
3,642,0.663190,0.000209,129.4504,0.000000,0.000000,0.000000,0.012779,0.000000,0.000000,0.000000,0.00095677
3,643,0.482327,0.000149,114.9156,0.000000,0.000000,0.000000,0.031024,0.000000,0.000000,0.000000,0.00095677
3,644,0.428389,0.000135,108.7735,0.000000,0.000000,0.000000,0.009236,0.000000,0.000000,0.000000,0.00095677
3,645,0.314534,0.000098,112.7707,0.000000,0.000000,0.000000,0.012591,0.000000,0.000000,0.000000,0.00095677
3,646,0.436729,0.000137,106.6466,0.000000,0.000000,0.000000,0.016628,0.000000,0.000000,0.000000,0.00095677
3,647,0.403143,0.000127,116.0067,0.000000,0.000000,0.000000,0.008270,0.000000,0.000000,0.000000,0.00095677
3,648,0.488752,0.000153,122.4455,0.000000,0.000000,0.000000,0.014878,0.000000,0.000000,0.000000,0.00095677
3,649,0.401477,0.000126,113.2374,0.000000,0.000000,0.000000,0.010524,0.000000,0.000000,0.000000,0.00095677
3,650,0.370087,0.000117,101.0983,0.000000,0.000000,0.000000,0.004322,0.000000,0.000000,0.000000,0.00095677
3,651,0.334017,0.000105,110.6797,0.000000,0.000000,0.000000,0.007948,0.000000,0.000000,0.000000,0.00095677
3,652,0.383606,0.000121,106.3348,0.000000,0.000000,0.000000,0.005558,0.000000,0.000000,0.000000,0.00095677
3,653,0.329803,0.000104,115.8732,0.000000,0.000000,0.000000,0.005745,0.000000,0.000000,0.000000,0.00095677
3,654,0.458882,0.000145,115.8104,0.000000,0.000000,0.000000,0.011438,0.000000,0.000000,0.000000,0.00095677
3,655,0.434641,0.000137,95.4340,0.000000,0.000000,0.000000,0.007033,0.000000,0.000000,0.000000,0.00095677
3,656,0.362715,0.000115,104.0287,0.000000,0.000000,0.000000,0.007033,0.000000,0.000000,0.000000,0.00095677
3,657,0.398695,0.000125,107.2164,0.000000,0.000000,0.000000,0.015064,0.000000,0.000000,0.000000,0.00095677
3,658,1.000108,0.000310,96.8052,0.000000,0.000000,0.000000,0.054265,0.000000,0.000000,0.000000,0.00095677
3,659,0.666107,0.000206,112.2590,0.000000,0.000000,0.000000,0.041447,0.000000,0.000000,0.000000,0.00095677
3,660,1.200706,0.000369,127.9998,0.000000,0.000000,0.000000,0.088173,0.000000,0.000000,0.000000,0.00095677
3,661,0.958393,0.000296,109.2281,0.000000,0.000000,0.000000,0.061998,0.000000,0.000000,0.000000,0.00095677
3,662,0.990424,0.000307,98.0883,0.000000,0.000000,0.000000,0.053197,0.000000,0.000000,0.000000,0.00095677
3,663,1.082199,0.000328,129.3302,0.000000,0.000000,0.000000,0.109268,0.000000,0.000000,0.000000,0.00095677
3,664,0.976139,0.000291,122.6454,0.000000,0.000000,0.000000,0.129652,0.000000,0.000000,0.000000,0.00095677
3,665,0.703436,0.000215,110.5279,0.000000,0.000000,0.000000,0.061392,0.000000,0.000000,0.000000,0.00095677
3,666,0.645690,0.000195,122.6765,0.000000,0.000000,0.000000,0.067285,0.000000,0.000000,0.000000,0.00095677
3,667,0.914792,0.000284,127.1312,0.000000,0.000000,0.000000,0.048368,0.000000,0.000000,0.000000,0.00095677
3,668,0.817262,0.000249,109.9926,0.000000,0.000000,0.000000,0.069878,0.000000,0.000000,0.000000,0.00095677
3,669,0.667849,0.000207,120.3997,0.000000,0.000000,0.000000,0.037148,0.000000,0.000000,0.000000,0.00095677
3,670,0.754991,0.000231,114.2246,0.000000,0.000000,0.000000,0.059867,0.000000,0.000000,0.000000,0.00095677
3,671,0.644277,0.000202,116.4398,0.000000,0.000000,0.000000,0.019998,0.000000,0.000000,0.000000,0.00095677
3,672,0.711550,0.000219,105.8899,0.000000,0.000000,0.000000,0.048462,0.000000,0.000000,0.000000,0.00095677
3,673,0.477181,0.000142,114.3223,0.000000,0.000000,0.000000,0.065773,0.000000,0.000000,0.000000,0.00095677
3,674,0.403364,0.000127,109.0524,0.000000,0.000000,0.000000,0.009371,0.000000,0.000000,0.000000,0.00095677
3,675,0.475614,0.000144,113.7374,0.000000,0.000000,0.000000,0.045933,0.000000,0.000000,0.000000,0.00095677
3,676,0.399116,0.000125,109.6209,0.000000,0.000000,0.000000,0.011542,0.000000,0.000000,0.000000,0.00095677
3,677,0.421332,0.000133,110.1905,0.000000,0.000000,0.000000,0.010202,0.000000,0.000000,0.000000,0.00095677
3,678,0.388474,0.000121,100.0949,0.000000,0.000000,0.000000,0.019656,0.000000,0.000000,0.000000,0.00095677
3,679,0.441141,0.000139,120.8477,0.000000,0.000000,0.000000,0.010067,0.000000,0.000000,0.000000,0.00095677
3,680,0.439861,0.000139,112.6986,0.000000,0.000000,0.000000,0.009532,0.000000,0.000000,0.000000,0.00095677
3,681,0.396069,0.000125,117.5282,0.000000,0.000000,0.000000,0.008135,0.000000,0.000000,0.000000,0.00095677
3,682,0.438928,0.000139,126.7252,0.000000,0.000000,0.000000,0.008270,0.000000,0.000000,0.000000,0.00095677
3,683,0.405785,0.000128,105.7259,0.000000,0.000000,0.000000,0.008965,0.000000,0.000000,0.000000,0.00095677
3,684,0.432182,0.000136,90.7546,0.000000,0.000000,0.000000,0.010898,0.000000,0.000000,0.000000,0.00095677
3,685,0.460721,0.000146,121.4333,0.000000,0.000000,0.000000,0.007220,0.000000,0.000000,0.000000,0.00095677
3,686,0.411286,0.000131,122.9107,0.000000,0.000000,0.000000,0.003813,0.000000,0.000000,0.000000,0.00095677
3,687,0.373620,0.000118,110.5693,0.000000,0.000000,0.000000,0.006898,0.000000,0.000000,0.000000,0.00095677
3,688,0.548374,0.000174,120.5546,0.000000,0.000000,0.000000,0.008052,0.000000,0.000000,0.000000,0.00095677
3,689,0.446327,0.000141,116.4607,0.000000,0.000000,0.000000,0.006067,0.000000,0.000000,0.000000,0.00095677
3,690,0.354241,0.000112,114.1845,0.000000,0.000000,0.000000,0.007117,0.000000,0.000000,0.000000,0.00095677
3,691,0.465214,0.000147,104.2971,0.000000,0.000000,0.000000,0.008914,0.000000,0.000000,0.000000,0.00095677
3,692,0.525016,0.000166,124.3440,0.000000,0.000000,0.000000,0.008270,0.000000,0.000000,0.000000,0.00095677
3,693,0.451537,0.000141,90.2094,0.000000,0.000000,0.000000,0.015947,0.000000,0.000000,0.000000,0.00095677
3,694,0.449874,0.000143,116.7864,0.000000,0.000000,0.000000,0.005050,0.000000,0.000000,0.000000,0.00095677
3,695,0.361475,0.000114,122.8018,0.000000,0.000000,0.000000,0.006202,0.000000,0.000000,0.000000,0.00095677
3,696,0.574712,0.000181,123.3785,0.000000,0.000000,0.000000,0.014202,0.000000,0.000000,0.000000,0.00095677
3,697,0.384044,0.000121,99.3323,0.000000,0.000000,0.000000,0.011256,0.000000,0.000000,0.000000,0.00095677
3,698,0.384543,0.000122,120.3953,0.000000,0.000000,0.000000,0.004592,0.000000,0.000000,0.000000,0.00095677
3,699,0.377042,0.000119,119.9448,0.000000,0.000000,0.000000,0.009642,0.000000,0.000000,0.000000,0.00095677
3,700,0.291036,0.000092,108.1919,0.000000,0.000000,0.000000,0.006254,0.000000,0.000000,0.000000,0.00095677
3,701,0.416256,0.000132,115.8229,0.000000,0.000000,0.000000,0.005423,0.000000,0.000000,0.000000,0.00095677
3,702,0.314540,0.000099,104.0946,0.000000,0.000000,0.000000,0.009958,0.000000,0.000000,0.000000,0.00095677
3,703,0.373428,0.000117,106.1200,0.000000,0.000000,0.000000,0.011554,0.000000,0.000000,0.000000,0.00095677
3,704,0.460119,0.000145,105.6444,0.000000,0.000000,0.000000,0.011458,0.000000,0.000000,0.000000,0.00095677
3,705,0.379060,0.000120,122.9595,0.000000,0.000000,0.000000,0.004322,0.000000,0.000000,0.000000,0.00095677
3,706,0.399220,0.000126,118.4786,0.000000,0.000000,0.000000,0.006067,0.000000,0.000000,0.000000,0.00095677
3,707,0.473337,0.000150,110.8562,0.000000,0.000000,0.000000,0.008779,0.000000,0.000000,0.000000,0.00095677
3,708,0.361947,0.000115,110.3585,0.000000,0.000000,0.000000,0.003678,0.000000,0.000000,0.000000,0.00095677
3,709,0.337859,0.000107,113.3345,0.000000,0.000000,0.000000,0.005288,0.000000,0.000000,0.000000,0.00095677
3,710,0.355337,0.000113,112.0508,0.000000,0.000000,0.000000,0.003491,0.000000,0.000000,0.000000,0.00095677
3,711,0.361218,0.000114,119.4282,0.000000,0.000000,0.000000,0.005236,0.000000,0.000000,0.000000,0.00095677
3,712,0.344877,0.000109,119.5295,0.000000,0.000000,0.000000,0.003356,0.000000,0.000000,0.000000,0.00095677
3,713,0.302633,0.000096,127.9364,0.000000,0.000000,0.000000,0.003948,0.000000,0.000000,0.000000,0.00095677
3,714,0.321913,0.000102,117.9469,0.000000,0.000000,0.000000,0.003356,0.000000,0.000000,0.000000,0.00095677
3,715,0.342866,0.000109,125.0753,0.000000,0.000000,0.000000,0.002982,0.000000,0.000000,0.000000,0.00095677
3,716,0.469982,0.000148,106.8906,0.000000,0.000000,0.000000,0.009205,0.000000,0.000000,0.000000,0.00095677
3,717,0.316438,0.000099,107.9880,0.000000,0.000000,0.000000,0.009133,0.000000,0.000000,0.000000,0.00095677
3,718,0.341897,0.000107,110.0984,0.000000,0.000000,0.000000,0.014813,0.000000,0.000000,0.000000,0.00095677
3,719,0.397711,0.000125,114.4325,0.000000,0.000000,0.000000,0.013738,0.000000,0.000000,0.000000,0.00095677
4,1,0.586608,0.000183,112.5845,0.000000,0.000000,0.000000,0.025845,0.000000,0.000000,0.000000,0.00090451
4,2,0.567158,0.000177,109.7323,0.000000,0.000000,0.000000,0.022419,0.000000,0.000000,0.000000,0.00090451
4,3,0.460274,0.000145,113.7244,0.000000,0.000000,0.000000,0.014066,0.000000,0.000000,0.000000,0.00090451
4,4,0.482047,0.000152,113.0703,0.000000,0.000000,0.000000,0.012269,0.000000,0.000000,0.000000,0.00090451
4,5,0.494087,0.000156,113.4006,0.000000,0.000000,0.000000,0.007464,0.000000,0.000000,0.000000,0.00090451
4,6,0.476085,0.000151,110.8092,0.000000,0.000000,0.000000,0.004644,0.000000,0.000000,0.000000,0.00090451
4,7,0.454535,0.000144,112.7092,0.000000,0.000000,0.000000,0.007490,0.000000,0.000000,0.000000,0.00090451
4,8,0.459652,0.000145,110.6890,0.000000,0.000000,0.000000,0.008665,0.000000,0.000000,0.000000,0.00090451
4,9,0.449971,0.000143,108.7912,0.000000,0.000000,0.000000,0.005745,0.000000,0.000000,0.000000,0.00090451
4,10,0.513887,0.000163,108.9290,0.000000,0.000000,0.000000,0.007677,0.000000,0.000000,0.000000,0.00090451
4,11,0.450654,0.000143,111.2943,0.000000,0.000000,0.000000,0.004966,0.000000,0.000000,0.000000,0.00090451
4,12,0.414097,0.000131,113.0676,0.000000,0.000000,0.000000,0.005932,0.000000,0.000000,0.000000,0.00090451
4,13,0.457108,0.000145,111.0370,0.000000,0.000000,0.000000,0.003356,0.000000,0.000000,0.000000,0.00090451
4,14,0.456888,0.000145,110.9272,0.000000,0.000000,0.000000,0.004135,0.000000,0.000000,0.000000,0.00090451
4,15,0.460405,0.000146,107.3145,0.000000,0.000000,0.000000,0.007490,0.000000,0.000000,0.000000,0.00090451
4,16,0.510007,0.000161,108.7044,0.000000,0.000000,0.000000,0.012353,0.000000,0.000000,0.000000,0.00090451
4,17,0.486142,0.000154,112.9261,0.000000,0.000000,0.000000,0.008540,0.000000,0.000000,0.000000,0.00090451
4,18,0.510842,0.000162,110.7942,0.000000,0.000000,0.000000,0.008675,0.000000,0.000000,0.000000,0.00090451
4,19,0.507003,0.000160,115.1735,0.000000,0.000000,0.000000,0.010337,0.000000,0.000000,0.000000,0.00090451
4,20,0.460318,0.000146,108.5805,0.000000,0.000000,0.000000,0.004322,0.000000,0.000000,0.000000,0.00090451
4,21,0.462959,0.000147,111.5462,0.000000,0.000000,0.000000,0.005018,0.000000,0.000000,0.000000,0.00090451
4,22,0.492748,0.000156,109.9992,0.000000,0.000000,0.000000,0.007626,0.000000,0.000000,0.000000,0.00090451
4,23,0.476876,0.000151,113.3431,0.000000,0.000000,0.000000,0.003678,0.000000,0.000000,0.000000,0.00090451
4,24,0.498061,0.000158,111.7751,0.000000,0.000000,0.000000,0.004644,0.000000,0.000000,0.000000,0.00090451
4,25,0.456439,0.000145,110.2346,0.000000,0.000000,0.000000,0.006202,0.000000,0.000000,0.000000,0.00090451
4,26,0.458112,0.000145,109.5353,0.000000,0.000000,0.000000,0.006711,0.000000,0.000000,0.000000,0.00090451
4,27,0.446039,0.000141,113.1151,0.000000,0.000000,0.000000,0.004644,0.000000,0.000000,0.000000,0.00090451
4,28,0.509645,0.000161,113.7560,0.000000,0.000000,0.000000,0.007179,0.000000,0.000000,0.000000,0.00090451
4,29,0.437910,0.000139,109.9651,0.000000,0.000000,0.000000,0.002390,0.000000,0.000000,0.000000,0.00090451
4,30,0.478618,0.000152,111.5187,0.000000,0.000000,0.000000,0.004966,0.000000,0.000000,0.000000,0.00090451
4,31,0.433099,0.000137,111.3576,0.000000,0.000000,0.000000,0.007490,0.000000,0.000000,0.000000,0.00090451
4,32,0.506431,0.000159,111.5171,0.000000,0.000000,0.000000,0.015625,0.000000,0.000000,0.000000,0.00090451
4,33,0.408000,0.000127,111.4833,0.000000,0.000000,0.000000,0.017544,0.000000,0.000000,0.000000,0.00090451
4,34,0.432804,0.000135,111.3870,0.000000,0.000000,0.000000,0.016914,0.000000,0.000000,0.000000,0.00090451
4,35,0.414008,0.000130,110.0664,0.000000,0.000000,0.000000,0.011843,0.000000,0.000000,0.000000,0.00090451
4,36,0.409575,0.000128,110.3795,0.000000,0.000000,0.000000,0.014608,0.000000,0.000000,0.000000,0.00090451
4,37,0.434775,0.000137,113.1884,0.000000,0.000000,0.000000,0.010794,0.000000,0.000000,0.000000,0.00090451
4,38,0.466997,0.000147,111.6771,0.000000,0.000000,0.000000,0.014742,0.000000,0.000000,0.000000,0.00090451
4,39,0.411100,0.000129,110.5749,0.000000,0.000000,0.000000,0.011168,0.000000,0.000000,0.000000,0.00090451
4,40,0.436988,0.000138,108.0398,0.000000,0.000000,0.000000,0.008405,0.000000,0.000000,0.000000,0.00090451
4,41,0.415689,0.000131,113.4778,0.000000,0.000000,0.000000,0.008270,0.000000,0.000000,0.000000,0.00090451
4,42,0.397574,0.000125,110.4606,0.000000,0.000000,0.000000,0.012387,0.000000,0.000000,0.000000,0.00090451
4,43,0.387464,0.000123,109.8675,0.000000,0.000000,0.000000,0.003034,0.000000,0.000000,0.000000,0.00090451
4,44,0.392969,0.000124,111.7401,0.000000,0.000000,0.000000,0.009101,0.000000,0.000000,0.000000,0.00090451
4,45,0.349853,0.000111,111.8669,0.000000,0.000000,0.000000,0.002068,0.000000,0.000000,0.000000,0.00090451
4,46,0.388542,0.000123,112.7220,0.000000,0.000000,0.000000,0.005372,0.000000,0.000000,0.000000,0.00090451
4,47,0.421906,0.000132,109.8441,0.000000,0.000000,0.000000,0.016289,0.000000,0.000000,0.000000,0.00090451
4,48,0.621611,0.000193,103.3138,0.000000,0.000000,0.000000,0.035833,0.000000,0.000000,0.000000,0.00090451
4,49,0.452919,0.000124,109.3937,0.000000,0.000000,0.000000,0.130284,0.000000,0.000000,0.000000,0.00090451
4,50,0.505163,0.000147,117.5287,0.000000,0.000000,0.000000,0.089493,0.000000,0.000000,0.000000,0.00090451
4,51,0.502025,0.000151,113.5885,0.000000,0.000000,0.000000,0.054752,0.000000,0.000000,0.000000,0.00090451
4,52,0.408561,0.000123,113.9320,0.000000,0.000000,0.000000,0.044259,0.000000,0.000000,0.000000,0.00090451
4,53,0.464705,0.000143,115.3535,0.000000,0.000000,0.000000,0.032128,0.000000,0.000000,0.000000,0.00090451
4,54,0.403988,0.000128,112.5810,0.000000,0.000000,0.000000,0.007117,0.000000,0.000000,0.000000,0.00090451
4,55,0.503062,0.000156,115.4215,0.000000,0.000000,0.000000,0.026773,0.000000,0.000000,0.000000,0.00090451
4,56,0.470340,0.000147,118.3032,0.000000,0.000000,0.000000,0.019521,0.000000,0.000000,0.000000,0.00090451
4,57,0.496435,0.000156,99.5418,0.000000,0.000000,0.000000,0.012810,0.000000,0.000000,0.000000,0.00090451
4,58,0.451038,0.000142,118.4699,0.000000,0.000000,0.000000,0.010015,0.000000,0.000000,0.000000,0.00090451
4,59,0.403313,0.000127,124.7257,0.000000,0.000000,0.000000,0.007864,0.000000,0.000000,0.000000,0.00090451
4,60,0.372869,0.000118,123.2498,0.000000,0.000000,0.000000,0.007117,0.000000,0.000000,0.000000,0.00090451
4,61,0.625963,0.000195,118.7329,0.000000,0.000000,0.000000,0.027186,0.000000,0.000000,0.000000,0.00090451
4,62,0.434288,0.000134,122.2595,0.000000,0.000000,0.000000,0.025336,0.000000,0.000000,0.000000,0.00090451
4,63,0.509209,0.000157,115.5376,0.000000,0.000000,0.000000,0.031184,0.000000,0.000000,0.000000,0.00090451
4,64,0.463371,0.000145,112.6879,0.000000,0.000000,0.000000,0.019290,0.000000,0.000000,0.000000,0.00090451
4,65,0.458808,0.000144,111.1596,0.000000,0.000000,0.000000,0.011438,0.000000,0.000000,0.000000,0.00090451
4,66,0.432811,0.000136,110.6343,0.000000,0.000000,0.000000,0.010202,0.000000,0.000000,0.000000,0.00090451
4,67,0.495999,0.000157,112.3088,0.000000,0.000000,0.000000,0.007304,0.000000,0.000000,0.000000,0.00090451
4,68,0.447708,0.000142,113.8661,0.000000,0.000000,0.000000,0.005880,0.000000,0.000000,0.000000,0.00090451
4,69,0.400935,0.000127,112.1712,0.000000,0.000000,0.000000,0.005423,0.000000,0.000000,0.000000,0.00090451
4,70,0.402468,0.000128,112.6035,0.000000,0.000000,0.000000,0.003678,0.000000,0.000000,0.000000,0.00090451
4,71,0.398608,0.000126,112.4556,0.000000,0.000000,0.000000,0.006670,0.000000,0.000000,0.000000,0.00090451
4,72,0.441279,0.000140,108.8590,0.000000,0.000000,0.000000,0.003491,0.000000,0.000000,0.000000,0.00090451
4,73,0.500526,0.000159,110.2966,0.000000,0.000000,0.000000,0.003034,0.000000,0.000000,0.000000,0.00090451
4,74,0.418991,0.000133,115.3281,0.000000,0.000000,0.000000,0.003034,0.000000,0.000000,0.000000,0.00090451
4,75,0.436572,0.000138,111.8080,0.000000,0.000000,0.000000,0.006864,0.000000,0.000000,0.000000,0.00090451
4,76,0.424724,0.000135,109.3028,0.000000,0.000000,0.000000,0.004457,0.000000,0.000000,0.000000,0.00090451
4,77,0.390237,0.000124,110.6054,0.000000,0.000000,0.000000,0.004883,0.000000,0.000000,0.000000,0.00090451
4,78,0.390268,0.000124,110.9367,0.000000,0.000000,0.000000,0.005745,0.000000,0.000000,0.000000,0.00090451
4,79,0.488940,0.000153,117.6235,0.000000,0.000000,0.000000,0.019120,0.000000,0.000000,0.000000,0.00090451
4,80,0.475531,0.000147,119.3095,0.000000,0.000000,0.000000,0.029608,0.000000,0.000000,0.000000,0.00090451
4,81,0.378131,0.000118,122.3775,0.000000,0.000000,0.000000,0.015657,0.000000,0.000000,0.000000,0.00090451
4,82,0.413521,0.000130,115.1829,0.000000,0.000000,0.000000,0.011984,0.000000,0.000000,0.000000,0.00090451
4,83,0.459813,0.000140,112.6374,0.000000,0.000000,0.000000,0.041183,0.000000,0.000000,0.000000,0.00090451
4,84,0.432055,0.000134,122.4529,0.000000,0.000000,0.000000,0.024231,0.000000,0.000000,0.000000,0.00090451
4,85,0.368144,0.000115,111.9769,0.000000,0.000000,0.000000,0.012353,0.000000,0.000000,0.000000,0.00090451
4,86,0.480975,0.000150,123.1266,0.000000,0.000000,0.000000,0.023329,0.000000,0.000000,0.000000,0.00090451
4,87,0.569778,0.000176,129.8645,0.000000,0.000000,0.000000,0.037085,0.000000,0.000000,0.000000,0.00090451
4,88,0.477133,0.000145,127.1423,0.000000,0.000000,0.000000,0.046946,0.000000,0.000000,0.000000,0.00090451
4,89,0.594415,0.000187,129.1652,0.000000,0.000000,0.000000,0.018160,0.000000,0.000000,0.000000,0.00090451
4,90,0.394494,0.000123,115.2708,0.000000,0.000000,0.000000,0.017425,0.000000,0.000000,0.000000,0.00090451
4,91,0.308746,0.000097,113.0702,0.000000,0.000000,0.000000,0.011490,0.000000,0.000000,0.000000,0.00090451
4,92,0.286618,0.000090,101.7014,0.000000,0.000000,0.000000,0.005745,0.000000,0.000000,0.000000,0.00090451
4,93,0.388417,0.000122,120.3193,0.000000,0.000000,0.000000,0.012269,0.000000,0.000000,0.000000,0.00090451
4,94,0.468367,0.000147,119.5806,0.000000,0.000000,0.000000,0.016082,0.000000,0.000000,0.000000,0.00090451
4,95,0.428922,0.000135,112.6270,0.000000,0.000000,0.000000,0.008914,0.000000,0.000000,0.000000,0.00090451
4,96,0.465564,0.000147,112.7721,0.000000,0.000000,0.000000,0.011612,0.000000,0.000000,0.000000,0.00090451
4,97,0.460229,0.000146,109.9522,0.000000,0.000000,0.000000,0.007490,0.000000,0.000000,0.000000,0.00090451
4,98,0.476086,0.000151,111.1222,0.000000,0.000000,0.000000,0.006898,0.000000,0.000000,0.000000,0.00090451
4,99,0.465238,0.000147,113.4185,0.000000,0.000000,0.000000,0.006016,0.000000,0.000000,0.000000,0.00090451
4,100,0.430671,0.000137,110.1521,0.000000,0.000000,0.000000,0.004914,0.000000,0.000000,0.000000,0.00090451
4,101,0.466015,0.000148,110.0674,0.000000,0.000000,0.000000,0.004779,0.000000,0.000000,0.000000,0.00090451
4,102,0.446667,0.000141,112.7778,0.000000,0.000000,0.000000,0.006660,0.000000,0.000000,0.000000,0.00090451
4,103,0.430837,0.000137,111.6323,0.000000,0.000000,0.000000,0.003034,0.000000,0.000000,0.000000,0.00090451
4,104,0.447945,0.000142,112.1953,0.000000,0.000000,0.000000,0.006529,0.000000,0.000000,0.000000,0.00090451
4,105,0.425746,0.000135,109.7607,0.000000,0.000000,0.000000,0.004000,0.000000,0.000000,0.000000,0.00090451
4,106,0.425282,0.000135,110.0559,0.000000,0.000000,0.000000,0.001424,0.000000,0.000000,0.000000,0.00090451
4,107,0.449374,0.000142,112.1999,0.000000,0.000000,0.000000,0.006038,0.000000,0.000000,0.000000,0.00090451
4,108,0.403163,0.000128,110.6038,0.000000,0.000000,0.000000,0.004779,0.000000,0.000000,0.000000,0.00090451
4,109,0.413113,0.000131,111.0089,0.000000,0.000000,0.000000,0.004644,0.000000,0.000000,0.000000,0.00090451
4,110,0.446765,0.000140,112.4183,0.000000,0.000000,0.000000,0.016516,0.000000,0.000000,0.000000,0.00090451
4,111,0.532373,0.000166,100.8559,0.000000,0.000000,0.000000,0.023178,0.000000,0.000000,0.000000,0.00090451
4,112,0.389083,0.000121,103.8942,0.000000,0.000000,0.000000,0.017454,0.000000,0.000000,0.000000,0.00090451
4,113,0.431029,0.000134,110.1176,0.000000,0.000000,0.000000,0.020178,0.000000,0.000000,0.000000,0.00090451
4,114,0.590038,0.000182,119.4738,0.000000,0.000000,0.000000,0.035764,0.000000,0.000000,0.000000,0.00090451
4,115,0.541632,0.000164,122.2189,0.000000,0.000000,0.000000,0.056678,0.000000,0.000000,0.000000,0.00090451
4,116,0.638320,0.000198,116.8016,0.000000,0.000000,0.000000,0.034984,0.000000,0.000000,0.000000,0.00090451
4,117,0.392926,0.000120,96.0364,0.000000,0.000000,0.000000,0.033214,0.000000,0.000000,0.000000,0.00090451
4,118,0.505521,0.000155,114.0990,0.000000,0.000000,0.000000,0.037995,0.000000,0.000000,0.000000,0.00090451
4,119,0.413023,0.000129,89.9052,0.000000,0.000000,0.000000,0.017931,0.000000,0.000000,0.000000,0.00090451
4,120,0.551265,0.000172,123.8409,0.000000,0.000000,0.000000,0.025859,0.000000,0.000000,0.000000,0.00090451
4,121,0.433632,0.000136,110.9695,0.000000,0.000000,0.000000,0.017100,0.000000,0.000000,0.000000,0.00090451
4,122,0.465231,0.000146,118.2206,0.000000,0.000000,0.000000,0.016095,0.000000,0.000000,0.000000,0.00090451
4,123,0.528475,0.000167,111.5917,0.000000,0.000000,0.000000,0.011303,0.000000,0.000000,0.000000,0.00090451
4,124,0.529819,0.000167,121.7001,0.000000,0.000000,0.000000,0.014795,0.000000,0.000000,0.000000,0.00090451
4,125,0.457404,0.000143,105.3232,0.000000,0.000000,0.000000,0.015391,0.000000,0.000000,0.000000,0.00090451
4,126,0.651186,0.000201,102.2829,0.000000,0.000000,0.000000,0.040693,0.000000,0.000000,0.000000,0.00090451
4,127,0.489005,0.000150,115.7272,0.000000,0.000000,0.000000,0.038128,0.000000,0.000000,0.000000,0.00090451
4,128,0.441461,0.000140,109.3589,0.000000,0.000000,0.000000,0.004779,0.000000,0.000000,0.000000,0.00090451
4,129,0.439590,0.000139,122.1101,0.000000,0.000000,0.000000,0.008914,0.000000,0.000000,0.000000,0.00090451
4,130,0.346919,0.000109,113.5995,0.000000,0.000000,0.000000,0.010202,0.000000,0.000000,0.000000,0.00090451
4,131,0.346842,0.000109,105.0650,0.000000,0.000000,0.000000,0.011303,0.000000,0.000000,0.000000,0.00090451
4,132,0.370502,0.000118,122.7364,0.000000,0.000000,0.000000,0.003678,0.000000,0.000000,0.000000,0.00090451
4,133,0.420048,0.000133,130.9268,0.000000,0.000000,0.000000,0.006389,0.000000,0.000000,0.000000,0.00090451
4,134,0.300366,0.000095,121.8195,0.000000,0.000000,0.000000,0.002390,0.000000,0.000000,0.000000,0.00090451
4,135,0.440176,0.000138,119.4929,0.000000,0.000000,0.000000,0.013339,0.000000,0.000000,0.000000,0.00090451
4,136,0.359917,0.000114,127.1365,0.000000,0.000000,0.000000,0.003813,0.000000,0.000000,0.000000,0.00090451
4,137,0.359931,0.000114,107.4381,0.000000,0.000000,0.000000,0.002712,0.000000,0.000000,0.000000,0.00090451
4,138,0.471590,0.000149,125.7866,0.000000,0.000000,0.000000,0.009558,0.000000,0.000000,0.000000,0.00090451
4,139,0.422857,0.000134,115.9013,0.000000,0.000000,0.000000,0.006846,0.000000,0.000000,0.000000,0.00090451
4,140,0.405426,0.000129,109.0210,0.000000,0.000000,0.000000,0.003034,0.000000,0.000000,0.000000,0.00090451
4,141,0.580520,0.000182,118.3253,0.000000,0.000000,0.000000,0.021646,0.000000,0.000000,0.000000,0.00090451
4,142,0.665942,0.000210,114.3762,0.000000,0.000000,0.000000,0.015713,0.000000,0.000000,0.000000,0.00090451
4,143,0.493962,0.000156,113.1704,0.000000,0.000000,0.000000,0.011490,0.000000,0.000000,0.000000,0.00090451
4,144,0.484155,0.000153,114.2965,0.000000,0.000000,0.000000,0.010254,0.000000,0.000000,0.000000,0.00090451
4,145,0.531565,0.000167,106.2907,0.000000,0.000000,0.000000,0.013371,0.000000,0.000000,0.000000,0.00090451
4,146,0.593036,0.000187,120.0351,0.000000,0.000000,0.000000,0.012727,0.000000,0.000000,0.000000,0.00090451
4,147,0.548694,0.000173,116.5655,0.000000,0.000000,0.000000,0.010981,0.000000,0.000000,0.000000,0.00090451
4,148,0.644940,0.000204,126.3173,0.000000,0.000000,0.000000,0.009287,0.000000,0.000000,0.000000,0.00090451
4,149,0.386826,0.000121,105.0214,0.000000,0.000000,0.000000,0.015200,0.000000,0.000000,0.000000,0.00090451
4,150,0.512311,0.000161,113.8220,0.000000,0.000000,0.000000,0.017247,0.000000,0.000000,0.000000,0.00090451
4,151,0.529226,0.000167,127.3377,0.000000,0.000000,0.000000,0.013152,0.000000,0.000000,0.000000,0.00090451
4,152,0.485371,0.000152,120.2454,0.000000,0.000000,0.000000,0.020436,0.000000,0.000000,0.000000,0.00090451
4,153,0.599473,0.000186,124.7712,0.000000,0.000000,0.000000,0.030347,0.000000,0.000000,0.000000,0.00090451
4,154,0.490501,0.000152,102.8480,0.000000,0.000000,0.000000,0.030655,0.000000,0.000000,0.000000,0.00090451
4,155,0.469513,0.000147,112.1212,0.000000,0.000000,0.000000,0.020165,0.000000,0.000000,0.000000,0.00090451
4,156,0.459551,0.000144,103.2809,0.000000,0.000000,0.000000,0.014067,0.000000,0.000000,0.000000,0.00090451
4,157,0.600214,0.000187,105.5676,0.000000,0.000000,0.000000,0.024446,0.000000,0.000000,0.000000,0.00090451
4,158,0.415080,0.000129,110.3026,0.000000,0.000000,0.000000,0.022162,0.000000,0.000000,0.000000,0.00090451
4,159,0.504543,0.000157,121.9210,0.000000,0.000000,0.000000,0.025621,0.000000,0.000000,0.000000,0.00090451
4,160,0.490870,0.000155,116.3350,0.000000,0.000000,0.000000,0.011760,0.000000,0.000000,0.000000,0.00090451
4,161,0.601227,0.000189,117.7275,0.000000,0.000000,0.000000,0.013984,0.000000,0.000000,0.000000,0.00090451
4,162,0.425905,0.000134,110.7778,0.000000,0.000000,0.000000,0.012134,0.000000,0.000000,0.000000,0.00090451
4,163,0.446379,0.000141,119.5864,0.000000,0.000000,0.000000,0.007117,0.000000,0.000000,0.000000,0.00090451
4,164,0.638904,0.000201,120.5454,0.000000,0.000000,0.000000,0.018690,0.000000,0.000000,0.000000,0.00090451
4,165,0.370153,0.000117,104.4329,0.000000,0.000000,0.000000,0.005610,0.000000,0.000000,0.000000,0.00090451
4,166,0.536368,0.000168,120.9662,0.000000,0.000000,0.000000,0.016540,0.000000,0.000000,0.000000,0.00090451
4,167,0.397128,0.000124,124.7724,0.000000,0.000000,0.000000,0.014981,0.000000,0.000000,0.000000,0.00090451
4,168,0.487954,0.000153,112.5063,0.000000,0.000000,0.000000,0.013329,0.000000,0.000000,0.000000,0.00090451
4,169,0.423712,0.000133,105.6857,0.000000,0.000000,0.000000,0.012134,0.000000,0.000000,0.000000,0.00090451
4,170,0.398842,0.000125,122.7415,0.000000,0.000000,0.000000,0.012732,0.000000,0.000000,0.000000,0.00090451
4,171,0.479321,0.000147,100.7566,0.000000,0.000000,0.000000,0.034908,0.000000,0.000000,0.000000,0.00090451
4,172,0.485755,0.000150,111.1090,0.000000,0.000000,0.000000,0.031564,0.000000,0.000000,0.000000,0.00090451
4,173,0.520139,0.000161,122.5562,0.000000,0.000000,0.000000,0.027874,0.000000,0.000000,0.000000,0.00090451
4,174,0.348826,0.000110,110.3974,0.000000,0.000000,0.000000,0.007542,0.000000,0.000000,0.000000,0.00090451
4,175,0.488897,0.000150,100.4409,0.000000,0.000000,0.000000,0.033969,0.000000,0.000000,0.000000,0.00090451
4,176,0.564936,0.000176,108.6840,0.000000,0.000000,0.000000,0.027469,0.000000,0.000000,0.000000,0.00090451
4,177,0.422759,0.000127,102.6945,0.000000,0.000000,0.000000,0.051718,0.000000,0.000000,0.000000,0.00090451
4,178,0.337003,0.000106,110.5208,0.000000,0.000000,0.000000,0.011490,0.000000,0.000000,0.000000,0.00090451
4,179,0.284902,0.000085,113.6896,0.000000,0.000000,0.000000,0.037199,0.000000,0.000000,0.000000,0.00090451
4,180,0.309291,0.000096,111.7087,0.000000,0.000000,0.000000,0.018233,0.000000,0.000000,0.000000,0.00090451
4,181,0.347847,0.000108,108.1245,0.000000,0.000000,0.000000,0.016675,0.000000,0.000000,0.000000,0.00090451
4,182,0.493046,0.000154,125.0957,0.000000,0.000000,0.000000,0.019012,0.000000,0.000000,0.000000,0.00090451
4,183,0.365032,0.000115,106.5459,0.000000,0.000000,0.000000,0.005932,0.000000,0.000000,0.000000,0.00090451
4,184,0.381892,0.000119,110.3332,0.000000,0.000000,0.000000,0.019219,0.000000,0.000000,0.000000,0.00090451
4,185,0.349201,0.000111,107.2957,0.000000,0.000000,0.000000,0.004914,0.000000,0.000000,0.000000,0.00090451
4,186,0.434444,0.000137,111.1067,0.000000,0.000000,0.000000,0.007999,0.000000,0.000000,0.000000,0.00090451
4,187,0.358438,0.000114,110.4167,0.000000,0.000000,0.000000,0.003356,0.000000,0.000000,0.000000,0.00090451
4,188,0.501768,0.000158,125.2450,0.000000,0.000000,0.000000,0.013828,0.000000,0.000000,0.000000,0.00090451
4,189,0.456413,0.000143,120.8760,0.000000,0.000000,0.000000,0.014961,0.000000,0.000000,0.000000,0.00090451
4,190,0.534349,0.000168,111.6903,0.000000,0.000000,0.000000,0.014715,0.000000,0.000000,0.000000,0.00090451
4,191,0.351860,0.000109,109.6584,0.000000,0.000000,0.000000,0.019334,0.000000,0.000000,0.000000,0.00090451
4,192,0.310595,0.000098,120.7052,0.000000,0.000000,0.000000,0.006846,0.000000,0.000000,0.000000,0.00090451
4,193,0.429706,0.000135,112.8874,0.000000,0.000000,0.000000,0.013911,0.000000,0.000000,0.000000,0.00090451
4,194,0.396960,0.000124,123.1681,0.000000,0.000000,0.000000,0.013403,0.000000,0.000000,0.000000,0.00090451
4,195,0.388031,0.000123,117.3689,0.000000,0.000000,0.000000,0.006846,0.000000,0.000000,0.000000,0.00090451
4,196,0.343093,0.000109,110.3766,0.000000,0.000000,0.000000,0.004457,0.000000,0.000000,0.000000,0.00090451
4,197,0.501808,0.000155,124.3978,0.000000,0.000000,0.000000,0.033994,0.000000,0.000000,0.000000,0.00090451
4,198,0.339721,0.000105,114.5870,0.000000,0.000000,0.000000,0.024010,0.000000,0.000000,0.000000,0.00090451
4,199,0.358085,0.000113,111.7761,0.000000,0.000000,0.000000,0.010099,0.000000,0.000000,0.000000,0.00090451
4,200,0.286368,0.000090,104.9916,0.000000,0.000000,0.000000,0.007355,0.000000,0.000000,0.000000,0.00090451
4,201,0.413434,0.000131,122.1388,0.000000,0.000000,0.000000,0.006898,0.000000,0.000000,0.000000,0.00090451
4,202,0.292073,0.000092,113.2001,0.000000,0.000000,0.000000,0.004966,0.000000,0.000000,0.000000,0.00090451
4,203,0.378266,0.000118,111.7277,0.000000,0.000000,0.000000,0.015086,0.000000,0.000000,0.000000,0.00090451
4,204,0.432424,0.000133,105.5592,0.000000,0.000000,0.000000,0.029708,0.000000,0.000000,0.000000,0.00090451
4,205,0.406749,0.000129,120.6821,0.000000,0.000000,0.000000,0.007252,0.000000,0.000000,0.000000,0.00090451
4,206,0.387898,0.000121,118.9492,0.000000,0.000000,0.000000,0.015586,0.000000,0.000000,0.000000,0.00090451
4,207,0.366523,0.000114,105.3053,0.000000,0.000000,0.000000,0.019205,0.000000,0.000000,0.000000,0.00090451
4,208,0.478622,0.000149,122.1513,0.000000,0.000000,0.000000,0.023115,0.000000,0.000000,0.000000,0.00090451
4,209,0.311369,0.000097,103.9955,0.000000,0.000000,0.000000,0.012370,0.000000,0.000000,0.000000,0.00090451
4,210,0.286664,0.000089,116.1813,0.000000,0.000000,0.000000,0.015895,0.000000,0.000000,0.000000,0.00090451
4,211,0.390945,0.000122,109.7481,0.000000,0.000000,0.000000,0.015741,0.000000,0.000000,0.000000,0.00090451
4,212,0.296992,0.000093,111.3008,0.000000,0.000000,0.000000,0.011999,0.000000,0.000000,0.000000,0.00090451
4,213,0.340871,0.000107,120.3714,0.000000,0.000000,0.000000,0.009287,0.000000,0.000000,0.000000,0.00090451
4,214,0.324399,0.000102,109.7866,0.000000,0.000000,0.000000,0.007677,0.000000,0.000000,0.000000,0.00090451
4,215,0.415911,0.000131,95.7970,0.000000,0.000000,0.000000,0.010981,0.000000,0.000000,0.000000,0.00090451
4,216,0.503492,0.000158,115.1819,0.000000,0.000000,0.000000,0.014201,0.000000,0.000000,0.000000,0.00090451
4,217,0.441406,0.000140,106.1353,0.000000,0.000000,0.000000,0.005610,0.000000,0.000000,0.000000,0.00090451
4,218,0.372653,0.000116,119.6920,0.000000,0.000000,0.000000,0.018201,0.000000,0.000000,0.000000,0.00090451
4,219,0.477630,0.000152,122.8393,0.000000,0.000000,0.000000,0.004135,0.000000,0.000000,0.000000,0.00090451
4,220,0.449809,0.000142,98.6706,0.000000,0.000000,0.000000,0.008540,0.000000,0.000000,0.000000,0.00090451
4,221,0.349736,0.000110,118.4089,0.000000,0.000000,0.000000,0.007709,0.000000,0.000000,0.000000,0.00090451
4,222,0.342058,0.000108,103.6611,0.000000,0.000000,0.000000,0.007387,0.000000,0.000000,0.000000,0.00090451
4,223,0.388434,0.000122,119.3430,0.000000,0.000000,0.000000,0.009150,0.000000,0.000000,0.000000,0.00090451
4,224,0.347786,0.000110,111.7859,0.000000,0.000000,0.000000,0.006067,0.000000,0.000000,0.000000,0.00090451
4,225,0.407257,0.000129,111.1174,0.000000,0.000000,0.000000,0.004696,0.000000,0.000000,0.000000,0.00090451
4,226,0.546479,0.000172,114.7962,0.000000,0.000000,0.000000,0.013184,0.000000,0.000000,0.000000,0.00090451
4,227,0.455821,0.000144,122.4244,0.000000,0.000000,0.000000,0.007495,0.000000,0.000000,0.000000,0.00090451
4,228,0.312569,0.000099,124.1908,0.000000,0.000000,0.000000,0.003626,0.000000,0.000000,0.000000,0.00090451
4,229,0.469553,0.000149,122.6543,0.000000,0.000000,0.000000,0.007355,0.000000,0.000000,0.000000,0.00090451
4,230,0.402690,0.000126,100.6267,0.000000,0.000000,0.000000,0.012520,0.000000,0.000000,0.000000,0.00090451
4,231,0.404546,0.000127,101.0572,0.000000,0.000000,0.000000,0.009611,0.000000,0.000000,0.000000,0.00090451
4,232,0.379560,0.000119,99.9597,0.000000,0.000000,0.000000,0.014659,0.000000,0.000000,0.000000,0.00090451
4,233,0.300653,0.000093,97.5844,0.000000,0.000000,0.000000,0.015064,0.000000,0.000000,0.000000,0.00090451
4,234,0.367580,0.000115,103.0577,0.000000,0.000000,0.000000,0.015116,0.000000,0.000000,0.000000,0.00090451
4,235,0.449317,0.000142,101.1824,0.000000,0.000000,0.000000,0.005423,0.000000,0.000000,0.000000,0.00090451
4,236,0.360268,0.000113,111.7218,0.000000,0.000000,0.000000,0.008830,0.000000,0.000000,0.000000,0.00090451
4,237,0.574022,0.000182,128.1701,0.000000,0.000000,0.000000,0.006898,0.000000,0.000000,0.000000,0.00090451
4,238,0.432981,0.000136,113.4646,0.000000,0.000000,0.000000,0.009933,0.000000,0.000000,0.000000,0.00090451
4,239,0.423236,0.000134,110.0893,0.000000,0.000000,0.000000,0.003626,0.000000,0.000000,0.000000,0.00090451
4,240,0.305143,0.000097,116.6961,0.000000,0.000000,0.000000,0.004322,0.000000,0.000000,0.000000,0.00090451
4,241,0.569030,0.000180,122.9531,0.000000,0.000000,0.000000,0.010441,0.000000,0.000000,0.000000,0.00090451
4,242,0.548244,0.000174,119.3740,0.000000,0.000000,0.000000,0.006576,0.000000,0.000000,0.000000,0.00090451
4,243,0.511590,0.000162,103.1587,0.000000,0.000000,0.000000,0.006846,0.000000,0.000000,0.000000,0.00090451
4,244,0.486943,0.000155,118.1491,0.000000,0.000000,0.000000,0.003356,0.000000,0.000000,0.000000,0.00090451
4,245,0.363553,0.000115,106.2764,0.000000,0.000000,0.000000,0.005423,0.000000,0.000000,0.000000,0.00090451
4,246,0.380651,0.000121,123.9372,0.000000,0.000000,0.000000,0.004322,0.000000,0.000000,0.000000,0.00090451
4,247,0.474837,0.000151,112.0718,0.000000,0.000000,0.000000,0.002068,0.000000,0.000000,0.000000,0.00090451
4,248,0.503324,0.000160,120.5428,0.000000,0.000000,0.000000,0.005932,0.000000,0.000000,0.000000,0.00090451
4,249,0.417196,0.000131,113.3233,0.000000,0.000000,0.000000,0.010369,0.000000,0.000000,0.000000,0.00090451
4,250,0.378406,0.000118,112.1507,0.000000,0.000000,0.000000,0.016810,0.000000,0.000000,0.000000,0.00090451
4,251,0.328925,0.000101,110.4589,0.000000,0.000000,0.000000,0.023231,0.000000,0.000000,0.000000,0.00090451
4,252,0.340467,0.000106,122.1207,0.000000,0.000000,0.000000,0.013828,0.000000,0.000000,0.000000,0.00090451
4,253,0.460381,0.000143,115.6890,0.000000,0.000000,0.000000,0.024145,0.000000,0.000000,0.000000,0.00090451
4,254,0.402134,0.000123,105.0053,0.000000,0.000000,0.000000,0.031289,0.000000,0.000000,0.000000,0.00090451
4,255,0.328646,0.000102,116.4518,0.000000,0.000000,0.000000,0.015844,0.000000,0.000000,0.000000,0.00090451
4,256,0.406768,0.000127,111.6178,0.000000,0.000000,0.000000,0.018711,0.000000,0.000000,0.000000,0.00090451
4,257,0.382693,0.000120,124.0579,0.000000,0.000000,0.000000,0.010846,0.000000,0.000000,0.000000,0.00090451
4,258,0.291267,0.000091,107.7891,0.000000,0.000000,0.000000,0.010440,0.000000,0.000000,0.000000,0.00090451
4,259,0.373786,0.000118,120.5528,0.000000,0.000000,0.000000,0.004644,0.000000,0.000000,0.000000,0.00090451
4,260,0.395187,0.000122,124.7893,0.000000,0.000000,0.000000,0.023489,0.000000,0.000000,0.000000,0.00090451
4,261,0.378800,0.000116,119.5120,0.000000,0.000000,0.000000,0.028414,0.000000,0.000000,0.000000,0.00090451
4,262,0.284113,0.000090,111.9188,0.000000,0.000000,0.000000,0.006576,0.000000,0.000000,0.000000,0.00090451
4,263,0.275716,0.000087,110.9440,0.000000,0.000000,0.000000,0.008675,0.000000,0.000000,0.000000,0.00090451
4,264,0.294050,0.000092,118.5345,0.000000,0.000000,0.000000,0.008321,0.000000,0.000000,0.000000,0.00090451
4,265,0.356645,0.000111,121.2790,0.000000,0.000000,0.000000,0.015252,0.000000,0.000000,0.000000,0.00090451
4,266,0.458462,0.000142,124.9876,0.000000,0.000000,0.000000,0.025710,0.000000,0.000000,0.000000,0.00090451
4,267,0.434192,0.000136,110.1243,0.000000,0.000000,0.000000,0.016385,0.000000,0.000000,0.000000,0.00090451
4,268,0.467712,0.000147,113.3152,0.000000,0.000000,0.000000,0.011845,0.000000,0.000000,0.000000,0.00090451
4,269,0.448538,0.000141,111.3234,0.000000,0.000000,0.000000,0.013735,0.000000,0.000000,0.000000,0.00090451
4,270,0.437706,0.000137,110.3245,0.000000,0.000000,0.000000,0.014015,0.000000,0.000000,0.000000,0.00090451
4,271,0.503930,0.000157,109.8047,0.000000,0.000000,0.000000,0.020421,0.000000,0.000000,0.000000,0.00090451
4,272,0.456512,0.000142,115.7368,0.000000,0.000000,0.000000,0.023979,0.000000,0.000000,0.000000,0.00090451
4,273,0.376755,0.000114,109.9914,0.000000,0.000000,0.000000,0.035655,0.000000,0.000000,0.000000,0.00090451
4,274,0.423078,0.000130,111.7987,0.000000,0.000000,0.000000,0.029349,0.000000,0.000000,0.000000,0.00090451
4,275,0.338658,0.000107,104.5776,0.000000,0.000000,0.000000,0.008727,0.000000,0.000000,0.000000,0.00090451
4,276,0.467971,0.000144,104.5480,0.000000,0.000000,0.000000,0.032634,0.000000,0.000000,0.000000,0.00090451
4,277,0.401935,0.000124,108.8665,0.000000,0.000000,0.000000,0.023926,0.000000,0.000000,0.000000,0.00090451
4,278,0.347765,0.000109,110.3046,0.000000,0.000000,0.000000,0.013235,0.000000,0.000000,0.000000,0.00090451
4,279,0.513937,0.000163,119.1536,0.000000,0.000000,0.000000,0.007355,0.000000,0.000000,0.000000,0.00090451
4,280,0.420135,0.000133,122.2391,0.000000,0.000000,0.000000,0.008914,0.000000,0.000000,0.000000,0.00090451
4,281,0.514939,0.000162,110.0090,0.000000,0.000000,0.000000,0.015490,0.000000,0.000000,0.000000,0.00090451
4,282,0.564439,0.000169,119.1511,0.000000,0.000000,0.000000,0.069054,0.000000,0.000000,0.000000,0.00090451
4,283,0.429870,0.000131,112.7846,0.000000,0.000000,0.000000,0.040540,0.000000,0.000000,0.000000,0.00090451
4,284,0.456558,0.000134,115.5736,0.000000,0.000000,0.000000,0.073380,0.000000,0.000000,0.000000,0.00090451
4,285,0.388949,0.000116,112.1099,0.000000,0.000000,0.000000,0.049560,0.000000,0.000000,0.000000,0.00090451
4,286,0.458863,0.000138,119.5683,0.000000,0.000000,0.000000,0.052306,0.000000,0.000000,0.000000,0.00090451
4,287,0.390949,0.000117,122.5829,0.000000,0.000000,0.000000,0.045444,0.000000,0.000000,0.000000,0.00090451
4,288,0.320727,0.000100,123.8471,0.000000,0.000000,0.000000,0.015760,0.000000,0.000000,0.000000,0.00090451
4,289,0.367831,0.000116,121.1593,0.000000,0.000000,0.000000,0.008727,0.000000,0.000000,0.000000,0.00090451
4,290,0.343210,0.000107,112.9704,0.000000,0.000000,0.000000,0.013944,0.000000,0.000000,0.000000,0.00090451
4,291,0.341188,0.000106,113.2626,0.000000,0.000000,0.000000,0.016087,0.000000,0.000000,0.000000,0.00090451
4,292,0.335675,0.000106,126.5431,0.000000,0.000000,0.000000,0.004966,0.000000,0.000000,0.000000,0.00090451
4,293,0.421267,0.000133,109.7826,0.000000,0.000000,0.000000,0.009287,0.000000,0.000000,0.000000,0.00090451
4,294,0.369216,0.000116,107.5565,0.000000,0.000000,0.000000,0.013876,0.000000,0.000000,0.000000,0.00090451
4,295,0.323971,0.000102,109.7987,0.000000,0.000000,0.000000,0.008727,0.000000,0.000000,0.000000,0.00090451
4,296,0.493811,0.000155,123.6183,0.000000,0.000000,0.000000,0.016134,0.000000,0.000000,0.000000,0.00090451
4,297,0.463221,0.000146,119.7119,0.000000,0.000000,0.000000,0.011916,0.000000,0.000000,0.000000,0.00090451
4,298,0.621923,0.000194,111.6335,0.000000,0.000000,0.000000,0.029734,0.000000,0.000000,0.000000,0.00090451
4,299,0.380708,0.000120,114.4771,0.000000,0.000000,0.000000,0.006389,0.000000,0.000000,0.000000,0.00090451
4,300,0.296138,0.000093,114.8149,0.000000,0.000000,0.000000,0.009931,0.000000,0.000000,0.000000,0.00090451
4,301,0.606703,0.000191,123.8481,0.000000,0.000000,0.000000,0.015979,0.000000,0.000000,0.000000,0.00090451
4,302,0.410894,0.000130,108.3237,0.000000,0.000000,0.000000,0.004914,0.000000,0.000000,0.000000,0.00090451
4,303,0.396126,0.000124,104.5079,0.000000,0.000000,0.000000,0.011438,0.000000,0.000000,0.000000,0.00090451
4,304,0.406306,0.000128,107.3928,0.000000,0.000000,0.000000,0.008643,0.000000,0.000000,0.000000,0.00090451
4,305,0.396021,0.000125,124.9383,0.000000,0.000000,0.000000,0.006202,0.000000,0.000000,0.000000,0.00090451
4,306,0.311087,0.000098,113.4528,0.000000,0.000000,0.000000,0.007948,0.000000,0.000000,0.000000,0.00090451
4,307,0.317783,0.000099,114.9113,0.000000,0.000000,0.000000,0.011574,0.000000,0.000000,0.000000,0.00090451
4,308,0.444544,0.000140,123.4376,0.000000,0.000000,0.000000,0.012171,0.000000,0.000000,0.000000,0.00090451
4,309,0.489824,0.000152,118.0004,0.000000,0.000000,0.000000,0.024684,0.000000,0.000000,0.000000,0.00090451
4,310,0.350899,0.000109,105.7292,0.000000,0.000000,0.000000,0.019954,0.000000,0.000000,0.000000,0.00090451
4,311,0.363258,0.000112,125.1876,0.000000,0.000000,0.000000,0.025028,0.000000,0.000000,0.000000,0.00090451
4,312,0.382526,0.000120,122.7855,0.000000,0.000000,0.000000,0.010150,0.000000,0.000000,0.000000,0.00090451
4,313,0.407562,0.000123,107.9406,0.000000,0.000000,0.000000,0.043058,0.000000,0.000000,0.000000,0.00090451
4,314,0.393093,0.000122,114.1873,0.000000,0.000000,0.000000,0.022298,0.000000,0.000000,0.000000,0.00090451
4,315,0.503436,0.000155,118.1831,0.000000,0.000000,0.000000,0.033223,0.000000,0.000000,0.000000,0.00090451
4,316,0.361272,0.000112,116.6265,0.000000,0.000000,0.000000,0.021743,0.000000,0.000000,0.000000,0.00090451
4,317,0.342490,0.000106,111.9409,0.000000,0.000000,0.000000,0.017454,0.000000,0.000000,0.000000,0.00090451
4,318,0.401355,0.000127,90.1923,0.000000,0.000000,0.000000,0.004322,0.000000,0.000000,0.000000,0.00090451
4,319,0.437955,0.000138,109.9624,0.000000,0.000000,0.000000,0.008643,0.000000,0.000000,0.000000,0.00090451
4,320,0.287825,0.000091,105.0229,0.000000,0.000000,0.000000,0.002525,0.000000,0.000000,0.000000,0.00090451
4,321,0.512074,0.000160,115.6987,0.000000,0.000000,0.000000,0.023096,0.000000,0.000000,0.000000,0.00090451
4,322,0.332801,0.000105,120.5202,0.000000,0.000000,0.000000,0.006711,0.000000,0.000000,0.000000,0.00090451
4,323,0.384237,0.000122,108.8685,0.000000,0.000000,0.000000,0.005558,0.000000,0.000000,0.000000,0.00090451
4,324,0.566137,0.000173,118.7147,0.000000,0.000000,0.000000,0.046550,0.000000,0.000000,0.000000,0.00090451
4,325,0.460936,0.000143,119.6540,0.000000,0.000000,0.000000,0.022098,0.000000,0.000000,0.000000,0.00090451
4,326,0.400876,0.000126,122.0691,0.000000,0.000000,0.000000,0.008784,0.000000,0.000000,0.000000,0.00090451
4,327,0.389482,0.000123,115.7535,0.000000,0.000000,0.000000,0.009609,0.000000,0.000000,0.000000,0.00090451
4,328,0.480786,0.000150,119.3106,0.000000,0.000000,0.000000,0.018181,0.000000,0.000000,0.000000,0.00090451
4,329,0.593143,0.000187,116.0048,0.000000,0.000000,0.000000,0.013133,0.000000,0.000000,0.000000,0.00090451
4,330,0.355978,0.000112,118.2198,0.000000,0.000000,0.000000,0.008914,0.000000,0.000000,0.000000,0.00090451
4,331,0.354105,0.000111,123.9483,0.000000,0.000000,0.000000,0.009101,0.000000,0.000000,0.000000,0.00090451
4,332,0.500801,0.000158,122.0806,0.000000,0.000000,0.000000,0.011034,0.000000,0.000000,0.000000,0.00090451
4,333,0.408925,0.000130,120.7892,0.000000,0.000000,0.000000,0.002847,0.000000,0.000000,0.000000,0.00090451
4,334,0.355182,0.000112,118.5209,0.000000,0.000000,0.000000,0.005050,0.000000,0.000000,0.000000,0.00090451
4,335,0.426631,0.000134,106.6792,0.000000,0.000000,0.000000,0.012134,0.000000,0.000000,0.000000,0.00090451
4,336,0.381377,0.000121,121.0823,0.000000,0.000000,0.000000,0.005288,0.000000,0.000000,0.000000,0.00090451
4,337,0.389236,0.000123,110.9156,0.000000,0.000000,0.000000,0.004966,0.000000,0.000000,0.000000,0.00090451
4,338,0.345959,0.000110,117.6364,0.000000,0.000000,0.000000,0.004322,0.000000,0.000000,0.000000,0.00090451
4,339,0.395047,0.000125,111.4372,0.000000,0.000000,0.000000,0.004270,0.000000,0.000000,0.000000,0.00090451
4,340,0.341914,0.000108,107.2982,0.000000,0.000000,0.000000,0.004135,0.000000,0.000000,0.000000,0.00090451
4,341,0.380019,0.000120,107.0488,0.000000,0.000000,0.000000,0.004644,0.000000,0.000000,0.000000,0.00090451
4,342,0.377536,0.000120,119.6876,0.000000,0.000000,0.000000,0.004000,0.000000,0.000000,0.000000,0.00090451
4,343,0.553153,0.000173,124.9836,0.000000,0.000000,0.000000,0.020927,0.000000,0.000000,0.000000,0.00090451
4,344,0.473068,0.000149,126.3701,0.000000,0.000000,0.000000,0.013029,0.000000,0.000000,0.000000,0.00090451
4,345,0.375014,0.000119,126.7182,0.000000,0.000000,0.000000,0.006254,0.000000,0.000000,0.000000,0.00090451
4,346,0.400744,0.000127,123.0368,0.000000,0.000000,0.000000,0.002068,0.000000,0.000000,0.000000,0.00090451
4,347,0.442482,0.000140,130.4831,0.000000,0.000000,0.000000,0.003813,0.000000,0.000000,0.000000,0.00090451
4,348,0.387888,0.000123,108.6131,0.000000,0.000000,0.000000,0.003678,0.000000,0.000000,0.000000,0.00090451
4,349,0.426104,0.000135,123.4799,0.000000,0.000000,0.000000,0.004592,0.000000,0.000000,0.000000,0.00090451
4,350,0.336162,0.000106,102.5517,0.000000,0.000000,0.000000,0.008186,0.000000,0.000000,0.000000,0.00090451
4,351,0.310109,0.000099,117.2738,0.000000,0.000000,0.000000,0.001746,0.000000,0.000000,0.000000,0.00090451
4,352,0.355168,0.000112,117.5472,0.000000,0.000000,0.000000,0.007033,0.000000,0.000000,0.000000,0.00090451
4,353,0.317124,0.000100,110.0564,0.000000,0.000000,0.000000,0.005101,0.000000,0.000000,0.000000,0.00090451
4,354,0.405806,0.000128,100.3849,0.000000,0.000000,0.000000,0.005798,0.000000,0.000000,0.000000,0.00090451
4,355,0.316625,0.000100,106.3027,0.000000,0.000000,0.000000,0.004135,0.000000,0.000000,0.000000,0.00090451
4,356,0.211390,0.000067,104.1596,0.000000,0.000000,0.000000,0.003034,0.000000,0.000000,0.000000,0.00090451
4,357,0.374889,0.000119,102.7368,0.000000,0.000000,0.000000,0.004270,0.000000,0.000000,0.000000,0.00090451
4,358,0.278032,0.000088,107.1547,0.000000,0.000000,0.000000,0.003678,0.000000,0.000000,0.000000,0.00090451
4,359,0.280160,0.000089,119.4290,0.000000,0.000000,0.000000,0.003034,0.000000,0.000000,0.000000,0.00090451
4,360,0.403271,0.000128,115.9383,0.000000,0.000000,0.000000,0.004914,0.000000,0.000000,0.000000,0.00090451
4,361,0.314605,0.000100,109.3343,0.000000,0.000000,0.000000,0.004644,0.000000,0.000000,0.000000,0.00090451
4,362,0.343025,0.000109,105.4295,0.000000,0.000000,0.000000,0.004000,0.000000,0.000000,0.000000,0.00090451
4,363,0.324101,0.000103,113.2417,0.000000,0.000000,0.000000,0.002068,0.000000,0.000000,0.000000,0.00090451
4,364,0.331518,0.000105,116.5505,0.000000,0.000000,0.000000,0.004000,0.000000,0.000000,0.000000,0.00090451
4,365,0.345091,0.000109,112.9684,0.000000,0.000000,0.000000,0.005932,0.000000,0.000000,0.000000,0.00090451
4,366,0.377561,0.000120,124.8063,0.000000,0.000000,0.000000,0.002712,0.000000,0.000000,0.000000,0.00090451
4,367,0.324875,0.000103,105.0355,0.000000,0.000000,0.000000,0.006151,0.000000,0.000000,0.000000,0.00090451
4,368,0.489095,0.000154,112.2627,0.000000,0.000000,0.000000,0.015076,0.000000,0.000000,0.000000,0.00090451
4,369,0.374748,0.000114,104.5294,0.000000,0.000000,0.000000,0.036324,0.000000,0.000000,0.000000,0.00090451
4,370,0.444101,0.000133,104.9666,0.000000,0.000000,0.000000,0.051650,0.000000,0.000000,0.000000,0.00090451
4,371,0.326690,0.000098,109.6315,0.000000,0.000000,0.000000,0.040613,0.000000,0.000000,0.000000,0.00090451
4,372,0.569441,0.000176,101.0514,0.000000,0.000000,0.000000,0.035616,0.000000,0.000000,0.000000,0.00090451
4,373,0.336839,0.000102,105.3836,0.000000,0.000000,0.000000,0.034006,0.000000,0.000000,0.000000,0.00090451
4,374,0.303460,0.000092,118.1786,0.000000,0.000000,0.000000,0.029787,0.000000,0.000000,0.000000,0.00090451
4,375,0.392831,0.000124,126.6708,0.000000,0.000000,0.000000,0.008508,0.000000,0.000000,0.000000,0.00090451
4,376,0.390332,0.000118,111.9230,0.000000,0.000000,0.000000,0.043352,0.000000,0.000000,0.000000,0.00090451
4,377,0.389209,0.000121,126.2902,0.000000,0.000000,0.000000,0.016732,0.000000,0.000000,0.000000,0.00090451
4,378,0.401833,0.000126,110.8868,0.000000,0.000000,0.000000,0.015354,0.000000,0.000000,0.000000,0.00090451
4,379,0.400033,0.000125,105.2100,0.000000,0.000000,0.000000,0.015677,0.000000,0.000000,0.000000,0.00090451
4,380,0.333944,0.000101,114.4792,0.000000,0.000000,0.000000,0.033329,0.000000,0.000000,0.000000,0.00090451
4,381,0.354495,0.000112,103.7253,0.000000,0.000000,0.000000,0.007999,0.000000,0.000000,0.000000,0.00090451
4,382,0.316656,0.000092,112.1053,0.000000,0.000000,0.000000,0.056365,0.000000,0.000000,0.000000,0.00090451
4,383,0.449522,0.000141,116.1982,0.000000,0.000000,0.000000,0.015812,0.000000,0.000000,0.000000,0.00090451
4,384,0.354152,0.000109,111.9937,0.000000,0.000000,0.000000,0.025163,0.000000,0.000000,0.000000,0.00090451
4,385,0.351001,0.000111,124.4921,0.000000,0.000000,0.000000,0.006202,0.000000,0.000000,0.000000,0.00090451
4,386,0.326575,0.000104,110.2721,0.000000,0.000000,0.000000,0.003948,0.000000,0.000000,0.000000,0.00090451
4,387,0.345822,0.000109,119.5649,0.000000,0.000000,0.000000,0.007220,0.000000,0.000000,0.000000,0.00090451
4,388,0.317989,0.000101,116.3096,0.000000,0.000000,0.000000,0.004457,0.000000,0.000000,0.000000,0.00090451
4,389,0.330962,0.000105,113.3752,0.000000,0.000000,0.000000,0.003356,0.000000,0.000000,0.000000,0.00090451
4,390,0.284172,0.000089,119.2292,0.000000,0.000000,0.000000,0.009101,0.000000,0.000000,0.000000,0.00090451
4,391,0.386682,0.000122,117.9363,0.000000,0.000000,0.000000,0.009558,0.000000,0.000000,0.000000,0.00090451
4,392,0.529560,0.000168,128.6605,0.000000,0.000000,0.000000,0.005880,0.000000,0.000000,0.000000,0.00090451
4,393,0.398853,0.000126,112.5662,0.000000,0.000000,0.000000,0.008862,0.000000,0.000000,0.000000,0.00090451
4,394,0.368098,0.000117,118.2375,0.000000,0.000000,0.000000,0.003034,0.000000,0.000000,0.000000,0.00090451
4,395,0.431827,0.000137,119.2561,0.000000,0.000000,0.000000,0.003813,0.000000,0.000000,0.000000,0.00090451
4,396,0.280927,0.000089,119.6232,0.000000,0.000000,0.000000,0.002390,0.000000,0.000000,0.000000,0.00090451
4,397,0.261608,0.000083,115.4592,0.000000,0.000000,0.000000,0.003034,0.000000,0.000000,0.000000,0.00090451
4,398,0.419958,0.000133,121.5931,0.000000,0.000000,0.000000,0.006846,0.000000,0.000000,0.000000,0.00090451
4,399,0.355507,0.000112,121.9756,0.000000,0.000000,0.000000,0.005423,0.000000,0.000000,0.000000,0.00090451
4,400,0.283164,0.000090,113.5293,0.000000,0.000000,0.000000,0.002847,0.000000,0.000000,0.000000,0.00090451
4,401,0.376714,0.000119,123.6180,0.000000,0.000000,0.000000,0.004966,0.000000,0.000000,0.000000,0.00090451
4,402,0.437423,0.000139,111.8247,0.000000,0.000000,0.000000,0.005288,0.000000,0.000000,0.000000,0.00090451
4,403,0.287703,0.000091,120.7219,0.000000,0.000000,0.000000,0.001746,0.000000,0.000000,0.000000,0.00090451
4,404,0.310369,0.000099,111.9257,0.000000,0.000000,0.000000,0.002847,0.000000,0.000000,0.000000,0.00090451
4,405,0.277955,0.000088,107.9725,0.000000,0.000000,0.000000,0.003948,0.000000,0.000000,0.000000,0.00090451
4,406,0.358635,0.000114,111.2987,0.000000,0.000000,0.000000,0.003356,0.000000,0.000000,0.000000,0.00090451
4,407,0.498722,0.000157,109.1376,0.000000,0.000000,0.000000,0.009693,0.000000,0.000000,0.000000,0.00090451
4,408,0.401170,0.000127,119.8681,0.000000,0.000000,0.000000,0.008675,0.000000,0.000000,0.000000,0.00090451
4,409,0.457795,0.000145,109.8161,0.000000,0.000000,0.000000,0.007490,0.000000,0.000000,0.000000,0.00090451
4,410,0.460144,0.000146,122.8669,0.000000,0.000000,0.000000,0.007439,0.000000,0.000000,0.000000,0.00090451
4,411,0.421764,0.000133,108.4853,0.000000,0.000000,0.000000,0.009828,0.000000,0.000000,0.000000,0.00090451
4,412,0.452346,0.000143,123.4904,0.000000,0.000000,0.000000,0.006576,0.000000,0.000000,0.000000,0.00090451
4,413,0.411475,0.000124,99.9770,0.000000,0.000000,0.000000,0.046275,0.000000,0.000000,0.000000,0.00090451
4,414,0.424229,0.000117,116.6197,0.000000,0.000000,0.000000,0.114049,0.000000,0.000000,0.000000,0.00090451
4,415,0.388792,0.000115,105.5843,0.000000,0.000000,0.000000,0.058009,0.000000,0.000000,0.000000,0.00090451
4,416,0.409713,0.000119,107.0307,0.000000,0.000000,0.000000,0.075869,0.000000,0.000000,0.000000,0.00090451
4,417,0.299397,0.000094,122.1547,0.000000,0.000000,0.000000,0.008779,0.000000,0.000000,0.000000,0.00090451
4,418,0.410249,0.000124,116.0585,0.000000,0.000000,0.000000,0.043261,0.000000,0.000000,0.000000,0.00090451
4,419,0.297543,0.000093,111.7266,0.000000,0.000000,0.000000,0.012913,0.000000,0.000000,0.000000,0.00090451
4,420,0.262959,0.000083,112.4411,0.000000,0.000000,0.000000,0.006576,0.000000,0.000000,0.000000,0.00090451
4,421,0.303485,0.000095,119.6923,0.000000,0.000000,0.000000,0.012385,0.000000,0.000000,0.000000,0.00090451
4,422,0.554215,0.000169,107.4511,0.000000,0.000000,0.000000,0.047654,0.000000,0.000000,0.000000,0.00090451
4,423,0.329640,0.000104,97.2073,0.000000,0.000000,0.000000,0.008135,0.000000,0.000000,0.000000,0.00090451
4,424,0.416591,0.000123,111.4400,0.000000,0.000000,0.000000,0.062730,0.000000,0.000000,0.000000,0.00090451
4,425,0.322312,0.000099,104.8119,0.000000,0.000000,0.000000,0.022399,0.000000,0.000000,0.000000,0.00090451
4,426,0.301959,0.000095,105.6827,0.000000,0.000000,0.000000,0.009796,0.000000,0.000000,0.000000,0.00090451
4,427,0.272949,0.000086,109.5514,0.000000,0.000000,0.000000,0.008830,0.000000,0.000000,0.000000,0.00090451
4,428,0.409748,0.000127,124.7632,0.000000,0.000000,0.000000,0.023926,0.000000,0.000000,0.000000,0.00090451
4,429,0.328742,0.000103,123.1686,0.000000,0.000000,0.000000,0.009423,0.000000,0.000000,0.000000,0.00090451
4,430,0.352475,0.000111,120.4322,0.000000,0.000000,0.000000,0.009880,0.000000,0.000000,0.000000,0.00090451
4,431,0.351518,0.000111,107.3007,0.000000,0.000000,0.000000,0.006389,0.000000,0.000000,0.000000,0.00090451
4,432,0.296649,0.000094,107.7499,0.000000,0.000000,0.000000,0.004000,0.000000,0.000000,0.000000,0.00090451
4,433,0.341654,0.000108,108.7411,0.000000,0.000000,0.000000,0.007355,0.000000,0.000000,0.000000,0.00090451
4,434,0.308349,0.000098,112.3210,0.000000,0.000000,0.000000,0.004135,0.000000,0.000000,0.000000,0.00090451
4,435,0.320062,0.000102,107.6773,0.000000,0.000000,0.000000,0.003034,0.000000,0.000000,0.000000,0.00090451
4,436,0.355975,0.000113,112.0919,0.000000,0.000000,0.000000,0.004779,0.000000,0.000000,0.000000,0.00090451
4,437,0.279567,0.000089,107.7367,0.000000,0.000000,0.000000,0.003034,0.000000,0.000000,0.000000,0.00090451
4,438,0.451354,0.000142,120.2592,0.000000,0.000000,0.000000,0.014742,0.000000,0.000000,0.000000,0.00090451
4,439,0.354245,0.000112,105.1148,0.000000,0.000000,0.000000,0.007677,0.000000,0.000000,0.000000,0.00090451
4,440,0.411819,0.000131,114.2744,0.000000,0.000000,0.000000,0.003678,0.000000,0.000000,0.000000,0.00090451
4,441,0.364112,0.000115,114.0282,0.000000,0.000000,0.000000,0.004779,0.000000,0.000000,0.000000,0.00090451
4,442,0.313629,0.000099,125.0981,0.000000,0.000000,0.000000,0.004000,0.000000,0.000000,0.000000,0.00090451
4,443,0.323041,0.000103,125.6466,0.000000,0.000000,0.000000,0.002712,0.000000,0.000000,0.000000,0.00090451
4,444,0.318312,0.000101,118.3884,0.000000,0.000000,0.000000,0.003356,0.000000,0.000000,0.000000,0.00090451
4,445,0.364239,0.000116,115.0036,0.000000,0.000000,0.000000,0.002390,0.000000,0.000000,0.000000,0.00090451
4,446,0.373523,0.000118,124.4175,0.000000,0.000000,0.000000,0.007691,0.000000,0.000000,0.000000,0.00090451
4,447,0.380519,0.000121,117.5809,0.000000,0.000000,0.000000,0.004457,0.000000,0.000000,0.000000,0.00090451
4,448,0.342972,0.000109,122.1502,0.000000,0.000000,0.000000,0.004797,0.000000,0.000000,0.000000,0.00090451
4,449,0.309677,0.000096,118.2826,0.000000,0.000000,0.000000,0.014878,0.000000,0.000000,0.000000,0.00090451
4,450,0.325102,0.000099,118.1151,0.000000,0.000000,0.000000,0.028739,0.000000,0.000000,0.000000,0.00090451
4,451,0.337389,0.000105,120.6568,0.000000,0.000000,0.000000,0.019251,0.000000,0.000000,0.000000,0.00090451
4,452,0.351784,0.000107,121.0450,0.000000,0.000000,0.000000,0.033310,0.000000,0.000000,0.000000,0.00090451
4,453,0.363688,0.000114,113.1924,0.000000,0.000000,0.000000,0.010930,0.000000,0.000000,0.000000,0.00090451
4,454,0.501695,0.000151,125.3229,0.000000,0.000000,0.000000,0.053841,0.000000,0.000000,0.000000,0.00090451
4,455,0.381705,0.000119,121.4310,0.000000,0.000000,0.000000,0.018691,0.000000,0.000000,0.000000,0.00090451
4,456,0.494731,0.000154,119.3718,0.000000,0.000000,0.000000,0.022639,0.000000,0.000000,0.000000,0.00090451
4,457,0.354502,0.000107,114.7667,0.000000,0.000000,0.000000,0.035427,0.000000,0.000000,0.000000,0.00090451
4,458,0.416382,0.000129,118.7514,0.000000,0.000000,0.000000,0.026264,0.000000,0.000000,0.000000,0.00090451
4,459,0.401629,0.000119,121.1492,0.000000,0.000000,0.000000,0.057323,0.000000,0.000000,0.000000,0.00090451
4,460,0.349631,0.000111,123.8102,0.000000,0.000000,0.000000,0.005745,0.000000,0.000000,0.000000,0.00090451
4,461,0.370818,0.000115,105.2770,0.000000,0.000000,0.000000,0.017626,0.000000,0.000000,0.000000,0.00090451
4,462,0.388425,0.000121,120.0631,0.000000,0.000000,0.000000,0.019875,0.000000,0.000000,0.000000,0.00090451
4,463,0.307868,0.000095,118.5607,0.000000,0.000000,0.000000,0.019025,0.000000,0.000000,0.000000,0.00090451
4,464,0.336933,0.000105,118.9780,0.000000,0.000000,0.000000,0.015116,0.000000,0.000000,0.000000,0.00090451
4,465,0.274624,0.000087,116.7035,0.000000,0.000000,0.000000,0.005880,0.000000,0.000000,0.000000,0.00090451
4,466,0.313933,0.000099,111.7835,0.000000,0.000000,0.000000,0.004000,0.000000,0.000000,0.000000,0.00090451
4,467,0.347985,0.000109,114.3970,0.000000,0.000000,0.000000,0.013351,0.000000,0.000000,0.000000,0.00090451
4,468,0.302385,0.000096,100.4386,0.000000,0.000000,0.000000,0.004966,0.000000,0.000000,0.000000,0.00090451
4,469,0.411054,0.000127,116.6180,0.000000,0.000000,0.000000,0.027589,0.000000,0.000000,0.000000,0.00090451
4,470,0.400818,0.000127,115.2124,0.000000,0.000000,0.000000,0.007813,0.000000,0.000000,0.000000,0.00090451
4,471,0.368222,0.000114,121.4851,0.000000,0.000000,0.000000,0.020197,0.000000,0.000000,0.000000,0.00090451
4,472,0.299379,0.000095,111.2693,0.000000,0.000000,0.000000,0.005558,0.000000,0.000000,0.000000,0.00090451
4,473,0.351569,0.000110,123.9135,0.000000,0.000000,0.000000,0.015522,0.000000,0.000000,0.000000,0.00090451
4,474,0.277896,0.000088,115.9504,0.000000,0.000000,0.000000,0.004322,0.000000,0.000000,0.000000,0.00090451
4,475,0.333379,0.000106,111.5690,0.000000,0.000000,0.000000,0.002712,0.000000,0.000000,0.000000,0.00090451
4,476,0.408520,0.000129,122.2168,0.000000,0.000000,0.000000,0.010711,0.000000,0.000000,0.000000,0.00090451
4,477,0.498864,0.000157,109.1723,0.000000,0.000000,0.000000,0.012676,0.000000,0.000000,0.000000,0.00090451
4,478,0.320344,0.000101,119.0788,0.000000,0.000000,0.000000,0.006389,0.000000,0.000000,0.000000,0.00090451
4,479,0.355826,0.000113,103.6911,0.000000,0.000000,0.000000,0.004966,0.000000,0.000000,0.000000,0.00090451
4,480,0.391521,0.000124,113.3411,0.000000,0.000000,0.000000,0.006202,0.000000,0.000000,0.000000,0.00090451
4,481,0.429368,0.000136,99.4944,0.000000,0.000000,0.000000,0.006982,0.000000,0.000000,0.000000,0.00090451
4,482,0.434638,0.000138,108.7190,0.000000,0.000000,0.000000,0.003356,0.000000,0.000000,0.000000,0.00090451
4,483,0.492753,0.000156,120.4285,0.000000,0.000000,0.000000,0.005558,0.000000,0.000000,0.000000,0.00090451
4,484,0.378043,0.000120,107.1543,0.000000,0.000000,0.000000,0.004322,0.000000,0.000000,0.000000,0.00090451
4,485,0.374068,0.000118,108.5779,0.000000,0.000000,0.000000,0.005964,0.000000,0.000000,0.000000,0.00090451
4,486,0.443239,0.000140,116.9161,0.000000,0.000000,0.000000,0.005880,0.000000,0.000000,0.000000,0.00090451
4,487,0.379959,0.000119,107.4451,0.000000,0.000000,0.000000,0.011999,0.000000,0.000000,0.000000,0.00090451
4,488,0.439521,0.000139,120.6485,0.000000,0.000000,0.000000,0.006742,0.000000,0.000000,0.000000,0.00090451
4,489,0.336983,0.000106,111.6975,0.000000,0.000000,0.000000,0.006338,0.000000,0.000000,0.000000,0.00090451
4,490,0.344042,0.000108,105.9713,0.000000,0.000000,0.000000,0.009610,0.000000,0.000000,0.000000,0.00090451
4,491,0.336457,0.000106,98.5654,0.000000,0.000000,0.000000,0.007168,0.000000,0.000000,0.000000,0.00090451
4,492,0.386421,0.000122,113.0589,0.000000,0.000000,0.000000,0.005423,0.000000,0.000000,0.000000,0.00090451
4,493,0.381034,0.000119,96.5275,0.000000,0.000000,0.000000,0.016441,0.000000,0.000000,0.000000,0.00090451
4,494,0.439581,0.000137,109.5085,0.000000,0.000000,0.000000,0.022732,0.000000,0.000000,0.000000,0.00090451
4,495,0.377768,0.000119,119.1490,0.000000,0.000000,0.000000,0.009946,0.000000,0.000000,0.000000,0.00090451
4,496,0.415044,0.000129,113.5755,0.000000,0.000000,0.000000,0.022587,0.000000,0.000000,0.000000,0.00090451
4,497,0.448807,0.000142,124.9322,0.000000,0.000000,0.000000,0.004457,0.000000,0.000000,0.000000,0.00090451
4,498,0.344107,0.000107,117.4827,0.000000,0.000000,0.000000,0.015315,0.000000,0.000000,0.000000,0.00090451
4,499,0.358637,0.000113,101.4759,0.000000,0.000000,0.000000,0.011387,0.000000,0.000000,0.000000,0.00090451
4,500,0.512698,0.000162,114.9827,0.000000,0.000000,0.000000,0.011864,0.000000,0.000000,0.000000,0.00090451
4,501,0.447723,0.000139,105.6729,0.000000,0.000000,0.000000,0.024687,0.000000,0.000000,0.000000,0.00090451
4,502,0.550244,0.000168,119.6346,0.000000,0.000000,0.000000,0.046251,0.000000,0.000000,0.000000,0.00090451
4,503,0.758648,0.000231,121.7056,0.000000,0.000000,0.000000,0.069130,0.000000,0.000000,0.000000,0.00090451
4,504,0.482724,0.000148,118.3963,0.000000,0.000000,0.000000,0.035401,0.000000,0.000000,0.000000,0.00090451
4,505,0.564051,0.000170,127.1435,0.000000,0.000000,0.000000,0.060747,0.000000,0.000000,0.000000,0.00090451
4,506,0.686454,0.000202,120.7436,0.000000,0.000000,0.000000,0.108155,0.000000,0.000000,0.000000,0.00090451
4,507,0.697336,0.000215,112.9401,0.000000,0.000000,0.000000,0.046654,0.000000,0.000000,0.000000,0.00090451
4,508,0.686964,0.000211,112.3086,0.000000,0.000000,0.000000,0.050398,0.000000,0.000000,0.000000,0.00090451
4,509,0.742034,0.000229,129.1208,0.000000,0.000000,0.000000,0.049213,0.000000,0.000000,0.000000,0.00090451
4,510,0.539776,0.000166,104.4337,0.000000,0.000000,0.000000,0.037942,0.000000,0.000000,0.000000,0.00090451
4,511,0.409560,0.000129,105.1963,0.000000,0.000000,0.000000,0.012540,0.000000,0.000000,0.000000,0.00090451
4,512,0.376837,0.000117,107.6663,0.000000,0.000000,0.000000,0.022348,0.000000,0.000000,0.000000,0.00090451
4,513,0.486709,0.000150,112.1034,0.000000,0.000000,0.000000,0.032956,0.000000,0.000000,0.000000,0.00090451
4,514,0.406278,0.000128,106.3995,0.000000,0.000000,0.000000,0.012488,0.000000,0.000000,0.000000,0.00090451
4,515,0.455402,0.000143,115.3469,0.000000,0.000000,0.000000,0.011490,0.000000,0.000000,0.000000,0.00090451
4,516,0.572823,0.000177,97.2219,0.000000,0.000000,0.000000,0.038333,0.000000,0.000000,0.000000,0.00090451
4,517,0.481737,0.000150,123.9884,0.000000,0.000000,0.000000,0.024544,0.000000,0.000000,0.000000,0.00090451
4,518,0.465873,0.000147,121.8442,0.000000,0.000000,0.000000,0.009558,0.000000,0.000000,0.000000,0.00090451
4,519,0.349347,0.000110,112.1718,0.000000,0.000000,0.000000,0.011252,0.000000,0.000000,0.000000,0.00090451
4,520,0.444081,0.000139,117.4729,0.000000,0.000000,0.000000,0.016707,0.000000,0.000000,0.000000,0.00090451
4,521,0.402414,0.000128,120.0381,0.000000,0.000000,0.000000,0.004779,0.000000,0.000000,0.000000,0.00090451
4,522,0.417234,0.000131,93.7671,0.000000,0.000000,0.000000,0.012134,0.000000,0.000000,0.000000,0.00090451
4,523,0.506232,0.000158,125.4521,0.000000,0.000000,0.000000,0.022972,0.000000,0.000000,0.000000,0.00090451
4,524,0.402071,0.000127,104.7647,0.000000,0.000000,0.000000,0.009101,0.000000,0.000000,0.000000,0.00090451
4,525,0.372771,0.000116,110.8530,0.000000,0.000000,0.000000,0.015251,0.000000,0.000000,0.000000,0.00090451
4,526,0.259813,0.000082,110.2228,0.000000,0.000000,0.000000,0.007542,0.000000,0.000000,0.000000,0.00090451
4,527,0.358677,0.000114,113.6959,0.000000,0.000000,0.000000,0.002068,0.000000,0.000000,0.000000,0.00090451
4,528,0.320835,0.000102,108.7908,0.000000,0.000000,0.000000,0.003356,0.000000,0.000000,0.000000,0.00090451
4,529,0.309994,0.000098,113.1709,0.000000,0.000000,0.000000,0.003678,0.000000,0.000000,0.000000,0.00090451
4,530,0.281990,0.000089,105.5575,0.000000,0.000000,0.000000,0.003678,0.000000,0.000000,0.000000,0.00090451
4,531,0.418284,0.000132,114.4118,0.000000,0.000000,0.000000,0.006473,0.000000,0.000000,0.000000,0.00090451
4,532,0.445360,0.000140,114.3422,0.000000,0.000000,0.000000,0.013744,0.000000,0.000000,0.000000,0.00090451
4,533,0.392521,0.000124,119.9515,0.000000,0.000000,0.000000,0.006389,0.000000,0.000000,0.000000,0.00090451
4,534,0.467104,0.000147,108.7218,0.000000,0.000000,0.000000,0.009101,0.000000,0.000000,0.000000,0.00090451
4,535,0.462050,0.000145,114.4936,0.000000,0.000000,0.000000,0.011947,0.000000,0.000000,0.000000,0.00090451
4,536,0.430856,0.000136,113.2244,0.000000,0.000000,0.000000,0.011626,0.000000,0.000000,0.000000,0.00090451
4,537,0.382591,0.000122,116.4445,0.000000,0.000000,0.000000,0.003034,0.000000,0.000000,0.000000,0.00090451
4,538,0.348900,0.000111,118.8780,0.000000,0.000000,0.000000,0.003678,0.000000,0.000000,0.000000,0.00090451
4,539,0.358938,0.000114,116.8044,0.000000,0.000000,0.000000,0.003813,0.000000,0.000000,0.000000,0.00090451
4,540,0.345421,0.000110,126.3203,0.000000,0.000000,0.000000,0.003813,0.000000,0.000000,0.000000,0.00090451
4,541,0.397489,0.000126,118.5685,0.000000,0.000000,0.000000,0.004000,0.000000,0.000000,0.000000,0.00090451
4,542,0.372049,0.000118,107.6027,0.000000,0.000000,0.000000,0.004914,0.000000,0.000000,0.000000,0.00090451
4,543,0.376911,0.000119,110.2928,0.000000,0.000000,0.000000,0.007168,0.000000,0.000000,0.000000,0.00090451
4,544,0.351039,0.000112,101.2028,0.000000,0.000000,0.000000,0.002068,0.000000,0.000000,0.000000,0.00090451
4,545,0.299274,0.000095,94.5354,0.000000,0.000000,0.000000,0.003356,0.000000,0.000000,0.000000,0.00090451
4,546,0.323669,0.000102,115.3218,0.000000,0.000000,0.000000,0.005745,0.000000,0.000000,0.000000,0.00090451
4,547,0.463891,0.000147,113.9360,0.000000,0.000000,0.000000,0.004644,0.000000,0.000000,0.000000,0.00090451
4,548,0.327244,0.000104,118.0949,0.000000,0.000000,0.000000,0.003678,0.000000,0.000000,0.000000,0.00090451
4,549,0.443193,0.000139,111.7607,0.000000,0.000000,0.000000,0.013319,0.000000,0.000000,0.000000,0.00090451
4,550,0.518402,0.000164,124.3309,0.000000,0.000000,0.000000,0.010480,0.000000,0.000000,0.000000,0.00090451
4,551,0.346727,0.000108,113.0386,0.000000,0.000000,0.000000,0.015303,0.000000,0.000000,0.000000,0.00090451
4,552,0.477936,0.000150,113.0021,0.000000,0.000000,0.000000,0.013931,0.000000,0.000000,0.000000,0.00090451
4,553,0.347825,0.000110,108.2191,0.000000,0.000000,0.000000,0.004966,0.000000,0.000000,0.000000,0.00090451
4,554,0.415661,0.000128,111.4680,0.000000,0.000000,0.000000,0.026233,0.000000,0.000000,0.000000,0.00090451
4,555,0.345935,0.000108,111.0423,0.000000,0.000000,0.000000,0.011657,0.000000,0.000000,0.000000,0.00090451
4,556,0.373689,0.000116,107.8163,0.000000,0.000000,0.000000,0.020487,0.000000,0.000000,0.000000,0.00090451
4,557,0.421448,0.000132,109.1760,0.000000,0.000000,0.000000,0.014854,0.000000,0.000000,0.000000,0.00090451
4,558,0.401963,0.000127,107.6423,0.000000,0.000000,0.000000,0.009642,0.000000,0.000000,0.000000,0.00090451
4,559,0.309931,0.000098,110.8277,0.000000,0.000000,0.000000,0.004779,0.000000,0.000000,0.000000,0.00090451
4,560,0.471747,0.000147,127.3210,0.000000,0.000000,0.000000,0.019044,0.000000,0.000000,0.000000,0.00090451
4,561,0.300053,0.000095,108.2191,0.000000,0.000000,0.000000,0.004322,0.000000,0.000000,0.000000,0.00090451
4,562,0.420708,0.000132,115.7801,0.000000,0.000000,0.000000,0.011709,0.000000,0.000000,0.000000,0.00090451
4,563,0.556765,0.000174,119.3258,0.000000,0.000000,0.000000,0.023896,0.000000,0.000000,0.000000,0.00090451
4,564,0.331231,0.000100,107.8809,0.000000,0.000000,0.000000,0.037039,0.000000,0.000000,0.000000,0.00090451
4,565,0.349036,0.000107,109.0473,0.000000,0.000000,0.000000,0.028840,0.000000,0.000000,0.000000,0.00090451
4,566,0.250767,0.000078,100.7066,0.000000,0.000000,0.000000,0.010981,0.000000,0.000000,0.000000,0.00090451
4,567,0.400640,0.000125,95.3490,0.000000,0.000000,0.000000,0.019185,0.000000,0.000000,0.000000,0.00090451
4,568,0.378960,0.000119,94.9144,0.000000,0.000000,0.000000,0.012778,0.000000,0.000000,0.000000,0.00090451
4,569,0.334294,0.000104,117.0859,0.000000,0.000000,0.000000,0.016571,0.000000,0.000000,0.000000,0.00090451
4,570,0.301097,0.000094,99.3414,0.000000,0.000000,0.000000,0.010234,0.000000,0.000000,0.000000,0.00090451
4,571,0.406040,0.000128,121.1437,0.000000,0.000000,0.000000,0.009081,0.000000,0.000000,0.000000,0.00090451
4,572,0.314181,0.000099,116.5925,0.000000,0.000000,0.000000,0.007168,0.000000,0.000000,0.000000,0.00090451
4,573,0.298413,0.000094,108.1221,0.000000,0.000000,0.000000,0.006067,0.000000,0.000000,0.000000,0.00090451
4,574,0.374420,0.000118,118.5392,0.000000,0.000000,0.000000,0.010608,0.000000,0.000000,0.000000,0.00090451
4,575,0.415114,0.000132,127.2847,0.000000,0.000000,0.000000,0.005423,0.000000,0.000000,0.000000,0.00090451
4,576,0.362771,0.000115,109.3571,0.000000,0.000000,0.000000,0.005101,0.000000,0.000000,0.000000,0.00090451
4,577,0.441838,0.000140,118.3650,0.000000,0.000000,0.000000,0.005288,0.000000,0.000000,0.000000,0.00090451
4,578,0.307187,0.000097,93.9666,0.000000,0.000000,0.000000,0.006524,0.000000,0.000000,0.000000,0.00090451
4,579,0.625650,0.000195,125.8644,0.000000,0.000000,0.000000,0.026464,0.000000,0.000000,0.000000,0.00090451
4,580,0.402854,0.000123,120.3603,0.000000,0.000000,0.000000,0.031626,0.000000,0.000000,0.000000,0.00090451
4,581,0.530936,0.000167,118.5299,0.000000,0.000000,0.000000,0.015490,0.000000,0.000000,0.000000,0.00090451
4,582,0.335786,0.000104,107.5848,0.000000,0.000000,0.000000,0.016488,0.000000,0.000000,0.000000,0.00090451
4,583,0.355823,0.000112,108.5184,0.000000,0.000000,0.000000,0.009609,0.000000,0.000000,0.000000,0.00090451
4,584,0.385514,0.000121,121.7578,0.000000,0.000000,0.000000,0.012862,0.000000,0.000000,0.000000,0.00090451
4,585,0.362759,0.000115,101.1992,0.000000,0.000000,0.000000,0.003356,0.000000,0.000000,0.000000,0.00090451
4,586,0.377335,0.000119,122.5347,0.000000,0.000000,0.000000,0.007117,0.000000,0.000000,0.000000,0.00090451
4,587,0.408071,0.000128,116.4320,0.000000,0.000000,0.000000,0.011677,0.000000,0.000000,0.000000,0.00090451
4,588,0.329863,0.000104,110.2735,0.000000,0.000000,0.000000,0.010119,0.000000,0.000000,0.000000,0.00090451
4,589,0.367159,0.000116,105.3871,0.000000,0.000000,0.000000,0.005288,0.000000,0.000000,0.000000,0.00090451
4,590,0.312940,0.000098,118.5897,0.000000,0.000000,0.000000,0.009796,0.000000,0.000000,0.000000,0.00090451
4,591,0.398542,0.000126,121.3179,0.000000,0.000000,0.000000,0.004592,0.000000,0.000000,0.000000,0.00090451
4,592,0.372180,0.000117,115.4293,0.000000,0.000000,0.000000,0.009610,0.000000,0.000000,0.000000,0.00090451
4,593,0.309074,0.000098,104.5332,0.000000,0.000000,0.000000,0.004779,0.000000,0.000000,0.000000,0.00090451
4,594,0.457122,0.000144,117.0063,0.000000,0.000000,0.000000,0.012508,0.000000,0.000000,0.000000,0.00090451
4,595,0.635017,0.000200,110.0703,0.000000,0.000000,0.000000,0.015638,0.000000,0.000000,0.000000,0.00090451
4,596,0.445099,0.000141,112.4604,0.000000,0.000000,0.000000,0.008374,0.000000,0.000000,0.000000,0.00090451
4,597,0.475343,0.000150,112.3216,0.000000,0.000000,0.000000,0.009236,0.000000,0.000000,0.000000,0.00090451
4,598,0.455408,0.000144,111.7186,0.000000,0.000000,0.000000,0.005101,0.000000,0.000000,0.000000,0.00090451
4,599,0.497454,0.000157,109.9875,0.000000,0.000000,0.000000,0.008270,0.000000,0.000000,0.000000,0.00090451
4,600,0.443307,0.000141,111.3048,0.000000,0.000000,0.000000,0.004322,0.000000,0.000000,0.000000,0.00090451
4,601,0.474574,0.000150,115.7513,0.000000,0.000000,0.000000,0.006286,0.000000,0.000000,0.000000,0.00090451
4,602,0.424631,0.000134,114.0101,0.000000,0.000000,0.000000,0.005815,0.000000,0.000000,0.000000,0.00090451
4,603,0.424918,0.000134,108.7430,0.000000,0.000000,0.000000,0.008648,0.000000,0.000000,0.000000,0.00090451
4,604,0.431323,0.000136,112.3874,0.000000,0.000000,0.000000,0.007864,0.000000,0.000000,0.000000,0.00090451
4,605,0.428615,0.000136,108.8732,0.000000,0.000000,0.000000,0.007199,0.000000,0.000000,0.000000,0.00090451
4,606,0.442021,0.000140,113.6258,0.000000,0.000000,0.000000,0.005236,0.000000,0.000000,0.000000,0.00090451
4,607,0.449060,0.000142,109.6954,0.000000,0.000000,0.000000,0.006475,0.000000,0.000000,0.000000,0.00090451
4,608,0.434030,0.000138,111.3208,0.000000,0.000000,0.000000,0.005205,0.000000,0.000000,0.000000,0.00090451
4,609,0.430619,0.000137,111.8149,0.000000,0.000000,0.000000,0.004000,0.000000,0.000000,0.000000,0.00090451
4,610,0.731529,0.000231,115.2683,0.000000,0.000000,0.000000,0.014629,0.000000,0.000000,0.000000,0.00090451
4,611,0.404045,0.000128,117.7301,0.000000,0.000000,0.000000,0.007542,0.000000,0.000000,0.000000,0.00090451
4,612,0.505975,0.000159,111.3493,0.000000,0.000000,0.000000,0.011677,0.000000,0.000000,0.000000,0.00090451
4,613,0.323415,0.000102,114.7085,0.000000,0.000000,0.000000,0.004739,0.000000,0.000000,0.000000,0.00090451
4,614,0.324539,0.000103,107.2261,0.000000,0.000000,0.000000,0.004322,0.000000,0.000000,0.000000,0.00090451
4,615,0.334774,0.000106,108.6654,0.000000,0.000000,0.000000,0.004727,0.000000,0.000000,0.000000,0.00090451
4,616,0.269012,0.000085,113.9022,0.000000,0.000000,0.000000,0.007999,0.000000,0.000000,0.000000,0.00090451
4,617,0.386209,0.000120,116.7723,0.000000,0.000000,0.000000,0.016790,0.000000,0.000000,0.000000,0.00090451
4,618,0.524825,0.000163,118.7549,0.000000,0.000000,0.000000,0.029424,0.000000,0.000000,0.000000,0.00090451
4,619,0.316184,0.000096,117.6752,0.000000,0.000000,0.000000,0.032176,0.000000,0.000000,0.000000,0.00090451
4,620,0.398251,0.000118,110.1223,0.000000,0.000000,0.000000,0.058624,0.000000,0.000000,0.000000,0.00090451
4,621,0.410259,0.000125,113.0470,0.000000,0.000000,0.000000,0.038016,0.000000,0.000000,0.000000,0.00090451
4,622,0.317100,0.000100,112.1778,0.000000,0.000000,0.000000,0.008405,0.000000,0.000000,0.000000,0.00090451
4,623,0.527924,0.000165,128.3422,0.000000,0.000000,0.000000,0.022181,0.000000,0.000000,0.000000,0.00090451
4,624,0.490437,0.000152,117.7172,0.000000,0.000000,0.000000,0.026824,0.000000,0.000000,0.000000,0.00090451
4,625,0.471720,0.000149,110.0342,0.000000,0.000000,0.000000,0.006898,0.000000,0.000000,0.000000,0.00090451
4,626,0.697536,0.000211,125.6156,0.000000,0.000000,0.000000,0.069609,0.000000,0.000000,0.000000,0.00090451
4,627,0.570004,0.000172,104.7459,0.000000,0.000000,0.000000,0.061591,0.000000,0.000000,0.000000,0.00090451
4,628,0.539377,0.000167,107.9589,0.000000,0.000000,0.000000,0.028654,0.000000,0.000000,0.000000,0.00090451
4,629,0.461770,0.000140,117.1970,0.000000,0.000000,0.000000,0.042689,0.000000,0.000000,0.000000,0.00090451
4,630,0.452353,0.000140,111.0181,0.000000,0.000000,0.000000,0.027814,0.000000,0.000000,0.000000,0.00090451
4,631,0.491044,0.000150,106.9771,0.000000,0.000000,0.000000,0.038669,0.000000,0.000000,0.000000,0.00090451
4,632,0.436030,0.000138,92.9306,0.000000,0.000000,0.000000,0.009558,0.000000,0.000000,0.000000,0.00090451
4,633,0.357411,0.000109,99.9357,0.000000,0.000000,0.000000,0.034141,0.000000,0.000000,0.000000,0.00090451
4,634,0.353349,0.000111,109.4827,0.000000,0.000000,0.000000,0.013609,0.000000,0.000000,0.000000,0.00090451
4,635,0.466995,0.000144,126.8134,0.000000,0.000000,0.000000,0.031725,0.000000,0.000000,0.000000,0.00090451
4,636,0.593080,0.000186,95.7741,0.000000,0.000000,0.000000,0.021131,0.000000,0.000000,0.000000,0.00090451
4,637,0.403187,0.000125,116.4508,0.000000,0.000000,0.000000,0.020726,0.000000,0.000000,0.000000,0.00090451
4,638,0.409131,0.000128,111.3441,0.000000,0.000000,0.000000,0.013287,0.000000,0.000000,0.000000,0.00090451
4,639,0.388054,0.000122,130.4031,0.000000,0.000000,0.000000,0.008779,0.000000,0.000000,0.000000,0.00090451
4,640,0.447243,0.000142,119.5976,0.000000,0.000000,0.000000,0.005745,0.000000,0.000000,0.000000,0.00090451
4,641,0.556573,0.000174,112.5950,0.000000,0.000000,0.000000,0.018901,0.000000,0.000000,0.000000,0.00090451
4,642,0.560210,0.000177,129.8338,0.000000,0.000000,0.000000,0.010442,0.000000,0.000000,0.000000,0.00090451
4,643,0.401380,0.000125,114.6808,0.000000,0.000000,0.000000,0.018098,0.000000,0.000000,0.000000,0.00090451
4,644,0.399635,0.000126,108.5067,0.000000,0.000000,0.000000,0.007999,0.000000,0.000000,0.000000,0.00090451
4,645,0.274108,0.000085,112.3356,0.000000,0.000000,0.000000,0.012140,0.000000,0.000000,0.000000,0.00090451
4,646,0.381711,0.000120,105.8904,0.000000,0.000000,0.000000,0.008914,0.000000,0.000000,0.000000,0.00090451
4,647,0.348230,0.000110,115.4829,0.000000,0.000000,0.000000,0.007490,0.000000,0.000000,0.000000,0.00090451
4,648,0.399278,0.000125,122.3905,0.000000,0.000000,0.000000,0.012913,0.000000,0.000000,0.000000,0.00090451
4,649,0.338459,0.000106,112.2707,0.000000,0.000000,0.000000,0.009693,0.000000,0.000000,0.000000,0.00090451
4,650,0.355635,0.000113,100.4129,0.000000,0.000000,0.000000,0.003356,0.000000,0.000000,0.000000,0.00090451
4,651,0.298314,0.000095,110.7771,0.000000,0.000000,0.000000,0.003034,0.000000,0.000000,0.000000,0.00090451
4,652,0.321886,0.000102,106.5520,0.000000,0.000000,0.000000,0.005423,0.000000,0.000000,0.000000,0.00090451
4,653,0.307640,0.000097,115.0700,0.000000,0.000000,0.000000,0.004914,0.000000,0.000000,0.000000,0.00090451
4,654,0.398705,0.000126,114.7129,0.000000,0.000000,0.000000,0.007677,0.000000,0.000000,0.000000,0.00090451
4,655,0.346931,0.000110,94.4440,0.000000,0.000000,0.000000,0.004322,0.000000,0.000000,0.000000,0.00090451
4,656,0.309841,0.000098,103.3680,0.000000,0.000000,0.000000,0.003678,0.000000,0.000000,0.000000,0.00090451
4,657,0.363974,0.000115,106.2981,0.000000,0.000000,0.000000,0.009049,0.000000,0.000000,0.000000,0.00090451
4,658,0.843468,0.000261,96.7611,0.000000,0.000000,0.000000,0.050132,0.000000,0.000000,0.000000,0.00090451
4,659,0.589727,0.000183,112.5703,0.000000,0.000000,0.000000,0.032030,0.000000,0.000000,0.000000,0.00090451
4,660,1.045326,0.000322,127.4715,0.000000,0.000000,0.000000,0.069200,0.000000,0.000000,0.000000,0.00090451
4,661,0.850370,0.000266,108.0329,0.000000,0.000000,0.000000,0.029586,0.000000,0.000000,0.000000,0.00090451
4,662,0.934230,0.000288,100.0115,0.000000,0.000000,0.000000,0.061100,0.000000,0.000000,0.000000,0.00090451
4,663,0.979502,0.000299,128.8476,0.000000,0.000000,0.000000,0.082422,0.000000,0.000000,0.000000,0.00090451
4,664,0.979197,0.000300,121.7315,0.000000,0.000000,0.000000,0.077226,0.000000,0.000000,0.000000,0.00090451
4,665,0.608396,0.000187,109.3430,0.000000,0.000000,0.000000,0.043787,0.000000,0.000000,0.000000,0.00090451
4,666,0.566176,0.000176,121.5048,0.000000,0.000000,0.000000,0.028067,0.000000,0.000000,0.000000,0.00090451
4,667,0.906727,0.000283,126.6441,0.000000,0.000000,0.000000,0.037490,0.000000,0.000000,0.000000,0.00090451
4,668,0.682950,0.000214,109.1927,0.000000,0.000000,0.000000,0.025982,0.000000,0.000000,0.000000,0.00090451
4,669,0.586047,0.000184,119.9741,0.000000,0.000000,0.000000,0.018316,0.000000,0.000000,0.000000,0.00090451
4,670,0.705191,0.000220,114.2122,0.000000,0.000000,0.000000,0.028780,0.000000,0.000000,0.000000,0.00090451
4,671,0.535808,0.000169,115.0775,0.000000,0.000000,0.000000,0.011579,0.000000,0.000000,0.000000,0.00090451
4,672,0.601959,0.000188,103.9397,0.000000,0.000000,0.000000,0.024789,0.000000,0.000000,0.000000,0.00090451
4,673,0.416119,0.000126,114.2592,0.000000,0.000000,0.000000,0.041341,0.000000,0.000000,0.000000,0.00090451
4,674,0.356060,0.000112,108.3837,0.000000,0.000000,0.000000,0.006711,0.000000,0.000000,0.000000,0.00090451
4,675,0.421211,0.000131,113.5402,0.000000,0.000000,0.000000,0.022877,0.000000,0.000000,0.000000,0.00090451
4,676,0.314807,0.000099,109.1811,0.000000,0.000000,0.000000,0.009152,0.000000,0.000000,0.000000,0.00090451
4,677,0.365990,0.000116,109.4563,0.000000,0.000000,0.000000,0.005288,0.000000,0.000000,0.000000,0.00090451
4,678,0.299120,0.000094,99.9884,0.000000,0.000000,0.000000,0.009558,0.000000,0.000000,0.000000,0.00090451
4,679,0.354161,0.000112,120.3873,0.000000,0.000000,0.000000,0.004644,0.000000,0.000000,0.000000,0.00090451
4,680,0.413324,0.000131,112.2973,0.000000,0.000000,0.000000,0.008083,0.000000,0.000000,0.000000,0.00090451
4,681,0.317687,0.000101,116.3885,0.000000,0.000000,0.000000,0.003034,0.000000,0.000000,0.000000,0.00090451
4,682,0.387615,0.000123,126.0150,0.000000,0.000000,0.000000,0.005745,0.000000,0.000000,0.000000,0.00090451
4,683,0.329954,0.000104,104.1848,0.000000,0.000000,0.000000,0.004644,0.000000,0.000000,0.000000,0.00090451
4,684,0.367560,0.000116,90.6582,0.000000,0.000000,0.000000,0.008186,0.000000,0.000000,0.000000,0.00090451
4,685,0.417998,0.000133,121.1115,0.000000,0.000000,0.000000,0.003356,0.000000,0.000000,0.000000,0.00090451
4,686,0.369877,0.000117,122.6210,0.000000,0.000000,0.000000,0.004322,0.000000,0.000000,0.000000,0.00090451
4,687,0.325297,0.000103,109.7455,0.000000,0.000000,0.000000,0.003034,0.000000,0.000000,0.000000,0.00090451
4,688,0.464632,0.000147,120.3140,0.000000,0.000000,0.000000,0.004966,0.000000,0.000000,0.000000,0.00090451
4,689,0.397192,0.000126,116.2945,0.000000,0.000000,0.000000,0.006067,0.000000,0.000000,0.000000,0.00090451
4,690,0.305821,0.000097,113.9399,0.000000,0.000000,0.000000,0.005932,0.000000,0.000000,0.000000,0.00090451
4,691,0.363788,0.000115,103.7507,0.000000,0.000000,0.000000,0.004966,0.000000,0.000000,0.000000,0.00090451
4,692,0.457425,0.000145,124.2377,0.000000,0.000000,0.000000,0.005101,0.000000,0.000000,0.000000,0.00090451
4,693,0.367351,0.000116,88.6696,0.000000,0.000000,0.000000,0.009745,0.000000,0.000000,0.000000,0.00090451
4,694,0.398888,0.000127,116.9636,0.000000,0.000000,0.000000,0.003813,0.000000,0.000000,0.000000,0.00090451
4,695,0.304590,0.000097,122.0499,0.000000,0.000000,0.000000,0.003034,0.000000,0.000000,0.000000,0.00090451
4,696,0.467480,0.000148,123.4379,0.000000,0.000000,0.000000,0.007252,0.000000,0.000000,0.000000,0.00090451
4,697,0.309152,0.000097,99.1380,0.000000,0.000000,0.000000,0.007574,0.000000,0.000000,0.000000,0.00090451
4,698,0.313710,0.000100,119.0562,0.000000,0.000000,0.000000,0.002525,0.000000,0.000000,0.000000,0.00090451
4,699,0.378564,0.000119,119.3817,0.000000,0.000000,0.000000,0.008862,0.000000,0.000000,0.000000,0.00090451
4,700,0.265704,0.000084,106.7733,0.000000,0.000000,0.000000,0.003678,0.000000,0.000000,0.000000,0.00090451
4,701,0.354335,0.000112,114.9246,0.000000,0.000000,0.000000,0.004000,0.000000,0.000000,0.000000,0.00090451
4,702,0.350173,0.000111,102.3357,0.000000,0.000000,0.000000,0.006815,0.000000,0.000000,0.000000,0.00090451
4,703,0.326890,0.000104,104.7293,0.000000,0.000000,0.000000,0.002712,0.000000,0.000000,0.000000,0.00090451
4,704,0.422988,0.000133,105.7754,0.000000,0.000000,0.000000,0.008914,0.000000,0.000000,0.000000,0.00090451
4,705,0.340091,0.000108,122.5721,0.000000,0.000000,0.000000,0.004966,0.000000,0.000000,0.000000,0.00090451
4,706,0.353056,0.000112,117.7222,0.000000,0.000000,0.000000,0.003034,0.000000,0.000000,0.000000,0.00090451
4,707,0.399305,0.000126,110.2618,0.000000,0.000000,0.000000,0.006016,0.000000,0.000000,0.000000,0.00090451
4,708,0.276502,0.000088,110.4073,0.000000,0.000000,0.000000,0.003491,0.000000,0.000000,0.000000,0.00090451
4,709,0.309855,0.000098,113.0085,0.000000,0.000000,0.000000,0.002068,0.000000,0.000000,0.000000,0.00090451
4,710,0.327653,0.000104,111.3843,0.000000,0.000000,0.000000,0.002712,0.000000,0.000000,0.000000,0.00090451
4,711,0.308176,0.000098,118.7633,0.000000,0.000000,0.000000,0.002712,0.000000,0.000000,0.000000,0.00090451
4,712,0.291177,0.000092,119.2437,0.000000,0.000000,0.000000,0.003169,0.000000,0.000000,0.000000,0.00090451
4,713,0.270546,0.000086,127.6636,0.000000,0.000000,0.000000,0.002847,0.000000,0.000000,0.000000,0.00090451
4,714,0.290968,0.000092,117.0215,0.000000,0.000000,0.000000,0.002068,0.000000,0.000000,0.000000,0.00090451
4,715,0.290104,0.000092,124.3807,0.000000,0.000000,0.000000,0.002068,0.000000,0.000000,0.000000,0.00090451
4,716,0.380045,0.000120,106.9574,0.000000,0.000000,0.000000,0.008779,0.000000,0.000000,0.000000,0.00090451
4,717,0.273255,0.000086,107.4258,0.000000,0.000000,0.000000,0.006795,0.000000,0.000000,0.000000,0.00090451
4,718,0.322486,0.000101,108.6913,0.000000,0.000000,0.000000,0.008457,0.000000,0.000000,0.000000,0.00090451
4,719,0.279383,0.000088,114.5164,0.000000,0.000000,0.000000,0.006147,0.000000,0.000000,0.000000,0.00090451
5,1,0.501547,0.000156,111.2199,0.000000,0.000000,0.000000,0.021693,0.000000,0.000000,0.000000,0.00083457
5,2,0.430476,0.000134,109.6309,0.000000,0.000000,0.000000,0.022741,0.000000,0.000000,0.000000,0.00083457
5,3,0.401869,0.000127,112.3010,0.000000,0.000000,0.000000,0.007490,0.000000,0.000000,0.000000,0.00083457
5,4,0.407184,0.000127,111.8252,0.000000,0.000000,0.000000,0.019946,0.000000,0.000000,0.000000,0.00083457
5,5,0.401230,0.000127,112.8341,0.000000,0.000000,0.000000,0.007709,0.000000,0.000000,0.000000,0.00083457
5,6,0.412635,0.000130,110.9541,0.000000,0.000000,0.000000,0.008083,0.000000,0.000000,0.000000,0.00083457
5,7,0.407184,0.000129,112.7620,0.000000,0.000000,0.000000,0.006338,0.000000,0.000000,0.000000,0.00083457
5,8,0.412118,0.000130,110.1971,0.000000,0.000000,0.000000,0.006285,0.000000,0.000000,0.000000,0.00083457
5,9,0.388906,0.000123,108.2412,0.000000,0.000000,0.000000,0.004135,0.000000,0.000000,0.000000,0.00083457
5,10,0.379214,0.000120,108.0694,0.000000,0.000000,0.000000,0.006251,0.000000,0.000000,0.000000,0.00083457
5,11,0.386253,0.000123,110.9122,0.000000,0.000000,0.000000,0.003678,0.000000,0.000000,0.000000,0.00083457
5,12,0.366937,0.000116,112.9974,0.000000,0.000000,0.000000,0.006120,0.000000,0.000000,0.000000,0.00083457
5,13,0.386159,0.000123,111.0872,0.000000,0.000000,0.000000,0.002982,0.000000,0.000000,0.000000,0.00083457
5,14,0.432769,0.000137,110.3080,0.000000,0.000000,0.000000,0.004135,0.000000,0.000000,0.000000,0.00083457
5,15,0.418498,0.000132,107.7030,0.000000,0.000000,0.000000,0.006389,0.000000,0.000000,0.000000,0.00083457
5,16,0.437792,0.000138,109.0101,0.000000,0.000000,0.000000,0.009880,0.000000,0.000000,0.000000,0.00083457
5,17,0.440204,0.000139,112.4615,0.000000,0.000000,0.000000,0.009018,0.000000,0.000000,0.000000,0.00083457
5,18,0.467278,0.000148,109.8724,0.000000,0.000000,0.000000,0.006846,0.000000,0.000000,0.000000,0.00083457
5,19,0.441890,0.000140,113.4320,0.000000,0.000000,0.000000,0.004000,0.000000,0.000000,0.000000,0.00083457
5,20,0.415104,0.000131,107.3740,0.000000,0.000000,0.000000,0.005745,0.000000,0.000000,0.000000,0.00083457
5,21,0.434342,0.000138,111.4256,0.000000,0.000000,0.000000,0.004779,0.000000,0.000000,0.000000,0.00083457
5,22,0.452574,0.000144,109.5458,0.000000,0.000000,0.000000,0.004644,0.000000,0.000000,0.000000,0.00083457
5,23,0.428048,0.000136,112.3215,0.000000,0.000000,0.000000,0.003813,0.000000,0.000000,0.000000,0.00083457
5,24,0.470295,0.000149,111.2099,0.000000,0.000000,0.000000,0.003917,0.000000,0.000000,0.000000,0.00083457
5,25,0.445560,0.000141,109.4869,0.000000,0.000000,0.000000,0.004644,0.000000,0.000000,0.000000,0.00083457
5,26,0.458049,0.000145,108.4051,0.000000,0.000000,0.000000,0.004457,0.000000,0.000000,0.000000,0.00083457
5,27,0.418903,0.000133,112.9629,0.000000,0.000000,0.000000,0.003356,0.000000,0.000000,0.000000,0.00083457
5,28,0.442872,0.000141,112.3357,0.000000,0.000000,0.000000,0.003888,0.000000,0.000000,0.000000,0.00083457
5,29,0.394605,0.000125,108.8759,0.000000,0.000000,0.000000,0.004135,0.000000,0.000000,0.000000,0.00083457
5,30,0.423746,0.000134,110.9471,0.000000,0.000000,0.000000,0.004322,0.000000,0.000000,0.000000,0.00083457
5,31,0.405876,0.000129,111.1244,0.000000,0.000000,0.000000,0.004457,0.000000,0.000000,0.000000,0.00083457
5,32,0.469040,0.000146,110.4151,0.000000,0.000000,0.000000,0.022854,0.000000,0.000000,0.000000,0.00083457
5,33,0.369696,0.000115,111.0238,0.000000,0.000000,0.000000,0.020463,0.000000,0.000000,0.000000,0.00083457
5,34,0.373389,0.000118,111.1079,0.000000,0.000000,0.000000,0.008727,0.000000,0.000000,0.000000,0.00083457
5,35,0.360254,0.000112,109.0793,0.000000,0.000000,0.000000,0.017724,0.000000,0.000000,0.000000,0.00083457
5,36,0.358647,0.000111,109.4702,0.000000,0.000000,0.000000,0.018562,0.000000,0.000000,0.000000,0.00083457
5,37,0.342805,0.000108,112.8272,0.000000,0.000000,0.000000,0.006711,0.000000,0.000000,0.000000,0.00083457
5,38,0.374104,0.000118,111.3888,0.000000,0.000000,0.000000,0.009558,0.000000,0.000000,0.000000,0.00083457
5,39,0.341685,0.000108,109.3773,0.000000,0.000000,0.000000,0.006202,0.000000,0.000000,0.000000,0.00083457
5,40,0.361568,0.000114,107.6121,0.000000,0.000000,0.000000,0.006795,0.000000,0.000000,0.000000,0.00083457
5,41,0.380501,0.000120,113.5933,0.000000,0.000000,0.000000,0.006576,0.000000,0.000000,0.000000,0.00083457
5,42,0.358989,0.000114,110.2771,0.000000,0.000000,0.000000,0.003312,0.000000,0.000000,0.000000,0.00083457
5,43,0.373121,0.000118,110.0996,0.000000,0.000000,0.000000,0.005745,0.000000,0.000000,0.000000,0.00083457
5,44,0.365603,0.000116,111.8846,0.000000,0.000000,0.000000,0.004966,0.000000,0.000000,0.000000,0.00083457
5,45,0.348466,0.000111,111.2185,0.000000,0.000000,0.000000,0.003813,0.000000,0.000000,0.000000,0.00083457
5,46,0.373696,0.000118,111.9218,0.000000,0.000000,0.000000,0.007677,0.000000,0.000000,0.000000,0.00083457
5,47,0.368535,0.000115,109.4820,0.000000,0.000000,0.000000,0.015633,0.000000,0.000000,0.000000,0.00083457
5,48,0.464998,0.000142,102.5700,0.000000,0.000000,0.000000,0.036691,0.000000,0.000000,0.000000,0.00083457
5,49,0.394879,0.000111,108.8146,0.000000,0.000000,0.000000,0.090537,0.000000,0.000000,0.000000,0.00083457
5,50,0.411586,0.000122,116.6162,0.000000,0.000000,0.000000,0.055202,0.000000,0.000000,0.000000,0.00083457
5,51,0.407462,0.000122,112.7958,0.000000,0.000000,0.000000,0.048961,0.000000,0.000000,0.000000,0.00083457
5,52,0.311162,0.000094,114.6093,0.000000,0.000000,0.000000,0.030451,0.000000,0.000000,0.000000,0.00083457
5,53,0.403385,0.000125,114.9356,0.000000,0.000000,0.000000,0.020977,0.000000,0.000000,0.000000,0.00083457
5,54,0.329060,0.000104,112.8023,0.000000,0.000000,0.000000,0.008135,0.000000,0.000000,0.000000,0.00083457
5,55,0.397574,0.000125,114.0074,0.000000,0.000000,0.000000,0.008831,0.000000,0.000000,0.000000,0.00083457
5,56,0.393845,0.000124,117.2531,0.000000,0.000000,0.000000,0.011407,0.000000,0.000000,0.000000,0.00083457
5,57,0.449803,0.000142,99.4286,0.000000,0.000000,0.000000,0.011677,0.000000,0.000000,0.000000,0.00083457
5,58,0.391984,0.000124,118.0678,0.000000,0.000000,0.000000,0.007168,0.000000,0.000000,0.000000,0.00083457
5,59,0.358457,0.000114,124.4206,0.000000,0.000000,0.000000,0.003917,0.000000,0.000000,0.000000,0.00083457
5,60,0.334314,0.000106,122.7531,0.000000,0.000000,0.000000,0.004322,0.000000,0.000000,0.000000,0.00083457
5,61,0.552347,0.000173,118.2599,0.000000,0.000000,0.000000,0.019020,0.000000,0.000000,0.000000,0.00083457
5,62,0.395071,0.000124,122.0377,0.000000,0.000000,0.000000,0.011183,0.000000,0.000000,0.000000,0.00083457
5,63,0.475058,0.000147,115.7485,0.000000,0.000000,0.000000,0.027616,0.000000,0.000000,0.000000,0.00083457
5,64,0.431734,0.000135,111.7996,0.000000,0.000000,0.000000,0.018742,0.000000,0.000000,0.000000,0.00083457
5,65,0.419787,0.000133,111.5036,0.000000,0.000000,0.000000,0.006576,0.000000,0.000000,0.000000,0.00083457
5,66,0.381165,0.000120,110.1300,0.000000,0.000000,0.000000,0.011356,0.000000,0.000000,0.000000,0.00083457
5,67,0.426631,0.000135,112.0007,0.000000,0.000000,0.000000,0.003678,0.000000,0.000000,0.000000,0.00083457
5,68,0.385119,0.000122,113.6062,0.000000,0.000000,0.000000,0.005236,0.000000,0.000000,0.000000,0.00083457
5,69,0.352977,0.000112,111.4494,0.000000,0.000000,0.000000,0.004322,0.000000,0.000000,0.000000,0.00083457
5,70,0.354596,0.000112,112.2041,0.000000,0.000000,0.000000,0.004000,0.000000,0.000000,0.000000,0.00083457
5,71,0.372136,0.000118,112.1257,0.000000,0.000000,0.000000,0.004779,0.000000,0.000000,0.000000,0.00083457
5,72,0.382106,0.000121,108.5834,0.000000,0.000000,0.000000,0.003678,0.000000,0.000000,0.000000,0.00083457
5,73,0.420660,0.000134,109.7160,0.000000,0.000000,0.000000,0.003678,0.000000,0.000000,0.000000,0.00083457
5,74,0.400295,0.000127,114.4141,0.000000,0.000000,0.000000,0.002712,0.000000,0.000000,0.000000,0.00083457
5,75,0.399349,0.000127,110.8145,0.000000,0.000000,0.000000,0.003813,0.000000,0.000000,0.000000,0.00083457
5,76,0.386987,0.000123,108.8053,0.000000,0.000000,0.000000,0.002068,0.000000,0.000000,0.000000,0.00083457
5,77,0.352154,0.000112,109.3790,0.000000,0.000000,0.000000,0.003034,0.000000,0.000000,0.000000,0.00083457
5,78,0.349312,0.000111,110.7781,0.000000,0.000000,0.000000,0.002390,0.000000,0.000000,0.000000,0.00083457
5,79,0.435376,0.000136,117.5180,0.000000,0.000000,0.000000,0.016198,0.000000,0.000000,0.000000,0.00083457
5,80,0.441969,0.000137,118.4513,0.000000,0.000000,0.000000,0.027291,0.000000,0.000000,0.000000,0.00083457
5,81,0.339228,0.000107,121.4550,0.000000,0.000000,0.000000,0.009693,0.000000,0.000000,0.000000,0.00083457
5,82,0.321096,0.000100,115.3624,0.000000,0.000000,0.000000,0.013507,0.000000,0.000000,0.000000,0.00083457
5,83,0.380405,0.000120,112.0938,0.000000,0.000000,0.000000,0.008545,0.000000,0.000000,0.000000,0.00083457
5,84,0.403251,0.000125,121.6995,0.000000,0.000000,0.000000,0.021248,0.000000,0.000000,0.000000,0.00083457
5,85,0.332933,0.000105,111.9625,0.000000,0.000000,0.000000,0.009609,0.000000,0.000000,0.000000,0.00083457
5,86,0.390332,0.000122,122.7350,0.000000,0.000000,0.000000,0.015979,0.000000,0.000000,0.000000,0.00083457
5,87,0.500084,0.000158,129.0730,0.000000,0.000000,0.000000,0.009207,0.000000,0.000000,0.000000,0.00083457
5,88,0.416952,0.000130,127.8694,0.000000,0.000000,0.000000,0.018587,0.000000,0.000000,0.000000,0.00083457
5,89,0.563729,0.000178,129.6311,0.000000,0.000000,0.000000,0.012648,0.000000,0.000000,0.000000,0.00083457
5,90,0.355134,0.000112,114.4255,0.000000,0.000000,0.000000,0.006338,0.000000,0.000000,0.000000,0.00083457
5,91,0.272339,0.000086,113.1549,0.000000,0.000000,0.000000,0.007168,0.000000,0.000000,0.000000,0.00083457
5,92,0.273680,0.000087,100.6780,0.000000,0.000000,0.000000,0.003356,0.000000,0.000000,0.000000,0.00083457
5,93,0.371368,0.000117,119.5699,0.000000,0.000000,0.000000,0.007117,0.000000,0.000000,0.000000,0.00083457
5,94,0.427030,0.000135,118.7777,0.000000,0.000000,0.000000,0.008135,0.000000,0.000000,0.000000,0.00083457
5,95,0.388418,0.000122,112.1858,0.000000,0.000000,0.000000,0.009423,0.000000,0.000000,0.000000,0.00083457
5,96,0.401672,0.000127,112.1839,0.000000,0.000000,0.000000,0.008531,0.000000,0.000000,0.000000,0.00083457
5,97,0.407803,0.000129,110.1159,0.000000,0.000000,0.000000,0.004966,0.000000,0.000000,0.000000,0.00083457
5,98,0.408352,0.000129,111.4961,0.000000,0.000000,0.000000,0.004779,0.000000,0.000000,0.000000,0.00083457
5,99,0.409138,0.000130,113.3532,0.000000,0.000000,0.000000,0.003169,0.000000,0.000000,0.000000,0.00083457
5,100,0.379055,0.000120,109.2520,0.000000,0.000000,0.000000,0.003034,0.000000,0.000000,0.000000,0.00083457
5,101,0.436109,0.000138,109.5719,0.000000,0.000000,0.000000,0.004135,0.000000,0.000000,0.000000,0.00083457
5,102,0.407184,0.000129,111.7083,0.000000,0.000000,0.000000,0.005018,0.000000,0.000000,0.000000,0.00083457
5,103,0.385762,0.000122,110.9537,0.000000,0.000000,0.000000,0.004644,0.000000,0.000000,0.000000,0.00083457
5,104,0.424977,0.000135,111.7547,0.000000,0.000000,0.000000,0.005101,0.000000,0.000000,0.000000,0.00083457
5,105,0.398334,0.000127,109.7813,0.000000,0.000000,0.000000,0.002712,0.000000,0.000000,0.000000,0.00083457
5,106,0.408791,0.000130,110.0525,0.000000,0.000000,0.000000,0.001746,0.000000,0.000000,0.000000,0.00083457
5,107,0.402760,0.000128,111.7282,0.000000,0.000000,0.000000,0.004595,0.000000,0.000000,0.000000,0.00083457
5,108,0.362492,0.000115,110.4941,0.000000,0.000000,0.000000,0.004966,0.000000,0.000000,0.000000,0.00083457
5,109,0.379776,0.000121,110.5978,0.000000,0.000000,0.000000,0.003678,0.000000,0.000000,0.000000,0.00083457
5,110,0.412252,0.000129,112.4898,0.000000,0.000000,0.000000,0.016366,0.000000,0.000000,0.000000,0.00083457
5,111,0.443419,0.000139,100.0275,0.000000,0.000000,0.000000,0.017268,0.000000,0.000000,0.000000,0.00083457
5,112,0.346058,0.000108,103.3232,0.000000,0.000000,0.000000,0.017559,0.000000,0.000000,0.000000,0.00083457
5,113,0.332066,0.000103,109.3440,0.000000,0.000000,0.000000,0.015013,0.000000,0.000000,0.000000,0.00083457
5,114,0.438944,0.000138,118.5488,0.000000,0.000000,0.000000,0.013319,0.000000,0.000000,0.000000,0.00083457
5,115,0.460558,0.000143,121.6004,0.000000,0.000000,0.000000,0.022151,0.000000,0.000000,0.000000,0.00083457
5,116,0.563114,0.000177,117.4548,0.000000,0.000000,0.000000,0.016352,0.000000,0.000000,0.000000,0.00083457
5,117,0.290986,0.000088,94.8472,0.000000,0.000000,0.000000,0.027314,0.000000,0.000000,0.000000,0.00083457
5,118,0.429380,0.000129,114.6406,0.000000,0.000000,0.000000,0.047173,0.000000,0.000000,0.000000,0.00083457
5,119,0.357194,0.000110,90.4909,0.000000,0.000000,0.000000,0.027011,0.000000,0.000000,0.000000,0.00083457
5,120,0.474547,0.000144,122.9336,0.000000,0.000000,0.000000,0.046049,0.000000,0.000000,0.000000,0.00083457
5,121,0.408899,0.000122,109.3976,0.000000,0.000000,0.000000,0.050122,0.000000,0.000000,0.000000,0.00083457
5,122,0.399771,0.000124,118.2025,0.000000,0.000000,0.000000,0.022555,0.000000,0.000000,0.000000,0.00083457
5,123,0.473423,0.000146,111.4301,0.000000,0.000000,0.000000,0.033621,0.000000,0.000000,0.000000,0.00083457
5,124,0.474340,0.000149,120.7948,0.000000,0.000000,0.000000,0.015948,0.000000,0.000000,0.000000,0.00083457
5,125,0.401084,0.000125,102.8765,0.000000,0.000000,0.000000,0.020305,0.000000,0.000000,0.000000,0.00083457
5,126,0.501337,0.000157,100.6504,0.000000,0.000000,0.000000,0.015561,0.000000,0.000000,0.000000,0.00083457
5,127,0.428764,0.000135,116.5494,0.000000,0.000000,0.000000,0.007813,0.000000,0.000000,0.000000,0.00083457
5,128,0.362956,0.000114,107.5117,0.000000,0.000000,0.000000,0.007948,0.000000,0.000000,0.000000,0.00083457
5,129,0.387157,0.000123,120.9480,0.000000,0.000000,0.000000,0.005932,0.000000,0.000000,0.000000,0.00083457
5,130,0.275291,0.000087,111.6664,0.000000,0.000000,0.000000,0.004966,0.000000,0.000000,0.000000,0.00083457
5,131,0.296212,0.000094,101.5518,0.000000,0.000000,0.000000,0.003678,0.000000,0.000000,0.000000,0.00083457
5,132,0.351670,0.000112,121.3811,0.000000,0.000000,0.000000,0.004000,0.000000,0.000000,0.000000,0.00083457
5,133,0.406923,0.000129,131.1001,0.000000,0.000000,0.000000,0.002712,0.000000,0.000000,0.000000,0.00083457
5,134,0.255022,0.000081,121.7539,0.000000,0.000000,0.000000,0.001746,0.000000,0.000000,0.000000,0.00083457
5,135,0.408730,0.000129,120.0042,0.000000,0.000000,0.000000,0.007896,0.000000,0.000000,0.000000,0.00083457
5,136,0.349480,0.000111,127.2492,0.000000,0.000000,0.000000,0.005423,0.000000,0.000000,0.000000,0.00083457
5,137,0.335241,0.000106,106.3404,0.000000,0.000000,0.000000,0.004644,0.000000,0.000000,0.000000,0.00083457
5,138,0.450110,0.000141,125.4471,0.000000,0.000000,0.000000,0.014710,0.000000,0.000000,0.000000,0.00083457
5,139,0.433127,0.000136,115.5418,0.000000,0.000000,0.000000,0.013621,0.000000,0.000000,0.000000,0.00083457
5,140,0.381104,0.000121,107.5978,0.000000,0.000000,0.000000,0.005288,0.000000,0.000000,0.000000,0.00083457
5,141,0.570968,0.000180,117.9236,0.000000,0.000000,0.000000,0.012301,0.000000,0.000000,0.000000,0.00083457
5,142,0.607722,0.000192,115.2026,0.000000,0.000000,0.000000,0.011034,0.000000,0.000000,0.000000,0.00083457
5,143,0.414480,0.000131,111.4662,0.000000,0.000000,0.000000,0.007137,0.000000,0.000000,0.000000,0.00083457
5,144,0.439506,0.000139,112.9908,0.000000,0.000000,0.000000,0.008643,0.000000,0.000000,0.000000,0.00083457
5,145,0.450489,0.000143,105.1674,0.000000,0.000000,0.000000,0.006254,0.000000,0.000000,0.000000,0.00083457
5,146,0.551307,0.000175,118.8864,0.000000,0.000000,0.000000,0.008135,0.000000,0.000000,0.000000,0.00083457
5,147,0.499248,0.000158,115.8862,0.000000,0.000000,0.000000,0.005558,0.000000,0.000000,0.000000,0.00083457
5,148,0.634654,0.000201,126.0540,0.000000,0.000000,0.000000,0.008135,0.000000,0.000000,0.000000,0.00083457
5,149,0.324895,0.000103,103.9591,0.000000,0.000000,0.000000,0.004457,0.000000,0.000000,0.000000,0.00083457
5,150,0.474296,0.000151,112.8415,0.000000,0.000000,0.000000,0.002712,0.000000,0.000000,0.000000,0.00083457
5,151,0.468011,0.000148,127.5926,0.000000,0.000000,0.000000,0.006338,0.000000,0.000000,0.000000,0.00083457
5,152,0.446122,0.000142,120.5576,0.000000,0.000000,0.000000,0.003678,0.000000,0.000000,0.000000,0.00083457
5,153,0.581602,0.000184,124.8366,0.000000,0.000000,0.000000,0.006338,0.000000,0.000000,0.000000,0.00083457
5,154,0.397452,0.000126,100.8956,0.000000,0.000000,0.000000,0.003678,0.000000,0.000000,0.000000,0.00083457
5,155,0.381272,0.000120,111.6786,0.000000,0.000000,0.000000,0.009614,0.000000,0.000000,0.000000,0.00083457
5,156,0.391437,0.000124,103.4722,0.000000,0.000000,0.000000,0.004135,0.000000,0.000000,0.000000,0.00083457
5,157,0.504120,0.000159,105.7023,0.000000,0.000000,0.000000,0.013354,0.000000,0.000000,0.000000,0.00083457
5,158,0.444467,0.000139,110.0456,0.000000,0.000000,0.000000,0.014774,0.000000,0.000000,0.000000,0.00083457
5,159,0.457228,0.000144,122.0486,0.000000,0.000000,0.000000,0.012913,0.000000,0.000000,0.000000,0.00083457
5,160,0.418794,0.000132,115.7676,0.000000,0.000000,0.000000,0.008135,0.000000,0.000000,0.000000,0.00083457
5,161,0.550074,0.000174,119.2272,0.000000,0.000000,0.000000,0.007864,0.000000,0.000000,0.000000,0.00083457
5,162,0.365878,0.000116,110.6640,0.000000,0.000000,0.000000,0.006524,0.000000,0.000000,0.000000,0.00083457
5,163,0.382456,0.000121,118.6631,0.000000,0.000000,0.000000,0.005506,0.000000,0.000000,0.000000,0.00083457
5,164,0.543350,0.000171,120.2036,0.000000,0.000000,0.000000,0.012918,0.000000,0.000000,0.000000,0.00083457
5,165,0.354824,0.000112,104.6166,0.000000,0.000000,0.000000,0.008862,0.000000,0.000000,0.000000,0.00083457
5,166,0.468784,0.000149,121.1764,0.000000,0.000000,0.000000,0.004914,0.000000,0.000000,0.000000,0.00083457
5,167,0.349666,0.000110,124.7642,0.000000,0.000000,0.000000,0.008135,0.000000,0.000000,0.000000,0.00083457
5,168,0.439099,0.000139,112.3168,0.000000,0.000000,0.000000,0.006576,0.000000,0.000000,0.000000,0.00083457
5,169,0.341187,0.000108,105.9877,0.000000,0.000000,0.000000,0.005932,0.000000,0.000000,0.000000,0.00083457
5,170,0.415998,0.000132,122.6201,0.000000,0.000000,0.000000,0.004322,0.000000,0.000000,0.000000,0.00083457
5,171,0.347456,0.000110,100.6086,0.000000,0.000000,0.000000,0.005610,0.000000,0.000000,0.000000,0.00083457
5,172,0.406688,0.000129,111.9069,0.000000,0.000000,0.000000,0.003034,0.000000,0.000000,0.000000,0.00083457
5,173,0.479819,0.000152,122.5448,0.000000,0.000000,0.000000,0.006576,0.000000,0.000000,0.000000,0.00083457
5,174,0.307830,0.000097,109.4713,0.000000,0.000000,0.000000,0.004966,0.000000,0.000000,0.000000,0.00083457
5,175,0.373196,0.000119,99.0402,0.000000,0.000000,0.000000,0.002712,0.000000,0.000000,0.000000,0.00083457
5,176,0.474287,0.000151,108.1630,0.000000,0.000000,0.000000,0.002712,0.000000,0.000000,0.000000,0.00083457
5,177,0.339059,0.000107,100.6909,0.000000,0.000000,0.000000,0.005558,0.000000,0.000000,0.000000,0.00083457
5,178,0.267989,0.000085,109.2379,0.000000,0.000000,0.000000,0.004000,0.000000,0.000000,0.000000,0.00083457
5,179,0.242074,0.000077,114.3029,0.000000,0.000000,0.000000,0.002068,0.000000,0.000000,0.000000,0.00083457
5,180,0.265371,0.000084,109.9542,0.000000,0.000000,0.000000,0.002712,0.000000,0.000000,0.000000,0.00083457
5,181,0.308123,0.000098,105.4407,0.000000,0.000000,0.000000,0.003678,0.000000,0.000000,0.000000,0.00083457
5,182,0.457040,0.000145,124.5693,0.000000,0.000000,0.000000,0.002390,0.000000,0.000000,0.000000,0.00083457
5,183,0.304189,0.000097,105.4991,0.000000,0.000000,0.000000,0.002390,0.000000,0.000000,0.000000,0.00083457
5,184,0.295557,0.000094,109.6797,0.000000,0.000000,0.000000,0.002525,0.000000,0.000000,0.000000,0.00083457
5,185,0.305541,0.000097,106.3244,0.000000,0.000000,0.000000,0.003356,0.000000,0.000000,0.000000,0.00083457
5,186,0.375846,0.000120,111.1955,0.000000,0.000000,0.000000,0.001746,0.000000,0.000000,0.000000,0.00083457
5,187,0.323976,0.000103,109.2074,0.000000,0.000000,0.000000,0.001746,0.000000,0.000000,0.000000,0.00083457
5,188,0.440615,0.000140,125.2605,0.000000,0.000000,0.000000,0.002712,0.000000,0.000000,0.000000,0.00083457
5,189,0.406414,0.000128,120.3163,0.000000,0.000000,0.000000,0.010150,0.000000,0.000000,0.000000,0.00083457
5,190,0.431493,0.000135,110.7891,0.000000,0.000000,0.000000,0.016133,0.000000,0.000000,0.000000,0.00083457
5,191,0.319526,0.000100,108.8517,0.000000,0.000000,0.000000,0.012540,0.000000,0.000000,0.000000,0.00083457
5,192,0.279611,0.000086,119.3913,0.000000,0.000000,0.000000,0.018929,0.000000,0.000000,0.000000,0.00083457
5,193,0.401012,0.000124,111.3942,0.000000,0.000000,0.000000,0.021641,0.000000,0.000000,0.000000,0.00083457
5,194,0.320838,0.000101,122.6882,0.000000,0.000000,0.000000,0.011116,0.000000,0.000000,0.000000,0.00083457
5,195,0.323881,0.000102,117.8291,0.000000,0.000000,0.000000,0.010524,0.000000,0.000000,0.000000,0.00083457
5,196,0.308701,0.000097,110.2125,0.000000,0.000000,0.000000,0.009287,0.000000,0.000000,0.000000,0.00083457
5,197,0.428487,0.000135,126.1236,0.000000,0.000000,0.000000,0.010711,0.000000,0.000000,0.000000,0.00083457
5,198,0.304756,0.000096,113.9945,0.000000,0.000000,0.000000,0.008830,0.000000,0.000000,0.000000,0.00083457
5,199,0.322899,0.000102,112.0532,0.000000,0.000000,0.000000,0.007542,0.000000,0.000000,0.000000,0.00083457
5,200,0.253467,0.000080,104.3549,0.000000,0.000000,0.000000,0.006389,0.000000,0.000000,0.000000,0.00083457
5,201,0.361901,0.000115,121.0822,0.000000,0.000000,0.000000,0.003034,0.000000,0.000000,0.000000,0.00083457
5,202,0.239302,0.000075,111.3101,0.000000,0.000000,0.000000,0.005288,0.000000,0.000000,0.000000,0.00083457
5,203,0.338716,0.000107,110.0644,0.000000,0.000000,0.000000,0.005880,0.000000,0.000000,0.000000,0.00083457
5,204,0.364189,0.000110,104.0133,0.000000,0.000000,0.000000,0.041019,0.000000,0.000000,0.000000,0.00083457
5,205,0.382068,0.000119,120.9234,0.000000,0.000000,0.000000,0.017286,0.000000,0.000000,0.000000,0.00083457
5,206,0.380534,0.000117,118.3708,0.000000,0.000000,0.000000,0.027289,0.000000,0.000000,0.000000,0.00083457
5,207,0.344539,0.000102,105.1720,0.000000,0.000000,0.000000,0.048015,0.000000,0.000000,0.000000,0.00083457
5,208,0.467706,0.000143,122.6754,0.000000,0.000000,0.000000,0.041650,0.000000,0.000000,0.000000,0.00083457
5,209,0.280253,0.000083,103.0206,0.000000,0.000000,0.000000,0.041547,0.000000,0.000000,0.000000,0.00083457
5,210,0.239879,0.000076,113.5650,0.000000,0.000000,0.000000,0.005101,0.000000,0.000000,0.000000,0.00083457
5,211,0.355335,0.000110,108.2605,0.000000,0.000000,0.000000,0.020861,0.000000,0.000000,0.000000,0.00083457
5,212,0.256377,0.000081,111.5304,0.000000,0.000000,0.000000,0.007168,0.000000,0.000000,0.000000,0.00083457
5,213,0.263734,0.000083,118.5196,0.000000,0.000000,0.000000,0.009931,0.000000,0.000000,0.000000,0.00083457
5,214,0.232602,0.000074,108.1596,0.000000,0.000000,0.000000,0.003678,0.000000,0.000000,0.000000,0.00083457
5,215,0.360454,0.000113,93.8057,0.000000,0.000000,0.000000,0.012591,0.000000,0.000000,0.000000,0.00083457
5,216,0.492505,0.000155,113.6614,0.000000,0.000000,0.000000,0.014066,0.000000,0.000000,0.000000,0.00083457
5,217,0.377467,0.000120,105.1032,0.000000,0.000000,0.000000,0.003356,0.000000,0.000000,0.000000,0.00083457
5,218,0.323181,0.000102,119.0570,0.000000,0.000000,0.000000,0.007948,0.000000,0.000000,0.000000,0.00083457
5,219,0.457461,0.000145,122.5447,0.000000,0.000000,0.000000,0.006389,0.000000,0.000000,0.000000,0.00083457
5,220,0.372215,0.000118,98.1080,0.000000,0.000000,0.000000,0.004457,0.000000,0.000000,0.000000,0.00083457
5,221,0.330802,0.000105,118.0252,0.000000,0.000000,0.000000,0.002390,0.000000,0.000000,0.000000,0.00083457
5,222,0.311009,0.000098,103.1128,0.000000,0.000000,0.000000,0.007033,0.000000,0.000000,0.000000,0.00083457
5,223,0.352835,0.000111,119.5361,0.000000,0.000000,0.000000,0.010099,0.000000,0.000000,0.000000,0.00083457
5,224,0.338458,0.000107,111.7362,0.000000,0.000000,0.000000,0.004457,0.000000,0.000000,0.000000,0.00083457
5,225,0.362683,0.000115,111.1044,0.000000,0.000000,0.000000,0.005558,0.000000,0.000000,0.000000,0.00083457
5,226,0.468015,0.000148,114.7123,0.000000,0.000000,0.000000,0.007495,0.000000,0.000000,0.000000,0.00083457
5,227,0.396774,0.000126,122.6134,0.000000,0.000000,0.000000,0.004000,0.000000,0.000000,0.000000,0.00083457
5,228,0.291004,0.000092,124.2612,0.000000,0.000000,0.000000,0.003813,0.000000,0.000000,0.000000,0.00083457
5,229,0.416036,0.000132,121.6804,0.000000,0.000000,0.000000,0.003034,0.000000,0.000000,0.000000,0.00083457
5,230,0.338844,0.000107,100.3592,0.000000,0.000000,0.000000,0.006254,0.000000,0.000000,0.000000,0.00083457
5,231,0.329696,0.000104,100.1125,0.000000,0.000000,0.000000,0.006203,0.000000,0.000000,0.000000,0.00083457
5,232,0.335726,0.000106,99.4438,0.000000,0.000000,0.000000,0.009101,0.000000,0.000000,0.000000,0.00083457
5,233,0.259717,0.000082,96.4248,0.000000,0.000000,0.000000,0.004644,0.000000,0.000000,0.000000,0.00083457
5,234,0.272190,0.000086,104.0164,0.000000,0.000000,0.000000,0.005880,0.000000,0.000000,0.000000,0.00083457
5,235,0.397023,0.000126,100.1480,0.000000,0.000000,0.000000,0.003034,0.000000,0.000000,0.000000,0.00083457
5,236,0.337170,0.000107,111.5880,0.000000,0.000000,0.000000,0.004000,0.000000,0.000000,0.000000,0.00083457
5,237,0.541632,0.000171,128.5412,0.000000,0.000000,0.000000,0.010987,0.000000,0.000000,0.000000,0.00083457
5,238,0.357347,0.000112,112.3879,0.000000,0.000000,0.000000,0.013823,0.000000,0.000000,0.000000,0.00083457
5,239,0.362140,0.000115,110.3793,0.000000,0.000000,0.000000,0.002390,0.000000,0.000000,0.000000,0.00083457
5,240,0.262865,0.000082,116.3502,0.000000,0.000000,0.000000,0.009391,0.000000,0.000000,0.000000,0.00083457
5,241,0.508212,0.000155,122.3656,0.000000,0.000000,0.000000,0.041548,0.000000,0.000000,0.000000,0.00083457
5,242,0.510030,0.000160,119.9864,0.000000,0.000000,0.000000,0.016603,0.000000,0.000000,0.000000,0.00083457
5,243,0.481082,0.000152,104.7072,0.000000,0.000000,0.000000,0.009931,0.000000,0.000000,0.000000,0.00083457
5,244,0.408551,0.000130,118.6290,0.000000,0.000000,0.000000,0.004322,0.000000,0.000000,0.000000,0.00083457
5,245,0.328553,0.000104,106.0018,0.000000,0.000000,0.000000,0.006338,0.000000,0.000000,0.000000,0.00083457
5,246,0.378538,0.000120,123.5572,0.000000,0.000000,0.000000,0.007356,0.000000,0.000000,0.000000,0.00083457
5,247,0.406344,0.000128,110.9863,0.000000,0.000000,0.000000,0.008508,0.000000,0.000000,0.000000,0.00083457
5,248,0.435790,0.000138,119.9558,0.000000,0.000000,0.000000,0.004966,0.000000,0.000000,0.000000,0.00083457
5,249,0.379959,0.000119,113.3223,0.000000,0.000000,0.000000,0.016675,0.000000,0.000000,0.000000,0.00083457
5,250,0.325025,0.000103,111.5031,0.000000,0.000000,0.000000,0.004457,0.000000,0.000000,0.000000,0.00083457
5,251,0.298574,0.000091,109.2780,0.000000,0.000000,0.000000,0.026179,0.000000,0.000000,0.000000,0.00083457
5,252,0.281733,0.000089,122.9257,0.000000,0.000000,0.000000,0.003034,0.000000,0.000000,0.000000,0.00083457
5,253,0.393949,0.000120,115.6921,0.000000,0.000000,0.000000,0.035616,0.000000,0.000000,0.000000,0.00083457
5,254,0.335667,0.000105,103.9376,0.000000,0.000000,0.000000,0.011542,0.000000,0.000000,0.000000,0.00083457
5,255,0.303331,0.000093,116.7579,0.000000,0.000000,0.000000,0.024570,0.000000,0.000000,0.000000,0.00083457
5,256,0.336717,0.000106,111.6421,0.000000,0.000000,0.000000,0.011121,0.000000,0.000000,0.000000,0.00083457
5,257,0.350499,0.000106,124.2601,0.000000,0.000000,0.000000,0.036543,0.000000,0.000000,0.000000,0.00083457
5,258,0.258052,0.000081,105.9483,0.000000,0.000000,0.000000,0.008965,0.000000,0.000000,0.000000,0.00083457
5,259,0.306716,0.000093,118.9869,0.000000,0.000000,0.000000,0.028228,0.000000,0.000000,0.000000,0.00083457
5,260,0.322767,0.000102,126.4161,0.000000,0.000000,0.000000,0.003034,0.000000,0.000000,0.000000,0.00083457
5,261,0.318222,0.000101,119.1421,0.000000,0.000000,0.000000,0.004966,0.000000,0.000000,0.000000,0.00083457
5,262,0.257010,0.000081,113.0715,0.000000,0.000000,0.000000,0.007677,0.000000,0.000000,0.000000,0.00083457
5,263,0.244603,0.000077,111.9193,0.000000,0.000000,0.000000,0.007220,0.000000,0.000000,0.000000,0.00083457
5,264,0.278285,0.000088,118.5250,0.000000,0.000000,0.000000,0.003356,0.000000,0.000000,0.000000,0.00083457
5,265,0.322625,0.000102,120.9955,0.000000,0.000000,0.000000,0.004322,0.000000,0.000000,0.000000,0.00083457
5,266,0.370046,0.000117,124.3364,0.000000,0.000000,0.000000,0.004322,0.000000,0.000000,0.000000,0.00083457
5,267,0.321892,0.000102,108.9554,0.000000,0.000000,0.000000,0.005558,0.000000,0.000000,0.000000,0.00083457
5,268,0.396411,0.000125,113.3256,0.000000,0.000000,0.000000,0.006254,0.000000,0.000000,0.000000,0.00083457
5,269,0.381404,0.000121,110.3784,0.000000,0.000000,0.000000,0.004405,0.000000,0.000000,0.000000,0.00083457
5,270,0.384851,0.000122,109.7131,0.000000,0.000000,0.000000,0.007490,0.000000,0.000000,0.000000,0.00083457
5,271,0.443383,0.000139,109.1752,0.000000,0.000000,0.000000,0.012896,0.000000,0.000000,0.000000,0.00083457
5,272,0.443382,0.000140,114.6267,0.000000,0.000000,0.000000,0.006846,0.000000,0.000000,0.000000,0.00083457
5,273,0.352491,0.000111,109.3614,0.000000,0.000000,0.000000,0.008946,0.000000,0.000000,0.000000,0.00083457
5,274,0.366875,0.000116,111.9117,0.000000,0.000000,0.000000,0.004135,0.000000,0.000000,0.000000,0.00083457
5,275,0.305334,0.000096,104.8894,0.000000,0.000000,0.000000,0.006660,0.000000,0.000000,0.000000,0.00083457
5,276,0.406624,0.000129,104.1455,0.000000,0.000000,0.000000,0.003626,0.000000,0.000000,0.000000,0.00083457
5,277,0.375228,0.000119,108.9829,0.000000,0.000000,0.000000,0.001746,0.000000,0.000000,0.000000,0.00083457
5,278,0.236924,0.000075,109.3976,0.000000,0.000000,0.000000,0.002390,0.000000,0.000000,0.000000,0.00083457
5,279,0.453206,0.000144,119.5797,0.000000,0.000000,0.000000,0.003678,0.000000,0.000000,0.000000,0.00083457
5,280,0.347594,0.000110,122.6048,0.000000,0.000000,0.000000,0.002712,0.000000,0.000000,0.000000,0.00083457
5,281,0.457055,0.000145,109.7997,0.000000,0.000000,0.000000,0.003491,0.000000,0.000000,0.000000,0.00083457
5,282,0.460055,0.000142,118.5647,0.000000,0.000000,0.000000,0.031855,0.000000,0.000000,0.000000,0.00083457
5,283,0.375022,0.000115,112.0265,0.000000,0.000000,0.000000,0.026813,0.000000,0.000000,0.000000,0.00083457
5,284,0.407665,0.000124,117.0940,0.000000,0.000000,0.000000,0.035242,0.000000,0.000000,0.000000,0.00083457
5,285,0.345427,0.000104,111.8051,0.000000,0.000000,0.000000,0.039635,0.000000,0.000000,0.000000,0.00083457
5,286,0.436027,0.000135,117.5048,0.000000,0.000000,0.000000,0.027958,0.000000,0.000000,0.000000,0.00083457
5,287,0.344827,0.000106,121.6089,0.000000,0.000000,0.000000,0.027449,0.000000,0.000000,0.000000,0.00083457
5,288,0.242503,0.000077,122.5307,0.000000,0.000000,0.000000,0.003678,0.000000,0.000000,0.000000,0.00083457
5,289,0.336569,0.000106,121.4621,0.000000,0.000000,0.000000,0.009479,0.000000,0.000000,0.000000,0.00083457
5,290,0.292734,0.000093,113.1258,0.000000,0.000000,0.000000,0.005101,0.000000,0.000000,0.000000,0.00083457
5,291,0.309148,0.000097,113.7543,0.000000,0.000000,0.000000,0.012166,0.000000,0.000000,0.000000,0.00083457
5,292,0.299152,0.000095,126.7336,0.000000,0.000000,0.000000,0.004644,0.000000,0.000000,0.000000,0.00083457
5,293,0.382199,0.000120,110.6009,0.000000,0.000000,0.000000,0.011947,0.000000,0.000000,0.000000,0.00083457
5,294,0.350120,0.000111,108.1174,0.000000,0.000000,0.000000,0.005423,0.000000,0.000000,0.000000,0.00083457
5,295,0.276333,0.000087,109.9005,0.000000,0.000000,0.000000,0.004000,0.000000,0.000000,0.000000,0.00083457
5,296,0.470998,0.000149,122.6909,0.000000,0.000000,0.000000,0.009049,0.000000,0.000000,0.000000,0.00083457
5,297,0.390532,0.000123,119.2740,0.000000,0.000000,0.000000,0.010794,0.000000,0.000000,0.000000,0.00083457
5,298,0.503292,0.000157,111.6597,0.000000,0.000000,0.000000,0.020507,0.000000,0.000000,0.000000,0.00083457
5,299,0.345590,0.000110,114.9763,0.000000,0.000000,0.000000,0.004322,0.000000,0.000000,0.000000,0.00083457
5,300,0.249373,0.000079,115.4455,0.000000,0.000000,0.000000,0.004135,0.000000,0.000000,0.000000,0.00083457
5,301,0.569656,0.000180,124.5911,0.000000,0.000000,0.000000,0.012591,0.000000,0.000000,0.000000,0.00083457
5,302,0.378797,0.000119,108.9812,0.000000,0.000000,0.000000,0.013776,0.000000,0.000000,0.000000,0.00083457
5,303,0.317453,0.000099,104.1073,0.000000,0.000000,0.000000,0.012894,0.000000,0.000000,0.000000,0.00083457
5,304,0.346682,0.000109,106.6447,0.000000,0.000000,0.000000,0.009609,0.000000,0.000000,0.000000,0.00083457
5,305,0.389432,0.000123,124.9980,0.000000,0.000000,0.000000,0.007220,0.000000,0.000000,0.000000,0.00083457
5,306,0.289065,0.000092,113.1106,0.000000,0.000000,0.000000,0.003356,0.000000,0.000000,0.000000,0.00083457
5,307,0.265169,0.000084,114.5144,0.000000,0.000000,0.000000,0.004644,0.000000,0.000000,0.000000,0.00083457
5,308,0.428441,0.000134,123.3213,0.000000,0.000000,0.000000,0.013860,0.000000,0.000000,0.000000,0.00083457
5,309,0.462921,0.000144,118.3764,0.000000,0.000000,0.000000,0.021896,0.000000,0.000000,0.000000,0.00083457
5,310,0.303663,0.000095,106.5053,0.000000,0.000000,0.000000,0.009558,0.000000,0.000000,0.000000,0.00083457
5,311,0.312631,0.000097,125.0257,0.000000,0.000000,0.000000,0.015470,0.000000,0.000000,0.000000,0.00083457
5,312,0.367024,0.000116,121.6182,0.000000,0.000000,0.000000,0.005745,0.000000,0.000000,0.000000,0.00083457
5,313,0.369428,0.000116,107.1780,0.000000,0.000000,0.000000,0.012830,0.000000,0.000000,0.000000,0.00083457
5,314,0.357352,0.000113,113.7161,0.000000,0.000000,0.000000,0.003034,0.000000,0.000000,0.000000,0.00083457
5,315,0.414518,0.000131,117.7910,0.000000,0.000000,0.000000,0.010239,0.000000,0.000000,0.000000,0.00083457
5,316,0.324987,0.000103,118.2630,0.000000,0.000000,0.000000,0.004000,0.000000,0.000000,0.000000,0.00083457
5,317,0.300462,0.000095,112.8457,0.000000,0.000000,0.000000,0.005745,0.000000,0.000000,0.000000,0.00083457
5,318,0.310310,0.000098,90.3053,0.000000,0.000000,0.000000,0.003356,0.000000,0.000000,0.000000,0.00083457
5,319,0.343105,0.000109,110.0338,0.000000,0.000000,0.000000,0.003678,0.000000,0.000000,0.000000,0.00083457
5,320,0.271403,0.000086,105.1319,0.000000,0.000000,0.000000,0.002390,0.000000,0.000000,0.000000,0.00083457
5,321,0.442582,0.000139,114.8004,0.000000,0.000000,0.000000,0.014607,0.000000,0.000000,0.000000,0.00083457
5,322,0.276135,0.000087,120.7786,0.000000,0.000000,0.000000,0.005610,0.000000,0.000000,0.000000,0.00083457
5,323,0.336156,0.000104,109.2664,0.000000,0.000000,0.000000,0.018742,0.000000,0.000000,0.000000,0.00083457
5,324,0.526787,0.000165,118.5641,0.000000,0.000000,0.000000,0.020998,0.000000,0.000000,0.000000,0.00083457
5,325,0.404974,0.000126,119.1386,0.000000,0.000000,0.000000,0.018035,0.000000,0.000000,0.000000,0.00083457
5,326,0.366411,0.000116,122.0691,0.000000,0.000000,0.000000,0.002525,0.000000,0.000000,0.000000,0.00083457
5,327,0.339006,0.000107,116.2253,0.000000,0.000000,0.000000,0.008997,0.000000,0.000000,0.000000,0.00083457
5,328,0.443971,0.000140,118.5876,0.000000,0.000000,0.000000,0.011116,0.000000,0.000000,0.000000,0.00083457
5,329,0.567004,0.000179,114.8925,0.000000,0.000000,0.000000,0.012923,0.000000,0.000000,0.000000,0.00083457
5,330,0.321157,0.000101,116.9797,0.000000,0.000000,0.000000,0.007626,0.000000,0.000000,0.000000,0.00083457
5,331,0.288315,0.000090,123.5612,0.000000,0.000000,0.000000,0.011999,0.000000,0.000000,0.000000,0.00083457
5,332,0.430094,0.000136,121.4478,0.000000,0.000000,0.000000,0.005888,0.000000,0.000000,0.000000,0.00083457
5,333,0.372392,0.000118,120.2970,0.000000,0.000000,0.000000,0.006254,0.000000,0.000000,0.000000,0.00083457
5,334,0.330394,0.000104,118.3410,0.000000,0.000000,0.000000,0.008831,0.000000,0.000000,0.000000,0.00083457
5,335,0.417564,0.000131,106.4163,0.000000,0.000000,0.000000,0.014472,0.000000,0.000000,0.000000,0.00083457
5,336,0.349057,0.000111,120.8263,0.000000,0.000000,0.000000,0.004644,0.000000,0.000000,0.000000,0.00083457
5,337,0.358820,0.000111,112.0523,0.000000,0.000000,0.000000,0.020352,0.000000,0.000000,0.000000,0.00083457
5,338,0.331781,0.000102,116.7181,0.000000,0.000000,0.000000,0.022942,0.000000,0.000000,0.000000,0.00083457
5,339,0.359383,0.000113,111.4683,0.000000,0.000000,0.000000,0.008727,0.000000,0.000000,0.000000,0.00083457
5,340,0.326167,0.000103,106.9677,0.000000,0.000000,0.000000,0.005849,0.000000,0.000000,0.000000,0.00083457
5,341,0.339633,0.000108,106.3560,0.000000,0.000000,0.000000,0.002390,0.000000,0.000000,0.000000,0.00083457
5,342,0.342810,0.000109,118.7722,0.000000,0.000000,0.000000,0.003678,0.000000,0.000000,0.000000,0.00083457
5,343,0.491558,0.000155,123.6347,0.000000,0.000000,0.000000,0.012134,0.000000,0.000000,0.000000,0.00083457
5,344,0.408675,0.000129,125.8126,0.000000,0.000000,0.000000,0.006254,0.000000,0.000000,0.000000,0.00083457
5,345,0.321394,0.000102,127.0772,0.000000,0.000000,0.000000,0.002390,0.000000,0.000000,0.000000,0.00083457
5,346,0.370867,0.000118,122.4385,0.000000,0.000000,0.000000,0.004457,0.000000,0.000000,0.000000,0.00083457
5,347,0.359901,0.000114,130.4086,0.000000,0.000000,0.000000,0.002712,0.000000,0.000000,0.000000,0.00083457
5,348,0.328155,0.000104,109.2643,0.000000,0.000000,0.000000,0.003813,0.000000,0.000000,0.000000,0.00083457
5,349,0.392572,0.000125,123.2487,0.000000,0.000000,0.000000,0.002712,0.000000,0.000000,0.000000,0.00083457
5,350,0.281129,0.000089,100.9597,0.000000,0.000000,0.000000,0.004644,0.000000,0.000000,0.000000,0.00083457
5,351,0.263012,0.000083,116.2605,0.000000,0.000000,0.000000,0.003491,0.000000,0.000000,0.000000,0.00083457
5,352,0.289824,0.000092,116.7516,0.000000,0.000000,0.000000,0.002068,0.000000,0.000000,0.000000,0.00083457
5,353,0.287230,0.000091,108.2356,0.000000,0.000000,0.000000,0.002712,0.000000,0.000000,0.000000,0.00083457
5,354,0.324420,0.000103,100.1990,0.000000,0.000000,0.000000,0.004000,0.000000,0.000000,0.000000,0.00083457
5,355,0.298691,0.000095,105.3059,0.000000,0.000000,0.000000,0.002712,0.000000,0.000000,0.000000,0.00083457
5,356,0.213386,0.000068,103.1428,0.000000,0.000000,0.000000,0.002712,0.000000,0.000000,0.000000,0.00083457
5,357,0.331852,0.000105,102.2339,0.000000,0.000000,0.000000,0.002712,0.000000,0.000000,0.000000,0.00083457
5,358,0.215888,0.000069,106.6026,0.000000,0.000000,0.000000,0.002068,0.000000,0.000000,0.000000,0.00083457
5,359,0.246327,0.000078,119.0051,0.000000,0.000000,0.000000,0.001746,0.000000,0.000000,0.000000,0.00083457
5,360,0.325528,0.000103,115.0666,0.000000,0.000000,0.000000,0.004000,0.000000,0.000000,0.000000,0.00083457
5,361,0.278992,0.000089,109.7949,0.000000,0.000000,0.000000,0.002068,0.000000,0.000000,0.000000,0.00083457
5,362,0.330074,0.000105,105.2792,0.000000,0.000000,0.000000,0.003678,0.000000,0.000000,0.000000,0.00083457
5,363,0.297844,0.000095,112.0739,0.000000,0.000000,0.000000,0.002712,0.000000,0.000000,0.000000,0.00083457
5,364,0.293936,0.000093,115.8141,0.000000,0.000000,0.000000,0.002068,0.000000,0.000000,0.000000,0.00083457
5,365,0.322082,0.000102,112.8434,0.000000,0.000000,0.000000,0.004135,0.000000,0.000000,0.000000,0.00083457
5,366,0.327101,0.000104,124.2941,0.000000,0.000000,0.000000,0.002390,0.000000,0.000000,0.000000,0.00083457
5,367,0.280906,0.000089,105.1924,0.000000,0.000000,0.000000,0.004000,0.000000,0.000000,0.000000,0.00083457
5,368,0.442421,0.000140,111.5480,0.000000,0.000000,0.000000,0.008652,0.000000,0.000000,0.000000,0.00083457
5,369,0.310764,0.000098,104.1398,0.000000,0.000000,0.000000,0.004135,0.000000,0.000000,0.000000,0.00083457
5,370,0.381812,0.000121,102.8933,0.000000,0.000000,0.000000,0.006577,0.000000,0.000000,0.000000,0.00083457
5,371,0.258431,0.000081,107.6901,0.000000,0.000000,0.000000,0.006576,0.000000,0.000000,0.000000,0.00083457
5,372,0.492730,0.000153,101.8623,0.000000,0.000000,0.000000,0.025348,0.000000,0.000000,0.000000,0.00083457
5,373,0.328151,0.000100,104.4205,0.000000,0.000000,0.000000,0.026890,0.000000,0.000000,0.000000,0.00083457
5,374,0.266730,0.000079,116.5452,0.000000,0.000000,0.000000,0.038285,0.000000,0.000000,0.000000,0.00083457
5,375,0.360307,0.000109,126.7393,0.000000,0.000000,0.000000,0.035655,0.000000,0.000000,0.000000,0.00083457
5,376,0.323610,0.000098,112.0497,0.000000,0.000000,0.000000,0.031912,0.000000,0.000000,0.000000,0.00083457
5,377,0.341471,0.000103,124.7859,0.000000,0.000000,0.000000,0.039700,0.000000,0.000000,0.000000,0.00083457
5,378,0.345189,0.000106,107.8278,0.000000,0.000000,0.000000,0.024042,0.000000,0.000000,0.000000,0.00083457
5,379,0.338881,0.000101,104.6780,0.000000,0.000000,0.000000,0.041396,0.000000,0.000000,0.000000,0.00083457
5,380,0.283343,0.000086,115.1353,0.000000,0.000000,0.000000,0.025537,0.000000,0.000000,0.000000,0.00083457
5,381,0.310471,0.000098,102.5831,0.000000,0.000000,0.000000,0.008643,0.000000,0.000000,0.000000,0.00083457
5,382,0.257497,0.000080,112.6584,0.000000,0.000000,0.000000,0.015586,0.000000,0.000000,0.000000,0.00083457
5,383,0.331818,0.000105,116.2380,0.000000,0.000000,0.000000,0.004457,0.000000,0.000000,0.000000,0.00083457
5,384,0.317919,0.000096,113.8928,0.000000,0.000000,0.000000,0.030637,0.000000,0.000000,0.000000,0.00083457
5,385,0.299771,0.000094,124.1615,0.000000,0.000000,0.000000,0.008083,0.000000,0.000000,0.000000,0.00083457
5,386,0.296385,0.000090,110.8840,0.000000,0.000000,0.000000,0.026077,0.000000,0.000000,0.000000,0.00083457
5,387,0.275499,0.000088,120.7563,0.000000,0.000000,0.000000,0.002068,0.000000,0.000000,0.000000,0.00083457
5,388,0.232999,0.000071,118.2198,0.000000,0.000000,0.000000,0.020436,0.000000,0.000000,0.000000,0.00083457
5,389,0.293178,0.000093,112.9706,0.000000,0.000000,0.000000,0.004000,0.000000,0.000000,0.000000,0.00083457
5,390,0.261171,0.000081,117.7315,0.000000,0.000000,0.000000,0.011542,0.000000,0.000000,0.000000,0.00083457
5,391,0.332559,0.000104,117.2423,0.000000,0.000000,0.000000,0.010472,0.000000,0.000000,0.000000,0.00083457
5,392,0.530832,0.000169,128.6774,0.000000,0.000000,0.000000,0.003678,0.000000,0.000000,0.000000,0.00083457
5,393,0.324980,0.000103,112.5467,0.000000,0.000000,0.000000,0.004966,0.000000,0.000000,0.000000,0.00083457
5,394,0.308375,0.000098,118.4773,0.000000,0.000000,0.000000,0.003034,0.000000,0.000000,0.000000,0.00083457
5,395,0.386059,0.000122,119.3792,0.000000,0.000000,0.000000,0.006563,0.000000,0.000000,0.000000,0.00083457
5,396,0.243190,0.000077,120.5245,0.000000,0.000000,0.000000,0.003356,0.000000,0.000000,0.000000,0.00083457
5,397,0.250896,0.000079,116.7250,0.000000,0.000000,0.000000,0.005101,0.000000,0.000000,0.000000,0.00083457
5,398,0.424646,0.000133,122.2587,0.000000,0.000000,0.000000,0.013235,0.000000,0.000000,0.000000,0.00083457
5,399,0.351289,0.000111,122.0855,0.000000,0.000000,0.000000,0.007309,0.000000,0.000000,0.000000,0.00083457
5,400,0.271163,0.000086,113.1698,0.000000,0.000000,0.000000,0.004978,0.000000,0.000000,0.000000,0.00083457
5,401,0.329259,0.000103,123.8730,0.000000,0.000000,0.000000,0.009474,0.000000,0.000000,0.000000,0.00083457
5,402,0.371958,0.000118,111.7848,0.000000,0.000000,0.000000,0.005101,0.000000,0.000000,0.000000,0.00083457
5,403,0.231768,0.000073,120.2507,0.000000,0.000000,0.000000,0.004000,0.000000,0.000000,0.000000,0.00083457
5,404,0.300196,0.000095,111.2962,0.000000,0.000000,0.000000,0.003813,0.000000,0.000000,0.000000,0.00083457
5,405,0.250981,0.000080,107.5981,0.000000,0.000000,0.000000,0.003169,0.000000,0.000000,0.000000,0.00083457
5,406,0.297111,0.000094,111.3355,0.000000,0.000000,0.000000,0.002525,0.000000,0.000000,0.000000,0.00083457
5,407,0.453327,0.000144,108.9035,0.000000,0.000000,0.000000,0.005372,0.000000,0.000000,0.000000,0.00083457
5,408,0.348564,0.000111,119.2924,0.000000,0.000000,0.000000,0.003356,0.000000,0.000000,0.000000,0.00083457
5,409,0.444190,0.000141,109.6265,0.000000,0.000000,0.000000,0.006982,0.000000,0.000000,0.000000,0.00083457
5,410,0.414823,0.000131,122.6380,0.000000,0.000000,0.000000,0.008135,0.000000,0.000000,0.000000,0.00083457
5,411,0.378188,0.000119,107.6312,0.000000,0.000000,0.000000,0.008489,0.000000,0.000000,0.000000,0.00083457
5,412,0.446803,0.000141,122.7575,0.000000,0.000000,0.000000,0.006576,0.000000,0.000000,0.000000,0.00083457
5,413,0.338760,0.000104,100.4459,0.000000,0.000000,0.000000,0.025131,0.000000,0.000000,0.000000,0.00083457
5,414,0.327775,0.000099,116.8318,0.000000,0.000000,0.000000,0.034400,0.000000,0.000000,0.000000,0.00083457
5,415,0.312571,0.000097,105.0789,0.000000,0.000000,0.000000,0.013968,0.000000,0.000000,0.000000,0.00083457
5,416,0.293826,0.000089,106.0100,0.000000,0.000000,0.000000,0.028726,0.000000,0.000000,0.000000,0.00083457
5,417,0.281708,0.000089,123.2747,0.000000,0.000000,0.000000,0.004966,0.000000,0.000000,0.000000,0.00083457
5,418,0.349774,0.000108,117.4009,0.000000,0.000000,0.000000,0.025079,0.000000,0.000000,0.000000,0.00083457
5,419,0.276882,0.000088,112.2180,0.000000,0.000000,0.000000,0.004000,0.000000,0.000000,0.000000,0.00083457
5,420,0.243338,0.000076,112.5450,0.000000,0.000000,0.000000,0.007168,0.000000,0.000000,0.000000,0.00083457
5,421,0.315901,0.000097,120.3870,0.000000,0.000000,0.000000,0.023366,0.000000,0.000000,0.000000,0.00083457
5,422,0.469015,0.000148,106.0912,0.000000,0.000000,0.000000,0.008965,0.000000,0.000000,0.000000,0.00083457
5,423,0.284091,0.000089,97.0845,0.000000,0.000000,0.000000,0.008643,0.000000,0.000000,0.000000,0.00083457
5,424,0.354275,0.000110,111.9477,0.000000,0.000000,0.000000,0.020217,0.000000,0.000000,0.000000,0.00083457
5,425,0.252879,0.000080,104.3431,0.000000,0.000000,0.000000,0.007033,0.000000,0.000000,0.000000,0.00083457
5,426,0.287051,0.000091,105.7642,0.000000,0.000000,0.000000,0.004779,0.000000,0.000000,0.000000,0.00083457
5,427,0.293555,0.000093,109.5381,0.000000,0.000000,0.000000,0.003169,0.000000,0.000000,0.000000,0.00083457
5,428,0.372145,0.000118,124.7547,0.000000,0.000000,0.000000,0.003356,0.000000,0.000000,0.000000,0.00083457
5,429,0.307775,0.000097,122.8410,0.000000,0.000000,0.000000,0.004322,0.000000,0.000000,0.000000,0.00083457
5,430,0.375197,0.000119,120.0580,0.000000,0.000000,0.000000,0.002068,0.000000,0.000000,0.000000,0.00083457
5,431,0.318552,0.000101,107.0103,0.000000,0.000000,0.000000,0.005288,0.000000,0.000000,0.000000,0.00083457
5,432,0.264601,0.000084,107.8412,0.000000,0.000000,0.000000,0.003169,0.000000,0.000000,0.000000,0.00083457
5,433,0.283476,0.000090,109.6640,0.000000,0.000000,0.000000,0.003034,0.000000,0.000000,0.000000,0.00083457
5,434,0.239686,0.000076,112.0167,0.000000,0.000000,0.000000,0.002068,0.000000,0.000000,0.000000,0.00083457
5,435,0.273686,0.000087,108.1371,0.000000,0.000000,0.000000,0.002390,0.000000,0.000000,0.000000,0.00083457
5,436,0.324970,0.000103,112.1360,0.000000,0.000000,0.000000,0.001746,0.000000,0.000000,0.000000,0.00083457
5,437,0.316594,0.000101,107.9781,0.000000,0.000000,0.000000,0.002712,0.000000,0.000000,0.000000,0.00083457
5,438,0.403916,0.000128,120.2411,0.000000,0.000000,0.000000,0.006389,0.000000,0.000000,0.000000,0.00083457
5,439,0.289807,0.000091,105.2375,0.000000,0.000000,0.000000,0.006982,0.000000,0.000000,0.000000,0.00083457
5,440,0.319084,0.000101,114.2585,0.000000,0.000000,0.000000,0.002068,0.000000,0.000000,0.000000,0.00083457
5,441,0.320451,0.000102,114.1691,0.000000,0.000000,0.000000,0.003356,0.000000,0.000000,0.000000,0.00083457
5,442,0.297805,0.000094,125.2267,0.000000,0.000000,0.000000,0.003491,0.000000,0.000000,0.000000,0.00083457
5,443,0.304935,0.000097,125.9436,0.000000,0.000000,0.000000,0.001746,0.000000,0.000000,0.000000,0.00083457
5,444,0.270610,0.000086,118.7079,0.000000,0.000000,0.000000,0.002712,0.000000,0.000000,0.000000,0.00083457
5,445,0.306297,0.000097,115.5916,0.000000,0.000000,0.000000,0.003678,0.000000,0.000000,0.000000,0.00083457
5,446,0.316566,0.000100,124.6069,0.000000,0.000000,0.000000,0.006524,0.000000,0.000000,0.000000,0.00083457
5,447,0.338610,0.000107,117.7160,0.000000,0.000000,0.000000,0.003356,0.000000,0.000000,0.000000,0.00083457
5,448,0.305198,0.000097,122.7273,0.000000,0.000000,0.000000,0.003034,0.000000,0.000000,0.000000,0.00083457
5,449,0.258510,0.000081,117.9376,0.000000,0.000000,0.000000,0.011709,0.000000,0.000000,0.000000,0.00083457
5,450,0.262078,0.000078,118.0342,0.000000,0.000000,0.000000,0.034755,0.000000,0.000000,0.000000,0.00083457
5,451,0.269102,0.000083,120.7937,0.000000,0.000000,0.000000,0.017422,0.000000,0.000000,0.000000,0.00083457
5,452,0.246235,0.000076,121.1965,0.000000,0.000000,0.000000,0.014079,0.000000,0.000000,0.000000,0.00083457
5,453,0.262394,0.000082,113.4459,0.000000,0.000000,0.000000,0.007626,0.000000,0.000000,0.000000,0.00083457
5,454,0.455353,0.000141,124.8354,0.000000,0.000000,0.000000,0.025213,0.000000,0.000000,0.000000,0.00083457
5,455,0.341426,0.000107,121.0988,0.000000,0.000000,0.000000,0.014234,0.000000,0.000000,0.000000,0.00083457
5,456,0.468576,0.000148,119.2557,0.000000,0.000000,0.000000,0.010847,0.000000,0.000000,0.000000,0.00083457
5,457,0.280042,0.000088,114.3094,0.000000,0.000000,0.000000,0.009371,0.000000,0.000000,0.000000,0.00083457
5,458,0.330924,0.000104,117.4653,0.000000,0.000000,0.000000,0.007594,0.000000,0.000000,0.000000,0.00083457
5,459,0.339358,0.000107,120.1491,0.000000,0.000000,0.000000,0.006524,0.000000,0.000000,0.000000,0.00083457
5,460,0.339261,0.000107,123.1689,0.000000,0.000000,0.000000,0.005610,0.000000,0.000000,0.000000,0.00083457
5,461,0.348774,0.000111,103.2862,0.000000,0.000000,0.000000,0.003034,0.000000,0.000000,0.000000,0.00083457
5,462,0.366035,0.000116,120.0746,0.000000,0.000000,0.000000,0.006795,0.000000,0.000000,0.000000,0.00083457
5,463,0.258525,0.000082,118.7342,0.000000,0.000000,0.000000,0.004322,0.000000,0.000000,0.000000,0.00083457
5,464,0.319680,0.000101,119.4574,0.000000,0.000000,0.000000,0.005101,0.000000,0.000000,0.000000,0.00083457
5,465,0.241506,0.000077,117.4283,0.000000,0.000000,0.000000,0.002068,0.000000,0.000000,0.000000,0.00083457
5,466,0.311566,0.000099,112.5536,0.000000,0.000000,0.000000,0.002390,0.000000,0.000000,0.000000,0.00083457
5,467,0.313000,0.000099,113.4119,0.000000,0.000000,0.000000,0.004644,0.000000,0.000000,0.000000,0.00083457
5,468,0.250241,0.000080,99.2802,0.000000,0.000000,0.000000,0.001746,0.000000,0.000000,0.000000,0.00083457
5,469,0.355426,0.000112,115.8412,0.000000,0.000000,0.000000,0.006524,0.000000,0.000000,0.000000,0.00083457
5,470,0.366427,0.000115,115.4899,0.000000,0.000000,0.000000,0.009828,0.000000,0.000000,0.000000,0.00083457
5,471,0.313700,0.000099,123.6911,0.000000,0.000000,0.000000,0.004000,0.000000,0.000000,0.000000,0.00083457
5,472,0.270507,0.000085,111.2579,0.000000,0.000000,0.000000,0.005558,0.000000,0.000000,0.000000,0.00083457
5,473,0.358191,0.000113,124.0800,0.000000,0.000000,0.000000,0.007896,0.000000,0.000000,0.000000,0.00083457
5,474,0.273883,0.000087,115.3550,0.000000,0.000000,0.000000,0.004000,0.000000,0.000000,0.000000,0.00083457
5,475,0.329791,0.000104,110.8742,0.000000,0.000000,0.000000,0.005610,0.000000,0.000000,0.000000,0.00083457
5,476,0.368672,0.000116,121.8835,0.000000,0.000000,0.000000,0.007813,0.000000,0.000000,0.000000,0.00083457
5,477,0.460834,0.000145,107.9499,0.000000,0.000000,0.000000,0.010930,0.000000,0.000000,0.000000,0.00083457
5,478,0.299964,0.000094,118.0282,0.000000,0.000000,0.000000,0.008643,0.000000,0.000000,0.000000,0.00083457
5,479,0.316277,0.000098,103.6503,0.000000,0.000000,0.000000,0.016656,0.000000,0.000000,0.000000,0.00083457
5,480,0.325172,0.000099,114.7337,0.000000,0.000000,0.000000,0.028260,0.000000,0.000000,0.000000,0.00083457
5,481,0.372712,0.000116,99.9420,0.000000,0.000000,0.000000,0.018928,0.000000,0.000000,0.000000,0.00083457
5,482,0.429409,0.000130,109.3336,0.000000,0.000000,0.000000,0.043334,0.000000,0.000000,0.000000,0.00083457
5,483,0.414888,0.000129,122.1963,0.000000,0.000000,0.000000,0.018607,0.000000,0.000000,0.000000,0.00083457
5,484,0.338370,0.000106,107.0654,0.000000,0.000000,0.000000,0.011252,0.000000,0.000000,0.000000,0.00083457
5,485,0.333009,0.000105,107.2846,0.000000,0.000000,0.000000,0.008508,0.000000,0.000000,0.000000,0.00083457
5,486,0.341983,0.000108,115.4691,0.000000,0.000000,0.000000,0.007168,0.000000,0.000000,0.000000,0.00083457
5,487,0.324785,0.000101,106.4772,0.000000,0.000000,0.000000,0.018479,0.000000,0.000000,0.000000,0.00083457
5,488,0.405340,0.000127,121.3327,0.000000,0.000000,0.000000,0.014659,0.000000,0.000000,0.000000,0.00083457
5,489,0.277610,0.000086,111.9083,0.000000,0.000000,0.000000,0.013662,0.000000,0.000000,0.000000,0.00083457
5,490,0.307815,0.000095,105.8562,0.000000,0.000000,0.000000,0.018505,0.000000,0.000000,0.000000,0.00083457
5,491,0.319063,0.000100,97.6059,0.000000,0.000000,0.000000,0.012810,0.000000,0.000000,0.000000,0.00083457
5,492,0.356698,0.000113,112.7838,0.000000,0.000000,0.000000,0.004779,0.000000,0.000000,0.000000,0.00083457
5,493,0.308980,0.000097,95.5316,0.000000,0.000000,0.000000,0.007439,0.000000,0.000000,0.000000,0.00083457
5,494,0.368287,0.000116,109.8936,0.000000,0.000000,0.000000,0.006716,0.000000,0.000000,0.000000,0.00083457
5,495,0.351692,0.000111,117.6310,0.000000,0.000000,0.000000,0.006898,0.000000,0.000000,0.000000,0.00083457
5,496,0.368650,0.000117,111.8766,0.000000,0.000000,0.000000,0.002712,0.000000,0.000000,0.000000,0.00083457
5,497,0.426863,0.000136,125.7046,0.000000,0.000000,0.000000,0.002712,0.000000,0.000000,0.000000,0.00083457
5,498,0.297786,0.000095,118.8192,0.000000,0.000000,0.000000,0.001746,0.000000,0.000000,0.000000,0.00083457
5,499,0.325389,0.000103,101.8722,0.000000,0.000000,0.000000,0.006473,0.000000,0.000000,0.000000,0.00083457
5,500,0.438434,0.000139,115.4464,0.000000,0.000000,0.000000,0.004457,0.000000,0.000000,0.000000,0.00083457
5,501,0.442973,0.000141,104.0405,0.000000,0.000000,0.000000,0.004592,0.000000,0.000000,0.000000,0.00083457
5,502,0.479758,0.000150,118.3858,0.000000,0.000000,0.000000,0.017439,0.000000,0.000000,0.000000,0.00083457
5,503,0.687500,0.000217,122.7212,0.000000,0.000000,0.000000,0.016597,0.000000,0.000000,0.000000,0.00083457
5,504,0.404241,0.000127,117.3927,0.000000,0.000000,0.000000,0.010691,0.000000,0.000000,0.000000,0.00083457
5,505,0.512425,0.000162,127.6789,0.000000,0.000000,0.000000,0.009455,0.000000,0.000000,0.000000,0.00083457
5,506,0.523915,0.000166,120.7624,0.000000,0.000000,0.000000,0.009049,0.000000,0.000000,0.000000,0.00083457
5,507,0.608027,0.000188,111.6866,0.000000,0.000000,0.000000,0.037685,0.000000,0.000000,0.000000,0.00083457
5,508,0.677552,0.000202,110.6054,0.000000,0.000000,0.000000,0.085683,0.000000,0.000000,0.000000,0.00083457
5,509,0.694676,0.000216,130.1494,0.000000,0.000000,0.000000,0.033893,0.000000,0.000000,0.000000,0.00083457
5,510,0.494538,0.000145,105.2374,0.000000,0.000000,0.000000,0.078202,0.000000,0.000000,0.000000,0.00083457
5,511,0.365548,0.000114,105.0559,0.000000,0.000000,0.000000,0.013860,0.000000,0.000000,0.000000,0.00083457
5,512,0.317433,0.000092,106.1047,0.000000,0.000000,0.000000,0.058949,0.000000,0.000000,0.000000,0.00083457
5,513,0.437099,0.000138,111.0277,0.000000,0.000000,0.000000,0.005932,0.000000,0.000000,0.000000,0.00083457
5,514,0.373009,0.000115,106.9097,0.000000,0.000000,0.000000,0.023334,0.000000,0.000000,0.000000,0.00083457
5,515,0.445778,0.000141,116.0660,0.000000,0.000000,0.000000,0.006202,0.000000,0.000000,0.000000,0.00083457
5,516,0.475169,0.000148,98.1554,0.000000,0.000000,0.000000,0.022906,0.000000,0.000000,0.000000,0.00083457
5,517,0.415363,0.000128,124.5148,0.000000,0.000000,0.000000,0.025433,0.000000,0.000000,0.000000,0.00083457
5,518,0.387124,0.000123,122.2362,0.000000,0.000000,0.000000,0.004457,0.000000,0.000000,0.000000,0.00083457
5,519,0.298567,0.000094,112.8188,0.000000,0.000000,0.000000,0.006151,0.000000,0.000000,0.000000,0.00083457
5,520,0.410550,0.000129,117.4855,0.000000,0.000000,0.000000,0.012675,0.000000,0.000000,0.000000,0.00083457
5,521,0.363544,0.000115,120.4173,0.000000,0.000000,0.000000,0.004727,0.000000,0.000000,0.000000,0.00083457
5,522,0.372985,0.000118,93.8276,0.000000,0.000000,0.000000,0.007439,0.000000,0.000000,0.000000,0.00083457
5,523,0.409055,0.000128,125.7227,0.000000,0.000000,0.000000,0.014451,0.000000,0.000000,0.000000,0.00083457
5,524,0.365891,0.000116,105.5149,0.000000,0.000000,0.000000,0.004135,0.000000,0.000000,0.000000,0.00083457
5,525,0.345909,0.000109,111.3840,0.000000,0.000000,0.000000,0.007999,0.000000,0.000000,0.000000,0.00083457
5,526,0.220772,0.000070,110.5129,0.000000,0.000000,0.000000,0.003034,0.000000,0.000000,0.000000,0.00083457
5,527,0.298907,0.000095,113.8932,0.000000,0.000000,0.000000,0.002068,0.000000,0.000000,0.000000,0.00083457
5,528,0.260460,0.000083,108.7963,0.000000,0.000000,0.000000,0.003034,0.000000,0.000000,0.000000,0.00083457
5,529,0.291548,0.000092,114.0743,0.000000,0.000000,0.000000,0.003356,0.000000,0.000000,0.000000,0.00083457
5,530,0.304126,0.000097,106.0618,0.000000,0.000000,0.000000,0.001746,0.000000,0.000000,0.000000,0.00083457
5,531,0.380646,0.000121,114.4113,0.000000,0.000000,0.000000,0.004966,0.000000,0.000000,0.000000,0.00083457
5,532,0.382970,0.000121,114.6468,0.000000,0.000000,0.000000,0.009745,0.000000,0.000000,0.000000,0.00083457
5,533,0.342857,0.000109,120.1329,0.000000,0.000000,0.000000,0.005101,0.000000,0.000000,0.000000,0.00083457
5,534,0.368322,0.000117,109.0668,0.000000,0.000000,0.000000,0.002847,0.000000,0.000000,0.000000,0.00083457
5,535,0.397326,0.000126,114.4600,0.000000,0.000000,0.000000,0.005610,0.000000,0.000000,0.000000,0.00083457
5,536,0.363327,0.000115,114.5253,0.000000,0.000000,0.000000,0.004779,0.000000,0.000000,0.000000,0.00083457
5,537,0.315849,0.000100,117.3093,0.000000,0.000000,0.000000,0.003678,0.000000,0.000000,0.000000,0.00083457
5,538,0.339006,0.000108,119.5588,0.000000,0.000000,0.000000,0.002525,0.000000,0.000000,0.000000,0.00083457
5,539,0.352958,0.000112,117.0093,0.000000,0.000000,0.000000,0.002390,0.000000,0.000000,0.000000,0.00083457
5,540,0.305991,0.000097,127.0026,0.000000,0.000000,0.000000,0.002068,0.000000,0.000000,0.000000,0.00083457
5,541,0.384408,0.000122,119.8089,0.000000,0.000000,0.000000,0.003678,0.000000,0.000000,0.000000,0.00083457
5,542,0.346243,0.000110,108.0947,0.000000,0.000000,0.000000,0.003034,0.000000,0.000000,0.000000,0.00083457
5,543,0.302662,0.000096,111.2226,0.000000,0.000000,0.000000,0.003678,0.000000,0.000000,0.000000,0.00083457
5,544,0.305091,0.000097,102.0444,0.000000,0.000000,0.000000,0.003034,0.000000,0.000000,0.000000,0.00083457
5,545,0.235231,0.000075,95.3194,0.000000,0.000000,0.000000,0.001746,0.000000,0.000000,0.000000,0.00083457
5,546,0.307567,0.000097,115.5957,0.000000,0.000000,0.000000,0.004000,0.000000,0.000000,0.000000,0.00083457
5,547,0.457881,0.000146,114.8018,0.000000,0.000000,0.000000,0.003034,0.000000,0.000000,0.000000,0.00083457
5,548,0.368769,0.000117,117.9844,0.000000,0.000000,0.000000,0.003813,0.000000,0.000000,0.000000,0.00083457
5,549,0.397986,0.000125,111.5927,0.000000,0.000000,0.000000,0.009693,0.000000,0.000000,0.000000,0.00083457
5,550,0.522459,0.000164,124.5820,0.000000,0.000000,0.000000,0.013875,0.000000,0.000000,0.000000,0.00083457
5,551,0.284164,0.000089,113.1511,0.000000,0.000000,0.000000,0.011168,0.000000,0.000000,0.000000,0.00083457
5,552,0.443345,0.000138,112.8317,0.000000,0.000000,0.000000,0.019605,0.000000,0.000000,0.000000,0.00083457
5,553,0.295839,0.000094,108.5094,0.000000,0.000000,0.000000,0.004135,0.000000,0.000000,0.000000,0.00083457
5,554,0.372492,0.000114,111.2411,0.000000,0.000000,0.000000,0.028499,0.000000,0.000000,0.000000,0.00083457
5,555,0.309919,0.000097,111.2236,0.000000,0.000000,0.000000,0.013796,0.000000,0.000000,0.000000,0.00083457
5,556,0.307111,0.000095,108.8053,0.000000,0.000000,0.000000,0.017641,0.000000,0.000000,0.000000,0.00083457
5,557,0.320294,0.000101,110.3621,0.000000,0.000000,0.000000,0.004000,0.000000,0.000000,0.000000,0.00083457
5,558,0.339220,0.000107,108.2924,0.000000,0.000000,0.000000,0.009474,0.000000,0.000000,0.000000,0.00083457
5,559,0.263820,0.000084,111.7751,0.000000,0.000000,0.000000,0.002068,0.000000,0.000000,0.000000,0.00083457
5,560,0.411834,0.000130,127.9991,0.000000,0.000000,0.000000,0.009693,0.000000,0.000000,0.000000,0.00083457
5,561,0.258981,0.000082,109.2440,0.000000,0.000000,0.000000,0.005423,0.000000,0.000000,0.000000,0.00083457
5,562,0.367220,0.000116,117.1866,0.000000,0.000000,0.000000,0.004322,0.000000,0.000000,0.000000,0.00083457
5,563,0.475743,0.000151,119.6212,0.000000,0.000000,0.000000,0.005745,0.000000,0.000000,0.000000,0.00083457
5,564,0.301654,0.000095,107.7020,0.000000,0.000000,0.000000,0.004644,0.000000,0.000000,0.000000,0.00083457
5,565,0.323268,0.000103,111.1762,0.000000,0.000000,0.000000,0.002390,0.000000,0.000000,0.000000,0.00083457
5,566,0.209245,0.000066,100.8562,0.000000,0.000000,0.000000,0.003356,0.000000,0.000000,0.000000,0.00083457
5,567,0.342552,0.000108,93.8368,0.000000,0.000000,0.000000,0.004966,0.000000,0.000000,0.000000,0.00083457
5,568,0.316759,0.000100,94.8307,0.000000,0.000000,0.000000,0.005329,0.000000,0.000000,0.000000,0.00083457
5,569,0.285452,0.000090,117.9161,0.000000,0.000000,0.000000,0.006711,0.000000,0.000000,0.000000,0.00083457
5,570,0.263193,0.000084,99.9640,0.000000,0.000000,0.000000,0.002525,0.000000,0.000000,0.000000,0.00083457
5,571,0.357021,0.000113,121.0749,0.000000,0.000000,0.000000,0.003034,0.000000,0.000000,0.000000,0.00083457
5,572,0.271649,0.000086,116.8802,0.000000,0.000000,0.000000,0.003678,0.000000,0.000000,0.000000,0.00083457
5,573,0.265154,0.000084,108.3720,0.000000,0.000000,0.000000,0.004644,0.000000,0.000000,0.000000,0.00083457
5,574,0.337457,0.000107,119.1924,0.000000,0.000000,0.000000,0.003491,0.000000,0.000000,0.000000,0.00083457
5,575,0.338493,0.000108,127.4342,0.000000,0.000000,0.000000,0.002712,0.000000,0.000000,0.000000,0.00083457
5,576,0.291935,0.000093,109.4598,0.000000,0.000000,0.000000,0.002390,0.000000,0.000000,0.000000,0.00083457
5,577,0.371997,0.000118,118.6774,0.000000,0.000000,0.000000,0.002712,0.000000,0.000000,0.000000,0.00083457
5,578,0.277068,0.000088,93.5699,0.000000,0.000000,0.000000,0.004966,0.000000,0.000000,0.000000,0.00083457
5,579,0.565571,0.000178,125.7881,0.000000,0.000000,0.000000,0.012951,0.000000,0.000000,0.000000,0.00083457
5,580,0.372416,0.000117,119.9278,0.000000,0.000000,0.000000,0.012489,0.000000,0.000000,0.000000,0.00083457
5,581,0.467898,0.000148,118.2556,0.000000,0.000000,0.000000,0.006254,0.000000,0.000000,0.000000,0.00083457
5,582,0.266740,0.000085,106.9990,0.000000,0.000000,0.000000,0.002390,0.000000,0.000000,0.000000,0.00083457
5,583,0.271798,0.000086,109.1889,0.000000,0.000000,0.000000,0.006576,0.000000,0.000000,0.000000,0.00083457
5,584,0.327995,0.000103,122.7892,0.000000,0.000000,0.000000,0.010067,0.000000,0.000000,0.000000,0.00083457
5,585,0.281179,0.000089,101.3958,0.000000,0.000000,0.000000,0.002525,0.000000,0.000000,0.000000,0.00083457
5,586,0.329893,0.000102,122.0462,0.000000,0.000000,0.000000,0.022722,0.000000,0.000000,0.000000,0.00083457
5,587,0.361055,0.000113,114.9768,0.000000,0.000000,0.000000,0.015033,0.000000,0.000000,0.000000,0.00083457
5,588,0.287367,0.000087,110.5518,0.000000,0.000000,0.000000,0.030495,0.000000,0.000000,0.000000,0.00083457
5,589,0.316661,0.000097,104.6911,0.000000,0.000000,0.000000,0.026367,0.000000,0.000000,0.000000,0.00083457
5,590,0.279550,0.000086,119.5583,0.000000,0.000000,0.000000,0.018381,0.000000,0.000000,0.000000,0.00083457
5,591,0.358566,0.000112,122.7204,0.000000,0.000000,0.000000,0.013963,0.000000,0.000000,0.000000,0.00083457
5,592,0.319544,0.000100,115.2980,0.000000,0.000000,0.000000,0.011625,0.000000,0.000000,0.000000,0.00083457
5,593,0.268356,0.000085,104.7377,0.000000,0.000000,0.000000,0.004966,0.000000,0.000000,0.000000,0.00083457
5,594,0.406347,0.000128,117.3209,0.000000,0.000000,0.000000,0.012893,0.000000,0.000000,0.000000,0.00083457
5,595,0.501536,0.000157,109.9123,0.000000,0.000000,0.000000,0.017454,0.000000,0.000000,0.000000,0.00083457
5,596,0.411242,0.000130,112.7454,0.000000,0.000000,0.000000,0.009558,0.000000,0.000000,0.000000,0.00083457
5,597,0.429310,0.000135,112.9477,0.000000,0.000000,0.000000,0.014234,0.000000,0.000000,0.000000,0.00083457
5,598,0.400584,0.000127,111.2530,0.000000,0.000000,0.000000,0.003678,0.000000,0.000000,0.000000,0.00083457
5,599,0.419735,0.000131,109.5529,0.000000,0.000000,0.000000,0.018525,0.000000,0.000000,0.000000,0.00083457
5,600,0.402757,0.000128,112.3279,0.000000,0.000000,0.000000,0.002068,0.000000,0.000000,0.000000,0.00083457
5,601,0.432322,0.000135,116.8832,0.000000,0.000000,0.000000,0.015760,0.000000,0.000000,0.000000,0.00083457
5,602,0.402453,0.000128,114.0947,0.000000,0.000000,0.000000,0.003678,0.000000,0.000000,0.000000,0.00083457
5,603,0.406779,0.000128,108.3935,0.000000,0.000000,0.000000,0.010015,0.000000,0.000000,0.000000,0.00083457
5,604,0.390539,0.000123,111.9900,0.000000,0.000000,0.000000,0.008135,0.000000,0.000000,0.000000,0.00083457
5,605,0.382431,0.000121,108.9350,0.000000,0.000000,0.000000,0.005798,0.000000,0.000000,0.000000,0.00083457
5,606,0.419774,0.000133,113.3642,0.000000,0.000000,0.000000,0.006711,0.000000,0.000000,0.000000,0.00083457
5,607,0.413173,0.000131,109.8437,0.000000,0.000000,0.000000,0.005617,0.000000,0.000000,0.000000,0.00083457
5,608,0.426353,0.000135,111.7681,0.000000,0.000000,0.000000,0.007221,0.000000,0.000000,0.000000,0.00083457
5,609,0.386204,0.000123,112.1777,0.000000,0.000000,0.000000,0.002847,0.000000,0.000000,0.000000,0.00083457
5,610,0.569149,0.000180,115.8001,0.000000,0.000000,0.000000,0.006721,0.000000,0.000000,0.000000,0.00083457
5,611,0.349170,0.000111,116.9027,0.000000,0.000000,0.000000,0.003356,0.000000,0.000000,0.000000,0.00083457
5,612,0.420616,0.000133,109.6913,0.000000,0.000000,0.000000,0.006950,0.000000,0.000000,0.000000,0.00083457
5,613,0.297384,0.000094,115.1033,0.000000,0.000000,0.000000,0.003356,0.000000,0.000000,0.000000,0.00083457
5,614,0.291381,0.000092,107.7075,0.000000,0.000000,0.000000,0.007304,0.000000,0.000000,0.000000,0.00083457
5,615,0.301190,0.000095,109.6652,0.000000,0.000000,0.000000,0.004644,0.000000,0.000000,0.000000,0.00083457
5,616,0.247510,0.000078,113.2118,0.000000,0.000000,0.000000,0.003034,0.000000,0.000000,0.000000,0.00083457
5,617,0.321493,0.000101,116.4883,0.000000,0.000000,0.000000,0.011168,0.000000,0.000000,0.000000,0.00083457
5,618,0.495388,0.000156,119.6051,0.000000,0.000000,0.000000,0.013983,0.000000,0.000000,0.000000,0.00083457
5,619,0.270247,0.000085,119.4438,0.000000,0.000000,0.000000,0.008186,0.000000,0.000000,0.000000,0.00083457
5,620,0.362556,0.000110,112.3198,0.000000,0.000000,0.000000,0.032364,0.000000,0.000000,0.000000,0.00083457
5,621,0.402687,0.000120,112.2894,0.000000,0.000000,0.000000,0.050962,0.000000,0.000000,0.000000,0.00083457
5,622,0.271127,0.000084,111.6562,0.000000,0.000000,0.000000,0.018150,0.000000,0.000000,0.000000,0.00083457
5,623,0.477807,0.000150,129.6233,0.000000,0.000000,0.000000,0.014066,0.000000,0.000000,0.000000,0.00083457
5,624,0.454178,0.000143,118.4212,0.000000,0.000000,0.000000,0.010846,0.000000,0.000000,0.000000,0.00083457
5,625,0.407408,0.000127,111.6012,0.000000,0.000000,0.000000,0.020165,0.000000,0.000000,0.000000,0.00083457
5,626,0.575437,0.000180,127.1801,0.000000,0.000000,0.000000,0.022321,0.000000,0.000000,0.000000,0.00083457
5,627,0.500482,0.000157,104.6066,0.000000,0.000000,0.000000,0.016570,0.000000,0.000000,0.000000,0.00083457
5,628,0.420885,0.000133,108.1563,0.000000,0.000000,0.000000,0.008779,0.000000,0.000000,0.000000,0.00083457
5,629,0.360159,0.000114,118.4000,0.000000,0.000000,0.000000,0.005288,0.000000,0.000000,0.000000,0.00083457
5,630,0.379507,0.000120,109.6933,0.000000,0.000000,0.000000,0.007677,0.000000,0.000000,0.000000,0.00083457
5,631,0.446210,0.000140,106.0860,0.000000,0.000000,0.000000,0.011979,0.000000,0.000000,0.000000,0.00083457
5,632,0.392723,0.000124,93.2172,0.000000,0.000000,0.000000,0.006067,0.000000,0.000000,0.000000,0.00083457
5,633,0.285591,0.000090,100.6624,0.000000,0.000000,0.000000,0.004135,0.000000,0.000000,0.000000,0.00083457
5,634,0.315482,0.000100,109.4037,0.000000,0.000000,0.000000,0.003356,0.000000,0.000000,0.000000,0.00083457
5,635,0.459884,0.000146,126.7441,0.000000,0.000000,0.000000,0.006982,0.000000,0.000000,0.000000,0.00083457
5,636,0.542408,0.000172,95.0381,0.000000,0.000000,0.000000,0.009152,0.000000,0.000000,0.000000,0.00083457
5,637,0.420369,0.000132,115.9611,0.000000,0.000000,0.000000,0.010337,0.000000,0.000000,0.000000,0.00083457
5,638,0.386762,0.000122,111.4360,0.000000,0.000000,0.000000,0.010659,0.000000,0.000000,0.000000,0.00083457
5,639,0.353079,0.000112,129.7583,0.000000,0.000000,0.000000,0.005932,0.000000,0.000000,0.000000,0.00083457
5,640,0.385436,0.000122,118.4110,0.000000,0.000000,0.000000,0.004000,0.000000,0.000000,0.000000,0.00083457
5,641,0.499442,0.000158,112.4940,0.000000,0.000000,0.000000,0.007678,0.000000,0.000000,0.000000,0.00083457
5,642,0.522610,0.000165,129.3961,0.000000,0.000000,0.000000,0.007220,0.000000,0.000000,0.000000,0.00083457
5,643,0.345147,0.000108,114.7937,0.000000,0.000000,0.000000,0.015979,0.000000,0.000000,0.000000,0.00083457
5,644,0.316630,0.000100,108.2323,0.000000,0.000000,0.000000,0.008508,0.000000,0.000000,0.000000,0.00083457
5,645,0.227675,0.000071,111.5384,0.000000,0.000000,0.000000,0.008914,0.000000,0.000000,0.000000,0.00083457
5,646,0.325729,0.000103,104.8072,0.000000,0.000000,0.000000,0.007220,0.000000,0.000000,0.000000,0.00083457
5,647,0.304226,0.000096,114.9650,0.000000,0.000000,0.000000,0.007999,0.000000,0.000000,0.000000,0.00083457
5,648,0.388639,0.000122,122.4506,0.000000,0.000000,0.000000,0.010846,0.000000,0.000000,0.000000,0.00083457
5,649,0.275432,0.000087,112.3324,0.000000,0.000000,0.000000,0.005610,0.000000,0.000000,0.000000,0.00083457
5,650,0.278834,0.000088,101.3404,0.000000,0.000000,0.000000,0.004966,0.000000,0.000000,0.000000,0.00083457
5,651,0.247272,0.000078,110.2444,0.000000,0.000000,0.000000,0.003678,0.000000,0.000000,0.000000,0.00083457
5,652,0.283773,0.000090,106.3230,0.000000,0.000000,0.000000,0.004000,0.000000,0.000000,0.000000,0.00083457
5,653,0.244888,0.000077,114.6229,0.000000,0.000000,0.000000,0.004000,0.000000,0.000000,0.000000,0.00083457
5,654,0.334962,0.000105,114.1921,0.000000,0.000000,0.000000,0.012186,0.000000,0.000000,0.000000,0.00083457
5,655,0.316914,0.000099,95.1694,0.000000,0.000000,0.000000,0.013557,0.000000,0.000000,0.000000,0.00083457
5,656,0.291380,0.000092,104.6555,0.000000,0.000000,0.000000,0.003356,0.000000,0.000000,0.000000,0.00083457
5,657,0.341938,0.000107,107.1593,0.000000,0.000000,0.000000,0.014310,0.000000,0.000000,0.000000,0.00083457
5,658,0.793372,0.000247,97.9371,0.000000,0.000000,0.000000,0.040436,0.000000,0.000000,0.000000,0.00083457
5,659,0.517972,0.000159,109.6788,0.000000,0.000000,0.000000,0.039767,0.000000,0.000000,0.000000,0.00083457
5,660,1.077414,0.000334,126.5294,0.000000,0.000000,0.000000,0.062566,0.000000,0.000000,0.000000,0.00083457
5,661,0.776995,0.000237,110.2223,0.000000,0.000000,0.000000,0.067599,0.000000,0.000000,0.000000,0.00083457
5,662,0.813879,0.000254,97.8381,0.000000,0.000000,0.000000,0.032971,0.000000,0.000000,0.000000,0.00083457
5,663,0.956865,0.000292,129.5118,0.000000,0.000000,0.000000,0.079917,0.000000,0.000000,0.000000,0.00083457
5,664,0.950153,0.000289,122.8102,0.000000,0.000000,0.000000,0.090419,0.000000,0.000000,0.000000,0.00083457
5,665,0.572247,0.000179,108.8895,0.000000,0.000000,0.000000,0.020223,0.000000,0.000000,0.000000,0.00083457
5,666,0.533603,0.000167,122.1116,0.000000,0.000000,0.000000,0.021621,0.000000,0.000000,0.000000,0.00083457
5,667,0.833492,0.000259,128.5966,0.000000,0.000000,0.000000,0.043551,0.000000,0.000000,0.000000,0.00083457
5,668,0.634295,0.000200,109.5673,0.000000,0.000000,0.000000,0.016571,0.000000,0.000000,0.000000,0.00083457
5,669,0.583372,0.000183,120.9487,0.000000,0.000000,0.000000,0.021646,0.000000,0.000000,0.000000,0.00083457
5,670,0.684528,0.000214,114.5883,0.000000,0.000000,0.000000,0.028512,0.000000,0.000000,0.000000,0.00083457
5,671,0.546042,0.000173,115.7065,0.000000,0.000000,0.000000,0.007304,0.000000,0.000000,0.000000,0.00083457
5,672,0.542851,0.000170,104.0585,0.000000,0.000000,0.000000,0.020590,0.000000,0.000000,0.000000,0.00083457
5,673,0.348027,0.000104,115.2062,0.000000,0.000000,0.000000,0.043544,0.000000,0.000000,0.000000,0.00083457
5,674,0.301206,0.000095,108.9271,0.000000,0.000000,0.000000,0.004322,0.000000,0.000000,0.000000,0.00083457
5,675,0.382653,0.000119,115.1041,0.000000,0.000000,0.000000,0.017235,0.000000,0.000000,0.000000,0.00083457
5,676,0.289007,0.000091,109.6367,0.000000,0.000000,0.000000,0.006711,0.000000,0.000000,0.000000,0.00083457
5,677,0.360426,0.000114,110.5734,0.000000,0.000000,0.000000,0.007999,0.000000,0.000000,0.000000,0.00083457
5,678,0.268463,0.000084,99.9190,0.000000,0.000000,0.000000,0.008243,0.000000,0.000000,0.000000,0.00083457
5,679,0.327058,0.000104,120.9001,0.000000,0.000000,0.000000,0.004322,0.000000,0.000000,0.000000,0.00083457
5,680,0.354884,0.000113,112.2680,0.000000,0.000000,0.000000,0.003356,0.000000,0.000000,0.000000,0.00083457
5,681,0.280504,0.000089,118.0969,0.000000,0.000000,0.000000,0.003169,0.000000,0.000000,0.000000,0.00083457
5,682,0.342095,0.000108,126.3529,0.000000,0.000000,0.000000,0.004135,0.000000,0.000000,0.000000,0.00083457
5,683,0.285776,0.000090,104.7331,0.000000,0.000000,0.000000,0.004000,0.000000,0.000000,0.000000,0.00083457
5,684,0.300277,0.000095,91.0727,0.000000,0.000000,0.000000,0.004966,0.000000,0.000000,0.000000,0.00083457
5,685,0.358835,0.000114,122.7910,0.000000,0.000000,0.000000,0.004000,0.000000,0.000000,0.000000,0.00083457
5,686,0.319619,0.000101,124.0134,0.000000,0.000000,0.000000,0.003034,0.000000,0.000000,0.000000,0.00083457
5,687,0.285536,0.000090,111.7782,0.000000,0.000000,0.000000,0.004322,0.000000,0.000000,0.000000,0.00083457
5,688,0.458941,0.000146,121.3687,0.000000,0.000000,0.000000,0.004862,0.000000,0.000000,0.000000,0.00083457
5,689,0.362047,0.000115,117.2307,0.000000,0.000000,0.000000,0.005101,0.000000,0.000000,0.000000,0.00083457
5,690,0.251898,0.000080,114.8903,0.000000,0.000000,0.000000,0.003678,0.000000,0.000000,0.000000,0.00083457
5,691,0.326141,0.000103,104.8937,0.000000,0.000000,0.000000,0.004644,0.000000,0.000000,0.000000,0.00083457
5,692,0.444922,0.000141,124.5221,0.000000,0.000000,0.000000,0.004322,0.000000,0.000000,0.000000,0.00083457
5,693,0.311532,0.000098,90.4578,0.000000,0.000000,0.000000,0.007677,0.000000,0.000000,0.000000,0.00083457
5,694,0.379479,0.000120,118.2192,0.000000,0.000000,0.000000,0.004644,0.000000,0.000000,0.000000,0.00083457
5,695,0.289182,0.000092,122.6124,0.000000,0.000000,0.000000,0.001746,0.000000,0.000000,0.000000,0.00083457
5,696,0.460552,0.000146,124.9568,0.000000,0.000000,0.000000,0.005610,0.000000,0.000000,0.000000,0.00083457
5,697,0.274767,0.000087,100.2382,0.000000,0.000000,0.000000,0.004000,0.000000,0.000000,0.000000,0.00083457
5,698,0.279273,0.000088,119.2996,0.000000,0.000000,0.000000,0.003813,0.000000,0.000000,0.000000,0.00083457
5,699,0.323212,0.000102,118.9921,0.000000,0.000000,0.000000,0.005101,0.000000,0.000000,0.000000,0.00083457
5,700,0.233903,0.000074,107.4993,0.000000,0.000000,0.000000,0.002712,0.000000,0.000000,0.000000,0.00083457
5,701,0.348579,0.000111,116.0780,0.000000,0.000000,0.000000,0.002525,0.000000,0.000000,0.000000,0.00083457
5,702,0.250601,0.000079,104.0390,0.000000,0.000000,0.000000,0.004000,0.000000,0.000000,0.000000,0.00083457
5,703,0.297150,0.000094,106.2661,0.000000,0.000000,0.000000,0.003356,0.000000,0.000000,0.000000,0.00083457
5,704,0.404412,0.000128,106.6122,0.000000,0.000000,0.000000,0.003678,0.000000,0.000000,0.000000,0.00083457
5,705,0.291213,0.000093,122.7402,0.000000,0.000000,0.000000,0.002068,0.000000,0.000000,0.000000,0.00083457
5,706,0.334437,0.000106,118.1749,0.000000,0.000000,0.000000,0.002390,0.000000,0.000000,0.000000,0.00083457
5,707,0.361601,0.000115,111.4655,0.000000,0.000000,0.000000,0.003678,0.000000,0.000000,0.000000,0.00083457
5,708,0.260484,0.000083,110.8730,0.000000,0.000000,0.000000,0.003356,0.000000,0.000000,0.000000,0.00083457
5,709,0.272728,0.000086,114.1887,0.000000,0.000000,0.000000,0.003491,0.000000,0.000000,0.000000,0.00083457
5,710,0.260863,0.000082,111.8240,0.000000,0.000000,0.000000,0.004322,0.000000,0.000000,0.000000,0.00083457
5,711,0.266765,0.000085,120.1773,0.000000,0.000000,0.000000,0.003304,0.000000,0.000000,0.000000,0.00083457
5,712,0.256566,0.000082,119.9826,0.000000,0.000000,0.000000,0.001746,0.000000,0.000000,0.000000,0.00083457
5,713,0.248047,0.000079,128.2379,0.000000,0.000000,0.000000,0.002068,0.000000,0.000000,0.000000,0.00083457
5,714,0.260419,0.000083,117.4437,0.000000,0.000000,0.000000,0.001424,0.000000,0.000000,0.000000,0.00083457
5,715,0.254811,0.000081,125.1981,0.000000,0.000000,0.000000,0.001746,0.000000,0.000000,0.000000,0.00083457
5,716,0.360681,0.000114,109.1550,0.000000,0.000000,0.000000,0.008167,0.000000,0.000000,0.000000,0.00083457
5,717,0.229882,0.000073,108.0191,0.000000,0.000000,0.000000,0.004322,0.000000,0.000000,0.000000,0.00083457
5,718,0.269172,0.000085,108.6970,0.000000,0.000000,0.000000,0.002712,0.000000,0.000000,0.000000,0.00083457
5,719,0.264750,0.000084,115.1239,0.000000,0.000000,0.000000,0.003570,0.000000,0.000000,0.000000,0.00083457
6,1,0.504678,0.000159,112.3008,0.000000,0.000000,0.000000,0.015117,0.000000,0.000000,0.000000,0.00075000
6,2,0.357058,0.000113,109.5965,0.000000,0.000000,0.000000,0.005610,0.000000,0.000000,0.000000,0.00075000
6,3,0.390607,0.000123,113.1981,0.000000,0.000000,0.000000,0.007864,0.000000,0.000000,0.000000,0.00075000
6,4,0.373047,0.000118,113.1810,0.000000,0.000000,0.000000,0.005745,0.000000,0.000000,0.000000,0.00075000
6,5,0.375261,0.000119,113.3921,0.000000,0.000000,0.000000,0.006209,0.000000,0.000000,0.000000,0.00075000
6,6,0.362285,0.000115,111.1001,0.000000,0.000000,0.000000,0.003356,0.000000,0.000000,0.000000,0.00075000
6,7,0.387545,0.000123,112.1819,0.000000,0.000000,0.000000,0.004457,0.000000,0.000000,0.000000,0.00075000
6,8,0.367693,0.000116,109.6962,0.000000,0.000000,0.000000,0.005745,0.000000,0.000000,0.000000,0.00075000
6,9,0.355852,0.000113,108.4597,0.000000,0.000000,0.000000,0.004322,0.000000,0.000000,0.000000,0.00075000
6,10,0.352844,0.000112,108.2608,0.000000,0.000000,0.000000,0.004327,0.000000,0.000000,0.000000,0.00075000
6,11,0.328628,0.000104,111.0986,0.000000,0.000000,0.000000,0.003356,0.000000,0.000000,0.000000,0.00075000
6,12,0.333917,0.000106,113.5334,0.000000,0.000000,0.000000,0.003169,0.000000,0.000000,0.000000,0.00075000
6,13,0.340385,0.000108,111.3582,0.000000,0.000000,0.000000,0.001746,0.000000,0.000000,0.000000,0.00075000
6,14,0.340815,0.000108,111.4950,0.000000,0.000000,0.000000,0.002712,0.000000,0.000000,0.000000,0.00075000
6,15,0.346921,0.000110,108.1235,0.000000,0.000000,0.000000,0.002068,0.000000,0.000000,0.000000,0.00075000
6,16,0.411940,0.000130,109.2961,0.000000,0.000000,0.000000,0.007440,0.000000,0.000000,0.000000,0.00075000
6,17,0.403461,0.000127,113.3493,0.000000,0.000000,0.000000,0.009371,0.000000,0.000000,0.000000,0.00075000
6,18,0.425380,0.000135,110.4570,0.000000,0.000000,0.000000,0.004644,0.000000,0.000000,0.000000,0.00075000
6,19,0.406833,0.000128,113.9668,0.000000,0.000000,0.000000,0.010711,0.000000,0.000000,0.000000,0.00075000
6,20,0.379747,0.000120,108.3104,0.000000,0.000000,0.000000,0.005423,0.000000,0.000000,0.000000,0.00075000
6,21,0.402387,0.000128,111.4721,0.000000,0.000000,0.000000,0.004322,0.000000,0.000000,0.000000,0.00075000
6,22,0.386281,0.000122,110.4508,0.000000,0.000000,0.000000,0.004779,0.000000,0.000000,0.000000,0.00075000
6,23,0.370308,0.000118,113.4395,0.000000,0.000000,0.000000,0.002068,0.000000,0.000000,0.000000,0.00075000
6,24,0.423471,0.000135,111.4544,0.000000,0.000000,0.000000,0.002390,0.000000,0.000000,0.000000,0.00075000
6,25,0.383934,0.000122,110.1396,0.000000,0.000000,0.000000,0.004966,0.000000,0.000000,0.000000,0.00075000
6,26,0.382572,0.000121,109.3572,0.000000,0.000000,0.000000,0.004966,0.000000,0.000000,0.000000,0.00075000
6,27,0.386369,0.000123,113.7308,0.000000,0.000000,0.000000,0.002068,0.000000,0.000000,0.000000,0.00075000
6,28,0.416674,0.000132,113.0443,0.000000,0.000000,0.000000,0.004797,0.000000,0.000000,0.000000,0.00075000
6,29,0.390218,0.000124,109.5555,0.000000,0.000000,0.000000,0.003356,0.000000,0.000000,0.000000,0.00075000
6,30,0.366635,0.000117,111.7975,0.000000,0.000000,0.000000,0.002068,0.000000,0.000000,0.000000,0.00075000
6,31,0.368239,0.000117,111.5244,0.000000,0.000000,0.000000,0.004966,0.000000,0.000000,0.000000,0.00075000
6,32,0.417503,0.000130,109.9844,0.000000,0.000000,0.000000,0.018471,0.000000,0.000000,0.000000,0.00075000
6,33,0.332289,0.000104,111.6787,0.000000,0.000000,0.000000,0.012880,0.000000,0.000000,0.000000,0.00075000
6,34,0.347668,0.000109,112.1849,0.000000,0.000000,0.000000,0.013422,0.000000,0.000000,0.000000,0.00075000
6,35,0.301638,0.000095,108.3944,0.000000,0.000000,0.000000,0.007033,0.000000,0.000000,0.000000,0.00075000
6,36,0.301174,0.000095,108.7838,0.000000,0.000000,0.000000,0.008970,0.000000,0.000000,0.000000,0.00075000
6,37,0.285521,0.000090,112.9724,0.000000,0.000000,0.000000,0.005932,0.000000,0.000000,0.000000,0.00075000
6,38,0.307999,0.000097,112.1886,0.000000,0.000000,0.000000,0.004779,0.000000,0.000000,0.000000,0.00075000
6,39,0.304299,0.000096,109.6951,0.000000,0.000000,0.000000,0.005101,0.000000,0.000000,0.000000,0.00075000
6,40,0.349226,0.000111,108.0140,0.000000,0.000000,0.000000,0.003678,0.000000,0.000000,0.000000,0.00075000
6,41,0.318698,0.000101,113.4833,0.000000,0.000000,0.000000,0.004322,0.000000,0.000000,0.000000,0.00075000
6,42,0.329501,0.000104,110.9005,0.000000,0.000000,0.000000,0.005032,0.000000,0.000000,0.000000,0.00075000
6,43,0.289178,0.000092,110.2215,0.000000,0.000000,0.000000,0.004135,0.000000,0.000000,0.000000,0.00075000
6,44,0.290574,0.000092,111.8641,0.000000,0.000000,0.000000,0.003356,0.000000,0.000000,0.000000,0.00075000
6,45,0.288116,0.000092,111.6853,0.000000,0.000000,0.000000,0.002068,0.000000,0.000000,0.000000,0.00075000
6,46,0.305875,0.000097,113.0109,0.000000,0.000000,0.000000,0.005880,0.000000,0.000000,0.000000,0.00075000
6,47,0.315219,0.000099,109.4004,0.000000,0.000000,0.000000,0.012145,0.000000,0.000000,0.000000,0.00075000
6,48,0.434709,0.000133,103.1113,0.000000,0.000000,0.000000,0.037464,0.000000,0.000000,0.000000,0.00075000
6,49,0.387393,0.000108,110.5134,0.000000,0.000000,0.000000,0.095718,0.000000,0.000000,0.000000,0.00075000
6,50,0.354846,0.000109,115.7296,0.000000,0.000000,0.000000,0.028570,0.000000,0.000000,0.000000,0.00075000
6,51,0.399606,0.000115,112.4170,0.000000,0.000000,0.000000,0.080478,0.000000,0.000000,0.000000,0.00075000
6,52,0.292366,0.000090,113.8961,0.000000,0.000000,0.000000,0.022503,0.000000,0.000000,0.000000,0.00075000
6,53,0.376967,0.000115,114.1831,0.000000,0.000000,0.000000,0.031128,0.000000,0.000000,0.000000,0.00075000
6,54,0.288056,0.000091,112.2680,0.000000,0.000000,0.000000,0.006202,0.000000,0.000000,0.000000,0.00075000
6,55,0.352402,0.000111,113.9975,0.000000,0.000000,0.000000,0.006202,0.000000,0.000000,0.000000,0.00075000
6,56,0.368616,0.000116,116.9618,0.000000,0.000000,0.000000,0.011643,0.000000,0.000000,0.000000,0.00075000
6,57,0.401438,0.000125,99.4839,0.000000,0.000000,0.000000,0.016404,0.000000,0.000000,0.000000,0.00075000
6,58,0.330136,0.000104,118.0105,0.000000,0.000000,0.000000,0.009184,0.000000,0.000000,0.000000,0.00075000
6,59,0.323369,0.000103,124.6894,0.000000,0.000000,0.000000,0.003813,0.000000,0.000000,0.000000,0.00075000
6,60,0.301809,0.000095,122.1197,0.000000,0.000000,0.000000,0.009340,0.000000,0.000000,0.000000,0.00075000
6,61,0.503202,0.000157,118.6056,0.000000,0.000000,0.000000,0.023073,0.000000,0.000000,0.000000,0.00075000
6,62,0.385770,0.000122,122.1525,0.000000,0.000000,0.000000,0.009133,0.000000,0.000000,0.000000,0.00075000
6,63,0.417360,0.000129,115.7732,0.000000,0.000000,0.000000,0.027482,0.000000,0.000000,0.000000,0.00075000
6,64,0.363591,0.000114,111.9854,0.000000,0.000000,0.000000,0.013904,0.000000,0.000000,0.000000,0.00075000
6,65,0.359581,0.000113,111.0590,0.000000,0.000000,0.000000,0.008321,0.000000,0.000000,0.000000,0.00075000
6,66,0.352825,0.000111,109.9400,0.000000,0.000000,0.000000,0.006898,0.000000,0.000000,0.000000,0.00075000
6,67,0.402531,0.000128,111.4707,0.000000,0.000000,0.000000,0.004644,0.000000,0.000000,0.000000,0.00075000
6,68,0.358483,0.000114,113.5379,0.000000,0.000000,0.000000,0.003356,0.000000,0.000000,0.000000,0.00075000
6,69,0.313522,0.000099,111.4405,0.000000,0.000000,0.000000,0.005610,0.000000,0.000000,0.000000,0.00075000
6,70,0.300596,0.000096,112.4727,0.000000,0.000000,0.000000,0.002068,0.000000,0.000000,0.000000,0.00075000
6,71,0.339726,0.000108,112.4231,0.000000,0.000000,0.000000,0.003034,0.000000,0.000000,0.000000,0.00075000
6,72,0.354987,0.000112,108.7548,0.000000,0.000000,0.000000,0.004966,0.000000,0.000000,0.000000,0.00075000
6,73,0.369453,0.000117,110.0811,0.000000,0.000000,0.000000,0.003356,0.000000,0.000000,0.000000,0.00075000
6,74,0.346340,0.000110,114.5272,0.000000,0.000000,0.000000,0.003356,0.000000,0.000000,0.000000,0.00075000
6,75,0.347921,0.000111,111.3498,0.000000,0.000000,0.000000,0.002390,0.000000,0.000000,0.000000,0.00075000
6,76,0.377552,0.000120,108.4143,0.000000,0.000000,0.000000,0.003034,0.000000,0.000000,0.000000,0.00075000
6,77,0.324734,0.000103,109.6839,0.000000,0.000000,0.000000,0.002390,0.000000,0.000000,0.000000,0.00075000
6,78,0.326320,0.000103,110.7455,0.000000,0.000000,0.000000,0.003678,0.000000,0.000000,0.000000,0.00075000
6,79,0.392940,0.000124,117.5875,0.000000,0.000000,0.000000,0.007677,0.000000,0.000000,0.000000,0.00075000
6,80,0.379852,0.000120,118.3694,0.000000,0.000000,0.000000,0.004000,0.000000,0.000000,0.000000,0.00075000
6,81,0.280435,0.000089,121.1389,0.000000,0.000000,0.000000,0.002712,0.000000,0.000000,0.000000,0.00075000
6,82,0.292340,0.000092,115.8267,0.000000,0.000000,0.000000,0.005101,0.000000,0.000000,0.000000,0.00075000
6,83,0.346317,0.000110,111.4216,0.000000,0.000000,0.000000,0.003678,0.000000,0.000000,0.000000,0.00075000
6,84,0.345581,0.000110,121.6087,0.000000,0.000000,0.000000,0.002390,0.000000,0.000000,0.000000,0.00075000
6,85,0.304549,0.000097,111.2912,0.000000,0.000000,0.000000,0.002068,0.000000,0.000000,0.000000,0.00075000
6,86,0.349691,0.000110,123.0744,0.000000,0.000000,0.000000,0.007220,0.000000,0.000000,0.000000,0.00075000
6,87,0.436105,0.000137,128.7417,0.000000,0.000000,0.000000,0.011760,0.000000,0.000000,0.000000,0.00075000
6,88,0.368750,0.000116,128.0595,0.000000,0.000000,0.000000,0.008457,0.000000,0.000000,0.000000,0.00075000
6,89,0.530408,0.000168,129.6435,0.000000,0.000000,0.000000,0.007168,0.000000,0.000000,0.000000,0.00075000
6,90,0.313432,0.000098,114.4798,0.000000,0.000000,0.000000,0.009423,0.000000,0.000000,0.000000,0.00075000
6,91,0.217407,0.000069,112.8888,0.000000,0.000000,0.000000,0.005101,0.000000,0.000000,0.000000,0.00075000
6,92,0.216797,0.000069,100.1334,0.000000,0.000000,0.000000,0.003356,0.000000,0.000000,0.000000,0.00075000
6,93,0.318663,0.000100,118.9136,0.000000,0.000000,0.000000,0.007220,0.000000,0.000000,0.000000,0.00075000
6,94,0.392492,0.000124,118.5882,0.000000,0.000000,0.000000,0.009931,0.000000,0.000000,0.000000,0.00075000
6,95,0.368982,0.000117,111.9995,0.000000,0.000000,0.000000,0.003813,0.000000,0.000000,0.000000,0.00075000
6,96,0.375082,0.000119,112.1547,0.000000,0.000000,0.000000,0.006583,0.000000,0.000000,0.000000,0.00075000
6,97,0.382929,0.000122,109.1867,0.000000,0.000000,0.000000,0.003678,0.000000,0.000000,0.000000,0.00075000
6,98,0.386523,0.000123,111.1722,0.000000,0.000000,0.000000,0.003034,0.000000,0.000000,0.000000,0.00075000
6,99,0.367161,0.000116,112.9496,0.000000,0.000000,0.000000,0.004644,0.000000,0.000000,0.000000,0.00075000
6,100,0.341354,0.000108,109.6469,0.000000,0.000000,0.000000,0.002390,0.000000,0.000000,0.000000,0.00075000
6,101,0.363638,0.000115,109.4648,0.000000,0.000000,0.000000,0.003169,0.000000,0.000000,0.000000,0.00075000
6,102,0.357452,0.000113,111.9243,0.000000,0.000000,0.000000,0.004966,0.000000,0.000000,0.000000,0.00075000
6,103,0.364645,0.000116,110.6883,0.000000,0.000000,0.000000,0.003034,0.000000,0.000000,0.000000,0.00075000
6,104,0.353045,0.000112,112.2185,0.000000,0.000000,0.000000,0.004779,0.000000,0.000000,0.000000,0.00075000
6,105,0.351493,0.000111,110.0682,0.000000,0.000000,0.000000,0.003678,0.000000,0.000000,0.000000,0.00075000
6,106,0.369789,0.000118,110.2606,0.000000,0.000000,0.000000,0.002068,0.000000,0.000000,0.000000,0.00075000
6,107,0.356555,0.000113,111.7253,0.000000,0.000000,0.000000,0.004359,0.000000,0.000000,0.000000,0.00075000
6,108,0.349443,0.000111,110.6412,0.000000,0.000000,0.000000,0.003169,0.000000,0.000000,0.000000,0.00075000
6,109,0.335755,0.000106,110.5416,0.000000,0.000000,0.000000,0.004000,0.000000,0.000000,0.000000,0.00075000
6,110,0.348995,0.000109,113.0256,0.000000,0.000000,0.000000,0.012425,0.000000,0.000000,0.000000,0.00075000
6,111,0.403826,0.000127,99.5943,0.000000,0.000000,0.000000,0.012965,0.000000,0.000000,0.000000,0.00075000
6,112,0.305781,0.000095,103.5571,0.000000,0.000000,0.000000,0.015764,0.000000,0.000000,0.000000,0.00075000
6,113,0.329621,0.000105,108.3934,0.000000,0.000000,0.000000,0.003169,0.000000,0.000000,0.000000,0.00075000
6,114,0.432908,0.000136,117.5098,0.000000,0.000000,0.000000,0.015660,0.000000,0.000000,0.000000,0.00075000
6,115,0.426465,0.000133,120.0284,0.000000,0.000000,0.000000,0.019805,0.000000,0.000000,0.000000,0.00075000
6,116,0.477099,0.000151,116.8661,0.000000,0.000000,0.000000,0.005101,0.000000,0.000000,0.000000,0.00075000
6,117,0.253761,0.000080,94.0713,0.000000,0.000000,0.000000,0.007761,0.000000,0.000000,0.000000,0.00075000
6,118,0.373163,0.000117,113.3097,0.000000,0.000000,0.000000,0.013693,0.000000,0.000000,0.000000,0.00075000
6,119,0.336967,0.000105,89.2155,0.000000,0.000000,0.000000,0.016778,0.000000,0.000000,0.000000,0.00075000
6,120,0.398342,0.000124,123.6391,0.000000,0.000000,0.000000,0.020701,0.000000,0.000000,0.000000,0.00075000
6,121,0.381295,0.000120,110.6839,0.000000,0.000000,0.000000,0.008779,0.000000,0.000000,0.000000,0.00075000
6,122,0.367528,0.000115,117.8576,0.000000,0.000000,0.000000,0.014421,0.000000,0.000000,0.000000,0.00075000
6,123,0.416713,0.000132,110.2269,0.000000,0.000000,0.000000,0.005423,0.000000,0.000000,0.000000,0.00075000
6,124,0.435001,0.000137,120.3426,0.000000,0.000000,0.000000,0.012353,0.000000,0.000000,0.000000,0.00075000
6,125,0.352557,0.000112,103.3535,0.000000,0.000000,0.000000,0.004914,0.000000,0.000000,0.000000,0.00075000
6,126,0.464117,0.000140,101.9939,0.000000,0.000000,0.000000,0.047808,0.000000,0.000000,0.000000,0.00075000
6,127,0.393318,0.000122,116.6006,0.000000,0.000000,0.000000,0.024300,0.000000,0.000000,0.000000,0.00075000
6,128,0.312855,0.000098,107.6362,0.000000,0.000000,0.000000,0.011033,0.000000,0.000000,0.000000,0.00075000
6,129,0.359914,0.000114,121.2810,0.000000,0.000000,0.000000,0.004966,0.000000,0.000000,0.000000,0.00075000
6,130,0.260239,0.000082,112.2656,0.000000,0.000000,0.000000,0.004135,0.000000,0.000000,0.000000,0.00075000
6,131,0.244921,0.000076,103.3831,0.000000,0.000000,0.000000,0.015438,0.000000,0.000000,0.000000,0.00075000
6,132,0.281317,0.000089,121.9893,0.000000,0.000000,0.000000,0.004644,0.000000,0.000000,0.000000,0.00075000
6,133,0.343147,0.000109,130.3527,0.000000,0.000000,0.000000,0.003169,0.000000,0.000000,0.000000,0.00075000
6,134,0.225333,0.000071,121.3623,0.000000,0.000000,0.000000,0.002390,0.000000,0.000000,0.000000,0.00075000
6,135,0.345930,0.000109,119.8617,0.000000,0.000000,0.000000,0.008374,0.000000,0.000000,0.000000,0.00075000
6,136,0.314464,0.000100,127.0925,0.000000,0.000000,0.000000,0.003356,0.000000,0.000000,0.000000,0.00075000
6,137,0.317172,0.000100,106.6159,0.000000,0.000000,0.000000,0.005745,0.000000,0.000000,0.000000,0.00075000
6,138,0.386829,0.000122,124.3647,0.000000,0.000000,0.000000,0.006950,0.000000,0.000000,0.000000,0.00075000
6,139,0.377472,0.000120,116.9392,0.000000,0.000000,0.000000,0.002390,0.000000,0.000000,0.000000,0.00075000
6,140,0.339487,0.000108,109.3511,0.000000,0.000000,0.000000,0.004000,0.000000,0.000000,0.000000,0.00075000
6,141,0.502371,0.000159,119.6272,0.000000,0.000000,0.000000,0.008862,0.000000,0.000000,0.000000,0.00075000
6,142,0.579787,0.000184,115.6319,0.000000,0.000000,0.000000,0.007033,0.000000,0.000000,0.000000,0.00075000
6,143,0.388237,0.000123,111.4668,0.000000,0.000000,0.000000,0.006067,0.000000,0.000000,0.000000,0.00075000
6,144,0.428668,0.000135,112.3200,0.000000,0.000000,0.000000,0.009236,0.000000,0.000000,0.000000,0.00075000
6,145,0.410261,0.000130,104.8521,0.000000,0.000000,0.000000,0.004322,0.000000,0.000000,0.000000,0.00075000
6,146,0.518518,0.000164,118.1422,0.000000,0.000000,0.000000,0.010846,0.000000,0.000000,0.000000,0.00075000
6,147,0.465067,0.000147,114.9086,0.000000,0.000000,0.000000,0.007813,0.000000,0.000000,0.000000,0.00075000
6,148,0.587974,0.000186,126.4744,0.000000,0.000000,0.000000,0.007355,0.000000,0.000000,0.000000,0.00075000
6,149,0.277623,0.000086,104.3867,0.000000,0.000000,0.000000,0.013744,0.000000,0.000000,0.000000,0.00075000
6,150,0.447147,0.000142,112.6117,0.000000,0.000000,0.000000,0.005288,0.000000,0.000000,0.000000,0.00075000
6,151,0.427462,0.000135,127.8947,0.000000,0.000000,0.000000,0.006151,0.000000,0.000000,0.000000,0.00075000
6,152,0.395339,0.000125,120.6367,0.000000,0.000000,0.000000,0.007948,0.000000,0.000000,0.000000,0.00075000
6,153,0.533792,0.000169,125.4782,0.000000,0.000000,0.000000,0.006338,0.000000,0.000000,0.000000,0.00075000
6,154,0.360438,0.000114,101.7668,0.000000,0.000000,0.000000,0.006067,0.000000,0.000000,0.000000,0.00075000
6,155,0.356432,0.000113,111.4054,0.000000,0.000000,0.000000,0.004644,0.000000,0.000000,0.000000,0.00075000
6,156,0.358194,0.000113,103.5709,0.000000,0.000000,0.000000,0.007304,0.000000,0.000000,0.000000,0.00075000
6,157,0.472796,0.000149,106.8830,0.000000,0.000000,0.000000,0.008764,0.000000,0.000000,0.000000,0.00075000
6,158,0.361088,0.000114,109.7680,0.000000,0.000000,0.000000,0.006898,0.000000,0.000000,0.000000,0.00075000
6,159,0.389208,0.000122,121.3792,0.000000,0.000000,0.000000,0.011168,0.000000,0.000000,0.000000,0.00075000
6,160,0.383278,0.000121,115.9175,0.000000,0.000000,0.000000,0.006711,0.000000,0.000000,0.000000,0.00075000
6,161,0.450421,0.000142,119.8170,0.000000,0.000000,0.000000,0.008965,0.000000,0.000000,0.000000,0.00075000
6,162,0.338850,0.000107,110.6097,0.000000,0.000000,0.000000,0.004966,0.000000,0.000000,0.000000,0.00075000
6,163,0.335081,0.000106,119.0445,0.000000,0.000000,0.000000,0.004779,0.000000,0.000000,0.000000,0.00075000
6,164,0.495881,0.000157,120.3615,0.000000,0.000000,0.000000,0.007761,0.000000,0.000000,0.000000,0.00075000
6,165,0.298774,0.000094,104.3335,0.000000,0.000000,0.000000,0.007220,0.000000,0.000000,0.000000,0.00075000
6,166,0.419896,0.000133,120.7717,0.000000,0.000000,0.000000,0.004457,0.000000,0.000000,0.000000,0.00075000
6,167,0.335331,0.000106,124.0392,0.000000,0.000000,0.000000,0.007033,0.000000,0.000000,0.000000,0.00075000
6,168,0.385987,0.000123,112.2281,0.000000,0.000000,0.000000,0.002847,0.000000,0.000000,0.000000,0.00075000
6,169,0.313274,0.000098,106.1539,0.000000,0.000000,0.000000,0.009371,0.000000,0.000000,0.000000,0.00075000
6,170,0.360723,0.000115,122.7439,0.000000,0.000000,0.000000,0.003034,0.000000,0.000000,0.000000,0.00075000
6,171,0.326979,0.000101,101.0499,0.000000,0.000000,0.000000,0.021839,0.000000,0.000000,0.000000,0.00075000
6,172,0.361860,0.000112,111.7951,0.000000,0.000000,0.000000,0.023907,0.000000,0.000000,0.000000,0.00075000
6,173,0.463743,0.000147,123.6230,0.000000,0.000000,0.000000,0.007813,0.000000,0.000000,0.000000,0.00075000
6,174,0.287417,0.000091,109.1962,0.000000,0.000000,0.000000,0.003678,0.000000,0.000000,0.000000,0.00075000
6,175,0.361446,0.000111,99.1969,0.000000,0.000000,0.000000,0.024313,0.000000,0.000000,0.000000,0.00075000
6,176,0.442513,0.000140,108.2995,0.000000,0.000000,0.000000,0.010015,0.000000,0.000000,0.000000,0.00075000
6,177,0.332357,0.000100,99.9751,0.000000,0.000000,0.000000,0.040399,0.000000,0.000000,0.000000,0.00075000
6,178,0.237107,0.000074,108.6175,0.000000,0.000000,0.000000,0.008643,0.000000,0.000000,0.000000,0.00075000
6,179,0.214937,0.000067,113.1887,0.000000,0.000000,0.000000,0.009216,0.000000,0.000000,0.000000,0.00075000
6,180,0.235108,0.000073,110.3271,0.000000,0.000000,0.000000,0.013506,0.000000,0.000000,0.000000,0.00075000
6,181,0.268865,0.000084,106.0492,0.000000,0.000000,0.000000,0.011387,0.000000,0.000000,0.000000,0.00075000
6,182,0.422499,0.000133,124.4673,0.000000,0.000000,0.000000,0.010981,0.000000,0.000000,0.000000,0.00075000
6,183,0.245423,0.000077,104.2633,0.000000,0.000000,0.000000,0.006576,0.000000,0.000000,0.000000,0.00075000
6,184,0.246423,0.000077,107.9376,0.000000,0.000000,0.000000,0.010150,0.000000,0.000000,0.000000,0.00075000
6,185,0.279254,0.000089,105.6625,0.000000,0.000000,0.000000,0.002712,0.000000,0.000000,0.000000,0.00075000
6,186,0.336193,0.000106,110.8761,0.000000,0.000000,0.000000,0.010608,0.000000,0.000000,0.000000,0.00075000
6,187,0.264855,0.000084,109.0222,0.000000,0.000000,0.000000,0.004457,0.000000,0.000000,0.000000,0.00075000
6,188,0.408164,0.000127,124.7458,0.000000,0.000000,0.000000,0.020249,0.000000,0.000000,0.000000,0.00075000
6,189,0.365987,0.000115,119.4640,0.000000,0.000000,0.000000,0.009423,0.000000,0.000000,0.000000,0.00075000
6,190,0.404808,0.000128,110.6831,0.000000,0.000000,0.000000,0.008321,0.000000,0.000000,0.000000,0.00075000
6,191,0.252910,0.000078,108.0949,0.000000,0.000000,0.000000,0.014692,0.000000,0.000000,0.000000,0.00075000
6,192,0.229153,0.000072,119.2626,0.000000,0.000000,0.000000,0.003678,0.000000,0.000000,0.000000,0.00075000
6,193,0.326880,0.000103,111.2415,0.000000,0.000000,0.000000,0.008218,0.000000,0.000000,0.000000,0.00075000
6,194,0.298577,0.000094,122.0914,0.000000,0.000000,0.000000,0.009609,0.000000,0.000000,0.000000,0.00075000
6,195,0.295645,0.000094,117.0217,0.000000,0.000000,0.000000,0.003678,0.000000,0.000000,0.000000,0.00075000
6,196,0.269109,0.000085,110.2562,0.000000,0.000000,0.000000,0.004322,0.000000,0.000000,0.000000,0.00075000
6,197,0.383550,0.000121,125.2466,0.000000,0.000000,0.000000,0.009609,0.000000,0.000000,0.000000,0.00075000
6,198,0.281939,0.000089,113.8807,0.000000,0.000000,0.000000,0.007117,0.000000,0.000000,0.000000,0.00075000
6,199,0.256404,0.000081,111.2964,0.000000,0.000000,0.000000,0.002390,0.000000,0.000000,0.000000,0.00075000
6,200,0.212471,0.000067,104.1815,0.000000,0.000000,0.000000,0.003034,0.000000,0.000000,0.000000,0.00075000
6,201,0.325522,0.000103,121.2103,0.000000,0.000000,0.000000,0.005932,0.000000,0.000000,0.000000,0.00075000
6,202,0.213327,0.000068,111.6997,0.000000,0.000000,0.000000,0.002068,0.000000,0.000000,0.000000,0.00075000
6,203,0.301237,0.000094,110.3984,0.000000,0.000000,0.000000,0.011252,0.000000,0.000000,0.000000,0.00075000
6,204,0.332547,0.000101,103.6534,0.000000,0.000000,0.000000,0.032582,0.000000,0.000000,0.000000,0.00075000
6,205,0.330297,0.000102,121.4012,0.000000,0.000000,0.000000,0.019167,0.000000,0.000000,0.000000,0.00075000
6,206,0.298650,0.000093,118.2775,0.000000,0.000000,0.000000,0.011148,0.000000,0.000000,0.000000,0.00075000
6,207,0.311336,0.000093,105.0962,0.000000,0.000000,0.000000,0.036840,0.000000,0.000000,0.000000,0.00075000
6,208,0.435897,0.000136,122.9105,0.000000,0.000000,0.000000,0.020030,0.000000,0.000000,0.000000,0.00075000
6,209,0.259758,0.000080,103.1424,0.000000,0.000000,0.000000,0.017287,0.000000,0.000000,0.000000,0.00075000
6,210,0.254650,0.000079,114.9993,0.000000,0.000000,0.000000,0.013879,0.000000,0.000000,0.000000,0.00075000
6,211,0.306156,0.000097,109.0359,0.000000,0.000000,0.000000,0.006576,0.000000,0.000000,0.000000,0.00075000
6,212,0.233766,0.000074,110.9777,0.000000,0.000000,0.000000,0.004966,0.000000,0.000000,0.000000,0.00075000
6,213,0.261590,0.000083,118.5566,0.000000,0.000000,0.000000,0.004457,0.000000,0.000000,0.000000,0.00075000
6,214,0.242578,0.000077,108.5525,0.000000,0.000000,0.000000,0.004322,0.000000,0.000000,0.000000,0.00075000
6,215,0.340062,0.000107,95.9976,0.000000,0.000000,0.000000,0.007033,0.000000,0.000000,0.000000,0.00075000
6,216,0.415423,0.000132,113.5714,0.000000,0.000000,0.000000,0.005932,0.000000,0.000000,0.000000,0.00075000
6,217,0.377468,0.000120,105.8937,0.000000,0.000000,0.000000,0.004135,0.000000,0.000000,0.000000,0.00075000
6,218,0.259879,0.000082,119.1746,0.000000,0.000000,0.000000,0.004000,0.000000,0.000000,0.000000,0.00075000
6,219,0.402661,0.000128,122.2724,0.000000,0.000000,0.000000,0.003356,0.000000,0.000000,0.000000,0.00075000
6,220,0.342177,0.000108,98.5214,0.000000,0.000000,0.000000,0.007813,0.000000,0.000000,0.000000,0.00075000
6,221,0.312161,0.000099,117.6450,0.000000,0.000000,0.000000,0.004457,0.000000,0.000000,0.000000,0.00075000
6,222,0.280288,0.000089,103.4963,0.000000,0.000000,0.000000,0.005101,0.000000,0.000000,0.000000,0.00075000
6,223,0.322181,0.000102,119.5616,0.000000,0.000000,0.000000,0.003034,0.000000,0.000000,0.000000,0.00075000
6,224,0.270987,0.000086,111.9087,0.000000,0.000000,0.000000,0.004322,0.000000,0.000000,0.000000,0.00075000
6,225,0.327019,0.000104,110.7907,0.000000,0.000000,0.000000,0.003678,0.000000,0.000000,0.000000,0.00075000
6,226,0.414898,0.000131,115.1776,0.000000,0.000000,0.000000,0.006067,0.000000,0.000000,0.000000,0.00075000
6,227,0.364272,0.000116,122.1169,0.000000,0.000000,0.000000,0.003169,0.000000,0.000000,0.000000,0.00075000
6,228,0.253626,0.000080,123.6058,0.000000,0.000000,0.000000,0.003626,0.000000,0.000000,0.000000,0.00075000
6,229,0.398452,0.000127,121.3757,0.000000,0.000000,0.000000,0.002795,0.000000,0.000000,0.000000,0.00075000
6,230,0.299889,0.000095,99.6684,0.000000,0.000000,0.000000,0.004592,0.000000,0.000000,0.000000,0.00075000
6,231,0.270001,0.000086,100.0771,0.000000,0.000000,0.000000,0.003496,0.000000,0.000000,0.000000,0.00075000
6,232,0.287092,0.000090,100.2311,0.000000,0.000000,0.000000,0.007948,0.000000,0.000000,0.000000,0.00075000
6,233,0.214713,0.000068,96.3734,0.000000,0.000000,0.000000,0.004135,0.000000,0.000000,0.000000,0.00075000
6,234,0.245830,0.000078,104.2268,0.000000,0.000000,0.000000,0.004644,0.000000,0.000000,0.000000,0.00075000
6,235,0.351904,0.000112,100.1302,0.000000,0.000000,0.000000,0.002712,0.000000,0.000000,0.000000,0.00075000
6,236,0.292448,0.000093,110.4664,0.000000,0.000000,0.000000,0.002068,0.000000,0.000000,0.000000,0.00075000
6,237,0.530268,0.000167,128.4440,0.000000,0.000000,0.000000,0.015118,0.000000,0.000000,0.000000,0.00075000
6,238,0.335359,0.000104,113.1751,0.000000,0.000000,0.000000,0.018024,0.000000,0.000000,0.000000,0.00075000
6,239,0.330132,0.000105,111.0460,0.000000,0.000000,0.000000,0.003813,0.000000,0.000000,0.000000,0.00075000
6,240,0.221691,0.000070,115.8893,0.000000,0.000000,0.000000,0.005932,0.000000,0.000000,0.000000,0.00075000
6,241,0.453943,0.000142,122.5832,0.000000,0.000000,0.000000,0.016120,0.000000,0.000000,0.000000,0.00075000
6,242,0.479658,0.000152,119.9947,0.000000,0.000000,0.000000,0.006254,0.000000,0.000000,0.000000,0.00075000
6,243,0.424295,0.000135,104.2285,0.000000,0.000000,0.000000,0.004966,0.000000,0.000000,0.000000,0.00075000
6,244,0.352510,0.000111,118.0702,0.000000,0.000000,0.000000,0.005932,0.000000,0.000000,0.000000,0.00075000
6,245,0.317875,0.000101,106.1782,0.000000,0.000000,0.000000,0.004322,0.000000,0.000000,0.000000,0.00075000
6,246,0.346672,0.000110,122.9824,0.000000,0.000000,0.000000,0.004727,0.000000,0.000000,0.000000,0.00075000
6,247,0.366676,0.000117,110.3754,0.000000,0.000000,0.000000,0.002068,0.000000,0.000000,0.000000,0.00075000
6,248,0.420896,0.000132,120.3517,0.000000,0.000000,0.000000,0.011084,0.000000,0.000000,0.000000,0.00075000
6,249,0.340603,0.000108,112.9977,0.000000,0.000000,0.000000,0.005236,0.000000,0.000000,0.000000,0.00075000
6,250,0.273352,0.000086,111.4531,0.000000,0.000000,0.000000,0.009693,0.000000,0.000000,0.000000,0.00075000
6,251,0.232629,0.000073,108.8697,0.000000,0.000000,0.000000,0.005101,0.000000,0.000000,0.000000,0.00075000
6,252,0.239001,0.000076,121.8099,0.000000,0.000000,0.000000,0.004135,0.000000,0.000000,0.000000,0.00075000
6,253,0.300802,0.000095,114.6581,0.000000,0.000000,0.000000,0.004644,0.000000,0.000000,0.000000,0.00075000
6,254,0.283316,0.000090,104.3544,0.000000,0.000000,0.000000,0.003034,0.000000,0.000000,0.000000,0.00075000
6,255,0.239308,0.000076,117.2828,0.000000,0.000000,0.000000,0.001746,0.000000,0.000000,0.000000,0.00075000
6,256,0.322640,0.000102,111.4511,0.000000,0.000000,0.000000,0.004270,0.000000,0.000000,0.000000,0.00075000
6,257,0.317569,0.000101,123.3356,0.000000,0.000000,0.000000,0.003356,0.000000,0.000000,0.000000,0.00075000
6,258,0.224888,0.000071,105.6220,0.000000,0.000000,0.000000,0.002068,0.000000,0.000000,0.000000,0.00075000
6,259,0.258888,0.000082,120.0000,0.000000,0.000000,0.000000,0.002390,0.000000,0.000000,0.000000,0.00075000
6,260,0.320760,0.000102,126.6432,0.000000,0.000000,0.000000,0.002068,0.000000,0.000000,0.000000,0.00075000
6,261,0.289042,0.000092,118.2463,0.000000,0.000000,0.000000,0.001746,0.000000,0.000000,0.000000,0.00075000
6,262,0.224876,0.000071,111.3353,0.000000,0.000000,0.000000,0.001746,0.000000,0.000000,0.000000,0.00075000
6,263,0.210796,0.000067,111.0484,0.000000,0.000000,0.000000,0.002712,0.000000,0.000000,0.000000,0.00075000
6,264,0.236676,0.000075,117.8469,0.000000,0.000000,0.000000,0.002068,0.000000,0.000000,0.000000,0.00075000
6,265,0.272330,0.000086,120.1728,0.000000,0.000000,0.000000,0.002390,0.000000,0.000000,0.000000,0.00075000
6,266,0.350671,0.000111,124.4133,0.000000,0.000000,0.000000,0.002390,0.000000,0.000000,0.000000,0.00075000
6,267,0.296252,0.000094,108.6380,0.000000,0.000000,0.000000,0.005527,0.000000,0.000000,0.000000,0.00075000
6,268,0.381659,0.000121,113.5054,0.000000,0.000000,0.000000,0.004322,0.000000,0.000000,0.000000,0.00075000
6,269,0.323924,0.000102,111.3327,0.000000,0.000000,0.000000,0.006795,0.000000,0.000000,0.000000,0.00075000
6,270,0.361956,0.000113,110.3969,0.000000,0.000000,0.000000,0.012410,0.000000,0.000000,0.000000,0.00075000
6,271,0.419152,0.000132,109.1787,0.000000,0.000000,0.000000,0.012695,0.000000,0.000000,0.000000,0.00075000
6,272,0.359019,0.000114,114.8638,0.000000,0.000000,0.000000,0.004000,0.000000,0.000000,0.000000,0.00075000
6,273,0.343559,0.000107,108.4250,0.000000,0.000000,0.000000,0.016385,0.000000,0.000000,0.000000,0.00075000
6,274,0.342703,0.000105,112.1258,0.000000,0.000000,0.000000,0.025080,0.000000,0.000000,0.000000,0.00075000
6,275,0.279621,0.000087,103.2195,0.000000,0.000000,0.000000,0.015032,0.000000,0.000000,0.000000,0.00075000
6,276,0.344232,0.000108,103.5536,0.000000,0.000000,0.000000,0.010067,0.000000,0.000000,0.000000,0.00075000
6,277,0.305958,0.000097,108.9904,0.000000,0.000000,0.000000,0.004000,0.000000,0.000000,0.000000,0.00075000
6,278,0.240012,0.000076,109.8236,0.000000,0.000000,0.000000,0.006254,0.000000,0.000000,0.000000,0.00075000
6,279,0.390689,0.000124,119.6858,0.000000,0.000000,0.000000,0.002390,0.000000,0.000000,0.000000,0.00075000
6,280,0.293016,0.000093,121.3789,0.000000,0.000000,0.000000,0.002390,0.000000,0.000000,0.000000,0.00075000
6,281,0.417420,0.000132,109.6998,0.000000,0.000000,0.000000,0.005101,0.000000,0.000000,0.000000,0.00075000
6,282,0.434383,0.000135,117.6919,0.000000,0.000000,0.000000,0.024403,0.000000,0.000000,0.000000,0.00075000
6,283,0.328173,0.000103,112.2894,0.000000,0.000000,0.000000,0.010981,0.000000,0.000000,0.000000,0.00075000
6,284,0.364700,0.000110,116.3444,0.000000,0.000000,0.000000,0.039536,0.000000,0.000000,0.000000,0.00075000
6,285,0.295742,0.000093,110.4418,0.000000,0.000000,0.000000,0.009609,0.000000,0.000000,0.000000,0.00075000
6,286,0.378588,0.000114,118.0266,0.000000,0.000000,0.000000,0.040092,0.000000,0.000000,0.000000,0.00075000
6,287,0.312923,0.000099,122.8098,0.000000,0.000000,0.000000,0.004322,0.000000,0.000000,0.000000,0.00075000
6,288,0.250207,0.000079,121.8681,0.000000,0.000000,0.000000,0.004966,0.000000,0.000000,0.000000,0.00075000
6,289,0.278617,0.000087,120.2509,0.000000,0.000000,0.000000,0.009319,0.000000,0.000000,0.000000,0.00075000
6,290,0.233250,0.000074,112.2213,0.000000,0.000000,0.000000,0.003356,0.000000,0.000000,0.000000,0.00075000
6,291,0.236164,0.000074,113.0113,0.000000,0.000000,0.000000,0.006389,0.000000,0.000000,0.000000,0.00075000
6,292,0.239721,0.000076,126.1447,0.000000,0.000000,0.000000,0.002712,0.000000,0.000000,0.000000,0.00075000
6,293,0.332488,0.000105,109.9175,0.000000,0.000000,0.000000,0.009423,0.000000,0.000000,0.000000,0.00075000
6,294,0.294311,0.000093,107.6763,0.000000,0.000000,0.000000,0.002847,0.000000,0.000000,0.000000,0.00075000
6,295,0.251462,0.000080,109.6674,0.000000,0.000000,0.000000,0.001746,0.000000,0.000000,0.000000,0.00075000
6,296,0.437486,0.000138,122.3300,0.000000,0.000000,0.000000,0.007137,0.000000,0.000000,0.000000,0.00075000
6,297,0.339803,0.000108,119.4970,0.000000,0.000000,0.000000,0.004322,0.000000,0.000000,0.000000,0.00075000
6,298,0.435804,0.000136,111.2297,0.000000,0.000000,0.000000,0.021048,0.000000,0.000000,0.000000,0.00075000
6,299,0.303891,0.000095,115.4740,0.000000,0.000000,0.000000,0.010576,0.000000,0.000000,0.000000,0.00075000
6,300,0.216916,0.000068,115.6606,0.000000,0.000000,0.000000,0.009423,0.000000,0.000000,0.000000,0.00075000
6,301,0.500391,0.000158,124.0577,0.000000,0.000000,0.000000,0.006982,0.000000,0.000000,0.000000,0.00075000
6,302,0.324990,0.000103,107.7144,0.000000,0.000000,0.000000,0.007033,0.000000,0.000000,0.000000,0.00075000
6,303,0.298450,0.000094,103.3927,0.000000,0.000000,0.000000,0.004966,0.000000,0.000000,0.000000,0.00075000
6,304,0.335036,0.000106,106.2620,0.000000,0.000000,0.000000,0.004966,0.000000,0.000000,0.000000,0.00075000
6,305,0.369973,0.000117,125.1996,0.000000,0.000000,0.000000,0.005610,0.000000,0.000000,0.000000,0.00075000
6,306,0.257035,0.000081,113.1574,0.000000,0.000000,0.000000,0.003034,0.000000,0.000000,0.000000,0.00075000
6,307,0.227887,0.000072,114.0748,0.000000,0.000000,0.000000,0.006846,0.000000,0.000000,0.000000,0.00075000
6,308,0.396284,0.000126,123.6531,0.000000,0.000000,0.000000,0.005101,0.000000,0.000000,0.000000,0.00075000
6,309,0.416505,0.000132,118.6013,0.000000,0.000000,0.000000,0.007220,0.000000,0.000000,0.000000,0.00075000
6,310,0.259248,0.000082,105.7009,0.000000,0.000000,0.000000,0.004322,0.000000,0.000000,0.000000,0.00075000
6,311,0.268692,0.000085,125.1938,0.000000,0.000000,0.000000,0.004000,0.000000,0.000000,0.000000,0.00075000
6,312,0.331843,0.000105,121.4816,0.000000,0.000000,0.000000,0.005288,0.000000,0.000000,0.000000,0.00075000
6,313,0.341796,0.000105,106.8183,0.000000,0.000000,0.000000,0.026148,0.000000,0.000000,0.000000,0.00075000
6,314,0.334864,0.000106,112.4270,0.000000,0.000000,0.000000,0.004644,0.000000,0.000000,0.000000,0.00075000
6,315,0.418218,0.000128,115.7187,0.000000,0.000000,0.000000,0.032969,0.000000,0.000000,0.000000,0.00075000
6,316,0.286239,0.000090,117.8597,0.000000,0.000000,0.000000,0.008965,0.000000,0.000000,0.000000,0.00075000
6,317,0.289077,0.000091,114.3835,0.000000,0.000000,0.000000,0.005101,0.000000,0.000000,0.000000,0.00075000
6,318,0.268867,0.000083,91.5723,0.000000,0.000000,0.000000,0.014420,0.000000,0.000000,0.000000,0.00075000
6,319,0.315654,0.000100,109.7941,0.000000,0.000000,0.000000,0.006338,0.000000,0.000000,0.000000,0.00075000
6,320,0.266178,0.000083,104.2228,0.000000,0.000000,0.000000,0.014575,0.000000,0.000000,0.000000,0.00075000
6,321,0.387134,0.000121,115.0971,0.000000,0.000000,0.000000,0.013054,0.000000,0.000000,0.000000,0.00075000
6,322,0.231861,0.000073,119.3207,0.000000,0.000000,0.000000,0.005558,0.000000,0.000000,0.000000,0.00075000
6,323,0.319690,0.000101,107.6231,0.000000,0.000000,0.000000,0.004000,0.000000,0.000000,0.000000,0.00075000
6,324,0.467371,0.000148,118.5047,0.000000,0.000000,0.000000,0.004322,0.000000,0.000000,0.000000,0.00075000
6,325,0.395048,0.000125,118.5146,0.000000,0.000000,0.000000,0.005745,0.000000,0.000000,0.000000,0.00075000
6,326,0.339858,0.000108,121.3159,0.000000,0.000000,0.000000,0.002390,0.000000,0.000000,0.000000,0.00075000
6,327,0.302370,0.000096,115.5034,0.000000,0.000000,0.000000,0.003356,0.000000,0.000000,0.000000,0.00075000
6,328,0.415951,0.000132,118.5685,0.000000,0.000000,0.000000,0.005101,0.000000,0.000000,0.000000,0.00075000
6,329,0.502548,0.000159,114.9827,0.000000,0.000000,0.000000,0.004779,0.000000,0.000000,0.000000,0.00075000
6,330,0.280796,0.000089,117.0422,0.000000,0.000000,0.000000,0.002068,0.000000,0.000000,0.000000,0.00075000
6,331,0.276677,0.000088,123.1850,0.000000,0.000000,0.000000,0.003034,0.000000,0.000000,0.000000,0.00075000
6,332,0.403806,0.000128,120.8304,0.000000,0.000000,0.000000,0.003169,0.000000,0.000000,0.000000,0.00075000
6,333,0.338496,0.000107,119.5515,0.000000,0.000000,0.000000,0.003034,0.000000,0.000000,0.000000,0.00075000
6,334,0.321079,0.000102,118.4818,0.000000,0.000000,0.000000,0.004135,0.000000,0.000000,0.000000,0.00075000
6,335,0.349074,0.000111,105.9134,0.000000,0.000000,0.000000,0.004644,0.000000,0.000000,0.000000,0.00075000
6,336,0.310612,0.000099,119.3167,0.000000,0.000000,0.000000,0.003356,0.000000,0.000000,0.000000,0.00075000
6,337,0.299884,0.000095,111.0484,0.000000,0.000000,0.000000,0.001746,0.000000,0.000000,0.000000,0.00075000
6,338,0.284428,0.000090,117.4220,0.000000,0.000000,0.000000,0.002068,0.000000,0.000000,0.000000,0.00075000
6,339,0.323546,0.000102,111.3554,0.000000,0.000000,0.000000,0.004966,0.000000,0.000000,0.000000,0.00075000
6,340,0.288982,0.000092,107.2796,0.000000,0.000000,0.000000,0.002390,0.000000,0.000000,0.000000,0.00075000
6,341,0.310030,0.000099,106.9772,0.000000,0.000000,0.000000,0.001746,0.000000,0.000000,0.000000,0.00075000
6,342,0.287798,0.000091,119.2752,0.000000,0.000000,0.000000,0.002390,0.000000,0.000000,0.000000,0.00075000
6,343,0.458889,0.000145,123.9597,0.000000,0.000000,0.000000,0.007677,0.000000,0.000000,0.000000,0.00075000
6,344,0.359127,0.000113,125.3630,0.000000,0.000000,0.000000,0.007117,0.000000,0.000000,0.000000,0.00075000
6,345,0.305308,0.000096,125.9998,0.000000,0.000000,0.000000,0.006389,0.000000,0.000000,0.000000,0.00075000
6,346,0.325560,0.000103,122.4768,0.000000,0.000000,0.000000,0.005423,0.000000,0.000000,0.000000,0.00075000
6,347,0.329710,0.000105,129.4075,0.000000,0.000000,0.000000,0.002847,0.000000,0.000000,0.000000,0.00075000
6,348,0.273049,0.000087,108.7871,0.000000,0.000000,0.000000,0.002390,0.000000,0.000000,0.000000,0.00075000
6,349,0.311195,0.000099,122.6682,0.000000,0.000000,0.000000,0.003678,0.000000,0.000000,0.000000,0.00075000
6,350,0.227216,0.000071,100.6218,0.000000,0.000000,0.000000,0.006711,0.000000,0.000000,0.000000,0.00075000
6,351,0.244072,0.000077,116.3613,0.000000,0.000000,0.000000,0.007677,0.000000,0.000000,0.000000,0.00075000
6,352,0.268210,0.000085,116.7335,0.000000,0.000000,0.000000,0.003626,0.000000,0.000000,0.000000,0.00075000
6,353,0.233136,0.000071,108.2445,0.000000,0.000000,0.000000,0.020094,0.000000,0.000000,0.000000,0.00075000
6,354,0.300536,0.000094,101.6669,0.000000,0.000000,0.000000,0.013995,0.000000,0.000000,0.000000,0.00075000
6,355,0.289084,0.000086,104.4695,0.000000,0.000000,0.000000,0.041301,0.000000,0.000000,0.000000,0.00075000
6,356,0.220742,0.000063,100.9372,0.000000,0.000000,0.000000,0.047113,0.000000,0.000000,0.000000,0.00075000
6,357,0.294014,0.000093,102.8477,0.000000,0.000000,0.000000,0.004644,0.000000,0.000000,0.000000,0.00075000
6,358,0.220307,0.000067,108.1921,0.000000,0.000000,0.000000,0.021439,0.000000,0.000000,0.000000,0.00075000
6,359,0.247920,0.000077,120.1858,0.000000,0.000000,0.000000,0.013995,0.000000,0.000000,0.000000,0.00075000
6,360,0.283913,0.000089,115.2609,0.000000,0.000000,0.000000,0.008779,0.000000,0.000000,0.000000,0.00075000
6,361,0.245117,0.000077,110.4534,0.000000,0.000000,0.000000,0.009590,0.000000,0.000000,0.000000,0.00075000
6,362,0.266473,0.000083,106.3506,0.000000,0.000000,0.000000,0.014420,0.000000,0.000000,0.000000,0.00075000
6,363,0.254716,0.000080,112.0819,0.000000,0.000000,0.000000,0.005101,0.000000,0.000000,0.000000,0.00075000
6,364,0.264315,0.000084,115.1889,0.000000,0.000000,0.000000,0.004322,0.000000,0.000000,0.000000,0.00075000
6,365,0.296905,0.000093,111.7582,0.000000,0.000000,0.000000,0.013319,0.000000,0.000000,0.000000,0.00075000
6,366,0.301236,0.000096,123.6291,0.000000,0.000000,0.000000,0.003034,0.000000,0.000000,0.000000,0.00075000
6,367,0.255638,0.000081,104.4038,0.000000,0.000000,0.000000,0.004966,0.000000,0.000000,0.000000,0.00075000
6,368,0.388441,0.000122,111.4513,0.000000,0.000000,0.000000,0.011999,0.000000,0.000000,0.000000,0.00075000
6,369,0.265951,0.000084,104.4595,0.000000,0.000000,0.000000,0.003678,0.000000,0.000000,0.000000,0.00075000
6,370,0.294193,0.000093,103.7526,0.000000,0.000000,0.000000,0.005880,0.000000,0.000000,0.000000,0.00075000
6,371,0.238408,0.000076,107.2134,0.000000,0.000000,0.000000,0.002068,0.000000,0.000000,0.000000,0.00075000
6,372,0.492082,0.000156,100.7968,0.000000,0.000000,0.000000,0.005018,0.000000,0.000000,0.000000,0.00075000
6,373,0.277164,0.000088,104.8181,0.000000,0.000000,0.000000,0.003169,0.000000,0.000000,0.000000,0.00075000
6,374,0.269727,0.000085,116.7219,0.000000,0.000000,0.000000,0.008135,0.000000,0.000000,0.000000,0.00075000
6,375,0.303142,0.000096,124.7333,0.000000,0.000000,0.000000,0.004135,0.000000,0.000000,0.000000,0.00075000
6,376,0.275737,0.000087,111.0322,0.000000,0.000000,0.000000,0.003356,0.000000,0.000000,0.000000,0.00075000
6,377,0.281462,0.000089,125.4050,0.000000,0.000000,0.000000,0.006982,0.000000,0.000000,0.000000,0.00075000
6,378,0.281876,0.000089,108.4591,0.000000,0.000000,0.000000,0.005932,0.000000,0.000000,0.000000,0.00075000
6,379,0.294268,0.000092,104.4823,0.000000,0.000000,0.000000,0.010390,0.000000,0.000000,0.000000,0.00075000
6,380,0.253864,0.000080,114.2852,0.000000,0.000000,0.000000,0.004457,0.000000,0.000000,0.000000,0.00075000
6,381,0.262659,0.000083,101.7987,0.000000,0.000000,0.000000,0.003034,0.000000,0.000000,0.000000,0.00075000
6,382,0.232367,0.000073,110.8377,0.000000,0.000000,0.000000,0.006016,0.000000,0.000000,0.000000,0.00075000
6,383,0.302826,0.000096,115.8378,0.000000,0.000000,0.000000,0.003678,0.000000,0.000000,0.000000,0.00075000
6,384,0.275526,0.000087,112.3460,0.000000,0.000000,0.000000,0.005101,0.000000,0.000000,0.000000,0.00075000
6,385,0.262024,0.000083,123.4609,0.000000,0.000000,0.000000,0.005288,0.000000,0.000000,0.000000,0.00075000
6,386,0.254952,0.000081,109.7658,0.000000,0.000000,0.000000,0.002068,0.000000,0.000000,0.000000,0.00075000
6,387,0.278897,0.000088,120.1869,0.000000,0.000000,0.000000,0.003034,0.000000,0.000000,0.000000,0.00075000
6,388,0.252443,0.000080,115.7560,0.000000,0.000000,0.000000,0.002390,0.000000,0.000000,0.000000,0.00075000
6,389,0.266041,0.000084,112.4780,0.000000,0.000000,0.000000,0.002390,0.000000,0.000000,0.000000,0.00075000
6,390,0.222113,0.000070,117.9891,0.000000,0.000000,0.000000,0.003034,0.000000,0.000000,0.000000,0.00075000
6,391,0.292073,0.000093,117.4933,0.000000,0.000000,0.000000,0.003948,0.000000,0.000000,0.000000,0.00075000
6,392,0.428824,0.000136,128.7173,0.000000,0.000000,0.000000,0.004779,0.000000,0.000000,0.000000,0.00075000
6,393,0.272591,0.000086,112.2241,0.000000,0.000000,0.000000,0.008186,0.000000,0.000000,0.000000,0.00075000
6,394,0.274118,0.000086,117.8835,0.000000,0.000000,0.000000,0.007490,0.000000,0.000000,0.000000,0.00075000
6,395,0.325019,0.000103,119.0488,0.000000,0.000000,0.000000,0.003034,0.000000,0.000000,0.000000,0.00075000
6,396,0.225503,0.000072,119.7127,0.000000,0.000000,0.000000,0.002068,0.000000,0.000000,0.000000,0.00075000
6,397,0.197442,0.000062,115.3938,0.000000,0.000000,0.000000,0.003356,0.000000,0.000000,0.000000,0.00075000
6,398,0.367496,0.000117,120.9654,0.000000,0.000000,0.000000,0.003813,0.000000,0.000000,0.000000,0.00075000
6,399,0.287579,0.000091,121.6314,0.000000,0.000000,0.000000,0.003034,0.000000,0.000000,0.000000,0.00075000
6,400,0.233752,0.000074,113.1048,0.000000,0.000000,0.000000,0.006473,0.000000,0.000000,0.000000,0.00075000
6,401,0.315585,0.000100,124.2502,0.000000,0.000000,0.000000,0.003678,0.000000,0.000000,0.000000,0.00075000
6,402,0.383908,0.000121,111.8711,0.000000,0.000000,0.000000,0.006016,0.000000,0.000000,0.000000,0.00075000
6,403,0.232240,0.000074,120.8915,0.000000,0.000000,0.000000,0.003356,0.000000,0.000000,0.000000,0.00075000
6,404,0.277258,0.000088,111.4471,0.000000,0.000000,0.000000,0.003491,0.000000,0.000000,0.000000,0.00075000
6,405,0.214188,0.000068,108.0856,0.000000,0.000000,0.000000,0.003034,0.000000,0.000000,0.000000,0.00075000
6,406,0.265178,0.000084,111.2964,0.000000,0.000000,0.000000,0.004000,0.000000,0.000000,0.000000,0.00075000
6,407,0.422720,0.000133,107.6280,0.000000,0.000000,0.000000,0.010202,0.000000,0.000000,0.000000,0.00075000
6,408,0.321688,0.000102,119.1941,0.000000,0.000000,0.000000,0.005423,0.000000,0.000000,0.000000,0.00075000
6,409,0.375280,0.000119,109.2720,0.000000,0.000000,0.000000,0.002712,0.000000,0.000000,0.000000,0.00075000
6,410,0.372813,0.000118,122.2503,0.000000,0.000000,0.000000,0.002712,0.000000,0.000000,0.000000,0.00075000
6,411,0.347071,0.000110,108.5989,0.000000,0.000000,0.000000,0.003491,0.000000,0.000000,0.000000,0.00075000
6,412,0.393708,0.000125,123.8922,0.000000,0.000000,0.000000,0.002068,0.000000,0.000000,0.000000,0.00075000
6,413,0.299448,0.000092,98.6804,0.000000,0.000000,0.000000,0.024996,0.000000,0.000000,0.000000,0.00075000
6,414,0.274395,0.000080,117.4674,0.000000,0.000000,0.000000,0.044236,0.000000,0.000000,0.000000,0.00075000
6,415,0.281418,0.000087,104.6684,0.000000,0.000000,0.000000,0.017626,0.000000,0.000000,0.000000,0.00075000
6,416,0.278612,0.000083,106.0598,0.000000,0.000000,0.000000,0.039308,0.000000,0.000000,0.000000,0.00075000
6,417,0.256392,0.000080,123.3831,0.000000,0.000000,0.000000,0.008540,0.000000,0.000000,0.000000,0.00075000
6,418,0.311152,0.000095,118.5819,0.000000,0.000000,0.000000,0.024300,0.000000,0.000000,0.000000,0.00075000
6,419,0.235417,0.000074,112.5411,0.000000,0.000000,0.000000,0.004000,0.000000,0.000000,0.000000,0.00075000
6,420,0.228088,0.000072,113.4043,0.000000,0.000000,0.000000,0.007220,0.000000,0.000000,0.000000,0.00075000
6,421,0.261190,0.000082,120.4786,0.000000,0.000000,0.000000,0.008965,0.000000,0.000000,0.000000,0.00075000
6,422,0.437883,0.000139,107.1844,0.000000,0.000000,0.000000,0.005745,0.000000,0.000000,0.000000,0.00075000
6,423,0.251885,0.000079,97.4045,0.000000,0.000000,0.000000,0.006389,0.000000,0.000000,0.000000,0.00075000
6,424,0.299195,0.000094,114.5666,0.000000,0.000000,0.000000,0.007677,0.000000,0.000000,0.000000,0.00075000
6,425,0.215796,0.000068,104.6220,0.000000,0.000000,0.000000,0.006711,0.000000,0.000000,0.000000,0.00075000
6,426,0.210869,0.000066,105.7508,0.000000,0.000000,0.000000,0.005423,0.000000,0.000000,0.000000,0.00075000
6,427,0.184198,0.000059,109.8469,0.000000,0.000000,0.000000,0.001424,0.000000,0.000000,0.000000,0.00075000
6,428,0.323006,0.000101,125.6980,0.000000,0.000000,0.000000,0.009860,0.000000,0.000000,0.000000,0.00075000
6,429,0.267740,0.000085,123.2428,0.000000,0.000000,0.000000,0.004966,0.000000,0.000000,0.000000,0.00075000
6,430,0.302818,0.000096,120.8517,0.000000,0.000000,0.000000,0.004000,0.000000,0.000000,0.000000,0.00075000
6,431,0.277413,0.000087,107.0532,0.000000,0.000000,0.000000,0.006151,0.000000,0.000000,0.000000,0.00075000
6,432,0.217962,0.000069,108.0906,0.000000,0.000000,0.000000,0.002712,0.000000,0.000000,0.000000,0.00075000
6,433,0.254153,0.000080,110.4841,0.000000,0.000000,0.000000,0.009590,0.000000,0.000000,0.000000,0.00075000
6,434,0.213490,0.000067,112.0718,0.000000,0.000000,0.000000,0.009694,0.000000,0.000000,0.000000,0.00075000
6,435,0.234268,0.000074,108.1368,0.000000,0.000000,0.000000,0.004966,0.000000,0.000000,0.000000,0.00075000
6,436,0.294663,0.000093,112.2513,0.000000,0.000000,0.000000,0.003356,0.000000,0.000000,0.000000,0.00075000
6,437,0.233074,0.000074,107.4860,0.000000,0.000000,0.000000,0.002712,0.000000,0.000000,0.000000,0.00075000
6,438,0.374835,0.000117,120.8278,0.000000,0.000000,0.000000,0.014929,0.000000,0.000000,0.000000,0.00075000
6,439,0.245381,0.000077,105.0314,0.000000,0.000000,0.000000,0.006202,0.000000,0.000000,0.000000,0.00075000
6,440,0.312953,0.000099,114.2839,0.000000,0.000000,0.000000,0.004644,0.000000,0.000000,0.000000,0.00075000
6,441,0.286110,0.000091,114.1706,0.000000,0.000000,0.000000,0.003813,0.000000,0.000000,0.000000,0.00075000
6,442,0.269026,0.000085,125.4451,0.000000,0.000000,0.000000,0.003034,0.000000,0.000000,0.000000,0.00075000
6,443,0.288699,0.000092,126.3031,0.000000,0.000000,0.000000,0.003356,0.000000,0.000000,0.000000,0.00075000
6,444,0.247485,0.000078,117.7767,0.000000,0.000000,0.000000,0.004779,0.000000,0.000000,0.000000,0.00075000
6,445,0.265226,0.000084,116.0156,0.000000,0.000000,0.000000,0.003356,0.000000,0.000000,0.000000,0.00075000
6,446,0.293626,0.000093,124.0957,0.000000,0.000000,0.000000,0.003356,0.000000,0.000000,0.000000,0.00075000
6,447,0.304510,0.000097,118.5671,0.000000,0.000000,0.000000,0.002068,0.000000,0.000000,0.000000,0.00075000
6,448,0.281285,0.000089,123.2524,0.000000,0.000000,0.000000,0.002068,0.000000,0.000000,0.000000,0.00075000
6,449,0.226672,0.000071,118.3093,0.000000,0.000000,0.000000,0.005610,0.000000,0.000000,0.000000,0.00075000
6,450,0.234200,0.000074,117.2884,0.000000,0.000000,0.000000,0.004779,0.000000,0.000000,0.000000,0.00075000
6,451,0.266621,0.000084,120.7654,0.000000,0.000000,0.000000,0.004457,0.000000,0.000000,0.000000,0.00075000
6,452,0.239096,0.000076,121.4372,0.000000,0.000000,0.000000,0.002712,0.000000,0.000000,0.000000,0.00075000
6,453,0.246070,0.000078,113.7041,0.000000,0.000000,0.000000,0.003356,0.000000,0.000000,0.000000,0.00075000
6,454,0.384154,0.000122,124.5317,0.000000,0.000000,0.000000,0.003678,0.000000,0.000000,0.000000,0.00075000
6,455,0.304609,0.000096,121.9376,0.000000,0.000000,0.000000,0.005101,0.000000,0.000000,0.000000,0.00075000
6,456,0.401116,0.000127,119.7245,0.000000,0.000000,0.000000,0.003034,0.000000,0.000000,0.000000,0.00075000
6,457,0.266181,0.000084,113.9913,0.000000,0.000000,0.000000,0.003678,0.000000,0.000000,0.000000,0.00075000
6,458,0.287076,0.000091,118.0221,0.000000,0.000000,0.000000,0.004597,0.000000,0.000000,0.000000,0.00075000
6,459,0.297096,0.000094,119.5466,0.000000,0.000000,0.000000,0.004966,0.000000,0.000000,0.000000,0.00075000
6,460,0.281521,0.000089,123.7770,0.000000,0.000000,0.000000,0.007168,0.000000,0.000000,0.000000,0.00075000
6,461,0.280730,0.000089,104.3050,0.000000,0.000000,0.000000,0.003034,0.000000,0.000000,0.000000,0.00075000
6,462,0.301984,0.000096,119.8484,0.000000,0.000000,0.000000,0.004000,0.000000,0.000000,0.000000,0.00075000
6,463,0.220836,0.000069,117.9377,0.000000,0.000000,0.000000,0.006254,0.000000,0.000000,0.000000,0.00075000
6,464,0.278369,0.000088,118.9063,0.000000,0.000000,0.000000,0.002712,0.000000,0.000000,0.000000,0.00075000
6,465,0.234096,0.000074,118.2759,0.000000,0.000000,0.000000,0.005101,0.000000,0.000000,0.000000,0.00075000
6,466,0.271473,0.000086,112.1129,0.000000,0.000000,0.000000,0.002390,0.000000,0.000000,0.000000,0.00075000
6,467,0.280904,0.000088,113.2861,0.000000,0.000000,0.000000,0.007220,0.000000,0.000000,0.000000,0.00075000
6,468,0.204518,0.000065,99.0531,0.000000,0.000000,0.000000,0.002712,0.000000,0.000000,0.000000,0.00075000
6,469,0.300932,0.000095,116.1549,0.000000,0.000000,0.000000,0.004000,0.000000,0.000000,0.000000,0.00075000
6,470,0.315497,0.000100,116.6737,0.000000,0.000000,0.000000,0.005610,0.000000,0.000000,0.000000,0.00075000
6,471,0.286997,0.000091,123.7804,0.000000,0.000000,0.000000,0.005288,0.000000,0.000000,0.000000,0.00075000
6,472,0.224791,0.000071,112.1207,0.000000,0.000000,0.000000,0.004135,0.000000,0.000000,0.000000,0.00075000
6,473,0.311517,0.000099,124.5520,0.000000,0.000000,0.000000,0.002068,0.000000,0.000000,0.000000,0.00075000
6,474,0.255589,0.000081,115.2799,0.000000,0.000000,0.000000,0.002068,0.000000,0.000000,0.000000,0.00075000
6,475,0.294413,0.000093,110.8314,0.000000,0.000000,0.000000,0.005288,0.000000,0.000000,0.000000,0.00075000
6,476,0.366391,0.000116,121.3364,0.000000,0.000000,0.000000,0.003678,0.000000,0.000000,0.000000,0.00075000
6,477,0.424878,0.000135,109.0203,0.000000,0.000000,0.000000,0.004000,0.000000,0.000000,0.000000,0.00075000
6,478,0.267433,0.000084,118.1262,0.000000,0.000000,0.000000,0.007542,0.000000,0.000000,0.000000,0.00075000
6,479,0.293586,0.000092,103.4087,0.000000,0.000000,0.000000,0.013267,0.000000,0.000000,0.000000,0.00075000
6,480,0.273318,0.000086,114.3045,0.000000,0.000000,0.000000,0.004457,0.000000,0.000000,0.000000,0.00075000
6,481,0.327420,0.000104,100.8046,0.000000,0.000000,0.000000,0.004644,0.000000,0.000000,0.000000,0.00075000
6,482,0.384683,0.000119,109.0744,0.000000,0.000000,0.000000,0.023609,0.000000,0.000000,0.000000,0.00075000
6,483,0.402012,0.000124,122.9807,0.000000,0.000000,0.000000,0.024757,0.000000,0.000000,0.000000,0.00075000
6,484,0.295446,0.000093,106.7848,0.000000,0.000000,0.000000,0.008457,0.000000,0.000000,0.000000,0.00075000
6,485,0.267472,0.000084,107.4154,0.000000,0.000000,0.000000,0.006898,0.000000,0.000000,0.000000,0.00075000
6,486,0.297177,0.000094,115.7407,0.000000,0.000000,0.000000,0.005236,0.000000,0.000000,0.000000,0.00075000
6,487,0.323018,0.000100,105.9161,0.000000,0.000000,0.000000,0.020912,0.000000,0.000000,0.000000,0.00075000
6,488,0.369429,0.000113,120.0181,0.000000,0.000000,0.000000,0.028145,0.000000,0.000000,0.000000,0.00075000
6,489,0.247219,0.000078,111.6174,0.000000,0.000000,0.000000,0.006951,0.000000,0.000000,0.000000,0.00075000
6,490,0.295876,0.000091,106.7055,0.000000,0.000000,0.000000,0.021350,0.000000,0.000000,0.000000,0.00075000
6,491,0.277356,0.000087,98.7647,0.000000,0.000000,0.000000,0.010472,0.000000,0.000000,0.000000,0.00075000
6,492,0.311150,0.000098,113.8634,0.000000,0.000000,0.000000,0.007168,0.000000,0.000000,0.000000,0.00075000
6,493,0.299814,0.000092,96.3338,0.000000,0.000000,0.000000,0.020674,0.000000,0.000000,0.000000,0.00075000
6,494,0.359638,0.000112,108.6355,0.000000,0.000000,0.000000,0.015200,0.000000,0.000000,0.000000,0.00075000
6,495,0.301536,0.000094,117.8543,0.000000,0.000000,0.000000,0.012675,0.000000,0.000000,0.000000,0.00075000
6,496,0.323858,0.000102,111.5183,0.000000,0.000000,0.000000,0.008643,0.000000,0.000000,0.000000,0.00075000
6,497,0.377271,0.000120,125.6157,0.000000,0.000000,0.000000,0.003678,0.000000,0.000000,0.000000,0.00075000
6,498,0.272960,0.000086,119.1458,0.000000,0.000000,0.000000,0.009455,0.000000,0.000000,0.000000,0.00075000
6,499,0.285708,0.000090,102.2636,0.000000,0.000000,0.000000,0.006950,0.000000,0.000000,0.000000,0.00075000
6,500,0.427705,0.000135,116.1460,0.000000,0.000000,0.000000,0.008275,0.000000,0.000000,0.000000,0.00075000
6,501,0.393435,0.000123,104.7089,0.000000,0.000000,0.000000,0.014201,0.000000,0.000000,0.000000,0.00075000
6,502,0.462926,0.000145,119.0330,0.000000,0.000000,0.000000,0.018437,0.000000,0.000000,0.000000,0.00075000
6,503,0.692453,0.000217,122.4751,0.000000,0.000000,0.000000,0.026711,0.000000,0.000000,0.000000,0.00075000
6,504,0.379181,0.000120,117.1022,0.000000,0.000000,0.000000,0.007813,0.000000,0.000000,0.000000,0.00075000
6,505,0.501649,0.000154,126.7693,0.000000,0.000000,0.000000,0.036543,0.000000,0.000000,0.000000,0.00075000
6,506,0.506235,0.000158,119.9395,0.000000,0.000000,0.000000,0.023430,0.000000,0.000000,0.000000,0.00075000
6,507,0.574371,0.000181,110.3732,0.000000,0.000000,0.000000,0.012488,0.000000,0.000000,0.000000,0.00075000
6,508,0.589876,0.000183,112.4411,0.000000,0.000000,0.000000,0.029014,0.000000,0.000000,0.000000,0.00075000
6,509,0.609481,0.000191,129.5682,0.000000,0.000000,0.000000,0.018242,0.000000,0.000000,0.000000,0.00075000
6,510,0.456623,0.000141,103.4218,0.000000,0.000000,0.000000,0.025943,0.000000,0.000000,0.000000,0.00075000
6,511,0.339132,0.000107,104.1927,0.000000,0.000000,0.000000,0.007490,0.000000,0.000000,0.000000,0.00075000
6,512,0.282966,0.000088,106.1333,0.000000,0.000000,0.000000,0.014929,0.000000,0.000000,0.000000,0.00075000
6,513,0.403924,0.000128,112.0148,0.000000,0.000000,0.000000,0.002068,0.000000,0.000000,0.000000,0.00075000
6,514,0.325432,0.000102,106.1292,0.000000,0.000000,0.000000,0.011760,0.000000,0.000000,0.000000,0.00075000
6,515,0.408863,0.000130,115.9276,0.000000,0.000000,0.000000,0.003356,0.000000,0.000000,0.000000,0.00075000
6,516,0.453821,0.000142,97.2333,0.000000,0.000000,0.000000,0.020144,0.000000,0.000000,0.000000,0.00075000
6,517,0.379490,0.000119,124.7024,0.000000,0.000000,0.000000,0.011407,0.000000,0.000000,0.000000,0.00075000
6,518,0.345009,0.000109,122.3653,0.000000,0.000000,0.000000,0.006898,0.000000,0.000000,0.000000,0.00075000
6,519,0.284036,0.000088,112.4960,0.000000,0.000000,0.000000,0.014865,0.000000,0.000000,0.000000,0.00075000
6,520,0.358560,0.000112,116.7693,0.000000,0.000000,0.000000,0.012862,0.000000,0.000000,0.000000,0.00075000
6,521,0.342134,0.000109,120.8749,0.000000,0.000000,0.000000,0.003356,0.000000,0.000000,0.000000,0.00075000
6,522,0.324237,0.000102,93.5183,0.000000,0.000000,0.000000,0.005745,0.000000,0.000000,0.000000,0.00075000
6,523,0.376512,0.000119,126.2864,0.000000,0.000000,0.000000,0.008540,0.000000,0.000000,0.000000,0.00075000
6,524,0.322569,0.000102,105.0428,0.000000,0.000000,0.000000,0.007117,0.000000,0.000000,0.000000,0.00075000
6,525,0.314331,0.000099,111.1717,0.000000,0.000000,0.000000,0.006151,0.000000,0.000000,0.000000,0.00075000
6,526,0.208434,0.000066,110.4313,0.000000,0.000000,0.000000,0.005288,0.000000,0.000000,0.000000,0.00075000
6,527,0.270708,0.000086,114.7399,0.000000,0.000000,0.000000,0.002068,0.000000,0.000000,0.000000,0.00075000
6,528,0.222021,0.000070,109.5900,0.000000,0.000000,0.000000,0.003034,0.000000,0.000000,0.000000,0.00075000
6,529,0.256250,0.000081,114.8584,0.000000,0.000000,0.000000,0.003356,0.000000,0.000000,0.000000,0.00075000
6,530,0.224873,0.000071,106.5299,0.000000,0.000000,0.000000,0.001424,0.000000,0.000000,0.000000,0.00075000
6,531,0.343993,0.000109,114.9935,0.000000,0.000000,0.000000,0.003169,0.000000,0.000000,0.000000,0.00075000
6,532,0.355777,0.000112,115.0574,0.000000,0.000000,0.000000,0.011137,0.000000,0.000000,0.000000,0.00075000
6,533,0.313921,0.000099,121.1784,0.000000,0.000000,0.000000,0.004966,0.000000,0.000000,0.000000,0.00075000
6,534,0.332687,0.000106,108.7945,0.000000,0.000000,0.000000,0.003356,0.000000,0.000000,0.000000,0.00075000
6,535,0.341427,0.000108,114.1807,0.000000,0.000000,0.000000,0.003678,0.000000,0.000000,0.000000,0.00075000
6,536,0.341326,0.000108,114.5995,0.000000,0.000000,0.000000,0.002390,0.000000,0.000000,0.000000,0.00075000
6,537,0.305806,0.000097,117.9054,0.000000,0.000000,0.000000,0.003034,0.000000,0.000000,0.000000,0.00075000
6,538,0.305183,0.000097,119.6098,0.000000,0.000000,0.000000,0.003678,0.000000,0.000000,0.000000,0.00075000
6,539,0.343674,0.000109,117.6516,0.000000,0.000000,0.000000,0.003356,0.000000,0.000000,0.000000,0.00075000
6,540,0.304888,0.000097,127.3158,0.000000,0.000000,0.000000,0.001746,0.000000,0.000000,0.000000,0.00075000
6,541,0.367488,0.000117,119.6093,0.000000,0.000000,0.000000,0.001746,0.000000,0.000000,0.000000,0.00075000
6,542,0.308533,0.000098,108.4323,0.000000,0.000000,0.000000,0.002390,0.000000,0.000000,0.000000,0.00075000
6,543,0.275597,0.000087,111.2029,0.000000,0.000000,0.000000,0.004779,0.000000,0.000000,0.000000,0.00075000
6,544,0.276110,0.000087,101.4139,0.000000,0.000000,0.000000,0.003678,0.000000,0.000000,0.000000,0.00075000
6,545,0.209948,0.000067,94.5873,0.000000,0.000000,0.000000,0.002712,0.000000,0.000000,0.000000,0.00075000
6,546,0.256386,0.000081,115.0424,0.000000,0.000000,0.000000,0.002525,0.000000,0.000000,0.000000,0.00075000
6,547,0.426059,0.000135,114.8602,0.000000,0.000000,0.000000,0.005101,0.000000,0.000000,0.000000,0.00075000
6,548,0.296315,0.000094,118.9183,0.000000,0.000000,0.000000,0.002712,0.000000,0.000000,0.000000,0.00075000
6,549,0.370385,0.000117,110.8698,0.000000,0.000000,0.000000,0.009609,0.000000,0.000000,0.000000,0.00075000
6,550,0.446488,0.000141,125.0050,0.000000,0.000000,0.000000,0.006930,0.000000,0.000000,0.000000,0.00075000
6,551,0.248186,0.000078,113.3874,0.000000,0.000000,0.000000,0.009745,0.000000,0.000000,0.000000,0.00075000
6,552,0.396269,0.000125,112.7157,0.000000,0.000000,0.000000,0.009101,0.000000,0.000000,0.000000,0.00075000
6,553,0.274279,0.000087,108.8041,0.000000,0.000000,0.000000,0.004457,0.000000,0.000000,0.000000,0.00075000
6,554,0.343984,0.000108,111.2451,0.000000,0.000000,0.000000,0.011731,0.000000,0.000000,0.000000,0.00075000
6,555,0.258594,0.000081,109.9663,0.000000,0.000000,0.000000,0.009371,0.000000,0.000000,0.000000,0.00075000
6,556,0.280371,0.000088,107.1215,0.000000,0.000000,0.000000,0.007033,0.000000,0.000000,0.000000,0.00075000
6,557,0.307313,0.000097,110.4211,0.000000,0.000000,0.000000,0.004000,0.000000,0.000000,0.000000,0.00075000
6,558,0.306145,0.000097,108.2999,0.000000,0.000000,0.000000,0.004644,0.000000,0.000000,0.000000,0.00075000
6,559,0.227880,0.000072,111.3850,0.000000,0.000000,0.000000,0.001746,0.000000,0.000000,0.000000,0.00075000
6,560,0.385565,0.000123,128.0024,0.000000,0.000000,0.000000,0.002712,0.000000,0.000000,0.000000,0.00075000
6,561,0.235269,0.000075,108.7753,0.000000,0.000000,0.000000,0.001746,0.000000,0.000000,0.000000,0.00075000
6,562,0.317301,0.000101,116.7718,0.000000,0.000000,0.000000,0.003678,0.000000,0.000000,0.000000,0.00075000
6,563,0.458438,0.000145,119.2267,0.000000,0.000000,0.000000,0.007574,0.000000,0.000000,0.000000,0.00075000
6,564,0.262140,0.000082,106.9821,0.000000,0.000000,0.000000,0.008965,0.000000,0.000000,0.000000,0.00075000
6,565,0.296339,0.000094,111.1062,0.000000,0.000000,0.000000,0.004322,0.000000,0.000000,0.000000,0.00075000
6,566,0.186853,0.000059,100.6692,0.000000,0.000000,0.000000,0.002390,0.000000,0.000000,0.000000,0.00075000
6,567,0.290706,0.000092,94.3008,0.000000,0.000000,0.000000,0.004000,0.000000,0.000000,0.000000,0.00075000
6,568,0.294276,0.000093,94.7001,0.000000,0.000000,0.000000,0.007220,0.000000,0.000000,0.000000,0.00075000
6,569,0.259452,0.000082,118.4007,0.000000,0.000000,0.000000,0.006524,0.000000,0.000000,0.000000,0.00075000
6,570,0.230928,0.000073,100.2544,0.000000,0.000000,0.000000,0.003034,0.000000,0.000000,0.000000,0.00075000
6,571,0.293871,0.000092,121.3528,0.000000,0.000000,0.000000,0.007626,0.000000,0.000000,0.000000,0.00075000
6,572,0.239932,0.000076,117.5307,0.000000,0.000000,0.000000,0.003356,0.000000,0.000000,0.000000,0.00075000
6,573,0.210844,0.000066,107.9898,0.000000,0.000000,0.000000,0.006254,0.000000,0.000000,0.000000,0.00075000
6,574,0.310512,0.000097,119.4294,0.000000,0.000000,0.000000,0.010150,0.000000,0.000000,0.000000,0.00075000
6,575,0.287784,0.000091,127.2113,0.000000,0.000000,0.000000,0.004644,0.000000,0.000000,0.000000,0.00075000
6,576,0.239146,0.000073,109.8000,0.000000,0.000000,0.000000,0.019708,0.000000,0.000000,0.000000,0.00075000
6,577,0.332449,0.000106,119.6145,0.000000,0.000000,0.000000,0.002712,0.000000,0.000000,0.000000,0.00075000
6,578,0.247449,0.000072,93.3506,0.000000,0.000000,0.000000,0.042600,0.000000,0.000000,0.000000,0.00075000
6,579,0.502402,0.000159,127.2172,0.000000,0.000000,0.000000,0.009289,0.000000,0.000000,0.000000,0.00075000
6,580,0.372222,0.000115,121.8290,0.000000,0.000000,0.000000,0.024030,0.000000,0.000000,0.000000,0.00075000
6,581,0.426607,0.000134,118.5277,0.000000,0.000000,0.000000,0.010794,0.000000,0.000000,0.000000,0.00075000
6,582,0.222721,0.000070,106.9964,0.000000,0.000000,0.000000,0.008727,0.000000,0.000000,0.000000,0.00075000
6,583,0.239259,0.000076,108.6121,0.000000,0.000000,0.000000,0.004000,0.000000,0.000000,0.000000,0.00075000
6,584,0.325898,0.000103,122.3041,0.000000,0.000000,0.000000,0.004322,0.000000,0.000000,0.000000,0.00075000
6,585,0.249514,0.000079,101.9341,0.000000,0.000000,0.000000,0.004966,0.000000,0.000000,0.000000,0.00075000
6,586,0.274344,0.000087,122.6812,0.000000,0.000000,0.000000,0.005236,0.000000,0.000000,0.000000,0.00075000
6,587,0.307183,0.000097,115.5282,0.000000,0.000000,0.000000,0.006254,0.000000,0.000000,0.000000,0.00075000
6,588,0.252925,0.000079,111.7081,0.000000,0.000000,0.000000,0.011412,0.000000,0.000000,0.000000,0.00075000
6,589,0.290779,0.000090,105.9275,0.000000,0.000000,0.000000,0.014425,0.000000,0.000000,0.000000,0.00075000
6,590,0.277453,0.000088,119.4436,0.000000,0.000000,0.000000,0.002068,0.000000,0.000000,0.000000,0.00075000
6,591,0.312562,0.000099,122.5615,0.000000,0.000000,0.000000,0.004322,0.000000,0.000000,0.000000,0.00075000
6,592,0.282598,0.000090,115.2003,0.000000,0.000000,0.000000,0.001746,0.000000,0.000000,0.000000,0.00075000
6,593,0.218940,0.000069,105.6485,0.000000,0.000000,0.000000,0.004000,0.000000,0.000000,0.000000,0.00075000
6,594,0.336225,0.000106,118.4625,0.000000,0.000000,0.000000,0.007626,0.000000,0.000000,0.000000,0.00075000
6,595,0.476969,0.000151,110.5370,0.000000,0.000000,0.000000,0.007709,0.000000,0.000000,0.000000,0.00075000
6,596,0.368311,0.000117,112.4784,0.000000,0.000000,0.000000,0.005507,0.000000,0.000000,0.000000,0.00075000
6,597,0.377104,0.000119,112.8381,0.000000,0.000000,0.000000,0.008186,0.000000,0.000000,0.000000,0.00075000
6,598,0.378386,0.000120,112.3475,0.000000,0.000000,0.000000,0.004135,0.000000,0.000000,0.000000,0.00075000
6,599,0.375503,0.000119,111.0204,0.000000,0.000000,0.000000,0.004457,0.000000,0.000000,0.000000,0.00075000
6,600,0.366606,0.000116,112.0580,0.000000,0.000000,0.000000,0.002712,0.000000,0.000000,0.000000,0.00075000
6,601,0.383253,0.000122,116.2272,0.000000,0.000000,0.000000,0.004457,0.000000,0.000000,0.000000,0.00075000
6,602,0.355366,0.000113,114.0339,0.000000,0.000000,0.000000,0.002629,0.000000,0.000000,0.000000,0.00075000
6,603,0.342697,0.000109,108.5705,0.000000,0.000000,0.000000,0.004270,0.000000,0.000000,0.000000,0.00075000
6,604,0.340481,0.000108,112.6262,0.000000,0.000000,0.000000,0.003678,0.000000,0.000000,0.000000,0.00075000
6,605,0.346638,0.000110,109.0181,0.000000,0.000000,0.000000,0.003356,0.000000,0.000000,0.000000,0.00075000
6,606,0.357031,0.000113,113.8185,0.000000,0.000000,0.000000,0.003813,0.000000,0.000000,0.000000,0.00075000
6,607,0.379686,0.000120,110.2526,0.000000,0.000000,0.000000,0.005354,0.000000,0.000000,0.000000,0.00075000
6,608,0.369259,0.000117,111.8330,0.000000,0.000000,0.000000,0.003034,0.000000,0.000000,0.000000,0.00075000
6,609,0.346605,0.000110,112.4341,0.000000,0.000000,0.000000,0.003356,0.000000,0.000000,0.000000,0.00075000
6,610,0.484668,0.000154,115.7793,0.000000,0.000000,0.000000,0.003813,0.000000,0.000000,0.000000,0.00075000
6,611,0.323165,0.000102,116.8125,0.000000,0.000000,0.000000,0.004000,0.000000,0.000000,0.000000,0.00075000
6,612,0.386208,0.000123,110.3227,0.000000,0.000000,0.000000,0.003034,0.000000,0.000000,0.000000,0.00075000
6,613,0.282245,0.000090,116.1489,0.000000,0.000000,0.000000,0.001881,0.000000,0.000000,0.000000,0.00075000
6,614,0.279556,0.000089,108.1135,0.000000,0.000000,0.000000,0.003034,0.000000,0.000000,0.000000,0.00075000
6,615,0.286751,0.000091,109.6499,0.000000,0.000000,0.000000,0.002068,0.000000,0.000000,0.000000,0.00075000
6,616,0.250921,0.000080,114.3695,0.000000,0.000000,0.000000,0.002712,0.000000,0.000000,0.000000,0.00075000
6,617,0.484852,0.000154,115.8464,0.000000,0.000000,0.000000,0.003813,0.000000,0.000000,0.000000,0.00075000
6,618,0.460387,0.000145,119.2631,0.000000,0.000000,0.000000,0.011116,0.000000,0.000000,0.000000,0.00075000
6,619,0.248799,0.000079,119.2870,0.000000,0.000000,0.000000,0.004000,0.000000,0.000000,0.000000,0.00075000
6,620,0.304383,0.000095,112.2718,0.000000,0.000000,0.000000,0.014239,0.000000,0.000000,0.000000,0.00075000
6,621,0.373749,0.000116,113.2402,0.000000,0.000000,0.000000,0.018690,0.000000,0.000000,0.000000,0.00075000
6,622,0.257122,0.000081,113.7181,0.000000,0.000000,0.000000,0.009101,0.000000,0.000000,0.000000,0.00075000
6,623,0.501103,0.000154,129.9214,0.000000,0.000000,0.000000,0.033387,0.000000,0.000000,0.000000,0.00075000
6,624,0.439937,0.000136,119.3916,0.000000,0.000000,0.000000,0.026585,0.000000,0.000000,0.000000,0.00075000
6,625,0.381937,0.000120,112.2439,0.000000,0.000000,0.000000,0.013963,0.000000,0.000000,0.000000,0.00075000
6,626,0.554833,0.000172,128.3017,0.000000,0.000000,0.000000,0.033071,0.000000,0.000000,0.000000,0.00075000
6,627,0.473938,0.000145,104.3220,0.000000,0.000000,0.000000,0.040685,0.000000,0.000000,0.000000,0.00075000
6,628,0.400415,0.000123,108.3647,0.000000,0.000000,0.000000,0.029755,0.000000,0.000000,0.000000,0.00075000
6,629,0.335213,0.000105,118.1109,0.000000,0.000000,0.000000,0.011252,0.000000,0.000000,0.000000,0.00075000
6,630,0.343057,0.000107,110.0794,0.000000,0.000000,0.000000,0.016082,0.000000,0.000000,0.000000,0.00075000
6,631,0.394705,0.000123,107.9142,0.000000,0.000000,0.000000,0.019064,0.000000,0.000000,0.000000,0.00075000
6,632,0.358124,0.000114,94.3198,0.000000,0.000000,0.000000,0.003356,0.000000,0.000000,0.000000,0.00075000
6,633,0.252036,0.000079,100.8975,0.000000,0.000000,0.000000,0.010743,0.000000,0.000000,0.000000,0.00075000
6,634,0.286523,0.000090,110.2197,0.000000,0.000000,0.000000,0.008135,0.000000,0.000000,0.000000,0.00075000
6,635,0.405168,0.000127,127.2724,0.000000,0.000000,0.000000,0.012134,0.000000,0.000000,0.000000,0.00075000
6,636,0.444937,0.000141,95.5642,0.000000,0.000000,0.000000,0.008321,0.000000,0.000000,0.000000,0.00075000
6,637,0.339008,0.000107,117.4912,0.000000,0.000000,0.000000,0.008914,0.000000,0.000000,0.000000,0.00075000
6,638,0.340369,0.000108,111.5178,0.000000,0.000000,0.000000,0.004000,0.000000,0.000000,0.000000,0.00075000
6,639,0.330903,0.000105,131.2695,0.000000,0.000000,0.000000,0.004644,0.000000,0.000000,0.000000,0.00075000
6,640,0.354463,0.000112,118.0069,0.000000,0.000000,0.000000,0.005288,0.000000,0.000000,0.000000,0.00075000
6,641,0.543889,0.000172,113.0630,0.000000,0.000000,0.000000,0.008457,0.000000,0.000000,0.000000,0.00075000
6,642,0.471876,0.000148,130.9724,0.000000,0.000000,0.000000,0.014342,0.000000,0.000000,0.000000,0.00075000
6,643,0.272507,0.000086,116.2849,0.000000,0.000000,0.000000,0.007542,0.000000,0.000000,0.000000,0.00075000
6,644,0.270255,0.000085,109.5990,0.000000,0.000000,0.000000,0.010015,0.000000,0.000000,0.000000,0.00075000
6,645,0.212016,0.000066,110.0608,0.000000,0.000000,0.000000,0.011220,0.000000,0.000000,0.000000,0.00075000
6,646,0.302278,0.000095,105.9274,0.000000,0.000000,0.000000,0.007813,0.000000,0.000000,0.000000,0.00075000
6,647,0.281371,0.000088,116.2247,0.000000,0.000000,0.000000,0.010472,0.000000,0.000000,0.000000,0.00075000
6,648,0.361001,0.000113,123.1704,0.000000,0.000000,0.000000,0.011438,0.000000,0.000000,0.000000,0.00075000
6,649,0.244785,0.000077,112.8860,0.000000,0.000000,0.000000,0.004914,0.000000,0.000000,0.000000,0.00075000
6,650,0.253841,0.000080,100.9664,0.000000,0.000000,0.000000,0.008270,0.000000,0.000000,0.000000,0.00075000
6,651,0.208925,0.000066,110.6351,0.000000,0.000000,0.000000,0.003034,0.000000,0.000000,0.000000,0.00075000
6,652,0.238297,0.000074,106.5615,0.000000,0.000000,0.000000,0.013132,0.000000,0.000000,0.000000,0.00075000
6,653,0.224729,0.000071,115.1802,0.000000,0.000000,0.000000,0.004000,0.000000,0.000000,0.000000,0.00075000
6,654,0.307477,0.000097,113.5019,0.000000,0.000000,0.000000,0.006389,0.000000,0.000000,0.000000,0.00075000
6,655,0.244761,0.000077,95.2347,0.000000,0.000000,0.000000,0.009693,0.000000,0.000000,0.000000,0.00075000
6,656,0.263678,0.000083,104.6211,0.000000,0.000000,0.000000,0.004966,0.000000,0.000000,0.000000,0.00075000
6,657,0.300635,0.000094,106.4109,0.000000,0.000000,0.000000,0.012186,0.000000,0.000000,0.000000,0.00075000
6,658,0.695097,0.000218,96.8851,0.000000,0.000000,0.000000,0.024920,0.000000,0.000000,0.000000,0.00075000
6,659,0.505604,0.000158,111.4769,0.000000,0.000000,0.000000,0.021827,0.000000,0.000000,0.000000,0.00075000
6,660,0.843553,0.000262,127.1754,0.000000,0.000000,0.000000,0.044763,0.000000,0.000000,0.000000,0.00075000
6,661,0.723250,0.000226,108.7045,0.000000,0.000000,0.000000,0.030607,0.000000,0.000000,0.000000,0.00075000
6,662,0.756282,0.000236,100.1846,0.000000,0.000000,0.000000,0.032187,0.000000,0.000000,0.000000,0.00075000
6,663,0.917397,0.000288,128.7733,0.000000,0.000000,0.000000,0.027229,0.000000,0.000000,0.000000,0.00075000
6,664,0.816931,0.000256,123.1593,0.000000,0.000000,0.000000,0.030888,0.000000,0.000000,0.000000,0.00075000
6,665,0.517319,0.000161,109.6630,0.000000,0.000000,0.000000,0.023895,0.000000,0.000000,0.000000,0.00075000
6,666,0.497006,0.000154,122.2127,0.000000,0.000000,0.000000,0.030026,0.000000,0.000000,0.000000,0.00075000
6,667,0.836481,0.000262,128.6690,0.000000,0.000000,0.000000,0.029131,0.000000,0.000000,0.000000,0.00075000
6,668,0.615852,0.000192,109.1784,0.000000,0.000000,0.000000,0.025490,0.000000,0.000000,0.000000,0.00075000
6,669,0.578336,0.000182,120.3911,0.000000,0.000000,0.000000,0.013184,0.000000,0.000000,0.000000,0.00075000
6,670,0.633701,0.000200,113.7005,0.000000,0.000000,0.000000,0.012218,0.000000,0.000000,0.000000,0.00075000
6,671,0.485463,0.000154,115.4462,0.000000,0.000000,0.000000,0.006950,0.000000,0.000000,0.000000,0.00075000
6,672,0.486081,0.000153,104.1850,0.000000,0.000000,0.000000,0.015224,0.000000,0.000000,0.000000,0.00075000
6,673,0.325740,0.000099,116.4071,0.000000,0.000000,0.000000,0.028589,0.000000,0.000000,0.000000,0.00075000
6,674,0.282201,0.000089,108.3836,0.000000,0.000000,0.000000,0.006576,0.000000,0.000000,0.000000,0.00075000
6,675,0.321008,0.000101,115.1479,0.000000,0.000000,0.000000,0.009828,0.000000,0.000000,0.000000,0.00075000
6,676,0.246833,0.000078,109.2203,0.000000,0.000000,0.000000,0.004966,0.000000,0.000000,0.000000,0.00075000
6,677,0.315922,0.000100,110.1232,0.000000,0.000000,0.000000,0.006254,0.000000,0.000000,0.000000,0.00075000
6,678,0.230542,0.000073,99.1164,0.000000,0.000000,0.000000,0.003034,0.000000,0.000000,0.000000,0.00075000
6,679,0.288232,0.000091,120.7372,0.000000,0.000000,0.000000,0.005423,0.000000,0.000000,0.000000,0.00075000
6,680,0.301977,0.000096,113.1704,0.000000,0.000000,0.000000,0.004779,0.000000,0.000000,0.000000,0.00075000
6,681,0.225517,0.000072,117.9190,0.000000,0.000000,0.000000,0.002068,0.000000,0.000000,0.000000,0.00075000
6,682,0.303871,0.000096,126.0493,0.000000,0.000000,0.000000,0.002525,0.000000,0.000000,0.000000,0.00075000
6,683,0.240852,0.000076,105.0857,0.000000,0.000000,0.000000,0.004322,0.000000,0.000000,0.000000,0.00075000
6,684,0.251613,0.000080,91.0979,0.000000,0.000000,0.000000,0.002712,0.000000,0.000000,0.000000,0.00075000
6,685,0.340511,0.000108,122.5340,0.000000,0.000000,0.000000,0.001746,0.000000,0.000000,0.000000,0.00075000
6,686,0.275717,0.000087,123.8299,0.000000,0.000000,0.000000,0.005932,0.000000,0.000000,0.000000,0.00075000
6,687,0.245150,0.000078,111.4590,0.000000,0.000000,0.000000,0.002068,0.000000,0.000000,0.000000,0.00075000
6,688,0.384301,0.000122,121.0627,0.000000,0.000000,0.000000,0.003034,0.000000,0.000000,0.000000,0.00075000
6,689,0.320302,0.000101,116.4852,0.000000,0.000000,0.000000,0.004457,0.000000,0.000000,0.000000,0.00075000
6,690,0.232177,0.000073,114.0696,0.000000,0.000000,0.000000,0.004000,0.000000,0.000000,0.000000,0.00075000
6,691,0.292390,0.000093,104.2978,0.000000,0.000000,0.000000,0.001746,0.000000,0.000000,0.000000,0.00075000
6,692,0.384223,0.000122,123.9160,0.000000,0.000000,0.000000,0.002712,0.000000,0.000000,0.000000,0.00075000
6,693,0.277128,0.000088,89.1477,0.000000,0.000000,0.000000,0.003356,0.000000,0.000000,0.000000,0.00075000
6,694,0.351331,0.000112,117.9888,0.000000,0.000000,0.000000,0.002390,0.000000,0.000000,0.000000,0.00075000
6,695,0.237404,0.000075,121.5681,0.000000,0.000000,0.000000,0.002390,0.000000,0.000000,0.000000,0.00075000
6,696,0.402893,0.000128,124.9513,0.000000,0.000000,0.000000,0.003678,0.000000,0.000000,0.000000,0.00075000
6,697,0.221889,0.000070,100.8852,0.000000,0.000000,0.000000,0.004135,0.000000,0.000000,0.000000,0.00075000
6,698,0.245955,0.000078,118.5530,0.000000,0.000000,0.000000,0.002390,0.000000,0.000000,0.000000,0.00075000
6,699,0.271297,0.000086,118.4931,0.000000,0.000000,0.000000,0.003678,0.000000,0.000000,0.000000,0.00075000
6,700,0.205478,0.000065,106.6693,0.000000,0.000000,0.000000,0.003678,0.000000,0.000000,0.000000,0.00075000
6,701,0.305322,0.000097,115.8261,0.000000,0.000000,0.000000,0.004322,0.000000,0.000000,0.000000,0.00075000
6,702,0.235073,0.000074,103.4051,0.000000,0.000000,0.000000,0.003356,0.000000,0.000000,0.000000,0.00075000
6,703,0.263169,0.000083,106.5033,0.000000,0.000000,0.000000,0.002712,0.000000,0.000000,0.000000,0.00075000
6,704,0.371102,0.000118,106.8733,0.000000,0.000000,0.000000,0.003273,0.000000,0.000000,0.000000,0.00075000
6,705,0.275846,0.000088,122.2632,0.000000,0.000000,0.000000,0.002068,0.000000,0.000000,0.000000,0.00075000
6,706,0.292733,0.000093,118.3831,0.000000,0.000000,0.000000,0.003813,0.000000,0.000000,0.000000,0.00075000
6,707,0.318716,0.000101,111.3920,0.000000,0.000000,0.000000,0.003356,0.000000,0.000000,0.000000,0.00075000
6,708,0.229346,0.000073,110.8612,0.000000,0.000000,0.000000,0.003034,0.000000,0.000000,0.000000,0.00075000
6,709,0.242989,0.000077,114.1419,0.000000,0.000000,0.000000,0.002390,0.000000,0.000000,0.000000,0.00075000
6,710,0.246593,0.000078,112.1049,0.000000,0.000000,0.000000,0.002390,0.000000,0.000000,0.000000,0.00075000
6,711,0.293621,0.000093,120.0248,0.000000,0.000000,0.000000,0.002390,0.000000,0.000000,0.000000,0.00075000
6,712,0.242683,0.000077,119.9543,0.000000,0.000000,0.000000,0.001746,0.000000,0.000000,0.000000,0.00075000
6,713,0.244462,0.000078,128.1719,0.000000,0.000000,0.000000,0.002390,0.000000,0.000000,0.000000,0.00075000
6,714,0.243535,0.000077,117.4269,0.000000,0.000000,0.000000,0.002390,0.000000,0.000000,0.000000,0.00075000
6,715,0.226244,0.000072,125.0672,0.000000,0.000000,0.000000,0.002525,0.000000,0.000000,0.000000,0.00075000
6,716,0.323352,0.000102,108.6804,0.000000,0.000000,0.000000,0.005880,0.000000,0.000000,0.000000,0.00075000
6,717,0.209165,0.000066,108.5998,0.000000,0.000000,0.000000,0.003678,0.000000,0.000000,0.000000,0.00075000
6,718,0.252978,0.000080,108.7740,0.000000,0.000000,0.000000,0.005236,0.000000,0.000000,0.000000,0.00075000
6,719,0.250309,0.000079,115.6937,0.000000,0.000000,0.000000,0.004000,0.000000,0.000000,0.000000,0.00075000
7,1,0.449493,0.000142,111.7827,0.000000,0.000000,0.000000,0.010628,0.000000,0.000000,0.000000,0.00065451
7,2,0.331179,0.000105,109.3835,0.000000,0.000000,0.000000,0.003034,0.000000,0.000000,0.000000,0.00065451
7,3,0.359192,0.000114,113.2579,0.000000,0.000000,0.000000,0.002712,0.000000,0.000000,0.000000,0.00065451
7,4,0.326886,0.000104,113.4782,0.000000,0.000000,0.000000,0.003169,0.000000,0.000000,0.000000,0.00065451
7,5,0.359921,0.000114,114.0547,0.000000,0.000000,0.000000,0.007004,0.000000,0.000000,0.000000,0.00065451
7,6,0.314531,0.000100,111.3889,0.000000,0.000000,0.000000,0.002982,0.000000,0.000000,0.000000,0.00065451
7,7,0.357208,0.000113,112.3597,0.000000,0.000000,0.000000,0.002847,0.000000,0.000000,0.000000,0.00065451
7,8,0.330369,0.000105,109.5727,0.000000,0.000000,0.000000,0.004726,0.000000,0.000000,0.000000,0.00065451
7,9,0.295854,0.000094,108.1595,0.000000,0.000000,0.000000,0.004000,0.000000,0.000000,0.000000,0.00065451
7,10,0.311307,0.000099,108.7507,0.000000,0.000000,0.000000,0.002390,0.000000,0.000000,0.000000,0.00065451
7,11,0.304451,0.000096,110.8494,0.000000,0.000000,0.000000,0.003678,0.000000,0.000000,0.000000,0.00065451
7,12,0.297071,0.000094,113.0237,0.000000,0.000000,0.000000,0.002068,0.000000,0.000000,0.000000,0.00065451
7,13,0.301610,0.000096,110.9549,0.000000,0.000000,0.000000,0.002847,0.000000,0.000000,0.000000,0.00065451
7,14,0.321393,0.000102,110.7211,0.000000,0.000000,0.000000,0.004914,0.000000,0.000000,0.000000,0.00065451
7,15,0.328789,0.000104,107.8188,0.000000,0.000000,0.000000,0.002390,0.000000,0.000000,0.000000,0.00065451
7,16,0.389508,0.000123,109.2765,0.000000,0.000000,0.000000,0.006846,0.000000,0.000000,0.000000,0.00065451
7,17,0.383217,0.000121,113.3280,0.000000,0.000000,0.000000,0.005288,0.000000,0.000000,0.000000,0.00065451
7,18,0.395789,0.000125,110.1933,0.000000,0.000000,0.000000,0.006576,0.000000,0.000000,0.000000,0.00065451
7,19,0.377884,0.000120,113.8758,0.000000,0.000000,0.000000,0.004000,0.000000,0.000000,0.000000,0.00065451
7,20,0.339864,0.000107,108.6096,0.000000,0.000000,0.000000,0.007542,0.000000,0.000000,0.000000,0.00065451
7,21,0.364819,0.000116,111.5733,0.000000,0.000000,0.000000,0.003491,0.000000,0.000000,0.000000,0.00065451
7,22,0.367471,0.000117,110.4469,0.000000,0.000000,0.000000,0.004000,0.000000,0.000000,0.000000,0.00065451
7,23,0.342651,0.000109,112.8264,0.000000,0.000000,0.000000,0.002390,0.000000,0.000000,0.000000,0.00065451
7,24,0.367830,0.000117,111.4093,0.000000,0.000000,0.000000,0.002525,0.000000,0.000000,0.000000,0.00065451
7,25,0.359318,0.000114,109.7009,0.000000,0.000000,0.000000,0.003356,0.000000,0.000000,0.000000,0.00065451
7,26,0.326252,0.000104,109.8110,0.000000,0.000000,0.000000,0.002390,0.000000,0.000000,0.000000,0.00065451
7,27,0.353263,0.000112,113.6157,0.000000,0.000000,0.000000,0.002712,0.000000,0.000000,0.000000,0.00065451
7,28,0.395721,0.000126,112.9697,0.000000,0.000000,0.000000,0.004140,0.000000,0.000000,0.000000,0.00065451
7,29,0.349140,0.000111,109.4415,0.000000,0.000000,0.000000,0.004644,0.000000,0.000000,0.000000,0.00065451
7,30,0.360854,0.000114,111.7794,0.000000,0.000000,0.000000,0.004000,0.000000,0.000000,0.000000,0.00065451
7,31,0.329095,0.000105,111.7265,0.000000,0.000000,0.000000,0.002712,0.000000,0.000000,0.000000,0.00065451
7,32,0.351146,0.000110,110.7809,0.000000,0.000000,0.000000,0.012301,0.000000,0.000000,0.000000,0.00065451
7,33,0.285711,0.000090,111.4173,0.000000,0.000000,0.000000,0.006116,0.000000,0.000000,0.000000,0.00065451
7,34,0.296963,0.000093,112.7154,0.000000,0.000000,0.000000,0.008321,0.000000,0.000000,0.000000,0.00065451
7,35,0.277245,0.000088,109.5657,0.000000,0.000000,0.000000,0.003813,0.000000,0.000000,0.000000,0.00065451
7,36,0.252132,0.000080,109.8362,0.000000,0.000000,0.000000,0.003034,0.000000,0.000000,0.000000,0.00065451
7,37,0.244043,0.000077,112.8073,0.000000,0.000000,0.000000,0.002712,0.000000,0.000000,0.000000,0.00065451
7,38,0.297971,0.000095,112.1443,0.000000,0.000000,0.000000,0.003034,0.000000,0.000000,0.000000,0.00065451
7,39,0.282184,0.000089,109.4657,0.000000,0.000000,0.000000,0.004779,0.000000,0.000000,0.000000,0.00065451
7,40,0.292962,0.000093,108.1221,0.000000,0.000000,0.000000,0.005236,0.000000,0.000000,0.000000,0.00065451
7,41,0.281891,0.000090,113.1708,0.000000,0.000000,0.000000,0.001746,0.000000,0.000000,0.000000,0.00065451
7,42,0.275385,0.000087,111.3484,0.000000,0.000000,0.000000,0.002345,0.000000,0.000000,0.000000,0.00065451
7,43,0.259815,0.000083,110.1589,0.000000,0.000000,0.000000,0.001746,0.000000,0.000000,0.000000,0.00065451
7,44,0.265159,0.000084,112.2357,0.000000,0.000000,0.000000,0.005610,0.000000,0.000000,0.000000,0.00065451
7,45,0.247255,0.000078,111.8860,0.000000,0.000000,0.000000,0.002390,0.000000,0.000000,0.000000,0.00065451
7,46,0.286610,0.000090,112.6339,0.000000,0.000000,0.000000,0.007542,0.000000,0.000000,0.000000,0.00065451
7,47,0.292497,0.000091,109.5749,0.000000,0.000000,0.000000,0.011480,0.000000,0.000000,0.000000,0.00065451
7,48,0.408867,0.000126,103.2876,0.000000,0.000000,0.000000,0.029414,0.000000,0.000000,0.000000,0.00065451
7,49,0.313553,0.000093,111.0899,0.000000,0.000000,0.000000,0.041586,0.000000,0.000000,0.000000,0.00065451
7,50,0.326857,0.000099,114.5919,0.000000,0.000000,0.000000,0.035751,0.000000,0.000000,0.000000,0.00065451
7,51,0.352484,0.000107,112.4727,0.000000,0.000000,0.000000,0.034985,0.000000,0.000000,0.000000,0.00065451
7,52,0.270625,0.000083,114.2890,0.000000,0.000000,0.000000,0.018233,0.000000,0.000000,0.000000,0.00065451
7,53,0.350619,0.000110,115.1022,0.000000,0.000000,0.000000,0.011625,0.000000,0.000000,0.000000,0.00065451
7,54,0.282452,0.000088,112.7157,0.000000,0.000000,0.000000,0.014660,0.000000,0.000000,0.000000,0.00065451
7,55,0.329510,0.000104,114.0745,0.000000,0.000000,0.000000,0.004592,0.000000,0.000000,0.000000,0.00065451
7,56,0.340829,0.000108,116.9752,0.000000,0.000000,0.000000,0.005576,0.000000,0.000000,0.000000,0.00065451
7,57,0.343650,0.000109,100.7942,0.000000,0.000000,0.000000,0.005745,0.000000,0.000000,0.000000,0.00065451
7,58,0.309295,0.000098,118.2600,0.000000,0.000000,0.000000,0.004000,0.000000,0.000000,0.000000,0.00065451
7,59,0.313470,0.000100,124.6818,0.000000,0.000000,0.000000,0.001746,0.000000,0.000000,0.000000,0.00065451
7,60,0.274382,0.000087,121.6895,0.000000,0.000000,0.000000,0.002847,0.000000,0.000000,0.000000,0.00065451
7,61,0.433918,0.000137,118.8750,0.000000,0.000000,0.000000,0.008755,0.000000,0.000000,0.000000,0.00065451
7,62,0.342792,0.000109,122.5923,0.000000,0.000000,0.000000,0.003169,0.000000,0.000000,0.000000,0.00065451
7,63,0.383444,0.000119,116.0182,0.000000,0.000000,0.000000,0.020674,0.000000,0.000000,0.000000,0.00065451
7,64,0.341380,0.000108,112.6848,0.000000,0.000000,0.000000,0.007033,0.000000,0.000000,0.000000,0.00065451
7,65,0.341410,0.000108,112.0794,0.000000,0.000000,0.000000,0.002712,0.000000,0.000000,0.000000,0.00065451
7,66,0.312115,0.000099,110.1818,0.000000,0.000000,0.000000,0.005610,0.000000,0.000000,0.000000,0.00065451
7,67,0.362407,0.000115,112.5078,0.000000,0.000000,0.000000,0.003356,0.000000,0.000000,0.000000,0.00065451
7,68,0.318345,0.000101,113.8597,0.000000,0.000000,0.000000,0.003491,0.000000,0.000000,0.000000,0.00065451
7,69,0.283239,0.000090,112.1462,0.000000,0.000000,0.000000,0.003356,0.000000,0.000000,0.000000,0.00065451
7,70,0.273829,0.000087,113.0287,0.000000,0.000000,0.000000,0.001746,0.000000,0.000000,0.000000,0.00065451
7,71,0.336067,0.000107,113.0686,0.000000,0.000000,0.000000,0.003169,0.000000,0.000000,0.000000,0.00065451
7,72,0.302519,0.000096,109.9345,0.000000,0.000000,0.000000,0.002390,0.000000,0.000000,0.000000,0.00065451
7,73,0.331655,0.000105,110.1509,0.000000,0.000000,0.000000,0.002068,0.000000,0.000000,0.000000,0.00065451
7,74,0.324241,0.000103,114.7904,0.000000,0.000000,0.000000,0.002390,0.000000,0.000000,0.000000,0.00065451
7,75,0.301168,0.000096,111.6302,0.000000,0.000000,0.000000,0.001746,0.000000,0.000000,0.000000,0.00065451
7,76,0.310624,0.000099,109.1109,0.000000,0.000000,0.000000,0.002712,0.000000,0.000000,0.000000,0.00065451
7,77,0.278709,0.000089,110.3350,0.000000,0.000000,0.000000,0.001746,0.000000,0.000000,0.000000,0.00065451
7,78,0.292377,0.000093,111.0075,0.000000,0.000000,0.000000,0.002712,0.000000,0.000000,0.000000,0.00065451
7,79,0.349041,0.000110,117.5796,0.000000,0.000000,0.000000,0.006898,0.000000,0.000000,0.000000,0.00065451
7,80,0.384072,0.000122,118.6096,0.000000,0.000000,0.000000,0.003678,0.000000,0.000000,0.000000,0.00065451
7,81,0.282535,0.000090,120.8704,0.000000,0.000000,0.000000,0.002390,0.000000,0.000000,0.000000,0.00065451
7,82,0.280702,0.000089,115.7760,0.000000,0.000000,0.000000,0.003169,0.000000,0.000000,0.000000,0.00065451
7,83,0.315834,0.000100,111.2744,0.000000,0.000000,0.000000,0.005111,0.000000,0.000000,0.000000,0.00065451
7,84,0.324171,0.000103,121.8632,0.000000,0.000000,0.000000,0.002068,0.000000,0.000000,0.000000,0.00065451
7,85,0.265543,0.000084,112.1366,0.000000,0.000000,0.000000,0.003169,0.000000,0.000000,0.000000,0.00065451
7,86,0.334965,0.000106,123.5183,0.000000,0.000000,0.000000,0.004914,0.000000,0.000000,0.000000,0.00065451
7,87,0.407000,0.000127,129.2020,0.000000,0.000000,0.000000,0.014372,0.000000,0.000000,0.000000,0.00065451
7,88,0.368699,0.000114,128.4976,0.000000,0.000000,0.000000,0.019792,0.000000,0.000000,0.000000,0.00065451
7,89,0.485908,0.000153,129.9351,0.000000,0.000000,0.000000,0.012050,0.000000,0.000000,0.000000,0.00065451
7,90,0.282098,0.000089,113.9791,0.000000,0.000000,0.000000,0.004354,0.000000,0.000000,0.000000,0.00065451
7,91,0.236884,0.000074,113.3107,0.000000,0.000000,0.000000,0.007355,0.000000,0.000000,0.000000,0.00065451
7,92,0.206956,0.000066,100.3290,0.000000,0.000000,0.000000,0.002068,0.000000,0.000000,0.000000,0.00065451
7,93,0.298749,0.000095,119.2986,0.000000,0.000000,0.000000,0.004000,0.000000,0.000000,0.000000,0.00065451
7,94,0.372919,0.000118,118.6691,0.000000,0.000000,0.000000,0.006067,0.000000,0.000000,0.000000,0.00065451
7,95,0.321548,0.000102,112.1756,0.000000,0.000000,0.000000,0.005101,0.000000,0.000000,0.000000,0.00065451
7,96,0.348212,0.000110,112.2323,0.000000,0.000000,0.000000,0.005779,0.000000,0.000000,0.000000,0.00065451
7,97,0.350504,0.000111,109.4511,0.000000,0.000000,0.000000,0.002390,0.000000,0.000000,0.000000,0.00065451
7,98,0.345797,0.000110,111.5214,0.000000,0.000000,0.000000,0.003034,0.000000,0.000000,0.000000,0.00065451
7,99,0.341666,0.000109,113.1069,0.000000,0.000000,0.000000,0.002712,0.000000,0.000000,0.000000,0.00065451
7,100,0.323627,0.000103,109.6663,0.000000,0.000000,0.000000,0.002390,0.000000,0.000000,0.000000,0.00065451
7,101,0.336281,0.000107,109.8359,0.000000,0.000000,0.000000,0.002712,0.000000,0.000000,0.000000,0.00065451
7,102,0.324002,0.000103,112.4051,0.000000,0.000000,0.000000,0.003678,0.000000,0.000000,0.000000,0.00065451
7,103,0.318709,0.000101,111.1553,0.000000,0.000000,0.000000,0.003169,0.000000,0.000000,0.000000,0.00065451
7,104,0.325919,0.000103,112.0897,0.000000,0.000000,0.000000,0.003169,0.000000,0.000000,0.000000,0.00065451
7,105,0.309347,0.000098,110.4296,0.000000,0.000000,0.000000,0.003678,0.000000,0.000000,0.000000,0.00065451
7,106,0.330674,0.000105,110.2393,0.000000,0.000000,0.000000,0.003034,0.000000,0.000000,0.000000,0.00065451
7,107,0.307248,0.000097,111.8415,0.000000,0.000000,0.000000,0.004505,0.000000,0.000000,0.000000,0.00065451
7,108,0.291124,0.000092,110.9339,0.000000,0.000000,0.000000,0.002712,0.000000,0.000000,0.000000,0.00065451
7,109,0.315121,0.000100,110.8655,0.000000,0.000000,0.000000,0.004000,0.000000,0.000000,0.000000,0.00065451
7,110,0.323053,0.000101,112.8532,0.000000,0.000000,0.000000,0.010590,0.000000,0.000000,0.000000,0.00065451
7,111,0.350214,0.000110,100.9312,0.000000,0.000000,0.000000,0.009296,0.000000,0.000000,0.000000,0.00065451
7,112,0.282069,0.000088,103.1623,0.000000,0.000000,0.000000,0.013589,0.000000,0.000000,0.000000,0.00065451
7,113,0.306474,0.000094,107.9430,0.000000,0.000000,0.000000,0.020603,0.000000,0.000000,0.000000,0.00065451
7,114,0.400587,0.000126,117.7978,0.000000,0.000000,0.000000,0.009880,0.000000,0.000000,0.000000,0.00065451
7,115,0.377943,0.000120,120.8946,0.000000,0.000000,0.000000,0.004457,0.000000,0.000000,0.000000,0.00065451
7,116,0.475383,0.000151,117.9411,0.000000,0.000000,0.000000,0.003813,0.000000,0.000000,0.000000,0.00065451
7,117,0.235456,0.000073,94.5544,0.000000,0.000000,0.000000,0.016134,0.000000,0.000000,0.000000,0.00065451
7,118,0.342535,0.000108,114.0003,0.000000,0.000000,0.000000,0.006711,0.000000,0.000000,0.000000,0.00065451
7,119,0.245636,0.000074,89.2811,0.000000,0.000000,0.000000,0.028132,0.000000,0.000000,0.000000,0.00065451
7,120,0.366785,0.000116,125.2912,0.000000,0.000000,0.000000,0.008457,0.000000,0.000000,0.000000,0.00065451
7,121,0.331674,0.000099,112.1667,0.000000,0.000000,0.000000,0.042257,0.000000,0.000000,0.000000,0.00065451
7,122,0.331059,0.000104,118.0527,0.000000,0.000000,0.000000,0.008540,0.000000,0.000000,0.000000,0.00065451
7,123,0.398830,0.000123,110.7155,0.000000,0.000000,0.000000,0.023604,0.000000,0.000000,0.000000,0.00065451
7,124,0.406191,0.000128,120.8345,0.000000,0.000000,0.000000,0.008405,0.000000,0.000000,0.000000,0.00065451
7,125,0.322095,0.000101,104.1067,0.000000,0.000000,0.000000,0.011438,0.000000,0.000000,0.000000,0.00065451
7,126,0.358352,0.000112,102.4626,0.000000,0.000000,0.000000,0.013931,0.000000,0.000000,0.000000,0.00065451
7,127,0.352567,0.000112,118.5042,0.000000,0.000000,0.000000,0.002390,0.000000,0.000000,0.000000,0.00065451
7,128,0.294733,0.000093,109.1991,0.000000,0.000000,0.000000,0.003356,0.000000,0.000000,0.000000,0.00065451
7,129,0.352212,0.000112,122.5247,0.000000,0.000000,0.000000,0.004322,0.000000,0.000000,0.000000,0.00065451
7,130,0.242860,0.000077,112.4680,0.000000,0.000000,0.000000,0.003356,0.000000,0.000000,0.000000,0.00065451
7,131,0.258296,0.000081,103.5109,0.000000,0.000000,0.000000,0.010318,0.000000,0.000000,0.000000,0.00065451
7,132,0.251621,0.000080,121.9350,0.000000,0.000000,0.000000,0.002068,0.000000,0.000000,0.000000,0.00065451
7,133,0.353800,0.000113,130.5092,0.000000,0.000000,0.000000,0.001746,0.000000,0.000000,0.000000,0.00065451
7,134,0.249398,0.000079,121.6675,0.000000,0.000000,0.000000,0.002068,0.000000,0.000000,0.000000,0.00065451
7,135,0.348395,0.000110,120.0484,0.000000,0.000000,0.000000,0.004000,0.000000,0.000000,0.000000,0.00065451
7,136,0.306946,0.000097,128.2856,0.000000,0.000000,0.000000,0.002712,0.000000,0.000000,0.000000,0.00065451
7,137,0.280345,0.000089,107.1420,0.000000,0.000000,0.000000,0.004457,0.000000,0.000000,0.000000,0.00065451
7,138,0.374550,0.000119,124.8897,0.000000,0.000000,0.000000,0.004966,0.000000,0.000000,0.000000,0.00065451
7,139,0.347223,0.000110,117.6556,0.000000,0.000000,0.000000,0.001424,0.000000,0.000000,0.000000,0.00065451
7,140,0.288891,0.000092,109.9210,0.000000,0.000000,0.000000,0.002390,0.000000,0.000000,0.000000,0.00065451
7,141,0.450287,0.000142,120.7220,0.000000,0.000000,0.000000,0.008779,0.000000,0.000000,0.000000,0.00065451
7,142,0.553851,0.000176,117.2410,0.000000,0.000000,0.000000,0.005745,0.000000,0.000000,0.000000,0.00065451
7,143,0.323538,0.000102,112.4412,0.000000,0.000000,0.000000,0.005610,0.000000,0.000000,0.000000,0.00065451
7,144,0.354129,0.000112,112.6873,0.000000,0.000000,0.000000,0.005288,0.000000,0.000000,0.000000,0.00065451
7,145,0.378045,0.000120,105.3877,0.000000,0.000000,0.000000,0.004457,0.000000,0.000000,0.000000,0.00065451
7,146,0.485378,0.000154,117.9679,0.000000,0.000000,0.000000,0.007864,0.000000,0.000000,0.000000,0.00065451
7,147,0.432556,0.000137,115.9444,0.000000,0.000000,0.000000,0.003034,0.000000,0.000000,0.000000,0.00065451
7,148,0.574685,0.000182,127.6863,0.000000,0.000000,0.000000,0.008321,0.000000,0.000000,0.000000,0.00065451
7,149,0.249562,0.000079,105.0295,0.000000,0.000000,0.000000,0.005610,0.000000,0.000000,0.000000,0.00065451
7,150,0.403025,0.000128,113.8309,0.000000,0.000000,0.000000,0.003169,0.000000,0.000000,0.000000,0.00065451
7,151,0.397507,0.000126,128.0745,0.000000,0.000000,0.000000,0.005288,0.000000,0.000000,0.000000,0.00065451
7,152,0.387650,0.000123,121.2636,0.000000,0.000000,0.000000,0.004135,0.000000,0.000000,0.000000,0.00065451
7,153,0.540301,0.000171,125.7071,0.000000,0.000000,0.000000,0.008457,0.000000,0.000000,0.000000,0.00065451
7,154,0.335869,0.000107,101.5887,0.000000,0.000000,0.000000,0.003356,0.000000,0.000000,0.000000,0.00065451
7,155,0.333467,0.000106,111.3707,0.000000,0.000000,0.000000,0.004000,0.000000,0.000000,0.000000,0.00065451
7,156,0.342916,0.000109,105.0940,0.000000,0.000000,0.000000,0.003034,0.000000,0.000000,0.000000,0.00065451
7,157,0.443221,0.000140,106.9186,0.000000,0.000000,0.000000,0.007304,0.000000,0.000000,0.000000,0.00065451
7,158,0.335166,0.000106,110.0198,0.000000,0.000000,0.000000,0.006254,0.000000,0.000000,0.000000,0.00065451
7,159,0.379162,0.000120,121.2012,0.000000,0.000000,0.000000,0.007999,0.000000,0.000000,0.000000,0.00065451
7,160,0.364195,0.000115,116.0875,0.000000,0.000000,0.000000,0.005745,0.000000,0.000000,0.000000,0.00065451
7,161,0.443969,0.000141,120.6412,0.000000,0.000000,0.000000,0.006576,0.000000,0.000000,0.000000,0.00065451
7,162,0.319586,0.000101,111.3759,0.000000,0.000000,0.000000,0.007220,0.000000,0.000000,0.000000,0.00065451
7,163,0.310559,0.000099,119.7067,0.000000,0.000000,0.000000,0.002712,0.000000,0.000000,0.000000,0.00065451
7,164,0.483064,0.000153,120.3828,0.000000,0.000000,0.000000,0.005558,0.000000,0.000000,0.000000,0.00065451
7,165,0.277820,0.000088,105.3382,0.000000,0.000000,0.000000,0.005745,0.000000,0.000000,0.000000,0.00065451
7,166,0.408437,0.000130,121.3908,0.000000,0.000000,0.000000,0.002068,0.000000,0.000000,0.000000,0.00065451
7,167,0.305202,0.000097,125.6012,0.000000,0.000000,0.000000,0.001746,0.000000,0.000000,0.000000,0.00065451
7,168,0.348934,0.000111,113.2539,0.000000,0.000000,0.000000,0.004000,0.000000,0.000000,0.000000,0.00065451
7,169,0.268360,0.000085,106.7390,0.000000,0.000000,0.000000,0.002390,0.000000,0.000000,0.000000,0.00065451
7,170,0.294484,0.000093,123.6325,0.000000,0.000000,0.000000,0.002712,0.000000,0.000000,0.000000,0.00065451
7,171,0.248235,0.000079,101.4101,0.000000,0.000000,0.000000,0.003034,0.000000,0.000000,0.000000,0.00065451
7,172,0.352049,0.000112,113.6376,0.000000,0.000000,0.000000,0.003356,0.000000,0.000000,0.000000,0.00065451
7,173,0.424910,0.000135,124.1463,0.000000,0.000000,0.000000,0.004644,0.000000,0.000000,0.000000,0.00065451
7,174,0.261299,0.000083,108.8096,0.000000,0.000000,0.000000,0.004322,0.000000,0.000000,0.000000,0.00065451
7,175,0.321912,0.000102,99.6029,0.000000,0.000000,0.000000,0.002712,0.000000,0.000000,0.000000,0.00065451
7,176,0.415150,0.000132,109.6880,0.000000,0.000000,0.000000,0.004966,0.000000,0.000000,0.000000,0.00065451
7,177,0.266460,0.000085,101.7435,0.000000,0.000000,0.000000,0.002068,0.000000,0.000000,0.000000,0.00065451
7,178,0.222525,0.000070,109.2098,0.000000,0.000000,0.000000,0.004135,0.000000,0.000000,0.000000,0.00065451
7,179,0.175972,0.000056,114.9530,0.000000,0.000000,0.000000,0.002390,0.000000,0.000000,0.000000,0.00065451
7,180,0.200724,0.000064,110.5331,0.000000,0.000000,0.000000,0.002712,0.000000,0.000000,0.000000,0.00065451
7,181,0.252859,0.000080,106.6357,0.000000,0.000000,0.000000,0.002390,0.000000,0.000000,0.000000,0.00065451
7,182,0.375492,0.000119,124.3442,0.000000,0.000000,0.000000,0.002068,0.000000,0.000000,0.000000,0.00065451
7,183,0.223801,0.000071,106.3310,0.000000,0.000000,0.000000,0.002390,0.000000,0.000000,0.000000,0.00065451
7,184,0.247183,0.000078,109.9515,0.000000,0.000000,0.000000,0.002068,0.000000,0.000000,0.000000,0.00065451
7,185,0.249077,0.000079,106.4385,0.000000,0.000000,0.000000,0.002068,0.000000,0.000000,0.000000,0.00065451
7,186,0.326266,0.000104,111.7521,0.000000,0.000000,0.000000,0.002068,0.000000,0.000000,0.000000,0.00065451
7,187,0.237450,0.000075,110.0370,0.000000,0.000000,0.000000,0.002390,0.000000,0.000000,0.000000,0.00065451
7,188,0.381000,0.000121,124.4336,0.000000,0.000000,0.000000,0.002712,0.000000,0.000000,0.000000,0.00065451
7,189,0.357850,0.000113,120.1409,0.000000,0.000000,0.000000,0.009609,0.000000,0.000000,0.000000,0.00065451
7,190,0.350575,0.000110,112.4072,0.000000,0.000000,0.000000,0.010711,0.000000,0.000000,0.000000,0.00065451
7,191,0.236605,0.000072,109.7397,0.000000,0.000000,0.000000,0.020622,0.000000,0.000000,0.000000,0.00065451
7,192,0.221563,0.000066,119.4480,0.000000,0.000000,0.000000,0.027688,0.000000,0.000000,0.000000,0.00065451
7,193,0.315540,0.000098,112.2605,0.000000,0.000000,0.000000,0.014691,0.000000,0.000000,0.000000,0.00065451
7,194,0.309408,0.000087,121.6347,0.000000,0.000000,0.000000,0.073362,0.000000,0.000000,0.000000,0.00065451
7,195,0.289979,0.000090,118.0276,0.000000,0.000000,0.000000,0.015490,0.000000,0.000000,0.000000,0.00065451
7,196,0.287264,0.000079,112.9076,0.000000,0.000000,0.000000,0.077567,0.000000,0.000000,0.000000,0.00065451
7,197,0.376255,0.000119,125.9512,0.000000,0.000000,0.000000,0.008965,0.000000,0.000000,0.000000,0.00065451
7,198,0.277768,0.000081,112.6188,0.000000,0.000000,0.000000,0.046390,0.000000,0.000000,0.000000,0.00065451
7,199,0.245822,0.000077,111.5153,0.000000,0.000000,0.000000,0.008321,0.000000,0.000000,0.000000,0.00065451
7,200,0.212338,0.000067,104.5944,0.000000,0.000000,0.000000,0.006576,0.000000,0.000000,0.000000,0.00065451
7,201,0.274667,0.000086,121.3525,0.000000,0.000000,0.000000,0.009287,0.000000,0.000000,0.000000,0.00065451
7,202,0.212425,0.000067,111.9461,0.000000,0.000000,0.000000,0.005288,0.000000,0.000000,0.000000,0.00065451
7,203,0.306360,0.000096,111.0518,0.000000,0.000000,0.000000,0.011542,0.000000,0.000000,0.000000,0.00065451
7,204,0.282363,0.000089,104.2414,0.000000,0.000000,0.000000,0.008643,0.000000,0.000000,0.000000,0.00065451
7,205,0.313377,0.000098,121.4260,0.000000,0.000000,0.000000,0.009506,0.000000,0.000000,0.000000,0.00065451
7,206,0.294659,0.000093,118.6432,0.000000,0.000000,0.000000,0.003356,0.000000,0.000000,0.000000,0.00065451
7,207,0.266745,0.000084,105.0421,0.000000,0.000000,0.000000,0.003678,0.000000,0.000000,0.000000,0.00065451
7,208,0.385572,0.000122,123.4117,0.000000,0.000000,0.000000,0.004644,0.000000,0.000000,0.000000,0.00065451
7,209,0.190334,0.000060,102.3424,0.000000,0.000000,0.000000,0.002712,0.000000,0.000000,0.000000,0.00065451
7,210,0.200902,0.000064,114.1788,0.000000,0.000000,0.000000,0.002068,0.000000,0.000000,0.000000,0.00065451
7,211,0.278614,0.000089,109.3699,0.000000,0.000000,0.000000,0.002068,0.000000,0.000000,0.000000,0.00065451
7,212,0.206159,0.000065,111.5223,0.000000,0.000000,0.000000,0.003034,0.000000,0.000000,0.000000,0.00065451
7,213,0.209323,0.000066,119.0803,0.000000,0.000000,0.000000,0.001746,0.000000,0.000000,0.000000,0.00065451
7,214,0.185117,0.000059,109.1439,0.000000,0.000000,0.000000,0.001424,0.000000,0.000000,0.000000,0.00065451
7,215,0.324145,0.000103,95.7055,0.000000,0.000000,0.000000,0.001746,0.000000,0.000000,0.000000,0.00065451
7,216,0.394848,0.000125,113.3990,0.000000,0.000000,0.000000,0.004457,0.000000,0.000000,0.000000,0.00065451
7,217,0.339306,0.000108,106.4684,0.000000,0.000000,0.000000,0.002068,0.000000,0.000000,0.000000,0.00065451
7,218,0.245829,0.000078,119.4274,0.000000,0.000000,0.000000,0.002390,0.000000,0.000000,0.000000,0.00065451
7,219,0.357779,0.000114,123.1429,0.000000,0.000000,0.000000,0.002390,0.000000,0.000000,0.000000,0.00065451
7,220,0.305552,0.000097,99.1050,0.000000,0.000000,0.000000,0.004966,0.000000,0.000000,0.000000,0.00065451
7,221,0.251679,0.000080,117.1569,0.000000,0.000000,0.000000,0.003034,0.000000,0.000000,0.000000,0.00065451
7,222,0.250508,0.000079,102.7571,0.000000,0.000000,0.000000,0.003356,0.000000,0.000000,0.000000,0.00065451
7,223,0.284565,0.000090,119.2932,0.000000,0.000000,0.000000,0.004083,0.000000,0.000000,0.000000,0.00065451
7,224,0.236556,0.000075,111.6743,0.000000,0.000000,0.000000,0.002068,0.000000,0.000000,0.000000,0.00065451
7,225,0.294624,0.000093,110.3804,0.000000,0.000000,0.000000,0.004644,0.000000,0.000000,0.000000,0.00065451
7,226,0.404864,0.000128,115.0223,0.000000,0.000000,0.000000,0.007999,0.000000,0.000000,0.000000,0.00065451
7,227,0.341231,0.000108,122.7932,0.000000,0.000000,0.000000,0.005236,0.000000,0.000000,0.000000,0.00065451
7,228,0.239820,0.000076,123.9220,0.000000,0.000000,0.000000,0.003813,0.000000,0.000000,0.000000,0.00065451
7,229,0.349510,0.000111,122.2711,0.000000,0.000000,0.000000,0.003683,0.000000,0.000000,0.000000,0.00065451
7,230,0.272420,0.000086,100.3104,0.000000,0.000000,0.000000,0.004966,0.000000,0.000000,0.000000,0.00065451
7,231,0.250503,0.000079,100.5668,0.000000,0.000000,0.000000,0.006016,0.000000,0.000000,0.000000,0.00065451
7,232,0.267351,0.000085,100.8876,0.000000,0.000000,0.000000,0.003678,0.000000,0.000000,0.000000,0.00065451
7,233,0.183324,0.000058,96.5005,0.000000,0.000000,0.000000,0.004135,0.000000,0.000000,0.000000,0.00065451
7,234,0.234352,0.000074,104.3333,0.000000,0.000000,0.000000,0.003034,0.000000,0.000000,0.000000,0.00065451
7,235,0.315384,0.000100,100.5421,0.000000,0.000000,0.000000,0.001746,0.000000,0.000000,0.000000,0.00065451
7,236,0.274806,0.000087,111.1250,0.000000,0.000000,0.000000,0.003678,0.000000,0.000000,0.000000,0.00065451
7,237,0.489518,0.000156,128.5612,0.000000,0.000000,0.000000,0.003678,0.000000,0.000000,0.000000,0.00065451
7,238,0.320891,0.000102,113.3773,0.000000,0.000000,0.000000,0.003034,0.000000,0.000000,0.000000,0.00065451
7,239,0.300242,0.000095,111.4873,0.000000,0.000000,0.000000,0.001746,0.000000,0.000000,0.000000,0.00065451
7,240,0.196354,0.000062,115.6592,0.000000,0.000000,0.000000,0.002390,0.000000,0.000000,0.000000,0.00065451
7,241,0.441675,0.000140,122.6214,0.000000,0.000000,0.000000,0.002390,0.000000,0.000000,0.000000,0.00065451
7,242,0.457635,0.000145,120.5681,0.000000,0.000000,0.000000,0.003678,0.000000,0.000000,0.000000,0.00065451
7,243,0.426094,0.000134,105.4558,0.000000,0.000000,0.000000,0.012353,0.000000,0.000000,0.000000,0.00065451
7,244,0.344959,0.000109,118.3984,0.000000,0.000000,0.000000,0.003678,0.000000,0.000000,0.000000,0.00065451
7,245,0.279578,0.000088,106.0400,0.000000,0.000000,0.000000,0.010015,0.000000,0.000000,0.000000,0.00065451
7,246,0.298689,0.000095,123.8453,0.000000,0.000000,0.000000,0.003169,0.000000,0.000000,0.000000,0.00065451
7,247,0.323074,0.000102,110.5624,0.000000,0.000000,0.000000,0.007168,0.000000,0.000000,0.000000,0.00065451
7,248,0.393219,0.000125,120.0656,0.000000,0.000000,0.000000,0.003356,0.000000,0.000000,0.000000,0.00065451
7,249,0.327315,0.000104,112.5442,0.000000,0.000000,0.000000,0.003356,0.000000,0.000000,0.000000,0.00065451
7,250,0.237458,0.000075,111.5969,0.000000,0.000000,0.000000,0.001746,0.000000,0.000000,0.000000,0.00065451
7,251,0.252812,0.000080,109.1531,0.000000,0.000000,0.000000,0.006576,0.000000,0.000000,0.000000,0.00065451
7,252,0.218134,0.000069,122.8397,0.000000,0.000000,0.000000,0.003356,0.000000,0.000000,0.000000,0.00065451
7,253,0.283164,0.000090,114.9915,0.000000,0.000000,0.000000,0.004644,0.000000,0.000000,0.000000,0.00065451
7,254,0.270365,0.000086,104.6023,0.000000,0.000000,0.000000,0.003813,0.000000,0.000000,0.000000,0.00065451
7,255,0.213648,0.000068,116.8885,0.000000,0.000000,0.000000,0.001746,0.000000,0.000000,0.000000,0.00065451
7,256,0.282859,0.000090,111.7603,0.000000,0.000000,0.000000,0.002203,0.000000,0.000000,0.000000,0.00065451
7,257,0.290582,0.000092,122.9785,0.000000,0.000000,0.000000,0.003034,0.000000,0.000000,0.000000,0.00065451
7,258,0.190398,0.000060,105.5240,0.000000,0.000000,0.000000,0.002390,0.000000,0.000000,0.000000,0.00065451
7,259,0.254185,0.000081,119.5616,0.000000,0.000000,0.000000,0.001424,0.000000,0.000000,0.000000,0.00065451
7,260,0.316289,0.000100,126.8645,0.000000,0.000000,0.000000,0.003948,0.000000,0.000000,0.000000,0.00065451
7,261,0.266872,0.000085,118.3806,0.000000,0.000000,0.000000,0.002390,0.000000,0.000000,0.000000,0.00065451
7,262,0.220786,0.000070,111.3727,0.000000,0.000000,0.000000,0.001746,0.000000,0.000000,0.000000,0.00065451
7,263,0.200366,0.000064,110.8776,0.000000,0.000000,0.000000,0.002390,0.000000,0.000000,0.000000,0.00065451
7,264,0.222882,0.000071,117.5776,0.000000,0.000000,0.000000,0.002068,0.000000,0.000000,0.000000,0.00065451
7,265,0.249427,0.000079,119.9843,0.000000,0.000000,0.000000,0.004000,0.000000,0.000000,0.000000,0.00065451
7,266,0.292207,0.000093,123.5616,0.000000,0.000000,0.000000,0.002068,0.000000,0.000000,0.000000,0.00065451
7,267,0.264864,0.000083,108.3589,0.000000,0.000000,0.000000,0.007626,0.000000,0.000000,0.000000,0.00065451
7,268,0.336249,0.000106,113.4030,0.000000,0.000000,0.000000,0.004644,0.000000,0.000000,0.000000,0.00065451
7,269,0.311619,0.000099,111.8485,0.000000,0.000000,0.000000,0.003917,0.000000,0.000000,0.000000,0.00065451
7,270,0.320584,0.000102,109.6493,0.000000,0.000000,0.000000,0.003034,0.000000,0.000000,0.000000,0.00065451
7,271,0.371731,0.000117,109.2439,0.000000,0.000000,0.000000,0.007813,0.000000,0.000000,0.000000,0.00065451
7,272,0.331746,0.000105,115.2982,0.000000,0.000000,0.000000,0.006524,0.000000,0.000000,0.000000,0.00065451
7,273,0.290669,0.000092,109.9073,0.000000,0.000000,0.000000,0.004644,0.000000,0.000000,0.000000,0.00065451
7,274,0.317669,0.000101,111.2236,0.000000,0.000000,0.000000,0.004000,0.000000,0.000000,0.000000,0.00065451
7,275,0.245443,0.000078,104.9280,0.000000,0.000000,0.000000,0.002712,0.000000,0.000000,0.000000,0.00065451
7,276,0.324615,0.000103,104.7020,0.000000,0.000000,0.000000,0.003034,0.000000,0.000000,0.000000,0.00065451
7,277,0.279048,0.000088,108.9676,0.000000,0.000000,0.000000,0.003034,0.000000,0.000000,0.000000,0.00065451
7,278,0.212172,0.000067,109.7702,0.000000,0.000000,0.000000,0.001746,0.000000,0.000000,0.000000,0.00065451
7,279,0.387769,0.000123,120.1896,0.000000,0.000000,0.000000,0.001424,0.000000,0.000000,0.000000,0.00065451
7,280,0.257810,0.000082,121.4040,0.000000,0.000000,0.000000,0.003356,0.000000,0.000000,0.000000,0.00065451
7,281,0.396158,0.000126,110.2562,0.000000,0.000000,0.000000,0.003356,0.000000,0.000000,0.000000,0.00065451
7,282,0.394939,0.000121,117.6529,0.000000,0.000000,0.000000,0.027906,0.000000,0.000000,0.000000,0.00065451
7,283,0.302564,0.000096,111.7710,0.000000,0.000000,0.000000,0.005610,0.000000,0.000000,0.000000,0.00065451
7,284,0.364764,0.000105,116.6769,0.000000,0.000000,0.000000,0.068462,0.000000,0.000000,0.000000,0.00065451
7,285,0.286257,0.000090,110.7538,0.000000,0.000000,0.000000,0.009101,0.000000,0.000000,0.000000,0.00065451
7,286,0.345259,0.000103,119.0630,0.000000,0.000000,0.000000,0.041431,0.000000,0.000000,0.000000,0.00065451
7,287,0.280704,0.000088,122.8684,0.000000,0.000000,0.000000,0.006389,0.000000,0.000000,0.000000,0.00065451
7,288,0.211272,0.000066,121.4372,0.000000,0.000000,0.000000,0.011084,0.000000,0.000000,0.000000,0.00065451
7,289,0.268429,0.000084,120.1843,0.000000,0.000000,0.000000,0.007490,0.000000,0.000000,0.000000,0.00065451
7,290,0.239702,0.000075,112.0782,0.000000,0.000000,0.000000,0.006711,0.000000,0.000000,0.000000,0.00065451
7,291,0.210236,0.000066,112.7888,0.000000,0.000000,0.000000,0.007439,0.000000,0.000000,0.000000,0.00065451
7,292,0.231636,0.000073,125.9095,0.000000,0.000000,0.000000,0.003034,0.000000,0.000000,0.000000,0.00065451
7,293,0.310430,0.000098,110.7209,0.000000,0.000000,0.000000,0.008592,0.000000,0.000000,0.000000,0.00065451
7,294,0.289520,0.000091,108.1924,0.000000,0.000000,0.000000,0.009236,0.000000,0.000000,0.000000,0.00065451
7,295,0.245976,0.000078,109.7615,0.000000,0.000000,0.000000,0.002390,0.000000,0.000000,0.000000,0.00065451
7,296,0.378066,0.000119,121.9705,0.000000,0.000000,0.000000,0.010389,0.000000,0.000000,0.000000,0.00065451
7,297,0.339289,0.000107,119.3782,0.000000,0.000000,0.000000,0.007948,0.000000,0.000000,0.000000,0.00065451
7,298,0.400724,0.000125,111.7874,0.000000,0.000000,0.000000,0.020352,0.000000,0.000000,0.000000,0.00065451
7,299,0.266359,0.000084,114.5914,0.000000,0.000000,0.000000,0.004644,0.000000,0.000000,0.000000,0.00065451
7,300,0.199219,0.000063,115.2155,0.000000,0.000000,0.000000,0.002390,0.000000,0.000000,0.000000,0.00065451
7,301,0.467654,0.000148,124.3310,0.000000,0.000000,0.000000,0.005288,0.000000,0.000000,0.000000,0.00065451
7,302,0.301471,0.000095,109.2255,0.000000,0.000000,0.000000,0.006389,0.000000,0.000000,0.000000,0.00065451
7,303,0.272372,0.000086,104.5846,0.000000,0.000000,0.000000,0.007220,0.000000,0.000000,0.000000,0.00065451
7,304,0.290897,0.000092,107.0886,0.000000,0.000000,0.000000,0.003678,0.000000,0.000000,0.000000,0.00065451
7,305,0.312713,0.000099,125.6467,0.000000,0.000000,0.000000,0.003034,0.000000,0.000000,0.000000,0.00065451
7,306,0.214946,0.000068,112.7819,0.000000,0.000000,0.000000,0.002712,0.000000,0.000000,0.000000,0.00065451
7,307,0.209030,0.000066,114.1605,0.000000,0.000000,0.000000,0.002390,0.000000,0.000000,0.000000,0.00065451
7,308,0.361261,0.000114,123.6283,0.000000,0.000000,0.000000,0.004457,0.000000,0.000000,0.000000,0.00065451
7,309,0.396661,0.000126,118.2519,0.000000,0.000000,0.000000,0.003034,0.000000,0.000000,0.000000,0.00065451
7,310,0.248781,0.000079,105.6440,0.000000,0.000000,0.000000,0.002712,0.000000,0.000000,0.000000,0.00065451
7,311,0.247630,0.000079,124.7408,0.000000,0.000000,0.000000,0.002712,0.000000,0.000000,0.000000,0.00065451
7,312,0.302913,0.000096,121.9641,0.000000,0.000000,0.000000,0.003678,0.000000,0.000000,0.000000,0.00065451
7,313,0.298843,0.000093,108.0584,0.000000,0.000000,0.000000,0.016778,0.000000,0.000000,0.000000,0.00065451
7,314,0.291407,0.000093,112.9745,0.000000,0.000000,0.000000,0.002390,0.000000,0.000000,0.000000,0.00065451
7,315,0.376884,0.000120,116.5906,0.000000,0.000000,0.000000,0.003304,0.000000,0.000000,0.000000,0.00065451
7,316,0.271037,0.000086,117.8440,0.000000,0.000000,0.000000,0.004322,0.000000,0.000000,0.000000,0.00065451
7,317,0.249114,0.000079,113.0161,0.000000,0.000000,0.000000,0.002390,0.000000,0.000000,0.000000,0.00065451
7,318,0.244120,0.000078,90.7852,0.000000,0.000000,0.000000,0.001424,0.000000,0.000000,0.000000,0.00065451
7,319,0.270233,0.000086,110.3477,0.000000,0.000000,0.000000,0.003678,0.000000,0.000000,0.000000,0.00065451
7,320,0.253797,0.000081,105.6263,0.000000,0.000000,0.000000,0.002068,0.000000,0.000000,0.000000,0.00065451
7,321,0.376737,0.000119,114.7999,0.000000,0.000000,0.000000,0.007761,0.000000,0.000000,0.000000,0.00065451
7,322,0.231639,0.000074,119.1574,0.000000,0.000000,0.000000,0.001746,0.000000,0.000000,0.000000,0.00065451
7,323,0.297805,0.000094,108.9572,0.000000,0.000000,0.000000,0.003491,0.000000,0.000000,0.000000,0.00065451
7,324,0.464881,0.000145,118.8760,0.000000,0.000000,0.000000,0.018640,0.000000,0.000000,0.000000,0.00065451
7,325,0.374930,0.000115,119.1836,0.000000,0.000000,0.000000,0.026786,0.000000,0.000000,0.000000,0.00065451
7,326,0.324982,0.000103,121.5559,0.000000,0.000000,0.000000,0.001746,0.000000,0.000000,0.000000,0.00065451
7,327,0.304312,0.000094,116.3084,0.000000,0.000000,0.000000,0.021215,0.000000,0.000000,0.000000,0.00065451
7,328,0.394014,0.000123,119.2045,0.000000,0.000000,0.000000,0.014910,0.000000,0.000000,0.000000,0.00065451
7,329,0.474214,0.000150,116.4542,0.000000,0.000000,0.000000,0.006067,0.000000,0.000000,0.000000,0.00065451
7,330,0.263165,0.000082,117.1030,0.000000,0.000000,0.000000,0.013454,0.000000,0.000000,0.000000,0.00065451
7,331,0.267653,0.000085,123.6942,0.000000,0.000000,0.000000,0.003678,0.000000,0.000000,0.000000,0.00065451
7,332,0.386492,0.000122,121.2143,0.000000,0.000000,0.000000,0.005745,0.000000,0.000000,0.000000,0.00065451
7,333,0.337727,0.000107,120.4356,0.000000,0.000000,0.000000,0.006576,0.000000,0.000000,0.000000,0.00065451
7,334,0.297651,0.000094,118.7472,0.000000,0.000000,0.000000,0.007439,0.000000,0.000000,0.000000,0.00065451
7,335,0.331182,0.000105,107.0134,0.000000,0.000000,0.000000,0.005694,0.000000,0.000000,0.000000,0.00065451
7,336,0.264053,0.000084,119.2389,0.000000,0.000000,0.000000,0.002390,0.000000,0.000000,0.000000,0.00065451
7,337,0.301388,0.000096,111.5528,0.000000,0.000000,0.000000,0.003678,0.000000,0.000000,0.000000,0.00065451
7,338,0.266119,0.000084,117.1635,0.000000,0.000000,0.000000,0.002390,0.000000,0.000000,0.000000,0.00065451
7,339,0.308036,0.000098,112.4280,0.000000,0.000000,0.000000,0.003948,0.000000,0.000000,0.000000,0.00065451
7,340,0.269242,0.000085,107.4973,0.000000,0.000000,0.000000,0.002712,0.000000,0.000000,0.000000,0.00065451
7,341,0.275116,0.000087,107.5095,0.000000,0.000000,0.000000,0.004644,0.000000,0.000000,0.000000,0.00065451
7,342,0.262972,0.000083,119.6096,0.000000,0.000000,0.000000,0.003034,0.000000,0.000000,0.000000,0.00065451
7,343,0.426020,0.000135,123.8910,0.000000,0.000000,0.000000,0.004000,0.000000,0.000000,0.000000,0.00065451
7,344,0.327019,0.000104,124.9552,0.000000,0.000000,0.000000,0.001746,0.000000,0.000000,0.000000,0.00065451
7,345,0.263049,0.000084,125.8570,0.000000,0.000000,0.000000,0.002068,0.000000,0.000000,0.000000,0.00065451
7,346,0.281012,0.000089,122.0228,0.000000,0.000000,0.000000,0.002712,0.000000,0.000000,0.000000,0.00065451
7,347,0.287486,0.000091,129.2595,0.000000,0.000000,0.000000,0.003491,0.000000,0.000000,0.000000,0.00065451
7,348,0.250903,0.000079,109.6389,0.000000,0.000000,0.000000,0.003356,0.000000,0.000000,0.000000,0.00065451
7,349,0.303194,0.000096,123.2062,0.000000,0.000000,0.000000,0.002068,0.000000,0.000000,0.000000,0.00065451
7,350,0.205489,0.000065,101.1972,0.000000,0.000000,0.000000,0.004000,0.000000,0.000000,0.000000,0.00065451
7,351,0.241699,0.000077,116.1522,0.000000,0.000000,0.000000,0.003034,0.000000,0.000000,0.000000,0.00065451
7,352,0.245123,0.000078,116.6211,0.000000,0.000000,0.000000,0.002712,0.000000,0.000000,0.000000,0.00065451
7,353,0.212324,0.000067,107.8579,0.000000,0.000000,0.000000,0.004966,0.000000,0.000000,0.000000,0.00065451
7,354,0.273276,0.000087,100.6752,0.000000,0.000000,0.000000,0.001746,0.000000,0.000000,0.000000,0.00065451
7,355,0.229979,0.000073,105.6106,0.000000,0.000000,0.000000,0.002712,0.000000,0.000000,0.000000,0.00065451
7,356,0.167755,0.000053,105.2558,0.000000,0.000000,0.000000,0.001746,0.000000,0.000000,0.000000,0.00065451
7,357,0.289719,0.000092,103.8848,0.000000,0.000000,0.000000,0.002068,0.000000,0.000000,0.000000,0.00065451
7,358,0.184850,0.000059,107.1983,0.000000,0.000000,0.000000,0.002712,0.000000,0.000000,0.000000,0.00065451
7,359,0.219713,0.000070,119.0540,0.000000,0.000000,0.000000,0.002390,0.000000,0.000000,0.000000,0.00065451
7,360,0.268517,0.000085,114.1431,0.000000,0.000000,0.000000,0.001746,0.000000,0.000000,0.000000,0.00065451
7,361,0.223353,0.000071,110.3467,0.000000,0.000000,0.000000,0.002068,0.000000,0.000000,0.000000,0.00065451
7,362,0.239284,0.000076,106.0224,0.000000,0.000000,0.000000,0.004000,0.000000,0.000000,0.000000,0.00065451
7,363,0.227403,0.000072,112.4772,0.000000,0.000000,0.000000,0.002068,0.000000,0.000000,0.000000,0.00065451
7,364,0.245708,0.000078,116.0854,0.000000,0.000000,0.000000,0.003034,0.000000,0.000000,0.000000,0.00065451
7,365,0.258647,0.000082,113.0522,0.000000,0.000000,0.000000,0.004135,0.000000,0.000000,0.000000,0.00065451
7,366,0.273878,0.000087,123.7072,0.000000,0.000000,0.000000,0.002068,0.000000,0.000000,0.000000,0.00065451
7,367,0.225863,0.000071,105.1214,0.000000,0.000000,0.000000,0.005423,0.000000,0.000000,0.000000,0.00065451
7,368,0.387060,0.000122,111.6566,0.000000,0.000000,0.000000,0.006067,0.000000,0.000000,0.000000,0.00065451
7,369,0.241078,0.000076,106.2183,0.000000,0.000000,0.000000,0.002390,0.000000,0.000000,0.000000,0.00065451
7,370,0.290855,0.000092,105.0137,0.000000,0.000000,0.000000,0.005610,0.000000,0.000000,0.000000,0.00065451
7,371,0.192619,0.000061,108.9866,0.000000,0.000000,0.000000,0.003678,0.000000,0.000000,0.000000,0.00065451
7,372,0.414382,0.000131,101.7362,0.000000,0.000000,0.000000,0.007813,0.000000,0.000000,0.000000,0.00065451
7,373,0.255567,0.000078,105.2640,0.000000,0.000000,0.000000,0.021215,0.000000,0.000000,0.000000,0.00065451
7,374,0.226714,0.000072,118.6585,0.000000,0.000000,0.000000,0.003948,0.000000,0.000000,0.000000,0.00065451
7,375,0.282117,0.000089,125.1817,0.000000,0.000000,0.000000,0.008862,0.000000,0.000000,0.000000,0.00065451
7,376,0.266045,0.000079,113.9013,0.000000,0.000000,0.000000,0.038431,0.000000,0.000000,0.000000,0.00065451
7,377,0.275373,0.000081,125.3286,0.000000,0.000000,0.000000,0.040143,0.000000,0.000000,0.000000,0.00065451
7,378,0.258043,0.000081,107.9257,0.000000,0.000000,0.000000,0.010202,0.000000,0.000000,0.000000,0.00065451
7,379,0.292259,0.000091,103.9025,0.000000,0.000000,0.000000,0.015844,0.000000,0.000000,0.000000,0.00065451
7,380,0.234444,0.000073,114.0967,0.000000,0.000000,0.000000,0.012810,0.000000,0.000000,0.000000,0.00065451
7,381,0.240351,0.000076,103.7167,0.000000,0.000000,0.000000,0.005932,0.000000,0.000000,0.000000,0.00065451
7,382,0.186962,0.000059,112.8460,0.000000,0.000000,0.000000,0.003678,0.000000,0.000000,0.000000,0.00065451
7,383,0.293749,0.000093,116.4992,0.000000,0.000000,0.000000,0.004322,0.000000,0.000000,0.000000,0.00065451
7,384,0.260366,0.000082,113.6808,0.000000,0.000000,0.000000,0.007033,0.000000,0.000000,0.000000,0.00065451
7,385,0.250604,0.000079,123.6138,0.000000,0.000000,0.000000,0.003678,0.000000,0.000000,0.000000,0.00065451
7,386,0.234554,0.000074,111.2522,0.000000,0.000000,0.000000,0.002390,0.000000,0.000000,0.000000,0.00065451
7,387,0.253434,0.000080,121.1083,0.000000,0.000000,0.000000,0.002712,0.000000,0.000000,0.000000,0.00065451
7,388,0.200431,0.000064,116.5134,0.000000,0.000000,0.000000,0.002068,0.000000,0.000000,0.000000,0.00065451
7,389,0.257781,0.000082,114.0287,0.000000,0.000000,0.000000,0.003034,0.000000,0.000000,0.000000,0.00065451
7,390,0.213179,0.000067,118.5120,0.000000,0.000000,0.000000,0.004000,0.000000,0.000000,0.000000,0.00065451
7,391,0.281113,0.000089,118.9473,0.000000,0.000000,0.000000,0.005745,0.000000,0.000000,0.000000,0.00065451
7,392,0.416940,0.000132,129.5352,0.000000,0.000000,0.000000,0.003034,0.000000,0.000000,0.000000,0.00065451
7,393,0.241593,0.000077,112.2010,0.000000,0.000000,0.000000,0.002390,0.000000,0.000000,0.000000,0.00065451
7,394,0.251295,0.000080,118.2338,0.000000,0.000000,0.000000,0.002712,0.000000,0.000000,0.000000,0.00065451
7,395,0.301875,0.000096,120.1259,0.000000,0.000000,0.000000,0.002068,0.000000,0.000000,0.000000,0.00065451
7,396,0.206924,0.000066,119.9686,0.000000,0.000000,0.000000,0.002068,0.000000,0.000000,0.000000,0.00065451
7,397,0.193749,0.000061,115.6142,0.000000,0.000000,0.000000,0.002712,0.000000,0.000000,0.000000,0.00065451
7,398,0.337854,0.000107,120.9758,0.000000,0.000000,0.000000,0.004779,0.000000,0.000000,0.000000,0.00065451
7,399,0.256696,0.000082,121.3344,0.000000,0.000000,0.000000,0.002068,0.000000,0.000000,0.000000,0.00065451
7,400,0.194537,0.000062,112.8916,0.000000,0.000000,0.000000,0.001746,0.000000,0.000000,0.000000,0.00065451
7,401,0.297563,0.000094,123.8379,0.000000,0.000000,0.000000,0.004000,0.000000,0.000000,0.000000,0.00065451
7,402,0.342984,0.000109,112.3970,0.000000,0.000000,0.000000,0.003034,0.000000,0.000000,0.000000,0.00065451
7,403,0.202966,0.000064,119.9713,0.000000,0.000000,0.000000,0.002712,0.000000,0.000000,0.000000,0.00065451
7,404,0.234688,0.000074,111.2016,0.000000,0.000000,0.000000,0.002390,0.000000,0.000000,0.000000,0.00065451
7,405,0.171573,0.000054,108.7839,0.000000,0.000000,0.000000,0.002390,0.000000,0.000000,0.000000,0.00065451
7,406,0.227865,0.000072,112.0732,0.000000,0.000000,0.000000,0.001746,0.000000,0.000000,0.000000,0.00065451
7,407,0.382208,0.000121,108.3162,0.000000,0.000000,0.000000,0.004457,0.000000,0.000000,0.000000,0.00065451
7,408,0.296743,0.000094,118.7740,0.000000,0.000000,0.000000,0.002390,0.000000,0.000000,0.000000,0.00065451
7,409,0.356768,0.000113,109.3266,0.000000,0.000000,0.000000,0.004644,0.000000,0.000000,0.000000,0.00065451
7,410,0.344666,0.000109,121.4798,0.000000,0.000000,0.000000,0.005236,0.000000,0.000000,0.000000,0.00065451
7,411,0.317861,0.000101,108.1163,0.000000,0.000000,0.000000,0.003034,0.000000,0.000000,0.000000,0.00065451
7,412,0.380866,0.000121,123.2819,0.000000,0.000000,0.000000,0.001746,0.000000,0.000000,0.000000,0.00065451
7,413,0.288407,0.000090,99.6960,0.000000,0.000000,0.000000,0.012591,0.000000,0.000000,0.000000,0.00065451
7,414,0.250171,0.000078,117.7318,0.000000,0.000000,0.000000,0.013371,0.000000,0.000000,0.000000,0.00065451
7,415,0.277444,0.000087,104.8217,0.000000,0.000000,0.000000,0.008643,0.000000,0.000000,0.000000,0.00065451
7,416,0.254331,0.000079,105.3410,0.000000,0.000000,0.000000,0.012269,0.000000,0.000000,0.000000,0.00065451
7,417,0.224555,0.000071,123.4774,0.000000,0.000000,0.000000,0.003813,0.000000,0.000000,0.000000,0.00065451
7,418,0.311748,0.000099,118.6787,0.000000,0.000000,0.000000,0.004966,0.000000,0.000000,0.000000,0.00065451
7,419,0.236762,0.000075,112.6242,0.000000,0.000000,0.000000,0.003034,0.000000,0.000000,0.000000,0.00065451
7,420,0.185618,0.000059,112.6055,0.000000,0.000000,0.000000,0.003678,0.000000,0.000000,0.000000,0.00065451
7,421,0.240299,0.000076,120.4912,0.000000,0.000000,0.000000,0.002712,0.000000,0.000000,0.000000,0.00065451
7,422,0.386892,0.000123,107.6054,0.000000,0.000000,0.000000,0.004000,0.000000,0.000000,0.000000,0.00065451
7,423,0.238322,0.000075,97.7443,0.000000,0.000000,0.000000,0.005932,0.000000,0.000000,0.000000,0.00065451
7,424,0.284319,0.000090,114.2412,0.000000,0.000000,0.000000,0.004966,0.000000,0.000000,0.000000,0.00065451
7,425,0.198818,0.000062,105.2562,0.000000,0.000000,0.000000,0.007864,0.000000,0.000000,0.000000,0.00065451
7,426,0.184007,0.000058,105.6195,0.000000,0.000000,0.000000,0.002712,0.000000,0.000000,0.000000,0.00065451
7,427,0.168971,0.000053,108.8630,0.000000,0.000000,0.000000,0.003034,0.000000,0.000000,0.000000,0.00065451
7,428,0.294593,0.000094,125.9339,0.000000,0.000000,0.000000,0.002712,0.000000,0.000000,0.000000,0.00065451
7,429,0.248787,0.000079,123.0829,0.000000,0.000000,0.000000,0.003678,0.000000,0.000000,0.000000,0.00065451
7,430,0.282730,0.000090,120.5469,0.000000,0.000000,0.000000,0.003356,0.000000,0.000000,0.000000,0.00065451
7,431,0.241896,0.000076,107.3728,0.000000,0.000000,0.000000,0.005236,0.000000,0.000000,0.000000,0.00065451
7,432,0.205149,0.000065,107.8843,0.000000,0.000000,0.000000,0.002068,0.000000,0.000000,0.000000,0.00065451
7,433,0.237778,0.000075,110.0314,0.000000,0.000000,0.000000,0.002390,0.000000,0.000000,0.000000,0.00065451
7,434,0.210687,0.000067,112.7225,0.000000,0.000000,0.000000,0.002068,0.000000,0.000000,0.000000,0.00065451
7,435,0.218190,0.000069,108.3610,0.000000,0.000000,0.000000,0.002068,0.000000,0.000000,0.000000,0.00065451
7,436,0.275663,0.000087,112.8873,0.000000,0.000000,0.000000,0.003813,0.000000,0.000000,0.000000,0.00065451
7,437,0.202775,0.000064,108.3096,0.000000,0.000000,0.000000,0.001746,0.000000,0.000000,0.000000,0.00065451
7,438,0.371760,0.000117,121.4685,0.000000,0.000000,0.000000,0.007439,0.000000,0.000000,0.000000,0.00065451
7,439,0.210668,0.000067,105.6712,0.000000,0.000000,0.000000,0.002712,0.000000,0.000000,0.000000,0.00065451
7,440,0.276318,0.000086,115.2455,0.000000,0.000000,0.000000,0.011148,0.000000,0.000000,0.000000,0.00065451
7,441,0.247826,0.000078,113.2634,0.000000,0.000000,0.000000,0.003678,0.000000,0.000000,0.000000,0.00065451
7,442,0.256997,0.000078,125.6054,0.000000,0.000000,0.000000,0.026148,0.000000,0.000000,0.000000,0.00065451
7,443,0.275702,0.000087,126.6426,0.000000,0.000000,0.000000,0.005932,0.000000,0.000000,0.000000,0.00065451
7,444,0.239561,0.000067,118.5858,0.000000,0.000000,0.000000,0.060209,0.000000,0.000000,0.000000,0.00065451
7,445,0.241869,0.000076,115.3112,0.000000,0.000000,0.000000,0.007304,0.000000,0.000000,0.000000,0.00065451
7,446,0.288263,0.000084,123.2827,0.000000,0.000000,0.000000,0.048173,0.000000,0.000000,0.000000,0.00065451
7,447,0.270204,0.000085,118.8350,0.000000,0.000000,0.000000,0.004966,0.000000,0.000000,0.000000,0.00065451
7,448,0.264570,0.000082,123.8311,0.000000,0.000000,0.000000,0.015084,0.000000,0.000000,0.000000,0.00065451
7,449,0.220382,0.000067,118.1629,0.000000,0.000000,0.000000,0.018234,0.000000,0.000000,0.000000,0.00065451
7,450,0.220630,0.000069,115.6894,0.000000,0.000000,0.000000,0.006202,0.000000,0.000000,0.000000,0.00065451
7,451,0.252191,0.000078,120.1280,0.000000,0.000000,0.000000,0.012050,0.000000,0.000000,0.000000,0.00065451
7,452,0.213754,0.000067,121.4806,0.000000,0.000000,0.000000,0.007168,0.000000,0.000000,0.000000,0.00065451
7,453,0.241827,0.000076,114.0337,0.000000,0.000000,0.000000,0.004696,0.000000,0.000000,0.000000,0.00065451
7,454,0.330765,0.000105,123.3855,0.000000,0.000000,0.000000,0.005745,0.000000,0.000000,0.000000,0.00065451
7,455,0.297745,0.000094,122.2602,0.000000,0.000000,0.000000,0.007999,0.000000,0.000000,0.000000,0.00065451
7,456,0.366114,0.000116,119.9284,0.000000,0.000000,0.000000,0.003678,0.000000,0.000000,0.000000,0.00065451
7,457,0.250152,0.000079,112.9450,0.000000,0.000000,0.000000,0.004779,0.000000,0.000000,0.000000,0.00065451
7,458,0.266550,0.000085,117.6544,0.000000,0.000000,0.000000,0.002390,0.000000,0.000000,0.000000,0.00065451
7,459,0.256096,0.000081,119.0359,0.000000,0.000000,0.000000,0.001424,0.000000,0.000000,0.000000,0.00065451
7,460,0.271623,0.000086,123.1837,0.000000,0.000000,0.000000,0.002068,0.000000,0.000000,0.000000,0.00065451
7,461,0.241658,0.000077,105.0961,0.000000,0.000000,0.000000,0.002712,0.000000,0.000000,0.000000,0.00065451
7,462,0.298797,0.000095,119.8664,0.000000,0.000000,0.000000,0.002525,0.000000,0.000000,0.000000,0.00065451
7,463,0.205570,0.000065,117.5714,0.000000,0.000000,0.000000,0.003356,0.000000,0.000000,0.000000,0.00065451
7,464,0.267652,0.000085,118.3597,0.000000,0.000000,0.000000,0.003034,0.000000,0.000000,0.000000,0.00065451
7,465,0.225601,0.000072,118.0774,0.000000,0.000000,0.000000,0.001424,0.000000,0.000000,0.000000,0.00065451
7,466,0.261502,0.000083,112.1121,0.000000,0.000000,0.000000,0.002390,0.000000,0.000000,0.000000,0.00065451
7,467,0.268779,0.000085,112.3512,0.000000,0.000000,0.000000,0.001424,0.000000,0.000000,0.000000,0.00065451
7,468,0.213839,0.000068,98.9745,0.000000,0.000000,0.000000,0.002068,0.000000,0.000000,0.000000,0.00065451
7,469,0.313157,0.000099,115.7088,0.000000,0.000000,0.000000,0.003356,0.000000,0.000000,0.000000,0.00065451
7,470,0.311864,0.000099,116.5023,0.000000,0.000000,0.000000,0.004135,0.000000,0.000000,0.000000,0.00065451
7,471,0.288639,0.000092,123.6708,0.000000,0.000000,0.000000,0.003356,0.000000,0.000000,0.000000,0.00065451
7,472,0.241668,0.000077,111.9303,0.000000,0.000000,0.000000,0.002068,0.000000,0.000000,0.000000,0.00065451
7,473,0.269936,0.000086,123.9300,0.000000,0.000000,0.000000,0.002390,0.000000,0.000000,0.000000,0.00065451
7,474,0.219023,0.000070,114.8811,0.000000,0.000000,0.000000,0.002068,0.000000,0.000000,0.000000,0.00065451
7,475,0.270226,0.000086,111.0958,0.000000,0.000000,0.000000,0.002390,0.000000,0.000000,0.000000,0.00065451
7,476,0.318880,0.000101,121.5934,0.000000,0.000000,0.000000,0.002712,0.000000,0.000000,0.000000,0.00065451
7,477,0.366721,0.000116,109.3858,0.000000,0.000000,0.000000,0.004779,0.000000,0.000000,0.000000,0.00065451
7,478,0.280215,0.000089,117.8144,0.000000,0.000000,0.000000,0.002847,0.000000,0.000000,0.000000,0.00065451
7,479,0.254712,0.000081,104.3069,0.000000,0.000000,0.000000,0.002390,0.000000,0.000000,0.000000,0.00065451
7,480,0.257569,0.000082,115.0055,0.000000,0.000000,0.000000,0.003491,0.000000,0.000000,0.000000,0.00065451
7,481,0.332613,0.000106,102.3610,0.000000,0.000000,0.000000,0.002068,0.000000,0.000000,0.000000,0.00065451
7,482,0.370183,0.000117,110.5232,0.000000,0.000000,0.000000,0.005610,0.000000,0.000000,0.000000,0.00065451
7,483,0.372094,0.000118,121.7127,0.000000,0.000000,0.000000,0.001746,0.000000,0.000000,0.000000,0.00065451
7,484,0.258600,0.000082,107.2096,0.000000,0.000000,0.000000,0.004644,0.000000,0.000000,0.000000,0.00065451
7,485,0.247201,0.000078,108.4256,0.000000,0.000000,0.000000,0.003491,0.000000,0.000000,0.000000,0.00065451
7,486,0.292302,0.000093,115.4659,0.000000,0.000000,0.000000,0.002068,0.000000,0.000000,0.000000,0.00065451
7,487,0.277327,0.000088,105.4923,0.000000,0.000000,0.000000,0.002712,0.000000,0.000000,0.000000,0.00065451
7,488,0.324757,0.000103,120.3075,0.000000,0.000000,0.000000,0.002847,0.000000,0.000000,0.000000,0.00065451
7,489,0.238054,0.000075,111.0603,0.000000,0.000000,0.000000,0.006306,0.000000,0.000000,0.000000,0.00065451
7,490,0.289119,0.000092,106.2882,0.000000,0.000000,0.000000,0.002712,0.000000,0.000000,0.000000,0.00065451
7,491,0.246960,0.000078,98.0224,0.000000,0.000000,0.000000,0.003356,0.000000,0.000000,0.000000,0.00065451
7,492,0.280061,0.000088,112.9785,0.000000,0.000000,0.000000,0.005745,0.000000,0.000000,0.000000,0.00065451
7,493,0.284409,0.000090,95.8848,0.000000,0.000000,0.000000,0.006898,0.000000,0.000000,0.000000,0.00065451
7,494,0.300355,0.000095,110.9691,0.000000,0.000000,0.000000,0.003034,0.000000,0.000000,0.000000,0.00065451
7,495,0.273708,0.000087,116.9353,0.000000,0.000000,0.000000,0.003034,0.000000,0.000000,0.000000,0.00065451
7,496,0.294170,0.000093,111.7450,0.000000,0.000000,0.000000,0.004322,0.000000,0.000000,0.000000,0.00065451
7,497,0.340496,0.000108,125.3706,0.000000,0.000000,0.000000,0.002068,0.000000,0.000000,0.000000,0.00065451
7,498,0.268166,0.000085,118.7474,0.000000,0.000000,0.000000,0.002068,0.000000,0.000000,0.000000,0.00065451
7,499,0.253281,0.000080,101.9139,0.000000,0.000000,0.000000,0.003491,0.000000,0.000000,0.000000,0.00065451
7,500,0.399834,0.000127,116.5544,0.000000,0.000000,0.000000,0.003034,0.000000,0.000000,0.000000,0.00065451
7,501,0.324289,0.000103,104.4385,0.000000,0.000000,0.000000,0.004779,0.000000,0.000000,0.000000,0.00065451
7,502,0.426911,0.000134,119.0653,0.000000,0.000000,0.000000,0.010286,0.000000,0.000000,0.000000,0.00065451
7,503,0.609820,0.000191,123.2209,0.000000,0.000000,0.000000,0.020918,0.000000,0.000000,0.000000,0.00065451
7,504,0.342767,0.000107,116.6723,0.000000,0.000000,0.000000,0.012087,0.000000,0.000000,0.000000,0.00065451
7,505,0.452603,0.000138,126.8647,0.000000,0.000000,0.000000,0.037600,0.000000,0.000000,0.000000,0.00065451
7,506,0.489993,0.000149,120.0174,0.000000,0.000000,0.000000,0.045798,0.000000,0.000000,0.000000,0.00065451
7,507,0.520767,0.000165,111.8233,0.000000,0.000000,0.000000,0.009241,0.000000,0.000000,0.000000,0.00065451
7,508,0.509582,0.000160,113.5020,0.000000,0.000000,0.000000,0.014697,0.000000,0.000000,0.000000,0.00065451
7,509,0.634005,0.000196,128.6719,0.000000,0.000000,0.000000,0.041211,0.000000,0.000000,0.000000,0.00065451
7,510,0.363601,0.000114,103.7205,0.000000,0.000000,0.000000,0.012321,0.000000,0.000000,0.000000,0.00065451
7,511,0.294505,0.000092,105.8805,0.000000,0.000000,0.000000,0.013029,0.000000,0.000000,0.000000,0.00065451
7,512,0.262930,0.000082,108.0332,0.000000,0.000000,0.000000,0.010337,0.000000,0.000000,0.000000,0.00065451
7,513,0.393489,0.000124,112.1828,0.000000,0.000000,0.000000,0.009642,0.000000,0.000000,0.000000,0.00065451
7,514,0.298773,0.000094,106.8746,0.000000,0.000000,0.000000,0.005101,0.000000,0.000000,0.000000,0.00065451
7,515,0.382303,0.000121,116.3525,0.000000,0.000000,0.000000,0.006202,0.000000,0.000000,0.000000,0.00065451
7,516,0.442610,0.000138,97.5501,0.000000,0.000000,0.000000,0.017786,0.000000,0.000000,0.000000,0.00065451
7,517,0.361810,0.000112,124.6516,0.000000,0.000000,0.000000,0.022097,0.000000,0.000000,0.000000,0.00065451
7,518,0.362009,0.000114,122.1912,0.000000,0.000000,0.000000,0.006389,0.000000,0.000000,0.000000,0.00065451
7,519,0.260846,0.000083,112.2469,0.000000,0.000000,0.000000,0.003356,0.000000,0.000000,0.000000,0.00065451
7,520,0.346848,0.000109,117.3188,0.000000,0.000000,0.000000,0.009745,0.000000,0.000000,0.000000,0.00065451
7,521,0.315345,0.000100,120.8459,0.000000,0.000000,0.000000,0.003356,0.000000,0.000000,0.000000,0.00065451
7,522,0.275632,0.000086,95.1741,0.000000,0.000000,0.000000,0.010036,0.000000,0.000000,0.000000,0.00065451
7,523,0.324448,0.000103,126.9200,0.000000,0.000000,0.000000,0.002390,0.000000,0.000000,0.000000,0.00065451
7,524,0.297621,0.000094,105.9678,0.000000,0.000000,0.000000,0.008592,0.000000,0.000000,0.000000,0.00065451
7,525,0.266866,0.000085,111.7394,0.000000,0.000000,0.000000,0.002390,0.000000,0.000000,0.000000,0.00065451
7,526,0.184379,0.000059,111.2603,0.000000,0.000000,0.000000,0.001424,0.000000,0.000000,0.000000,0.00065451
7,527,0.229676,0.000073,114.4470,0.000000,0.000000,0.000000,0.002390,0.000000,0.000000,0.000000,0.00065451
7,528,0.226428,0.000072,109.6464,0.000000,0.000000,0.000000,0.003034,0.000000,0.000000,0.000000,0.00065451
7,529,0.232038,0.000073,114.3658,0.000000,0.000000,0.000000,0.003356,0.000000,0.000000,0.000000,0.00065451
7,530,0.167721,0.000053,106.4971,0.000000,0.000000,0.000000,0.002068,0.000000,0.000000,0.000000,0.00065451
7,531,0.321908,0.000102,114.8052,0.000000,0.000000,0.000000,0.002068,0.000000,0.000000,0.000000,0.00065451
7,532,0.356452,0.000112,114.6913,0.000000,0.000000,0.000000,0.008135,0.000000,0.000000,0.000000,0.00065451
7,533,0.325679,0.000103,119.9766,0.000000,0.000000,0.000000,0.003356,0.000000,0.000000,0.000000,0.00065451
7,534,0.334854,0.000106,108.5100,0.000000,0.000000,0.000000,0.003034,0.000000,0.000000,0.000000,0.00065451
7,535,0.341054,0.000107,113.4929,0.000000,0.000000,0.000000,0.010286,0.000000,0.000000,0.000000,0.00065451
7,536,0.328734,0.000103,113.9737,0.000000,0.000000,0.000000,0.009828,0.000000,0.000000,0.000000,0.00065451
7,537,0.295585,0.000094,117.4518,0.000000,0.000000,0.000000,0.003356,0.000000,0.000000,0.000000,0.00065451
7,538,0.279658,0.000089,118.9304,0.000000,0.000000,0.000000,0.003356,0.000000,0.000000,0.000000,0.00065451
7,539,0.319825,0.000102,117.1757,0.000000,0.000000,0.000000,0.002068,0.000000,0.000000,0.000000,0.00065451
7,540,0.295119,0.000094,126.6485,0.000000,0.000000,0.000000,0.003034,0.000000,0.000000,0.000000,0.00065451
7,541,0.359351,0.000114,119.4624,0.000000,0.000000,0.000000,0.002390,0.000000,0.000000,0.000000,0.00065451
7,542,0.297403,0.000094,108.1024,0.000000,0.000000,0.000000,0.003169,0.000000,0.000000,0.000000,0.00065451
7,543,0.259602,0.000082,110.7246,0.000000,0.000000,0.000000,0.003678,0.000000,0.000000,0.000000,0.00065451
7,544,0.248620,0.000079,101.4321,0.000000,0.000000,0.000000,0.002390,0.000000,0.000000,0.000000,0.00065451
7,545,0.191601,0.000061,95.2310,0.000000,0.000000,0.000000,0.002390,0.000000,0.000000,0.000000,0.00065451
7,546,0.229021,0.000073,114.9887,0.000000,0.000000,0.000000,0.001746,0.000000,0.000000,0.000000,0.00065451
7,547,0.390538,0.000124,115.5708,0.000000,0.000000,0.000000,0.002712,0.000000,0.000000,0.000000,0.00065451
7,548,0.300107,0.000095,118.0793,0.000000,0.000000,0.000000,0.004322,0.000000,0.000000,0.000000,0.00065451
7,549,0.337043,0.000106,110.4871,0.000000,0.000000,0.000000,0.007355,0.000000,0.000000,0.000000,0.00065451
7,550,0.410627,0.000130,123.9113,0.000000,0.000000,0.000000,0.004322,0.000000,0.000000,0.000000,0.00065451
7,551,0.224572,0.000071,112.9524,0.000000,0.000000,0.000000,0.003034,0.000000,0.000000,0.000000,0.00065451
7,552,0.379111,0.000119,112.1845,0.000000,0.000000,0.000000,0.008830,0.000000,0.000000,0.000000,0.00065451
7,553,0.234282,0.000074,109.2129,0.000000,0.000000,0.000000,0.002712,0.000000,0.000000,0.000000,0.00065451
7,554,0.294046,0.000093,111.1580,0.000000,0.000000,0.000000,0.003626,0.000000,0.000000,0.000000,0.00065451
7,555,0.234449,0.000074,110.2547,0.000000,0.000000,0.000000,0.004457,0.000000,0.000000,0.000000,0.00065451
7,556,0.259555,0.000082,107.2872,0.000000,0.000000,0.000000,0.003356,0.000000,0.000000,0.000000,0.00065451
7,557,0.266182,0.000084,109.8215,0.000000,0.000000,0.000000,0.002712,0.000000,0.000000,0.000000,0.00065451
7,558,0.277963,0.000088,108.2149,0.000000,0.000000,0.000000,0.003169,0.000000,0.000000,0.000000,0.00065451
7,559,0.227870,0.000072,111.2209,0.000000,0.000000,0.000000,0.001424,0.000000,0.000000,0.000000,0.00065451
7,560,0.359134,0.000114,127.4727,0.000000,0.000000,0.000000,0.002712,0.000000,0.000000,0.000000,0.00065451
7,561,0.216586,0.000069,108.7229,0.000000,0.000000,0.000000,0.002068,0.000000,0.000000,0.000000,0.00065451
7,562,0.298105,0.000095,116.7002,0.000000,0.000000,0.000000,0.002390,0.000000,0.000000,0.000000,0.00065451
7,563,0.400786,0.000127,118.4016,0.000000,0.000000,0.000000,0.005288,0.000000,0.000000,0.000000,0.00065451
7,564,0.227472,0.000072,107.0248,0.000000,0.000000,0.000000,0.004000,0.000000,0.000000,0.000000,0.00065451
7,565,0.253831,0.000080,110.8846,0.000000,0.000000,0.000000,0.003356,0.000000,0.000000,0.000000,0.00065451
7,566,0.169599,0.000054,100.7008,0.000000,0.000000,0.000000,0.003356,0.000000,0.000000,0.000000,0.00065451
7,567,0.278860,0.000088,94.1490,0.000000,0.000000,0.000000,0.003034,0.000000,0.000000,0.000000,0.00065451
7,568,0.264703,0.000084,94.7304,0.000000,0.000000,0.000000,0.003678,0.000000,0.000000,0.000000,0.00065451
7,569,0.229416,0.000073,118.0048,0.000000,0.000000,0.000000,0.003813,0.000000,0.000000,0.000000,0.00065451
7,570,0.222981,0.000070,99.9612,0.000000,0.000000,0.000000,0.004644,0.000000,0.000000,0.000000,0.00065451
7,571,0.294413,0.000093,120.9636,0.000000,0.000000,0.000000,0.003034,0.000000,0.000000,0.000000,0.00065451
7,572,0.213598,0.000068,116.8585,0.000000,0.000000,0.000000,0.002068,0.000000,0.000000,0.000000,0.00065451
7,573,0.188614,0.000059,108.5868,0.000000,0.000000,0.000000,0.005101,0.000000,0.000000,0.000000,0.00065451
7,574,0.281439,0.000089,118.9190,0.000000,0.000000,0.000000,0.002068,0.000000,0.000000,0.000000,0.00065451
7,575,0.282189,0.000090,126.9365,0.000000,0.000000,0.000000,0.002390,0.000000,0.000000,0.000000,0.00065451
7,576,0.229328,0.000072,109.1999,0.000000,0.000000,0.000000,0.004270,0.000000,0.000000,0.000000,0.00065451
7,577,0.306738,0.000097,118.3222,0.000000,0.000000,0.000000,0.003491,0.000000,0.000000,0.000000,0.00065451
7,578,0.216576,0.000069,93.8085,0.000000,0.000000,0.000000,0.003356,0.000000,0.000000,0.000000,0.00065451
7,579,0.539636,0.000171,126.0890,0.000000,0.000000,0.000000,0.005475,0.000000,0.000000,0.000000,0.00065451
7,580,0.348368,0.000110,119.6701,0.000000,0.000000,0.000000,0.008270,0.000000,0.000000,0.000000,0.00065451
7,581,0.399887,0.000127,118.3394,0.000000,0.000000,0.000000,0.004966,0.000000,0.000000,0.000000,0.00065451
7,582,0.226971,0.000072,106.5516,0.000000,0.000000,0.000000,0.002390,0.000000,0.000000,0.000000,0.00065451
7,583,0.208095,0.000066,108.4390,0.000000,0.000000,0.000000,0.003491,0.000000,0.000000,0.000000,0.00065451
7,584,0.289256,0.000092,122.8483,0.000000,0.000000,0.000000,0.003034,0.000000,0.000000,0.000000,0.00065451
7,585,0.237931,0.000075,101.6622,0.000000,0.000000,0.000000,0.002712,0.000000,0.000000,0.000000,0.00065451
7,586,0.265960,0.000084,122.5638,0.000000,0.000000,0.000000,0.003813,0.000000,0.000000,0.000000,0.00065451
7,587,0.290794,0.000092,115.1528,0.000000,0.000000,0.000000,0.003034,0.000000,0.000000,0.000000,0.00065451
7,588,0.233924,0.000074,110.1241,0.000000,0.000000,0.000000,0.004322,0.000000,0.000000,0.000000,0.00065451
7,589,0.273087,0.000086,105.6211,0.000000,0.000000,0.000000,0.004322,0.000000,0.000000,0.000000,0.00065451
7,590,0.237533,0.000075,119.7137,0.000000,0.000000,0.000000,0.001746,0.000000,0.000000,0.000000,0.00065451
7,591,0.292831,0.000093,122.8927,0.000000,0.000000,0.000000,0.003356,0.000000,0.000000,0.000000,0.00065451
7,592,0.268287,0.000085,115.4395,0.000000,0.000000,0.000000,0.002390,0.000000,0.000000,0.000000,0.00065451
7,593,0.236845,0.000075,105.7683,0.000000,0.000000,0.000000,0.005288,0.000000,0.000000,0.000000,0.00065451
7,594,0.335774,0.000106,117.7814,0.000000,0.000000,0.000000,0.008457,0.000000,0.000000,0.000000,0.00065451
7,595,0.434796,0.000138,109.7085,0.000000,0.000000,0.000000,0.005101,0.000000,0.000000,0.000000,0.00065451
7,596,0.332661,0.000105,111.8400,0.000000,0.000000,0.000000,0.006711,0.000000,0.000000,0.000000,0.00065451
7,597,0.327347,0.000104,112.3531,0.000000,0.000000,0.000000,0.004000,0.000000,0.000000,0.000000,0.00065451
7,598,0.354678,0.000112,111.9797,0.000000,0.000000,0.000000,0.004000,0.000000,0.000000,0.000000,0.00065451
7,599,0.362605,0.000115,110.5333,0.000000,0.000000,0.000000,0.003034,0.000000,0.000000,0.000000,0.00065451
7,600,0.316893,0.000101,111.8786,0.000000,0.000000,0.000000,0.002068,0.000000,0.000000,0.000000,0.00065451
7,601,0.359237,0.000114,116.0665,0.000000,0.000000,0.000000,0.003408,0.000000,0.000000,0.000000,0.00065451
7,602,0.305441,0.000097,113.9554,0.000000,0.000000,0.000000,0.004966,0.000000,0.000000,0.000000,0.00065451
7,603,0.295023,0.000093,108.6290,0.000000,0.000000,0.000000,0.004000,0.000000,0.000000,0.000000,0.00065451
7,604,0.320524,0.000102,112.1813,0.000000,0.000000,0.000000,0.003034,0.000000,0.000000,0.000000,0.00065451
7,605,0.316036,0.000100,108.7939,0.000000,0.000000,0.000000,0.004000,0.000000,0.000000,0.000000,0.00065451
7,606,0.333508,0.000106,113.0756,0.000000,0.000000,0.000000,0.003491,0.000000,0.000000,0.000000,0.00065451
7,607,0.365282,0.000116,109.8454,0.000000,0.000000,0.000000,0.005225,0.000000,0.000000,0.000000,0.00065451
7,608,0.344269,0.000109,112.2103,0.000000,0.000000,0.000000,0.004779,0.000000,0.000000,0.000000,0.00065451
7,609,0.335409,0.000106,111.9088,0.000000,0.000000,0.000000,0.003678,0.000000,0.000000,0.000000,0.00065451
7,610,0.431856,0.000137,115.0873,0.000000,0.000000,0.000000,0.004457,0.000000,0.000000,0.000000,0.00065451
7,611,0.281089,0.000089,116.7588,0.000000,0.000000,0.000000,0.002390,0.000000,0.000000,0.000000,0.00065451
7,612,0.328996,0.000105,109.8758,0.000000,0.000000,0.000000,0.002390,0.000000,0.000000,0.000000,0.00065451
7,613,0.271072,0.000086,115.7762,0.000000,0.000000,0.000000,0.003034,0.000000,0.000000,0.000000,0.00065451
7,614,0.224683,0.000071,108.3027,0.000000,0.000000,0.000000,0.002390,0.000000,0.000000,0.000000,0.00065451
7,615,0.238350,0.000076,109.2417,0.000000,0.000000,0.000000,0.002390,0.000000,0.000000,0.000000,0.00065451
7,616,0.231866,0.000074,112.7539,0.000000,0.000000,0.000000,0.002068,0.000000,0.000000,0.000000,0.00065451
7,617,0.295440,0.000094,115.4816,0.000000,0.000000,0.000000,0.002203,0.000000,0.000000,0.000000,0.00065451
7,618,0.425290,0.000133,119.0913,0.000000,0.000000,0.000000,0.014337,0.000000,0.000000,0.000000,0.00065451
7,619,0.227171,0.000068,118.6229,0.000000,0.000000,0.000000,0.025910,0.000000,0.000000,0.000000,0.00065451
7,620,0.325598,0.000098,110.8586,0.000000,0.000000,0.000000,0.037734,0.000000,0.000000,0.000000,0.00065451
7,621,0.324379,0.000101,112.5426,0.000000,0.000000,0.000000,0.016778,0.000000,0.000000,0.000000,0.00065451
7,622,0.234150,0.000071,112.6826,0.000000,0.000000,0.000000,0.020129,0.000000,0.000000,0.000000,0.00065451
7,623,0.445655,0.000141,129.0122,0.000000,0.000000,0.000000,0.005423,0.000000,0.000000,0.000000,0.00065451
7,624,0.386413,0.000121,116.9215,0.000000,0.000000,0.000000,0.012115,0.000000,0.000000,0.000000,0.00065451
7,625,0.329932,0.000104,110.5239,0.000000,0.000000,0.000000,0.005745,0.000000,0.000000,0.000000,0.00065451
7,626,0.476426,0.000150,126.7121,0.000000,0.000000,0.000000,0.011709,0.000000,0.000000,0.000000,0.00065451
7,627,0.390972,0.000124,104.0194,0.000000,0.000000,0.000000,0.006576,0.000000,0.000000,0.000000,0.00065451
7,628,0.342415,0.000107,107.6854,0.000000,0.000000,0.000000,0.013422,0.000000,0.000000,0.000000,0.00065451
7,629,0.319074,0.000100,118.6739,0.000000,0.000000,0.000000,0.008561,0.000000,0.000000,0.000000,0.00065451
7,630,0.325984,0.000103,111.1212,0.000000,0.000000,0.000000,0.007355,0.000000,0.000000,0.000000,0.00065451
7,631,0.403354,0.000127,107.3656,0.000000,0.000000,0.000000,0.010898,0.000000,0.000000,0.000000,0.00065451
7,632,0.331626,0.000104,94.5846,0.000000,0.000000,0.000000,0.012218,0.000000,0.000000,0.000000,0.00065451
7,633,0.224947,0.000071,100.1541,0.000000,0.000000,0.000000,0.004644,0.000000,0.000000,0.000000,0.00065451
7,634,0.283072,0.000087,110.4767,0.000000,0.000000,0.000000,0.020197,0.000000,0.000000,0.000000,0.00065451
7,635,0.362664,0.000115,125.8783,0.000000,0.000000,0.000000,0.003491,0.000000,0.000000,0.000000,0.00065451
7,636,0.441478,0.000134,94.4713,0.000000,0.000000,0.000000,0.042639,0.000000,0.000000,0.000000,0.00065451
7,637,0.344251,0.000109,116.8572,0.000000,0.000000,0.000000,0.004000,0.000000,0.000000,0.000000,0.00065451
7,638,0.355495,0.000110,112.1018,0.000000,0.000000,0.000000,0.020119,0.000000,0.000000,0.000000,0.00065451
7,639,0.308527,0.000098,130.6340,0.000000,0.000000,0.000000,0.002068,0.000000,0.000000,0.000000,0.00065451
7,640,0.350732,0.000111,117.5722,0.000000,0.000000,0.000000,0.003034,0.000000,0.000000,0.000000,0.00065451
7,641,0.441910,0.000140,114.2537,0.000000,0.000000,0.000000,0.004914,0.000000,0.000000,0.000000,0.00065451
7,642,0.436365,0.000138,130.7515,0.000000,0.000000,0.000000,0.005932,0.000000,0.000000,0.000000,0.00065451
7,643,0.269919,0.000085,115.3462,0.000000,0.000000,0.000000,0.006389,0.000000,0.000000,0.000000,0.00065451
7,644,0.256424,0.000081,108.9506,0.000000,0.000000,0.000000,0.002712,0.000000,0.000000,0.000000,0.00065451
7,645,0.209169,0.000066,109.7970,0.000000,0.000000,0.000000,0.004779,0.000000,0.000000,0.000000,0.00065451
7,646,0.300773,0.000095,105.2850,0.000000,0.000000,0.000000,0.003034,0.000000,0.000000,0.000000,0.00065451
7,647,0.248841,0.000079,115.8687,0.000000,0.000000,0.000000,0.002390,0.000000,0.000000,0.000000,0.00065451
7,648,0.328743,0.000104,123.0760,0.000000,0.000000,0.000000,0.002390,0.000000,0.000000,0.000000,0.00065451
7,649,0.220452,0.000070,111.9166,0.000000,0.000000,0.000000,0.002712,0.000000,0.000000,0.000000,0.00065451
7,650,0.214919,0.000068,101.2294,0.000000,0.000000,0.000000,0.002068,0.000000,0.000000,0.000000,0.00065451
7,651,0.175450,0.000056,110.1127,0.000000,0.000000,0.000000,0.001746,0.000000,0.000000,0.000000,0.00065451
7,652,0.219424,0.000069,106.4415,0.000000,0.000000,0.000000,0.003491,0.000000,0.000000,0.000000,0.00065451
7,653,0.210334,0.000067,114.2428,0.000000,0.000000,0.000000,0.002068,0.000000,0.000000,0.000000,0.00065451
7,654,0.271712,0.000086,112.8267,0.000000,0.000000,0.000000,0.003034,0.000000,0.000000,0.000000,0.00065451
7,655,0.216211,0.000069,95.5761,0.000000,0.000000,0.000000,0.002390,0.000000,0.000000,0.000000,0.00065451
7,656,0.234509,0.000075,105.4742,0.000000,0.000000,0.000000,0.001746,0.000000,0.000000,0.000000,0.00065451
7,657,0.285076,0.000090,107.0343,0.000000,0.000000,0.000000,0.003356,0.000000,0.000000,0.000000,0.00065451
7,658,0.600254,0.000189,97.5335,0.000000,0.000000,0.000000,0.014098,0.000000,0.000000,0.000000,0.00065451
7,659,0.432643,0.000137,110.5732,0.000000,0.000000,0.000000,0.007692,0.000000,0.000000,0.000000,0.00065451
7,660,0.776275,0.000243,125.8905,0.000000,0.000000,0.000000,0.028687,0.000000,0.000000,0.000000,0.00065451
7,661,0.683816,0.000215,109.2980,0.000000,0.000000,0.000000,0.020923,0.000000,0.000000,0.000000,0.00065451
7,662,0.715688,0.000225,99.9624,0.000000,0.000000,0.000000,0.021570,0.000000,0.000000,0.000000,0.00065451
7,663,0.801301,0.000251,127.7664,0.000000,0.000000,0.000000,0.028706,0.000000,0.000000,0.000000,0.00065451
7,664,0.827230,0.000261,124.2043,0.000000,0.000000,0.000000,0.015171,0.000000,0.000000,0.000000,0.00065451
7,665,0.461184,0.000142,111.5632,0.000000,0.000000,0.000000,0.033922,0.000000,0.000000,0.000000,0.00065451
7,666,0.483092,0.000150,122.1357,0.000000,0.000000,0.000000,0.027314,0.000000,0.000000,0.000000,0.00065451
7,667,0.746891,0.000236,129.3974,0.000000,0.000000,0.000000,0.011947,0.000000,0.000000,0.000000,0.00065451
7,668,0.552508,0.000172,108.5935,0.000000,0.000000,0.000000,0.025065,0.000000,0.000000,0.000000,0.00065451
7,669,0.501973,0.000159,120.0526,0.000000,0.000000,0.000000,0.008740,0.000000,0.000000,0.000000,0.00065451
7,670,0.636038,0.000200,114.3500,0.000000,0.000000,0.000000,0.019418,0.000000,0.000000,0.000000,0.00065451
7,671,0.433483,0.000137,115.6265,0.000000,0.000000,0.000000,0.009962,0.000000,0.000000,0.000000,0.00065451
7,672,0.493323,0.000155,103.9362,0.000000,0.000000,0.000000,0.013557,0.000000,0.000000,0.000000,0.00065451
7,673,0.301029,0.000092,116.5066,0.000000,0.000000,0.000000,0.024725,0.000000,0.000000,0.000000,0.00065451
7,674,0.272786,0.000086,108.4351,0.000000,0.000000,0.000000,0.005615,0.000000,0.000000,0.000000,0.00065451
7,675,0.316772,0.000100,115.5269,0.000000,0.000000,0.000000,0.006660,0.000000,0.000000,0.000000,0.00065451
7,676,0.238332,0.000075,109.1187,0.000000,0.000000,0.000000,0.003678,0.000000,0.000000,0.000000,0.00065451
7,677,0.283630,0.000089,109.5165,0.000000,0.000000,0.000000,0.005932,0.000000,0.000000,0.000000,0.00065451
7,678,0.199189,0.000063,98.8703,0.000000,0.000000,0.000000,0.002712,0.000000,0.000000,0.000000,0.00065451
7,679,0.279498,0.000089,119.9415,0.000000,0.000000,0.000000,0.002712,0.000000,0.000000,0.000000,0.00065451
7,680,0.286184,0.000090,112.3702,0.000000,0.000000,0.000000,0.005558,0.000000,0.000000,0.000000,0.00065451
7,681,0.219153,0.000070,117.2543,0.000000,0.000000,0.000000,0.001746,0.000000,0.000000,0.000000,0.00065451
7,682,0.290968,0.000092,125.9806,0.000000,0.000000,0.000000,0.002847,0.000000,0.000000,0.000000,0.00065451
7,683,0.210446,0.000067,104.1914,0.000000,0.000000,0.000000,0.003491,0.000000,0.000000,0.000000,0.00065451
7,684,0.224531,0.000071,90.8286,0.000000,0.000000,0.000000,0.003813,0.000000,0.000000,0.000000,0.00065451
7,685,0.300605,0.000095,122.5765,0.000000,0.000000,0.000000,0.004000,0.000000,0.000000,0.000000,0.00065451
7,686,0.261022,0.000083,123.7910,0.000000,0.000000,0.000000,0.003034,0.000000,0.000000,0.000000,0.00065451
7,687,0.219009,0.000070,111.2307,0.000000,0.000000,0.000000,0.001746,0.000000,0.000000,0.000000,0.00065451
7,688,0.342411,0.000109,120.7832,0.000000,0.000000,0.000000,0.002712,0.000000,0.000000,0.000000,0.00065451
7,689,0.299711,0.000095,116.5832,0.000000,0.000000,0.000000,0.003034,0.000000,0.000000,0.000000,0.00065451
7,690,0.221061,0.000070,114.2494,0.000000,0.000000,0.000000,0.002712,0.000000,0.000000,0.000000,0.00065451
7,691,0.269041,0.000085,104.8257,0.000000,0.000000,0.000000,0.002712,0.000000,0.000000,0.000000,0.00065451
7,692,0.346862,0.000110,123.8242,0.000000,0.000000,0.000000,0.003356,0.000000,0.000000,0.000000,0.00065451
7,693,0.246489,0.000078,89.2471,0.000000,0.000000,0.000000,0.004644,0.000000,0.000000,0.000000,0.00065451
7,694,0.318385,0.000101,117.8494,0.000000,0.000000,0.000000,0.004000,0.000000,0.000000,0.000000,0.00065451
7,695,0.229334,0.000073,121.3763,0.000000,0.000000,0.000000,0.002712,0.000000,0.000000,0.000000,0.00065451
7,696,0.401816,0.000128,124.9534,0.000000,0.000000,0.000000,0.002712,0.000000,0.000000,0.000000,0.00065451
7,697,0.221776,0.000070,100.4940,0.000000,0.000000,0.000000,0.001746,0.000000,0.000000,0.000000,0.00065451
7,698,0.232296,0.000074,118.3695,0.000000,0.000000,0.000000,0.002068,0.000000,0.000000,0.000000,0.00065451
7,699,0.267456,0.000085,118.8461,0.000000,0.000000,0.000000,0.001746,0.000000,0.000000,0.000000,0.00065451
7,700,0.197653,0.000063,107.1593,0.000000,0.000000,0.000000,0.002068,0.000000,0.000000,0.000000,0.00065451
7,701,0.293722,0.000093,116.1626,0.000000,0.000000,0.000000,0.001746,0.000000,0.000000,0.000000,0.00065451
7,702,0.202307,0.000064,103.0758,0.000000,0.000000,0.000000,0.003491,0.000000,0.000000,0.000000,0.00065451
7,703,0.238495,0.000076,106.5798,0.000000,0.000000,0.000000,0.002525,0.000000,0.000000,0.000000,0.00065451
7,704,0.328737,0.000104,106.9439,0.000000,0.000000,0.000000,0.003034,0.000000,0.000000,0.000000,0.00065451
7,705,0.246585,0.000078,121.8802,0.000000,0.000000,0.000000,0.002525,0.000000,0.000000,0.000000,0.00065451
7,706,0.257489,0.000082,118.0458,0.000000,0.000000,0.000000,0.002712,0.000000,0.000000,0.000000,0.00065451
7,707,0.293613,0.000093,111.5931,0.000000,0.000000,0.000000,0.002068,0.000000,0.000000,0.000000,0.00065451
7,708,0.235103,0.000074,110.9399,0.000000,0.000000,0.000000,0.003034,0.000000,0.000000,0.000000,0.00065451
7,709,0.223924,0.000071,114.3568,0.000000,0.000000,0.000000,0.001424,0.000000,0.000000,0.000000,0.00065451
7,710,0.210305,0.000067,111.5627,0.000000,0.000000,0.000000,0.002712,0.000000,0.000000,0.000000,0.00065451
7,711,0.235706,0.000075,119.1159,0.000000,0.000000,0.000000,0.003678,0.000000,0.000000,0.000000,0.00065451
7,712,0.231147,0.000073,119.5656,0.000000,0.000000,0.000000,0.002712,0.000000,0.000000,0.000000,0.00065451
7,713,0.238164,0.000076,127.9063,0.000000,0.000000,0.000000,0.001746,0.000000,0.000000,0.000000,0.00065451
7,714,0.219812,0.000070,116.7378,0.000000,0.000000,0.000000,0.001746,0.000000,0.000000,0.000000,0.00065451
7,715,0.218332,0.000069,124.4369,0.000000,0.000000,0.000000,0.001424,0.000000,0.000000,0.000000,0.00065451
7,716,0.281631,0.000089,108.4604,0.000000,0.000000,0.000000,0.002712,0.000000,0.000000,0.000000,0.00065451
7,717,0.199099,0.000063,108.1353,0.000000,0.000000,0.000000,0.001746,0.000000,0.000000,0.000000,0.00065451
7,718,0.244884,0.000078,108.3849,0.000000,0.000000,0.000000,0.003034,0.000000,0.000000,0.000000,0.00065451
7,719,0.264810,0.000084,115.2606,0.000000,0.000000,0.000000,0.002712,0.000000,0.000000,0.000000,0.00065451
