epoch,batch,loss,landmark,angular_deg,gaze_consist,shape,ray_target,pose,translation,iris_seg,eyeball_seg,lr
20,1,4.509636,0.000132,45.3630,0.000000,0.000000,0.000000,0.023970,0.001373,0.003062,0.011535,0.00030000
20,2,6.708370,0.000155,29.2042,0.000000,0.000000,0.000000,0.045438,0.004196,0.002840,0.009914,0.00030000
20,3,5.688570,0.000132,29.2686,0.000000,0.000000,0.000000,0.030079,0.002242,0.002937,0.010253,0.00030000
20,4,3.547563,0.000131,17.8126,0.000000,0.000000,0.000000,0.033560,0.002493,0.002879,0.010819,0.00030000
20,5,4.855012,0.000123,81.9222,0.000000,0.000000,0.000000,0.036937,0.003988,0.002827,0.009835,0.00030000
20,6,4.107002,0.000121,60.4150,0.000000,0.000000,0.000000,0.029953,0.004693,0.002822,0.009538,0.00030000
20,7,3.188186,0.000126,17.7673,0.000000,0.000000,0.000000,0.048935,0.005005,0.003118,0.012531,0.00030000
20,8,3.471964,0.000135,19.9422,0.000000,0.000000,0.000000,0.029516,0.003587,0.003053,0.010297,0.00030000
20,9,3.719536,0.000130,33.1945,0.000000,0.000000,0.000000,0.034187,0.002564,0.003215,0.010928,0.00030000
20,10,2.753941,0.000122,19.1319,0.000000,0.000000,0.000000,0.026360,0.002031,0.003463,0.011118,0.00030000
20,11,3.451427,0.000131,33.3475,0.000000,0.000000,0.000000,0.022734,0.001904,0.004053,0.015785,0.00030000
20,12,2.518462,0.000112,20.8325,0.000000,0.000000,0.000000,0.020462,0.001287,0.004022,0.016721,0.00030000
20,13,3.536724,0.000122,27.9946,0.000000,0.000000,0.000000,0.040607,0.001095,0.004706,0.023348,0.00030000
20,14,2.575209,0.000109,23.4439,0.000000,0.000000,0.000000,0.027237,0.001206,0.005355,0.025082,0.00030000
20,15,3.506667,0.000110,53.6372,0.000000,0.000000,0.000000,0.024873,0.001512,0.005223,0.026596,0.00030000
20,16,3.158286,0.000109,24.0320,0.000000,0.000000,0.000000,0.020632,0.001491,0.005181,0.023846,0.00030000
20,17,3.185472,0.000108,36.1466,0.000000,0.000000,0.000000,0.023612,0.001603,0.005808,0.026792,0.00030000
20,18,2.259183,0.000105,17.2437,0.000000,0.000000,0.000000,0.024545,0.001239,0.005327,0.021118,0.00030000
20,19,4.399700,0.000113,77.4311,0.000000,0.000000,0.000000,0.064040,0.001589,0.006494,0.028197,0.00030000
20,20,2.716346,0.000107,21.3177,0.000000,0.000000,0.000000,0.066105,0.002943,0.005531,0.023304,0.00030000
20,21,4.737434,0.000090,41.4179,0.000000,0.000000,0.000000,0.037729,0.002493,0.005788,0.021243,0.00030000
20,22,3.872672,0.000101,36.1631,0.000000,0.000000,0.000000,0.028313,0.001691,0.005821,0.020925,0.00030000
20,23,3.058682,0.000101,19.8038,0.000000,0.000000,0.000000,0.028251,0.002076,0.006128,0.022350,0.00030000
20,24,4.164401,0.000124,25.4544,0.000000,0.000000,0.000000,0.039438,0.002247,0.007096,0.023586,0.00030000
20,25,4.070494,0.000100,42.8599,0.000000,0.000000,0.000000,0.027488,0.002592,0.007573,0.021466,0.00030000
20,26,3.283237,0.000115,22.5620,0.000000,0.000000,0.000000,0.021016,0.004319,0.007659,0.022603,0.00030000
20,27,4.636786,0.000139,53.7611,0.000000,0.000000,0.000000,0.040517,0.002581,0.008217,0.024312,0.00030000
20,28,3.102159,0.000124,28.4125,0.000000,0.000000,0.000000,0.027865,0.002132,0.008713,0.022550,0.00030000
20,29,4.114784,0.000119,53.5577,0.000000,0.000000,0.000000,0.026237,0.001613,0.008416,0.026496,0.00030000
20,30,3.269888,0.000114,26.7405,0.000000,0.000000,0.000000,0.031813,0.001660,0.007538,0.026445,0.00030000
20,31,3.388760,0.000117,36.4923,0.000000,0.000000,0.000000,0.024259,0.001894,0.006761,0.024451,0.00030000
20,32,2.433918,0.000132,19.0226,0.000000,0.000000,0.000000,0.025992,0.001586,0.007141,0.024457,0.00030000
20,33,5.333572,0.000120,92.1289,0.000000,0.000000,0.000000,0.094343,0.001546,0.007326,0.021494,0.00030000
20,34,3.708133,0.000109,49.2889,0.000000,0.000000,0.000000,0.057466,0.001339,0.006742,0.018113,0.00030000
20,35,3.425438,0.000111,22.7794,0.000000,0.000000,0.000000,0.034178,0.003023,0.006345,0.016986,0.00030000
20,36,2.642652,0.000109,24.9635,0.000000,0.000000,0.000000,0.018289,0.001469,0.005610,0.015218,0.00030000
20,37,3.259972,0.000098,37.4165,0.000000,0.000000,0.000000,0.027427,0.001960,0.005407,0.017182,0.00030000
20,38,2.957324,0.000097,16.9302,0.000000,0.000000,0.000000,0.023572,0.000944,0.006043,0.018924,0.00030000
20,39,4.071201,0.000122,44.4473,0.000000,0.000000,0.000000,0.043772,0.001997,0.005790,0.015951,0.00030000
20,40,2.945410,0.000108,18.6144,0.000000,0.000000,0.000000,0.031710,0.001864,0.005867,0.015823,0.00030000
20,41,3.816284,0.000116,64.3546,0.000000,0.000000,0.000000,0.034627,0.001619,0.006162,0.016643,0.00030000
20,42,2.665710,0.000117,15.5681,0.000000,0.000000,0.000000,0.034022,0.001740,0.005616,0.015844,0.00030000
20,43,4.092104,0.000131,39.7249,0.000000,0.000000,0.000000,0.028864,0.001935,0.005961,0.017991,0.00030000
20,44,2.486596,0.000126,16.0571,0.000000,0.000000,0.000000,0.021657,0.001747,0.005891,0.017411,0.00030000
20,45,4.492120,0.000109,78.7465,0.000000,0.000000,0.000000,0.037944,0.001469,0.005536,0.014960,0.00030000
20,46,2.938116,0.000110,21.9536,0.000000,0.000000,0.000000,0.032282,0.001440,0.005686,0.014857,0.00030000
20,47,3.700772,0.000129,29.1231,0.000000,0.000000,0.000000,0.036013,0.003720,0.006036,0.016595,0.00030000
20,48,2.519185,0.000097,14.8123,0.000000,0.000000,0.000000,0.033392,0.001660,0.006131,0.016136,0.00030000
20,49,4.132681,0.000118,77.0313,0.000000,0.000000,0.000000,0.045159,0.002937,0.007541,0.019339,0.00030000
20,50,2.568907,0.000086,23.1216,0.000000,0.000000,0.000000,0.019346,0.001786,0.006024,0.015587,0.00030000
20,51,3.991134,0.000108,42.6743,0.000000,0.000000,0.000000,0.015520,0.001824,0.006571,0.017601,0.00030000
20,52,3.511606,0.000101,37.6861,0.000000,0.000000,0.000000,0.050253,0.001653,0.006808,0.016488,0.00030000
20,53,3.319761,0.000105,23.5159,0.000000,0.000000,0.000000,0.047094,0.002385,0.007071,0.017322,0.00030000
20,54,2.795146,0.000125,20.8776,0.000000,0.000000,0.000000,0.098084,0.002648,0.007618,0.019879,0.00030000
20,55,4.810472,0.000119,29.9283,0.000000,0.000000,0.000000,0.034689,0.004837,0.007319,0.021414,0.00030000
20,56,3.009310,0.000111,24.8409,0.000000,0.000000,0.000000,0.040083,0.002659,0.006660,0.022111,0.00030000
20,57,4.041007,0.000127,63.8210,0.000000,0.000000,0.000000,0.027708,0.002854,0.007092,0.023234,0.00030000
20,58,2.444315,0.000097,15.4201,0.000000,0.000000,0.000000,0.015667,0.001353,0.006261,0.017407,0.00030000
20,59,4.461077,0.000165,46.3311,0.000000,0.000000,0.000000,0.052946,0.002869,0.007805,0.020390,0.00030000
20,60,3.468653,0.000152,28.8458,0.000000,0.000000,0.000000,0.058725,0.002709,0.006690,0.018804,0.00030000
20,61,3.278363,0.000117,50.6754,0.000000,0.000000,0.000000,0.036953,0.003327,0.005751,0.017549,0.00030000
20,62,2.537583,0.000119,15.4968,0.000000,0.000000,0.000000,0.026530,0.003119,0.006204,0.018212,0.00030000
20,63,5.269414,0.000144,68.8607,0.000000,0.000000,0.000000,0.045984,0.002772,0.005996,0.020006,0.00030000
20,64,2.856115,0.000123,25.6404,0.000000,0.000000,0.000000,0.034355,0.002198,0.005667,0.016799,0.00030000
20,65,4.440045,0.000139,44.4220,0.000000,0.000000,0.000000,0.041596,0.002717,0.006628,0.031712,0.00030000
20,66,3.712679,0.000117,34.2295,0.000000,0.000000,0.000000,0.025228,0.002068,0.005948,0.027084,0.00030000
20,67,3.143491,0.000123,19.6521,0.000000,0.000000,0.000000,0.046312,0.002250,0.006355,0.030205,0.00030000
20,68,3.205947,0.000135,40.2600,0.000000,0.000000,0.000000,0.030031,0.002881,0.006101,0.028684,0.00030000
20,69,3.582853,0.000126,30.0240,0.000000,0.000000,0.000000,0.022512,0.002565,0.005889,0.027608,0.00030000
20,70,2.727844,0.000119,18.3633,0.000000,0.000000,0.000000,0.023499,0.002600,0.006041,0.026903,0.00030000
20,71,4.751961,0.000115,100.2097,0.000000,0.000000,0.000000,0.029908,0.001243,0.005755,0.018787,0.00030000
20,72,2.284227,0.000142,20.0961,0.000000,0.000000,0.000000,0.018937,0.001760,0.006161,0.019120,0.00030000
20,73,4.513356,0.000107,47.3186,0.000000,0.000000,0.000000,0.044653,0.001199,0.005548,0.019180,0.00030000
20,74,3.481159,0.000117,26.0983,0.000000,0.000000,0.000000,0.019700,0.001614,0.005679,0.017263,0.00030000
20,75,3.743067,0.000101,37.6852,0.000000,0.000000,0.000000,0.028414,0.002074,0.005355,0.019536,0.00030000
20,76,2.746766,0.000134,18.1875,0.000000,0.000000,0.000000,0.034758,0.002796,0.006526,0.017818,0.00030000
20,77,5.407324,0.000104,72.8402,0.000000,0.000000,0.000000,0.024947,0.003661,0.006004,0.022255,0.00030000
20,78,3.448604,0.000134,27.6934,0.000000,0.000000,0.000000,0.035473,0.006057,0.006432,0.023098,0.00030000
20,79,3.563971,0.000133,49.2939,0.000000,0.000000,0.000000,0.037911,0.004874,0.005329,0.015789,0.00030000
20,80,2.685411,0.000127,20.9265,0.000000,0.000000,0.000000,0.041681,0.003644,0.005511,0.014326,0.00030000
20,81,4.579394,0.000095,61.8208,0.000000,0.000000,0.000000,0.026133,0.003469,0.004665,0.013490,0.00030000
20,82,2.835019,0.000100,26.8224,0.000000,0.000000,0.000000,0.022164,0.003364,0.005102,0.015535,0.00030000
20,83,3.200287,0.000081,37.3266,0.000000,0.000000,0.000000,0.015342,0.001605,0.005610,0.015077,0.00030000
20,84,2.443104,0.000095,12.6194,0.000000,0.000000,0.000000,0.038658,0.000894,0.005250,0.014002,0.00030000
20,85,4.345922,0.000102,76.1583,0.000000,0.000000,0.000000,0.028631,0.002573,0.005011,0.014390,0.00030000
20,86,3.477796,0.000105,27.9832,0.000000,0.000000,0.000000,0.045437,0.005576,0.004997,0.013819,0.00030000
20,87,2.915223,0.000097,29.2350,0.000000,0.000000,0.000000,0.021853,0.002107,0.005420,0.014068,0.00030000
20,88,3.323228,0.000098,45.2252,0.000000,0.000000,0.000000,0.018239,0.002596,0.004934,0.013950,0.00030000
20,89,3.202100,0.000093,27.9422,0.000000,0.000000,0.000000,0.019129,0.002943,0.005722,0.015207,0.00030000
20,90,2.277816,0.000103,15.0544,0.000000,0.000000,0.000000,0.014023,0.001353,0.004948,0.015910,0.00030000
20,91,5.759189,0.000115,107.6639,0.000000,0.000000,0.000000,0.054050,0.001289,0.006270,0.017014,0.00030000
20,92,3.298059,0.000106,57.3268,0.000000,0.000000,0.000000,0.027362,0.002879,0.005717,0.015488,0.00030000
20,93,3.816520,0.000098,28.9929,0.000000,0.000000,0.000000,0.032228,0.001578,0.005548,0.014673,0.00030000
20,94,3.016871,0.000085,21.0538,0.000000,0.000000,0.000000,0.039437,0.001150,0.005253,0.013301,0.00030000
20,95,4.245706,0.000115,88.0870,0.000000,0.000000,0.000000,0.036716,0.001691,0.005063,0.014700,0.00030000
20,96,2.236281,0.000088,29.2042,0.000000,0.000000,0.000000,0.011389,0.001240,0.004727,0.012268,0.00030000
20,97,3.807142,0.000112,27.0650,0.000000,0.000000,0.000000,0.026764,0.001418,0.005294,0.016781,0.00030000
20,98,2.917533,0.000109,22.1523,0.000000,0.000000,0.000000,0.023090,0.001392,0.005322,0.014448,0.00030000
20,99,4.665444,0.000102,95.9540,0.000000,0.000000,0.000000,0.025563,0.001239,0.005733,0.015289,0.00030000
20,100,3.083655,0.000129,59.9337,0.000000,0.000000,0.000000,0.021688,0.000761,0.005724,0.015747,0.00030000
20,101,3.395898,0.000102,26.7712,0.000000,0.000000,0.000000,0.016970,0.001476,0.004793,0.014381,0.00030000
20,102,2.537802,0.000085,21.3587,0.000000,0.000000,0.000000,0.016228,0.000831,0.004884,0.013262,0.00030000
20,103,4.482900,0.000093,88.6907,0.000000,0.000000,0.000000,0.025468,0.001310,0.004855,0.013297,0.00030000
20,104,2.365163,0.000086,31.5930,0.000000,0.000000,0.000000,0.016189,0.001046,0.004872,0.013554,0.00030000
20,105,3.909833,0.000082,28.7283,0.000000,0.000000,0.000000,0.012623,0.001042,0.004620,0.012632,0.00030000
20,106,2.811653,0.000104,19.9095,0.000000,0.000000,0.000000,0.014849,0.000973,0.004640,0.014061,0.00030000
20,107,5.151041,0.000107,105.5067,0.000000,0.000000,0.000000,0.023068,0.001482,0.005010,0.013131,0.00030000
20,108,3.118012,0.000114,42.1521,0.000000,0.000000,0.000000,0.031150,0.001469,0.004378,0.012296,0.00030000
20,109,3.240118,0.000072,16.8632,0.000000,0.000000,0.000000,0.021813,0.000940,0.003599,0.009096,0.00030000
20,110,2.754242,0.000106,24.4128,0.000000,0.000000,0.000000,0.035333,0.001203,0.005187,0.013566,0.00030000
20,111,4.583018,0.000118,93.0773,0.000000,0.000000,0.000000,0.029673,0.001279,0.004919,0.011083,0.00030000
20,112,2.219907,0.000101,23.5017,0.000000,0.000000,0.000000,0.031914,0.001197,0.004533,0.010920,0.00030000
20,113,4.117992,0.000106,29.8052,0.000000,0.000000,0.000000,0.025407,0.001319,0.005294,0.012278,0.00030000
20,114,3.668569,0.000139,29.4946,0.000000,0.000000,0.000000,0.064015,0.001184,0.006259,0.015714,0.00030000
20,115,2.600980,0.000104,41.0106,0.000000,0.000000,0.000000,0.034749,0.001472,0.005660,0.012831,0.00030000
20,116,3.126211,0.000091,40.2508,0.000000,0.000000,0.000000,0.048124,0.000755,0.005620,0.012813,0.00030000
20,117,2.940122,0.000124,20.8815,0.000000,0.000000,0.000000,0.037359,0.002600,0.005747,0.019711,0.00030000
20,118,2.692082,0.000112,31.0247,0.000000,0.000000,0.000000,0.040811,0.002576,0.005298,0.018846,0.00030000
20,119,4.252872,0.000103,22.4988,0.000000,0.000000,0.000000,0.049607,0.004746,0.005661,0.016920,0.00030000
20,120,3.134182,0.000109,25.0049,0.000000,0.000000,0.000000,0.032454,0.005100,0.005525,0.017526,0.00030000
20,121,2.866321,0.000107,30.2565,0.000000,0.000000,0.000000,0.023484,0.006548,0.005257,0.017073,0.00030000
20,122,3.218372,0.000127,34.1179,0.000000,0.000000,0.000000,0.031952,0.003390,0.005951,0.017284,0.00030000
20,123,2.902877,0.000111,28.9821,0.000000,0.000000,0.000000,0.040821,0.001346,0.005764,0.015651,0.00030000
20,124,3.401920,0.000115,31.6570,0.000000,0.000000,0.000000,0.040779,0.002487,0.005955,0.013774,0.00030000
20,125,3.520380,0.000103,23.9251,0.000000,0.000000,0.000000,0.015854,0.002197,0.005429,0.013012,0.00030000
20,126,3.083628,0.000080,29.8988,0.000000,0.000000,0.000000,0.014928,0.001411,0.004782,0.011766,0.00030000
20,127,2.727634,0.000100,19.2849,0.000000,0.000000,0.000000,0.021935,0.001134,0.005031,0.012398,0.00030000
20,128,3.996681,0.000150,35.7286,0.000000,0.000000,0.000000,0.055062,0.001165,0.005675,0.015251,0.00030000
20,129,2.910075,0.000107,30.8343,0.000000,0.000000,0.000000,0.032293,0.002086,0.005937,0.014541,0.00030000
20,130,3.264468,0.000095,27.5814,0.000000,0.000000,0.000000,0.025211,0.002855,0.004913,0.013702,0.00030000
20,131,2.245798,0.000095,15.5237,0.000000,0.000000,0.000000,0.022647,0.002821,0.005051,0.012445,0.00030000
20,132,3.985092,0.000137,82.0073,0.000000,0.000000,0.000000,0.029003,0.004488,0.005649,0.014002,0.00030000
20,133,2.005648,0.000098,11.7727,0.000000,0.000000,0.000000,0.008767,0.001640,0.004898,0.011550,0.00030000
20,134,3.760579,0.000088,78.8746,0.000000,0.000000,0.000000,0.011426,0.001592,0.004869,0.011923,0.00030000
20,135,2.649117,0.000125,20.2301,0.000000,0.000000,0.000000,0.027171,0.002019,0.004978,0.015926,0.00030000
20,136,2.885095,0.000135,27.4456,0.000000,0.000000,0.000000,0.025050,0.007375,0.005086,0.011932,0.00030000
20,137,2.644830,0.000112,19.5762,0.000000,0.000000,0.000000,0.017181,0.003831,0.004635,0.011401,0.00030000
20,138,3.207551,0.000095,26.0555,0.000000,0.000000,0.000000,0.017426,0.003143,0.004671,0.010692,0.00030000
20,139,3.432585,0.000117,27.5535,0.000000,0.000000,0.000000,0.024985,0.003381,0.005041,0.013828,0.00030000
20,140,2.163834,0.000102,13.5028,0.000000,0.000000,0.000000,0.013123,0.001489,0.004626,0.010819,0.00030000
20,141,5.084537,0.000141,111.7891,0.000000,0.000000,0.000000,0.034137,0.002410,0.005423,0.014279,0.00030000
20,142,3.008587,0.000111,48.6328,0.000000,0.000000,0.000000,0.028687,0.001460,0.005504,0.017676,0.00030000
20,143,3.997167,0.000087,26.4579,0.000000,0.000000,0.000000,0.015843,0.001370,0.006636,0.014806,0.00030000
20,144,3.801052,0.000110,30.3331,0.000000,0.000000,0.000000,0.025538,0.002623,0.007978,0.014664,0.00030000
20,145,2.385000,0.000103,21.4643,0.000000,0.000000,0.000000,0.013298,0.001203,0.006666,0.012913,0.00030000
20,146,5.288703,0.000102,38.9738,0.000000,0.000000,0.000000,0.034419,0.002933,0.005450,0.015472,0.00030000
20,147,3.599219,0.000089,22.3759,0.000000,0.000000,0.000000,0.027981,0.001878,0.005072,0.012619,0.00030000
20,148,3.692116,0.000077,17.5082,0.000000,0.000000,0.000000,0.039152,0.001262,0.005446,0.013251,0.00030000
20,149,2.440335,0.000106,22.4196,0.000000,0.000000,0.000000,0.036680,0.001628,0.005880,0.012550,0.00030000
20,150,4.137763,0.000089,36.1287,0.000000,0.000000,0.000000,0.041846,0.002113,0.005464,0.011634,0.00030000
20,151,2.538149,0.000103,16.9056,0.000000,0.000000,0.000000,0.036172,0.001396,0.005798,0.012196,0.00030000
20,152,5.135621,0.000101,62.0635,0.000000,0.000000,0.000000,0.051506,0.002146,0.005113,0.011422,0.00030000
20,153,2.557142,0.000113,18.2534,0.000000,0.000000,0.000000,0.032520,0.001815,0.004958,0.010819,0.00030000
20,154,4.141505,0.000097,27.9151,0.000000,0.000000,0.000000,0.028434,0.002171,0.004889,0.010665,0.00030000
20,155,2.740027,0.000114,18.6448,0.000000,0.000000,0.000000,0.038239,0.002070,0.005312,0.011454,0.00030000
20,156,4.088578,0.000096,66.0968,0.000000,0.000000,0.000000,0.045042,0.002095,0.004853,0.010844,0.00030000
20,157,2.263381,0.000111,15.0082,0.000000,0.000000,0.000000,0.050296,0.002146,0.004855,0.011270,0.00030000
20,158,3.587894,0.000111,38.6221,0.000000,0.000000,0.000000,0.036648,0.002592,0.005107,0.012300,0.00030000
20,159,2.391114,0.000110,24.9194,0.000000,0.000000,0.000000,0.048324,0.004493,0.005272,0.011669,0.00030000
20,160,3.299041,0.000115,37.4276,0.000000,0.000000,0.000000,0.019318,0.002958,0.005428,0.012865,0.00030000
20,161,2.495082,0.000119,15.4260,0.000000,0.000000,0.000000,0.026079,0.002738,0.004845,0.012612,0.00030000
20,162,4.630169,0.000108,98.6588,0.000000,0.000000,0.000000,0.026326,0.001694,0.004601,0.011772,0.00030000
20,163,2.887103,0.000119,42.3419,0.000000,0.000000,0.000000,0.028253,0.001971,0.005005,0.013393,0.00030000
20,164,3.313495,0.000088,29.2521,0.000000,0.000000,0.000000,0.018822,0.001470,0.004351,0.010881,0.00030000
20,165,2.576403,0.000099,20.5598,0.000000,0.000000,0.000000,0.012076,0.001756,0.004479,0.011131,0.00030000
20,166,4.425619,0.000111,72.0374,0.000000,0.000000,0.000000,0.012128,0.001300,0.004680,0.011726,0.00030000
20,167,2.806399,0.000106,32.8567,0.000000,0.000000,0.000000,0.038081,0.000854,0.004618,0.011896,0.00030000
20,168,3.475621,0.000172,19.7256,0.000000,0.000000,0.000000,0.022390,0.000883,0.005779,0.018025,0.00030000
20,169,2.934879,0.000114,28.9281,0.000000,0.000000,0.000000,0.031329,0.001765,0.004762,0.011641,0.00030000
20,170,3.780512,0.000138,41.4209,0.000000,0.000000,0.000000,0.054834,0.001599,0.005172,0.012503,0.00030000
20,171,2.412143,0.000113,18.0746,0.000000,0.000000,0.000000,0.029246,0.001538,0.004673,0.011273,0.00030000
20,172,5.214840,0.000100,105.5883,0.000000,0.000000,0.000000,0.033242,0.001874,0.004359,0.010211,0.00030000
20,173,3.611043,0.000128,52.0584,0.000000,0.000000,0.000000,0.044383,0.001539,0.004775,0.012210,0.00030000
20,174,3.983252,0.000168,37.4080,0.000000,0.000000,0.000000,0.069654,0.003029,0.005126,0.013966,0.00030000
20,175,3.490846,0.000098,33.5449,0.000000,0.000000,0.000000,0.063404,0.001678,0.004870,0.013332,0.00030000
20,176,4.356698,0.000094,52.3181,0.000000,0.000000,0.000000,0.032884,0.004293,0.006282,0.010099,0.00030000
20,177,2.691825,0.000112,28.8649,0.000000,0.000000,0.000000,0.047637,0.002660,0.007048,0.011326,0.00030000
20,178,3.863062,0.000101,56.2290,0.000000,0.000000,0.000000,0.048232,0.003723,0.008651,0.012265,0.00030000
20,179,3.675172,0.000086,34.0124,0.000000,0.000000,0.000000,0.016149,0.001632,0.009740,0.010475,0.00030000
20,180,3.424107,0.000082,28.4982,0.000000,0.000000,0.000000,0.039121,0.002248,0.011933,0.010415,0.00030000
20,181,3.184768,0.000105,39.5655,0.000000,0.000000,0.000000,0.046553,0.001970,0.008000,0.010342,0.00030000
20,182,2.913271,0.000093,27.3915,0.000000,0.000000,0.000000,0.033114,0.002196,0.006136,0.009438,0.00030000
20,183,2.127691,0.000105,17.7771,0.000000,0.000000,0.000000,0.047385,0.001207,0.005939,0.010945,0.00030000
20,184,4.948338,0.000110,75.8275,0.000000,0.000000,0.000000,0.025326,0.001925,0.005253,0.010403,0.00030000
20,185,2.624118,0.000100,28.3015,0.000000,0.000000,0.000000,0.011899,0.001739,0.005418,0.011627,0.00030000
20,186,3.833863,0.000091,42.0161,0.000000,0.000000,0.000000,0.028353,0.000816,0.005009,0.010125,0.00030000
20,187,3.072644,0.000105,27.7878,0.000000,0.000000,0.000000,0.015103,0.001216,0.005287,0.012407,0.00030000
20,188,4.078158,0.000100,64.0080,0.000000,0.000000,0.000000,0.024689,0.001414,0.005393,0.011614,0.00030000
20,189,2.830030,0.000107,31.1116,0.000000,0.000000,0.000000,0.049354,0.001353,0.005207,0.010434,0.00030000
20,190,4.170473,0.000137,50.0032,0.000000,0.000000,0.000000,0.069497,0.001410,0.005442,0.012037,0.00030000
20,191,3.251591,0.000081,22.3430,0.000000,0.000000,0.000000,0.073284,0.001332,0.005031,0.010120,0.00030000
20,192,3.070510,0.000099,48.1939,0.000000,0.000000,0.000000,0.021361,0.001524,0.004779,0.011184,0.00030000
20,193,1.918492,0.000083,11.1199,0.000000,0.000000,0.000000,0.023956,0.001148,0.004417,0.011612,0.00030000
20,194,5.653872,0.000116,99.0076,0.000000,0.000000,0.000000,0.021489,0.001446,0.004669,0.011507,0.00030000
20,195,4.796987,0.000114,65.4906,0.000000,0.000000,0.000000,0.028085,0.002237,0.005358,0.011524,0.00030000
20,196,2.857623,0.000092,19.0429,0.000000,0.000000,0.000000,0.015563,0.000923,0.004599,0.010199,0.00030000
20,197,2.308249,0.000093,21.2941,0.000000,0.000000,0.000000,0.019538,0.001071,0.004425,0.011187,0.00030000
20,198,3.555879,0.000097,37.3484,0.000000,0.000000,0.000000,0.013795,0.001252,0.004278,0.010650,0.00030000
20,199,2.522394,0.000095,16.2884,0.000000,0.000000,0.000000,0.012704,0.000976,0.004241,0.010650,0.00030000
20,200,4.084432,0.000105,86.9612,0.000000,0.000000,0.000000,0.014366,0.001973,0.004879,0.011319,0.00030000
20,201,2.583880,0.000119,24.3470,0.000000,0.000000,0.000000,0.033357,0.001215,0.004915,0.009886,0.00030000
20,202,3.681069,0.000117,34.2767,0.000000,0.000000,0.000000,0.024850,0.001415,0.005144,0.010710,0.00030000
20,203,2.327241,0.000113,15.1940,0.000000,0.000000,0.000000,0.046315,0.002019,0.005057,0.011432,0.00030000
20,204,5.184882,0.000108,93.8248,0.000000,0.000000,0.000000,0.032544,0.004442,0.004892,0.010881,0.00030000
20,205,4.059662,0.000128,55.4527,0.000000,0.000000,0.000000,0.037166,0.002078,0.005314,0.011651,0.00030000
20,206,3.576108,0.000123,22.8059,0.000000,0.000000,0.000000,0.042165,0.002255,0.005809,0.013371,0.00030000
20,207,2.741293,0.000123,16.3901,0.000000,0.000000,0.000000,0.069979,0.003316,0.004776,0.013612,0.00030000
20,208,5.773719,0.000110,99.3964,0.000000,0.000000,0.000000,0.046775,0.002305,0.004430,0.010887,0.00030000
20,209,5.024003,0.000140,98.4929,0.000000,0.000000,0.000000,0.039738,0.002881,0.004708,0.013979,0.00030000
20,210,2.431878,0.000161,16.8171,0.000000,0.000000,0.000000,0.034251,0.002685,0.005011,0.014574,0.00030000
20,211,2.916101,0.000127,30.6026,0.000000,0.000000,0.000000,0.069931,0.004270,0.004666,0.013008,0.00030000
20,212,3.187036,0.000104,25.1771,0.000000,0.000000,0.000000,0.034452,0.001900,0.004619,0.011486,0.00030000
20,213,2.200343,0.000113,21.6989,0.000000,0.000000,0.000000,0.029557,0.003080,0.004997,0.019682,0.00030000
20,214,3.885273,0.000112,60.5906,0.000000,0.000000,0.000000,0.024200,0.002343,0.005532,0.018338,0.00030000
20,215,2.709811,0.000118,24.3979,0.000000,0.000000,0.000000,0.021737,0.001883,0.005900,0.017916,0.00030000
20,216,2.962056,0.000094,35.8699,0.000000,0.000000,0.000000,0.017803,0.001294,0.004760,0.016260,0.00030000
20,217,2.285283,0.000093,16.5960,0.000000,0.000000,0.000000,0.027287,0.004201,0.004574,0.014929,0.00030000
20,218,4.259654,0.000098,32.2724,0.000000,0.000000,0.000000,0.028054,0.001738,0.004568,0.014050,0.00030000
20,219,3.495678,0.000129,29.9990,0.000000,0.000000,0.000000,0.046152,0.001332,0.004996,0.011439,0.00030000
20,220,3.244721,0.000090,40.7322,0.000000,0.000000,0.000000,0.016165,0.001417,0.004304,0.009893,0.00030000
20,221,3.102931,0.000121,29.6757,0.000000,0.000000,0.000000,0.039850,0.001508,0.004458,0.010273,0.00030000
20,222,2.867638,0.000104,23.9317,0.000000,0.000000,0.000000,0.024750,0.001385,0.004664,0.010089,0.00030000
20,223,3.151230,0.000128,41.9102,0.000000,0.000000,0.000000,0.044505,0.001612,0.005274,0.012499,0.00030000
20,224,3.238336,0.000104,26.8936,0.000000,0.000000,0.000000,0.014271,0.001022,0.005393,0.011161,0.00030000
20,225,2.973857,0.000101,32.2827,0.000000,0.000000,0.000000,0.034539,0.004281,0.005149,0.010790,0.00030000
20,226,2.496088,0.000103,32.8552,0.000000,0.000000,0.000000,0.026911,0.001554,0.005785,0.010356,0.00030000
20,227,2.843013,0.000089,22.6542,0.000000,0.000000,0.000000,0.040239,0.001950,0.005226,0.011695,0.00030000
20,228,2.282440,0.000089,26.1279,0.000000,0.000000,0.000000,0.043939,0.002111,0.005283,0.011782,0.00030000
20,229,3.770833,0.000144,26.7132,0.000000,0.000000,0.000000,0.037261,0.002774,0.005071,0.013404,0.00030000
20,230,2.729713,0.000151,21.0378,0.000000,0.000000,0.000000,0.044526,0.002020,0.005329,0.013414,0.00030000
20,231,3.707635,0.000095,51.7785,0.000000,0.000000,0.000000,0.019917,0.001679,0.004638,0.010546,0.00030000
20,232,2.314016,0.000082,14.9290,0.000000,0.000000,0.000000,0.035755,0.001205,0.005563,0.011594,0.00030000
20,233,4.266086,0.000136,48.7799,0.000000,0.000000,0.000000,0.033211,0.002663,0.006009,0.014941,0.00030000
20,234,2.142486,0.000097,12.5982,0.000000,0.000000,0.000000,0.029638,0.001648,0.005069,0.010436,0.00030000
20,235,4.021626,0.000096,60.9109,0.000000,0.000000,0.000000,0.017932,0.001302,0.004668,0.010469,0.00030000
20,236,3.446104,0.000105,20.2222,0.000000,0.000000,0.000000,0.019361,0.001379,0.004458,0.010134,0.00030000
20,237,3.421980,0.000081,35.8191,0.000000,0.000000,0.000000,0.016016,0.001358,0.004399,0.010558,0.00030000
20,238,2.312793,0.000083,14.4337,0.000000,0.000000,0.000000,0.020368,0.001400,0.004303,0.009586,0.00030000
20,239,5.856914,0.000150,100.6025,0.000000,0.000000,0.000000,0.030692,0.002953,0.005141,0.013965,0.00030000
20,240,3.010126,0.000117,42.6784,0.000000,0.000000,0.000000,0.046187,0.002404,0.005670,0.012108,0.00030000
20,241,3.533000,0.000116,22.9527,0.000000,0.000000,0.000000,0.024410,0.002951,0.005829,0.012558,0.00030000
20,242,2.396199,0.000130,17.2222,0.000000,0.000000,0.000000,0.034160,0.002005,0.005466,0.011603,0.00030000
20,243,3.805992,0.000096,47.4645,0.000000,0.000000,0.000000,0.024683,0.003359,0.004068,0.010092,0.00030000
20,244,2.878845,0.000097,18.3343,0.000000,0.000000,0.000000,0.013974,0.003505,0.004814,0.010425,0.00030000
20,245,3.264330,0.000138,40.7253,0.000000,0.000000,0.000000,0.036337,0.003378,0.006010,0.013586,0.00030000
20,246,2.193284,0.000141,15.4631,0.000000,0.000000,0.000000,0.033909,0.002163,0.006378,0.014109,0.00030000
20,247,6.108208,0.000145,84.8771,0.000000,0.000000,0.000000,0.019124,0.002086,0.005643,0.013368,0.00030000
20,248,3.181272,0.000150,49.9623,0.000000,0.000000,0.000000,0.027725,0.001700,0.005168,0.013112,0.00030000
20,249,3.703652,0.000120,29.5977,0.000000,0.000000,0.000000,0.022024,0.001771,0.004803,0.012426,0.00030000
20,250,2.618252,0.000122,24.3213,0.000000,0.000000,0.000000,0.019310,0.001570,0.004321,0.012622,0.00030000
20,251,4.255436,0.000151,76.7901,0.000000,0.000000,0.000000,0.028722,0.001776,0.005101,0.014718,0.00030000
20,252,2.806311,0.000115,48.6171,0.000000,0.000000,0.000000,0.025588,0.001392,0.004779,0.011452,0.00030000
20,253,4.078331,0.000108,35.6854,0.000000,0.000000,0.000000,0.028441,0.001638,0.004817,0.011155,0.00030000
20,254,3.080567,0.000108,28.1759,0.000000,0.000000,0.000000,0.025957,0.001526,0.004266,0.011406,0.00030000
20,255,4.515634,0.000103,93.7535,0.000000,0.000000,0.000000,0.015804,0.001496,0.004388,0.009894,0.00030000
20,256,2.908283,0.000093,47.3781,0.000000,0.000000,0.000000,0.035040,0.001332,0.004310,0.010590,0.00030000
20,257,3.540018,0.000080,22.0702,0.000000,0.000000,0.000000,0.009956,0.000855,0.003966,0.008484,0.00030000
20,258,3.543913,0.000132,22.0546,0.000000,0.000000,0.000000,0.030991,0.001382,0.004487,0.011704,0.00030000
20,259,4.317054,0.000151,34.4280,0.000000,0.000000,0.000000,0.059291,0.002769,0.004962,0.012809,0.00030000
20,260,2.519003,0.000137,20.7628,0.000000,0.000000,0.000000,0.026073,0.001615,0.004973,0.011909,0.00030000
20,261,5.352779,0.000126,47.7957,0.000000,0.000000,0.000000,0.014776,0.003973,0.006037,0.013336,0.00030000
20,262,3.200587,0.000141,22.9494,0.000000,0.000000,0.000000,0.033550,0.001720,0.005026,0.011957,0.00030000
20,263,5.375619,0.000102,40.3826,0.000000,0.000000,0.000000,0.022308,0.001105,0.004664,0.011068,0.00030000
20,264,4.304585,0.000163,20.1313,0.000000,0.000000,0.000000,0.032535,0.008475,0.005783,0.012628,0.00030000
20,265,3.503757,0.000153,31.1471,0.000000,0.000000,0.000000,0.042018,0.008604,0.004722,0.011366,0.00030000
20,266,2.949441,0.000115,25.6820,0.000000,0.000000,0.000000,0.018634,0.006587,0.004164,0.009601,0.00030000
20,267,2.899588,0.000109,25.7052,0.000000,0.000000,0.000000,0.013756,0.001748,0.004090,0.009440,0.00030000
20,268,2.202547,0.000090,25.0387,0.000000,0.000000,0.000000,0.018352,0.001303,0.004066,0.009415,0.00030000
20,269,2.692713,0.000100,24.7656,0.000000,0.000000,0.000000,0.016753,0.002136,0.004565,0.009774,0.00030000
20,270,2.509341,0.000081,19.4243,0.000000,0.000000,0.000000,0.016128,0.001105,0.004256,0.009095,0.00030000
20,271,3.370406,0.000119,49.9183,0.000000,0.000000,0.000000,0.025885,0.002088,0.005269,0.013728,0.00030000
20,272,2.383116,0.000169,21.0223,0.000000,0.000000,0.000000,0.054364,0.003527,0.006697,0.015512,0.00030000
20,273,4.637038,0.000215,84.2965,0.000000,0.000000,0.000000,0.071450,0.003213,0.008163,0.022449,0.00030000
20,274,3.210216,0.000156,50.0237,0.000000,0.000000,0.000000,0.047021,0.001284,0.005725,0.016423,0.00030000
20,275,3.975758,0.000212,32.1141,0.000000,0.000000,0.000000,0.065198,0.002471,0.006886,0.023985,0.00030000
20,276,2.837053,0.000221,29.0977,0.000000,0.000000,0.000000,0.076028,0.002261,0.007074,0.021933,0.00030000
20,277,3.085486,0.000141,41.7922,0.000000,0.000000,0.000000,0.021201,0.001488,0.005437,0.017527,0.00030000
20,278,2.083722,0.000094,16.8038,0.000000,0.000000,0.000000,0.045992,0.001304,0.004684,0.012231,0.00030000
20,279,4.455255,0.000108,45.6110,0.000000,0.000000,0.000000,0.030975,0.001653,0.004403,0.012929,0.00030000
20,280,3.978085,0.000102,34.2503,0.000000,0.000000,0.000000,0.034650,0.002682,0.004444,0.011630,0.00030000
20,281,2.959146,0.000107,28.8526,0.000000,0.000000,0.000000,0.018376,0.001001,0.004505,0.010743,0.00030000
20,282,2.764811,0.000098,20.8979,0.000000,0.000000,0.000000,0.023715,0.001493,0.004544,0.010985,0.00030000
20,283,3.330844,0.000090,26.2946,0.000000,0.000000,0.000000,0.008870,0.001022,0.004430,0.009514,0.00030000
20,284,2.219369,0.000106,14.5862,0.000000,0.000000,0.000000,0.022102,0.001044,0.004355,0.011579,0.00030000
20,285,5.362066,0.000116,72.5875,0.000000,0.000000,0.000000,0.046898,0.001510,0.004863,0.012483,0.00030000
20,286,2.924008,0.000095,15.1180,0.000000,0.000000,0.000000,0.030109,0.001528,0.004444,0.012146,0.00030000
20,287,4.306854,0.000098,30.4870,0.000000,0.000000,0.000000,0.036273,0.002344,0.004672,0.010954,0.00030000
20,288,3.486656,0.000091,22.9734,0.000000,0.000000,0.000000,0.015707,0.001112,0.004869,0.010657,0.00030000
20,289,2.226678,0.000118,17.9096,0.000000,0.000000,0.000000,0.042805,0.002174,0.005175,0.011926,0.00030000
20,290,3.351989,0.000152,19.0718,0.000000,0.000000,0.000000,0.014795,0.002704,0.005510,0.018829,0.00030000
20,291,2.478843,0.000122,14.0239,0.000000,0.000000,0.000000,0.050705,0.004345,0.004513,0.013946,0.00030000
20,292,4.446548,0.000112,85.6568,0.000000,0.000000,0.000000,0.020519,0.003928,0.004193,0.013080,0.00030000
20,293,2.267182,0.000100,20.9504,0.000000,0.000000,0.000000,0.017691,0.001895,0.004136,0.013826,0.00030000
20,294,3.579803,0.000097,28.0673,0.000000,0.000000,0.000000,0.018246,0.002417,0.004103,0.012770,0.00030000
20,295,2.541431,0.000104,17.5928,0.000000,0.000000,0.000000,0.030142,0.002504,0.004443,0.014223,0.00030000
20,296,4.807320,0.000118,91.9682,0.000000,0.000000,0.000000,0.037045,0.002007,0.004397,0.012461,0.00030000
21,1,3.460458,0.000135,53.1384,0.000000,0.000000,0.000000,0.057768,0.002259,0.004921,0.014515,0.00029712
21,2,3.907519,0.000125,30.6882,0.000000,0.000000,0.000000,0.043548,0.001723,0.004923,0.014605,0.00029712
21,3,2.994863,0.000127,22.5690,0.000000,0.000000,0.000000,0.035573,0.001838,0.004630,0.013140,0.00029712
21,4,3.802674,0.000125,74.4076,0.000000,0.000000,0.000000,0.024830,0.001307,0.004529,0.013604,0.00029712
21,5,2.139465,0.000117,22.5650,0.000000,0.000000,0.000000,0.028846,0.001790,0.004587,0.013568,0.00029712
21,6,4.325737,0.000126,41.6890,0.000000,0.000000,0.000000,0.019270,0.001296,0.004240,0.011683,0.00029712
21,7,3.231056,0.000132,33.4039,0.000000,0.000000,0.000000,0.032653,0.001561,0.004224,0.012607,0.00029712
21,8,3.189628,0.000126,51.4022,0.000000,0.000000,0.000000,0.023439,0.001692,0.004373,0.011758,0.00029712
21,9,2.597738,0.000124,28.6135,0.000000,0.000000,0.000000,0.023889,0.001380,0.004231,0.011999,0.00029712
21,10,3.431223,0.000120,38.8919,0.000000,0.000000,0.000000,0.012842,0.001482,0.004422,0.011077,0.00029712
21,11,2.672381,0.000123,22.8523,0.000000,0.000000,0.000000,0.014778,0.001295,0.004392,0.011710,0.00029712
21,12,3.679909,0.000111,64.6255,0.000000,0.000000,0.000000,0.011752,0.001072,0.004223,0.010986,0.00029712
21,13,2.534107,0.000118,24.3436,0.000000,0.000000,0.000000,0.029022,0.001104,0.003910,0.010848,0.00029712
21,14,3.335967,0.000119,31.5686,0.000000,0.000000,0.000000,0.024545,0.001198,0.004145,0.010555,0.00029712
21,15,2.370114,0.000109,19.7705,0.000000,0.000000,0.000000,0.018741,0.001290,0.003910,0.010090,0.00029712
21,16,3.871324,0.000107,69.8509,0.000000,0.000000,0.000000,0.015771,0.001147,0.003983,0.009761,0.00029712
21,17,3.058937,0.000101,35.6867,0.000000,0.000000,0.000000,0.018842,0.001350,0.004234,0.009938,0.00029712
21,18,3.192185,0.000104,24.6096,0.000000,0.000000,0.000000,0.017281,0.000980,0.003932,0.009659,0.00029712
21,19,2.634459,0.000110,21.5211,0.000000,0.000000,0.000000,0.058623,0.001365,0.004252,0.014987,0.00029712
21,20,4.319401,0.000117,91.6402,0.000000,0.000000,0.000000,0.041369,0.002011,0.004106,0.015066,0.00029712
21,21,2.278872,0.000093,32.2290,0.000000,0.000000,0.000000,0.031981,0.002086,0.004343,0.012074,0.00029712
21,22,3.550830,0.000104,26.2207,0.000000,0.000000,0.000000,0.017563,0.001665,0.004336,0.012038,0.00029712
21,23,3.049937,0.000119,23.6428,0.000000,0.000000,0.000000,0.026755,0.001901,0.004249,0.013778,0.00029712
21,24,4.805351,0.000123,51.1440,0.000000,0.000000,0.000000,0.019511,0.002737,0.004638,0.014730,0.00029712
21,25,4.278177,0.000094,26.9671,0.000000,0.000000,0.000000,0.039534,0.001787,0.004082,0.011075,0.00029712
21,26,2.584422,0.000118,16.3096,0.000000,0.000000,0.000000,0.027666,0.003290,0.004808,0.012520,0.00029712
21,27,4.198839,0.000137,55.0619,0.000000,0.000000,0.000000,0.029585,0.002191,0.004213,0.012523,0.00029712
21,28,2.715818,0.000129,31.2032,0.000000,0.000000,0.000000,0.027579,0.003277,0.004318,0.011819,0.00029712
21,29,2.853796,0.000119,26.3547,0.000000,0.000000,0.000000,0.024665,0.002878,0.004379,0.012174,0.00029712
21,30,2.223319,0.000113,26.0625,0.000000,0.000000,0.000000,0.018647,0.001807,0.004153,0.011909,0.00029712
21,31,3.762775,0.000123,39.6264,0.000000,0.000000,0.000000,0.021100,0.002017,0.004520,0.012876,0.00029712
21,32,2.904570,0.000132,26.6974,0.000000,0.000000,0.000000,0.026065,0.001627,0.005051,0.013424,0.00029712
21,33,3.699829,0.000137,66.7417,0.000000,0.000000,0.000000,0.086764,0.001380,0.004661,0.013232,0.00029712
21,34,2.746409,0.000118,21.1881,0.000000,0.000000,0.000000,0.044592,0.002438,0.004337,0.011392,0.00029712
21,35,3.873735,0.000123,36.5079,0.000000,0.000000,0.000000,0.048536,0.001555,0.004377,0.011428,0.00029712
21,36,2.908572,0.000100,22.1117,0.000000,0.000000,0.000000,0.035155,0.001285,0.004123,0.010032,0.00029712
21,37,3.439207,0.000098,58.1833,0.000000,0.000000,0.000000,0.023875,0.001552,0.004308,0.010796,0.00029712
21,38,2.114792,0.000100,14.5223,0.000000,0.000000,0.000000,0.031024,0.000986,0.004281,0.010316,0.00029712
21,39,4.385070,0.000121,31.3337,0.000000,0.000000,0.000000,0.030681,0.001925,0.004499,0.011801,0.00029712
21,40,2.835407,0.000113,17.6153,0.000000,0.000000,0.000000,0.030759,0.001784,0.004149,0.010934,0.00029712
21,41,3.897275,0.000115,59.2364,0.000000,0.000000,0.000000,0.031214,0.002262,0.004201,0.012417,0.00029712
21,42,2.545560,0.000127,21.5492,0.000000,0.000000,0.000000,0.028410,0.001759,0.004174,0.011310,0.00029712
21,43,2.832402,0.000117,29.0606,0.000000,0.000000,0.000000,0.017755,0.001688,0.004058,0.011598,0.00029712
21,44,2.138278,0.000116,19.7177,0.000000,0.000000,0.000000,0.014414,0.001503,0.004139,0.010707,0.00029712
21,45,3.661911,0.000099,48.6638,0.000000,0.000000,0.000000,0.039219,0.001123,0.005303,0.011481,0.00029712
21,46,2.748385,0.000109,27.4152,0.000000,0.000000,0.000000,0.033897,0.001393,0.005938,0.011392,0.00029712
21,47,3.308854,0.000123,43.5152,0.000000,0.000000,0.000000,0.030292,0.001984,0.005797,0.012157,0.00029712
21,48,2.531926,0.000090,14.0899,0.000000,0.000000,0.000000,0.025752,0.001916,0.005337,0.009835,0.00029712
21,49,3.378951,0.000142,21.8236,0.000000,0.000000,0.000000,0.044111,0.002706,0.005114,0.010962,0.00029712
21,50,2.276818,0.000090,27.8762,0.000000,0.000000,0.000000,0.024130,0.001709,0.004187,0.009339,0.00029712
21,51,3.119269,0.000086,40.0401,0.000000,0.000000,0.000000,0.023187,0.001625,0.004927,0.010446,0.00029712
21,52,2.541434,0.000147,17.3466,0.000000,0.000000,0.000000,0.015342,0.002113,0.004601,0.011043,0.00029712
21,53,3.727109,0.000131,49.9645,0.000000,0.000000,0.000000,0.016889,0.002205,0.004146,0.009834,0.00029712
21,54,2.166832,0.000145,14.3622,0.000000,0.000000,0.000000,0.026615,0.001691,0.004272,0.010339,0.00029712
21,55,3.331419,0.000133,40.4290,0.000000,0.000000,0.000000,0.016139,0.001525,0.004066,0.010294,0.00029712
21,56,2.469292,0.000115,21.2596,0.000000,0.000000,0.000000,0.016903,0.002027,0.004103,0.009623,0.00029712
21,57,3.170439,0.000133,43.6040,0.000000,0.000000,0.000000,0.027850,0.002272,0.004369,0.011755,0.00029712
21,58,2.153273,0.000098,14.9152,0.000000,0.000000,0.000000,0.011160,0.001002,0.004074,0.008462,0.00029712
21,59,3.684528,0.000169,45.8743,0.000000,0.000000,0.000000,0.029773,0.003134,0.005338,0.013688,0.00029712
21,60,2.563301,0.000143,17.8970,0.000000,0.000000,0.000000,0.028022,0.002687,0.005270,0.013575,0.00029712
21,61,4.124988,0.000115,70.9511,0.000000,0.000000,0.000000,0.029131,0.001789,0.004776,0.011504,0.00029712
21,62,2.341914,0.000119,14.2410,0.000000,0.000000,0.000000,0.049688,0.001882,0.004664,0.011643,0.00029712
21,63,3.719157,0.000140,49.6316,0.000000,0.000000,0.000000,0.029916,0.003026,0.004722,0.011946,0.00029712
21,64,2.502215,0.000114,18.2468,0.000000,0.000000,0.000000,0.018937,0.001715,0.004961,0.010904,0.00029712
21,65,3.555387,0.000154,55.5388,0.000000,0.000000,0.000000,0.023866,0.002000,0.005155,0.023895,0.00029712
21,66,2.637970,0.000118,24.9957,0.000000,0.000000,0.000000,0.014485,0.002580,0.004420,0.018761,0.00029712
21,67,3.112815,0.000123,29.1918,0.000000,0.000000,0.000000,0.034311,0.002167,0.004707,0.021009,0.00029712
21,68,2.218606,0.000141,15.5249,0.000000,0.000000,0.000000,0.026298,0.001885,0.004547,0.021448,0.00029712
21,69,4.692587,0.000124,57.0455,0.000000,0.000000,0.000000,0.017658,0.002154,0.004699,0.019503,0.00029712
21,70,2.932839,0.000127,33.5816,0.000000,0.000000,0.000000,0.022625,0.002163,0.004610,0.017401,0.00029712
21,71,3.680865,0.000101,48.8528,0.000000,0.000000,0.000000,0.029030,0.000993,0.003972,0.010860,0.00029712
21,72,3.582989,0.000135,27.6879,0.000000,0.000000,0.000000,0.018696,0.001167,0.004227,0.011434,0.00029712
21,73,2.573284,0.000100,23.0863,0.000000,0.000000,0.000000,0.052132,0.002409,0.005089,0.012301,0.00029712
21,74,3.155530,0.000105,54.6866,0.000000,0.000000,0.000000,0.011249,0.001537,0.005612,0.010647,0.00029712
21,75,3.067264,0.000089,25.0714,0.000000,0.000000,0.000000,0.038189,0.002928,0.005221,0.011831,0.00029712
21,76,3.941950,0.000133,36.5756,0.000000,0.000000,0.000000,0.018213,0.003453,0.006727,0.012728,0.00029712
21,77,2.960173,0.000107,32.7708,0.000000,0.000000,0.000000,0.052688,0.011093,0.009280,0.021271,0.00029712
21,78,3.790284,0.000119,51.0717,0.000000,0.000000,0.000000,0.027471,0.004250,0.013224,0.017600,0.00029712
21,79,2.354810,0.000121,15.4983,0.000000,0.000000,0.000000,0.038146,0.003373,0.012804,0.015523,0.00029712
21,80,4.226058,0.000121,30.8331,0.000000,0.000000,0.000000,0.025333,0.001807,0.006473,0.013488,0.00029712
21,81,2.712364,0.000092,18.5050,0.000000,0.000000,0.000000,0.015120,0.001650,0.003929,0.011095,0.00029712
21,82,3.792623,0.000094,61.1285,0.000000,0.000000,0.000000,0.028914,0.002088,0.004046,0.010957,0.00029712
21,83,2.423911,0.000088,10.0048,0.000000,0.000000,0.000000,0.013789,0.001680,0.003981,0.010000,0.00029712
21,84,3.577958,0.000105,19.5052,0.000000,0.000000,0.000000,0.037861,0.001354,0.004072,0.009901,0.00029712
21,85,2.771545,0.000103,24.2861,0.000000,0.000000,0.000000,0.014495,0.003276,0.003817,0.009945,0.00029712
21,86,2.540759,0.000104,16.7976,0.000000,0.000000,0.000000,0.035311,0.002198,0.004254,0.010537,0.00029712
21,87,2.681122,0.000093,25.8275,0.000000,0.000000,0.000000,0.012205,0.001669,0.004494,0.010687,0.00029712
21,88,2.444093,0.000094,25.3006,0.000000,0.000000,0.000000,0.008373,0.002060,0.004060,0.009964,0.00029712
21,89,2.740667,0.000093,37.0774,0.000000,0.000000,0.000000,0.013594,0.002889,0.004028,0.009776,0.00029712
21,90,2.646215,0.000089,23.1355,0.000000,0.000000,0.000000,0.012937,0.001680,0.003983,0.010621,0.00029712
21,91,2.837872,0.000104,33.9570,0.000000,0.000000,0.000000,0.031965,0.001689,0.004771,0.011570,0.00029712
21,92,2.395292,0.000101,20.4902,0.000000,0.000000,0.000000,0.041047,0.001823,0.004523,0.010566,0.00029712
21,93,2.709747,0.000092,24.5326,0.000000,0.000000,0.000000,0.033412,0.001997,0.004093,0.010059,0.00029712
21,94,2.530318,0.000083,20.0970,0.000000,0.000000,0.000000,0.008028,0.001122,0.003580,0.009170,0.00029712
21,95,2.180490,0.000112,19.7749,0.000000,0.000000,0.000000,0.024388,0.001362,0.004033,0.010643,0.00029712
21,96,3.109279,0.000080,66.4271,0.000000,0.000000,0.000000,0.009919,0.001224,0.003759,0.008694,0.00029712
21,97,2.733824,0.000111,26.2500,0.000000,0.000000,0.000000,0.014446,0.002019,0.004105,0.011422,0.00029712
21,98,2.721307,0.000102,45.0548,0.000000,0.000000,0.000000,0.021019,0.001456,0.003977,0.009115,0.00029712
21,99,2.045128,0.000101,21.7469,0.000000,0.000000,0.000000,0.033886,0.001366,0.004050,0.009137,0.00029712
21,100,2.976566,0.000115,51.8704,0.000000,0.000000,0.000000,0.020705,0.001011,0.004469,0.010019,0.00029712
21,101,2.314313,0.000096,16.2219,0.000000,0.000000,0.000000,0.012637,0.000914,0.003943,0.009958,0.00029712
21,102,3.980539,0.000087,71.6554,0.000000,0.000000,0.000000,0.009956,0.000688,0.003880,0.008704,0.00029712
21,103,2.285468,0.000093,16.4154,0.000000,0.000000,0.000000,0.012073,0.000997,0.003871,0.008917,0.00029712
21,104,4.046645,0.000107,40.0220,0.000000,0.000000,0.000000,0.010703,0.000843,0.003789,0.009092,0.00029712
21,105,3.063711,0.000095,20.6984,0.000000,0.000000,0.000000,0.018433,0.001208,0.003633,0.008199,0.00029712
21,106,4.212643,0.000115,69.9607,0.000000,0.000000,0.000000,0.021282,0.000905,0.003952,0.008885,0.00029712
21,107,2.850001,0.000113,27.2145,0.000000,0.000000,0.000000,0.048850,0.001052,0.003822,0.009529,0.00029712
21,108,3.212626,0.000109,34.2493,0.000000,0.000000,0.000000,0.011569,0.001389,0.003879,0.008667,0.00029712
21,109,2.251607,0.000069,12.0326,0.000000,0.000000,0.000000,0.022834,0.000812,0.003850,0.007305,0.00029712
21,110,3.749506,0.000097,59.6449,0.000000,0.000000,0.000000,0.014377,0.001506,0.004159,0.009749,0.00029712
21,111,3.024898,0.000136,38.7159,0.000000,0.000000,0.000000,0.023006,0.001011,0.004677,0.009206,0.00029712
21,112,3.162995,0.000101,35.2461,0.000000,0.000000,0.000000,0.015654,0.001000,0.004791,0.009062,0.00029712
21,113,2.210138,0.000107,20.2801,0.000000,0.000000,0.000000,0.025044,0.000922,0.004719,0.009372,0.00029712
21,114,3.983308,0.000133,63.9418,0.000000,0.000000,0.000000,0.040018,0.001049,0.005072,0.011789,0.00029712
21,115,3.291553,0.000111,30.5321,0.000000,0.000000,0.000000,0.012904,0.000984,0.004776,0.009614,0.00029712
21,116,2.658849,0.000089,26.4667,0.000000,0.000000,0.000000,0.009136,0.000606,0.004533,0.009113,0.00029712
21,117,2.944883,0.000137,39.1013,0.000000,0.000000,0.000000,0.041677,0.002730,0.004654,0.012714,0.00029712
21,118,3.658216,0.000116,28.5383,0.000000,0.000000,0.000000,0.038224,0.002440,0.004495,0.013511,0.00029712
21,119,3.315785,0.000102,21.2335,0.000000,0.000000,0.000000,0.033415,0.004579,0.004259,0.010919,0.00029712
21,120,3.874113,0.000109,63.5374,0.000000,0.000000,0.000000,0.039748,0.003260,0.004414,0.012352,0.00029712
21,121,2.254387,0.000101,11.6187,0.000000,0.000000,0.000000,0.028866,0.002941,0.003972,0.011319,0.00029712
21,122,4.393906,0.000132,19.2063,0.000000,0.000000,0.000000,0.021451,0.003429,0.004118,0.010492,0.00029712
21,123,2.550744,0.000117,15.7847,0.000000,0.000000,0.000000,0.032730,0.004407,0.004032,0.010478,0.00029712
21,124,5.664612,0.000126,56.2420,0.000000,0.000000,0.000000,0.061790,0.002300,0.004367,0.009727,0.00029712
21,125,2.645866,0.000111,15.5709,0.000000,0.000000,0.000000,0.027509,0.003147,0.003753,0.009006,0.00029712
21,126,4.082700,0.000083,36.2429,0.000000,0.000000,0.000000,0.016012,0.001511,0.003958,0.007846,0.00029712
21,127,3.212464,0.000098,20.5006,0.000000,0.000000,0.000000,0.031750,0.001332,0.004188,0.008467,0.00029712
21,128,3.309886,0.000155,43.4003,0.000000,0.000000,0.000000,0.044838,0.002878,0.004435,0.011033,0.00029712
21,129,3.122890,0.000106,26.1177,0.000000,0.000000,0.000000,0.042197,0.002487,0.004411,0.009735,0.00029712
21,130,2.704829,0.000095,16.7676,0.000000,0.000000,0.000000,0.024454,0.001660,0.004033,0.010742,0.00029712
21,131,2.429623,0.000099,35.3108,0.000000,0.000000,0.000000,0.009200,0.001391,0.004216,0.009943,0.00029712
21,132,3.162827,0.000141,24.2168,0.000000,0.000000,0.000000,0.029915,0.002257,0.004672,0.011470,0.00029712
21,133,2.201333,0.000100,16.5283,0.000000,0.000000,0.000000,0.016519,0.000880,0.004066,0.009553,0.00029712
21,134,3.357072,0.000084,40.0164,0.000000,0.000000,0.000000,0.007722,0.000904,0.004089,0.009629,0.00029712
21,135,2.722983,0.000122,19.9767,0.000000,0.000000,0.000000,0.024991,0.003302,0.004133,0.012169,0.00029712
21,136,4.380759,0.000122,76.1302,0.000000,0.000000,0.000000,0.030039,0.002403,0.004143,0.009340,0.00029712
21,137,2.729011,0.000103,29.9942,0.000000,0.000000,0.000000,0.012576,0.002573,0.004093,0.009412,0.00029712
21,138,3.497936,0.000087,31.4903,0.000000,0.000000,0.000000,0.009313,0.001805,0.003912,0.008662,0.00029712
21,139,2.583907,0.000114,18.1598,0.000000,0.000000,0.000000,0.020086,0.000925,0.004023,0.011026,0.00029712
21,140,4.267403,0.000098,77.3348,0.000000,0.000000,0.000000,0.008880,0.001301,0.003621,0.008542,0.00029712
21,141,3.137173,0.000144,55.9131,0.000000,0.000000,0.000000,0.019875,0.000788,0.003994,0.010507,0.00029712
21,142,3.320757,0.000105,41.9661,0.000000,0.000000,0.000000,0.017691,0.001474,0.003975,0.012902,0.00029712
21,143,3.530959,0.000091,22.0621,0.000000,0.000000,0.000000,0.009225,0.001587,0.004232,0.011284,0.00029712
21,144,2.855273,0.000115,27.5399,0.000000,0.000000,0.000000,0.012067,0.001189,0.005471,0.011277,0.00029712
21,145,3.442841,0.000101,51.8373,0.000000,0.000000,0.000000,0.006348,0.001306,0.004540,0.010922,0.00029712
21,146,2.609975,0.000103,16.6844,0.000000,0.000000,0.000000,0.012793,0.001134,0.004341,0.011936,0.00029712
21,147,3.378201,0.000116,37.1421,0.000000,0.000000,0.000000,0.013298,0.001308,0.003816,0.010314,0.00029712
21,148,1.947653,0.000079,13.8894,0.000000,0.000000,0.000000,0.009070,0.001174,0.003752,0.011147,0.00029712
21,149,4.131650,0.000102,89.0749,0.000000,0.000000,0.000000,0.019852,0.001371,0.004142,0.010032,0.00029712
21,150,1.767733,0.000084,16.9864,0.000000,0.000000,0.000000,0.019764,0.000804,0.003836,0.009267,0.00029712
21,151,4.073868,0.000090,30.6711,0.000000,0.000000,0.000000,0.019942,0.000832,0.004144,0.009668,0.00029712
21,152,3.150654,0.000092,28.8846,0.000000,0.000000,0.000000,0.011337,0.000856,0.004164,0.009272,0.00029712
21,153,3.244357,0.000102,55.6123,0.000000,0.000000,0.000000,0.019938,0.001209,0.004270,0.009405,0.00029712
21,154,2.447116,0.000092,27.0866,0.000000,0.000000,0.000000,0.017943,0.000843,0.004409,0.008738,0.00029712
21,155,3.245226,0.000106,43.3831,0.000000,0.000000,0.000000,0.019524,0.001869,0.004399,0.011033,0.00029712
21,156,2.680457,0.000094,28.2868,0.000000,0.000000,0.000000,0.020406,0.001862,0.004070,0.009403,0.00029712
21,157,3.323344,0.000108,48.7397,0.000000,0.000000,0.000000,0.018785,0.001044,0.004340,0.009834,0.00029712
21,158,2.180111,0.000093,18.5880,0.000000,0.000000,0.000000,0.020696,0.001034,0.004486,0.010100,0.00029712
21,159,3.661977,0.000107,49.6769,0.000000,0.000000,0.000000,0.031887,0.003455,0.004425,0.010643,0.00029712
21,160,3.299209,0.000108,31.3711,0.000000,0.000000,0.000000,0.024963,0.002251,0.004546,0.011056,0.00029712
21,161,3.579332,0.000110,37.7898,0.000000,0.000000,0.000000,0.020046,0.002418,0.004227,0.009783,0.00029712
21,162,2.574180,0.000096,22.9301,0.000000,0.000000,0.000000,0.014278,0.001729,0.005094,0.008796,0.00029712
21,163,3.814300,0.000117,51.1274,0.000000,0.000000,0.000000,0.037339,0.003434,0.005550,0.011598,0.00029712
21,164,2.681417,0.000090,26.3909,0.000000,0.000000,0.000000,0.017514,0.001195,0.005073,0.009855,0.00029712
21,165,2.837750,0.000095,37.8791,0.000000,0.000000,0.000000,0.014711,0.001423,0.004583,0.009387,0.00029712
21,166,1.974923,0.000104,14.6069,0.000000,0.000000,0.000000,0.015369,0.001707,0.004643,0.009872,0.00029712
21,167,6.986025,0.000133,51.2519,0.000000,0.000000,0.000000,0.021813,0.012085,0.004660,0.012236,0.00029712
21,168,5.645342,0.000163,40.8754,0.000000,0.000000,0.000000,0.059546,0.002209,0.005758,0.017920,0.00029712
21,169,3.160742,0.000130,26.5663,0.000000,0.000000,0.000000,0.057841,0.001741,0.004665,0.011219,0.00029712
21,170,3.348418,0.000144,28.2511,0.000000,0.000000,0.000000,0.064531,0.001879,0.004986,0.011131,0.00029712
21,171,3.190194,0.000127,23.9918,0.000000,0.000000,0.000000,0.020094,0.001752,0.004538,0.009670,0.00029712
21,172,2.471725,0.000108,23.2540,0.000000,0.000000,0.000000,0.019199,0.001418,0.004354,0.009102,0.00029712
21,173,3.082955,0.000131,40.4232,0.000000,0.000000,0.000000,0.016286,0.001507,0.005016,0.010235,0.00029712
21,174,2.947273,0.000166,28.9341,0.000000,0.000000,0.000000,0.051028,0.001758,0.005593,0.013716,0.00029712
21,175,3.003645,0.000098,43.6407,0.000000,0.000000,0.000000,0.062418,0.002403,0.004637,0.013976,0.00029712
21,176,2.982739,0.000103,22.1029,0.000000,0.000000,0.000000,0.041261,0.002884,0.004510,0.009527,0.00029712
21,177,1.951277,0.000110,18.8144,0.000000,0.000000,0.000000,0.037742,0.003016,0.004454,0.009972,0.00029712
21,178,3.382493,0.000102,46.0264,0.000000,0.000000,0.000000,0.039505,0.003067,0.004642,0.011789,0.00029712
21,179,2.172143,0.000081,16.5210,0.000000,0.000000,0.000000,0.028759,0.001803,0.004100,0.009626,0.00029712
21,180,4.947241,0.000089,104.5017,0.000000,0.000000,0.000000,0.046835,0.002345,0.003860,0.009831,0.00029712
21,181,4.258142,0.000112,42.0234,0.000000,0.000000,0.000000,0.075298,0.001725,0.004019,0.010395,0.00029712
21,182,3.159509,0.000094,23.7118,0.000000,0.000000,0.000000,0.031513,0.002251,0.003725,0.008621,0.00029712
21,183,3.690982,0.000099,37.5658,0.000000,0.000000,0.000000,0.041225,0.001767,0.004061,0.008873,0.00029712
21,184,2.878301,0.000119,26.8927,0.000000,0.000000,0.000000,0.018299,0.002294,0.004074,0.009524,0.00029712
21,185,1.815164,0.000099,15.6442,0.000000,0.000000,0.000000,0.016570,0.002164,0.004029,0.009893,0.00029712
21,186,3.104878,0.000104,47.2678,0.000000,0.000000,0.000000,0.021143,0.001010,0.004459,0.008328,0.00029712
21,187,2.457982,0.000101,20.7851,0.000000,0.000000,0.000000,0.025786,0.001055,0.004743,0.011593,0.00029712
21,188,4.264582,0.000117,81.4000,0.000000,0.000000,0.000000,0.009594,0.001197,0.004379,0.009988,0.00029712
21,189,2.475472,0.000101,23.4238,0.000000,0.000000,0.000000,0.015759,0.000910,0.004064,0.009667,0.00029712
21,190,3.817336,0.000142,24.4415,0.000000,0.000000,0.000000,0.027109,0.000925,0.004536,0.010986,0.00029712
21,191,3.133585,0.000083,32.7882,0.000000,0.000000,0.000000,0.015324,0.001153,0.003839,0.009042,0.00029712
21,192,3.383843,0.000096,50.9218,0.000000,0.000000,0.000000,0.021267,0.000845,0.004207,0.010124,0.00029712
21,193,2.700546,0.000081,25.2639,0.000000,0.000000,0.000000,0.014824,0.000897,0.003850,0.009975,0.00029712
21,194,2.632458,0.000097,27.5981,0.000000,0.000000,0.000000,0.016293,0.001533,0.004560,0.009821,0.00029712
21,195,1.886916,0.000105,22.3522,0.000000,0.000000,0.000000,0.012705,0.001324,0.004421,0.010022,0.00029712
21,196,3.422454,0.000096,37.5069,0.000000,0.000000,0.000000,0.015780,0.000932,0.003864,0.009221,0.00029712
21,197,2.277483,0.000089,18.9811,0.000000,0.000000,0.000000,0.015835,0.001170,0.003811,0.009835,0.00029712
21,198,4.081573,0.000089,84.7434,0.000000,0.000000,0.000000,0.024576,0.001023,0.004128,0.010083,0.00029712
21,199,1.988394,0.000099,16.1832,0.000000,0.000000,0.000000,0.009846,0.001905,0.004379,0.010107,0.00029712
21,200,4.995579,0.000093,58.4157,0.000000,0.000000,0.000000,0.025358,0.000855,0.005672,0.011049,0.00029712
21,201,3.610039,0.000154,27.4257,0.000000,0.000000,0.000000,0.020405,0.000873,0.007178,0.011352,0.00029712
21,202,3.071903,0.000120,30.7232,0.000000,0.000000,0.000000,0.033009,0.001064,0.008414,0.010468,0.00029712
21,203,3.241658,0.000102,28.9129,0.000000,0.000000,0.000000,0.051661,0.001126,0.007928,0.011705,0.00029712
21,204,2.895350,0.000106,28.0141,0.000000,0.000000,0.000000,0.023118,0.000883,0.007281,0.009728,0.00029712
21,205,2.167896,0.000123,18.2674,0.000000,0.000000,0.000000,0.019149,0.001338,0.005027,0.011620,0.00029712
21,206,4.238223,0.000113,39.2035,0.000000,0.000000,0.000000,0.032684,0.001852,0.005266,0.012889,0.00029712
21,207,2.863625,0.000110,27.9068,0.000000,0.000000,0.000000,0.071115,0.002196,0.004511,0.012425,0.00029712
21,208,3.388422,0.000099,65.9247,0.000000,0.000000,0.000000,0.016637,0.002073,0.004041,0.010125,0.00029712
21,209,2.158148,0.000140,16.6244,0.000000,0.000000,0.000000,0.055644,0.004129,0.004632,0.013451,0.00029712
21,210,3.271286,0.000155,51.4830,0.000000,0.000000,0.000000,0.050233,0.001842,0.004999,0.013307,0.00029712
21,211,2.521989,0.000119,18.1243,0.000000,0.000000,0.000000,0.045190,0.002861,0.004762,0.012577,0.00029712
21,212,2.857408,0.000101,34.4352,0.000000,0.000000,0.000000,0.023661,0.002864,0.004060,0.011389,0.00029712
21,213,2.737746,0.000108,25.2532,0.000000,0.000000,0.000000,0.031847,0.001647,0.003874,0.015294,0.00029712
21,214,2.577900,0.000111,27.4579,0.000000,0.000000,0.000000,0.035243,0.001232,0.003947,0.014483,0.00029712
21,215,2.649478,0.000107,40.0230,0.000000,0.000000,0.000000,0.018342,0.001535,0.003952,0.012517,0.00029712
21,216,2.627448,0.000095,25.1531,0.000000,0.000000,0.000000,0.017957,0.001154,0.004150,0.011817,0.00029712
21,217,2.697637,0.000102,40.1795,0.000000,0.000000,0.000000,0.014849,0.001497,0.003902,0.011354,0.00029712
21,218,2.735595,0.000105,21.7592,0.000000,0.000000,0.000000,0.014583,0.001788,0.003646,0.010952,0.00029712
21,219,2.967226,0.000130,21.0579,0.000000,0.000000,0.000000,0.037718,0.001171,0.004075,0.013205,0.00029712
21,220,2.396755,0.000093,31.9977,0.000000,0.000000,0.000000,0.026895,0.001179,0.003549,0.009723,0.00029712
21,221,2.740835,0.000120,21.4071,0.000000,0.000000,0.000000,0.035237,0.001504,0.004155,0.010488,0.00029712
21,222,2.219367,0.000107,32.5881,0.000000,0.000000,0.000000,0.011380,0.001087,0.004166,0.009204,0.00029712
21,223,3.020231,0.000126,31.8576,0.000000,0.000000,0.000000,0.048609,0.003302,0.004942,0.010972,0.00029712
21,224,2.277835,0.000096,25.1738,0.000000,0.000000,0.000000,0.030049,0.002065,0.004266,0.009842,0.00029712
21,225,3.133190,0.000091,48.9937,0.000000,0.000000,0.000000,0.051072,0.005153,0.004311,0.009728,0.00029712
21,226,2.621830,0.000091,18.2735,0.000000,0.000000,0.000000,0.033629,0.000866,0.004155,0.009386,0.00029712
21,227,4.281437,0.000098,42.2385,0.000000,0.000000,0.000000,0.028938,0.001331,0.003856,0.010618,0.00029712
21,228,2.614635,0.000088,21.7949,0.000000,0.000000,0.000000,0.024229,0.001614,0.003998,0.010005,0.00029712
21,229,3.615308,0.000140,52.3996,0.000000,0.000000,0.000000,0.028655,0.001857,0.003961,0.011949,0.00029712
21,230,3.391729,0.000157,20.7646,0.000000,0.000000,0.000000,0.028392,0.002219,0.004228,0.011490,0.00029712
21,231,2.982202,0.000093,27.0029,0.000000,0.000000,0.000000,0.014648,0.001366,0.003482,0.008976,0.00029712
21,232,2.223289,0.000077,15.0357,0.000000,0.000000,0.000000,0.019213,0.001213,0.003578,0.008762,0.00029712
21,233,4.337457,0.000140,77.1724,0.000000,0.000000,0.000000,0.038181,0.003229,0.004337,0.011407,0.00029712
21,234,2.467589,0.000083,21.9186,0.000000,0.000000,0.000000,0.025055,0.002084,0.003445,0.009674,0.00029712
21,235,3.992312,0.000080,37.3893,0.000000,0.000000,0.000000,0.022106,0.002241,0.003542,0.009071,0.00029712
21,236,3.941862,0.000093,27.5027,0.000000,0.000000,0.000000,0.023010,0.004009,0.003572,0.008700,0.00029712
21,237,2.947898,0.000081,23.3425,0.000000,0.000000,0.000000,0.011899,0.004658,0.003430,0.008655,0.00029712
21,238,2.217783,0.000077,31.7736,0.000000,0.000000,0.000000,0.015537,0.005590,0.003456,0.008358,0.00029712
21,239,2.610551,0.000146,15.5113,0.000000,0.000000,0.000000,0.025168,0.005855,0.004079,0.011580,0.00029712
21,240,3.209136,0.000109,29.1005,0.000000,0.000000,0.000000,0.022543,0.003395,0.003601,0.010158,0.00029712
21,241,2.726439,0.000125,29.0546,0.000000,0.000000,0.000000,0.031487,0.009127,0.004441,0.011029,0.00029712
21,242,2.659692,0.000127,30.6597,0.000000,0.000000,0.000000,0.028860,0.015052,0.005045,0.011384,0.00029712
21,243,2.247287,0.000095,21.4716,0.000000,0.000000,0.000000,0.022489,0.003993,0.004065,0.009837,0.00029712
21,244,2.803559,0.000088,46.3290,0.000000,0.000000,0.000000,0.009769,0.001624,0.003628,0.009207,0.00029712
21,245,2.537179,0.000125,23.6695,0.000000,0.000000,0.000000,0.023653,0.011618,0.003797,0.011299,0.00029712
21,246,2.910974,0.000131,34.3230,0.000000,0.000000,0.000000,0.021887,0.004473,0.004415,0.012781,0.00029712
21,247,2.503202,0.000123,22.6922,0.000000,0.000000,0.000000,0.018325,0.002408,0.004361,0.012435,0.00029712
21,248,2.758829,0.000117,46.4650,0.000000,0.000000,0.000000,0.013926,0.003166,0.003957,0.011252,0.00029712
21,249,2.270621,0.000113,18.5760,0.000000,0.000000,0.000000,0.014124,0.002758,0.004054,0.011043,0.00029712
21,250,3.099420,0.000118,58.2017,0.000000,0.000000,0.000000,0.013123,0.001485,0.003885,0.010468,0.00029712
21,251,2.520523,0.000164,26.1743,0.000000,0.000000,0.000000,0.020643,0.001589,0.005766,0.014555,0.00029712
21,252,3.226732,0.000135,61.7095,0.000000,0.000000,0.000000,0.019741,0.001637,0.004395,0.010862,0.00029712
21,253,2.226283,0.000138,19.3441,0.000000,0.000000,0.000000,0.020647,0.001616,0.004132,0.010972,0.00029712
21,254,3.789500,0.000116,52.6573,0.000000,0.000000,0.000000,0.029301,0.001269,0.004180,0.010617,0.00029712
21,255,2.654319,0.000103,21.3034,0.000000,0.000000,0.000000,0.010919,0.001213,0.003981,0.009244,0.00029712
21,256,3.525233,0.000091,44.8794,0.000000,0.000000,0.000000,0.014827,0.001039,0.004205,0.008949,0.00029712
21,257,2.155626,0.000073,28.6138,0.000000,0.000000,0.000000,0.018090,0.001266,0.003566,0.007615,0.00029712
21,258,4.823835,0.000091,92.1608,0.000000,0.000000,0.000000,0.021016,0.001098,0.003945,0.009977,0.00029712
21,259,5.066774,0.000144,64.6396,0.000000,0.000000,0.000000,0.061395,0.001757,0.005541,0.012253,0.00029712
21,260,3.725998,0.000122,32.3454,0.000000,0.000000,0.000000,0.033265,0.002031,0.007753,0.012880,0.00029712
21,261,3.967080,0.000129,21.1831,0.000000,0.000000,0.000000,0.037372,0.002135,0.007991,0.013554,0.00029712
21,262,2.156431,0.000128,16.8560,0.000000,0.000000,0.000000,0.027854,0.003461,0.006010,0.011507,0.00029712
21,263,4.335471,0.000099,54.1128,0.000000,0.000000,0.000000,0.023312,0.002787,0.004908,0.010605,0.00029712
21,264,4.516058,0.000155,45.9384,0.000000,0.000000,0.000000,0.043118,0.004470,0.004893,0.012678,0.00029712
21,265,3.272541,0.000138,24.4214,0.000000,0.000000,0.000000,0.039190,0.003066,0.005760,0.011037,0.00029712
21,266,3.460264,0.000110,43.5579,0.000000,0.000000,0.000000,0.047164,0.002870,0.005524,0.009955,0.00029712
21,267,2.848913,0.000107,29.3981,0.000000,0.000000,0.000000,0.016776,0.002387,0.004618,0.009539,0.00029712
21,268,2.713549,0.000082,24.3727,0.000000,0.000000,0.000000,0.020222,0.001805,0.004061,0.008734,0.00029712
21,269,2.456911,0.000091,25.0351,0.000000,0.000000,0.000000,0.021196,0.001481,0.004201,0.008510,0.00029712
21,270,2.804073,0.000078,27.0379,0.000000,0.000000,0.000000,0.013029,0.002057,0.004407,0.008369,0.00029712
21,271,2.523224,0.000114,22.0336,0.000000,0.000000,0.000000,0.021740,0.001649,0.004335,0.013878,0.00029712
21,272,2.652848,0.000163,42.2177,0.000000,0.000000,0.000000,0.045990,0.002644,0.005479,0.014656,0.00029712
21,273,3.122941,0.000211,30.3527,0.000000,0.000000,0.000000,0.077221,0.003133,0.007197,0.021327,0.00029712
21,274,3.076628,0.000154,36.0450,0.000000,0.000000,0.000000,0.044600,0.001651,0.005015,0.015432,0.00029712
21,275,2.446852,0.000206,27.9520,0.000000,0.000000,0.000000,0.054475,0.002437,0.006823,0.022975,0.00029712
21,276,3.654678,0.000214,61.7709,0.000000,0.000000,0.000000,0.064484,0.001599,0.007135,0.021036,0.00029712
21,277,2.860984,0.000147,29.0742,0.000000,0.000000,0.000000,0.025354,0.001791,0.004860,0.014844,0.00029712
21,278,3.973807,0.000096,81.4877,0.000000,0.000000,0.000000,0.038587,0.001314,0.003984,0.010639,0.00029712
21,279,1.925469,0.000100,18.8213,0.000000,0.000000,0.000000,0.037870,0.001225,0.003571,0.010038,0.00029712
21,280,3.631323,0.000111,38.8320,0.000000,0.000000,0.000000,0.023933,0.001242,0.003635,0.009984,0.00029712
21,281,2.328871,0.000098,20.1364,0.000000,0.000000,0.000000,0.019080,0.001177,0.003679,0.009498,0.00029712
21,282,4.297003,0.000105,67.9584,0.000000,0.000000,0.000000,0.020416,0.001417,0.003748,0.009352,0.00029712
21,283,3.477702,0.000099,46.7048,0.000000,0.000000,0.000000,0.004172,0.000696,0.003629,0.008856,0.00029712
21,284,4.165646,0.000088,33.2809,0.000000,0.000000,0.000000,0.024561,0.001127,0.003929,0.010590,0.00029712
21,285,3.112371,0.000125,24.9921,0.000000,0.000000,0.000000,0.036488,0.001262,0.004320,0.011249,0.00029712
21,286,3.709182,0.000086,71.3579,0.000000,0.000000,0.000000,0.039255,0.001240,0.004113,0.010852,0.00029712
21,287,3.100254,0.000099,28.0297,0.000000,0.000000,0.000000,0.009355,0.001756,0.004346,0.010626,0.00029712
21,288,3.588425,0.000087,23.1408,0.000000,0.000000,0.000000,0.035074,0.001304,0.004014,0.009825,0.00029712
21,289,2.881073,0.000110,14.7099,0.000000,0.000000,0.000000,0.045737,0.002283,0.004076,0.011078,0.00029712
21,290,6.022592,0.000149,60.2369,0.000000,0.000000,0.000000,0.047772,0.002804,0.004972,0.013839,0.00029712
21,291,3.797274,0.000117,28.2352,0.000000,0.000000,0.000000,0.059763,0.002430,0.004726,0.011305,0.00029712
21,292,3.477037,0.000097,25.5623,0.000000,0.000000,0.000000,0.040380,0.002108,0.004538,0.011235,0.00029712
21,293,2.384947,0.000092,18.0858,0.000000,0.000000,0.000000,0.017603,0.001416,0.004802,0.011636,0.00029712
21,294,5.157140,0.000095,96.2739,0.000000,0.000000,0.000000,0.029184,0.002372,0.003860,0.010064,0.00029712
21,295,3.858897,0.000101,73.0526,0.000000,0.000000,0.000000,0.013771,0.002474,0.004064,0.012900,0.00029712
21,296,2.526068,0.000124,16.8111,0.000000,0.000000,0.000000,0.031039,0.001828,0.004258,0.010719,0.00029712
22,1,2.706050,0.000146,24.9770,0.000000,0.000000,0.000000,0.055955,0.001688,0.004917,0.015199,0.00028858
22,2,4.337701,0.000139,34.6859,0.000000,0.000000,0.000000,0.044944,0.001563,0.004535,0.013543,0.00028858
22,3,2.900463,0.000125,22.0452,0.000000,0.000000,0.000000,0.025859,0.001959,0.004846,0.012150,0.00028858
22,4,4.039191,0.000126,57.3397,0.000000,0.000000,0.000000,0.018194,0.001730,0.004920,0.011954,0.00028858
22,5,2.364238,0.000124,23.8515,0.000000,0.000000,0.000000,0.022414,0.002220,0.004449,0.012612,0.00028858
22,6,4.045189,0.000123,32.6642,0.000000,0.000000,0.000000,0.016410,0.001296,0.004231,0.011239,0.00028858
22,7,3.009242,0.000127,25.5640,0.000000,0.000000,0.000000,0.021656,0.001400,0.003948,0.013378,0.00028858
22,8,2.853089,0.000127,43.3807,0.000000,0.000000,0.000000,0.011693,0.001405,0.004120,0.010613,0.00028858
22,9,2.520189,0.000129,26.2344,0.000000,0.000000,0.000000,0.014182,0.001390,0.004107,0.010462,0.00028858
22,10,2.960877,0.000122,30.8540,0.000000,0.000000,0.000000,0.011108,0.001368,0.003866,0.009683,0.00028858
22,11,1.878344,0.000123,16.2554,0.000000,0.000000,0.000000,0.014718,0.001423,0.003987,0.010243,0.00028858
22,12,3.963771,0.000116,29.2972,0.000000,0.000000,0.000000,0.015090,0.001645,0.004595,0.009775,0.00028858
22,13,2.784058,0.000122,24.0062,0.000000,0.000000,0.000000,0.048568,0.001460,0.004865,0.011125,0.00028858
22,14,3.171764,0.000104,51.3842,0.000000,0.000000,0.000000,0.018856,0.001098,0.004298,0.009456,0.00028858
22,15,2.374526,0.000107,18.9208,0.000000,0.000000,0.000000,0.016241,0.001753,0.003693,0.009424,0.00028858
22,16,2.550469,0.000109,37.6622,0.000000,0.000000,0.000000,0.014333,0.001158,0.003950,0.008902,0.00028858
22,17,2.563872,0.000100,25.1231,0.000000,0.000000,0.000000,0.025264,0.001652,0.004192,0.009090,0.00028858
22,18,2.231565,0.000103,23.1413,0.000000,0.000000,0.000000,0.014687,0.001099,0.004071,0.008808,0.00028858
22,19,2.936480,0.000107,32.8220,0.000000,0.000000,0.000000,0.079374,0.001802,0.004348,0.013599,0.00028858
22,20,2.776469,0.000105,25.2944,0.000000,0.000000,0.000000,0.036268,0.002200,0.004915,0.014736,0.00028858
22,21,2.606274,0.000089,28.0636,0.000000,0.000000,0.000000,0.037666,0.002367,0.004179,0.011909,0.00028858
22,22,2.445557,0.000094,32.7252,0.000000,0.000000,0.000000,0.014366,0.001740,0.004528,0.011067,0.00028858
22,23,2.620461,0.000097,24.7339,0.000000,0.000000,0.000000,0.019998,0.001464,0.004645,0.012004,0.00028858
22,24,2.258430,0.000125,27.6919,0.000000,0.000000,0.000000,0.027883,0.002038,0.004585,0.012748,0.00028858
22,25,2.810450,0.000099,28.0889,0.000000,0.000000,0.000000,0.010244,0.000952,0.004642,0.009894,0.00028858
22,26,2.386061,0.000113,16.7045,0.000000,0.000000,0.000000,0.045401,0.001891,0.004889,0.011148,0.00028858
22,27,3.039762,0.000129,36.2076,0.000000,0.000000,0.000000,0.041934,0.002428,0.004387,0.012204,0.00028858
22,28,2.402467,0.000120,23.4295,0.000000,0.000000,0.000000,0.026151,0.002377,0.004262,0.011510,0.00028858
22,29,2.762591,0.000114,47.1921,0.000000,0.000000,0.000000,0.016448,0.002363,0.004385,0.011790,0.00028858
22,30,2.523947,0.000108,21.6612,0.000000,0.000000,0.000000,0.011676,0.002234,0.003955,0.010559,0.00028858
22,31,2.923878,0.000117,55.9907,0.000000,0.000000,0.000000,0.015493,0.002216,0.004112,0.011508,0.00028858
22,32,2.463531,0.000127,21.1595,0.000000,0.000000,0.000000,0.014567,0.001570,0.004139,0.011205,0.00028858
22,33,3.156713,0.000130,50.1349,0.000000,0.000000,0.000000,0.050006,0.001737,0.004053,0.012471,0.00028858
22,34,2.359065,0.000106,19.7141,0.000000,0.000000,0.000000,0.029947,0.001086,0.004028,0.010394,0.00028858
22,35,3.253964,0.000112,24.6201,0.000000,0.000000,0.000000,0.031635,0.001471,0.003788,0.010754,0.00028858
22,36,2.181893,0.000099,18.9166,0.000000,0.000000,0.000000,0.010815,0.001364,0.003733,0.009316,0.00028858
22,37,3.840097,0.000102,71.4226,0.000000,0.000000,0.000000,0.019463,0.001515,0.004051,0.010443,0.00028858
22,38,2.401786,0.000099,17.5425,0.000000,0.000000,0.000000,0.023388,0.001296,0.003751,0.010056,0.00028858
22,39,3.412174,0.000132,42.6803,0.000000,0.000000,0.000000,0.022142,0.001782,0.003873,0.010753,0.00028858
22,40,2.418137,0.000105,17.8886,0.000000,0.000000,0.000000,0.018070,0.001187,0.003784,0.009702,0.00028858
22,41,3.677495,0.000112,68.9824,0.000000,0.000000,0.000000,0.018149,0.001559,0.003939,0.010156,0.00028858
22,42,2.715971,0.000113,23.4347,0.000000,0.000000,0.000000,0.028744,0.001384,0.003936,0.009708,0.00028858
22,43,3.385691,0.000113,35.8738,0.000000,0.000000,0.000000,0.016515,0.001651,0.004275,0.011067,0.00028858
22,44,2.357294,0.000113,19.2565,0.000000,0.000000,0.000000,0.014168,0.001427,0.004156,0.010212,0.00028858
22,45,4.444715,0.000108,89.6054,0.000000,0.000000,0.000000,0.032602,0.000844,0.004102,0.010424,0.00028858
22,46,2.760379,0.000101,39.1418,0.000000,0.000000,0.000000,0.026125,0.001447,0.004154,0.011945,0.00028858
22,47,3.474273,0.000119,32.4578,0.000000,0.000000,0.000000,0.035935,0.002539,0.004747,0.012925,0.00028858
22,48,2.078699,0.000093,14.9768,0.000000,0.000000,0.000000,0.019070,0.001402,0.004553,0.009266,0.00028858
22,49,5.043438,0.000126,103.3118,0.000000,0.000000,0.000000,0.042101,0.002174,0.004891,0.011205,0.00028858
22,50,3.211240,0.000083,63.3001,0.000000,0.000000,0.000000,0.012372,0.001262,0.003841,0.008808,0.00028858
22,51,3.308369,0.000097,27.2531,0.000000,0.000000,0.000000,0.046703,0.000874,0.004476,0.010429,0.00028858
22,52,2.453828,0.000118,13.3977,0.000000,0.000000,0.000000,0.036889,0.002450,0.004945,0.010758,0.00028858
22,53,5.442033,0.000113,86.7174,0.000000,0.000000,0.000000,0.032239,0.004128,0.004477,0.010946,0.00028858
22,54,3.276207,0.000127,53.0908,0.000000,0.000000,0.000000,0.044965,0.003505,0.004397,0.011687,0.00028858
22,55,3.496890,0.000140,27.2004,0.000000,0.000000,0.000000,0.033676,0.003112,0.004084,0.010753,0.00028858
22,56,3.119351,0.000121,20.0079,0.000000,0.000000,0.000000,0.019563,0.002687,0.003878,0.009726,0.00028858
22,57,2.671120,0.000127,35.3797,0.000000,0.000000,0.000000,0.022802,0.002259,0.004138,0.009803,0.00028858
22,58,3.475981,0.000096,11.1767,0.000000,0.000000,0.000000,0.005738,0.001007,0.003948,0.007567,0.00028858
22,59,3.151723,0.000161,33.3393,0.000000,0.000000,0.000000,0.031184,0.001936,0.005553,0.012022,0.00028858
22,60,3.346729,0.000137,23.1784,0.000000,0.000000,0.000000,0.025587,0.002440,0.004857,0.012201,0.00028858
22,61,2.572147,0.000118,28.0627,0.000000,0.000000,0.000000,0.028843,0.001526,0.004708,0.011189,0.00028858
22,62,3.052200,0.000115,31.4561,0.000000,0.000000,0.000000,0.031434,0.001685,0.004773,0.011318,0.00028858
22,63,2.131809,0.000138,20.3035,0.000000,0.000000,0.000000,0.030751,0.001692,0.004370,0.010999,0.00028858
22,64,3.734262,0.000110,64.7116,0.000000,0.000000,0.000000,0.014943,0.001516,0.004476,0.009714,0.00028858
22,65,2.928561,0.000144,30.8387,0.000000,0.000000,0.000000,0.017365,0.001884,0.004813,0.022635,0.00028858
22,66,3.010325,0.000128,32.4282,0.000000,0.000000,0.000000,0.020238,0.001918,0.004829,0.018038,0.00028858
22,67,2.175858,0.000116,19.1796,0.000000,0.000000,0.000000,0.026622,0.002210,0.004772,0.019167,0.00028858
22,68,3.330495,0.000137,43.3148,0.000000,0.000000,0.000000,0.022295,0.003314,0.004798,0.018148,0.00028858
22,69,2.212664,0.000126,21.9321,0.000000,0.000000,0.000000,0.017829,0.001926,0.004479,0.016901,0.00028858
22,70,4.037587,0.000118,71.8397,0.000000,0.000000,0.000000,0.020855,0.002680,0.004451,0.017909,0.00028858
22,71,3.007483,0.000103,27.1051,0.000000,0.000000,0.000000,0.025732,0.001290,0.003569,0.009997,0.00028858
22,72,2.446245,0.000117,18.0833,0.000000,0.000000,0.000000,0.013829,0.001140,0.003979,0.010709,0.00028858
22,73,3.612414,0.000103,78.0513,0.000000,0.000000,0.000000,0.028666,0.001261,0.003756,0.010631,0.00028858
22,74,2.248263,0.000105,18.2924,0.000000,0.000000,0.000000,0.012889,0.001003,0.003745,0.010173,0.00028858
22,75,2.604713,0.000089,44.5503,0.000000,0.000000,0.000000,0.027065,0.001281,0.003554,0.011323,0.00028858
22,76,2.794840,0.000143,25.9673,0.000000,0.000000,0.000000,0.014992,0.002344,0.004191,0.010977,0.00028858
22,77,3.788435,0.000109,49.5109,0.000000,0.000000,0.000000,0.049521,0.001582,0.005042,0.020365,0.00028858
22,78,2.628175,0.000133,19.4046,0.000000,0.000000,0.000000,0.026385,0.002071,0.006759,0.017531,0.00028858
22,79,3.830912,0.000115,57.0442,0.000000,0.000000,0.000000,0.034582,0.001769,0.006992,0.013974,0.00028858
22,80,2.816697,0.000122,21.4128,0.000000,0.000000,0.000000,0.024030,0.001185,0.006870,0.012929,0.00028858
22,81,3.609628,0.000097,34.3290,0.000000,0.000000,0.000000,0.014727,0.001076,0.004504,0.011617,0.00028858
22,82,2.478912,0.000094,20.0364,0.000000,0.000000,0.000000,0.024319,0.001411,0.004217,0.011944,0.00028858
22,83,4.528265,0.000088,95.5309,0.000000,0.000000,0.000000,0.008293,0.001045,0.003869,0.010709,0.00028858
22,84,3.650888,0.000118,53.9664,0.000000,0.000000,0.000000,0.013789,0.001410,0.004303,0.012236,0.00028858
22,85,2.894312,0.000100,21.5927,0.000000,0.000000,0.000000,0.014327,0.001776,0.004044,0.011144,0.00028858
22,86,2.700421,0.000103,26.4750,0.000000,0.000000,0.000000,0.046437,0.001182,0.003662,0.009435,0.00028858
22,87,3.666912,0.000093,26.3510,0.000000,0.000000,0.000000,0.017682,0.001778,0.003642,0.009128,0.00028858
22,88,2.767469,0.000095,22.4811,0.000000,0.000000,0.000000,0.015780,0.001630,0.003565,0.009408,0.00028858
22,89,2.982821,0.000093,36.1108,0.000000,0.000000,0.000000,0.015618,0.002556,0.003787,0.009125,0.00028858
22,90,3.186296,0.000096,29.3060,0.000000,0.000000,0.000000,0.013824,0.001584,0.003758,0.009708,0.00028858
22,91,2.809335,0.000098,28.9606,0.000000,0.000000,0.000000,0.043348,0.003026,0.004027,0.011760,0.00028858
22,92,2.445660,0.000097,27.1269,0.000000,0.000000,0.000000,0.033832,0.001520,0.003937,0.010189,0.00028858
22,93,3.179211,0.000088,33.0736,0.000000,0.000000,0.000000,0.019145,0.001482,0.003732,0.009860,0.00028858
22,94,2.509586,0.000079,19.2565,0.000000,0.000000,0.000000,0.023184,0.001663,0.003613,0.008628,0.00028858
22,95,3.353618,0.000111,48.3788,0.000000,0.000000,0.000000,0.016848,0.001431,0.003672,0.009738,0.00028858
22,96,2.714706,0.000080,21.1957,0.000000,0.000000,0.000000,0.007991,0.001132,0.003393,0.008158,0.00028858
22,97,3.190668,0.000103,25.9120,0.000000,0.000000,0.000000,0.017655,0.001263,0.003589,0.011252,0.00028858
22,98,2.248536,0.000096,15.5443,0.000000,0.000000,0.000000,0.015988,0.001314,0.003573,0.009054,0.00028858
22,99,4.900640,0.000105,51.0580,0.000000,0.000000,0.000000,0.019578,0.001428,0.004053,0.008980,0.00028858
22,100,3.283114,0.000117,22.1031,0.000000,0.000000,0.000000,0.018287,0.001391,0.004341,0.009495,0.00028858
22,101,3.583131,0.000102,32.4260,0.000000,0.000000,0.000000,0.008840,0.001076,0.003818,0.008736,0.00028858
22,102,1.998753,0.000080,13.8765,0.000000,0.000000,0.000000,0.013480,0.000999,0.003533,0.008006,0.00028858
22,103,4.805453,0.000092,97.3628,0.000000,0.000000,0.000000,0.010245,0.001170,0.003438,0.007832,0.00028858
22,104,3.364758,0.000084,59.5272,0.000000,0.000000,0.000000,0.013353,0.002000,0.003369,0.008186,0.00028858
22,105,2.935488,0.000084,22.7079,0.000000,0.000000,0.000000,0.007619,0.001923,0.003434,0.008035,0.00028858
22,106,2.178537,0.000107,15.7450,0.000000,0.000000,0.000000,0.006718,0.001457,0.003793,0.008425,0.00028858
22,107,4.972779,0.000121,98.5890,0.000000,0.000000,0.000000,0.025037,0.003249,0.003430,0.009120,0.00028858
22,108,3.501915,0.000114,65.6631,0.000000,0.000000,0.000000,0.015453,0.002959,0.003356,0.008369,0.00028858
22,109,2.993042,0.000081,22.4681,0.000000,0.000000,0.000000,0.019065,0.002338,0.003244,0.006590,0.00028858
22,110,3.076864,0.000103,30.8326,0.000000,0.000000,0.000000,0.018488,0.001279,0.004696,0.008488,0.00028858
22,111,3.447993,0.000113,45.2544,0.000000,0.000000,0.000000,0.020366,0.001453,0.004388,0.008671,0.00028858
22,112,3.051170,0.000101,25.2542,0.000000,0.000000,0.000000,0.019065,0.001094,0.003920,0.008079,0.00028858
22,113,2.662626,0.000105,25.5941,0.000000,0.000000,0.000000,0.026110,0.000973,0.004192,0.009199,0.00028858
22,114,2.345744,0.000132,19.8061,0.000000,0.000000,0.000000,0.046424,0.001138,0.004719,0.012371,0.00028858
22,115,3.616948,0.000095,30.2967,0.000000,0.000000,0.000000,0.015523,0.002009,0.003901,0.008312,0.00028858
22,116,2.777268,0.000102,23.2820,0.000000,0.000000,0.000000,0.015816,0.000966,0.004280,0.008440,0.00028858
22,117,3.712238,0.000139,32.5979,0.000000,0.000000,0.000000,0.045011,0.002470,0.003959,0.012048,0.00028858
22,118,2.563987,0.000121,23.1667,0.000000,0.000000,0.000000,0.045867,0.002973,0.003843,0.012663,0.00028858
22,119,2.670491,0.000104,34.7107,0.000000,0.000000,0.000000,0.037855,0.003036,0.003794,0.010220,0.00028858
22,120,2.175162,0.000114,20.6412,0.000000,0.000000,0.000000,0.025636,0.003925,0.004306,0.011303,0.00028858
22,121,2.795920,0.000103,30.2128,0.000000,0.000000,0.000000,0.024647,0.003516,0.003700,0.010351,0.00028858
22,122,2.698278,0.000121,20.1182,0.000000,0.000000,0.000000,0.024918,0.004950,0.003928,0.011433,0.00028858
22,123,4.995791,0.000117,74.1410,0.000000,0.000000,0.000000,0.039965,0.001387,0.003993,0.009718,0.00028858
22,124,2.570113,0.000122,17.7855,0.000000,0.000000,0.000000,0.034830,0.001866,0.003774,0.009712,0.00028858
22,125,5.011828,0.000110,38.8220,0.000000,0.000000,0.000000,0.020317,0.002275,0.003617,0.008926,0.00028858
22,126,3.165887,0.000085,15.2574,0.000000,0.000000,0.000000,0.018610,0.000748,0.003576,0.008038,0.00028858
22,127,4.374502,0.000095,40.2404,0.000000,0.000000,0.000000,0.027759,0.001201,0.004017,0.007867,0.00028858
22,128,3.143144,0.000156,24.1300,0.000000,0.000000,0.000000,0.023505,0.001421,0.004431,0.011121,0.00028858
22,129,5.173699,0.000109,33.0553,0.000000,0.000000,0.000000,0.085934,0.002930,0.004795,0.009033,0.00028858
22,130,3.217500,0.000094,15.9205,0.000000,0.000000,0.000000,0.023145,0.001098,0.004182,0.009520,0.00028858
22,131,5.038839,0.000096,42.1645,0.000000,0.000000,0.000000,0.030552,0.002613,0.004393,0.008761,0.00028858
22,132,3.246068,0.000123,17.0283,0.000000,0.000000,0.000000,0.063341,0.002826,0.004326,0.010220,0.00028858
22,133,4.045631,0.000095,27.8503,0.000000,0.000000,0.000000,0.013884,0.001322,0.003882,0.008707,0.00028858
22,134,2.803311,0.000083,16.4014,0.000000,0.000000,0.000000,0.008565,0.000980,0.003766,0.008456,0.00028858
22,135,4.000966,0.000127,64.6599,0.000000,0.000000,0.000000,0.027929,0.001462,0.003930,0.011102,0.00028858
22,136,2.501669,0.000116,14.7624,0.000000,0.000000,0.000000,0.014928,0.001111,0.003908,0.009880,0.00028858
22,137,4.156380,0.000103,47.5675,0.000000,0.000000,0.000000,0.025501,0.002546,0.003751,0.009014,0.00028858
22,138,2.774914,0.000098,16.0023,0.000000,0.000000,0.000000,0.024705,0.002240,0.003616,0.008565,0.00028858
22,139,2.982559,0.000111,34.1786,0.000000,0.000000,0.000000,0.025558,0.001080,0.003869,0.009732,0.00028858
22,140,2.575469,0.000096,20.0827,0.000000,0.000000,0.000000,0.011490,0.001879,0.003615,0.008674,0.00028858
22,141,2.321861,0.000134,21.1997,0.000000,0.000000,0.000000,0.036487,0.001105,0.004000,0.009585,0.00028858
22,142,4.988441,0.000105,40.4833,0.000000,0.000000,0.000000,0.019642,0.002529,0.004059,0.014277,0.00028858
22,143,3.489340,0.000095,21.3994,0.000000,0.000000,0.000000,0.015627,0.002172,0.004012,0.011923,0.00028858
22,144,2.992889,0.000115,18.0766,0.000000,0.000000,0.000000,0.049149,0.004898,0.004715,0.011985,0.00028858
22,145,3.128167,0.000102,50.3061,0.000000,0.000000,0.000000,0.017041,0.001267,0.004232,0.010934,0.00028858
22,146,2.945265,0.000105,21.9636,0.000000,0.000000,0.000000,0.024199,0.002578,0.004302,0.011638,0.00028858
22,147,3.304778,0.000094,42.0140,0.000000,0.000000,0.000000,0.028109,0.001292,0.003800,0.009354,0.00028858
22,148,2.456820,0.000078,17.2582,0.000000,0.000000,0.000000,0.026924,0.001747,0.004240,0.009925,0.00028858
22,149,3.807596,0.000093,56.5546,0.000000,0.000000,0.000000,0.038548,0.001912,0.004541,0.010869,0.00028858
22,150,2.538430,0.000086,21.2697,0.000000,0.000000,0.000000,0.022863,0.002474,0.004009,0.009198,0.00028858
22,151,3.924410,0.000089,48.7642,0.000000,0.000000,0.000000,0.019450,0.001469,0.003796,0.008813,0.00028858
22,152,2.913744,0.000087,31.1695,0.000000,0.000000,0.000000,0.021666,0.001306,0.003582,0.008372,0.00028858
22,153,3.530206,0.000097,50.9952,0.000000,0.000000,0.000000,0.013121,0.001930,0.003785,0.008745,0.00028858
22,154,2.652515,0.000094,27.9506,0.000000,0.000000,0.000000,0.019331,0.000819,0.003951,0.008559,0.00028858
22,155,3.509697,0.000110,44.8004,0.000000,0.000000,0.000000,0.025390,0.001472,0.004009,0.010345,0.00028858
22,156,2.799259,0.000092,27.9510,0.000000,0.000000,0.000000,0.025691,0.001559,0.003947,0.009434,0.00028858
22,157,3.219664,0.000101,48.2491,0.000000,0.000000,0.000000,0.021337,0.001578,0.003901,0.009247,0.00028858
22,158,2.373227,0.000094,16.8159,0.000000,0.000000,0.000000,0.021058,0.001203,0.004195,0.009783,0.00028858
22,159,3.901486,0.000120,62.6411,0.000000,0.000000,0.000000,0.036784,0.003245,0.004253,0.010337,0.00028858
22,160,3.073191,0.000114,29.1793,0.000000,0.000000,0.000000,0.023243,0.002183,0.004417,0.010671,0.00028858
22,161,2.926389,0.000106,39.4575,0.000000,0.000000,0.000000,0.019465,0.001580,0.003823,0.009544,0.00028858
22,162,2.113357,0.000093,17.3128,0.000000,0.000000,0.000000,0.033345,0.001919,0.004524,0.008793,0.00028858
22,163,4.551893,0.000115,41.3238,0.000000,0.000000,0.000000,0.018415,0.001843,0.004438,0.010715,0.00028858
22,164,3.040074,0.000091,26.8041,0.000000,0.000000,0.000000,0.013957,0.002841,0.003930,0.009163,0.00028858
22,165,3.371935,0.000100,44.5748,0.000000,0.000000,0.000000,0.013169,0.001807,0.003898,0.009315,0.00028858
22,166,2.826780,0.000104,29.0338,0.000000,0.000000,0.000000,0.012016,0.001585,0.003972,0.009812,0.00028858
22,167,2.659221,0.000096,29.4198,0.000000,0.000000,0.000000,0.008293,0.001384,0.004036,0.008820,0.00028858
22,168,2.141348,0.000129,17.7565,0.000000,0.000000,0.000000,0.041186,0.001611,0.004771,0.014628,0.00028858
22,169,5.190248,0.000122,93.8492,0.000000,0.000000,0.000000,0.026744,0.002065,0.004084,0.009041,0.00028858
22,170,3.532590,0.000124,53.9918,0.000000,0.000000,0.000000,0.070403,0.001655,0.004349,0.010157,0.00028858
22,171,3.472492,0.000114,26.8553,0.000000,0.000000,0.000000,0.020962,0.001403,0.004022,0.008391,0.00028858
22,172,2.376942,0.000109,21.7896,0.000000,0.000000,0.000000,0.014000,0.001376,0.003522,0.007825,0.00028858
22,173,5.016754,0.000121,95.5245,0.000000,0.000000,0.000000,0.014204,0.002828,0.004107,0.009716,0.00028858
22,174,3.288526,0.000162,46.0407,0.000000,0.000000,0.000000,0.017956,0.002297,0.004797,0.011972,0.00028858
22,175,3.450957,0.000092,34.7705,0.000000,0.000000,0.000000,0.037675,0.002186,0.004194,0.011498,0.00028858
22,176,2.669087,0.000086,17.9842,0.000000,0.000000,0.000000,0.023312,0.003122,0.004720,0.008442,0.00028858
22,177,4.193884,0.000105,92.4677,0.000000,0.000000,0.000000,0.017670,0.001268,0.003884,0.009351,0.00028858
22,178,2.674762,0.000098,33.9473,0.000000,0.000000,0.000000,0.026322,0.002846,0.004171,0.009461,0.00028858
22,179,3.630507,0.000082,30.4205,0.000000,0.000000,0.000000,0.007048,0.001447,0.003852,0.007957,0.00028858
22,180,3.460516,0.000089,29.6965,0.000000,0.000000,0.000000,0.025051,0.001794,0.003596,0.008361,0.00028858
22,181,2.320317,0.000105,20.0229,0.000000,0.000000,0.000000,0.034321,0.001367,0.003656,0.008930,0.00028858
22,182,4.262605,0.000103,41.1311,0.000000,0.000000,0.000000,0.020046,0.001496,0.003429,0.007735,0.00028858
22,183,3.060024,0.000102,25.2407,0.000000,0.000000,0.000000,0.025814,0.001486,0.003721,0.008540,0.00028858
22,184,2.981915,0.000109,41.3079,0.000000,0.000000,0.000000,0.018253,0.001268,0.004186,0.008346,0.00028858
22,185,2.534791,0.000101,23.0327,0.000000,0.000000,0.000000,0.011466,0.001666,0.003869,0.008900,0.00028858
22,186,2.629397,0.000089,21.1016,0.000000,0.000000,0.000000,0.015646,0.000810,0.003982,0.007787,0.00028858
22,187,3.162439,0.000106,24.0509,0.000000,0.000000,0.000000,0.028765,0.001060,0.004028,0.010766,0.00028858
22,188,2.378415,0.000094,29.2751,0.000000,0.000000,0.000000,0.009313,0.001004,0.003724,0.008942,0.00028858
22,189,2.853054,0.000097,29.3645,0.000000,0.000000,0.000000,0.012140,0.000810,0.004014,0.008986,0.00028858
22,190,2.016397,0.000127,26.6110,0.000000,0.000000,0.000000,0.017034,0.000912,0.004343,0.011166,0.00028858
22,191,3.253507,0.000079,44.1863,0.000000,0.000000,0.000000,0.016512,0.001094,0.003429,0.008168,0.00028858
22,192,3.019975,0.000089,24.5196,0.000000,0.000000,0.000000,0.015514,0.000723,0.003893,0.010035,0.00028858
22,193,2.514599,0.000081,35.5773,0.000000,0.000000,0.000000,0.023166,0.002037,0.003757,0.009805,0.00028858
22,194,2.819383,0.000099,27.5185,0.000000,0.000000,0.000000,0.022881,0.001450,0.003839,0.009141,0.00028858
22,195,2.177925,0.000105,19.1527,0.000000,0.000000,0.000000,0.023234,0.001119,0.003995,0.009349,0.00028858
22,196,3.493312,0.000089,61.2404,0.000000,0.000000,0.000000,0.016382,0.001044,0.003462,0.008837,0.00028858
22,197,2.497145,0.000081,16.9120,0.000000,0.000000,0.000000,0.040766,0.001124,0.003398,0.008927,0.00028858
22,198,3.361522,0.000095,50.3545,0.000000,0.000000,0.000000,0.019154,0.001317,0.003730,0.009186,0.00028858
22,199,2.575652,0.000094,14.7713,0.000000,0.000000,0.000000,0.013789,0.001724,0.003720,0.008666,0.00028858
22,200,3.883720,0.000078,15.1697,0.000000,0.000000,0.000000,0.014943,0.000900,0.003671,0.009475,0.00028858
22,201,3.135763,0.000132,23.5560,0.000000,0.000000,0.000000,0.031232,0.001602,0.003955,0.009079,0.00028858
22,202,3.470169,0.000113,40.6091,0.000000,0.000000,0.000000,0.035793,0.001451,0.004259,0.010432,0.00028858
22,203,2.338122,0.000099,17.3169,0.000000,0.000000,0.000000,0.029011,0.002492,0.004239,0.010401,0.00028858
22,204,4.521821,0.000101,33.6041,0.000000,0.000000,0.000000,0.038506,0.001599,0.004069,0.009887,0.00028858
22,205,3.446920,0.000124,30.8087,0.000000,0.000000,0.000000,0.025411,0.001580,0.004892,0.011718,0.00028858
22,206,2.840907,0.000113,26.3782,0.000000,0.000000,0.000000,0.031224,0.001567,0.005013,0.012062,0.00028858
22,207,3.171877,0.000119,50.3722,0.000000,0.000000,0.000000,0.058061,0.001886,0.004376,0.012753,0.00028858
22,208,3.001407,0.000096,24.0880,0.000000,0.000000,0.000000,0.030540,0.001592,0.004170,0.010306,0.00028858
22,209,2.263368,0.000133,16.3991,0.000000,0.000000,0.000000,0.039314,0.003131,0.004541,0.012098,0.00028858
22,210,5.126791,0.000152,37.4607,0.000000,0.000000,0.000000,0.040303,0.002646,0.005423,0.012050,0.00028858
22,211,3.382748,0.000123,27.8287,0.000000,0.000000,0.000000,0.048419,0.001816,0.004869,0.011520,0.00028858
22,212,3.495424,0.000101,35.4317,0.000000,0.000000,0.000000,0.021415,0.001018,0.004006,0.010252,0.00028858
22,213,2.421273,0.000113,19.0750,0.000000,0.000000,0.000000,0.026801,0.001481,0.004065,0.018296,0.00028858
22,214,4.809568,0.000136,99.9029,0.000000,0.000000,0.000000,0.021774,0.001646,0.003916,0.016273,0.00028858
22,215,3.408433,0.000110,66.9516,0.000000,0.000000,0.000000,0.019667,0.001557,0.003913,0.012911,0.00028858
22,216,3.229746,0.000091,22.9332,0.000000,0.000000,0.000000,0.011377,0.001122,0.004282,0.010847,0.00028858
22,217,2.482903,0.000092,19.5288,0.000000,0.000000,0.000000,0.013950,0.001205,0.004741,0.009525,0.00028858
22,218,4.210129,0.000095,94.2537,0.000000,0.000000,0.000000,0.021714,0.001333,0.003845,0.009999,0.00028858
22,219,2.607997,0.000126,37.8158,0.000000,0.000000,0.000000,0.018468,0.000945,0.004074,0.013213,0.00028858
22,220,3.161122,0.000088,22.5157,0.000000,0.000000,0.000000,0.021147,0.000796,0.003404,0.010554,0.00028858
22,221,2.475313,0.000121,19.2002,0.000000,0.000000,0.000000,0.028812,0.001161,0.004142,0.011038,0.00028858
22,222,4.606580,0.000109,98.2175,0.000000,0.000000,0.000000,0.010742,0.000990,0.004030,0.009278,0.00028858
22,223,2.941768,0.000127,47.7744,0.000000,0.000000,0.000000,0.045879,0.001446,0.004805,0.010695,0.00028858
22,224,2.923066,0.000096,26.6372,0.000000,0.000000,0.000000,0.012382,0.001080,0.003921,0.009644,0.00028858
22,225,3.231474,0.000080,26.5696,0.000000,0.000000,0.000000,0.035647,0.003837,0.003491,0.008558,0.00028858
22,226,3.518885,0.000117,37.6297,0.000000,0.000000,0.000000,0.013281,0.002206,0.004375,0.009589,0.00028858
22,227,2.029830,0.000104,17.9147,0.000000,0.000000,0.000000,0.016140,0.001764,0.003676,0.008810,0.00028858
22,228,3.692439,0.000084,44.3363,0.000000,0.000000,0.000000,0.017950,0.001200,0.003892,0.009309,0.00028858
22,229,3.823408,0.000137,32.9109,0.000000,0.000000,0.000000,0.031975,0.002475,0.003905,0.010249,0.00028858
22,230,2.885162,0.000147,28.3736,0.000000,0.000000,0.000000,0.031828,0.002227,0.004226,0.010918,0.00028858
22,231,4.394300,0.000096,92.8141,0.000000,0.000000,0.000000,0.026158,0.001187,0.003792,0.008540,0.00028858
22,232,2.049943,0.000077,20.1248,0.000000,0.000000,0.000000,0.025404,0.001700,0.004106,0.008048,0.00028858
22,233,4.459810,0.000134,42.5900,0.000000,0.000000,0.000000,0.055668,0.002495,0.004254,0.012387,0.00028858
22,234,3.567052,0.000090,27.0445,0.000000,0.000000,0.000000,0.029215,0.002984,0.003377,0.009154,0.00028858
22,235,3.020785,0.000098,23.6145,0.000000,0.000000,0.000000,0.019459,0.001054,0.003316,0.008955,0.00028858
22,236,2.663212,0.000096,23.0548,0.000000,0.000000,0.000000,0.024990,0.001643,0.003337,0.009142,0.00028858
22,237,2.328272,0.000081,17.1025,0.000000,0.000000,0.000000,0.016100,0.002038,0.003336,0.008624,0.00028858
22,238,2.356580,0.000077,34.1568,0.000000,0.000000,0.000000,0.012877,0.001039,0.003135,0.008375,0.00028858
22,239,2.606560,0.000139,36.5253,0.000000,0.000000,0.000000,0.048907,0.002791,0.003850,0.011685,0.00028858
22,240,2.490943,0.000102,22.1668,0.000000,0.000000,0.000000,0.024885,0.003325,0.004217,0.010057,0.00028858
22,241,2.691106,0.000117,37.5928,0.000000,0.000000,0.000000,0.017846,0.002125,0.005316,0.009920,0.00028858
22,242,2.457101,0.000125,17.4007,0.000000,0.000000,0.000000,0.021452,0.003369,0.005050,0.010008,0.00028858
22,243,2.565281,0.000104,38.8936,0.000000,0.000000,0.000000,0.027035,0.003673,0.004403,0.008886,0.00028858
22,244,2.616350,0.000087,21.1815,0.000000,0.000000,0.000000,0.017330,0.002838,0.003877,0.009369,0.00028858
22,245,2.769526,0.000120,26.1383,0.000000,0.000000,0.000000,0.026172,0.005203,0.003785,0.011861,0.00028858
22,246,2.761982,0.000130,25.8860,0.000000,0.000000,0.000000,0.036176,0.003195,0.004372,0.012806,0.00028858
22,247,2.334248,0.000115,24.2717,0.000000,0.000000,0.000000,0.021704,0.002137,0.003945,0.011671,0.00028858
22,248,2.500487,0.000113,31.5245,0.000000,0.000000,0.000000,0.018828,0.001850,0.004013,0.010940,0.00028858
22,249,2.317264,0.000106,20.6166,0.000000,0.000000,0.000000,0.016915,0.001729,0.004096,0.010555,0.00028858
22,250,2.683827,0.000110,33.1484,0.000000,0.000000,0.000000,0.014087,0.001044,0.003766,0.010437,0.00028858
22,251,2.222505,0.000139,26.4775,0.000000,0.000000,0.000000,0.035447,0.001553,0.004783,0.013277,0.00028858
22,252,3.265699,0.000107,55.0218,0.000000,0.000000,0.000000,0.040403,0.001233,0.004279,0.010271,0.00028858
22,253,2.413591,0.000104,18.2414,0.000000,0.000000,0.000000,0.030642,0.000936,0.004379,0.009880,0.00028858
22,254,3.350032,0.000104,58.9613,0.000000,0.000000,0.000000,0.017383,0.000951,0.004574,0.009715,0.00028858
22,255,2.765113,0.000096,20.3037,0.000000,0.000000,0.000000,0.013056,0.000878,0.004194,0.009176,0.00028858
22,256,2.413325,0.000086,27.8691,0.000000,0.000000,0.000000,0.045738,0.000781,0.003765,0.009197,0.00028858
22,257,2.917328,0.000079,34.2249,0.000000,0.000000,0.000000,0.017293,0.000665,0.003764,0.007905,0.00028858
22,258,1.950721,0.000090,23.3223,0.000000,0.000000,0.000000,0.028687,0.000975,0.003735,0.010103,0.00028858
22,259,3.515429,0.000167,25.0046,0.000000,0.000000,0.000000,0.044409,0.001793,0.004503,0.012254,0.00028858
22,260,2.838064,0.000130,22.9845,0.000000,0.000000,0.000000,0.029800,0.001893,0.004794,0.012041,0.00028858
22,261,3.789104,0.000148,82.0340,0.000000,0.000000,0.000000,0.025259,0.002027,0.005210,0.011996,0.00028858
22,262,2.507765,0.000145,20.9855,0.000000,0.000000,0.000000,0.051258,0.001703,0.004655,0.011654,0.00028858
22,263,3.255278,0.000092,27.1107,0.000000,0.000000,0.000000,0.023627,0.002433,0.004344,0.010717,0.00028858
22,264,2.768773,0.000148,24.5819,0.000000,0.000000,0.000000,0.026093,0.001807,0.005352,0.012221,0.00028858
22,265,4.040008,0.000134,69.0708,0.000000,0.000000,0.000000,0.021514,0.002370,0.004191,0.009609,0.00028858
22,266,2.592931,0.000107,21.6439,0.000000,0.000000,0.000000,0.033463,0.001248,0.003940,0.008191,0.00028858
22,267,3.639845,0.000103,32.1592,0.000000,0.000000,0.000000,0.012968,0.001576,0.003714,0.007750,0.00028858
22,268,3.409824,0.000084,28.2088,0.000000,0.000000,0.000000,0.026886,0.001161,0.003574,0.007556,0.00028858
22,269,1.991459,0.000099,28.2254,0.000000,0.000000,0.000000,0.018174,0.002249,0.003865,0.008108,0.00028858
22,270,2.766967,0.000075,25.3037,0.000000,0.000000,0.000000,0.015609,0.000905,0.003729,0.007788,0.00028858
22,271,2.541670,0.000104,31.4506,0.000000,0.000000,0.000000,0.042716,0.000973,0.004183,0.013762,0.00028858
22,272,2.873087,0.000164,41.5842,0.000000,0.000000,0.000000,0.054762,0.001371,0.005718,0.016597,0.00028858
22,273,3.249955,0.000205,36.1712,0.000000,0.000000,0.000000,0.083511,0.002768,0.006902,0.021836,0.00028858
22,274,2.608751,0.000154,28.3606,0.000000,0.000000,0.000000,0.046040,0.001429,0.004853,0.016843,0.00028858
22,275,2.618309,0.000200,25.1424,0.000000,0.000000,0.000000,0.074989,0.002601,0.006418,0.024699,0.00028858
22,276,3.346119,0.000213,42.4587,0.000000,0.000000,0.000000,0.061431,0.001598,0.006926,0.023281,0.00028858
22,277,2.961108,0.000136,27.2516,0.000000,0.000000,0.000000,0.026402,0.001745,0.004726,0.015124,0.00028858
22,278,2.781682,0.000090,53.5267,0.000000,0.000000,0.000000,0.056124,0.001592,0.003764,0.010140,0.00028858
22,279,2.215330,0.000090,18.3273,0.000000,0.000000,0.000000,0.020378,0.001777,0.003505,0.009715,0.00028858
22,280,2.871512,0.000106,49.4557,0.000000,0.000000,0.000000,0.022535,0.001895,0.003605,0.009558,0.00028858
22,281,2.211905,0.000101,17.8226,0.000000,0.000000,0.000000,0.020381,0.001116,0.003699,0.009219,0.00028858
22,282,3.557943,0.000098,52.7349,0.000000,0.000000,0.000000,0.026207,0.001081,0.003967,0.008822,0.00028858
22,283,1.997376,0.000096,12.2669,0.000000,0.000000,0.000000,0.019862,0.001444,0.004102,0.008834,0.00028858
22,284,4.237040,0.000097,84.8989,0.000000,0.000000,0.000000,0.010354,0.001271,0.005517,0.011899,0.00028858
22,285,2.496255,0.000128,16.7606,0.000000,0.000000,0.000000,0.030737,0.001151,0.005294,0.010846,0.00028858
22,286,3.891171,0.000091,39.2118,0.000000,0.000000,0.000000,0.022016,0.000798,0.004076,0.010241,0.00028858
22,287,2.486531,0.000104,13.7033,0.000000,0.000000,0.000000,0.022019,0.001164,0.003841,0.009735,0.00028858
22,288,3.635041,0.000084,68.4797,0.000000,0.000000,0.000000,0.010954,0.001173,0.003701,0.009704,0.00028858
22,289,2.221072,0.000111,15.5797,0.000000,0.000000,0.000000,0.015963,0.002409,0.003477,0.010678,0.00028858
22,290,3.172218,0.000148,31.3759,0.000000,0.000000,0.000000,0.038749,0.002927,0.004412,0.015017,0.00028858
22,291,2.903107,0.000109,16.6247,0.000000,0.000000,0.000000,0.023421,0.002646,0.003657,0.011066,0.00028858
22,292,3.651630,0.000105,43.2348,0.000000,0.000000,0.000000,0.027177,0.004057,0.003774,0.011242,0.00028858
22,293,2.337164,0.000091,20.5827,0.000000,0.000000,0.000000,0.041254,0.002575,0.003642,0.011237,0.00028858
22,294,4.263019,0.000084,78.8127,0.000000,0.000000,0.000000,0.014012,0.002808,0.003452,0.009750,0.00028858
22,295,3.582836,0.000097,39.0292,0.000000,0.000000,0.000000,0.024235,0.003182,0.003565,0.011414,0.00028858
22,296,3.097527,0.000105,28.5678,0.000000,0.000000,0.000000,0.043502,0.002614,0.003774,0.011359,0.00028858
23,1,2.371536,0.000144,19.3168,0.000000,0.000000,0.000000,0.059364,0.002677,0.005584,0.016046,0.00027472
23,2,4.062996,0.000124,72.2957,0.000000,0.000000,0.000000,0.044156,0.002079,0.006735,0.014469,0.00027472
23,3,2.574258,0.000123,25.2563,0.000000,0.000000,0.000000,0.029176,0.001373,0.006544,0.012505,0.00027472
23,4,3.479092,0.000120,39.6639,0.000000,0.000000,0.000000,0.033689,0.001178,0.005244,0.012433,0.00027472
23,5,2.213737,0.000120,19.2591,0.000000,0.000000,0.000000,0.027065,0.001786,0.005343,0.012625,0.00027472
23,6,3.930822,0.000116,48.8930,0.000000,0.000000,0.000000,0.021959,0.001356,0.004904,0.011043,0.00027472
23,7,3.455220,0.000122,34.4690,0.000000,0.000000,0.000000,0.018593,0.001220,0.004626,0.012593,0.00027472
23,8,3.127114,0.000122,22.5839,0.000000,0.000000,0.000000,0.021880,0.001273,0.004151,0.011101,0.00027472
23,9,2.200006,0.000125,23.2721,0.000000,0.000000,0.000000,0.023884,0.001185,0.004417,0.010377,0.00027472
23,10,4.073536,0.000120,33.1307,0.000000,0.000000,0.000000,0.012867,0.001140,0.004641,0.010165,0.00027472
23,11,2.970011,0.000124,25.6084,0.000000,0.000000,0.000000,0.015721,0.001255,0.005230,0.010563,0.00027472
23,12,3.182242,0.000108,50.5206,0.000000,0.000000,0.000000,0.009377,0.000914,0.004569,0.010021,0.00027472
23,13,1.925422,0.000115,13.9595,0.000000,0.000000,0.000000,0.030335,0.001147,0.004187,0.010288,0.00027472
23,14,4.321979,0.000124,52.0917,0.000000,0.000000,0.000000,0.033076,0.001568,0.004221,0.009261,0.00027472
23,15,3.165109,0.000118,33.1209,0.000000,0.000000,0.000000,0.017993,0.001399,0.004144,0.009175,0.00027472
23,16,3.070921,0.000109,32.5596,0.000000,0.000000,0.000000,0.016787,0.001081,0.004031,0.008774,0.00027472
23,17,2.248182,0.000102,15.0216,0.000000,0.000000,0.000000,0.016409,0.001004,0.004152,0.009161,0.00027472
23,18,3.630632,0.000105,42.3179,0.000000,0.000000,0.000000,0.012678,0.000925,0.003965,0.008970,0.00027472
23,19,2.773294,0.000103,22.7045,0.000000,0.000000,0.000000,0.049601,0.001326,0.004093,0.014466,0.00027472
23,20,2.503536,0.000108,37.9059,0.000000,0.000000,0.000000,0.035404,0.001527,0.004390,0.015210,0.00027472
23,21,2.165148,0.000088,16.4809,0.000000,0.000000,0.000000,0.016012,0.001834,0.004242,0.011916,0.00027472
23,22,3.068685,0.000092,57.2024,0.000000,0.000000,0.000000,0.017624,0.001306,0.003957,0.011282,0.00027472
23,23,2.388363,0.000102,21.1676,0.000000,0.000000,0.000000,0.023155,0.001295,0.004148,0.012575,0.00027472
23,24,4.011068,0.000129,58.5252,0.000000,0.000000,0.000000,0.028668,0.001871,0.004258,0.012446,0.00027472
23,25,1.814548,0.000087,13.7218,0.000000,0.000000,0.000000,0.017403,0.001057,0.004779,0.010252,0.00027472
23,26,4.025457,0.000112,67.2306,0.000000,0.000000,0.000000,0.026869,0.001695,0.004094,0.011017,0.00027472
23,27,3.008538,0.000133,30.7362,0.000000,0.000000,0.000000,0.030016,0.001616,0.004354,0.011915,0.00027472
23,28,2.493386,0.000118,24.7245,0.000000,0.000000,0.000000,0.020258,0.002035,0.004419,0.011662,0.00027472
23,29,2.074283,0.000116,18.2936,0.000000,0.000000,0.000000,0.014091,0.001954,0.004467,0.012157,0.00027472
23,30,4.844627,0.000109,33.8190,0.000000,0.000000,0.000000,0.013667,0.001466,0.003962,0.010628,0.00027472
23,31,3.165030,0.000113,27.2147,0.000000,0.000000,0.000000,0.013468,0.001488,0.004144,0.010690,0.00027472
23,32,3.338748,0.000133,51.6682,0.000000,0.000000,0.000000,0.017204,0.001313,0.004315,0.011305,0.00027472
23,33,2.051577,0.000116,17.4750,0.000000,0.000000,0.000000,0.058481,0.001535,0.003890,0.012127,0.00027472
23,34,3.921528,0.000110,44.2598,0.000000,0.000000,0.000000,0.027831,0.002115,0.003765,0.010316,0.00027472
23,35,2.823207,0.000111,23.1313,0.000000,0.000000,0.000000,0.025559,0.001703,0.003796,0.010904,0.00027472
23,36,3.320807,0.000100,50.2383,0.000000,0.000000,0.000000,0.012126,0.000941,0.003728,0.009694,0.00027472
23,37,2.357301,0.000099,15.4721,0.000000,0.000000,0.000000,0.022456,0.001196,0.003900,0.010785,0.00027472
23,38,3.089556,0.000098,32.9466,0.000000,0.000000,0.000000,0.028153,0.001049,0.003774,0.009658,0.00027472
23,39,1.872074,0.000109,17.5568,0.000000,0.000000,0.000000,0.033005,0.001712,0.004221,0.010766,0.00027472
23,40,3.409218,0.000107,48.3495,0.000000,0.000000,0.000000,0.023932,0.001154,0.003598,0.009646,0.00027472
23,41,2.978158,0.000105,32.2269,0.000000,0.000000,0.000000,0.016904,0.001251,0.003772,0.009923,0.00027472
23,42,2.058623,0.000111,23.5743,0.000000,0.000000,0.000000,0.015475,0.001256,0.003952,0.009566,0.00027472
23,43,1.821116,0.000105,20.8551,0.000000,0.000000,0.000000,0.016610,0.001352,0.003963,0.010141,0.00027472
23,44,3.436739,0.000112,32.9694,0.000000,0.000000,0.000000,0.013281,0.001484,0.004115,0.009333,0.00027472
23,45,1.898929,0.000099,13.4247,0.000000,0.000000,0.000000,0.027882,0.000910,0.004695,0.009267,0.00027472
23,46,5.207608,0.000118,64.5051,0.000000,0.000000,0.000000,0.024877,0.001366,0.004655,0.011441,0.00027472
23,47,2.921637,0.000109,31.0043,0.000000,0.000000,0.000000,0.056068,0.001729,0.004797,0.010818,0.00027472
23,48,3.469277,0.000095,36.2298,0.000000,0.000000,0.000000,0.025220,0.000800,0.005348,0.009421,0.00027472
23,49,3.018752,0.000141,26.4406,0.000000,0.000000,0.000000,0.052957,0.001898,0.004882,0.011259,0.00027472
23,50,4.363682,0.000083,80.7305,0.000000,0.000000,0.000000,0.025346,0.001073,0.003955,0.008904,0.00027472
23,51,3.304672,0.000092,30.6939,0.000000,0.000000,0.000000,0.026512,0.000670,0.005514,0.010966,0.00027472
23,52,3.629955,0.000095,33.0447,0.000000,0.000000,0.000000,0.019464,0.003443,0.003796,0.010158,0.00027472
23,53,2.588049,0.000115,18.1894,0.000000,0.000000,0.000000,0.016824,0.004780,0.003729,0.010502,0.00027472
23,54,4.829581,0.000125,90.0754,0.000000,0.000000,0.000000,0.041276,0.002509,0.004287,0.009681,0.00027472
23,55,2.933865,0.000121,38.7212,0.000000,0.000000,0.000000,0.025161,0.002160,0.004219,0.010161,0.00027472
23,56,3.702177,0.000104,31.6153,0.000000,0.000000,0.000000,0.016638,0.002228,0.004095,0.010167,0.00027472
23,57,3.043054,0.000123,24.8566,0.000000,0.000000,0.000000,0.015089,0.002222,0.004397,0.010207,0.00027472
23,58,3.904140,0.000094,86.4977,0.000000,0.000000,0.000000,0.004364,0.001180,0.004066,0.008786,0.00027472
23,59,2.685038,0.000155,32.2093,0.000000,0.000000,0.000000,0.038998,0.003785,0.005121,0.012938,0.00027472
23,60,3.462181,0.000134,31.0019,0.000000,0.000000,0.000000,0.026428,0.002547,0.004842,0.012039,0.00027472
23,61,2.507235,0.000115,21.9228,0.000000,0.000000,0.000000,0.025016,0.001157,0.004753,0.010571,0.00027472
23,62,4.073505,0.000108,87.0828,0.000000,0.000000,0.000000,0.023604,0.001495,0.004379,0.011006,0.00027472
23,63,2.099287,0.000132,26.8239,0.000000,0.000000,0.000000,0.026203,0.002266,0.004405,0.010603,0.00027472
23,64,3.665513,0.000109,30.1271,0.000000,0.000000,0.000000,0.016405,0.001445,0.004236,0.009536,0.00027472
23,65,3.036409,0.000134,21.9959,0.000000,0.000000,0.000000,0.026016,0.001515,0.004870,0.020533,0.00027472
23,66,3.343585,0.000110,56.1507,0.000000,0.000000,0.000000,0.022415,0.002428,0.004534,0.015127,0.00027472
23,67,2.133747,0.000120,14.2838,0.000000,0.000000,0.000000,0.016979,0.002322,0.004659,0.018022,0.00027472
23,68,3.454001,0.000152,47.4664,0.000000,0.000000,0.000000,0.026195,0.002879,0.004845,0.017080,0.00027472
23,69,2.733630,0.000146,21.4253,0.000000,0.000000,0.000000,0.024558,0.002189,0.004728,0.016411,0.00027472
23,70,3.391013,0.000116,41.0068,0.000000,0.000000,0.000000,0.024179,0.001500,0.004486,0.015060,0.00027472
23,71,1.647991,0.000111,9.1846,0.000000,0.000000,0.000000,0.024171,0.001340,0.003699,0.010395,0.00027472
23,72,4.789460,0.000121,90.5269,0.000000,0.000000,0.000000,0.016213,0.001090,0.004168,0.010617,0.00027472
23,73,3.215451,0.000107,42.2028,0.000000,0.000000,0.000000,0.042381,0.003277,0.003937,0.011236,0.00027472
23,74,3.526889,0.000113,33.2979,0.000000,0.000000,0.000000,0.011249,0.001207,0.003661,0.010431,0.00027472
23,75,2.870468,0.000087,21.5519,0.000000,0.000000,0.000000,0.039097,0.001572,0.003758,0.012269,0.00027472
23,76,4.607740,0.000129,33.4045,0.000000,0.000000,0.000000,0.015731,0.003844,0.004551,0.012316,0.00027472
23,77,3.184139,0.000098,33.7321,0.000000,0.000000,0.000000,0.068177,0.004970,0.004360,0.016853,0.00027472
23,78,3.856789,0.000114,27.6419,0.000000,0.000000,0.000000,0.027562,0.002996,0.004885,0.015640,0.00027472
23,79,2.849583,0.000110,25.2627,0.000000,0.000000,0.000000,0.040194,0.001540,0.004626,0.013157,0.00027472
23,80,3.477217,0.000112,54.5549,0.000000,0.000000,0.000000,0.013871,0.001546,0.004933,0.012083,0.00027472
23,81,2.487289,0.000089,33.6945,0.000000,0.000000,0.000000,0.012736,0.001299,0.004150,0.010975,0.00027472
23,82,2.799416,0.000091,20.0337,0.000000,0.000000,0.000000,0.018180,0.001171,0.004325,0.011560,0.00027472
23,83,1.718138,0.000078,11.3542,0.000000,0.000000,0.000000,0.012017,0.000669,0.003542,0.010380,0.00027472
23,84,6.416096,0.000111,77.7458,0.000000,0.000000,0.000000,0.011041,0.001152,0.003985,0.009364,0.00027472
23,85,3.694835,0.000101,34.7901,0.000000,0.000000,0.000000,0.026903,0.001290,0.003625,0.009182,0.00027472
23,86,2.891962,0.000097,25.5985,0.000000,0.000000,0.000000,0.027941,0.001742,0.003588,0.009631,0.00027472
23,87,2.441254,0.000099,20.3317,0.000000,0.000000,0.000000,0.016021,0.001383,0.003941,0.009083,0.00027472
23,88,4.508838,0.000098,43.6070,0.000000,0.000000,0.000000,0.023138,0.000917,0.003670,0.008984,0.00027472
23,89,2.844920,0.000091,21.6463,0.000000,0.000000,0.000000,0.021572,0.001868,0.004056,0.008587,0.00027472
23,90,3.847666,0.000092,42.5258,0.000000,0.000000,0.000000,0.028985,0.001515,0.004373,0.009660,0.00027472
23,91,2.923409,0.000096,32.3731,0.000000,0.000000,0.000000,0.033553,0.001523,0.003954,0.012608,0.00027472
23,92,2.941920,0.000093,27.9286,0.000000,0.000000,0.000000,0.033866,0.001524,0.003477,0.010343,0.00027472
23,93,2.035415,0.000089,18.3328,0.000000,0.000000,0.000000,0.021917,0.001212,0.003586,0.009753,0.00027472
23,94,3.150697,0.000083,39.4977,0.000000,0.000000,0.000000,0.018574,0.000794,0.003318,0.008580,0.00027472
23,95,2.748185,0.000107,26.7689,0.000000,0.000000,0.000000,0.029460,0.001027,0.003596,0.009928,0.00027472
23,96,2.456495,0.000078,30.2907,0.000000,0.000000,0.000000,0.014466,0.000700,0.003509,0.008200,0.00027472
23,97,1.932885,0.000096,15.9454,0.000000,0.000000,0.000000,0.013971,0.000993,0.003841,0.011148,0.00027472
23,98,4.474764,0.000099,43.2244,0.000000,0.000000,0.000000,0.014519,0.001472,0.003583,0.008748,0.00027472
23,99,2.834239,0.000099,28.3575,0.000000,0.000000,0.000000,0.019273,0.001263,0.003828,0.009328,0.00027472
23,100,3.618027,0.000116,44.9355,0.000000,0.000000,0.000000,0.015273,0.001357,0.004011,0.009456,0.00027472
23,101,2.792443,0.000103,21.6323,0.000000,0.000000,0.000000,0.013059,0.001104,0.003654,0.008611,0.00027472
23,102,3.452614,0.000079,38.7160,0.000000,0.000000,0.000000,0.016616,0.000867,0.003650,0.007892,0.00027472
23,103,2.662680,0.000086,25.6435,0.000000,0.000000,0.000000,0.019776,0.000931,0.003748,0.008407,0.00027472
23,104,3.679271,0.000081,54.6209,0.000000,0.000000,0.000000,0.018640,0.001028,0.003376,0.008176,0.00027472
23,105,3.028506,0.000080,33.6040,0.000000,0.000000,0.000000,0.008858,0.001061,0.003274,0.007700,0.00027472
23,106,2.989416,0.000101,34.4787,0.000000,0.000000,0.000000,0.029668,0.000833,0.003471,0.008447,0.00027472
23,107,2.329251,0.000110,23.1136,0.000000,0.000000,0.000000,0.019233,0.001138,0.003377,0.008958,0.00027472
23,108,4.123900,0.000109,34.1558,0.000000,0.000000,0.000000,0.016977,0.001038,0.003315,0.008293,0.00027472
23,109,2.916255,0.000078,18.9309,0.000000,0.000000,0.000000,0.012415,0.000695,0.003375,0.007478,0.00027472
23,110,2.377476,0.000112,39.7779,0.000000,0.000000,0.000000,0.019244,0.000647,0.004239,0.008731,0.00027472
23,111,2.766941,0.000112,25.4306,0.000000,0.000000,0.000000,0.026753,0.000981,0.004385,0.008465,0.00027472
23,112,2.057018,0.000104,15.7469,0.000000,0.000000,0.000000,0.011273,0.000727,0.003857,0.008641,0.00027472
23,113,3.233399,0.000099,42.8886,0.000000,0.000000,0.000000,0.015553,0.000996,0.004480,0.008652,0.00027472
23,114,2.480815,0.000130,20.5710,0.000000,0.000000,0.000000,0.045944,0.001204,0.005230,0.011076,0.00027472
23,115,3.221558,0.000108,53.3171,0.000000,0.000000,0.000000,0.013273,0.001047,0.004311,0.008989,0.00027472
23,116,2.017640,0.000101,13.5861,0.000000,0.000000,0.000000,0.023964,0.000603,0.004159,0.009179,0.00027472
23,117,4.239911,0.000124,40.6483,0.000000,0.000000,0.000000,0.038991,0.002452,0.003769,0.011714,0.00027472
23,118,3.075935,0.000113,23.5681,0.000000,0.000000,0.000000,0.036633,0.002256,0.003623,0.011905,0.00027472
23,119,3.452752,0.000099,49.9309,0.000000,0.000000,0.000000,0.036497,0.003683,0.003793,0.010426,0.00027472
23,120,2.478077,0.000110,18.0361,0.000000,0.000000,0.000000,0.037914,0.003947,0.003977,0.011006,0.00027472
23,121,3.098320,0.000107,52.4855,0.000000,0.000000,0.000000,0.024563,0.003138,0.003868,0.010363,0.00027472
23,122,2.285676,0.000117,14.5229,0.000000,0.000000,0.000000,0.029936,0.004705,0.003584,0.010893,0.00027472
23,123,4.496965,0.000112,71.3120,0.000000,0.000000,0.000000,0.035011,0.001782,0.003829,0.011046,0.00027472
23,124,3.457700,0.000110,28.8509,0.000000,0.000000,0.000000,0.040886,0.008653,0.003834,0.010430,0.00027472
23,125,3.123112,0.000101,25.0194,0.000000,0.000000,0.000000,0.032784,0.002550,0.003410,0.008755,0.00027472
23,126,2.251308,0.000079,15.0162,0.000000,0.000000,0.000000,0.021355,0.001283,0.003194,0.008008,0.00027472
23,127,4.685452,0.000090,48.4800,0.000000,0.000000,0.000000,0.015411,0.001639,0.003363,0.007647,0.00027472
23,128,3.316014,0.000149,26.2789,0.000000,0.000000,0.000000,0.051060,0.006036,0.004386,0.011438,0.00027472
23,129,3.178987,0.000107,27.8458,0.000000,0.000000,0.000000,0.049442,0.002826,0.004252,0.009653,0.00027472
23,130,2.115841,0.000093,17.9334,0.000000,0.000000,0.000000,0.024351,0.001761,0.004274,0.009735,0.00027472
23,131,3.930728,0.000091,77.7445,0.000000,0.000000,0.000000,0.018775,0.001953,0.004249,0.009030,0.00027472
23,132,2.925869,0.000125,31.7933,0.000000,0.000000,0.000000,0.026026,0.008539,0.004359,0.010648,0.00027472
23,133,3.223252,0.000094,25.8133,0.000000,0.000000,0.000000,0.008397,0.001075,0.003921,0.008633,0.00027472
23,134,2.272662,0.000088,16.0730,0.000000,0.000000,0.000000,0.009441,0.001010,0.003598,0.008719,0.00027472
23,135,4.405709,0.000119,94.2070,0.000000,0.000000,0.000000,0.028005,0.001058,0.003928,0.011375,0.00027472
23,136,2.689913,0.000122,43.5640,0.000000,0.000000,0.000000,0.014727,0.001239,0.003979,0.009892,0.00027472
23,137,3.126055,0.000101,25.0175,0.000000,0.000000,0.000000,0.008986,0.001618,0.003686,0.008690,0.00027472
23,138,2.114140,0.000090,12.1362,0.000000,0.000000,0.000000,0.009096,0.000688,0.003525,0.008218,0.00027472
23,139,4.530335,0.000110,94.8514,0.000000,0.000000,0.000000,0.013554,0.000982,0.003912,0.009855,0.00027472
23,140,3.317791,0.000098,61.5076,0.000000,0.000000,0.000000,0.009643,0.001070,0.003459,0.008455,0.00027472
23,141,3.137679,0.000135,34.9883,0.000000,0.000000,0.000000,0.011330,0.002375,0.004192,0.011142,0.00027472
23,142,2.086562,0.000098,15.3948,0.000000,0.000000,0.000000,0.033204,0.003092,0.003673,0.012041,0.00027472
23,143,5.500138,0.000098,36.3995,0.000000,0.000000,0.000000,0.013145,0.002105,0.004312,0.011461,0.00027472
23,144,4.735288,0.000110,22.6485,0.000000,0.000000,0.000000,0.022476,0.010274,0.004583,0.011940,0.00027472
23,145,2.830365,0.000102,21.6098,0.000000,0.000000,0.000000,0.016623,0.002610,0.004335,0.010573,0.00027472
23,146,3.355838,0.000102,34.4381,0.000000,0.000000,0.000000,0.018110,0.002151,0.004381,0.011406,0.00027472
23,147,2.122173,0.000093,17.2594,0.000000,0.000000,0.000000,0.019340,0.003780,0.004187,0.009787,0.00027472
23,148,2.820513,0.000081,27.4766,0.000000,0.000000,0.000000,0.025104,0.002052,0.003668,0.010151,0.00027472
23,149,1.813761,0.000096,19.4820,0.000000,0.000000,0.000000,0.031791,0.000716,0.003675,0.009021,0.00027472
23,150,3.470786,0.000086,48.8630,0.000000,0.000000,0.000000,0.017667,0.001256,0.004009,0.008535,0.00027472
23,151,2.303865,0.000088,24.9745,0.000000,0.000000,0.000000,0.043778,0.001763,0.003971,0.008534,0.00027472
23,152,3.588274,0.000088,62.5023,0.000000,0.000000,0.000000,0.019258,0.000762,0.003664,0.008546,0.00027472
23,153,3.272773,0.000094,37.2764,0.000000,0.000000,0.000000,0.023972,0.001444,0.003751,0.008341,0.00027472
23,154,2.698542,0.000091,27.4011,0.000000,0.000000,0.000000,0.018860,0.000852,0.003822,0.008395,0.00027472
23,155,2.500988,0.000103,30.2829,0.000000,0.000000,0.000000,0.018209,0.001826,0.003860,0.010305,0.00027472
23,156,2.978301,0.000088,28.1054,0.000000,0.000000,0.000000,0.022247,0.001181,0.003710,0.008916,0.00027472
23,157,2.456105,0.000106,18.8541,0.000000,0.000000,0.000000,0.026820,0.001558,0.003947,0.009317,0.00027472
23,158,3.359988,0.000101,63.8549,0.000000,0.000000,0.000000,0.035265,0.001259,0.004374,0.009575,0.00027472
23,159,2.452679,0.000112,14.8982,0.000000,0.000000,0.000000,0.040579,0.003210,0.004164,0.009905,0.00027472
23,160,3.386620,0.000109,25.8451,0.000000,0.000000,0.000000,0.031274,0.001869,0.004286,0.010139,0.00027472
23,161,3.181408,0.000108,29.9875,0.000000,0.000000,0.000000,0.014456,0.001104,0.003506,0.010656,0.00027472
23,162,1.836790,0.000094,15.8506,0.000000,0.000000,0.000000,0.013844,0.001656,0.003412,0.008931,0.00027472
23,163,3.370529,0.000111,44.7454,0.000000,0.000000,0.000000,0.017893,0.001996,0.003964,0.010385,0.00027472
23,164,2.121310,0.000086,16.7587,0.000000,0.000000,0.000000,0.009481,0.001381,0.003410,0.009257,0.00027472
23,165,3.834833,0.000091,76.3024,0.000000,0.000000,0.000000,0.015780,0.001373,0.003492,0.009099,0.00027472
23,166,2.125329,0.000104,22.6323,0.000000,0.000000,0.000000,0.013972,0.001278,0.003444,0.009422,0.00027472
23,167,3.778690,0.000112,45.9641,0.000000,0.000000,0.000000,0.012992,0.000870,0.004197,0.010244,0.00027472
23,168,2.954823,0.000146,38.0110,0.000000,0.000000,0.000000,0.031568,0.001191,0.004662,0.015255,0.00027472
23,169,3.875167,0.000116,63.1690,0.000000,0.000000,0.000000,0.032014,0.002197,0.004247,0.009008,0.00027472
23,170,3.164394,0.000112,33.0123,0.000000,0.000000,0.000000,0.057364,0.001099,0.005146,0.010101,0.00027472
23,171,3.036966,0.000115,28.2804,0.000000,0.000000,0.000000,0.022521,0.001235,0.005096,0.009513,0.00027472
23,172,1.716162,0.000094,11.4715,0.000000,0.000000,0.000000,0.012904,0.001507,0.004187,0.008134,0.00027472
23,173,4.566513,0.000123,83.7323,0.000000,0.000000,0.000000,0.016883,0.001466,0.003991,0.010100,0.00027472
23,174,2.979672,0.000170,33.0382,0.000000,0.000000,0.000000,0.057936,0.001976,0.004630,0.010963,0.00027472
23,175,3.127396,0.000096,22.7996,0.000000,0.000000,0.000000,0.034674,0.002262,0.004603,0.013754,0.00027472
23,176,3.427273,0.000098,40.1752,0.000000,0.000000,0.000000,0.027732,0.001820,0.003996,0.009062,0.00027472
23,177,1.973689,0.000106,14.2604,0.000000,0.000000,0.000000,0.027932,0.003896,0.004155,0.009852,0.00027472
23,178,4.615266,0.000096,88.0625,0.000000,0.000000,0.000000,0.041447,0.002440,0.003979,0.009437,0.00027472
23,179,2.621366,0.000081,43.4160,0.000000,0.000000,0.000000,0.015001,0.001781,0.003511,0.008470,0.00027472
23,180,3.358772,0.000074,32.4503,0.000000,0.000000,0.000000,0.036443,0.002663,0.003326,0.008459,0.00027472
23,181,2.985893,0.000106,26.4667,0.000000,0.000000,0.000000,0.028229,0.001575,0.003493,0.009142,0.00027472
23,182,2.944624,0.000084,50.9452,0.000000,0.000000,0.000000,0.014357,0.001615,0.003082,0.007433,0.00027472
23,183,1.877737,0.000103,12.2885,0.000000,0.000000,0.000000,0.032566,0.001476,0.003475,0.008373,0.00027472
23,184,3.572387,0.000124,28.6068,0.000000,0.000000,0.000000,0.021465,0.001196,0.003392,0.008023,0.00027472
23,185,3.461512,0.000118,25.6626,0.000000,0.000000,0.000000,0.034763,0.001517,0.003482,0.008673,0.00027472
23,186,2.497088,0.000096,29.0779,0.000000,0.000000,0.000000,0.016431,0.000775,0.003359,0.007323,0.00027472
23,187,2.767638,0.000107,27.3800,0.000000,0.000000,0.000000,0.031485,0.001413,0.003630,0.011980,0.00027472
23,188,2.247167,0.000099,21.6606,0.000000,0.000000,0.000000,0.025643,0.001155,0.003816,0.009340,0.00027472
23,189,2.573213,0.000097,28.1352,0.000000,0.000000,0.000000,0.021219,0.000914,0.003706,0.008801,0.00027472
23,190,2.193467,0.000129,29.3535,0.000000,0.000000,0.000000,0.018135,0.000815,0.004104,0.011392,0.00027472
23,191,2.435288,0.000074,30.6560,0.000000,0.000000,0.000000,0.009835,0.001047,0.003384,0.007799,0.00027472
23,192,2.256813,0.000095,16.9301,0.000000,0.000000,0.000000,0.020592,0.000675,0.004216,0.009290,0.00027472
23,193,2.892898,0.000074,53.2584,0.000000,0.000000,0.000000,0.023810,0.001450,0.003199,0.009131,0.00027472
23,194,2.705892,0.000115,19.2529,0.000000,0.000000,0.000000,0.013072,0.001289,0.003721,0.010037,0.00027472
23,195,3.176675,0.000105,29.5679,0.000000,0.000000,0.000000,0.013072,0.001822,0.003633,0.009250,0.00027472
23,196,1.766376,0.000092,12.0356,0.000000,0.000000,0.000000,0.025321,0.000902,0.003255,0.008330,0.00027472
23,197,4.586092,0.000092,107.5976,0.000000,0.000000,0.000000,0.015475,0.000952,0.003439,0.009071,0.00027472
23,198,3.295296,0.000092,65.9124,0.000000,0.000000,0.000000,0.015957,0.000595,0.003884,0.009609,0.00027472
23,199,2.804915,0.000078,21.6574,0.000000,0.000000,0.000000,0.006232,0.000903,0.003549,0.008241,0.00027472
23,200,1.914215,0.000103,12.7214,0.000000,0.000000,0.000000,0.019065,0.000399,0.003540,0.008294,0.00027472
23,201,5.284307,0.000123,115.1095,0.000000,0.000000,0.000000,0.021889,0.001045,0.003794,0.008908,0.00027472
23,202,4.190601,0.000136,92.3247,0.000000,0.000000,0.000000,0.022406,0.000841,0.004176,0.009902,0.00027472
23,203,2.262800,0.000104,18.8495,0.000000,0.000000,0.000000,0.034560,0.001302,0.004108,0.009996,0.00027472
23,204,2.982753,0.000106,33.0019,0.000000,0.000000,0.000000,0.009225,0.001234,0.005241,0.009621,0.00027472
23,205,2.368946,0.000138,14.4903,0.000000,0.000000,0.000000,0.019511,0.001119,0.004943,0.011733,0.00027472
23,206,3.674329,0.000116,40.2758,0.000000,0.000000,0.000000,0.027542,0.001112,0.004792,0.011613,0.00027472
23,207,2.130707,0.000118,15.8972,0.000000,0.000000,0.000000,0.037222,0.001691,0.004120,0.013450,0.00027472
23,208,2.651313,0.000106,31.7150,0.000000,0.000000,0.000000,0.037070,0.001427,0.004030,0.010412,0.00027472
23,209,2.113160,0.000127,21.7719,0.000000,0.000000,0.000000,0.050525,0.002855,0.004545,0.012322,0.00027472
23,210,3.258663,0.000150,39.0784,0.000000,0.000000,0.000000,0.044457,0.001467,0.005408,0.013448,0.00027472
23,211,2.377550,0.000107,15.7726,0.000000,0.000000,0.000000,0.031497,0.001472,0.004361,0.011382,0.00027472
23,212,4.970631,0.000095,77.5945,0.000000,0.000000,0.000000,0.015704,0.002243,0.003681,0.010157,0.00027472
23,213,2.796249,0.000104,29.7720,0.000000,0.000000,0.000000,0.028559,0.002015,0.003769,0.014688,0.00027472
23,214,3.076931,0.000106,28.7496,0.000000,0.000000,0.000000,0.015233,0.001806,0.003758,0.014462,0.00027472
23,215,2.576710,0.000109,23.1254,0.000000,0.000000,0.000000,0.011426,0.002216,0.003586,0.012286,0.00027472
23,216,2.599666,0.000088,33.8688,0.000000,0.000000,0.000000,0.017361,0.000838,0.003415,0.011569,0.00027472
23,217,1.807943,0.000090,15.6519,0.000000,0.000000,0.000000,0.014446,0.001337,0.003365,0.010526,0.00027472
23,218,3.222298,0.000108,39.6502,0.000000,0.000000,0.000000,0.018024,0.001123,0.003610,0.010710,0.00027472
23,219,2.286921,0.000121,17.0586,0.000000,0.000000,0.000000,0.019121,0.001316,0.004265,0.011723,0.00027472
23,220,4.491447,0.000094,101.9717,0.000000,0.000000,0.000000,0.021315,0.001582,0.003641,0.009876,0.00027472
23,221,3.076960,0.000113,48.3587,0.000000,0.000000,0.000000,0.036564,0.001971,0.003929,0.009909,0.00027472
23,222,3.464609,0.000099,25.8270,0.000000,0.000000,0.000000,0.019292,0.001157,0.003633,0.009291,0.00027472
23,223,2.598833,0.000121,19.5351,0.000000,0.000000,0.000000,0.039662,0.001357,0.003931,0.010337,0.00027472
23,224,4.285789,0.000106,70.7932,0.000000,0.000000,0.000000,0.017669,0.001097,0.003749,0.009803,0.00027472
23,225,2.338975,0.000113,26.0606,0.000000,0.000000,0.000000,0.015387,0.002245,0.005981,0.009519,0.00027472
23,226,3.734646,0.000097,35.0684,0.000000,0.000000,0.000000,0.011508,0.001287,0.004226,0.007930,0.00027472
23,227,3.225248,0.000096,25.7298,0.000000,0.000000,0.000000,0.007457,0.001232,0.004174,0.009014,0.00027472
23,228,2.418551,0.000092,32.4922,0.000000,0.000000,0.000000,0.018036,0.001270,0.003845,0.009074,0.00027472
23,229,3.900761,0.000136,40.8335,0.000000,0.000000,0.000000,0.019426,0.001523,0.003959,0.010848,0.00027472
23,230,2.574522,0.000148,21.6184,0.000000,0.000000,0.000000,0.042345,0.002049,0.004644,0.011482,0.00027472
23,231,3.266769,0.000101,49.0146,0.000000,0.000000,0.000000,0.019465,0.000837,0.003715,0.008823,0.00027472
23,232,2.240208,0.000088,12.3821,0.000000,0.000000,0.000000,0.024918,0.000893,0.003915,0.009822,0.00027472
23,233,3.137906,0.000136,17.0224,0.000000,0.000000,0.000000,0.060696,0.001667,0.003985,0.012610,0.00027472
23,234,2.368720,0.000093,21.5202,0.000000,0.000000,0.000000,0.038044,0.001596,0.003142,0.009068,0.00027472
23,235,2.878330,0.000076,30.8212,0.000000,0.000000,0.000000,0.020577,0.001019,0.003316,0.008639,0.00027472
23,236,2.299628,0.000090,20.3832,0.000000,0.000000,0.000000,0.044381,0.002762,0.003390,0.009984,0.00027472
23,237,2.953575,0.000077,34.1800,0.000000,0.000000,0.000000,0.019203,0.001550,0.003364,0.008743,0.00027472
23,238,1.579484,0.000073,13.7371,0.000000,0.000000,0.000000,0.010563,0.001213,0.003121,0.008622,0.00027472
23,239,5.739264,0.000140,111.7850,0.000000,0.000000,0.000000,0.018532,0.002886,0.003918,0.011790,0.00027472
23,240,5.172968,0.000101,89.7741,0.000000,0.000000,0.000000,0.020949,0.002766,0.003865,0.010278,0.00027472
23,241,2.978084,0.000109,26.8885,0.000000,0.000000,0.000000,0.027244,0.003597,0.004280,0.010465,0.00027472
23,242,3.367737,0.000120,42.8799,0.000000,0.000000,0.000000,0.030149,0.004394,0.004427,0.009715,0.00027472
23,243,1.996320,0.000091,16.1533,0.000000,0.000000,0.000000,0.019032,0.002042,0.003623,0.009049,0.00027472
23,244,4.446774,0.000083,73.3101,0.000000,0.000000,0.000000,0.013518,0.001879,0.003316,0.009059,0.00027472
23,245,3.514476,0.000121,46.9753,0.000000,0.000000,0.000000,0.027625,0.003723,0.003709,0.011614,0.00027472
23,246,2.646339,0.000126,24.7352,0.000000,0.000000,0.000000,0.022987,0.002409,0.004241,0.012681,0.00027472
23,247,2.514663,0.000116,37.3612,0.000000,0.000000,0.000000,0.022648,0.001708,0.003990,0.011317,0.00027472
23,248,2.466723,0.000116,26.4981,0.000000,0.000000,0.000000,0.017963,0.001634,0.003880,0.011195,0.00027472
23,249,2.121136,0.000104,20.1767,0.000000,0.000000,0.000000,0.014195,0.001403,0.003807,0.010144,0.00027472
23,250,2.640444,0.000110,36.7957,0.000000,0.000000,0.000000,0.011023,0.001531,0.003710,0.009934,0.00027472
23,251,2.542011,0.000155,18.4959,0.000000,0.000000,0.000000,0.018801,0.002197,0.005093,0.012021,0.00027472
23,252,4.914826,0.000135,52.3671,0.000000,0.000000,0.000000,0.023573,0.001017,0.003921,0.009999,0.00027472
23,253,3.241566,0.000141,19.2095,0.000000,0.000000,0.000000,0.037438,0.001256,0.003705,0.009829,0.00027472
23,254,3.842446,0.000110,18.6587,0.000000,0.000000,0.000000,0.025309,0.001353,0.003740,0.009620,0.00027472
23,255,2.078762,0.000097,16.7029,0.000000,0.000000,0.000000,0.016711,0.001167,0.003833,0.008686,0.00027472
23,256,5.039949,0.000089,51.6292,0.000000,0.000000,0.000000,0.016036,0.001564,0.003737,0.009014,0.00027472
23,257,3.746249,0.000072,27.2564,0.000000,0.000000,0.000000,0.007606,0.000521,0.003291,0.008084,0.00027472
23,258,3.478491,0.000116,46.5476,0.000000,0.000000,0.000000,0.026869,0.000779,0.003905,0.009945,0.00027472
23,259,3.321728,0.000143,22.7714,0.000000,0.000000,0.000000,0.048199,0.001152,0.005587,0.011922,0.00027472
23,260,3.642534,0.000131,42.2436,0.000000,0.000000,0.000000,0.062763,0.001379,0.006476,0.012330,0.00027472
23,261,2.911590,0.000129,27.3965,0.000000,0.000000,0.000000,0.055687,0.001239,0.008640,0.013259,0.00027472
23,262,3.716792,0.000122,38.3152,0.000000,0.000000,0.000000,0.043999,0.002189,0.008386,0.012278,0.00027472
23,263,2.067552,0.000090,14.7017,0.000000,0.000000,0.000000,0.023853,0.001268,0.007813,0.010821,0.00027472
23,264,4.005270,0.000141,78.4147,0.000000,0.000000,0.000000,0.055903,0.002167,0.007051,0.012940,0.00027472
23,265,3.077696,0.000131,20.5329,0.000000,0.000000,0.000000,0.042030,0.002221,0.004457,0.010971,0.00027472
23,266,3.879821,0.000112,35.2203,0.000000,0.000000,0.000000,0.047718,0.002445,0.003883,0.008311,0.00027472
23,267,2.755882,0.000097,22.4594,0.000000,0.000000,0.000000,0.018100,0.001597,0.003583,0.008044,0.00027472
23,268,3.282222,0.000085,65.7200,0.000000,0.000000,0.000000,0.022164,0.002088,0.003400,0.007829,0.00027472
23,269,1.834843,0.000093,19.2123,0.000000,0.000000,0.000000,0.024317,0.001539,0.003530,0.007932,0.00027472
23,270,3.612059,0.000077,45.5990,0.000000,0.000000,0.000000,0.011715,0.000999,0.003440,0.007782,0.00027472
23,271,2.617424,0.000107,24.4704,0.000000,0.000000,0.000000,0.033089,0.001877,0.004316,0.013928,0.00027472
23,272,3.881609,0.000148,72.1053,0.000000,0.000000,0.000000,0.047279,0.002869,0.005663,0.014316,0.00027472
23,273,3.054146,0.000197,31.3882,0.000000,0.000000,0.000000,0.084985,0.002475,0.007427,0.021915,0.00027472
23,274,2.893507,0.000142,33.7357,0.000000,0.000000,0.000000,0.028032,0.001347,0.004649,0.014778,0.00027472
23,275,2.673462,0.000197,20.6202,0.000000,0.000000,0.000000,0.070447,0.002267,0.006296,0.022926,0.00027472
23,276,4.990618,0.000203,62.5727,0.000000,0.000000,0.000000,0.085842,0.001936,0.006604,0.020990,0.00027472
23,277,3.087227,0.000135,39.9632,0.000000,0.000000,0.000000,0.029885,0.002505,0.003973,0.014766,0.00027472
23,278,3.271939,0.000090,32.1514,0.000000,0.000000,0.000000,0.030783,0.001121,0.003528,0.011838,0.00027472
23,279,2.385225,0.000086,21.9684,0.000000,0.000000,0.000000,0.021666,0.001597,0.003305,0.010377,0.00027472
23,280,3.485459,0.000099,58.0370,0.000000,0.000000,0.000000,0.011603,0.001881,0.003781,0.008977,0.00027472
23,281,2.578889,0.000102,23.8055,0.000000,0.000000,0.000000,0.010751,0.000739,0.004497,0.009191,0.00027472
23,282,2.871412,0.000100,33.6868,0.000000,0.000000,0.000000,0.011609,0.000855,0.004280,0.009453,0.00027472
23,283,2.026927,0.000085,21.5878,0.000000,0.000000,0.000000,0.012772,0.001346,0.006093,0.009068,0.00027472
23,284,4.274468,0.000091,35.7286,0.000000,0.000000,0.000000,0.015630,0.000956,0.004464,0.011084,0.00027472
23,285,3.271094,0.000122,28.7264,0.000000,0.000000,0.000000,0.016253,0.000857,0.004110,0.010448,0.00027472
23,286,2.351258,0.000078,27.2696,0.000000,0.000000,0.000000,0.008919,0.000782,0.003794,0.010524,0.00027472
23,287,2.838440,0.000092,52.7281,0.000000,0.000000,0.000000,0.007634,0.000830,0.003629,0.009421,0.00027472
23,288,2.547446,0.000084,21.7455,0.000000,0.000000,0.000000,0.013618,0.000748,0.003642,0.009194,0.00027472
23,289,2.191906,0.000107,27.7498,0.000000,0.000000,0.000000,0.023370,0.001430,0.003799,0.010400,0.00027472
23,290,2.564513,0.000142,44.7212,0.000000,0.000000,0.000000,0.035809,0.001090,0.005003,0.014092,0.00027472
23,291,2.454877,0.000109,20.3057,0.000000,0.000000,0.000000,0.025460,0.001593,0.005671,0.010532,0.00027472
23,292,2.732472,0.000097,30.8169,0.000000,0.000000,0.000000,0.016229,0.001374,0.006123,0.010830,0.00027472
23,293,2.306817,0.000102,18.5063,0.000000,0.000000,0.000000,0.022073,0.000971,0.006257,0.010988,0.00027472
23,294,2.531835,0.000087,21.4234,0.000000,0.000000,0.000000,0.010880,0.001267,0.004022,0.009901,0.00027472
23,295,2.319785,0.000099,21.1622,0.000000,0.000000,0.000000,0.025138,0.001853,0.003892,0.011075,0.00027472
23,296,2.574052,0.000108,33.4084,0.000000,0.000000,0.000000,0.011232,0.001367,0.003983,0.010592,0.00027472
24,1,2.294629,0.000135,20.8419,0.000000,0.000000,0.000000,0.042025,0.001427,0.004970,0.013854,0.00025607
24,2,2.968754,0.000124,31.9987,0.000000,0.000000,0.000000,0.031601,0.001654,0.004689,0.012552,0.00025607
24,3,2.189710,0.000123,16.6520,0.000000,0.000000,0.000000,0.023655,0.001376,0.004786,0.011531,0.00025607
24,4,3.359900,0.000122,51.4635,0.000000,0.000000,0.000000,0.019456,0.001102,0.004218,0.011585,0.00025607
24,5,2.208294,0.000119,18.5257,0.000000,0.000000,0.000000,0.018485,0.001256,0.004276,0.011707,0.00025607
24,6,2.679326,0.000114,46.1407,0.000000,0.000000,0.000000,0.021765,0.000838,0.004008,0.010576,0.00025607
24,7,2.017411,0.000122,14.5482,0.000000,0.000000,0.000000,0.025617,0.000977,0.003940,0.012753,0.00025607
24,8,3.873729,0.000122,81.2273,0.000000,0.000000,0.000000,0.013485,0.001200,0.003946,0.010076,0.00025607
24,9,1.818117,0.000125,15.6441,0.000000,0.000000,0.000000,0.015390,0.001065,0.003953,0.010370,0.00025607
24,10,3.427346,0.000125,33.4837,0.000000,0.000000,0.000000,0.016004,0.001621,0.003970,0.009467,0.00025607
24,11,3.107722,0.000134,24.7915,0.000000,0.000000,0.000000,0.033403,0.001175,0.004442,0.010646,0.00025607
24,12,2.515232,0.000111,30.8259,0.000000,0.000000,0.000000,0.010472,0.000955,0.003848,0.009592,0.00025607
24,13,3.242171,0.000115,21.3681,0.000000,0.000000,0.000000,0.030202,0.001059,0.003550,0.010965,0.00025607
24,14,2.362339,0.000105,21.1336,0.000000,0.000000,0.000000,0.031156,0.000939,0.003699,0.009315,0.00025607
24,15,3.224558,0.000106,60.4883,0.000000,0.000000,0.000000,0.021108,0.001266,0.003722,0.009588,0.00025607
24,16,2.071188,0.000103,15.6190,0.000000,0.000000,0.000000,0.014729,0.000786,0.003555,0.008982,0.00025607
24,17,4.146489,0.000100,55.7311,0.000000,0.000000,0.000000,0.015421,0.000951,0.003667,0.009599,0.00025607
24,18,2.304199,0.000102,20.4330,0.000000,0.000000,0.000000,0.014052,0.000907,0.003613,0.009517,0.00025607
24,19,3.970348,0.000095,66.9266,0.000000,0.000000,0.000000,0.070440,0.001283,0.003845,0.013159,0.00025607
24,20,2.727449,0.000100,27.0890,0.000000,0.000000,0.000000,0.045960,0.002037,0.004084,0.014534,0.00025607
24,21,2.893051,0.000085,36.3945,0.000000,0.000000,0.000000,0.027364,0.001702,0.004777,0.011235,0.00025607
24,22,1.976459,0.000088,17.8353,0.000000,0.000000,0.000000,0.018036,0.002482,0.005143,0.010871,0.00025607
24,23,3.641770,0.000096,53.1339,0.000000,0.000000,0.000000,0.022901,0.001261,0.004508,0.012639,0.00025607
24,24,2.900646,0.000115,28.4220,0.000000,0.000000,0.000000,0.024479,0.001555,0.004303,0.013224,0.00025607
24,25,2.577936,0.000087,30.7075,0.000000,0.000000,0.000000,0.013679,0.000800,0.003659,0.010438,0.00025607
24,26,1.785661,0.000101,13.0144,0.000000,0.000000,0.000000,0.020796,0.001174,0.003775,0.010319,0.00025607
24,27,4.940637,0.000135,48.8860,0.000000,0.000000,0.000000,0.024206,0.002180,0.004381,0.011881,0.00025607
24,28,3.101395,0.000131,25.5343,0.000000,0.000000,0.000000,0.021918,0.001389,0.004482,0.011393,0.00025607
24,29,4.021247,0.000117,35.5079,0.000000,0.000000,0.000000,0.019806,0.002737,0.004346,0.011407,0.00025607
24,30,2.458640,0.000113,17.8667,0.000000,0.000000,0.000000,0.013742,0.002727,0.004060,0.010832,0.00025607
24,31,4.941969,0.000114,62.7684,0.000000,0.000000,0.000000,0.013960,0.001665,0.004225,0.011382,0.00025607
24,32,2.929773,0.000130,23.1436,0.000000,0.000000,0.000000,0.012937,0.001819,0.004584,0.012278,0.00025607
24,33,3.507851,0.000110,26.2215,0.000000,0.000000,0.000000,0.057282,0.001132,0.003871,0.011428,0.00025607
24,34,2.517661,0.000105,20.1248,0.000000,0.000000,0.000000,0.026796,0.001021,0.003833,0.010587,0.00025607
24,35,3.647098,0.000107,71.5989,0.000000,0.000000,0.000000,0.021967,0.001642,0.003709,0.011141,0.00025607
24,36,2.320971,0.000094,30.9921,0.000000,0.000000,0.000000,0.013353,0.000922,0.003692,0.009821,0.00025607
24,37,2.953239,0.000093,25.6725,0.000000,0.000000,0.000000,0.016632,0.000914,0.004072,0.010738,0.00025607
24,38,1.975179,0.000086,19.2543,0.000000,0.000000,0.000000,0.026454,0.000863,0.003743,0.009993,0.00025607
24,39,3.854909,0.000107,74.9046,0.000000,0.000000,0.000000,0.030179,0.001277,0.003674,0.010659,0.00025607
24,40,3.042787,0.000101,35.1280,0.000000,0.000000,0.000000,0.016328,0.001072,0.003698,0.010014,0.00025607
24,41,2.782684,0.000114,23.0373,0.000000,0.000000,0.000000,0.016097,0.001260,0.004044,0.010624,0.00025607
24,42,2.642504,0.000107,38.5935,0.000000,0.000000,0.000000,0.015909,0.000975,0.004063,0.009849,0.00025607
24,43,2.686171,0.000114,22.5951,0.000000,0.000000,0.000000,0.015707,0.001174,0.003789,0.010570,0.00025607
24,44,2.415875,0.000110,18.6389,0.000000,0.000000,0.000000,0.012594,0.001084,0.003870,0.009830,0.00025607
24,45,3.559266,0.000094,78.2165,0.000000,0.000000,0.000000,0.022579,0.000552,0.003865,0.009558,0.00025607
24,46,1.784107,0.000100,16.5077,0.000000,0.000000,0.000000,0.022715,0.000864,0.004205,0.010217,0.00025607
24,47,3.199839,0.000107,35.9401,0.000000,0.000000,0.000000,0.021313,0.001296,0.004311,0.010432,0.00025607
24,48,2.284175,0.000092,17.6874,0.000000,0.000000,0.000000,0.015211,0.000917,0.004569,0.009292,0.00025607
24,49,3.862112,0.000126,70.1187,0.000000,0.000000,0.000000,0.043282,0.001025,0.005115,0.011327,0.00025607
24,50,2.684103,0.000097,37.1965,0.000000,0.000000,0.000000,0.013145,0.000746,0.004246,0.008932,0.00025607
24,51,2.468405,0.000080,19.2290,0.000000,0.000000,0.000000,0.015740,0.001066,0.004164,0.009183,0.00025607
24,52,2.579213,0.000105,21.8976,0.000000,0.000000,0.000000,0.024630,0.001644,0.004067,0.010251,0.00025607
24,53,2.893219,0.000096,28.3781,0.000000,0.000000,0.000000,0.014711,0.001661,0.003715,0.010659,0.00025607
24,54,2.104943,0.000110,12.9862,0.000000,0.000000,0.000000,0.012864,0.001325,0.004087,0.010049,0.00025607
24,55,4.289214,0.000117,75.0636,0.000000,0.000000,0.000000,0.020405,0.002517,0.003861,0.009666,0.00025607
24,56,1.813603,0.000108,15.3366,0.000000,0.000000,0.000000,0.032668,0.001302,0.003688,0.009403,0.00025607
24,57,3.953620,0.000116,37.3847,0.000000,0.000000,0.000000,0.025701,0.002028,0.003883,0.010008,0.00025607
24,58,2.843352,0.000091,24.1265,0.000000,0.000000,0.000000,0.013716,0.000707,0.003481,0.007976,0.00025607
24,59,3.074600,0.000164,34.3794,0.000000,0.000000,0.000000,0.055860,0.002054,0.004680,0.013376,0.00025607
24,60,2.125659,0.000135,18.6763,0.000000,0.000000,0.000000,0.034137,0.002209,0.004398,0.011372,0.00025607
24,61,3.525105,0.000111,46.6162,0.000000,0.000000,0.000000,0.029699,0.001108,0.004025,0.010816,0.00025607
24,62,2.646401,0.000113,20.5597,0.000000,0.000000,0.000000,0.022578,0.001431,0.003883,0.010304,0.00025607
24,63,3.725935,0.000134,61.1731,0.000000,0.000000,0.000000,0.040139,0.001914,0.004300,0.010372,0.00025607
24,64,2.270182,0.000113,15.2620,0.000000,0.000000,0.000000,0.035322,0.002599,0.004531,0.009416,0.00025607
24,65,3.157701,0.000142,35.4268,0.000000,0.000000,0.000000,0.016875,0.001874,0.004797,0.019697,0.00025607
24,66,2.567887,0.000122,19.4623,0.000000,0.000000,0.000000,0.026328,0.001515,0.004366,0.017425,0.00025607
24,67,2.642436,0.000114,30.1453,0.000000,0.000000,0.000000,0.024051,0.001789,0.004901,0.017817,0.00025607
24,68,2.496373,0.000132,14.5124,0.000000,0.000000,0.000000,0.024235,0.002408,0.004533,0.017772,0.00025607
24,69,2.839045,0.000132,26.2668,0.000000,0.000000,0.000000,0.015459,0.001809,0.004351,0.015772,0.00025607
24,70,2.390362,0.000112,21.8582,0.000000,0.000000,0.000000,0.022817,0.001694,0.004357,0.015308,0.00025607
24,71,2.772802,0.000099,28.7723,0.000000,0.000000,0.000000,0.018329,0.000637,0.003596,0.010139,0.00025607
24,72,2.402882,0.000120,15.1717,0.000000,0.000000,0.000000,0.013130,0.001329,0.004180,0.010825,0.00025607
24,73,2.524395,0.000089,20.9493,0.000000,0.000000,0.000000,0.035737,0.002361,0.003992,0.011274,0.00025607
24,74,2.199119,0.000107,22.5318,0.000000,0.000000,0.000000,0.029430,0.001723,0.003889,0.010211,0.00025607
24,75,2.331016,0.000084,30.5840,0.000000,0.000000,0.000000,0.021513,0.001869,0.003769,0.011677,0.00025607
24,76,3.140301,0.000125,30.7038,0.000000,0.000000,0.000000,0.014751,0.007537,0.004076,0.011043,0.00025607
24,77,2.463322,0.000090,33.1464,0.000000,0.000000,0.000000,0.043906,0.008401,0.004137,0.017552,0.00025607
24,78,3.517567,0.000108,55.9327,0.000000,0.000000,0.000000,0.020087,0.002343,0.004323,0.014727,0.00025607
24,79,2.125440,0.000107,15.4636,0.000000,0.000000,0.000000,0.031087,0.002449,0.003782,0.012466,0.00025607
24,80,3.982580,0.000115,66.3026,0.000000,0.000000,0.000000,0.017478,0.001391,0.003861,0.011272,0.00025607
24,81,1.826153,0.000088,16.3840,0.000000,0.000000,0.000000,0.009594,0.001353,0.003464,0.009607,0.00025607
24,82,3.113607,0.000106,39.5984,0.000000,0.000000,0.000000,0.015525,0.001586,0.003944,0.010301,0.00025607
24,83,2.037823,0.000083,17.4219,0.000000,0.000000,0.000000,0.006232,0.000791,0.003484,0.009230,0.00025607
24,84,3.521791,0.000097,65.6573,0.000000,0.000000,0.000000,0.023187,0.001329,0.004087,0.009885,0.00025607
24,85,2.890847,0.000089,27.6597,0.000000,0.000000,0.000000,0.012534,0.001070,0.003367,0.009415,0.00025607
24,86,2.080701,0.000094,23.2267,0.000000,0.000000,0.000000,0.013047,0.001373,0.003450,0.009287,0.00025607
24,87,1.882908,0.000085,26.0782,0.000000,0.000000,0.000000,0.015057,0.000946,0.003417,0.008941,0.00025607
24,88,2.861485,0.000090,28.0641,0.000000,0.000000,0.000000,0.016268,0.000855,0.003711,0.009208,0.00025607
24,89,2.067527,0.000093,19.4536,0.000000,0.000000,0.000000,0.013643,0.001776,0.003607,0.009223,0.00025607
24,90,4.065198,0.000085,80.0192,0.000000,0.000000,0.000000,0.013624,0.001139,0.003602,0.009443,0.00025607
24,91,2.257062,0.000092,19.6085,0.000000,0.000000,0.000000,0.025340,0.001285,0.003654,0.012236,0.00025607
24,92,3.557115,0.000093,36.1905,0.000000,0.000000,0.000000,0.026648,0.001822,0.004087,0.009464,0.00025607
24,93,2.484522,0.000084,19.8086,0.000000,0.000000,0.000000,0.019258,0.001147,0.003706,0.009310,0.00025607
24,94,3.575594,0.000079,63.9714,0.000000,0.000000,0.000000,0.010116,0.000858,0.003259,0.008646,0.00025607
24,95,2.353386,0.000110,24.4577,0.000000,0.000000,0.000000,0.016687,0.000894,0.003454,0.009951,0.00025607
24,96,3.085931,0.000079,37.2654,0.000000,0.000000,0.000000,0.008715,0.000886,0.003646,0.008432,0.00025607
24,97,2.065159,0.000097,20.7240,0.000000,0.000000,0.000000,0.006388,0.000784,0.003481,0.010696,0.00025607
24,98,3.798239,0.000088,57.2089,0.000000,0.000000,0.000000,0.010437,0.000934,0.003284,0.008373,0.00025607
24,99,3.520143,0.000100,36.5123,0.000000,0.000000,0.000000,0.022705,0.000762,0.003552,0.008785,0.00025607
24,100,2.930845,0.000109,20.3238,0.000000,0.000000,0.000000,0.022986,0.001816,0.003768,0.009147,0.00025607
24,101,2.976558,0.000097,33.2228,0.000000,0.000000,0.000000,0.013108,0.000795,0.003311,0.008444,0.00025607
24,102,3.002120,0.000079,25.6058,0.000000,0.000000,0.000000,0.014754,0.000616,0.003354,0.008019,0.00025607
24,103,2.557467,0.000089,19.8648,0.000000,0.000000,0.000000,0.011076,0.000874,0.003502,0.008397,0.00025607
24,104,3.653192,0.000088,77.1841,0.000000,0.000000,0.000000,0.010461,0.000751,0.003413,0.007722,0.00025607
24,105,1.790241,0.000101,17.2623,0.000000,0.000000,0.000000,0.016052,0.000847,0.003185,0.007790,0.00025607
24,106,3.705281,0.000101,41.3921,0.000000,0.000000,0.000000,0.036582,0.000787,0.003544,0.008306,0.00025607
24,107,2.715108,0.000119,20.0236,0.000000,0.000000,0.000000,0.037850,0.001684,0.003303,0.008243,0.00025607
24,108,3.995767,0.000100,87.2450,0.000000,0.000000,0.000000,0.013899,0.001899,0.003209,0.008163,0.00025607
24,109,2.062366,0.000089,30.1673,0.000000,0.000000,0.000000,0.024781,0.002200,0.003573,0.007692,0.00025607
24,110,3.912714,0.000127,33.1260,0.000000,0.000000,0.000000,0.009956,0.000698,0.004047,0.008622,0.00025607
24,111,2.974901,0.000107,23.7147,0.000000,0.000000,0.000000,0.014436,0.001162,0.003951,0.008743,0.00025607
24,112,3.279876,0.000097,57.4074,0.000000,0.000000,0.000000,0.008944,0.000758,0.003767,0.008441,0.00025607
24,113,2.290122,0.000103,22.7985,0.000000,0.000000,0.000000,0.015487,0.000785,0.004105,0.008971,0.00025607
24,114,3.481857,0.000129,28.4151,0.000000,0.000000,0.000000,0.031019,0.000875,0.004501,0.011011,0.00025607
24,115,2.807383,0.000093,24.0057,0.000000,0.000000,0.000000,0.008525,0.001104,0.004074,0.008519,0.00025607
24,116,3.256965,0.000093,50.1778,0.000000,0.000000,0.000000,0.006196,0.000399,0.004010,0.008492,0.00025607
24,117,3.592547,0.000121,26.5193,0.000000,0.000000,0.000000,0.031875,0.002049,0.003523,0.010954,0.00025607
24,118,3.249697,0.000105,30.7575,0.000000,0.000000,0.000000,0.042430,0.002494,0.003422,0.010956,0.00025607
24,119,2.207722,0.000098,13.3289,0.000000,0.000000,0.000000,0.030813,0.002077,0.003368,0.009656,0.00025607
24,120,4.635834,0.000104,84.4781,0.000000,0.000000,0.000000,0.032317,0.002940,0.003632,0.010683,0.00025607
24,121,2.791626,0.000096,40.3651,0.000000,0.000000,0.000000,0.024468,0.002632,0.003467,0.009960,0.00025607
24,122,3.072946,0.000110,23.8956,0.000000,0.000000,0.000000,0.028875,0.003262,0.003626,0.010588,0.00025607
24,123,2.258348,0.000100,16.4207,0.000000,0.000000,0.000000,0.028137,0.001669,0.003793,0.010766,0.00025607
24,124,4.128165,0.000106,80.7521,0.000000,0.000000,0.000000,0.034423,0.002509,0.003581,0.009525,0.00025607
24,125,2.742437,0.000098,30.5506,0.000000,0.000000,0.000000,0.022351,0.001514,0.003653,0.009701,0.00025607
24,126,2.748079,0.000081,34.9657,0.000000,0.000000,0.000000,0.012495,0.000862,0.003173,0.008290,0.00025607
24,127,2.193956,0.000093,20.3154,0.000000,0.000000,0.000000,0.020391,0.000763,0.003421,0.008211,0.00025607
24,128,3.664731,0.000147,74.7504,0.000000,0.000000,0.000000,0.040447,0.000804,0.004553,0.011292,0.00025607
24,129,2.238710,0.000108,15.0317,0.000000,0.000000,0.000000,0.029607,0.001555,0.004636,0.009546,0.00025607
24,130,4.292397,0.000093,56.0248,0.000000,0.000000,0.000000,0.015490,0.001256,0.004109,0.009002,0.00025607
24,131,2.613705,0.000093,24.1033,0.000000,0.000000,0.000000,0.009835,0.001870,0.004587,0.008726,0.00025607
24,132,2.946351,0.000119,39.1273,0.000000,0.000000,0.000000,0.024093,0.002262,0.006271,0.010129,0.00025607
24,133,1.913821,0.000088,15.5580,0.000000,0.000000,0.000000,0.010712,0.000793,0.006863,0.008579,0.00025607
24,134,4.349291,0.000080,50.9763,0.000000,0.000000,0.000000,0.005851,0.000969,0.004137,0.008595,0.00025607
24,135,3.149595,0.000113,21.5819,0.000000,0.000000,0.000000,0.021237,0.001220,0.003884,0.012600,0.00025607
24,136,3.049916,0.000123,25.6455,0.000000,0.000000,0.000000,0.013426,0.001361,0.003987,0.009904,0.00025607
24,137,2.687991,0.000098,20.6272,0.000000,0.000000,0.000000,0.019057,0.001338,0.004058,0.008586,0.00025607
24,138,2.838438,0.000082,26.9690,0.000000,0.000000,0.000000,0.009554,0.001102,0.003747,0.008042,0.00025607
24,139,2.080603,0.000111,13.9146,0.000000,0.000000,0.000000,0.013508,0.000732,0.004476,0.009494,0.00025607
24,140,4.580109,0.000092,90.1178,0.000000,0.000000,0.000000,0.011017,0.000831,0.003900,0.008259,0.00025607
24,141,3.270061,0.000136,56.0598,0.000000,0.000000,0.000000,0.027488,0.000970,0.004475,0.011587,0.00025607
24,142,3.629699,0.000089,42.3284,0.000000,0.000000,0.000000,0.047042,0.001432,0.003927,0.011037,0.00025607
24,143,2.803277,0.000091,18.5166,0.000000,0.000000,0.000000,0.020292,0.002326,0.005153,0.010065,0.00025607
24,144,3.361779,0.000102,60.8373,0.000000,0.000000,0.000000,0.015209,0.000893,0.006276,0.010725,0.00025607
24,145,2.062687,0.000090,20.1477,0.000000,0.000000,0.000000,0.013844,0.001271,0.006326,0.009825,0.00025607
24,146,3.406869,0.000105,22.7442,0.000000,0.000000,0.000000,0.037111,0.000704,0.005138,0.011093,0.00025607
24,147,2.396144,0.000087,17.2181,0.000000,0.000000,0.000000,0.014888,0.000665,0.004158,0.009315,0.00025607
24,148,3.071795,0.000074,50.7208,0.000000,0.000000,0.000000,0.012017,0.001184,0.003644,0.008946,0.00025607
24,149,2.496045,0.000087,17.5205,0.000000,0.000000,0.000000,0.042064,0.000758,0.003540,0.009305,0.00025607
24,150,3.602816,0.000081,34.5937,0.000000,0.000000,0.000000,0.016367,0.000713,0.003711,0.008019,0.00025607
24,151,2.976277,0.000083,28.4337,0.000000,0.000000,0.000000,0.023385,0.000882,0.004374,0.008520,0.00025607
24,152,3.020249,0.000083,46.6484,0.000000,0.000000,0.000000,0.015499,0.000699,0.003755,0.008369,0.00025607
24,153,2.524773,0.000096,25.6114,0.000000,0.000000,0.000000,0.012800,0.000953,0.004067,0.008345,0.00025607
24,154,2.939107,0.000088,36.5144,0.000000,0.000000,0.000000,0.015786,0.000653,0.004056,0.008187,0.00025607
24,155,1.999338,0.000111,16.8445,0.000000,0.000000,0.000000,0.013583,0.001500,0.004280,0.009506,0.00025607
24,156,4.043657,0.000103,74.9207,0.000000,0.000000,0.000000,0.020134,0.001068,0.004122,0.009435,0.00025607
24,157,3.631464,0.000102,50.7946,0.000000,0.000000,0.000000,0.020189,0.001385,0.003982,0.009574,0.00025607
24,158,2.901395,0.000100,23.0759,0.000000,0.000000,0.000000,0.033205,0.001599,0.004160,0.009519,0.00025607
24,159,3.336270,0.000107,43.9830,0.000000,0.000000,0.000000,0.034249,0.002979,0.004111,0.009681,0.00025607
24,160,2.444741,0.000126,15.5734,0.000000,0.000000,0.000000,0.012910,0.002142,0.004458,0.010295,0.00025607
24,161,3.132143,0.000110,26.6955,0.000000,0.000000,0.000000,0.016716,0.001505,0.003641,0.010570,0.00025607
24,162,1.945287,0.000107,12.0725,0.000000,0.000000,0.000000,0.016607,0.001478,0.003585,0.009214,0.00025607
24,163,4.294355,0.000114,94.5210,0.000000,0.000000,0.000000,0.025685,0.001635,0.004179,0.010718,0.00025607
24,164,2.355592,0.000094,41.8699,0.000000,0.000000,0.000000,0.010880,0.001272,0.003670,0.008928,0.00025607
24,165,3.555764,0.000094,27.8376,0.000000,0.000000,0.000000,0.010333,0.001321,0.004009,0.009058,0.00025607
24,166,2.930556,0.000102,25.8405,0.000000,0.000000,0.000000,0.006742,0.001103,0.003893,0.009144,0.00025607
24,167,3.252912,0.000101,70.9401,0.000000,0.000000,0.000000,0.014366,0.001291,0.003635,0.008810,0.00025607
24,168,1.939498,0.000105,23.9239,0.000000,0.000000,0.000000,0.020618,0.001934,0.004822,0.014053,0.00025607
24,169,3.271929,0.000108,46.7364,0.000000,0.000000,0.000000,0.030615,0.001651,0.003859,0.009238,0.00025607
24,170,2.898479,0.000111,22.8520,0.000000,0.000000,0.000000,0.049205,0.001579,0.004394,0.010072,0.00025607
24,171,3.511075,0.000114,28.6552,0.000000,0.000000,0.000000,0.019145,0.002115,0.004969,0.010473,0.00025607
24,172,2.222649,0.000091,17.3024,0.000000,0.000000,0.000000,0.013426,0.001817,0.003903,0.008704,0.00025607
24,173,3.722914,0.000121,71.1654,0.000000,0.000000,0.000000,0.023064,0.001323,0.004663,0.010304,0.00025607
24,174,2.184293,0.000153,18.9675,0.000000,0.000000,0.000000,0.034225,0.001713,0.005131,0.012116,0.00025607
24,175,3.900136,0.000093,18.5896,0.000000,0.000000,0.000000,0.030496,0.001479,0.003721,0.013086,0.00025607
24,176,2.339002,0.000085,17.6158,0.000000,0.000000,0.000000,0.013490,0.002140,0.003670,0.009251,0.00025607
24,177,3.833059,0.000107,73.1721,0.000000,0.000000,0.000000,0.013169,0.001421,0.003982,0.010544,0.00025607
24,178,2.320574,0.000101,29.9514,0.000000,0.000000,0.000000,0.033281,0.001605,0.004234,0.010312,0.00025607
24,179,3.152460,0.000076,24.7339,0.000000,0.000000,0.000000,0.010535,0.000977,0.003635,0.008630,0.00025607
24,180,2.503078,0.000075,21.1688,0.000000,0.000000,0.000000,0.031517,0.001180,0.003948,0.009069,0.00025607
24,181,3.505863,0.000109,65.5372,0.000000,0.000000,0.000000,0.015988,0.001577,0.004557,0.009648,0.00025607
24,182,3.282383,0.000093,28.6436,0.000000,0.000000,0.000000,0.022391,0.001033,0.003965,0.008058,0.00025607
24,183,3.048191,0.000093,31.7309,0.000000,0.000000,0.000000,0.024924,0.001335,0.003813,0.008817,0.00025607
24,184,2.515843,0.000104,19.9519,0.000000,0.000000,0.000000,0.015007,0.001148,0.003552,0.009022,0.00025607
24,185,4.298361,0.000090,52.5416,0.000000,0.000000,0.000000,0.015770,0.001221,0.003505,0.009198,0.00025607
24,186,2.156229,0.000086,17.5961,0.000000,0.000000,0.000000,0.025519,0.000859,0.003502,0.008289,0.00025607
24,187,4.193918,0.000095,46.5346,0.000000,0.000000,0.000000,0.010288,0.001201,0.003669,0.012237,0.00025607
24,188,2.770183,0.000091,27.0448,0.000000,0.000000,0.000000,0.011097,0.000980,0.003604,0.009446,0.00025607
24,189,2.896505,0.000092,31.3236,0.000000,0.000000,0.000000,0.013224,0.001028,0.003682,0.009804,0.00025607
24,190,1.840392,0.000124,19.6391,0.000000,0.000000,0.000000,0.017702,0.000672,0.004133,0.011662,0.00025607
24,191,2.741888,0.000082,21.9770,0.000000,0.000000,0.000000,0.016952,0.001200,0.003541,0.008497,0.00025607
24,192,2.019992,0.000093,15.0134,0.000000,0.000000,0.000000,0.025795,0.001550,0.004471,0.010229,0.00025607
24,193,5.101262,0.000071,110.1699,0.000000,0.000000,0.000000,0.026565,0.001114,0.003938,0.009685,0.00025607
24,194,4.539124,0.000100,103.6714,0.000000,0.000000,0.000000,0.020479,0.001256,0.004086,0.009650,0.00025607
24,195,1.828883,0.000101,12.7074,0.000000,0.000000,0.000000,0.035214,0.001092,0.004013,0.009726,0.00025607
24,196,2.710480,0.000082,40.3057,0.000000,0.000000,0.000000,0.007545,0.000838,0.003537,0.008926,0.00025607
24,197,1.846361,0.000078,11.9997,0.000000,0.000000,0.000000,0.015731,0.001217,0.003276,0.008664,0.00025607
24,198,3.915059,0.000093,67.0831,0.000000,0.000000,0.000000,0.017505,0.000844,0.003463,0.009464,0.00025607
24,199,1.860977,0.000085,14.4792,0.000000,0.000000,0.000000,0.011330,0.000911,0.003344,0.007933,0.00025607
24,200,4.282547,0.000086,21.0766,0.000000,0.000000,0.000000,0.004172,0.001350,0.003449,0.008946,0.00025607
24,201,3.146062,0.000111,24.9392,0.000000,0.000000,0.000000,0.018817,0.001097,0.003749,0.008944,0.00025607
24,202,2.769653,0.000108,29.2986,0.000000,0.000000,0.000000,0.030494,0.000886,0.004292,0.009882,0.00025607
24,203,2.627193,0.000093,38.9453,0.000000,0.000000,0.000000,0.027666,0.001386,0.004305,0.010856,0.00025607
24,204,2.621669,0.000094,22.2875,0.000000,0.000000,0.000000,0.009242,0.000898,0.003965,0.009716,0.00025607
24,205,2.360293,0.000118,17.9906,0.000000,0.000000,0.000000,0.016673,0.000968,0.004538,0.010854,0.00025607
24,206,3.138971,0.000109,46.7039,0.000000,0.000000,0.000000,0.031823,0.000965,0.004521,0.011401,0.00025607
24,207,2.040571,0.000113,19.8974,0.000000,0.000000,0.000000,0.053610,0.002165,0.003923,0.012614,0.00025607
24,208,2.898599,0.000090,45.5688,0.000000,0.000000,0.000000,0.031286,0.001095,0.003753,0.011291,0.00025607
24,209,2.257784,0.000126,19.8960,0.000000,0.000000,0.000000,0.037015,0.001901,0.004239,0.013169,0.00025607
24,210,3.465143,0.000151,53.3470,0.000000,0.000000,0.000000,0.030013,0.001197,0.004734,0.013419,0.00025607
24,211,2.994412,0.000111,21.4221,0.000000,0.000000,0.000000,0.032780,0.001193,0.004242,0.011490,0.00025607
24,212,3.674341,0.000097,48.2280,0.000000,0.000000,0.000000,0.018992,0.001121,0.003862,0.010272,0.00025607
24,213,2.737359,0.000106,23.9108,0.000000,0.000000,0.000000,0.031523,0.001219,0.003924,0.016153,0.00025607
24,214,3.450875,0.000103,37.1805,0.000000,0.000000,0.000000,0.011667,0.001866,0.003492,0.013696,0.00025607
24,215,2.495465,0.000106,26.9000,0.000000,0.000000,0.000000,0.011505,0.001024,0.003496,0.013037,0.00025607
24,216,2.694103,0.000094,46.5095,0.000000,0.000000,0.000000,0.011781,0.000656,0.003476,0.011348,0.00025607
24,217,2.213987,0.000085,18.5777,0.000000,0.000000,0.000000,0.016790,0.001152,0.003529,0.010894,0.00025607
24,218,3.228019,0.000102,53.7636,0.000000,0.000000,0.000000,0.010842,0.001059,0.003492,0.010371,0.00025607
24,219,2.721590,0.000128,25.8154,0.000000,0.000000,0.000000,0.024885,0.000748,0.003714,0.011652,0.00025607
24,220,2.620748,0.000092,39.2890,0.000000,0.000000,0.000000,0.016865,0.000887,0.003345,0.010070,0.00025607
24,221,2.545926,0.000109,25.8934,0.000000,0.000000,0.000000,0.015249,0.000892,0.003596,0.010366,0.00025607
24,222,2.355059,0.000096,26.5906,0.000000,0.000000,0.000000,0.011251,0.000742,0.003607,0.009272,0.00025607
24,223,2.168040,0.000119,25.5339,0.000000,0.000000,0.000000,0.039080,0.001162,0.004032,0.009983,0.00025607
24,224,2.602720,0.000086,26.4306,0.000000,0.000000,0.000000,0.011249,0.000913,0.003561,0.009534,0.00025607
24,225,2.172240,0.000089,20.1101,0.000000,0.000000,0.000000,0.016894,0.003216,0.003576,0.008550,0.00025607
24,226,2.786160,0.000099,51.7099,0.000000,0.000000,0.000000,0.013281,0.001001,0.003937,0.009095,0.00025607
24,227,1.987281,0.000096,14.2797,0.000000,0.000000,0.000000,0.010751,0.001288,0.003686,0.008996,0.00025607
24,228,3.416951,0.000088,69.3739,0.000000,0.000000,0.000000,0.011224,0.000984,0.004082,0.008819,0.00025607
24,229,2.483468,0.000134,16.3464,0.000000,0.000000,0.000000,0.035114,0.001857,0.004517,0.010771,0.00025607
24,230,3.554996,0.000141,32.4795,0.000000,0.000000,0.000000,0.044769,0.002303,0.004593,0.011240,0.00025607
24,231,2.182502,0.000092,19.8924,0.000000,0.000000,0.000000,0.019725,0.000809,0.004104,0.008596,0.00025607
24,232,3.324471,0.000075,41.8481,0.000000,0.000000,0.000000,0.038896,0.000753,0.003611,0.007970,0.00025607
24,233,2.297454,0.000138,19.5497,0.000000,0.000000,0.000000,0.028530,0.001322,0.003876,0.011815,0.00025607
24,234,3.265148,0.000083,48.4493,0.000000,0.000000,0.000000,0.018937,0.000911,0.003264,0.008944,0.00025607
24,235,1.914225,0.000082,15.5188,0.000000,0.000000,0.000000,0.021499,0.000726,0.003257,0.008789,0.00025607
24,236,2.579094,0.000090,30.1251,0.000000,0.000000,0.000000,0.013194,0.001102,0.003311,0.008724,0.00025607
24,237,1.672908,0.000078,15.9346,0.000000,0.000000,0.000000,0.013933,0.000938,0.003203,0.008506,0.00025607
24,238,5.049646,0.000081,50.4845,0.000000,0.000000,0.000000,0.010883,0.001241,0.003431,0.008666,0.00025607
24,239,3.706320,0.000139,26.3233,0.000000,0.000000,0.000000,0.014887,0.001322,0.004156,0.011525,0.00025607
24,240,3.929003,0.000106,28.2265,0.000000,0.000000,0.000000,0.030351,0.002243,0.003782,0.010901,0.00025607
24,241,2.645042,0.000120,25.8012,0.000000,0.000000,0.000000,0.037244,0.004551,0.003832,0.010621,0.00025607
24,242,3.349362,0.000127,24.4758,0.000000,0.000000,0.000000,0.032774,0.003463,0.004164,0.011366,0.00025607
24,243,2.937274,0.000095,26.4618,0.000000,0.000000,0.000000,0.022864,0.003242,0.003871,0.010284,0.00025607
24,244,2.754562,0.000087,34.1048,0.000000,0.000000,0.000000,0.018135,0.001975,0.003544,0.009314,0.00025607
24,245,2.196930,0.000117,20.3675,0.000000,0.000000,0.000000,0.043198,0.002745,0.004312,0.010656,0.00025607
24,246,2.417548,0.000125,26.2779,0.000000,0.000000,0.000000,0.034430,0.001981,0.004947,0.012129,0.00025607
24,247,2.249373,0.000114,24.3592,0.000000,0.000000,0.000000,0.021229,0.001925,0.004283,0.011164,0.00025607
24,248,2.159445,0.000109,26.9500,0.000000,0.000000,0.000000,0.016694,0.001439,0.003948,0.010204,0.00025607
24,249,2.306232,0.000103,24.7215,0.000000,0.000000,0.000000,0.013273,0.001398,0.003778,0.009633,0.00025607
24,250,2.185990,0.000107,25.8415,0.000000,0.000000,0.000000,0.012333,0.001230,0.003619,0.009626,0.00025607
24,251,2.948250,0.000138,41.4119,0.000000,0.000000,0.000000,0.020460,0.001831,0.004511,0.012177,0.00025607
24,252,2.038149,0.000116,19.6535,0.000000,0.000000,0.000000,0.017106,0.001022,0.004066,0.010007,0.00025607
24,253,3.252355,0.000107,47.5076,0.000000,0.000000,0.000000,0.013315,0.000981,0.004576,0.009944,0.00025607
24,254,2.435863,0.000102,22.8955,0.000000,0.000000,0.000000,0.016204,0.001305,0.004640,0.010485,0.00025607
24,255,3.679937,0.000096,71.0066,0.000000,0.000000,0.000000,0.009988,0.000759,0.004527,0.009148,0.00025607
24,256,2.068935,0.000091,19.7296,0.000000,0.000000,0.000000,0.021372,0.001049,0.004270,0.009589,0.00025607
24,257,3.802952,0.000075,26.8907,0.000000,0.000000,0.000000,0.010244,0.000536,0.003447,0.007659,0.00025607
24,258,3.434370,0.000097,37.7790,0.000000,0.000000,0.000000,0.012772,0.000840,0.004035,0.010916,0.00025607
24,259,3.022524,0.000159,19.0985,0.000000,0.000000,0.000000,0.048455,0.001238,0.004503,0.011207,0.00025607
24,260,2.867401,0.000122,26.6610,0.000000,0.000000,0.000000,0.028136,0.001911,0.004575,0.011389,0.00025607
24,261,2.838011,0.000130,41.7444,0.000000,0.000000,0.000000,0.025762,0.001795,0.004995,0.011958,0.00025607
24,262,1.955542,0.000118,14.3958,0.000000,0.000000,0.000000,0.027685,0.001433,0.004505,0.011112,0.00025607
24,263,4.774945,0.000094,106.2420,0.000000,0.000000,0.000000,0.011747,0.001235,0.004198,0.010120,0.00025607
24,264,2.758677,0.000144,40.7584,0.000000,0.000000,0.000000,0.042291,0.003629,0.004764,0.010792,0.00025607
24,265,3.664420,0.000127,34.9942,0.000000,0.000000,0.000000,0.015741,0.004358,0.004083,0.009737,0.00025607
24,266,2.810239,0.000108,24.2525,0.000000,0.000000,0.000000,0.022598,0.001218,0.004038,0.008812,0.00025607
24,267,3.294174,0.000097,60.5832,0.000000,0.000000,0.000000,0.016406,0.001394,0.003766,0.008453,0.00025607
24,268,1.979487,0.000081,20.5833,0.000000,0.000000,0.000000,0.034527,0.001172,0.003663,0.008236,0.00025607
24,269,3.787002,0.000091,55.3584,0.000000,0.000000,0.000000,0.018464,0.001143,0.003799,0.008303,0.00025607
24,270,2.948407,0.000073,20.6858,0.000000,0.000000,0.000000,0.022427,0.000569,0.003555,0.007968,0.00025607
24,271,2.593030,0.000100,29.0966,0.000000,0.000000,0.000000,0.022878,0.001008,0.003990,0.014156,0.00025607
24,272,2.525460,0.000159,28.2868,0.000000,0.000000,0.000000,0.042490,0.002088,0.005163,0.014645,0.00025607
24,273,3.567796,0.000197,35.7049,0.000000,0.000000,0.000000,0.071862,0.002160,0.006584,0.022540,0.00025607
24,274,3.196818,0.000149,26.8803,0.000000,0.000000,0.000000,0.051515,0.001268,0.004818,0.015866,0.00025607
24,275,2.711768,0.000201,25.3940,0.000000,0.000000,0.000000,0.052986,0.002020,0.006005,0.021273,0.00025607
24,276,3.752894,0.000200,25.8239,0.000000,0.000000,0.000000,0.070222,0.001897,0.006483,0.020338,0.00025607
24,277,2.281459,0.000129,20.7139,0.000000,0.000000,0.000000,0.016627,0.001421,0.004774,0.014574,0.00025607
24,278,3.785438,0.000091,64.2512,0.000000,0.000000,0.000000,0.023010,0.001027,0.003644,0.010661,0.00025607
24,279,1.767474,0.000087,13.8226,0.000000,0.000000,0.000000,0.022681,0.001532,0.003353,0.010034,0.00025607
24,280,4.535892,0.000099,65.0522,0.000000,0.000000,0.000000,0.010919,0.001019,0.003493,0.009365,0.00025607
24,281,2.867252,0.000095,29.4549,0.000000,0.000000,0.000000,0.016021,0.000898,0.003750,0.009094,0.00025607
24,282,2.580979,0.000092,30.4576,0.000000,0.000000,0.000000,0.017780,0.000759,0.003731,0.008775,0.00025607
24,283,2.352838,0.000076,31.1460,0.000000,0.000000,0.000000,0.011041,0.000628,0.003645,0.010002,0.00025607
24,284,2.455833,0.000088,23.1434,0.000000,0.000000,0.000000,0.018897,0.000722,0.003792,0.010022,0.00025607
24,285,2.294885,0.000108,19.5578,0.000000,0.000000,0.000000,0.017853,0.000997,0.004845,0.010366,0.00025607
24,286,3.010940,0.000085,64.4068,0.000000,0.000000,0.000000,0.010791,0.000668,0.004256,0.009805,0.00025607
24,287,1.714785,0.000091,11.4630,0.000000,0.000000,0.000000,0.006107,0.000790,0.004254,0.009458,0.00025607
24,288,3.567710,0.000098,74.0827,0.000000,0.000000,0.000000,0.007240,0.000979,0.004134,0.009793,0.00025607
24,289,1.808447,0.000102,11.3738,0.000000,0.000000,0.000000,0.026573,0.001410,0.003772,0.010313,0.00025607
24,290,3.240604,0.000143,39.5391,0.000000,0.000000,0.000000,0.032247,0.001049,0.005507,0.013476,0.00025607
24,291,2.812990,0.000138,20.8339,0.000000,0.000000,0.000000,0.038515,0.001595,0.004906,0.011849,0.00025607
24,292,2.753626,0.000110,23.5420,0.000000,0.000000,0.000000,0.027091,0.001787,0.005779,0.011614,0.00025607
24,293,2.291055,0.000087,15.8047,0.000000,0.000000,0.000000,0.022922,0.001688,0.006001,0.010993,0.00025607
24,294,1.941846,0.000085,23.0710,0.000000,0.000000,0.000000,0.011136,0.001385,0.004914,0.010101,0.00025607
24,295,2.655491,0.000096,34.2274,0.000000,0.000000,0.000000,0.013429,0.001899,0.004810,0.011411,0.00025607
24,296,2.034811,0.000103,15.8952,0.000000,0.000000,0.000000,0.024988,0.001446,0.004454,0.011198,0.00025607
25,1,3.557751,0.000138,64.8579,0.000000,0.000000,0.000000,0.034863,0.001806,0.005470,0.016312,0.00023334
25,2,2.116545,0.000125,19.6694,0.000000,0.000000,0.000000,0.034076,0.001578,0.005075,0.014194,0.00023334
25,3,3.147086,0.000123,36.3629,0.000000,0.000000,0.000000,0.029716,0.001482,0.004616,0.012052,0.00023334
25,4,2.462141,0.000123,25.9320,0.000000,0.000000,0.000000,0.028107,0.001204,0.004380,0.011626,0.00023334
25,5,3.329296,0.000112,54.8715,0.000000,0.000000,0.000000,0.026650,0.001388,0.004393,0.011372,0.00023334
25,6,2.486005,0.000111,21.5485,0.000000,0.000000,0.000000,0.024708,0.000900,0.004335,0.010216,0.00023334
25,7,2.945772,0.000122,30.0596,0.000000,0.000000,0.000000,0.021849,0.001629,0.004287,0.012747,0.00023334
25,8,1.883382,0.000118,15.5962,0.000000,0.000000,0.000000,0.016968,0.001469,0.004300,0.011108,0.00023334
25,9,3.730472,0.000117,41.6296,0.000000,0.000000,0.000000,0.016113,0.001296,0.004763,0.010396,0.00023334
25,10,2.841502,0.000117,28.0055,0.000000,0.000000,0.000000,0.015566,0.001026,0.005012,0.009800,0.00023334
25,11,2.463523,0.000116,25.2374,0.000000,0.000000,0.000000,0.020585,0.001062,0.004868,0.010217,0.00023334
25,12,2.343591,0.000106,20.6257,0.000000,0.000000,0.000000,0.010048,0.000953,0.004462,0.009537,0.00023334
25,13,2.735692,0.000103,31.2474,0.000000,0.000000,0.000000,0.023011,0.000946,0.004143,0.010096,0.00023334
25,14,1.960407,0.000106,14.3482,0.000000,0.000000,0.000000,0.025889,0.000774,0.004469,0.009916,0.00023334
25,15,4.315345,0.000116,91.1674,0.000000,0.000000,0.000000,0.021108,0.001065,0.003875,0.008887,0.00023334
25,16,2.266632,0.000099,37.1025,0.000000,0.000000,0.000000,0.012818,0.000811,0.003477,0.008543,0.00023334
25,17,3.481332,0.000098,30.3406,0.000000,0.000000,0.000000,0.013517,0.000787,0.003655,0.008890,0.00023334
25,18,2.757843,0.000099,22.5480,0.000000,0.000000,0.000000,0.011402,0.000792,0.003510,0.008715,0.00023334
25,19,3.018071,0.000101,44.9450,0.000000,0.000000,0.000000,0.039568,0.002088,0.003930,0.013022,0.00023334
25,20,2.115184,0.000102,23.0401,0.000000,0.000000,0.000000,0.041117,0.001368,0.003876,0.014124,0.00023334
25,21,2.937792,0.000081,29.7795,0.000000,0.000000,0.000000,0.037950,0.001775,0.003495,0.011670,0.00023334
25,22,1.934138,0.000088,15.3526,0.000000,0.000000,0.000000,0.014165,0.001308,0.003797,0.011323,0.00023334
25,23,3.832036,0.000092,65.4994,0.000000,0.000000,0.000000,0.019985,0.001290,0.003937,0.011965,0.00023334
25,24,3.155772,0.000111,44.4622,0.000000,0.000000,0.000000,0.020805,0.001534,0.004357,0.013862,0.00023334
25,25,2.333932,0.000083,17.9788,0.000000,0.000000,0.000000,0.008582,0.001171,0.004243,0.010555,0.00023334
25,26,2.951205,0.000107,52.5796,0.000000,0.000000,0.000000,0.009667,0.001039,0.003913,0.011106,0.00023334
25,27,2.100027,0.000120,17.9292,0.000000,0.000000,0.000000,0.019324,0.001397,0.004142,0.012158,0.00023334
25,28,2.540297,0.000108,43.7365,0.000000,0.000000,0.000000,0.013746,0.001101,0.004005,0.011141,0.00023334
25,29,2.108286,0.000109,18.9683,0.000000,0.000000,0.000000,0.012397,0.001129,0.004081,0.010884,0.00023334
25,30,2.418840,0.000105,35.1825,0.000000,0.000000,0.000000,0.009772,0.000779,0.003820,0.010215,0.00023334
25,31,2.036072,0.000110,18.0315,0.000000,0.000000,0.000000,0.012904,0.001016,0.003910,0.011087,0.00023334
25,32,2.801887,0.000120,27.1750,0.000000,0.000000,0.000000,0.009613,0.000947,0.004318,0.011219,0.00023334
25,33,2.174819,0.000109,20.0969,0.000000,0.000000,0.000000,0.040389,0.000603,0.004142,0.011819,0.00023334
25,34,2.720369,0.000105,44.7058,0.000000,0.000000,0.000000,0.027463,0.000777,0.003879,0.010355,0.00023334
25,35,2.060010,0.000110,15.5331,0.000000,0.000000,0.000000,0.018709,0.000879,0.003720,0.010911,0.00023334
25,36,2.923555,0.000095,60.3183,0.000000,0.000000,0.000000,0.007713,0.000683,0.003668,0.009563,0.00023334
25,37,1.810170,0.000099,11.2370,0.000000,0.000000,0.000000,0.016302,0.000935,0.003752,0.010098,0.00023334
25,38,3.405994,0.000092,65.0291,0.000000,0.000000,0.000000,0.013377,0.000711,0.003637,0.009939,0.00023334
25,39,2.148147,0.000131,18.0160,0.000000,0.000000,0.000000,0.026576,0.001016,0.003870,0.012329,0.00023334
25,40,2.796922,0.000099,34.7304,0.000000,0.000000,0.000000,0.017474,0.001076,0.003664,0.010130,0.00023334
25,41,2.049825,0.000104,14.6954,0.000000,0.000000,0.000000,0.012619,0.001077,0.003710,0.010438,0.00023334
25,42,3.325359,0.000106,70.1855,0.000000,0.000000,0.000000,0.011963,0.000956,0.003971,0.010127,0.00023334
25,43,1.790958,0.000107,13.3229,0.000000,0.000000,0.000000,0.015162,0.001101,0.003985,0.010775,0.00023334
25,44,2.582893,0.000125,29.3395,0.000000,0.000000,0.000000,0.013797,0.001429,0.004131,0.010577,0.00023334
25,45,2.667723,0.000107,20.2161,0.000000,0.000000,0.000000,0.016406,0.000735,0.004527,0.010113,0.00023334
25,46,2.290624,0.000097,23.5557,0.000000,0.000000,0.000000,0.024556,0.000952,0.004496,0.009876,0.00023334
25,47,3.327314,0.000103,49.1878,0.000000,0.000000,0.000000,0.060426,0.001159,0.004440,0.010334,0.00023334
25,48,2.589479,0.000090,15.0092,0.000000,0.000000,0.000000,0.044503,0.000765,0.004120,0.008926,0.00023334
25,49,3.217545,0.000112,31.8016,0.000000,0.000000,0.000000,0.031172,0.001182,0.004532,0.010633,0.00023334
25,50,2.085192,0.000079,15.5603,0.000000,0.000000,0.000000,0.042116,0.000769,0.003718,0.008828,0.00023334
25,51,3.370937,0.000083,43.7411,0.000000,0.000000,0.000000,0.012415,0.001302,0.004519,0.010674,0.00023334
25,52,2.284437,0.000086,14.0380,0.000000,0.000000,0.000000,0.025028,0.002557,0.004317,0.011499,0.00023334
25,53,5.399316,0.000100,57.9167,0.000000,0.000000,0.000000,0.015756,0.005714,0.003941,0.010050,0.00023334
25,54,4.263384,0.000116,38.5838,0.000000,0.000000,0.000000,0.013197,0.001816,0.004021,0.010570,0.00023334
25,55,2.857096,0.000109,25.4272,0.000000,0.000000,0.000000,0.011638,0.001242,0.003983,0.009884,0.00023334
25,56,3.065170,0.000098,20.6739,0.000000,0.000000,0.000000,0.013554,0.001085,0.004115,0.009309,0.00023334
25,57,2.597365,0.000115,34.2667,0.000000,0.000000,0.000000,0.013347,0.001391,0.004180,0.010013,0.00023334
25,58,1.941785,0.000086,13.5169,0.000000,0.000000,0.000000,0.004630,0.000668,0.003743,0.007870,0.00023334
25,59,3.774536,0.000160,70.9402,0.000000,0.000000,0.000000,0.035188,0.001633,0.004804,0.012680,0.00023334
25,60,2.003827,0.000132,17.3819,0.000000,0.000000,0.000000,0.022936,0.001611,0.004285,0.011000,0.00023334
25,61,3.774284,0.000116,31.6305,0.000000,0.000000,0.000000,0.024023,0.001053,0.004550,0.010951,0.00023334
25,62,2.562670,0.000122,25.3391,0.000000,0.000000,0.000000,0.018632,0.001254,0.005051,0.011764,0.00023334
25,63,3.295314,0.000134,60.4479,0.000000,0.000000,0.000000,0.029773,0.001929,0.004909,0.010695,0.00023334
25,64,1.945361,0.000114,22.9363,0.000000,0.000000,0.000000,0.017807,0.001265,0.004630,0.010279,0.00023334
25,65,3.211680,0.000131,43.1426,0.000000,0.000000,0.000000,0.027741,0.001674,0.004178,0.019860,0.00023334
25,66,2.563506,0.000125,34.1269,0.000000,0.000000,0.000000,0.020490,0.001532,0.004670,0.016747,0.00023334
25,67,2.559366,0.000110,26.1733,0.000000,0.000000,0.000000,0.021774,0.001789,0.004429,0.018296,0.00023334
25,68,2.051786,0.000125,17.6661,0.000000,0.000000,0.000000,0.020368,0.001898,0.004432,0.017392,0.00023334
25,69,3.739458,0.000117,44.5226,0.000000,0.000000,0.000000,0.018698,0.001857,0.004240,0.016147,0.00023334
25,70,2.525167,0.000109,24.2579,0.000000,0.000000,0.000000,0.036110,0.001989,0.004486,0.015494,0.00023334
25,71,3.068268,0.000092,39.3238,0.000000,0.000000,0.000000,0.031414,0.000850,0.003404,0.010302,0.00023334
25,72,2.379346,0.000118,27.7762,0.000000,0.000000,0.000000,0.020400,0.001180,0.004083,0.011334,0.00023334
25,73,2.654922,0.000086,33.8375,0.000000,0.000000,0.000000,0.046880,0.003068,0.004160,0.010771,0.00023334
25,74,2.312432,0.000099,14.6955,0.000000,0.000000,0.000000,0.009658,0.001205,0.004022,0.010379,0.00023334
25,75,3.510570,0.000080,29.2474,0.000000,0.000000,0.000000,0.024306,0.001581,0.004020,0.011900,0.00023334
25,76,2.328041,0.000121,15.2147,0.000000,0.000000,0.000000,0.016204,0.002329,0.004583,0.011473,0.00023334
25,77,3.032933,0.000087,17.7971,0.000000,0.000000,0.000000,0.053168,0.001492,0.004140,0.018009,0.00023334
25,78,2.273566,0.000107,22.5025,0.000000,0.000000,0.000000,0.030123,0.002464,0.004300,0.015714,0.00023334
25,79,2.737235,0.000104,26.5387,0.000000,0.000000,0.000000,0.031987,0.003291,0.003781,0.012577,0.00023334
25,80,2.381649,0.000110,23.0247,0.000000,0.000000,0.000000,0.021116,0.002027,0.003894,0.011123,0.00023334
25,81,2.236782,0.000085,35.2428,0.000000,0.000000,0.000000,0.009884,0.001368,0.003572,0.010339,0.00023334
25,82,2.068132,0.000082,17.3347,0.000000,0.000000,0.000000,0.012985,0.001206,0.003515,0.010754,0.00023334
25,83,2.683227,0.000069,54.4207,0.000000,0.000000,0.000000,0.013679,0.000648,0.003610,0.009623,0.00023334
25,84,2.047231,0.000084,18.0531,0.000000,0.000000,0.000000,0.033739,0.000908,0.003621,0.009812,0.00023334
25,85,2.573304,0.000084,38.0531,0.000000,0.000000,0.000000,0.018229,0.002072,0.003954,0.009720,0.00023334
25,86,1.857997,0.000094,15.1147,0.000000,0.000000,0.000000,0.021499,0.002560,0.003974,0.009516,0.00023334
25,87,3.006671,0.000085,32.9842,0.000000,0.000000,0.000000,0.012165,0.001437,0.003453,0.009091,0.00023334
25,88,2.136817,0.000093,17.2070,0.000000,0.000000,0.000000,0.008373,0.001492,0.003590,0.009491,0.00023334
25,89,2.989472,0.000086,50.1718,0.000000,0.000000,0.000000,0.018647,0.001658,0.003600,0.008989,0.00023334
25,90,1.932824,0.000085,14.0379,0.000000,0.000000,0.000000,0.015575,0.001140,0.003572,0.009527,0.00023334
25,91,2.492769,0.000090,41.4407,0.000000,0.000000,0.000000,0.044579,0.001315,0.003566,0.012751,0.00023334
25,92,2.355072,0.000095,21.5688,0.000000,0.000000,0.000000,0.021888,0.001438,0.003453,0.010550,0.00023334
25,93,2.666922,0.000089,43.2147,0.000000,0.000000,0.000000,0.015362,0.001426,0.003508,0.009839,0.00023334
25,94,2.232472,0.000085,18.4465,0.000000,0.000000,0.000000,0.011096,0.000695,0.003274,0.008652,0.00023334
25,95,2.772614,0.000100,47.9398,0.000000,0.000000,0.000000,0.020813,0.000939,0.003370,0.009834,0.00023334
25,96,1.686093,0.000073,12.2041,0.000000,0.000000,0.000000,0.006329,0.000559,0.003168,0.008373,0.00023334
25,97,2.867087,0.000096,39.5596,0.000000,0.000000,0.000000,0.009905,0.000800,0.003661,0.012366,0.00023334
25,98,2.050794,0.000087,17.2398,0.000000,0.000000,0.000000,0.013682,0.000969,0.003723,0.010885,0.00023334
25,99,3.832307,0.000096,75.3451,0.000000,0.000000,0.000000,0.019475,0.000824,0.004086,0.009244,0.00023334
25,100,2.160781,0.000115,23.8483,0.000000,0.000000,0.000000,0.016076,0.000819,0.004172,0.009780,0.00023334
25,101,3.013847,0.000091,38.1103,0.000000,0.000000,0.000000,0.011579,0.000764,0.003506,0.009164,0.00023334
25,102,2.138907,0.000079,20.0827,0.000000,0.000000,0.000000,0.016290,0.000565,0.003442,0.008321,0.00023334
25,103,3.218827,0.000085,55.6885,0.000000,0.000000,0.000000,0.012217,0.000599,0.003425,0.009274,0.00023334
25,104,2.505830,0.000078,27.2129,0.000000,0.000000,0.000000,0.016855,0.000814,0.003408,0.008714,0.00023334
25,105,2.793900,0.000074,36.8795,0.000000,0.000000,0.000000,0.017627,0.000657,0.003222,0.008001,0.00023334
25,106,2.818374,0.000095,17.4558,0.000000,0.000000,0.000000,0.008461,0.000733,0.003748,0.009621,0.00023334
25,107,3.183180,0.000106,22.5442,0.000000,0.000000,0.000000,0.020962,0.001227,0.003339,0.008843,0.00023334
25,108,2.305740,0.000107,18.8259,0.000000,0.000000,0.000000,0.020442,0.001445,0.003426,0.008419,0.00023334
25,109,3.660316,0.000067,75.9235,0.000000,0.000000,0.000000,0.023984,0.000877,0.003085,0.007355,0.00023334
25,110,2.584555,0.000086,21.6250,0.000000,0.000000,0.000000,0.018955,0.000859,0.004133,0.009479,0.00023334
25,111,3.029361,0.000102,21.6019,0.000000,0.000000,0.000000,0.018507,0.000975,0.004296,0.009055,0.00023334
25,112,2.085624,0.000086,14.9060,0.000000,0.000000,0.000000,0.013795,0.001631,0.003961,0.009045,0.00023334
25,113,4.345882,0.000098,90.4284,0.000000,0.000000,0.000000,0.019982,0.000763,0.004316,0.009287,0.00023334
25,114,2.746318,0.000120,43.2575,0.000000,0.000000,0.000000,0.034799,0.001451,0.004697,0.011091,0.00023334
25,115,2.879661,0.000090,21.8686,0.000000,0.000000,0.000000,0.012229,0.000842,0.004199,0.008967,0.00023334
25,116,2.062535,0.000077,13.7114,0.000000,0.000000,0.000000,0.015401,0.000830,0.004119,0.009120,0.00023334
25,117,3.983614,0.000118,47.2349,0.000000,0.000000,0.000000,0.042879,0.002266,0.003861,0.012626,0.00023334
25,118,2.496176,0.000102,18.4867,0.000000,0.000000,0.000000,0.034014,0.002269,0.003756,0.012109,0.00023334
25,119,3.985894,0.000098,28.5855,0.000000,0.000000,0.000000,0.024947,0.002645,0.003685,0.010500,0.00023334
25,120,2.726060,0.000106,25.7604,0.000000,0.000000,0.000000,0.020020,0.002346,0.003600,0.011286,0.00023334
25,121,2.757724,0.000097,26.8323,0.000000,0.000000,0.000000,0.021843,0.001799,0.003762,0.010507,0.00023334
25,122,2.197297,0.000105,22.3787,0.000000,0.000000,0.000000,0.023330,0.002152,0.004040,0.011328,0.00023334
25,123,3.686189,0.000107,57.1481,0.000000,0.000000,0.000000,0.035093,0.000901,0.003940,0.010435,0.00023334
25,124,3.020684,0.000108,27.5154,0.000000,0.000000,0.000000,0.024104,0.002083,0.004177,0.009878,0.00023334
25,125,2.345997,0.000097,16.4313,0.000000,0.000000,0.000000,0.015282,0.001308,0.004181,0.009816,0.00023334
25,126,2.743311,0.000082,39.9311,0.000000,0.000000,0.000000,0.014678,0.000772,0.003926,0.008677,0.00023334
25,127,1.928030,0.000096,12.5969,0.000000,0.000000,0.000000,0.016736,0.000958,0.004042,0.008693,0.00023334
25,128,2.802310,0.000148,52.2694,0.000000,0.000000,0.000000,0.025684,0.001387,0.005228,0.011563,0.00023334
25,129,2.348076,0.000121,16.4634,0.000000,0.000000,0.000000,0.044121,0.001988,0.004314,0.010208,0.00023334
25,130,2.134381,0.000087,26.9316,0.000000,0.000000,0.000000,0.017868,0.001195,0.003715,0.009594,0.00023334
25,131,2.304508,0.000091,23.3920,0.000000,0.000000,0.000000,0.012214,0.001294,0.004165,0.009909,0.00023334
25,132,2.009917,0.000117,22.3240,0.000000,0.000000,0.000000,0.022813,0.000764,0.004341,0.010779,0.00023334
25,133,2.352087,0.000092,21.0656,0.000000,0.000000,0.000000,0.006501,0.000547,0.003759,0.008980,0.00023334
25,134,1.891672,0.000076,18.6003,0.000000,0.000000,0.000000,0.006541,0.000463,0.003664,0.008958,0.00023334
25,135,2.328707,0.000103,33.5489,0.000000,0.000000,0.000000,0.033323,0.000650,0.003815,0.010849,0.00023334
25,136,2.575973,0.000106,25.2568,0.000000,0.000000,0.000000,0.012599,0.001023,0.004190,0.009968,0.00023334
25,137,2.033916,0.000094,23.4169,0.000000,0.000000,0.000000,0.014781,0.000862,0.003691,0.009066,0.00023334
25,138,2.279643,0.000085,27.9152,0.000000,0.000000,0.000000,0.007353,0.000606,0.003645,0.009088,0.00023334
25,139,2.070015,0.000106,16.5021,0.000000,0.000000,0.000000,0.013774,0.000630,0.003838,0.009987,0.00023334
25,140,3.915561,0.000089,84.9191,0.000000,0.000000,0.000000,0.009048,0.000676,0.003561,0.008365,0.00023334
25,141,1.822544,0.000119,24.0157,0.000000,0.000000,0.000000,0.019067,0.000779,0.004986,0.009410,0.00023334
25,142,3.177024,0.000131,25.5724,0.000000,0.000000,0.000000,0.034096,0.000926,0.005044,0.012614,0.00023334
25,143,2.498918,0.000097,27.2273,0.000000,0.000000,0.000000,0.006196,0.000963,0.004516,0.010987,0.00023334
25,144,1.980052,0.000103,25.7187,0.000000,0.000000,0.000000,0.013234,0.001105,0.004456,0.011079,0.00023334
25,145,2.943373,0.000090,28.4156,0.000000,0.000000,0.000000,0.007506,0.000634,0.004088,0.010529,0.00023334
25,146,2.875050,0.000098,23.4990,0.000000,0.000000,0.000000,0.019171,0.000978,0.003801,0.011846,0.00023334
25,147,4.061404,0.000084,43.7151,0.000000,0.000000,0.000000,0.013353,0.000954,0.003460,0.009733,0.00023334
25,148,2.417109,0.000082,12.2916,0.000000,0.000000,0.000000,0.004659,0.000979,0.003432,0.009040,0.00023334
25,149,5.018964,0.000099,45.7761,0.000000,0.000000,0.000000,0.029992,0.000782,0.003683,0.009181,0.00023334
25,150,3.669513,0.000095,16.2904,0.000000,0.000000,0.000000,0.017917,0.000884,0.003559,0.008580,0.00023334
25,151,2.900393,0.000084,27.6306,0.000000,0.000000,0.000000,0.026188,0.001012,0.003684,0.008912,0.00023334
25,152,2.517436,0.000085,14.9349,0.000000,0.000000,0.000000,0.022051,0.000900,0.003839,0.009110,0.00023334
25,153,2.868110,0.000091,19.3820,0.000000,0.000000,0.000000,0.014397,0.001199,0.003953,0.009484,0.00023334
25,154,2.568412,0.000088,27.4286,0.000000,0.000000,0.000000,0.010895,0.000896,0.003929,0.008755,0.00023334
25,155,2.337796,0.000102,18.2939,0.000000,0.000000,0.000000,0.020993,0.001590,0.003886,0.010298,0.00023334
25,156,2.076528,0.000086,20.8007,0.000000,0.000000,0.000000,0.022775,0.001106,0.003868,0.009247,0.00023334
25,157,2.124325,0.000104,26.9627,0.000000,0.000000,0.000000,0.017016,0.001233,0.004240,0.009736,0.00023334
25,158,1.912971,0.000083,15.9113,0.000000,0.000000,0.000000,0.028768,0.001334,0.004106,0.009528,0.00023334
25,159,2.275645,0.000104,24.5482,0.000000,0.000000,0.000000,0.026509,0.002358,0.004287,0.009484,0.00023334
25,160,2.207166,0.000101,19.4444,0.000000,0.000000,0.000000,0.023293,0.001827,0.004355,0.010039,0.00023334
25,161,2.475540,0.000104,25.9255,0.000000,0.000000,0.000000,0.008637,0.001443,0.003512,0.010954,0.00023334
25,162,1.992093,0.000090,25.2463,0.000000,0.000000,0.000000,0.008156,0.000906,0.003675,0.009424,0.00023334
25,163,2.263576,0.000107,31.4481,0.000000,0.000000,0.000000,0.025114,0.001257,0.004036,0.010993,0.00023334
25,164,2.164609,0.000084,23.2098,0.000000,0.000000,0.000000,0.008245,0.000943,0.003966,0.009633,0.00023334
25,165,2.356910,0.000089,38.1561,0.000000,0.000000,0.000000,0.008205,0.001161,0.003707,0.009439,0.00023334
25,166,2.340514,0.000103,22.4735,0.000000,0.000000,0.000000,0.009609,0.000806,0.003572,0.009641,0.00023334
25,167,2.374569,0.000095,35.0490,0.000000,0.000000,0.000000,0.008870,0.001422,0.003747,0.009241,0.00023334
25,168,3.179866,0.000123,33.1454,0.000000,0.000000,0.000000,0.053924,0.000929,0.004684,0.014415,0.00023334
25,169,2.510162,0.000105,24.7092,0.000000,0.000000,0.000000,0.023750,0.001738,0.004450,0.010462,0.00023334
25,170,2.472790,0.000109,35.6513,0.000000,0.000000,0.000000,0.037883,0.000974,0.005250,0.011206,0.00023334
25,171,2.332897,0.000104,19.9824,0.000000,0.000000,0.000000,0.023883,0.001127,0.005290,0.010124,0.00023334
25,172,2.654146,0.000086,45.8369,0.000000,0.000000,0.000000,0.013105,0.001127,0.003980,0.009626,0.00023334
25,173,2.197453,0.000113,18.3977,0.000000,0.000000,0.000000,0.014204,0.001200,0.004697,0.010302,0.00023334
25,174,2.310282,0.000149,41.2045,0.000000,0.000000,0.000000,0.021120,0.002720,0.005034,0.012309,0.00023334
25,175,2.452117,0.000085,29.1279,0.000000,0.000000,0.000000,0.029138,0.001815,0.004070,0.011449,0.00023334
25,176,2.301719,0.000096,23.3192,0.000000,0.000000,0.000000,0.008510,0.001747,0.004233,0.010245,0.00023334
25,177,1.841019,0.000105,18.1550,0.000000,0.000000,0.000000,0.009707,0.001655,0.004061,0.010187,0.00023334
25,178,2.568935,0.000098,42.4110,0.000000,0.000000,0.000000,0.017884,0.002425,0.003868,0.010055,0.00023334
25,179,2.049592,0.000071,17.3916,0.000000,0.000000,0.000000,0.012583,0.001082,0.003501,0.008677,0.00023334
25,180,2.616441,0.000079,51.0829,0.000000,0.000000,0.000000,0.015031,0.001240,0.003526,0.009493,0.00023334
25,181,1.905063,0.000104,17.2820,0.000000,0.000000,0.000000,0.023466,0.001214,0.003947,0.009915,0.00023334
25,182,2.726083,0.000078,40.0620,0.000000,0.000000,0.000000,0.015972,0.001367,0.003611,0.008621,0.00023334
25,183,2.050053,0.000095,17.9940,0.000000,0.000000,0.000000,0.025901,0.001236,0.003695,0.009054,0.00023334
25,184,3.126599,0.000097,32.4874,0.000000,0.000000,0.000000,0.011466,0.000831,0.003596,0.009028,0.00023334
25,185,2.067178,0.000089,14.9475,0.000000,0.000000,0.000000,0.011289,0.001097,0.003774,0.009771,0.00023334
25,186,2.406659,0.000090,23.3376,0.000000,0.000000,0.000000,0.009161,0.000502,0.003657,0.008621,0.00023334
25,187,2.335525,0.000090,18.8550,0.000000,0.000000,0.000000,0.022187,0.000855,0.003694,0.010713,0.00023334
25,188,2.351415,0.000087,24.9891,0.000000,0.000000,0.000000,0.010919,0.000681,0.003774,0.009835,0.00023334
25,189,2.219578,0.000098,19.1041,0.000000,0.000000,0.000000,0.016865,0.000556,0.003937,0.008811,0.00023334
25,190,2.098081,0.000130,20.8683,0.000000,0.000000,0.000000,0.011853,0.000619,0.004301,0.011259,0.00023334
25,191,2.531199,0.000074,37.5920,0.000000,0.000000,0.000000,0.012865,0.000889,0.003472,0.008506,0.00023334
25,192,2.497003,0.000090,23.8174,0.000000,0.000000,0.000000,0.017629,0.000613,0.004062,0.009769,0.00023334
25,193,3.210443,0.000082,47.2217,0.000000,0.000000,0.000000,0.010510,0.000787,0.003317,0.008814,0.00023334
25,194,2.282021,0.000099,15.6515,0.000000,0.000000,0.000000,0.011621,0.000871,0.003635,0.009209,0.00023334
25,195,3.963212,0.000107,35.9005,0.000000,0.000000,0.000000,0.019947,0.000993,0.003815,0.009661,0.00023334
25,196,2.496814,0.000090,25.2837,0.000000,0.000000,0.000000,0.013692,0.000720,0.003570,0.009121,0.00023334
25,197,2.987990,0.000077,38.4177,0.000000,0.000000,0.000000,0.016519,0.000662,0.003947,0.009273,0.00023334
25,198,2.058355,0.000092,18.6440,0.000000,0.000000,0.000000,0.010424,0.000576,0.004192,0.009741,0.00023334
25,199,2.749152,0.000076,32.1786,0.000000,0.000000,0.000000,0.014366,0.000885,0.003450,0.008339,0.00023334
25,200,2.500853,0.000100,34.5883,0.000000,0.000000,0.000000,0.014366,0.000463,0.003569,0.009073,0.00023334
25,201,2.848322,0.000095,31.2599,0.000000,0.000000,0.000000,0.020238,0.000600,0.003938,0.009186,0.00023334
25,202,2.266457,0.000108,19.2475,0.000000,0.000000,0.000000,0.013298,0.000672,0.004503,0.009933,0.00023334
25,203,3.149786,0.000084,59.5376,0.000000,0.000000,0.000000,0.014381,0.000838,0.004164,0.010418,0.00023334
25,204,1.975088,0.000094,20.6568,0.000000,0.000000,0.000000,0.007545,0.000542,0.004074,0.010074,0.00023334
25,205,2.905824,0.000111,34.8016,0.000000,0.000000,0.000000,0.013592,0.000920,0.004428,0.010727,0.00023334
25,206,2.726490,0.000103,26.7898,0.000000,0.000000,0.000000,0.024600,0.000776,0.004670,0.012594,0.00023334
25,207,2.622197,0.000109,27.9963,0.000000,0.000000,0.000000,0.049914,0.001581,0.004107,0.013157,0.00023334
25,208,2.050341,0.000090,22.9881,0.000000,0.000000,0.000000,0.021275,0.001062,0.003686,0.009902,0.00023334
25,209,3.463682,0.000121,37.6952,0.000000,0.000000,0.000000,0.035206,0.001891,0.004601,0.012091,0.00023334
25,210,2.897066,0.000143,32.3283,0.000000,0.000000,0.000000,0.029188,0.001594,0.005472,0.012772,0.00023334
25,211,2.546134,0.000105,32.2166,0.000000,0.000000,0.000000,0.026499,0.001423,0.004738,0.012476,0.00023334
25,212,2.721740,0.000094,33.2679,0.000000,0.000000,0.000000,0.017558,0.000790,0.003864,0.010173,0.00023334
25,213,2.486342,0.000097,22.5082,0.000000,0.000000,0.000000,0.016739,0.001206,0.003729,0.014959,0.00023334
25,214,1.850880,0.000096,16.5954,0.000000,0.000000,0.000000,0.017603,0.000962,0.003634,0.013785,0.00023334
25,215,3.868285,0.000103,66.8306,0.000000,0.000000,0.000000,0.016174,0.001269,0.003848,0.011670,0.00023334
25,216,1.883933,0.000094,18.8331,0.000000,0.000000,0.000000,0.008003,0.001001,0.003622,0.010839,0.00023334
25,217,3.222030,0.000092,28.3502,0.000000,0.000000,0.000000,0.009899,0.001327,0.003559,0.010142,0.00023334
25,218,2.579229,0.000090,25.6485,0.000000,0.000000,0.000000,0.013652,0.000982,0.003343,0.009873,0.00023334
25,219,2.920850,0.000113,47.5332,0.000000,0.000000,0.000000,0.022679,0.000970,0.003796,0.012886,0.00023334
25,220,3.212301,0.000092,27.7382,0.000000,0.000000,0.000000,0.024977,0.000680,0.003406,0.009711,0.00023334
25,221,2.909564,0.000109,29.3465,0.000000,0.000000,0.000000,0.018180,0.001040,0.003664,0.009853,0.00023334
25,222,2.059905,0.000089,15.6675,0.000000,0.000000,0.000000,0.009008,0.000621,0.003618,0.009085,0.00023334
25,223,4.541527,0.000116,34.4459,0.000000,0.000000,0.000000,0.028593,0.001708,0.004062,0.010096,0.00023334
25,224,2.868733,0.000085,32.0156,0.000000,0.000000,0.000000,0.011948,0.001114,0.003720,0.009478,0.00023334
25,225,3.184851,0.000081,35.4763,0.000000,0.000000,0.000000,0.008870,0.002554,0.003195,0.007803,0.00023334
25,226,2.043819,0.000089,14.3504,0.000000,0.000000,0.000000,0.011907,0.000806,0.003736,0.007954,0.00023334
25,227,3.622655,0.000087,48.0318,0.000000,0.000000,0.000000,0.016455,0.001396,0.003660,0.009669,0.00023334
25,228,2.150664,0.000100,25.2886,0.000000,0.000000,0.000000,0.022097,0.000718,0.003832,0.009832,0.00023334
25,229,2.980199,0.000130,37.9695,0.000000,0.000000,0.000000,0.032064,0.001613,0.003953,0.011197,0.00023334
25,230,2.655730,0.000147,36.2079,0.000000,0.000000,0.000000,0.024069,0.001480,0.004250,0.010729,0.00023334
25,231,2.658894,0.000088,34.9316,0.000000,0.000000,0.000000,0.007289,0.001066,0.004951,0.008844,0.00023334
25,232,2.144659,0.000072,23.8138,0.000000,0.000000,0.000000,0.014751,0.000773,0.005792,0.009046,0.00023334
25,233,2.721175,0.000126,38.0686,0.000000,0.000000,0.000000,0.023519,0.001008,0.008513,0.013554,0.00023334
25,234,2.452593,0.000085,18.5514,0.000000,0.000000,0.000000,0.013475,0.000799,0.007426,0.010295,0.00023334
25,235,3.362345,0.000074,38.0371,0.000000,0.000000,0.000000,0.011795,0.000978,0.005316,0.009159,0.00023334
25,236,2.494591,0.000084,24.3011,0.000000,0.000000,0.000000,0.015653,0.001688,0.005443,0.009492,0.00023334
25,237,2.910595,0.000070,51.4609,0.000000,0.000000,0.000000,0.008614,0.000862,0.005017,0.009176,0.00023334
25,238,2.156323,0.000070,18.9027,0.000000,0.000000,0.000000,0.005227,0.000597,0.003987,0.009274,0.00023334
25,239,2.949449,0.000129,30.5758,0.000000,0.000000,0.000000,0.025272,0.002235,0.004288,0.010530,0.00023334
25,240,3.054077,0.000094,19.5231,0.000000,0.000000,0.000000,0.017036,0.001203,0.003593,0.010018,0.00023334
25,241,2.313503,0.000104,26.3393,0.000000,0.000000,0.000000,0.017031,0.001550,0.003653,0.010360,0.00023334
25,242,2.535256,0.000123,32.0668,0.000000,0.000000,0.000000,0.020087,0.001546,0.003859,0.010657,0.00023334
25,243,2.319635,0.000087,16.3712,0.000000,0.000000,0.000000,0.010766,0.001217,0.003462,0.010354,0.00023334
25,244,2.279360,0.000079,25.3564,0.000000,0.000000,0.000000,0.008148,0.001085,0.003390,0.009114,0.00023334
25,245,2.116296,0.000114,19.1407,0.000000,0.000000,0.000000,0.025956,0.001674,0.003947,0.010447,0.00023334
25,246,2.680377,0.000124,45.5739,0.000000,0.000000,0.000000,0.032146,0.001368,0.004598,0.012161,0.00023334
25,247,2.185176,0.000120,18.1582,0.000000,0.000000,0.000000,0.015309,0.001305,0.004026,0.011304,0.00023334
25,248,2.650379,0.000111,50.0433,0.000000,0.000000,0.000000,0.012724,0.001060,0.003927,0.010444,0.00023334
25,249,2.115485,0.000113,17.9806,0.000000,0.000000,0.000000,0.009643,0.001347,0.003935,0.009635,0.00023334
25,250,2.502502,0.000112,38.8284,0.000000,0.000000,0.000000,0.010397,0.000995,0.003702,0.009619,0.00023334
25,251,1.994097,0.000140,22.4936,0.000000,0.000000,0.000000,0.015605,0.001150,0.004867,0.012505,0.00023334
25,252,2.910196,0.000105,50.8076,0.000000,0.000000,0.000000,0.013017,0.000864,0.003838,0.009919,0.00023334
25,253,1.993955,0.000111,15.3797,0.000000,0.000000,0.000000,0.024545,0.000935,0.003614,0.009420,0.00023334
25,254,3.161525,0.000105,63.1312,0.000000,0.000000,0.000000,0.018638,0.001714,0.003642,0.009200,0.00023334
25,255,1.657516,0.000095,13.2996,0.000000,0.000000,0.000000,0.013401,0.001064,0.003682,0.008882,0.00023334
25,256,3.131287,0.000097,46.4536,0.000000,0.000000,0.000000,0.011337,0.001901,0.003891,0.009062,0.00023334
25,257,2.200051,0.000070,15.5001,0.000000,0.000000,0.000000,0.006232,0.001181,0.003802,0.007745,0.00023334
25,258,3.152819,0.000085,56.1133,0.000000,0.000000,0.000000,0.019065,0.000509,0.004418,0.010188,0.00023334
25,259,2.405460,0.000134,17.5076,0.000000,0.000000,0.000000,0.054232,0.000983,0.004700,0.011862,0.00023334
25,260,3.244992,0.000123,26.6968,0.000000,0.000000,0.000000,0.029522,0.002365,0.004769,0.011618,0.00023334
25,261,2.469780,0.000123,22.8433,0.000000,0.000000,0.000000,0.012269,0.001696,0.004959,0.012058,0.00023334
25,262,3.713134,0.000115,73.8363,0.000000,0.000000,0.000000,0.022711,0.002372,0.004273,0.010810,0.00023334
25,263,1.976804,0.000090,26.8916,0.000000,0.000000,0.000000,0.013564,0.000956,0.003783,0.009686,0.00023334
25,264,3.466791,0.000140,31.6318,0.000000,0.000000,0.000000,0.041089,0.002335,0.004777,0.012355,0.00023334
25,265,3.251181,0.000128,27.9984,0.000000,0.000000,0.000000,0.030943,0.002494,0.004543,0.010549,0.00023334
25,266,2.595383,0.000101,27.8103,0.000000,0.000000,0.000000,0.029883,0.002447,0.004275,0.009455,0.00023334
25,267,2.525054,0.000097,33.6863,0.000000,0.000000,0.000000,0.021331,0.001290,0.004136,0.009287,0.00023334
25,268,2.274996,0.000078,22.6800,0.000000,0.000000,0.000000,0.009554,0.000839,0.003829,0.008206,0.00023334
25,269,1.967113,0.000096,21.4361,0.000000,0.000000,0.000000,0.018006,0.001064,0.004159,0.009191,0.00023334
25,270,2.565164,0.000074,28.0142,0.000000,0.000000,0.000000,0.008028,0.000853,0.003917,0.008719,0.00023334
25,271,1.838476,0.000106,15.5514,0.000000,0.000000,0.000000,0.022353,0.000966,0.004620,0.014310,0.00023334
25,272,3.403759,0.000158,69.3377,0.000000,0.000000,0.000000,0.041619,0.001832,0.006533,0.015200,0.00023334
25,273,2.049642,0.000193,20.8265,0.000000,0.000000,0.000000,0.067314,0.002412,0.007917,0.020849,0.00023334
25,274,3.630002,0.000144,55.2639,0.000000,0.000000,0.000000,0.037579,0.000909,0.004900,0.013686,0.00023334
25,275,3.015390,0.000199,36.7101,0.000000,0.000000,0.000000,0.065702,0.002016,0.006221,0.021157,0.00023334
25,276,2.657729,0.000210,27.5078,0.000000,0.000000,0.000000,0.066694,0.001897,0.006608,0.021166,0.00023334
25,277,2.033092,0.000131,19.9205,0.000000,0.000000,0.000000,0.019553,0.001258,0.004284,0.014376,0.00023334
25,278,4.020446,0.000087,39.5219,0.000000,0.000000,0.000000,0.047278,0.001226,0.003687,0.010556,0.00023334
25,279,3.008869,0.000094,25.2301,0.000000,0.000000,0.000000,0.045032,0.001702,0.003358,0.010501,0.00023334
25,280,2.393198,0.000104,26.8178,0.000000,0.000000,0.000000,0.013532,0.001476,0.003566,0.010110,0.00023334
25,281,3.149030,0.000093,50.2786,0.000000,0.000000,0.000000,0.015756,0.001655,0.003401,0.009601,0.00023334
25,282,1.820231,0.000089,15.6476,0.000000,0.000000,0.000000,0.010687,0.001603,0.003485,0.009108,0.00023334
25,283,3.801490,0.000097,67.2932,0.000000,0.000000,0.000000,0.015163,0.000574,0.003352,0.008624,0.00023334
25,284,2.603145,0.000089,25.1004,0.000000,0.000000,0.000000,0.020618,0.001141,0.003610,0.010257,0.00023334
25,285,2.773478,0.000102,27.0459,0.000000,0.000000,0.000000,0.016214,0.000804,0.004434,0.010475,0.00023334
25,286,1.980388,0.000078,15.6925,0.000000,0.000000,0.000000,0.014088,0.000654,0.004388,0.009846,0.00023334
25,287,4.295836,0.000086,59.7535,0.000000,0.000000,0.000000,0.009875,0.000621,0.004300,0.009375,0.00023334
25,288,2.926049,0.000088,37.2920,0.000000,0.000000,0.000000,0.007900,0.001041,0.004149,0.009251,0.00023334
25,289,2.341579,0.000105,20.8047,0.000000,0.000000,0.000000,0.018623,0.001218,0.004184,0.010970,0.00023334
25,290,2.121899,0.000131,28.1954,0.000000,0.000000,0.000000,0.034027,0.000941,0.004537,0.014009,0.00023334
25,291,5.354099,0.000106,79.2973,0.000000,0.000000,0.000000,0.019132,0.001436,0.003978,0.010187,0.00023334
25,292,3.123030,0.000094,39.3889,0.000000,0.000000,0.000000,0.016778,0.001484,0.004297,0.010488,0.00023334
25,293,2.621209,0.000086,25.1804,0.000000,0.000000,0.000000,0.020416,0.001355,0.004751,0.011454,0.00023334
25,294,2.368938,0.000084,14.7009,0.000000,0.000000,0.000000,0.019780,0.001401,0.004382,0.009971,0.00023334
25,295,3.283236,0.000091,31.6286,0.000000,0.000000,0.000000,0.012244,0.001296,0.004087,0.010967,0.00023334
25,296,1.814627,0.000096,13.0626,0.000000,0.000000,0.000000,0.024094,0.001283,0.003895,0.011216,0.00023334
26,1,3.921767,0.000138,36.7728,0.000000,0.000000,0.000000,0.039134,0.001785,0.004207,0.013587,0.00020740
26,2,2.543318,0.000129,18.8310,0.000000,0.000000,0.000000,0.037494,0.001864,0.004200,0.012981,0.00020740
26,3,3.094079,0.000124,31.0297,0.000000,0.000000,0.000000,0.026483,0.001371,0.004276,0.010950,0.00020740
26,4,2.131109,0.000121,16.6147,0.000000,0.000000,0.000000,0.022245,0.001284,0.004101,0.011597,0.00020740
26,5,4.493539,0.000112,53.0564,0.000000,0.000000,0.000000,0.024563,0.001344,0.003787,0.011184,0.00020740
26,6,3.062684,0.000116,32.0930,0.000000,0.000000,0.000000,0.026094,0.000917,0.003837,0.010705,0.00020740
26,7,2.419076,0.000120,22.0433,0.000000,0.000000,0.000000,0.014038,0.000973,0.003927,0.012631,0.00020740
26,8,2.520291,0.000116,32.8768,0.000000,0.000000,0.000000,0.013453,0.000850,0.003862,0.010624,0.00020740
26,9,2.348973,0.000117,28.8760,0.000000,0.000000,0.000000,0.015151,0.001093,0.003873,0.010572,0.00020740
26,10,2.207079,0.000118,19.2190,0.000000,0.000000,0.000000,0.009506,0.000988,0.003802,0.009737,0.00020740
26,11,2.198250,0.000111,34.6228,0.000000,0.000000,0.000000,0.013915,0.001047,0.003928,0.010377,0.00020740
26,12,1.876440,0.000103,18.5959,0.000000,0.000000,0.000000,0.009832,0.000889,0.003809,0.009587,0.00020740
26,13,2.036269,0.000112,22.9695,0.000000,0.000000,0.000000,0.020740,0.000924,0.003889,0.010107,0.00020740
26,14,1.919329,0.000098,20.0199,0.000000,0.000000,0.000000,0.022988,0.000727,0.003959,0.009260,0.00020740
26,15,2.412092,0.000100,22.0002,0.000000,0.000000,0.000000,0.014856,0.000830,0.004284,0.008677,0.00020740
26,16,1.714709,0.000097,18.5712,0.000000,0.000000,0.000000,0.013034,0.000721,0.003962,0.008514,0.00020740
26,17,3.238767,0.000096,44.0686,0.000000,0.000000,0.000000,0.015401,0.000854,0.004748,0.008846,0.00020740
26,18,1.872539,0.000094,18.1766,0.000000,0.000000,0.000000,0.011227,0.000729,0.004512,0.008569,0.00020740
26,19,3.321495,0.000101,53.0182,0.000000,0.000000,0.000000,0.045442,0.001491,0.004038,0.014300,0.00020740
26,20,2.578759,0.000099,27.2758,0.000000,0.000000,0.000000,0.033785,0.001342,0.004091,0.015188,0.00020740
26,21,2.355163,0.000080,22.3856,0.000000,0.000000,0.000000,0.021025,0.001261,0.003972,0.012722,0.00020740
26,22,1.940407,0.000087,18.9494,0.000000,0.000000,0.000000,0.011337,0.001278,0.003959,0.011878,0.00020740
26,23,2.838737,0.000092,43.5228,0.000000,0.000000,0.000000,0.017773,0.001485,0.003867,0.012577,0.00020740
26,24,2.512970,0.000107,29.7558,0.000000,0.000000,0.000000,0.034913,0.001255,0.004105,0.012584,0.00020740
26,25,2.526928,0.000075,30.8161,0.000000,0.000000,0.000000,0.015740,0.000715,0.003608,0.009935,0.00020740
26,26,2.127885,0.000114,24.9209,0.000000,0.000000,0.000000,0.011618,0.001132,0.003997,0.011324,0.00020740
26,27,3.353336,0.000112,58.4073,0.000000,0.000000,0.000000,0.015044,0.001340,0.005158,0.012087,0.00020740
26,28,2.160735,0.000112,24.9419,0.000000,0.000000,0.000000,0.014180,0.001259,0.005868,0.011583,0.00020740
26,29,2.501755,0.000103,31.5024,0.000000,0.000000,0.000000,0.011426,0.001066,0.005501,0.011065,0.00020740
26,30,1.829708,0.000103,17.3432,0.000000,0.000000,0.000000,0.008461,0.000759,0.004833,0.010390,0.00020740
26,31,3.379355,0.000110,59.6165,0.000000,0.000000,0.000000,0.010550,0.001059,0.005117,0.010954,0.00020740
26,32,2.648718,0.000116,34.7446,0.000000,0.000000,0.000000,0.008039,0.000819,0.005097,0.011049,0.00020740
26,33,2.275552,0.000108,25.7413,0.000000,0.000000,0.000000,0.048010,0.000838,0.004310,0.012306,0.00020740
26,34,1.803009,0.000110,18.7991,0.000000,0.000000,0.000000,0.023588,0.000732,0.004105,0.010633,0.00020740
26,35,3.451804,0.000106,34.9526,0.000000,0.000000,0.000000,0.029001,0.001012,0.003886,0.010633,0.00020740
26,36,2.309125,0.000092,20.1288,0.000000,0.000000,0.000000,0.008067,0.000837,0.003625,0.009784,0.00020740
26,37,2.967729,0.000090,46.1825,0.000000,0.000000,0.000000,0.013709,0.000993,0.003746,0.010113,0.00020740
26,38,1.954996,0.000088,19.5334,0.000000,0.000000,0.000000,0.015401,0.000946,0.003703,0.010550,0.00020740
26,39,2.725234,0.000101,35.5635,0.000000,0.000000,0.000000,0.018928,0.000882,0.003803,0.011065,0.00020740
26,40,1.892229,0.000098,17.1744,0.000000,0.000000,0.000000,0.019386,0.000693,0.003616,0.009865,0.00020740
26,41,2.995260,0.000102,49.3842,0.000000,0.000000,0.000000,0.016928,0.001113,0.003780,0.010077,0.00020740
26,42,2.310963,0.000108,24.6503,0.000000,0.000000,0.000000,0.014928,0.000772,0.003893,0.009844,0.00020740
26,43,2.281740,0.000105,30.6872,0.000000,0.000000,0.000000,0.010225,0.001104,0.003949,0.010407,0.00020740
26,44,2.073596,0.000104,19.3117,0.000000,0.000000,0.000000,0.009757,0.000794,0.003989,0.009828,0.00020740
26,45,2.752280,0.000092,26.9621,0.000000,0.000000,0.000000,0.018169,0.000707,0.004045,0.009514,0.00020740
26,46,1.816334,0.000092,15.0695,0.000000,0.000000,0.000000,0.024817,0.001375,0.004108,0.010394,0.00020740
26,47,3.607042,0.000101,74.6574,0.000000,0.000000,0.000000,0.020835,0.001473,0.004288,0.010963,0.00020740
26,48,1.678908,0.000095,15.6432,0.000000,0.000000,0.000000,0.018280,0.001029,0.003981,0.009687,0.00020740
26,49,3.277947,0.000119,46.9231,0.000000,0.000000,0.000000,0.028333,0.001616,0.004864,0.011345,0.00020740
26,50,2.257800,0.000087,25.0889,0.000000,0.000000,0.000000,0.011377,0.000959,0.003883,0.008896,0.00020740
26,51,2.695826,0.000073,37.3803,0.000000,0.000000,0.000000,0.018268,0.000873,0.003871,0.009247,0.00020740
26,52,2.833746,0.000088,20.9043,0.000000,0.000000,0.000000,0.012017,0.001242,0.004064,0.011120,0.00020740
26,53,2.845870,0.000084,29.6317,0.000000,0.000000,0.000000,0.011515,0.002142,0.003619,0.009679,0.00020740
26,54,1.906072,0.000106,14.5079,0.000000,0.000000,0.000000,0.020684,0.001245,0.004110,0.009815,0.00020740
26,55,4.951762,0.000108,64.4659,0.000000,0.000000,0.000000,0.013707,0.001087,0.003994,0.009609,0.00020740
26,56,2.804381,0.000096,25.8696,0.000000,0.000000,0.000000,0.012751,0.001661,0.004232,0.009284,0.00020740
26,57,2.738565,0.000110,20.5202,0.000000,0.000000,0.000000,0.011107,0.001042,0.004419,0.010183,0.00020740
26,58,1.672794,0.000087,14.6494,0.000000,0.000000,0.000000,0.004822,0.000622,0.003876,0.009123,0.00020740
26,59,4.066509,0.000163,62.5517,0.000000,0.000000,0.000000,0.032669,0.002423,0.004918,0.013211,0.00020740
26,60,2.905871,0.000135,33.7364,0.000000,0.000000,0.000000,0.023776,0.001790,0.004562,0.012138,0.00020740
26,61,2.353444,0.000104,23.0992,0.000000,0.000000,0.000000,0.023193,0.001078,0.004226,0.010837,0.00020740
26,62,1.748736,0.000103,18.6309,0.000000,0.000000,0.000000,0.013692,0.000981,0.004499,0.010382,0.00020740
26,63,3.041912,0.000125,35.1799,0.000000,0.000000,0.000000,0.033971,0.001457,0.004462,0.010760,0.00020740
26,64,2.198493,0.000102,20.9597,0.000000,0.000000,0.000000,0.015856,0.001248,0.004217,0.009691,0.00020740
26,65,3.355798,0.000134,62.0663,0.000000,0.000000,0.000000,0.021499,0.001921,0.004588,0.018790,0.00020740
26,66,2.491340,0.000112,23.6637,0.000000,0.000000,0.000000,0.021999,0.001729,0.004268,0.017262,0.00020740
26,67,2.660396,0.000108,31.9985,0.000000,0.000000,0.000000,0.027178,0.001904,0.004884,0.017709,0.00020740
26,68,1.684423,0.000123,19.7805,0.000000,0.000000,0.000000,0.016726,0.001166,0.004963,0.017028,0.00020740
26,69,3.490477,0.000115,41.1208,0.000000,0.000000,0.000000,0.014944,0.001607,0.004730,0.015436,0.00020740
26,70,3.081413,0.000112,26.7281,0.000000,0.000000,0.000000,0.014468,0.001259,0.004728,0.014429,0.00020740
26,71,1.728713,0.000118,15.5620,0.000000,0.000000,0.000000,0.022666,0.000732,0.004050,0.011605,0.00020740
26,72,3.492784,0.000114,74.4094,0.000000,0.000000,0.000000,0.018721,0.000897,0.004413,0.010789,0.00020740
26,73,2.066100,0.000095,17.2278,0.000000,0.000000,0.000000,0.027838,0.001349,0.003825,0.010503,0.00020740
26,74,2.249048,0.000095,27.2406,0.000000,0.000000,0.000000,0.013530,0.000820,0.003698,0.010457,0.00020740
26,75,1.559055,0.000079,14.4652,0.000000,0.000000,0.000000,0.022585,0.001162,0.003515,0.010997,0.00020740
26,76,5.001987,0.000128,32.9508,0.000000,0.000000,0.000000,0.016662,0.002143,0.004333,0.012651,0.00020740
26,77,3.564685,0.000098,29.1906,0.000000,0.000000,0.000000,0.036193,0.003948,0.004390,0.015941,0.00020740
26,78,3.205041,0.000106,26.5693,0.000000,0.000000,0.000000,0.026224,0.002094,0.004551,0.013803,0.00020740
26,79,2.138227,0.000105,16.3991,0.000000,0.000000,0.000000,0.032301,0.001669,0.004292,0.013014,0.00020740
26,80,4.105052,0.000110,72.5388,0.000000,0.000000,0.000000,0.009313,0.001467,0.004371,0.011799,0.00020740
26,81,1.922208,0.000079,20.1475,0.000000,0.000000,0.000000,0.011121,0.001254,0.003685,0.010319,0.00020740
26,82,3.117449,0.000082,24.2416,0.000000,0.000000,0.000000,0.015081,0.001099,0.003811,0.010871,0.00020740
26,83,2.365732,0.000077,18.5642,0.000000,0.000000,0.000000,0.010643,0.000707,0.003832,0.009932,0.00020740
26,84,2.752798,0.000086,57.4068,0.000000,0.000000,0.000000,0.021016,0.001191,0.004405,0.010880,0.00020740
26,85,1.777929,0.000091,12.4800,0.000000,0.000000,0.000000,0.020174,0.001697,0.003754,0.009576,0.00020740
26,86,3.258432,0.000089,30.0980,0.000000,0.000000,0.000000,0.020696,0.001063,0.003759,0.009406,0.00020740
26,87,2.374935,0.000090,16.2306,0.000000,0.000000,0.000000,0.019065,0.001300,0.003450,0.008899,0.00020740
26,88,2.181610,0.000090,17.3524,0.000000,0.000000,0.000000,0.016647,0.001659,0.003461,0.009273,0.00020740
26,89,2.625620,0.000090,26.2913,0.000000,0.000000,0.000000,0.017331,0.002263,0.003628,0.009028,0.00020740
26,90,2.129792,0.000082,21.7314,0.000000,0.000000,0.000000,0.021847,0.001321,0.003730,0.010330,0.00020740
26,91,1.942147,0.000090,23.3745,0.000000,0.000000,0.000000,0.031672,0.001214,0.003843,0.011759,0.00020740
26,92,2.187531,0.000089,22.3104,0.000000,0.000000,0.000000,0.016634,0.001095,0.003679,0.009903,0.00020740
26,93,1.987544,0.000090,19.8031,0.000000,0.000000,0.000000,0.017642,0.001012,0.003620,0.009765,0.00020740
26,94,1.951137,0.000077,29.4528,0.000000,0.000000,0.000000,0.015209,0.000609,0.003199,0.008238,0.00020740
26,95,2.012156,0.000095,21.6132,0.000000,0.000000,0.000000,0.018921,0.000982,0.003388,0.009758,0.00020740
26,96,1.758311,0.000070,21.6732,0.000000,0.000000,0.000000,0.009594,0.000553,0.003184,0.007939,0.00020740
26,97,1.951421,0.000093,23.4826,0.000000,0.000000,0.000000,0.009365,0.000812,0.003489,0.010882,0.00020740
26,98,1.895004,0.000085,19.5352,0.000000,0.000000,0.000000,0.007151,0.000787,0.003704,0.009932,0.00020740
26,99,2.380745,0.000097,43.6264,0.000000,0.000000,0.000000,0.014168,0.000627,0.003772,0.009005,0.00020740
26,100,2.038380,0.000108,17.5432,0.000000,0.000000,0.000000,0.010663,0.000764,0.003933,0.009150,0.00020740
26,101,2.364506,0.000091,43.9732,0.000000,0.000000,0.000000,0.009658,0.000611,0.003452,0.009091,0.00020740
26,102,1.749530,0.000077,13.7206,0.000000,0.000000,0.000000,0.006820,0.000597,0.003359,0.008318,0.00020740
26,103,2.733040,0.000085,41.9537,0.000000,0.000000,0.000000,0.010045,0.000647,0.003406,0.009070,0.00020740
26,104,1.880597,0.000079,16.3871,0.000000,0.000000,0.000000,0.009594,0.000586,0.003178,0.008357,0.00020740
26,105,2.671293,0.000073,43.1098,0.000000,0.000000,0.000000,0.009683,0.000636,0.003054,0.007710,0.00020740
26,106,1.987186,0.000088,18.9594,0.000000,0.000000,0.000000,0.009811,0.000607,0.003542,0.008783,0.00020740
26,107,2.751074,0.000092,46.9325,0.000000,0.000000,0.000000,0.017155,0.000864,0.003512,0.008688,0.00020740
26,108,2.251740,0.000094,24.5831,0.000000,0.000000,0.000000,0.018342,0.000935,0.003561,0.008441,0.00020740
26,109,2.541597,0.000064,36.3532,0.000000,0.000000,0.000000,0.024341,0.000585,0.003182,0.007486,0.00020740
26,110,2.156308,0.000093,31.2038,0.000000,0.000000,0.000000,0.008582,0.000695,0.003986,0.009653,0.00020740
26,111,2.519316,0.000094,30.2412,0.000000,0.000000,0.000000,0.020308,0.000538,0.003901,0.008714,0.00020740
26,112,2.253309,0.000081,18.5682,0.000000,0.000000,0.000000,0.016687,0.000623,0.003992,0.008893,0.00020740
26,113,2.545513,0.000098,25.3741,0.000000,0.000000,0.000000,0.013818,0.000626,0.004295,0.009665,0.00020740
26,114,1.857744,0.000118,14.8837,0.000000,0.000000,0.000000,0.030360,0.001016,0.004837,0.011136,0.00020740
26,115,4.216887,0.000096,95.1755,0.000000,0.000000,0.000000,0.006260,0.000811,0.004256,0.009573,0.00020740
26,116,2.396157,0.000082,43.7706,0.000000,0.000000,0.000000,0.004556,0.000418,0.004459,0.009606,0.00020740
26,117,3.055130,0.000113,26.4654,0.000000,0.000000,0.000000,0.036203,0.001837,0.004359,0.010821,0.00020740
26,118,2.294021,0.000099,20.1717,0.000000,0.000000,0.000000,0.030655,0.002203,0.004532,0.010710,0.00020740
26,119,2.994404,0.000091,57.1740,0.000000,0.000000,0.000000,0.029839,0.002318,0.004626,0.009628,0.00020740
26,120,2.005878,0.000101,23.5023,0.000000,0.000000,0.000000,0.026814,0.002868,0.004667,0.010353,0.00020740
26,121,2.839948,0.000098,27.8776,0.000000,0.000000,0.000000,0.012565,0.001813,0.003924,0.010326,0.00020740
26,122,2.338477,0.000101,19.7912,0.000000,0.000000,0.000000,0.019988,0.002025,0.003739,0.010249,0.00020740
26,123,4.070463,0.000103,71.6404,0.000000,0.000000,0.000000,0.016918,0.000841,0.003730,0.010191,0.00020740
26,124,2.440901,0.000104,31.2489,0.000000,0.000000,0.000000,0.020470,0.001495,0.003976,0.010542,0.00020740
26,125,2.814400,0.000096,22.7284,0.000000,0.000000,0.000000,0.021396,0.001140,0.003704,0.008932,0.00020740
26,126,2.315139,0.000071,21.5571,0.000000,0.000000,0.000000,0.010944,0.000435,0.003367,0.008173,0.00020740
26,127,2.135493,0.000085,31.2885,0.000000,0.000000,0.000000,0.013081,0.000446,0.003493,0.008026,0.00020740
26,128,2.267170,0.000142,20.0300,0.000000,0.000000,0.000000,0.037158,0.001180,0.004400,0.010934,0.00020740
26,129,2.997442,0.000099,18.7945,0.000000,0.000000,0.000000,0.024066,0.001525,0.004636,0.009902,0.00020740
26,130,1.838809,0.000086,14.7345,0.000000,0.000000,0.000000,0.016317,0.000775,0.004166,0.010396,0.00020740
26,131,3.456836,0.000088,58.3824,0.000000,0.000000,0.000000,0.008245,0.001288,0.004263,0.010361,0.00020740
26,132,1.888717,0.000121,17.6810,0.000000,0.000000,0.000000,0.020701,0.001755,0.004567,0.011404,0.00020740
26,133,3.357651,0.000094,25.7933,0.000000,0.000000,0.000000,0.013234,0.000700,0.004230,0.009210,0.00020740
26,134,2.696231,0.000081,23.8146,0.000000,0.000000,0.000000,0.007747,0.000545,0.003984,0.009463,0.00020740
26,135,2.199504,0.000116,27.6377,0.000000,0.000000,0.000000,0.025065,0.001221,0.004102,0.011454,0.00020740
26,136,2.633390,0.000105,33.9485,0.000000,0.000000,0.000000,0.022139,0.001333,0.004009,0.010305,0.00020740
26,137,1.795387,0.000092,14.0585,0.000000,0.000000,0.000000,0.017564,0.001008,0.003604,0.009166,0.00020740
26,138,2.991870,0.000080,46.6417,0.000000,0.000000,0.000000,0.008727,0.000837,0.003433,0.008372,0.00020740
26,139,2.294444,0.000107,29.4505,0.000000,0.000000,0.000000,0.017206,0.000709,0.003653,0.009210,0.00020740
26,140,2.550474,0.000087,33.2263,0.000000,0.000000,0.000000,0.005890,0.000748,0.003354,0.008413,0.00020740
26,141,2.079248,0.000118,17.0751,0.000000,0.000000,0.000000,0.008293,0.000787,0.003925,0.009389,0.00020740
26,142,3.345338,0.000084,62.6600,0.000000,0.000000,0.000000,0.011041,0.000712,0.003417,0.013377,0.00020740
26,143,1.563606,0.000081,12.3435,0.000000,0.000000,0.000000,0.006718,0.001061,0.003430,0.011960,0.00020740
26,144,3.205956,0.000102,29.7772,0.000000,0.000000,0.000000,0.011362,0.001414,0.003743,0.011709,0.00020740
26,145,2.363291,0.000102,23.2155,0.000000,0.000000,0.000000,0.013619,0.000822,0.004096,0.011970,0.00020740
26,146,2.628242,0.000091,45.1231,0.000000,0.000000,0.000000,0.009747,0.000735,0.003963,0.012825,0.00020740
26,147,2.090890,0.000084,26.6767,0.000000,0.000000,0.000000,0.006309,0.000615,0.003591,0.010613,0.00020740
26,148,2.490148,0.000073,30.9216,0.000000,0.000000,0.000000,0.008637,0.000787,0.003372,0.009800,0.00020740
26,149,2.027166,0.000087,21.9839,0.000000,0.000000,0.000000,0.015287,0.000709,0.003496,0.008866,0.00020740
26,150,3.441430,0.000080,51.3514,0.000000,0.000000,0.000000,0.016061,0.000747,0.003549,0.009204,0.00020740
26,151,2.592512,0.000083,34.9725,0.000000,0.000000,0.000000,0.027916,0.001050,0.003474,0.009188,0.00020740
26,152,2.057152,0.000079,20.1128,0.000000,0.000000,0.000000,0.010244,0.000606,0.003529,0.009006,0.00020740
26,153,1.929009,0.000092,21.3858,0.000000,0.000000,0.000000,0.008422,0.000776,0.003725,0.009282,0.00020740
26,154,2.644888,0.000084,37.1787,0.000000,0.000000,0.000000,0.008220,0.000743,0.003573,0.008821,0.00020740
26,155,1.852404,0.000101,17.0658,0.000000,0.000000,0.000000,0.020403,0.000842,0.003974,0.009974,0.00020740
26,156,3.889157,0.000102,88.7129,0.000000,0.000000,0.000000,0.013658,0.001045,0.003922,0.010389,0.00020740
26,157,2.068036,0.000099,28.5969,0.000000,0.000000,0.000000,0.019258,0.001202,0.003863,0.010230,0.00020740
26,158,2.523110,0.000083,23.5774,0.000000,0.000000,0.000000,0.016992,0.001013,0.004068,0.010277,0.00020740
26,159,2.022212,0.000098,16.9954,0.000000,0.000000,0.000000,0.014919,0.001931,0.004139,0.010622,0.00020740
26,160,3.794397,0.000101,51.4760,0.000000,0.000000,0.000000,0.013754,0.001420,0.004023,0.010503,0.00020740
26,161,2.201088,0.000092,20.1271,0.000000,0.000000,0.000000,0.016427,0.001421,0.003590,0.009279,0.00020740
26,162,2.224165,0.000089,29.3872,0.000000,0.000000,0.000000,0.010101,0.001659,0.003759,0.009896,0.00020740
26,163,1.913663,0.000105,21.3575,0.000000,0.000000,0.000000,0.022439,0.001804,0.004067,0.011030,0.00020740
26,164,2.629777,0.000079,35.6499,0.000000,0.000000,0.000000,0.008880,0.000989,0.003384,0.008922,0.00020740
26,165,1.981082,0.000089,16.0941,0.000000,0.000000,0.000000,0.007890,0.001177,0.003531,0.009480,0.00020740
26,166,3.497375,0.000104,59.2532,0.000000,0.000000,0.000000,0.008791,0.000958,0.003464,0.009809,0.00020740
26,167,3.025528,0.000084,42.7769,0.000000,0.000000,0.000000,0.006919,0.000499,0.003454,0.009553,0.00020740
26,168,2.380643,0.000113,21.3326,0.000000,0.000000,0.000000,0.064283,0.000977,0.004593,0.014109,0.00020740
26,169,3.878353,0.000102,59.6573,0.000000,0.000000,0.000000,0.018455,0.001306,0.003558,0.009084,0.00020740
26,170,2.106138,0.000122,20.0358,0.000000,0.000000,0.000000,0.051364,0.001343,0.004093,0.010834,0.00020740
26,171,2.574214,0.000108,24.2687,0.000000,0.000000,0.000000,0.021395,0.000621,0.003668,0.008781,0.00020740
26,172,1.784542,0.000099,16.3154,0.000000,0.000000,0.000000,0.013017,0.000946,0.003183,0.008257,0.00020740
26,173,3.824071,0.000110,32.4735,0.000000,0.000000,0.000000,0.020361,0.000882,0.003917,0.009239,0.00020740
26,174,2.912572,0.000150,34.0792,0.000000,0.000000,0.000000,0.048427,0.001915,0.004654,0.011470,0.00020740
26,175,2.721025,0.000092,34.7187,0.000000,0.000000,0.000000,0.021105,0.001212,0.003619,0.010636,0.00020740
26,176,1.551832,0.000089,12.0194,0.000000,0.000000,0.000000,0.013845,0.002070,0.003579,0.008445,0.00020740
26,177,2.804350,0.000110,34.6061,0.000000,0.000000,0.000000,0.010333,0.000912,0.003702,0.009437,0.00020740
26,178,2.193398,0.000105,19.5851,0.000000,0.000000,0.000000,0.020809,0.002071,0.003613,0.009859,0.00020740
26,179,2.860044,0.000085,52.5909,0.000000,0.000000,0.000000,0.012342,0.001061,0.003282,0.008330,0.00020740
26,180,1.965616,0.000072,17.2373,0.000000,0.000000,0.000000,0.010679,0.001524,0.003397,0.008908,0.00020740
26,181,3.078294,0.000110,47.8780,0.000000,0.000000,0.000000,0.021504,0.001133,0.003615,0.009268,0.00020740
26,182,2.630257,0.000089,19.7735,0.000000,0.000000,0.000000,0.025126,0.001240,0.003386,0.008426,0.00020740
26,183,2.551145,0.000089,26.1037,0.000000,0.000000,0.000000,0.034585,0.000835,0.003363,0.009045,0.00020740
26,184,1.883366,0.000093,16.8923,0.000000,0.000000,0.000000,0.010702,0.000767,0.003438,0.008765,0.00020740
26,185,3.272188,0.000086,65.1783,0.000000,0.000000,0.000000,0.013096,0.001034,0.003582,0.009854,0.00020740
26,186,2.171237,0.000082,24.4802,0.000000,0.000000,0.000000,0.014480,0.000615,0.003283,0.008156,0.00020740
26,187,2.548393,0.000086,25.3642,0.000000,0.000000,0.000000,0.013976,0.000659,0.003658,0.011310,0.00020740
26,188,1.998326,0.000091,19.0385,0.000000,0.000000,0.000000,0.006895,0.000585,0.003750,0.009608,0.00020740
26,189,2.840886,0.000090,52.3001,0.000000,0.000000,0.000000,0.013224,0.000574,0.003478,0.009231,0.00020740
26,190,2.364951,0.000121,27.9510,0.000000,0.000000,0.000000,0.015032,0.000509,0.004029,0.010905,0.00020740
26,191,2.529218,0.000069,42.6730,0.000000,0.000000,0.000000,0.007826,0.000705,0.003355,0.008382,0.00020740
26,192,1.999003,0.000089,15.0136,0.000000,0.000000,0.000000,0.018317,0.000491,0.004249,0.010030,0.00020740
26,193,3.266167,0.000069,59.9493,0.000000,0.000000,0.000000,0.014751,0.000740,0.003913,0.009362,0.00020740
26,194,2.421302,0.000100,26.4445,0.000000,0.000000,0.000000,0.016938,0.000744,0.004358,0.009967,0.00020740
26,195,2.561899,0.000097,27.6831,0.000000,0.000000,0.000000,0.012904,0.000863,0.004422,0.010248,0.00020740
26,196,1.623773,0.000084,11.0441,0.000000,0.000000,0.000000,0.012623,0.000562,0.003907,0.009011,0.00020740
26,197,5.042821,0.000101,59.0099,0.000000,0.000000,0.000000,0.007979,0.000944,0.003292,0.009126,0.00020740
26,198,4.079485,0.000112,17.4804,0.000000,0.000000,0.000000,0.012672,0.001257,0.003527,0.010072,0.00020740
26,199,2.508695,0.000073,22.2365,0.000000,0.000000,0.000000,0.012992,0.000624,0.003385,0.008722,0.00020740
26,200,2.995279,0.000081,27.0670,0.000000,0.000000,0.000000,0.012415,0.001097,0.003455,0.009590,0.00020740
26,201,2.345193,0.000118,33.6177,0.000000,0.000000,0.000000,0.025723,0.000972,0.003734,0.009134,0.00020740
26,202,2.508696,0.000113,22.9120,0.000000,0.000000,0.000000,0.020216,0.000892,0.004139,0.010134,0.00020740
26,203,1.672858,0.000083,15.4953,0.000000,0.000000,0.000000,0.018913,0.000988,0.003840,0.010019,0.00020740
26,204,3.250140,0.000096,56.9945,0.000000,0.000000,0.000000,0.012382,0.000687,0.003936,0.009917,0.00020740
26,205,2.293532,0.000114,20.4431,0.000000,0.000000,0.000000,0.015850,0.000993,0.004455,0.011066,0.00020740
26,206,2.805875,0.000099,36.8816,0.000000,0.000000,0.000000,0.029290,0.000997,0.004802,0.011423,0.00020740
26,207,1.993972,0.000103,17.2781,0.000000,0.000000,0.000000,0.045521,0.001855,0.004093,0.012389,0.00020740
26,208,3.782571,0.000093,59.6508,0.000000,0.000000,0.000000,0.024390,0.000955,0.003748,0.010366,0.00020740
26,209,3.262111,0.000121,34.8927,0.000000,0.000000,0.000000,0.022779,0.001501,0.004266,0.012216,0.00020740
26,210,2.736446,0.000148,25.0718,0.000000,0.000000,0.000000,0.031060,0.000906,0.004834,0.013024,0.00020740
26,211,1.921457,0.000105,20.8563,0.000000,0.000000,0.000000,0.032040,0.001370,0.004294,0.012901,0.00020740
26,212,2.813066,0.000091,34.0357,0.000000,0.000000,0.000000,0.009557,0.001000,0.003734,0.010591,0.00020740
26,213,1.934212,0.000096,15.2184,0.000000,0.000000,0.000000,0.006196,0.000856,0.003638,0.013849,0.00020740
26,214,2.916263,0.000101,48.8619,0.000000,0.000000,0.000000,0.014840,0.001006,0.003545,0.013799,0.00020740
26,215,2.059473,0.000107,19.6810,0.000000,0.000000,0.000000,0.020189,0.001006,0.003876,0.012139,0.00020740
26,216,2.716896,0.000083,44.7518,0.000000,0.000000,0.000000,0.016519,0.000902,0.003788,0.010821,0.00020740
26,217,2.305076,0.000084,21.7165,0.000000,0.000000,0.000000,0.007787,0.001296,0.003908,0.009892,0.00020740
26,218,2.888400,0.000082,30.4569,0.000000,0.000000,0.000000,0.007723,0.001103,0.004038,0.009861,0.00020740
26,219,2.062570,0.000110,25.2531,0.000000,0.000000,0.000000,0.010987,0.000743,0.004273,0.011972,0.00020740
26,220,3.099892,0.000090,55.6253,0.000000,0.000000,0.000000,0.017819,0.000711,0.003756,0.011085,0.00020740
26,221,2.401297,0.000108,24.5707,0.000000,0.000000,0.000000,0.015859,0.000865,0.004381,0.010751,0.00020740
26,222,2.112588,0.000090,22.3569,0.000000,0.000000,0.000000,0.009619,0.000675,0.003954,0.009963,0.00020740
26,223,2.084203,0.000119,21.6658,0.000000,0.000000,0.000000,0.023013,0.001335,0.004237,0.010951,0.00020740
26,224,2.412266,0.000088,15.1886,0.000000,0.000000,0.000000,0.011032,0.000962,0.003753,0.010051,0.00020740
26,225,1.719525,0.000090,11.2297,0.000000,0.000000,0.000000,0.012195,0.002421,0.003287,0.008573,0.00020740
26,226,3.782284,0.000088,45.2519,0.000000,0.000000,0.000000,0.008293,0.001245,0.003425,0.008613,0.00020740
26,227,2.165069,0.000095,20.4143,0.000000,0.000000,0.000000,0.009988,0.001231,0.003401,0.009054,0.00020740
26,228,2.897753,0.000087,32.2092,0.000000,0.000000,0.000000,0.010357,0.001170,0.003720,0.009916,0.00020740
26,229,2.523247,0.000125,20.9051,0.000000,0.000000,0.000000,0.030023,0.001770,0.004072,0.011619,0.00020740
26,230,3.335364,0.000137,60.3605,0.000000,0.000000,0.000000,0.030030,0.001473,0.004167,0.011061,0.00020740
26,231,2.318861,0.000085,26.5067,0.000000,0.000000,0.000000,0.009875,0.000767,0.003637,0.009202,0.00020740
26,232,2.903605,0.000074,47.0019,0.000000,0.000000,0.000000,0.028226,0.000788,0.004109,0.009542,0.00020740
26,233,2.324490,0.000117,19.9840,0.000000,0.000000,0.000000,0.022694,0.000931,0.004078,0.012982,0.00020740
26,234,2.831502,0.000083,36.8818,0.000000,0.000000,0.000000,0.008293,0.000787,0.003126,0.008524,0.00020740
26,235,2.303581,0.000077,23.7958,0.000000,0.000000,0.000000,0.012253,0.000633,0.003166,0.008419,0.00020740
26,236,2.968451,0.000089,41.9640,0.000000,0.000000,0.000000,0.010815,0.001151,0.003391,0.008837,0.00020740
26,237,2.210310,0.000076,11.9664,0.000000,0.000000,0.000000,0.008791,0.000674,0.003208,0.008747,0.00020740
26,238,2.931096,0.000077,28.3123,0.000000,0.000000,0.000000,0.012921,0.000760,0.003113,0.008303,0.00020740
26,239,2.129707,0.000133,21.7460,0.000000,0.000000,0.000000,0.022375,0.001561,0.003737,0.010984,0.00020740
26,240,3.928444,0.000094,40.9146,0.000000,0.000000,0.000000,0.024962,0.001315,0.003351,0.009984,0.00020740
26,241,2.523048,0.000111,22.3215,0.000000,0.000000,0.000000,0.025178,0.002530,0.003609,0.010003,0.00020740
26,242,2.447727,0.000114,22.6923,0.000000,0.000000,0.000000,0.026898,0.002321,0.003676,0.010550,0.00020740
26,243,1.924130,0.000090,24.6536,0.000000,0.000000,0.000000,0.013583,0.001506,0.003241,0.009202,0.00020740
26,244,2.664999,0.000080,27.9274,0.000000,0.000000,0.000000,0.014779,0.001406,0.003109,0.009340,0.00020740
26,245,2.175392,0.000111,20.9559,0.000000,0.000000,0.000000,0.030223,0.002753,0.003469,0.010776,0.00020740
26,246,3.327772,0.000121,62.0580,0.000000,0.000000,0.000000,0.035681,0.002017,0.003906,0.011658,0.00020740
26,247,2.456516,0.000108,26.6499,0.000000,0.000000,0.000000,0.021882,0.001596,0.004052,0.012037,0.00020740
26,248,1.969858,0.000105,21.5050,0.000000,0.000000,0.000000,0.014254,0.001175,0.003841,0.010911,0.00020740
26,249,1.874610,0.000100,26.5511,0.000000,0.000000,0.000000,0.012207,0.001258,0.003779,0.009900,0.00020740
26,250,2.612352,0.000105,25.7294,0.000000,0.000000,0.000000,0.012638,0.001173,0.003879,0.010134,0.00020740
26,251,1.849425,0.000124,21.4423,0.000000,0.000000,0.000000,0.014584,0.000988,0.004781,0.011340,0.00020740
26,252,2.673133,0.000109,30.1583,0.000000,0.000000,0.000000,0.019090,0.001009,0.004222,0.009666,0.00020740
26,253,2.192957,0.000105,20.7645,0.000000,0.000000,0.000000,0.023459,0.000783,0.004126,0.009207,0.00020740
26,254,3.026672,0.000102,53.8935,0.000000,0.000000,0.000000,0.015441,0.001014,0.004079,0.009171,0.00020740
26,255,2.435920,0.000094,25.8672,0.000000,0.000000,0.000000,0.010525,0.000743,0.003966,0.008507,0.00020740
26,256,2.078072,0.000083,23.1648,0.000000,0.000000,0.000000,0.021948,0.000803,0.003887,0.008698,0.00020740
26,257,1.806614,0.000067,25.8419,0.000000,0.000000,0.000000,0.015053,0.000448,0.003594,0.007710,0.00020740
26,258,3.189685,0.000082,29.1871,0.000000,0.000000,0.000000,0.030991,0.000620,0.004108,0.009686,0.00020740
26,259,2.657380,0.000140,22.7972,0.000000,0.000000,0.000000,0.032530,0.001250,0.004297,0.011236,0.00020740
26,260,2.893087,0.000117,46.1290,0.000000,0.000000,0.000000,0.027987,0.001027,0.004330,0.011859,0.00020740
26,261,1.985722,0.000117,20.2144,0.000000,0.000000,0.000000,0.029424,0.001684,0.004807,0.011964,0.00020740
26,262,2.430780,0.000120,29.6662,0.000000,0.000000,0.000000,0.025319,0.000992,0.004116,0.012045,0.00020740
26,263,1.960668,0.000086,21.7985,0.000000,0.000000,0.000000,0.009481,0.001331,0.003851,0.009551,0.00020740
26,264,2.222328,0.000138,20.5953,0.000000,0.000000,0.000000,0.027743,0.001847,0.004697,0.011693,0.00020740
26,265,2.360700,0.000123,22.9178,0.000000,0.000000,0.000000,0.018794,0.001756,0.003854,0.010213,0.00020740
26,266,2.331475,0.000103,18.3847,0.000000,0.000000,0.000000,0.009072,0.000843,0.003726,0.008741,0.00020740
26,267,2.270775,0.000091,23.5161,0.000000,0.000000,0.000000,0.008486,0.000778,0.003450,0.008191,0.00020740
26,268,1.988175,0.000077,22.9461,0.000000,0.000000,0.000000,0.007481,0.000927,0.003427,0.008016,0.00020740
26,269,3.108054,0.000087,26.3234,0.000000,0.000000,0.000000,0.013707,0.001159,0.003474,0.008116,0.00020740
26,270,2.360639,0.000072,25.5552,0.000000,0.000000,0.000000,0.006750,0.000648,0.003537,0.007961,0.00020740
26,271,2.032883,0.000101,34.3670,0.000000,0.000000,0.000000,0.030115,0.000898,0.003860,0.013323,0.00020740
26,272,2.330292,0.000143,21.3971,0.000000,0.000000,0.000000,0.054271,0.001514,0.004799,0.014091,0.00020740
26,273,2.482983,0.000183,45.3260,0.000000,0.000000,0.000000,0.067889,0.002755,0.006166,0.021586,0.00020740
26,274,2.146440,0.000132,20.3659,0.000000,0.000000,0.000000,0.030764,0.001064,0.004627,0.014854,0.00020740
26,275,2.470838,0.000187,37.0670,0.000000,0.000000,0.000000,0.058171,0.001868,0.005926,0.021696,0.00020740
26,276,2.268417,0.000194,24.4655,0.000000,0.000000,0.000000,0.061304,0.001587,0.006262,0.020423,0.00020740
26,277,2.712920,0.000132,36.6519,0.000000,0.000000,0.000000,0.014366,0.001703,0.003916,0.012469,0.00020740
26,278,2.041117,0.000088,15.4901,0.000000,0.000000,0.000000,0.030713,0.001161,0.003319,0.009828,0.00020740
26,279,2.542447,0.000091,28.4270,0.000000,0.000000,0.000000,0.021947,0.000897,0.003228,0.010218,0.00020740
26,280,2.147793,0.000100,19.6212,0.000000,0.000000,0.000000,0.016888,0.001026,0.003416,0.009825,0.00020740
26,281,1.773538,0.000094,21.0844,0.000000,0.000000,0.000000,0.017932,0.000830,0.003572,0.009775,0.00020740
26,282,2.275094,0.000092,27.4919,0.000000,0.000000,0.000000,0.020842,0.000650,0.003511,0.009519,0.00020740
26,283,2.106870,0.000075,21.4446,0.000000,0.000000,0.000000,0.008293,0.000504,0.003450,0.009108,0.00020740
26,284,2.484591,0.000094,21.2065,0.000000,0.000000,0.000000,0.016716,0.000665,0.003260,0.011487,0.00020740
26,285,1.805722,0.000111,20.1786,0.000000,0.000000,0.000000,0.016544,0.000808,0.003762,0.010732,0.00020740
26,286,3.080523,0.000078,52.5938,0.000000,0.000000,0.000000,0.011884,0.000648,0.003366,0.009751,0.00020740
26,287,1.853295,0.000085,17.2695,0.000000,0.000000,0.000000,0.010535,0.000793,0.003358,0.009346,0.00020740
26,288,2.473639,0.000079,37.4762,0.000000,0.000000,0.000000,0.011331,0.000778,0.003267,0.009540,0.00020740
26,289,1.833296,0.000098,14.7819,0.000000,0.000000,0.000000,0.014253,0.001281,0.003342,0.010560,0.00020740
26,290,3.259724,0.000132,48.5923,0.000000,0.000000,0.000000,0.030798,0.000916,0.004054,0.014769,0.00020740
26,291,2.592811,0.000092,32.4400,0.000000,0.000000,0.000000,0.018439,0.001453,0.003245,0.011375,0.00020740
26,292,2.287507,0.000088,23.8249,0.000000,0.000000,0.000000,0.013682,0.001958,0.003181,0.011387,0.00020740
26,293,1.897452,0.000082,26.1094,0.000000,0.000000,0.000000,0.027769,0.001243,0.003298,0.011655,0.00020740
26,294,2.258266,0.000075,23.4974,0.000000,0.000000,0.000000,0.010840,0.001149,0.003152,0.010396,0.00020740
26,295,1.520927,0.000090,12.7616,0.000000,0.000000,0.000000,0.011963,0.001359,0.003365,0.011265,0.00020740
26,296,4.954339,0.000129,105.9127,0.000000,0.000000,0.000000,0.011982,0.001653,0.004729,0.011993,0.00020740
27,1,4.327363,0.000136,85.9549,0.000000,0.000000,0.000000,0.033892,0.002175,0.004589,0.015304,0.00017926
27,2,2.135713,0.000128,20.5640,0.000000,0.000000,0.000000,0.029516,0.001883,0.004024,0.013159,0.00017926
27,3,2.543048,0.000118,32.9246,0.000000,0.000000,0.000000,0.024135,0.001025,0.003981,0.012309,0.00017926
27,4,1.905043,0.000115,16.8345,0.000000,0.000000,0.000000,0.023455,0.000961,0.003736,0.012460,0.00017926
27,5,3.426431,0.000107,71.4361,0.000000,0.000000,0.000000,0.020051,0.001131,0.003632,0.012332,0.00017926
27,6,1.965201,0.000113,18.8179,0.000000,0.000000,0.000000,0.019999,0.000799,0.003697,0.010882,0.00017926
27,7,3.116205,0.000122,33.4186,0.000000,0.000000,0.000000,0.014354,0.000868,0.003672,0.012793,0.00017926
27,8,2.444983,0.000117,24.5099,0.000000,0.000000,0.000000,0.013337,0.000915,0.003656,0.011131,0.00017926
27,9,2.649557,0.000113,35.9551,0.000000,0.000000,0.000000,0.016709,0.000995,0.003772,0.010722,0.00017926
27,10,2.193750,0.000116,20.9860,0.000000,0.000000,0.000000,0.009233,0.000775,0.003831,0.010203,0.00017926
27,11,2.575778,0.000110,27.3593,0.000000,0.000000,0.000000,0.014632,0.000853,0.003806,0.010919,0.00017926
27,12,1.906139,0.000103,14.6446,0.000000,0.000000,0.000000,0.010947,0.000693,0.003562,0.009559,0.00017926
27,13,3.714099,0.000108,58.0114,0.000000,0.000000,0.000000,0.026495,0.000759,0.003400,0.010871,0.00017926
27,14,2.134012,0.000094,25.9919,0.000000,0.000000,0.000000,0.024448,0.000713,0.003476,0.009727,0.00017926
27,15,2.914112,0.000099,26.3899,0.000000,0.000000,0.000000,0.016715,0.001089,0.003408,0.009970,0.00017926
27,16,2.467256,0.000096,25.0574,0.000000,0.000000,0.000000,0.014333,0.000661,0.003485,0.009372,0.00017926
27,17,2.237091,0.000093,36.9669,0.000000,0.000000,0.000000,0.014547,0.000820,0.003633,0.009553,0.00017926
27,18,1.822021,0.000097,17.3583,0.000000,0.000000,0.000000,0.012574,0.000595,0.003552,0.009284,0.00017926
27,19,2.641541,0.000095,30.5961,0.000000,0.000000,0.000000,0.024075,0.001220,0.003982,0.012487,0.00017926
27,20,1.839416,0.000096,17.7244,0.000000,0.000000,0.000000,0.036145,0.001462,0.003784,0.013675,0.00017926
27,21,3.518739,0.000079,69.3523,0.000000,0.000000,0.000000,0.030384,0.001032,0.003338,0.011217,0.00017926
27,22,1.853030,0.000091,17.8113,0.000000,0.000000,0.000000,0.016534,0.001190,0.003633,0.011414,0.00017926
27,23,2.634419,0.000093,35.3441,0.000000,0.000000,0.000000,0.012712,0.001255,0.003985,0.012327,0.00017926
27,24,2.271176,0.000105,18.3729,0.000000,0.000000,0.000000,0.017153,0.001430,0.003930,0.013389,0.00017926
27,25,2.514732,0.000076,22.6065,0.000000,0.000000,0.000000,0.016139,0.000774,0.003631,0.010355,0.00017926
27,26,2.037407,0.000096,20.9997,0.000000,0.000000,0.000000,0.017114,0.001337,0.004088,0.011526,0.00017926
27,27,3.176207,0.000109,55.7592,0.000000,0.000000,0.000000,0.015953,0.001184,0.003951,0.011413,0.00017926
27,28,2.074266,0.000107,23.6378,0.000000,0.000000,0.000000,0.011875,0.000966,0.004017,0.010930,0.00017926
27,29,2.146120,0.000104,23.7355,0.000000,0.000000,0.000000,0.009353,0.001002,0.004196,0.010699,0.00017926
27,30,1.844708,0.000105,23.5614,0.000000,0.000000,0.000000,0.009035,0.000676,0.004039,0.010118,0.00017926
27,31,2.552951,0.000105,28.2190,0.000000,0.000000,0.000000,0.009122,0.000892,0.003870,0.010680,0.00017926
27,32,2.039108,0.000121,19.8239,0.000000,0.000000,0.000000,0.007496,0.000752,0.004263,0.011415,0.00017926
27,33,3.151314,0.000118,64.4345,0.000000,0.000000,0.000000,0.045796,0.000856,0.003704,0.011724,0.00017926
27,34,1.954412,0.000108,28.9827,0.000000,0.000000,0.000000,0.025459,0.000794,0.003735,0.010866,0.00017926
27,35,2.532606,0.000101,26.8482,0.000000,0.000000,0.000000,0.017026,0.000872,0.003659,0.011138,0.00017926
27,36,1.807953,0.000088,15.0552,0.000000,0.000000,0.000000,0.009634,0.000914,0.003628,0.009850,0.00017926
27,37,3.049167,0.000089,65.3120,0.000000,0.000000,0.000000,0.013795,0.000721,0.003746,0.010143,0.00017926
27,38,2.149931,0.000091,28.3086,0.000000,0.000000,0.000000,0.015438,0.000576,0.004150,0.010566,0.00017926
27,39,2.448833,0.000100,23.4089,0.000000,0.000000,0.000000,0.018286,0.000881,0.003711,0.010807,0.00017926
27,40,1.728265,0.000092,13.1049,0.000000,0.000000,0.000000,0.018608,0.000682,0.003859,0.009990,0.00017926
27,41,3.657184,0.000100,86.2839,0.000000,0.000000,0.000000,0.009855,0.000872,0.003736,0.010380,0.00017926
27,42,2.238024,0.000102,40.4404,0.000000,0.000000,0.000000,0.009289,0.000677,0.003738,0.009377,0.00017926
27,43,2.593595,0.000098,25.8001,0.000000,0.000000,0.000000,0.009729,0.000819,0.003765,0.010204,0.00017926
27,44,1.938037,0.000100,20.7321,0.000000,0.000000,0.000000,0.010743,0.000651,0.003633,0.009203,0.00017926
27,45,2.515712,0.000084,51.0600,0.000000,0.000000,0.000000,0.016949,0.000709,0.003685,0.009710,0.00017926
27,46,2.313000,0.000085,27.1818,0.000000,0.000000,0.000000,0.016930,0.000814,0.003708,0.010527,0.00017926
27,47,2.570508,0.000093,23.0875,0.000000,0.000000,0.000000,0.017453,0.001419,0.003827,0.010861,0.00017926
27,48,2.112255,0.000085,19.4233,0.000000,0.000000,0.000000,0.017413,0.000748,0.003731,0.009166,0.00017926
27,49,2.322129,0.000107,34.8397,0.000000,0.000000,0.000000,0.023564,0.001335,0.004290,0.010750,0.00017926
27,50,1.602111,0.000077,12.9793,0.000000,0.000000,0.000000,0.009609,0.000698,0.003561,0.008920,0.00017926
27,51,4.593107,0.000099,28.3791,0.000000,0.000000,0.000000,0.012195,0.002235,0.004860,0.011165,0.00017926
27,52,3.139316,0.000090,17.6956,0.000000,0.000000,0.000000,0.041763,0.001178,0.003669,0.009283,0.00017926
27,53,2.960809,0.000098,24.3525,0.000000,0.000000,0.000000,0.007112,0.001752,0.003760,0.009687,0.00017926
27,54,2.189829,0.000111,13.7385,0.000000,0.000000,0.000000,0.012840,0.000954,0.004142,0.009743,0.00017926
27,55,3.462190,0.000113,27.3287,0.000000,0.000000,0.000000,0.022609,0.000838,0.003862,0.010156,0.00017926
27,56,3.192860,0.000096,18.0511,0.000000,0.000000,0.000000,0.019627,0.001275,0.003754,0.009485,0.00017926
27,57,2.397994,0.000113,21.9438,0.000000,0.000000,0.000000,0.017145,0.001037,0.004159,0.010568,0.00017926
27,58,2.142702,0.000078,18.2232,0.000000,0.000000,0.000000,0.004172,0.000431,0.003784,0.008353,0.00017926
27,59,2.301099,0.000157,22.8260,0.000000,0.000000,0.000000,0.048777,0.001368,0.005013,0.012598,0.00017926
27,60,2.033885,0.000124,27.2416,0.000000,0.000000,0.000000,0.028150,0.001599,0.004496,0.011614,0.00017926
27,61,1.764401,0.000103,15.3659,0.000000,0.000000,0.000000,0.013362,0.001072,0.004167,0.010602,0.00017926
27,62,2.164854,0.000099,32.8540,0.000000,0.000000,0.000000,0.017297,0.000889,0.004109,0.010480,0.00017926
27,63,1.987293,0.000124,20.4334,0.000000,0.000000,0.000000,0.033461,0.001303,0.004213,0.010523,0.00017926
27,64,2.050016,0.000100,30.2724,0.000000,0.000000,0.000000,0.017301,0.000913,0.003906,0.009535,0.00017926
27,65,1.783018,0.000130,16.1517,0.000000,0.000000,0.000000,0.021656,0.001244,0.004219,0.018862,0.00017926
27,66,2.029836,0.000109,32.8650,0.000000,0.000000,0.000000,0.022806,0.001089,0.004179,0.016444,0.00017926
27,67,1.931004,0.000107,14.3031,0.000000,0.000000,0.000000,0.021307,0.001514,0.004445,0.018115,0.00017926
27,68,1.976029,0.000122,27.9263,0.000000,0.000000,0.000000,0.021723,0.001672,0.004456,0.016428,0.00017926
27,69,2.209123,0.000114,26.7659,0.000000,0.000000,0.000000,0.012256,0.001755,0.004337,0.015977,0.00017926
27,70,2.099344,0.000109,23.3504,0.000000,0.000000,0.000000,0.015038,0.001356,0.004387,0.016025,0.00017926
27,71,1.820947,0.000099,26.8574,0.000000,0.000000,0.000000,0.010448,0.000719,0.003662,0.010231,0.00017926
27,72,1.899589,0.000116,23.8647,0.000000,0.000000,0.000000,0.010599,0.000754,0.004094,0.010804,0.00017926
27,73,1.860560,0.000086,24.3985,0.000000,0.000000,0.000000,0.023156,0.002075,0.003714,0.010689,0.00017926
27,74,1.726933,0.000090,20.5778,0.000000,0.000000,0.000000,0.008791,0.000514,0.003491,0.010133,0.00017926
27,75,2.096766,0.000081,26.1269,0.000000,0.000000,0.000000,0.013298,0.000962,0.003598,0.011854,0.00017926
27,76,1.666002,0.000110,24.7405,0.000000,0.000000,0.000000,0.017209,0.001089,0.004526,0.011186,0.00017926
27,77,3.003848,0.000085,45.6721,0.000000,0.000000,0.000000,0.032008,0.000582,0.004342,0.018307,0.00017926
27,78,2.008189,0.000104,19.1199,0.000000,0.000000,0.000000,0.014135,0.000742,0.004230,0.015267,0.00017926
27,79,3.666607,0.000101,85.0890,0.000000,0.000000,0.000000,0.023105,0.000828,0.003820,0.012455,0.00017926
27,80,1.984585,0.000108,34.1531,0.000000,0.000000,0.000000,0.013652,0.000942,0.003937,0.011855,0.00017926
27,81,2.709086,0.000078,24.7926,0.000000,0.000000,0.000000,0.017105,0.000510,0.003454,0.010612,0.00017926
27,82,2.138526,0.000079,19.4533,0.000000,0.000000,0.000000,0.007875,0.000483,0.003570,0.010643,0.00017926
27,83,3.174163,0.000069,69.0720,0.000000,0.000000,0.000000,0.012992,0.000420,0.003627,0.010339,0.00017926
27,84,2.288645,0.000098,33.9338,0.000000,0.000000,0.000000,0.017911,0.000653,0.004143,0.010683,0.00017926
27,85,2.513620,0.000080,22.1284,0.000000,0.000000,0.000000,0.011017,0.001062,0.003872,0.010201,0.00017926
27,86,2.116613,0.000092,18.0554,0.000000,0.000000,0.000000,0.010116,0.001007,0.003510,0.009079,0.00017926
27,87,3.321074,0.000091,69.8753,0.000000,0.000000,0.000000,0.006171,0.001186,0.003450,0.009356,0.00017926
27,88,2.141889,0.000090,35.3198,0.000000,0.000000,0.000000,0.008550,0.001233,0.003531,0.009404,0.00017926
27,89,2.670705,0.000085,23.3213,0.000000,0.000000,0.000000,0.005802,0.001297,0.003673,0.008946,0.00017926
27,90,2.232451,0.000082,18.8116,0.000000,0.000000,0.000000,0.006576,0.000893,0.003886,0.010001,0.00017926
27,91,2.471355,0.000092,41.6968,0.000000,0.000000,0.000000,0.018866,0.001480,0.003814,0.013731,0.00017926
27,92,2.025888,0.000092,25.2338,0.000000,0.000000,0.000000,0.016076,0.001622,0.003659,0.011684,0.00017926
27,93,2.135664,0.000084,20.4247,0.000000,0.000000,0.000000,0.012574,0.001313,0.003510,0.010505,0.00017926
27,94,1.790998,0.000077,17.3302,0.000000,0.000000,0.000000,0.011884,0.000615,0.003301,0.009504,0.00017926
27,95,2.620977,0.000098,40.1285,0.000000,0.000000,0.000000,0.013988,0.000764,0.003453,0.010385,0.00017926
27,96,1.553585,0.000068,12.7250,0.000000,0.000000,0.000000,0.005051,0.000635,0.003313,0.008586,0.00017926
27,97,3.127402,0.000093,32.4603,0.000000,0.000000,0.000000,0.007016,0.000781,0.003964,0.011497,0.00017926
27,98,1.944861,0.000092,14.9542,0.000000,0.000000,0.000000,0.008565,0.000872,0.003676,0.009974,0.00017926
27,99,3.058002,0.000090,51.2012,0.000000,0.000000,0.000000,0.016437,0.000570,0.003844,0.009160,0.00017926
27,100,1.729192,0.000111,14.7085,0.000000,0.000000,0.000000,0.012382,0.000700,0.004096,0.009862,0.00017926
27,101,2.344159,0.000089,40.4818,0.000000,0.000000,0.000000,0.008030,0.000683,0.003430,0.009362,0.00017926
27,102,1.613599,0.000076,13.8856,0.000000,0.000000,0.000000,0.016850,0.000595,0.003401,0.008258,0.00017926
27,103,2.109508,0.000084,30.3647,0.000000,0.000000,0.000000,0.012106,0.000568,0.003404,0.009434,0.00017926
27,104,2.211000,0.000075,20.9136,0.000000,0.000000,0.000000,0.016061,0.000623,0.003408,0.008453,0.00017926
27,105,1.989092,0.000075,16.9970,0.000000,0.000000,0.000000,0.011707,0.000697,0.003058,0.007841,0.00017926
27,106,2.001927,0.000087,23.8841,0.000000,0.000000,0.000000,0.030616,0.000884,0.003304,0.008516,0.00017926
27,107,2.563979,0.000089,17.9684,0.000000,0.000000,0.000000,0.020223,0.001300,0.003187,0.008899,0.00017926
27,108,2.278935,0.000093,23.8638,0.000000,0.000000,0.000000,0.013453,0.000852,0.003139,0.008447,0.00017926
27,109,1.776397,0.000062,24.9480,0.000000,0.000000,0.000000,0.004172,0.000807,0.003080,0.007101,0.00017926
27,110,2.431213,0.000082,22.7295,0.000000,0.000000,0.000000,0.015520,0.000591,0.004053,0.008689,0.00017926
27,111,2.061443,0.000092,22.9412,0.000000,0.000000,0.000000,0.010131,0.000574,0.004375,0.008626,0.00017926
27,112,1.998533,0.000082,29.9273,0.000000,0.000000,0.000000,0.010406,0.000627,0.003902,0.008172,0.00017926
27,113,1.698511,0.000090,15.6843,0.000000,0.000000,0.000000,0.011106,0.000715,0.004339,0.009140,0.00017926
27,114,2.067597,0.000114,32.3703,0.000000,0.000000,0.000000,0.031185,0.000911,0.004980,0.010896,0.00017926
27,115,1.779263,0.000087,21.4009,0.000000,0.000000,0.000000,0.008944,0.000821,0.004222,0.008634,0.00017926
27,116,1.933300,0.000084,27.9432,0.000000,0.000000,0.000000,0.005738,0.000428,0.004350,0.008832,0.00017926
27,117,1.912551,0.000109,16.0118,0.000000,0.000000,0.000000,0.033242,0.001535,0.003667,0.011212,0.00017926
27,118,2.036231,0.000097,21.5657,0.000000,0.000000,0.000000,0.035949,0.001654,0.003539,0.011265,0.00017926
27,119,2.014296,0.000091,19.3312,0.000000,0.000000,0.000000,0.019445,0.001791,0.003548,0.010450,0.00017926
27,120,1.973798,0.000098,20.0288,0.000000,0.000000,0.000000,0.017169,0.001748,0.003557,0.010966,0.00017926
27,121,1.963071,0.000090,30.1342,0.000000,0.000000,0.000000,0.020928,0.001618,0.003477,0.010487,0.00017926
27,122,1.935247,0.000102,23.2204,0.000000,0.000000,0.000000,0.018157,0.001755,0.003730,0.010612,0.00017926
27,123,2.013625,0.000094,29.5632,0.000000,0.000000,0.000000,0.011567,0.000727,0.003725,0.009781,0.00017926
27,124,1.872204,0.000098,19.1138,0.000000,0.000000,0.000000,0.022312,0.001082,0.003690,0.009478,0.00017926
27,125,2.119541,0.000088,23.0286,0.000000,0.000000,0.000000,0.011707,0.000959,0.003588,0.008999,0.00017926
27,126,1.499463,0.000070,15.9619,0.000000,0.000000,0.000000,0.006959,0.000464,0.003366,0.008541,0.00017926
27,127,2.365988,0.000082,39.5118,0.000000,0.000000,0.000000,0.013676,0.000536,0.003568,0.008610,0.00017926
27,128,2.110177,0.000141,21.6623,0.000000,0.000000,0.000000,0.040562,0.001037,0.004378,0.011930,0.00017926
27,129,3.084848,0.000108,64.1866,0.000000,0.000000,0.000000,0.020989,0.001283,0.004620,0.010215,0.00017926
27,130,1.538646,0.000086,13.5073,0.000000,0.000000,0.000000,0.009136,0.000623,0.004053,0.010075,0.00017926
27,131,3.352293,0.000084,39.5514,0.000000,0.000000,0.000000,0.011298,0.000551,0.004055,0.009571,0.00017926
27,132,2.322725,0.000116,20.9370,0.000000,0.000000,0.000000,0.028228,0.000790,0.004519,0.010304,0.00017926
27,133,2.680228,0.000085,46.8647,0.000000,0.000000,0.000000,0.011032,0.000740,0.004247,0.009814,0.00017926
27,134,1.658363,0.000079,16.5360,0.000000,0.000000,0.000000,0.006959,0.000462,0.004379,0.009398,0.00017926
27,135,2.816985,0.000110,36.4684,0.000000,0.000000,0.000000,0.065282,0.000935,0.004326,0.011919,0.00017926
27,136,2.397352,0.000115,21.1566,0.000000,0.000000,0.000000,0.022021,0.001000,0.004289,0.010721,0.00017926
27,137,2.370273,0.000092,26.6326,0.000000,0.000000,0.000000,0.012983,0.000627,0.003847,0.009156,0.00017926
27,138,1.668506,0.000080,14.8507,0.000000,0.000000,0.000000,0.007964,0.000513,0.003953,0.008579,0.00017926
27,139,2.453380,0.000101,35.5779,0.000000,0.000000,0.000000,0.008737,0.000637,0.004326,0.010006,0.00017926
27,140,1.764130,0.000084,17.6291,0.000000,0.000000,0.000000,0.006678,0.000546,0.004402,0.008734,0.00017926
27,141,3.555113,0.000110,66.0443,0.000000,0.000000,0.000000,0.009956,0.000495,0.004745,0.010771,0.00017926
27,142,2.318958,0.000102,18.5344,0.000000,0.000000,0.000000,0.017114,0.000916,0.003582,0.012784,0.00017926
27,143,2.231076,0.000084,35.7842,0.000000,0.000000,0.000000,0.006388,0.000598,0.003449,0.011224,0.00017926
27,144,1.640939,0.000110,16.7167,0.000000,0.000000,0.000000,0.007200,0.001424,0.003708,0.011254,0.00017926
27,145,2.599100,0.000099,30.5000,0.000000,0.000000,0.000000,0.007787,0.000577,0.003604,0.010458,0.00017926
27,146,2.119392,0.000098,16.8894,0.000000,0.000000,0.000000,0.009951,0.000876,0.003571,0.011462,0.00017926
27,147,3.737021,0.000080,62.5021,0.000000,0.000000,0.000000,0.005152,0.000779,0.003478,0.009855,0.00017926
27,148,1.792522,0.000082,14.7973,0.000000,0.000000,0.000000,0.006576,0.000511,0.003310,0.009833,0.00017926
27,149,3.840729,0.000090,31.1310,0.000000,0.000000,0.000000,0.019580,0.000627,0.003619,0.009312,0.00017926
27,150,2.765870,0.000086,17.7012,0.000000,0.000000,0.000000,0.010397,0.000534,0.003873,0.010160,0.00017926
27,151,3.019669,0.000081,31.7114,0.000000,0.000000,0.000000,0.022110,0.000697,0.003703,0.009519,0.00017926
27,152,2.318380,0.000079,12.6173,0.000000,0.000000,0.000000,0.017129,0.000625,0.003659,0.009109,0.00017926
27,153,2.716042,0.000089,17.3829,0.000000,0.000000,0.000000,0.011096,0.000791,0.003706,0.009015,0.00017926
27,154,2.500576,0.000085,24.9589,0.000000,0.000000,0.000000,0.009232,0.000658,0.003933,0.008832,0.00017926
27,155,2.015393,0.000106,15.5159,0.000000,0.000000,0.000000,0.012882,0.000831,0.003967,0.010089,0.00017926
27,156,2.408301,0.000086,44.1352,0.000000,0.000000,0.000000,0.016406,0.000923,0.003688,0.009284,0.00017926
27,157,1.624933,0.000095,13.0375,0.000000,0.000000,0.000000,0.023016,0.000993,0.003938,0.009927,0.00017926
27,158,2.758366,0.000086,53.0219,0.000000,0.000000,0.000000,0.022912,0.000976,0.003946,0.009749,0.00017926
27,159,1.944382,0.000099,15.9273,0.000000,0.000000,0.000000,0.020961,0.002333,0.004023,0.010268,0.00017926
27,160,2.917726,0.000100,38.6809,0.000000,0.000000,0.000000,0.016903,0.001282,0.004079,0.010225,0.00017926
27,161,1.975508,0.000095,12.9283,0.000000,0.000000,0.000000,0.009502,0.001180,0.003697,0.009760,0.00017926
27,162,3.437308,0.000085,34.9943,0.000000,0.000000,0.000000,0.011298,0.001071,0.004049,0.009333,0.00017926
27,163,2.826279,0.000101,27.2989,0.000000,0.000000,0.000000,0.022607,0.000845,0.004575,0.010281,0.00017926
27,164,2.705469,0.000075,36.5775,0.000000,0.000000,0.000000,0.013273,0.000870,0.004524,0.009519,0.00017926
27,165,1.853493,0.000084,17.0985,0.000000,0.000000,0.000000,0.008767,0.001499,0.005159,0.009506,0.00017926
27,166,3.230269,0.000094,43.7095,0.000000,0.000000,0.000000,0.007273,0.000794,0.004545,0.009941,0.00017926
27,167,2.193334,0.000113,20.7192,0.000000,0.000000,0.000000,0.006919,0.000734,0.004795,0.012485,0.00017926
27,168,2.602017,0.000131,33.5199,0.000000,0.000000,0.000000,0.060008,0.001263,0.004940,0.013989,0.00017926
27,169,1.968549,0.000121,19.2163,0.000000,0.000000,0.000000,0.013017,0.001272,0.004346,0.009417,0.00017926
27,170,2.649555,0.000102,34.5087,0.000000,0.000000,0.000000,0.028898,0.001052,0.004283,0.009400,0.00017926
27,171,1.850682,0.000109,16.8719,0.000000,0.000000,0.000000,0.016214,0.000734,0.004540,0.009134,0.00017926
27,172,3.229661,0.000092,66.0165,0.000000,0.000000,0.000000,0.013032,0.001186,0.003621,0.008439,0.00017926
27,173,2.082634,0.000107,29.2738,0.000000,0.000000,0.000000,0.029772,0.000748,0.004361,0.009578,0.00017926
27,174,2.921343,0.000149,25.7468,0.000000,0.000000,0.000000,0.027575,0.000754,0.005043,0.012379,0.00017926
27,175,2.574267,0.000085,35.1704,0.000000,0.000000,0.000000,0.040257,0.001147,0.003951,0.012429,0.00017926
27,176,2.397286,0.000079,36.8093,0.000000,0.000000,0.000000,0.008767,0.001167,0.003622,0.009526,0.00017926
27,177,1.767127,0.000092,18.2366,0.000000,0.000000,0.000000,0.014357,0.001557,0.003744,0.009920,0.00017926
27,178,2.412667,0.000091,34.3201,0.000000,0.000000,0.000000,0.022009,0.001371,0.003839,0.010658,0.00017926
27,179,1.700774,0.000076,17.3038,0.000000,0.000000,0.000000,0.006895,0.000798,0.003673,0.009403,0.00017926
27,180,2.889094,0.000069,42.7393,0.000000,0.000000,0.000000,0.017779,0.001075,0.003633,0.009102,0.00017926
27,181,2.564932,0.000097,34.9761,0.000000,0.000000,0.000000,0.020420,0.000831,0.003523,0.008876,0.00017926
27,182,1.883525,0.000079,18.2352,0.000000,0.000000,0.000000,0.015999,0.000808,0.003259,0.008334,0.00017926
27,183,2.222422,0.000086,43.6213,0.000000,0.000000,0.000000,0.014342,0.000766,0.003529,0.008775,0.00017926
27,184,1.796066,0.000098,15.6463,0.000000,0.000000,0.000000,0.011145,0.000666,0.003614,0.008708,0.00017926
27,185,1.757075,0.000089,22.8986,0.000000,0.000000,0.000000,0.010254,0.000778,0.003663,0.009374,0.00017926
27,186,2.320358,0.000080,42.6197,0.000000,0.000000,0.000000,0.013385,0.000502,0.003406,0.008163,0.00017926
27,187,1.864062,0.000086,16.8307,0.000000,0.000000,0.000000,0.014394,0.000614,0.003700,0.010722,0.00017926
27,188,1.930553,0.000084,31.3928,0.000000,0.000000,0.000000,0.007481,0.000976,0.003651,0.009423,0.00017926
27,189,2.049659,0.000092,28.3506,0.000000,0.000000,0.000000,0.011035,0.000702,0.003618,0.009012,0.00017926
27,190,1.855749,0.000119,19.6598,0.000000,0.000000,0.000000,0.011282,0.000651,0.004422,0.011177,0.00017926
27,191,1.622520,0.000077,23.3530,0.000000,0.000000,0.000000,0.008397,0.000566,0.003396,0.008227,0.00017926
27,192,1.893923,0.000083,15.0681,0.000000,0.000000,0.000000,0.007964,0.000598,0.003731,0.009531,0.00017926
27,193,1.916870,0.000075,22.0033,0.000000,0.000000,0.000000,0.006196,0.000528,0.003007,0.009120,0.00017926
27,194,2.046866,0.000090,33.2727,0.000000,0.000000,0.000000,0.012904,0.000515,0.003596,0.009222,0.00017926
27,195,2.011111,0.000099,18.5032,0.000000,0.000000,0.000000,0.019012,0.000849,0.003824,0.009829,0.00017926
27,196,2.030051,0.000079,21.8307,0.000000,0.000000,0.000000,0.009032,0.000398,0.003468,0.009108,0.00017926
27,197,1.540318,0.000076,17.4641,0.000000,0.000000,0.000000,0.007964,0.000580,0.003558,0.009096,0.00017926
27,198,2.266730,0.000086,30.0467,0.000000,0.000000,0.000000,0.009796,0.000565,0.003690,0.009434,0.00017926
27,199,1.884670,0.000069,16.7721,0.000000,0.000000,0.000000,0.003485,0.000493,0.003734,0.008879,0.00017926
27,200,3.142020,0.000101,53.6536,0.000000,0.000000,0.000000,0.014366,0.000343,0.003480,0.009795,0.00017926
27,201,1.559529,0.000102,17.6046,0.000000,0.000000,0.000000,0.011515,0.000427,0.004117,0.009766,0.00017926
27,202,2.624353,0.000099,30.7474,0.000000,0.000000,0.000000,0.014882,0.000528,0.004451,0.010856,0.00017926
27,203,2.001548,0.000079,17.9495,0.000000,0.000000,0.000000,0.026478,0.000593,0.004332,0.011812,0.00017926
27,204,3.121596,0.000094,67.5657,0.000000,0.000000,0.000000,0.008092,0.000465,0.004072,0.009934,0.00017926
27,205,1.729160,0.000109,20.9735,0.000000,0.000000,0.000000,0.011154,0.000620,0.004485,0.011270,0.00017926
27,206,3.007477,0.000098,36.6740,0.000000,0.000000,0.000000,0.035792,0.000851,0.004567,0.011444,0.00017926
27,207,2.361511,0.000100,23.0556,0.000000,0.000000,0.000000,0.034590,0.001099,0.004168,0.012742,0.00017926
27,208,2.713003,0.000096,55.3243,0.000000,0.000000,0.000000,0.016152,0.000625,0.003821,0.011277,0.00017926
27,209,2.111538,0.000119,27.0935,0.000000,0.000000,0.000000,0.026142,0.001424,0.004597,0.012863,0.00017926
27,210,2.869184,0.000136,37.8515,0.000000,0.000000,0.000000,0.033427,0.001181,0.004933,0.014534,0.00017926
27,211,2.466411,0.000105,23.0706,0.000000,0.000000,0.000000,0.040592,0.001219,0.004832,0.013045,0.00017926
27,212,1.995142,0.000090,30.2949,0.000000,0.000000,0.000000,0.012498,0.000994,0.004222,0.010729,0.00017926
27,213,2.470564,0.000093,35.6911,0.000000,0.000000,0.000000,0.015859,0.000921,0.004269,0.013850,0.00017926
27,214,2.234416,0.000099,17.7609,0.000000,0.000000,0.000000,0.015465,0.001232,0.003888,0.013213,0.00017926
27,215,1.855770,0.000098,26.1815,0.000000,0.000000,0.000000,0.008486,0.001034,0.003993,0.011695,0.00017926
27,216,2.123514,0.000081,24.3700,0.000000,0.000000,0.000000,0.013401,0.001035,0.003662,0.011018,0.00017926
27,217,1.765626,0.000079,13.4377,0.000000,0.000000,0.000000,0.007442,0.001393,0.003912,0.010632,0.00017926
27,218,4.009381,0.000098,42.4656,0.000000,0.000000,0.000000,0.017818,0.000863,0.003826,0.010247,0.00017926
27,219,2.439147,0.000108,19.3228,0.000000,0.000000,0.000000,0.013625,0.000760,0.003811,0.011212,0.00017926
27,220,3.367151,0.000085,33.7734,0.000000,0.000000,0.000000,0.013185,0.001004,0.003480,0.010092,0.00017926
27,221,2.621267,0.000102,16.3542,0.000000,0.000000,0.000000,0.022100,0.000925,0.003681,0.010159,0.00017926
27,222,2.829989,0.000086,28.7319,0.000000,0.000000,0.000000,0.016406,0.000816,0.003916,0.010022,0.00017926
27,223,1.988343,0.000112,17.0097,0.000000,0.000000,0.000000,0.025957,0.000949,0.004301,0.010908,0.00017926
27,224,3.114987,0.000082,34.9943,0.000000,0.000000,0.000000,0.015209,0.001192,0.004057,0.010154,0.00017926
27,225,2.405764,0.000078,14.1547,0.000000,0.000000,0.000000,0.017691,0.002443,0.003916,0.009479,0.00017926
27,226,2.527540,0.000082,27.1992,0.000000,0.000000,0.000000,0.030702,0.000583,0.005093,0.008909,0.00017926
27,227,1.968956,0.000083,16.9579,0.000000,0.000000,0.000000,0.020119,0.000723,0.004353,0.009302,0.00017926
27,228,2.623636,0.000080,34.7072,0.000000,0.000000,0.000000,0.010012,0.000893,0.004494,0.009778,0.00017926
27,229,2.331807,0.000126,20.1938,0.000000,0.000000,0.000000,0.015780,0.001336,0.004758,0.011181,0.00017926
27,230,2.988669,0.000137,46.6515,0.000000,0.000000,0.000000,0.031892,0.001198,0.004611,0.011028,0.00017926
27,231,2.485519,0.000084,19.1513,0.000000,0.000000,0.000000,0.012825,0.000679,0.004579,0.009347,0.00017926
27,232,2.202238,0.000070,28.0718,0.000000,0.000000,0.000000,0.009136,0.000598,0.004091,0.008768,0.00017926
27,233,2.275356,0.000115,19.4644,0.000000,0.000000,0.000000,0.017322,0.000833,0.006036,0.013870,0.00017926
27,234,2.720080,0.000074,30.2590,0.000000,0.000000,0.000000,0.008816,0.000653,0.005482,0.010016,0.00017926
27,235,1.899446,0.000070,13.5708,0.000000,0.000000,0.000000,0.006831,0.000517,0.005105,0.009749,0.00017926
27,236,2.960392,0.000079,50.5217,0.000000,0.000000,0.000000,0.019307,0.000778,0.004253,0.009252,0.00017926
27,237,1.579515,0.000073,15.2198,0.000000,0.000000,0.000000,0.012983,0.000553,0.004099,0.009105,0.00017926
27,238,2.654360,0.000075,38.2222,0.000000,0.000000,0.000000,0.005271,0.000570,0.004034,0.008755,0.00017926
27,239,2.546852,0.000123,34.8495,0.000000,0.000000,0.000000,0.019426,0.000647,0.004221,0.010335,0.00017926
27,240,2.083947,0.000094,21.0224,0.000000,0.000000,0.000000,0.011860,0.000573,0.004747,0.009905,0.00017926
27,241,2.263290,0.000099,39.1587,0.000000,0.000000,0.000000,0.014638,0.000669,0.005007,0.010066,0.00017926
27,242,2.059773,0.000109,18.7938,0.000000,0.000000,0.000000,0.011960,0.000870,0.005000,0.010161,0.00017926
27,243,1.847285,0.000083,20.1773,0.000000,0.000000,0.000000,0.011742,0.000797,0.004631,0.009276,0.00017926
27,244,1.935290,0.000081,26.9409,0.000000,0.000000,0.000000,0.008623,0.000825,0.004131,0.009101,0.00017926
27,245,1.945702,0.000108,21.4817,0.000000,0.000000,0.000000,0.020450,0.001283,0.004309,0.011645,0.00017926
27,246,1.871771,0.000121,22.7429,0.000000,0.000000,0.000000,0.027462,0.001270,0.004417,0.011842,0.00017926
27,247,2.021835,0.000109,22.4567,0.000000,0.000000,0.000000,0.017630,0.001110,0.004058,0.011174,0.00017926
27,248,1.819460,0.000101,20.6603,0.000000,0.000000,0.000000,0.013971,0.000861,0.004139,0.010826,0.00017926
27,249,1.997002,0.000099,27.5610,0.000000,0.000000,0.000000,0.011938,0.000940,0.004051,0.009797,0.00017926
27,250,1.744975,0.000103,19.1537,0.000000,0.000000,0.000000,0.009722,0.001101,0.003899,0.009861,0.00017926
27,251,2.161383,0.000124,31.1955,0.000000,0.000000,0.000000,0.012534,0.000700,0.004647,0.011476,0.00017926
27,252,1.864113,0.000101,15.4808,0.000000,0.000000,0.000000,0.016832,0.000648,0.004475,0.009703,0.00017926
27,253,2.109819,0.000096,21.9189,0.000000,0.000000,0.000000,0.013490,0.000590,0.004177,0.009441,0.00017926
27,254,1.829855,0.000099,17.0404,0.000000,0.000000,0.000000,0.012825,0.000567,0.004240,0.009601,0.00017926
27,255,2.626692,0.000087,53.4923,0.000000,0.000000,0.000000,0.007851,0.000532,0.004145,0.008951,0.00017926
27,256,1.649563,0.000088,14.7384,0.000000,0.000000,0.000000,0.010205,0.000608,0.004073,0.009213,0.00017926
27,257,2.620809,0.000075,46.8534,0.000000,0.000000,0.000000,0.011220,0.000613,0.003707,0.008038,0.00017926
27,258,1.678941,0.000090,20.5002,0.000000,0.000000,0.000000,0.044867,0.000469,0.003870,0.010427,0.00017926
27,259,2.777428,0.000143,30.4906,0.000000,0.000000,0.000000,0.023881,0.000926,0.004620,0.012142,0.00017926
27,260,2.612319,0.000116,26.2829,0.000000,0.000000,0.000000,0.022197,0.001249,0.004980,0.012734,0.00017926
27,261,2.452232,0.000113,34.5439,0.000000,0.000000,0.000000,0.015227,0.001925,0.005115,0.012667,0.00017926
27,262,1.759276,0.000109,18.9472,0.000000,0.000000,0.000000,0.020577,0.000821,0.005130,0.012516,0.00017926
27,263,3.400590,0.000084,56.4507,0.000000,0.000000,0.000000,0.007176,0.000462,0.004101,0.010404,0.00017926
27,264,2.657967,0.000133,27.9556,0.000000,0.000000,0.000000,0.029349,0.001490,0.005650,0.013323,0.00017926
27,265,2.523504,0.000119,28.7449,0.000000,0.000000,0.000000,0.020305,0.001248,0.004135,0.010138,0.00017926
27,266,1.925088,0.000099,29.7507,0.000000,0.000000,0.000000,0.016220,0.000986,0.003849,0.008915,0.00017926
27,267,2.173813,0.000089,20.0701,0.000000,0.000000,0.000000,0.011667,0.000800,0.003657,0.008731,0.00017926
27,268,1.592194,0.000074,12.8462,0.000000,0.000000,0.000000,0.010525,0.000488,0.003693,0.008833,0.00017926
27,269,3.057842,0.000084,67.6813,0.000000,0.000000,0.000000,0.009747,0.000879,0.003896,0.009192,0.00017926
27,270,1.669927,0.000068,17.4998,0.000000,0.000000,0.000000,0.009007,0.000573,0.003699,0.008436,0.00017926
27,271,3.277041,0.000101,41.1998,0.000000,0.000000,0.000000,0.015268,0.000700,0.004183,0.013510,0.00017926
27,272,2.709379,0.000137,34.3513,0.000000,0.000000,0.000000,0.031670,0.001917,0.005172,0.015532,0.00017926
27,273,2.484093,0.000179,26.6560,0.000000,0.000000,0.000000,0.057026,0.001992,0.006964,0.023890,0.00017926
27,274,2.324656,0.000136,23.0258,0.000000,0.000000,0.000000,0.033805,0.001085,0.005019,0.016423,0.00017926
27,275,2.888089,0.000179,31.8741,0.000000,0.000000,0.000000,0.054408,0.001866,0.006314,0.022749,0.00017926
27,276,2.294117,0.000186,21.7203,0.000000,0.000000,0.000000,0.049700,0.001247,0.006513,0.021755,0.00017926
27,277,3.511331,0.000128,56.7131,0.000000,0.000000,0.000000,0.017259,0.001193,0.004148,0.013233,0.00017926
27,278,2.188500,0.000091,29.2453,0.000000,0.000000,0.000000,0.017902,0.000978,0.003814,0.011527,0.00017926
27,279,3.041304,0.000081,29.1431,0.000000,0.000000,0.000000,0.016253,0.001059,0.003566,0.011939,0.00017926
27,280,2.652072,0.000093,24.3339,0.000000,0.000000,0.000000,0.009481,0.000868,0.003595,0.010857,0.00017926
27,281,1.875818,0.000094,26.0028,0.000000,0.000000,0.000000,0.012382,0.000849,0.003523,0.010013,0.00017926
27,282,2.194956,0.000087,37.7076,0.000000,0.000000,0.000000,0.008180,0.000659,0.003490,0.009333,0.00017926
27,283,1.920030,0.000081,16.2570,0.000000,0.000000,0.000000,0.007496,0.000559,0.003674,0.008623,0.00017926
27,284,2.290341,0.000087,38.2152,0.000000,0.000000,0.000000,0.011618,0.000582,0.003530,0.010372,0.00017926
27,285,1.928907,0.000101,18.8585,0.000000,0.000000,0.000000,0.021789,0.000816,0.003967,0.010883,0.00017926
27,286,2.022802,0.000075,20.5916,0.000000,0.000000,0.000000,0.010446,0.000513,0.003701,0.010370,0.00017926
27,287,1.646204,0.000080,17.6029,0.000000,0.000000,0.000000,0.006718,0.000615,0.003474,0.010147,0.00017926
27,288,2.822046,0.000084,28.8650,0.000000,0.000000,0.000000,0.005280,0.000647,0.003618,0.010267,0.00017926
27,289,2.068463,0.000096,19.9755,0.000000,0.000000,0.000000,0.016494,0.000960,0.003405,0.010833,0.00017926
27,290,3.034996,0.000127,43.4646,0.000000,0.000000,0.000000,0.022782,0.001054,0.004211,0.014583,0.00017926
27,291,2.408968,0.000112,31.9316,0.000000,0.000000,0.000000,0.017389,0.001083,0.003769,0.012574,0.00017926
27,292,2.397835,0.000103,23.6709,0.000000,0.000000,0.000000,0.015450,0.000938,0.003774,0.012702,0.00017926
27,293,1.653975,0.000084,17.6577,0.000000,0.000000,0.000000,0.018051,0.000632,0.003532,0.011918,0.00017926
27,294,3.139149,0.000074,57.2032,0.000000,0.000000,0.000000,0.014382,0.000824,0.003452,0.011114,0.00017926
27,295,2.090342,0.000090,27.2313,0.000000,0.000000,0.000000,0.013194,0.001217,0.003680,0.011835,0.00017926
27,296,2.626028,0.000095,36.0277,0.000000,0.000000,0.000000,0.026079,0.001110,0.003733,0.011598,0.00017926
28,1,2.159226,0.000129,21.1917,0.000000,0.000000,0.000000,0.036515,0.001261,0.004486,0.015373,0.00015000
28,2,2.310169,0.000113,29.3767,0.000000,0.000000,0.000000,0.028522,0.001025,0.004239,0.014097,0.00015000
28,3,1.809701,0.000111,20.9902,0.000000,0.000000,0.000000,0.019656,0.000922,0.004161,0.012468,0.00015000
28,4,2.351302,0.000114,30.1634,0.000000,0.000000,0.000000,0.020297,0.000903,0.004018,0.012177,0.00015000
28,5,1.734475,0.000108,19.6182,0.000000,0.000000,0.000000,0.019166,0.001185,0.004009,0.012606,0.00015000
28,6,2.331656,0.000107,37.6469,0.000000,0.000000,0.000000,0.021183,0.000791,0.003836,0.010980,0.00015000
28,7,2.056557,0.000115,22.0324,0.000000,0.000000,0.000000,0.019737,0.000802,0.003836,0.012769,0.00015000
28,8,1.785969,0.000113,18.4815,0.000000,0.000000,0.000000,0.019853,0.000869,0.003759,0.011367,0.00015000
28,9,1.811604,0.000111,27.1447,0.000000,0.000000,0.000000,0.016673,0.000886,0.003947,0.010637,0.00015000
28,10,2.244098,0.000112,22.0956,0.000000,0.000000,0.000000,0.013096,0.000699,0.003883,0.009600,0.00015000
28,11,1.645245,0.000114,16.2843,0.000000,0.000000,0.000000,0.011328,0.000834,0.004163,0.010933,0.00015000
28,12,2.766973,0.000100,35.2858,0.000000,0.000000,0.000000,0.006660,0.000662,0.003781,0.009569,0.00015000
28,13,1.626880,0.000108,14.3834,0.000000,0.000000,0.000000,0.024780,0.000927,0.004100,0.011417,0.00015000
28,14,2.936068,0.000096,55.7654,0.000000,0.000000,0.000000,0.015163,0.000673,0.004155,0.009375,0.00015000
28,15,1.819794,0.000112,21.2636,0.000000,0.000000,0.000000,0.014161,0.001015,0.004001,0.009262,0.00015000
28,16,2.633061,0.000097,31.0734,0.000000,0.000000,0.000000,0.009441,0.000751,0.003677,0.008801,0.00015000
28,17,1.965472,0.000093,22.6172,0.000000,0.000000,0.000000,0.015362,0.000754,0.003787,0.009077,0.00015000
28,18,2.462283,0.000092,38.4105,0.000000,0.000000,0.000000,0.014623,0.000684,0.003858,0.009286,0.00015000
28,19,1.885025,0.000099,17.4283,0.000000,0.000000,0.000000,0.023040,0.000978,0.003985,0.012859,0.00015000
28,20,2.233785,0.000097,29.9054,0.000000,0.000000,0.000000,0.025195,0.001893,0.003961,0.014724,0.00015000
28,21,1.612408,0.000078,16.5782,0.000000,0.000000,0.000000,0.023981,0.001281,0.003812,0.012371,0.00015000
28,22,2.499449,0.000089,26.8792,0.000000,0.000000,0.000000,0.012626,0.000982,0.003915,0.011878,0.00015000
28,23,2.074642,0.000086,18.9465,0.000000,0.000000,0.000000,0.019853,0.001279,0.003906,0.012698,0.00015000
28,24,2.614623,0.000100,43.5727,0.000000,0.000000,0.000000,0.015241,0.001209,0.004056,0.013378,0.00015000
28,25,1.543208,0.000072,20.0757,0.000000,0.000000,0.000000,0.009956,0.000618,0.003513,0.010320,0.00015000
28,26,2.718838,0.000096,24.6397,0.000000,0.000000,0.000000,0.015163,0.001337,0.003962,0.011975,0.00015000
28,27,2.153556,0.000111,22.7536,0.000000,0.000000,0.000000,0.009661,0.001228,0.004361,0.011798,0.00015000
28,28,2.381337,0.000105,42.9261,0.000000,0.000000,0.000000,0.009441,0.001014,0.004055,0.010824,0.00015000
28,29,1.612228,0.000104,19.5550,0.000000,0.000000,0.000000,0.009200,0.001063,0.004320,0.011189,0.00015000
28,30,2.502426,0.000098,30.3242,0.000000,0.000000,0.000000,0.007050,0.000765,0.003826,0.010612,0.00015000
28,31,2.050330,0.000102,22.6532,0.000000,0.000000,0.000000,0.007545,0.000817,0.003973,0.011322,0.00015000
28,32,2.306022,0.000112,31.4702,0.000000,0.000000,0.000000,0.013087,0.000742,0.004194,0.011598,0.00015000
28,33,2.044376,0.000101,24.8585,0.000000,0.000000,0.000000,0.031556,0.000916,0.003853,0.011821,0.00015000
28,34,2.615860,0.000098,25.6317,0.000000,0.000000,0.000000,0.022430,0.000660,0.003777,0.010700,0.00015000
28,35,2.215471,0.000099,23.3366,0.000000,0.000000,0.000000,0.016039,0.000660,0.003609,0.011543,0.00015000
28,36,2.417913,0.000086,34.1864,0.000000,0.000000,0.000000,0.012278,0.000668,0.003588,0.009938,0.00015000
28,37,1.616640,0.000084,16.3106,0.000000,0.000000,0.000000,0.012500,0.000694,0.003770,0.010477,0.00015000
28,38,2.617812,0.000085,25.4915,0.000000,0.000000,0.000000,0.012113,0.000912,0.003826,0.010440,0.00015000
28,39,2.217900,0.000098,23.3237,0.000000,0.000000,0.000000,0.012268,0.000907,0.003627,0.010838,0.00015000
28,40,2.215079,0.000094,38.3645,0.000000,0.000000,0.000000,0.013820,0.000740,0.003670,0.009905,0.00015000
28,41,1.676439,0.000098,22.8768,0.000000,0.000000,0.000000,0.012920,0.000726,0.003828,0.010353,0.00015000
28,42,2.593247,0.000098,29.7652,0.000000,0.000000,0.000000,0.011249,0.000636,0.003808,0.009746,0.00015000
28,43,1.924299,0.000099,17.8021,0.000000,0.000000,0.000000,0.009978,0.000733,0.003937,0.010398,0.00015000
28,44,3.122121,0.000099,64.9399,0.000000,0.000000,0.000000,0.012217,0.000799,0.003925,0.010446,0.00015000
28,45,1.923668,0.000088,31.3280,0.000000,0.000000,0.000000,0.022880,0.000355,0.004202,0.010008,0.00015000
28,46,2.656282,0.000082,34.7677,0.000000,0.000000,0.000000,0.029903,0.000854,0.004180,0.010861,0.00015000
28,47,2.187093,0.000093,20.2727,0.000000,0.000000,0.000000,0.023623,0.001126,0.004247,0.010976,0.00015000
28,48,2.431192,0.000082,42.1741,0.000000,0.000000,0.000000,0.020033,0.000716,0.004065,0.010010,0.00015000
28,49,1.873454,0.000109,24.0845,0.000000,0.000000,0.000000,0.029377,0.001335,0.004683,0.011848,0.00015000
28,50,2.484317,0.000074,33.4844,0.000000,0.000000,0.000000,0.011057,0.000596,0.003982,0.009537,0.00015000
28,51,2.057655,0.000082,26.3931,0.000000,0.000000,0.000000,0.008293,0.000445,0.004562,0.010556,0.00015000
28,52,2.294866,0.000080,33.8887,0.000000,0.000000,0.000000,0.028751,0.002255,0.004744,0.010539,0.00015000
28,53,1.930461,0.000092,24.1772,0.000000,0.000000,0.000000,0.014775,0.001022,0.005906,0.010418,0.00015000
28,54,2.029461,0.000107,20.4329,0.000000,0.000000,0.000000,0.010815,0.001072,0.004946,0.010167,0.00015000
28,55,1.738135,0.000101,18.7871,0.000000,0.000000,0.000000,0.007481,0.000614,0.004530,0.010075,0.00015000
28,56,2.618953,0.000089,33.5223,0.000000,0.000000,0.000000,0.011786,0.000660,0.004066,0.009444,0.00015000
28,57,2.172098,0.000109,27.1713,0.000000,0.000000,0.000000,0.015029,0.000596,0.003943,0.010191,0.00015000
28,58,1.968301,0.000074,22.9168,0.000000,0.000000,0.000000,0.010052,0.000451,0.003766,0.008909,0.00015000
28,59,2.327277,0.000144,19.6461,0.000000,0.000000,0.000000,0.032857,0.001336,0.004658,0.011975,0.00015000
28,60,2.592881,0.000121,27.8663,0.000000,0.000000,0.000000,0.017706,0.001142,0.004551,0.011708,0.00015000
28,61,1.865312,0.000104,16.0665,0.000000,0.000000,0.000000,0.019590,0.000664,0.004020,0.011217,0.00015000
28,62,3.192149,0.000098,62.6462,0.000000,0.000000,0.000000,0.020174,0.000767,0.003907,0.010379,0.00015000
28,63,2.101761,0.000123,28.6624,0.000000,0.000000,0.000000,0.027934,0.000992,0.004220,0.011082,0.00015000
28,64,2.350788,0.000107,24.5936,0.000000,0.000000,0.000000,0.011547,0.000819,0.004023,0.009643,0.00015000
28,65,2.010383,0.000124,14.4798,0.000000,0.000000,0.000000,0.015947,0.001078,0.004265,0.020171,0.00015000
28,66,2.894771,0.000103,33.6928,0.000000,0.000000,0.000000,0.017923,0.000921,0.004220,0.016844,0.00015000
28,67,1.813791,0.000105,13.0769,0.000000,0.000000,0.000000,0.026475,0.001749,0.004437,0.018397,0.00015000
28,68,2.910977,0.000119,34.0002,0.000000,0.000000,0.000000,0.016858,0.001554,0.004415,0.017224,0.00015000
28,69,2.091485,0.000108,17.2297,0.000000,0.000000,0.000000,0.010880,0.001764,0.004327,0.016429,0.00015000
28,70,2.521159,0.000101,27.2316,0.000000,0.000000,0.000000,0.015059,0.000988,0.004274,0.016110,0.00015000
28,71,1.732363,0.000078,16.1982,0.000000,0.000000,0.000000,0.011344,0.000487,0.003539,0.010147,0.00015000
28,72,2.513428,0.000109,40.4049,0.000000,0.000000,0.000000,0.008422,0.000733,0.004076,0.011402,0.00015000
28,73,2.172369,0.000080,25.7018,0.000000,0.000000,0.000000,0.028414,0.001390,0.003865,0.010831,0.00015000
28,74,1.956268,0.000089,25.0905,0.000000,0.000000,0.000000,0.008373,0.000645,0.003690,0.010298,0.00015000
28,75,1.611157,0.000073,23.1168,0.000000,0.000000,0.000000,0.013353,0.001492,0.003736,0.011118,0.00015000
28,76,2.332484,0.000112,24.9048,0.000000,0.000000,0.000000,0.006132,0.001215,0.004071,0.011268,0.00015000
28,77,2.109054,0.000085,26.1102,0.000000,0.000000,0.000000,0.018296,0.001959,0.004186,0.016740,0.00015000
28,78,2.692807,0.000103,44.2061,0.000000,0.000000,0.000000,0.010589,0.000962,0.004274,0.014221,0.00015000
28,79,2.100130,0.000103,22.3395,0.000000,0.000000,0.000000,0.012463,0.001198,0.004088,0.012624,0.00015000
28,80,1.996123,0.000103,23.0350,0.000000,0.000000,0.000000,0.012269,0.000778,0.004014,0.012002,0.00015000
28,81,1.881623,0.000076,21.4216,0.000000,0.000000,0.000000,0.005240,0.000661,0.003558,0.010343,0.00015000
28,82,1.918890,0.000078,20.5148,0.000000,0.000000,0.000000,0.005497,0.000747,0.003787,0.011007,0.00015000
28,83,1.549685,0.000066,15.2465,0.000000,0.000000,0.000000,0.007606,0.000328,0.003603,0.010579,0.00015000
28,84,2.547227,0.000077,52.3351,0.000000,0.000000,0.000000,0.011618,0.000335,0.003721,0.009736,0.00015000
28,85,1.680324,0.000077,20.2480,0.000000,0.000000,0.000000,0.010141,0.000887,0.003776,0.010571,0.00015000
28,86,2.096960,0.000086,29.8281,0.000000,0.000000,0.000000,0.006919,0.001284,0.003837,0.009605,0.00015000
28,87,1.436880,0.000078,12.8102,0.000000,0.000000,0.000000,0.008293,0.000740,0.004210,0.010151,0.00015000
28,88,2.666178,0.000082,49.2786,0.000000,0.000000,0.000000,0.007353,0.000596,0.003770,0.009627,0.00015000
28,89,1.848411,0.000086,19.2330,0.000000,0.000000,0.000000,0.012012,0.001248,0.003944,0.009700,0.00015000
28,90,2.203610,0.000077,33.2602,0.000000,0.000000,0.000000,0.009324,0.000787,0.004064,0.009734,0.00015000
28,91,1.931852,0.000090,19.0470,0.000000,0.000000,0.000000,0.020684,0.001092,0.004127,0.013044,0.00015000
28,92,2.475256,0.000084,41.6076,0.000000,0.000000,0.000000,0.013518,0.000736,0.004306,0.011706,0.00015000
28,93,2.055786,0.000079,21.3208,0.000000,0.000000,0.000000,0.008461,0.000738,0.004392,0.011282,0.00015000
28,94,2.061340,0.000070,28.9367,0.000000,0.000000,0.000000,0.013145,0.000588,0.004007,0.010122,0.00015000
28,95,1.771471,0.000094,12.9419,0.000000,0.000000,0.000000,0.013441,0.000691,0.004233,0.011438,0.00015000
28,96,3.575237,0.000076,40.8819,0.000000,0.000000,0.000000,0.007991,0.000808,0.003677,0.009188,0.00015000
28,97,2.419442,0.000092,15.5263,0.000000,0.000000,0.000000,0.010991,0.001061,0.004133,0.011903,0.00015000
28,98,2.701082,0.000082,35.1630,0.000000,0.000000,0.000000,0.010510,0.000600,0.003894,0.010401,0.00015000
28,99,2.236283,0.000087,18.2821,0.000000,0.000000,0.000000,0.019700,0.000658,0.004155,0.009785,0.00015000
28,100,2.320692,0.000103,34.0200,0.000000,0.000000,0.000000,0.011234,0.000578,0.004359,0.010080,0.00015000
28,101,1.788293,0.000088,18.2573,0.000000,0.000000,0.000000,0.008422,0.000706,0.004597,0.009690,0.00015000
28,102,2.522453,0.000075,40.6521,0.000000,0.000000,0.000000,0.010128,0.000681,0.004402,0.009126,0.00015000
28,103,1.965810,0.000075,19.6476,0.000000,0.000000,0.000000,0.007009,0.000541,0.004656,0.010608,0.00015000
28,104,2.011477,0.000073,27.5522,0.000000,0.000000,0.000000,0.007216,0.000418,0.004217,0.009434,0.00015000
28,105,1.537126,0.000077,12.7963,0.000000,0.000000,0.000000,0.004452,0.000440,0.003826,0.008611,0.00015000
28,106,3.452632,0.000104,39.1357,0.000000,0.000000,0.000000,0.009096,0.000467,0.004133,0.009576,0.00015000
28,107,2.653190,0.000100,20.6280,0.000000,0.000000,0.000000,0.013032,0.000882,0.003573,0.009190,0.00015000
28,108,2.397730,0.000096,27.0299,0.000000,0.000000,0.000000,0.015490,0.000757,0.003611,0.008931,0.00015000
28,109,1.860604,0.000066,17.1186,0.000000,0.000000,0.000000,0.002798,0.000522,0.003587,0.007928,0.00015000
28,110,2.626466,0.000084,36.0967,0.000000,0.000000,0.000000,0.007208,0.000622,0.004440,0.009616,0.00015000
28,111,2.249278,0.000091,22.0982,0.000000,0.000000,0.000000,0.017920,0.000806,0.004553,0.009336,0.00015000
28,112,2.111171,0.000085,20.9647,0.000000,0.000000,0.000000,0.010944,0.000445,0.004235,0.009253,0.00015000
28,113,1.615190,0.000088,14.3563,0.000000,0.000000,0.000000,0.012128,0.000475,0.004748,0.009482,0.00015000
28,114,3.718812,0.000111,49.8177,0.000000,0.000000,0.000000,0.024954,0.000618,0.004937,0.011424,0.00015000
28,115,2.552157,0.000089,27.2160,0.000000,0.000000,0.000000,0.015185,0.000594,0.004782,0.009742,0.00015000
28,116,2.219775,0.000074,22.5478,0.000000,0.000000,0.000000,0.006919,0.000329,0.004617,0.009676,0.00015000
28,117,2.542562,0.000108,16.0554,0.000000,0.000000,0.000000,0.025675,0.001828,0.003964,0.012095,0.00015000
28,118,1.960677,0.000099,24.2490,0.000000,0.000000,0.000000,0.022986,0.001365,0.003846,0.012670,0.00015000
28,119,1.766780,0.000090,16.0883,0.000000,0.000000,0.000000,0.021392,0.001455,0.003975,0.011393,0.00015000
28,120,2.297745,0.000093,26.8725,0.000000,0.000000,0.000000,0.018033,0.001806,0.003884,0.011800,0.00015000
28,121,1.936746,0.000091,18.6385,0.000000,0.000000,0.000000,0.017859,0.001690,0.003670,0.011433,0.00015000
28,122,2.245073,0.000099,37.7518,0.000000,0.000000,0.000000,0.019500,0.001885,0.003952,0.011087,0.00015000
28,123,2.134904,0.000087,19.5215,0.000000,0.000000,0.000000,0.010048,0.000872,0.003726,0.009518,0.00015000
28,124,1.956761,0.000096,19.4297,0.000000,0.000000,0.000000,0.013530,0.000862,0.003841,0.009341,0.00015000
28,125,1.807915,0.000088,24.3692,0.000000,0.000000,0.000000,0.010357,0.000721,0.003583,0.008711,0.00015000
28,126,1.649733,0.000073,18.8911,0.000000,0.000000,0.000000,0.004019,0.000375,0.003473,0.008290,0.00015000
28,127,2.069771,0.000085,35.7720,0.000000,0.000000,0.000000,0.014278,0.000393,0.003719,0.008270,0.00015000
28,128,2.071566,0.000131,20.3167,0.000000,0.000000,0.000000,0.042203,0.001053,0.004405,0.011312,0.00015000
28,129,2.487056,0.000093,44.3625,0.000000,0.000000,0.000000,0.016477,0.001080,0.004116,0.009936,0.00015000
28,130,1.881234,0.000085,16.5799,0.000000,0.000000,0.000000,0.011554,0.000764,0.003671,0.009711,0.00015000
28,131,2.201403,0.000081,24.1147,0.000000,0.000000,0.000000,0.007722,0.000993,0.003934,0.009727,0.00015000
28,132,1.688823,0.000110,15.2652,0.000000,0.000000,0.000000,0.020253,0.001593,0.004186,0.010238,0.00015000
28,133,3.307251,0.000085,56.1484,0.000000,0.000000,0.000000,0.006068,0.000724,0.003847,0.009197,0.00015000
28,134,2.400072,0.000077,30.1356,0.000000,0.000000,0.000000,0.003561,0.000667,0.003718,0.009348,0.00015000
28,135,2.146515,0.000107,17.7034,0.000000,0.000000,0.000000,0.037862,0.002307,0.003975,0.012210,0.00015000
28,136,2.451993,0.000101,24.2097,0.000000,0.000000,0.000000,0.014953,0.000827,0.004028,0.010067,0.00015000
28,137,1.651384,0.000093,18.3589,0.000000,0.000000,0.000000,0.007344,0.001400,0.003680,0.009246,0.00015000
28,138,2.135816,0.000074,23.5427,0.000000,0.000000,0.000000,0.004630,0.000686,0.003617,0.008820,0.00015000
28,139,1.646892,0.000098,13.9875,0.000000,0.000000,0.000000,0.009764,0.001306,0.003819,0.010001,0.00015000
28,140,3.710359,0.000079,80.0331,0.000000,0.000000,0.000000,0.005915,0.000676,0.003542,0.008606,0.00015000
28,141,2.539774,0.000113,47.0719,0.000000,0.000000,0.000000,0.021525,0.000498,0.003989,0.009780,0.00015000
28,142,2.403334,0.000102,28.2640,0.000000,0.000000,0.000000,0.011618,0.001789,0.003840,0.013255,0.00015000
28,143,2.157281,0.000085,23.6166,0.000000,0.000000,0.000000,0.004935,0.000586,0.003946,0.011136,0.00015000
28,144,1.772656,0.000089,23.6966,0.000000,0.000000,0.000000,0.006043,0.000868,0.004181,0.010758,0.00015000
28,145,2.668163,0.000086,39.9151,0.000000,0.000000,0.000000,0.006156,0.000672,0.004106,0.010795,0.00015000
28,146,2.039984,0.000101,26.2264,0.000000,0.000000,0.000000,0.006348,0.000533,0.004134,0.011783,0.00015000
28,147,2.441558,0.000077,38.9399,0.000000,0.000000,0.000000,0.005979,0.000550,0.003925,0.010111,0.00015000
28,148,1.832615,0.000076,21.8651,0.000000,0.000000,0.000000,0.004859,0.000538,0.004014,0.010995,0.00015000
28,149,2.767204,0.000111,49.9893,0.000000,0.000000,0.000000,0.019464,0.000489,0.004339,0.010549,0.00015000
28,150,2.009359,0.000081,22.5785,0.000000,0.000000,0.000000,0.015233,0.000531,0.004274,0.010273,0.00015000
28,151,2.096705,0.000080,26.9839,0.000000,0.000000,0.000000,0.021346,0.000480,0.004170,0.009826,0.00015000
28,152,1.647817,0.000077,21.5888,0.000000,0.000000,0.000000,0.007023,0.000399,0.004188,0.009662,0.00015000
28,153,2.351538,0.000086,31.3554,0.000000,0.000000,0.000000,0.011032,0.000510,0.004181,0.009483,0.00015000
28,154,1.828305,0.000086,17.5261,0.000000,0.000000,0.000000,0.009498,0.000347,0.004376,0.009372,0.00015000
28,155,2.561268,0.000096,44.2625,0.000000,0.000000,0.000000,0.017210,0.000807,0.004296,0.011267,0.00015000
28,156,1.995878,0.000088,22.9150,0.000000,0.000000,0.000000,0.014977,0.000786,0.003990,0.010223,0.00015000
28,157,1.859485,0.000098,22.3469,0.000000,0.000000,0.000000,0.015106,0.000873,0.004150,0.010255,0.00015000
28,158,2.215277,0.000080,40.9762,0.000000,0.000000,0.000000,0.020464,0.000929,0.004414,0.010592,0.00015000
28,159,2.459453,0.000100,25.3113,0.000000,0.000000,0.000000,0.023051,0.001672,0.004290,0.010639,0.00015000
28,160,1.750802,0.000100,14.7622,0.000000,0.000000,0.000000,0.015034,0.001228,0.004596,0.011084,0.00015000
28,161,2.738050,0.000100,37.3842,0.000000,0.000000,0.000000,0.006377,0.000777,0.003888,0.009733,0.00015000
28,162,1.591699,0.000088,13.1915,0.000000,0.000000,0.000000,0.006678,0.000808,0.003578,0.009104,0.00015000
28,163,2.502385,0.000098,32.4498,0.000000,0.000000,0.000000,0.018134,0.001262,0.004161,0.011117,0.00015000
28,164,1.793260,0.000074,19.6559,0.000000,0.000000,0.000000,0.009939,0.000978,0.003578,0.009153,0.00015000
28,165,2.285443,0.000089,33.6361,0.000000,0.000000,0.000000,0.010205,0.000898,0.003783,0.009482,0.00015000
28,166,1.935771,0.000096,17.7016,0.000000,0.000000,0.000000,0.007481,0.000614,0.003752,0.009822,0.00015000
28,167,2.158988,0.000077,32.8821,0.000000,0.000000,0.000000,0.004172,0.000408,0.003720,0.008924,0.00015000
28,168,1.895221,0.000102,21.5264,0.000000,0.000000,0.000000,0.024918,0.000899,0.004941,0.013648,0.00015000
28,169,2.517441,0.000099,27.8674,0.000000,0.000000,0.000000,0.011008,0.001089,0.003963,0.009229,0.00015000
28,170,1.788006,0.000096,16.6410,0.000000,0.000000,0.000000,0.015249,0.001365,0.004075,0.009308,0.00015000
28,171,3.391700,0.000098,70.7315,0.000000,0.000000,0.000000,0.010599,0.000558,0.003797,0.009084,0.00015000
28,172,2.348476,0.000085,35.2700,0.000000,0.000000,0.000000,0.011273,0.000918,0.003393,0.009355,0.00015000
28,173,2.319297,0.000098,20.0377,0.000000,0.000000,0.000000,0.018406,0.000987,0.003921,0.009403,0.00015000
28,174,1.871149,0.000138,17.8466,0.000000,0.000000,0.000000,0.016775,0.000958,0.004425,0.011832,0.00015000
28,175,3.576995,0.000087,63.8192,0.000000,0.000000,0.000000,0.021592,0.000986,0.003866,0.012607,0.00015000
28,176,2.416147,0.000080,34.6014,0.000000,0.000000,0.000000,0.006107,0.001107,0.004014,0.009881,0.00015000
28,177,2.187969,0.000091,22.3282,0.000000,0.000000,0.000000,0.005979,0.001077,0.004207,0.010736,0.00015000
28,178,2.024638,0.000084,27.3727,0.000000,0.000000,0.000000,0.014775,0.001119,0.004210,0.011084,0.00015000
28,179,1.892730,0.000066,25.6607,0.000000,0.000000,0.000000,0.007264,0.000626,0.003792,0.009939,0.00015000
28,180,1.791693,0.000069,17.8402,0.000000,0.000000,0.000000,0.008019,0.001075,0.003922,0.010400,0.00015000
28,181,1.843045,0.000089,29.2494,0.000000,0.000000,0.000000,0.010979,0.000628,0.004111,0.009243,0.00015000
28,182,1.948264,0.000079,15.9256,0.000000,0.000000,0.000000,0.011185,0.000609,0.003891,0.008619,0.00015000
28,183,1.869902,0.000086,22.0506,0.000000,0.000000,0.000000,0.011362,0.000604,0.003886,0.008938,0.00015000
28,184,1.676598,0.000086,21.2041,0.000000,0.000000,0.000000,0.010968,0.000527,0.003834,0.008840,0.00015000
28,185,2.177062,0.000084,27.8408,0.000000,0.000000,0.000000,0.010665,0.000733,0.003843,0.009510,0.00015000
28,186,1.536398,0.000078,16.3077,0.000000,0.000000,0.000000,0.009079,0.000500,0.003661,0.008503,0.00015000
28,187,2.073539,0.000082,31.3396,0.000000,0.000000,0.000000,0.013613,0.000659,0.003668,0.011106,0.00015000
28,188,1.456869,0.000084,14.2822,0.000000,0.000000,0.000000,0.011643,0.000510,0.003661,0.009564,0.00015000
28,189,2.459596,0.000085,36.6072,0.000000,0.000000,0.000000,0.007979,0.000455,0.003725,0.009301,0.00015000
28,190,2.080023,0.000113,17.3834,0.000000,0.000000,0.000000,0.017147,0.000430,0.004236,0.011889,0.00015000
28,191,2.446010,0.000070,25.8672,0.000000,0.000000,0.000000,0.004975,0.000448,0.003822,0.008675,0.00015000
28,192,1.757693,0.000079,17.7423,0.000000,0.000000,0.000000,0.017435,0.000544,0.004011,0.009954,0.00015000
28,193,2.717510,0.000071,49.4202,0.000000,0.000000,0.000000,0.010702,0.000466,0.004009,0.010558,0.00015000
28,194,1.846692,0.000090,18.5816,0.000000,0.000000,0.000000,0.008895,0.000476,0.004294,0.010244,0.00015000
28,195,2.087960,0.000100,29.8903,0.000000,0.000000,0.000000,0.008742,0.000745,0.004390,0.010471,0.00015000
28,196,1.616489,0.000078,17.0167,0.000000,0.000000,0.000000,0.009530,0.000381,0.003575,0.009024,0.00015000
28,197,2.469351,0.000073,39.0446,0.000000,0.000000,0.000000,0.013401,0.000538,0.003607,0.009156,0.00015000
28,198,1.893098,0.000086,24.1281,0.000000,0.000000,0.000000,0.008003,0.000457,0.003608,0.009686,0.00015000
28,199,1.889780,0.000068,23.1705,0.000000,0.000000,0.000000,0.005834,0.000529,0.003583,0.008984,0.00015000
28,200,1.623463,0.000064,19.2379,0.000000,0.000000,0.000000,0.017114,0.000370,0.004068,0.009684,0.00015000
28,201,2.366667,0.000095,27.2001,0.000000,0.000000,0.000000,0.009747,0.000508,0.004046,0.009663,0.00015000
28,202,1.845183,0.000097,17.5196,0.000000,0.000000,0.000000,0.012012,0.000736,0.004384,0.010652,0.00015000
28,203,2.927872,0.000082,57.9487,0.000000,0.000000,0.000000,0.013579,0.000678,0.003889,0.010581,0.00015000
28,204,2.246031,0.000091,22.9606,0.000000,0.000000,0.000000,0.009008,0.000362,0.003931,0.010129,0.00015000
28,205,2.204101,0.000103,21.1932,0.000000,0.000000,0.000000,0.010296,0.000506,0.004555,0.011276,0.00015000
28,206,2.003826,0.000096,20.7101,0.000000,0.000000,0.000000,0.019274,0.000705,0.004685,0.012505,0.00015000
28,207,2.842317,0.000100,26.4667,0.000000,0.000000,0.000000,0.037632,0.000850,0.003980,0.012634,0.00015000
28,208,1.959884,0.000085,16.0243,0.000000,0.000000,0.000000,0.016455,0.000489,0.003606,0.011015,0.00015000
28,209,3.272969,0.000116,37.9012,0.000000,0.000000,0.000000,0.037156,0.001699,0.004453,0.013047,0.00015000
28,210,2.042973,0.000139,16.7069,0.000000,0.000000,0.000000,0.022825,0.000853,0.004819,0.014761,0.00015000
28,211,2.342113,0.000100,25.8646,0.000000,0.000000,0.000000,0.024977,0.000949,0.004291,0.012204,0.00015000
28,212,1.750884,0.000089,16.6276,0.000000,0.000000,0.000000,0.011279,0.000720,0.003785,0.010006,0.00015000
28,213,2.433016,0.000095,32.3032,0.000000,0.000000,0.000000,0.006824,0.000641,0.003862,0.015369,0.00015000
28,214,1.943429,0.000094,18.3349,0.000000,0.000000,0.000000,0.014037,0.001024,0.003833,0.015353,0.00015000
28,215,2.444014,0.000096,40.6883,0.000000,0.000000,0.000000,0.008816,0.000748,0.003899,0.014170,0.00015000
28,216,1.913518,0.000080,21.4676,0.000000,0.000000,0.000000,0.008333,0.000652,0.003500,0.013048,0.00015000
28,217,2.412991,0.000076,36.1712,0.000000,0.000000,0.000000,0.008092,0.001401,0.003644,0.011682,0.00015000
28,218,1.694646,0.000080,16.6003,0.000000,0.000000,0.000000,0.009025,0.000916,0.003530,0.011245,0.00015000
28,219,2.880355,0.000111,51.6839,0.000000,0.000000,0.000000,0.021415,0.000558,0.003952,0.011386,0.00015000
28,220,2.216468,0.000087,19.3836,0.000000,0.000000,0.000000,0.017459,0.000715,0.003476,0.010179,0.00015000
28,221,1.719882,0.000104,16.1434,0.000000,0.000000,0.000000,0.012165,0.000759,0.003736,0.010221,0.00015000
28,222,2.862050,0.000085,45.6654,0.000000,0.000000,0.000000,0.008373,0.000567,0.003686,0.009450,0.00015000
28,223,2.227618,0.000116,21.9123,0.000000,0.000000,0.000000,0.026998,0.000716,0.004117,0.010669,0.00015000
28,224,1.992901,0.000092,27.4667,0.000000,0.000000,0.000000,0.006742,0.000676,0.003769,0.010521,0.00015000
28,225,1.756126,0.000064,24.0973,0.000000,0.000000,0.000000,0.013789,0.000554,0.003520,0.009228,0.00015000
28,226,2.264654,0.000076,26.5098,0.000000,0.000000,0.000000,0.012305,0.000478,0.003860,0.008825,0.00015000
28,227,1.567888,0.000078,14.2866,0.000000,0.000000,0.000000,0.009176,0.000526,0.003708,0.009027,0.00015000
28,228,3.208852,0.000079,48.5115,0.000000,0.000000,0.000000,0.009619,0.000443,0.003930,0.009718,0.00015000
28,229,2.630740,0.000118,34.2968,0.000000,0.000000,0.000000,0.020100,0.000773,0.004274,0.011565,0.00015000
28,230,2.021253,0.000136,21.1950,0.000000,0.000000,0.000000,0.027548,0.001144,0.004137,0.011944,0.00015000
28,231,2.753293,0.000083,60.0405,0.000000,0.000000,0.000000,0.006452,0.000668,0.003920,0.009242,0.00015000
28,232,1.527311,0.000069,15.0323,0.000000,0.000000,0.000000,0.008293,0.000611,0.004469,0.009151,0.00015000
28,233,2.569167,0.000115,47.8906,0.000000,0.000000,0.000000,0.015859,0.001646,0.005338,0.013537,0.00015000
28,234,1.693711,0.000080,15.6537,0.000000,0.000000,0.000000,0.007072,0.000826,0.004426,0.009809,0.00015000
28,235,1.842030,0.000069,22.9691,0.000000,0.000000,0.000000,0.007787,0.000650,0.004319,0.009214,0.00015000
28,236,1.554083,0.000077,17.9944,0.000000,0.000000,0.000000,0.007329,0.000579,0.004326,0.009358,0.00015000
28,237,2.536661,0.000070,33.3100,0.000000,0.000000,0.000000,0.007594,0.000677,0.003611,0.009098,0.00015000
28,238,1.808026,0.000066,14.9551,0.000000,0.000000,0.000000,0.004402,0.000502,0.003386,0.009019,0.00015000
28,239,2.675669,0.000122,42.5274,0.000000,0.000000,0.000000,0.029550,0.000813,0.004093,0.011041,0.00015000
28,240,1.812805,0.000094,20.0529,0.000000,0.000000,0.000000,0.015017,0.000749,0.003439,0.010670,0.00015000
28,241,2.220367,0.000098,34.7929,0.000000,0.000000,0.000000,0.006703,0.000560,0.003677,0.010782,0.00015000
28,242,1.732248,0.000109,22.2506,0.000000,0.000000,0.000000,0.009796,0.000712,0.003938,0.011443,0.00015000
28,243,2.664970,0.000082,44.5051,0.000000,0.000000,0.000000,0.008882,0.000574,0.003523,0.010504,0.00015000
28,244,2.416059,0.000078,31.7849,0.000000,0.000000,0.000000,0.008851,0.000654,0.003395,0.010110,0.00015000
28,245,2.068002,0.000102,22.6378,0.000000,0.000000,0.000000,0.019616,0.001259,0.003756,0.010976,0.00015000
28,246,2.005677,0.000117,32.2234,0.000000,0.000000,0.000000,0.019334,0.001051,0.004276,0.012178,0.00015000
28,247,2.102967,0.000104,20.5828,0.000000,0.000000,0.000000,0.012361,0.000929,0.004019,0.011510,0.00015000
28,248,1.544950,0.000100,16.1488,0.000000,0.000000,0.000000,0.010369,0.000624,0.004088,0.010742,0.00015000
28,249,2.835516,0.000100,41.9936,0.000000,0.000000,0.000000,0.011798,0.000999,0.003765,0.010200,0.00015000
28,250,1.991920,0.000110,18.5106,0.000000,0.000000,0.000000,0.010412,0.000777,0.003869,0.010807,0.00015000
28,251,2.543250,0.000125,44.5553,0.000000,0.000000,0.000000,0.013265,0.000692,0.004619,0.012925,0.00015000
28,252,1.640700,0.000093,18.3838,0.000000,0.000000,0.000000,0.020982,0.000715,0.003973,0.010702,0.00015000
28,253,3.194862,0.000092,37.9143,0.000000,0.000000,0.000000,0.011619,0.000471,0.003887,0.010146,0.00015000
28,254,2.227400,0.000090,22.1636,0.000000,0.000000,0.000000,0.010143,0.000591,0.004034,0.010689,0.00015000
28,255,1.839045,0.000086,20.6913,0.000000,0.000000,0.000000,0.008769,0.000541,0.004117,0.009871,0.00015000
28,256,1.943357,0.000078,22.0255,0.000000,0.000000,0.000000,0.017273,0.000519,0.003959,0.009810,0.00015000
28,257,2.211096,0.000064,23.4723,0.000000,0.000000,0.000000,0.018200,0.000577,0.003456,0.008389,0.00015000
28,258,2.177237,0.000079,23.2626,0.000000,0.000000,0.000000,0.023544,0.000474,0.004065,0.010966,0.00015000
28,259,2.055426,0.000132,20.7292,0.000000,0.000000,0.000000,0.024101,0.000754,0.004469,0.011881,0.00015000
28,260,1.991250,0.000109,19.5880,0.000000,0.000000,0.000000,0.025019,0.001530,0.004221,0.011724,0.00015000
28,261,1.979309,0.000112,31.0454,0.000000,0.000000,0.000000,0.013096,0.000759,0.004828,0.012505,0.00015000
28,262,2.104258,0.000110,25.3276,0.000000,0.000000,0.000000,0.021257,0.000891,0.004381,0.011531,0.00015000
28,263,1.657390,0.000080,16.8559,0.000000,0.000000,0.000000,0.013194,0.000729,0.004152,0.010262,0.00015000
28,264,1.846206,0.000129,23.1656,0.000000,0.000000,0.000000,0.024884,0.000976,0.005180,0.012110,0.00015000
28,265,1.775456,0.000114,24.0931,0.000000,0.000000,0.000000,0.006748,0.000558,0.004340,0.009987,0.00015000
28,266,2.023331,0.000099,28.7541,0.000000,0.000000,0.000000,0.006654,0.000606,0.004344,0.008949,0.00015000
28,267,1.738704,0.000088,16.9638,0.000000,0.000000,0.000000,0.007023,0.000385,0.004065,0.008843,0.00015000
28,268,1.971814,0.000075,28.8137,0.000000,0.000000,0.000000,0.007762,0.000403,0.003807,0.008279,0.00015000
28,269,1.801178,0.000086,17.5036,0.000000,0.000000,0.000000,0.006373,0.000666,0.003953,0.008792,0.00015000
28,270,2.422230,0.000070,36.3599,0.000000,0.000000,0.000000,0.009140,0.000476,0.003874,0.008844,0.00015000
28,271,1.810374,0.000107,17.9923,0.000000,0.000000,0.000000,0.014200,0.000906,0.004087,0.012633,0.00015000
28,272,2.064676,0.000139,29.1275,0.000000,0.000000,0.000000,0.031778,0.001231,0.005047,0.014509,0.00015000
28,273,2.079604,0.000173,22.8639,0.000000,0.000000,0.000000,0.059955,0.001589,0.006484,0.022631,0.00015000
28,274,2.326392,0.000133,32.2986,0.000000,0.000000,0.000000,0.021066,0.000847,0.004696,0.014882,0.00015000
28,275,1.983204,0.000180,19.8652,0.000000,0.000000,0.000000,0.044323,0.001960,0.006532,0.022574,0.00015000
28,276,2.476063,0.000193,43.2924,0.000000,0.000000,0.000000,0.046545,0.001237,0.006882,0.021244,0.00015000
28,277,2.239485,0.000122,22.8134,0.000000,0.000000,0.000000,0.012992,0.001437,0.003927,0.013374,0.00015000
28,278,2.152243,0.000077,22.6599,0.000000,0.000000,0.000000,0.021715,0.000795,0.003650,0.010843,0.00015000
28,279,1.848372,0.000082,19.0454,0.000000,0.000000,0.000000,0.013105,0.001325,0.003513,0.010829,0.00015000
28,280,1.800570,0.000088,18.5869,0.000000,0.000000,0.000000,0.013386,0.001011,0.003544,0.010138,0.00015000
28,281,1.704812,0.000086,22.7457,0.000000,0.000000,0.000000,0.008116,0.000640,0.003560,0.009700,0.00015000
28,282,1.836937,0.000079,23.8094,0.000000,0.000000,0.000000,0.008574,0.000623,0.003568,0.010027,0.00015000
28,283,1.810513,0.000087,24.3176,0.000000,0.000000,0.000000,0.004172,0.000613,0.004008,0.010245,0.00015000
28,284,1.821849,0.000077,24.5211,0.000000,0.000000,0.000000,0.006919,0.000545,0.003632,0.010609,0.00015000
28,285,1.653590,0.000101,19.8516,0.000000,0.000000,0.000000,0.014754,0.000550,0.004075,0.011052,0.00015000
28,286,1.810422,0.000083,28.0166,0.000000,0.000000,0.000000,0.012382,0.000490,0.004189,0.010667,0.00015000
28,287,1.497664,0.000081,16.6558,0.000000,0.000000,0.000000,0.008767,0.000508,0.003893,0.010334,0.00015000
28,288,1.664613,0.000082,21.0069,0.000000,0.000000,0.000000,0.009314,0.000537,0.003844,0.010385,0.00015000
28,289,1.479526,0.000092,15.1067,0.000000,0.000000,0.000000,0.014589,0.000921,0.003555,0.011016,0.00015000
28,290,2.066191,0.000129,21.0521,0.000000,0.000000,0.000000,0.014027,0.000759,0.004616,0.015440,0.00015000
28,291,2.547758,0.000093,47.2574,0.000000,0.000000,0.000000,0.014663,0.000814,0.003637,0.012864,0.00015000
28,292,1.897136,0.000095,17.3872,0.000000,0.000000,0.000000,0.010244,0.000824,0.003621,0.013015,0.00015000
28,293,1.542483,0.000080,19.5986,0.000000,0.000000,0.000000,0.015773,0.000768,0.003585,0.012558,0.00015000
28,294,2.547919,0.000074,33.6118,0.000000,0.000000,0.000000,0.009008,0.000790,0.003533,0.011391,0.00015000
28,295,1.938834,0.000082,19.7569,0.000000,0.000000,0.000000,0.013514,0.001038,0.003630,0.012332,0.00015000
28,296,2.252230,0.000090,34.1715,0.000000,0.000000,0.000000,0.019872,0.000863,0.003684,0.012162,0.00015000
29,1,1.730103,0.000122,18.1969,0.000000,0.000000,0.000000,0.028128,0.000904,0.004265,0.013510,0.00012074
29,2,2.553654,0.000111,38.5189,0.000000,0.000000,0.000000,0.017446,0.000872,0.004137,0.013205,0.00012074
29,3,1.984692,0.000110,23.1910,0.000000,0.000000,0.000000,0.013870,0.000819,0.004351,0.012256,0.00012074
29,4,1.855011,0.000110,21.2101,0.000000,0.000000,0.000000,0.010992,0.000639,0.004285,0.012732,0.00012074
29,5,1.656059,0.000105,18.6829,0.000000,0.000000,0.000000,0.016939,0.000861,0.004200,0.012837,0.00012074
29,6,2.467716,0.000106,31.7879,0.000000,0.000000,0.000000,0.015739,0.000614,0.004154,0.012040,0.00012074
29,7,1.951437,0.000115,21.7282,0.000000,0.000000,0.000000,0.014747,0.000779,0.003969,0.012403,0.00012074
29,8,2.713189,0.000111,52.2112,0.000000,0.000000,0.000000,0.012253,0.000718,0.004109,0.011596,0.00012074
29,9,1.645059,0.000109,21.5546,0.000000,0.000000,0.000000,0.016486,0.000803,0.004057,0.011399,0.00012074
29,10,2.317726,0.000110,29.6638,0.000000,0.000000,0.000000,0.010318,0.000631,0.003980,0.010311,0.00012074
29,11,1.895883,0.000107,21.9733,0.000000,0.000000,0.000000,0.011015,0.000710,0.004009,0.010895,0.00012074
29,12,2.092391,0.000099,31.8482,0.000000,0.000000,0.000000,0.010080,0.000629,0.003926,0.010352,0.00012074
29,13,1.616181,0.000102,19.0081,0.000000,0.000000,0.000000,0.015724,0.000700,0.003724,0.011499,0.00012074
29,14,2.415650,0.000091,28.9433,0.000000,0.000000,0.000000,0.018032,0.000518,0.003925,0.010196,0.00012074
29,15,2.067840,0.000093,23.4141,0.000000,0.000000,0.000000,0.012342,0.000680,0.003749,0.009638,0.00012074
29,16,1.997052,0.000089,26.8830,0.000000,0.000000,0.000000,0.010422,0.000626,0.003724,0.009836,0.00012074
29,17,1.659703,0.000089,23.6326,0.000000,0.000000,0.000000,0.011658,0.000670,0.003993,0.010183,0.00012074
29,18,2.086001,0.000093,22.7671,0.000000,0.000000,0.000000,0.011322,0.000688,0.003856,0.009413,0.00012074
29,19,1.616353,0.000086,15.6616,0.000000,0.000000,0.000000,0.025715,0.000905,0.004295,0.013379,0.00012074
29,20,3.288368,0.000099,64.7741,0.000000,0.000000,0.000000,0.024824,0.001440,0.004232,0.015050,0.00012074
29,21,1.828423,0.000085,27.3670,0.000000,0.000000,0.000000,0.020668,0.001045,0.004011,0.013198,0.00012074
29,22,2.159468,0.000085,19.8188,0.000000,0.000000,0.000000,0.020662,0.000824,0.004148,0.012468,0.00012074
29,23,1.872798,0.000089,17.2604,0.000000,0.000000,0.000000,0.016322,0.001024,0.004413,0.012495,0.00012074
29,24,2.415037,0.000106,36.3721,0.000000,0.000000,0.000000,0.022097,0.001122,0.004437,0.013770,0.00012074
29,25,1.417778,0.000070,16.7207,0.000000,0.000000,0.000000,0.006919,0.000549,0.004009,0.010866,0.00012074
29,26,2.290384,0.000088,24.0855,0.000000,0.000000,0.000000,0.011618,0.001074,0.004109,0.012177,0.00012074
29,27,2.054233,0.000107,22.3589,0.000000,0.000000,0.000000,0.011111,0.000983,0.004323,0.011592,0.00012074
29,28,1.731282,0.000101,23.8160,0.000000,0.000000,0.000000,0.009609,0.000895,0.004283,0.011304,0.00012074
29,29,1.651770,0.000101,21.1836,0.000000,0.000000,0.000000,0.011530,0.000809,0.004342,0.011362,0.00012074
29,30,2.067466,0.000098,23.5890,0.000000,0.000000,0.000000,0.008030,0.000818,0.004043,0.010931,0.00012074
29,31,1.502874,0.000103,14.7623,0.000000,0.000000,0.000000,0.009658,0.000829,0.004004,0.011117,0.00012074
29,32,3.585993,0.000111,58.3226,0.000000,0.000000,0.000000,0.010444,0.000706,0.004344,0.011605,0.00012074
29,33,2.485897,0.000102,37.2389,0.000000,0.000000,0.000000,0.036986,0.000815,0.003963,0.012193,0.00012074
29,34,2.033566,0.000097,19.5104,0.000000,0.000000,0.000000,0.028350,0.000659,0.003947,0.011277,0.00012074
29,35,2.064155,0.000097,26.2512,0.000000,0.000000,0.000000,0.021506,0.000663,0.003900,0.011432,0.00012074
29,36,1.713189,0.000092,13.3358,0.000000,0.000000,0.000000,0.009289,0.000619,0.003895,0.011001,0.00012074
29,37,2.489990,0.000084,26.9292,0.000000,0.000000,0.000000,0.015157,0.000625,0.003762,0.010607,0.00012074
29,38,1.772564,0.000090,15.7660,0.000000,0.000000,0.000000,0.013739,0.000537,0.003861,0.010348,0.00012074
29,39,2.277951,0.000095,18.7229,0.000000,0.000000,0.000000,0.020151,0.000803,0.003699,0.011496,0.00012074
29,40,1.792781,0.000089,19.5361,0.000000,0.000000,0.000000,0.016534,0.000617,0.003683,0.010512,0.00012074
29,41,2.061822,0.000094,22.9359,0.000000,0.000000,0.000000,0.013155,0.000722,0.003799,0.011095,0.00012074
29,42,1.571466,0.000095,16.5541,0.000000,0.000000,0.000000,0.015209,0.000538,0.003806,0.010226,0.00012074
29,43,2.559976,0.000095,43.7394,0.000000,0.000000,0.000000,0.008303,0.000689,0.003937,0.010920,0.00012074
29,44,1.719619,0.000099,15.4628,0.000000,0.000000,0.000000,0.009946,0.000567,0.003910,0.010194,0.00012074
29,45,2.716116,0.000081,30.1350,0.000000,0.000000,0.000000,0.013391,0.000434,0.004028,0.010439,0.00012074
29,46,2.127866,0.000086,15.7940,0.000000,0.000000,0.000000,0.022228,0.001040,0.004194,0.011078,0.00012074
29,47,1.857305,0.000090,17.9306,0.000000,0.000000,0.000000,0.018416,0.001022,0.004464,0.011256,0.00012074
29,48,1.794170,0.000078,21.6824,0.000000,0.000000,0.000000,0.016760,0.000576,0.004071,0.009583,0.00012074
29,49,1.692909,0.000106,16.5162,0.000000,0.000000,0.000000,0.030519,0.001073,0.004586,0.010893,0.00012074
29,50,1.708850,0.000073,26.8037,0.000000,0.000000,0.000000,0.009948,0.000537,0.004069,0.009820,0.00012074
29,51,1.349963,0.000070,11.2775,0.000000,0.000000,0.000000,0.006122,0.000461,0.004735,0.009887,0.00012074
29,52,2.191423,0.000086,37.7166,0.000000,0.000000,0.000000,0.016894,0.001204,0.003854,0.010286,0.00012074
29,53,1.630164,0.000086,16.6428,0.000000,0.000000,0.000000,0.006043,0.000637,0.003862,0.009975,0.00012074
29,54,1.732094,0.000107,19.3225,0.000000,0.000000,0.000000,0.007088,0.000551,0.004100,0.010162,0.00012074
29,55,1.603616,0.000102,20.3913,0.000000,0.000000,0.000000,0.008935,0.000558,0.004039,0.010651,0.00012074
29,56,1.729097,0.000089,24.6319,0.000000,0.000000,0.000000,0.008693,0.000723,0.003885,0.010193,0.00012074
29,57,1.571579,0.000109,18.4988,0.000000,0.000000,0.000000,0.007337,0.000458,0.004191,0.010833,0.00012074
29,58,1.811760,0.000081,25.1992,0.000000,0.000000,0.000000,0.004822,0.000378,0.003810,0.008812,0.00012074
29,59,1.918410,0.000144,19.6328,0.000000,0.000000,0.000000,0.019486,0.001092,0.004894,0.013324,0.00012074
29,60,2.738884,0.000118,42.6065,0.000000,0.000000,0.000000,0.016213,0.001528,0.004458,0.011845,0.00012074
29,61,1.807784,0.000098,14.4431,0.000000,0.000000,0.000000,0.014824,0.000868,0.004105,0.011371,0.00012074
29,62,2.519876,0.000097,22.2754,0.000000,0.000000,0.000000,0.012904,0.000793,0.004067,0.010950,0.00012074
29,63,2.188475,0.000118,19.0197,0.000000,0.000000,0.000000,0.017346,0.000831,0.004206,0.011526,0.00012074
29,64,2.224750,0.000099,28.3979,0.000000,0.000000,0.000000,0.008249,0.000750,0.004435,0.010750,0.00012074
29,65,1.899091,0.000123,18.7846,0.000000,0.000000,0.000000,0.014202,0.001061,0.004535,0.020447,0.00012074
29,66,2.206973,0.000112,22.0222,0.000000,0.000000,0.000000,0.011401,0.000795,0.004557,0.018098,0.00012074
29,67,1.900043,0.000102,18.7853,0.000000,0.000000,0.000000,0.013837,0.001161,0.004702,0.019885,0.00012074
29,68,2.149230,0.000122,34.9134,0.000000,0.000000,0.000000,0.018672,0.001117,0.004654,0.018582,0.00012074
29,69,1.602378,0.000114,17.4418,0.000000,0.000000,0.000000,0.009481,0.001131,0.004430,0.018284,0.00012074
29,70,2.456668,0.000101,29.1963,0.000000,0.000000,0.000000,0.011292,0.001165,0.004637,0.016886,0.00012074
29,71,1.883276,0.000079,15.5924,0.000000,0.000000,0.000000,0.007150,0.000612,0.003683,0.010881,0.00012074
29,72,1.779373,0.000105,22.1479,0.000000,0.000000,0.000000,0.008422,0.000675,0.004083,0.011863,0.00012074
29,73,1.923743,0.000078,29.0793,0.000000,0.000000,0.000000,0.017652,0.000676,0.003975,0.011501,0.00012074
29,74,1.722099,0.000091,17.9417,0.000000,0.000000,0.000000,0.005610,0.000466,0.003799,0.011308,0.00012074
29,75,1.468044,0.000077,21.7775,0.000000,0.000000,0.000000,0.015451,0.000768,0.003777,0.012506,0.00012074
29,76,1.937408,0.000110,21.9086,0.000000,0.000000,0.000000,0.009200,0.001039,0.004109,0.011453,0.00012074
29,77,2.005766,0.000086,30.3492,0.000000,0.000000,0.000000,0.024176,0.000800,0.004424,0.018004,0.00012074
29,78,1.869969,0.000105,23.8901,0.000000,0.000000,0.000000,0.012485,0.000920,0.004361,0.015767,0.00012074
29,79,1.877628,0.000099,20.6254,0.000000,0.000000,0.000000,0.020817,0.000750,0.004004,0.013786,0.00012074
29,80,1.748551,0.000105,27.8956,0.000000,0.000000,0.000000,0.013596,0.000724,0.004116,0.012861,0.00012074
29,81,1.585446,0.000076,15.7953,0.000000,0.000000,0.000000,0.008501,0.000550,0.003812,0.011269,0.00012074
29,82,1.611637,0.000074,17.3369,0.000000,0.000000,0.000000,0.006541,0.000574,0.003916,0.011827,0.00012074
29,83,1.878189,0.000072,27.1765,0.000000,0.000000,0.000000,0.003485,0.000311,0.004307,0.012775,0.00012074
29,84,1.550909,0.000093,14.9224,0.000000,0.000000,0.000000,0.008293,0.000370,0.003658,0.009825,0.00012074
29,85,1.806803,0.000101,24.0726,0.000000,0.000000,0.000000,0.008422,0.000817,0.003935,0.011153,0.00012074
29,86,1.652125,0.000103,23.6096,0.000000,0.000000,0.000000,0.009619,0.000509,0.003966,0.010805,0.00012074
29,87,1.660125,0.000082,16.2616,0.000000,0.000000,0.000000,0.007136,0.000653,0.003677,0.010189,0.00012074
29,88,1.623956,0.000083,23.5118,0.000000,0.000000,0.000000,0.006437,0.000551,0.003810,0.010065,0.00012074
29,89,1.662758,0.000084,19.0477,0.000000,0.000000,0.000000,0.009506,0.000817,0.003874,0.009678,0.00012074
29,90,1.476544,0.000075,16.0272,0.000000,0.000000,0.000000,0.013137,0.000643,0.004016,0.010169,0.00012074
29,91,1.904331,0.000083,31.1541,0.000000,0.000000,0.000000,0.027189,0.000891,0.003820,0.012566,0.00012074
29,92,1.699901,0.000085,17.0979,0.000000,0.000000,0.000000,0.011279,0.000671,0.003893,0.011558,0.00012074
29,93,1.929309,0.000083,32.0462,0.000000,0.000000,0.000000,0.009441,0.000434,0.003836,0.010819,0.00012074
29,94,1.387224,0.000074,13.5155,0.000000,0.000000,0.000000,0.011490,0.000451,0.003894,0.010113,0.00012074
29,95,2.311739,0.000102,42.0998,0.000000,0.000000,0.000000,0.013376,0.000479,0.003656,0.011068,0.00012074
29,96,1.486262,0.000081,13.6981,0.000000,0.000000,0.000000,0.005509,0.000414,0.003430,0.009703,0.00012074
29,97,1.835112,0.000088,16.6895,0.000000,0.000000,0.000000,0.006159,0.000537,0.003845,0.011710,0.00012074
29,98,2.227874,0.000094,20.6268,0.000000,0.000000,0.000000,0.006590,0.000522,0.003823,0.010517,0.00012074
29,99,1.698684,0.000089,21.5705,0.000000,0.000000,0.000000,0.014052,0.000530,0.003815,0.009620,0.00012074
29,100,2.095793,0.000099,26.8377,0.000000,0.000000,0.000000,0.016714,0.000565,0.003941,0.009568,0.00012074
29,101,1.478242,0.000085,14.0224,0.000000,0.000000,0.000000,0.005457,0.000569,0.003605,0.009721,0.00012074
29,102,2.419451,0.000072,51.7806,0.000000,0.000000,0.000000,0.009856,0.000431,0.003651,0.008997,0.00012074
29,103,1.477822,0.000076,15.2462,0.000000,0.000000,0.000000,0.009380,0.000642,0.003681,0.009102,0.00012074
29,104,2.453413,0.000077,32.2830,0.000000,0.000000,0.000000,0.008816,0.000524,0.003408,0.008633,0.00012074
29,105,2.109506,0.000074,26.9424,0.000000,0.000000,0.000000,0.006284,0.000422,0.003669,0.008588,0.00012074
29,106,1.784256,0.000088,20.2410,0.000000,0.000000,0.000000,0.005826,0.000460,0.003576,0.009332,0.00012074
29,107,1.887372,0.000088,29.3432,0.000000,0.000000,0.000000,0.014583,0.000777,0.003734,0.009530,0.00012074
29,108,1.658926,0.000086,18.4810,0.000000,0.000000,0.000000,0.013072,0.000457,0.003776,0.009226,0.00012074
29,109,1.438017,0.000059,19.4316,0.000000,0.000000,0.000000,0.002798,0.000547,0.003407,0.007664,0.00012074
29,110,1.976534,0.000088,22.9008,0.000000,0.000000,0.000000,0.007208,0.000619,0.004287,0.010202,0.00012074
29,111,1.753097,0.000103,27.4205,0.000000,0.000000,0.000000,0.007048,0.000444,0.004710,0.010089,0.00012074
29,112,1.619694,0.000085,14.5275,0.000000,0.000000,0.000000,0.005152,0.000391,0.004515,0.010019,0.00012074
29,113,1.719738,0.000089,27.9110,0.000000,0.000000,0.000000,0.008462,0.000388,0.004800,0.010440,0.00012074
29,114,1.909728,0.000110,20.2770,0.000000,0.000000,0.000000,0.024651,0.000590,0.005061,0.012342,0.00012074
29,115,1.792186,0.000087,19.2645,0.000000,0.000000,0.000000,0.006437,0.000488,0.004424,0.009798,0.00012074
29,116,1.683914,0.000076,26.1232,0.000000,0.000000,0.000000,0.004172,0.000246,0.004496,0.009797,0.00012074
29,117,2.085488,0.000109,18.6884,0.000000,0.000000,0.000000,0.024711,0.001358,0.004015,0.011491,0.00012074
29,118,1.874931,0.000096,19.1667,0.000000,0.000000,0.000000,0.022543,0.001537,0.003930,0.011953,0.00012074
29,119,1.683760,0.000087,22.1353,0.000000,0.000000,0.000000,0.018100,0.001312,0.003925,0.010876,0.00012074
29,120,1.890336,0.000092,26.9437,0.000000,0.000000,0.000000,0.014342,0.001265,0.003893,0.011200,0.00012074
29,121,1.547906,0.000086,13.8902,0.000000,0.000000,0.000000,0.013786,0.001194,0.003989,0.010882,0.00012074
29,122,2.357180,0.000093,43.9201,0.000000,0.000000,0.000000,0.015426,0.001491,0.003992,0.010928,0.00012074
29,123,1.873293,0.000094,21.9211,0.000000,0.000000,0.000000,0.007673,0.000597,0.003976,0.010549,0.00012074
29,124,2.339485,0.000096,25.8145,0.000000,0.000000,0.000000,0.013081,0.000812,0.004079,0.010508,0.00012074
29,125,1.763313,0.000082,16.0263,0.000000,0.000000,0.000000,0.009570,0.000628,0.004005,0.010154,0.00012074
29,126,2.593930,0.000067,56.6620,0.000000,0.000000,0.000000,0.005088,0.000354,0.003983,0.009852,0.00012074
29,127,1.679065,0.000078,22.7441,0.000000,0.000000,0.000000,0.011975,0.000422,0.004095,0.009820,0.00012074
29,128,2.529155,0.000128,27.6913,0.000000,0.000000,0.000000,0.025695,0.000565,0.004912,0.012869,0.00012074
29,129,2.228663,0.000102,17.5214,0.000000,0.000000,0.000000,0.018631,0.001295,0.004400,0.010888,0.00012074
29,130,1.679583,0.000080,19.7369,0.000000,0.000000,0.000000,0.008132,0.000725,0.004342,0.011082,0.00012074
29,131,1.878114,0.000082,27.9959,0.000000,0.000000,0.000000,0.005802,0.000729,0.004482,0.010913,0.00012074
29,132,1.583649,0.000107,16.9135,0.000000,0.000000,0.000000,0.014116,0.000873,0.004801,0.011725,0.00012074
29,133,2.001706,0.000084,23.8217,0.000000,0.000000,0.000000,0.010141,0.000503,0.004382,0.010394,0.00012074
29,134,1.434041,0.000070,13.4266,0.000000,0.000000,0.000000,0.005063,0.000487,0.004194,0.010491,0.00012074
29,135,3.207281,0.000102,69.9404,0.000000,0.000000,0.000000,0.026520,0.001115,0.004527,0.012817,0.00012074
29,136,1.953593,0.000097,28.3512,0.000000,0.000000,0.000000,0.010983,0.001149,0.004580,0.011771,0.00012074
29,137,2.305865,0.000086,24.7590,0.000000,0.000000,0.000000,0.010752,0.000827,0.004428,0.010694,0.00012074
29,138,1.674241,0.000073,16.1032,0.000000,0.000000,0.000000,0.010815,0.000495,0.004347,0.009980,0.00012074
29,139,2.637865,0.000095,45.9071,0.000000,0.000000,0.000000,0.021663,0.000900,0.004457,0.011177,0.00012074
29,140,1.637680,0.000080,22.8592,0.000000,0.000000,0.000000,0.008245,0.000576,0.004208,0.010213,0.00012074
29,141,2.173537,0.000111,20.6471,0.000000,0.000000,0.000000,0.019574,0.000464,0.004339,0.011481,0.00012074
29,142,2.007303,0.000112,29.4735,0.000000,0.000000,0.000000,0.009667,0.000775,0.005248,0.013979,0.00012074
29,143,1.831538,0.000083,24.9332,0.000000,0.000000,0.000000,0.006068,0.000541,0.004878,0.012050,0.00012074
29,144,1.549972,0.000095,17.7457,0.000000,0.000000,0.000000,0.005610,0.000680,0.005125,0.012076,0.00012074
29,145,1.992602,0.000085,28.6935,0.000000,0.000000,0.000000,0.007136,0.000392,0.005044,0.011732,0.00012074
29,146,1.677412,0.000089,17.7039,0.000000,0.000000,0.000000,0.006437,0.000546,0.005303,0.012784,0.00012074
29,147,2.253860,0.000075,43.0703,0.000000,0.000000,0.000000,0.004541,0.000422,0.004727,0.011692,0.00012074
29,148,1.493344,0.000069,17.9913,0.000000,0.000000,0.000000,0.004172,0.000447,0.004295,0.011012,0.00012074
29,149,2.250861,0.000084,37.2474,0.000000,0.000000,0.000000,0.012532,0.000444,0.004638,0.010770,0.00012074
29,150,1.836926,0.000078,19.9118,0.000000,0.000000,0.000000,0.007787,0.000451,0.004638,0.010306,0.00012074
29,151,2.001335,0.000076,28.7337,0.000000,0.000000,0.000000,0.009747,0.000462,0.004647,0.010547,0.00012074
29,152,1.480388,0.000072,17.8087,0.000000,0.000000,0.000000,0.010092,0.000407,0.004937,0.010316,0.00012074
29,153,2.560377,0.000085,36.0454,0.000000,0.000000,0.000000,0.010751,0.000447,0.004613,0.010446,0.00012074
29,154,1.988079,0.000077,19.7610,0.000000,0.000000,0.000000,0.008028,0.000370,0.004651,0.010252,0.00012074
29,155,1.856843,0.000095,23.2097,0.000000,0.000000,0.000000,0.015113,0.000783,0.004535,0.011330,0.00012074
29,156,1.608328,0.000080,25.3070,0.000000,0.000000,0.000000,0.010663,0.000633,0.004446,0.010754,0.00012074
29,157,2.043553,0.000092,23.8110,0.000000,0.000000,0.000000,0.015499,0.000812,0.004440,0.011043,0.00012074
29,158,1.685635,0.000081,16.5308,0.000000,0.000000,0.000000,0.016327,0.000695,0.004641,0.011268,0.00012074
29,159,2.262647,0.000097,42.6585,0.000000,0.000000,0.000000,0.015820,0.001851,0.004559,0.011128,0.00012074
29,160,1.476844,0.000097,14.1723,0.000000,0.000000,0.000000,0.012000,0.001054,0.004693,0.011533,0.00012074
29,161,2.589327,0.000090,35.0706,0.000000,0.000000,0.000000,0.007696,0.000858,0.003770,0.010370,0.00012074
29,162,1.875598,0.000089,18.5191,0.000000,0.000000,0.000000,0.009377,0.000815,0.003994,0.010159,0.00012074
29,163,1.587978,0.000099,18.4062,0.000000,0.000000,0.000000,0.016607,0.001051,0.004407,0.011921,0.00012074
29,164,1.574247,0.000073,20.5828,0.000000,0.000000,0.000000,0.005762,0.000936,0.003765,0.009915,0.00012074
29,165,2.014853,0.000086,20.5640,0.000000,0.000000,0.000000,0.010092,0.001233,0.003964,0.010486,0.00012074
29,166,1.825804,0.000091,20.0141,0.000000,0.000000,0.000000,0.012253,0.000738,0.003966,0.010465,0.00012074
29,167,2.160748,0.000086,44.2690,0.000000,0.000000,0.000000,0.006122,0.000684,0.004240,0.010511,0.00012074
29,168,1.880642,0.000094,16.8893,0.000000,0.000000,0.000000,0.048968,0.001474,0.004825,0.013532,0.00012074
29,169,2.526395,0.000092,25.0987,0.000000,0.000000,0.000000,0.014366,0.000856,0.004089,0.009973,0.00012074
29,170,1.877821,0.000095,16.6145,0.000000,0.000000,0.000000,0.019603,0.000831,0.004432,0.010754,0.00012074
29,171,2.723021,0.000100,28.8787,0.000000,0.000000,0.000000,0.009658,0.000707,0.004456,0.010434,0.00012074
29,172,1.861081,0.000084,15.0830,0.000000,0.000000,0.000000,0.007875,0.000976,0.003723,0.009544,0.00012074
29,173,2.527120,0.000100,25.3054,0.000000,0.000000,0.000000,0.012015,0.000629,0.004448,0.010638,0.00012074
29,174,2.211726,0.000141,21.2423,0.000000,0.000000,0.000000,0.016612,0.000809,0.005140,0.013441,0.00012074
29,175,2.180733,0.000087,34.5709,0.000000,0.000000,0.000000,0.022096,0.001091,0.004295,0.012147,0.00012074
29,176,1.453368,0.000076,13.2635,0.000000,0.000000,0.000000,0.007747,0.000951,0.004272,0.010545,0.00012074
29,177,2.217957,0.000093,28.9427,0.000000,0.000000,0.000000,0.009426,0.000694,0.004538,0.010763,0.00012074
29,178,1.656855,0.000085,14.7558,0.000000,0.000000,0.000000,0.015145,0.000956,0.004504,0.010714,0.00012074
29,179,2.609999,0.000069,44.4846,0.000000,0.000000,0.000000,0.006678,0.000549,0.004103,0.009510,0.00012074
29,180,1.831801,0.000081,20.7936,0.000000,0.000000,0.000000,0.006485,0.000708,0.004420,0.010269,0.00012074
29,181,2.142766,0.000090,23.8915,0.000000,0.000000,0.000000,0.012156,0.000711,0.004323,0.010318,0.00012074
29,182,1.737123,0.000079,14.6971,0.000000,0.000000,0.000000,0.011621,0.000548,0.003812,0.010449,0.00012074
29,183,2.424752,0.000084,42.1820,0.000000,0.000000,0.000000,0.010574,0.000620,0.004148,0.010092,0.00012074
29,184,1.704001,0.000083,17.4535,0.000000,0.000000,0.000000,0.008855,0.000693,0.004184,0.009829,0.00012074
29,185,2.155270,0.000081,32.7582,0.000000,0.000000,0.000000,0.010702,0.000789,0.004161,0.010047,0.00012074
29,186,1.566355,0.000073,16.6124,0.000000,0.000000,0.000000,0.009997,0.000496,0.003960,0.009253,0.00012074
29,187,2.178199,0.000081,31.1997,0.000000,0.000000,0.000000,0.009783,0.000765,0.004619,0.011746,0.00012074
29,188,1.788456,0.000079,21.4932,0.000000,0.000000,0.000000,0.006196,0.000474,0.004408,0.010315,0.00012074
29,189,1.988225,0.000085,28.0411,0.000000,0.000000,0.000000,0.006654,0.000500,0.004432,0.010810,0.00012074
29,190,1.667074,0.000110,16.7774,0.000000,0.000000,0.000000,0.009417,0.000528,0.004872,0.012100,0.00012074
29,191,1.782370,0.000068,25.2726,0.000000,0.000000,0.000000,0.006003,0.000435,0.003748,0.009466,0.00012074
29,192,1.794869,0.000080,15.7871,0.000000,0.000000,0.000000,0.013209,0.000515,0.004236,0.010699,0.00012074
29,193,2.839027,0.000066,43.4947,0.000000,0.000000,0.000000,0.009209,0.000446,0.003454,0.010500,0.00012074
29,194,1.666964,0.000090,15.7009,0.000000,0.000000,0.000000,0.007530,0.000518,0.003849,0.010221,0.00012074
29,195,2.353822,0.000094,28.6689,0.000000,0.000000,0.000000,0.014647,0.000637,0.004083,0.010406,0.00012074
29,196,1.636296,0.000075,17.8472,0.000000,0.000000,0.000000,0.006590,0.000384,0.003679,0.010006,0.00012074
29,197,2.379306,0.000072,40.8441,0.000000,0.000000,0.000000,0.008269,0.000486,0.003595,0.009702,0.00012074
29,198,1.694544,0.000080,19.2157,0.000000,0.000000,0.000000,0.006413,0.000475,0.003956,0.010121,0.00012074
29,199,2.028507,0.000070,20.5926,0.000000,0.000000,0.000000,0.003485,0.000516,0.003906,0.010243,0.00012074
29,200,1.495525,0.000068,14.9244,0.000000,0.000000,0.000000,0.008293,0.000439,0.004047,0.011148,0.00012074
29,201,3.120512,0.000100,67.6054,0.000000,0.000000,0.000000,0.007738,0.000446,0.004238,0.010365,0.00012074
29,202,2.303807,0.000117,33.5483,0.000000,0.000000,0.000000,0.011795,0.000567,0.004481,0.011087,0.00012074
29,203,1.896340,0.000085,19.1011,0.000000,0.000000,0.000000,0.018702,0.001024,0.004395,0.011354,0.00012074
29,204,2.160700,0.000086,38.9330,0.000000,0.000000,0.000000,0.008092,0.000383,0.004539,0.011111,0.00012074
29,205,1.543351,0.000103,14.9666,0.000000,0.000000,0.000000,0.011225,0.000554,0.004643,0.011188,0.00012074
29,206,1.996257,0.000096,25.0842,0.000000,0.000000,0.000000,0.022701,0.000665,0.005034,0.013021,0.00012074
29,207,1.576119,0.000099,14.3920,0.000000,0.000000,0.000000,0.035125,0.001128,0.004266,0.012749,0.00012074
29,208,3.148862,0.000087,61.1190,0.000000,0.000000,0.000000,0.012422,0.000470,0.004182,0.010895,0.00012074
29,209,2.230627,0.000118,31.1802,0.000000,0.000000,0.000000,0.018369,0.000973,0.004582,0.013028,0.00012074
29,210,2.021854,0.000132,18.7012,0.000000,0.000000,0.000000,0.027774,0.000882,0.004887,0.014373,0.00012074
29,211,1.651049,0.000100,22.6497,0.000000,0.000000,0.000000,0.020416,0.000857,0.004741,0.012619,0.00012074
29,212,2.328194,0.000084,25.2099,0.000000,0.000000,0.000000,0.010473,0.000805,0.004030,0.010884,0.00012074
29,213,1.780210,0.000087,17.3938,0.000000,0.000000,0.000000,0.006883,0.000823,0.003802,0.014800,0.00012074
29,214,2.435438,0.000093,41.9804,0.000000,0.000000,0.000000,0.009136,0.000917,0.003819,0.015029,0.00012074
29,215,1.588719,0.000092,16.6166,0.000000,0.000000,0.000000,0.007683,0.000806,0.003967,0.014238,0.00012074
29,216,2.026114,0.000076,21.4845,0.000000,0.000000,0.000000,0.009185,0.000502,0.003686,0.012724,0.00012074
29,217,1.657953,0.000075,17.3984,0.000000,0.000000,0.000000,0.004822,0.001232,0.003662,0.012455,0.00012074
29,218,2.539708,0.000081,45.1024,0.000000,0.000000,0.000000,0.006992,0.000761,0.003713,0.011965,0.00012074
29,219,1.999659,0.000103,30.9408,0.000000,0.000000,0.000000,0.006377,0.000608,0.004157,0.011364,0.00012074
29,220,2.032632,0.000088,24.4270,0.000000,0.000000,0.000000,0.011667,0.000588,0.003792,0.010420,0.00012074
29,221,1.607664,0.000097,17.0438,0.000000,0.000000,0.000000,0.010984,0.000667,0.004076,0.010618,0.00012074
29,222,2.402438,0.000085,42.1243,0.000000,0.000000,0.000000,0.007225,0.000499,0.003960,0.010146,0.00012074
29,223,2.073922,0.000110,23.1579,0.000000,0.000000,0.000000,0.020790,0.000831,0.004448,0.011157,0.00012074
29,224,1.566005,0.000082,18.7418,0.000000,0.000000,0.000000,0.006043,0.000601,0.004024,0.010496,0.00012074
29,225,2.276852,0.000071,46.5698,0.000000,0.000000,0.000000,0.006122,0.000671,0.003923,0.010777,0.00012074
29,226,1.952489,0.000087,17.4576,0.000000,0.000000,0.000000,0.015053,0.000859,0.004261,0.009531,0.00012074
29,227,1.803028,0.000082,28.3500,0.000000,0.000000,0.000000,0.007811,0.000580,0.004305,0.010812,0.00012074
29,228,1.532298,0.000084,15.3668,0.000000,0.000000,0.000000,0.006437,0.000764,0.004520,0.010755,0.00012074
29,229,1.755937,0.000118,21.5241,0.000000,0.000000,0.000000,0.011273,0.001067,0.004895,0.012389,0.00012074
29,230,1.759833,0.000131,22.1198,0.000000,0.000000,0.000000,0.015707,0.001281,0.004800,0.012031,0.00012074
29,231,1.759269,0.000081,24.9166,0.000000,0.000000,0.000000,0.005762,0.000556,0.003998,0.010128,0.00012074
29,232,1.509727,0.000066,14.4628,0.000000,0.000000,0.000000,0.007112,0.000585,0.004153,0.010374,0.00012074
29,233,1.971585,0.000106,31.3583,0.000000,0.000000,0.000000,0.012970,0.001282,0.004894,0.013183,0.00012074
29,234,1.634123,0.000075,14.0090,0.000000,0.000000,0.000000,0.005152,0.000925,0.003921,0.009627,0.00012074
29,235,2.138140,0.000073,23.3563,0.000000,0.000000,0.000000,0.005152,0.000515,0.004029,0.009327,0.00012074
29,236,1.589638,0.000079,16.9310,0.000000,0.000000,0.000000,0.009210,0.000623,0.003829,0.009479,0.00012074
29,237,1.933294,0.000072,29.1435,0.000000,0.000000,0.000000,0.007939,0.000524,0.003783,0.009378,0.00012074
29,238,1.643246,0.000065,21.8201,0.000000,0.000000,0.000000,0.007540,0.000833,0.003477,0.009214,0.00012074
29,239,2.048493,0.000120,30.9770,0.000000,0.000000,0.000000,0.017350,0.000737,0.004317,0.010908,0.00012074
29,240,1.632391,0.000087,16.2124,0.000000,0.000000,0.000000,0.011451,0.000549,0.004228,0.010031,0.00012074
29,241,2.378876,0.000096,48.7965,0.000000,0.000000,0.000000,0.009926,0.000666,0.004667,0.010709,0.00012074
29,242,1.588872,0.000109,17.2080,0.000000,0.000000,0.000000,0.008664,0.000793,0.004773,0.010722,0.00012074
29,243,2.248843,0.000082,34.1932,0.000000,0.000000,0.000000,0.008461,0.000558,0.004098,0.010191,0.00012074
29,244,1.591061,0.000077,16.1743,0.000000,0.000000,0.000000,0.010504,0.000570,0.003974,0.010203,0.00012074
29,245,2.307562,0.000104,34.2815,0.000000,0.000000,0.000000,0.016938,0.001146,0.004132,0.011798,0.00012074
29,246,1.931496,0.000117,20.8648,0.000000,0.000000,0.000000,0.021312,0.001168,0.004396,0.012534,0.00012074
29,247,2.014596,0.000108,26.4204,0.000000,0.000000,0.000000,0.017140,0.000924,0.004274,0.012196,0.00012074
29,248,1.562022,0.000098,18.4590,0.000000,0.000000,0.000000,0.012199,0.000707,0.004192,0.011659,0.00012074
29,249,2.354109,0.000094,35.4365,0.000000,0.000000,0.000000,0.008408,0.000771,0.004048,0.011008,0.00012074
29,250,1.980076,0.000098,22.0785,0.000000,0.000000,0.000000,0.009570,0.000767,0.003993,0.010990,0.00012074
29,251,2.110724,0.000124,36.2385,0.000000,0.000000,0.000000,0.015989,0.000805,0.004694,0.012398,0.00012074
29,252,1.915262,0.000098,30.8536,0.000000,0.000000,0.000000,0.013325,0.000552,0.004262,0.011256,0.00012074
29,253,1.856269,0.000092,17.1381,0.000000,0.000000,0.000000,0.009032,0.000396,0.004129,0.010531,0.00012074
29,254,1.573522,0.000090,18.5971,0.000000,0.000000,0.000000,0.009468,0.000467,0.004207,0.010909,0.00012074
29,255,2.324296,0.000088,46.2421,0.000000,0.000000,0.000000,0.005738,0.000514,0.003931,0.009617,0.00012074
29,256,1.678744,0.000078,18.5165,0.000000,0.000000,0.000000,0.009466,0.000539,0.003827,0.009345,0.00012074
29,257,1.632200,0.000062,15.6057,0.000000,0.000000,0.000000,0.011618,0.000351,0.003590,0.008579,0.00012074
29,258,2.171009,0.000075,39.9985,0.000000,0.000000,0.000000,0.017114,0.000488,0.004291,0.011377,0.00012074
29,259,1.890776,0.000128,19.9834,0.000000,0.000000,0.000000,0.030578,0.000590,0.004656,0.012261,0.00012074
29,260,1.597694,0.000109,17.0055,0.000000,0.000000,0.000000,0.020256,0.001605,0.004603,0.012370,0.00012074
29,261,2.823012,0.000107,52.0812,0.000000,0.000000,0.000000,0.009722,0.000964,0.004540,0.011872,0.00012074
29,262,1.794424,0.000107,19.9580,0.000000,0.000000,0.000000,0.020464,0.000910,0.004576,0.011798,0.00012074
29,263,1.929573,0.000076,27.6079,0.000000,0.000000,0.000000,0.009249,0.000624,0.004017,0.010218,0.00012074
29,264,1.708682,0.000117,17.2778,0.000000,0.000000,0.000000,0.016084,0.000685,0.004801,0.012357,0.00012074
29,265,2.449849,0.000111,43.5528,0.000000,0.000000,0.000000,0.009352,0.000538,0.004114,0.010981,0.00012074
29,266,1.811724,0.000102,24.2783,0.000000,0.000000,0.000000,0.008116,0.000382,0.003939,0.010053,0.00012074
29,267,1.874828,0.000094,21.5206,0.000000,0.000000,0.000000,0.006590,0.000403,0.003937,0.009725,0.00012074
29,268,1.596328,0.000076,19.9850,0.000000,0.000000,0.000000,0.011096,0.000431,0.004088,0.009540,0.00012074
29,269,2.202388,0.000083,26.0667,0.000000,0.000000,0.000000,0.008944,0.001001,0.004006,0.009436,0.00012074
29,270,1.656731,0.000070,14.8822,0.000000,0.000000,0.000000,0.012763,0.000452,0.003987,0.009132,0.00012074
29,271,2.386556,0.000093,39.2270,0.000000,0.000000,0.000000,0.010762,0.000605,0.004036,0.012926,0.00012074
29,272,1.978898,0.000137,22.8506,0.000000,0.000000,0.000000,0.027717,0.001181,0.005082,0.015398,0.00012074
29,273,2.220903,0.000168,23.5097,0.000000,0.000000,0.000000,0.051480,0.001947,0.006611,0.022014,0.00012074
29,274,1.782731,0.000130,19.8770,0.000000,0.000000,0.000000,0.029778,0.000707,0.004885,0.014949,0.00012074
29,275,2.330086,0.000175,30.7501,0.000000,0.000000,0.000000,0.041764,0.001576,0.006162,0.021548,0.00012074
29,276,2.046121,0.000184,23.5058,0.000000,0.000000,0.000000,0.051256,0.001387,0.006600,0.020101,0.00012074
29,277,2.206146,0.000118,33.8731,0.000000,0.000000,0.000000,0.023510,0.001257,0.004027,0.012934,0.00012074
29,278,1.636676,0.000084,19.3522,0.000000,0.000000,0.000000,0.012433,0.000660,0.003912,0.011213,0.00012074
29,279,2.153567,0.000073,30.5716,0.000000,0.000000,0.000000,0.012037,0.000869,0.003556,0.011890,0.00012074
29,280,1.750984,0.000089,18.4399,0.000000,0.000000,0.000000,0.010052,0.000639,0.003606,0.010871,0.00012074
29,281,2.021643,0.000086,34.7426,0.000000,0.000000,0.000000,0.008727,0.000543,0.003619,0.010523,0.00012074
29,282,1.543194,0.000081,14.3005,0.000000,0.000000,0.000000,0.008574,0.000585,0.003731,0.010306,0.00012074
29,283,1.922282,0.000065,35.5402,0.000000,0.000000,0.000000,0.010244,0.000368,0.003687,0.010260,0.00012074
29,284,1.587797,0.000074,16.0909,0.000000,0.000000,0.000000,0.009667,0.000432,0.003682,0.010820,0.00012074
29,285,2.029513,0.000095,26.6091,0.000000,0.000000,0.000000,0.020666,0.000536,0.004044,0.011467,0.00012074
29,286,1.559164,0.000073,15.1450,0.000000,0.000000,0.000000,0.014061,0.000460,0.003858,0.011061,0.00012074
29,287,2.126653,0.000077,25.5276,0.000000,0.000000,0.000000,0.007289,0.000594,0.003571,0.010458,0.00012074
29,288,1.691712,0.000080,15.0563,0.000000,0.000000,0.000000,0.008767,0.000558,0.003669,0.010688,0.00012074
29,289,2.259876,0.000090,34.3603,0.000000,0.000000,0.000000,0.014598,0.001041,0.003435,0.011042,0.00012074
29,290,2.051836,0.000124,29.4956,0.000000,0.000000,0.000000,0.017618,0.000693,0.004262,0.015696,0.00012074
29,291,2.335935,0.000095,36.6792,0.000000,0.000000,0.000000,0.017145,0.001084,0.003733,0.012952,0.00012074
29,292,1.769023,0.000090,17.6660,0.000000,0.000000,0.000000,0.011988,0.000952,0.003761,0.012799,0.00012074
29,293,1.820269,0.000080,21.7902,0.000000,0.000000,0.000000,0.012634,0.000674,0.003913,0.012571,0.00012074
29,294,1.427446,0.000075,13.1309,0.000000,0.000000,0.000000,0.008678,0.000579,0.003455,0.011571,0.00012074
29,295,2.810452,0.000079,40.9537,0.000000,0.000000,0.000000,0.010638,0.000901,0.003742,0.012671,0.00012074
29,296,1.933656,0.000093,20.2267,0.000000,0.000000,0.000000,0.016929,0.000888,0.003815,0.012545,0.00012074
30,1,1.907721,0.000123,19.3045,0.000000,0.000000,0.000000,0.028147,0.000750,0.004371,0.013731,0.00009260
30,2,1.800214,0.000111,21.2031,0.000000,0.000000,0.000000,0.025538,0.000826,0.004280,0.012946,0.00009260
30,3,1.802957,0.000108,20.1206,0.000000,0.000000,0.000000,0.016480,0.000824,0.004342,0.011644,0.00009260
30,4,1.545478,0.000109,15.4025,0.000000,0.000000,0.000000,0.013667,0.000681,0.004153,0.011962,0.00009260
30,5,2.883219,0.000104,43.5779,0.000000,0.000000,0.000000,0.014997,0.000880,0.004380,0.012270,0.00009260
30,6,2.051475,0.000108,24.1426,0.000000,0.000000,0.000000,0.017046,0.000603,0.004013,0.011055,0.00009260
30,7,1.792678,0.000117,17.8927,0.000000,0.000000,0.000000,0.020133,0.000787,0.004289,0.013117,0.00009260
30,8,1.698622,0.000111,17.3454,0.000000,0.000000,0.000000,0.014808,0.000612,0.004220,0.011336,0.00009260
30,9,2.081176,0.000107,20.9387,0.000000,0.000000,0.000000,0.017320,0.000774,0.004384,0.011400,0.00009260
30,10,1.662163,0.000112,17.0578,0.000000,0.000000,0.000000,0.009258,0.000673,0.004568,0.010173,0.00009260
30,11,1.993848,0.000107,31.5769,0.000000,0.000000,0.000000,0.011291,0.000711,0.004445,0.011134,0.00009260
30,12,1.423763,0.000098,14.0952,0.000000,0.000000,0.000000,0.008034,0.000551,0.004459,0.010002,0.00009260
30,13,1.921628,0.000102,32.6405,0.000000,0.000000,0.000000,0.020746,0.000737,0.004320,0.010431,0.00009260
30,14,1.451815,0.000093,15.8185,0.000000,0.000000,0.000000,0.019197,0.000585,0.004409,0.009920,0.00009260
30,15,2.183626,0.000093,26.7248,0.000000,0.000000,0.000000,0.012578,0.000689,0.004472,0.009173,0.00009260
30,16,1.785824,0.000093,18.8595,0.000000,0.000000,0.000000,0.011136,0.000602,0.004283,0.009270,0.00009260
30,17,1.766435,0.000090,27.5179,0.000000,0.000000,0.000000,0.014722,0.000709,0.004491,0.009382,0.00009260
30,18,1.465737,0.000089,19.8149,0.000000,0.000000,0.000000,0.011074,0.000580,0.004483,0.009580,0.00009260
30,19,1.966146,0.000085,24.4500,0.000000,0.000000,0.000000,0.024414,0.000943,0.004442,0.013311,0.00009260
30,20,1.701318,0.000091,18.4892,0.000000,0.000000,0.000000,0.025959,0.001092,0.004339,0.014699,0.00009260
30,21,1.866792,0.000076,33.3394,0.000000,0.000000,0.000000,0.014376,0.001068,0.004146,0.012453,0.00009260
30,22,1.382964,0.000080,14.4805,0.000000,0.000000,0.000000,0.012431,0.000720,0.004204,0.012531,0.00009260
30,23,1.850798,0.000085,25.9631,0.000000,0.000000,0.000000,0.014049,0.001061,0.004183,0.012936,0.00009260
30,24,1.912271,0.000098,18.9232,0.000000,0.000000,0.000000,0.020421,0.001049,0.004287,0.013898,0.00009260
30,25,2.007447,0.000068,27.6336,0.000000,0.000000,0.000000,0.007606,0.000766,0.003550,0.010741,0.00009260
30,26,1.942119,0.000091,21.7167,0.000000,0.000000,0.000000,0.005546,0.000982,0.004057,0.011959,0.00009260
30,27,1.727878,0.000106,24.5215,0.000000,0.000000,0.000000,0.011121,0.000949,0.004152,0.011558,0.00009260
30,28,1.780526,0.000098,19.7711,0.000000,0.000000,0.000000,0.007609,0.000708,0.004148,0.011305,0.00009260
30,29,1.702659,0.000099,20.3833,0.000000,0.000000,0.000000,0.008461,0.000693,0.004302,0.012080,0.00009260
30,30,1.412411,0.000096,14.7258,0.000000,0.000000,0.000000,0.007048,0.000595,0.004104,0.010885,0.00009260
30,31,2.689241,0.000102,47.3262,0.000000,0.000000,0.000000,0.007915,0.000734,0.004032,0.011558,0.00009260
30,32,1.882951,0.000109,18.5195,0.000000,0.000000,0.000000,0.007895,0.000775,0.004134,0.011636,0.00009260
30,33,2.363277,0.000097,20.0061,0.000000,0.000000,0.000000,0.031750,0.000716,0.003935,0.011633,0.00009260
30,34,1.907339,0.000103,18.7242,0.000000,0.000000,0.000000,0.024445,0.000598,0.003862,0.010888,0.00009260
30,35,1.828690,0.000095,25.8163,0.000000,0.000000,0.000000,0.023627,0.000706,0.003762,0.011316,0.00009260
30,36,1.770329,0.000085,25.9546,0.000000,0.000000,0.000000,0.013859,0.000594,0.003783,0.010336,0.00009260
30,37,1.424525,0.000083,14.2664,0.000000,0.000000,0.000000,0.014865,0.000556,0.003950,0.011198,0.00009260
30,38,1.794154,0.000079,27.0302,0.000000,0.000000,0.000000,0.013030,0.000782,0.003760,0.010615,0.00009260
30,39,1.450614,0.000094,15.9548,0.000000,0.000000,0.000000,0.014751,0.000895,0.003743,0.010873,0.00009260
30,40,1.954910,0.000088,24.2834,0.000000,0.000000,0.000000,0.014534,0.000556,0.003732,0.010165,0.00009260
30,41,1.636021,0.000093,18.5177,0.000000,0.000000,0.000000,0.011307,0.000693,0.003893,0.010806,0.00009260
30,42,1.690876,0.000095,23.7573,0.000000,0.000000,0.000000,0.010446,0.000638,0.003920,0.010651,0.00009260
30,43,1.523650,0.000094,19.4422,0.000000,0.000000,0.000000,0.008063,0.000733,0.003871,0.011047,0.00009260
30,44,1.831575,0.000095,25.1620,0.000000,0.000000,0.000000,0.010660,0.000588,0.003934,0.010668,0.00009260
30,45,1.373379,0.000077,13.2004,0.000000,0.000000,0.000000,0.012250,0.000367,0.004066,0.010876,0.00009260
30,46,2.105686,0.000082,40.1929,0.000000,0.000000,0.000000,0.020174,0.000748,0.004244,0.010891,0.00009260
30,47,1.470812,0.000092,17.7801,0.000000,0.000000,0.000000,0.017347,0.000759,0.004627,0.011450,0.00009260
30,48,1.875469,0.000079,25.3392,0.000000,0.000000,0.000000,0.013858,0.000340,0.004386,0.009981,0.00009260
30,49,1.814230,0.000103,22.4289,0.000000,0.000000,0.000000,0.019761,0.000754,0.004614,0.011087,0.00009260
30,50,2.079636,0.000070,36.9959,0.000000,0.000000,0.000000,0.008855,0.000623,0.004187,0.009624,0.00009260
30,51,1.532508,0.000066,21.4169,0.000000,0.000000,0.000000,0.008293,0.000528,0.004805,0.011482,0.00009260
30,52,1.747471,0.000083,21.6651,0.000000,0.000000,0.000000,0.012017,0.001182,0.004088,0.011293,0.00009260
30,53,1.394909,0.000079,17.1172,0.000000,0.000000,0.000000,0.005368,0.000640,0.003834,0.010279,0.00009260
30,54,2.131973,0.000104,34.0226,0.000000,0.000000,0.000000,0.005152,0.000485,0.003990,0.010120,0.00009260
30,55,1.871600,0.000100,23.5624,0.000000,0.000000,0.000000,0.007289,0.000560,0.003997,0.010219,0.00009260
30,56,1.502141,0.000090,16.8557,0.000000,0.000000,0.000000,0.007698,0.000583,0.003851,0.010073,0.00009260
30,57,1.540123,0.000101,21.7006,0.000000,0.000000,0.000000,0.009828,0.000407,0.004080,0.010516,0.00009260
30,58,1.867212,0.000074,25.6462,0.000000,0.000000,0.000000,0.004172,0.000296,0.003918,0.009841,0.00009260
30,59,1.823105,0.000139,18.3552,0.000000,0.000000,0.000000,0.020962,0.000776,0.004898,0.013200,0.00009260
30,60,2.673701,0.000121,41.1370,0.000000,0.000000,0.000000,0.014657,0.001042,0.004692,0.013158,0.00009260
30,61,1.744654,0.000093,16.5859,0.000000,0.000000,0.000000,0.014192,0.000651,0.004370,0.011982,0.00009260
30,62,1.973710,0.000095,20.8572,0.000000,0.000000,0.000000,0.015017,0.000702,0.004128,0.011754,0.00009260
30,63,1.857653,0.000114,19.0132,0.000000,0.000000,0.000000,0.026977,0.000891,0.004248,0.011886,0.00009260
30,64,1.924734,0.000092,27.3214,0.000000,0.000000,0.000000,0.011157,0.000767,0.004228,0.010462,0.00009260
30,65,1.513994,0.000117,15.7905,0.000000,0.000000,0.000000,0.013667,0.001028,0.004516,0.022465,0.00009260
30,66,2.606257,0.000109,45.7120,0.000000,0.000000,0.000000,0.013087,0.000710,0.004490,0.017897,0.00009260
30,67,1.916819,0.000101,26.5134,0.000000,0.000000,0.000000,0.015364,0.001075,0.004652,0.020806,0.00009260
30,68,1.664093,0.000124,17.1177,0.000000,0.000000,0.000000,0.014207,0.001431,0.004579,0.019010,0.00009260
30,69,1.876020,0.000106,30.4599,0.000000,0.000000,0.000000,0.009466,0.001127,0.004537,0.017463,0.00009260
30,70,1.468897,0.000105,14.7321,0.000000,0.000000,0.000000,0.011061,0.000995,0.004486,0.017674,0.00009260
30,71,1.728297,0.000072,31.1474,0.000000,0.000000,0.000000,0.008409,0.000520,0.003643,0.011481,0.00009260
30,72,1.450252,0.000107,17.5390,0.000000,0.000000,0.000000,0.006654,0.000687,0.004214,0.012065,0.00009260
30,73,1.647178,0.000082,26.4791,0.000000,0.000000,0.000000,0.013933,0.000596,0.003863,0.011729,0.00009260
30,74,1.434957,0.000083,16.3667,0.000000,0.000000,0.000000,0.004388,0.000472,0.003824,0.011268,0.00009260
30,75,1.595650,0.000069,23.7669,0.000000,0.000000,0.000000,0.010510,0.000674,0.003714,0.012674,0.00009260
30,76,1.496314,0.000108,20.2520,0.000000,0.000000,0.000000,0.005674,0.000913,0.004312,0.012127,0.00009260
30,77,2.159083,0.000075,26.1325,0.000000,0.000000,0.000000,0.006919,0.000800,0.004164,0.016214,0.00009260
30,78,1.819889,0.000099,20.3426,0.000000,0.000000,0.000000,0.009698,0.000769,0.004303,0.015244,0.00009260
30,79,1.695115,0.000094,25.5869,0.000000,0.000000,0.000000,0.010840,0.000626,0.004096,0.013357,0.00009260
30,80,1.729890,0.000103,22.5038,0.000000,0.000000,0.000000,0.009210,0.000456,0.003965,0.011266,0.00009260
30,81,1.433000,0.000071,18.6181,0.000000,0.000000,0.000000,0.004782,0.000500,0.003724,0.010146,0.00009260
30,82,1.477486,0.000075,18.4259,0.000000,0.000000,0.000000,0.004822,0.000539,0.003775,0.010669,0.00009260
30,83,1.597990,0.000066,27.1796,0.000000,0.000000,0.000000,0.003485,0.000330,0.004052,0.010676,0.00009260
30,84,1.616216,0.000081,18.9844,0.000000,0.000000,0.000000,0.016537,0.000549,0.004472,0.010310,0.00009260
30,85,1.499437,0.000076,16.0411,0.000000,0.000000,0.000000,0.010791,0.000699,0.004277,0.010671,0.00009260
30,86,1.862794,0.000087,32.5641,0.000000,0.000000,0.000000,0.007722,0.000636,0.004159,0.009985,0.00009260
30,87,1.515923,0.000076,14.6436,0.000000,0.000000,0.000000,0.008614,0.000694,0.004087,0.010260,0.00009260
30,88,1.917942,0.000080,32.4258,0.000000,0.000000,0.000000,0.006565,0.000637,0.004441,0.010574,0.00009260
30,89,1.542510,0.000082,15.5504,0.000000,0.000000,0.000000,0.006526,0.000808,0.004335,0.010301,0.00009260
30,90,1.931498,0.000072,29.3405,0.000000,0.000000,0.000000,0.009901,0.000595,0.004781,0.010593,0.00009260
30,91,1.596773,0.000081,15.8860,0.000000,0.000000,0.000000,0.021332,0.000700,0.004353,0.012579,0.00009260
30,92,1.927159,0.000087,25.3861,0.000000,0.000000,0.000000,0.011490,0.000522,0.004334,0.011738,0.00009260
30,93,1.467082,0.000075,15.4877,0.000000,0.000000,0.000000,0.007240,0.000369,0.004448,0.011228,0.00009260
30,94,1.842175,0.000068,31.1425,0.000000,0.000000,0.000000,0.010116,0.000418,0.004162,0.010250,0.00009260
30,95,1.569623,0.000090,18.8243,0.000000,0.000000,0.000000,0.012180,0.000477,0.004538,0.011517,0.00009260
30,96,1.797605,0.000068,28.4919,0.000000,0.000000,0.000000,0.008316,0.000391,0.004222,0.009840,0.00009260
30,97,1.514732,0.000085,15.8293,0.000000,0.000000,0.000000,0.004955,0.000650,0.004433,0.011329,0.00009260
30,98,1.873165,0.000078,34.2082,0.000000,0.000000,0.000000,0.006806,0.000525,0.004322,0.011010,0.00009260
30,99,1.514891,0.000087,18.8452,0.000000,0.000000,0.000000,0.013249,0.000543,0.004387,0.010364,0.00009260
30,100,1.880762,0.000099,32.2467,0.000000,0.000000,0.000000,0.011490,0.000503,0.004523,0.009876,0.00009260
30,101,1.548209,0.000086,20.3311,0.000000,0.000000,0.000000,0.004083,0.000487,0.004298,0.009464,0.00009260
30,102,1.718524,0.000075,23.5407,0.000000,0.000000,0.000000,0.006277,0.000486,0.004062,0.009160,0.00009260
30,103,1.535060,0.000069,17.4545,0.000000,0.000000,0.000000,0.005889,0.000396,0.004683,0.009593,0.00009260
30,104,1.829377,0.000071,24.8201,0.000000,0.000000,0.000000,0.006871,0.000449,0.004140,0.009410,0.00009260
30,105,1.474243,0.000075,14.9124,0.000000,0.000000,0.000000,0.006693,0.000365,0.004139,0.008755,0.00009260
30,106,1.723599,0.000083,22.7792,0.000000,0.000000,0.000000,0.004910,0.000382,0.004454,0.009704,0.00009260
30,107,1.468738,0.000086,16.5246,0.000000,0.000000,0.000000,0.007698,0.000634,0.004094,0.009704,0.00009260
30,108,2.096662,0.000087,31.0478,0.000000,0.000000,0.000000,0.007137,0.000435,0.003687,0.009079,0.00009260
30,109,1.518910,0.000066,18.3698,0.000000,0.000000,0.000000,0.004172,0.000494,0.004077,0.009577,0.00009260
30,110,1.984644,0.000080,33.6956,0.000000,0.000000,0.000000,0.008980,0.000511,0.004122,0.009093,0.00009260
30,111,1.532186,0.000096,20.5280,0.000000,0.000000,0.000000,0.008220,0.000455,0.004528,0.009703,0.00009260
30,112,1.746283,0.000079,20.5297,0.000000,0.000000,0.000000,0.007506,0.000449,0.004190,0.009639,0.00009260
30,113,1.526795,0.000090,16.6280,0.000000,0.000000,0.000000,0.009594,0.000398,0.004883,0.011000,0.00009260
30,114,1.972137,0.000107,34.3756,0.000000,0.000000,0.000000,0.017928,0.000467,0.004894,0.012240,0.00009260
30,115,1.438154,0.000081,16.7662,0.000000,0.000000,0.000000,0.009594,0.000471,0.004468,0.009815,0.00009260
30,116,2.101181,0.000072,23.4431,0.000000,0.000000,0.000000,0.007835,0.000247,0.004615,0.009679,0.00009260
30,117,1.798973,0.000108,16.4543,0.000000,0.000000,0.000000,0.018992,0.001373,0.004145,0.011884,0.00009260
30,118,1.713320,0.000093,22.5273,0.000000,0.000000,0.000000,0.017716,0.001496,0.004047,0.012114,0.00009260
30,119,1.804098,0.000089,24.6114,0.000000,0.000000,0.000000,0.018583,0.001225,0.004114,0.011178,0.00009260
30,120,1.822381,0.000092,18.5735,0.000000,0.000000,0.000000,0.015160,0.001481,0.004179,0.011883,0.00009260
30,121,1.600124,0.000089,16.7125,0.000000,0.000000,0.000000,0.011008,0.001125,0.003911,0.011289,0.00009260
30,122,1.959378,0.000094,30.0682,0.000000,0.000000,0.000000,0.016735,0.001378,0.003898,0.011037,0.00009260
30,123,1.755907,0.000087,13.9636,0.000000,0.000000,0.000000,0.006020,0.000525,0.004200,0.010288,0.00009260
30,124,2.381063,0.000094,17.1371,0.000000,0.000000,0.000000,0.015357,0.000686,0.003994,0.009420,0.00009260
30,125,2.024403,0.000082,18.0898,0.000000,0.000000,0.000000,0.011682,0.000581,0.003876,0.009272,0.00009260
30,126,1.426571,0.000070,12.6473,0.000000,0.000000,0.000000,0.005216,0.000344,0.003554,0.008383,0.00009260
30,127,1.811481,0.000083,29.5444,0.000000,0.000000,0.000000,0.012061,0.000441,0.004002,0.009069,0.00009260
30,128,1.659546,0.000128,18.1274,0.000000,0.000000,0.000000,0.017280,0.000644,0.004853,0.011423,0.00009260
30,129,2.022018,0.000094,30.7227,0.000000,0.000000,0.000000,0.017142,0.000914,0.004321,0.010388,0.00009260
30,130,1.504079,0.000082,15.9700,0.000000,0.000000,0.000000,0.005826,0.000777,0.003927,0.010502,0.00009260
30,131,1.725130,0.000082,20.0318,0.000000,0.000000,0.000000,0.008180,0.000589,0.004221,0.010688,0.00009260
30,132,1.525604,0.000110,18.4134,0.000000,0.000000,0.000000,0.018765,0.000710,0.004439,0.011067,0.00009260
30,133,2.392093,0.000082,37.3320,0.000000,0.000000,0.000000,0.007530,0.000427,0.004275,0.010380,0.00009260
30,134,1.853359,0.000070,21.2145,0.000000,0.000000,0.000000,0.005088,0.000352,0.003957,0.010133,0.00009260
30,135,1.573308,0.000102,14.8388,0.000000,0.000000,0.000000,0.030754,0.000504,0.004065,0.011619,0.00009260
30,136,1.524195,0.000096,22.1786,0.000000,0.000000,0.000000,0.010501,0.000498,0.004201,0.010899,0.00009260
30,137,1.608455,0.000087,17.9969,0.000000,0.000000,0.000000,0.006388,0.000562,0.004179,0.010227,0.00009260
30,138,1.395582,0.000071,14.4959,0.000000,0.000000,0.000000,0.007240,0.000474,0.004064,0.009744,0.00009260
30,139,1.963930,0.000093,36.1759,0.000000,0.000000,0.000000,0.008727,0.000750,0.004082,0.010677,0.00009260
30,140,1.368251,0.000077,14.3660,0.000000,0.000000,0.000000,0.006919,0.000436,0.004030,0.009628,0.00009260
30,141,1.942034,0.000108,25.1796,0.000000,0.000000,0.000000,0.010643,0.000289,0.004079,0.011510,0.00009260
30,142,1.618076,0.000098,24.0560,0.000000,0.000000,0.000000,0.007496,0.000990,0.003710,0.014790,0.00009260
30,143,1.393830,0.000081,17.6379,0.000000,0.000000,0.000000,0.005826,0.000452,0.003873,0.013473,0.00009260
30,144,1.516507,0.000090,15.6388,0.000000,0.000000,0.000000,0.005304,0.000441,0.003950,0.012984,0.00009260
30,145,1.556186,0.000083,26.4978,0.000000,0.000000,0.000000,0.004172,0.000363,0.003900,0.012409,0.00009260
30,146,1.624000,0.000089,20.6851,0.000000,0.000000,0.000000,0.005738,0.000396,0.003896,0.013416,0.00009260
30,147,1.645813,0.000077,22.1099,0.000000,0.000000,0.000000,0.003167,0.000408,0.003778,0.011617,0.00009260
30,148,1.371013,0.000069,15.0776,0.000000,0.000000,0.000000,0.002798,0.000361,0.004028,0.011968,0.00009260
30,149,2.619210,0.000079,56.9306,0.000000,0.000000,0.000000,0.010272,0.000394,0.004015,0.010027,0.00009260
30,150,2.043447,0.000078,32.3690,0.000000,0.000000,0.000000,0.006220,0.000517,0.003967,0.009790,0.00009260
30,151,1.769136,0.000081,19.1549,0.000000,0.000000,0.000000,0.014278,0.000487,0.003935,0.010070,0.00009260
30,152,1.394783,0.000072,16.4054,0.000000,0.000000,0.000000,0.006132,0.000415,0.003818,0.009924,0.00009260
30,153,2.198854,0.000081,40.3344,0.000000,0.000000,0.000000,0.007875,0.000460,0.003960,0.009991,0.00009260
30,154,1.511428,0.000076,20.2466,0.000000,0.000000,0.000000,0.006979,0.000374,0.004042,0.009793,0.00009260
30,155,1.963134,0.000092,25.0516,0.000000,0.000000,0.000000,0.009365,0.000685,0.004141,0.010808,0.00009260
30,156,1.665941,0.000079,20.6150,0.000000,0.000000,0.000000,0.011337,0.000730,0.004122,0.010382,0.00009260
30,157,1.918680,0.000090,29.9218,0.000000,0.000000,0.000000,0.012736,0.000615,0.004136,0.010335,0.00009260
30,158,1.545850,0.000084,22.0903,0.000000,0.000000,0.000000,0.015667,0.000766,0.004361,0.011212,0.00009260
30,159,1.942542,0.000095,27.8917,0.000000,0.000000,0.000000,0.019361,0.001418,0.004375,0.011291,0.00009260
30,160,1.481912,0.000092,15.0412,0.000000,0.000000,0.000000,0.013255,0.000965,0.004340,0.011384,0.00009260
30,161,1.924634,0.000096,26.4081,0.000000,0.000000,0.000000,0.006033,0.000701,0.003861,0.010404,0.00009260
30,162,1.541201,0.000083,20.4189,0.000000,0.000000,0.000000,0.005216,0.000552,0.003842,0.009820,0.00009260
30,163,1.993723,0.000094,28.3191,0.000000,0.000000,0.000000,0.013017,0.001085,0.004493,0.012368,0.00009260
30,164,1.568284,0.000074,15.4777,0.000000,0.000000,0.000000,0.009338,0.000602,0.004110,0.010110,0.00009260
30,165,1.566806,0.000081,21.3866,0.000000,0.000000,0.000000,0.005304,0.000809,0.004058,0.010110,0.00009260
30,166,1.538136,0.000092,17.7520,0.000000,0.000000,0.000000,0.005964,0.000552,0.004169,0.010670,0.00009260
30,167,2.084357,0.000079,19.0077,0.000000,0.000000,0.000000,0.005546,0.000446,0.004478,0.010264,0.00009260
30,168,2.016098,0.000084,22.2960,0.000000,0.000000,0.000000,0.028285,0.000730,0.004804,0.013471,0.00009260
30,169,2.235397,0.000092,25.8424,0.000000,0.000000,0.000000,0.012205,0.000871,0.004091,0.010193,0.00009260
30,170,1.836552,0.000099,21.1830,0.000000,0.000000,0.000000,0.011008,0.000573,0.004427,0.010702,0.00009260
30,171,1.712188,0.000096,21.3854,0.000000,0.000000,0.000000,0.006284,0.000468,0.004450,0.010087,0.00009260
30,172,1.345918,0.000080,13.7123,0.000000,0.000000,0.000000,0.006260,0.000794,0.003730,0.010063,0.00009260
30,173,2.800210,0.000102,32.1018,0.000000,0.000000,0.000000,0.008220,0.000574,0.004239,0.010402,0.00009260
30,174,2.403082,0.000135,22.6922,0.000000,0.000000,0.000000,0.019258,0.001028,0.004562,0.012014,0.00009260
30,175,1.618148,0.000091,20.8396,0.000000,0.000000,0.000000,0.029668,0.001567,0.004021,0.013226,0.00009260
30,176,2.252137,0.000085,34.0209,0.000000,0.000000,0.000000,0.005866,0.000823,0.003953,0.009977,0.00009260
30,177,1.590060,0.000093,16.5579,0.000000,0.000000,0.000000,0.012116,0.000901,0.004049,0.010761,0.00009260
30,178,2.049116,0.000082,28.0490,0.000000,0.000000,0.000000,0.017105,0.000793,0.004164,0.011142,0.00009260
30,179,1.672452,0.000066,18.7328,0.000000,0.000000,0.000000,0.005890,0.000516,0.003898,0.009780,0.00009260
30,180,1.900280,0.000072,25.4217,0.000000,0.000000,0.000000,0.010217,0.000766,0.004013,0.010466,0.00009260
30,181,2.269868,0.000087,22.2346,0.000000,0.000000,0.000000,0.008262,0.000498,0.004013,0.010038,0.00009260
30,182,1.635647,0.000076,19.7430,0.000000,0.000000,0.000000,0.011212,0.000606,0.003837,0.009709,0.00009260
30,183,1.519721,0.000080,22.0579,0.000000,0.000000,0.000000,0.012904,0.000556,0.004157,0.009979,0.00009260
30,184,1.804997,0.000082,25.8476,0.000000,0.000000,0.000000,0.008638,0.000551,0.004066,0.009387,0.00009260
30,185,1.441766,0.000077,14.9886,0.000000,0.000000,0.000000,0.009621,0.000608,0.004134,0.010112,0.00009260
30,186,2.301441,0.000071,47.3580,0.000000,0.000000,0.000000,0.008655,0.000417,0.004014,0.009368,0.00009260
30,187,1.550418,0.000083,21.5438,0.000000,0.000000,0.000000,0.008684,0.000643,0.004542,0.012444,0.00009260
30,188,1.828750,0.000078,23.7921,0.000000,0.000000,0.000000,0.006806,0.000538,0.004513,0.010530,0.00009260
30,189,1.507868,0.000081,14.8833,0.000000,0.000000,0.000000,0.009289,0.000474,0.004420,0.010525,0.00009260
30,190,1.921647,0.000109,33.9559,0.000000,0.000000,0.000000,0.012614,0.000434,0.004936,0.011864,0.00009260
30,191,1.511104,0.000066,22.8617,0.000000,0.000000,0.000000,0.011756,0.000480,0.003857,0.009474,0.00009260
30,192,1.762270,0.000076,17.6279,0.000000,0.000000,0.000000,0.008003,0.000594,0.004796,0.011047,0.00009260
30,193,1.470827,0.000063,14.7980,0.000000,0.000000,0.000000,0.008486,0.000560,0.004351,0.010434,0.00009260
30,194,1.861460,0.000085,32.4759,0.000000,0.000000,0.000000,0.007658,0.000693,0.004658,0.010759,0.00009260
30,195,1.408847,0.000097,16.9281,0.000000,0.000000,0.000000,0.010399,0.000609,0.004829,0.010754,0.00009260
30,196,1.788234,0.000078,17.9970,0.000000,0.000000,0.000000,0.005585,0.000396,0.004367,0.009495,0.00009260
30,197,1.531214,0.000079,15.2912,0.000000,0.000000,0.000000,0.006590,0.000499,0.004216,0.010034,0.00009260
30,198,2.183040,0.000081,43.6608,0.000000,0.000000,0.000000,0.007176,0.000530,0.004301,0.010397,0.00009260
30,199,1.406409,0.000067,20.0339,0.000000,0.000000,0.000000,0.006232,0.000467,0.004286,0.010000,0.00009260
30,200,2.156549,0.000072,30.2719,0.000000,0.000000,0.000000,0.022610,0.000333,0.004843,0.010633,0.00009260
30,201,1.944305,0.000090,21.5149,0.000000,0.000000,0.000000,0.004694,0.000406,0.004698,0.010293,0.00009260
30,202,1.649060,0.000100,20.3617,0.000000,0.000000,0.000000,0.006437,0.000452,0.005303,0.011844,0.00009260
30,203,1.584383,0.000075,26.0666,0.000000,0.000000,0.000000,0.006501,0.000657,0.005235,0.011905,0.00009260
30,204,1.430781,0.000084,14.9975,0.000000,0.000000,0.000000,0.005304,0.000362,0.005078,0.011639,0.00009260
30,205,1.481267,0.000098,17.9978,0.000000,0.000000,0.000000,0.012168,0.000428,0.005122,0.012041,0.00009260
30,206,1.628301,0.000091,25.3161,0.000000,0.000000,0.000000,0.021006,0.000504,0.004841,0.012458,0.00009260
30,207,1.563756,0.000092,18.7960,0.000000,0.000000,0.000000,0.032062,0.001035,0.004516,0.013073,0.00009260
30,208,1.622140,0.000087,21.1618,0.000000,0.000000,0.000000,0.016125,0.000416,0.004285,0.011172,0.00009260
30,209,1.698563,0.000108,20.9884,0.000000,0.000000,0.000000,0.022936,0.001041,0.004884,0.013498,0.00009260
30,210,1.774489,0.000132,24.2951,0.000000,0.000000,0.000000,0.019570,0.000931,0.005196,0.015399,0.00009260
30,211,1.619887,0.000096,20.9915,0.000000,0.000000,0.000000,0.021425,0.000733,0.004801,0.013350,0.00009260
30,212,1.452510,0.000081,16.9069,0.000000,0.000000,0.000000,0.010377,0.000598,0.004321,0.011224,0.00009260
30,213,1.613782,0.000086,18.6911,0.000000,0.000000,0.000000,0.007208,0.000927,0.004046,0.013208,0.00009260
30,214,1.735999,0.000090,18.8263,0.000000,0.000000,0.000000,0.009964,0.001008,0.004317,0.013416,0.00009260
30,215,1.524732,0.000088,18.6789,0.000000,0.000000,0.000000,0.007048,0.000805,0.004353,0.013461,0.00009260
30,216,1.730577,0.000077,25.6415,0.000000,0.000000,0.000000,0.009377,0.000477,0.004135,0.012318,0.00009260
30,217,1.525727,0.000072,16.6283,0.000000,0.000000,0.000000,0.005876,0.001079,0.003921,0.011899,0.00009260
30,218,1.641644,0.000078,23.3014,0.000000,0.000000,0.000000,0.008094,0.000961,0.003926,0.011687,0.00009260
30,219,1.533577,0.000105,16.5139,0.000000,0.000000,0.000000,0.008582,0.000681,0.004435,0.011496,0.00009260
30,220,1.723581,0.000083,25.9491,0.000000,0.000000,0.000000,0.009161,0.000496,0.003673,0.009672,0.00009260
30,221,1.675608,0.000097,16.2909,0.000000,0.000000,0.000000,0.010244,0.000565,0.003929,0.009888,0.00009260
30,222,1.515534,0.000080,20.2328,0.000000,0.000000,0.000000,0.007137,0.000514,0.003835,0.009681,0.00009260
30,223,1.770251,0.000105,26.4491,0.000000,0.000000,0.000000,0.021099,0.000761,0.004264,0.010604,0.00009260
30,224,1.468942,0.000075,16.5050,0.000000,0.000000,0.000000,0.007875,0.000627,0.003864,0.009937,0.00009260
30,225,2.065547,0.000070,21.7993,0.000000,0.000000,0.000000,0.009667,0.000504,0.003453,0.009176,0.00009260
30,226,1.791057,0.000077,18.6337,0.000000,0.000000,0.000000,0.006232,0.000510,0.003816,0.009685,0.00009260
30,227,1.717554,0.000080,21.2509,0.000000,0.000000,0.000000,0.007570,0.000532,0.003784,0.010207,0.00009260
30,228,1.410480,0.000082,16.0804,0.000000,0.000000,0.000000,0.008510,0.000512,0.004126,0.010490,0.00009260
30,229,1.984326,0.000111,23.7806,0.000000,0.000000,0.000000,0.013313,0.000770,0.004640,0.012052,0.00009260
30,230,1.594632,0.000129,17.5893,0.000000,0.000000,0.000000,0.014101,0.001026,0.004737,0.012303,0.00009260
30,231,1.988307,0.000076,24.9009,0.000000,0.000000,0.000000,0.005610,0.000543,0.003835,0.010031,0.00009260
30,232,1.469227,0.000071,12.9938,0.000000,0.000000,0.000000,0.008293,0.000666,0.003892,0.010439,0.00009260
30,233,2.105885,0.000108,19.1275,0.000000,0.000000,0.000000,0.011200,0.000895,0.004554,0.012924,0.00009260
30,234,1.660681,0.000077,17.1628,0.000000,0.000000,0.000000,0.007136,0.000507,0.003898,0.009813,0.00009260
30,235,1.569968,0.000070,20.6334,0.000000,0.000000,0.000000,0.007136,0.000565,0.004034,0.009382,0.00009260
30,236,1.714251,0.000074,18.4348,0.000000,0.000000,0.000000,0.007151,0.000662,0.004064,0.009948,0.00009260
30,237,1.704017,0.000065,22.8864,0.000000,0.000000,0.000000,0.007023,0.000466,0.004042,0.009614,0.00009260
30,238,1.376146,0.000066,17.4514,0.000000,0.000000,0.000000,0.005386,0.000488,0.003899,0.009449,0.00009260
30,239,1.792370,0.000117,27.9960,0.000000,0.000000,0.000000,0.017248,0.000553,0.004384,0.011356,0.00009260
30,240,1.491426,0.000086,19.1568,0.000000,0.000000,0.000000,0.014366,0.000584,0.004328,0.010216,0.00009260
30,241,1.519564,0.000096,19.0391,0.000000,0.000000,0.000000,0.012446,0.000528,0.004562,0.010634,0.00009260
30,242,1.546770,0.000105,20.9577,0.000000,0.000000,0.000000,0.016736,0.000707,0.004522,0.011112,0.00009260
30,243,1.674472,0.000079,23.2743,0.000000,0.000000,0.000000,0.009225,0.000575,0.004105,0.009862,0.00009260
30,244,1.420355,0.000075,15.0790,0.000000,0.000000,0.000000,0.007591,0.000551,0.004244,0.010239,0.00009260
30,245,1.763819,0.000102,24.4706,0.000000,0.000000,0.000000,0.014669,0.001019,0.004359,0.011810,0.00009260
30,246,1.710641,0.000116,21.9420,0.000000,0.000000,0.000000,0.019897,0.000893,0.004943,0.012704,0.00009260
30,247,1.772862,0.000104,20.2245,0.000000,0.000000,0.000000,0.015469,0.000762,0.004674,0.012122,0.00009260
30,248,1.538910,0.000095,21.2912,0.000000,0.000000,0.000000,0.011442,0.000789,0.004498,0.011964,0.00009260
30,249,1.695837,0.000093,21.8170,0.000000,0.000000,0.000000,0.010279,0.000695,0.004314,0.010664,0.00009260
30,250,1.605821,0.000097,18.5652,0.000000,0.000000,0.000000,0.009634,0.000569,0.004264,0.011011,0.00009260
30,251,1.723388,0.000119,27.4851,0.000000,0.000000,0.000000,0.010820,0.000681,0.004972,0.013112,0.00009260
30,252,1.479893,0.000094,17.3433,0.000000,0.000000,0.000000,0.016918,0.000626,0.004214,0.011174,0.00009260
30,253,1.738901,0.000092,20.3550,0.000000,0.000000,0.000000,0.008678,0.000405,0.004322,0.010787,0.00009260
30,254,1.444139,0.000088,16.4143,0.000000,0.000000,0.000000,0.012855,0.000416,0.004330,0.010865,0.00009260
30,255,2.824211,0.000087,51.0049,0.000000,0.000000,0.000000,0.007787,0.000522,0.004155,0.010241,0.00009260
30,256,1.999523,0.000077,28.9254,0.000000,0.000000,0.000000,0.011224,0.000512,0.004108,0.009907,0.00009260
30,257,1.634619,0.000057,17.7808,0.000000,0.000000,0.000000,0.014366,0.000518,0.003874,0.009808,0.00009260
30,258,1.532109,0.000089,20.5323,0.000000,0.000000,0.000000,0.013569,0.000418,0.004219,0.011566,0.00009260
30,259,2.025453,0.000123,30.3118,0.000000,0.000000,0.000000,0.029031,0.000692,0.005019,0.012800,0.00009260
30,260,1.664842,0.000109,23.3092,0.000000,0.000000,0.000000,0.020460,0.002928,0.004999,0.013544,0.00009260
30,261,1.872976,0.000106,23.2293,0.000000,0.000000,0.000000,0.010512,0.000723,0.004983,0.013258,0.00009260
30,262,1.547622,0.000100,19.7060,0.000000,0.000000,0.000000,0.015844,0.000659,0.005047,0.012612,0.00009260
30,263,1.967366,0.000076,32.3063,0.000000,0.000000,0.000000,0.008501,0.000552,0.004579,0.011385,0.00009260
30,264,1.871574,0.000114,24.5882,0.000000,0.000000,0.000000,0.031499,0.000617,0.005549,0.013689,0.00009260
30,265,1.755270,0.000108,24.7375,0.000000,0.000000,0.000000,0.006964,0.000504,0.004579,0.011650,0.00009260
30,266,1.545625,0.000095,24.2415,0.000000,0.000000,0.000000,0.007609,0.000337,0.004416,0.010884,0.00009260
30,267,1.637931,0.000083,18.5526,0.000000,0.000000,0.000000,0.005738,0.000349,0.004455,0.010989,0.00009260
30,268,1.350869,0.000072,14.2976,0.000000,0.000000,0.000000,0.009939,0.000314,0.004071,0.010221,0.00009260
30,269,2.306709,0.000081,46.8474,0.000000,0.000000,0.000000,0.006003,0.000702,0.004454,0.010785,0.00009260
30,270,1.517871,0.000065,22.1439,0.000000,0.000000,0.000000,0.010798,0.000417,0.004013,0.009774,0.00009260
30,271,2.037957,0.000088,24.4679,0.000000,0.000000,0.000000,0.007895,0.000978,0.004398,0.013133,0.00009260
30,272,1.909165,0.000131,19.3403,0.000000,0.000000,0.000000,0.023670,0.001246,0.005479,0.015194,0.00009260
30,273,2.023374,0.000171,30.2801,0.000000,0.000000,0.000000,0.056555,0.001628,0.006930,0.022421,0.00009260
30,274,1.686089,0.000123,24.6834,0.000000,0.000000,0.000000,0.024153,0.000694,0.005320,0.014829,0.00009260
30,275,2.040135,0.000176,23.1370,0.000000,0.000000,0.000000,0.042522,0.001384,0.006422,0.022150,0.00009260
30,276,1.834073,0.000183,21.2916,0.000000,0.000000,0.000000,0.045670,0.000996,0.007011,0.020369,0.00009260
30,277,2.319057,0.000115,43.3746,0.000000,0.000000,0.000000,0.017547,0.000949,0.003949,0.012565,0.00009260
30,278,1.710032,0.000085,24.0323,0.000000,0.000000,0.000000,0.014455,0.000640,0.004099,0.011261,0.00009260
30,279,1.648800,0.000071,21.1060,0.000000,0.000000,0.000000,0.011490,0.000646,0.003825,0.011854,0.00009260
30,280,1.529226,0.000086,16.1657,0.000000,0.000000,0.000000,0.011603,0.000638,0.003643,0.010654,0.00009260
30,281,1.898625,0.000082,31.8668,0.000000,0.000000,0.000000,0.008880,0.000580,0.003671,0.010148,0.00009260
30,282,1.455655,0.000075,18.1755,0.000000,0.000000,0.000000,0.008052,0.000595,0.003720,0.010353,0.00009260
30,283,1.565205,0.000059,16.5956,0.000000,0.000000,0.000000,0.017114,0.000395,0.003184,0.009199,0.00009260
30,284,1.547481,0.000078,22.6381,0.000000,0.000000,0.000000,0.014655,0.000529,0.003869,0.011613,0.00009260
30,285,2.022763,0.000098,28.3571,0.000000,0.000000,0.000000,0.019154,0.000518,0.004157,0.011467,0.00009260
30,286,1.564711,0.000076,15.2170,0.000000,0.000000,0.000000,0.012382,0.000502,0.003920,0.010832,0.00009260
30,287,1.666258,0.000078,24.1225,0.000000,0.000000,0.000000,0.010037,0.000594,0.003825,0.010725,0.00009260
30,288,1.379740,0.000080,17.8048,0.000000,0.000000,0.000000,0.008092,0.000488,0.003789,0.010618,0.00009260
30,289,2.180184,0.000086,22.3567,0.000000,0.000000,0.000000,0.009658,0.000910,0.003576,0.011095,0.00009260
30,290,2.214563,0.000117,30.4395,0.000000,0.000000,0.000000,0.013185,0.000715,0.004520,0.015055,0.00009260
30,291,2.027385,0.000097,28.0789,0.000000,0.000000,0.000000,0.009954,0.000688,0.003793,0.012814,0.00009260
30,292,1.464938,0.000084,19.0667,0.000000,0.000000,0.000000,0.009289,0.000738,0.003721,0.012742,0.00009260
30,293,1.823815,0.000075,22.0808,0.000000,0.000000,0.000000,0.011796,0.000507,0.004047,0.013304,0.00009260
30,294,1.510347,0.000073,15.5556,0.000000,0.000000,0.000000,0.005240,0.000605,0.003881,0.012122,0.00009260
30,295,1.781054,0.000077,26.5819,0.000000,0.000000,0.000000,0.012278,0.001000,0.003805,0.012635,0.00009260
30,296,1.460970,0.000097,16.4206,0.000000,0.000000,0.000000,0.013152,0.000909,0.004083,0.013199,0.00009260
31,1,2.352414,0.000123,24.5872,0.000000,0.000000,0.000000,0.020094,0.000871,0.004295,0.013276,0.00006666
31,2,1.969907,0.000118,22.1236,0.000000,0.000000,0.000000,0.016421,0.000877,0.004130,0.012744,0.00006666
31,3,1.594755,0.000110,16.2143,0.000000,0.000000,0.000000,0.013212,0.000671,0.004236,0.012181,0.00006666
31,4,1.573845,0.000108,19.6839,0.000000,0.000000,0.000000,0.013647,0.000540,0.004155,0.012366,0.00006666
31,5,1.579912,0.000102,21.2220,0.000000,0.000000,0.000000,0.014345,0.000803,0.004114,0.012256,0.00006666
31,6,1.461998,0.000104,15.6408,0.000000,0.000000,0.000000,0.013631,0.000519,0.004277,0.012055,0.00006666
31,7,1.651784,0.000106,25.3127,0.000000,0.000000,0.000000,0.014563,0.000674,0.003863,0.012720,0.00006666
31,8,1.466111,0.000111,17.9594,0.000000,0.000000,0.000000,0.016240,0.000712,0.004074,0.012461,0.00006666
31,9,2.098163,0.000104,29.1716,0.000000,0.000000,0.000000,0.017698,0.000838,0.004066,0.011939,0.00006666
31,10,1.662783,0.000104,21.0493,0.000000,0.000000,0.000000,0.011603,0.000567,0.003991,0.010749,0.00006666
31,11,1.594290,0.000106,19.3060,0.000000,0.000000,0.000000,0.013928,0.000644,0.004049,0.011193,0.00006666
31,12,1.424019,0.000098,18.5659,0.000000,0.000000,0.000000,0.010080,0.000544,0.003812,0.010441,0.00006666
31,13,1.814728,0.000105,25.0765,0.000000,0.000000,0.000000,0.013729,0.000760,0.004225,0.011341,0.00006666
31,14,1.660075,0.000091,20.6602,0.000000,0.000000,0.000000,0.018354,0.000605,0.004220,0.010874,0.00006666
31,15,1.590957,0.000094,20.4171,0.000000,0.000000,0.000000,0.012992,0.000762,0.004082,0.010957,0.00006666
31,16,1.516784,0.000088,16.7948,0.000000,0.000000,0.000000,0.010141,0.000541,0.003740,0.010280,0.00006666
31,17,1.830355,0.000091,26.2109,0.000000,0.000000,0.000000,0.016657,0.000693,0.004043,0.010290,0.00006666
31,18,1.527713,0.000087,19.4350,0.000000,0.000000,0.000000,0.010629,0.000542,0.003863,0.009949,0.00006666
31,19,1.921526,0.000082,27.6178,0.000000,0.000000,0.000000,0.018342,0.000769,0.004281,0.012553,0.00006666
31,20,1.752866,0.000091,20.6033,0.000000,0.000000,0.000000,0.022592,0.001250,0.004135,0.014256,0.00006666
31,21,1.339350,0.000075,16.8456,0.000000,0.000000,0.000000,0.011743,0.001209,0.003991,0.012485,0.00006666
31,22,1.544748,0.000082,23.0243,0.000000,0.000000,0.000000,0.015081,0.000654,0.004164,0.011908,0.00006666
31,23,1.584237,0.000084,15.7554,0.000000,0.000000,0.000000,0.017621,0.000897,0.004342,0.013482,0.00006666
31,24,1.870061,0.000097,16.3075,0.000000,0.000000,0.000000,0.020050,0.001014,0.004333,0.013297,0.00006666
31,25,1.554466,0.000069,21.2616,0.000000,0.000000,0.000000,0.006919,0.000558,0.004465,0.012322,0.00006666
31,26,1.696135,0.000097,19.6445,0.000000,0.000000,0.000000,0.005546,0.001306,0.003949,0.011045,0.00006666
31,27,1.764498,0.000105,25.6915,0.000000,0.000000,0.000000,0.010141,0.001160,0.004326,0.012490,0.00006666
31,28,1.462273,0.000099,15.6426,0.000000,0.000000,0.000000,0.008654,0.000896,0.004523,0.012104,0.00006666
31,29,1.980507,0.000100,26.0866,0.000000,0.000000,0.000000,0.008003,0.000721,0.004529,0.011786,0.00006666
31,30,1.693376,0.000092,18.8105,0.000000,0.000000,0.000000,0.006415,0.000754,0.004166,0.011378,0.00006666
31,31,1.695076,0.000098,24.9442,0.000000,0.000000,0.000000,0.007954,0.000886,0.004195,0.011778,0.00006666
31,32,1.668852,0.000106,22.0229,0.000000,0.000000,0.000000,0.010389,0.000724,0.004516,0.012371,0.00006666
31,33,1.972529,0.000098,28.3829,0.000000,0.000000,0.000000,0.022219,0.000601,0.003857,0.011521,0.00006666
31,34,1.465626,0.000095,18.0739,0.000000,0.000000,0.000000,0.018149,0.000548,0.004036,0.010980,0.00006666
31,35,1.860469,0.000094,27.0079,0.000000,0.000000,0.000000,0.019380,0.000565,0.003911,0.011388,0.00006666
31,36,1.485906,0.000081,17.1773,0.000000,0.000000,0.000000,0.007851,0.000543,0.003999,0.010676,0.00006666
31,37,1.685988,0.000081,22.5179,0.000000,0.000000,0.000000,0.014440,0.000765,0.003952,0.011236,0.00006666
31,38,1.424963,0.000079,17.4930,0.000000,0.000000,0.000000,0.012342,0.000585,0.003856,0.010538,0.00006666
31,39,2.053879,0.000094,33.0072,0.000000,0.000000,0.000000,0.010281,0.000750,0.003988,0.010732,0.00006666
31,40,1.576034,0.000088,19.7787,0.000000,0.000000,0.000000,0.011747,0.000595,0.003896,0.010670,0.00006666
31,41,1.704097,0.000090,20.1013,0.000000,0.000000,0.000000,0.010270,0.000690,0.004138,0.011525,0.00006666
31,42,1.487027,0.000093,19.8963,0.000000,0.000000,0.000000,0.010831,0.000676,0.004014,0.010674,0.00006666
31,43,1.702564,0.000092,21.8327,0.000000,0.000000,0.000000,0.007409,0.000706,0.004006,0.010996,0.00006666
31,44,1.490987,0.000096,18.2803,0.000000,0.000000,0.000000,0.010011,0.000562,0.004045,0.010679,0.00006666
31,45,1.720973,0.000080,27.8839,0.000000,0.000000,0.000000,0.011618,0.000347,0.003919,0.010242,0.00006666
31,46,1.399394,0.000082,18.8654,0.000000,0.000000,0.000000,0.023363,0.000616,0.004167,0.011191,0.00006666
31,47,1.823047,0.000087,21.2226,0.000000,0.000000,0.000000,0.020204,0.000753,0.004374,0.011079,0.00006666
31,48,1.499614,0.000077,16.0876,0.000000,0.000000,0.000000,0.016632,0.000394,0.004159,0.010091,0.00006666
31,49,1.686355,0.000107,25.2294,0.000000,0.000000,0.000000,0.018015,0.000731,0.004403,0.011644,0.00006666
31,50,1.502312,0.000070,24.3636,0.000000,0.000000,0.000000,0.010550,0.000398,0.003925,0.009566,0.00006666
31,51,1.553633,0.000067,15.4128,0.000000,0.000000,0.000000,0.005546,0.000534,0.004223,0.009924,0.00006666
31,52,1.478260,0.000075,15.3198,0.000000,0.000000,0.000000,0.010931,0.000736,0.003988,0.010993,0.00006666
31,53,1.466085,0.000078,21.3072,0.000000,0.000000,0.000000,0.005280,0.000503,0.004067,0.010208,0.00006666
31,54,1.616244,0.000104,24.0784,0.000000,0.000000,0.000000,0.005546,0.000488,0.004502,0.010660,0.00006666
31,55,1.435679,0.000099,16.3222,0.000000,0.000000,0.000000,0.008107,0.000565,0.004293,0.010644,0.00006666
31,56,1.509086,0.000083,24.5369,0.000000,0.000000,0.000000,0.008757,0.000489,0.003961,0.010170,0.00006666
31,57,1.486637,0.000103,18.9199,0.000000,0.000000,0.000000,0.009545,0.000396,0.004540,0.011221,0.00006666
31,58,1.430290,0.000077,18.9069,0.000000,0.000000,0.000000,0.002798,0.000355,0.003695,0.009128,0.00006666
31,59,1.711878,0.000136,19.0687,0.000000,0.000000,0.000000,0.020949,0.000760,0.004994,0.013240,0.00006666
31,60,1.860977,0.000122,20.5848,0.000000,0.000000,0.000000,0.013160,0.000998,0.004860,0.013254,0.00006666
31,61,1.395362,0.000092,16.9997,0.000000,0.000000,0.000000,0.013822,0.000693,0.004326,0.011427,0.00006666
31,62,2.002800,0.000092,21.6144,0.000000,0.000000,0.000000,0.012928,0.000600,0.004311,0.011423,0.00006666
31,63,1.841835,0.000113,18.4530,0.000000,0.000000,0.000000,0.025361,0.000742,0.004380,0.011624,0.00006666
31,64,1.626441,0.000105,18.8647,0.000000,0.000000,0.000000,0.014020,0.000634,0.004411,0.011188,0.00006666
31,65,1.731430,0.000114,22.5862,0.000000,0.000000,0.000000,0.011929,0.000937,0.004449,0.021940,0.00006666
31,66,1.487296,0.000121,17.2245,0.000000,0.000000,0.000000,0.010156,0.000662,0.004412,0.018834,0.00006666
31,67,1.420800,0.000110,16.5639,0.000000,0.000000,0.000000,0.013795,0.001162,0.004727,0.020092,0.00006666
31,68,1.879004,0.000116,30.6853,0.000000,0.000000,0.000000,0.013428,0.000878,0.004734,0.019356,0.00006666
31,69,1.607734,0.000107,22.1096,0.000000,0.000000,0.000000,0.009619,0.001236,0.004687,0.018555,0.00006666
31,70,1.702633,0.000101,22.0563,0.000000,0.000000,0.000000,0.010146,0.000887,0.004487,0.017802,0.00006666
31,71,1.362518,0.000089,14.1744,0.000000,0.000000,0.000000,0.007310,0.000500,0.003727,0.011815,0.00006666
31,72,1.535962,0.000104,21.3517,0.000000,0.000000,0.000000,0.008028,0.000478,0.004201,0.012585,0.00006666
31,73,1.460181,0.000079,21.4852,0.000000,0.000000,0.000000,0.015588,0.001348,0.003956,0.012002,0.00006666
31,74,1.571017,0.000085,19.2731,0.000000,0.000000,0.000000,0.005152,0.000394,0.003849,0.012014,0.00006666
31,75,1.316257,0.000067,14.5105,0.000000,0.000000,0.000000,0.009048,0.000596,0.003839,0.013045,0.00006666
31,76,1.703836,0.000106,26.5603,0.000000,0.000000,0.000000,0.005610,0.000943,0.004313,0.012512,0.00006666
31,77,1.733219,0.000073,29.5237,0.000000,0.000000,0.000000,0.006003,0.000692,0.003866,0.014183,0.00006666
31,78,1.508715,0.000102,18.0651,0.000000,0.000000,0.000000,0.008742,0.000488,0.004402,0.013544,0.00006666
31,79,1.623271,0.000093,21.0953,0.000000,0.000000,0.000000,0.011579,0.000508,0.004223,0.012460,0.00006666
31,80,1.501316,0.000097,20.7778,0.000000,0.000000,0.000000,0.009932,0.000438,0.004050,0.011097,0.00006666
31,81,1.678153,0.000072,30.5750,0.000000,0.000000,0.000000,0.006565,0.000522,0.003900,0.009913,0.00006666
31,82,1.397862,0.000077,18.4899,0.000000,0.000000,0.000000,0.006718,0.000511,0.003893,0.010717,0.00006666
31,83,1.707285,0.000064,23.2325,0.000000,0.000000,0.000000,0.004172,0.000262,0.004288,0.011119,0.00006666
31,84,1.658136,0.000075,18.4037,0.000000,0.000000,0.000000,0.013569,0.000546,0.004156,0.010203,0.00006666
31,85,1.550117,0.000078,17.5342,0.000000,0.000000,0.000000,0.007939,0.000525,0.003828,0.010745,0.00006666
31,86,1.418302,0.000091,19.4424,0.000000,0.000000,0.000000,0.005610,0.000481,0.003737,0.009984,0.00006666
31,87,1.618183,0.000074,24.4632,0.000000,0.000000,0.000000,0.004694,0.000496,0.003889,0.010022,0.00006666
31,88,1.385905,0.000078,16.6491,0.000000,0.000000,0.000000,0.006935,0.000447,0.004001,0.010891,0.00006666
31,89,1.696801,0.000079,22.7099,0.000000,0.000000,0.000000,0.007442,0.000608,0.003864,0.009871,0.00006666
31,90,1.501892,0.000072,21.1860,0.000000,0.000000,0.000000,0.006521,0.000527,0.003804,0.009940,0.00006666
31,91,1.626439,0.000085,22.4018,0.000000,0.000000,0.000000,0.013380,0.000833,0.003937,0.011939,0.00006666
31,92,1.755324,0.000085,21.8002,0.000000,0.000000,0.000000,0.010043,0.000575,0.003793,0.011037,0.00006666
31,93,1.353250,0.000075,15.9970,0.000000,0.000000,0.000000,0.008158,0.000657,0.003816,0.010769,0.00006666
31,94,1.342624,0.000069,18.3999,0.000000,0.000000,0.000000,0.009481,0.000473,0.003786,0.010220,0.00006666
31,95,1.485468,0.000083,17.8116,0.000000,0.000000,0.000000,0.013066,0.000453,0.003843,0.011381,0.00006666
31,96,1.382982,0.000067,17.6662,0.000000,0.000000,0.000000,0.006558,0.000470,0.003682,0.009602,0.00006666
31,97,1.375166,0.000084,17.3192,0.000000,0.000000,0.000000,0.005184,0.000579,0.004025,0.011256,0.00006666
31,98,1.506085,0.000083,22.1101,0.000000,0.000000,0.000000,0.006895,0.000483,0.003875,0.010885,0.00006666
31,99,1.387817,0.000087,18.7481,0.000000,0.000000,0.000000,0.009939,0.000478,0.003996,0.009828,0.00006666
31,100,1.580042,0.000097,20.9778,0.000000,0.000000,0.000000,0.010623,0.000462,0.004435,0.010335,0.00006666
31,101,1.330204,0.000085,15.9322,0.000000,0.000000,0.000000,0.005699,0.000498,0.003829,0.009608,0.00006666
31,102,1.948010,0.000072,38.0738,0.000000,0.000000,0.000000,0.005961,0.000425,0.003719,0.008956,0.00006666
31,103,1.467030,0.000069,19.6637,0.000000,0.000000,0.000000,0.006232,0.000535,0.003425,0.008856,0.00006666
31,104,1.708073,0.000076,22.6640,0.000000,0.000000,0.000000,0.006654,0.000460,0.003551,0.008932,0.00006666
31,105,1.512782,0.000073,17.1603,0.000000,0.000000,0.000000,0.004758,0.000455,0.003654,0.008739,0.00006666
31,106,1.493291,0.000082,21.3507,0.000000,0.000000,0.000000,0.005546,0.000387,0.003713,0.009279,0.00006666
31,107,1.442842,0.000085,19.9847,0.000000,0.000000,0.000000,0.006629,0.000568,0.003765,0.009892,0.00006666
31,108,1.675235,0.000084,24.3404,0.000000,0.000000,0.000000,0.006284,0.000458,0.003675,0.009312,0.00006666
31,109,1.335950,0.000064,16.5478,0.000000,0.000000,0.000000,0.002798,0.000514,0.003892,0.008890,0.00006666
31,110,1.899939,0.000100,32.1565,0.000000,0.000000,0.000000,0.004859,0.000496,0.004851,0.010266,0.00006666
31,111,1.651614,0.000088,23.4915,0.000000,0.000000,0.000000,0.008245,0.000462,0.004996,0.009753,0.00006666
31,112,1.481762,0.000081,19.0908,0.000000,0.000000,0.000000,0.007136,0.000412,0.004706,0.009561,0.00006666
31,113,1.491974,0.000095,20.0006,0.000000,0.000000,0.000000,0.010702,0.000432,0.004902,0.010597,0.00006666
31,114,1.695620,0.000108,22.7178,0.000000,0.000000,0.000000,0.020883,0.000466,0.005222,0.012981,0.00006666
31,115,1.340087,0.000083,16.5443,0.000000,0.000000,0.000000,0.008205,0.000401,0.004587,0.009867,0.00006666
31,116,2.041071,0.000077,35.9322,0.000000,0.000000,0.000000,0.005088,0.000286,0.004674,0.009347,0.00006666
31,117,2.004066,0.000107,21.0555,0.000000,0.000000,0.000000,0.021933,0.001498,0.004133,0.011629,0.00006666
31,118,1.778057,0.000093,18.1205,0.000000,0.000000,0.000000,0.014238,0.001498,0.004088,0.011677,0.00006666
31,119,1.462322,0.000090,18.1871,0.000000,0.000000,0.000000,0.017868,0.001291,0.003989,0.010775,0.00006666
31,120,1.824386,0.000091,30.0938,0.000000,0.000000,0.000000,0.017169,0.001071,0.004158,0.011595,0.00006666
31,121,1.410018,0.000085,16.1860,0.000000,0.000000,0.000000,0.015515,0.001151,0.004293,0.011402,0.00006666
31,122,1.910905,0.000092,24.2224,0.000000,0.000000,0.000000,0.017691,0.001380,0.004083,0.011098,0.00006666
31,123,1.734936,0.000090,19.9362,0.000000,0.000000,0.000000,0.006806,0.000729,0.004251,0.010222,0.00006666
31,124,1.601796,0.000097,19.1932,0.000000,0.000000,0.000000,0.011121,0.000776,0.004087,0.009655,0.00006666
31,125,1.417391,0.000079,16.7576,0.000000,0.000000,0.000000,0.009964,0.000526,0.003869,0.009321,0.00006666
31,126,1.887203,0.000068,20.8217,0.000000,0.000000,0.000000,0.004452,0.000294,0.003845,0.009070,0.00006666
31,127,1.625972,0.000078,14.9121,0.000000,0.000000,0.000000,0.010165,0.000335,0.003889,0.009006,0.00006666
31,128,1.786556,0.000129,23.7796,0.000000,0.000000,0.000000,0.014202,0.000538,0.004804,0.011793,0.00006666
31,129,2.138335,0.000087,25.6329,0.000000,0.000000,0.000000,0.018675,0.000963,0.004338,0.010239,0.00006666
31,130,1.365027,0.000075,15.0498,0.000000,0.000000,0.000000,0.006260,0.000795,0.003984,0.010345,0.00006666
31,131,1.686340,0.000082,18.9748,0.000000,0.000000,0.000000,0.007087,0.000591,0.004383,0.010499,0.00006666
31,132,1.506205,0.000106,17.7868,0.000000,0.000000,0.000000,0.013475,0.000557,0.004583,0.011445,0.00006666
31,133,2.127560,0.000082,29.7672,0.000000,0.000000,0.000000,0.006919,0.000394,0.004288,0.010141,0.00006666
31,134,1.759850,0.000071,21.3816,0.000000,0.000000,0.000000,0.003561,0.000376,0.004063,0.010115,0.00006666
31,135,1.584999,0.000091,15.8333,0.000000,0.000000,0.000000,0.030030,0.000464,0.004099,0.011715,0.00006666
31,136,1.521222,0.000092,16.9808,0.000000,0.000000,0.000000,0.014076,0.000513,0.004274,0.010736,0.00006666
31,137,2.006468,0.000082,25.9948,0.000000,0.000000,0.000000,0.005915,0.000469,0.004078,0.010344,0.00006666
31,138,1.718763,0.000072,18.6260,0.000000,0.000000,0.000000,0.007506,0.000359,0.003937,0.009679,0.00006666
31,139,1.647657,0.000093,18.1421,0.000000,0.000000,0.000000,0.010067,0.000508,0.004132,0.011058,0.00006666
31,140,1.406147,0.000076,15.4088,0.000000,0.000000,0.000000,0.007377,0.000448,0.003895,0.009817,0.00006666
31,141,1.826054,0.000101,33.2235,0.000000,0.000000,0.000000,0.010533,0.000380,0.004352,0.011239,0.00006666
31,142,1.574765,0.000092,22.3740,0.000000,0.000000,0.000000,0.004172,0.000902,0.003927,0.012730,0.00006666
31,143,1.544838,0.000074,19.3446,0.000000,0.000000,0.000000,0.005851,0.000419,0.003967,0.012173,0.00006666
31,144,1.371013,0.000098,15.7133,0.000000,0.000000,0.000000,0.004846,0.000505,0.004150,0.012449,0.00006666
31,145,1.739081,0.000080,31.9179,0.000000,0.000000,0.000000,0.004630,0.000348,0.004076,0.011888,0.00006666
31,146,1.532730,0.000088,23.1080,0.000000,0.000000,0.000000,0.004147,0.000392,0.004131,0.012648,0.00006666
31,147,1.500240,0.000076,17.6552,0.000000,0.000000,0.000000,0.003866,0.000426,0.003981,0.011294,0.00006666
31,148,1.385115,0.000074,17.4558,0.000000,0.000000,0.000000,0.003485,0.000373,0.004079,0.011693,0.00006666
31,149,1.982281,0.000078,29.7530,0.000000,0.000000,0.000000,0.009197,0.000387,0.004192,0.010046,0.00006666
31,150,1.508918,0.000074,19.5647,0.000000,0.000000,0.000000,0.005393,0.000408,0.004024,0.009553,0.00006666
31,151,1.519269,0.000075,17.2501,0.000000,0.000000,0.000000,0.008791,0.000419,0.004094,0.009983,0.00006666
31,152,1.324551,0.000072,14.3914,0.000000,0.000000,0.000000,0.006590,0.000358,0.003923,0.010218,0.00006666
31,153,1.877438,0.000082,33.4791,0.000000,0.000000,0.000000,0.007240,0.000498,0.004096,0.010222,0.00006666
31,154,1.602663,0.000075,24.6443,0.000000,0.000000,0.000000,0.006713,0.000343,0.004075,0.009769,0.00006666
31,155,1.553787,0.000091,18.2535,0.000000,0.000000,0.000000,0.008220,0.000561,0.004159,0.010382,0.00006666
31,156,1.444100,0.000077,17.8769,0.000000,0.000000,0.000000,0.008309,0.000849,0.004189,0.010292,0.00006666
31,157,1.642198,0.000088,24.9262,0.000000,0.000000,0.000000,0.012308,0.000624,0.004264,0.010526,0.00006666
31,158,1.482601,0.000080,22.9074,0.000000,0.000000,0.000000,0.013313,0.000740,0.004535,0.010780,0.00006666
31,159,1.646864,0.000095,22.1245,0.000000,0.000000,0.000000,0.014687,0.001371,0.004403,0.011541,0.00006666
31,160,1.467837,0.000087,15.2191,0.000000,0.000000,0.000000,0.012912,0.000984,0.004614,0.011929,0.00006666
31,161,1.734006,0.000084,26.5594,0.000000,0.000000,0.000000,0.004172,0.000852,0.003864,0.010402,0.00006666
31,162,1.595112,0.000085,25.8808,0.000000,0.000000,0.000000,0.004935,0.000679,0.003872,0.009935,0.00006666
31,163,1.727714,0.000095,22.7168,0.000000,0.000000,0.000000,0.012736,0.000803,0.004495,0.012197,0.00006666
31,164,1.483631,0.000074,14.7115,0.000000,0.000000,0.000000,0.007136,0.000556,0.004021,0.010068,0.00006666
31,165,1.595222,0.000081,20.5504,0.000000,0.000000,0.000000,0.005063,0.000704,0.004150,0.010195,0.00006666
31,166,1.531735,0.000093,20.4468,0.000000,0.000000,0.000000,0.005240,0.000574,0.003930,0.010432,0.00006666
31,167,1.618321,0.000070,23.6366,0.000000,0.000000,0.000000,0.005546,0.000406,0.004182,0.009425,0.00006666
31,168,1.601948,0.000085,17.4595,0.000000,0.000000,0.000000,0.032543,0.001049,0.005442,0.015076,0.00006666
31,169,1.787736,0.000093,23.0392,0.000000,0.000000,0.000000,0.011249,0.000811,0.004314,0.010552,0.00006666
31,170,1.426071,0.000094,17.5048,0.000000,0.000000,0.000000,0.008574,0.000567,0.004687,0.011041,0.00006666
31,171,1.747942,0.000095,26.0787,0.000000,0.000000,0.000000,0.005851,0.000571,0.004552,0.010255,0.00006666
31,172,1.325873,0.000078,17.0344,0.000000,0.000000,0.000000,0.006171,0.000681,0.003856,0.009621,0.00006666
31,173,1.767553,0.000094,26.0591,0.000000,0.000000,0.000000,0.011057,0.000508,0.004387,0.010693,0.00006666
31,174,1.718224,0.000127,25.4756,0.000000,0.000000,0.000000,0.028034,0.000720,0.005072,0.012547,0.00006666
31,175,1.635034,0.000075,27.0423,0.000000,0.000000,0.000000,0.029484,0.000858,0.004097,0.012581,0.00006666
31,176,1.340326,0.000073,16.3104,0.000000,0.000000,0.000000,0.003231,0.000396,0.004115,0.010019,0.00006666
31,177,1.691039,0.000086,24.4420,0.000000,0.000000,0.000000,0.004694,0.000546,0.004089,0.010131,0.00006666
31,178,1.511029,0.000080,18.9228,0.000000,0.000000,0.000000,0.010639,0.000738,0.004127,0.010790,0.00006666
31,179,1.759632,0.000064,20.3269,0.000000,0.000000,0.000000,0.005546,0.000446,0.003956,0.009973,0.00006666
31,180,1.381444,0.000064,17.3133,0.000000,0.000000,0.000000,0.006919,0.000795,0.004002,0.010152,0.00006666
31,181,1.695007,0.000086,24.0437,0.000000,0.000000,0.000000,0.010390,0.000487,0.003947,0.009790,0.00006666
31,182,1.493409,0.000073,20.1858,0.000000,0.000000,0.000000,0.010052,0.000559,0.003759,0.009739,0.00006666
31,183,1.501342,0.000078,18.0374,0.000000,0.000000,0.000000,0.008791,0.000499,0.004028,0.010050,0.00006666
31,184,1.534868,0.000079,17.6896,0.000000,0.000000,0.000000,0.007087,0.000484,0.003916,0.010048,0.00006666
31,185,1.626886,0.000075,25.7971,0.000000,0.000000,0.000000,0.009990,0.000632,0.003951,0.010097,0.00006666
31,186,1.311255,0.000074,17.7943,0.000000,0.000000,0.000000,0.007249,0.000368,0.003839,0.009256,0.00006666
31,187,1.706926,0.000081,19.8850,0.000000,0.000000,0.000000,0.008480,0.000584,0.004231,0.011483,0.00006666
31,188,1.544001,0.000087,17.0087,0.000000,0.000000,0.000000,0.005915,0.000396,0.004297,0.010875,0.00006666
31,189,1.653812,0.000079,23.0116,0.000000,0.000000,0.000000,0.005191,0.000411,0.004168,0.010358,0.00006666
31,190,1.495605,0.000109,20.3054,0.000000,0.000000,0.000000,0.009860,0.000464,0.004513,0.012033,0.00006666
31,191,1.851557,0.000067,33.2494,0.000000,0.000000,0.000000,0.006284,0.000377,0.003985,0.009520,0.00006666
31,192,1.552313,0.000076,17.0729,0.000000,0.000000,0.000000,0.006132,0.000461,0.004369,0.010945,0.00006666
31,193,1.497553,0.000065,17.9390,0.000000,0.000000,0.000000,0.006461,0.000415,0.003690,0.010359,0.00006666
31,194,1.424737,0.000084,18.4677,0.000000,0.000000,0.000000,0.008116,0.000501,0.004204,0.010284,0.00006666
31,195,1.593081,0.000091,21.2015,0.000000,0.000000,0.000000,0.008501,0.000578,0.004309,0.010240,0.00006666
31,196,1.309075,0.000077,16.6996,0.000000,0.000000,0.000000,0.005826,0.000309,0.003869,0.009522,0.00006666
31,197,1.493860,0.000071,19.8110,0.000000,0.000000,0.000000,0.008309,0.000352,0.003981,0.009851,0.00006666
31,198,1.342999,0.000084,16.0035,0.000000,0.000000,0.000000,0.007915,0.000467,0.004294,0.010566,0.00006666
31,199,1.744320,0.000069,25.7573,0.000000,0.000000,0.000000,0.011041,0.000502,0.003887,0.009522,0.00006666
31,200,1.809108,0.000078,28.7944,0.000000,0.000000,0.000000,0.020219,0.000414,0.004171,0.010000,0.00006666
31,201,1.602435,0.000086,19.5723,0.000000,0.000000,0.000000,0.008816,0.000564,0.004192,0.010166,0.00006666
31,202,1.524165,0.000091,17.9850,0.000000,0.000000,0.000000,0.010052,0.000472,0.004549,0.010892,0.00006666
31,203,1.796680,0.000073,25.3566,0.000000,0.000000,0.000000,0.010993,0.000635,0.004429,0.011397,0.00006666
31,204,1.369999,0.000080,16.8130,0.000000,0.000000,0.000000,0.005457,0.000358,0.004415,0.010963,0.00006666
31,205,1.862382,0.000098,28.1173,0.000000,0.000000,0.000000,0.009264,0.000431,0.004928,0.011919,0.00006666
31,206,1.641389,0.000090,22.4757,0.000000,0.000000,0.000000,0.019793,0.000472,0.004849,0.012507,0.00006666
31,207,1.585563,0.000090,17.9999,0.000000,0.000000,0.000000,0.038819,0.000913,0.004429,0.013068,0.00006666
31,208,1.354599,0.000084,15.3847,0.000000,0.000000,0.000000,0.013820,0.000397,0.004162,0.010867,0.00006666
31,209,2.219294,0.000107,24.1188,0.000000,0.000000,0.000000,0.019020,0.000728,0.004498,0.012618,0.00006666
31,210,1.770829,0.000133,17.6006,0.000000,0.000000,0.000000,0.025857,0.000726,0.005015,0.013912,0.00006666
31,211,1.884101,0.000095,25.4553,0.000000,0.000000,0.000000,0.017775,0.000716,0.004790,0.012569,0.00006666
31,212,1.484782,0.000082,18.0834,0.000000,0.000000,0.000000,0.007799,0.000592,0.004119,0.010965,0.00006666
31,213,1.688585,0.000085,24.8043,0.000000,0.000000,0.000000,0.005051,0.000926,0.003794,0.015093,0.00006666
31,214,1.473635,0.000088,16.7860,0.000000,0.000000,0.000000,0.009875,0.001465,0.003861,0.015028,0.00006666
31,215,1.807840,0.000089,27.5537,0.000000,0.000000,0.000000,0.006871,0.000693,0.003903,0.013738,0.00006666
31,216,1.413550,0.000081,16.2814,0.000000,0.000000,0.000000,0.009313,0.000521,0.003681,0.012924,0.00006666
31,217,1.524664,0.000070,19.5468,0.000000,0.000000,0.000000,0.004147,0.001359,0.003669,0.012343,0.00006666
31,218,1.413637,0.000075,16.7789,0.000000,0.000000,0.000000,0.005961,0.001647,0.003911,0.012122,0.00006666
31,219,1.633721,0.000107,22.6913,0.000000,0.000000,0.000000,0.007696,0.001462,0.004125,0.011636,0.00006666
31,220,1.332698,0.000085,16.2899,0.000000,0.000000,0.000000,0.007216,0.000728,0.003781,0.010128,0.00006666
31,221,1.925812,0.000091,30.1134,0.000000,0.000000,0.000000,0.008019,0.000718,0.003946,0.010198,0.00006666
31,222,1.546932,0.000085,20.6968,0.000000,0.000000,0.000000,0.008550,0.000461,0.003944,0.009708,0.00006666
31,223,1.752953,0.000105,22.0415,0.000000,0.000000,0.000000,0.021297,0.000759,0.004311,0.010825,0.00006666
31,224,1.446313,0.000075,19.9183,0.000000,0.000000,0.000000,0.004910,0.000614,0.003826,0.010340,0.00006666
31,225,1.832209,0.000065,34.1472,0.000000,0.000000,0.000000,0.001424,0.000264,0.003519,0.009535,0.00006666
31,226,1.635400,0.000071,23.5617,0.000000,0.000000,0.000000,0.013102,0.000477,0.004091,0.010185,0.00006666
31,227,1.428973,0.000073,16.8662,0.000000,0.000000,0.000000,0.007136,0.000478,0.003857,0.009847,0.00006666
31,228,1.459036,0.000077,22.4682,0.000000,0.000000,0.000000,0.006461,0.000490,0.004078,0.010313,0.00006666
31,229,1.600499,0.000112,19.7039,0.000000,0.000000,0.000000,0.010663,0.000627,0.004299,0.011594,0.00006666
31,230,1.561396,0.000125,20.6185,0.000000,0.000000,0.000000,0.015830,0.000846,0.004202,0.011712,0.00006666
31,231,1.836229,0.000080,33.8699,0.000000,0.000000,0.000000,0.005521,0.000492,0.004054,0.010426,0.00006666
31,232,1.198777,0.000065,13.9734,0.000000,0.000000,0.000000,0.006461,0.000452,0.004007,0.009961,0.00006666
31,233,2.165080,0.000104,21.0986,0.000000,0.000000,0.000000,0.010260,0.000774,0.004700,0.012262,0.00006666
31,234,1.597582,0.000076,15.9869,0.000000,0.000000,0.000000,0.005698,0.000498,0.003968,0.009539,0.00006666
31,235,1.658385,0.000068,27.3629,0.000000,0.000000,0.000000,0.005979,0.000504,0.003991,0.009687,0.00006666
31,236,1.363139,0.000076,18.1753,0.000000,0.000000,0.000000,0.007762,0.000574,0.004252,0.009958,0.00006666
31,237,1.681012,0.000064,16.5825,0.000000,0.000000,0.000000,0.004935,0.000416,0.004081,0.009616,0.00006666
31,238,1.436436,0.000064,16.7472,0.000000,0.000000,0.000000,0.002523,0.000484,0.003887,0.009587,0.00006666
31,239,1.657279,0.000117,24.9401,0.000000,0.000000,0.000000,0.011555,0.000440,0.004294,0.011472,0.00006666
31,240,1.492365,0.000085,20.7239,0.000000,0.000000,0.000000,0.012421,0.000427,0.004117,0.010385,0.00006666
31,241,1.540657,0.000099,19.7276,0.000000,0.000000,0.000000,0.007073,0.000368,0.004340,0.010953,0.00006666
31,242,1.671036,0.000103,19.8337,0.000000,0.000000,0.000000,0.010880,0.000702,0.004191,0.011348,0.00006666
31,243,1.423998,0.000077,17.1610,0.000000,0.000000,0.000000,0.009377,0.000532,0.003981,0.010133,0.00006666
31,244,1.491400,0.000071,21.6356,0.000000,0.000000,0.000000,0.008180,0.000476,0.003915,0.010594,0.00006666
31,245,1.439565,0.000097,17.7100,0.000000,0.000000,0.000000,0.011983,0.000703,0.004248,0.011512,0.00006666
31,246,1.856236,0.000107,30.5575,0.000000,0.000000,0.000000,0.014632,0.000808,0.004423,0.012671,0.00006666
31,247,1.456123,0.000102,17.9457,0.000000,0.000000,0.000000,0.014506,0.000813,0.004273,0.012728,0.00006666
31,248,1.790540,0.000093,27.1451,0.000000,0.000000,0.000000,0.012107,0.000634,0.004202,0.011758,0.00006666
31,249,1.576912,0.000094,21.4028,0.000000,0.000000,0.000000,0.010549,0.000730,0.004184,0.010866,0.00006666
31,250,1.560233,0.000098,21.0391,0.000000,0.000000,0.000000,0.009419,0.000684,0.004043,0.010761,0.00006666
31,251,1.542428,0.000123,18.6924,0.000000,0.000000,0.000000,0.012727,0.000627,0.004776,0.013242,0.00006666
31,252,1.667387,0.000091,27.0584,0.000000,0.000000,0.000000,0.015438,0.000517,0.004297,0.011062,0.00006666
31,253,1.467138,0.000087,19.8574,0.000000,0.000000,0.000000,0.005915,0.000402,0.004016,0.010739,0.00006666
31,254,1.628819,0.000087,20.8867,0.000000,0.000000,0.000000,0.009557,0.000349,0.004187,0.010570,0.00006666
31,255,1.424006,0.000081,18.3248,0.000000,0.000000,0.000000,0.008590,0.000447,0.004224,0.010011,0.00006666
31,256,1.560380,0.000071,24.0399,0.000000,0.000000,0.000000,0.015691,0.000340,0.004196,0.010137,0.00006666
31,257,1.264544,0.000055,13.1823,0.000000,0.000000,0.000000,0.012305,0.000316,0.003621,0.009114,0.00006666
31,258,2.344827,0.000080,52.2719,0.000000,0.000000,0.000000,0.014943,0.000347,0.004039,0.011244,0.00006666
31,259,1.651658,0.000123,23.2319,0.000000,0.000000,0.000000,0.031131,0.000644,0.004773,0.012553,0.00006666
31,260,1.625584,0.000103,20.1705,0.000000,0.000000,0.000000,0.016677,0.000747,0.004560,0.013132,0.00006666
31,261,1.590898,0.000104,19.9110,0.000000,0.000000,0.000000,0.011402,0.000688,0.004640,0.012566,0.00006666
31,262,1.445179,0.000098,18.8851,0.000000,0.000000,0.000000,0.018736,0.000571,0.004691,0.012482,0.00006666
31,263,1.505105,0.000076,20.0722,0.000000,0.000000,0.000000,0.008983,0.000448,0.004257,0.011075,0.00006666
31,264,1.580006,0.000118,17.8174,0.000000,0.000000,0.000000,0.021780,0.000829,0.004842,0.013192,0.00006666
31,265,1.547300,0.000105,22.2935,0.000000,0.000000,0.000000,0.004831,0.000421,0.004424,0.011985,0.00006666
31,266,1.609970,0.000099,20.7275,0.000000,0.000000,0.000000,0.006388,0.000311,0.004107,0.010088,0.00006666
31,267,1.437480,0.000083,16.1110,0.000000,0.000000,0.000000,0.004694,0.000359,0.003958,0.010386,0.00006666
31,268,1.379602,0.000071,20.3073,0.000000,0.000000,0.000000,0.012397,0.000391,0.004023,0.010055,0.00006666
31,269,1.506841,0.000077,21.0509,0.000000,0.000000,0.000000,0.008003,0.000621,0.004251,0.010463,0.00006666
31,270,1.346579,0.000065,15.3533,0.000000,0.000000,0.000000,0.013621,0.000348,0.003927,0.009892,0.00006666
31,271,1.409029,0.000093,19.9820,0.000000,0.000000,0.000000,0.009727,0.000878,0.004274,0.013088,0.00006666
31,272,1.840701,0.000130,25.9695,0.000000,0.000000,0.000000,0.026183,0.001214,0.005340,0.014806,0.00006666
31,273,1.789717,0.000171,21.5446,0.000000,0.000000,0.000000,0.048236,0.001594,0.007260,0.023475,0.00006666
31,274,1.707068,0.000124,22.4170,0.000000,0.000000,0.000000,0.026090,0.000609,0.005220,0.014613,0.00006666
31,275,1.879092,0.000175,23.1728,0.000000,0.000000,0.000000,0.039989,0.001442,0.006540,0.022663,0.00006666
31,276,1.884544,0.000182,21.5995,0.000000,0.000000,0.000000,0.048832,0.001212,0.007094,0.021232,0.00006666
31,277,1.515798,0.000111,19.3151,0.000000,0.000000,0.000000,0.013535,0.000844,0.003892,0.011399,0.00006666
31,278,1.984752,0.000081,33.4154,0.000000,0.000000,0.000000,0.011121,0.000588,0.003685,0.010159,0.00006666
31,279,1.498030,0.000074,18.5433,0.000000,0.000000,0.000000,0.010599,0.000623,0.003605,0.011036,0.00006666
31,280,1.524728,0.000087,18.2629,0.000000,0.000000,0.000000,0.012027,0.000531,0.003651,0.010372,0.00006666
31,281,1.356683,0.000080,17.3418,0.000000,0.000000,0.000000,0.011884,0.000516,0.003750,0.010427,0.00006666
31,282,1.765739,0.000076,27.8410,0.000000,0.000000,0.000000,0.008373,0.000428,0.003824,0.010594,0.00006666
31,283,1.701073,0.000085,22.8891,0.000000,0.000000,0.000000,0.006919,0.000303,0.003574,0.009787,0.00006666
31,284,1.433948,0.000075,19.5826,0.000000,0.000000,0.000000,0.016427,0.000411,0.003897,0.010883,0.00006666
31,285,1.431947,0.000091,18.1970,0.000000,0.000000,0.000000,0.018583,0.000474,0.004079,0.011319,0.00006666
31,286,1.693702,0.000074,20.3886,0.000000,0.000000,0.000000,0.011451,0.000489,0.003896,0.010988,0.00006666
31,287,1.478451,0.000076,18.1912,0.000000,0.000000,0.000000,0.010535,0.000519,0.003807,0.010860,0.00006666
31,288,1.394246,0.000074,17.6962,0.000000,0.000000,0.000000,0.008550,0.000484,0.003771,0.010583,0.00006666
31,289,1.509074,0.000087,19.2687,0.000000,0.000000,0.000000,0.008486,0.000744,0.003784,0.011323,0.00006666
31,290,1.913118,0.000116,28.7899,0.000000,0.000000,0.000000,0.011618,0.000761,0.004493,0.015951,0.00006666
31,291,1.673825,0.000094,21.7407,0.000000,0.000000,0.000000,0.012205,0.000749,0.004041,0.013315,0.00006666
31,292,1.435389,0.000088,19.2878,0.000000,0.000000,0.000000,0.013105,0.000759,0.003973,0.012996,0.00006666
31,293,1.323629,0.000081,17.4277,0.000000,0.000000,0.000000,0.010028,0.000552,0.004281,0.013509,0.00006666
31,294,1.610556,0.000070,22.6024,0.000000,0.000000,0.000000,0.007481,0.000564,0.003918,0.012186,0.00006666
31,295,1.376974,0.000079,16.5812,0.000000,0.000000,0.000000,0.010983,0.001119,0.003991,0.012999,0.00006666
31,296,1.690252,0.000088,26.7012,0.000000,0.000000,0.000000,0.015931,0.000801,0.004144,0.013130,0.00006666
32,1,1.766063,0.000118,20.6547,0.000000,0.000000,0.000000,0.018198,0.000581,0.004576,0.013406,0.00004393
32,2,1.487563,0.000107,17.2948,0.000000,0.000000,0.000000,0.015234,0.000693,0.004403,0.012219,0.00004393
32,3,1.659579,0.000106,20.1644,0.000000,0.000000,0.000000,0.012840,0.000555,0.004294,0.011723,0.00004393
32,4,1.444891,0.000106,17.8272,0.000000,0.000000,0.000000,0.013977,0.000545,0.004269,0.012515,0.00004393
32,5,1.658453,0.000104,21.4177,0.000000,0.000000,0.000000,0.012918,0.000650,0.004199,0.012288,0.00004393
32,6,1.473032,0.000101,18.7188,0.000000,0.000000,0.000000,0.016853,0.000587,0.004112,0.012128,0.00004393
32,7,1.832530,0.000110,22.0619,0.000000,0.000000,0.000000,0.012454,0.000618,0.004127,0.013014,0.00004393
32,8,1.407673,0.000110,17.9260,0.000000,0.000000,0.000000,0.012537,0.000641,0.004310,0.013000,0.00004393
32,9,1.705302,0.000106,23.8813,0.000000,0.000000,0.000000,0.018333,0.000669,0.004260,0.012325,0.00004393
32,10,1.493514,0.000104,17.5019,0.000000,0.000000,0.000000,0.013017,0.000595,0.004150,0.011277,0.00004393
32,11,1.466556,0.000106,18.4029,0.000000,0.000000,0.000000,0.014666,0.000677,0.004129,0.011403,0.00004393
32,12,1.369274,0.000091,18.8590,0.000000,0.000000,0.000000,0.009656,0.000484,0.004003,0.010697,0.00004393
32,13,1.544817,0.000094,16.4115,0.000000,0.000000,0.000000,0.015147,0.000710,0.003601,0.010642,0.00004393
32,14,1.403418,0.000090,16.5588,0.000000,0.000000,0.000000,0.012711,0.000520,0.004007,0.010844,0.00004393
32,15,1.652200,0.000089,22.9264,0.000000,0.000000,0.000000,0.010948,0.000697,0.003924,0.010257,0.00004393
32,16,1.408323,0.000087,17.4640,0.000000,0.000000,0.000000,0.009860,0.000578,0.003710,0.010203,0.00004393
32,17,1.590205,0.000086,19.1125,0.000000,0.000000,0.000000,0.014218,0.000824,0.003952,0.010346,0.00004393
32,18,1.481679,0.000089,16.9534,0.000000,0.000000,0.000000,0.009442,0.000655,0.003935,0.009855,0.00004393
32,19,1.627990,0.000078,22.9874,0.000000,0.000000,0.000000,0.019065,0.000796,0.004254,0.012365,0.00004393
32,20,1.702443,0.000088,19.5850,0.000000,0.000000,0.000000,0.016727,0.001111,0.004111,0.014163,0.00004393
32,21,1.374763,0.000076,15.7131,0.000000,0.000000,0.000000,0.012904,0.000959,0.003951,0.012385,0.00004393
32,22,1.318348,0.000079,15.3933,0.000000,0.000000,0.000000,0.013096,0.000725,0.004292,0.012153,0.00004393
32,23,1.570043,0.000081,22.2866,0.000000,0.000000,0.000000,0.015783,0.000896,0.004157,0.012882,0.00004393
32,24,1.404882,0.000092,14.4756,0.000000,0.000000,0.000000,0.018023,0.001004,0.004479,0.014057,0.00004393
32,25,1.472001,0.000072,22.0571,0.000000,0.000000,0.000000,0.008980,0.000464,0.004020,0.011378,0.00004393
32,26,1.682239,0.000082,23.4785,0.000000,0.000000,0.000000,0.001424,0.000942,0.004327,0.011292,0.00004393
32,27,1.429849,0.000102,17.1025,0.000000,0.000000,0.000000,0.008856,0.000889,0.004429,0.011990,0.00004393
32,28,1.405432,0.000094,17.7370,0.000000,0.000000,0.000000,0.006413,0.000657,0.004597,0.011655,0.00004393
32,29,1.454533,0.000096,21.7696,0.000000,0.000000,0.000000,0.009466,0.000688,0.004428,0.011748,0.00004393
32,30,1.332469,0.000091,17.2729,0.000000,0.000000,0.000000,0.007723,0.000522,0.004253,0.011460,0.00004393
32,31,1.455340,0.000098,21.8020,0.000000,0.000000,0.000000,0.007659,0.000666,0.004279,0.011602,0.00004393
32,32,1.406798,0.000099,18.7216,0.000000,0.000000,0.000000,0.008039,0.000528,0.004406,0.012262,0.00004393
32,33,1.720187,0.000097,25.9819,0.000000,0.000000,0.000000,0.021853,0.000666,0.003848,0.011360,0.00004393
32,34,1.600842,0.000105,20.9061,0.000000,0.000000,0.000000,0.019972,0.000576,0.004114,0.011265,0.00004393
32,35,1.545920,0.000093,20.0796,0.000000,0.000000,0.000000,0.021749,0.000638,0.004010,0.011321,0.00004393
32,36,1.314689,0.000086,15.9391,0.000000,0.000000,0.000000,0.011402,0.000658,0.004083,0.010943,0.00004393
32,37,1.487453,0.000083,22.3635,0.000000,0.000000,0.000000,0.017236,0.000556,0.003966,0.010975,0.00004393
32,38,1.348247,0.000080,18.2453,0.000000,0.000000,0.000000,0.012800,0.000559,0.003958,0.010678,0.00004393
32,39,1.525185,0.000092,22.0339,0.000000,0.000000,0.000000,0.009136,0.000700,0.004042,0.011243,0.00004393
32,40,1.407370,0.000088,17.6972,0.000000,0.000000,0.000000,0.010165,0.000591,0.003913,0.010702,0.00004393
32,41,1.503200,0.000093,21.8941,0.000000,0.000000,0.000000,0.008796,0.000626,0.004134,0.011474,0.00004393
32,42,1.382539,0.000093,18.5432,0.000000,0.000000,0.000000,0.012992,0.000560,0.003953,0.010913,0.00004393
32,43,1.531405,0.000090,24.1403,0.000000,0.000000,0.000000,0.008250,0.000574,0.004044,0.010982,0.00004393
32,44,1.398585,0.000094,18.6857,0.000000,0.000000,0.000000,0.009685,0.000555,0.003982,0.010683,0.00004393
32,45,1.379280,0.000079,18.6627,0.000000,0.000000,0.000000,0.010100,0.000460,0.004211,0.010786,0.00004393
32,46,1.370244,0.000080,18.8196,0.000000,0.000000,0.000000,0.019160,0.000611,0.004240,0.011071,0.00004393
32,47,1.502663,0.000091,21.4059,0.000000,0.000000,0.000000,0.020240,0.000631,0.004459,0.011384,0.00004393
32,48,1.331380,0.000075,17.2280,0.000000,0.000000,0.000000,0.018977,0.000357,0.004278,0.009899,0.00004393
32,49,1.555480,0.000097,20.7543,0.000000,0.000000,0.000000,0.023945,0.000712,0.004749,0.011789,0.00004393
32,50,1.327377,0.000069,19.2952,0.000000,0.000000,0.000000,0.012061,0.000369,0.004226,0.010508,0.00004393
32,51,1.489962,0.000061,19.8939,0.000000,0.000000,0.000000,0.004172,0.000417,0.004301,0.010539,0.00004393
32,52,1.504539,0.000081,16.6419,0.000000,0.000000,0.000000,0.007606,0.000788,0.004157,0.011846,0.00004393
32,53,1.377359,0.000075,17.6572,0.000000,0.000000,0.000000,0.004196,0.000562,0.003863,0.010437,0.00004393
32,54,1.502697,0.000100,22.1740,0.000000,0.000000,0.000000,0.005457,0.000442,0.004161,0.010601,0.00004393
32,55,1.395367,0.000096,17.2734,0.000000,0.000000,0.000000,0.008461,0.000488,0.004015,0.010882,0.00004393
32,56,1.477753,0.000082,21.8069,0.000000,0.000000,0.000000,0.006871,0.000404,0.003944,0.010715,0.00004393
32,57,1.400778,0.000102,19.2394,0.000000,0.000000,0.000000,0.009393,0.000360,0.004115,0.010843,0.00004393
32,58,1.327918,0.000074,16.9483,0.000000,0.000000,0.000000,0.003256,0.000277,0.003867,0.009919,0.00004393
32,59,1.660631,0.000134,20.4749,0.000000,0.000000,0.000000,0.022880,0.000684,0.005134,0.013202,0.00004393
32,60,1.782495,0.000120,23.6649,0.000000,0.000000,0.000000,0.015349,0.000938,0.004915,0.013295,0.00004393
32,61,1.529238,0.000094,17.2146,0.000000,0.000000,0.000000,0.013869,0.000683,0.004528,0.011136,0.00004393
32,62,1.413842,0.000091,17.4326,0.000000,0.000000,0.000000,0.012751,0.000593,0.004370,0.011149,0.00004393
32,63,1.608535,0.000112,21.3374,0.000000,0.000000,0.000000,0.026479,0.000664,0.004597,0.011709,0.00004393
32,64,1.364403,0.000095,17.3406,0.000000,0.000000,0.000000,0.009739,0.000593,0.004490,0.011009,0.00004393
32,65,1.677062,0.000107,24.7300,0.000000,0.000000,0.000000,0.011897,0.000841,0.004467,0.018754,0.00004393
32,66,1.334032,0.000113,15.7537,0.000000,0.000000,0.000000,0.010333,0.000589,0.004499,0.017262,0.00004393
32,67,1.418912,0.000104,20.0424,0.000000,0.000000,0.000000,0.013032,0.000924,0.004795,0.019051,0.00004393
32,68,1.465569,0.000115,18.3686,0.000000,0.000000,0.000000,0.014461,0.000813,0.004808,0.018257,0.00004393
32,69,1.418162,0.000101,18.0640,0.000000,0.000000,0.000000,0.010269,0.000899,0.004798,0.017777,0.00004393
32,70,1.408341,0.000099,19.9115,0.000000,0.000000,0.000000,0.011473,0.000903,0.004575,0.017096,0.00004393
32,71,1.255332,0.000085,16.0060,0.000000,0.000000,0.000000,0.007584,0.000414,0.003929,0.011358,0.00004393
32,72,1.421256,0.000104,19.7207,0.000000,0.000000,0.000000,0.005368,0.000425,0.004405,0.012270,0.00004393
32,73,1.313976,0.000080,17.6638,0.000000,0.000000,0.000000,0.010904,0.000515,0.004297,0.012085,0.00004393
32,74,1.627255,0.000085,24.6199,0.000000,0.000000,0.000000,0.006614,0.000373,0.004032,0.011566,0.00004393
32,75,1.405391,0.000066,19.5703,0.000000,0.000000,0.000000,0.012077,0.000560,0.004246,0.012994,0.00004393
32,76,1.492347,0.000106,20.3969,0.000000,0.000000,0.000000,0.005674,0.000825,0.004473,0.012067,0.00004393
32,77,1.620119,0.000072,24.3016,0.000000,0.000000,0.000000,0.006461,0.000466,0.004403,0.014719,0.00004393
32,78,1.448488,0.000101,18.9788,0.000000,0.000000,0.000000,0.007954,0.000517,0.004587,0.014379,0.00004393
32,79,1.443344,0.000092,19.9152,0.000000,0.000000,0.000000,0.011018,0.000405,0.004235,0.012961,0.00004393
32,80,1.388284,0.000096,18.2057,0.000000,0.000000,0.000000,0.009961,0.000408,0.004157,0.011495,0.00004393
32,81,1.394109,0.000071,21.7167,0.000000,0.000000,0.000000,0.005521,0.000368,0.003954,0.010417,0.00004393
32,82,1.308963,0.000072,16.7426,0.000000,0.000000,0.000000,0.005393,0.000440,0.003914,0.011052,0.00004393
32,83,1.583513,0.000062,24.8434,0.000000,0.000000,0.000000,0.005546,0.000243,0.003971,0.011258,0.00004393
32,84,1.618225,0.000068,24.3685,0.000000,0.000000,0.000000,0.013789,0.000502,0.004197,0.010570,0.00004393
32,85,1.386935,0.000076,15.6740,0.000000,0.000000,0.000000,0.008422,0.000532,0.004115,0.011096,0.00004393
32,86,1.390938,0.000082,20.2807,0.000000,0.000000,0.000000,0.006614,0.000417,0.003936,0.010354,0.00004393
32,87,1.379429,0.000075,18.2033,0.000000,0.000000,0.000000,0.004935,0.000568,0.004048,0.010346,0.00004393
32,88,1.372480,0.000077,20.1866,0.000000,0.000000,0.000000,0.006895,0.000459,0.004005,0.010433,0.00004393
32,89,1.331295,0.000078,16.2453,0.000000,0.000000,0.000000,0.006348,0.000627,0.004187,0.010247,0.00004393
32,90,1.330247,0.000074,16.4978,0.000000,0.000000,0.000000,0.004460,0.000607,0.004550,0.010965,0.00004393
32,91,1.397902,0.000079,17.2793,0.000000,0.000000,0.000000,0.014023,0.000707,0.004060,0.012752,0.00004393
32,92,1.623307,0.000081,18.7245,0.000000,0.000000,0.000000,0.011047,0.000538,0.003923,0.011438,0.00004393
32,93,1.355946,0.000074,15.6820,0.000000,0.000000,0.000000,0.008245,0.000516,0.003897,0.010834,0.00004393
32,94,1.524003,0.000069,20.8549,0.000000,0.000000,0.000000,0.009811,0.000446,0.003766,0.010242,0.00004393
32,95,1.401373,0.000083,16.5170,0.000000,0.000000,0.000000,0.009725,0.000386,0.003936,0.011126,0.00004393
32,96,1.479736,0.000066,20.2424,0.000000,0.000000,0.000000,0.006425,0.000471,0.003637,0.009477,0.00004393
32,97,1.421467,0.000080,16.1905,0.000000,0.000000,0.000000,0.003485,0.000479,0.003933,0.011062,0.00004393
32,98,1.362029,0.000082,18.0125,0.000000,0.000000,0.000000,0.007264,0.000421,0.004033,0.011117,0.00004393
32,99,1.522201,0.000089,23.8945,0.000000,0.000000,0.000000,0.008767,0.000486,0.004155,0.010695,0.00004393
32,100,1.374977,0.000101,17.5152,0.000000,0.000000,0.000000,0.013579,0.000387,0.004311,0.010485,0.00004393
32,101,1.412802,0.000081,23.2736,0.000000,0.000000,0.000000,0.004059,0.000454,0.003819,0.010052,0.00004393
32,102,1.323914,0.000070,18.9334,0.000000,0.000000,0.000000,0.005518,0.000403,0.003679,0.009355,0.00004393
32,103,1.438210,0.000073,16.6910,0.000000,0.000000,0.000000,0.005690,0.000470,0.003622,0.009388,0.00004393
32,104,1.377454,0.000070,18.1441,0.000000,0.000000,0.000000,0.004910,0.000403,0.003611,0.009149,0.00004393
32,105,1.356614,0.000072,17.7512,0.000000,0.000000,0.000000,0.006629,0.000313,0.003504,0.008545,0.00004393
32,106,1.472153,0.000082,19.3861,0.000000,0.000000,0.000000,0.003778,0.000390,0.003647,0.009558,0.00004393
32,107,1.381502,0.000090,16.2693,0.000000,0.000000,0.000000,0.005955,0.000585,0.003752,0.009776,0.00004393
32,108,1.543203,0.000084,21.6421,0.000000,0.000000,0.000000,0.004733,0.000399,0.003766,0.009364,0.00004393
32,109,1.305697,0.000072,18.9794,0.000000,0.000000,0.000000,0.001424,0.000386,0.004369,0.008500,0.00004393
32,110,1.466647,0.000089,16.4719,0.000000,0.000000,0.000000,0.003485,0.000559,0.004185,0.009637,0.00004393
32,111,1.498309,0.000092,18.4943,0.000000,0.000000,0.000000,0.006935,0.000493,0.004907,0.009746,0.00004393
32,112,1.283668,0.000080,15.5677,0.000000,0.000000,0.000000,0.005393,0.000452,0.004748,0.009341,0.00004393
32,113,1.745220,0.000086,29.6777,0.000000,0.000000,0.000000,0.007964,0.000437,0.004840,0.009656,0.00004393
32,114,1.673081,0.000108,23.7559,0.000000,0.000000,0.000000,0.021169,0.000459,0.005100,0.011816,0.00004393
32,115,1.441565,0.000079,18.9556,0.000000,0.000000,0.000000,0.009377,0.000614,0.004605,0.009918,0.00004393
32,116,1.298656,0.000071,17.3466,0.000000,0.000000,0.000000,0.008944,0.000361,0.004690,0.009211,0.00004393
32,117,2.028427,0.000108,22.3392,0.000000,0.000000,0.000000,0.013401,0.001410,0.004158,0.011706,0.00004393
32,118,1.679434,0.000092,20.2793,0.000000,0.000000,0.000000,0.012510,0.001473,0.004031,0.011756,0.00004393
32,119,1.385809,0.000094,16.4270,0.000000,0.000000,0.000000,0.019548,0.001285,0.004028,0.010946,0.00004393
32,120,1.516971,0.000093,21.6902,0.000000,0.000000,0.000000,0.016617,0.001104,0.003992,0.011161,0.00004393
32,121,1.319647,0.000088,15.9655,0.000000,0.000000,0.000000,0.012491,0.001366,0.003899,0.011023,0.00004393
32,122,1.644555,0.000093,25.3888,0.000000,0.000000,0.000000,0.014740,0.001033,0.003823,0.011062,0.00004393
32,123,1.550634,0.000088,16.6233,0.000000,0.000000,0.000000,0.009522,0.000735,0.003991,0.010198,0.00004393
32,124,1.449663,0.000097,17.9006,0.000000,0.000000,0.000000,0.013096,0.000783,0.004073,0.010085,0.00004393
32,125,1.443859,0.000078,17.9033,0.000000,0.000000,0.000000,0.008703,0.000529,0.003745,0.009244,0.00004393
32,126,1.326432,0.000066,17.1632,0.000000,0.000000,0.000000,0.005610,0.000294,0.003731,0.009055,0.00004393
32,127,1.431096,0.000074,18.9215,0.000000,0.000000,0.000000,0.009105,0.000332,0.003856,0.008939,0.00004393
32,128,1.514708,0.000129,19.9199,0.000000,0.000000,0.000000,0.017114,0.000480,0.004589,0.011718,0.00004393
32,129,1.829555,0.000088,21.6107,0.000000,0.000000,0.000000,0.013932,0.000968,0.004151,0.010445,0.00004393
32,130,1.435915,0.000077,18.9883,0.000000,0.000000,0.000000,0.005546,0.000641,0.003886,0.010310,0.00004393
32,131,1.333225,0.000078,16.5509,0.000000,0.000000,0.000000,0.005915,0.000533,0.004111,0.010142,0.00004393
32,132,1.658165,0.000106,26.3171,0.000000,0.000000,0.000000,0.011121,0.000515,0.004555,0.011359,0.00004393
32,133,1.307692,0.000082,17.8535,0.000000,0.000000,0.000000,0.008269,0.000455,0.004067,0.009939,0.00004393
32,134,1.383128,0.000074,19.7988,0.000000,0.000000,0.000000,0.005152,0.000373,0.004007,0.009940,0.00004393
32,135,1.363775,0.000086,16.1171,0.000000,0.000000,0.000000,0.029159,0.000403,0.004104,0.011137,0.00004393
32,136,1.601362,0.000092,23.4291,0.000000,0.000000,0.000000,0.011377,0.000456,0.004153,0.010701,0.00004393
32,137,1.435845,0.000086,18.8865,0.000000,0.000000,0.000000,0.008067,0.000503,0.003945,0.009843,0.00004393
32,138,1.322602,0.000070,16.4048,0.000000,0.000000,0.000000,0.009008,0.000425,0.003794,0.009382,0.00004393
32,139,1.378784,0.000094,18.2561,0.000000,0.000000,0.000000,0.013908,0.000463,0.004106,0.010376,0.00004393
32,140,1.427194,0.000076,19.1865,0.000000,0.000000,0.000000,0.008269,0.000406,0.003730,0.009421,0.00004393
32,141,1.474818,0.000102,21.8185,0.000000,0.000000,0.000000,0.010931,0.000259,0.004427,0.010968,0.00004393
32,142,1.358508,0.000082,18.5692,0.000000,0.000000,0.000000,0.005546,0.001020,0.004446,0.012671,0.00004393
32,143,1.394668,0.000071,20.9240,0.000000,0.000000,0.000000,0.003930,0.000480,0.004309,0.011290,0.00004393
32,144,1.371756,0.000083,19.9559,0.000000,0.000000,0.000000,0.004541,0.000474,0.004335,0.011482,0.00004393
32,145,1.290987,0.000079,16.1787,0.000000,0.000000,0.000000,0.004975,0.000408,0.004461,0.010945,0.00004393
32,146,1.399326,0.000086,20.2826,0.000000,0.000000,0.000000,0.006590,0.000457,0.004547,0.011775,0.00004393
32,147,1.338417,0.000071,18.5508,0.000000,0.000000,0.000000,0.003866,0.000395,0.004159,0.010803,0.00004393
32,148,1.297688,0.000062,17.2758,0.000000,0.000000,0.000000,0.003141,0.000362,0.004179,0.011048,0.00004393
32,149,1.710485,0.000076,25.3810,0.000000,0.000000,0.000000,0.008709,0.000392,0.004272,0.009914,0.00004393
32,150,1.416483,0.000074,19.2387,0.000000,0.000000,0.000000,0.005979,0.000379,0.003974,0.009131,0.00004393
32,151,1.403973,0.000077,17.2060,0.000000,0.000000,0.000000,0.006526,0.000431,0.003935,0.009301,0.00004393
32,152,1.310894,0.000071,15.7527,0.000000,0.000000,0.000000,0.005063,0.000387,0.004044,0.009499,0.00004393
32,153,1.685094,0.000078,29.1103,0.000000,0.000000,0.000000,0.008116,0.000481,0.003993,0.009640,0.00004393
32,154,1.401980,0.000076,20.6729,0.000000,0.000000,0.000000,0.006461,0.000351,0.004146,0.009790,0.00004393
32,155,1.463298,0.000092,19.6573,0.000000,0.000000,0.000000,0.007895,0.000498,0.004002,0.010179,0.00004393
32,156,1.362277,0.000081,18.0935,0.000000,0.000000,0.000000,0.009225,0.000832,0.003928,0.009421,0.00004393
32,157,1.441083,0.000091,19.3779,0.000000,0.000000,0.000000,0.009659,0.000723,0.004099,0.010331,0.00004393
32,158,1.354817,0.000082,17.8853,0.000000,0.000000,0.000000,0.015820,0.000705,0.004552,0.011069,0.00004393
32,159,1.512158,0.000092,20.7545,0.000000,0.000000,0.000000,0.018302,0.001180,0.004352,0.010844,0.00004393
32,160,1.469258,0.000087,18.5258,0.000000,0.000000,0.000000,0.013868,0.000915,0.004285,0.010959,0.00004393
32,161,1.532166,0.000080,21.2271,0.000000,0.000000,0.000000,0.005690,0.000848,0.003869,0.009550,0.00004393
32,162,1.464232,0.000083,21.3941,0.000000,0.000000,0.000000,0.005088,0.000694,0.003839,0.009479,0.00004393
32,163,1.574941,0.000095,21.3842,0.000000,0.000000,0.000000,0.016898,0.000746,0.004649,0.012119,0.00004393
32,164,1.405021,0.000072,16.6841,0.000000,0.000000,0.000000,0.008486,0.000544,0.004065,0.010006,0.00004393
32,165,1.500119,0.000078,21.7634,0.000000,0.000000,0.000000,0.007835,0.000637,0.004055,0.010295,0.00004393
32,166,1.394030,0.000088,18.1380,0.000000,0.000000,0.000000,0.006309,0.000641,0.003947,0.010122,0.00004393
32,167,1.339158,0.000070,17.9229,0.000000,0.000000,0.000000,0.006919,0.000300,0.003835,0.009490,0.00004393
32,168,1.421943,0.000082,19.6793,0.000000,0.000000,0.000000,0.030878,0.001308,0.005360,0.013791,0.00004393
32,169,2.132167,0.000094,29.4060,0.000000,0.000000,0.000000,0.009112,0.000568,0.004294,0.010205,0.00004393
32,170,1.659586,0.000095,18.7831,0.000000,0.000000,0.000000,0.007048,0.000523,0.004401,0.010059,0.00004393
32,171,1.532905,0.000095,20.4657,0.000000,0.000000,0.000000,0.006003,0.000444,0.004516,0.009924,0.00004393
32,172,1.296148,0.000073,14.7882,0.000000,0.000000,0.000000,0.007594,0.000662,0.003898,0.009883,0.00004393
32,173,1.491629,0.000092,19.1904,0.000000,0.000000,0.000000,0.010422,0.000393,0.004489,0.010655,0.00004393
32,174,1.612886,0.000124,24.5581,0.000000,0.000000,0.000000,0.017810,0.000549,0.005089,0.012267,0.00004393
32,175,1.384942,0.000075,18.5761,0.000000,0.000000,0.000000,0.026530,0.000712,0.004222,0.012180,0.00004393
32,176,1.398004,0.000072,23.7030,0.000000,0.000000,0.000000,0.005368,0.000417,0.004105,0.009824,0.00004393
32,177,1.338882,0.000086,16.6649,0.000000,0.000000,0.000000,0.004910,0.000397,0.004234,0.010373,0.00004393
32,178,1.477163,0.000079,21.2983,0.000000,0.000000,0.000000,0.009570,0.000622,0.004067,0.010338,0.00004393
32,179,1.323780,0.000063,17.5989,0.000000,0.000000,0.000000,0.005851,0.000419,0.003858,0.009512,0.00004393
32,180,1.370968,0.000063,18.3031,0.000000,0.000000,0.000000,0.007584,0.000822,0.003762,0.010278,0.00004393
32,181,1.500942,0.000087,17.0220,0.000000,0.000000,0.000000,0.011422,0.000528,0.003869,0.009588,0.00004393
32,182,1.463775,0.000073,18.7372,0.000000,0.000000,0.000000,0.013209,0.000567,0.003696,0.009204,0.00004393
32,183,1.439090,0.000077,21.0191,0.000000,0.000000,0.000000,0.010776,0.000464,0.003873,0.009539,0.00004393
32,184,1.493975,0.000080,18.6234,0.000000,0.000000,0.000000,0.008028,0.000499,0.003911,0.009774,0.00004393
32,185,1.378855,0.000080,17.4618,0.000000,0.000000,0.000000,0.007595,0.000547,0.003922,0.009901,0.00004393
32,186,1.343086,0.000073,20.2278,0.000000,0.000000,0.000000,0.008034,0.000332,0.003670,0.008891,0.00004393
32,187,1.381870,0.000079,18.2442,0.000000,0.000000,0.000000,0.010563,0.000501,0.003899,0.011202,0.00004393
32,188,1.358097,0.000085,16.8052,0.000000,0.000000,0.000000,0.005432,0.000306,0.003996,0.010122,0.00004393
32,189,1.315312,0.000080,17.2842,0.000000,0.000000,0.000000,0.004910,0.000327,0.003965,0.010067,0.00004393
32,190,1.648769,0.000103,27.7492,0.000000,0.000000,0.000000,0.009747,0.000367,0.004651,0.011907,0.00004393
32,191,1.337269,0.000065,19.8590,0.000000,0.000000,0.000000,0.008397,0.000396,0.003683,0.009372,0.00004393
32,192,1.614311,0.000076,24.4858,0.000000,0.000000,0.000000,0.007570,0.000417,0.004079,0.010284,0.00004393
32,193,1.429798,0.000063,18.3824,0.000000,0.000000,0.000000,0.003906,0.000478,0.003612,0.010204,0.00004393
32,194,1.347693,0.000085,16.9994,0.000000,0.000000,0.000000,0.006260,0.000543,0.004118,0.010330,0.00004393
32,195,1.394665,0.000092,19.3680,0.000000,0.000000,0.000000,0.007329,0.000479,0.004161,0.010084,0.00004393
32,196,1.385415,0.000071,20.1680,0.000000,0.000000,0.000000,0.006220,0.000342,0.003828,0.009916,0.00004393
32,197,1.249619,0.000069,15.1748,0.000000,0.000000,0.000000,0.006654,0.000310,0.003880,0.010114,0.00004393
32,198,1.455163,0.000077,23.3228,0.000000,0.000000,0.000000,0.005979,0.000471,0.004114,0.010211,0.00004393
32,199,1.295387,0.000067,15.9348,0.000000,0.000000,0.000000,0.007606,0.000419,0.004295,0.010389,0.00004393
32,200,1.725840,0.000059,28.5003,0.000000,0.000000,0.000000,0.011041,0.000310,0.003946,0.009577,0.00004393
32,201,1.453559,0.000087,17.6767,0.000000,0.000000,0.000000,0.006501,0.000392,0.004181,0.009852,0.00004393
32,202,1.475076,0.000088,19.6427,0.000000,0.000000,0.000000,0.007570,0.000387,0.004560,0.010982,0.00004393
32,203,1.330604,0.000076,17.9783,0.000000,0.000000,0.000000,0.008220,0.000630,0.004571,0.011403,0.00004393
32,204,1.414011,0.000080,19.2872,0.000000,0.000000,0.000000,0.004477,0.000278,0.004299,0.010516,0.00004393
32,205,1.358963,0.000092,16.4582,0.000000,0.000000,0.000000,0.008895,0.000421,0.004633,0.011405,0.00004393
32,206,1.560985,0.000089,23.4698,0.000000,0.000000,0.000000,0.013535,0.000435,0.004797,0.012272,0.00004393
32,207,1.470821,0.000090,18.6735,0.000000,0.000000,0.000000,0.029264,0.000942,0.004440,0.012950,0.00004393
32,208,1.425068,0.000083,18.8075,0.000000,0.000000,0.000000,0.014079,0.000349,0.004036,0.011122,0.00004393
32,209,1.485361,0.000113,18.3917,0.000000,0.000000,0.000000,0.019751,0.000669,0.004691,0.013731,0.00004393
32,210,1.807915,0.000133,26.1194,0.000000,0.000000,0.000000,0.016598,0.000563,0.005065,0.014672,0.00004393
32,211,1.410754,0.000099,17.3935,0.000000,0.000000,0.000000,0.018697,0.000628,0.004787,0.013344,0.00004393
32,212,1.391915,0.000086,16.9477,0.000000,0.000000,0.000000,0.010547,0.000510,0.004247,0.011283,0.00004393
32,213,1.475830,0.000089,20.4890,0.000000,0.000000,0.000000,0.005051,0.000585,0.003936,0.012861,0.00004393
32,214,1.485410,0.000086,20.6341,0.000000,0.000000,0.000000,0.008412,0.000756,0.003754,0.013139,0.00004393
32,215,1.400556,0.000089,18.3763,0.000000,0.000000,0.000000,0.006437,0.000599,0.003803,0.013202,0.00004393
32,216,1.441502,0.000077,17.9373,0.000000,0.000000,0.000000,0.009964,0.000411,0.003814,0.013050,0.00004393
32,217,1.392031,0.000072,18.9033,0.000000,0.000000,0.000000,0.004300,0.000763,0.003646,0.012207,0.00004393
32,218,1.441241,0.000073,20.6743,0.000000,0.000000,0.000000,0.005274,0.000828,0.003690,0.012184,0.00004393
32,219,1.406359,0.000099,18.2491,0.000000,0.000000,0.000000,0.006466,0.000649,0.004068,0.010405,0.00004393
32,220,1.841579,0.000081,35.3938,0.000000,0.000000,0.000000,0.007393,0.000453,0.003635,0.009584,0.00004393
32,221,1.393682,0.000095,18.1806,0.000000,0.000000,0.000000,0.009112,0.000494,0.003805,0.009786,0.00004393
32,222,1.559999,0.000082,21.4611,0.000000,0.000000,0.000000,0.006806,0.000406,0.003775,0.009442,0.00004393
32,223,1.574417,0.000106,19.8217,0.000000,0.000000,0.000000,0.017652,0.000687,0.004097,0.010612,0.00004393
32,224,1.416099,0.000074,20.6574,0.000000,0.000000,0.000000,0.004019,0.000602,0.003846,0.009967,0.00004393
32,225,1.436310,0.000072,20.9324,0.000000,0.000000,0.000000,0.008293,0.000374,0.003487,0.008831,0.00004393
32,226,1.415014,0.000070,18.1083,0.000000,0.000000,0.000000,0.010643,0.000409,0.003947,0.009273,0.00004393
32,227,1.383900,0.000074,17.8994,0.000000,0.000000,0.000000,0.005851,0.000410,0.003714,0.009869,0.00004393
32,228,1.346638,0.000080,17.6920,0.000000,0.000000,0.000000,0.006654,0.000389,0.004104,0.010529,0.00004393
32,229,1.549498,0.000116,20.0639,0.000000,0.000000,0.000000,0.012037,0.000567,0.004407,0.011672,0.00004393
32,230,1.523973,0.000126,18.6584,0.000000,0.000000,0.000000,0.010693,0.000809,0.004446,0.011535,0.00004393
32,231,1.523516,0.000073,22.1701,0.000000,0.000000,0.000000,0.006260,0.000472,0.003943,0.010350,0.00004393
32,232,1.215100,0.000067,13.9459,0.000000,0.000000,0.000000,0.006196,0.000530,0.004083,0.009536,0.00004393
32,233,1.568413,0.000104,21.1437,0.000000,0.000000,0.000000,0.008959,0.000699,0.004344,0.012285,0.00004393
32,234,1.311421,0.000075,17.2138,0.000000,0.000000,0.000000,0.003561,0.000493,0.003496,0.009377,0.00004393
32,235,1.337859,0.000071,17.8830,0.000000,0.000000,0.000000,0.004846,0.000416,0.003576,0.009428,0.00004393
32,236,1.331553,0.000073,18.0546,0.000000,0.000000,0.000000,0.006211,0.000529,0.003714,0.009586,0.00004393
32,237,1.384999,0.000063,20.8100,0.000000,0.000000,0.000000,0.005240,0.000358,0.003806,0.009842,0.00004393
32,238,1.223132,0.000067,14.3430,0.000000,0.000000,0.000000,0.004996,0.000424,0.003589,0.009636,0.00004393
32,239,1.786919,0.000114,32.1380,0.000000,0.000000,0.000000,0.009707,0.000445,0.004026,0.011181,0.00004393
32,240,1.415197,0.000084,19.5072,0.000000,0.000000,0.000000,0.009328,0.000407,0.003705,0.010083,0.00004393
32,241,1.398291,0.000102,17.3938,0.000000,0.000000,0.000000,0.009377,0.000398,0.004027,0.010923,0.00004393
32,242,1.553180,0.000104,20.0864,0.000000,0.000000,0.000000,0.008501,0.000543,0.003967,0.011072,0.00004393
32,243,1.317584,0.000075,17.2832,0.000000,0.000000,0.000000,0.007264,0.000400,0.003556,0.009888,0.00004393
32,244,1.475152,0.000068,19.8613,0.000000,0.000000,0.000000,0.006609,0.000470,0.003533,0.010089,0.00004393
32,245,1.410112,0.000099,17.3421,0.000000,0.000000,0.000000,0.011184,0.000801,0.004001,0.011180,0.00004393
32,246,1.805252,0.000108,26.0790,0.000000,0.000000,0.000000,0.014293,0.000779,0.004414,0.012068,0.00004393
32,247,1.534982,0.000100,20.3029,0.000000,0.000000,0.000000,0.013774,0.000722,0.004173,0.011770,0.00004393
32,248,1.505008,0.000095,18.8246,0.000000,0.000000,0.000000,0.011831,0.000609,0.004189,0.011454,0.00004393
32,249,1.421410,0.000092,17.8187,0.000000,0.000000,0.000000,0.008373,0.000626,0.003974,0.010388,0.00004393
32,250,1.594850,0.000093,23.4902,0.000000,0.000000,0.000000,0.009570,0.000596,0.004015,0.010860,0.00004393
32,251,1.721679,0.000117,23.6520,0.000000,0.000000,0.000000,0.015282,0.000631,0.004896,0.013214,0.00004393
32,252,1.506647,0.000089,20.1369,0.000000,0.000000,0.000000,0.014384,0.000438,0.004249,0.010833,0.00004393
32,253,1.375312,0.000088,17.4222,0.000000,0.000000,0.000000,0.006654,0.000369,0.004050,0.010426,0.00004393
32,254,1.653132,0.000088,19.0447,0.000000,0.000000,0.000000,0.010269,0.000339,0.004186,0.010569,0.00004393
32,255,1.455620,0.000082,16.7287,0.000000,0.000000,0.000000,0.009466,0.000378,0.004187,0.010086,0.00004393
32,256,1.495002,0.000071,20.3414,0.000000,0.000000,0.000000,0.015282,0.000332,0.004245,0.010153,0.00004393
32,257,1.326330,0.000059,13.7951,0.000000,0.000000,0.000000,0.011728,0.000327,0.003889,0.009053,0.00004393
32,258,1.558822,0.000080,25.8922,0.000000,0.000000,0.000000,0.014723,0.000425,0.004067,0.010619,0.00004393
32,259,1.623480,0.000124,20.8482,0.000000,0.000000,0.000000,0.024705,0.000717,0.004592,0.012453,0.00004393
32,260,1.552910,0.000106,21.1896,0.000000,0.000000,0.000000,0.018382,0.000804,0.004586,0.012699,0.00004393
32,261,1.620702,0.000105,20.1602,0.000000,0.000000,0.000000,0.013194,0.000691,0.004617,0.012383,0.00004393
32,262,1.555923,0.000095,20.4381,0.000000,0.000000,0.000000,0.013658,0.000560,0.004714,0.012308,0.00004393
32,263,1.299795,0.000075,16.5543,0.000000,0.000000,0.000000,0.008767,0.000576,0.004290,0.010812,0.00004393
32,264,1.541866,0.000113,19.2693,0.000000,0.000000,0.000000,0.027254,0.000689,0.004840,0.012790,0.00004393
32,265,1.603094,0.000103,20.3413,0.000000,0.000000,0.000000,0.006604,0.000392,0.004327,0.011623,0.00004393
32,266,1.437862,0.000097,20.1730,0.000000,0.000000,0.000000,0.007353,0.000296,0.004064,0.010245,0.00004393
32,267,1.416067,0.000081,17.2208,0.000000,0.000000,0.000000,0.006678,0.000362,0.003965,0.010647,0.00004393
32,268,1.352514,0.000066,19.4510,0.000000,0.000000,0.000000,0.009924,0.000339,0.003702,0.009430,0.00004393
32,269,1.353687,0.000075,19.1975,0.000000,0.000000,0.000000,0.006132,0.000626,0.004043,0.010005,0.00004393
32,270,1.364246,0.000063,17.1053,0.000000,0.000000,0.000000,0.014366,0.000411,0.003801,0.009705,0.00004393
32,271,1.422743,0.000090,18.4907,0.000000,0.000000,0.000000,0.009594,0.000531,0.004160,0.011869,0.00004393
32,272,1.637286,0.000131,24.5770,0.000000,0.000000,0.000000,0.025116,0.001384,0.005237,0.015251,0.00004393
32,273,1.649865,0.000171,22.5280,0.000000,0.000000,0.000000,0.049132,0.001568,0.006783,0.022775,0.00004393
32,274,1.653649,0.000121,21.7659,0.000000,0.000000,0.000000,0.022325,0.000550,0.005104,0.014614,0.00004393
32,275,1.819397,0.000171,20.4607,0.000000,0.000000,0.000000,0.039619,0.001521,0.006511,0.022002,0.00004393
32,276,1.798560,0.000181,25.5729,0.000000,0.000000,0.000000,0.048283,0.001137,0.007258,0.021209,0.00004393
32,277,1.571284,0.000116,19.5044,0.000000,0.000000,0.000000,0.016572,0.001122,0.004065,0.011326,0.00004393
32,278,1.579481,0.000087,21.8630,0.000000,0.000000,0.000000,0.014189,0.000525,0.003702,0.010065,0.00004393
32,279,1.381797,0.000078,15.7024,0.000000,0.000000,0.000000,0.009683,0.000589,0.003991,0.011126,0.00004393
32,280,1.495884,0.000083,19.3631,0.000000,0.000000,0.000000,0.011722,0.000501,0.003668,0.009913,0.00004393
32,281,1.343185,0.000083,15.1696,0.000000,0.000000,0.000000,0.007023,0.000548,0.003688,0.009889,0.00004393
32,282,1.435387,0.000075,21.5144,0.000000,0.000000,0.000000,0.005915,0.000566,0.003854,0.010278,0.00004393
32,283,1.225056,0.000069,16.3615,0.000000,0.000000,0.000000,0.008870,0.000301,0.003370,0.009376,0.00004393
32,284,1.549591,0.000074,27.1576,0.000000,0.000000,0.000000,0.011330,0.000437,0.003900,0.010624,0.00004393
32,285,1.445437,0.000092,19.7152,0.000000,0.000000,0.000000,0.019548,0.000457,0.004188,0.011155,0.00004393
32,286,1.341711,0.000073,16.4423,0.000000,0.000000,0.000000,0.015396,0.000465,0.003992,0.010798,0.00004393
32,287,1.258071,0.000076,16.5901,0.000000,0.000000,0.000000,0.012189,0.000445,0.003796,0.010638,0.00004393
32,288,1.502559,0.000073,22.4440,0.000000,0.000000,0.000000,0.010702,0.000467,0.003816,0.010666,0.00004393
32,289,1.397271,0.000085,18.4290,0.000000,0.000000,0.000000,0.007674,0.000794,0.004002,0.011418,0.00004393
32,290,1.543935,0.000111,21.0075,0.000000,0.000000,0.000000,0.006344,0.000707,0.004518,0.015526,0.00004393
32,291,1.986257,0.000086,32.4689,0.000000,0.000000,0.000000,0.011377,0.000715,0.003936,0.013076,0.00004393
32,292,1.413447,0.000090,17.3426,0.000000,0.000000,0.000000,0.010205,0.000732,0.003920,0.013275,0.00004393
32,293,1.432671,0.000086,20.4667,0.000000,0.000000,0.000000,0.009506,0.000550,0.004267,0.013577,0.00004393
32,294,1.238436,0.000070,14.6449,0.000000,0.000000,0.000000,0.008269,0.000516,0.003840,0.012794,0.00004393
32,295,1.584626,0.000077,25.1150,0.000000,0.000000,0.000000,0.014470,0.000930,0.003991,0.013624,0.00004393
32,296,1.373645,0.000090,18.1310,0.000000,0.000000,0.000000,0.022594,0.000698,0.004164,0.014444,0.00004393
33,1,1.691212,0.000114,20.7609,0.000000,0.000000,0.000000,0.015281,0.000556,0.004393,0.011817,0.00002528
33,2,1.541791,0.000111,17.4391,0.000000,0.000000,0.000000,0.012861,0.000652,0.004531,0.011884,0.00002528
33,3,1.423595,0.000109,18.0390,0.000000,0.000000,0.000000,0.011205,0.000518,0.004324,0.011138,0.00002528
33,4,1.430686,0.000104,19.3304,0.000000,0.000000,0.000000,0.013655,0.000442,0.004293,0.011956,0.00002528
33,5,1.395895,0.000101,18.2555,0.000000,0.000000,0.000000,0.015943,0.000748,0.004285,0.012301,0.00002528
33,6,1.457664,0.000102,19.2089,0.000000,0.000000,0.000000,0.014086,0.000567,0.004274,0.011355,0.00002528
33,7,1.418819,0.000103,19.5649,0.000000,0.000000,0.000000,0.016051,0.000647,0.004210,0.013317,0.00002528
33,8,1.379383,0.000110,18.0073,0.000000,0.000000,0.000000,0.013121,0.000592,0.004324,0.013291,0.00002528
33,9,1.482381,0.000105,21.2814,0.000000,0.000000,0.000000,0.016562,0.000663,0.004379,0.012965,0.00002528
33,10,1.415753,0.000105,19.6968,0.000000,0.000000,0.000000,0.012815,0.000576,0.004293,0.011569,0.00002528
33,11,1.417380,0.000109,17.8600,0.000000,0.000000,0.000000,0.015219,0.000649,0.004387,0.012249,0.00002528
33,12,1.370353,0.000090,18.3422,0.000000,0.000000,0.000000,0.014398,0.000555,0.003998,0.010530,0.00002528
33,13,1.511446,0.000093,19.5619,0.000000,0.000000,0.000000,0.013108,0.000660,0.003842,0.010547,0.00002528
33,14,1.428047,0.000091,20.0334,0.000000,0.000000,0.000000,0.015007,0.000524,0.003863,0.010262,0.00002528
33,15,1.361894,0.000093,17.5074,0.000000,0.000000,0.000000,0.012222,0.000676,0.003910,0.010520,0.00002528
33,16,1.396468,0.000088,18.6490,0.000000,0.000000,0.000000,0.009240,0.000552,0.003843,0.010135,0.00002528
33,17,1.421675,0.000090,20.4823,0.000000,0.000000,0.000000,0.012170,0.000667,0.004004,0.010674,0.00002528
33,18,1.385402,0.000086,20.2256,0.000000,0.000000,0.000000,0.012115,0.000506,0.003983,0.010148,0.00002528
33,19,1.558407,0.000082,21.5972,0.000000,0.000000,0.000000,0.014751,0.000721,0.004398,0.012831,0.00002528
33,20,1.517158,0.000089,17.4175,0.000000,0.000000,0.000000,0.023636,0.001383,0.004158,0.013919,0.00002528
33,21,1.335105,0.000076,17.5136,0.000000,0.000000,0.000000,0.012342,0.001011,0.003914,0.011690,0.00002528
33,22,1.360738,0.000082,19.3867,0.000000,0.000000,0.000000,0.014214,0.000794,0.004256,0.012342,0.00002528
33,23,1.608336,0.000085,21.3661,0.000000,0.000000,0.000000,0.018201,0.000961,0.004514,0.012636,0.00002528
33,24,1.412349,0.000095,16.0456,0.000000,0.000000,0.000000,0.021272,0.001084,0.004507,0.013943,0.00002528
33,25,1.404631,0.000062,20.3316,0.000000,0.000000,0.000000,0.009667,0.000540,0.004006,0.011564,0.00002528
33,26,1.355752,0.000079,17.1906,0.000000,0.000000,0.000000,0.005546,0.000705,0.004456,0.010996,0.00002528
33,27,1.398284,0.000102,18.9131,0.000000,0.000000,0.000000,0.008348,0.000674,0.004527,0.011868,0.00002528
33,28,1.348428,0.000096,17.7267,0.000000,0.000000,0.000000,0.007264,0.000637,0.004315,0.011265,0.00002528
33,29,1.405802,0.000095,20.3180,0.000000,0.000000,0.000000,0.008003,0.000608,0.004491,0.011201,0.00002528
33,30,1.332367,0.000093,18.1376,0.000000,0.000000,0.000000,0.006920,0.000537,0.004399,0.011305,0.00002528
33,31,1.442929,0.000097,20.3135,0.000000,0.000000,0.000000,0.006437,0.000705,0.004315,0.011493,0.00002528
33,32,1.470583,0.000101,20.3580,0.000000,0.000000,0.000000,0.008094,0.000620,0.004738,0.012071,0.00002528
33,33,1.578651,0.000095,22.2560,0.000000,0.000000,0.000000,0.027770,0.000737,0.004092,0.011783,0.00002528
33,34,1.386247,0.000096,19.3817,0.000000,0.000000,0.000000,0.019169,0.000645,0.004202,0.011096,0.00002528
33,35,1.409989,0.000092,17.7364,0.000000,0.000000,0.000000,0.021893,0.000681,0.004083,0.011216,0.00002528
33,36,1.400864,0.000083,18.4189,0.000000,0.000000,0.000000,0.012470,0.000649,0.003997,0.010638,0.00002528
33,37,1.289749,0.000081,16.1361,0.000000,0.000000,0.000000,0.017669,0.000568,0.004318,0.011171,0.00002528
33,38,1.333758,0.000078,18.1753,0.000000,0.000000,0.000000,0.014078,0.000644,0.004091,0.010777,0.00002528
33,39,1.389584,0.000090,19.0863,0.000000,0.000000,0.000000,0.005967,0.000718,0.004170,0.010756,0.00002528
33,40,1.415535,0.000089,19.8000,0.000000,0.000000,0.000000,0.007634,0.000651,0.004008,0.010127,0.00002528
33,41,1.434790,0.000089,19.2872,0.000000,0.000000,0.000000,0.010231,0.000698,0.004036,0.010550,0.00002528
33,42,1.424633,0.000091,19.3428,0.000000,0.000000,0.000000,0.010791,0.000606,0.004124,0.010386,0.00002528
33,43,1.363723,0.000092,18.6019,0.000000,0.000000,0.000000,0.008877,0.000675,0.004097,0.010837,0.00002528
33,44,1.387285,0.000095,20.6457,0.000000,0.000000,0.000000,0.010355,0.000566,0.004234,0.010705,0.00002528
33,45,1.271653,0.000081,16.2654,0.000000,0.000000,0.000000,0.009956,0.000371,0.003951,0.010372,0.00002528
33,46,1.444008,0.000080,22.5037,0.000000,0.000000,0.000000,0.017539,0.000596,0.004204,0.010905,0.00002528
33,47,1.374253,0.000091,18.6880,0.000000,0.000000,0.000000,0.016366,0.000639,0.004297,0.010927,0.00002528
33,48,1.333850,0.000077,17.9315,0.000000,0.000000,0.000000,0.015758,0.000331,0.004012,0.009492,0.00002528
33,49,1.420019,0.000095,18.6194,0.000000,0.000000,0.000000,0.022518,0.000794,0.004565,0.011317,0.00002528
33,50,1.427193,0.000070,25.0411,0.000000,0.000000,0.000000,0.011988,0.000342,0.003951,0.009481,0.00002528
33,51,1.405650,0.000079,21.2675,0.000000,0.000000,0.000000,0.008293,0.000488,0.005147,0.011636,0.00002528
33,52,1.329109,0.000077,15.1258,0.000000,0.000000,0.000000,0.010643,0.000697,0.004271,0.011252,0.00002528
33,53,1.420533,0.000075,21.0768,0.000000,0.000000,0.000000,0.004669,0.000455,0.004010,0.010092,0.00002528
33,54,1.417277,0.000098,20.6125,0.000000,0.000000,0.000000,0.004846,0.000420,0.004144,0.010570,0.00002528
33,55,1.389687,0.000098,18.2701,0.000000,0.000000,0.000000,0.007457,0.000498,0.004332,0.010897,0.00002528
33,56,1.250778,0.000083,16.5272,0.000000,0.000000,0.000000,0.006959,0.000456,0.004047,0.010209,0.00002528
33,57,1.403186,0.000102,20.8721,0.000000,0.000000,0.000000,0.009393,0.000375,0.004204,0.010413,0.00002528
33,58,1.311695,0.000072,20.0108,0.000000,0.000000,0.000000,0.003448,0.000336,0.003863,0.009729,0.00002528
33,59,1.712103,0.000131,21.1414,0.000000,0.000000,0.000000,0.017474,0.000815,0.005086,0.012746,0.00002528
33,60,1.558670,0.000120,18.9865,0.000000,0.000000,0.000000,0.013008,0.001170,0.004878,0.012758,0.00002528
33,61,1.482359,0.000091,18.1496,0.000000,0.000000,0.000000,0.014583,0.000700,0.004448,0.010863,0.00002528
33,62,1.360007,0.000093,17.0209,0.000000,0.000000,0.000000,0.013795,0.000635,0.004529,0.011251,0.00002528
33,63,1.634037,0.000109,17.9989,0.000000,0.000000,0.000000,0.024060,0.000761,0.004654,0.011680,0.00002528
33,64,1.535569,0.000093,18.2057,0.000000,0.000000,0.000000,0.010244,0.000571,0.004476,0.011118,0.00002528
33,65,1.390630,0.000110,17.5829,0.000000,0.000000,0.000000,0.012321,0.000696,0.004802,0.018783,0.00002528
33,66,1.432827,0.000110,22.4991,0.000000,0.000000,0.000000,0.011732,0.000707,0.004411,0.016795,0.00002528
33,67,1.440430,0.000103,20.0570,0.000000,0.000000,0.000000,0.009698,0.000994,0.004870,0.019012,0.00002528
33,68,1.453382,0.000123,18.9210,0.000000,0.000000,0.000000,0.013249,0.001037,0.004887,0.018342,0.00002528
33,69,1.360829,0.000103,16.9748,0.000000,0.000000,0.000000,0.010840,0.000935,0.004876,0.018361,0.00002528
33,70,1.400062,0.000100,20.7545,0.000000,0.000000,0.000000,0.010834,0.001099,0.004727,0.017305,0.00002528
33,71,1.228780,0.000067,17.9850,0.000000,0.000000,0.000000,0.006370,0.000528,0.003850,0.011922,0.00002528
33,72,1.367701,0.000098,18.5801,0.000000,0.000000,0.000000,0.005762,0.000492,0.004504,0.012506,0.00002528
33,73,1.325495,0.000084,17.9866,0.000000,0.000000,0.000000,0.011973,0.000992,0.004106,0.012822,0.00002528
33,74,1.291268,0.000083,18.1729,0.000000,0.000000,0.000000,0.005851,0.000391,0.003890,0.011753,0.00002528
33,75,1.324066,0.000071,19.5783,0.000000,0.000000,0.000000,0.009112,0.000620,0.004163,0.014253,0.00002528
33,76,1.385581,0.000102,19.6568,0.000000,0.000000,0.000000,0.008638,0.000714,0.004468,0.012524,0.00002528
33,77,1.308265,0.000076,16.5186,0.000000,0.000000,0.000000,0.004630,0.000557,0.004484,0.013797,0.00002528
33,78,1.528640,0.000100,21.0399,0.000000,0.000000,0.000000,0.006565,0.000428,0.004503,0.013743,0.00002528
33,79,1.428510,0.000094,20.1381,0.000000,0.000000,0.000000,0.007063,0.000536,0.004112,0.012155,0.00002528
33,80,1.402730,0.000097,19.2251,0.000000,0.000000,0.000000,0.011211,0.000360,0.004358,0.011812,0.00002528
33,81,1.366190,0.000072,21.9115,0.000000,0.000000,0.000000,0.003408,0.000449,0.003739,0.009884,0.00002528
33,82,1.305971,0.000074,18.1447,0.000000,0.000000,0.000000,0.005088,0.000422,0.004130,0.011120,0.00002528
33,83,1.383084,0.000062,20.6863,0.000000,0.000000,0.000000,0.002798,0.000301,0.004150,0.010533,0.00002528
33,84,1.535392,0.000069,22.8432,0.000000,0.000000,0.000000,0.014366,0.000520,0.004018,0.009404,0.00002528
33,85,1.336778,0.000073,15.6538,0.000000,0.000000,0.000000,0.008510,0.000559,0.003880,0.010136,0.00002528
33,86,1.341599,0.000084,17.7121,0.000000,0.000000,0.000000,0.006461,0.000459,0.003797,0.009842,0.00002528
33,87,1.306237,0.000077,17.2361,0.000000,0.000000,0.000000,0.006156,0.000501,0.003734,0.009885,0.00002528
33,88,1.331516,0.000078,20.1098,0.000000,0.000000,0.000000,0.007393,0.000481,0.003988,0.010211,0.00002528
33,89,1.293293,0.000077,16.1863,0.000000,0.000000,0.000000,0.006526,0.000663,0.004090,0.009960,0.00002528
33,90,1.324126,0.000073,17.3802,0.000000,0.000000,0.000000,0.006864,0.000627,0.004648,0.010648,0.00002528
33,91,1.411629,0.000080,16.7935,0.000000,0.000000,0.000000,0.011031,0.000722,0.003948,0.011951,0.00002528
33,92,1.448430,0.000080,20.1646,0.000000,0.000000,0.000000,0.008806,0.000484,0.003935,0.011114,0.00002528
33,93,1.404398,0.000074,17.8411,0.000000,0.000000,0.000000,0.007176,0.000482,0.003865,0.010577,0.00002528
33,94,1.320297,0.000069,16.1748,0.000000,0.000000,0.000000,0.009722,0.000409,0.003716,0.009975,0.00002528
33,95,1.352810,0.000083,17.3100,0.000000,0.000000,0.000000,0.010422,0.000422,0.003971,0.011407,0.00002528
33,96,1.274413,0.000065,18.2872,0.000000,0.000000,0.000000,0.004955,0.000372,0.003705,0.009928,0.00002528
33,97,1.303324,0.000082,17.1054,0.000000,0.000000,0.000000,0.004401,0.000496,0.004236,0.010708,0.00002528
33,98,1.340273,0.000080,19.6340,0.000000,0.000000,0.000000,0.006437,0.000493,0.004102,0.010560,0.00002528
33,99,1.364467,0.000089,19.8681,0.000000,0.000000,0.000000,0.009683,0.000418,0.003948,0.009844,0.00002528
33,100,1.413895,0.000100,18.9982,0.000000,0.000000,0.000000,0.009490,0.000397,0.004197,0.010502,0.00002528
33,101,1.309079,0.000082,17.9484,0.000000,0.000000,0.000000,0.005610,0.000487,0.003792,0.009637,0.00002528
33,102,1.463276,0.000069,23.1732,0.000000,0.000000,0.000000,0.007922,0.000392,0.003651,0.009214,0.00002528
33,103,1.532373,0.000071,20.7840,0.000000,0.000000,0.000000,0.004659,0.000500,0.003619,0.009261,0.00002528
33,104,1.278287,0.000069,16.3851,0.000000,0.000000,0.000000,0.005826,0.000426,0.003576,0.009102,0.00002528
33,105,1.375883,0.000071,18.4564,0.000000,0.000000,0.000000,0.006260,0.000333,0.003511,0.008661,0.00002528
33,106,1.370430,0.000083,18.0995,0.000000,0.000000,0.000000,0.006196,0.000383,0.003726,0.009542,0.00002528
33,107,1.365678,0.000082,16.2199,0.000000,0.000000,0.000000,0.005063,0.000509,0.003723,0.009753,0.00002528
33,108,1.326006,0.000081,17.2614,0.000000,0.000000,0.000000,0.006550,0.000407,0.003675,0.009412,0.00002528
33,109,1.307939,0.000056,20.3044,0.000000,0.000000,0.000000,0.001424,0.000326,0.003705,0.008045,0.00002528
33,110,1.416024,0.000075,19.7910,0.000000,0.000000,0.000000,0.003485,0.000433,0.004242,0.009495,0.00002528
33,111,1.371826,0.000085,20.7177,0.000000,0.000000,0.000000,0.007200,0.000331,0.004473,0.008997,0.00002528
33,112,1.269945,0.000078,16.4008,0.000000,0.000000,0.000000,0.008132,0.000378,0.004278,0.009094,0.00002528
33,113,1.421658,0.000088,20.2424,0.000000,0.000000,0.000000,0.009506,0.000365,0.004579,0.009493,0.00002528
33,114,1.444156,0.000106,19.8170,0.000000,0.000000,0.000000,0.019248,0.000486,0.004924,0.011545,0.00002528
33,115,1.331183,0.000080,18.6128,0.000000,0.000000,0.000000,0.010751,0.000506,0.004531,0.009570,0.00002528
33,116,1.253531,0.000069,17.9895,0.000000,0.000000,0.000000,0.009860,0.000299,0.004334,0.008685,0.00002528
33,117,1.600087,0.000102,17.8506,0.000000,0.000000,0.000000,0.013594,0.001224,0.004166,0.010897,0.00002528
33,118,1.416229,0.000090,16.4612,0.000000,0.000000,0.000000,0.009988,0.001212,0.004038,0.011198,0.00002528
33,119,1.354465,0.000091,16.2452,0.000000,0.000000,0.000000,0.014946,0.001124,0.003916,0.010258,0.00002528
33,120,1.412692,0.000093,20.2605,0.000000,0.000000,0.000000,0.008983,0.000985,0.004056,0.011004,0.00002528
33,121,1.289110,0.000083,17.0440,0.000000,0.000000,0.000000,0.012027,0.001108,0.003971,0.010896,0.00002528
33,122,1.473757,0.000090,20.9368,0.000000,0.000000,0.000000,0.011503,0.001471,0.004050,0.011147,0.00002528
33,123,1.621805,0.000091,17.8861,0.000000,0.000000,0.000000,0.008800,0.000654,0.003969,0.010146,0.00002528
33,124,1.414891,0.000095,17.1024,0.000000,0.000000,0.000000,0.011515,0.000866,0.003942,0.009670,0.00002528
33,125,1.498706,0.000077,20.2366,0.000000,0.000000,0.000000,0.007722,0.000612,0.003755,0.009264,0.00002528
33,126,1.428915,0.000065,18.2094,0.000000,0.000000,0.000000,0.006629,0.000379,0.003688,0.008961,0.00002528
33,127,1.390996,0.000077,18.0078,0.000000,0.000000,0.000000,0.010537,0.000453,0.003902,0.009016,0.00002528
33,128,1.561778,0.000125,21.1784,0.000000,0.000000,0.000000,0.016576,0.000571,0.004793,0.011637,0.00002528
33,129,1.652221,0.000084,19.4106,0.000000,0.000000,0.000000,0.013427,0.000724,0.004227,0.010397,0.00002528
33,130,1.371090,0.000075,17.6322,0.000000,0.000000,0.000000,0.004236,0.000500,0.003998,0.010435,0.00002528
33,131,1.279861,0.000080,15.7628,0.000000,0.000000,0.000000,0.005191,0.000496,0.004177,0.010041,0.00002528
33,132,1.440551,0.000104,21.0701,0.000000,0.000000,0.000000,0.009540,0.000515,0.004520,0.010974,0.00002528
33,133,1.304704,0.000082,18.7280,0.000000,0.000000,0.000000,0.006373,0.000434,0.004104,0.009694,0.00002528
33,134,1.240331,0.000071,15.8761,0.000000,0.000000,0.000000,0.004694,0.000315,0.003963,0.009445,0.00002528
33,135,1.517092,0.000086,21.0835,0.000000,0.000000,0.000000,0.027016,0.000410,0.003928,0.011143,0.00002528
33,136,1.478993,0.000093,22.4951,0.000000,0.000000,0.000000,0.013362,0.000444,0.004118,0.010951,0.00002528
33,137,1.343160,0.000083,17.9272,0.000000,0.000000,0.000000,0.006767,0.000476,0.003854,0.009793,0.00002528
33,138,1.228330,0.000069,16.0100,0.000000,0.000000,0.000000,0.007722,0.000421,0.003774,0.009318,0.00002528
33,139,1.438548,0.000095,20.4712,0.000000,0.000000,0.000000,0.011844,0.000379,0.003926,0.010370,0.00002528
33,140,1.279734,0.000077,16.5275,0.000000,0.000000,0.000000,0.013780,0.000414,0.003645,0.009446,0.00002528
33,141,1.470584,0.000094,25.0132,0.000000,0.000000,0.000000,0.018488,0.000359,0.004170,0.010574,0.00002528
33,142,1.448591,0.000088,20.3207,0.000000,0.000000,0.000000,0.005546,0.000800,0.004677,0.012071,0.00002528
33,143,1.245825,0.000077,14.3933,0.000000,0.000000,0.000000,0.005088,0.000404,0.004144,0.011502,0.00002528
33,144,1.371252,0.000095,17.9273,0.000000,0.000000,0.000000,0.004782,0.000440,0.004319,0.011471,0.00002528
33,145,1.290506,0.000077,19.3524,0.000000,0.000000,0.000000,0.004782,0.000356,0.004129,0.011210,0.00002528
33,146,1.392709,0.000084,21.2974,0.000000,0.000000,0.000000,0.005304,0.000369,0.004375,0.012212,0.00002528
33,147,1.241952,0.000072,16.7704,0.000000,0.000000,0.000000,0.005240,0.000347,0.004007,0.010605,0.00002528
33,148,1.269936,0.000065,17.5046,0.000000,0.000000,0.000000,0.005546,0.000338,0.004226,0.011380,0.00002528
33,149,1.475013,0.000077,19.6497,0.000000,0.000000,0.000000,0.007895,0.000353,0.003992,0.009836,0.00002528
33,150,1.304816,0.000071,16.6987,0.000000,0.000000,0.000000,0.004630,0.000371,0.003866,0.009207,0.00002528
33,151,1.297155,0.000074,18.1121,0.000000,0.000000,0.000000,0.006614,0.000453,0.003908,0.009553,0.00002528
33,152,1.248415,0.000073,15.5806,0.000000,0.000000,0.000000,0.004452,0.000336,0.003773,0.009210,0.00002528
33,153,1.366751,0.000080,19.9242,0.000000,0.000000,0.000000,0.006196,0.000414,0.003970,0.009635,0.00002528
33,154,1.253393,0.000076,16.5348,0.000000,0.000000,0.000000,0.006100,0.000379,0.004039,0.009471,0.00002528
33,155,1.387092,0.000093,18.4361,0.000000,0.000000,0.000000,0.008848,0.000503,0.004132,0.010360,0.00002528
33,156,1.321526,0.000079,18.4699,0.000000,0.000000,0.000000,0.008003,0.000800,0.004014,0.009746,0.00002528
33,157,1.320986,0.000090,16.8983,0.000000,0.000000,0.000000,0.008703,0.000634,0.004012,0.010079,0.00002528
33,158,1.298051,0.000084,16.6882,0.000000,0.000000,0.000000,0.012165,0.000666,0.004388,0.010737,0.00002528
33,159,1.450039,0.000093,20.8708,0.000000,0.000000,0.000000,0.013707,0.001191,0.004387,0.010856,0.00002528
33,160,1.363118,0.000086,19.6130,0.000000,0.000000,0.000000,0.009685,0.000762,0.004473,0.011045,0.00002528
33,161,1.586811,0.000080,18.1184,0.000000,0.000000,0.000000,0.006232,0.000684,0.003575,0.009388,0.00002528
33,162,1.409958,0.000088,17.1055,0.000000,0.000000,0.000000,0.005304,0.000604,0.003713,0.009422,0.00002528
33,163,1.511460,0.000095,19.5013,0.000000,0.000000,0.000000,0.013514,0.000738,0.004240,0.011525,0.00002528
33,164,1.273829,0.000075,16.9284,0.000000,0.000000,0.000000,0.007964,0.000575,0.003730,0.009631,0.00002528
33,165,1.441031,0.000079,20.9560,0.000000,0.000000,0.000000,0.007200,0.000579,0.003929,0.009950,0.00002528
33,166,1.389989,0.000088,18.7435,0.000000,0.000000,0.000000,0.006284,0.000523,0.003857,0.010236,0.00002528
33,167,1.271849,0.000068,15.1548,0.000000,0.000000,0.000000,0.004172,0.000287,0.003784,0.009594,0.00002528
33,168,1.610519,0.000082,20.2640,0.000000,0.000000,0.000000,0.033164,0.001274,0.005552,0.014087,0.00002528
33,169,1.452939,0.000094,18.8166,0.000000,0.000000,0.000000,0.009835,0.000659,0.004281,0.010231,0.00002528
33,170,1.381475,0.000093,19.2671,0.000000,0.000000,0.000000,0.008574,0.000485,0.004412,0.010343,0.00002528
33,171,1.357011,0.000094,19.2164,0.000000,0.000000,0.000000,0.004846,0.000371,0.004261,0.009558,0.00002528
33,172,1.293907,0.000073,18.3396,0.000000,0.000000,0.000000,0.004300,0.000539,0.003639,0.009300,0.00002528
33,173,1.536617,0.000091,22.5096,0.000000,0.000000,0.000000,0.009771,0.000395,0.004330,0.010145,0.00002528
33,174,1.622763,0.000131,22.2493,0.000000,0.000000,0.000000,0.018422,0.000611,0.005194,0.013072,0.00002528
33,175,1.285667,0.000073,16.7748,0.000000,0.000000,0.000000,0.026680,0.000682,0.004207,0.012225,0.00002528
33,176,1.289162,0.000069,19.5558,0.000000,0.000000,0.000000,0.003778,0.000378,0.003631,0.009042,0.00002528
33,177,1.370540,0.000084,18.0151,0.000000,0.000000,0.000000,0.004452,0.000383,0.003984,0.009859,0.00002528
33,178,1.350126,0.000079,17.9494,0.000000,0.000000,0.000000,0.008605,0.000628,0.004010,0.010380,0.00002528
33,179,1.306009,0.000064,18.1909,0.000000,0.000000,0.000000,0.004477,0.000441,0.003789,0.009620,0.00002528
33,180,1.239634,0.000066,14.8326,0.000000,0.000000,0.000000,0.005271,0.000775,0.003752,0.009697,0.00002528
33,181,1.485427,0.000080,19.4092,0.000000,0.000000,0.000000,0.014563,0.000514,0.003729,0.009178,0.00002528
33,182,1.310898,0.000073,16.1681,0.000000,0.000000,0.000000,0.009481,0.000595,0.003627,0.009119,0.00002528
33,183,1.447345,0.000077,21.7749,0.000000,0.000000,0.000000,0.010904,0.000477,0.003819,0.009394,0.00002528
33,184,1.376804,0.000078,17.0736,0.000000,0.000000,0.000000,0.010092,0.000516,0.003734,0.009457,0.00002528
33,185,1.310257,0.000075,17.0918,0.000000,0.000000,0.000000,0.007200,0.000598,0.003782,0.009126,0.00002528
33,186,1.367200,0.000070,20.0081,0.000000,0.000000,0.000000,0.008768,0.000324,0.003825,0.009250,0.00002528
33,187,1.320838,0.000078,17.3918,0.000000,0.000000,0.000000,0.008365,0.000516,0.003942,0.010594,0.00002528
33,188,1.313497,0.000078,17.0195,0.000000,0.000000,0.000000,0.004846,0.000299,0.003925,0.009846,0.00002528
33,189,1.319522,0.000080,17.8321,0.000000,0.000000,0.000000,0.006477,0.000324,0.003845,0.009597,0.00002528
33,190,1.461567,0.000105,22.0300,0.000000,0.000000,0.000000,0.010244,0.000377,0.004398,0.011618,0.00002528
33,191,1.312780,0.000062,21.2754,0.000000,0.000000,0.000000,0.006526,0.000392,0.003658,0.009218,0.00002528
33,192,1.348976,0.000077,18.7627,0.000000,0.000000,0.000000,0.007289,0.000470,0.004060,0.010100,0.00002528
33,193,1.345326,0.000065,16.5359,0.000000,0.000000,0.000000,0.004172,0.000405,0.003568,0.010141,0.00002528
33,194,1.312123,0.000086,16.9758,0.000000,0.000000,0.000000,0.005088,0.000519,0.003941,0.010134,0.00002528
33,195,1.357986,0.000091,18.2902,0.000000,0.000000,0.000000,0.006718,0.000593,0.003971,0.009855,0.00002528
33,196,1.352457,0.000072,21.0980,0.000000,0.000000,0.000000,0.003930,0.000366,0.003675,0.009626,0.00002528
33,197,1.227704,0.000070,15.4607,0.000000,0.000000,0.000000,0.006806,0.000350,0.003790,0.009902,0.00002528
33,198,1.274922,0.000076,17.3054,0.000000,0.000000,0.000000,0.006196,0.000498,0.003844,0.009926,0.00002528
33,199,1.306895,0.000066,15.0323,0.000000,0.000000,0.000000,0.004859,0.000344,0.003830,0.009698,0.00002528
33,200,1.414877,0.000056,21.2392,0.000000,0.000000,0.000000,0.016537,0.000291,0.003988,0.009474,0.00002528
33,201,1.345428,0.000082,17.7734,0.000000,0.000000,0.000000,0.008333,0.000450,0.004004,0.009970,0.00002528
33,202,1.411045,0.000094,19.9227,0.000000,0.000000,0.000000,0.006348,0.000386,0.004367,0.010674,0.00002528
33,203,1.268639,0.000072,16.3473,0.000000,0.000000,0.000000,0.008816,0.000573,0.004277,0.010729,0.00002528
33,204,1.319565,0.000082,18.3559,0.000000,0.000000,0.000000,0.005979,0.000340,0.004313,0.010627,0.00002528
33,205,1.355652,0.000098,18.6188,0.000000,0.000000,0.000000,0.007939,0.000431,0.004628,0.011728,0.00002528
33,206,1.388079,0.000090,18.5130,0.000000,0.000000,0.000000,0.015112,0.000445,0.004709,0.012070,0.00002528
33,207,1.416985,0.000087,18.0976,0.000000,0.000000,0.000000,0.027632,0.000748,0.004412,0.012474,0.00002528
33,208,1.326968,0.000080,19.9145,0.000000,0.000000,0.000000,0.010527,0.000326,0.003971,0.010380,0.00002528
33,209,1.526486,0.000107,21.9919,0.000000,0.000000,0.000000,0.017859,0.000601,0.004747,0.013087,0.00002528
33,210,1.512339,0.000130,19.6305,0.000000,0.000000,0.000000,0.019718,0.000529,0.004907,0.014803,0.00002528
33,211,1.511424,0.000098,20.0978,0.000000,0.000000,0.000000,0.019388,0.000555,0.004707,0.013077,0.00002528
33,212,1.389306,0.000083,16.9760,0.000000,0.000000,0.000000,0.009535,0.000531,0.004020,0.011540,0.00002528
33,213,1.412122,0.000082,18.8235,0.000000,0.000000,0.000000,0.006521,0.000665,0.003718,0.011670,0.00002528
33,214,1.387903,0.000087,18.8050,0.000000,0.000000,0.000000,0.008959,0.000959,0.003671,0.012484,0.00002528
33,215,1.572142,0.000090,24.7515,0.000000,0.000000,0.000000,0.006895,0.000744,0.003720,0.012471,0.00002528
33,216,1.409564,0.000074,18.8320,0.000000,0.000000,0.000000,0.008373,0.000461,0.003665,0.012479,0.00002528
33,217,1.427581,0.000068,19.0246,0.000000,0.000000,0.000000,0.005127,0.000759,0.003647,0.012221,0.00002528
33,218,1.319839,0.000073,16.4741,0.000000,0.000000,0.000000,0.004687,0.000758,0.003662,0.012488,0.00002528
33,219,1.511112,0.000097,23.0775,0.000000,0.000000,0.000000,0.009070,0.000370,0.004066,0.010004,0.00002528
33,220,1.336782,0.000085,19.4291,0.000000,0.000000,0.000000,0.008067,0.000397,0.003600,0.008790,0.00002528
33,221,1.367338,0.000091,18.1508,0.000000,0.000000,0.000000,0.007915,0.000510,0.003786,0.009641,0.00002528
33,222,1.367361,0.000079,19.9190,0.000000,0.000000,0.000000,0.006565,0.000410,0.003796,0.009334,0.00002528
33,223,1.466403,0.000106,20.7212,0.000000,0.000000,0.000000,0.014953,0.000672,0.004204,0.010339,0.00002528
33,224,1.337914,0.000075,18.9648,0.000000,0.000000,0.000000,0.005674,0.000525,0.003854,0.009506,0.00002528
33,225,1.290602,0.000065,18.3148,0.000000,0.000000,0.000000,0.002798,0.000281,0.003744,0.009262,0.00002528
33,226,1.525406,0.000084,20.8203,0.000000,0.000000,0.000000,0.011618,0.000524,0.004028,0.010050,0.00002528
33,227,1.419560,0.000078,18.0889,0.000000,0.000000,0.000000,0.006284,0.000495,0.003691,0.009586,0.00002528
33,228,1.310364,0.000080,17.2910,0.000000,0.000000,0.000000,0.005915,0.000430,0.003970,0.009952,0.00002528
33,229,1.437938,0.000112,19.7471,0.000000,0.000000,0.000000,0.010293,0.000628,0.004301,0.011115,0.00002528
33,230,1.499745,0.000123,19.1502,0.000000,0.000000,0.000000,0.012357,0.000863,0.004275,0.012234,0.00002528
33,231,1.303389,0.000075,18.4005,0.000000,0.000000,0.000000,0.004975,0.000563,0.003749,0.010026,0.00002528
33,232,1.237570,0.000062,17.2742,0.000000,0.000000,0.000000,0.008751,0.000526,0.004078,0.009448,0.00002528
33,233,1.412286,0.000099,19.4991,0.000000,0.000000,0.000000,0.008284,0.000636,0.004343,0.011518,0.00002528
33,234,1.295498,0.000073,17.5277,0.000000,0.000000,0.000000,0.002950,0.000449,0.003535,0.009293,0.00002528
33,235,1.234609,0.000068,17.8536,0.000000,0.000000,0.000000,0.003103,0.000357,0.003722,0.009209,0.00002528
33,236,1.405733,0.000074,20.5207,0.000000,0.000000,0.000000,0.006871,0.000395,0.003789,0.009252,0.00002528
33,237,1.230379,0.000063,15.6158,0.000000,0.000000,0.000000,0.004083,0.000407,0.003605,0.009187,0.00002528
33,238,1.225731,0.000064,15.9499,0.000000,0.000000,0.000000,0.003897,0.000431,0.003641,0.009262,0.00002528
33,239,1.528152,0.000116,23.6327,0.000000,0.000000,0.000000,0.008674,0.000516,0.004004,0.010929,0.00002528
33,240,1.333566,0.000084,16.9793,0.000000,0.000000,0.000000,0.009924,0.000451,0.003509,0.009983,0.00002528
33,241,1.503025,0.000096,21.2084,0.000000,0.000000,0.000000,0.007811,0.000421,0.003945,0.011247,0.00002528
33,242,1.501865,0.000107,18.9127,0.000000,0.000000,0.000000,0.008397,0.000550,0.003917,0.011686,0.00002528
33,243,1.332608,0.000076,18.5530,0.000000,0.000000,0.000000,0.006742,0.000434,0.003635,0.010190,0.00002528
33,244,1.262169,0.000071,16.3478,0.000000,0.000000,0.000000,0.007394,0.000496,0.003540,0.010379,0.00002528
33,245,1.399355,0.000090,18.4143,0.000000,0.000000,0.000000,0.013502,0.000815,0.003857,0.010710,0.00002528
33,246,1.467064,0.000107,20.4191,0.000000,0.000000,0.000000,0.017963,0.000826,0.004263,0.012361,0.00002528
33,247,1.424796,0.000101,17.9653,0.000000,0.000000,0.000000,0.014024,0.000757,0.004108,0.011616,0.00002528
33,248,1.384396,0.000094,18.7374,0.000000,0.000000,0.000000,0.013099,0.000608,0.004199,0.011442,0.00002528
33,249,1.393700,0.000093,20.2815,0.000000,0.000000,0.000000,0.009377,0.000658,0.003999,0.010429,0.00002528
33,250,1.378978,0.000095,18.7873,0.000000,0.000000,0.000000,0.010574,0.000758,0.003915,0.010625,0.00002528
33,251,1.514313,0.000112,20.7454,0.000000,0.000000,0.000000,0.014972,0.000726,0.004639,0.012822,0.00002528
33,252,1.452070,0.000092,22.5699,0.000000,0.000000,0.000000,0.011057,0.000462,0.004342,0.010542,0.00002528
33,253,1.355347,0.000092,17.9568,0.000000,0.000000,0.000000,0.007609,0.000391,0.003971,0.009904,0.00002528
33,254,1.440907,0.000086,19.4060,0.000000,0.000000,0.000000,0.010012,0.000312,0.004032,0.010164,0.00002528
33,255,1.340883,0.000081,17.6171,0.000000,0.000000,0.000000,0.007964,0.000365,0.004055,0.009549,0.00002528
33,256,1.395205,0.000070,21.4005,0.000000,0.000000,0.000000,0.014840,0.000353,0.004062,0.009789,0.00002528
33,257,1.277551,0.000059,15.1501,0.000000,0.000000,0.000000,0.018598,0.000439,0.003923,0.008476,0.00002528
33,258,1.487740,0.000081,24.5674,0.000000,0.000000,0.000000,0.011618,0.000405,0.004267,0.010561,0.00002528
33,259,1.532653,0.000123,20.7870,0.000000,0.000000,0.000000,0.025676,0.000598,0.004683,0.011997,0.00002528
33,260,1.454585,0.000102,20.5282,0.000000,0.000000,0.000000,0.020055,0.000939,0.004564,0.012689,0.00002528
33,261,1.444203,0.000106,20.7643,0.000000,0.000000,0.000000,0.015090,0.000772,0.004607,0.012585,0.00002528
33,262,1.463410,0.000097,20.8888,0.000000,0.000000,0.000000,0.015810,0.000572,0.004767,0.012174,0.00002528
33,263,1.303739,0.000074,19.3305,0.000000,0.000000,0.000000,0.009491,0.000526,0.004246,0.010958,0.00002528
33,264,1.445007,0.000111,18.1921,0.000000,0.000000,0.000000,0.029948,0.000592,0.004847,0.012403,0.00002528
33,265,1.509669,0.000106,22.8315,0.000000,0.000000,0.000000,0.005446,0.000404,0.004062,0.010822,0.00002528
33,266,1.376712,0.000095,21.6609,0.000000,0.000000,0.000000,0.005152,0.000295,0.003952,0.010228,0.00002528
33,267,1.333894,0.000080,17.3014,0.000000,0.000000,0.000000,0.006284,0.000344,0.003846,0.010446,0.00002528
33,268,1.269893,0.000066,16.8802,0.000000,0.000000,0.000000,0.009466,0.000324,0.003766,0.009513,0.00002528
33,269,1.328038,0.000076,19.9553,0.000000,0.000000,0.000000,0.005521,0.000593,0.003897,0.010129,0.00002528
33,270,1.278131,0.000063,17.3198,0.000000,0.000000,0.000000,0.012210,0.000353,0.003960,0.009998,0.00002528
33,271,1.400367,0.000084,19.2123,0.000000,0.000000,0.000000,0.010030,0.000542,0.004091,0.011665,0.00002528
33,272,1.519303,0.000132,20.3321,0.000000,0.000000,0.000000,0.022862,0.001096,0.005239,0.014983,0.00002528
33,273,1.663679,0.000163,23.4791,0.000000,0.000000,0.000000,0.041679,0.001470,0.006827,0.022384,0.00002528
33,274,1.553250,0.000116,23.7680,0.000000,0.000000,0.000000,0.024341,0.000488,0.004950,0.014106,0.00002528
33,275,1.675778,0.000160,21.0724,0.000000,0.000000,0.000000,0.037794,0.001315,0.006393,0.021467,0.00002528
33,276,1.731009,0.000175,24.0543,0.000000,0.000000,0.000000,0.048120,0.001022,0.006958,0.020972,0.00002528
33,277,1.547298,0.000112,20.2866,0.000000,0.000000,0.000000,0.015143,0.000862,0.003948,0.010715,0.00002528
33,278,1.350143,0.000085,17.7102,0.000000,0.000000,0.000000,0.009835,0.000585,0.003754,0.009884,0.00002528
33,279,1.346677,0.000074,19.8190,0.000000,0.000000,0.000000,0.008220,0.000643,0.003655,0.010233,0.00002528
33,280,1.343060,0.000082,18.3967,0.000000,0.000000,0.000000,0.011554,0.000456,0.003780,0.009964,0.00002528
33,281,1.300351,0.000081,17.0221,0.000000,0.000000,0.000000,0.006654,0.000557,0.003754,0.009845,0.00002528
33,282,1.271922,0.000079,16.3034,0.000000,0.000000,0.000000,0.004846,0.000553,0.003804,0.010046,0.00002528
33,283,1.231577,0.000062,18.0444,0.000000,0.000000,0.000000,0.006919,0.000286,0.003612,0.009562,0.00002528
33,284,1.494024,0.000067,27.3111,0.000000,0.000000,0.000000,0.012594,0.000390,0.003761,0.010181,0.00002528
33,285,1.461831,0.000092,21.8896,0.000000,0.000000,0.000000,0.015499,0.000431,0.004227,0.011472,0.00002528
33,286,1.263570,0.000074,15.9645,0.000000,0.000000,0.000000,0.011490,0.000393,0.004008,0.010583,0.00002528
33,287,1.438056,0.000076,22.3463,0.000000,0.000000,0.000000,0.011594,0.000445,0.003794,0.010686,0.00002528
33,288,1.358850,0.000076,21.8755,0.000000,0.000000,0.000000,0.010422,0.000468,0.003989,0.010905,0.00002528
33,289,1.346739,0.000081,18.3561,0.000000,0.000000,0.000000,0.008156,0.000742,0.003917,0.011320,0.00002528
33,290,1.594623,0.000113,23.5696,0.000000,0.000000,0.000000,0.006919,0.000669,0.004612,0.015027,0.00002528
33,291,1.422698,0.000087,18.9196,0.000000,0.000000,0.000000,0.012140,0.000677,0.004179,0.013487,0.00002528
33,292,1.259488,0.000083,16.1449,0.000000,0.000000,0.000000,0.010880,0.000643,0.003917,0.013590,0.00002528
33,293,1.360932,0.000083,20.4175,0.000000,0.000000,0.000000,0.011554,0.000512,0.004266,0.013623,0.00002528
33,294,1.275241,0.000072,16.5138,0.000000,0.000000,0.000000,0.006678,0.000463,0.003958,0.013118,0.00002528
33,295,1.322668,0.000078,18.0447,0.000000,0.000000,0.000000,0.015169,0.000844,0.004055,0.013702,0.00002528
33,296,1.308408,0.000091,16.9967,0.000000,0.000000,0.000000,0.021104,0.000663,0.003938,0.013421,0.00002528
34,1,1.706684,0.000114,19.5415,0.000000,0.000000,0.000000,0.014715,0.000582,0.004372,0.011525,0.00001142
34,2,1.658410,0.000108,19.4546,0.000000,0.000000,0.000000,0.012551,0.000649,0.004482,0.011457,0.00001142
34,3,1.486874,0.000112,16.7955,0.000000,0.000000,0.000000,0.011228,0.000590,0.004476,0.011524,0.00001142
34,4,1.413763,0.000106,17.8201,0.000000,0.000000,0.000000,0.011540,0.000513,0.004471,0.012238,0.00001142
34,5,1.409375,0.000103,19.2754,0.000000,0.000000,0.000000,0.013757,0.000703,0.004441,0.012148,0.00001142
34,6,1.432558,0.000105,19.8135,0.000000,0.000000,0.000000,0.015856,0.000467,0.004490,0.011734,0.00001142
34,7,1.430231,0.000115,18.4188,0.000000,0.000000,0.000000,0.016824,0.000634,0.004537,0.014125,0.00001142
34,8,1.432450,0.000110,19.8173,0.000000,0.000000,0.000000,0.015636,0.000594,0.004391,0.013226,0.00001142
34,9,1.446278,0.000117,20.1774,0.000000,0.000000,0.000000,0.019580,0.000688,0.004652,0.014176,0.00001142
34,10,1.365522,0.000111,18.1572,0.000000,0.000000,0.000000,0.014711,0.000551,0.004275,0.012050,0.00001142
34,11,1.435368,0.000107,18.9717,0.000000,0.000000,0.000000,0.015036,0.000673,0.004263,0.012433,0.00001142
34,12,1.373726,0.000095,17.7430,0.000000,0.000000,0.000000,0.010833,0.000533,0.004257,0.011429,0.00001142
34,13,1.436783,0.000094,17.1795,0.000000,0.000000,0.000000,0.012124,0.000543,0.004016,0.010377,0.00001142
34,14,1.390301,0.000090,17.9398,0.000000,0.000000,0.000000,0.013306,0.000472,0.003937,0.010372,0.00001142
34,15,1.345672,0.000093,17.2040,0.000000,0.000000,0.000000,0.010778,0.000638,0.003815,0.010288,0.00001142
34,16,1.336962,0.000090,17.9714,0.000000,0.000000,0.000000,0.008959,0.000492,0.003941,0.010525,0.00001142
34,17,1.441270,0.000090,21.8502,0.000000,0.000000,0.000000,0.013571,0.000621,0.004028,0.010476,0.00001142
34,18,1.427384,0.000089,21.7174,0.000000,0.000000,0.000000,0.012254,0.000512,0.004023,0.010399,0.00001142
34,19,1.436033,0.000080,19.9262,0.000000,0.000000,0.000000,0.019597,0.000645,0.004374,0.011472,0.00001142
34,20,1.581256,0.000087,18.2959,0.000000,0.000000,0.000000,0.024686,0.001008,0.004248,0.013355,0.00001142
34,21,1.405841,0.000076,16.8896,0.000000,0.000000,0.000000,0.015090,0.000871,0.004063,0.011443,0.00001142
34,22,1.318978,0.000081,16.5519,0.000000,0.000000,0.000000,0.014317,0.000741,0.004175,0.012010,0.00001142
34,23,1.479321,0.000087,19.6014,0.000000,0.000000,0.000000,0.018238,0.000930,0.004401,0.012418,0.00001142
34,24,1.359469,0.000095,15.4316,0.000000,0.000000,0.000000,0.024156,0.001137,0.004407,0.014666,0.00001142
34,25,1.330511,0.000067,19.5261,0.000000,0.000000,0.000000,0.006809,0.000480,0.003902,0.011812,0.00001142
34,26,1.352061,0.000075,18.0688,0.000000,0.000000,0.000000,0.001424,0.000641,0.004485,0.010990,0.00001142
34,27,1.350946,0.000098,17.2554,0.000000,0.000000,0.000000,0.007674,0.000615,0.004382,0.011415,0.00001142
34,28,1.348889,0.000094,18.4289,0.000000,0.000000,0.000000,0.006107,0.000638,0.004284,0.011213,0.00001142
34,29,1.361348,0.000094,19.2024,0.000000,0.000000,0.000000,0.006654,0.000569,0.004452,0.011728,0.00001142
34,30,1.295634,0.000093,17.8942,0.000000,0.000000,0.000000,0.005563,0.000563,0.004324,0.010959,0.00001142
34,31,1.406348,0.000099,21.0766,0.000000,0.000000,0.000000,0.008196,0.000622,0.004308,0.011774,0.00001142
34,32,1.447729,0.000103,21.2344,0.000000,0.000000,0.000000,0.011076,0.000665,0.004549,0.011628,0.00001142
34,33,1.491937,0.000093,19.4868,0.000000,0.000000,0.000000,0.025842,0.000794,0.003966,0.011422,0.00001142
34,34,1.407602,0.000091,19.3274,0.000000,0.000000,0.000000,0.019080,0.000695,0.004005,0.010883,0.00001142
34,35,1.390165,0.000093,17.8727,0.000000,0.000000,0.000000,0.024461,0.000885,0.004029,0.010964,0.00001142
34,36,1.315115,0.000080,18.0064,0.000000,0.000000,0.000000,0.016730,0.000725,0.003854,0.010408,0.00001142
34,37,1.281636,0.000083,16.8752,0.000000,0.000000,0.000000,0.018809,0.000574,0.004086,0.011285,0.00001142
34,38,1.318335,0.000076,17.6965,0.000000,0.000000,0.000000,0.017595,0.000624,0.003963,0.010463,0.00001142
34,39,1.421906,0.000092,20.3118,0.000000,0.000000,0.000000,0.007208,0.000626,0.003961,0.010206,0.00001142
34,40,1.333810,0.000086,18.2224,0.000000,0.000000,0.000000,0.006565,0.000523,0.003940,0.010010,0.00001142
34,41,1.373516,0.000090,18.9893,0.000000,0.000000,0.000000,0.010669,0.000683,0.004052,0.010528,0.00001142
34,42,1.377964,0.000090,18.7057,0.000000,0.000000,0.000000,0.009619,0.000569,0.004078,0.010516,0.00001142
34,43,1.379543,0.000092,18.6521,0.000000,0.000000,0.000000,0.006393,0.000739,0.004281,0.011095,0.00001142
34,44,1.352491,0.000094,19.3594,0.000000,0.000000,0.000000,0.010815,0.000588,0.004207,0.011018,0.00001142
34,45,1.256871,0.000074,17.6420,0.000000,0.000000,0.000000,0.007496,0.000446,0.004038,0.010060,0.00001142
34,46,1.372858,0.000084,20.6152,0.000000,0.000000,0.000000,0.015209,0.000593,0.004242,0.010842,0.00001142
34,47,1.361781,0.000094,18.2483,0.000000,0.000000,0.000000,0.015249,0.000696,0.004445,0.011241,0.00001142
34,48,1.262563,0.000079,16.9816,0.000000,0.000000,0.000000,0.015973,0.000401,0.004229,0.009823,0.00001142
34,49,1.404266,0.000094,18.5206,0.000000,0.000000,0.000000,0.020699,0.000831,0.004663,0.011557,0.00001142
34,50,1.305602,0.000068,19.1453,0.000000,0.000000,0.000000,0.010880,0.000347,0.004153,0.009894,0.00001142
34,51,1.329253,0.000064,18.5913,0.000000,0.000000,0.000000,0.010244,0.000510,0.004915,0.011363,0.00001142
34,52,1.321756,0.000073,15.4193,0.000000,0.000000,0.000000,0.007606,0.000632,0.003809,0.010586,0.00001142
34,53,1.350111,0.000075,17.5923,0.000000,0.000000,0.000000,0.004846,0.000417,0.003786,0.010014,0.00001142
34,54,1.384660,0.000101,20.4130,0.000000,0.000000,0.000000,0.004999,0.000400,0.004186,0.010375,0.00001142
34,55,1.386808,0.000096,19.1282,0.000000,0.000000,0.000000,0.006693,0.000463,0.004153,0.010715,0.00001142
34,56,1.253764,0.000081,16.3362,0.000000,0.000000,0.000000,0.005585,0.000388,0.004051,0.010842,0.00001142
34,57,1.318620,0.000106,17.4441,0.000000,0.000000,0.000000,0.007545,0.000344,0.004456,0.011661,0.00001142
34,58,1.345759,0.000071,22.0561,0.000000,0.000000,0.000000,0.003714,0.000400,0.003877,0.009706,0.00001142
34,59,1.679530,0.000128,23.6001,0.000000,0.000000,0.000000,0.021917,0.000877,0.005013,0.013211,0.00001142
34,60,1.514433,0.000118,19.0497,0.000000,0.000000,0.000000,0.014620,0.001166,0.004680,0.012215,0.00001142
34,61,1.438905,0.000090,17.7413,0.000000,0.000000,0.000000,0.011884,0.000641,0.004468,0.011222,0.00001142
34,62,1.407122,0.000092,17.2786,0.000000,0.000000,0.000000,0.011835,0.000656,0.004500,0.011446,0.00001142
34,63,1.474751,0.000113,18.9870,0.000000,0.000000,0.000000,0.021297,0.000753,0.004721,0.012535,0.00001142
34,64,1.419032,0.000097,17.5040,0.000000,0.000000,0.000000,0.013036,0.000669,0.004752,0.011841,0.00001142
34,65,1.324175,0.000101,16.9596,0.000000,0.000000,0.000000,0.009656,0.000651,0.004528,0.017968,0.00001142
34,66,1.371407,0.000112,20.5077,0.000000,0.000000,0.000000,0.010028,0.000506,0.004688,0.016282,0.00001142
34,67,1.429276,0.000104,20.9494,0.000000,0.000000,0.000000,0.009649,0.000781,0.005012,0.018664,0.00001142
34,68,1.385621,0.000125,18.6961,0.000000,0.000000,0.000000,0.013845,0.001025,0.004928,0.017714,0.00001142
34,69,1.384085,0.000112,17.3570,0.000000,0.000000,0.000000,0.009964,0.000992,0.005125,0.018680,0.00001142
34,70,1.354161,0.000105,17.0057,0.000000,0.000000,0.000000,0.008769,0.001165,0.004867,0.017525,0.00001142
34,71,1.158347,0.000067,13.9777,0.000000,0.000000,0.000000,0.006645,0.000464,0.004106,0.012411,0.00001142
34,72,1.352994,0.000096,19.6166,0.000000,0.000000,0.000000,0.007747,0.000465,0.004430,0.012602,0.00001142
34,73,1.338073,0.000082,19.7894,0.000000,0.000000,0.000000,0.008638,0.000500,0.004164,0.013574,0.00001142
34,74,1.283321,0.000084,18.2607,0.000000,0.000000,0.000000,0.005698,0.000425,0.004043,0.012429,0.00001142
34,75,1.279204,0.000073,18.0496,0.000000,0.000000,0.000000,0.008969,0.000623,0.004093,0.015082,0.00001142
34,76,1.410914,0.000100,19.7740,0.000000,0.000000,0.000000,0.007811,0.000757,0.004534,0.012827,0.00001142
34,77,1.324452,0.000073,18.2635,0.000000,0.000000,0.000000,0.003256,0.000541,0.004663,0.013453,0.00001142
34,78,1.469486,0.000100,21.1046,0.000000,0.000000,0.000000,0.007762,0.000447,0.004571,0.013468,0.00001142
34,79,1.350101,0.000097,19.0740,0.000000,0.000000,0.000000,0.008935,0.000399,0.004227,0.012542,0.00001142
34,80,1.368602,0.000099,19.0134,0.000000,0.000000,0.000000,0.007435,0.000304,0.004174,0.011501,0.00001142
34,81,1.274179,0.000073,17.8208,0.000000,0.000000,0.000000,0.003408,0.000432,0.003923,0.010409,0.00001142
34,82,1.317332,0.000074,18.8768,0.000000,0.000000,0.000000,0.005698,0.000451,0.004165,0.011190,0.00001142
34,83,1.313954,0.000066,20.2004,0.000000,0.000000,0.000000,0.002798,0.000304,0.004110,0.011105,0.00001142
34,84,1.469990,0.000083,22.4456,0.000000,0.000000,0.000000,0.014366,0.000535,0.004851,0.010571,0.00001142
34,85,1.284516,0.000068,16.2239,0.000000,0.000000,0.000000,0.010406,0.000548,0.004027,0.010106,0.00001142
34,86,1.290551,0.000079,16.6223,0.000000,0.000000,0.000000,0.008816,0.000339,0.003890,0.009842,0.00001142
34,87,1.283705,0.000075,16.3270,0.000000,0.000000,0.000000,0.005610,0.000481,0.004036,0.010118,0.00001142
34,88,1.297392,0.000079,18.9715,0.000000,0.000000,0.000000,0.006373,0.000441,0.004037,0.010271,0.00001142
34,89,1.309249,0.000079,17.2721,0.000000,0.000000,0.000000,0.006526,0.000637,0.004072,0.010004,0.00001142
34,90,1.220716,0.000071,15.3981,0.000000,0.000000,0.000000,0.008980,0.000601,0.004396,0.010524,0.00001142
34,91,1.458335,0.000079,19.9388,0.000000,0.000000,0.000000,0.011790,0.000726,0.004011,0.011725,0.00001142
34,92,1.379446,0.000079,20.4015,0.000000,0.000000,0.000000,0.009826,0.000504,0.003988,0.011332,0.00001142
34,93,1.326845,0.000074,18.6015,0.000000,0.000000,0.000000,0.008831,0.000563,0.003983,0.010997,0.00001142
34,94,1.257946,0.000070,15.8199,0.000000,0.000000,0.000000,0.009404,0.000460,0.003883,0.010174,0.00001142
34,95,1.327756,0.000082,17.0509,0.000000,0.000000,0.000000,0.011602,0.000421,0.004117,0.011531,0.00001142
34,96,1.264036,0.000066,19.2252,0.000000,0.000000,0.000000,0.006979,0.000455,0.003741,0.010057,0.00001142
34,97,1.293524,0.000079,17.2959,0.000000,0.000000,0.000000,0.005088,0.000407,0.004227,0.010494,0.00001142
34,98,1.285642,0.000080,17.7446,0.000000,0.000000,0.000000,0.006220,0.000461,0.004151,0.010383,0.00001142
34,99,1.345994,0.000089,19.0383,0.000000,0.000000,0.000000,0.008638,0.000420,0.004133,0.010140,0.00001142
34,100,1.396984,0.000102,21.0846,0.000000,0.000000,0.000000,0.008333,0.000354,0.004502,0.011368,0.00001142
34,101,1.329498,0.000085,19.1723,0.000000,0.000000,0.000000,0.004975,0.000438,0.003997,0.010360,0.00001142
34,102,1.299263,0.000070,18.3313,0.000000,0.000000,0.000000,0.007235,0.000413,0.003938,0.009653,0.00001142
34,103,1.387941,0.000069,17.6587,0.000000,0.000000,0.000000,0.007407,0.000525,0.003619,0.009254,0.00001142
34,104,1.321080,0.000070,17.3863,0.000000,0.000000,0.000000,0.005497,0.000423,0.003691,0.009214,0.00001142
34,105,1.269980,0.000070,16.9746,0.000000,0.000000,0.000000,0.004300,0.000389,0.003534,0.008870,0.00001142
34,106,1.372848,0.000086,19.2178,0.000000,0.000000,0.000000,0.008028,0.000359,0.003997,0.009926,0.00001142
34,107,1.309083,0.000086,16.5349,0.000000,0.000000,0.000000,0.006959,0.000550,0.003857,0.010307,0.00001142
34,108,1.279685,0.000082,17.2436,0.000000,0.000000,0.000000,0.005585,0.000380,0.003915,0.009444,0.00001142
34,109,1.110258,0.000057,14.6752,0.000000,0.000000,0.000000,0.001424,0.000356,0.003463,0.007720,0.00001142
34,110,1.356144,0.000073,18.9382,0.000000,0.000000,0.000000,0.006521,0.000466,0.004211,0.010161,0.00001142
34,111,1.303827,0.000083,19.0596,0.000000,0.000000,0.000000,0.009441,0.000402,0.004296,0.009295,0.00001142
34,112,1.273118,0.000080,16.9016,0.000000,0.000000,0.000000,0.007457,0.000396,0.004261,0.009508,0.00001142
34,113,1.262906,0.000091,16.4012,0.000000,0.000000,0.000000,0.009772,0.000400,0.004637,0.009953,0.00001142
34,114,1.447084,0.000112,20.9134,0.000000,0.000000,0.000000,0.017835,0.000390,0.005056,0.012259,0.00001142
34,115,1.334685,0.000082,19.9909,0.000000,0.000000,0.000000,0.010840,0.000527,0.004520,0.009661,0.00001142
34,116,1.274248,0.000071,18.5941,0.000000,0.000000,0.000000,0.007835,0.000342,0.004514,0.009645,0.00001142
34,117,1.513457,0.000094,16.4796,0.000000,0.000000,0.000000,0.010205,0.001432,0.004273,0.011163,0.00001142
34,118,1.413252,0.000089,16.2369,0.000000,0.000000,0.000000,0.010574,0.001338,0.004263,0.011431,0.00001142
34,119,1.318443,0.000091,15.6225,0.000000,0.000000,0.000000,0.014046,0.001450,0.004214,0.010425,0.00001142
34,120,1.357401,0.000092,18.3789,0.000000,0.000000,0.000000,0.009594,0.001181,0.004327,0.011108,0.00001142
34,121,1.332306,0.000084,18.8316,0.000000,0.000000,0.000000,0.011288,0.001234,0.004334,0.011380,0.00001142
34,122,1.337215,0.000090,17.4279,0.000000,0.000000,0.000000,0.010404,0.001034,0.004150,0.010914,0.00001142
34,123,1.594830,0.000086,18.1271,0.000000,0.000000,0.000000,0.005907,0.000519,0.004003,0.010128,0.00001142
34,124,1.506391,0.000096,17.6926,0.000000,0.000000,0.000000,0.010638,0.000747,0.004046,0.010222,0.00001142
34,125,1.346327,0.000079,16.7291,0.000000,0.000000,0.000000,0.007964,0.000609,0.004014,0.010078,0.00001142
34,126,1.262309,0.000067,17.3161,0.000000,0.000000,0.000000,0.007112,0.000400,0.003691,0.008944,0.00001142
34,127,1.323506,0.000080,16.6151,0.000000,0.000000,0.000000,0.011901,0.000470,0.004012,0.009690,0.00001142
34,128,1.524253,0.000123,20.8698,0.000000,0.000000,0.000000,0.018951,0.000621,0.004597,0.011995,0.00001142
34,129,1.565480,0.000084,18.8880,0.000000,0.000000,0.000000,0.012877,0.000545,0.004340,0.010416,0.00001142
34,130,1.403376,0.000073,19.5427,0.000000,0.000000,0.000000,0.005304,0.000487,0.004105,0.010428,0.00001142
34,131,1.333353,0.000078,17.4057,0.000000,0.000000,0.000000,0.004019,0.000523,0.004310,0.010231,0.00001142
34,132,1.422567,0.000105,19.5425,0.000000,0.000000,0.000000,0.006895,0.000440,0.004723,0.011486,0.00001142
34,133,1.242203,0.000082,16.2263,0.000000,0.000000,0.000000,0.005762,0.000474,0.004287,0.010001,0.00001142
34,134,1.262248,0.000070,18.5442,0.000000,0.000000,0.000000,0.004541,0.000326,0.004149,0.010196,0.00001142
34,135,1.398816,0.000090,18.4265,0.000000,0.000000,0.000000,0.020247,0.000414,0.004306,0.011322,0.00001142
34,136,1.441082,0.000094,20.2442,0.000000,0.000000,0.000000,0.014342,0.000536,0.004353,0.011416,0.00001142
34,137,1.317763,0.000079,17.0188,0.000000,0.000000,0.000000,0.007609,0.000472,0.004002,0.010135,0.00001142
34,138,1.221584,0.000067,15.5589,0.000000,0.000000,0.000000,0.008141,0.000432,0.003955,0.009609,0.00001142
34,139,1.342501,0.000090,18.6015,0.000000,0.000000,0.000000,0.011722,0.000402,0.004190,0.010467,0.00001142
34,140,1.278352,0.000076,16.6118,0.000000,0.000000,0.000000,0.011844,0.000436,0.003841,0.009679,0.00001142
34,141,1.429335,0.000104,21.6510,0.000000,0.000000,0.000000,0.016029,0.000404,0.004551,0.010747,0.00001142
34,142,1.355219,0.000073,18.5088,0.000000,0.000000,0.000000,0.004172,0.000683,0.004223,0.011245,0.00001142
34,143,1.185395,0.000077,15.2355,0.000000,0.000000,0.000000,0.004083,0.000360,0.004236,0.011576,0.00001142
34,144,1.299437,0.000085,19.1926,0.000000,0.000000,0.000000,0.004541,0.000377,0.004330,0.011711,0.00001142
34,145,1.270890,0.000077,17.9845,0.000000,0.000000,0.000000,0.004999,0.000360,0.004091,0.011246,0.00001142
34,146,1.285589,0.000086,17.7378,0.000000,0.000000,0.000000,0.005890,0.000346,0.004291,0.012134,0.00001142
34,147,1.236363,0.000074,17.1245,0.000000,0.000000,0.000000,0.004172,0.000330,0.004057,0.010811,0.00001142
34,148,1.284505,0.000065,18.9485,0.000000,0.000000,0.000000,0.003485,0.000291,0.004145,0.011502,0.00001142
34,149,1.358395,0.000074,18.3334,0.000000,0.000000,0.000000,0.009413,0.000305,0.004115,0.009878,0.00001142
34,150,1.306030,0.000072,17.1581,0.000000,0.000000,0.000000,0.005216,0.000372,0.003965,0.009557,0.00001142
34,151,1.242576,0.000076,16.5129,0.000000,0.000000,0.000000,0.006437,0.000455,0.004022,0.009662,0.00001142
34,152,1.273959,0.000072,16.2669,0.000000,0.000000,0.000000,0.005610,0.000356,0.004013,0.009675,0.00001142
34,153,1.330614,0.000080,17.3127,0.000000,0.000000,0.000000,0.005152,0.000385,0.003959,0.009896,0.00001142
34,154,1.252063,0.000074,17.0539,0.000000,0.000000,0.000000,0.005546,0.000393,0.004269,0.009758,0.00001142
34,155,1.334617,0.000087,16.7960,0.000000,0.000000,0.000000,0.007991,0.000587,0.004229,0.010216,0.00001142
34,156,1.323158,0.000080,18.7353,0.000000,0.000000,0.000000,0.007048,0.000676,0.003981,0.009610,0.00001142
34,157,1.290462,0.000089,16.9422,0.000000,0.000000,0.000000,0.009072,0.000620,0.004221,0.010168,0.00001142
34,158,1.322855,0.000084,18.1523,0.000000,0.000000,0.000000,0.009811,0.000698,0.004439,0.010357,0.00001142
34,159,1.345794,0.000088,17.5248,0.000000,0.000000,0.000000,0.012550,0.001065,0.004378,0.010845,0.00001142
34,160,1.344441,0.000084,18.3564,0.000000,0.000000,0.000000,0.011607,0.000882,0.004401,0.011149,0.00001142
34,161,1.493959,0.000076,16.9500,0.000000,0.000000,0.000000,0.005202,0.000507,0.003566,0.009494,0.00001142
34,162,1.402425,0.000082,16.6221,0.000000,0.000000,0.000000,0.004477,0.000527,0.003730,0.009473,0.00001142
34,163,1.500529,0.000095,20.2641,0.000000,0.000000,0.000000,0.011835,0.000731,0.004484,0.011799,0.00001142
34,164,1.287168,0.000075,16.1472,0.000000,0.000000,0.000000,0.005698,0.000540,0.003799,0.009787,0.00001142
34,165,1.348634,0.000085,19.3537,0.000000,0.000000,0.000000,0.006526,0.000603,0.003959,0.010567,0.00001142
34,166,1.274313,0.000091,17.2765,0.000000,0.000000,0.000000,0.006003,0.000546,0.003877,0.010337,0.00001142
34,167,1.346257,0.000071,21.0094,0.000000,0.000000,0.000000,0.008293,0.000325,0.004029,0.010192,0.00001142
34,168,1.435343,0.000075,18.1615,0.000000,0.000000,0.000000,0.034648,0.001231,0.005353,0.014006,0.00001142
34,169,1.403324,0.000088,20.8453,0.000000,0.000000,0.000000,0.007264,0.000627,0.004251,0.009998,0.00001142
34,170,1.377056,0.000090,18.6157,0.000000,0.000000,0.000000,0.005368,0.000467,0.004360,0.010062,0.00001142
34,171,1.381495,0.000095,19.8924,0.000000,0.000000,0.000000,0.004782,0.000355,0.004326,0.009776,0.00001142
34,172,1.297984,0.000075,17.3625,0.000000,0.000000,0.000000,0.004935,0.000525,0.003859,0.009244,0.00001142
34,173,1.389502,0.000091,19.4299,0.000000,0.000000,0.000000,0.010117,0.000459,0.004334,0.010265,0.00001142
34,174,1.583863,0.000123,24.2025,0.000000,0.000000,0.000000,0.021045,0.000595,0.005239,0.012716,0.00001142
34,175,1.320401,0.000072,19.1272,0.000000,0.000000,0.000000,0.027345,0.000621,0.004355,0.011604,0.00001142
34,176,1.322450,0.000068,20.4021,0.000000,0.000000,0.000000,0.004083,0.000351,0.004014,0.009646,0.00001142
34,177,1.346436,0.000088,18.9160,0.000000,0.000000,0.000000,0.005152,0.000390,0.004180,0.010212,0.00001142
34,178,1.314318,0.000078,17.9250,0.000000,0.000000,0.000000,0.007393,0.000591,0.004099,0.010438,0.00001142
34,179,1.225808,0.000064,16.6907,0.000000,0.000000,0.000000,0.003256,0.000423,0.003915,0.009725,0.00001142
34,180,1.225373,0.000064,16.9496,0.000000,0.000000,0.000000,0.006485,0.000752,0.004083,0.009971,0.00001142
34,181,1.410231,0.000080,18.9868,0.000000,0.000000,0.000000,0.014335,0.000474,0.003865,0.009630,0.00001142
34,182,1.283345,0.000073,15.8195,0.000000,0.000000,0.000000,0.009176,0.000495,0.003748,0.009186,0.00001142
34,183,1.357125,0.000078,19.5414,0.000000,0.000000,0.000000,0.010318,0.000473,0.004005,0.009843,0.00001142
34,184,1.352935,0.000081,19.4110,0.000000,0.000000,0.000000,0.010895,0.000541,0.003976,0.010150,0.00001142
34,185,1.309192,0.000079,18.0738,0.000000,0.000000,0.000000,0.010101,0.000616,0.004201,0.010056,0.00001142
34,186,1.258600,0.000072,18.0278,0.000000,0.000000,0.000000,0.009161,0.000348,0.003813,0.009470,0.00001142
34,187,1.323540,0.000076,16.9790,0.000000,0.000000,0.000000,0.008870,0.000589,0.004211,0.011069,0.00001142
34,188,1.282470,0.000076,16.5153,0.000000,0.000000,0.000000,0.004147,0.000308,0.004105,0.009879,0.00001142
34,189,1.291862,0.000075,17.1955,0.000000,0.000000,0.000000,0.005762,0.000392,0.003941,0.009967,0.00001142
34,190,1.436263,0.000105,20.7147,0.000000,0.000000,0.000000,0.010742,0.000372,0.004585,0.011709,0.00001142
34,191,1.325824,0.000061,22.1995,0.000000,0.000000,0.000000,0.005457,0.000408,0.003630,0.009274,0.00001142
34,192,1.292066,0.000076,18.7669,0.000000,0.000000,0.000000,0.010559,0.000420,0.004180,0.010343,0.00001142
34,193,1.307691,0.000062,17.0918,0.000000,0.000000,0.000000,0.005088,0.000364,0.003696,0.010321,0.00001142
34,194,1.331192,0.000084,17.3373,0.000000,0.000000,0.000000,0.005457,0.000500,0.004139,0.010575,0.00001142
34,195,1.304850,0.000089,16.1065,0.000000,0.000000,0.000000,0.005344,0.000603,0.004130,0.010315,0.00001142
34,196,1.273329,0.000070,17.9971,0.000000,0.000000,0.000000,0.005890,0.000360,0.003786,0.009612,0.00001142
34,197,1.246988,0.000068,17.9302,0.000000,0.000000,0.000000,0.004083,0.000354,0.003880,0.009649,0.00001142
34,198,1.293893,0.000075,17.5247,0.000000,0.000000,0.000000,0.005368,0.000456,0.004061,0.010102,0.00001142
34,199,1.290817,0.000069,16.5744,0.000000,0.000000,0.000000,0.004172,0.000382,0.003792,0.009107,0.00001142
34,200,1.334015,0.000062,20.2672,0.000000,0.000000,0.000000,0.017911,0.000186,0.004129,0.009966,0.00001142
34,201,1.318141,0.000080,18.0899,0.000000,0.000000,0.000000,0.006693,0.000416,0.004046,0.009468,0.00001142
34,202,1.331546,0.000088,18.2169,0.000000,0.000000,0.000000,0.007264,0.000402,0.004342,0.010460,0.00001142
34,203,1.320117,0.000075,18.3147,0.000000,0.000000,0.000000,0.007964,0.000562,0.004457,0.011279,0.00001142
34,204,1.268335,0.000082,16.2589,0.000000,0.000000,0.000000,0.004388,0.000314,0.004220,0.010638,0.00001142
34,205,1.304233,0.000096,16.8212,0.000000,0.000000,0.000000,0.008196,0.000410,0.004759,0.011886,0.00001142
34,206,1.387488,0.000087,20.6587,0.000000,0.000000,0.000000,0.016871,0.000443,0.004598,0.011428,0.00001142
34,207,1.388945,0.000086,18.4647,0.000000,0.000000,0.000000,0.028696,0.000681,0.004478,0.012784,0.00001142
34,208,1.305108,0.000084,17.3872,0.000000,0.000000,0.000000,0.011301,0.000302,0.004036,0.011450,0.00001142
34,209,1.398806,0.000110,18.2412,0.000000,0.000000,0.000000,0.016076,0.000552,0.004780,0.013836,0.00001142
34,210,1.501275,0.000128,20.2790,0.000000,0.000000,0.000000,0.019081,0.000606,0.005147,0.015300,0.00001142
34,211,1.339617,0.000098,18.5108,0.000000,0.000000,0.000000,0.019618,0.000592,0.004995,0.013750,0.00001142
34,212,1.332653,0.000081,18.5717,0.000000,0.000000,0.000000,0.007991,0.000552,0.004242,0.012419,0.00001142
34,213,1.455827,0.000083,21.4109,0.000000,0.000000,0.000000,0.004593,0.000612,0.003861,0.011439,0.00001142
34,214,1.478038,0.000086,21.1690,0.000000,0.000000,0.000000,0.006910,0.001020,0.003883,0.012769,0.00001142
34,215,1.423234,0.000088,20.2449,0.000000,0.000000,0.000000,0.005979,0.000816,0.003884,0.012513,0.00001142
34,216,1.294496,0.000076,17.1874,0.000000,0.000000,0.000000,0.007393,0.000563,0.003867,0.012075,0.00001142
34,217,1.366334,0.000073,17.7224,0.000000,0.000000,0.000000,0.004758,0.000693,0.003907,0.012039,0.00001142
34,218,1.350633,0.000074,17.4257,0.000000,0.000000,0.000000,0.004903,0.000706,0.003790,0.011948,0.00001142
34,219,1.437531,0.000095,20.5346,0.000000,0.000000,0.000000,0.007264,0.000364,0.004223,0.010889,0.00001142
34,220,1.314797,0.000083,19.0039,0.000000,0.000000,0.000000,0.007521,0.000361,0.003700,0.009315,0.00001142
34,221,1.337645,0.000090,18.4428,0.000000,0.000000,0.000000,0.007787,0.000433,0.003926,0.009643,0.00001142
34,222,1.314289,0.000082,18.4221,0.000000,0.000000,0.000000,0.005191,0.000329,0.004041,0.009554,0.00001142
34,223,1.458849,0.000107,21.4351,0.000000,0.000000,0.000000,0.011160,0.000536,0.004433,0.011046,0.00001142
34,224,1.310957,0.000072,18.0803,0.000000,0.000000,0.000000,0.005472,0.000568,0.004129,0.009975,0.00001142
34,225,1.335432,0.000063,20.2727,0.000000,0.000000,0.000000,0.004172,0.000232,0.003595,0.008878,0.00001142
34,226,1.372301,0.000067,19.7436,0.000000,0.000000,0.000000,0.005546,0.000481,0.003650,0.008807,0.00001142
34,227,1.260041,0.000072,16.0684,0.000000,0.000000,0.000000,0.007545,0.000540,0.003741,0.009669,0.00001142
34,228,1.310733,0.000074,19.3770,0.000000,0.000000,0.000000,0.005979,0.000472,0.004092,0.010410,0.00001142
34,229,1.403058,0.000110,18.8666,0.000000,0.000000,0.000000,0.010141,0.000680,0.004249,0.011538,0.00001142
34,230,1.462631,0.000123,20.0142,0.000000,0.000000,0.000000,0.014012,0.000950,0.004271,0.012164,0.00001142
34,231,1.318550,0.000077,17.5626,0.000000,0.000000,0.000000,0.005979,0.000474,0.003930,0.010401,0.00001142
34,232,1.181770,0.000067,14.4818,0.000000,0.000000,0.000000,0.010510,0.000541,0.004082,0.009976,0.00001142
34,233,1.395532,0.000105,19.4182,0.000000,0.000000,0.000000,0.010397,0.000754,0.004520,0.012115,0.00001142
34,234,1.228861,0.000070,15.9679,0.000000,0.000000,0.000000,0.003714,0.000425,0.003699,0.009315,0.00001142
34,235,1.249797,0.000067,18.1903,0.000000,0.000000,0.000000,0.003256,0.000427,0.003825,0.009409,0.00001142
34,236,1.262173,0.000073,16.5469,0.000000,0.000000,0.000000,0.006678,0.000348,0.003809,0.009574,0.00001142
34,237,1.224177,0.000064,16.1111,0.000000,0.000000,0.000000,0.004694,0.000404,0.003762,0.009535,0.00001142
34,238,1.227371,0.000064,17.3558,0.000000,0.000000,0.000000,0.004721,0.000540,0.003719,0.009384,0.00001142
34,239,1.558636,0.000118,24.4512,0.000000,0.000000,0.000000,0.009542,0.000476,0.004257,0.011360,0.00001142
34,240,1.308823,0.000084,19.3708,0.000000,0.000000,0.000000,0.008309,0.000400,0.003772,0.010247,0.00001142
34,241,1.392044,0.000100,20.4663,0.000000,0.000000,0.000000,0.008552,0.000352,0.004015,0.011424,0.00001142
34,242,1.453632,0.000109,19.7480,0.000000,0.000000,0.000000,0.009540,0.000568,0.004090,0.011745,0.00001142
34,243,1.299711,0.000077,17.9052,0.000000,0.000000,0.000000,0.008574,0.000528,0.003797,0.010586,0.00001142
34,244,1.207282,0.000070,15.2647,0.000000,0.000000,0.000000,0.006020,0.000455,0.003754,0.010282,0.00001142
34,245,1.396521,0.000090,19.5477,0.000000,0.000000,0.000000,0.011663,0.000845,0.004121,0.011353,0.00001142
34,246,1.499318,0.000108,22.1422,0.000000,0.000000,0.000000,0.016672,0.000792,0.004565,0.012292,0.00001142
34,247,1.382512,0.000106,17.9626,0.000000,0.000000,0.000000,0.014610,0.000761,0.004374,0.011901,0.00001142
34,248,1.397801,0.000093,19.8586,0.000000,0.000000,0.000000,0.011400,0.000542,0.004306,0.011667,0.00001142
34,249,1.325496,0.000091,18.4288,0.000000,0.000000,0.000000,0.011200,0.000612,0.004256,0.010615,0.00001142
34,250,1.448966,0.000097,21.1042,0.000000,0.000000,0.000000,0.010165,0.000602,0.004283,0.010903,0.00001142
34,251,1.630981,0.000111,23.4116,0.000000,0.000000,0.000000,0.012461,0.000554,0.004834,0.013285,0.00001142
34,252,1.399622,0.000088,18.1344,0.000000,0.000000,0.000000,0.013195,0.000463,0.004136,0.010565,0.00001142
34,253,1.336350,0.000090,18.0051,0.000000,0.000000,0.000000,0.007722,0.000424,0.004094,0.010223,0.00001142
34,254,1.375071,0.000091,19.5243,0.000000,0.000000,0.000000,0.012623,0.000366,0.004266,0.010552,0.00001142
34,255,1.302090,0.000082,17.7718,0.000000,0.000000,0.000000,0.009786,0.000346,0.004135,0.009838,0.00001142
34,256,1.391478,0.000074,21.5687,0.000000,0.000000,0.000000,0.014583,0.000343,0.004295,0.010276,0.00001142
34,257,1.260741,0.000065,16.2546,0.000000,0.000000,0.000000,0.017403,0.000427,0.003853,0.009320,0.00001142
34,258,1.462078,0.000082,22.5066,0.000000,0.000000,0.000000,0.009667,0.000357,0.003965,0.010252,0.00001142
34,259,1.569174,0.000117,24.0999,0.000000,0.000000,0.000000,0.024351,0.000585,0.004764,0.012447,0.00001142
34,260,1.420921,0.000100,20.0930,0.000000,0.000000,0.000000,0.018199,0.000758,0.004669,0.013077,0.00001142
34,261,1.462553,0.000106,21.4263,0.000000,0.000000,0.000000,0.015477,0.000680,0.004678,0.012486,0.00001142
34,262,1.402014,0.000097,18.8473,0.000000,0.000000,0.000000,0.016480,0.000616,0.004695,0.012414,0.00001142
34,263,1.246771,0.000075,16.9064,0.000000,0.000000,0.000000,0.007432,0.000489,0.004407,0.011132,0.00001142
34,264,1.476462,0.000113,20.3065,0.000000,0.000000,0.000000,0.035168,0.000656,0.004996,0.012965,0.00001142
34,265,1.426773,0.000105,21.3259,0.000000,0.000000,0.000000,0.007524,0.000377,0.004395,0.011417,0.00001142
34,266,1.295575,0.000093,18.6487,0.000000,0.000000,0.000000,0.006156,0.000289,0.003979,0.010233,0.00001142
34,267,1.300088,0.000079,17.5556,0.000000,0.000000,0.000000,0.004541,0.000317,0.003916,0.010370,0.00001142
34,268,1.241193,0.000065,16.3118,0.000000,0.000000,0.000000,0.008703,0.000317,0.003856,0.009676,0.00001142
34,269,1.283410,0.000074,17.9773,0.000000,0.000000,0.000000,0.005826,0.000525,0.004084,0.010330,0.00001142
34,270,1.273677,0.000062,17.2448,0.000000,0.000000,0.000000,0.010991,0.000320,0.003851,0.009726,0.00001142
34,271,1.278172,0.000085,16.9440,0.000000,0.000000,0.000000,0.011751,0.000545,0.004181,0.010914,0.00001142
34,272,1.483400,0.000130,19.6555,0.000000,0.000000,0.000000,0.023716,0.001053,0.005440,0.014814,0.00001142
34,273,1.654198,0.000163,24.6057,0.000000,0.000000,0.000000,0.039580,0.001395,0.006852,0.021348,0.00001142
34,274,1.470559,0.000121,20.4801,0.000000,0.000000,0.000000,0.027703,0.000548,0.005133,0.014859,0.00001142
34,275,1.652683,0.000163,21.4221,0.000000,0.000000,0.000000,0.040057,0.001384,0.006437,0.021731,0.00001142
34,276,1.725107,0.000175,23.5881,0.000000,0.000000,0.000000,0.049025,0.002469,0.007173,0.020948,0.00001142
34,277,1.526847,0.000109,20.3046,0.000000,0.000000,0.000000,0.013624,0.000667,0.004304,0.011118,0.00001142
34,278,1.308759,0.000083,17.0001,0.000000,0.000000,0.000000,0.007442,0.000516,0.003699,0.009301,0.00001142
34,279,1.263386,0.000074,17.6139,0.000000,0.000000,0.000000,0.007393,0.000593,0.003501,0.009501,0.00001142
34,280,1.341238,0.000087,18.8536,0.000000,0.000000,0.000000,0.009136,0.000486,0.003671,0.009425,0.00001142
34,281,1.303649,0.000085,17.7597,0.000000,0.000000,0.000000,0.006284,0.000611,0.003664,0.009432,0.00001142
34,282,1.272797,0.000077,17.5174,0.000000,0.000000,0.000000,0.006742,0.000517,0.003880,0.009970,0.00001142
34,283,1.212173,0.000056,16.8786,0.000000,0.000000,0.000000,0.002798,0.000345,0.003482,0.009563,0.00001142
34,284,1.350608,0.000067,22.4874,0.000000,0.000000,0.000000,0.013391,0.000396,0.003912,0.010018,0.00001142
34,285,1.388298,0.000092,20.0907,0.000000,0.000000,0.000000,0.014278,0.000403,0.004296,0.011308,0.00001142
34,286,1.238861,0.000075,16.4016,0.000000,0.000000,0.000000,0.010904,0.000448,0.004151,0.011166,0.00001142
34,287,1.290733,0.000077,18.1860,0.000000,0.000000,0.000000,0.008895,0.000485,0.003901,0.010569,0.00001142
34,288,1.283661,0.000080,18.7380,0.000000,0.000000,0.000000,0.008922,0.000465,0.003897,0.010587,0.00001142
34,289,1.264814,0.000082,16.8678,0.000000,0.000000,0.000000,0.007787,0.000738,0.004086,0.011388,0.00001142
34,290,1.553455,0.000116,22.3663,0.000000,0.000000,0.000000,0.010052,0.000656,0.004715,0.015367,0.00001142
34,291,1.373126,0.000084,18.6916,0.000000,0.000000,0.000000,0.011353,0.000642,0.003992,0.013293,0.00001142
34,292,1.281786,0.000095,16.9473,0.000000,0.000000,0.000000,0.011145,0.000708,0.004230,0.014136,0.00001142
34,293,1.255546,0.000086,17.9824,0.000000,0.000000,0.000000,0.012039,0.000547,0.004288,0.013884,0.00001142
34,294,1.267868,0.000079,17.6852,0.000000,0.000000,0.000000,0.008486,0.000503,0.003905,0.013677,0.00001142
34,295,1.340120,0.000092,17.7526,0.000000,0.000000,0.000000,0.011554,0.000963,0.004223,0.015164,0.00001142
34,296,1.294409,0.000090,16.6656,0.000000,0.000000,0.000000,0.020972,0.000637,0.004160,0.015183,0.00001142
35,1,1.596127,0.000109,18.8143,0.000000,0.000000,0.000000,0.012468,0.000572,0.004541,0.011059,0.00000288
35,2,1.566815,0.000105,18.3195,0.000000,0.000000,0.000000,0.011881,0.000682,0.004463,0.011239,0.00000288
35,3,1.491830,0.000105,17.5648,0.000000,0.000000,0.000000,0.009471,0.000621,0.004346,0.010864,0.00000288
35,4,1.502987,0.000103,19.1582,0.000000,0.000000,0.000000,0.009646,0.000494,0.004525,0.011546,0.00000288
35,5,1.461582,0.000106,18.7550,0.000000,0.000000,0.000000,0.012708,0.000646,0.004373,0.011981,0.00000288
35,6,1.461981,0.000108,19.9569,0.000000,0.000000,0.000000,0.014876,0.000496,0.004383,0.011100,0.00000288
35,7,1.366319,0.000109,17.6657,0.000000,0.000000,0.000000,0.016805,0.000541,0.004296,0.012787,0.00000288
35,8,1.434791,0.000111,20.1495,0.000000,0.000000,0.000000,0.016849,0.000623,0.004492,0.012522,0.00000288
35,9,1.419947,0.000118,18.9691,0.000000,0.000000,0.000000,0.021900,0.000799,0.004571,0.013441,0.00000288
35,10,1.388415,0.000113,18.7702,0.000000,0.000000,0.000000,0.016888,0.000615,0.004392,0.012680,0.00000288
35,11,1.387814,0.000114,18.5424,0.000000,0.000000,0.000000,0.017885,0.000723,0.004441,0.012963,0.00000288
35,12,1.363558,0.000102,18.3169,0.000000,0.000000,0.000000,0.014531,0.000553,0.004413,0.012188,0.00000288
35,13,1.455987,0.000091,17.9805,0.000000,0.000000,0.000000,0.010679,0.000485,0.003719,0.009769,0.00000288
35,14,1.392790,0.000089,17.5116,0.000000,0.000000,0.000000,0.009879,0.000527,0.003946,0.009872,0.00000288
35,15,1.385469,0.000089,17.1303,0.000000,0.000000,0.000000,0.012082,0.000618,0.003902,0.010652,0.00000288
35,16,1.389708,0.000089,18.0393,0.000000,0.000000,0.000000,0.007939,0.000526,0.003839,0.009918,0.00000288
35,17,1.389254,0.000087,18.9402,0.000000,0.000000,0.000000,0.013517,0.000580,0.003916,0.010246,0.00000288
35,18,1.346309,0.000091,18.1697,0.000000,0.000000,0.000000,0.011276,0.000526,0.004053,0.010294,0.00000288
35,19,1.482577,0.000082,21.6084,0.000000,0.000000,0.000000,0.013450,0.000742,0.004650,0.011879,0.00000288
35,20,1.553181,0.000086,18.8519,0.000000,0.000000,0.000000,0.024075,0.001200,0.004314,0.013318,0.00000288
35,21,1.525304,0.000076,18.9312,0.000000,0.000000,0.000000,0.016597,0.000926,0.004089,0.011618,0.00000288
35,22,1.440038,0.000080,17.6985,0.000000,0.000000,0.000000,0.014888,0.000814,0.004179,0.011727,0.00000288
35,23,1.397488,0.000088,19.0396,0.000000,0.000000,0.000000,0.017051,0.000957,0.004624,0.012502,0.00000288
35,24,1.459710,0.000098,15.5686,0.000000,0.000000,0.000000,0.030226,0.001291,0.004612,0.014649,0.00000288
35,25,1.320345,0.000068,17.7010,0.000000,0.000000,0.000000,0.009269,0.000584,0.004270,0.012086,0.00000288
35,26,1.277022,0.000083,16.2527,0.000000,0.000000,0.000000,0.006919,0.000589,0.004305,0.010781,0.00000288
35,27,1.350489,0.000101,18.9854,0.000000,0.000000,0.000000,0.008870,0.000488,0.004516,0.011677,0.00000288
35,28,1.314630,0.000092,18.3557,0.000000,0.000000,0.000000,0.005585,0.000540,0.004484,0.011083,0.00000288
35,29,1.318597,0.000094,18.2212,0.000000,0.000000,0.000000,0.008180,0.000554,0.004612,0.011530,0.00000288
35,30,1.323744,0.000093,18.9872,0.000000,0.000000,0.000000,0.006501,0.000524,0.004385,0.010951,0.00000288
35,31,1.325330,0.000100,18.3202,0.000000,0.000000,0.000000,0.009096,0.000651,0.004484,0.011137,0.00000288
35,32,1.436478,0.000103,20.9228,0.000000,0.000000,0.000000,0.010101,0.000602,0.004774,0.012262,0.00000288
35,33,1.463903,0.000094,19.6109,0.000000,0.000000,0.000000,0.024269,0.000802,0.004099,0.011777,0.00000288
35,34,1.433015,0.000093,19.3356,0.000000,0.000000,0.000000,0.019618,0.000643,0.004151,0.011037,0.00000288
35,35,1.461856,0.000095,19.5142,0.000000,0.000000,0.000000,0.028245,0.000756,0.004030,0.010920,0.00000288
35,36,1.322216,0.000079,17.9561,0.000000,0.000000,0.000000,0.020870,0.000630,0.004012,0.010638,0.00000288
35,37,1.310987,0.000082,17.4374,0.000000,0.000000,0.000000,0.022097,0.000585,0.004057,0.011009,0.00000288
35,38,1.334436,0.000078,18.4925,0.000000,0.000000,0.000000,0.021429,0.000736,0.004145,0.010904,0.00000288
35,39,1.397413,0.000087,19.8188,0.000000,0.000000,0.000000,0.006196,0.000605,0.004039,0.010042,0.00000288
35,40,1.343554,0.000084,18.1804,0.000000,0.000000,0.000000,0.006590,0.000423,0.003962,0.009792,0.00000288
35,41,1.376617,0.000088,18.8761,0.000000,0.000000,0.000000,0.009665,0.000592,0.004237,0.010806,0.00000288
35,42,1.369681,0.000093,19.5804,0.000000,0.000000,0.000000,0.009466,0.000505,0.004104,0.010149,0.00000288
35,43,1.354447,0.000092,18.4723,0.000000,0.000000,0.000000,0.006737,0.000614,0.004085,0.010367,0.00000288
35,44,1.361101,0.000093,19.2074,0.000000,0.000000,0.000000,0.009613,0.000502,0.004204,0.010150,0.00000288
35,45,1.237231,0.000075,16.4919,0.000000,0.000000,0.000000,0.007352,0.000454,0.004130,0.009672,0.00000288
35,46,1.387093,0.000079,20.2540,0.000000,0.000000,0.000000,0.012928,0.000612,0.004173,0.010560,0.00000288
35,47,1.359507,0.000088,18.0636,0.000000,0.000000,0.000000,0.015145,0.000619,0.004294,0.010985,0.00000288
35,48,1.248081,0.000077,16.4915,0.000000,0.000000,0.000000,0.012576,0.000446,0.004240,0.010110,0.00000288
35,49,1.389997,0.000096,18.5317,0.000000,0.000000,0.000000,0.021066,0.000775,0.004556,0.011560,0.00000288
35,50,1.304169,0.000070,19.0711,0.000000,0.000000,0.000000,0.009554,0.000409,0.004072,0.010047,0.00000288
35,51,1.335731,0.000068,19.6945,0.000000,0.000000,0.000000,0.019862,0.000462,0.004802,0.010246,0.00000288
35,52,1.343844,0.000087,16.8369,0.000000,0.000000,0.000000,0.011330,0.000612,0.004114,0.010710,0.00000288
35,53,1.334882,0.000076,16.5395,0.000000,0.000000,0.000000,0.005674,0.000403,0.003990,0.010222,0.00000288
35,54,1.367108,0.000103,18.4664,0.000000,0.000000,0.000000,0.006565,0.000323,0.004217,0.010399,0.00000288
35,55,1.382671,0.000096,18.8851,0.000000,0.000000,0.000000,0.007787,0.000392,0.004180,0.010798,0.00000288
35,56,1.295942,0.000081,17.7991,0.000000,0.000000,0.000000,0.008028,0.000454,0.004038,0.010409,0.00000288
35,57,1.334504,0.000103,17.8644,0.000000,0.000000,0.000000,0.009683,0.000303,0.004330,0.010932,0.00000288
35,58,1.259356,0.000074,18.2366,0.000000,0.000000,0.000000,0.004172,0.000293,0.003785,0.009482,0.00000288
35,59,1.664193,0.000129,21.2704,0.000000,0.000000,0.000000,0.022583,0.000944,0.004855,0.012220,0.00000288
35,60,1.557463,0.000115,20.2732,0.000000,0.000000,0.000000,0.016167,0.001085,0.004838,0.012746,0.00000288
35,61,1.340074,0.000090,17.5719,0.000000,0.000000,0.000000,0.012928,0.000634,0.004429,0.011053,0.00000288
35,62,1.395662,0.000090,18.5264,0.000000,0.000000,0.000000,0.012495,0.000662,0.004418,0.011244,0.00000288
35,63,1.423705,0.000115,18.6517,0.000000,0.000000,0.000000,0.017499,0.000757,0.004693,0.012897,0.00000288
35,64,1.372004,0.000102,17.6409,0.000000,0.000000,0.000000,0.009305,0.000681,0.004727,0.012055,0.00000288
35,65,1.317844,0.000103,16.1397,0.000000,0.000000,0.000000,0.011764,0.000705,0.004952,0.017613,0.00000288
35,66,1.364418,0.000104,19.2809,0.000000,0.000000,0.000000,0.009594,0.000496,0.004704,0.016753,0.00000288
35,67,1.412165,0.000105,20.2780,0.000000,0.000000,0.000000,0.009619,0.000811,0.005229,0.018576,0.00000288
35,68,1.409996,0.000119,19.9046,0.000000,0.000000,0.000000,0.013893,0.000810,0.005009,0.018638,0.00000288
35,69,1.317644,0.000108,17.3449,0.000000,0.000000,0.000000,0.012269,0.000860,0.005162,0.018880,0.00000288
35,70,1.332075,0.000107,18.5057,0.000000,0.000000,0.000000,0.012714,0.000996,0.005053,0.018536,0.00000288
35,71,1.202412,0.000067,16.2717,0.000000,0.000000,0.000000,0.005271,0.000378,0.004199,0.012698,0.00000288
35,72,1.328768,0.000098,18.5630,0.000000,0.000000,0.000000,0.005915,0.000482,0.004522,0.013160,0.00000288
35,73,1.271144,0.000074,17.4698,0.000000,0.000000,0.000000,0.008269,0.000541,0.004275,0.013418,0.00000288
35,74,1.254004,0.000082,17.2862,0.000000,0.000000,0.000000,0.005304,0.000388,0.004137,0.012499,0.00000288
35,75,1.304814,0.000070,19.6213,0.000000,0.000000,0.000000,0.007698,0.000599,0.004396,0.015587,0.00000288
35,76,1.390713,0.000100,19.4665,0.000000,0.000000,0.000000,0.007531,0.000881,0.004588,0.013612,0.00000288
35,77,1.363343,0.000074,18.1783,0.000000,0.000000,0.000000,0.007112,0.000537,0.004729,0.013960,0.00000288
35,78,1.430417,0.000099,18.9459,0.000000,0.000000,0.000000,0.008220,0.000420,0.004568,0.012765,0.00000288
35,79,1.409242,0.000095,19.4620,0.000000,0.000000,0.000000,0.008565,0.000423,0.004239,0.012511,0.00000288
35,80,1.447083,0.000105,20.2922,0.000000,0.000000,0.000000,0.007355,0.000337,0.004422,0.011842,0.00000288
35,81,1.316939,0.000078,18.8417,0.000000,0.000000,0.000000,0.003472,0.000406,0.003876,0.010031,0.00000288
35,82,1.319855,0.000078,17.8087,0.000000,0.000000,0.000000,0.005088,0.000463,0.004148,0.010910,0.00000288
35,83,1.318785,0.000073,18.8780,0.000000,0.000000,0.000000,0.004859,0.000373,0.004019,0.011551,0.00000288
35,84,1.417503,0.000068,20.0972,0.000000,0.000000,0.000000,0.012992,0.000591,0.004423,0.009343,0.00000288
35,85,1.296324,0.000067,16.8281,0.000000,0.000000,0.000000,0.008269,0.000521,0.004103,0.010019,0.00000288
35,86,1.330327,0.000080,17.8317,0.000000,0.000000,0.000000,0.008052,0.000373,0.003928,0.009812,0.00000288
35,87,1.247106,0.000077,14.9672,0.000000,0.000000,0.000000,0.006043,0.000476,0.003892,0.009595,0.00000288
35,88,1.250174,0.000079,16.3609,0.000000,0.000000,0.000000,0.005698,0.000404,0.004021,0.010179,0.00000288
35,89,1.295497,0.000078,17.0043,0.000000,0.000000,0.000000,0.006693,0.000671,0.004030,0.009932,0.00000288
35,90,1.244682,0.000070,16.6779,0.000000,0.000000,0.000000,0.008781,0.000627,0.004386,0.010678,0.00000288
35,91,1.444695,0.000080,18.4942,0.000000,0.000000,0.000000,0.011004,0.000677,0.004051,0.011266,0.00000288
35,92,1.382269,0.000085,17.5811,0.000000,0.000000,0.000000,0.008974,0.000467,0.004077,0.011402,0.00000288
35,93,1.339545,0.000079,18.2180,0.000000,0.000000,0.000000,0.007658,0.000526,0.003966,0.011006,0.00000288
35,94,1.274193,0.000073,17.2184,0.000000,0.000000,0.000000,0.008461,0.000471,0.003820,0.010151,0.00000288
35,95,1.290582,0.000086,16.6816,0.000000,0.000000,0.000000,0.009377,0.000373,0.004010,0.011567,0.00000288
35,96,1.260720,0.000071,17.6842,0.000000,0.000000,0.000000,0.007437,0.000452,0.003802,0.010274,0.00000288
35,97,1.271216,0.000076,16.8929,0.000000,0.000000,0.000000,0.003677,0.000460,0.004226,0.010588,0.00000288
35,98,1.268016,0.000078,17.0887,0.000000,0.000000,0.000000,0.007112,0.000520,0.004021,0.010068,0.00000288
35,99,1.307172,0.000084,18.1792,0.000000,0.000000,0.000000,0.008550,0.000449,0.004055,0.009522,0.00000288
35,100,1.373791,0.000100,20.1915,0.000000,0.000000,0.000000,0.006501,0.000365,0.004440,0.010548,0.00000288
35,101,1.346713,0.000084,19.5374,0.000000,0.000000,0.000000,0.007112,0.000465,0.003905,0.010086,0.00000288
35,102,1.255124,0.000069,17.9533,0.000000,0.000000,0.000000,0.006033,0.000434,0.003851,0.009340,0.00000288
35,103,1.315134,0.000068,18.1618,0.000000,0.000000,0.000000,0.003828,0.000537,0.003568,0.009248,0.00000288
35,104,1.315806,0.000070,18.3337,0.000000,0.000000,0.000000,0.005497,0.000417,0.003668,0.009036,0.00000288
35,105,1.292786,0.000072,17.3723,0.000000,0.000000,0.000000,0.004147,0.000403,0.003595,0.009222,0.00000288
35,106,1.341795,0.000083,17.9627,0.000000,0.000000,0.000000,0.007674,0.000410,0.003901,0.009514,0.00000288
35,107,1.346595,0.000089,17.7304,0.000000,0.000000,0.000000,0.006348,0.000542,0.003888,0.010066,0.00000288
35,108,1.290276,0.000084,17.3061,0.000000,0.000000,0.000000,0.005432,0.000439,0.003884,0.009325,0.00000288
35,109,1.203665,0.000079,17.2812,0.000000,0.000000,0.000000,0.002798,0.000400,0.003902,0.009819,0.00000288
35,110,1.346170,0.000076,17.9374,0.000000,0.000000,0.000000,0.002111,0.000547,0.004173,0.009411,0.00000288
35,111,1.264531,0.000082,17.3043,0.000000,0.000000,0.000000,0.008461,0.000423,0.004296,0.009483,0.00000288
35,112,1.262069,0.000080,16.4107,0.000000,0.000000,0.000000,0.008614,0.000495,0.004180,0.009241,0.00000288
35,113,1.300878,0.000092,17.5583,0.000000,0.000000,0.000000,0.008575,0.000482,0.004679,0.010078,0.00000288
35,114,1.417026,0.000111,18.8570,0.000000,0.000000,0.000000,0.018020,0.000468,0.005005,0.012286,0.00000288
35,115,1.335561,0.000084,18.6514,0.000000,0.000000,0.000000,0.012037,0.000585,0.004293,0.009593,0.00000288
35,116,1.322135,0.000085,19.3011,0.000000,0.000000,0.000000,0.008220,0.000387,0.004384,0.009463,0.00000288
35,117,1.568684,0.000091,18.2489,0.000000,0.000000,0.000000,0.012992,0.001221,0.004296,0.010874,0.00000288
35,118,1.524956,0.000088,17.5369,0.000000,0.000000,0.000000,0.009964,0.001166,0.004322,0.011286,0.00000288
35,119,1.440103,0.000089,16.7876,0.000000,0.000000,0.000000,0.017411,0.001418,0.004094,0.010714,0.00000288
35,120,1.467582,0.000089,17.6797,0.000000,0.000000,0.000000,0.012116,0.001113,0.004381,0.011117,0.00000288
35,121,1.391323,0.000081,17.1614,0.000000,0.000000,0.000000,0.014052,0.001229,0.004202,0.010821,0.00000288
35,122,1.376526,0.000094,17.0521,0.000000,0.000000,0.000000,0.011937,0.001909,0.004171,0.011274,0.00000288
35,123,1.386392,0.000086,16.1085,0.000000,0.000000,0.000000,0.007084,0.000501,0.003942,0.009683,0.00000288
35,124,1.440870,0.000090,16.9216,0.000000,0.000000,0.000000,0.008373,0.000653,0.003923,0.009597,0.00000288
35,125,1.373560,0.000077,16.6952,0.000000,0.000000,0.000000,0.008132,0.000673,0.003699,0.008962,0.00000288
35,126,1.283087,0.000065,17.2104,0.000000,0.000000,0.000000,0.005432,0.000411,0.003684,0.009003,0.00000288
35,127,1.363308,0.000079,18.1640,0.000000,0.000000,0.000000,0.011594,0.000510,0.003936,0.009380,0.00000288
35,128,1.515616,0.000127,21.0635,0.000000,0.000000,0.000000,0.016266,0.000664,0.004685,0.011812,0.00000288
35,129,1.407632,0.000084,17.4926,0.000000,0.000000,0.000000,0.013267,0.000495,0.004366,0.010486,0.00000288
35,130,1.413556,0.000075,18.6681,0.000000,0.000000,0.000000,0.006461,0.000461,0.003949,0.009883,0.00000288
35,131,1.399971,0.000079,17.8849,0.000000,0.000000,0.000000,0.004846,0.000506,0.004233,0.010181,0.00000288
35,132,1.459588,0.000106,19.3904,0.000000,0.000000,0.000000,0.007378,0.000391,0.004628,0.011417,0.00000288
35,133,1.315661,0.000086,15.9532,0.000000,0.000000,0.000000,0.005698,0.000406,0.004275,0.010245,0.00000288
35,134,1.263772,0.000070,16.6285,0.000000,0.000000,0.000000,0.004388,0.000316,0.004111,0.010000,0.00000288
35,135,1.361321,0.000090,16.6814,0.000000,0.000000,0.000000,0.023306,0.000438,0.004225,0.011218,0.00000288
35,136,1.394846,0.000094,19.0440,0.000000,0.000000,0.000000,0.017218,0.000528,0.004263,0.010987,0.00000288
35,137,1.320963,0.000081,16.6816,0.000000,0.000000,0.000000,0.011289,0.000473,0.004108,0.010244,0.00000288
35,138,1.211324,0.000070,14.9927,0.000000,0.000000,0.000000,0.010446,0.000420,0.003927,0.009524,0.00000288
35,139,1.340058,0.000092,18.9594,0.000000,0.000000,0.000000,0.016149,0.000443,0.004062,0.010713,0.00000288
35,140,1.232327,0.000078,15.7319,0.000000,0.000000,0.000000,0.015450,0.000416,0.003751,0.009534,0.00000288
35,141,1.472784,0.000101,23.6427,0.000000,0.000000,0.000000,0.021525,0.000360,0.004472,0.011150,0.00000288
35,142,1.386553,0.000081,20.3425,0.000000,0.000000,0.000000,0.006919,0.000712,0.005103,0.012774,0.00000288
35,143,1.196453,0.000070,17.0041,0.000000,0.000000,0.000000,0.005521,0.000350,0.004233,0.010928,0.00000288
35,144,1.254550,0.000090,16.4870,0.000000,0.000000,0.000000,0.005304,0.000340,0.004305,0.011103,0.00000288
35,145,1.272691,0.000078,18.5337,0.000000,0.000000,0.000000,0.005521,0.000295,0.004130,0.010862,0.00000288
35,146,1.303303,0.000089,17.7304,0.000000,0.000000,0.000000,0.006437,0.000364,0.004504,0.011845,0.00000288
35,147,1.235893,0.000076,17.4106,0.000000,0.000000,0.000000,0.004630,0.000350,0.004032,0.010823,0.00000288
35,148,1.319183,0.000068,20.0782,0.000000,0.000000,0.000000,0.004515,0.000323,0.004141,0.011430,0.00000288
35,149,1.257343,0.000074,15.5273,0.000000,0.000000,0.000000,0.009983,0.000347,0.004156,0.009894,0.00000288
35,150,1.295802,0.000072,16.9090,0.000000,0.000000,0.000000,0.003472,0.000384,0.003931,0.009571,0.00000288
35,151,1.267104,0.000075,17.0086,0.000000,0.000000,0.000000,0.006220,0.000417,0.003982,0.009808,0.00000288
35,152,1.270981,0.000073,16.6418,0.000000,0.000000,0.000000,0.004910,0.000345,0.004069,0.009801,0.00000288
35,153,1.297881,0.000082,17.6167,0.000000,0.000000,0.000000,0.004364,0.000381,0.004147,0.010030,0.00000288
35,154,1.266343,0.000077,17.4777,0.000000,0.000000,0.000000,0.006100,0.000439,0.004216,0.009481,0.00000288
35,155,1.310352,0.000089,17.3220,0.000000,0.000000,0.000000,0.007799,0.000498,0.004005,0.010070,0.00000288
35,156,1.305474,0.000081,18.3195,0.000000,0.000000,0.000000,0.006590,0.000680,0.004059,0.009887,0.00000288
35,157,1.267559,0.000089,16.2070,0.000000,0.000000,0.000000,0.008028,0.000611,0.004117,0.010079,0.00000288
35,158,1.302607,0.000080,17.5233,0.000000,0.000000,0.000000,0.009225,0.000680,0.004435,0.010983,0.00000288
35,159,1.323083,0.000089,16.7005,0.000000,0.000000,0.000000,0.013490,0.001044,0.004377,0.010756,0.00000288
35,160,1.314285,0.000084,17.5210,0.000000,0.000000,0.000000,0.011718,0.000887,0.004468,0.011343,0.00000288
35,161,1.410211,0.000075,17.8831,0.000000,0.000000,0.000000,0.006576,0.000416,0.003757,0.010009,0.00000288
35,162,1.414137,0.000078,17.8930,0.000000,0.000000,0.000000,0.006348,0.000493,0.003777,0.009314,0.00000288
35,163,1.522187,0.000091,20.6057,0.000000,0.000000,0.000000,0.011057,0.000690,0.004505,0.011774,0.00000288
35,164,1.339094,0.000075,16.3738,0.000000,0.000000,0.000000,0.007506,0.000514,0.004013,0.010002,0.00000288
35,165,1.355977,0.000082,18.5133,0.000000,0.000000,0.000000,0.007417,0.000551,0.004014,0.010100,0.00000288
35,166,1.331995,0.000090,17.4415,0.000000,0.000000,0.000000,0.007377,0.000491,0.003970,0.010477,0.00000288
35,167,1.339863,0.000081,16.7951,0.000000,0.000000,0.000000,0.011041,0.000450,0.003836,0.010452,0.00000288
35,168,1.378911,0.000078,18.3128,0.000000,0.000000,0.000000,0.037827,0.001143,0.005513,0.014052,0.00000288
35,169,1.364658,0.000089,19.0326,0.000000,0.000000,0.000000,0.007264,0.000601,0.004138,0.009932,0.00000288
35,170,1.363056,0.000091,18.2357,0.000000,0.000000,0.000000,0.004083,0.000445,0.004389,0.009815,0.00000288
35,171,1.371377,0.000095,19.9894,0.000000,0.000000,0.000000,0.004605,0.000383,0.004399,0.009567,0.00000288
35,172,1.274140,0.000075,17.6159,0.000000,0.000000,0.000000,0.005304,0.000534,0.003734,0.009168,0.00000288
35,173,1.356161,0.000090,19.2273,0.000000,0.000000,0.000000,0.008205,0.000422,0.004314,0.010225,0.00000288
35,174,1.502027,0.000126,21.3260,0.000000,0.000000,0.000000,0.015282,0.000468,0.004986,0.012562,0.00000288
35,175,1.356247,0.000074,19.6206,0.000000,0.000000,0.000000,0.028409,0.000596,0.004342,0.011388,0.00000288
35,176,1.258332,0.000069,18.3252,0.000000,0.000000,0.000000,0.004950,0.000346,0.004070,0.009564,0.00000288
35,177,1.312835,0.000088,17.7483,0.000000,0.000000,0.000000,0.006284,0.000385,0.004149,0.010092,0.00000288
35,178,1.292685,0.000079,17.7296,0.000000,0.000000,0.000000,0.007216,0.000575,0.004129,0.010681,0.00000288
35,179,1.246668,0.000067,18.5417,0.000000,0.000000,0.000000,0.004236,0.000392,0.003853,0.009332,0.00000288
35,180,1.219218,0.000065,15.9544,0.000000,0.000000,0.000000,0.005386,0.000698,0.003749,0.009510,0.00000288
35,181,1.407726,0.000078,19.3791,0.000000,0.000000,0.000000,0.012631,0.000447,0.003906,0.009660,0.00000288
35,182,1.304891,0.000071,16.7146,0.000000,0.000000,0.000000,0.007329,0.000497,0.003692,0.009238,0.00000288
35,183,1.387173,0.000076,20.1265,0.000000,0.000000,0.000000,0.007747,0.000439,0.004043,0.009667,0.00000288
35,184,1.344388,0.000081,17.8052,0.000000,0.000000,0.000000,0.010727,0.000495,0.003987,0.010063,0.00000288
35,185,1.315328,0.000077,17.5509,0.000000,0.000000,0.000000,0.008294,0.000672,0.004133,0.010176,0.00000288
35,186,1.274648,0.000069,17.6043,0.000000,0.000000,0.000000,0.006888,0.000432,0.003850,0.009497,0.00000288
35,187,1.275447,0.000075,16.8215,0.000000,0.000000,0.000000,0.009233,0.000585,0.004291,0.011131,0.00000288
35,188,1.300683,0.000077,17.7613,0.000000,0.000000,0.000000,0.005304,0.000319,0.004066,0.010193,0.00000288
35,189,1.306028,0.000080,18.3143,0.000000,0.000000,0.000000,0.006043,0.000333,0.003988,0.010299,0.00000288
35,190,1.437130,0.000108,21.3321,0.000000,0.000000,0.000000,0.006171,0.000341,0.004645,0.012147,0.00000288
35,191,1.255802,0.000062,18.0784,0.000000,0.000000,0.000000,0.006373,0.000392,0.003723,0.009574,0.00000288
35,192,1.292715,0.000077,18.7143,0.000000,0.000000,0.000000,0.008678,0.000420,0.004240,0.010607,0.00000288
35,193,1.302523,0.000059,18.4875,0.000000,0.000000,0.000000,0.002990,0.000416,0.003947,0.010377,0.00000288
35,194,1.352439,0.000083,17.4071,0.000000,0.000000,0.000000,0.006806,0.000407,0.004017,0.010163,0.00000288
35,195,1.308088,0.000089,16.4184,0.000000,0.000000,0.000000,0.006718,0.000597,0.004183,0.010407,0.00000288
35,196,1.254372,0.000071,16.5244,0.000000,0.000000,0.000000,0.004935,0.000326,0.003838,0.009760,0.00000288
35,197,1.236761,0.000069,16.5138,0.000000,0.000000,0.000000,0.004694,0.000350,0.003888,0.010071,0.00000288
35,198,1.317404,0.000079,18.7404,0.000000,0.000000,0.000000,0.006871,0.000443,0.004136,0.010723,0.00000288
35,199,1.264080,0.000065,16.6529,0.000000,0.000000,0.000000,0.007606,0.000367,0.003965,0.008855,0.00000288
35,200,1.384923,0.000067,20.9915,0.000000,0.000000,0.000000,0.014943,0.000302,0.004133,0.009285,0.00000288
35,201,1.334506,0.000079,16.3107,0.000000,0.000000,0.000000,0.008180,0.000387,0.004092,0.009692,0.00000288
35,202,1.363443,0.000086,19.1541,0.000000,0.000000,0.000000,0.006437,0.000334,0.004392,0.010457,0.00000288
35,203,1.366632,0.000072,19.0663,0.000000,0.000000,0.000000,0.008791,0.000557,0.004400,0.010407,0.00000288
35,204,1.306925,0.000080,17.4386,0.000000,0.000000,0.000000,0.004477,0.000301,0.004401,0.010488,0.00000288
35,205,1.361700,0.000094,18.3671,0.000000,0.000000,0.000000,0.009762,0.000407,0.004683,0.011483,0.00000288
35,206,1.380988,0.000086,19.4829,0.000000,0.000000,0.000000,0.016829,0.000473,0.004673,0.011652,0.00000288
35,207,1.420696,0.000086,19.2340,0.000000,0.000000,0.000000,0.026397,0.000748,0.004506,0.012556,0.00000288
35,208,1.342982,0.000082,18.3902,0.000000,0.000000,0.000000,0.011771,0.000312,0.004091,0.011061,0.00000288
35,209,1.423579,0.000106,19.1212,0.000000,0.000000,0.000000,0.015756,0.000576,0.004716,0.013304,0.00000288
35,210,1.519638,0.000129,20.4400,0.000000,0.000000,0.000000,0.016712,0.000516,0.005225,0.015335,0.00000288
35,211,1.348758,0.000100,17.6273,0.000000,0.000000,0.000000,0.019908,0.000626,0.004872,0.013623,0.00000288
35,212,1.335662,0.000085,17.9521,0.000000,0.000000,0.000000,0.008545,0.000533,0.004326,0.012946,0.00000288
35,213,1.388135,0.000081,18.3519,0.000000,0.000000,0.000000,0.004268,0.000610,0.003918,0.011052,0.00000288
35,214,1.510386,0.000084,18.6026,0.000000,0.000000,0.000000,0.007585,0.000908,0.003933,0.011613,0.00000288
35,215,1.464885,0.000086,18.6139,0.000000,0.000000,0.000000,0.005738,0.000838,0.003996,0.012064,0.00000288
35,216,1.296189,0.000075,17.2561,0.000000,0.000000,0.000000,0.006565,0.000590,0.003943,0.011818,0.00000288
35,217,1.343368,0.000069,18.2062,0.000000,0.000000,0.000000,0.003689,0.000723,0.003959,0.012021,0.00000288
35,218,1.342265,0.000074,17.6648,0.000000,0.000000,0.000000,0.004687,0.000779,0.003959,0.012318,0.00000288
35,219,1.384825,0.000101,19.1985,0.000000,0.000000,0.000000,0.007463,0.000273,0.004052,0.009597,0.00000288
35,220,1.278362,0.000079,17.4456,0.000000,0.000000,0.000000,0.007481,0.000330,0.003744,0.009333,0.00000288
35,221,1.344865,0.000091,18.4628,0.000000,0.000000,0.000000,0.007240,0.000461,0.003977,0.009711,0.00000288
35,222,1.325549,0.000083,18.4403,0.000000,0.000000,0.000000,0.006147,0.000331,0.003895,0.009428,0.00000288
35,223,1.484875,0.000107,22.2469,0.000000,0.000000,0.000000,0.012913,0.000535,0.004411,0.010926,0.00000288
35,224,1.312771,0.000074,18.4535,0.000000,0.000000,0.000000,0.005457,0.000494,0.004217,0.010095,0.00000288
35,225,1.318420,0.000063,20.7416,0.000000,0.000000,0.000000,0.004172,0.000333,0.003439,0.008200,0.00000288
35,226,1.313545,0.000066,19.5249,0.000000,0.000000,0.000000,0.009956,0.000496,0.003953,0.010035,0.00000288
35,227,1.286521,0.000070,16.3325,0.000000,0.000000,0.000000,0.006693,0.000513,0.003798,0.009342,0.00000288
35,228,1.309937,0.000075,17.6224,0.000000,0.000000,0.000000,0.005762,0.000426,0.004205,0.010397,0.00000288
35,229,1.428256,0.000108,19.0503,0.000000,0.000000,0.000000,0.010012,0.000624,0.004374,0.011357,0.00000288
35,230,1.495108,0.000123,20.0614,0.000000,0.000000,0.000000,0.013185,0.000922,0.004386,0.012430,0.00000288
35,231,1.221707,0.000076,16.2857,0.000000,0.000000,0.000000,0.006831,0.000556,0.003876,0.010158,0.00000288
35,232,1.196938,0.000066,15.9687,0.000000,0.000000,0.000000,0.008486,0.000527,0.004079,0.009751,0.00000288
35,233,1.390909,0.000096,19.0180,0.000000,0.000000,0.000000,0.007722,0.000697,0.004668,0.011651,0.00000288
35,234,1.278307,0.000067,17.1039,0.000000,0.000000,0.000000,0.003408,0.000395,0.003699,0.009081,0.00000288
35,235,1.279319,0.000064,18.1960,0.000000,0.000000,0.000000,0.003231,0.000356,0.003740,0.009078,0.00000288
35,236,1.298687,0.000079,18.3348,0.000000,0.000000,0.000000,0.006846,0.000395,0.004032,0.009960,0.00000288
35,237,1.230183,0.000064,17.3394,0.000000,0.000000,0.000000,0.005674,0.000383,0.003852,0.009614,0.00000288
35,238,1.196599,0.000065,15.2700,0.000000,0.000000,0.000000,0.005111,0.000456,0.003789,0.009311,0.00000288
35,239,1.488121,0.000116,21.3865,0.000000,0.000000,0.000000,0.008035,0.000390,0.004079,0.010723,0.00000288
35,240,1.283266,0.000082,17.7248,0.000000,0.000000,0.000000,0.007280,0.000369,0.003886,0.010134,0.00000288
35,241,1.371254,0.000100,19.6283,0.000000,0.000000,0.000000,0.007265,0.000376,0.004073,0.011289,0.00000288
35,242,1.417390,0.000104,19.8267,0.000000,0.000000,0.000000,0.011300,0.000526,0.004109,0.011259,0.00000288
35,243,1.294948,0.000076,18.0466,0.000000,0.000000,0.000000,0.008944,0.000381,0.003857,0.010402,0.00000288
35,244,1.214746,0.000072,15.5687,0.000000,0.000000,0.000000,0.005432,0.000478,0.003884,0.010695,0.00000288
35,245,1.358561,0.000091,17.9710,0.000000,0.000000,0.000000,0.011894,0.000717,0.004389,0.011384,0.00000288
35,246,1.407824,0.000107,18.6438,0.000000,0.000000,0.000000,0.015887,0.000780,0.004509,0.012291,0.00000288
35,247,1.387205,0.000102,18.9099,0.000000,0.000000,0.000000,0.011115,0.000738,0.004367,0.012016,0.00000288
35,248,1.382866,0.000094,19.4476,0.000000,0.000000,0.000000,0.012540,0.000533,0.004551,0.011710,0.00000288
35,249,1.354661,0.000092,18.7640,0.000000,0.000000,0.000000,0.010778,0.000588,0.004215,0.010426,0.00000288
35,250,1.362069,0.000097,18.9161,0.000000,0.000000,0.000000,0.013057,0.000635,0.004431,0.011417,0.00000288
35,251,1.525929,0.000107,22.1477,0.000000,0.000000,0.000000,0.009793,0.000611,0.005022,0.012700,0.00000288
35,252,1.393196,0.000088,18.0255,0.000000,0.000000,0.000000,0.013385,0.000429,0.004186,0.010409,0.00000288
35,253,1.382959,0.000093,18.6558,0.000000,0.000000,0.000000,0.006654,0.000422,0.004132,0.010155,0.00000288
35,254,1.376333,0.000097,17.8431,0.000000,0.000000,0.000000,0.013249,0.000388,0.004482,0.010896,0.00000288
35,255,1.299101,0.000086,17.0516,0.000000,0.000000,0.000000,0.011273,0.000450,0.004287,0.009964,0.00000288
35,256,1.344695,0.000076,19.2954,0.000000,0.000000,0.000000,0.015346,0.000395,0.004186,0.009950,0.00000288
35,257,1.292028,0.000056,18.7007,0.000000,0.000000,0.000000,0.012305,0.000375,0.003601,0.008652,0.00000288
35,258,1.310476,0.000082,17.6484,0.000000,0.000000,0.000000,0.016317,0.000527,0.003943,0.011252,0.00000288
35,259,1.462175,0.000115,20.5109,0.000000,0.000000,0.000000,0.024421,0.000651,0.004719,0.012236,0.00000288
35,260,1.404883,0.000101,18.9586,0.000000,0.000000,0.000000,0.017539,0.002181,0.004773,0.012695,0.00000288
35,261,1.407396,0.000103,19.7082,0.000000,0.000000,0.000000,0.013034,0.000722,0.004574,0.012324,0.00000288
35,262,1.357270,0.000099,17.7841,0.000000,0.000000,0.000000,0.018943,0.000584,0.004802,0.012349,0.00000288
35,263,1.233643,0.000076,16.6949,0.000000,0.000000,0.000000,0.008092,0.000549,0.004275,0.010848,0.00000288
35,264,1.457441,0.000112,18.7780,0.000000,0.000000,0.000000,0.044546,0.000646,0.004981,0.012265,0.00000288
35,265,1.391699,0.000100,19.3805,0.000000,0.000000,0.000000,0.008266,0.000455,0.004329,0.011470,0.00000288
35,266,1.315361,0.000095,17.8918,0.000000,0.000000,0.000000,0.004846,0.000279,0.003920,0.010370,0.00000288
35,267,1.318839,0.000082,18.0400,0.000000,0.000000,0.000000,0.004324,0.000341,0.003983,0.010578,0.00000288
35,268,1.249587,0.000072,16.5512,0.000000,0.000000,0.000000,0.007875,0.000327,0.003844,0.009922,0.00000288
35,269,1.299556,0.000075,18.6155,0.000000,0.000000,0.000000,0.005762,0.000556,0.004012,0.010429,0.00000288
35,270,1.280532,0.000066,18.5169,0.000000,0.000000,0.000000,0.013089,0.000351,0.003995,0.010321,0.00000288
35,271,1.278926,0.000082,17.7617,0.000000,0.000000,0.000000,0.010702,0.000477,0.004256,0.011856,0.00000288
35,272,1.469501,0.000127,19.2243,0.000000,0.000000,0.000000,0.022627,0.000936,0.005257,0.014177,0.00000288
35,273,1.631864,0.000160,23.4452,0.000000,0.000000,0.000000,0.038983,0.001386,0.007073,0.022276,0.00000288
35,274,1.437185,0.000119,20.5780,0.000000,0.000000,0.000000,0.025702,0.000481,0.005266,0.014472,0.00000288
35,275,1.655356,0.000162,22.2538,0.000000,0.000000,0.000000,0.041505,0.001487,0.006682,0.021873,0.00000288
35,276,1.698031,0.000178,23.5073,0.000000,0.000000,0.000000,0.047365,0.001307,0.007239,0.021490,0.00000288
35,277,1.503358,0.000105,20.4857,0.000000,0.000000,0.000000,0.011131,0.000564,0.004064,0.010884,0.00000288
35,278,1.309353,0.000076,17.6960,0.000000,0.000000,0.000000,0.005393,0.000453,0.003641,0.009368,0.00000288
35,279,1.234925,0.000071,15.4985,0.000000,0.000000,0.000000,0.007393,0.000594,0.003692,0.009409,0.00000288
35,280,1.347894,0.000086,18.9130,0.000000,0.000000,0.000000,0.005457,0.000369,0.003610,0.009232,0.00000288
35,281,1.265404,0.000081,17.9751,0.000000,0.000000,0.000000,0.006196,0.000487,0.003845,0.009478,0.00000288
35,282,1.263450,0.000077,17.4678,0.000000,0.000000,0.000000,0.004935,0.000494,0.003851,0.009616,0.00000288
35,283,1.179633,0.000055,16.0898,0.000000,0.000000,0.000000,0.005546,0.000339,0.003739,0.009502,0.00000288
35,284,1.315608,0.000065,20.6774,0.000000,0.000000,0.000000,0.008293,0.000384,0.004009,0.010107,0.00000288
35,285,1.365423,0.000092,19.0549,0.000000,0.000000,0.000000,0.012919,0.000358,0.004489,0.011150,0.00000288
35,286,1.250277,0.000075,16.6018,0.000000,0.000000,0.000000,0.010244,0.000426,0.004212,0.010585,0.00000288
35,287,1.226458,0.000075,15.8773,0.000000,0.000000,0.000000,0.009136,0.000506,0.003882,0.010152,0.00000288
35,288,1.255859,0.000078,17.3914,0.000000,0.000000,0.000000,0.007634,0.000440,0.003894,0.010509,0.00000288
35,289,1.238264,0.000083,16.3672,0.000000,0.000000,0.000000,0.006693,0.000735,0.003959,0.010999,0.00000288
35,290,1.501821,0.000116,21.9688,0.000000,0.000000,0.000000,0.007452,0.000648,0.004658,0.013945,0.00000288
35,291,1.255881,0.000082,16.2081,0.000000,0.000000,0.000000,0.009875,0.000700,0.003854,0.012614,0.00000288
35,292,1.263082,0.000094,16.5932,0.000000,0.000000,0.000000,0.009619,0.000687,0.004014,0.013363,0.00000288
35,293,1.258265,0.000095,17.1152,0.000000,0.000000,0.000000,0.011668,0.000492,0.004305,0.013486,0.00000288
35,294,1.224479,0.000080,16.7710,0.000000,0.000000,0.000000,0.006526,0.000482,0.003927,0.012993,0.00000288
35,295,1.329915,0.000097,17.8437,0.000000,0.000000,0.000000,0.012037,0.000795,0.004165,0.014299,0.00000288
35,296,1.317861,0.000089,18.8749,0.000000,0.000000,0.000000,0.015470,0.000675,0.004242,0.015343,0.00000288
