epoch,batch,loss,landmark,angular_deg,gaze_consist,shape,ray_target,pose,translation,iris_seg,eyeball_seg,lr
1,1,18.630087,0.005529,96.0595,0.000000,0.000000,0.000000,2.584111,0.000000,0.000000,0.000000,0.00100000
1,2,16.411676,0.004914,96.7701,0.000000,0.000000,0.000000,2.001055,0.000000,0.000000,0.000000,0.00100000
1,3,13.536276,0.004050,96.1370,0.000000,0.000000,0.000000,1.670556,0.000000,0.000000,0.000000,0.00100000
1,4,11.555653,0.003468,95.3948,0.000000,0.000000,0.000000,1.359997,0.000000,0.000000,0.000000,0.00100000
1,5,9.910127,0.002993,95.8971,0.000000,0.000000,0.000000,1.046608,0.000000,0.000000,0.000000,0.00100000
1,6,8.539520,0.002442,96.4497,0.000000,0.000000,0.000000,1.762079,0.000000,0.000000,0.000000,0.00100000
1,7,7.161932,0.002104,94.1058,0.000000,0.000000,0.000000,1.126263,0.000000,0.000000,0.000000,0.00100000
1,8,6.089515,0.001777,95.7775,0.000000,0.000000,0.000000,1.031888,0.000000,0.000000,0.000000,0.00100000
1,9,5.621170,0.001649,93.7572,0.000000,0.000000,0.000000,0.902248,0.000000,0.000000,0.000000,0.00100000
1,10,4.961803,0.001463,94.0871,0.000000,0.000000,0.000000,0.745222,0.000000,0.000000,0.000000,0.00100000
1,11,4.353758,0.001285,95.8214,0.000000,0.000000,0.000000,0.645509,0.000000,0.000000,0.000000,0.00100000
1,12,4.258930,0.001268,92.6724,0.000000,0.000000,0.000000,0.564841,0.000000,0.000000,0.000000,0.00100000
1,13,4.090284,0.001208,92.0636,0.000000,0.000000,0.000000,0.601318,0.000000,0.000000,0.000000,0.00100000
1,14,3.642102,0.001044,92.0282,0.000000,0.000000,0.000000,0.733621,0.000000,0.000000,0.000000,0.00100000
1,15,3.588797,0.001063,94.4409,0.000000,0.000000,0.000000,0.507424,0.000000,0.000000,0.000000,0.00100000
1,16,3.969629,0.001176,91.7095,0.000000,0.000000,0.000000,0.563837,0.000000,0.000000,0.000000,0.00100000
1,17,3.566446,0.001056,95.1059,0.000000,0.000000,0.000000,0.511022,0.000000,0.000000,0.000000,0.00100000
1,18,3.332518,0.000986,92.2133,0.000000,0.000000,0.000000,0.479463,0.000000,0.000000,0.000000,0.00100000
1,19,3.150050,0.000934,95.7965,0.000000,0.000000,0.000000,0.440258,0.000000,0.000000,0.000000,0.00100000
1,20,2.828496,0.000831,96.8920,0.000000,0.000000,0.000000,0.444875,0.000000,0.000000,0.000000,0.00100000
1,21,2.913366,0.000832,94.0490,0.000000,0.000000,0.000000,0.606400,0.000000,0.000000,0.000000,0.00100000
1,22,2.862584,0.000844,95.6835,0.000000,0.000000,0.000000,0.433753,0.000000,0.000000,0.000000,0.00100000
1,23,2.757128,0.000812,93.8863,0.000000,0.000000,0.000000,0.423120,0.000000,0.000000,0.000000,0.00100000
1,24,2.795505,0.000826,91.3426,0.000000,0.000000,0.000000,0.409925,0.000000,0.000000,0.000000,0.00100000
1,25,2.663124,0.000793,97.3415,0.000000,0.000000,0.000000,0.350293,0.000000,0.000000,0.000000,0.00100000
1,26,2.621363,0.000775,94.6939,0.000000,0.000000,0.000000,0.381636,0.000000,0.000000,0.000000,0.00100000
1,27,2.543946,0.000739,94.7529,0.000000,0.000000,0.000000,0.455658,0.000000,0.000000,0.000000,0.00100000
1,28,2.419878,0.000713,96.4995,0.000000,0.000000,0.000000,0.368640,0.000000,0.000000,0.000000,0.00100000
1,29,2.407102,0.000712,95.3397,0.000000,0.000000,0.000000,0.347680,0.000000,0.000000,0.000000,0.00100000
1,30,2.497627,0.000742,92.2361,0.000000,0.000000,0.000000,0.341066,0.000000,0.000000,0.000000,0.00100000
1,31,2.446299,0.000728,92.0131,0.000000,0.000000,0.000000,0.323822,0.000000,0.000000,0.000000,0.00100000
1,32,2.970624,0.000891,88.3710,0.000000,0.000000,0.000000,0.355403,0.000000,0.000000,0.000000,0.00100000
1,33,2.741591,0.000820,88.1753,0.000000,0.000000,0.000000,0.339055,0.000000,0.000000,0.000000,0.00100000
1,34,2.651462,0.000792,94.3433,0.000000,0.000000,0.000000,0.334809,0.000000,0.000000,0.000000,0.00100000
1,35,2.472509,0.000735,90.2386,0.000000,0.000000,0.000000,0.333928,0.000000,0.000000,0.000000,0.00100000
1,36,2.389878,0.000710,92.2558,0.000000,0.000000,0.000000,0.325673,0.000000,0.000000,0.000000,0.00100000
1,37,2.358011,0.000692,88.9439,0.000000,0.000000,0.000000,0.377845,0.000000,0.000000,0.000000,0.00100000
1,38,2.378681,0.000702,90.0560,0.000000,0.000000,0.000000,0.356379,0.000000,0.000000,0.000000,0.00100000
1,39,2.381443,0.000703,90.6196,0.000000,0.000000,0.000000,0.353126,0.000000,0.000000,0.000000,0.00100000
1,40,2.606607,0.000774,93.0710,0.000000,0.000000,0.000000,0.355982,0.000000,0.000000,0.000000,0.00100000
1,41,2.284387,0.000680,88.9045,0.000000,0.000000,0.000000,0.305465,0.000000,0.000000,0.000000,0.00100000
1,42,2.149542,0.000636,91.7887,0.000000,0.000000,0.000000,0.309446,0.000000,0.000000,0.000000,0.00100000
1,43,2.209047,0.000647,91.3990,0.000000,0.000000,0.000000,0.358834,0.000000,0.000000,0.000000,0.00100000
1,44,2.122212,0.000629,87.5045,0.000000,0.000000,0.000000,0.300969,0.000000,0.000000,0.000000,0.00100000
1,45,2.059651,0.000613,87.0389,0.000000,0.000000,0.000000,0.274204,0.000000,0.000000,0.000000,0.00100000
1,46,2.270310,0.000670,88.2499,0.000000,0.000000,0.000000,0.338800,0.000000,0.000000,0.000000,0.00100000
1,47,2.344914,0.000690,91.7620,0.000000,0.000000,0.000000,0.363134,0.000000,0.000000,0.000000,0.00100000
1,48,3.385423,0.001005,88.5300,0.000000,0.000000,0.000000,0.467869,0.000000,0.000000,0.000000,0.00100000
1,49,2.351625,0.000694,90.9348,0.000000,0.000000,0.000000,0.350139,0.000000,0.000000,0.000000,0.00100000
1,50,2.253300,0.000661,80.5168,0.000000,0.000000,0.000000,0.363463,0.000000,0.000000,0.000000,0.00100000
1,51,2.337113,0.000690,85.2650,0.000000,0.000000,0.000000,0.345192,0.000000,0.000000,0.000000,0.00100000
1,52,2.211836,0.000661,83.5229,0.000000,0.000000,0.000000,0.279416,0.000000,0.000000,0.000000,0.00100000
1,53,2.266472,0.000679,87.5425,0.000000,0.000000,0.000000,0.272933,0.000000,0.000000,0.000000,0.00100000
1,54,2.198533,0.000661,86.1999,0.000000,0.000000,0.000000,0.253029,0.000000,0.000000,0.000000,0.00100000
1,55,2.329909,0.000698,88.7149,0.000000,0.000000,0.000000,0.280332,0.000000,0.000000,0.000000,0.00100000
1,56,2.201227,0.000658,85.7144,0.000000,0.000000,0.000000,0.275357,0.000000,0.000000,0.000000,0.00100000
1,57,2.353210,0.000664,95.3160,0.000000,0.000000,0.000000,0.539768,0.000000,0.000000,0.000000,0.00100000
1,58,2.087287,0.000623,89.5640,0.000000,0.000000,0.000000,0.264555,0.000000,0.000000,0.000000,0.00100000
1,59,2.131889,0.000626,89.9453,0.000000,0.000000,0.000000,0.334761,0.000000,0.000000,0.000000,0.00100000
1,60,2.235913,0.000663,89.1548,0.000000,0.000000,0.000000,0.311330,0.000000,0.000000,0.000000,0.00100000
1,61,2.411366,0.000712,93.1639,0.000000,0.000000,0.000000,0.355480,0.000000,0.000000,0.000000,0.00100000
1,62,2.136643,0.000638,96.1132,0.000000,0.000000,0.000000,0.274885,0.000000,0.000000,0.000000,0.00100000
1,63,2.912782,0.000857,92.0141,0.000000,0.000000,0.000000,0.451727,0.000000,0.000000,0.000000,0.00100000
1,64,3.249712,0.000970,91.4619,0.000000,0.000000,0.000000,0.416072,0.000000,0.000000,0.000000,0.00100000
1,65,2.979439,0.000887,88.0728,0.000000,0.000000,0.000000,0.394695,0.000000,0.000000,0.000000,0.00100000
1,66,2.765072,0.000826,90.0918,0.000000,0.000000,0.000000,0.350113,0.000000,0.000000,0.000000,0.00100000
1,67,2.539386,0.000753,89.3731,0.000000,0.000000,0.000000,0.358599,0.000000,0.000000,0.000000,0.00100000
1,68,2.362596,0.000699,87.7756,0.000000,0.000000,0.000000,0.339928,0.000000,0.000000,0.000000,0.00100000
1,69,2.535805,0.000757,85.9119,0.000000,0.000000,0.000000,0.326701,0.000000,0.000000,0.000000,0.00100000
1,70,2.279173,0.000680,90.1182,0.000000,0.000000,0.000000,0.294978,0.000000,0.000000,0.000000,0.00100000
1,71,2.503863,0.000748,91.9430,0.000000,0.000000,0.000000,0.318945,0.000000,0.000000,0.000000,0.00100000
1,72,2.173503,0.000646,91.9553,0.000000,0.000000,0.000000,0.297983,0.000000,0.000000,0.000000,0.00100000
1,73,2.312787,0.000693,85.8019,0.000000,0.000000,0.000000,0.280493,0.000000,0.000000,0.000000,0.00100000
1,74,2.183910,0.000649,91.0749,0.000000,0.000000,0.000000,0.295329,0.000000,0.000000,0.000000,0.00100000
1,75,2.090203,0.000620,90.4912,0.000000,0.000000,0.000000,0.289914,0.000000,0.000000,0.000000,0.00100000
1,76,2.279724,0.000679,91.1348,0.000000,0.000000,0.000000,0.300997,0.000000,0.000000,0.000000,0.00100000
1,77,2.236974,0.000666,87.8083,0.000000,0.000000,0.000000,0.294135,0.000000,0.000000,0.000000,0.00100000
1,78,2.331669,0.000696,85.6862,0.000000,0.000000,0.000000,0.300914,0.000000,0.000000,0.000000,0.00100000
1,79,2.933955,0.000889,90.6961,0.000000,0.000000,0.000000,0.290525,0.000000,0.000000,0.000000,0.00100000
1,80,2.673254,0.000805,96.0235,0.000000,0.000000,0.000000,0.297568,0.000000,0.000000,0.000000,0.00100000
1,81,2.315685,0.000695,86.7623,0.000000,0.000000,0.000000,0.270532,0.000000,0.000000,0.000000,0.00100000
1,82,2.277108,0.000680,92.0196,0.000000,0.000000,0.000000,0.287036,0.000000,0.000000,0.000000,0.00100000
1,83,2.174890,0.000644,84.1312,0.000000,0.000000,0.000000,0.308100,0.000000,0.000000,0.000000,0.00100000
1,84,2.058689,0.000591,89.9918,0.000000,0.000000,0.000000,0.408084,0.000000,0.000000,0.000000,0.00100000
1,85,1.971058,0.000579,90.9492,0.000000,0.000000,0.000000,0.308168,0.000000,0.000000,0.000000,0.00100000
1,86,2.235486,0.000671,93.0278,0.000000,0.000000,0.000000,0.262162,0.000000,0.000000,0.000000,0.00100000
1,87,2.291945,0.000675,97.6956,0.000000,0.000000,0.000000,0.353306,0.000000,0.000000,0.000000,0.00100000
1,88,1.978487,0.000597,99.2288,0.000000,0.000000,0.000000,0.210046,0.000000,0.000000,0.000000,0.00100000
1,89,2.157820,0.000646,108.6420,0.000000,0.000000,0.000000,0.260863,0.000000,0.000000,0.000000,0.00100000
1,90,2.182063,0.000610,97.8879,0.000000,0.000000,0.000000,0.538618,0.000000,0.000000,0.000000,0.00100000
1,91,2.095790,0.000589,96.3841,0.000000,0.000000,0.000000,0.496031,0.000000,0.000000,0.000000,0.00100000
1,92,2.014581,0.000569,84.8167,0.000000,0.000000,0.000000,0.462082,0.000000,0.000000,0.000000,0.00100000
1,93,2.029642,0.000584,85.3979,0.000000,0.000000,0.000000,0.395741,0.000000,0.000000,0.000000,0.00100000
1,94,2.406518,0.000709,90.2112,0.000000,0.000000,0.000000,0.363171,0.000000,0.000000,0.000000,0.00100000
1,95,2.441960,0.000723,89.6020,0.000000,0.000000,0.000000,0.350251,0.000000,0.000000,0.000000,0.00100000
1,96,2.536066,0.000755,93.0164,0.000000,0.000000,0.000000,0.338145,0.000000,0.000000,0.000000,0.00100000
1,97,2.254364,0.000673,87.5359,0.000000,0.000000,0.000000,0.289551,0.000000,0.000000,0.000000,0.00100000
1,98,2.249159,0.000672,93.5918,0.000000,0.000000,0.000000,0.281804,0.000000,0.000000,0.000000,0.00100000
1,99,2.248433,0.000673,97.1395,0.000000,0.000000,0.000000,0.273517,0.000000,0.000000,0.000000,0.00100000
1,100,2.194886,0.000659,88.1796,0.000000,0.000000,0.000000,0.254280,0.000000,0.000000,0.000000,0.00100000
1,101,2.101288,0.000632,91.5486,0.000000,0.000000,0.000000,0.239687,0.000000,0.000000,0.000000,0.00100000
1,102,2.551079,0.000763,89.9558,0.000000,0.000000,0.000000,0.313652,0.000000,0.000000,0.000000,0.00100000
1,103,2.111995,0.000636,87.3044,0.000000,0.000000,0.000000,0.236257,0.000000,0.000000,0.000000,0.00100000
1,104,2.021864,0.000604,91.2053,0.000000,0.000000,0.000000,0.252655,0.000000,0.000000,0.000000,0.00100000
1,105,2.097163,0.000627,90.3897,0.000000,0.000000,0.000000,0.260153,0.000000,0.000000,0.000000,0.00100000
1,106,1.977394,0.000594,92.8794,0.000000,0.000000,0.000000,0.229107,0.000000,0.000000,0.000000,0.00100000
1,107,2.047912,0.000614,89.2043,0.000000,0.000000,0.000000,0.247591,0.000000,0.000000,0.000000,0.00100000
1,108,1.939496,0.000580,86.9626,0.000000,0.000000,0.000000,0.238696,0.000000,0.000000,0.000000,0.00100000
1,109,2.025085,0.000604,90.8062,0.000000,0.000000,0.000000,0.261388,0.000000,0.000000,0.000000,0.00100000
1,110,5.546550,0.001716,86.7756,0.000000,0.000000,0.000000,0.331198,0.000000,0.000000,0.000000,0.00100000
1,111,5.147123,0.001574,92.0700,0.000000,0.000000,0.000000,0.419955,0.000000,0.000000,0.000000,0.00100000
1,112,2.559339,0.000754,85.7541,0.000000,0.000000,0.000000,0.388722,0.000000,0.000000,0.000000,0.00100000
1,113,2.133321,0.000631,84.6719,0.000000,0.000000,0.000000,0.311750,0.000000,0.000000,0.000000,0.00100000
1,114,2.286793,0.000666,85.5270,0.000000,0.000000,0.000000,0.394298,0.000000,0.000000,0.000000,0.00100000
1,115,2.163851,0.000636,93.1896,0.000000,0.000000,0.000000,0.335702,0.000000,0.000000,0.000000,0.00100000
1,116,2.349174,0.000686,98.0198,0.000000,0.000000,0.000000,0.395610,0.000000,0.000000,0.000000,0.00100000
1,117,2.005363,0.000563,81.7929,0.000000,0.000000,0.000000,0.477090,0.000000,0.000000,0.000000,0.00100000
1,118,1.994022,0.000581,85.6018,0.000000,0.000000,0.000000,0.343624,0.000000,0.000000,0.000000,0.00100000
1,119,1.948967,0.000558,83.3400,0.000000,0.000000,0.000000,0.400296,0.000000,0.000000,0.000000,0.00100000
1,120,2.029644,0.000588,88.9685,0.000000,0.000000,0.000000,0.374096,0.000000,0.000000,0.000000,0.00100000
1,121,1.991484,0.000582,89.2162,0.000000,0.000000,0.000000,0.335260,0.000000,0.000000,0.000000,0.00100000
1,122,2.019413,0.000594,90.4313,0.000000,0.000000,0.000000,0.310600,0.000000,0.000000,0.000000,0.00100000
1,123,1.927016,0.000571,93.2267,0.000000,0.000000,0.000000,0.273599,0.000000,0.000000,0.000000,0.00100000
1,124,1.952922,0.000578,100.4769,0.000000,0.000000,0.000000,0.282461,0.000000,0.000000,0.000000,0.00100000
1,125,2.110013,0.000602,100.1399,0.000000,0.000000,0.000000,0.446362,0.000000,0.000000,0.000000,0.00100000
1,126,5.816216,0.001783,96.7705,0.000000,0.000000,0.000000,0.451384,0.000000,0.000000,0.000000,0.00100000
1,127,3.315246,0.001009,99.1296,0.000000,0.000000,0.000000,0.304587,0.000000,0.000000,0.000000,0.00100000
1,128,2.255338,0.000667,92.4480,0.000000,0.000000,0.000000,0.330363,0.000000,0.000000,0.000000,0.00100000
1,129,2.317764,0.000699,101.8637,0.000000,0.000000,0.000000,0.253440,0.000000,0.000000,0.000000,0.00100000
1,130,2.006558,0.000590,89.4710,0.000000,0.000000,0.000000,0.313606,0.000000,0.000000,0.000000,0.00100000
1,131,2.045881,0.000601,88.0198,0.000000,0.000000,0.000000,0.319912,0.000000,0.000000,0.000000,0.00100000
1,132,2.031330,0.000605,89.0639,0.000000,0.000000,0.000000,0.266010,0.000000,0.000000,0.000000,0.00100000
1,133,2.183976,0.000640,95.7573,0.000000,0.000000,0.000000,0.351147,0.000000,0.000000,0.000000,0.00100000
1,134,1.784970,0.000528,87.0764,0.000000,0.000000,0.000000,0.255589,0.000000,0.000000,0.000000,0.00100000
1,135,1.954471,0.000585,92.0871,0.000000,0.000000,0.000000,0.242807,0.000000,0.000000,0.000000,0.00100000
1,136,1.971678,0.000596,92.0266,0.000000,0.000000,0.000000,0.206095,0.000000,0.000000,0.000000,0.00100000
1,137,1.871333,0.000550,87.6014,0.000000,0.000000,0.000000,0.290517,0.000000,0.000000,0.000000,0.00100000
1,138,2.069116,0.000609,95.9933,0.000000,0.000000,0.000000,0.316364,0.000000,0.000000,0.000000,0.00100000
1,139,1.961179,0.000584,99.6148,0.000000,0.000000,0.000000,0.261505,0.000000,0.000000,0.000000,0.00100000
1,140,1.933145,0.000578,100.3624,0.000000,0.000000,0.000000,0.240782,0.000000,0.000000,0.000000,0.00100000
1,141,2.390167,0.000703,98.9322,0.000000,0.000000,0.000000,0.368098,0.000000,0.000000,0.000000,0.00100000
1,142,2.306508,0.000692,100.6378,0.000000,0.000000,0.000000,0.274418,0.000000,0.000000,0.000000,0.00100000
1,143,2.046348,0.000593,92.4157,0.000000,0.000000,0.000000,0.375936,0.000000,0.000000,0.000000,0.00100000
1,144,1.994359,0.000590,91.1385,0.000000,0.000000,0.000000,0.288394,0.000000,0.000000,0.000000,0.00100000
1,145,1.893176,0.000563,91.6456,0.000000,0.000000,0.000000,0.256577,0.000000,0.000000,0.000000,0.00100000
1,146,2.151980,0.000636,88.9609,0.000000,0.000000,0.000000,0.317195,0.000000,0.000000,0.000000,0.00100000
1,147,1.903369,0.000571,92.7267,0.000000,0.000000,0.000000,0.227597,0.000000,0.000000,0.000000,0.00100000
1,148,1.989066,0.000578,108.4835,0.000000,0.000000,0.000000,0.351009,0.000000,0.000000,0.000000,0.00100000
1,149,2.030208,0.000573,90.9380,0.000000,0.000000,0.000000,0.466385,0.000000,0.000000,0.000000,0.00100000
1,150,1.813062,0.000537,99.9887,0.000000,0.000000,0.000000,0.258656,0.000000,0.000000,0.000000,0.00100000
1,151,1.939106,0.000578,101.8401,0.000000,0.000000,0.000000,0.254669,0.000000,0.000000,0.000000,0.00100000
1,152,1.845622,0.000554,99.1331,0.000000,0.000000,0.000000,0.214106,0.000000,0.000000,0.000000,0.00100000
1,153,1.826311,0.000544,102.8528,0.000000,0.000000,0.000000,0.243011,0.000000,0.000000,0.000000,0.00100000
1,154,1.973814,0.000573,94.0768,0.000000,0.000000,0.000000,0.352957,0.000000,0.000000,0.000000,0.00100000
1,155,1.846660,0.000553,91.8907,0.000000,0.000000,0.000000,0.222283,0.000000,0.000000,0.000000,0.00100000
1,156,1.833202,0.000548,93.8882,0.000000,0.000000,0.000000,0.230537,0.000000,0.000000,0.000000,0.00100000
1,157,2.287009,0.000674,87.4564,0.000000,0.000000,0.000000,0.346792,0.000000,0.000000,0.000000,0.00100000
1,158,2.028816,0.000583,88.4354,0.000000,0.000000,0.000000,0.400634,0.000000,0.000000,0.000000,0.00100000
1,159,2.037831,0.000591,89.8472,0.000000,0.000000,0.000000,0.366360,0.000000,0.000000,0.000000,0.00100000
1,160,1.969615,0.000579,85.6161,0.000000,0.000000,0.000000,0.306195,0.000000,0.000000,0.000000,0.00100000
1,161,2.079486,0.000598,102.7655,0.000000,0.000000,0.000000,0.410038,0.000000,0.000000,0.000000,0.00100000
1,162,1.824303,0.000542,96.8634,0.000000,0.000000,0.000000,0.249258,0.000000,0.000000,0.000000,0.00100000
1,163,1.703324,0.000509,100.6127,0.000000,0.000000,0.000000,0.214128,0.000000,0.000000,0.000000,0.00100000
1,164,2.268281,0.000675,106.1946,0.000000,0.000000,0.000000,0.302275,0.000000,0.000000,0.000000,0.00100000
1,165,1.855774,0.000536,93.6321,0.000000,0.000000,0.000000,0.352152,0.000000,0.000000,0.000000,0.00100000
1,166,1.882793,0.000562,95.1236,0.000000,0.000000,0.000000,0.243229,0.000000,0.000000,0.000000,0.00100000
1,167,1.678089,0.000499,98.1082,0.000000,0.000000,0.000000,0.228285,0.000000,0.000000,0.000000,0.00100000
1,168,1.805449,0.000539,95.6456,0.000000,0.000000,0.000000,0.229267,0.000000,0.000000,0.000000,0.00100000
1,169,1.804168,0.000518,94.1144,0.000000,0.000000,0.000000,0.360511,0.000000,0.000000,0.000000,0.00100000
1,170,1.579967,0.000465,94.4882,0.000000,0.000000,0.000000,0.243429,0.000000,0.000000,0.000000,0.00100000
1,171,1.736796,0.000496,89.9115,0.000000,0.000000,0.000000,0.363699,0.000000,0.000000,0.000000,0.00100000
1,172,1.694652,0.000507,95.1086,0.000000,0.000000,0.000000,0.210427,0.000000,0.000000,0.000000,0.00100000
1,173,1.849707,0.000551,95.4670,0.000000,0.000000,0.000000,0.244046,0.000000,0.000000,0.000000,0.00100000
1,174,1.519238,0.000435,88.8256,0.000000,0.000000,0.000000,0.308587,0.000000,0.000000,0.000000,0.00100000
1,175,1.581568,0.000460,88.5631,0.000000,0.000000,0.000000,0.275394,0.000000,0.000000,0.000000,0.00100000
1,176,1.700534,0.000478,95.6807,0.000000,0.000000,0.000000,0.403990,0.000000,0.000000,0.000000,0.00100000
1,177,1.468603,0.000438,89.5015,0.000000,0.000000,0.000000,0.191352,0.000000,0.000000,0.000000,0.00100000
1,178,1.537483,0.000435,86.7614,0.000000,0.000000,0.000000,0.349734,0.000000,0.000000,0.000000,0.00100000
1,179,1.400072,0.000413,90.4008,0.000000,0.000000,0.000000,0.207639,0.000000,0.000000,0.000000,0.00100000
1,180,1.443900,0.000427,89.5521,0.000000,0.000000,0.000000,0.207327,0.000000,0.000000,0.000000,0.00100000
1,181,1.407545,0.000412,87.4457,0.000000,0.000000,0.000000,0.228046,0.000000,0.000000,0.000000,0.00100000
1,182,1.750140,0.000495,89.6684,0.000000,0.000000,0.000000,0.393864,0.000000,0.000000,0.000000,0.00100000
1,183,1.402661,0.000411,87.2163,0.000000,0.000000,0.000000,0.230248,0.000000,0.000000,0.000000,0.00100000
1,184,1.422341,0.000425,89.1514,0.000000,0.000000,0.000000,0.177314,0.000000,0.000000,0.000000,0.00100000
1,185,1.576710,0.000452,85.4996,0.000000,0.000000,0.000000,0.319255,0.000000,0.000000,0.000000,0.00100000
1,186,1.434427,0.000417,90.1526,0.000000,0.000000,0.000000,0.254856,0.000000,0.000000,0.000000,0.00100000
1,187,1.456875,0.000430,94.0416,0.000000,0.000000,0.000000,0.214495,0.000000,0.000000,0.000000,0.00100000
1,188,1.641250,0.000477,89.9362,0.000000,0.000000,0.000000,0.292702,0.000000,0.000000,0.000000,0.00100000
1,189,1.838370,0.000543,91.4763,0.000000,0.000000,0.000000,0.271300,0.000000,0.000000,0.000000,0.00100000
1,190,1.788150,0.000520,95.7093,0.000000,0.000000,0.000000,0.315449,0.000000,0.000000,0.000000,0.00100000
1,191,1.410018,0.000412,90.8345,0.000000,0.000000,0.000000,0.236631,0.000000,0.000000,0.000000,0.00100000
1,192,1.407898,0.000412,82.9827,0.000000,0.000000,0.000000,0.232817,0.000000,0.000000,0.000000,0.00100000
1,193,1.399193,0.000414,93.8316,0.000000,0.000000,0.000000,0.199672,0.000000,0.000000,0.000000,0.00100000
1,194,1.422884,0.000420,95.0315,0.000000,0.000000,0.000000,0.208678,0.000000,0.000000,0.000000,0.00100000
1,195,1.389246,0.000416,95.7319,0.000000,0.000000,0.000000,0.167530,0.000000,0.000000,0.000000,0.00100000
1,196,1.364256,0.000398,89.2630,0.000000,0.000000,0.000000,0.232118,0.000000,0.000000,0.000000,0.00100000
1,197,1.524145,0.000441,100.1826,0.000000,0.000000,0.000000,0.280443,0.000000,0.000000,0.000000,0.00100000
1,198,1.405992,0.000411,86.2731,0.000000,0.000000,0.000000,0.234644,0.000000,0.000000,0.000000,0.00100000
1,199,1.360988,0.000410,90.6037,0.000000,0.000000,0.000000,0.148139,0.000000,0.000000,0.000000,0.00100000
1,200,1.265491,0.000383,93.9617,0.000000,0.000000,0.000000,0.129261,0.000000,0.000000,0.000000,0.00100000
1,201,1.416347,0.000419,91.8893,0.000000,0.000000,0.000000,0.206572,0.000000,0.000000,0.000000,0.00100000
1,202,1.291845,0.000389,90.2776,0.000000,0.000000,0.000000,0.142577,0.000000,0.000000,0.000000,0.00100000
1,203,1.490092,0.000448,85.5923,0.000000,0.000000,0.000000,0.173173,0.000000,0.000000,0.000000,0.00100000
1,204,1.612864,0.000477,81.9392,0.000000,0.000000,0.000000,0.233482,0.000000,0.000000,0.000000,0.00100000
1,205,1.403818,0.000404,93.0194,0.000000,0.000000,0.000000,0.274071,0.000000,0.000000,0.000000,0.00100000
1,206,1.388407,0.000417,93.8451,0.000000,0.000000,0.000000,0.163676,0.000000,0.000000,0.000000,0.00100000
1,207,1.335983,0.000392,90.7072,0.000000,0.000000,0.000000,0.215083,0.000000,0.000000,0.000000,0.00100000
1,208,1.478966,0.000429,99.3405,0.000000,0.000000,0.000000,0.266169,0.000000,0.000000,0.000000,0.00100000
1,209,1.359824,0.000398,90.4340,0.000000,0.000000,0.000000,0.222448,0.000000,0.000000,0.000000,0.00100000
1,210,1.288565,0.000385,87.1849,0.000000,0.000000,0.000000,0.159533,0.000000,0.000000,0.000000,0.00100000
1,211,1.384769,0.000416,90.3101,0.000000,0.000000,0.000000,0.162141,0.000000,0.000000,0.000000,0.00100000
1,212,1.333635,0.000388,83.4515,0.000000,0.000000,0.000000,0.236218,0.000000,0.000000,0.000000,0.00100000
1,213,1.323040,0.000385,83.0279,0.000000,0.000000,0.000000,0.229373,0.000000,0.000000,0.000000,0.00100000
1,214,1.250749,0.000368,84.9971,0.000000,0.000000,0.000000,0.195481,0.000000,0.000000,0.000000,0.00100000
1,215,1.536252,0.000433,90.2756,0.000000,0.000000,0.000000,0.357367,0.000000,0.000000,0.000000,0.00100000
1,216,1.476468,0.000423,93.8881,0.000000,0.000000,0.000000,0.301245,0.000000,0.000000,0.000000,0.00100000
1,217,1.311884,0.000384,96.8757,0.000000,0.000000,0.000000,0.218366,0.000000,0.000000,0.000000,0.00100000
1,218,1.445168,0.000410,92.2828,0.000000,0.000000,0.000000,0.317849,0.000000,0.000000,0.000000,0.00100000
1,219,1.594305,0.000478,96.3251,0.000000,0.000000,0.000000,0.192876,0.000000,0.000000,0.000000,0.00100000
1,220,3.043693,0.000901,93.2713,0.000000,0.000000,0.000000,0.433660,0.000000,0.000000,0.000000,0.00100000
1,221,1.839768,0.000533,90.8410,0.000000,0.000000,0.000000,0.334293,0.000000,0.000000,0.000000,0.00100000
1,222,1.697867,0.000483,87.1966,0.000000,0.000000,0.000000,0.368260,0.000000,0.000000,0.000000,0.00100000
1,223,1.554865,0.000448,91.9712,0.000000,0.000000,0.000000,0.302440,0.000000,0.000000,0.000000,0.00100000
1,224,1.511974,0.000432,86.1764,0.000000,0.000000,0.000000,0.312400,0.000000,0.000000,0.000000,0.00100000
1,225,1.473375,0.000427,87.3941,0.000000,0.000000,0.000000,0.267144,0.000000,0.000000,0.000000,0.00100000
1,226,1.914596,0.000544,95.0597,0.000000,0.000000,0.000000,0.420176,0.000000,0.000000,0.000000,0.00100000
1,227,1.703750,0.000476,96.2821,0.000000,0.000000,0.000000,0.421307,0.000000,0.000000,0.000000,0.00100000
1,228,1.393495,0.000396,90.7024,0.000000,0.000000,0.000000,0.305087,0.000000,0.000000,0.000000,0.00100000
1,229,1.562953,0.000452,96.7497,0.000000,0.000000,0.000000,0.291021,0.000000,0.000000,0.000000,0.00100000
1,230,1.608965,0.000445,89.4335,0.000000,0.000000,0.000000,0.427828,0.000000,0.000000,0.000000,0.00100000
1,231,1.428180,0.000397,90.5104,0.000000,0.000000,0.000000,0.369356,0.000000,0.000000,0.000000,0.00100000
1,232,1.435715,0.000408,86.9756,0.000000,0.000000,0.000000,0.310150,0.000000,0.000000,0.000000,0.00100000
1,233,1.302954,0.000363,84.5881,0.000000,0.000000,0.000000,0.330463,0.000000,0.000000,0.000000,0.00100000
1,234,1.239541,0.000362,80.5704,0.000000,0.000000,0.000000,0.211087,0.000000,0.000000,0.000000,0.00100000
1,235,1.542238,0.000455,81.2008,0.000000,0.000000,0.000000,0.227784,0.000000,0.000000,0.000000,0.00100000
1,236,1.365682,0.000404,83.4160,0.000000,0.000000,0.000000,0.198037,0.000000,0.000000,0.000000,0.00100000
1,237,1.773035,0.000497,91.7257,0.000000,0.000000,0.000000,0.426571,0.000000,0.000000,0.000000,0.00100000
1,238,1.462753,0.000432,91.6558,0.000000,0.000000,0.000000,0.214551,0.000000,0.000000,0.000000,0.00100000
1,239,1.352164,0.000406,88.4965,0.000000,0.000000,0.000000,0.159618,0.000000,0.000000,0.000000,0.00100000
1,240,1.349301,0.000378,87.3611,0.000000,0.000000,0.000000,0.330324,0.000000,0.000000,0.000000,0.00100000
1,241,1.487736,0.000435,91.1513,0.000000,0.000000,0.000000,0.246299,0.000000,0.000000,0.000000,0.00100000
1,242,1.543110,0.000439,97.6427,0.000000,0.000000,0.000000,0.334698,0.000000,0.000000,0.000000,0.00100000
1,243,1.449158,0.000411,96.4333,0.000000,0.000000,0.000000,0.320364,0.000000,0.000000,0.000000,0.00100000
1,244,1.379277,0.000407,96.2475,0.000000,0.000000,0.000000,0.203173,0.000000,0.000000,0.000000,0.00100000
1,245,1.289306,0.000380,92.2938,0.000000,0.000000,0.000000,0.192239,0.000000,0.000000,0.000000,0.00100000
1,246,1.266210,0.000371,95.5845,0.000000,0.000000,0.000000,0.203322,0.000000,0.000000,0.000000,0.00100000
1,247,1.327392,0.000399,98.3349,0.000000,0.000000,0.000000,0.150025,0.000000,0.000000,0.000000,0.00100000
1,248,1.337521,0.000404,101.6798,0.000000,0.000000,0.000000,0.139841,0.000000,0.000000,0.000000,0.00100000
1,249,1.334612,0.000387,93.2725,0.000000,0.000000,0.000000,0.240559,0.000000,0.000000,0.000000,0.00100000
1,250,1.402403,0.000406,92.5960,0.000000,0.000000,0.000000,0.255804,0.000000,0.000000,0.000000,0.00100000
1,251,1.430718,0.000420,83.9193,0.000000,0.000000,0.000000,0.227033,0.000000,0.000000,0.000000,0.00100000
1,252,1.307102,0.000376,90.3331,0.000000,0.000000,0.000000,0.253479,0.000000,0.000000,0.000000,0.00100000
1,253,1.391968,0.000398,98.9674,0.000000,0.000000,0.000000,0.285460,0.000000,0.000000,0.000000,0.00100000
1,254,1.332636,0.000384,95.8717,0.000000,0.000000,0.000000,0.258541,0.000000,0.000000,0.000000,0.00100000
1,255,1.169372,0.000345,97.2082,0.000000,0.000000,0.000000,0.172600,0.000000,0.000000,0.000000,0.00100000
1,256,1.297776,0.000386,94.4315,0.000000,0.000000,0.000000,0.172788,0.000000,0.000000,0.000000,0.00100000
1,257,1.228630,0.000365,99.0025,0.000000,0.000000,0.000000,0.169420,0.000000,0.000000,0.000000,0.00100000
1,258,1.145839,0.000320,91.8672,0.000000,0.000000,0.000000,0.284356,0.000000,0.000000,0.000000,0.00100000
1,259,1.158488,0.000345,94.3911,0.000000,0.000000,0.000000,0.150396,0.000000,0.000000,0.000000,0.00100000
1,260,1.353175,0.000396,95.8876,0.000000,0.000000,0.000000,0.220903,0.000000,0.000000,0.000000,0.00100000
1,261,1.195179,0.000357,89.0376,0.000000,0.000000,0.000000,0.153001,0.000000,0.000000,0.000000,0.00100000
1,262,1.198214,0.000350,90.1894,0.000000,0.000000,0.000000,0.202067,0.000000,0.000000,0.000000,0.00100000
1,263,1.122364,0.000329,86.3742,0.000000,0.000000,0.000000,0.182096,0.000000,0.000000,0.000000,0.00100000
1,264,1.144117,0.000338,87.3764,0.000000,0.000000,0.000000,0.167156,0.000000,0.000000,0.000000,0.00100000
1,265,1.432866,0.000421,85.5481,0.000000,0.000000,0.000000,0.225237,0.000000,0.000000,0.000000,0.00100000
1,266,1.682876,0.000495,86.3781,0.000000,0.000000,0.000000,0.262076,0.000000,0.000000,0.000000,0.00100000
1,267,1.894166,0.000555,85.3143,0.000000,0.000000,0.000000,0.307894,0.000000,0.000000,0.000000,0.00100000
1,268,2.042537,0.000603,89.2871,0.000000,0.000000,0.000000,0.302834,0.000000,0.000000,0.000000,0.00100000
1,269,1.515284,0.000441,93.3743,0.000000,0.000000,0.000000,0.265771,0.000000,0.000000,0.000000,0.00100000
1,270,1.462966,0.000428,94.1517,0.000000,0.000000,0.000000,0.241155,0.000000,0.000000,0.000000,0.00100000
1,271,1.619218,0.000473,91.5308,0.000000,0.000000,0.000000,0.271549,0.000000,0.000000,0.000000,0.00100000
1,272,1.371232,0.000402,93.0750,0.000000,0.000000,0.000000,0.221192,0.000000,0.000000,0.000000,0.00100000
1,273,1.237702,0.000367,94.2766,0.000000,0.000000,0.000000,0.172290,0.000000,0.000000,0.000000,0.00100000
1,274,1.392583,0.000418,88.1069,0.000000,0.000000,0.000000,0.165063,0.000000,0.000000,0.000000,0.00100000
1,275,1.195369,0.000354,87.9808,0.000000,0.000000,0.000000,0.172130,0.000000,0.000000,0.000000,0.00100000
1,276,1.381685,0.000408,90.5418,0.000000,0.000000,0.000000,0.206153,0.000000,0.000000,0.000000,0.00100000
1,277,1.236497,0.000365,91.1779,0.000000,0.000000,0.000000,0.181571,0.000000,0.000000,0.000000,0.00100000
1,278,1.253348,0.000377,91.1850,0.000000,0.000000,0.000000,0.140108,0.000000,0.000000,0.000000,0.00100000
1,279,1.502872,0.000432,92.8223,0.000000,0.000000,0.000000,0.293382,0.000000,0.000000,0.000000,0.00100000
1,280,1.418591,0.000413,93.7185,0.000000,0.000000,0.000000,0.245763,0.000000,0.000000,0.000000,0.00100000
1,281,1.587084,0.000457,96.3043,0.000000,0.000000,0.000000,0.308954,0.000000,0.000000,0.000000,0.00100000
1,282,2.422105,0.000726,93.1401,0.000000,0.000000,0.000000,0.291520,0.000000,0.000000,0.000000,0.00100000
1,283,1.716547,0.000507,94.7018,0.000000,0.000000,0.000000,0.253378,0.000000,0.000000,0.000000,0.00100000
1,284,1.671092,0.000503,95.2974,0.000000,0.000000,0.000000,0.188360,0.000000,0.000000,0.000000,0.00100000
1,285,1.556920,0.000463,92.7411,0.000000,0.000000,0.000000,0.206969,0.000000,0.000000,0.000000,0.00100000
1,286,1.431873,0.000424,101.2061,0.000000,0.000000,0.000000,0.204797,0.000000,0.000000,0.000000,0.00100000
1,287,1.319303,0.000397,97.6563,0.000000,0.000000,0.000000,0.150383,0.000000,0.000000,0.000000,0.00100000
1,288,1.273730,0.000363,92.6823,0.000000,0.000000,0.000000,0.270502,0.000000,0.000000,0.000000,0.00100000
1,289,1.290447,0.000386,90.4908,0.000000,0.000000,0.000000,0.161628,0.000000,0.000000,0.000000,0.00100000
1,290,1.255424,0.000376,93.4588,0.000000,0.000000,0.000000,0.151826,0.000000,0.000000,0.000000,0.00100000
1,291,1.244841,0.000367,87.6385,0.000000,0.000000,0.000000,0.190009,0.000000,0.000000,0.000000,0.00100000
1,292,1.216751,0.000361,89.1981,0.000000,0.000000,0.000000,0.172209,0.000000,0.000000,0.000000,0.00100000
1,293,1.346064,0.000400,91.6998,0.000000,0.000000,0.000000,0.184372,0.000000,0.000000,0.000000,0.00100000
1,294,1.320138,0.000399,96.5556,0.000000,0.000000,0.000000,0.135591,0.000000,0.000000,0.000000,0.00100000
1,295,1.195451,0.000365,96.4640,0.000000,0.000000,0.000000,0.099210,0.000000,0.000000,0.000000,0.00100000
1,296,1.614707,0.000470,99.7047,0.000000,0.000000,0.000000,0.282351,0.000000,0.000000,0.000000,0.00100000
1,297,1.400784,0.000423,93.9899,0.000000,0.000000,0.000000,0.148761,0.000000,0.000000,0.000000,0.00100000
1,298,1.436565,0.000413,101.3325,0.000000,0.000000,0.000000,0.282396,0.000000,0.000000,0.000000,0.00100000
1,299,1.343255,0.000396,95.7140,0.000000,0.000000,0.000000,0.199936,0.000000,0.000000,0.000000,0.00100000
1,300,1.231622,0.000359,88.7531,0.000000,0.000000,0.000000,0.211281,0.000000,0.000000,0.000000,0.00100000
1,301,1.929347,0.000569,100.0653,0.000000,0.000000,0.000000,0.292020,0.000000,0.000000,0.000000,0.00100000
1,302,1.327783,0.000395,92.5166,0.000000,0.000000,0.000000,0.178149,0.000000,0.000000,0.000000,0.00100000
1,303,1.190123,0.000351,91.8936,0.000000,0.000000,0.000000,0.175710,0.000000,0.000000,0.000000,0.00100000
1,304,1.222672,0.000363,87.1575,0.000000,0.000000,0.000000,0.166114,0.000000,0.000000,0.000000,0.00100000
1,305,1.376867,0.000400,95.9553,0.000000,0.000000,0.000000,0.244267,0.000000,0.000000,0.000000,0.00100000
1,306,1.189620,0.000351,92.1951,0.000000,0.000000,0.000000,0.176747,0.000000,0.000000,0.000000,0.00100000
1,307,1.210693,0.000356,89.2277,0.000000,0.000000,0.000000,0.190287,0.000000,0.000000,0.000000,0.00100000
1,308,1.336639,0.000397,95.1664,0.000000,0.000000,0.000000,0.185286,0.000000,0.000000,0.000000,0.00100000
1,309,1.344982,0.000394,97.0695,0.000000,0.000000,0.000000,0.219489,0.000000,0.000000,0.000000,0.00100000
1,310,1.284444,0.000379,91.6309,0.000000,0.000000,0.000000,0.192835,0.000000,0.000000,0.000000,0.00100000
1,311,1.114856,0.000334,93.3664,0.000000,0.000000,0.000000,0.132751,0.000000,0.000000,0.000000,0.00100000
1,312,1.230908,0.000368,94.5319,0.000000,0.000000,0.000000,0.152658,0.000000,0.000000,0.000000,0.00100000
1,313,1.642480,0.000494,95.5238,0.000000,0.000000,0.000000,0.184782,0.000000,0.000000,0.000000,0.00100000
1,314,1.388439,0.000409,89.7856,0.000000,0.000000,0.000000,0.209785,0.000000,0.000000,0.000000,0.00100000
1,315,1.599704,0.000485,90.9583,0.000000,0.000000,0.000000,0.155390,0.000000,0.000000,0.000000,0.00100000
1,316,1.278229,0.000387,90.6583,0.000000,0.000000,0.000000,0.130482,0.000000,0.000000,0.000000,0.00100000
1,317,1.195861,0.000364,97.7412,0.000000,0.000000,0.000000,0.107026,0.000000,0.000000,0.000000,0.00100000
1,318,1.305529,0.000377,82.5725,0.000000,0.000000,0.000000,0.245179,0.000000,0.000000,0.000000,0.00100000
1,319,1.252521,0.000368,85.2846,0.000000,0.000000,0.000000,0.197009,0.000000,0.000000,0.000000,0.00100000
1,320,1.086128,0.000327,85.4808,0.000000,0.000000,0.000000,0.118410,0.000000,0.000000,0.000000,0.00100000
1,321,1.505556,0.000434,94.4321,0.000000,0.000000,0.000000,0.289815,0.000000,0.000000,0.000000,0.00100000
1,322,1.166229,0.000344,92.1593,0.000000,0.000000,0.000000,0.174011,0.000000,0.000000,0.000000,0.00100000
1,323,1.244276,0.000366,96.1337,0.000000,0.000000,0.000000,0.194547,0.000000,0.000000,0.000000,0.00100000
1,324,1.511402,0.000438,103.1321,0.000000,0.000000,0.000000,0.276524,0.000000,0.000000,0.000000,0.00100000
1,325,1.284198,0.000381,97.8746,0.000000,0.000000,0.000000,0.176640,0.000000,0.000000,0.000000,0.00100000
1,326,1.288674,0.000385,97.0695,0.000000,0.000000,0.000000,0.165446,0.000000,0.000000,0.000000,0.00100000
1,327,1.198014,0.000363,96.2101,0.000000,0.000000,0.000000,0.119234,0.000000,0.000000,0.000000,0.00100000
1,328,1.395471,0.000418,99.0034,0.000000,0.000000,0.000000,0.170806,0.000000,0.000000,0.000000,0.00100000
1,329,1.685217,0.000489,105.8227,0.000000,0.000000,0.000000,0.304757,0.000000,0.000000,0.000000,0.00100000
1,330,1.228958,0.000356,96.0347,0.000000,0.000000,0.000000,0.222794,0.000000,0.000000,0.000000,0.00100000
1,331,1.160594,0.000350,99.4723,0.000000,0.000000,0.000000,0.125122,0.000000,0.000000,0.000000,0.00100000
1,332,1.405430,0.000420,104.9554,0.000000,0.000000,0.000000,0.178777,0.000000,0.000000,0.000000,0.00100000
1,333,1.299093,0.000392,95.8796,0.000000,0.000000,0.000000,0.142408,0.000000,0.000000,0.000000,0.00100000
1,334,1.287438,0.000388,100.9781,0.000000,0.000000,0.000000,0.138238,0.000000,0.000000,0.000000,0.00100000
1,335,1.340102,0.000392,95.7135,0.000000,0.000000,0.000000,0.223913,0.000000,0.000000,0.000000,0.00100000
1,336,1.216257,0.000351,90.7572,0.000000,0.000000,0.000000,0.228627,0.000000,0.000000,0.000000,0.00100000
1,337,1.196411,0.000354,98.3665,0.000000,0.000000,0.000000,0.174632,0.000000,0.000000,0.000000,0.00100000
1,338,1.170677,0.000352,98.9400,0.000000,0.000000,0.000000,0.136247,0.000000,0.000000,0.000000,0.00100000
1,339,1.251042,0.000377,98.9820,0.000000,0.000000,0.000000,0.137537,0.000000,0.000000,0.000000,0.00100000
1,340,1.191529,0.000355,94.4817,0.000000,0.000000,0.000000,0.156064,0.000000,0.000000,0.000000,0.00100000
1,341,1.145093,0.000341,100.2330,0.000000,0.000000,0.000000,0.152899,0.000000,0.000000,0.000000,0.00100000
1,342,1.146973,0.000347,93.8891,0.000000,0.000000,0.000000,0.119058,0.000000,0.000000,0.000000,0.00100000
1,343,1.393935,0.000408,104.6262,0.000000,0.000000,0.000000,0.229732,0.000000,0.000000,0.000000,0.00100000
1,344,1.427472,0.000428,95.2663,0.000000,0.000000,0.000000,0.172046,0.000000,0.000000,0.000000,0.00100000
1,345,1.202140,0.000357,94.7823,0.000000,0.000000,0.000000,0.163646,0.000000,0.000000,0.000000,0.00100000
1,346,1.182075,0.000356,102.5352,0.000000,0.000000,0.000000,0.134308,0.000000,0.000000,0.000000,0.00100000
1,347,1.129628,0.000339,102.6466,0.000000,0.000000,0.000000,0.133799,0.000000,0.000000,0.000000,0.00100000
1,348,1.250433,0.000362,104.1460,0.000000,0.000000,0.000000,0.230058,0.000000,0.000000,0.000000,0.00100000
1,349,1.169575,0.000356,105.5247,0.000000,0.000000,0.000000,0.107888,0.000000,0.000000,0.000000,0.00100000
1,350,1.176754,0.000336,86.4643,0.000000,0.000000,0.000000,0.246379,0.000000,0.000000,0.000000,0.00100000
1,351,1.176665,0.000351,88.3998,0.000000,0.000000,0.000000,0.152291,0.000000,0.000000,0.000000,0.00100000
1,352,1.105966,0.000331,95.8006,0.000000,0.000000,0.000000,0.137836,0.000000,0.000000,0.000000,0.00100000
1,353,1.053179,0.000317,84.5743,0.000000,0.000000,0.000000,0.119024,0.000000,0.000000,0.000000,0.00100000
1,354,1.302795,0.000376,99.4653,0.000000,0.000000,0.000000,0.247781,0.000000,0.000000,0.000000,0.00100000
1,355,1.132781,0.000339,91.7544,0.000000,0.000000,0.000000,0.141164,0.000000,0.000000,0.000000,0.00100000
1,356,1.056759,0.000322,87.9733,0.000000,0.000000,0.000000,0.093549,0.000000,0.000000,0.000000,0.00100000
1,357,1.160810,0.000353,92.6884,0.000000,0.000000,0.000000,0.109391,0.000000,0.000000,0.000000,0.00100000
1,358,0.969171,0.000292,87.9552,0.000000,0.000000,0.000000,0.106513,0.000000,0.000000,0.000000,0.00100000
1,359,1.053464,0.000315,89.3981,0.000000,0.000000,0.000000,0.129163,0.000000,0.000000,0.000000,0.00100000
1,360,1.319402,0.000397,92.8498,0.000000,0.000000,0.000000,0.149508,0.000000,0.000000,0.000000,0.00100000
1,361,1.137174,0.000337,92.3643,0.000000,0.000000,0.000000,0.162095,0.000000,0.000000,0.000000,0.00100000
1,362,1.165164,0.000348,97.0087,0.000000,0.000000,0.000000,0.148872,0.000000,0.000000,0.000000,0.00100000
1,363,1.138897,0.000346,90.5097,0.000000,0.000000,0.000000,0.104610,0.000000,0.000000,0.000000,0.00100000
1,364,1.103392,0.000334,96.6205,0.000000,0.000000,0.000000,0.111333,0.000000,0.000000,0.000000,0.00100000
1,365,1.125578,0.000339,93.2473,0.000000,0.000000,0.000000,0.126296,0.000000,0.000000,0.000000,0.00100000
1,366,1.131688,0.000336,100.6406,0.000000,0.000000,0.000000,0.157460,0.000000,0.000000,0.000000,0.00100000
1,367,1.135616,0.000335,87.7879,0.000000,0.000000,0.000000,0.169289,0.000000,0.000000,0.000000,0.00100000
1,368,1.432953,0.000426,94.2026,0.000000,0.000000,0.000000,0.193635,0.000000,0.000000,0.000000,0.00100000
1,369,1.227814,0.000369,91.9876,0.000000,0.000000,0.000000,0.144214,0.000000,0.000000,0.000000,0.00100000
1,370,1.226005,0.000373,94.1456,0.000000,0.000000,0.000000,0.111698,0.000000,0.000000,0.000000,0.00100000
1,371,1.087867,0.000320,83.6242,0.000000,0.000000,0.000000,0.169966,0.000000,0.000000,0.000000,0.00100000
1,372,1.244160,0.000370,86.5460,0.000000,0.000000,0.000000,0.165131,0.000000,0.000000,0.000000,0.00100000
1,373,1.123416,0.000336,83.9223,0.000000,0.000000,0.000000,0.140212,0.000000,0.000000,0.000000,0.00100000
1,374,1.066849,0.000321,96.0749,0.000000,0.000000,0.000000,0.123287,0.000000,0.000000,0.000000,0.00100000
1,375,1.276877,0.000384,97.9812,0.000000,0.000000,0.000000,0.145567,0.000000,0.000000,0.000000,0.00100000
1,376,1.457532,0.000431,103.6886,0.000000,0.000000,0.000000,0.213226,0.000000,0.000000,0.000000,0.00100000
1,377,1.220979,0.000369,97.7743,0.000000,0.000000,0.000000,0.129852,0.000000,0.000000,0.000000,0.00100000
1,378,1.129707,0.000336,94.0736,0.000000,0.000000,0.000000,0.154824,0.000000,0.000000,0.000000,0.00100000
1,379,1.246240,0.000374,87.8939,0.000000,0.000000,0.000000,0.144496,0.000000,0.000000,0.000000,0.00100000
1,380,1.144451,0.000341,94.1494,0.000000,0.000000,0.000000,0.150795,0.000000,0.000000,0.000000,0.00100000
1,381,1.085265,0.000326,99.0936,0.000000,0.000000,0.000000,0.122726,0.000000,0.000000,0.000000,0.00100000
1,382,1.056213,0.000313,90.3329,0.000000,0.000000,0.000000,0.146275,0.000000,0.000000,0.000000,0.00100000
1,383,1.198437,0.000362,100.5134,0.000000,0.000000,0.000000,0.125885,0.000000,0.000000,0.000000,0.00100000
1,384,1.176943,0.000359,91.5000,0.000000,0.000000,0.000000,0.099596,0.000000,0.000000,0.000000,0.00100000
1,385,1.077694,0.000321,92.9713,0.000000,0.000000,0.000000,0.144876,0.000000,0.000000,0.000000,0.00100000
1,386,1.106871,0.000327,100.3727,0.000000,0.000000,0.000000,0.160053,0.000000,0.000000,0.000000,0.00100000
1,387,1.033308,0.000319,94.7522,0.000000,0.000000,0.000000,0.066659,0.000000,0.000000,0.000000,0.00100000
1,388,0.993516,0.000302,95.4427,0.000000,0.000000,0.000000,0.093626,0.000000,0.000000,0.000000,0.00100000
1,389,1.016506,0.000315,99.4627,0.000000,0.000000,0.000000,0.055696,0.000000,0.000000,0.000000,0.00100000
1,390,1.067490,0.000327,90.3443,0.000000,0.000000,0.000000,0.083396,0.000000,0.000000,0.000000,0.00100000
1,391,1.200024,0.000360,93.4835,0.000000,0.000000,0.000000,0.143669,0.000000,0.000000,0.000000,0.00100000
1,392,1.350085,0.000405,103.9271,0.000000,0.000000,0.000000,0.162891,0.000000,0.000000,0.000000,0.00100000
1,393,1.116532,0.000329,91.8497,0.000000,0.000000,0.000000,0.169131,0.000000,0.000000,0.000000,0.00100000
1,394,1.073542,0.000325,99.8571,0.000000,0.000000,0.000000,0.109309,0.000000,0.000000,0.000000,0.00100000
1,395,1.082235,0.000327,102.6535,0.000000,0.000000,0.000000,0.115257,0.000000,0.000000,0.000000,0.00100000
1,396,0.963731,0.000295,98.7262,0.000000,0.000000,0.000000,0.078766,0.000000,0.000000,0.000000,0.00100000
1,397,0.967545,0.000298,94.9195,0.000000,0.000000,0.000000,0.065611,0.000000,0.000000,0.000000,0.00100000
1,398,1.174001,0.000348,94.6039,0.000000,0.000000,0.000000,0.162797,0.000000,0.000000,0.000000,0.00100000
1,399,1.066121,0.000320,97.8887,0.000000,0.000000,0.000000,0.124583,0.000000,0.000000,0.000000,0.00100000
1,400,0.973310,0.000295,88.8078,0.000000,0.000000,0.000000,0.094567,0.000000,0.000000,0.000000,0.00100000
1,401,1.153620,0.000348,91.9464,0.000000,0.000000,0.000000,0.125664,0.000000,0.000000,0.000000,0.00100000
1,402,1.140077,0.000346,97.1911,0.000000,0.000000,0.000000,0.109047,0.000000,0.000000,0.000000,0.00100000
1,403,0.929964,0.000286,91.3085,0.000000,0.000000,0.000000,0.066863,0.000000,0.000000,0.000000,0.00100000
1,404,1.050814,0.000319,91.8228,0.000000,0.000000,0.000000,0.100827,0.000000,0.000000,0.000000,0.00100000
1,405,0.972442,0.000290,97.5782,0.000000,0.000000,0.000000,0.125725,0.000000,0.000000,0.000000,0.00100000
1,406,1.041632,0.000324,93.5186,0.000000,0.000000,0.000000,0.053457,0.000000,0.000000,0.000000,0.00100000
1,407,1.362091,0.000408,88.4483,0.000000,0.000000,0.000000,0.167447,0.000000,0.000000,0.000000,0.00100000
1,408,1.284752,0.000387,92.2663,0.000000,0.000000,0.000000,0.144541,0.000000,0.000000,0.000000,0.00100000
1,409,1.128727,0.000341,93.7677,0.000000,0.000000,0.000000,0.116513,0.000000,0.000000,0.000000,0.00100000
1,410,1.384940,0.000422,88.6968,0.000000,0.000000,0.000000,0.122996,0.000000,0.000000,0.000000,0.00100000
1,411,1.140818,0.000345,92.8576,0.000000,0.000000,0.000000,0.119025,0.000000,0.000000,0.000000,0.00100000
1,412,1.206529,0.000363,104.9427,0.000000,0.000000,0.000000,0.138083,0.000000,0.000000,0.000000,0.00100000
1,413,1.427592,0.000399,77.9447,0.000000,0.000000,0.000000,0.352359,0.000000,0.000000,0.000000,0.00100000
1,414,1.047177,0.000318,95.2386,0.000000,0.000000,0.000000,0.101484,0.000000,0.000000,0.000000,0.00100000
1,415,1.121475,0.000336,82.9213,0.000000,0.000000,0.000000,0.136657,0.000000,0.000000,0.000000,0.00100000
1,416,1.062861,0.000323,81.9373,0.000000,0.000000,0.000000,0.099849,0.000000,0.000000,0.000000,0.00100000
1,417,1.034156,0.000306,86.8123,0.000000,0.000000,0.000000,0.148339,0.000000,0.000000,0.000000,0.00100000
1,418,1.053105,0.000320,94.6686,0.000000,0.000000,0.000000,0.096330,0.000000,0.000000,0.000000,0.00100000
1,419,0.985672,0.000298,92.0051,0.000000,0.000000,0.000000,0.103346,0.000000,0.000000,0.000000,0.00100000
1,420,0.894299,0.000272,86.8189,0.000000,0.000000,0.000000,0.084236,0.000000,0.000000,0.000000,0.00100000
1,421,1.031550,0.000311,89.0833,0.000000,0.000000,0.000000,0.114406,0.000000,0.000000,0.000000,0.00100000
1,422,1.250099,0.000368,94.2195,0.000000,0.000000,0.000000,0.193987,0.000000,0.000000,0.000000,0.00100000
1,423,1.178818,0.000350,81.4481,0.000000,0.000000,0.000000,0.162040,0.000000,0.000000,0.000000,0.00100000
1,424,1.279020,0.000381,100.8605,0.000000,0.000000,0.000000,0.170024,0.000000,0.000000,0.000000,0.00100000
1,425,0.976028,0.000296,92.4136,0.000000,0.000000,0.000000,0.094974,0.000000,0.000000,0.000000,0.00100000
1,426,0.996378,0.000308,90.4197,0.000000,0.000000,0.000000,0.059068,0.000000,0.000000,0.000000,0.00100000
1,427,0.894665,0.000278,91.8600,0.000000,0.000000,0.000000,0.044320,0.000000,0.000000,0.000000,0.00100000
1,428,1.201830,0.000361,104.7311,0.000000,0.000000,0.000000,0.140153,0.000000,0.000000,0.000000,0.00100000
1,429,1.050023,0.000322,99.9657,0.000000,0.000000,0.000000,0.078286,0.000000,0.000000,0.000000,0.00100000
1,430,1.086557,0.000333,104.4535,0.000000,0.000000,0.000000,0.082281,0.000000,0.000000,0.000000,0.00100000
1,431,1.134326,0.000337,94.9922,0.000000,0.000000,0.000000,0.154562,0.000000,0.000000,0.000000,0.00100000
1,432,1.015481,0.000312,97.1901,0.000000,0.000000,0.000000,0.073791,0.000000,0.000000,0.000000,0.00100000
1,433,1.107380,0.000339,102.6975,0.000000,0.000000,0.000000,0.088970,0.000000,0.000000,0.000000,0.00100000
1,434,0.962431,0.000292,92.8296,0.000000,0.000000,0.000000,0.095470,0.000000,0.000000,0.000000,0.00100000
1,435,0.970523,0.000295,91.4146,0.000000,0.000000,0.000000,0.090175,0.000000,0.000000,0.000000,0.00100000
1,436,1.051651,0.000322,85.1233,0.000000,0.000000,0.000000,0.085099,0.000000,0.000000,0.000000,0.00100000
1,437,0.921374,0.000285,79.4734,0.000000,0.000000,0.000000,0.052880,0.000000,0.000000,0.000000,0.00100000
1,438,1.209530,0.000365,94.5166,0.000000,0.000000,0.000000,0.128928,0.000000,0.000000,0.000000,0.00100000
1,439,0.993844,0.000298,87.9903,0.000000,0.000000,0.000000,0.121341,0.000000,0.000000,0.000000,0.00100000
1,440,1.021520,0.000309,98.4708,0.000000,0.000000,0.000000,0.101901,0.000000,0.000000,0.000000,0.00100000
1,441,1.033796,0.000307,86.2254,0.000000,0.000000,0.000000,0.142897,0.000000,0.000000,0.000000,0.00100000
1,442,1.009045,0.000295,98.7679,0.000000,0.000000,0.000000,0.169895,0.000000,0.000000,0.000000,0.00100000
1,443,0.984615,0.000297,104.6934,0.000000,0.000000,0.000000,0.106658,0.000000,0.000000,0.000000,0.00100000
1,444,1.015993,0.000298,87.1245,0.000000,0.000000,0.000000,0.160669,0.000000,0.000000,0.000000,0.00100000
1,445,1.015239,0.000307,97.1346,0.000000,0.000000,0.000000,0.104175,0.000000,0.000000,0.000000,0.00100000
1,446,1.102642,0.000325,93.0817,0.000000,0.000000,0.000000,0.169593,0.000000,0.000000,0.000000,0.00100000
1,447,1.116261,0.000330,102.0339,0.000000,0.000000,0.000000,0.165028,0.000000,0.000000,0.000000,0.00100000
1,448,1.038647,0.000318,106.8732,0.000000,0.000000,0.000000,0.085123,0.000000,0.000000,0.000000,0.00100000
1,449,1.009504,0.000300,93.8758,0.000000,0.000000,0.000000,0.139529,0.000000,0.000000,0.000000,0.00100000
1,450,0.972974,0.000289,86.1587,0.000000,0.000000,0.000000,0.135906,0.000000,0.000000,0.000000,0.00100000
1,451,0.949319,0.000288,91.5070,0.000000,0.000000,0.000000,0.089963,0.000000,0.000000,0.000000,0.00100000
1,452,0.872258,0.000261,93.5537,0.000000,0.000000,0.000000,0.107012,0.000000,0.000000,0.000000,0.00100000
1,453,0.994067,0.000303,91.5784,0.000000,0.000000,0.000000,0.084685,0.000000,0.000000,0.000000,0.00100000
1,454,2.445261,0.000730,89.3108,0.000000,0.000000,0.000000,0.309343,0.000000,0.000000,0.000000,0.00100000
1,455,1.732091,0.000520,97.0715,0.000000,0.000000,0.000000,0.203175,0.000000,0.000000,0.000000,0.00100000
1,456,1.342952,0.000395,97.8387,0.000000,0.000000,0.000000,0.206293,0.000000,0.000000,0.000000,0.00100000
1,457,1.214588,0.000354,87.0441,0.000000,0.000000,0.000000,0.210032,0.000000,0.000000,0.000000,0.00100000
1,458,1.090980,0.000320,100.9571,0.000000,0.000000,0.000000,0.173959,0.000000,0.000000,0.000000,0.00100000
1,459,1.144244,0.000348,86.0663,0.000000,0.000000,0.000000,0.107885,0.000000,0.000000,0.000000,0.00100000
1,460,1.017482,0.000300,91.8233,0.000000,0.000000,0.000000,0.150303,0.000000,0.000000,0.000000,0.00100000
1,461,1.175091,0.000344,98.7082,0.000000,0.000000,0.000000,0.192765,0.000000,0.000000,0.000000,0.00100000
1,462,1.168381,0.000346,98.3369,0.000000,0.000000,0.000000,0.164764,0.000000,0.000000,0.000000,0.00100000
1,463,1.049201,0.000307,88.9206,0.000000,0.000000,0.000000,0.171968,0.000000,0.000000,0.000000,0.00100000
1,464,1.041326,0.000318,83.9537,0.000000,0.000000,0.000000,0.085994,0.000000,0.000000,0.000000,0.00100000
1,465,0.988244,0.000293,95.3059,0.000000,0.000000,0.000000,0.135927,0.000000,0.000000,0.000000,0.00100000
1,466,0.979326,0.000294,89.4816,0.000000,0.000000,0.000000,0.114399,0.000000,0.000000,0.000000,0.00100000
1,467,1.081713,0.000323,88.0364,0.000000,0.000000,0.000000,0.134493,0.000000,0.000000,0.000000,0.00100000
1,468,0.917969,0.000278,82.1446,0.000000,0.000000,0.000000,0.090642,0.000000,0.000000,0.000000,0.00100000
1,469,1.062104,0.000320,89.2858,0.000000,0.000000,0.000000,0.118160,0.000000,0.000000,0.000000,0.00100000
1,470,1.272335,0.000378,94.3552,0.000000,0.000000,0.000000,0.170978,0.000000,0.000000,0.000000,0.00100000
1,471,1.121942,0.000340,96.1602,0.000000,0.000000,0.000000,0.109087,0.000000,0.000000,0.000000,0.00100000
1,472,0.981962,0.000291,89.5444,0.000000,0.000000,0.000000,0.139934,0.000000,0.000000,0.000000,0.00100000
1,473,1.047242,0.000315,100.2277,0.000000,0.000000,0.000000,0.115936,0.000000,0.000000,0.000000,0.00100000
1,474,0.986591,0.000302,91.0458,0.000000,0.000000,0.000000,0.077024,0.000000,0.000000,0.000000,0.00100000
1,475,1.080783,0.000329,98.9077,0.000000,0.000000,0.000000,0.095828,0.000000,0.000000,0.000000,0.00100000
1,476,1.133223,0.000341,100.5390,0.000000,0.000000,0.000000,0.129910,0.000000,0.000000,0.000000,0.00100000
1,477,1.287610,0.000390,98.7400,0.000000,0.000000,0.000000,0.130278,0.000000,0.000000,0.000000,0.00100000
1,478,1.050016,0.000310,83.8346,0.000000,0.000000,0.000000,0.155863,0.000000,0.000000,0.000000,0.00100000
1,479,1.050375,0.000312,82.6649,0.000000,0.000000,0.000000,0.146854,0.000000,0.000000,0.000000,0.00100000
1,480,1.027971,0.000309,94.2011,0.000000,0.000000,0.000000,0.117093,0.000000,0.000000,0.000000,0.00100000
1,481,1.126197,0.000340,98.8792,0.000000,0.000000,0.000000,0.122816,0.000000,0.000000,0.000000,0.00100000
1,482,1.337300,0.000406,104.6077,0.000000,0.000000,0.000000,0.126033,0.000000,0.000000,0.000000,0.00100000
1,483,1.146776,0.000341,101.7497,0.000000,0.000000,0.000000,0.152985,0.000000,0.000000,0.000000,0.00100000
1,484,1.034623,0.000309,96.4868,0.000000,0.000000,0.000000,0.132597,0.000000,0.000000,0.000000,0.00100000
1,485,1.165154,0.000346,92.9613,0.000000,0.000000,0.000000,0.162050,0.000000,0.000000,0.000000,0.00100000
1,486,1.319732,0.000400,87.4292,0.000000,0.000000,0.000000,0.127596,0.000000,0.000000,0.000000,0.00100000
1,487,1.133290,0.000339,78.4393,0.000000,0.000000,0.000000,0.139220,0.000000,0.000000,0.000000,0.00100000
1,488,1.177542,0.000348,92.7845,0.000000,0.000000,0.000000,0.170266,0.000000,0.000000,0.000000,0.00100000
1,489,1.113332,0.000338,85.4923,0.000000,0.000000,0.000000,0.108167,0.000000,0.000000,0.000000,0.00100000
1,490,1.043123,0.000315,90.0979,0.000000,0.000000,0.000000,0.108163,0.000000,0.000000,0.000000,0.00100000
1,491,1.047310,0.000317,79.6095,0.000000,0.000000,0.000000,0.108158,0.000000,0.000000,0.000000,0.00100000
1,492,1.036920,0.000309,87.2550,0.000000,0.000000,0.000000,0.138185,0.000000,0.000000,0.000000,0.00100000
1,493,1.143511,0.000343,73.5889,0.000000,0.000000,0.000000,0.135302,0.000000,0.000000,0.000000,0.00100000
1,494,1.141915,0.000342,91.1680,0.000000,0.000000,0.000000,0.137314,0.000000,0.000000,0.000000,0.00100000
1,495,1.072883,0.000319,81.6146,0.000000,0.000000,0.000000,0.147145,0.000000,0.000000,0.000000,0.00100000
1,496,1.130424,0.000344,83.4667,0.000000,0.000000,0.000000,0.100523,0.000000,0.000000,0.000000,0.00100000
1,497,1.120108,0.000339,92.6267,0.000000,0.000000,0.000000,0.112711,0.000000,0.000000,0.000000,0.00100000
1,498,1.013999,0.000311,90.2957,0.000000,0.000000,0.000000,0.079573,0.000000,0.000000,0.000000,0.00100000
1,499,1.185361,0.000350,79.1659,0.000000,0.000000,0.000000,0.174199,0.000000,0.000000,0.000000,0.00100000
1,500,1.341566,0.000407,90.5321,0.000000,0.000000,0.000000,0.132379,0.000000,0.000000,0.000000,0.00100000
1,501,1.216877,0.000366,82.1377,0.000000,0.000000,0.000000,0.139419,0.000000,0.000000,0.000000,0.00100000
1,502,1.633370,0.000491,83.6239,0.000000,0.000000,0.000000,0.188616,0.000000,0.000000,0.000000,0.00100000
1,503,1.728521,0.000504,105.4111,0.000000,0.000000,0.000000,0.298502,0.000000,0.000000,0.000000,0.00100000
1,504,1.394314,0.000406,82.7861,0.000000,0.000000,0.000000,0.241474,0.000000,0.000000,0.000000,0.00100000
1,505,1.245570,0.000371,91.5886,0.000000,0.000000,0.000000,0.162039,0.000000,0.000000,0.000000,0.00100000
1,506,1.296269,0.000391,92.0994,0.000000,0.000000,0.000000,0.142554,0.000000,0.000000,0.000000,0.00100000
1,507,1.585747,0.000469,102.1899,0.000000,0.000000,0.000000,0.228830,0.000000,0.000000,0.000000,0.00100000
1,508,1.440828,0.000429,101.3503,0.000000,0.000000,0.000000,0.192988,0.000000,0.000000,0.000000,0.00100000
1,509,1.699654,0.000495,102.9178,0.000000,0.000000,0.000000,0.297449,0.000000,0.000000,0.000000,0.00100000
1,510,1.417756,0.000423,89.9221,0.000000,0.000000,0.000000,0.183621,0.000000,0.000000,0.000000,0.00100000
1,511,1.112929,0.000335,91.4283,0.000000,0.000000,0.000000,0.124653,0.000000,0.000000,0.000000,0.00100000
1,512,1.017559,0.000303,89.2927,0.000000,0.000000,0.000000,0.132003,0.000000,0.000000,0.000000,0.00100000
1,513,1.218220,0.000366,92.7058,0.000000,0.000000,0.000000,0.142194,0.000000,0.000000,0.000000,0.00100000
1,514,0.991456,0.000299,91.3696,0.000000,0.000000,0.000000,0.105389,0.000000,0.000000,0.000000,0.00100000
1,515,1.108144,0.000337,93.8488,0.000000,0.000000,0.000000,0.102418,0.000000,0.000000,0.000000,0.00100000
1,516,1.537345,0.000464,77.5853,0.000000,0.000000,0.000000,0.163210,0.000000,0.000000,0.000000,0.00100000
1,517,1.458396,0.000441,99.0740,0.000000,0.000000,0.000000,0.150250,0.000000,0.000000,0.000000,0.00100000
1,518,1.258684,0.000382,98.5413,0.000000,0.000000,0.000000,0.119369,0.000000,0.000000,0.000000,0.00100000
1,519,1.086497,0.000330,94.8178,0.000000,0.000000,0.000000,0.101447,0.000000,0.000000,0.000000,0.00100000
1,520,1.383059,0.000424,97.2817,0.000000,0.000000,0.000000,0.105045,0.000000,0.000000,0.000000,0.00100000
1,521,1.094886,0.000334,104.9889,0.000000,0.000000,0.000000,0.093353,0.000000,0.000000,0.000000,0.00100000
1,522,1.155070,0.000346,96.7657,0.000000,0.000000,0.000000,0.142636,0.000000,0.000000,0.000000,0.00100000
1,523,1.094864,0.000329,104.6368,0.000000,0.000000,0.000000,0.125752,0.000000,0.000000,0.000000,0.00100000
1,524,1.076094,0.000325,99.8587,0.000000,0.000000,0.000000,0.111811,0.000000,0.000000,0.000000,0.00100000
1,525,0.986751,0.000303,96.2218,0.000000,0.000000,0.000000,0.076100,0.000000,0.000000,0.000000,0.00100000
1,526,0.888144,0.000276,93.4199,0.000000,0.000000,0.000000,0.046329,0.000000,0.000000,0.000000,0.00100000
1,527,1.025422,0.000319,94.8912,0.000000,0.000000,0.000000,0.051120,0.000000,0.000000,0.000000,0.00100000
1,528,0.891015,0.000277,97.8378,0.000000,0.000000,0.000000,0.043684,0.000000,0.000000,0.000000,0.00100000
1,529,0.907982,0.000279,91.1473,0.000000,0.000000,0.000000,0.065438,0.000000,0.000000,0.000000,0.00100000
1,530,0.856852,0.000265,82.6835,0.000000,0.000000,0.000000,0.054274,0.000000,0.000000,0.000000,0.00100000
1,531,1.015122,0.000309,99.1218,0.000000,0.000000,0.000000,0.089874,0.000000,0.000000,0.000000,0.00100000
1,532,1.101394,0.000336,91.5338,0.000000,0.000000,0.000000,0.093586,0.000000,0.000000,0.000000,0.00100000
1,533,1.043200,0.000316,97.6363,0.000000,0.000000,0.000000,0.102899,0.000000,0.000000,0.000000,0.00100000
1,534,1.035466,0.000316,94.0140,0.000000,0.000000,0.000000,0.088202,0.000000,0.000000,0.000000,0.00100000
1,535,1.075956,0.000327,88.1567,0.000000,0.000000,0.000000,0.099433,0.000000,0.000000,0.000000,0.00100000
1,536,1.013596,0.000305,93.6432,0.000000,0.000000,0.000000,0.113029,0.000000,0.000000,0.000000,0.00100000
1,537,0.901001,0.000276,97.9890,0.000000,0.000000,0.000000,0.073152,0.000000,0.000000,0.000000,0.00100000
1,538,0.979680,0.000298,95.0720,0.000000,0.000000,0.000000,0.091156,0.000000,0.000000,0.000000,0.00100000
1,539,0.964065,0.000296,99.2767,0.000000,0.000000,0.000000,0.068872,0.000000,0.000000,0.000000,0.00100000
1,540,1.032826,0.000316,95.7445,0.000000,0.000000,0.000000,0.082912,0.000000,0.000000,0.000000,0.00100000
1,541,1.052062,0.000320,97.9248,0.000000,0.000000,0.000000,0.095081,0.000000,0.000000,0.000000,0.00100000
1,542,0.971355,0.000295,97.8300,0.000000,0.000000,0.000000,0.093146,0.000000,0.000000,0.000000,0.00100000
1,543,0.922407,0.000281,88.8503,0.000000,0.000000,0.000000,0.081285,0.000000,0.000000,0.000000,0.00100000
1,544,0.933711,0.000283,93.0510,0.000000,0.000000,0.000000,0.089717,0.000000,0.000000,0.000000,0.00100000
1,545,0.818489,0.000250,84.2874,0.000000,0.000000,0.000000,0.071100,0.000000,0.000000,0.000000,0.00100000
1,546,0.903190,0.000273,85.6126,0.000000,0.000000,0.000000,0.092844,0.000000,0.000000,0.000000,0.00100000
1,547,1.076433,0.000327,98.1006,0.000000,0.000000,0.000000,0.100575,0.000000,0.000000,0.000000,0.00100000
1,548,1.112080,0.000346,92.1905,0.000000,0.000000,0.000000,0.055990,0.000000,0.000000,0.000000,0.00100000
1,549,1.229300,0.000369,85.3107,0.000000,0.000000,0.000000,0.144772,0.000000,0.000000,0.000000,0.00100000
1,550,1.208674,0.000361,98.3751,0.000000,0.000000,0.000000,0.155737,0.000000,0.000000,0.000000,0.00100000
1,551,0.990441,0.000302,88.4465,0.000000,0.000000,0.000000,0.088679,0.000000,0.000000,0.000000,0.00100000
1,552,1.184415,0.000358,94.2603,0.000000,0.000000,0.000000,0.123123,0.000000,0.000000,0.000000,0.00100000
1,553,0.926629,0.000282,98.5977,0.000000,0.000000,0.000000,0.085363,0.000000,0.000000,0.000000,0.00100000
1,554,1.020495,0.000312,93.7180,0.000000,0.000000,0.000000,0.083375,0.000000,0.000000,0.000000,0.00100000
1,555,1.001436,0.000306,95.2519,0.000000,0.000000,0.000000,0.083053,0.000000,0.000000,0.000000,0.00100000
1,556,0.964569,0.000297,95.9319,0.000000,0.000000,0.000000,0.068456,0.000000,0.000000,0.000000,0.00100000
1,557,1.020205,0.000314,87.9828,0.000000,0.000000,0.000000,0.069290,0.000000,0.000000,0.000000,0.00100000
1,558,0.976522,0.000299,92.9963,0.000000,0.000000,0.000000,0.079296,0.000000,0.000000,0.000000,0.00100000
1,559,0.887109,0.000275,87.1281,0.000000,0.000000,0.000000,0.048604,0.000000,0.000000,0.000000,0.00100000
1,560,1.116787,0.000335,99.2769,0.000000,0.000000,0.000000,0.129942,0.000000,0.000000,0.000000,0.00100000
1,561,0.923293,0.000278,94.8936,0.000000,0.000000,0.000000,0.101709,0.000000,0.000000,0.000000,0.00100000
1,562,1.009029,0.000307,100.0927,0.000000,0.000000,0.000000,0.090496,0.000000,0.000000,0.000000,0.00100000
1,563,1.296052,0.000388,89.4085,0.000000,0.000000,0.000000,0.155800,0.000000,0.000000,0.000000,0.00100000
1,564,0.985484,0.000294,85.0765,0.000000,0.000000,0.000000,0.128478,0.000000,0.000000,0.000000,0.00100000
1,565,0.975811,0.000292,85.5326,0.000000,0.000000,0.000000,0.118616,0.000000,0.000000,0.000000,0.00100000
1,566,0.889404,0.000269,74.6607,0.000000,0.000000,0.000000,0.093313,0.000000,0.000000,0.000000,0.00100000
1,567,0.908932,0.000269,85.3955,0.000000,0.000000,0.000000,0.130806,0.000000,0.000000,0.000000,0.00100000
1,568,0.897854,0.000267,82.8608,0.000000,0.000000,0.000000,0.121895,0.000000,0.000000,0.000000,0.00100000
1,569,0.992975,0.000291,91.6323,0.000000,0.000000,0.000000,0.159845,0.000000,0.000000,0.000000,0.00100000
1,570,0.810511,0.000249,82.5634,0.000000,0.000000,0.000000,0.057505,0.000000,0.000000,0.000000,0.00100000
1,571,1.027744,0.000310,84.3164,0.000000,0.000000,0.000000,0.114206,0.000000,0.000000,0.000000,0.00100000
1,572,0.873651,0.000269,87.4623,0.000000,0.000000,0.000000,0.062474,0.000000,0.000000,0.000000,0.00100000
1,573,0.899630,0.000273,91.2979,0.000000,0.000000,0.000000,0.084171,0.000000,0.000000,0.000000,0.00100000
1,574,1.041610,0.000318,98.9993,0.000000,0.000000,0.000000,0.090414,0.000000,0.000000,0.000000,0.00100000
1,575,1.011861,0.000305,91.5675,0.000000,0.000000,0.000000,0.110223,0.000000,0.000000,0.000000,0.00100000
1,576,0.906705,0.000273,87.8405,0.000000,0.000000,0.000000,0.101462,0.000000,0.000000,0.000000,0.00100000
1,577,1.020779,0.000305,105.9519,0.000000,0.000000,0.000000,0.128195,0.000000,0.000000,0.000000,0.00100000
1,578,0.924128,0.000273,80.9768,0.000000,0.000000,0.000000,0.137083,0.000000,0.000000,0.000000,0.00100000
1,579,1.858327,0.000568,101.8247,0.000000,0.000000,0.000000,0.155237,0.000000,0.000000,0.000000,0.00100000
1,580,1.199309,0.000367,92.4677,0.000000,0.000000,0.000000,0.095728,0.000000,0.000000,0.000000,0.00100000
1,581,1.407365,0.000431,110.0775,0.000000,0.000000,0.000000,0.113190,0.000000,0.000000,0.000000,0.00100000
1,582,0.926162,0.000283,83.9467,0.000000,0.000000,0.000000,0.076147,0.000000,0.000000,0.000000,0.00100000
1,583,0.904420,0.000277,78.8322,0.000000,0.000000,0.000000,0.073158,0.000000,0.000000,0.000000,0.00100000
1,584,0.937389,0.000284,100.6884,0.000000,0.000000,0.000000,0.092713,0.000000,0.000000,0.000000,0.00100000
1,585,0.916758,0.000278,83.4659,0.000000,0.000000,0.000000,0.086907,0.000000,0.000000,0.000000,0.00100000
1,586,1.005878,0.000307,94.8405,0.000000,0.000000,0.000000,0.087055,0.000000,0.000000,0.000000,0.00100000
1,587,1.020723,0.000314,95.8878,0.000000,0.000000,0.000000,0.070640,0.000000,0.000000,0.000000,0.00100000
1,588,0.938285,0.000277,76.6309,0.000000,0.000000,0.000000,0.140371,0.000000,0.000000,0.000000,0.00100000
1,589,0.893403,0.000273,94.5067,0.000000,0.000000,0.000000,0.072556,0.000000,0.000000,0.000000,0.00100000
1,590,0.881961,0.000271,93.3144,0.000000,0.000000,0.000000,0.064492,0.000000,0.000000,0.000000,0.00100000
1,591,0.943399,0.000291,98.8292,0.000000,0.000000,0.000000,0.058624,0.000000,0.000000,0.000000,0.00100000
1,592,0.895008,0.000279,102.7474,0.000000,0.000000,0.000000,0.042342,0.000000,0.000000,0.000000,0.00100000
1,593,0.845002,0.000258,90.9641,0.000000,0.000000,0.000000,0.072198,0.000000,0.000000,0.000000,0.00100000
1,594,1.051533,0.000322,86.2495,0.000000,0.000000,0.000000,0.080768,0.000000,0.000000,0.000000,0.00100000
1,595,1.202513,0.000362,94.8769,0.000000,0.000000,0.000000,0.134413,0.000000,0.000000,0.000000,0.00100000
1,596,1.143028,0.000349,96.4875,0.000000,0.000000,0.000000,0.097453,0.000000,0.000000,0.000000,0.00100000
1,597,1.024776,0.000312,94.2694,0.000000,0.000000,0.000000,0.094853,0.000000,0.000000,0.000000,0.00100000
1,598,1.036910,0.000317,92.1069,0.000000,0.000000,0.000000,0.084516,0.000000,0.000000,0.000000,0.00100000
1,599,1.184375,0.000365,87.9839,0.000000,0.000000,0.000000,0.079442,0.000000,0.000000,0.000000,0.00100000
1,600,1.013862,0.000312,93.4378,0.000000,0.000000,0.000000,0.073923,0.000000,0.000000,0.000000,0.00100000
1,601,1.091017,0.000335,93.8322,0.000000,0.000000,0.000000,0.082575,0.000000,0.000000,0.000000,0.00100000
1,602,1.099616,0.000337,92.0047,0.000000,0.000000,0.000000,0.087685,0.000000,0.000000,0.000000,0.00100000
1,603,0.995460,0.000303,89.7584,0.000000,0.000000,0.000000,0.089675,0.000000,0.000000,0.000000,0.00100000
1,604,1.066870,0.000326,91.4625,0.000000,0.000000,0.000000,0.087248,0.000000,0.000000,0.000000,0.00100000
1,605,1.090171,0.000334,90.1866,0.000000,0.000000,0.000000,0.083193,0.000000,0.000000,0.000000,0.00100000
1,606,1.008164,0.000310,92.3671,0.000000,0.000000,0.000000,0.070732,0.000000,0.000000,0.000000,0.00100000
1,607,1.009457,0.000312,93.2238,0.000000,0.000000,0.000000,0.062375,0.000000,0.000000,0.000000,0.00100000
1,608,0.993980,0.000306,96.2162,0.000000,0.000000,0.000000,0.065657,0.000000,0.000000,0.000000,0.00100000
1,609,0.987546,0.000307,96.6981,0.000000,0.000000,0.000000,0.051283,0.000000,0.000000,0.000000,0.00100000
1,610,1.780554,0.000540,93.4948,0.000000,0.000000,0.000000,0.171830,0.000000,0.000000,0.000000,0.00100000
1,611,1.122917,0.000339,89.1216,0.000000,0.000000,0.000000,0.120625,0.000000,0.000000,0.000000,0.00100000
1,612,1.063384,0.000324,84.5995,0.000000,0.000000,0.000000,0.097529,0.000000,0.000000,0.000000,0.00100000
1,613,0.944588,0.000288,79.2551,0.000000,0.000000,0.000000,0.085687,0.000000,0.000000,0.000000,0.00100000
1,614,0.855834,0.000265,80.7626,0.000000,0.000000,0.000000,0.048716,0.000000,0.000000,0.000000,0.00100000
1,615,0.894916,0.000274,83.8791,0.000000,0.000000,0.000000,0.073698,0.000000,0.000000,0.000000,0.00100000
1,616,0.895651,0.000276,75.8624,0.000000,0.000000,0.000000,0.062683,0.000000,0.000000,0.000000,0.00100000
1,617,0.972643,0.000290,86.0144,0.000000,0.000000,0.000000,0.127929,0.000000,0.000000,0.000000,0.00100000
1,618,1.149847,0.000339,96.9169,0.000000,0.000000,0.000000,0.173717,0.000000,0.000000,0.000000,0.00100000
1,619,0.873678,0.000255,90.2218,0.000000,0.000000,0.000000,0.150505,0.000000,0.000000,0.000000,0.00100000
1,620,0.952468,0.000285,87.5264,0.000000,0.000000,0.000000,0.115306,0.000000,0.000000,0.000000,0.00100000
1,621,1.066176,0.000316,84.6239,0.000000,0.000000,0.000000,0.149950,0.000000,0.000000,0.000000,0.00100000
1,622,0.845464,0.000260,83.8817,0.000000,0.000000,0.000000,0.060010,0.000000,0.000000,0.000000,0.00100000
1,623,1.242539,0.000369,102.6644,0.000000,0.000000,0.000000,0.167762,0.000000,0.000000,0.000000,0.00100000
1,624,1.107705,0.000333,100.0621,0.000000,0.000000,0.000000,0.126120,0.000000,0.000000,0.000000,0.00100000
1,625,1.147739,0.000348,96.0906,0.000000,0.000000,0.000000,0.113116,0.000000,0.000000,0.000000,0.00100000
1,626,1.817742,0.000544,101.2497,0.000000,0.000000,0.000000,0.226477,0.000000,0.000000,0.000000,0.00100000
1,627,1.440892,0.000429,98.9363,0.000000,0.000000,0.000000,0.189648,0.000000,0.000000,0.000000,0.00100000
1,628,1.242300,0.000367,80.6798,0.000000,0.000000,0.000000,0.179952,0.000000,0.000000,0.000000,0.00100000
1,629,1.020285,0.000310,87.8054,0.000000,0.000000,0.000000,0.094457,0.000000,0.000000,0.000000,0.00100000
1,630,1.086487,0.000329,98.4777,0.000000,0.000000,0.000000,0.108575,0.000000,0.000000,0.000000,0.00100000
1,631,1.117204,0.000336,93.6804,0.000000,0.000000,0.000000,0.128164,0.000000,0.000000,0.000000,0.00100000
1,632,1.100906,0.000335,91.6935,0.000000,0.000000,0.000000,0.100229,0.000000,0.000000,0.000000,0.00100000
1,633,0.994489,0.000292,78.6375,0.000000,0.000000,0.000000,0.158461,0.000000,0.000000,0.000000,0.00100000
1,634,0.959499,0.000281,91.6942,0.000000,0.000000,0.000000,0.158475,0.000000,0.000000,0.000000,0.00100000
1,635,1.172927,0.000344,94.2640,0.000000,0.000000,0.000000,0.187821,0.000000,0.000000,0.000000,0.00100000
1,636,1.167122,0.000343,98.2214,0.000000,0.000000,0.000000,0.182602,0.000000,0.000000,0.000000,0.00100000
1,637,0.975346,0.000287,89.7244,0.000000,0.000000,0.000000,0.152484,0.000000,0.000000,0.000000,0.00100000
1,638,0.930547,0.000285,93.5533,0.000000,0.000000,0.000000,0.075046,0.000000,0.000000,0.000000,0.00100000
1,639,0.985971,0.000288,101.1274,0.000000,0.000000,0.000000,0.167358,0.000000,0.000000,0.000000,0.00100000
1,640,0.996454,0.000303,99.3719,0.000000,0.000000,0.000000,0.091499,0.000000,0.000000,0.000000,0.00100000
1,641,1.273739,0.000383,96.5723,0.000000,0.000000,0.000000,0.147862,0.000000,0.000000,0.000000,0.00100000
1,642,1.602214,0.000485,110.6507,0.000000,0.000000,0.000000,0.164131,0.000000,0.000000,0.000000,0.00100000
1,643,1.048676,0.000317,95.1314,0.000000,0.000000,0.000000,0.111990,0.000000,0.000000,0.000000,0.00100000
1,644,0.963770,0.000298,98.7246,0.000000,0.000000,0.000000,0.055917,0.000000,0.000000,0.000000,0.00100000
1,645,0.835621,0.000249,78.8303,0.000000,0.000000,0.000000,0.107865,0.000000,0.000000,0.000000,0.00100000
1,646,0.987075,0.000296,77.7280,0.000000,0.000000,0.000000,0.118431,0.000000,0.000000,0.000000,0.00100000
1,647,0.917085,0.000278,91.4759,0.000000,0.000000,0.000000,0.089897,0.000000,0.000000,0.000000,0.00100000
1,648,0.924763,0.000285,102.2431,0.000000,0.000000,0.000000,0.064456,0.000000,0.000000,0.000000,0.00100000
1,649,0.901822,0.000274,91.3052,0.000000,0.000000,0.000000,0.086913,0.000000,0.000000,0.000000,0.00100000
1,650,0.896035,0.000273,87.7344,0.000000,0.000000,0.000000,0.081376,0.000000,0.000000,0.000000,0.00100000
1,651,0.801716,0.000244,82.8530,0.000000,0.000000,0.000000,0.070700,0.000000,0.000000,0.000000,0.00100000
1,652,0.862011,0.000263,94.1386,0.000000,0.000000,0.000000,0.077068,0.000000,0.000000,0.000000,0.00100000
1,653,0.799131,0.000248,96.4842,0.000000,0.000000,0.000000,0.040969,0.000000,0.000000,0.000000,0.00100000
1,654,1.012984,0.000301,76.0233,0.000000,0.000000,0.000000,0.138474,0.000000,0.000000,0.000000,0.00100000
1,655,0.959177,0.000290,85.6848,0.000000,0.000000,0.000000,0.097838,0.000000,0.000000,0.000000,0.00100000
1,656,0.906821,0.000274,85.5615,0.000000,0.000000,0.000000,0.095012,0.000000,0.000000,0.000000,0.00100000
1,657,1.078239,0.000325,82.8630,0.000000,0.000000,0.000000,0.120399,0.000000,0.000000,0.000000,0.00100000
1,658,1.870385,0.000564,93.8827,0.000000,0.000000,0.000000,0.204917,0.000000,0.000000,0.000000,0.00100000
1,659,1.502268,0.000451,82.0734,0.000000,0.000000,0.000000,0.177994,0.000000,0.000000,0.000000,0.00100000
1,660,2.248878,0.000673,99.0958,0.000000,0.000000,0.000000,0.274213,0.000000,0.000000,0.000000,0.00100000
1,661,1.707872,0.000519,89.5924,0.000000,0.000000,0.000000,0.162680,0.000000,0.000000,0.000000,0.00100000
1,662,1.702492,0.000517,99.6288,0.000000,0.000000,0.000000,0.164954,0.000000,0.000000,0.000000,0.00100000
1,663,1.892384,0.000556,99.0808,0.000000,0.000000,0.000000,0.295513,0.000000,0.000000,0.000000,0.00100000
1,664,1.588502,0.000484,102.9207,0.000000,0.000000,0.000000,0.140890,0.000000,0.000000,0.000000,0.00100000
1,665,1.607382,0.000474,89.3688,0.000000,0.000000,0.000000,0.241839,0.000000,0.000000,0.000000,0.00100000
1,666,1.276688,0.000387,95.7062,0.000000,0.000000,0.000000,0.128613,0.000000,0.000000,0.000000,0.00100000
1,667,1.599689,0.000482,103.6125,0.000000,0.000000,0.000000,0.177747,0.000000,0.000000,0.000000,0.00100000
1,668,1.371047,0.000420,90.4013,0.000000,0.000000,0.000000,0.109000,0.000000,0.000000,0.000000,0.00100000
1,669,1.220184,0.000369,95.5128,0.000000,0.000000,0.000000,0.126166,0.000000,0.000000,0.000000,0.00100000
1,670,1.400046,0.000427,97.4721,0.000000,0.000000,0.000000,0.124030,0.000000,0.000000,0.000000,0.00100000
1,671,1.198684,0.000366,89.6474,0.000000,0.000000,0.000000,0.104951,0.000000,0.000000,0.000000,0.00100000
1,672,1.303067,0.000392,72.4289,0.000000,0.000000,0.000000,0.150073,0.000000,0.000000,0.000000,0.00100000
1,673,1.239182,0.000376,99.3816,0.000000,0.000000,0.000000,0.122412,0.000000,0.000000,0.000000,0.00100000
1,674,0.921985,0.000280,89.9241,0.000000,0.000000,0.000000,0.087105,0.000000,0.000000,0.000000,0.00100000
1,675,0.983954,0.000303,95.1057,0.000000,0.000000,0.000000,0.067011,0.000000,0.000000,0.000000,0.00100000
1,676,0.902074,0.000276,85.2147,0.000000,0.000000,0.000000,0.071159,0.000000,0.000000,0.000000,0.00100000
1,677,0.902393,0.000276,96.0255,0.000000,0.000000,0.000000,0.072857,0.000000,0.000000,0.000000,0.00100000
1,678,0.875028,0.000267,76.3323,0.000000,0.000000,0.000000,0.073850,0.000000,0.000000,0.000000,0.00100000
1,679,0.912282,0.000276,88.4702,0.000000,0.000000,0.000000,0.095250,0.000000,0.000000,0.000000,0.00100000
1,680,0.946882,0.000289,96.7429,0.000000,0.000000,0.000000,0.082597,0.000000,0.000000,0.000000,0.00100000
1,681,0.893661,0.000275,87.0177,0.000000,0.000000,0.000000,0.064173,0.000000,0.000000,0.000000,0.00100000
1,682,0.962907,0.000296,99.2280,0.000000,0.000000,0.000000,0.067933,0.000000,0.000000,0.000000,0.00100000
1,683,0.933106,0.000278,84.8838,0.000000,0.000000,0.000000,0.119847,0.000000,0.000000,0.000000,0.00100000
1,684,0.866941,0.000265,83.5581,0.000000,0.000000,0.000000,0.068712,0.000000,0.000000,0.000000,0.00100000
1,685,0.922214,0.000279,99.8580,0.000000,0.000000,0.000000,0.096021,0.000000,0.000000,0.000000,0.00100000
1,686,0.898363,0.000274,102.8053,0.000000,0.000000,0.000000,0.077742,0.000000,0.000000,0.000000,0.00100000
1,687,0.840572,0.000261,99.5509,0.000000,0.000000,0.000000,0.045004,0.000000,0.000000,0.000000,0.00100000
1,688,1.212975,0.000375,98.2853,0.000000,0.000000,0.000000,0.074089,0.000000,0.000000,0.000000,0.00100000
1,689,1.046576,0.000323,90.5984,0.000000,0.000000,0.000000,0.067707,0.000000,0.000000,0.000000,0.00100000
1,690,0.903704,0.000280,97.8337,0.000000,0.000000,0.000000,0.049962,0.000000,0.000000,0.000000,0.00100000
1,691,0.909925,0.000280,92.3583,0.000000,0.000000,0.000000,0.064004,0.000000,0.000000,0.000000,0.00100000
1,692,1.050654,0.000320,102.0167,0.000000,0.000000,0.000000,0.092131,0.000000,0.000000,0.000000,0.00100000
1,693,0.904805,0.000277,82.2193,0.000000,0.000000,0.000000,0.074936,0.000000,0.000000,0.000000,0.00100000
1,694,0.903277,0.000275,104.0893,0.000000,0.000000,0.000000,0.082121,0.000000,0.000000,0.000000,0.00100000
1,695,0.872855,0.000269,88.9719,0.000000,0.000000,0.000000,0.058719,0.000000,0.000000,0.000000,0.00100000
1,696,1.178060,0.000358,110.3513,0.000000,0.000000,0.000000,0.109352,0.000000,0.000000,0.000000,0.00100000
1,697,0.883418,0.000269,95.9169,0.000000,0.000000,0.000000,0.076568,0.000000,0.000000,0.000000,0.00100000
1,698,0.859821,0.000262,96.4769,0.000000,0.000000,0.000000,0.073751,0.000000,0.000000,0.000000,0.00100000
1,699,0.927180,0.000287,94.3212,0.000000,0.000000,0.000000,0.055076,0.000000,0.000000,0.000000,0.00100000
1,700,0.787662,0.000244,84.1179,0.000000,0.000000,0.000000,0.045710,0.000000,0.000000,0.000000,0.00100000
1,701,0.896069,0.000277,103.6487,0.000000,0.000000,0.000000,0.054874,0.000000,0.000000,0.000000,0.00100000
1,702,0.835350,0.000254,80.7970,0.000000,0.000000,0.000000,0.076353,0.000000,0.000000,0.000000,0.00100000
1,703,0.831704,0.000258,96.6112,0.000000,0.000000,0.000000,0.042978,0.000000,0.000000,0.000000,0.00100000
1,704,0.939344,0.000288,88.4899,0.000000,0.000000,0.000000,0.071196,0.000000,0.000000,0.000000,0.00100000
1,705,0.833901,0.000255,93.0738,0.000000,0.000000,0.000000,0.067692,0.000000,0.000000,0.000000,0.00100000
1,706,0.767133,0.000237,95.9058,0.000000,0.000000,0.000000,0.050373,0.000000,0.000000,0.000000,0.00100000
1,707,1.300135,0.000402,102.2530,0.000000,0.000000,0.000000,0.081540,0.000000,0.000000,0.000000,0.00100000
1,708,0.786087,0.000244,101.1813,0.000000,0.000000,0.000000,0.039887,0.000000,0.000000,0.000000,0.00100000
1,709,0.819479,0.000256,102.3815,0.000000,0.000000,0.000000,0.030582,0.000000,0.000000,0.000000,0.00100000
1,710,0.775758,0.000240,95.3920,0.000000,0.000000,0.000000,0.048218,0.000000,0.000000,0.000000,0.00100000
1,711,0.822771,0.000254,101.0062,0.000000,0.000000,0.000000,0.052280,0.000000,0.000000,0.000000,0.00100000
1,712,0.818432,0.000255,99.2347,0.000000,0.000000,0.000000,0.035902,0.000000,0.000000,0.000000,0.00100000
1,713,0.764490,0.000238,102.0082,0.000000,0.000000,0.000000,0.035498,0.000000,0.000000,0.000000,0.00100000
1,714,0.726247,0.000227,96.8766,0.000000,0.000000,0.000000,0.030545,0.000000,0.000000,0.000000,0.00100000
1,715,0.767581,0.000239,95.3610,0.000000,0.000000,0.000000,0.033454,0.000000,0.000000,0.000000,0.00100000
1,716,0.924770,0.000286,99.3088,0.000000,0.000000,0.000000,0.056688,0.000000,0.000000,0.000000,0.00100000
1,717,0.803917,0.000248,97.7588,0.000000,0.000000,0.000000,0.049850,0.000000,0.000000,0.000000,0.00100000
1,718,0.791620,0.000242,90.1184,0.000000,0.000000,0.000000,0.064183,0.000000,0.000000,0.000000,0.00100000
1,719,0.849287,0.000261,97.4021,0.000000,0.000000,0.000000,0.064337,0.000000,0.000000,0.000000,0.00100000
2,1,1.110672,0.000337,90.8853,0.000000,0.000000,0.000000,0.110538,0.000000,0.000000,0.000000,0.00100000
2,2,1.065943,0.000327,94.8239,0.000000,0.000000,0.000000,0.079841,0.000000,0.000000,0.000000,0.00100000
2,3,0.943381,0.000290,92.6217,0.000000,0.000000,0.000000,0.070428,0.000000,0.000000,0.000000,0.00100000
2,4,0.975866,0.000302,92.1804,0.000000,0.000000,0.000000,0.060378,0.000000,0.000000,0.000000,0.00100000
2,5,0.932411,0.000288,96.5464,0.000000,0.000000,0.000000,0.055828,0.000000,0.000000,0.000000,0.00100000
2,6,0.942551,0.000294,93.9389,0.000000,0.000000,0.000000,0.044143,0.000000,0.000000,0.000000,0.00100000
2,7,0.998399,0.000310,92.2966,0.000000,0.000000,0.000000,0.050303,0.000000,0.000000,0.000000,0.00100000
2,8,0.960822,0.000298,88.9227,0.000000,0.000000,0.000000,0.050295,0.000000,0.000000,0.000000,0.00100000
2,9,0.907594,0.000281,92.3065,0.000000,0.000000,0.000000,0.049789,0.000000,0.000000,0.000000,0.00100000
2,10,0.943773,0.000293,87.3983,0.000000,0.000000,0.000000,0.047026,0.000000,0.000000,0.000000,0.00100000
2,11,0.895413,0.000278,93.2075,0.000000,0.000000,0.000000,0.046222,0.000000,0.000000,0.000000,0.00100000
2,12,0.860908,0.000268,91.3018,0.000000,0.000000,0.000000,0.039546,0.000000,0.000000,0.000000,0.00100000
2,13,0.913218,0.000284,95.3018,0.000000,0.000000,0.000000,0.047884,0.000000,0.000000,0.000000,0.00100000
2,14,0.881742,0.000276,92.7284,0.000000,0.000000,0.000000,0.034702,0.000000,0.000000,0.000000,0.00100000
2,15,0.916213,0.000286,92.8032,0.000000,0.000000,0.000000,0.038625,0.000000,0.000000,0.000000,0.00100000
2,16,1.064823,0.000329,95.9488,0.000000,0.000000,0.000000,0.063819,0.000000,0.000000,0.000000,0.00100000
2,17,1.009028,0.000313,96.5841,0.000000,0.000000,0.000000,0.053838,0.000000,0.000000,0.000000,0.00100000
2,18,0.910409,0.000283,93.5278,0.000000,0.000000,0.000000,0.048443,0.000000,0.000000,0.000000,0.00100000
2,19,0.946302,0.000294,97.7175,0.000000,0.000000,0.000000,0.049070,0.000000,0.000000,0.000000,0.00100000
2,20,0.891610,0.000279,92.6787,0.000000,0.000000,0.000000,0.030513,0.000000,0.000000,0.000000,0.00100000
2,21,0.932602,0.000292,95.8320,0.000000,0.000000,0.000000,0.034225,0.000000,0.000000,0.000000,0.00100000
2,22,0.909856,0.000284,98.2608,0.000000,0.000000,0.000000,0.038785,0.000000,0.000000,0.000000,0.00100000
2,23,0.886061,0.000277,93.6993,0.000000,0.000000,0.000000,0.034083,0.000000,0.000000,0.000000,0.00100000
2,24,0.914696,0.000285,94.6010,0.000000,0.000000,0.000000,0.042290,0.000000,0.000000,0.000000,0.00100000
2,25,0.880581,0.000275,92.2545,0.000000,0.000000,0.000000,0.037915,0.000000,0.000000,0.000000,0.00100000
2,26,0.889506,0.000276,93.8389,0.000000,0.000000,0.000000,0.046530,0.000000,0.000000,0.000000,0.00100000
2,27,0.870558,0.000271,94.5171,0.000000,0.000000,0.000000,0.041292,0.000000,0.000000,0.000000,0.00100000
2,28,0.859590,0.000269,94.8968,0.000000,0.000000,0.000000,0.031038,0.000000,0.000000,0.000000,0.00100000
2,29,0.882667,0.000275,95.3752,0.000000,0.000000,0.000000,0.038938,0.000000,0.000000,0.000000,0.00100000
2,30,0.909485,0.000284,91.2398,0.000000,0.000000,0.000000,0.040375,0.000000,0.000000,0.000000,0.00100000
2,31,0.855322,0.000266,91.5793,0.000000,0.000000,0.000000,0.041215,0.000000,0.000000,0.000000,0.00100000
2,32,0.937725,0.000281,91.7022,0.000000,0.000000,0.000000,0.112191,0.000000,0.000000,0.000000,0.00100000
2,33,0.908426,0.000275,94.6417,0.000000,0.000000,0.000000,0.093022,0.000000,0.000000,0.000000,0.00100000
2,34,0.857192,0.000260,95.2105,0.000000,0.000000,0.000000,0.086152,0.000000,0.000000,0.000000,0.00100000
2,35,0.846753,0.000260,90.7192,0.000000,0.000000,0.000000,0.063754,0.000000,0.000000,0.000000,0.00100000
2,36,0.811912,0.000250,91.3161,0.000000,0.000000,0.000000,0.055484,0.000000,0.000000,0.000000,0.00100000
2,37,0.839449,0.000261,90.6023,0.000000,0.000000,0.000000,0.043102,0.000000,0.000000,0.000000,0.00100000
2,38,0.870618,0.000268,94.6408,0.000000,0.000000,0.000000,0.063030,0.000000,0.000000,0.000000,0.00100000
2,39,0.838291,0.000258,94.5946,0.000000,0.000000,0.000000,0.057265,0.000000,0.000000,0.000000,0.00100000
2,40,0.851669,0.000261,93.3186,0.000000,0.000000,0.000000,0.065276,0.000000,0.000000,0.000000,0.00100000
2,41,0.781919,0.000241,92.3272,0.000000,0.000000,0.000000,0.049612,0.000000,0.000000,0.000000,0.00100000
2,42,0.814353,0.000253,91.8497,0.000000,0.000000,0.000000,0.042188,0.000000,0.000000,0.000000,0.00100000
2,43,0.795073,0.000244,88.2015,0.000000,0.000000,0.000000,0.058850,0.000000,0.000000,0.000000,0.00100000
2,44,0.825788,0.000255,88.7033,0.000000,0.000000,0.000000,0.050457,0.000000,0.000000,0.000000,0.00100000
2,45,0.769134,0.000240,89.5839,0.000000,0.000000,0.000000,0.032911,0.000000,0.000000,0.000000,0.00100000
2,46,0.805460,0.000246,90.3602,0.000000,0.000000,0.000000,0.064901,0.000000,0.000000,0.000000,0.00100000
2,47,0.816837,0.000250,94.1684,0.000000,0.000000,0.000000,0.062798,0.000000,0.000000,0.000000,0.00100000
2,48,1.380907,0.000415,89.5624,0.000000,0.000000,0.000000,0.160174,0.000000,0.000000,0.000000,0.00100000
2,49,0.853805,0.000254,88.6942,0.000000,0.000000,0.000000,0.113034,0.000000,0.000000,0.000000,0.00100000
2,50,0.879693,0.000268,82.9685,0.000000,0.000000,0.000000,0.075518,0.000000,0.000000,0.000000,0.00100000
2,51,0.920747,0.000278,88.3835,0.000000,0.000000,0.000000,0.097652,0.000000,0.000000,0.000000,0.00100000
2,52,0.850979,0.000260,86.8345,0.000000,0.000000,0.000000,0.069552,0.000000,0.000000,0.000000,0.00100000
2,53,0.885880,0.000270,89.1879,0.000000,0.000000,0.000000,0.077953,0.000000,0.000000,0.000000,0.00100000
2,54,0.778770,0.000243,90.9195,0.000000,0.000000,0.000000,0.034570,0.000000,0.000000,0.000000,0.00100000
2,55,0.888170,0.000274,89.1995,0.000000,0.000000,0.000000,0.060719,0.000000,0.000000,0.000000,0.00100000
2,56,0.854112,0.000265,89.1950,0.000000,0.000000,0.000000,0.046397,0.000000,0.000000,0.000000,0.00100000
2,57,0.991548,0.000300,93.4850,0.000000,0.000000,0.000000,0.103870,0.000000,0.000000,0.000000,0.00100000
2,58,0.865770,0.000261,90.3966,0.000000,0.000000,0.000000,0.093852,0.000000,0.000000,0.000000,0.00100000
2,59,0.870394,0.000264,93.7026,0.000000,0.000000,0.000000,0.082822,0.000000,0.000000,0.000000,0.00100000
2,60,0.923161,0.000285,92.2962,0.000000,0.000000,0.000000,0.057975,0.000000,0.000000,0.000000,0.00100000
2,61,1.120213,0.000340,97.3638,0.000000,0.000000,0.000000,0.108494,0.000000,0.000000,0.000000,0.00100000
2,62,0.896813,0.000278,101.5742,0.000000,0.000000,0.000000,0.052722,0.000000,0.000000,0.000000,0.00100000
2,63,1.054883,0.000317,86.4510,0.000000,0.000000,0.000000,0.122056,0.000000,0.000000,0.000000,0.00100000
2,64,1.009442,0.000308,90.8678,0.000000,0.000000,0.000000,0.087846,0.000000,0.000000,0.000000,0.00100000
2,65,1.032388,0.000314,96.5463,0.000000,0.000000,0.000000,0.092700,0.000000,0.000000,0.000000,0.00100000
2,66,0.914066,0.000280,94.3132,0.000000,0.000000,0.000000,0.071476,0.000000,0.000000,0.000000,0.00100000
2,67,0.993585,0.000308,95.9741,0.000000,0.000000,0.000000,0.055298,0.000000,0.000000,0.000000,0.00100000
2,68,0.879755,0.000273,90.6991,0.000000,0.000000,0.000000,0.046736,0.000000,0.000000,0.000000,0.00100000
2,69,0.845225,0.000263,88.9106,0.000000,0.000000,0.000000,0.040506,0.000000,0.000000,0.000000,0.00100000
2,70,0.834245,0.000261,94.7279,0.000000,0.000000,0.000000,0.032622,0.000000,0.000000,0.000000,0.00100000
2,71,0.855764,0.000265,95.0636,0.000000,0.000000,0.000000,0.048113,0.000000,0.000000,0.000000,0.00100000
2,72,0.850975,0.000265,95.5739,0.000000,0.000000,0.000000,0.037473,0.000000,0.000000,0.000000,0.00100000
2,73,0.835239,0.000260,90.7944,0.000000,0.000000,0.000000,0.038131,0.000000,0.000000,0.000000,0.00100000
2,74,0.831535,0.000260,94.3158,0.000000,0.000000,0.000000,0.034186,0.000000,0.000000,0.000000,0.00100000
2,75,0.840957,0.000262,96.2196,0.000000,0.000000,0.000000,0.038822,0.000000,0.000000,0.000000,0.00100000
2,76,0.839982,0.000262,92.3487,0.000000,0.000000,0.000000,0.035610,0.000000,0.000000,0.000000,0.00100000
2,77,0.868064,0.000271,94.5529,0.000000,0.000000,0.000000,0.039481,0.000000,0.000000,0.000000,0.00100000
2,78,0.826289,0.000256,91.9118,0.000000,0.000000,0.000000,0.047273,0.000000,0.000000,0.000000,0.00100000
2,79,0.971778,0.000291,100.1645,0.000000,0.000000,0.000000,0.119305,0.000000,0.000000,0.000000,0.00100000
2,80,0.935656,0.000283,98.8878,0.000000,0.000000,0.000000,0.097698,0.000000,0.000000,0.000000,0.00100000
2,81,0.774984,0.000239,94.1846,0.000000,0.000000,0.000000,0.049146,0.000000,0.000000,0.000000,0.00100000
2,82,0.811101,0.000247,92.3555,0.000000,0.000000,0.000000,0.072591,0.000000,0.000000,0.000000,0.00100000
2,83,0.833275,0.000254,87.6740,0.000000,0.000000,0.000000,0.071447,0.000000,0.000000,0.000000,0.00100000
2,84,0.839780,0.000255,100.7502,0.000000,0.000000,0.000000,0.081765,0.000000,0.000000,0.000000,0.00100000
2,85,0.743762,0.000227,100.2188,0.000000,0.000000,0.000000,0.064898,0.000000,0.000000,0.000000,0.00100000
2,86,0.877755,0.000271,100.5724,0.000000,0.000000,0.000000,0.056153,0.000000,0.000000,0.000000,0.00100000
2,87,0.952050,0.000287,105.4393,0.000000,0.000000,0.000000,0.102444,0.000000,0.000000,0.000000,0.00100000
2,88,0.905752,0.000276,109.1442,0.000000,0.000000,0.000000,0.079026,0.000000,0.000000,0.000000,0.00100000
2,89,0.942928,0.000293,112.5748,0.000000,0.000000,0.000000,0.051202,0.000000,0.000000,0.000000,0.00100000
2,90,0.841586,0.000251,89.9626,0.000000,0.000000,0.000000,0.111611,0.000000,0.000000,0.000000,0.00100000
2,91,0.716092,0.000221,82.5802,0.000000,0.000000,0.000000,0.048820,0.000000,0.000000,0.000000,0.00100000
2,92,0.702158,0.000218,72.7197,0.000000,0.000000,0.000000,0.037640,0.000000,0.000000,0.000000,0.00100000
2,93,0.776056,0.000233,88.0168,0.000000,0.000000,0.000000,0.092728,0.000000,0.000000,0.000000,0.00100000
2,94,0.887070,0.000274,94.6188,0.000000,0.000000,0.000000,0.056314,0.000000,0.000000,0.000000,0.00100000
2,95,0.853708,0.000263,90.8186,0.000000,0.000000,0.000000,0.057826,0.000000,0.000000,0.000000,0.00100000
2,96,0.880499,0.000271,92.6895,0.000000,0.000000,0.000000,0.058526,0.000000,0.000000,0.000000,0.00100000
2,97,0.876095,0.000272,93.0657,0.000000,0.000000,0.000000,0.044215,0.000000,0.000000,0.000000,0.00100000
2,98,0.870573,0.000271,92.6408,0.000000,0.000000,0.000000,0.043895,0.000000,0.000000,0.000000,0.00100000
2,99,0.886161,0.000275,93.1080,0.000000,0.000000,0.000000,0.047436,0.000000,0.000000,0.000000,0.00100000
2,100,0.821926,0.000255,91.8675,0.000000,0.000000,0.000000,0.042522,0.000000,0.000000,0.000000,0.00100000
2,101,0.873693,0.000273,92.4894,0.000000,0.000000,0.000000,0.037148,0.000000,0.000000,0.000000,0.00100000
2,102,0.882977,0.000273,91.3775,0.000000,0.000000,0.000000,0.056068,0.000000,0.000000,0.000000,0.00100000
2,103,0.824762,0.000258,90.1032,0.000000,0.000000,0.000000,0.033248,0.000000,0.000000,0.000000,0.00100000
2,104,0.876903,0.000274,93.4480,0.000000,0.000000,0.000000,0.038082,0.000000,0.000000,0.000000,0.00100000
2,105,0.860963,0.000268,94.3091,0.000000,0.000000,0.000000,0.039250,0.000000,0.000000,0.000000,0.00100000
2,106,0.851720,0.000266,89.6926,0.000000,0.000000,0.000000,0.037787,0.000000,0.000000,0.000000,0.00100000
2,107,0.922327,0.000287,89.5093,0.000000,0.000000,0.000000,0.045981,0.000000,0.000000,0.000000,0.00100000
2,108,0.821142,0.000256,90.2853,0.000000,0.000000,0.000000,0.036860,0.000000,0.000000,0.000000,0.00100000
2,109,0.856764,0.000266,93.2906,0.000000,0.000000,0.000000,0.042103,0.000000,0.000000,0.000000,0.00100000
2,110,1.278414,0.000393,87.0496,0.000000,0.000000,0.000000,0.094983,0.000000,0.000000,0.000000,0.00100000
2,111,1.147320,0.000348,83.8111,0.000000,0.000000,0.000000,0.112804,0.000000,0.000000,0.000000,0.00100000
2,112,1.017613,0.000311,79.3734,0.000000,0.000000,0.000000,0.082946,0.000000,0.000000,0.000000,0.00100000
2,113,0.895589,0.000274,83.3795,0.000000,0.000000,0.000000,0.075016,0.000000,0.000000,0.000000,0.00100000
2,114,1.101455,0.000335,90.1223,0.000000,0.000000,0.000000,0.103461,0.000000,0.000000,0.000000,0.00100000
2,115,0.965953,0.000293,99.6264,0.000000,0.000000,0.000000,0.093537,0.000000,0.000000,0.000000,0.00100000
2,116,1.180698,0.000358,105.4632,0.000000,0.000000,0.000000,0.114141,0.000000,0.000000,0.000000,0.00100000
2,117,0.907351,0.000259,78.5792,0.000000,0.000000,0.000000,0.190526,0.000000,0.000000,0.000000,0.00100000
2,118,0.886709,0.000268,81.9866,0.000000,0.000000,0.000000,0.091732,0.000000,0.000000,0.000000,0.00100000
2,119,0.870399,0.000264,76.5548,0.000000,0.000000,0.000000,0.084573,0.000000,0.000000,0.000000,0.00100000
2,120,0.948726,0.000287,95.3505,0.000000,0.000000,0.000000,0.100158,0.000000,0.000000,0.000000,0.00100000
2,121,0.934013,0.000284,95.9834,0.000000,0.000000,0.000000,0.085964,0.000000,0.000000,0.000000,0.00100000
2,122,0.928757,0.000287,102.4014,0.000000,0.000000,0.000000,0.055238,0.000000,0.000000,0.000000,0.00100000
2,123,0.993070,0.000306,100.7527,0.000000,0.000000,0.000000,0.066348,0.000000,0.000000,0.000000,0.00100000
2,124,1.013136,0.000306,105.5872,0.000000,0.000000,0.000000,0.104154,0.000000,0.000000,0.000000,0.00100000
2,125,0.980641,0.000295,86.4519,0.000000,0.000000,0.000000,0.112141,0.000000,0.000000,0.000000,0.00100000
2,126,1.389200,0.000423,98.1449,0.000000,0.000000,0.000000,0.123159,0.000000,0.000000,0.000000,0.00100000
2,127,1.095592,0.000334,98.2733,0.000000,0.000000,0.000000,0.096006,0.000000,0.000000,0.000000,0.00100000
2,128,0.899526,0.000276,88.7969,0.000000,0.000000,0.000000,0.066141,0.000000,0.000000,0.000000,0.00100000
2,129,0.997521,0.000308,106.2126,0.000000,0.000000,0.000000,0.061511,0.000000,0.000000,0.000000,0.00100000
2,130,0.780102,0.000241,86.8556,0.000000,0.000000,0.000000,0.050136,0.000000,0.000000,0.000000,0.00100000
2,131,0.786092,0.000243,85.2480,0.000000,0.000000,0.000000,0.050790,0.000000,0.000000,0.000000,0.00100000
2,132,0.804259,0.000247,87.8445,0.000000,0.000000,0.000000,0.059959,0.000000,0.000000,0.000000,0.00100000
2,133,0.901969,0.000278,105.0717,0.000000,0.000000,0.000000,0.062382,0.000000,0.000000,0.000000,0.00100000
2,134,0.746926,0.000227,87.3124,0.000000,0.000000,0.000000,0.069278,0.000000,0.000000,0.000000,0.00100000
2,135,0.921000,0.000281,88.0261,0.000000,0.000000,0.000000,0.079854,0.000000,0.000000,0.000000,0.00100000
2,136,0.812258,0.000251,96.3527,0.000000,0.000000,0.000000,0.052724,0.000000,0.000000,0.000000,0.00100000
2,137,0.760632,0.000236,81.3166,0.000000,0.000000,0.000000,0.042069,0.000000,0.000000,0.000000,0.00100000
2,138,0.907980,0.000274,97.3330,0.000000,0.000000,0.000000,0.098557,0.000000,0.000000,0.000000,0.00100000
2,139,0.892824,0.000270,104.3114,0.000000,0.000000,0.000000,0.093943,0.000000,0.000000,0.000000,0.00100000
2,140,0.859508,0.000267,99.9831,0.000000,0.000000,0.000000,0.042147,0.000000,0.000000,0.000000,0.00100000
2,141,1.341212,0.000407,106.3128,0.000000,0.000000,0.000000,0.128604,0.000000,0.000000,0.000000,0.00100000
2,142,1.471492,0.000456,105.9141,0.000000,0.000000,0.000000,0.083045,0.000000,0.000000,0.000000,0.00100000
2,143,0.972489,0.000296,91.2958,0.000000,0.000000,0.000000,0.087746,0.000000,0.000000,0.000000,0.00100000
2,144,0.907087,0.000280,90.6820,0.000000,0.000000,0.000000,0.055931,0.000000,0.000000,0.000000,0.00100000
2,145,0.980587,0.000304,87.6584,0.000000,0.000000,0.000000,0.052058,0.000000,0.000000,0.000000,0.00100000
2,146,1.003110,0.000312,90.6012,0.000000,0.000000,0.000000,0.051666,0.000000,0.000000,0.000000,0.00100000
2,147,0.939035,0.000291,95.1398,0.000000,0.000000,0.000000,0.053908,0.000000,0.000000,0.000000,0.00100000
2,148,1.040991,0.000319,110.0393,0.000000,0.000000,0.000000,0.078110,0.000000,0.000000,0.000000,0.00100000
2,149,0.889374,0.000271,81.4852,0.000000,0.000000,0.000000,0.080577,0.000000,0.000000,0.000000,0.00100000
2,150,1.030812,0.000317,100.4884,0.000000,0.000000,0.000000,0.075874,0.000000,0.000000,0.000000,0.00100000
2,151,0.959975,0.000298,102.9032,0.000000,0.000000,0.000000,0.053765,0.000000,0.000000,0.000000,0.00100000
2,152,0.928380,0.000288,97.9444,0.000000,0.000000,0.000000,0.051228,0.000000,0.000000,0.000000,0.00100000
2,153,1.035165,0.000319,107.2427,0.000000,0.000000,0.000000,0.069560,0.000000,0.000000,0.000000,0.00100000
2,154,0.949006,0.000290,88.3607,0.000000,0.000000,0.000000,0.079040,0.000000,0.000000,0.000000,0.00100000
2,155,0.991143,0.000307,87.2526,0.000000,0.000000,0.000000,0.055587,0.000000,0.000000,0.000000,0.00100000
2,156,0.942559,0.000291,93.3884,0.000000,0.000000,0.000000,0.061472,0.000000,0.000000,0.000000,0.00100000
2,157,1.181659,0.000357,88.1546,0.000000,0.000000,0.000000,0.123487,0.000000,0.000000,0.000000,0.00100000
2,158,0.957645,0.000290,83.2515,0.000000,0.000000,0.000000,0.095160,0.000000,0.000000,0.000000,0.00100000
2,159,1.000433,0.000305,91.8390,0.000000,0.000000,0.000000,0.089737,0.000000,0.000000,0.000000,0.00100000
2,160,0.938665,0.000290,87.6274,0.000000,0.000000,0.000000,0.060316,0.000000,0.000000,0.000000,0.00100000
2,161,1.130422,0.000342,109.5486,0.000000,0.000000,0.000000,0.113081,0.000000,0.000000,0.000000,0.00100000
2,162,0.905569,0.000276,102.0831,0.000000,0.000000,0.000000,0.078992,0.000000,0.000000,0.000000,0.00100000
2,163,0.878973,0.000272,97.9712,0.000000,0.000000,0.000000,0.054728,0.000000,0.000000,0.000000,0.00100000
2,164,1.156120,0.000353,99.0754,0.000000,0.000000,0.000000,0.099197,0.000000,0.000000,0.000000,0.00100000
2,165,0.897320,0.000273,88.1079,0.000000,0.000000,0.000000,0.080719,0.000000,0.000000,0.000000,0.00100000
2,166,1.072015,0.000331,91.4284,0.000000,0.000000,0.000000,0.069122,0.000000,0.000000,0.000000,0.00100000
2,167,0.843742,0.000257,101.6241,0.000000,0.000000,0.000000,0.077143,0.000000,0.000000,0.000000,0.00100000
2,168,0.908777,0.000281,94.7910,0.000000,0.000000,0.000000,0.052381,0.000000,0.000000,0.000000,0.00100000
2,169,0.864619,0.000267,89.5750,0.000000,0.000000,0.000000,0.057180,0.000000,0.000000,0.000000,0.00100000
2,170,0.739765,0.000231,99.2281,0.000000,0.000000,0.000000,0.031471,0.000000,0.000000,0.000000,0.00100000
2,171,0.784197,0.000241,77.1690,0.000000,0.000000,0.000000,0.058342,0.000000,0.000000,0.000000,0.00100000
2,172,0.852471,0.000264,95.5293,0.000000,0.000000,0.000000,0.048092,0.000000,0.000000,0.000000,0.00100000
2,173,0.921845,0.000280,98.8051,0.000000,0.000000,0.000000,0.084508,0.000000,0.000000,0.000000,0.00100000
2,174,0.732966,0.000223,81.5015,0.000000,0.000000,0.000000,0.066313,0.000000,0.000000,0.000000,0.00100000
2,175,0.772794,0.000235,80.4746,0.000000,0.000000,0.000000,0.073665,0.000000,0.000000,0.000000,0.00100000
2,176,0.873130,0.000268,100.4846,0.000000,0.000000,0.000000,0.068447,0.000000,0.000000,0.000000,0.00100000
2,177,0.809379,0.000243,89.8658,0.000000,0.000000,0.000000,0.094552,0.000000,0.000000,0.000000,0.00100000
2,178,0.732752,0.000227,79.7421,0.000000,0.000000,0.000000,0.044753,0.000000,0.000000,0.000000,0.00100000
2,179,0.749560,0.000229,91.0301,0.000000,0.000000,0.000000,0.060885,0.000000,0.000000,0.000000,0.00100000
2,180,0.708297,0.000220,92.6875,0.000000,0.000000,0.000000,0.039669,0.000000,0.000000,0.000000,0.00100000
2,181,0.734383,0.000229,91.9370,0.000000,0.000000,0.000000,0.034835,0.000000,0.000000,0.000000,0.00100000
2,182,0.925254,0.000283,97.9609,0.000000,0.000000,0.000000,0.077454,0.000000,0.000000,0.000000,0.00100000
2,183,0.718561,0.000221,85.5297,0.000000,0.000000,0.000000,0.048332,0.000000,0.000000,0.000000,0.00100000
2,184,0.697004,0.000214,92.5763,0.000000,0.000000,0.000000,0.050148,0.000000,0.000000,0.000000,0.00100000
2,185,0.720214,0.000222,78.9499,0.000000,0.000000,0.000000,0.050566,0.000000,0.000000,0.000000,0.00100000
2,186,0.772636,0.000240,94.3813,0.000000,0.000000,0.000000,0.039721,0.000000,0.000000,0.000000,0.00100000
2,187,0.741881,0.000232,96.1907,0.000000,0.000000,0.000000,0.029214,0.000000,0.000000,0.000000,0.00100000
2,188,0.995551,0.000305,95.0673,0.000000,0.000000,0.000000,0.075416,0.000000,0.000000,0.000000,0.00100000
2,189,0.871416,0.000266,90.3803,0.000000,0.000000,0.000000,0.076474,0.000000,0.000000,0.000000,0.00100000
2,190,0.898297,0.000274,97.1409,0.000000,0.000000,0.000000,0.074961,0.000000,0.000000,0.000000,0.00100000
2,191,0.684589,0.000215,86.1386,0.000000,0.000000,0.000000,0.022670,0.000000,0.000000,0.000000,0.00100000
2,192,0.712162,0.000220,80.3291,0.000000,0.000000,0.000000,0.046478,0.000000,0.000000,0.000000,0.00100000
2,193,0.779172,0.000238,94.7757,0.000000,0.000000,0.000000,0.066015,0.000000,0.000000,0.000000,0.00100000
2,194,0.741871,0.000229,92.7792,0.000000,0.000000,0.000000,0.050261,0.000000,0.000000,0.000000,0.00100000
2,195,0.720127,0.000226,97.9324,0.000000,0.000000,0.000000,0.019993,0.000000,0.000000,0.000000,0.00100000
2,196,0.692717,0.000212,81.6976,0.000000,0.000000,0.000000,0.057474,0.000000,0.000000,0.000000,0.00100000
2,197,0.898754,0.000278,109.5272,0.000000,0.000000,0.000000,0.050801,0.000000,0.000000,0.000000,0.00100000
2,198,0.683872,0.000207,82.2911,0.000000,0.000000,0.000000,0.066679,0.000000,0.000000,0.000000,0.00100000
2,199,0.702494,0.000220,93.1416,0.000000,0.000000,0.000000,0.024904,0.000000,0.000000,0.000000,0.00100000
2,200,0.600219,0.000187,89.8582,0.000000,0.000000,0.000000,0.026915,0.000000,0.000000,0.000000,0.00100000
2,201,0.749452,0.000234,98.5461,0.000000,0.000000,0.000000,0.033246,0.000000,0.000000,0.000000,0.00100000
2,202,0.717230,0.000226,86.9535,0.000000,0.000000,0.000000,0.017525,0.000000,0.000000,0.000000,0.00100000
2,203,0.801656,0.000251,86.1845,0.000000,0.000000,0.000000,0.031243,0.000000,0.000000,0.000000,0.00100000
2,204,0.888784,0.000271,76.6148,0.000000,0.000000,0.000000,0.078928,0.000000,0.000000,0.000000,0.00100000
2,205,0.832461,0.000255,103.4587,0.000000,0.000000,0.000000,0.063187,0.000000,0.000000,0.000000,0.00100000
2,206,0.745017,0.000232,103.2632,0.000000,0.000000,0.000000,0.032766,0.000000,0.000000,0.000000,0.00100000
2,207,0.760419,0.000229,92.0942,0.000000,0.000000,0.000000,0.086578,0.000000,0.000000,0.000000,0.00100000
2,208,0.829823,0.000257,104.9213,0.000000,0.000000,0.000000,0.046675,0.000000,0.000000,0.000000,0.00100000
2,209,0.683681,0.000208,88.6750,0.000000,0.000000,0.000000,0.060499,0.000000,0.000000,0.000000,0.00100000
2,210,0.602966,0.000187,91.6321,0.000000,0.000000,0.000000,0.032851,0.000000,0.000000,0.000000,0.00100000
2,211,0.751344,0.000235,89.2716,0.000000,0.000000,0.000000,0.030625,0.000000,0.000000,0.000000,0.00100000
2,212,0.632444,0.000195,78.6619,0.000000,0.000000,0.000000,0.039222,0.000000,0.000000,0.000000,0.00100000
2,213,0.649119,0.000201,84.3549,0.000000,0.000000,0.000000,0.034503,0.000000,0.000000,0.000000,0.00100000
2,214,0.632688,0.000199,86.6690,0.000000,0.000000,0.000000,0.020039,0.000000,0.000000,0.000000,0.00100000
2,215,0.724058,0.000224,90.9871,0.000000,0.000000,0.000000,0.044352,0.000000,0.000000,0.000000,0.00100000
2,216,0.804448,0.000247,99.3293,0.000000,0.000000,0.000000,0.062395,0.000000,0.000000,0.000000,0.00100000
2,217,0.767153,0.000238,105.5561,0.000000,0.000000,0.000000,0.038721,0.000000,0.000000,0.000000,0.00100000
2,218,0.703754,0.000215,94.0928,0.000000,0.000000,0.000000,0.059190,0.000000,0.000000,0.000000,0.00100000
2,219,0.866567,0.000265,102.8561,0.000000,0.000000,0.000000,0.070540,0.000000,0.000000,0.000000,0.00100000
2,220,0.918989,0.000273,96.7716,0.000000,0.000000,0.000000,0.126770,0.000000,0.000000,0.000000,0.00100000
2,221,0.823835,0.000242,85.1697,0.000000,0.000000,0.000000,0.130971,0.000000,0.000000,0.000000,0.00100000
2,222,0.667312,0.000200,80.2215,0.000000,0.000000,0.000000,0.082155,0.000000,0.000000,0.000000,0.00100000
2,223,0.808044,0.000240,93.4774,0.000000,0.000000,0.000000,0.112598,0.000000,0.000000,0.000000,0.00100000
2,224,0.734526,0.000224,99.8512,0.000000,0.000000,0.000000,0.061047,0.000000,0.000000,0.000000,0.00100000
2,225,0.729727,0.000219,90.9135,0.000000,0.000000,0.000000,0.084025,0.000000,0.000000,0.000000,0.00100000
2,226,0.935081,0.000278,103.6260,0.000000,0.000000,0.000000,0.124420,0.000000,0.000000,0.000000,0.00100000
2,227,0.904551,0.000272,109.9076,0.000000,0.000000,0.000000,0.103750,0.000000,0.000000,0.000000,0.00100000
2,228,0.729058,0.000222,96.9127,0.000000,0.000000,0.000000,0.065706,0.000000,0.000000,0.000000,0.00100000
2,229,0.877923,0.000266,106.6901,0.000000,0.000000,0.000000,0.085044,0.000000,0.000000,0.000000,0.00100000
2,230,0.884504,0.000269,87.1282,0.000000,0.000000,0.000000,0.078744,0.000000,0.000000,0.000000,0.00100000
2,231,0.740435,0.000224,85.5903,0.000000,0.000000,0.000000,0.073145,0.000000,0.000000,0.000000,0.00100000
2,232,0.781831,0.000238,84.9522,0.000000,0.000000,0.000000,0.068180,0.000000,0.000000,0.000000,0.00100000
2,233,0.715965,0.000219,75.1240,0.000000,0.000000,0.000000,0.055272,0.000000,0.000000,0.000000,0.00100000
2,234,0.672751,0.000206,82.4590,0.000000,0.000000,0.000000,0.050635,0.000000,0.000000,0.000000,0.00100000
2,235,0.864106,0.000269,78.3243,0.000000,0.000000,0.000000,0.040908,0.000000,0.000000,0.000000,0.00100000
2,236,0.768473,0.000242,86.1344,0.000000,0.000000,0.000000,0.021136,0.000000,0.000000,0.000000,0.00100000
2,237,0.973994,0.000301,102.8127,0.000000,0.000000,0.000000,0.058092,0.000000,0.000000,0.000000,0.00100000
2,238,0.772527,0.000241,95.4951,0.000000,0.000000,0.000000,0.034772,0.000000,0.000000,0.000000,0.00100000
2,239,0.762043,0.000239,95.2360,0.000000,0.000000,0.000000,0.027637,0.000000,0.000000,0.000000,0.00100000
2,240,0.717619,0.000225,80.7215,0.000000,0.000000,0.000000,0.025164,0.000000,0.000000,0.000000,0.00100000
2,241,0.930642,0.000290,92.4709,0.000000,0.000000,0.000000,0.042458,0.000000,0.000000,0.000000,0.00100000
2,242,0.902387,0.000280,104.1962,0.000000,0.000000,0.000000,0.045975,0.000000,0.000000,0.000000,0.00100000
2,243,0.842579,0.000260,98.4110,0.000000,0.000000,0.000000,0.051508,0.000000,0.000000,0.000000,0.00100000
2,244,0.818529,0.000255,98.2791,0.000000,0.000000,0.000000,0.037817,0.000000,0.000000,0.000000,0.00100000
2,245,0.728122,0.000229,88.4614,0.000000,0.000000,0.000000,0.022713,0.000000,0.000000,0.000000,0.00100000
2,246,0.796921,0.000248,102.9332,0.000000,0.000000,0.000000,0.035406,0.000000,0.000000,0.000000,0.00100000
2,247,0.889945,0.000280,100.3983,0.000000,0.000000,0.000000,0.023043,0.000000,0.000000,0.000000,0.00100000
2,248,0.845955,0.000267,104.0300,0.000000,0.000000,0.000000,0.019391,0.000000,0.000000,0.000000,0.00100000
2,249,0.756307,0.000233,91.4326,0.000000,0.000000,0.000000,0.052471,0.000000,0.000000,0.000000,0.00100000
2,250,0.719085,0.000224,85.3638,0.000000,0.000000,0.000000,0.035319,0.000000,0.000000,0.000000,0.00100000
2,251,0.728175,0.000227,81.5299,0.000000,0.000000,0.000000,0.034524,0.000000,0.000000,0.000000,0.00100000
2,252,0.669227,0.000207,99.6073,0.000000,0.000000,0.000000,0.042933,0.000000,0.000000,0.000000,0.00100000
2,253,0.774879,0.000236,100.6585,0.000000,0.000000,0.000000,0.068100,0.000000,0.000000,0.000000,0.00100000
2,254,0.712366,0.000221,93.7734,0.000000,0.000000,0.000000,0.038062,0.000000,0.000000,0.000000,0.00100000
2,255,0.690809,0.000216,96.3351,0.000000,0.000000,0.000000,0.028020,0.000000,0.000000,0.000000,0.00100000
2,256,0.725798,0.000224,96.7289,0.000000,0.000000,0.000000,0.049281,0.000000,0.000000,0.000000,0.00100000
2,257,0.730899,0.000227,99.9923,0.000000,0.000000,0.000000,0.037878,0.000000,0.000000,0.000000,0.00100000
2,258,0.653241,0.000195,84.2819,0.000000,0.000000,0.000000,0.082952,0.000000,0.000000,0.000000,0.00100000
2,259,0.714359,0.000222,92.5555,0.000000,0.000000,0.000000,0.035664,0.000000,0.000000,0.000000,0.00100000
2,260,0.810760,0.000244,93.4576,0.000000,0.000000,0.000000,0.091490,0.000000,0.000000,0.000000,0.00100000
2,261,0.697129,0.000214,88.8521,0.000000,0.000000,0.000000,0.049207,0.000000,0.000000,0.000000,0.00100000
2,262,0.651305,0.000202,89.0005,0.000000,0.000000,0.000000,0.033974,0.000000,0.000000,0.000000,0.00100000
2,263,0.629640,0.000195,81.7606,0.000000,0.000000,0.000000,0.034007,0.000000,0.000000,0.000000,0.00100000
2,264,0.629057,0.000196,86.5779,0.000000,0.000000,0.000000,0.029487,0.000000,0.000000,0.000000,0.00100000
2,265,0.735101,0.000226,83.1705,0.000000,0.000000,0.000000,0.054486,0.000000,0.000000,0.000000,0.00100000
2,266,0.824869,0.000249,90.4529,0.000000,0.000000,0.000000,0.088062,0.000000,0.000000,0.000000,0.00100000
2,267,0.850252,0.000263,81.0983,0.000000,0.000000,0.000000,0.051936,0.000000,0.000000,0.000000,0.00100000
2,268,0.812890,0.000246,88.7488,0.000000,0.000000,0.000000,0.080218,0.000000,0.000000,0.000000,0.00100000
2,269,0.754379,0.000231,97.0107,0.000000,0.000000,0.000000,0.062276,0.000000,0.000000,0.000000,0.00100000
2,270,0.774368,0.000238,98.7303,0.000000,0.000000,0.000000,0.053313,0.000000,0.000000,0.000000,0.00100000
2,271,0.932198,0.000285,90.2511,0.000000,0.000000,0.000000,0.077520,0.000000,0.000000,0.000000,0.00100000
2,272,0.795729,0.000244,93.5177,0.000000,0.000000,0.000000,0.063941,0.000000,0.000000,0.000000,0.00100000
2,273,0.697168,0.000214,90.7282,0.000000,0.000000,0.000000,0.051149,0.000000,0.000000,0.000000,0.00100000
2,274,0.745279,0.000231,85.9869,0.000000,0.000000,0.000000,0.040993,0.000000,0.000000,0.000000,0.00100000
2,275,0.626795,0.000197,87.4571,0.000000,0.000000,0.000000,0.019927,0.000000,0.000000,0.000000,0.00100000
2,276,0.756349,0.000235,92.7945,0.000000,0.000000,0.000000,0.037173,0.000000,0.000000,0.000000,0.00100000
2,277,0.735675,0.000229,85.2767,0.000000,0.000000,0.000000,0.034538,0.000000,0.000000,0.000000,0.00100000
2,278,0.636192,0.000199,89.0573,0.000000,0.000000,0.000000,0.024332,0.000000,0.000000,0.000000,0.00100000
2,279,0.805771,0.000250,101.8334,0.000000,0.000000,0.000000,0.041181,0.000000,0.000000,0.000000,0.00100000
2,280,0.761933,0.000237,87.7455,0.000000,0.000000,0.000000,0.037670,0.000000,0.000000,0.000000,0.00100000
2,281,0.877156,0.000267,98.7184,0.000000,0.000000,0.000000,0.082040,0.000000,0.000000,0.000000,0.00100000
2,282,0.937260,0.000283,93.0402,0.000000,0.000000,0.000000,0.100323,0.000000,0.000000,0.000000,0.00100000
2,283,0.792740,0.000240,88.4155,0.000000,0.000000,0.000000,0.077657,0.000000,0.000000,0.000000,0.00100000
2,284,0.772832,0.000236,95.2068,0.000000,0.000000,0.000000,0.062518,0.000000,0.000000,0.000000,0.00100000
2,285,0.711290,0.000221,87.0634,0.000000,0.000000,0.000000,0.039482,0.000000,0.000000,0.000000,0.00100000
2,286,0.804905,0.000248,102.3999,0.000000,0.000000,0.000000,0.052910,0.000000,0.000000,0.000000,0.00100000
2,287,0.730170,0.000227,101.8574,0.000000,0.000000,0.000000,0.037813,0.000000,0.000000,0.000000,0.00100000
2,288,0.666460,0.000209,88.0101,0.000000,0.000000,0.000000,0.024944,0.000000,0.000000,0.000000,0.00100000
2,289,0.737265,0.000231,82.5579,0.000000,0.000000,0.000000,0.025407,0.000000,0.000000,0.000000,0.00100000
2,290,0.625535,0.000196,89.6519,0.000000,0.000000,0.000000,0.023823,0.000000,0.000000,0.000000,0.00100000
2,291,0.700916,0.000218,83.9754,0.000000,0.000000,0.000000,0.036955,0.000000,0.000000,0.000000,0.00100000
2,292,0.642475,0.000199,94.5330,0.000000,0.000000,0.000000,0.035579,0.000000,0.000000,0.000000,0.00100000
2,293,0.741061,0.000232,96.0817,0.000000,0.000000,0.000000,0.025309,0.000000,0.000000,0.000000,0.00100000
2,294,0.736647,0.000230,96.9516,0.000000,0.000000,0.000000,0.031085,0.000000,0.000000,0.000000,0.00100000
2,295,0.685810,0.000215,95.6243,0.000000,0.000000,0.000000,0.021999,0.000000,0.000000,0.000000,0.00100000
2,296,0.887924,0.000271,95.1842,0.000000,0.000000,0.000000,0.078024,0.000000,0.000000,0.000000,0.00100000
2,297,0.880845,0.000269,92.7344,0.000000,0.000000,0.000000,0.076308,0.000000,0.000000,0.000000,0.00100000
2,298,0.932862,0.000282,100.2109,0.000000,0.000000,0.000000,0.095680,0.000000,0.000000,0.000000,0.00100000
2,299,0.743767,0.000228,93.6976,0.000000,0.000000,0.000000,0.056735,0.000000,0.000000,0.000000,0.00100000
2,300,0.644738,0.000202,83.3755,0.000000,0.000000,0.000000,0.023418,0.000000,0.000000,0.000000,0.00100000
2,301,1.171214,0.000361,104.9663,0.000000,0.000000,0.000000,0.080017,0.000000,0.000000,0.000000,0.00100000
2,302,0.756385,0.000235,88.5283,0.000000,0.000000,0.000000,0.037666,0.000000,0.000000,0.000000,0.00100000
2,303,0.698014,0.000217,81.4095,0.000000,0.000000,0.000000,0.033549,0.000000,0.000000,0.000000,0.00100000
2,304,0.693554,0.000212,84.2118,0.000000,0.000000,0.000000,0.054728,0.000000,0.000000,0.000000,0.00100000
2,305,0.779745,0.000238,99.3056,0.000000,0.000000,0.000000,0.064071,0.000000,0.000000,0.000000,0.00100000
2,306,0.648994,0.000203,86.8236,0.000000,0.000000,0.000000,0.026862,0.000000,0.000000,0.000000,0.00100000
2,307,0.658896,0.000202,79.8944,0.000000,0.000000,0.000000,0.047903,0.000000,0.000000,0.000000,0.00100000
2,308,0.836639,0.000259,97.4893,0.000000,0.000000,0.000000,0.050396,0.000000,0.000000,0.000000,0.00100000
2,309,0.843695,0.000258,102.8589,0.000000,0.000000,0.000000,0.071918,0.000000,0.000000,0.000000,0.00100000
2,310,0.712572,0.000220,82.4115,0.000000,0.000000,0.000000,0.042476,0.000000,0.000000,0.000000,0.00100000
2,311,0.708823,0.000217,92.1844,0.000000,0.000000,0.000000,0.057375,0.000000,0.000000,0.000000,0.00100000
2,312,0.749015,0.000230,99.1104,0.000000,0.000000,0.000000,0.053479,0.000000,0.000000,0.000000,0.00100000
2,313,0.807409,0.000245,97.6948,0.000000,0.000000,0.000000,0.075355,0.000000,0.000000,0.000000,0.00100000
2,314,0.785069,0.000240,83.6601,0.000000,0.000000,0.000000,0.065857,0.000000,0.000000,0.000000,0.00100000
2,315,0.837724,0.000255,87.9576,0.000000,0.000000,0.000000,0.078908,0.000000,0.000000,0.000000,0.00100000
2,316,0.742005,0.000228,95.5568,0.000000,0.000000,0.000000,0.056168,0.000000,0.000000,0.000000,0.00100000
2,317,0.695631,0.000218,95.0525,0.000000,0.000000,0.000000,0.023335,0.000000,0.000000,0.000000,0.00100000
2,318,0.716665,0.000219,77.3464,0.000000,0.000000,0.000000,0.061270,0.000000,0.000000,0.000000,0.00100000
2,319,0.750617,0.000231,87.9207,0.000000,0.000000,0.000000,0.055471,0.000000,0.000000,0.000000,0.00100000
2,320,0.619634,0.000193,85.1292,0.000000,0.000000,0.000000,0.029678,0.000000,0.000000,0.000000,0.00100000
2,321,0.908634,0.000275,95.5625,0.000000,0.000000,0.000000,0.093644,0.000000,0.000000,0.000000,0.00100000
2,322,0.674965,0.000203,87.6402,0.000000,0.000000,0.000000,0.075497,0.000000,0.000000,0.000000,0.00100000
2,323,0.647415,0.000201,93.7756,0.000000,0.000000,0.000000,0.031242,0.000000,0.000000,0.000000,0.00100000
2,324,0.941889,0.000286,108.3190,0.000000,0.000000,0.000000,0.090008,0.000000,0.000000,0.000000,0.00100000
2,325,0.774199,0.000234,97.3381,0.000000,0.000000,0.000000,0.081526,0.000000,0.000000,0.000000,0.00100000
2,326,0.731425,0.000227,100.1634,0.000000,0.000000,0.000000,0.037334,0.000000,0.000000,0.000000,0.00100000
2,327,0.726718,0.000226,91.2613,0.000000,0.000000,0.000000,0.034067,0.000000,0.000000,0.000000,0.00100000
2,328,0.875206,0.000271,100.6617,0.000000,0.000000,0.000000,0.050109,0.000000,0.000000,0.000000,0.00100000
2,329,1.016525,0.000314,105.6719,0.000000,0.000000,0.000000,0.060655,0.000000,0.000000,0.000000,0.00100000
2,330,0.695323,0.000216,89.7247,0.000000,0.000000,0.000000,0.035942,0.000000,0.000000,0.000000,0.00100000
2,331,0.715166,0.000222,100.4455,0.000000,0.000000,0.000000,0.038187,0.000000,0.000000,0.000000,0.00100000
2,332,0.834310,0.000259,105.5196,0.000000,0.000000,0.000000,0.043997,0.000000,0.000000,0.000000,0.00100000
2,333,0.789787,0.000243,96.6173,0.000000,0.000000,0.000000,0.054593,0.000000,0.000000,0.000000,0.00100000
2,334,0.689526,0.000216,99.8160,0.000000,0.000000,0.000000,0.027085,0.000000,0.000000,0.000000,0.00100000
2,335,0.766211,0.000238,93.2481,0.000000,0.000000,0.000000,0.038880,0.000000,0.000000,0.000000,0.00100000
2,336,0.694755,0.000214,85.4659,0.000000,0.000000,0.000000,0.045677,0.000000,0.000000,0.000000,0.00100000
2,337,0.704431,0.000220,91.2132,0.000000,0.000000,0.000000,0.032013,0.000000,0.000000,0.000000,0.00100000
2,338,0.706674,0.000220,98.6233,0.000000,0.000000,0.000000,0.030919,0.000000,0.000000,0.000000,0.00100000
2,339,0.693511,0.000216,96.6581,0.000000,0.000000,0.000000,0.031160,0.000000,0.000000,0.000000,0.00100000
2,340,0.639042,0.000198,89.8002,0.000000,0.000000,0.000000,0.033503,0.000000,0.000000,0.000000,0.00100000
2,341,0.680429,0.000212,97.5383,0.000000,0.000000,0.000000,0.031595,0.000000,0.000000,0.000000,0.00100000
2,342,0.664071,0.000209,92.3791,0.000000,0.000000,0.000000,0.017133,0.000000,0.000000,0.000000,0.00100000
2,343,1.054588,0.000326,105.2590,0.000000,0.000000,0.000000,0.066334,0.000000,0.000000,0.000000,0.00100000
2,344,0.825693,0.000259,97.4269,0.000000,0.000000,0.000000,0.028397,0.000000,0.000000,0.000000,0.00100000
2,345,0.708606,0.000220,94.5007,0.000000,0.000000,0.000000,0.036864,0.000000,0.000000,0.000000,0.00100000
2,346,0.796913,0.000250,102.0280,0.000000,0.000000,0.000000,0.026218,0.000000,0.000000,0.000000,0.00100000
2,347,0.741231,0.000232,99.6008,0.000000,0.000000,0.000000,0.029163,0.000000,0.000000,0.000000,0.00100000
2,348,0.686337,0.000215,102.3193,0.000000,0.000000,0.000000,0.024696,0.000000,0.000000,0.000000,0.00100000
2,349,0.700822,0.000219,108.5115,0.000000,0.000000,0.000000,0.031185,0.000000,0.000000,0.000000,0.00100000
2,350,0.681218,0.000210,79.1500,0.000000,0.000000,0.000000,0.047649,0.000000,0.000000,0.000000,0.00100000
2,351,0.650589,0.000202,85.9693,0.000000,0.000000,0.000000,0.036094,0.000000,0.000000,0.000000,0.00100000
2,352,0.673671,0.000210,98.5244,0.000000,0.000000,0.000000,0.029871,0.000000,0.000000,0.000000,0.00100000
2,353,0.616250,0.000193,82.2048,0.000000,0.000000,0.000000,0.023096,0.000000,0.000000,0.000000,0.00100000
2,354,0.689975,0.000216,104.1790,0.000000,0.000000,0.000000,0.026270,0.000000,0.000000,0.000000,0.00100000
2,355,0.588447,0.000183,84.5835,0.000000,0.000000,0.000000,0.028739,0.000000,0.000000,0.000000,0.00100000
2,356,0.510774,0.000157,89.1633,0.000000,0.000000,0.000000,0.037643,0.000000,0.000000,0.000000,0.00100000
2,357,0.691249,0.000214,91.8283,0.000000,0.000000,0.000000,0.040338,0.000000,0.000000,0.000000,0.00100000
2,358,0.574319,0.000181,89.9046,0.000000,0.000000,0.000000,0.014515,0.000000,0.000000,0.000000,0.00100000
2,359,0.571806,0.000179,95.9354,0.000000,0.000000,0.000000,0.019251,0.000000,0.000000,0.000000,0.00100000
2,360,0.745037,0.000233,87.0948,0.000000,0.000000,0.000000,0.028065,0.000000,0.000000,0.000000,0.00100000
2,361,0.688143,0.000214,93.3409,0.000000,0.000000,0.000000,0.033224,0.000000,0.000000,0.000000,0.00100000
2,362,0.683482,0.000214,98.7316,0.000000,0.000000,0.000000,0.021911,0.000000,0.000000,0.000000,0.00100000
2,363,0.695167,0.000218,95.2007,0.000000,0.000000,0.000000,0.022451,0.000000,0.000000,0.000000,0.00100000
2,364,0.645535,0.000202,97.2344,0.000000,0.000000,0.000000,0.025015,0.000000,0.000000,0.000000,0.00100000
2,365,0.671074,0.000208,91.8895,0.000000,0.000000,0.000000,0.035339,0.000000,0.000000,0.000000,0.00100000
2,366,0.703506,0.000220,99.1263,0.000000,0.000000,0.000000,0.027480,0.000000,0.000000,0.000000,0.00100000
2,367,0.634897,0.000197,82.5720,0.000000,0.000000,0.000000,0.035294,0.000000,0.000000,0.000000,0.00100000
2,368,0.956824,0.000293,99.6759,0.000000,0.000000,0.000000,0.074720,0.000000,0.000000,0.000000,0.00100000
2,369,0.724723,0.000223,88.4307,0.000000,0.000000,0.000000,0.051325,0.000000,0.000000,0.000000,0.00100000
2,370,0.723825,0.000220,92.6484,0.000000,0.000000,0.000000,0.065560,0.000000,0.000000,0.000000,0.00100000
2,371,0.616773,0.000190,75.2419,0.000000,0.000000,0.000000,0.044495,0.000000,0.000000,0.000000,0.00100000
2,372,0.871852,0.000268,84.9910,0.000000,0.000000,0.000000,0.061415,0.000000,0.000000,0.000000,0.00100000
2,373,0.699262,0.000216,84.0870,0.000000,0.000000,0.000000,0.046521,0.000000,0.000000,0.000000,0.00100000
2,374,0.625047,0.000193,97.7938,0.000000,0.000000,0.000000,0.039176,0.000000,0.000000,0.000000,0.00100000
2,375,0.729604,0.000228,96.8053,0.000000,0.000000,0.000000,0.028809,0.000000,0.000000,0.000000,0.00100000
2,376,0.812248,0.000249,101.6013,0.000000,0.000000,0.000000,0.065587,0.000000,0.000000,0.000000,0.00100000
2,377,0.897454,0.000276,101.0990,0.000000,0.000000,0.000000,0.063496,0.000000,0.000000,0.000000,0.00100000
2,378,0.800873,0.000248,90.9010,0.000000,0.000000,0.000000,0.048464,0.000000,0.000000,0.000000,0.00100000
2,379,0.835950,0.000260,84.0088,0.000000,0.000000,0.000000,0.042565,0.000000,0.000000,0.000000,0.00100000
2,380,0.698874,0.000213,98.4474,0.000000,0.000000,0.000000,0.058934,0.000000,0.000000,0.000000,0.00100000
2,381,0.725745,0.000229,101.2967,0.000000,0.000000,0.000000,0.015792,0.000000,0.000000,0.000000,0.00100000
2,382,0.637882,0.000199,89.8247,0.000000,0.000000,0.000000,0.026013,0.000000,0.000000,0.000000,0.00100000
2,383,0.746789,0.000233,99.6698,0.000000,0.000000,0.000000,0.029477,0.000000,0.000000,0.000000,0.00100000
2,384,0.699900,0.000218,92.2961,0.000000,0.000000,0.000000,0.034498,0.000000,0.000000,0.000000,0.00100000
2,385,0.671015,0.000211,99.8696,0.000000,0.000000,0.000000,0.019956,0.000000,0.000000,0.000000,0.00100000
2,386,0.667989,0.000207,97.8198,0.000000,0.000000,0.000000,0.039981,0.000000,0.000000,0.000000,0.00100000
2,387,0.652974,0.000206,99.2025,0.000000,0.000000,0.000000,0.016997,0.000000,0.000000,0.000000,0.00100000
2,388,0.603099,0.000188,92.9551,0.000000,0.000000,0.000000,0.026317,0.000000,0.000000,0.000000,0.00100000
2,389,0.634227,0.000200,98.6361,0.000000,0.000000,0.000000,0.013693,0.000000,0.000000,0.000000,0.00100000
2,390,0.669316,0.000210,89.5610,0.000000,0.000000,0.000000,0.019792,0.000000,0.000000,0.000000,0.00100000
2,391,0.784198,0.000243,99.4816,0.000000,0.000000,0.000000,0.045831,0.000000,0.000000,0.000000,0.00100000
2,392,0.835644,0.000258,105.6756,0.000000,0.000000,0.000000,0.055306,0.000000,0.000000,0.000000,0.00100000
2,393,0.682696,0.000208,87.7274,0.000000,0.000000,0.000000,0.061950,0.000000,0.000000,0.000000,0.00100000
2,394,0.670834,0.000205,99.1359,0.000000,0.000000,0.000000,0.053799,0.000000,0.000000,0.000000,0.00100000
2,395,0.672924,0.000211,100.9751,0.000000,0.000000,0.000000,0.022591,0.000000,0.000000,0.000000,0.00100000
2,396,0.577428,0.000178,92.8650,0.000000,0.000000,0.000000,0.039121,0.000000,0.000000,0.000000,0.00100000
2,397,0.575055,0.000182,92.0807,0.000000,0.000000,0.000000,0.009745,0.000000,0.000000,0.000000,0.00100000
2,398,0.725425,0.000226,92.7339,0.000000,0.000000,0.000000,0.035450,0.000000,0.000000,0.000000,0.00100000
2,399,0.718379,0.000225,98.5623,0.000000,0.000000,0.000000,0.027975,0.000000,0.000000,0.000000,0.00100000
2,400,0.578568,0.000181,83.2247,0.000000,0.000000,0.000000,0.022555,0.000000,0.000000,0.000000,0.00100000
2,401,0.679869,0.000213,93.8803,0.000000,0.000000,0.000000,0.026069,0.000000,0.000000,0.000000,0.00100000
2,402,0.769011,0.000240,92.2166,0.000000,0.000000,0.000000,0.032909,0.000000,0.000000,0.000000,0.00100000
2,403,0.568272,0.000176,91.0503,0.000000,0.000000,0.000000,0.029662,0.000000,0.000000,0.000000,0.00100000
2,404,0.603889,0.000188,88.4791,0.000000,0.000000,0.000000,0.031538,0.000000,0.000000,0.000000,0.00100000
2,405,0.533114,0.000166,94.0825,0.000000,0.000000,0.000000,0.026244,0.000000,0.000000,0.000000,0.00100000
2,406,0.617511,0.000195,93.3089,0.000000,0.000000,0.000000,0.013797,0.000000,0.000000,0.000000,0.00100000
2,407,0.854214,0.000264,84.9774,0.000000,0.000000,0.000000,0.053061,0.000000,0.000000,0.000000,0.00100000
2,408,0.827681,0.000255,87.4587,0.000000,0.000000,0.000000,0.056654,0.000000,0.000000,0.000000,0.00100000
2,409,0.764207,0.000236,92.3715,0.000000,0.000000,0.000000,0.047252,0.000000,0.000000,0.000000,0.00100000
2,410,0.744799,0.000230,93.3575,0.000000,0.000000,0.000000,0.049936,0.000000,0.000000,0.000000,0.00100000
2,411,0.738622,0.000222,94.3692,0.000000,0.000000,0.000000,0.085278,0.000000,0.000000,0.000000,0.00100000
2,412,0.766055,0.000235,109.0919,0.000000,0.000000,0.000000,0.056345,0.000000,0.000000,0.000000,0.00100000
2,413,0.762246,0.000221,67.0765,0.000000,0.000000,0.000000,0.138197,0.000000,0.000000,0.000000,0.00100000
2,414,0.716123,0.000210,92.6204,0.000000,0.000000,0.000000,0.113598,0.000000,0.000000,0.000000,0.00100000
2,415,0.661269,0.000195,76.7523,0.000000,0.000000,0.000000,0.099142,0.000000,0.000000,0.000000,0.00100000
2,416,0.649319,0.000195,78.7086,0.000000,0.000000,0.000000,0.078390,0.000000,0.000000,0.000000,0.00100000
2,417,0.600660,0.000183,94.0115,0.000000,0.000000,0.000000,0.053271,0.000000,0.000000,0.000000,0.00100000
2,418,0.631778,0.000194,100.9770,0.000000,0.000000,0.000000,0.046431,0.000000,0.000000,0.000000,0.00100000
2,419,0.565854,0.000174,91.9988,0.000000,0.000000,0.000000,0.037933,0.000000,0.000000,0.000000,0.00100000
2,420,0.545674,0.000172,82.2602,0.000000,0.000000,0.000000,0.014742,0.000000,0.000000,0.000000,0.00100000
2,421,0.631036,0.000196,93.6841,0.000000,0.000000,0.000000,0.031336,0.000000,0.000000,0.000000,0.00100000
2,422,0.801857,0.000248,97.1543,0.000000,0.000000,0.000000,0.046072,0.000000,0.000000,0.000000,0.00100000
2,423,0.684316,0.000214,74.5054,0.000000,0.000000,0.000000,0.027709,0.000000,0.000000,0.000000,0.00100000
2,424,0.798117,0.000247,101.6393,0.000000,0.000000,0.000000,0.044354,0.000000,0.000000,0.000000,0.00100000
2,425,0.611839,0.000191,87.8954,0.000000,0.000000,0.000000,0.024753,0.000000,0.000000,0.000000,0.00100000
2,426,0.565805,0.000177,87.2326,0.000000,0.000000,0.000000,0.018966,0.000000,0.000000,0.000000,0.00100000
2,427,0.494817,0.000156,91.1880,0.000000,0.000000,0.000000,0.013049,0.000000,0.000000,0.000000,0.00100000
2,428,0.743887,0.000232,105.9189,0.000000,0.000000,0.000000,0.031799,0.000000,0.000000,0.000000,0.00100000
2,429,0.632265,0.000198,99.7816,0.000000,0.000000,0.000000,0.020582,0.000000,0.000000,0.000000,0.00100000
2,430,0.750956,0.000234,103.5611,0.000000,0.000000,0.000000,0.032436,0.000000,0.000000,0.000000,0.00100000
2,431,0.680677,0.000213,88.0571,0.000000,0.000000,0.000000,0.026034,0.000000,0.000000,0.000000,0.00100000
2,432,0.599070,0.000189,98.5477,0.000000,0.000000,0.000000,0.011952,0.000000,0.000000,0.000000,0.00100000
2,433,0.654655,0.000202,105.8601,0.000000,0.000000,0.000000,0.039572,0.000000,0.000000,0.000000,0.00100000
2,434,0.583878,0.000181,89.8475,0.000000,0.000000,0.000000,0.035160,0.000000,0.000000,0.000000,0.00100000
2,435,0.557830,0.000175,89.6818,0.000000,0.000000,0.000000,0.019740,0.000000,0.000000,0.000000,0.00100000
2,436,0.627400,0.000197,86.0899,0.000000,0.000000,0.000000,0.022036,0.000000,0.000000,0.000000,0.00100000
2,437,0.574454,0.000181,82.8150,0.000000,0.000000,0.000000,0.012082,0.000000,0.000000,0.000000,0.00100000
2,438,0.774479,0.000241,98.8644,0.000000,0.000000,0.000000,0.034697,0.000000,0.000000,0.000000,0.00100000
2,439,0.567029,0.000178,82.8644,0.000000,0.000000,0.000000,0.020737,0.000000,0.000000,0.000000,0.00100000
2,440,0.627873,0.000197,99.5896,0.000000,0.000000,0.000000,0.020286,0.000000,0.000000,0.000000,0.00100000
2,441,0.682679,0.000212,88.3638,0.000000,0.000000,0.000000,0.034498,0.000000,0.000000,0.000000,0.00100000
2,442,0.603003,0.000186,102.8141,0.000000,0.000000,0.000000,0.036973,0.000000,0.000000,0.000000,0.00100000
2,443,0.667903,0.000208,106.5834,0.000000,0.000000,0.000000,0.028312,0.000000,0.000000,0.000000,0.00100000
2,444,0.608670,0.000190,83.3953,0.000000,0.000000,0.000000,0.023366,0.000000,0.000000,0.000000,0.00100000
2,445,0.663422,0.000208,94.1126,0.000000,0.000000,0.000000,0.022088,0.000000,0.000000,0.000000,0.00100000
2,446,0.698210,0.000216,91.9582,0.000000,0.000000,0.000000,0.043499,0.000000,0.000000,0.000000,0.00100000
2,447,0.698603,0.000216,102.2396,0.000000,0.000000,0.000000,0.044079,0.000000,0.000000,0.000000,0.00100000
2,448,0.641113,0.000199,104.1991,0.000000,0.000000,0.000000,0.032048,0.000000,0.000000,0.000000,0.00100000
2,449,0.612793,0.000189,90.7254,0.000000,0.000000,0.000000,0.042864,0.000000,0.000000,0.000000,0.00100000
2,450,0.603546,0.000182,79.3385,0.000000,0.000000,0.000000,0.065725,0.000000,0.000000,0.000000,0.00100000
2,451,0.626275,0.000196,92.3029,0.000000,0.000000,0.000000,0.025558,0.000000,0.000000,0.000000,0.00100000
2,452,0.569932,0.000176,94.4003,0.000000,0.000000,0.000000,0.038546,0.000000,0.000000,0.000000,0.00100000
2,453,0.603880,0.000189,93.8638,0.000000,0.000000,0.000000,0.023845,0.000000,0.000000,0.000000,0.00100000
2,454,0.997711,0.000299,92.7991,0.000000,0.000000,0.000000,0.120382,0.000000,0.000000,0.000000,0.00100000
2,455,0.831207,0.000245,97.5591,0.000000,0.000000,0.000000,0.123308,0.000000,0.000000,0.000000,0.00100000
2,456,0.860619,0.000265,110.6342,0.000000,0.000000,0.000000,0.059067,0.000000,0.000000,0.000000,0.00100000
2,457,0.677349,0.000204,82.2961,0.000000,0.000000,0.000000,0.077722,0.000000,0.000000,0.000000,0.00100000
2,458,0.705846,0.000215,106.9586,0.000000,0.000000,0.000000,0.062747,0.000000,0.000000,0.000000,0.00100000
2,459,0.740831,0.000226,86.4194,0.000000,0.000000,0.000000,0.065372,0.000000,0.000000,0.000000,0.00100000
2,460,0.687962,0.000212,91.9542,0.000000,0.000000,0.000000,0.045325,0.000000,0.000000,0.000000,0.00100000
2,461,0.618581,0.000193,98.6121,0.000000,0.000000,0.000000,0.027411,0.000000,0.000000,0.000000,0.00100000
2,462,0.772320,0.000236,97.7857,0.000000,0.000000,0.000000,0.062700,0.000000,0.000000,0.000000,0.00100000
2,463,0.601662,0.000185,86.2125,0.000000,0.000000,0.000000,0.042144,0.000000,0.000000,0.000000,0.00100000
2,464,0.662496,0.000207,86.8475,0.000000,0.000000,0.000000,0.025729,0.000000,0.000000,0.000000,0.00100000
2,465,0.598750,0.000184,98.0499,0.000000,0.000000,0.000000,0.045611,0.000000,0.000000,0.000000,0.00100000
2,466,0.632349,0.000198,86.7289,0.000000,0.000000,0.000000,0.023135,0.000000,0.000000,0.000000,0.00100000
2,467,0.652827,0.000203,84.6561,0.000000,0.000000,0.000000,0.030297,0.000000,0.000000,0.000000,0.00100000
2,468,0.585958,0.000181,86.3098,0.000000,0.000000,0.000000,0.035220,0.000000,0.000000,0.000000,0.00100000
2,469,0.665324,0.000206,96.4223,0.000000,0.000000,0.000000,0.039958,0.000000,0.000000,0.000000,0.00100000
2,470,0.750651,0.000231,99.3502,0.000000,0.000000,0.000000,0.055006,0.000000,0.000000,0.000000,0.00100000
2,471,0.620891,0.000193,100.1305,0.000000,0.000000,0.000000,0.030241,0.000000,0.000000,0.000000,0.00100000
2,472,0.588920,0.000181,91.8620,0.000000,0.000000,0.000000,0.039752,0.000000,0.000000,0.000000,0.00100000
2,473,0.623267,0.000195,103.2802,0.000000,0.000000,0.000000,0.025439,0.000000,0.000000,0.000000,0.00100000
2,474,0.562273,0.000177,93.2727,0.000000,0.000000,0.000000,0.015583,0.000000,0.000000,0.000000,0.00100000
2,475,0.667299,0.000209,100.6672,0.000000,0.000000,0.000000,0.024146,0.000000,0.000000,0.000000,0.00100000
2,476,0.688547,0.000215,103.8633,0.000000,0.000000,0.000000,0.030357,0.000000,0.000000,0.000000,0.00100000
2,477,0.964177,0.000300,102.1176,0.000000,0.000000,0.000000,0.046410,0.000000,0.000000,0.000000,0.00100000
2,478,0.714270,0.000221,82.3084,0.000000,0.000000,0.000000,0.044565,0.000000,0.000000,0.000000,0.00100000
2,479,0.663750,0.000204,82.8776,0.000000,0.000000,0.000000,0.050908,0.000000,0.000000,0.000000,0.00100000
2,480,0.619061,0.000192,98.7911,0.000000,0.000000,0.000000,0.031906,0.000000,0.000000,0.000000,0.00100000
2,481,0.720593,0.000222,108.8245,0.000000,0.000000,0.000000,0.050367,0.000000,0.000000,0.000000,0.00100000
2,482,0.802751,0.000248,108.5000,0.000000,0.000000,0.000000,0.048679,0.000000,0.000000,0.000000,0.00100000
2,483,0.789819,0.000242,104.9143,0.000000,0.000000,0.000000,0.060450,0.000000,0.000000,0.000000,0.00100000
2,484,0.658002,0.000204,95.7450,0.000000,0.000000,0.000000,0.034851,0.000000,0.000000,0.000000,0.00100000
2,485,0.669143,0.000206,90.5296,0.000000,0.000000,0.000000,0.046574,0.000000,0.000000,0.000000,0.00100000
2,486,0.982782,0.000308,92.7958,0.000000,0.000000,0.000000,0.035761,0.000000,0.000000,0.000000,0.00100000
2,487,0.714416,0.000217,79.6034,0.000000,0.000000,0.000000,0.066461,0.000000,0.000000,0.000000,0.00100000
2,488,0.734282,0.000227,97.5072,0.000000,0.000000,0.000000,0.042712,0.000000,0.000000,0.000000,0.00100000
2,489,0.623383,0.000193,85.0957,0.000000,0.000000,0.000000,0.036079,0.000000,0.000000,0.000000,0.00100000
2,490,0.666480,0.000207,88.3496,0.000000,0.000000,0.000000,0.035446,0.000000,0.000000,0.000000,0.00100000
2,491,0.671043,0.000209,77.1732,0.000000,0.000000,0.000000,0.028711,0.000000,0.000000,0.000000,0.00100000
2,492,0.634580,0.000197,92.4116,0.000000,0.000000,0.000000,0.031756,0.000000,0.000000,0.000000,0.00100000
2,493,0.713490,0.000221,71.5759,0.000000,0.000000,0.000000,0.042661,0.000000,0.000000,0.000000,0.00100000
2,494,0.745853,0.000230,93.7171,0.000000,0.000000,0.000000,0.048517,0.000000,0.000000,0.000000,0.00100000
2,495,0.632629,0.000196,84.3027,0.000000,0.000000,0.000000,0.038101,0.000000,0.000000,0.000000,0.00100000
2,496,0.715447,0.000225,82.1791,0.000000,0.000000,0.000000,0.022784,0.000000,0.000000,0.000000,0.00100000
2,497,0.777637,0.000242,94.1311,0.000000,0.000000,0.000000,0.034789,0.000000,0.000000,0.000000,0.00100000
2,498,0.620605,0.000195,89.2803,0.000000,0.000000,0.000000,0.015501,0.000000,0.000000,0.000000,0.00100000
2,499,0.696353,0.000213,82.8734,0.000000,0.000000,0.000000,0.056316,0.000000,0.000000,0.000000,0.00100000
2,500,0.854074,0.000266,90.8543,0.000000,0.000000,0.000000,0.039719,0.000000,0.000000,0.000000,0.00100000
2,501,0.732072,0.000222,82.7568,0.000000,0.000000,0.000000,0.069616,0.000000,0.000000,0.000000,0.00100000
2,502,0.915425,0.000278,87.6876,0.000000,0.000000,0.000000,0.084329,0.000000,0.000000,0.000000,0.00100000
2,503,1.214317,0.000362,112.8399,0.000000,0.000000,0.000000,0.157017,0.000000,0.000000,0.000000,0.00100000
2,504,0.963343,0.000276,83.5175,0.000000,0.000000,0.000000,0.196508,0.000000,0.000000,0.000000,0.00100000
2,505,0.916496,0.000274,94.6915,0.000000,0.000000,0.000000,0.116655,0.000000,0.000000,0.000000,0.00100000
2,506,0.989714,0.000294,88.1771,0.000000,0.000000,0.000000,0.133429,0.000000,0.000000,0.000000,0.00100000
2,507,1.228253,0.000367,104.9425,0.000000,0.000000,0.000000,0.153906,0.000000,0.000000,0.000000,0.00100000
2,508,1.041593,0.000315,101.4591,0.000000,0.000000,0.000000,0.106617,0.000000,0.000000,0.000000,0.00100000
2,509,1.239066,0.000364,104.1728,0.000000,0.000000,0.000000,0.197712,0.000000,0.000000,0.000000,0.00100000
2,510,0.980142,0.000295,87.4415,0.000000,0.000000,0.000000,0.109044,0.000000,0.000000,0.000000,0.00100000
2,511,0.690603,0.000210,90.0861,0.000000,0.000000,0.000000,0.062696,0.000000,0.000000,0.000000,0.00100000
2,512,0.650995,0.000198,91.4231,0.000000,0.000000,0.000000,0.058194,0.000000,0.000000,0.000000,0.00100000
2,513,0.857666,0.000262,93.7717,0.000000,0.000000,0.000000,0.072151,0.000000,0.000000,0.000000,0.00100000
2,514,0.663265,0.000202,93.0674,0.000000,0.000000,0.000000,0.057691,0.000000,0.000000,0.000000,0.00100000
2,515,0.713527,0.000219,97.7013,0.000000,0.000000,0.000000,0.053722,0.000000,0.000000,0.000000,0.00100000
2,516,1.186248,0.000363,77.7090,0.000000,0.000000,0.000000,0.096115,0.000000,0.000000,0.000000,0.00100000
2,517,0.726414,0.000222,102.3914,0.000000,0.000000,0.000000,0.059028,0.000000,0.000000,0.000000,0.00100000
2,518,0.753670,0.000237,104.5025,0.000000,0.000000,0.000000,0.022078,0.000000,0.000000,0.000000,0.00100000
2,519,0.652756,0.000202,95.4291,0.000000,0.000000,0.000000,0.035501,0.000000,0.000000,0.000000,0.00100000
2,520,0.733580,0.000229,97.6671,0.000000,0.000000,0.000000,0.033537,0.000000,0.000000,0.000000,0.00100000
2,521,0.717734,0.000225,102.2470,0.000000,0.000000,0.000000,0.026187,0.000000,0.000000,0.000000,0.00100000
2,522,0.695124,0.000218,98.3872,0.000000,0.000000,0.000000,0.025503,0.000000,0.000000,0.000000,0.00100000
2,523,0.760306,0.000236,109.4622,0.000000,0.000000,0.000000,0.041107,0.000000,0.000000,0.000000,0.00100000
2,524,0.725892,0.000225,97.2048,0.000000,0.000000,0.000000,0.039742,0.000000,0.000000,0.000000,0.00100000
2,525,0.678651,0.000212,95.7070,0.000000,0.000000,0.000000,0.027319,0.000000,0.000000,0.000000,0.00100000
2,526,0.519378,0.000163,93.6566,0.000000,0.000000,0.000000,0.017827,0.000000,0.000000,0.000000,0.00100000
2,527,0.616666,0.000195,95.1620,0.000000,0.000000,0.000000,0.011813,0.000000,0.000000,0.000000,0.00100000
2,528,0.562284,0.000178,97.6845,0.000000,0.000000,0.000000,0.007490,0.000000,0.000000,0.000000,0.00100000
2,529,0.592232,0.000186,88.2637,0.000000,0.000000,0.000000,0.016488,0.000000,0.000000,0.000000,0.00100000
2,530,0.514958,0.000163,85.7108,0.000000,0.000000,0.000000,0.010015,0.000000,0.000000,0.000000,0.00100000
2,531,0.665054,0.000210,106.0783,0.000000,0.000000,0.000000,0.016029,0.000000,0.000000,0.000000,0.00100000
2,532,0.712097,0.000222,94.0313,0.000000,0.000000,0.000000,0.029739,0.000000,0.000000,0.000000,0.00100000
2,533,0.656768,0.000205,97.4411,0.000000,0.000000,0.000000,0.026790,0.000000,0.000000,0.000000,0.00100000
2,534,0.670398,0.000210,96.4876,0.000000,0.000000,0.000000,0.025470,0.000000,0.000000,0.000000,0.00100000
2,535,0.677685,0.000211,88.8011,0.000000,0.000000,0.000000,0.031765,0.000000,0.000000,0.000000,0.00100000
2,536,0.654582,0.000200,96.2609,0.000000,0.000000,0.000000,0.052039,0.000000,0.000000,0.000000,0.00100000
2,537,0.653596,0.000206,97.0307,0.000000,0.000000,0.000000,0.013725,0.000000,0.000000,0.000000,0.00100000
2,538,0.605233,0.000187,94.5165,0.000000,0.000000,0.000000,0.035588,0.000000,0.000000,0.000000,0.00100000
2,539,0.612653,0.000192,101.8804,0.000000,0.000000,0.000000,0.023958,0.000000,0.000000,0.000000,0.00100000
2,540,0.726787,0.000226,97.2104,0.000000,0.000000,0.000000,0.035583,0.000000,0.000000,0.000000,0.00100000
2,541,0.707478,0.000219,97.1956,0.000000,0.000000,0.000000,0.041875,0.000000,0.000000,0.000000,0.00100000
2,542,0.725930,0.000229,103.7807,0.000000,0.000000,0.000000,0.018418,0.000000,0.000000,0.000000,0.00100000
2,543,0.586191,0.000181,88.0868,0.000000,0.000000,0.000000,0.037019,0.000000,0.000000,0.000000,0.00100000
2,544,0.552392,0.000173,93.3089,0.000000,0.000000,0.000000,0.020042,0.000000,0.000000,0.000000,0.00100000
2,545,0.474653,0.000149,87.7332,0.000000,0.000000,0.000000,0.017268,0.000000,0.000000,0.000000,0.00100000
2,546,0.562803,0.000175,91.2832,0.000000,0.000000,0.000000,0.030267,0.000000,0.000000,0.000000,0.00100000
2,547,0.745314,0.000232,98.2860,0.000000,0.000000,0.000000,0.034914,0.000000,0.000000,0.000000,0.00100000
2,548,0.739428,0.000232,96.5398,0.000000,0.000000,0.000000,0.025896,0.000000,0.000000,0.000000,0.00100000
2,549,0.824781,0.000252,85.3873,0.000000,0.000000,0.000000,0.071756,0.000000,0.000000,0.000000,0.00100000
2,550,0.840195,0.000258,100.2617,0.000000,0.000000,0.000000,0.061839,0.000000,0.000000,0.000000,0.00100000
2,551,0.637846,0.000199,87.3781,0.000000,0.000000,0.000000,0.027957,0.000000,0.000000,0.000000,0.00100000
2,552,0.794568,0.000243,95.8901,0.000000,0.000000,0.000000,0.063379,0.000000,0.000000,0.000000,0.00100000
2,553,0.629462,0.000197,101.3920,0.000000,0.000000,0.000000,0.020519,0.000000,0.000000,0.000000,0.00100000
2,554,0.776289,0.000239,93.9901,0.000000,0.000000,0.000000,0.053913,0.000000,0.000000,0.000000,0.00100000
2,555,0.650133,0.000202,92.1233,0.000000,0.000000,0.000000,0.034613,0.000000,0.000000,0.000000,0.00100000
2,556,0.657394,0.000205,95.9118,0.000000,0.000000,0.000000,0.029472,0.000000,0.000000,0.000000,0.00100000
2,557,0.623262,0.000195,86.9233,0.000000,0.000000,0.000000,0.023249,0.000000,0.000000,0.000000,0.00100000
2,558,0.645341,0.000202,92.3058,0.000000,0.000000,0.000000,0.021147,0.000000,0.000000,0.000000,0.00100000
2,559,0.580313,0.000183,85.8666,0.000000,0.000000,0.000000,0.011666,0.000000,0.000000,0.000000,0.00100000
2,560,0.801966,0.000252,96.7101,0.000000,0.000000,0.000000,0.026233,0.000000,0.000000,0.000000,0.00100000
2,561,0.587452,0.000185,97.0408,0.000000,0.000000,0.000000,0.016642,0.000000,0.000000,0.000000,0.00100000
2,562,0.672579,0.000211,100.2407,0.000000,0.000000,0.000000,0.020576,0.000000,0.000000,0.000000,0.00100000
2,563,0.960097,0.000297,90.6146,0.000000,0.000000,0.000000,0.058485,0.000000,0.000000,0.000000,0.00100000
2,564,0.593812,0.000182,84.8923,0.000000,0.000000,0.000000,0.043777,0.000000,0.000000,0.000000,0.00100000
2,565,0.580893,0.000180,86.4690,0.000000,0.000000,0.000000,0.034919,0.000000,0.000000,0.000000,0.00100000
2,566,0.504524,0.000155,77.4494,0.000000,0.000000,0.000000,0.037091,0.000000,0.000000,0.000000,0.00100000
2,567,0.630447,0.000195,88.4849,0.000000,0.000000,0.000000,0.040108,0.000000,0.000000,0.000000,0.00100000
2,568,0.594926,0.000179,81.4166,0.000000,0.000000,0.000000,0.068187,0.000000,0.000000,0.000000,0.00100000
2,569,0.600334,0.000182,96.2558,0.000000,0.000000,0.000000,0.061347,0.000000,0.000000,0.000000,0.00100000
2,570,0.552426,0.000171,85.6172,0.000000,0.000000,0.000000,0.032977,0.000000,0.000000,0.000000,0.00100000
2,571,0.671441,0.000207,90.7588,0.000000,0.000000,0.000000,0.043468,0.000000,0.000000,0.000000,0.00100000
2,572,0.591235,0.000183,91.0197,0.000000,0.000000,0.000000,0.037444,0.000000,0.000000,0.000000,0.00100000
2,573,0.530216,0.000165,90.4703,0.000000,0.000000,0.000000,0.023658,0.000000,0.000000,0.000000,0.00100000
2,574,0.724825,0.000227,98.3732,0.000000,0.000000,0.000000,0.027685,0.000000,0.000000,0.000000,0.00100000
2,575,0.689420,0.000217,95.6161,0.000000,0.000000,0.000000,0.018660,0.000000,0.000000,0.000000,0.00100000
2,576,0.598326,0.000187,86.1365,0.000000,0.000000,0.000000,0.024053,0.000000,0.000000,0.000000,0.00100000
2,577,0.736980,0.000231,108.3960,0.000000,0.000000,0.000000,0.025751,0.000000,0.000000,0.000000,0.00100000
2,578,0.644985,0.000201,80.4032,0.000000,0.000000,0.000000,0.032176,0.000000,0.000000,0.000000,0.00100000
2,579,1.211530,0.000371,104.4877,0.000000,0.000000,0.000000,0.094827,0.000000,0.000000,0.000000,0.00100000
2,580,0.693587,0.000215,95.4242,0.000000,0.000000,0.000000,0.039962,0.000000,0.000000,0.000000,0.00100000
2,581,0.827955,0.000255,111.3117,0.000000,0.000000,0.000000,0.058635,0.000000,0.000000,0.000000,0.00100000
2,582,0.692131,0.000212,80.8377,0.000000,0.000000,0.000000,0.056691,0.000000,0.000000,0.000000,0.00100000
2,583,0.609883,0.000191,77.8428,0.000000,0.000000,0.000000,0.021850,0.000000,0.000000,0.000000,0.00100000
2,584,0.651806,0.000199,105.0740,0.000000,0.000000,0.000000,0.057388,0.000000,0.000000,0.000000,0.00100000
2,585,0.585505,0.000178,83.3560,0.000000,0.000000,0.000000,0.057175,0.000000,0.000000,0.000000,0.00100000
2,586,0.702151,0.000221,101.4130,0.000000,0.000000,0.000000,0.020441,0.000000,0.000000,0.000000,0.00100000
2,587,0.714176,0.000222,99.7629,0.000000,0.000000,0.000000,0.036318,0.000000,0.000000,0.000000,0.00100000
2,588,0.609633,0.000186,73.2670,0.000000,0.000000,0.000000,0.050438,0.000000,0.000000,0.000000,0.00100000
2,589,0.581777,0.000182,90.5536,0.000000,0.000000,0.000000,0.023797,0.000000,0.000000,0.000000,0.00100000
2,590,0.563105,0.000175,92.8131,0.000000,0.000000,0.000000,0.029653,0.000000,0.000000,0.000000,0.00100000
2,591,0.688383,0.000217,98.9481,0.000000,0.000000,0.000000,0.017745,0.000000,0.000000,0.000000,0.00100000
2,592,0.598849,0.000188,100.9872,0.000000,0.000000,0.000000,0.016320,0.000000,0.000000,0.000000,0.00100000
2,593,0.564094,0.000178,88.1874,0.000000,0.000000,0.000000,0.009018,0.000000,0.000000,0.000000,0.00100000
2,594,0.711112,0.000222,88.0791,0.000000,0.000000,0.000000,0.028760,0.000000,0.000000,0.000000,0.00100000
2,595,0.887884,0.000273,96.2843,0.000000,0.000000,0.000000,0.063374,0.000000,0.000000,0.000000,0.00100000
2,596,0.771153,0.000240,95.1116,0.000000,0.000000,0.000000,0.036952,0.000000,0.000000,0.000000,0.00100000
2,597,0.694978,0.000215,92.1730,0.000000,0.000000,0.000000,0.043887,0.000000,0.000000,0.000000,0.00100000
2,598,0.699233,0.000217,91.0697,0.000000,0.000000,0.000000,0.034477,0.000000,0.000000,0.000000,0.00100000
2,599,0.751558,0.000234,88.3864,0.000000,0.000000,0.000000,0.036899,0.000000,0.000000,0.000000,0.00100000
2,600,0.695441,0.000217,94.9518,0.000000,0.000000,0.000000,0.026857,0.000000,0.000000,0.000000,0.00100000
2,601,0.719384,0.000225,99.3184,0.000000,0.000000,0.000000,0.028226,0.000000,0.000000,0.000000,0.00100000
2,602,0.721874,0.000225,92.0284,0.000000,0.000000,0.000000,0.033369,0.000000,0.000000,0.000000,0.00100000
2,603,0.678348,0.000212,89.2879,0.000000,0.000000,0.000000,0.027993,0.000000,0.000000,0.000000,0.00100000
2,604,0.735950,0.000230,91.0060,0.000000,0.000000,0.000000,0.029153,0.000000,0.000000,0.000000,0.00100000
2,605,0.670556,0.000209,88.9092,0.000000,0.000000,0.000000,0.028838,0.000000,0.000000,0.000000,0.00100000
2,606,0.693854,0.000217,94.3962,0.000000,0.000000,0.000000,0.025736,0.000000,0.000000,0.000000,0.00100000
2,607,0.699288,0.000219,92.0134,0.000000,0.000000,0.000000,0.025237,0.000000,0.000000,0.000000,0.00100000
2,608,0.678948,0.000213,96.0527,0.000000,0.000000,0.000000,0.024901,0.000000,0.000000,0.000000,0.00100000
2,609,0.641704,0.000202,96.5808,0.000000,0.000000,0.000000,0.013870,0.000000,0.000000,0.000000,0.00100000
2,610,1.174748,0.000360,95.5549,0.000000,0.000000,0.000000,0.092778,0.000000,0.000000,0.000000,0.00100000
2,611,0.764933,0.000238,89.3004,0.000000,0.000000,0.000000,0.036690,0.000000,0.000000,0.000000,0.00100000
2,612,0.727237,0.000226,83.5020,0.000000,0.000000,0.000000,0.039441,0.000000,0.000000,0.000000,0.00100000
2,613,0.607507,0.000190,82.8300,0.000000,0.000000,0.000000,0.021538,0.000000,0.000000,0.000000,0.00100000
2,614,0.529835,0.000167,82.8689,0.000000,0.000000,0.000000,0.012493,0.000000,0.000000,0.000000,0.00100000
2,615,0.593259,0.000186,82.3640,0.000000,0.000000,0.000000,0.022321,0.000000,0.000000,0.000000,0.00100000
2,616,0.563354,0.000178,73.0852,0.000000,0.000000,0.000000,0.012375,0.000000,0.000000,0.000000,0.00100000
2,617,0.650804,0.000200,87.8467,0.000000,0.000000,0.000000,0.047441,0.000000,0.000000,0.000000,0.00100000
2,618,0.861581,0.000261,96.0991,0.000000,0.000000,0.000000,0.086828,0.000000,0.000000,0.000000,0.00100000
2,619,0.640226,0.000198,90.4813,0.000000,0.000000,0.000000,0.041012,0.000000,0.000000,0.000000,0.00100000
2,620,0.608773,0.000187,90.7509,0.000000,0.000000,0.000000,0.045692,0.000000,0.000000,0.000000,0.00100000
2,621,0.694619,0.000212,82.9262,0.000000,0.000000,0.000000,0.062444,0.000000,0.000000,0.000000,0.00100000
2,622,0.550627,0.000172,89.4870,0.000000,0.000000,0.000000,0.024332,0.000000,0.000000,0.000000,0.00100000
2,623,0.751897,0.000231,105.9673,0.000000,0.000000,0.000000,0.051847,0.000000,0.000000,0.000000,0.00100000
2,624,0.737559,0.000228,99.6819,0.000000,0.000000,0.000000,0.042536,0.000000,0.000000,0.000000,0.00100000
2,625,0.742255,0.000227,95.6458,0.000000,0.000000,0.000000,0.060520,0.000000,0.000000,0.000000,0.00100000
2,626,1.141914,0.000339,104.3807,0.000000,0.000000,0.000000,0.157894,0.000000,0.000000,0.000000,0.00100000
2,627,1.014405,0.000310,100.6703,0.000000,0.000000,0.000000,0.081519,0.000000,0.000000,0.000000,0.00100000
2,628,0.911331,0.000276,88.0498,0.000000,0.000000,0.000000,0.091163,0.000000,0.000000,0.000000,0.00100000
2,629,0.747634,0.000228,88.2779,0.000000,0.000000,0.000000,0.062266,0.000000,0.000000,0.000000,0.00100000
2,630,0.792441,0.000243,97.1838,0.000000,0.000000,0.000000,0.060630,0.000000,0.000000,0.000000,0.00100000
2,631,0.777961,0.000234,91.2008,0.000000,0.000000,0.000000,0.086200,0.000000,0.000000,0.000000,0.00100000
2,632,0.734618,0.000223,92.4493,0.000000,0.000000,0.000000,0.068454,0.000000,0.000000,0.000000,0.00100000
2,633,0.582206,0.000180,73.7511,0.000000,0.000000,0.000000,0.035934,0.000000,0.000000,0.000000,0.00100000
2,634,0.677583,0.000205,97.3852,0.000000,0.000000,0.000000,0.068101,0.000000,0.000000,0.000000,0.00100000
2,635,0.738941,0.000225,93.0146,0.000000,0.000000,0.000000,0.066264,0.000000,0.000000,0.000000,0.00100000
2,636,0.949409,0.000287,101.4116,0.000000,0.000000,0.000000,0.097842,0.000000,0.000000,0.000000,0.00100000
2,637,0.690017,0.000208,89.0452,0.000000,0.000000,0.000000,0.078235,0.000000,0.000000,0.000000,0.00100000
2,638,0.681748,0.000205,97.1912,0.000000,0.000000,0.000000,0.079490,0.000000,0.000000,0.000000,0.00100000
2,639,0.663910,0.000206,102.2582,0.000000,0.000000,0.000000,0.037761,0.000000,0.000000,0.000000,0.00100000
2,640,0.706389,0.000219,96.8083,0.000000,0.000000,0.000000,0.041076,0.000000,0.000000,0.000000,0.00100000
2,641,0.876024,0.000269,100.0242,0.000000,0.000000,0.000000,0.063742,0.000000,0.000000,0.000000,0.00100000
2,642,1.118639,0.000342,108.1711,0.000000,0.000000,0.000000,0.093902,0.000000,0.000000,0.000000,0.00100000
2,643,0.723733,0.000224,94.3592,0.000000,0.000000,0.000000,0.044996,0.000000,0.000000,0.000000,0.00100000
2,644,0.644299,0.000202,97.0520,0.000000,0.000000,0.000000,0.020571,0.000000,0.000000,0.000000,0.00100000
2,645,0.522349,0.000163,75.6096,0.000000,0.000000,0.000000,0.023855,0.000000,0.000000,0.000000,0.00100000
2,646,0.628040,0.000196,80.0070,0.000000,0.000000,0.000000,0.028575,0.000000,0.000000,0.000000,0.00100000
2,647,0.622613,0.000196,95.5791,0.000000,0.000000,0.000000,0.015927,0.000000,0.000000,0.000000,0.00100000
2,648,0.658305,0.000206,101.4429,0.000000,0.000000,0.000000,0.025970,0.000000,0.000000,0.000000,0.00100000
2,649,0.580371,0.000182,90.4888,0.000000,0.000000,0.000000,0.020841,0.000000,0.000000,0.000000,0.00100000
2,650,0.595117,0.000187,85.4274,0.000000,0.000000,0.000000,0.019386,0.000000,0.000000,0.000000,0.00100000
2,651,0.543519,0.000171,84.6223,0.000000,0.000000,0.000000,0.015579,0.000000,0.000000,0.000000,0.00100000
2,652,0.562078,0.000176,99.2524,0.000000,0.000000,0.000000,0.020572,0.000000,0.000000,0.000000,0.00100000
2,653,0.584789,0.000185,94.4192,0.000000,0.000000,0.000000,0.009506,0.000000,0.000000,0.000000,0.00100000
2,654,0.698082,0.000216,74.0083,0.000000,0.000000,0.000000,0.043906,0.000000,0.000000,0.000000,0.00100000
2,655,0.615928,0.000193,87.2299,0.000000,0.000000,0.000000,0.023157,0.000000,0.000000,0.000000,0.00100000
2,656,0.669139,0.000209,88.3186,0.000000,0.000000,0.000000,0.026190,0.000000,0.000000,0.000000,0.00100000
2,657,0.712717,0.000218,91.5813,0.000000,0.000000,0.000000,0.058180,0.000000,0.000000,0.000000,0.00100000
2,658,1.370909,0.000418,96.3822,0.000000,0.000000,0.000000,0.122542,0.000000,0.000000,0.000000,0.00100000
2,659,0.938773,0.000282,85.1858,0.000000,0.000000,0.000000,0.110954,0.000000,0.000000,0.000000,0.00100000
2,660,1.711335,0.000523,97.9550,0.000000,0.000000,0.000000,0.144972,0.000000,0.000000,0.000000,0.00100000
2,661,1.342103,0.000406,92.0086,0.000000,0.000000,0.000000,0.139401,0.000000,0.000000,0.000000,0.00100000
2,662,1.263533,0.000389,104.8610,0.000000,0.000000,0.000000,0.084683,0.000000,0.000000,0.000000,0.00100000
2,663,1.502386,0.000444,101.9535,0.000000,0.000000,0.000000,0.223081,0.000000,0.000000,0.000000,0.00100000
2,664,1.256067,0.000382,107.8738,0.000000,0.000000,0.000000,0.113140,0.000000,0.000000,0.000000,0.00100000
2,665,1.054776,0.000310,91.4016,0.000000,0.000000,0.000000,0.163907,0.000000,0.000000,0.000000,0.00100000
2,666,0.979956,0.000296,93.4154,0.000000,0.000000,0.000000,0.104324,0.000000,0.000000,0.000000,0.00100000
2,667,1.328932,0.000409,105.4704,0.000000,0.000000,0.000000,0.090637,0.000000,0.000000,0.000000,0.00100000
2,668,1.057377,0.000325,91.6775,0.000000,0.000000,0.000000,0.076844,0.000000,0.000000,0.000000,0.00100000
2,669,0.995268,0.000304,100.0546,0.000000,0.000000,0.000000,0.085940,0.000000,0.000000,0.000000,0.00100000
2,670,1.053162,0.000323,96.2809,0.000000,0.000000,0.000000,0.079979,0.000000,0.000000,0.000000,0.00100000
2,671,0.884365,0.000273,90.7860,0.000000,0.000000,0.000000,0.058633,0.000000,0.000000,0.000000,0.00100000
2,672,0.917612,0.000275,72.5634,0.000000,0.000000,0.000000,0.110720,0.000000,0.000000,0.000000,0.00100000
2,673,0.697298,0.000210,101.0407,0.000000,0.000000,0.000000,0.077957,0.000000,0.000000,0.000000,0.00100000
2,674,0.589601,0.000182,90.6185,0.000000,0.000000,0.000000,0.037166,0.000000,0.000000,0.000000,0.00100000
2,675,0.694783,0.000216,95.0745,0.000000,0.000000,0.000000,0.035425,0.000000,0.000000,0.000000,0.00100000
2,676,0.597060,0.000186,84.3479,0.000000,0.000000,0.000000,0.026866,0.000000,0.000000,0.000000,0.00100000
2,677,0.632296,0.000199,95.9417,0.000000,0.000000,0.000000,0.018887,0.000000,0.000000,0.000000,0.00100000
2,678,0.537069,0.000166,77.0402,0.000000,0.000000,0.000000,0.031611,0.000000,0.000000,0.000000,0.00100000
2,679,0.624919,0.000195,89.4198,0.000000,0.000000,0.000000,0.024601,0.000000,0.000000,0.000000,0.00100000
2,680,0.637560,0.000199,98.7983,0.000000,0.000000,0.000000,0.029965,0.000000,0.000000,0.000000,0.00100000
2,681,0.565255,0.000177,89.0369,0.000000,0.000000,0.000000,0.018290,0.000000,0.000000,0.000000,0.00100000
2,682,0.635877,0.000198,98.7155,0.000000,0.000000,0.000000,0.029137,0.000000,0.000000,0.000000,0.00100000
2,683,0.657191,0.000205,85.9945,0.000000,0.000000,0.000000,0.029321,0.000000,0.000000,0.000000,0.00100000
2,684,0.599114,0.000187,86.8019,0.000000,0.000000,0.000000,0.028110,0.000000,0.000000,0.000000,0.00100000
2,685,0.650632,0.000202,103.0646,0.000000,0.000000,0.000000,0.033890,0.000000,0.000000,0.000000,0.00100000
2,686,0.600536,0.000188,103.5814,0.000000,0.000000,0.000000,0.020301,0.000000,0.000000,0.000000,0.00100000
2,687,0.543401,0.000171,96.6254,0.000000,0.000000,0.000000,0.014691,0.000000,0.000000,0.000000,0.00100000
2,688,0.799684,0.000249,98.8420,0.000000,0.000000,0.000000,0.035057,0.000000,0.000000,0.000000,0.00100000
2,689,0.732437,0.000229,86.4755,0.000000,0.000000,0.000000,0.029117,0.000000,0.000000,0.000000,0.00100000
2,690,0.574383,0.000181,101.8427,0.000000,0.000000,0.000000,0.015677,0.000000,0.000000,0.000000,0.00100000
2,691,0.622457,0.000195,95.6066,0.000000,0.000000,0.000000,0.021694,0.000000,0.000000,0.000000,0.00100000
2,692,0.745077,0.000233,101.3240,0.000000,0.000000,0.000000,0.025787,0.000000,0.000000,0.000000,0.00100000
2,693,0.626688,0.000195,83.0462,0.000000,0.000000,0.000000,0.028362,0.000000,0.000000,0.000000,0.00100000
2,694,0.657114,0.000205,105.4950,0.000000,0.000000,0.000000,0.028145,0.000000,0.000000,0.000000,0.00100000
2,695,0.602295,0.000190,90.3424,0.000000,0.000000,0.000000,0.015626,0.000000,0.000000,0.000000,0.00100000
2,696,0.810175,0.000252,108.3064,0.000000,0.000000,0.000000,0.040049,0.000000,0.000000,0.000000,0.00100000
2,697,0.594201,0.000185,96.1225,0.000000,0.000000,0.000000,0.027542,0.000000,0.000000,0.000000,0.00100000
2,698,0.585222,0.000183,91.5790,0.000000,0.000000,0.000000,0.022587,0.000000,0.000000,0.000000,0.00100000
2,699,0.637887,0.000199,94.8885,0.000000,0.000000,0.000000,0.027211,0.000000,0.000000,0.000000,0.00100000
2,700,0.516049,0.000162,87.1501,0.000000,0.000000,0.000000,0.016301,0.000000,0.000000,0.000000,0.00100000
2,701,0.669389,0.000210,103.2856,0.000000,0.000000,0.000000,0.019334,0.000000,0.000000,0.000000,0.00100000
2,702,0.492866,0.000152,82.3530,0.000000,0.000000,0.000000,0.029933,0.000000,0.000000,0.000000,0.00100000
2,703,0.584691,0.000183,96.4498,0.000000,0.000000,0.000000,0.019374,0.000000,0.000000,0.000000,0.00100000
2,704,0.661812,0.000205,91.8737,0.000000,0.000000,0.000000,0.036436,0.000000,0.000000,0.000000,0.00100000
2,705,0.585756,0.000183,97.2935,0.000000,0.000000,0.000000,0.026161,0.000000,0.000000,0.000000,0.00100000
2,706,0.506645,0.000159,93.1367,0.000000,0.000000,0.000000,0.018743,0.000000,0.000000,0.000000,0.00100000
2,707,0.659703,0.000206,102.5074,0.000000,0.000000,0.000000,0.029547,0.000000,0.000000,0.000000,0.00100000
2,708,0.535907,0.000168,99.8417,0.000000,0.000000,0.000000,0.016249,0.000000,0.000000,0.000000,0.00100000
2,709,0.566508,0.000179,103.4878,0.000000,0.000000,0.000000,0.009642,0.000000,0.000000,0.000000,0.00100000
2,710,0.505227,0.000158,94.6515,0.000000,0.000000,0.000000,0.021200,0.000000,0.000000,0.000000,0.00100000
2,711,0.538748,0.000168,99.3004,0.000000,0.000000,0.000000,0.020885,0.000000,0.000000,0.000000,0.00100000
2,712,0.567151,0.000179,98.5773,0.000000,0.000000,0.000000,0.012462,0.000000,0.000000,0.000000,0.00100000
2,713,0.492182,0.000155,101.8844,0.000000,0.000000,0.000000,0.011039,0.000000,0.000000,0.000000,0.00100000
2,714,0.470225,0.000149,96.5808,0.000000,0.000000,0.000000,0.007999,0.000000,0.000000,0.000000,0.00100000
2,715,0.526731,0.000165,94.3472,0.000000,0.000000,0.000000,0.015766,0.000000,0.000000,0.000000,0.00100000
2,716,0.684142,0.000215,100.0737,0.000000,0.000000,0.000000,0.022389,0.000000,0.000000,0.000000,0.00100000
2,717,0.520605,0.000164,99.4853,0.000000,0.000000,0.000000,0.011896,0.000000,0.000000,0.000000,0.00100000
2,718,0.494263,0.000154,89.0334,0.000000,0.000000,0.000000,0.021198,0.000000,0.000000,0.000000,0.00100000
2,719,0.587318,0.000184,100.3055,0.000000,0.000000,0.000000,0.022687,0.000000,0.000000,0.000000,0.00100000
3,1,0.810065,0.000247,91.0476,0.000000,0.000000,0.000000,0.071894,0.000000,0.000000,0.000000,0.00100000
3,2,0.711476,0.000221,92.9821,0.000000,0.000000,0.000000,0.037481,0.000000,0.000000,0.000000,0.00100000
3,3,0.683809,0.000212,91.6158,0.000000,0.000000,0.000000,0.037642,0.000000,0.000000,0.000000,0.00100000
3,4,0.650810,0.000204,94.1341,0.000000,0.000000,0.000000,0.023316,0.000000,0.000000,0.000000,0.00100000
3,5,0.646509,0.000202,95.7597,0.000000,0.000000,0.000000,0.027690,0.000000,0.000000,0.000000,0.00100000
3,6,0.702113,0.000221,94.6723,0.000000,0.000000,0.000000,0.018802,0.000000,0.000000,0.000000,0.00100000
3,7,0.710971,0.000223,92.9428,0.000000,0.000000,0.000000,0.020227,0.000000,0.000000,0.000000,0.00100000
3,8,0.733106,0.000230,86.2659,0.000000,0.000000,0.000000,0.023908,0.000000,0.000000,0.000000,0.00100000
3,9,0.713363,0.000224,94.0464,0.000000,0.000000,0.000000,0.019345,0.000000,0.000000,0.000000,0.00100000
3,10,0.673914,0.000211,89.1605,0.000000,0.000000,0.000000,0.022859,0.000000,0.000000,0.000000,0.00100000
3,11,0.709167,0.000223,93.1849,0.000000,0.000000,0.000000,0.018342,0.000000,0.000000,0.000000,0.00100000
3,12,0.614285,0.000193,90.1457,0.000000,0.000000,0.000000,0.018360,0.000000,0.000000,0.000000,0.00100000
3,13,0.658569,0.000208,93.0795,0.000000,0.000000,0.000000,0.015488,0.000000,0.000000,0.000000,0.00100000
3,14,0.656498,0.000207,93.4890,0.000000,0.000000,0.000000,0.015965,0.000000,0.000000,0.000000,0.00100000
3,15,0.691254,0.000218,95.0551,0.000000,0.000000,0.000000,0.017282,0.000000,0.000000,0.000000,0.00100000
3,16,0.812579,0.000253,94.6678,0.000000,0.000000,0.000000,0.039957,0.000000,0.000000,0.000000,0.00100000
3,17,0.692570,0.000216,97.4800,0.000000,0.000000,0.000000,0.030130,0.000000,0.000000,0.000000,0.00100000
3,18,0.675945,0.000212,93.1681,0.000000,0.000000,0.000000,0.020159,0.000000,0.000000,0.000000,0.00100000
3,19,0.746203,0.000235,95.3035,0.000000,0.000000,0.000000,0.021086,0.000000,0.000000,0.000000,0.00100000
3,20,0.641503,0.000202,95.5800,0.000000,0.000000,0.000000,0.016009,0.000000,0.000000,0.000000,0.00100000
3,21,0.657010,0.000207,93.1189,0.000000,0.000000,0.000000,0.014150,0.000000,0.000000,0.000000,0.00100000
3,22,0.714477,0.000225,93.6532,0.000000,0.000000,0.000000,0.015030,0.000000,0.000000,0.000000,0.00100000
3,23,0.663104,0.000209,95.0440,0.000000,0.000000,0.000000,0.012358,0.000000,0.000000,0.000000,0.00100000
3,24,0.682574,0.000215,95.7652,0.000000,0.000000,0.000000,0.017152,0.000000,0.000000,0.000000,0.00100000
3,25,0.646040,0.000204,90.9856,0.000000,0.000000,0.000000,0.013594,0.000000,0.000000,0.000000,0.00100000
3,26,0.614826,0.000193,92.9793,0.000000,0.000000,0.000000,0.016861,0.000000,0.000000,0.000000,0.00100000
3,27,0.624972,0.000197,96.4309,0.000000,0.000000,0.000000,0.013201,0.000000,0.000000,0.000000,0.00100000
3,28,0.648917,0.000204,91.9621,0.000000,0.000000,0.000000,0.016166,0.000000,0.000000,0.000000,0.00100000
3,29,0.633275,0.000199,94.1220,0.000000,0.000000,0.000000,0.017345,0.000000,0.000000,0.000000,0.00100000
3,30,0.656673,0.000206,94.1014,0.000000,0.000000,0.000000,0.020804,0.000000,0.000000,0.000000,0.00100000
3,31,0.623798,0.000196,91.8889,0.000000,0.000000,0.000000,0.019760,0.000000,0.000000,0.000000,0.00100000
3,32,0.672315,0.000207,93.6148,0.000000,0.000000,0.000000,0.043902,0.000000,0.000000,0.000000,0.00100000
3,33,0.611610,0.000187,93.2046,0.000000,0.000000,0.000000,0.051845,0.000000,0.000000,0.000000,0.00100000
3,34,0.638589,0.000198,94.2480,0.000000,0.000000,0.000000,0.035450,0.000000,0.000000,0.000000,0.00100000
3,35,0.569767,0.000178,91.8356,0.000000,0.000000,0.000000,0.025810,0.000000,0.000000,0.000000,0.00100000
3,36,0.573523,0.000179,92.2806,0.000000,0.000000,0.000000,0.024176,0.000000,0.000000,0.000000,0.00100000
3,37,0.552821,0.000173,91.3478,0.000000,0.000000,0.000000,0.020677,0.000000,0.000000,0.000000,0.00100000
3,38,0.600534,0.000187,90.6127,0.000000,0.000000,0.000000,0.025303,0.000000,0.000000,0.000000,0.00100000
3,39,0.571887,0.000179,92.8619,0.000000,0.000000,0.000000,0.023013,0.000000,0.000000,0.000000,0.00100000
3,40,0.657752,0.000206,89.3088,0.000000,0.000000,0.000000,0.022642,0.000000,0.000000,0.000000,0.00100000
3,41,0.572275,0.000180,92.4121,0.000000,0.000000,0.000000,0.015314,0.000000,0.000000,0.000000,0.00100000
3,42,0.621583,0.000196,89.0127,0.000000,0.000000,0.000000,0.016352,0.000000,0.000000,0.000000,0.00100000
3,43,0.593066,0.000186,89.3897,0.000000,0.000000,0.000000,0.019734,0.000000,0.000000,0.000000,0.00100000
3,44,0.527350,0.000165,88.4482,0.000000,0.000000,0.000000,0.017285,0.000000,0.000000,0.000000,0.00100000
3,45,0.542021,0.000171,87.4170,0.000000,0.000000,0.000000,0.011220,0.000000,0.000000,0.000000,0.00100000
3,46,0.595044,0.000187,87.3387,0.000000,0.000000,0.000000,0.018336,0.000000,0.000000,0.000000,0.00100000
3,47,0.582264,0.000179,91.4971,0.000000,0.000000,0.000000,0.039006,0.000000,0.000000,0.000000,0.00100000
3,48,0.837491,0.000249,90.8204,0.000000,0.000000,0.000000,0.110384,0.000000,0.000000,0.000000,0.00100000
3,49,0.727305,0.000208,86.4011,0.000000,0.000000,0.000000,0.151219,0.000000,0.000000,0.000000,0.00100000
3,50,0.648542,0.000198,83.8049,0.000000,0.000000,0.000000,0.055695,0.000000,0.000000,0.000000,0.00100000
3,51,0.698320,0.000213,92.6530,0.000000,0.000000,0.000000,0.063739,0.000000,0.000000,0.000000,0.00100000
3,52,0.567742,0.000175,91.4858,0.000000,0.000000,0.000000,0.037936,0.000000,0.000000,0.000000,0.00100000
3,53,0.665842,0.000205,92.0017,0.000000,0.000000,0.000000,0.049025,0.000000,0.000000,0.000000,0.00100000
3,54,0.560870,0.000177,90.8029,0.000000,0.000000,0.000000,0.013455,0.000000,0.000000,0.000000,0.00100000
3,55,0.626790,0.000195,86.6507,0.000000,0.000000,0.000000,0.027968,0.000000,0.000000,0.000000,0.00100000
3,56,0.619410,0.000193,91.4934,0.000000,0.000000,0.000000,0.029394,0.000000,0.000000,0.000000,0.00100000
3,57,0.693694,0.000215,96.2063,0.000000,0.000000,0.000000,0.040001,0.000000,0.000000,0.000000,0.00100000
3,58,0.605908,0.000187,91.1743,0.000000,0.000000,0.000000,0.041200,0.000000,0.000000,0.000000,0.00100000
3,59,0.563321,0.000177,93.2659,0.000000,0.000000,0.000000,0.018878,0.000000,0.000000,0.000000,0.00100000
3,60,0.600073,0.000187,95.0807,0.000000,0.000000,0.000000,0.026623,0.000000,0.000000,0.000000,0.00100000
3,61,1.043764,0.000323,95.6945,0.000000,0.000000,0.000000,0.064774,0.000000,0.000000,0.000000,0.00100000
3,62,0.682125,0.000213,104.3336,0.000000,0.000000,0.000000,0.028661,0.000000,0.000000,0.000000,0.00100000
3,63,0.734314,0.000224,86.6519,0.000000,0.000000,0.000000,0.062721,0.000000,0.000000,0.000000,0.00100000
3,64,0.735687,0.000228,91.5801,0.000000,0.000000,0.000000,0.038863,0.000000,0.000000,0.000000,0.00100000
3,65,0.668094,0.000209,92.9103,0.000000,0.000000,0.000000,0.028024,0.000000,0.000000,0.000000,0.00100000
3,66,0.677896,0.000212,89.9494,0.000000,0.000000,0.000000,0.026472,0.000000,0.000000,0.000000,0.00100000
3,67,0.685465,0.000215,95.4190,0.000000,0.000000,0.000000,0.021735,0.000000,0.000000,0.000000,0.00100000
3,68,0.640108,0.000202,89.4818,0.000000,0.000000,0.000000,0.014155,0.000000,0.000000,0.000000,0.00100000
3,69,0.610645,0.000192,88.9044,0.000000,0.000000,0.000000,0.017105,0.000000,0.000000,0.000000,0.00100000
3,70,0.606729,0.000191,92.9282,0.000000,0.000000,0.000000,0.017505,0.000000,0.000000,0.000000,0.00100000
3,71,0.681916,0.000214,96.2742,0.000000,0.000000,0.000000,0.021551,0.000000,0.000000,0.000000,0.00100000
3,72,0.677227,0.000213,94.5901,0.000000,0.000000,0.000000,0.020347,0.000000,0.000000,0.000000,0.00100000
3,73,0.647919,0.000204,91.9984,0.000000,0.000000,0.000000,0.017324,0.000000,0.000000,0.000000,0.00100000
3,74,0.628413,0.000198,92.1328,0.000000,0.000000,0.000000,0.012187,0.000000,0.000000,0.000000,0.00100000
3,75,0.642218,0.000203,94.3881,0.000000,0.000000,0.000000,0.012104,0.000000,0.000000,0.000000,0.00100000
3,76,0.591353,0.000187,91.3379,0.000000,0.000000,0.000000,0.012701,0.000000,0.000000,0.000000,0.00100000
3,77,0.597153,0.000188,91.7747,0.000000,0.000000,0.000000,0.017833,0.000000,0.000000,0.000000,0.00100000
3,78,0.617066,0.000194,92.2598,0.000000,0.000000,0.000000,0.016673,0.000000,0.000000,0.000000,0.00100000
3,79,0.664406,0.000201,94.3843,0.000000,0.000000,0.000000,0.066705,0.000000,0.000000,0.000000,0.00100000
3,80,0.652117,0.000200,98.9027,0.000000,0.000000,0.000000,0.052812,0.000000,0.000000,0.000000,0.00100000
3,81,0.556872,0.000174,88.7560,0.000000,0.000000,0.000000,0.023179,0.000000,0.000000,0.000000,0.00100000
3,82,0.591144,0.000185,92.3700,0.000000,0.000000,0.000000,0.024780,0.000000,0.000000,0.000000,0.00100000
3,83,0.610903,0.000189,83.1492,0.000000,0.000000,0.000000,0.038653,0.000000,0.000000,0.000000,0.00100000
3,84,0.615463,0.000191,101.5974,0.000000,0.000000,0.000000,0.031277,0.000000,0.000000,0.000000,0.00100000
3,85,0.508368,0.000159,96.9373,0.000000,0.000000,0.000000,0.020166,0.000000,0.000000,0.000000,0.00100000
3,86,0.761811,0.000236,101.9171,0.000000,0.000000,0.000000,0.040775,0.000000,0.000000,0.000000,0.00100000
3,87,0.698395,0.000214,102.6818,0.000000,0.000000,0.000000,0.056248,0.000000,0.000000,0.000000,0.00100000
3,88,0.636598,0.000197,108.7310,0.000000,0.000000,0.000000,0.039516,0.000000,0.000000,0.000000,0.00100000
3,89,0.766145,0.000241,112.2453,0.000000,0.000000,0.000000,0.023800,0.000000,0.000000,0.000000,0.00100000
3,90,0.587647,0.000182,84.9977,0.000000,0.000000,0.000000,0.034588,0.000000,0.000000,0.000000,0.00100000
3,91,0.470370,0.000148,82.9921,0.000000,0.000000,0.000000,0.010015,0.000000,0.000000,0.000000,0.00100000
3,92,0.472304,0.000148,74.2009,0.000000,0.000000,0.000000,0.017350,0.000000,0.000000,0.000000,0.00100000
3,93,0.541315,0.000168,89.9206,0.000000,0.000000,0.000000,0.031075,0.000000,0.000000,0.000000,0.00100000
3,94,0.692113,0.000214,96.9341,0.000000,0.000000,0.000000,0.039717,0.000000,0.000000,0.000000,0.00100000
3,95,0.669412,0.000209,90.9792,0.000000,0.000000,0.000000,0.026186,0.000000,0.000000,0.000000,0.00100000
3,96,0.684687,0.000213,93.5946,0.000000,0.000000,0.000000,0.030522,0.000000,0.000000,0.000000,0.00100000
3,97,0.663147,0.000208,89.7691,0.000000,0.000000,0.000000,0.023295,0.000000,0.000000,0.000000,0.00100000
3,98,0.660078,0.000207,91.0477,0.000000,0.000000,0.000000,0.019895,0.000000,0.000000,0.000000,0.00100000
3,99,0.638491,0.000200,92.1670,0.000000,0.000000,0.000000,0.024796,0.000000,0.000000,0.000000,0.00100000
3,100,0.660975,0.000208,88.4215,0.000000,0.000000,0.000000,0.020405,0.000000,0.000000,0.000000,0.00100000
3,101,0.606975,0.000191,91.8758,0.000000,0.000000,0.000000,0.013784,0.000000,0.000000,0.000000,0.00100000
3,102,0.628353,0.000197,88.8518,0.000000,0.000000,0.000000,0.020280,0.000000,0.000000,0.000000,0.00100000
3,103,0.594974,0.000187,88.5442,0.000000,0.000000,0.000000,0.018014,0.000000,0.000000,0.000000,0.00100000
3,104,0.641219,0.000202,91.6650,0.000000,0.000000,0.000000,0.015135,0.000000,0.000000,0.000000,0.00100000
3,105,0.621682,0.000196,90.9250,0.000000,0.000000,0.000000,0.015013,0.000000,0.000000,0.000000,0.00100000
3,106,0.609196,0.000192,93.0756,0.000000,0.000000,0.000000,0.015335,0.000000,0.000000,0.000000,0.00100000
3,107,0.666642,0.000210,86.3233,0.000000,0.000000,0.000000,0.018109,0.000000,0.000000,0.000000,0.00100000
3,108,0.617148,0.000193,89.7189,0.000000,0.000000,0.000000,0.024667,0.000000,0.000000,0.000000,0.00100000
3,109,0.610766,0.000192,93.1947,0.000000,0.000000,0.000000,0.017627,0.000000,0.000000,0.000000,0.00100000
3,110,0.742454,0.000227,85.8397,0.000000,0.000000,0.000000,0.058607,0.000000,0.000000,0.000000,0.00100000
3,111,0.751261,0.000228,84.1469,0.000000,0.000000,0.000000,0.075369,0.000000,0.000000,0.000000,0.00100000
3,112,0.664173,0.000205,79.5752,0.000000,0.000000,0.000000,0.040434,0.000000,0.000000,0.000000,0.00100000
3,113,0.610628,0.000190,85.5594,0.000000,0.000000,0.000000,0.031155,0.000000,0.000000,0.000000,0.00100000
3,114,0.799811,0.000248,90.3860,0.000000,0.000000,0.000000,0.044682,0.000000,0.000000,0.000000,0.00100000
3,115,0.733833,0.000223,102.7722,0.000000,0.000000,0.000000,0.066568,0.000000,0.000000,0.000000,0.00100000
3,116,0.811165,0.000248,110.3045,0.000000,0.000000,0.000000,0.063794,0.000000,0.000000,0.000000,0.00100000
3,117,0.621032,0.000186,76.9030,0.000000,0.000000,0.000000,0.072532,0.000000,0.000000,0.000000,0.00100000
3,118,0.688486,0.000205,80.8239,0.000000,0.000000,0.000000,0.091439,0.000000,0.000000,0.000000,0.00100000
3,119,0.557226,0.000173,78.6507,0.000000,0.000000,0.000000,0.026284,0.000000,0.000000,0.000000,0.00100000
3,120,0.672098,0.000206,101.1116,0.000000,0.000000,0.000000,0.055053,0.000000,0.000000,0.000000,0.00100000
3,121,0.658198,0.000202,100.9937,0.000000,0.000000,0.000000,0.051339,0.000000,0.000000,0.000000,0.00100000
3,122,0.605671,0.000188,105.5780,0.000000,0.000000,0.000000,0.032775,0.000000,0.000000,0.000000,0.00100000
3,123,0.731337,0.000228,100.5264,0.000000,0.000000,0.000000,0.034159,0.000000,0.000000,0.000000,0.00100000
3,124,0.712827,0.000222,105.6416,0.000000,0.000000,0.000000,0.031332,0.000000,0.000000,0.000000,0.00100000
3,125,0.619983,0.000190,86.8191,0.000000,0.000000,0.000000,0.046519,0.000000,0.000000,0.000000,0.00100000
3,126,0.956521,0.000294,101.1770,0.000000,0.000000,0.000000,0.070118,0.000000,0.000000,0.000000,0.00100000
3,127,0.741503,0.000228,101.1654,0.000000,0.000000,0.000000,0.053824,0.000000,0.000000,0.000000,0.00100000
3,128,0.624232,0.000195,91.7930,0.000000,0.000000,0.000000,0.027803,0.000000,0.000000,0.000000,0.00100000
3,129,0.707454,0.000222,107.4438,0.000000,0.000000,0.000000,0.021814,0.000000,0.000000,0.000000,0.00100000
3,130,0.594426,0.000187,85.6113,0.000000,0.000000,0.000000,0.017724,0.000000,0.000000,0.000000,0.00100000
3,131,0.582477,0.000183,89.6246,0.000000,0.000000,0.000000,0.019012,0.000000,0.000000,0.000000,0.00100000
3,132,0.543574,0.000171,93.2914,0.000000,0.000000,0.000000,0.016540,0.000000,0.000000,0.000000,0.00100000
3,133,0.650822,0.000204,102.9272,0.000000,0.000000,0.000000,0.020811,0.000000,0.000000,0.000000,0.00100000
3,134,0.530812,0.000165,84.8467,0.000000,0.000000,0.000000,0.024145,0.000000,0.000000,0.000000,0.00100000
3,135,0.665706,0.000205,85.0835,0.000000,0.000000,0.000000,0.043091,0.000000,0.000000,0.000000,0.00100000
3,136,0.585580,0.000182,95.4964,0.000000,0.000000,0.000000,0.032664,0.000000,0.000000,0.000000,0.00100000
3,137,0.536192,0.000167,83.0483,0.000000,0.000000,0.000000,0.025124,0.000000,0.000000,0.000000,0.00100000
3,138,0.695753,0.000213,101.4081,0.000000,0.000000,0.000000,0.053939,0.000000,0.000000,0.000000,0.00100000
3,139,0.655868,0.000200,105.7070,0.000000,0.000000,0.000000,0.057567,0.000000,0.000000,0.000000,0.00100000
3,140,0.600223,0.000189,102.1293,0.000000,0.000000,0.000000,0.016950,0.000000,0.000000,0.000000,0.00100000
3,141,0.920026,0.000283,107.3416,0.000000,0.000000,0.000000,0.066965,0.000000,0.000000,0.000000,0.00100000
3,142,1.151826,0.000359,105.1245,0.000000,0.000000,0.000000,0.054489,0.000000,0.000000,0.000000,0.00100000
3,143,0.750196,0.000230,90.8144,0.000000,0.000000,0.000000,0.055448,0.000000,0.000000,0.000000,0.00100000
3,144,0.720204,0.000225,90.2363,0.000000,0.000000,0.000000,0.030774,0.000000,0.000000,0.000000,0.00100000
3,145,0.711133,0.000221,89.8517,0.000000,0.000000,0.000000,0.033865,0.000000,0.000000,0.000000,0.00100000
3,146,0.775315,0.000242,91.4986,0.000000,0.000000,0.000000,0.031294,0.000000,0.000000,0.000000,0.00100000
3,147,0.759546,0.000239,100.1281,0.000000,0.000000,0.000000,0.020841,0.000000,0.000000,0.000000,0.00100000
3,148,0.869875,0.000272,111.1051,0.000000,0.000000,0.000000,0.034577,0.000000,0.000000,0.000000,0.00100000
3,149,0.673831,0.000211,79.6846,0.000000,0.000000,0.000000,0.026639,0.000000,0.000000,0.000000,0.00100000
3,150,0.736653,0.000230,101.2333,0.000000,0.000000,0.000000,0.028415,0.000000,0.000000,0.000000,0.00100000
3,151,0.760043,0.000240,108.2390,0.000000,0.000000,0.000000,0.016488,0.000000,0.000000,0.000000,0.00100000
3,152,0.697754,0.000219,98.9875,0.000000,0.000000,0.000000,0.023906,0.000000,0.000000,0.000000,0.00100000
3,153,0.793267,0.000247,107.9641,0.000000,0.000000,0.000000,0.036703,0.000000,0.000000,0.000000,0.00100000
3,154,0.711280,0.000220,90.7924,0.000000,0.000000,0.000000,0.040486,0.000000,0.000000,0.000000,0.00100000
3,155,0.714307,0.000225,94.5202,0.000000,0.000000,0.000000,0.018508,0.000000,0.000000,0.000000,0.00100000
3,156,0.710618,0.000220,98.0631,0.000000,0.000000,0.000000,0.042906,0.000000,0.000000,0.000000,0.00100000
3,157,0.868763,0.000265,87.2725,0.000000,0.000000,0.000000,0.074265,0.000000,0.000000,0.000000,0.00100000
3,158,0.682593,0.000210,85.5698,0.000000,0.000000,0.000000,0.048024,0.000000,0.000000,0.000000,0.00100000
3,159,0.792740,0.000245,92.3172,0.000000,0.000000,0.000000,0.048056,0.000000,0.000000,0.000000,0.00100000
3,160,0.672577,0.000210,87.4662,0.000000,0.000000,0.000000,0.029891,0.000000,0.000000,0.000000,0.00100000
3,161,0.814224,0.000254,110.8901,0.000000,0.000000,0.000000,0.035642,0.000000,0.000000,0.000000,0.00100000
3,162,0.652013,0.000202,106.3261,0.000000,0.000000,0.000000,0.039546,0.000000,0.000000,0.000000,0.00100000
3,163,0.658496,0.000206,100.3478,0.000000,0.000000,0.000000,0.026099,0.000000,0.000000,0.000000,0.00100000
3,164,0.842781,0.000262,100.5272,0.000000,0.000000,0.000000,0.042819,0.000000,0.000000,0.000000,0.00100000
3,165,0.633953,0.000198,86.8064,0.000000,0.000000,0.000000,0.024883,0.000000,0.000000,0.000000,0.00100000
3,166,0.824126,0.000257,91.4960,0.000000,0.000000,0.000000,0.036739,0.000000,0.000000,0.000000,0.00100000
3,167,0.617434,0.000192,98.1344,0.000000,0.000000,0.000000,0.030909,0.000000,0.000000,0.000000,0.00100000
3,168,0.715226,0.000224,97.3497,0.000000,0.000000,0.000000,0.022904,0.000000,0.000000,0.000000,0.00100000
3,169,0.622576,0.000194,87.7156,0.000000,0.000000,0.000000,0.028446,0.000000,0.000000,0.000000,0.00100000
3,170,0.557254,0.000176,102.2648,0.000000,0.000000,0.000000,0.011896,0.000000,0.000000,0.000000,0.00100000
3,171,0.542553,0.000169,77.3447,0.000000,0.000000,0.000000,0.027305,0.000000,0.000000,0.000000,0.00100000
3,172,0.654593,0.000206,98.4626,0.000000,0.000000,0.000000,0.019824,0.000000,0.000000,0.000000,0.00100000
3,173,0.689868,0.000212,99.1794,0.000000,0.000000,0.000000,0.052410,0.000000,0.000000,0.000000,0.00100000
3,174,0.517143,0.000162,78.6096,0.000000,0.000000,0.000000,0.018233,0.000000,0.000000,0.000000,0.00100000
3,175,0.619835,0.000190,88.0327,0.000000,0.000000,0.000000,0.051050,0.000000,0.000000,0.000000,0.00100000
3,176,0.694201,0.000218,105.0420,0.000000,0.000000,0.000000,0.022265,0.000000,0.000000,0.000000,0.00100000
3,177,0.565712,0.000173,92.0542,0.000000,0.000000,0.000000,0.046739,0.000000,0.000000,0.000000,0.00100000
3,178,0.506959,0.000156,80.7530,0.000000,0.000000,0.000000,0.034925,0.000000,0.000000,0.000000,0.00100000
3,179,0.463725,0.000143,95.6564,0.000000,0.000000,0.000000,0.032010,0.000000,0.000000,0.000000,0.00100000
3,180,0.510874,0.000158,94.1656,0.000000,0.000000,0.000000,0.033188,0.000000,0.000000,0.000000,0.00100000
3,181,0.477092,0.000150,95.4502,0.000000,0.000000,0.000000,0.014691,0.000000,0.000000,0.000000,0.00100000
3,182,0.681492,0.000212,94.3896,0.000000,0.000000,0.000000,0.032210,0.000000,0.000000,0.000000,0.00100000
3,183,0.512954,0.000161,88.8808,0.000000,0.000000,0.000000,0.015900,0.000000,0.000000,0.000000,0.00100000
3,184,0.490048,0.000153,94.1720,0.000000,0.000000,0.000000,0.018098,0.000000,0.000000,0.000000,0.00100000
3,185,0.503292,0.000157,77.1696,0.000000,0.000000,0.000000,0.023391,0.000000,0.000000,0.000000,0.00100000
3,186,0.585207,0.000185,94.1131,0.000000,0.000000,0.000000,0.012082,0.000000,0.000000,0.000000,0.00100000
3,187,0.550153,0.000173,100.5195,0.000000,0.000000,0.000000,0.015522,0.000000,0.000000,0.000000,0.00100000
3,188,0.770561,0.000240,93.4386,0.000000,0.000000,0.000000,0.033847,0.000000,0.000000,0.000000,0.00100000
3,189,0.636767,0.000197,89.4455,0.000000,0.000000,0.000000,0.035216,0.000000,0.000000,0.000000,0.00100000
3,190,0.736145,0.000231,98.1634,0.000000,0.000000,0.000000,0.022625,0.000000,0.000000,0.000000,0.00100000
3,191,0.513536,0.000161,93.3616,0.000000,0.000000,0.000000,0.016675,0.000000,0.000000,0.000000,0.00100000
3,192,0.502723,0.000157,84.0049,0.000000,0.000000,0.000000,0.018067,0.000000,0.000000,0.000000,0.00100000
3,193,0.564509,0.000176,96.1270,0.000000,0.000000,0.000000,0.023501,0.000000,0.000000,0.000000,0.00100000
3,194,0.542775,0.000170,92.5033,0.000000,0.000000,0.000000,0.018753,0.000000,0.000000,0.000000,0.00100000
3,195,0.526714,0.000166,99.1696,0.000000,0.000000,0.000000,0.011913,0.000000,0.000000,0.000000,0.00100000
3,196,0.476098,0.000150,84.7213,0.000000,0.000000,0.000000,0.013693,0.000000,0.000000,0.000000,0.00100000
3,197,0.647709,0.000204,107.5553,0.000000,0.000000,0.000000,0.014523,0.000000,0.000000,0.000000,0.00100000
3,198,0.485061,0.000153,83.6613,0.000000,0.000000,0.000000,0.011864,0.000000,0.000000,0.000000,0.00100000
3,199,0.557226,0.000176,92.3473,0.000000,0.000000,0.000000,0.011065,0.000000,0.000000,0.000000,0.00100000
3,200,0.431475,0.000137,91.7820,0.000000,0.000000,0.000000,0.006202,0.000000,0.000000,0.000000,0.00100000
3,201,0.584391,0.000185,96.2904,0.000000,0.000000,0.000000,0.007626,0.000000,0.000000,0.000000,0.00100000
3,202,0.456120,0.000144,88.9732,0.000000,0.000000,0.000000,0.008218,0.000000,0.000000,0.000000,0.00100000
3,203,0.562880,0.000178,83.8867,0.000000,0.000000,0.000000,0.012410,0.000000,0.000000,0.000000,0.00100000
3,204,0.678787,0.000208,78.4794,0.000000,0.000000,0.000000,0.053758,0.000000,0.000000,0.000000,0.00100000
3,205,0.599795,0.000187,107.5148,0.000000,0.000000,0.000000,0.029172,0.000000,0.000000,0.000000,0.00100000
3,206,0.594377,0.000184,104.7188,0.000000,0.000000,0.000000,0.034333,0.000000,0.000000,0.000000,0.00100000
3,207,0.556605,0.000173,92.5566,0.000000,0.000000,0.000000,0.026026,0.000000,0.000000,0.000000,0.00100000
3,208,0.686190,0.000207,103.4212,0.000000,0.000000,0.000000,0.073098,0.000000,0.000000,0.000000,0.00100000
3,209,0.463981,0.000142,91.1731,0.000000,0.000000,0.000000,0.038500,0.000000,0.000000,0.000000,0.00100000
3,210,0.440250,0.000133,95.4560,0.000000,0.000000,0.000000,0.045426,0.000000,0.000000,0.000000,0.00100000
3,211,0.556494,0.000173,90.5086,0.000000,0.000000,0.000000,0.029350,0.000000,0.000000,0.000000,0.00100000
3,212,0.475607,0.000146,77.4164,0.000000,0.000000,0.000000,0.033282,0.000000,0.000000,0.000000,0.00100000
3,213,0.470557,0.000143,86.0175,0.000000,0.000000,0.000000,0.042116,0.000000,0.000000,0.000000,0.00100000
3,214,0.389891,0.000122,91.0866,0.000000,0.000000,0.000000,0.012353,0.000000,0.000000,0.000000,0.00100000
3,215,0.625603,0.000193,93.1751,0.000000,0.000000,0.000000,0.038609,0.000000,0.000000,0.000000,0.00100000
3,216,0.695108,0.000209,99.4789,0.000000,0.000000,0.000000,0.078289,0.000000,0.000000,0.000000,0.00100000
3,217,0.596387,0.000186,104.2260,0.000000,0.000000,0.000000,0.027781,0.000000,0.000000,0.000000,0.00100000
3,218,0.509797,0.000152,89.5485,0.000000,0.000000,0.000000,0.064381,0.000000,0.000000,0.000000,0.00100000
3,219,0.715159,0.000223,105.8712,0.000000,0.000000,0.000000,0.030523,0.000000,0.000000,0.000000,0.00100000
3,220,0.642960,0.000197,96.9689,0.000000,0.000000,0.000000,0.052588,0.000000,0.000000,0.000000,0.00100000
3,221,0.537678,0.000163,84.5007,0.000000,0.000000,0.000000,0.051519,0.000000,0.000000,0.000000,0.00100000
3,222,0.521833,0.000159,81.9120,0.000000,0.000000,0.000000,0.045385,0.000000,0.000000,0.000000,0.00100000
3,223,0.592515,0.000180,95.4964,0.000000,0.000000,0.000000,0.053577,0.000000,0.000000,0.000000,0.00100000
3,224,0.556107,0.000173,101.3622,0.000000,0.000000,0.000000,0.025386,0.000000,0.000000,0.000000,0.00100000
3,225,0.589004,0.000182,93.3504,0.000000,0.000000,0.000000,0.034952,0.000000,0.000000,0.000000,0.00100000
3,226,0.707299,0.000216,108.1398,0.000000,0.000000,0.000000,0.060276,0.000000,0.000000,0.000000,0.00100000
3,227,0.710864,0.000217,107.8617,0.000000,0.000000,0.000000,0.060637,0.000000,0.000000,0.000000,0.00100000
3,228,0.523489,0.000161,95.9096,0.000000,0.000000,0.000000,0.038313,0.000000,0.000000,0.000000,0.00100000
3,229,0.686846,0.000209,102.3316,0.000000,0.000000,0.000000,0.062751,0.000000,0.000000,0.000000,0.00100000
3,230,0.608245,0.000188,86.3969,0.000000,0.000000,0.000000,0.039087,0.000000,0.000000,0.000000,0.00100000
3,231,0.568667,0.000176,87.9517,0.000000,0.000000,0.000000,0.035602,0.000000,0.000000,0.000000,0.00100000
3,232,0.589866,0.000182,86.5943,0.000000,0.000000,0.000000,0.038506,0.000000,0.000000,0.000000,0.00100000
3,233,0.497833,0.000154,76.5132,0.000000,0.000000,0.000000,0.029967,0.000000,0.000000,0.000000,0.00100000
3,234,0.543204,0.000168,86.4660,0.000000,0.000000,0.000000,0.033523,0.000000,0.000000,0.000000,0.00100000
3,235,0.634276,0.000198,79.8161,0.000000,0.000000,0.000000,0.027526,0.000000,0.000000,0.000000,0.00100000
3,236,0.574177,0.000181,86.3960,0.000000,0.000000,0.000000,0.011682,0.000000,0.000000,0.000000,0.00100000
3,237,0.874069,0.000275,104.0213,0.000000,0.000000,0.000000,0.023297,0.000000,0.000000,0.000000,0.00100000
3,238,0.564707,0.000178,98.1538,0.000000,0.000000,0.000000,0.010233,0.000000,0.000000,0.000000,0.00100000
3,239,0.601974,0.000190,98.3979,0.000000,0.000000,0.000000,0.010524,0.000000,0.000000,0.000000,0.00100000
3,240,0.469451,0.000148,79.2529,0.000000,0.000000,0.000000,0.008457,0.000000,0.000000,0.000000,0.00100000
3,241,0.726553,0.000229,93.3097,0.000000,0.000000,0.000000,0.014852,0.000000,0.000000,0.000000,0.00100000
3,242,0.736156,0.000232,108.0337,0.000000,0.000000,0.000000,0.014103,0.000000,0.000000,0.000000,0.00100000
3,243,0.652597,0.000205,98.0274,0.000000,0.000000,0.000000,0.016357,0.000000,0.000000,0.000000,0.00100000
3,244,0.678518,0.000214,96.4013,0.000000,0.000000,0.000000,0.013932,0.000000,0.000000,0.000000,0.00100000
3,245,0.549631,0.000174,88.2968,0.000000,0.000000,0.000000,0.008509,0.000000,0.000000,0.000000,0.00100000
3,246,0.595300,0.000187,102.3108,0.000000,0.000000,0.000000,0.014794,0.000000,0.000000,0.000000,0.00100000
3,247,0.661548,0.000210,102.8163,0.000000,0.000000,0.000000,0.008997,0.000000,0.000000,0.000000,0.00100000
3,248,0.710487,0.000225,102.0814,0.000000,0.000000,0.000000,0.009236,0.000000,0.000000,0.000000,0.00100000
3,249,0.630499,0.000199,90.2102,0.000000,0.000000,0.000000,0.012488,0.000000,0.000000,0.000000,0.00100000
3,250,0.550847,0.000174,84.4483,0.000000,0.000000,0.000000,0.011168,0.000000,0.000000,0.000000,0.00100000
3,251,0.494592,0.000155,81.0600,0.000000,0.000000,0.000000,0.015173,0.000000,0.000000,0.000000,0.00100000
3,252,0.510173,0.000160,101.1091,0.000000,0.000000,0.000000,0.019410,0.000000,0.000000,0.000000,0.00100000
3,253,0.617885,0.000190,104.7437,0.000000,0.000000,0.000000,0.044610,0.000000,0.000000,0.000000,0.00100000
3,254,0.550916,0.000172,98.0779,0.000000,0.000000,0.000000,0.023426,0.000000,0.000000,0.000000,0.00100000
3,255,0.507458,0.000160,97.8502,0.000000,0.000000,0.000000,0.011387,0.000000,0.000000,0.000000,0.00100000
3,256,0.579101,0.000182,99.7359,0.000000,0.000000,0.000000,0.019096,0.000000,0.000000,0.000000,0.00100000
3,257,0.594343,0.000186,101.4402,0.000000,0.000000,0.000000,0.021984,0.000000,0.000000,0.000000,0.00100000
3,258,0.443473,0.000139,84.7942,0.000000,0.000000,0.000000,0.015573,0.000000,0.000000,0.000000,0.00100000
3,259,0.548623,0.000172,96.4086,0.000000,0.000000,0.000000,0.018135,0.000000,0.000000,0.000000,0.00100000
3,260,0.598064,0.000187,100.1084,0.000000,0.000000,0.000000,0.026156,0.000000,0.000000,0.000000,0.00100000
3,261,0.528954,0.000166,86.0179,0.000000,0.000000,0.000000,0.015895,0.000000,0.000000,0.000000,0.00100000
3,262,0.455644,0.000144,92.3614,0.000000,0.000000,0.000000,0.009423,0.000000,0.000000,0.000000,0.00100000
3,263,0.522675,0.000165,84.1892,0.000000,0.000000,0.000000,0.012218,0.000000,0.000000,0.000000,0.00100000
3,264,0.469986,0.000149,88.9589,0.000000,0.000000,0.000000,0.007626,0.000000,0.000000,0.000000,0.00100000
3,265,0.560528,0.000176,82.8284,0.000000,0.000000,0.000000,0.018883,0.000000,0.000000,0.000000,0.00100000
3,266,0.655927,0.000203,90.5498,0.000000,0.000000,0.000000,0.036385,0.000000,0.000000,0.000000,0.00100000
3,267,0.595796,0.000186,81.6462,0.000000,0.000000,0.000000,0.027258,0.000000,0.000000,0.000000,0.00100000
3,268,0.660127,0.000205,94.9042,0.000000,0.000000,0.000000,0.031429,0.000000,0.000000,0.000000,0.00100000
3,269,0.615189,0.000191,99.5169,0.000000,0.000000,0.000000,0.031867,0.000000,0.000000,0.000000,0.00100000
3,270,0.603522,0.000189,101.5130,0.000000,0.000000,0.000000,0.024379,0.000000,0.000000,0.000000,0.00100000
3,271,0.677843,0.000210,89.7693,0.000000,0.000000,0.000000,0.038720,0.000000,0.000000,0.000000,0.00100000
3,272,0.593565,0.000183,92.8222,0.000000,0.000000,0.000000,0.039196,0.000000,0.000000,0.000000,0.00100000
3,273,0.542506,0.000168,93.6108,0.000000,0.000000,0.000000,0.034122,0.000000,0.000000,0.000000,0.00100000
3,274,0.575420,0.000178,84.5045,0.000000,0.000000,0.000000,0.032904,0.000000,0.000000,0.000000,0.00100000
3,275,0.461277,0.000145,90.0953,0.000000,0.000000,0.000000,0.010202,0.000000,0.000000,0.000000,0.00100000
3,276,0.633560,0.000199,95.7552,0.000000,0.000000,0.000000,0.018206,0.000000,0.000000,0.000000,0.00100000
3,277,0.530113,0.000167,86.3706,0.000000,0.000000,0.000000,0.014015,0.000000,0.000000,0.000000,0.00100000
3,278,0.430012,0.000136,93.5854,0.000000,0.000000,0.000000,0.009693,0.000000,0.000000,0.000000,0.00100000
3,279,0.646939,0.000203,102.9547,0.000000,0.000000,0.000000,0.023605,0.000000,0.000000,0.000000,0.00100000
3,280,0.506692,0.000160,88.6114,0.000000,0.000000,0.000000,0.012597,0.000000,0.000000,0.000000,0.00100000
3,281,0.652637,0.000200,101.9307,0.000000,0.000000,0.000000,0.052011,0.000000,0.000000,0.000000,0.00100000
3,282,0.728378,0.000221,92.8415,0.000000,0.000000,0.000000,0.068043,0.000000,0.000000,0.000000,0.00100000
3,283,0.566021,0.000172,92.1145,0.000000,0.000000,0.000000,0.050161,0.000000,0.000000,0.000000,0.00100000
3,284,0.608968,0.000188,94.6443,0.000000,0.000000,0.000000,0.039882,0.000000,0.000000,0.000000,0.00100000
3,285,0.541367,0.000169,84.9994,0.000000,0.000000,0.000000,0.020133,0.000000,0.000000,0.000000,0.00100000
3,286,0.620292,0.000194,103.8754,0.000000,0.000000,0.000000,0.022930,0.000000,0.000000,0.000000,0.00100000
3,287,0.549845,0.000171,98.4895,0.000000,0.000000,0.000000,0.025832,0.000000,0.000000,0.000000,0.00100000
3,288,0.460679,0.000144,86.3226,0.000000,0.000000,0.000000,0.015148,0.000000,0.000000,0.000000,0.00100000
3,289,0.527960,0.000166,89.4039,0.000000,0.000000,0.000000,0.015408,0.000000,0.000000,0.000000,0.00100000
3,290,0.547978,0.000173,91.6640,0.000000,0.000000,0.000000,0.008322,0.000000,0.000000,0.000000,0.00100000
3,291,0.473236,0.000148,83.8319,0.000000,0.000000,0.000000,0.016934,0.000000,0.000000,0.000000,0.00100000
3,292,0.483219,0.000149,90.0756,0.000000,0.000000,0.000000,0.029154,0.000000,0.000000,0.000000,0.00100000
3,293,0.533414,0.000168,98.4071,0.000000,0.000000,0.000000,0.015844,0.000000,0.000000,0.000000,0.00100000
3,294,0.532394,0.000165,96.8201,0.000000,0.000000,0.000000,0.031634,0.000000,0.000000,0.000000,0.00100000
3,295,0.481666,0.000152,101.4541,0.000000,0.000000,0.000000,0.010389,0.000000,0.000000,0.000000,0.00100000
3,296,0.670856,0.000206,97.2777,0.000000,0.000000,0.000000,0.049256,0.000000,0.000000,0.000000,0.00100000
3,297,0.680927,0.000209,93.0618,0.000000,0.000000,0.000000,0.052928,0.000000,0.000000,0.000000,0.00100000
3,298,0.760906,0.000231,100.5387,0.000000,0.000000,0.000000,0.072549,0.000000,0.000000,0.000000,0.00100000
3,299,0.563850,0.000173,96.8425,0.000000,0.000000,0.000000,0.045007,0.000000,0.000000,0.000000,0.00100000
3,300,0.517957,0.000164,86.3157,0.000000,0.000000,0.000000,0.010150,0.000000,0.000000,0.000000,0.00100000
3,301,0.873097,0.000273,103.7817,0.000000,0.000000,0.000000,0.037060,0.000000,0.000000,0.000000,0.00100000
3,302,0.662198,0.000207,93.5676,0.000000,0.000000,0.000000,0.025910,0.000000,0.000000,0.000000,0.00100000
3,303,0.531454,0.000167,86.7222,0.000000,0.000000,0.000000,0.017745,0.000000,0.000000,0.000000,0.00100000
3,304,0.527774,0.000164,87.9305,0.000000,0.000000,0.000000,0.024198,0.000000,0.000000,0.000000,0.00100000
3,305,0.602476,0.000186,98.8208,0.000000,0.000000,0.000000,0.036069,0.000000,0.000000,0.000000,0.00100000
3,306,0.508188,0.000159,86.8620,0.000000,0.000000,0.000000,0.017524,0.000000,0.000000,0.000000,0.00100000
3,307,0.454665,0.000141,81.9852,0.000000,0.000000,0.000000,0.023438,0.000000,0.000000,0.000000,0.00100000
3,308,0.626117,0.000196,98.2960,0.000000,0.000000,0.000000,0.020812,0.000000,0.000000,0.000000,0.00100000
3,309,0.664244,0.000207,103.3010,0.000000,0.000000,0.000000,0.031682,0.000000,0.000000,0.000000,0.00100000
3,310,0.496349,0.000156,81.8508,0.000000,0.000000,0.000000,0.016030,0.000000,0.000000,0.000000,0.00100000
3,311,0.506206,0.000159,94.2752,0.000000,0.000000,0.000000,0.018098,0.000000,0.000000,0.000000,0.00100000
3,312,0.589574,0.000185,98.3435,0.000000,0.000000,0.000000,0.016695,0.000000,0.000000,0.000000,0.00100000
3,313,0.589878,0.000183,95.3562,0.000000,0.000000,0.000000,0.033653,0.000000,0.000000,0.000000,0.00100000
3,314,0.526875,0.000166,86.1105,0.000000,0.000000,0.000000,0.014015,0.000000,0.000000,0.000000,0.00100000
3,315,0.643815,0.000198,90.2360,0.000000,0.000000,0.000000,0.048226,0.000000,0.000000,0.000000,0.00100000
3,316,0.554014,0.000172,99.3815,0.000000,0.000000,0.000000,0.030238,0.000000,0.000000,0.000000,0.00100000
3,317,0.540778,0.000171,97.9746,0.000000,0.000000,0.000000,0.008540,0.000000,0.000000,0.000000,0.00100000
3,318,0.585745,0.000183,80.0235,0.000000,0.000000,0.000000,0.021112,0.000000,0.000000,0.000000,0.00100000
3,319,0.542433,0.000170,91.6367,0.000000,0.000000,0.000000,0.016692,0.000000,0.000000,0.000000,0.00100000
3,320,0.460894,0.000145,89.1142,0.000000,0.000000,0.000000,0.010846,0.000000,0.000000,0.000000,0.00100000
3,321,0.724645,0.000224,99.0615,0.000000,0.000000,0.000000,0.041349,0.000000,0.000000,0.000000,0.00100000
3,322,0.500110,0.000154,90.8623,0.000000,0.000000,0.000000,0.035638,0.000000,0.000000,0.000000,0.00100000
3,323,0.483971,0.000151,98.7351,0.000000,0.000000,0.000000,0.020893,0.000000,0.000000,0.000000,0.00100000
3,324,0.751803,0.000231,109.3130,0.000000,0.000000,0.000000,0.052169,0.000000,0.000000,0.000000,0.00100000
3,325,0.595288,0.000184,98.6771,0.000000,0.000000,0.000000,0.035896,0.000000,0.000000,0.000000,0.00100000
3,326,0.556681,0.000174,100.8106,0.000000,0.000000,0.000000,0.024116,0.000000,0.000000,0.000000,0.00100000
3,327,0.506553,0.000158,94.6549,0.000000,0.000000,0.000000,0.022861,0.000000,0.000000,0.000000,0.00100000
3,328,0.700557,0.000219,105.2349,0.000000,0.000000,0.000000,0.025868,0.000000,0.000000,0.000000,0.00100000
3,329,0.877211,0.000275,107.1911,0.000000,0.000000,0.000000,0.031750,0.000000,0.000000,0.000000,0.00100000
3,330,0.547867,0.000173,94.8969,0.000000,0.000000,0.000000,0.011200,0.000000,0.000000,0.000000,0.00100000
3,331,0.545016,0.000171,100.5007,0.000000,0.000000,0.000000,0.019522,0.000000,0.000000,0.000000,0.00100000
3,332,0.640614,0.000201,107.4548,0.000000,0.000000,0.000000,0.019861,0.000000,0.000000,0.000000,0.00100000
3,333,0.633501,0.000199,94.7362,0.000000,0.000000,0.000000,0.020217,0.000000,0.000000,0.000000,0.00100000
3,334,0.548426,0.000173,100.7582,0.000000,0.000000,0.000000,0.012196,0.000000,0.000000,0.000000,0.00100000
3,335,0.621476,0.000195,96.7632,0.000000,0.000000,0.000000,0.021376,0.000000,0.000000,0.000000,0.00100000
3,336,0.502738,0.000158,88.4134,0.000000,0.000000,0.000000,0.013607,0.000000,0.000000,0.000000,0.00100000
3,337,0.573630,0.000180,93.6844,0.000000,0.000000,0.000000,0.018893,0.000000,0.000000,0.000000,0.00100000
3,338,0.540355,0.000171,97.3726,0.000000,0.000000,0.000000,0.011044,0.000000,0.000000,0.000000,0.00100000
3,339,0.615608,0.000193,96.4142,0.000000,0.000000,0.000000,0.020613,0.000000,0.000000,0.000000,0.00100000
3,340,0.575066,0.000180,92.3589,0.000000,0.000000,0.000000,0.020912,0.000000,0.000000,0.000000,0.00100000
3,341,0.519771,0.000163,102.3749,0.000000,0.000000,0.000000,0.016080,0.000000,0.000000,0.000000,0.00100000
3,342,0.514657,0.000161,90.8383,0.000000,0.000000,0.000000,0.018387,0.000000,0.000000,0.000000,0.00100000
3,343,0.869274,0.000270,104.9457,0.000000,0.000000,0.000000,0.045027,0.000000,0.000000,0.000000,0.00100000
3,344,0.621119,0.000193,101.1211,0.000000,0.000000,0.000000,0.030935,0.000000,0.000000,0.000000,0.00100000
3,345,0.556997,0.000175,96.1601,0.000000,0.000000,0.000000,0.014015,0.000000,0.000000,0.000000,0.00100000
3,346,0.633176,0.000198,103.2479,0.000000,0.000000,0.000000,0.023958,0.000000,0.000000,0.000000,0.00100000
3,347,0.578853,0.000182,98.3547,0.000000,0.000000,0.000000,0.016997,0.000000,0.000000,0.000000,0.00100000
3,348,0.571630,0.000180,104.6836,0.000000,0.000000,0.000000,0.013132,0.000000,0.000000,0.000000,0.00100000
3,349,0.532037,0.000168,107.2049,0.000000,0.000000,0.000000,0.007813,0.000000,0.000000,0.000000,0.00100000
3,350,0.493827,0.000154,77.5606,0.000000,0.000000,0.000000,0.022305,0.000000,0.000000,0.000000,0.00100000
3,351,0.476674,0.000149,85.4802,0.000000,0.000000,0.000000,0.018420,0.000000,0.000000,0.000000,0.00100000
3,352,0.507209,0.000161,94.2049,0.000000,0.000000,0.000000,0.007168,0.000000,0.000000,0.000000,0.00100000
3,353,0.449533,0.000141,83.1210,0.000000,0.000000,0.000000,0.014472,0.000000,0.000000,0.000000,0.00100000
3,354,0.529178,0.000166,103.9324,0.000000,0.000000,0.000000,0.018659,0.000000,0.000000,0.000000,0.00100000
3,355,0.433359,0.000134,86.8550,0.000000,0.000000,0.000000,0.023199,0.000000,0.000000,0.000000,0.00100000
3,356,0.359085,0.000110,92.8862,0.000000,0.000000,0.000000,0.029465,0.000000,0.000000,0.000000,0.00100000
3,357,0.464692,0.000144,94.7143,0.000000,0.000000,0.000000,0.024435,0.000000,0.000000,0.000000,0.00100000
3,358,0.362456,0.000114,87.6284,0.000000,0.000000,0.000000,0.007678,0.000000,0.000000,0.000000,0.00100000
3,359,0.408289,0.000128,92.6347,0.000000,0.000000,0.000000,0.014523,0.000000,0.000000,0.000000,0.00100000
3,360,0.624927,0.000197,87.4104,0.000000,0.000000,0.000000,0.016880,0.000000,0.000000,0.000000,0.00100000
3,361,0.502061,0.000157,96.0186,0.000000,0.000000,0.000000,0.016810,0.000000,0.000000,0.000000,0.00100000
3,362,0.522582,0.000165,100.6800,0.000000,0.000000,0.000000,0.009693,0.000000,0.000000,0.000000,0.00100000
3,363,0.543954,0.000172,93.8209,0.000000,0.000000,0.000000,0.007677,0.000000,0.000000,0.000000,0.00100000
3,364,0.539122,0.000169,99.0523,0.000000,0.000000,0.000000,0.016571,0.000000,0.000000,0.000000,0.00100000
3,365,0.547154,0.000171,87.6274,0.000000,0.000000,0.000000,0.021921,0.000000,0.000000,0.000000,0.00100000
3,366,0.581630,0.000183,97.1462,0.000000,0.000000,0.000000,0.016955,0.000000,0.000000,0.000000,0.00100000
3,367,0.513211,0.000160,84.3744,0.000000,0.000000,0.000000,0.021976,0.000000,0.000000,0.000000,0.00100000
3,368,0.811536,0.000250,98.5606,0.000000,0.000000,0.000000,0.052190,0.000000,0.000000,0.000000,0.00100000
3,369,0.547661,0.000170,89.5724,0.000000,0.000000,0.000000,0.026426,0.000000,0.000000,0.000000,0.00100000
3,370,0.580593,0.000178,94.1622,0.000000,0.000000,0.000000,0.042059,0.000000,0.000000,0.000000,0.00100000
3,371,0.419837,0.000131,74.4653,0.000000,0.000000,0.000000,0.019252,0.000000,0.000000,0.000000,0.00100000
3,372,0.728149,0.000224,82.7250,0.000000,0.000000,0.000000,0.053822,0.000000,0.000000,0.000000,0.00100000
3,373,0.503376,0.000153,90.0232,0.000000,0.000000,0.000000,0.047041,0.000000,0.000000,0.000000,0.00100000
3,374,0.491237,0.000153,100.2720,0.000000,0.000000,0.000000,0.023656,0.000000,0.000000,0.000000,0.00100000
3,375,0.586171,0.000183,98.0173,0.000000,0.000000,0.000000,0.023282,0.000000,0.000000,0.000000,0.00100000
3,376,0.579141,0.000178,99.8329,0.000000,0.000000,0.000000,0.044676,0.000000,0.000000,0.000000,0.00100000
3,377,0.628816,0.000191,99.1957,0.000000,0.000000,0.000000,0.060392,0.000000,0.000000,0.000000,0.00100000
3,378,0.594251,0.000183,94.8553,0.000000,0.000000,0.000000,0.041458,0.000000,0.000000,0.000000,0.00100000
3,379,0.550801,0.000170,87.3427,0.000000,0.000000,0.000000,0.033425,0.000000,0.000000,0.000000,0.00100000
3,380,0.511143,0.000156,96.9276,0.000000,0.000000,0.000000,0.045633,0.000000,0.000000,0.000000,0.00100000
3,381,0.493528,0.000156,101.6896,0.000000,0.000000,0.000000,0.010659,0.000000,0.000000,0.000000,0.00100000
3,382,0.418209,0.000131,91.0754,0.000000,0.000000,0.000000,0.014420,0.000000,0.000000,0.000000,0.00100000
3,383,0.565748,0.000178,99.3712,0.000000,0.000000,0.000000,0.012082,0.000000,0.000000,0.000000,0.00100000
3,384,0.524645,0.000164,93.8695,0.000000,0.000000,0.000000,0.019656,0.000000,0.000000,0.000000,0.00100000
3,385,0.518478,0.000164,97.7597,0.000000,0.000000,0.000000,0.008914,0.000000,0.000000,0.000000,0.00100000
3,386,0.504335,0.000159,100.0296,0.000000,0.000000,0.000000,0.013105,0.000000,0.000000,0.000000,0.00100000
3,387,0.524474,0.000166,99.3160,0.000000,0.000000,0.000000,0.005745,0.000000,0.000000,0.000000,0.00100000
3,388,0.440416,0.000140,91.3258,0.000000,0.000000,0.000000,0.004779,0.000000,0.000000,0.000000,0.00100000
3,389,0.493019,0.000156,99.5068,0.000000,0.000000,0.000000,0.004644,0.000000,0.000000,0.000000,0.00100000
3,390,0.492046,0.000155,90.1052,0.000000,0.000000,0.000000,0.014015,0.000000,0.000000,0.000000,0.00100000
3,391,0.586400,0.000183,103.1086,0.000000,0.000000,0.000000,0.026135,0.000000,0.000000,0.000000,0.00100000
3,392,0.671518,0.000211,100.8940,0.000000,0.000000,0.000000,0.021600,0.000000,0.000000,0.000000,0.00100000
3,393,0.480006,0.000151,85.3364,0.000000,0.000000,0.000000,0.015844,0.000000,0.000000,0.000000,0.00100000
3,394,0.520718,0.000165,101.1154,0.000000,0.000000,0.000000,0.007626,0.000000,0.000000,0.000000,0.00100000
3,395,0.535953,0.000168,100.0362,0.000000,0.000000,0.000000,0.016249,0.000000,0.000000,0.000000,0.00100000
3,396,0.412611,0.000130,93.4237,0.000000,0.000000,0.000000,0.009184,0.000000,0.000000,0.000000,0.00100000
3,397,0.406406,0.000128,93.0180,0.000000,0.000000,0.000000,0.012810,0.000000,0.000000,0.000000,0.00100000
3,398,0.586746,0.000184,88.5821,0.000000,0.000000,0.000000,0.021725,0.000000,0.000000,0.000000,0.00100000
3,399,0.531068,0.000165,95.4214,0.000000,0.000000,0.000000,0.026639,0.000000,0.000000,0.000000,0.00100000
3,400,0.445483,0.000139,82.1125,0.000000,0.000000,0.000000,0.019610,0.000000,0.000000,0.000000,0.00100000
3,401,0.529049,0.000167,88.8830,0.000000,0.000000,0.000000,0.013288,0.000000,0.000000,0.000000,0.00100000
3,402,0.579491,0.000183,91.2159,0.000000,0.000000,0.000000,0.014047,0.000000,0.000000,0.000000,0.00100000
3,403,0.462476,0.000144,93.7313,0.000000,0.000000,0.000000,0.023978,0.000000,0.000000,0.000000,0.00100000
3,404,0.467371,0.000145,86.6691,0.000000,0.000000,0.000000,0.025714,0.000000,0.000000,0.000000,0.00100000
3,405,0.400414,0.000125,95.5830,0.000000,0.000000,0.000000,0.015760,0.000000,0.000000,0.000000,0.00100000
3,406,0.496285,0.000158,96.7604,0.000000,0.000000,0.000000,0.004322,0.000000,0.000000,0.000000,0.00100000
3,407,0.688168,0.000215,90.2228,0.000000,0.000000,0.000000,0.029953,0.000000,0.000000,0.000000,0.00100000
3,408,0.558576,0.000175,89.8218,0.000000,0.000000,0.000000,0.022523,0.000000,0.000000,0.000000,0.00100000
3,409,0.589860,0.000186,91.3149,0.000000,0.000000,0.000000,0.012810,0.000000,0.000000,0.000000,0.00100000
3,410,0.624071,0.000196,89.9755,0.000000,0.000000,0.000000,0.017282,0.000000,0.000000,0.000000,0.00100000
3,411,0.590159,0.000184,93.0353,0.000000,0.000000,0.000000,0.027657,0.000000,0.000000,0.000000,0.00100000
3,412,0.662652,0.000207,106.1516,0.000000,0.000000,0.000000,0.029241,0.000000,0.000000,0.000000,0.00100000
3,413,0.633656,0.000191,62.7442,0.000000,0.000000,0.000000,0.071145,0.000000,0.000000,0.000000,0.00100000
3,414,0.558251,0.000158,88.9731,0.000000,0.000000,0.000000,0.127910,0.000000,0.000000,0.000000,0.00100000
3,415,0.517382,0.000152,77.8640,0.000000,0.000000,0.000000,0.081068,0.000000,0.000000,0.000000,0.00100000
3,416,0.501924,0.000150,81.0931,0.000000,0.000000,0.000000,0.062758,0.000000,0.000000,0.000000,0.00100000
3,417,0.469690,0.000148,92.0865,0.000000,0.000000,0.000000,0.013693,0.000000,0.000000,0.000000,0.00100000
3,418,0.544366,0.000172,97.3051,0.000000,0.000000,0.000000,0.011438,0.000000,0.000000,0.000000,0.00100000
3,419,0.471138,0.000149,90.0262,0.000000,0.000000,0.000000,0.009506,0.000000,0.000000,0.000000,0.00100000
3,420,0.448115,0.000140,80.9408,0.000000,0.000000,0.000000,0.016269,0.000000,0.000000,0.000000,0.00100000
3,421,0.472234,0.000149,87.9558,0.000000,0.000000,0.000000,0.010067,0.000000,0.000000,0.000000,0.00100000
3,422,0.642266,0.000200,96.6355,0.000000,0.000000,0.000000,0.027544,0.000000,0.000000,0.000000,0.00100000
3,423,0.487168,0.000152,75.2831,0.000000,0.000000,0.000000,0.019355,0.000000,0.000000,0.000000,0.00100000
3,424,0.584866,0.000182,102.6457,0.000000,0.000000,0.000000,0.029639,0.000000,0.000000,0.000000,0.00100000
3,425,0.474644,0.000148,86.6990,0.000000,0.000000,0.000000,0.022374,0.000000,0.000000,0.000000,0.00100000
3,426,0.436820,0.000138,86.8202,0.000000,0.000000,0.000000,0.005423,0.000000,0.000000,0.000000,0.00100000
3,427,0.380051,0.000120,92.6052,0.000000,0.000000,0.000000,0.006711,0.000000,0.000000,0.000000,0.00100000
3,428,0.578950,0.000180,106.7467,0.000000,0.000000,0.000000,0.029911,0.000000,0.000000,0.000000,0.00100000
3,429,0.467308,0.000147,100.2241,0.000000,0.000000,0.000000,0.013216,0.000000,0.000000,0.000000,0.00100000
3,430,0.504917,0.000157,102.6429,0.000000,0.000000,0.000000,0.022555,0.000000,0.000000,0.000000,0.00100000
3,431,0.511055,0.000161,87.1655,0.000000,0.000000,0.000000,0.014211,0.000000,0.000000,0.000000,0.00100000
3,432,0.486179,0.000153,98.3893,0.000000,0.000000,0.000000,0.012186,0.000000,0.000000,0.000000,0.00100000
3,433,0.489663,0.000152,104.3415,0.000000,0.000000,0.000000,0.024732,0.000000,0.000000,0.000000,0.00100000
3,434,0.444017,0.000138,87.3653,0.000000,0.000000,0.000000,0.024587,0.000000,0.000000,0.000000,0.00100000
3,435,0.426434,0.000134,88.6084,0.000000,0.000000,0.000000,0.009693,0.000000,0.000000,0.000000,0.00100000
3,436,0.484136,0.000152,82.2001,0.000000,0.000000,0.000000,0.013557,0.000000,0.000000,0.000000,0.00100000
3,437,0.442048,0.000139,82.0785,0.000000,0.000000,0.000000,0.010846,0.000000,0.000000,0.000000,0.00100000
3,438,0.585976,0.000184,98.4986,0.000000,0.000000,0.000000,0.020197,0.000000,0.000000,0.000000,0.00100000
3,439,0.484150,0.000152,86.5729,0.000000,0.000000,0.000000,0.014150,0.000000,0.000000,0.000000,0.00100000
3,440,0.507247,0.000160,99.3570,0.000000,0.000000,0.000000,0.009340,0.000000,0.000000,0.000000,0.00100000
3,441,0.549310,0.000173,86.1465,0.000000,0.000000,0.000000,0.011065,0.000000,0.000000,0.000000,0.00100000
3,442,0.471964,0.000149,101.4294,0.000000,0.000000,0.000000,0.010846,0.000000,0.000000,0.000000,0.00100000
3,443,0.484608,0.000154,107.1037,0.000000,0.000000,0.000000,0.005880,0.000000,0.000000,0.000000,0.00100000
3,444,0.450914,0.000142,82.5282,0.000000,0.000000,0.000000,0.009750,0.000000,0.000000,0.000000,0.00100000
3,445,0.517437,0.000163,94.3725,0.000000,0.000000,0.000000,0.010337,0.000000,0.000000,0.000000,0.00100000
3,446,0.535393,0.000168,93.6549,0.000000,0.000000,0.000000,0.019502,0.000000,0.000000,0.000000,0.00100000
3,447,0.542302,0.000172,106.0024,0.000000,0.000000,0.000000,0.008592,0.000000,0.000000,0.000000,0.00100000
3,448,0.498230,0.000157,103.3798,0.000000,0.000000,0.000000,0.010898,0.000000,0.000000,0.000000,0.00100000
3,449,0.501083,0.000158,89.5040,0.000000,0.000000,0.000000,0.011116,0.000000,0.000000,0.000000,0.00100000
3,450,0.489357,0.000154,83.6350,0.000000,0.000000,0.000000,0.011895,0.000000,0.000000,0.000000,0.00100000
3,451,0.481552,0.000152,93.6346,0.000000,0.000000,0.000000,0.010337,0.000000,0.000000,0.000000,0.00100000
3,452,0.459905,0.000145,97.7932,0.000000,0.000000,0.000000,0.009693,0.000000,0.000000,0.000000,0.00100000
3,453,0.445779,0.000141,96.6144,0.000000,0.000000,0.000000,0.008457,0.000000,0.000000,0.000000,0.00100000
3,454,0.712251,0.000218,92.2013,0.000000,0.000000,0.000000,0.054382,0.000000,0.000000,0.000000,0.00100000
3,455,0.603007,0.000180,99.3151,0.000000,0.000000,0.000000,0.079769,0.000000,0.000000,0.000000,0.00100000
3,456,0.761700,0.000236,105.4655,0.000000,0.000000,0.000000,0.045408,0.000000,0.000000,0.000000,0.00100000
3,457,0.569203,0.000175,82.0898,0.000000,0.000000,0.000000,0.043409,0.000000,0.000000,0.000000,0.00100000
3,458,0.606242,0.000187,105.4784,0.000000,0.000000,0.000000,0.040380,0.000000,0.000000,0.000000,0.00100000
3,459,0.542458,0.000166,85.4360,0.000000,0.000000,0.000000,0.043810,0.000000,0.000000,0.000000,0.00100000
3,460,0.551784,0.000172,91.2777,0.000000,0.000000,0.000000,0.022858,0.000000,0.000000,0.000000,0.00100000
3,461,0.512029,0.000160,100.5270,0.000000,0.000000,0.000000,0.022357,0.000000,0.000000,0.000000,0.00100000
3,462,0.558604,0.000175,95.8548,0.000000,0.000000,0.000000,0.021209,0.000000,0.000000,0.000000,0.00100000
3,463,0.477678,0.000147,86.1759,0.000000,0.000000,0.000000,0.034241,0.000000,0.000000,0.000000,0.00100000
3,464,0.516134,0.000160,84.5102,0.000000,0.000000,0.000000,0.027899,0.000000,0.000000,0.000000,0.00100000
3,465,0.470803,0.000147,98.4933,0.000000,0.000000,0.000000,0.019180,0.000000,0.000000,0.000000,0.00100000
3,466,0.486357,0.000153,88.6073,0.000000,0.000000,0.000000,0.012997,0.000000,0.000000,0.000000,0.00100000
3,467,0.523435,0.000164,81.5925,0.000000,0.000000,0.000000,0.020603,0.000000,0.000000,0.000000,0.00100000
3,468,0.432532,0.000134,83.1959,0.000000,0.000000,0.000000,0.021962,0.000000,0.000000,0.000000,0.00100000
3,469,0.541113,0.000169,95.2506,0.000000,0.000000,0.000000,0.023537,0.000000,0.000000,0.000000,0.00100000
3,470,0.553466,0.000173,101.6290,0.000000,0.000000,0.000000,0.022646,0.000000,0.000000,0.000000,0.00100000
3,471,0.518101,0.000163,101.0066,0.000000,0.000000,0.000000,0.014691,0.000000,0.000000,0.000000,0.00100000
3,472,0.506066,0.000158,91.7263,0.000000,0.000000,0.000000,0.021724,0.000000,0.000000,0.000000,0.00100000
3,473,0.497105,0.000157,105.9338,0.000000,0.000000,0.000000,0.010337,0.000000,0.000000,0.000000,0.00100000
3,474,0.459969,0.000145,91.9378,0.000000,0.000000,0.000000,0.009288,0.000000,0.000000,0.000000,0.00100000
3,475,0.554970,0.000176,102.3342,0.000000,0.000000,0.000000,0.009184,0.000000,0.000000,0.000000,0.00100000
3,476,0.559296,0.000175,103.2910,0.000000,0.000000,0.000000,0.021802,0.000000,0.000000,0.000000,0.00100000
3,477,0.682560,0.000214,100.7012,0.000000,0.000000,0.000000,0.022675,0.000000,0.000000,0.000000,0.00100000
3,478,0.535357,0.000167,80.7034,0.000000,0.000000,0.000000,0.025190,0.000000,0.000000,0.000000,0.00100000
3,479,0.516851,0.000159,83.6358,0.000000,0.000000,0.000000,0.035083,0.000000,0.000000,0.000000,0.00100000
3,480,0.507080,0.000158,97.2924,0.000000,0.000000,0.000000,0.020384,0.000000,0.000000,0.000000,0.00100000
3,481,0.604816,0.000186,108.5952,0.000000,0.000000,0.000000,0.040671,0.000000,0.000000,0.000000,0.00100000
3,482,0.633248,0.000197,109.2714,0.000000,0.000000,0.000000,0.033228,0.000000,0.000000,0.000000,0.00100000
3,483,0.660012,0.000205,104.6781,0.000000,0.000000,0.000000,0.034519,0.000000,0.000000,0.000000,0.00100000
3,484,0.504586,0.000157,93.1911,0.000000,0.000000,0.000000,0.026134,0.000000,0.000000,0.000000,0.00100000
3,485,0.496855,0.000154,93.0475,0.000000,0.000000,0.000000,0.030505,0.000000,0.000000,0.000000,0.00100000
3,486,0.581759,0.000182,93.9408,0.000000,0.000000,0.000000,0.020625,0.000000,0.000000,0.000000,0.00100000
3,487,0.554099,0.000169,82.8730,0.000000,0.000000,0.000000,0.047679,0.000000,0.000000,0.000000,0.00100000
3,488,0.596959,0.000185,96.6763,0.000000,0.000000,0.000000,0.034218,0.000000,0.000000,0.000000,0.00100000
3,489,0.492841,0.000153,84.9739,0.000000,0.000000,0.000000,0.025173,0.000000,0.000000,0.000000,0.00100000
3,490,0.589685,0.000184,91.7994,0.000000,0.000000,0.000000,0.024740,0.000000,0.000000,0.000000,0.00100000
3,491,0.531227,0.000164,75.3591,0.000000,0.000000,0.000000,0.032344,0.000000,0.000000,0.000000,0.00100000
3,492,0.552537,0.000170,90.6621,0.000000,0.000000,0.000000,0.040762,0.000000,0.000000,0.000000,0.00100000
3,493,0.537414,0.000168,72.4126,0.000000,0.000000,0.000000,0.022718,0.000000,0.000000,0.000000,0.00100000
3,494,0.561143,0.000175,97.4699,0.000000,0.000000,0.000000,0.026107,0.000000,0.000000,0.000000,0.00100000
3,495,0.501494,0.000157,82.6799,0.000000,0.000000,0.000000,0.018914,0.000000,0.000000,0.000000,0.00100000
3,496,0.541185,0.000169,85.3493,0.000000,0.000000,0.000000,0.020674,0.000000,0.000000,0.000000,0.00100000
3,497,0.643273,0.000203,96.3588,0.000000,0.000000,0.000000,0.012082,0.000000,0.000000,0.000000,0.00100000
3,498,0.510382,0.000161,92.1476,0.000000,0.000000,0.000000,0.012290,0.000000,0.000000,0.000000,0.00100000
3,499,0.564955,0.000176,80.5275,0.000000,0.000000,0.000000,0.028094,0.000000,0.000000,0.000000,0.00100000
3,500,0.767935,0.000242,92.9728,0.000000,0.000000,0.000000,0.021112,0.000000,0.000000,0.000000,0.00100000
3,501,0.551632,0.000171,87.0067,0.000000,0.000000,0.000000,0.030736,0.000000,0.000000,0.000000,0.00100000
3,502,0.754294,0.000234,88.1822,0.000000,0.000000,0.000000,0.042776,0.000000,0.000000,0.000000,0.00100000
3,503,0.958242,0.000292,109.1646,0.000000,0.000000,0.000000,0.085615,0.000000,0.000000,0.000000,0.00100000
3,504,0.700348,0.000202,82.0282,0.000000,0.000000,0.000000,0.131596,0.000000,0.000000,0.000000,0.00100000
3,505,0.756002,0.000226,94.1780,0.000000,0.000000,0.000000,0.093123,0.000000,0.000000,0.000000,0.00100000
3,506,0.762321,0.000224,89.3826,0.000000,0.000000,0.000000,0.119263,0.000000,0.000000,0.000000,0.00100000
3,507,0.972022,0.000294,106.0663,0.000000,0.000000,0.000000,0.099483,0.000000,0.000000,0.000000,0.00100000
3,508,0.887282,0.000270,103.7322,0.000000,0.000000,0.000000,0.084149,0.000000,0.000000,0.000000,0.00100000
3,509,1.041426,0.000313,105.4502,0.000000,0.000000,0.000000,0.119578,0.000000,0.000000,0.000000,0.00100000
3,510,0.727357,0.000220,89.6276,0.000000,0.000000,0.000000,0.076851,0.000000,0.000000,0.000000,0.00100000
3,511,0.537283,0.000166,91.6343,0.000000,0.000000,0.000000,0.035581,0.000000,0.000000,0.000000,0.00100000
3,512,0.554366,0.000170,90.8659,0.000000,0.000000,0.000000,0.039360,0.000000,0.000000,0.000000,0.00100000
3,513,0.684568,0.000212,93.2211,0.000000,0.000000,0.000000,0.040624,0.000000,0.000000,0.000000,0.00100000
3,514,0.566478,0.000174,92.5643,0.000000,0.000000,0.000000,0.041261,0.000000,0.000000,0.000000,0.00100000
3,515,0.635904,0.000198,100.7209,0.000000,0.000000,0.000000,0.031924,0.000000,0.000000,0.000000,0.00100000
3,516,0.724806,0.000220,74.8162,0.000000,0.000000,0.000000,0.072081,0.000000,0.000000,0.000000,0.00100000
3,517,0.675497,0.000210,103.7937,0.000000,0.000000,0.000000,0.032338,0.000000,0.000000,0.000000,0.00100000
3,518,0.647151,0.000205,103.5675,0.000000,0.000000,0.000000,0.009797,0.000000,0.000000,0.000000,0.00100000
3,519,0.550918,0.000172,93.6851,0.000000,0.000000,0.000000,0.020062,0.000000,0.000000,0.000000,0.00100000
3,520,0.608893,0.000191,97.3809,0.000000,0.000000,0.000000,0.018629,0.000000,0.000000,0.000000,0.00100000
3,521,0.603089,0.000190,104.0525,0.000000,0.000000,0.000000,0.011626,0.000000,0.000000,0.000000,0.00100000
3,522,0.613966,0.000193,100.3648,0.000000,0.000000,0.000000,0.018760,0.000000,0.000000,0.000000,0.00100000
3,523,0.609612,0.000193,105.1171,0.000000,0.000000,0.000000,0.007034,0.000000,0.000000,0.000000,0.00100000
3,524,0.574095,0.000180,96.6076,0.000000,0.000000,0.000000,0.016352,0.000000,0.000000,0.000000,0.00100000
3,525,0.508263,0.000160,94.7378,0.000000,0.000000,0.000000,0.011760,0.000000,0.000000,0.000000,0.00100000
3,526,0.398676,0.000125,98.8162,0.000000,0.000000,0.000000,0.013828,0.000000,0.000000,0.000000,0.00100000
3,527,0.482054,0.000153,94.4072,0.000000,0.000000,0.000000,0.007355,0.000000,0.000000,0.000000,0.00100000
3,528,0.426797,0.000135,102.8090,0.000000,0.000000,0.000000,0.004322,0.000000,0.000000,0.000000,0.00100000
3,529,0.459583,0.000145,88.0163,0.000000,0.000000,0.000000,0.009236,0.000000,0.000000,0.000000,0.00100000
3,530,0.384689,0.000122,82.8467,0.000000,0.000000,0.000000,0.003813,0.000000,0.000000,0.000000,0.00100000
3,531,0.542119,0.000172,104.2909,0.000000,0.000000,0.000000,0.006846,0.000000,0.000000,0.000000,0.00100000
3,532,0.580883,0.000183,92.4955,0.000000,0.000000,0.000000,0.016405,0.000000,0.000000,0.000000,0.00100000
3,533,0.548605,0.000172,99.1869,0.000000,0.000000,0.000000,0.017724,0.000000,0.000000,0.000000,0.00100000
3,534,0.602353,0.000190,99.7281,0.000000,0.000000,0.000000,0.015064,0.000000,0.000000,0.000000,0.00100000
3,535,0.580627,0.000181,89.0481,0.000000,0.000000,0.000000,0.024218,0.000000,0.000000,0.000000,0.00100000
3,536,0.533453,0.000165,97.1855,0.000000,0.000000,0.000000,0.032661,0.000000,0.000000,0.000000,0.00100000
3,537,0.505649,0.000158,93.5903,0.000000,0.000000,0.000000,0.020404,0.000000,0.000000,0.000000,0.00100000
3,538,0.534248,0.000168,95.6581,0.000000,0.000000,0.000000,0.016114,0.000000,0.000000,0.000000,0.00100000
3,539,0.503564,0.000157,100.3229,0.000000,0.000000,0.000000,0.021673,0.000000,0.000000,0.000000,0.00100000
3,540,0.523120,0.000163,96.0276,0.000000,0.000000,0.000000,0.021961,0.000000,0.000000,0.000000,0.00100000
3,541,0.620284,0.000195,96.2044,0.000000,0.000000,0.000000,0.019340,0.000000,0.000000,0.000000,0.00100000
3,542,0.528618,0.000166,103.3832,0.000000,0.000000,0.000000,0.015013,0.000000,0.000000,0.000000,0.00100000
3,543,0.516733,0.000163,88.8612,0.000000,0.000000,0.000000,0.012456,0.000000,0.000000,0.000000,0.00100000
3,544,0.479200,0.000151,92.7410,0.000000,0.000000,0.000000,0.011677,0.000000,0.000000,0.000000,0.00100000
3,545,0.383520,0.000120,87.7168,0.000000,0.000000,0.000000,0.011869,0.000000,0.000000,0.000000,0.00100000
3,546,0.458350,0.000144,87.1621,0.000000,0.000000,0.000000,0.010950,0.000000,0.000000,0.000000,0.00100000
3,547,0.616960,0.000193,97.4326,0.000000,0.000000,0.000000,0.021299,0.000000,0.000000,0.000000,0.00100000
3,548,0.596731,0.000188,96.1203,0.000000,0.000000,0.000000,0.013557,0.000000,0.000000,0.000000,0.00100000
3,549,0.717852,0.000224,83.2160,0.000000,0.000000,0.000000,0.033695,0.000000,0.000000,0.000000,0.00100000
3,550,0.693717,0.000217,101.5946,0.000000,0.000000,0.000000,0.025273,0.000000,0.000000,0.000000,0.00100000
3,551,0.523926,0.000166,86.6012,0.000000,0.000000,0.000000,0.009745,0.000000,0.000000,0.000000,0.00100000
3,552,0.680599,0.000212,95.6672,0.000000,0.000000,0.000000,0.029485,0.000000,0.000000,0.000000,0.00100000
3,553,0.509037,0.000161,101.7694,0.000000,0.000000,0.000000,0.009797,0.000000,0.000000,0.000000,0.00100000
3,554,0.568062,0.000176,92.8084,0.000000,0.000000,0.000000,0.029777,0.000000,0.000000,0.000000,0.00100000
3,555,0.517589,0.000162,95.1743,0.000000,0.000000,0.000000,0.020120,0.000000,0.000000,0.000000,0.00100000
3,556,0.555757,0.000174,94.0596,0.000000,0.000000,0.000000,0.018400,0.000000,0.000000,0.000000,0.00100000
3,557,0.495934,0.000156,85.3157,0.000000,0.000000,0.000000,0.010743,0.000000,0.000000,0.000000,0.00100000
3,558,0.547331,0.000173,92.0821,0.000000,0.000000,0.000000,0.010930,0.000000,0.000000,0.000000,0.00100000
3,559,0.467060,0.000148,88.2477,0.000000,0.000000,0.000000,0.006067,0.000000,0.000000,0.000000,0.00100000
3,560,0.673749,0.000211,98.7362,0.000000,0.000000,0.000000,0.021215,0.000000,0.000000,0.000000,0.00100000
3,561,0.502940,0.000159,95.1899,0.000000,0.000000,0.000000,0.006202,0.000000,0.000000,0.000000,0.00100000
3,562,0.577047,0.000183,99.3118,0.000000,0.000000,0.000000,0.008322,0.000000,0.000000,0.000000,0.00100000
3,563,0.751445,0.000232,91.5489,0.000000,0.000000,0.000000,0.049208,0.000000,0.000000,0.000000,0.00100000
3,564,0.472659,0.000146,84.5515,0.000000,0.000000,0.000000,0.031540,0.000000,0.000000,0.000000,0.00100000
3,565,0.475564,0.000148,90.1958,0.000000,0.000000,0.000000,0.025341,0.000000,0.000000,0.000000,0.00100000
3,566,0.400003,0.000121,78.9884,0.000000,0.000000,0.000000,0.039081,0.000000,0.000000,0.000000,0.00100000
3,567,0.528743,0.000161,90.9872,0.000000,0.000000,0.000000,0.049563,0.000000,0.000000,0.000000,0.00100000
3,568,0.504001,0.000152,84.9668,0.000000,0.000000,0.000000,0.052942,0.000000,0.000000,0.000000,0.00100000
3,569,0.486401,0.000151,95.2608,0.000000,0.000000,0.000000,0.026045,0.000000,0.000000,0.000000,0.00100000
3,570,0.440370,0.000136,83.2952,0.000000,0.000000,0.000000,0.027404,0.000000,0.000000,0.000000,0.00100000
3,571,0.520364,0.000163,89.0887,0.000000,0.000000,0.000000,0.015578,0.000000,0.000000,0.000000,0.00100000
3,572,0.444577,0.000137,91.8009,0.000000,0.000000,0.000000,0.027697,0.000000,0.000000,0.000000,0.00100000
3,573,0.406650,0.000127,93.5730,0.000000,0.000000,0.000000,0.016508,0.000000,0.000000,0.000000,0.00100000
3,574,0.562453,0.000176,100.0255,0.000000,0.000000,0.000000,0.023585,0.000000,0.000000,0.000000,0.00100000
3,575,0.567424,0.000180,94.0244,0.000000,0.000000,0.000000,0.008592,0.000000,0.000000,0.000000,0.00100000
3,576,0.466640,0.000147,87.8534,0.000000,0.000000,0.000000,0.010493,0.000000,0.000000,0.000000,0.00100000
3,577,0.557927,0.000176,111.1198,0.000000,0.000000,0.000000,0.012322,0.000000,0.000000,0.000000,0.00100000
3,578,0.474521,0.000149,80.0758,0.000000,0.000000,0.000000,0.014201,0.000000,0.000000,0.000000,0.00100000
3,579,0.898760,0.000277,101.3817,0.000000,0.000000,0.000000,0.063191,0.000000,0.000000,0.000000,0.00100000
3,580,0.568840,0.000176,93.5995,0.000000,0.000000,0.000000,0.034200,0.000000,0.000000,0.000000,0.00100000
3,581,0.704697,0.000216,112.0901,0.000000,0.000000,0.000000,0.051658,0.000000,0.000000,0.000000,0.00100000
3,582,0.475680,0.000146,81.4867,0.000000,0.000000,0.000000,0.033007,0.000000,0.000000,0.000000,0.00100000
3,583,0.477085,0.000150,78.5333,0.000000,0.000000,0.000000,0.013640,0.000000,0.000000,0.000000,0.00100000
3,584,0.523676,0.000161,105.5592,0.000000,0.000000,0.000000,0.035960,0.000000,0.000000,0.000000,0.00100000
3,585,0.464384,0.000143,87.1474,0.000000,0.000000,0.000000,0.032159,0.000000,0.000000,0.000000,0.00100000
3,586,0.487458,0.000154,101.1520,0.000000,0.000000,0.000000,0.010608,0.000000,0.000000,0.000000,0.00100000
3,587,0.549682,0.000173,99.6718,0.000000,0.000000,0.000000,0.016306,0.000000,0.000000,0.000000,0.00100000
3,588,0.497643,0.000155,73.7401,0.000000,0.000000,0.000000,0.021724,0.000000,0.000000,0.000000,0.00100000
3,589,0.501811,0.000159,93.3175,0.000000,0.000000,0.000000,0.009101,0.000000,0.000000,0.000000,0.00100000
3,590,0.437227,0.000137,94.6641,0.000000,0.000000,0.000000,0.013828,0.000000,0.000000,0.000000,0.00100000
3,591,0.535281,0.000170,98.2911,0.000000,0.000000,0.000000,0.004649,0.000000,0.000000,0.000000,0.00100000
3,592,0.495965,0.000157,103.2200,0.000000,0.000000,0.000000,0.004644,0.000000,0.000000,0.000000,0.00100000
3,593,0.420817,0.000134,89.6864,0.000000,0.000000,0.000000,0.004000,0.000000,0.000000,0.000000,0.00100000
3,594,0.608781,0.000191,87.4281,0.000000,0.000000,0.000000,0.019736,0.000000,0.000000,0.000000,0.00100000
3,595,0.701907,0.000218,94.2169,0.000000,0.000000,0.000000,0.037162,0.000000,0.000000,0.000000,0.00100000
3,596,0.610516,0.000191,94.2545,0.000000,0.000000,0.000000,0.022965,0.000000,0.000000,0.000000,0.00100000
3,597,0.670073,0.000209,95.8882,0.000000,0.000000,0.000000,0.028816,0.000000,0.000000,0.000000,0.00100000
3,598,0.605454,0.000189,88.1131,0.000000,0.000000,0.000000,0.024863,0.000000,0.000000,0.000000,0.00100000
3,599,0.744055,0.000234,88.2099,0.000000,0.000000,0.000000,0.018901,0.000000,0.000000,0.000000,0.00100000
3,600,0.647044,0.000204,91.9873,0.000000,0.000000,0.000000,0.015780,0.000000,0.000000,0.000000,0.00100000
3,601,0.673103,0.000212,97.1234,0.000000,0.000000,0.000000,0.018229,0.000000,0.000000,0.000000,0.00100000
3,602,0.717784,0.000226,90.9001,0.000000,0.000000,0.000000,0.019824,0.000000,0.000000,0.000000,0.00100000
3,603,0.614254,0.000192,92.2507,0.000000,0.000000,0.000000,0.022226,0.000000,0.000000,0.000000,0.00100000
3,604,0.631268,0.000198,94.3678,0.000000,0.000000,0.000000,0.020168,0.000000,0.000000,0.000000,0.00100000
3,605,0.576264,0.000181,88.2557,0.000000,0.000000,0.000000,0.015558,0.000000,0.000000,0.000000,0.00100000
3,606,0.639096,0.000201,94.9966,0.000000,0.000000,0.000000,0.015137,0.000000,0.000000,0.000000,0.00100000
3,607,0.646872,0.000204,89.7310,0.000000,0.000000,0.000000,0.014151,0.000000,0.000000,0.000000,0.00100000
3,608,0.585696,0.000185,94.9015,0.000000,0.000000,0.000000,0.014029,0.000000,0.000000,0.000000,0.00100000
3,609,0.553782,0.000175,92.9095,0.000000,0.000000,0.000000,0.009506,0.000000,0.000000,0.000000,0.00100000
3,610,0.921952,0.000285,93.2265,0.000000,0.000000,0.000000,0.056038,0.000000,0.000000,0.000000,0.00100000
3,611,0.582667,0.000183,88.7780,0.000000,0.000000,0.000000,0.015812,0.000000,0.000000,0.000000,0.00100000
3,612,0.586018,0.000185,89.0553,0.000000,0.000000,0.000000,0.014582,0.000000,0.000000,0.000000,0.00100000
3,613,0.509258,0.000160,84.3350,0.000000,0.000000,0.000000,0.016760,0.000000,0.000000,0.000000,0.00100000
3,614,0.457019,0.000145,84.5984,0.000000,0.000000,0.000000,0.006846,0.000000,0.000000,0.000000,0.00100000
3,615,0.464665,0.000147,84.8834,0.000000,0.000000,0.000000,0.008508,0.000000,0.000000,0.000000,0.00100000
3,616,0.454211,0.000144,73.3022,0.000000,0.000000,0.000000,0.007626,0.000000,0.000000,0.000000,0.00100000
3,617,0.616641,0.000192,90.1761,0.000000,0.000000,0.000000,0.028117,0.000000,0.000000,0.000000,0.00100000
3,618,0.683504,0.000210,94.6500,0.000000,0.000000,0.000000,0.051082,0.000000,0.000000,0.000000,0.00100000
3,619,0.507926,0.000155,88.8358,0.000000,0.000000,0.000000,0.040799,0.000000,0.000000,0.000000,0.00100000
3,620,0.490644,0.000148,88.7664,0.000000,0.000000,0.000000,0.050485,0.000000,0.000000,0.000000,0.00100000
3,621,0.574286,0.000174,82.5508,0.000000,0.000000,0.000000,0.054291,0.000000,0.000000,0.000000,0.00100000
3,622,0.469312,0.000146,87.1255,0.000000,0.000000,0.000000,0.021962,0.000000,0.000000,0.000000,0.00100000
3,623,0.646842,0.000201,101.3264,0.000000,0.000000,0.000000,0.030753,0.000000,0.000000,0.000000,0.00100000
3,624,0.622954,0.000195,95.9005,0.000000,0.000000,0.000000,0.025269,0.000000,0.000000,0.000000,0.00100000
3,625,0.616119,0.000193,95.5717,0.000000,0.000000,0.000000,0.020353,0.000000,0.000000,0.000000,0.00100000
3,626,0.824895,0.000247,101.8783,0.000000,0.000000,0.000000,0.099886,0.000000,0.000000,0.000000,0.00100000
3,627,0.735848,0.000221,105.8127,0.000000,0.000000,0.000000,0.088339,0.000000,0.000000,0.000000,0.00100000
3,628,0.668829,0.000203,84.3120,0.000000,0.000000,0.000000,0.062214,0.000000,0.000000,0.000000,0.00100000
3,629,0.623201,0.000186,85.0617,0.000000,0.000000,0.000000,0.081823,0.000000,0.000000,0.000000,0.00100000
3,630,0.664115,0.000206,102.6292,0.000000,0.000000,0.000000,0.038037,0.000000,0.000000,0.000000,0.00100000
3,631,0.689063,0.000211,93.1141,0.000000,0.000000,0.000000,0.052253,0.000000,0.000000,0.000000,0.00100000
3,632,0.637835,0.000200,93.9976,0.000000,0.000000,0.000000,0.022134,0.000000,0.000000,0.000000,0.00100000
3,633,0.504813,0.000156,72.1553,0.000000,0.000000,0.000000,0.032400,0.000000,0.000000,0.000000,0.00100000
3,634,0.499977,0.000156,97.8407,0.000000,0.000000,0.000000,0.020622,0.000000,0.000000,0.000000,0.00100000
3,635,0.660871,0.000202,92.4523,0.000000,0.000000,0.000000,0.055178,0.000000,0.000000,0.000000,0.00100000
3,636,0.759234,0.000230,100.0608,0.000000,0.000000,0.000000,0.073359,0.000000,0.000000,0.000000,0.00100000
3,637,0.576588,0.000177,87.7805,0.000000,0.000000,0.000000,0.045308,0.000000,0.000000,0.000000,0.00100000
3,638,0.611226,0.000186,96.1464,0.000000,0.000000,0.000000,0.055732,0.000000,0.000000,0.000000,0.00100000
3,639,0.529469,0.000166,102.2308,0.000000,0.000000,0.000000,0.016087,0.000000,0.000000,0.000000,0.00100000
3,640,0.585234,0.000184,93.7176,0.000000,0.000000,0.000000,0.017086,0.000000,0.000000,0.000000,0.00100000
3,641,0.802173,0.000250,101.5677,0.000000,0.000000,0.000000,0.038081,0.000000,0.000000,0.000000,0.00100000
3,642,0.839623,0.000261,107.5656,0.000000,0.000000,0.000000,0.042992,0.000000,0.000000,0.000000,0.00100000
3,643,0.594617,0.000185,94.1796,0.000000,0.000000,0.000000,0.029569,0.000000,0.000000,0.000000,0.00100000
3,644,0.532256,0.000168,98.3961,0.000000,0.000000,0.000000,0.013744,0.000000,0.000000,0.000000,0.00100000
3,645,0.427468,0.000133,76.4739,0.000000,0.000000,0.000000,0.021151,0.000000,0.000000,0.000000,0.00100000
3,646,0.525528,0.000165,80.5189,0.000000,0.000000,0.000000,0.016093,0.000000,0.000000,0.000000,0.00100000
3,647,0.535973,0.000167,91.7935,0.000000,0.000000,0.000000,0.022744,0.000000,0.000000,0.000000,0.00100000
3,648,0.554091,0.000172,97.6892,0.000000,0.000000,0.000000,0.029974,0.000000,0.000000,0.000000,0.00100000
3,649,0.466257,0.000145,90.4944,0.000000,0.000000,0.000000,0.022503,0.000000,0.000000,0.000000,0.00100000
3,650,0.438846,0.000137,86.4081,0.000000,0.000000,0.000000,0.020758,0.000000,0.000000,0.000000,0.00100000
3,651,0.423387,0.000133,84.5549,0.000000,0.000000,0.000000,0.012277,0.000000,0.000000,0.000000,0.00100000
3,652,0.503390,0.000158,98.4191,0.000000,0.000000,0.000000,0.014425,0.000000,0.000000,0.000000,0.00100000
3,653,0.463055,0.000146,93.5923,0.000000,0.000000,0.000000,0.007490,0.000000,0.000000,0.000000,0.00100000
3,654,0.551899,0.000173,73.4568,0.000000,0.000000,0.000000,0.020752,0.000000,0.000000,0.000000,0.00100000
3,655,0.462957,0.000146,90.4220,0.000000,0.000000,0.000000,0.009693,0.000000,0.000000,0.000000,0.00100000
3,656,0.461378,0.000144,86.5970,0.000000,0.000000,0.000000,0.016487,0.000000,0.000000,0.000000,0.00100000
3,657,0.559327,0.000173,89.9245,0.000000,0.000000,0.000000,0.032989,0.000000,0.000000,0.000000,0.00100000
3,658,1.119287,0.000343,100.6439,0.000000,0.000000,0.000000,0.087656,0.000000,0.000000,0.000000,0.00100000
3,659,0.811430,0.000247,87.6263,0.000000,0.000000,0.000000,0.076525,0.000000,0.000000,0.000000,0.00100000
3,660,1.468422,0.000451,96.8706,0.000000,0.000000,0.000000,0.109199,0.000000,0.000000,0.000000,0.00100000
3,661,1.083686,0.000331,88.8217,0.000000,0.000000,0.000000,0.093485,0.000000,0.000000,0.000000,0.00100000
3,662,1.092250,0.000335,101.9032,0.000000,0.000000,0.000000,0.081923,0.000000,0.000000,0.000000,0.00100000
3,663,1.312592,0.000399,100.3526,0.000000,0.000000,0.000000,0.122520,0.000000,0.000000,0.000000,0.00100000
3,664,1.187556,0.000361,104.0469,0.000000,0.000000,0.000000,0.110645,0.000000,0.000000,0.000000,0.00100000
3,665,0.887141,0.000271,89.6320,0.000000,0.000000,0.000000,0.073127,0.000000,0.000000,0.000000,0.00100000
3,666,0.836066,0.000256,90.4744,0.000000,0.000000,0.000000,0.065632,0.000000,0.000000,0.000000,0.00100000
3,667,1.225698,0.000380,106.6325,0.000000,0.000000,0.000000,0.065729,0.000000,0.000000,0.000000,0.00100000
3,668,0.956105,0.000297,88.6848,0.000000,0.000000,0.000000,0.048166,0.000000,0.000000,0.000000,0.00100000
3,669,0.892440,0.000276,95.0341,0.000000,0.000000,0.000000,0.052247,0.000000,0.000000,0.000000,0.00100000
3,670,0.921702,0.000284,99.1890,0.000000,0.000000,0.000000,0.060796,0.000000,0.000000,0.000000,0.00100000
3,671,0.781423,0.000242,87.4587,0.000000,0.000000,0.000000,0.042659,0.000000,0.000000,0.000000,0.00100000
3,672,0.793758,0.000242,74.4251,0.000000,0.000000,0.000000,0.067017,0.000000,0.000000,0.000000,0.00100000
3,673,0.669485,0.000203,103.6053,0.000000,0.000000,0.000000,0.064988,0.000000,0.000000,0.000000,0.00100000
3,674,0.530482,0.000166,89.2334,0.000000,0.000000,0.000000,0.019064,0.000000,0.000000,0.000000,0.00100000
3,675,0.608512,0.000189,96.7022,0.000000,0.000000,0.000000,0.033168,0.000000,0.000000,0.000000,0.00100000
3,676,0.470178,0.000148,86.0896,0.000000,0.000000,0.000000,0.011760,0.000000,0.000000,0.000000,0.00100000
3,677,0.531571,0.000167,92.3235,0.000000,0.000000,0.000000,0.016727,0.000000,0.000000,0.000000,0.00100000
3,678,0.444148,0.000138,75.7586,0.000000,0.000000,0.000000,0.019955,0.000000,0.000000,0.000000,0.00100000
3,679,0.499630,0.000157,90.5304,0.000000,0.000000,0.000000,0.016758,0.000000,0.000000,0.000000,0.00100000
3,680,0.531217,0.000167,97.9253,0.000000,0.000000,0.000000,0.016052,0.000000,0.000000,0.000000,0.00100000
3,681,0.457007,0.000145,86.1352,0.000000,0.000000,0.000000,0.007542,0.000000,0.000000,0.000000,0.00100000
3,682,0.523962,0.000165,96.9690,0.000000,0.000000,0.000000,0.014577,0.000000,0.000000,0.000000,0.00100000
3,683,0.493405,0.000155,83.5392,0.000000,0.000000,0.000000,0.013641,0.000000,0.000000,0.000000,0.00100000
3,684,0.523403,0.000165,90.7385,0.000000,0.000000,0.000000,0.014388,0.000000,0.000000,0.000000,0.00100000
3,685,0.516022,0.000162,102.2745,0.000000,0.000000,0.000000,0.015625,0.000000,0.000000,0.000000,0.00100000
3,686,0.521914,0.000165,103.5294,0.000000,0.000000,0.000000,0.006711,0.000000,0.000000,0.000000,0.00100000
3,687,0.491495,0.000155,98.9793,0.000000,0.000000,0.000000,0.010659,0.000000,0.000000,0.000000,0.00100000
3,688,0.623309,0.000195,96.9803,0.000000,0.000000,0.000000,0.023656,0.000000,0.000000,0.000000,0.00100000
3,689,0.653007,0.000206,86.3218,0.000000,0.000000,0.000000,0.014742,0.000000,0.000000,0.000000,0.00100000
3,690,0.471067,0.000148,98.6526,0.000000,0.000000,0.000000,0.012405,0.000000,0.000000,0.000000,0.00100000
3,691,0.494607,0.000156,94.5093,0.000000,0.000000,0.000000,0.013185,0.000000,0.000000,0.000000,0.00100000
3,692,0.633549,0.000199,99.9750,0.000000,0.000000,0.000000,0.018047,0.000000,0.000000,0.000000,0.00100000
3,693,0.496054,0.000156,80.9935,0.000000,0.000000,0.000000,0.015864,0.000000,0.000000,0.000000,0.00100000
3,694,0.572225,0.000180,103.4057,0.000000,0.000000,0.000000,0.016301,0.000000,0.000000,0.000000,0.00100000
3,695,0.494575,0.000157,92.6043,0.000000,0.000000,0.000000,0.006711,0.000000,0.000000,0.000000,0.00100000
3,696,0.716679,0.000224,103.9470,0.000000,0.000000,0.000000,0.028637,0.000000,0.000000,0.000000,0.00100000
3,697,0.515000,0.000162,98.3551,0.000000,0.000000,0.000000,0.014713,0.000000,0.000000,0.000000,0.00100000
3,698,0.461669,0.000145,95.7933,0.000000,0.000000,0.000000,0.013371,0.000000,0.000000,0.000000,0.00100000
3,699,0.534482,0.000168,96.1322,0.000000,0.000000,0.000000,0.015741,0.000000,0.000000,0.000000,0.00100000
3,700,0.440651,0.000139,85.8887,0.000000,0.000000,0.000000,0.011252,0.000000,0.000000,0.000000,0.00100000
3,701,0.529236,0.000167,105.6299,0.000000,0.000000,0.000000,0.012405,0.000000,0.000000,0.000000,0.00100000
3,702,0.415026,0.000130,78.6642,0.000000,0.000000,0.000000,0.017263,0.000000,0.000000,0.000000,0.00100000
3,703,0.484730,0.000153,94.7573,0.000000,0.000000,0.000000,0.009698,0.000000,0.000000,0.000000,0.00100000
3,704,0.540718,0.000168,94.3576,0.000000,0.000000,0.000000,0.029332,0.000000,0.000000,0.000000,0.00100000
3,705,0.454731,0.000143,96.0513,0.000000,0.000000,0.000000,0.014954,0.000000,0.000000,0.000000,0.00100000
3,706,0.403601,0.000127,91.9864,0.000000,0.000000,0.000000,0.008561,0.000000,0.000000,0.000000,0.00100000
3,707,0.514373,0.000161,102.3821,0.000000,0.000000,0.000000,0.019905,0.000000,0.000000,0.000000,0.00100000
3,708,0.389809,0.000123,101.0213,0.000000,0.000000,0.000000,0.005932,0.000000,0.000000,0.000000,0.00100000
3,709,0.421174,0.000133,101.7518,0.000000,0.000000,0.000000,0.009558,0.000000,0.000000,0.000000,0.00100000
3,710,0.433047,0.000136,95.4434,0.000000,0.000000,0.000000,0.011355,0.000000,0.000000,0.000000,0.00100000
3,711,0.429423,0.000135,97.7387,0.000000,0.000000,0.000000,0.013631,0.000000,0.000000,0.000000,0.00100000
3,712,0.429570,0.000136,98.9590,0.000000,0.000000,0.000000,0.008778,0.000000,0.000000,0.000000,0.00100000
3,713,0.395276,0.000125,100.1336,0.000000,0.000000,0.000000,0.007033,0.000000,0.000000,0.000000,0.00100000
3,714,0.383411,0.000122,96.3217,0.000000,0.000000,0.000000,0.003034,0.000000,0.000000,0.000000,0.00100000
3,715,0.402892,0.000128,91.7365,0.000000,0.000000,0.000000,0.004457,0.000000,0.000000,0.000000,0.00100000
3,716,0.524537,0.000165,102.0804,0.000000,0.000000,0.000000,0.015355,0.000000,0.000000,0.000000,0.00100000
3,717,0.410475,0.000130,98.7050,0.000000,0.000000,0.000000,0.004966,0.000000,0.000000,0.000000,0.00100000
3,718,0.436731,0.000138,84.7490,0.000000,0.000000,0.000000,0.010046,0.000000,0.000000,0.000000,0.00100000
3,719,0.456046,0.000145,102.1794,0.000000,0.000000,0.000000,0.004429,0.000000,0.000000,0.000000,0.00100000
4,1,0.702527,0.000215,88.9867,0.000000,0.000000,0.000000,0.053741,0.000000,0.000000,0.000000,0.00100000
4,2,0.600126,0.000188,91.2651,0.000000,0.000000,0.000000,0.020105,0.000000,0.000000,0.000000,0.00100000
4,3,0.627243,0.000195,89.1433,0.000000,0.000000,0.000000,0.031693,0.000000,0.000000,0.000000,0.00100000
4,4,0.584039,0.000183,91.7853,0.000000,0.000000,0.000000,0.017362,0.000000,0.000000,0.000000,0.00100000
4,5,0.594524,0.000187,92.7254,0.000000,0.000000,0.000000,0.015464,0.000000,0.000000,0.000000,0.00100000
4,6,0.607485,0.000192,93.9198,0.000000,0.000000,0.000000,0.008456,0.000000,0.000000,0.000000,0.00100000
4,7,0.574574,0.000182,92.4588,0.000000,0.000000,0.000000,0.009610,0.000000,0.000000,0.000000,0.00100000
4,8,0.577662,0.000182,88.1931,0.000000,0.000000,0.000000,0.012578,0.000000,0.000000,0.000000,0.00100000
4,9,0.543783,0.000171,95.1431,0.000000,0.000000,0.000000,0.013189,0.000000,0.000000,0.000000,0.00100000
4,10,0.564530,0.000178,89.6590,0.000000,0.000000,0.000000,0.010517,0.000000,0.000000,0.000000,0.00100000
4,11,0.604891,0.000191,92.9811,0.000000,0.000000,0.000000,0.011167,0.000000,0.000000,0.000000,0.00100000
4,12,0.486872,0.000154,89.8395,0.000000,0.000000,0.000000,0.008697,0.000000,0.000000,0.000000,0.00100000
4,13,0.582850,0.000184,91.7311,0.000000,0.000000,0.000000,0.010046,0.000000,0.000000,0.000000,0.00100000
4,14,0.577794,0.000183,93.5033,0.000000,0.000000,0.000000,0.010286,0.000000,0.000000,0.000000,0.00100000
4,15,0.580646,0.000184,88.9124,0.000000,0.000000,0.000000,0.006846,0.000000,0.000000,0.000000,0.00100000
4,16,0.639351,0.000201,94.9480,0.000000,0.000000,0.000000,0.019819,0.000000,0.000000,0.000000,0.00100000
4,17,0.630762,0.000198,97.5639,0.000000,0.000000,0.000000,0.018373,0.000000,0.000000,0.000000,0.00100000
4,18,0.581269,0.000184,93.9651,0.000000,0.000000,0.000000,0.011065,0.000000,0.000000,0.000000,0.00100000
4,19,0.658950,0.000208,95.6627,0.000000,0.000000,0.000000,0.011625,0.000000,0.000000,0.000000,0.00100000
4,20,0.558066,0.000177,93.9962,0.000000,0.000000,0.000000,0.009018,0.000000,0.000000,0.000000,0.00100000
4,21,0.571232,0.000181,89.7527,0.000000,0.000000,0.000000,0.007626,0.000000,0.000000,0.000000,0.00100000
4,22,0.620999,0.000196,92.9379,0.000000,0.000000,0.000000,0.011967,0.000000,0.000000,0.000000,0.00100000
4,23,0.564172,0.000178,94.1559,0.000000,0.000000,0.000000,0.010473,0.000000,0.000000,0.000000,0.00100000
4,24,0.593758,0.000187,94.0389,0.000000,0.000000,0.000000,0.011729,0.000000,0.000000,0.000000,0.00100000
4,25,0.564417,0.000178,91.8786,0.000000,0.000000,0.000000,0.009610,0.000000,0.000000,0.000000,0.00100000
4,26,0.581693,0.000183,93.6131,0.000000,0.000000,0.000000,0.012732,0.000000,0.000000,0.000000,0.00100000
4,27,0.553822,0.000176,96.6385,0.000000,0.000000,0.000000,0.006202,0.000000,0.000000,0.000000,0.00100000
4,28,0.571656,0.000181,93.5868,0.000000,0.000000,0.000000,0.006389,0.000000,0.000000,0.000000,0.00100000
4,29,0.541122,0.000171,94.9462,0.000000,0.000000,0.000000,0.009797,0.000000,0.000000,0.000000,0.00100000
4,30,0.567675,0.000180,95.2268,0.000000,0.000000,0.000000,0.007626,0.000000,0.000000,0.000000,0.00100000
4,31,0.550056,0.000174,89.7607,0.000000,0.000000,0.000000,0.007864,0.000000,0.000000,0.000000,0.00100000
4,32,0.597662,0.000185,89.7235,0.000000,0.000000,0.000000,0.037023,0.000000,0.000000,0.000000,0.00100000
4,33,0.594610,0.000184,94.5144,0.000000,0.000000,0.000000,0.032954,0.000000,0.000000,0.000000,0.00100000
4,34,0.542218,0.000169,95.2087,0.000000,0.000000,0.000000,0.023064,0.000000,0.000000,0.000000,0.00100000
4,35,0.517886,0.000161,90.7807,0.000000,0.000000,0.000000,0.023844,0.000000,0.000000,0.000000,0.00100000
4,36,0.504608,0.000158,87.9958,0.000000,0.000000,0.000000,0.015993,0.000000,0.000000,0.000000,0.00100000
4,37,0.493787,0.000156,92.5392,0.000000,0.000000,0.000000,0.011965,0.000000,0.000000,0.000000,0.00100000
4,38,0.517757,0.000163,91.5206,0.000000,0.000000,0.000000,0.011517,0.000000,0.000000,0.000000,0.00100000
4,39,0.494518,0.000156,89.8063,0.000000,0.000000,0.000000,0.009964,0.000000,0.000000,0.000000,0.00100000
4,40,0.577747,0.000182,91.1143,0.000000,0.000000,0.000000,0.011560,0.000000,0.000000,0.000000,0.00100000
4,41,0.506256,0.000159,91.5720,0.000000,0.000000,0.000000,0.014815,0.000000,0.000000,0.000000,0.00100000
4,42,0.546200,0.000172,91.2461,0.000000,0.000000,0.000000,0.010793,0.000000,0.000000,0.000000,0.00100000
4,43,0.475983,0.000150,88.5572,0.000000,0.000000,0.000000,0.009642,0.000000,0.000000,0.000000,0.00100000
4,44,0.452384,0.000143,89.3643,0.000000,0.000000,0.000000,0.008914,0.000000,0.000000,0.000000,0.00100000
4,45,0.433220,0.000137,87.1799,0.000000,0.000000,0.000000,0.007626,0.000000,0.000000,0.000000,0.00100000
4,46,0.484549,0.000152,90.7687,0.000000,0.000000,0.000000,0.013216,0.000000,0.000000,0.000000,0.00100000
4,47,0.512595,0.000160,91.8004,0.000000,0.000000,0.000000,0.022910,0.000000,0.000000,0.000000,0.00100000
4,48,0.721353,0.000216,90.3609,0.000000,0.000000,0.000000,0.086987,0.000000,0.000000,0.000000,0.00100000
4,49,0.527807,0.000145,91.5495,0.000000,0.000000,0.000000,0.145395,0.000000,0.000000,0.000000,0.00100000
4,50,0.532233,0.000163,84.4883,0.000000,0.000000,0.000000,0.042663,0.000000,0.000000,0.000000,0.00100000
4,51,0.563285,0.000168,92.5035,0.000000,0.000000,0.000000,0.071537,0.000000,0.000000,0.000000,0.00100000
4,52,0.464852,0.000144,91.8921,0.000000,0.000000,0.000000,0.028490,0.000000,0.000000,0.000000,0.00100000
4,53,0.547883,0.000168,89.2346,0.000000,0.000000,0.000000,0.040921,0.000000,0.000000,0.000000,0.00100000
4,54,0.497319,0.000156,90.4350,0.000000,0.000000,0.000000,0.017776,0.000000,0.000000,0.000000,0.00100000
4,55,0.586687,0.000184,86.6671,0.000000,0.000000,0.000000,0.020197,0.000000,0.000000,0.000000,0.00100000
4,56,0.577247,0.000180,89.0419,0.000000,0.000000,0.000000,0.027754,0.000000,0.000000,0.000000,0.00100000
4,57,0.593603,0.000185,96.9239,0.000000,0.000000,0.000000,0.027769,0.000000,0.000000,0.000000,0.00100000
4,58,0.492660,0.000154,93.8132,0.000000,0.000000,0.000000,0.019843,0.000000,0.000000,0.000000,0.00100000
4,59,0.488019,0.000152,93.3443,0.000000,0.000000,0.000000,0.022529,0.000000,0.000000,0.000000,0.00100000
4,60,0.481316,0.000152,94.6998,0.000000,0.000000,0.000000,0.009319,0.000000,0.000000,0.000000,0.00100000
4,61,0.704074,0.000216,97.4157,0.000000,0.000000,0.000000,0.055194,0.000000,0.000000,0.000000,0.00100000
4,62,0.594485,0.000185,102.8998,0.000000,0.000000,0.000000,0.026640,0.000000,0.000000,0.000000,0.00100000
4,63,0.660954,0.000203,91.0050,0.000000,0.000000,0.000000,0.049326,0.000000,0.000000,0.000000,0.00100000
4,64,0.540425,0.000167,91.2057,0.000000,0.000000,0.000000,0.033175,0.000000,0.000000,0.000000,0.00100000
4,65,0.569675,0.000178,95.0067,0.000000,0.000000,0.000000,0.020738,0.000000,0.000000,0.000000,0.00100000
4,66,0.541861,0.000171,89.2857,0.000000,0.000000,0.000000,0.013324,0.000000,0.000000,0.000000,0.00100000
4,67,0.606817,0.000192,95.5348,0.000000,0.000000,0.000000,0.012031,0.000000,0.000000,0.000000,0.00100000
4,68,0.534648,0.000169,89.7052,0.000000,0.000000,0.000000,0.011709,0.000000,0.000000,0.000000,0.00100000
4,69,0.533934,0.000169,86.9595,0.000000,0.000000,0.000000,0.010068,0.000000,0.000000,0.000000,0.00100000
4,70,0.521016,0.000165,93.8710,0.000000,0.000000,0.000000,0.010099,0.000000,0.000000,0.000000,0.00100000
4,71,0.559979,0.000176,95.0424,0.000000,0.000000,0.000000,0.016003,0.000000,0.000000,0.000000,0.00100000
4,72,0.539415,0.000171,94.0998,0.000000,0.000000,0.000000,0.007387,0.000000,0.000000,0.000000,0.00100000
4,73,0.579335,0.000184,89.9841,0.000000,0.000000,0.000000,0.007034,0.000000,0.000000,0.000000,0.00100000
4,74,0.541815,0.000171,90.1487,0.000000,0.000000,0.000000,0.010986,0.000000,0.000000,0.000000,0.00100000
4,75,0.520000,0.000165,93.2625,0.000000,0.000000,0.000000,0.007865,0.000000,0.000000,0.000000,0.00100000
4,76,0.512679,0.000162,92.7766,0.000000,0.000000,0.000000,0.006982,0.000000,0.000000,0.000000,0.00100000
4,77,0.493918,0.000156,91.4636,0.000000,0.000000,0.000000,0.012218,0.000000,0.000000,0.000000,0.00100000
4,78,0.506398,0.000160,90.4866,0.000000,0.000000,0.000000,0.006660,0.000000,0.000000,0.000000,0.00100000
4,79,0.592144,0.000181,93.3040,0.000000,0.000000,0.000000,0.051817,0.000000,0.000000,0.000000,0.00100000
4,80,0.585600,0.000181,97.0715,0.000000,0.000000,0.000000,0.035847,0.000000,0.000000,0.000000,0.00100000
4,81,0.449216,0.000141,92.2903,0.000000,0.000000,0.000000,0.011168,0.000000,0.000000,0.000000,0.00100000
4,82,0.487550,0.000153,88.7350,0.000000,0.000000,0.000000,0.018021,0.000000,0.000000,0.000000,0.00100000
4,83,0.490017,0.000154,82.5187,0.000000,0.000000,0.000000,0.012415,0.000000,0.000000,0.000000,0.00100000
4,84,0.594253,0.000188,100.6314,0.000000,0.000000,0.000000,0.010286,0.000000,0.000000,0.000000,0.00100000
4,85,0.462416,0.000146,98.6681,0.000000,0.000000,0.000000,0.009319,0.000000,0.000000,0.000000,0.00100000
4,86,0.569321,0.000180,98.3267,0.000000,0.000000,0.000000,0.009964,0.000000,0.000000,0.000000,0.00100000
4,87,0.660319,0.000206,101.1831,0.000000,0.000000,0.000000,0.030813,0.000000,0.000000,0.000000,0.00100000
4,88,0.578747,0.000181,106.2645,0.000000,0.000000,0.000000,0.020810,0.000000,0.000000,0.000000,0.00100000
4,89,0.667211,0.000210,111.3025,0.000000,0.000000,0.000000,0.015831,0.000000,0.000000,0.000000,0.00100000
4,90,0.500984,0.000157,83.9822,0.000000,0.000000,0.000000,0.019574,0.000000,0.000000,0.000000,0.00100000
4,91,0.387116,0.000122,81.6692,0.000000,0.000000,0.000000,0.008540,0.000000,0.000000,0.000000,0.00100000
4,92,0.398499,0.000126,70.3200,0.000000,0.000000,0.000000,0.006254,0.000000,0.000000,0.000000,0.00100000
4,93,0.478069,0.000150,87.9670,0.000000,0.000000,0.000000,0.016356,0.000000,0.000000,0.000000,0.00100000
4,94,0.587254,0.000184,98.0648,0.000000,0.000000,0.000000,0.017685,0.000000,0.000000,0.000000,0.00100000
4,95,0.543935,0.000170,88.4449,0.000000,0.000000,0.000000,0.020384,0.000000,0.000000,0.000000,0.00100000
4,96,0.562364,0.000176,93.0531,0.000000,0.000000,0.000000,0.020390,0.000000,0.000000,0.000000,0.00100000
4,97,0.548214,0.000173,86.6185,0.000000,0.000000,0.000000,0.013562,0.000000,0.000000,0.000000,0.00100000
4,98,0.529345,0.000168,90.5909,0.000000,0.000000,0.000000,0.006389,0.000000,0.000000,0.000000,0.00100000
4,99,0.552352,0.000174,93.6071,0.000000,0.000000,0.000000,0.013475,0.000000,0.000000,0.000000,0.00100000
4,100,0.493858,0.000156,87.6934,0.000000,0.000000,0.000000,0.007948,0.000000,0.000000,0.000000,0.00100000
4,101,0.545965,0.000173,89.4741,0.000000,0.000000,0.000000,0.009423,0.000000,0.000000,0.000000,0.00100000
4,102,0.570919,0.000180,90.1075,0.000000,0.000000,0.000000,0.014478,0.000000,0.000000,0.000000,0.00100000
4,103,0.522183,0.000165,87.8934,0.000000,0.000000,0.000000,0.010472,0.000000,0.000000,0.000000,0.00100000
4,104,0.554139,0.000175,88.7985,0.000000,0.000000,0.000000,0.008949,0.000000,0.000000,0.000000,0.00100000
4,105,0.533524,0.000169,89.0230,0.000000,0.000000,0.000000,0.009750,0.000000,0.000000,0.000000,0.00100000
4,106,0.509681,0.000161,90.2241,0.000000,0.000000,0.000000,0.006982,0.000000,0.000000,0.000000,0.00100000
4,107,0.545856,0.000172,88.6445,0.000000,0.000000,0.000000,0.010704,0.000000,0.000000,0.000000,0.00100000
4,108,0.545599,0.000172,89.2664,0.000000,0.000000,0.000000,0.010646,0.000000,0.000000,0.000000,0.00100000
4,109,0.528474,0.000166,89.8495,0.000000,0.000000,0.000000,0.013380,0.000000,0.000000,0.000000,0.00100000
4,110,0.568515,0.000173,86.3675,0.000000,0.000000,0.000000,0.050097,0.000000,0.000000,0.000000,0.00100000
4,111,0.697687,0.000215,84.2032,0.000000,0.000000,0.000000,0.049564,0.000000,0.000000,0.000000,0.00100000
4,112,0.525613,0.000162,79.4923,0.000000,0.000000,0.000000,0.035187,0.000000,0.000000,0.000000,0.00100000
4,113,0.487026,0.000149,80.7790,0.000000,0.000000,0.000000,0.041179,0.000000,0.000000,0.000000,0.00100000
4,114,0.678045,0.000209,90.0026,0.000000,0.000000,0.000000,0.046136,0.000000,0.000000,0.000000,0.00100000
4,115,0.601203,0.000184,102.0905,0.000000,0.000000,0.000000,0.045404,0.000000,0.000000,0.000000,0.00100000
4,116,0.708884,0.000217,108.7551,0.000000,0.000000,0.000000,0.054018,0.000000,0.000000,0.000000,0.00100000
4,117,0.473626,0.000144,76.1075,0.000000,0.000000,0.000000,0.046410,0.000000,0.000000,0.000000,0.00100000
4,118,0.554540,0.000170,83.7834,0.000000,0.000000,0.000000,0.044380,0.000000,0.000000,0.000000,0.00100000
4,119,0.438765,0.000138,75.7774,0.000000,0.000000,0.000000,0.010337,0.000000,0.000000,0.000000,0.00100000
4,120,0.551672,0.000171,101.0288,0.000000,0.000000,0.000000,0.033252,0.000000,0.000000,0.000000,0.00100000
4,121,0.511909,0.000160,100.2301,0.000000,0.000000,0.000000,0.018389,0.000000,0.000000,0.000000,0.00100000
4,122,0.544047,0.000170,104.9749,0.000000,0.000000,0.000000,0.023793,0.000000,0.000000,0.000000,0.00100000
4,123,0.607196,0.000190,104.1840,0.000000,0.000000,0.000000,0.023594,0.000000,0.000000,0.000000,0.00100000
4,124,0.610236,0.000189,107.6575,0.000000,0.000000,0.000000,0.032151,0.000000,0.000000,0.000000,0.00100000
4,125,0.547453,0.000171,88.9501,0.000000,0.000000,0.000000,0.021558,0.000000,0.000000,0.000000,0.00100000
4,126,0.685006,0.000206,100.4478,0.000000,0.000000,0.000000,0.076393,0.000000,0.000000,0.000000,0.00100000
4,127,0.603396,0.000185,100.6272,0.000000,0.000000,0.000000,0.049372,0.000000,0.000000,0.000000,0.00100000
4,128,0.507246,0.000159,92.2414,0.000000,0.000000,0.000000,0.015952,0.000000,0.000000,0.000000,0.00100000
4,129,0.558387,0.000176,102.3876,0.000000,0.000000,0.000000,0.015657,0.000000,0.000000,0.000000,0.00100000
4,130,0.449105,0.000142,84.7898,0.000000,0.000000,0.000000,0.007864,0.000000,0.000000,0.000000,0.00100000
4,131,0.453819,0.000144,88.6163,0.000000,0.000000,0.000000,0.007033,0.000000,0.000000,0.000000,0.00100000
4,132,0.453500,0.000144,93.3970,0.000000,0.000000,0.000000,0.004000,0.000000,0.000000,0.000000,0.00100000
4,133,0.542714,0.000171,99.9402,0.000000,0.000000,0.000000,0.012437,0.000000,0.000000,0.000000,0.00100000
4,134,0.391584,0.000124,84.3687,0.000000,0.000000,0.000000,0.004966,0.000000,0.000000,0.000000,0.00100000
4,135,0.518102,0.000162,86.6738,0.000000,0.000000,0.000000,0.017184,0.000000,0.000000,0.000000,0.00100000
4,136,0.482649,0.000153,99.2805,0.000000,0.000000,0.000000,0.007490,0.000000,0.000000,0.000000,0.00100000
4,137,0.460510,0.000146,80.6173,0.000000,0.000000,0.000000,0.006524,0.000000,0.000000,0.000000,0.00100000
4,138,0.559085,0.000174,96.9616,0.000000,0.000000,0.000000,0.023801,0.000000,0.000000,0.000000,0.00100000
4,139,0.549247,0.000172,100.9918,0.000000,0.000000,0.000000,0.019584,0.000000,0.000000,0.000000,0.00100000
4,140,0.514632,0.000162,101.6621,0.000000,0.000000,0.000000,0.012031,0.000000,0.000000,0.000000,0.00100000
4,141,0.739599,0.000231,106.7245,0.000000,0.000000,0.000000,0.032246,0.000000,0.000000,0.000000,0.00100000
4,142,0.954234,0.000300,107.9791,0.000000,0.000000,0.000000,0.026703,0.000000,0.000000,0.000000,0.00100000
4,143,0.673790,0.000211,86.0257,0.000000,0.000000,0.000000,0.026181,0.000000,0.000000,0.000000,0.00100000
4,144,0.616695,0.000194,90.3675,0.000000,0.000000,0.000000,0.014285,0.000000,0.000000,0.000000,0.00100000
4,145,0.647940,0.000204,91.4721,0.000000,0.000000,0.000000,0.018373,0.000000,0.000000,0.000000,0.00100000
4,146,0.684887,0.000216,91.9277,0.000000,0.000000,0.000000,0.013506,0.000000,0.000000,0.000000,0.00100000
4,147,0.667851,0.000211,96.4331,0.000000,0.000000,0.000000,0.012732,0.000000,0.000000,0.000000,0.00100000
4,148,0.774914,0.000244,109.4880,0.000000,0.000000,0.000000,0.020266,0.000000,0.000000,0.000000,0.00100000
4,149,0.519488,0.000163,79.6297,0.000000,0.000000,0.000000,0.016030,0.000000,0.000000,0.000000,0.00100000
4,150,0.672685,0.000212,98.3351,0.000000,0.000000,0.000000,0.016508,0.000000,0.000000,0.000000,0.00100000
4,151,0.679629,0.000215,105.3929,0.000000,0.000000,0.000000,0.010794,0.000000,0.000000,0.000000,0.00100000
4,152,0.602651,0.000190,100.5297,0.000000,0.000000,0.000000,0.013319,0.000000,0.000000,0.000000,0.00100000
4,153,0.723501,0.000227,104.8357,0.000000,0.000000,0.000000,0.025717,0.000000,0.000000,0.000000,0.00100000
4,154,0.613367,0.000191,94.2228,0.000000,0.000000,0.000000,0.028924,0.000000,0.000000,0.000000,0.00100000
4,155,0.600747,0.000189,92.7442,0.000000,0.000000,0.000000,0.015952,0.000000,0.000000,0.000000,0.00100000
4,156,0.592137,0.000181,98.5695,0.000000,0.000000,0.000000,0.048314,0.000000,0.000000,0.000000,0.00100000
4,157,0.753006,0.000230,90.3710,0.000000,0.000000,0.000000,0.063463,0.000000,0.000000,0.000000,0.00100000
4,158,0.634390,0.000197,86.0025,0.000000,0.000000,0.000000,0.031450,0.000000,0.000000,0.000000,0.00100000
4,159,0.680784,0.000208,90.7053,0.000000,0.000000,0.000000,0.054577,0.000000,0.000000,0.000000,0.00100000
4,160,0.606543,0.000190,90.7064,0.000000,0.000000,0.000000,0.020034,0.000000,0.000000,0.000000,0.00100000
4,161,0.695383,0.000218,110.0563,0.000000,0.000000,0.000000,0.026233,0.000000,0.000000,0.000000,0.00100000
4,162,0.560053,0.000175,100.4912,0.000000,0.000000,0.000000,0.023352,0.000000,0.000000,0.000000,0.00100000
4,163,0.568014,0.000179,100.0623,0.000000,0.000000,0.000000,0.015354,0.000000,0.000000,0.000000,0.00100000
4,164,0.773091,0.000242,100.3459,0.000000,0.000000,0.000000,0.029028,0.000000,0.000000,0.000000,0.00100000
4,165,0.567813,0.000179,83.2253,0.000000,0.000000,0.000000,0.015815,0.000000,0.000000,0.000000,0.00100000
4,166,0.686909,0.000217,94.6166,0.000000,0.000000,0.000000,0.015657,0.000000,0.000000,0.000000,0.00100000
4,167,0.524869,0.000165,97.7699,0.000000,0.000000,0.000000,0.016327,0.000000,0.000000,0.000000,0.00100000
4,168,0.573761,0.000181,95.6536,0.000000,0.000000,0.000000,0.010252,0.000000,0.000000,0.000000,0.00100000
4,169,0.527352,0.000166,86.0641,0.000000,0.000000,0.000000,0.015356,0.000000,0.000000,0.000000,0.00100000
4,170,0.492434,0.000156,97.9936,0.000000,0.000000,0.000000,0.004644,0.000000,0.000000,0.000000,0.00100000
4,171,0.470297,0.000148,78.0167,0.000000,0.000000,0.000000,0.012997,0.000000,0.000000,0.000000,0.00100000
4,172,0.545238,0.000172,99.8777,0.000000,0.000000,0.000000,0.013609,0.000000,0.000000,0.000000,0.00100000
4,173,0.688979,0.000215,97.4958,0.000000,0.000000,0.000000,0.027179,0.000000,0.000000,0.000000,0.00100000
4,174,0.442953,0.000139,76.6411,0.000000,0.000000,0.000000,0.011812,0.000000,0.000000,0.000000,0.00100000
4,175,0.561383,0.000175,84.4104,0.000000,0.000000,0.000000,0.025541,0.000000,0.000000,0.000000,0.00100000
4,176,0.631323,0.000199,104.5790,0.000000,0.000000,0.000000,0.016489,0.000000,0.000000,0.000000,0.00100000
4,177,0.464997,0.000143,91.3068,0.000000,0.000000,0.000000,0.031534,0.000000,0.000000,0.000000,0.00100000
4,178,0.421697,0.000133,78.8906,0.000000,0.000000,0.000000,0.010337,0.000000,0.000000,0.000000,0.00100000
4,179,0.381896,0.000120,93.3358,0.000000,0.000000,0.000000,0.013641,0.000000,0.000000,0.000000,0.00100000
4,180,0.463126,0.000144,90.3144,0.000000,0.000000,0.000000,0.025418,0.000000,0.000000,0.000000,0.00100000
4,181,0.430746,0.000136,92.1643,0.000000,0.000000,0.000000,0.011212,0.000000,0.000000,0.000000,0.00100000
4,182,0.597315,0.000187,89.7895,0.000000,0.000000,0.000000,0.023984,0.000000,0.000000,0.000000,0.00100000
4,183,0.424484,0.000134,85.2252,0.000000,0.000000,0.000000,0.007948,0.000000,0.000000,0.000000,0.00100000
4,184,0.402989,0.000126,93.4971,0.000000,0.000000,0.000000,0.012830,0.000000,0.000000,0.000000,0.00100000
4,185,0.492010,0.000155,75.9440,0.000000,0.000000,0.000000,0.012753,0.000000,0.000000,0.000000,0.00100000
4,186,0.503743,0.000160,95.1937,0.000000,0.000000,0.000000,0.006524,0.000000,0.000000,0.000000,0.00100000
4,187,0.463060,0.000146,101.5544,0.000000,0.000000,0.000000,0.012082,0.000000,0.000000,0.000000,0.00100000
4,188,0.606363,0.000188,94.4612,0.000000,0.000000,0.000000,0.030766,0.000000,0.000000,0.000000,0.00100000
4,189,0.584047,0.000180,89.1182,0.000000,0.000000,0.000000,0.037110,0.000000,0.000000,0.000000,0.00100000
4,190,0.659403,0.000206,97.9385,0.000000,0.000000,0.000000,0.027256,0.000000,0.000000,0.000000,0.00100000
4,191,0.451399,0.000142,93.5861,0.000000,0.000000,0.000000,0.013287,0.000000,0.000000,0.000000,0.00100000
4,192,0.468185,0.000147,82.2999,0.000000,0.000000,0.000000,0.013422,0.000000,0.000000,0.000000,0.00100000
4,193,0.521632,0.000163,96.5754,0.000000,0.000000,0.000000,0.023907,0.000000,0.000000,0.000000,0.00100000
4,194,0.482178,0.000152,94.7847,0.000000,0.000000,0.000000,0.009647,0.000000,0.000000,0.000000,0.00100000
4,195,0.466959,0.000148,97.8124,0.000000,0.000000,0.000000,0.007220,0.000000,0.000000,0.000000,0.00100000
4,196,0.423412,0.000133,84.5170,0.000000,0.000000,0.000000,0.012780,0.000000,0.000000,0.000000,0.00100000
4,197,0.604284,0.000190,107.2225,0.000000,0.000000,0.000000,0.016623,0.000000,0.000000,0.000000,0.00100000
4,198,0.386915,0.000123,83.8421,0.000000,0.000000,0.000000,0.004561,0.000000,0.000000,0.000000,0.00100000
4,199,0.435274,0.000137,91.9009,0.000000,0.000000,0.000000,0.010020,0.000000,0.000000,0.000000,0.00100000
4,200,0.344551,0.000109,92.6043,0.000000,0.000000,0.000000,0.005288,0.000000,0.000000,0.000000,0.00100000
4,201,0.471029,0.000149,93.7855,0.000000,0.000000,0.000000,0.005932,0.000000,0.000000,0.000000,0.00100000
4,202,0.400491,0.000127,84.0732,0.000000,0.000000,0.000000,0.003034,0.000000,0.000000,0.000000,0.00100000
4,203,0.475734,0.000150,83.4925,0.000000,0.000000,0.000000,0.010504,0.000000,0.000000,0.000000,0.00100000
4,204,0.574158,0.000177,77.1768,0.000000,0.000000,0.000000,0.037548,0.000000,0.000000,0.000000,0.00100000
4,205,0.518322,0.000162,106.1489,0.000000,0.000000,0.000000,0.018742,0.000000,0.000000,0.000000,0.00100000
4,206,0.479709,0.000150,99.4783,0.000000,0.000000,0.000000,0.016744,0.000000,0.000000,0.000000,0.00100000
4,207,0.474339,0.000148,88.8344,0.000000,0.000000,0.000000,0.020487,0.000000,0.000000,0.000000,0.00100000
4,208,0.611512,0.000189,100.7172,0.000000,0.000000,0.000000,0.036363,0.000000,0.000000,0.000000,0.00100000
4,209,0.411012,0.000127,92.9050,0.000000,0.000000,0.000000,0.026367,0.000000,0.000000,0.000000,0.00100000
4,210,0.345165,0.000108,90.9885,0.000000,0.000000,0.000000,0.012623,0.000000,0.000000,0.000000,0.00100000
4,211,0.486209,0.000153,92.1024,0.000000,0.000000,0.000000,0.011625,0.000000,0.000000,0.000000,0.00100000
4,212,0.363944,0.000115,79.9077,0.000000,0.000000,0.000000,0.007355,0.000000,0.000000,0.000000,0.00100000
4,213,0.383555,0.000121,85.5819,0.000000,0.000000,0.000000,0.005153,0.000000,0.000000,0.000000,0.00100000
4,214,0.344840,0.000109,87.3498,0.000000,0.000000,0.000000,0.003813,0.000000,0.000000,0.000000,0.00100000
4,215,0.469157,0.000147,93.3615,0.000000,0.000000,0.000000,0.015677,0.000000,0.000000,0.000000,0.00100000
4,216,0.546818,0.000172,100.2669,0.000000,0.000000,0.000000,0.013422,0.000000,0.000000,0.000000,0.00100000
4,217,0.505083,0.000160,105.7119,0.000000,0.000000,0.000000,0.009287,0.000000,0.000000,0.000000,0.00100000
4,218,0.430697,0.000131,91.1168,0.000000,0.000000,0.000000,0.036728,0.000000,0.000000,0.000000,0.00100000
4,219,0.560680,0.000176,101.7502,0.000000,0.000000,0.000000,0.017205,0.000000,0.000000,0.000000,0.00100000
4,220,0.599852,0.000185,98.1446,0.000000,0.000000,0.000000,0.037994,0.000000,0.000000,0.000000,0.00100000
4,221,0.495595,0.000149,84.5712,0.000000,0.000000,0.000000,0.059470,0.000000,0.000000,0.000000,0.00100000
4,222,0.475246,0.000143,80.2538,0.000000,0.000000,0.000000,0.055121,0.000000,0.000000,0.000000,0.00100000
4,223,0.478089,0.000146,94.3056,0.000000,0.000000,0.000000,0.038975,0.000000,0.000000,0.000000,0.00100000
4,224,0.460570,0.000144,102.4795,0.000000,0.000000,0.000000,0.016726,0.000000,0.000000,0.000000,0.00100000
4,225,0.475927,0.000147,92.0621,0.000000,0.000000,0.000000,0.031306,0.000000,0.000000,0.000000,0.00100000
4,226,0.700315,0.000215,101.6122,0.000000,0.000000,0.000000,0.054813,0.000000,0.000000,0.000000,0.00100000
4,227,0.581507,0.000176,107.5959,0.000000,0.000000,0.000000,0.058825,0.000000,0.000000,0.000000,0.00100000
4,228,0.461741,0.000144,94.8944,0.000000,0.000000,0.000000,0.022857,0.000000,0.000000,0.000000,0.00100000
4,229,0.638892,0.000198,102.5358,0.000000,0.000000,0.000000,0.038379,0.000000,0.000000,0.000000,0.00100000
4,230,0.462963,0.000144,86.4042,0.000000,0.000000,0.000000,0.021324,0.000000,0.000000,0.000000,0.00100000
4,231,0.487315,0.000153,88.2738,0.000000,0.000000,0.000000,0.017245,0.000000,0.000000,0.000000,0.00100000
4,232,0.488709,0.000152,87.1914,0.000000,0.000000,0.000000,0.022389,0.000000,0.000000,0.000000,0.00100000
4,233,0.398696,0.000124,74.2215,0.000000,0.000000,0.000000,0.017973,0.000000,0.000000,0.000000,0.00100000
4,234,0.436161,0.000137,83.2476,0.000000,0.000000,0.000000,0.014691,0.000000,0.000000,0.000000,0.00100000
4,235,0.562990,0.000177,75.9939,0.000000,0.000000,0.000000,0.015134,0.000000,0.000000,0.000000,0.00100000
4,236,0.511266,0.000162,85.7383,0.000000,0.000000,0.000000,0.006711,0.000000,0.000000,0.000000,0.00100000
4,237,0.703930,0.000223,103.7590,0.000000,0.000000,0.000000,0.010438,0.000000,0.000000,0.000000,0.00100000
4,238,0.521261,0.000165,94.8212,0.000000,0.000000,0.000000,0.005558,0.000000,0.000000,0.000000,0.00100000
4,239,0.492923,0.000156,96.7865,0.000000,0.000000,0.000000,0.004779,0.000000,0.000000,0.000000,0.00100000
4,240,0.436031,0.000138,78.8643,0.000000,0.000000,0.000000,0.004779,0.000000,0.000000,0.000000,0.00100000
4,241,0.639757,0.000202,94.7855,0.000000,0.000000,0.000000,0.013807,0.000000,0.000000,0.000000,0.00100000
4,242,0.635484,0.000201,105.3740,0.000000,0.000000,0.000000,0.008509,0.000000,0.000000,0.000000,0.00100000
4,243,0.634409,0.000201,99.0525,0.000000,0.000000,0.000000,0.008270,0.000000,0.000000,0.000000,0.00100000
4,244,0.537263,0.000170,96.4942,0.000000,0.000000,0.000000,0.007321,0.000000,0.000000,0.000000,0.00100000
4,245,0.484204,0.000153,87.2332,0.000000,0.000000,0.000000,0.007355,0.000000,0.000000,0.000000,0.00100000
4,246,0.494906,0.000157,100.9865,0.000000,0.000000,0.000000,0.006389,0.000000,0.000000,0.000000,0.00100000
4,247,0.562875,0.000178,102.1584,0.000000,0.000000,0.000000,0.006982,0.000000,0.000000,0.000000,0.00100000
4,248,0.580932,0.000184,100.3901,0.000000,0.000000,0.000000,0.008643,0.000000,0.000000,0.000000,0.00100000
4,249,0.521295,0.000165,90.4099,0.000000,0.000000,0.000000,0.006660,0.000000,0.000000,0.000000,0.00100000
4,250,0.441550,0.000140,83.4590,0.000000,0.000000,0.000000,0.005745,0.000000,0.000000,0.000000,0.00100000
4,251,0.417393,0.000131,84.3620,0.000000,0.000000,0.000000,0.012675,0.000000,0.000000,0.000000,0.00100000
4,252,0.436900,0.000137,102.5507,0.000000,0.000000,0.000000,0.015218,0.000000,0.000000,0.000000,0.00100000
4,253,0.522146,0.000162,103.1438,0.000000,0.000000,0.000000,0.026333,0.000000,0.000000,0.000000,0.00100000
4,254,0.488585,0.000154,97.1799,0.000000,0.000000,0.000000,0.011070,0.000000,0.000000,0.000000,0.00100000
4,255,0.396185,0.000124,98.3691,0.000000,0.000000,0.000000,0.013506,0.000000,0.000000,0.000000,0.00100000
4,256,0.508880,0.000160,99.2112,0.000000,0.000000,0.000000,0.013054,0.000000,0.000000,0.000000,0.00100000
4,257,0.520244,0.000164,99.2794,0.000000,0.000000,0.000000,0.012823,0.000000,0.000000,0.000000,0.00100000
4,258,0.373882,0.000118,85.5938,0.000000,0.000000,0.000000,0.007948,0.000000,0.000000,0.000000,0.00100000
4,259,0.439160,0.000139,92.6149,0.000000,0.000000,0.000000,0.007304,0.000000,0.000000,0.000000,0.00100000
4,260,0.624766,0.000197,99.1423,0.000000,0.000000,0.000000,0.013221,0.000000,0.000000,0.000000,0.00100000
4,261,0.475079,0.000150,88.0159,0.000000,0.000000,0.000000,0.009131,0.000000,0.000000,0.000000,0.00100000
4,262,0.425808,0.000135,91.8620,0.000000,0.000000,0.000000,0.007896,0.000000,0.000000,0.000000,0.00100000
4,263,0.404050,0.000128,82.5758,0.000000,0.000000,0.000000,0.006795,0.000000,0.000000,0.000000,0.00100000
4,264,0.409732,0.000130,86.9267,0.000000,0.000000,0.000000,0.004644,0.000000,0.000000,0.000000,0.00100000
4,265,0.582826,0.000183,83.6961,0.000000,0.000000,0.000000,0.020230,0.000000,0.000000,0.000000,0.00100000
4,266,0.525189,0.000163,91.0608,0.000000,0.000000,0.000000,0.025697,0.000000,0.000000,0.000000,0.00100000
4,267,0.473832,0.000148,85.7825,0.000000,0.000000,0.000000,0.017916,0.000000,0.000000,0.000000,0.00100000
4,268,0.670257,0.000211,91.6917,0.000000,0.000000,0.000000,0.019559,0.000000,0.000000,0.000000,0.00100000
4,269,0.525970,0.000165,99.0754,0.000000,0.000000,0.000000,0.016786,0.000000,0.000000,0.000000,0.00100000
4,270,0.532934,0.000168,99.5131,0.000000,0.000000,0.000000,0.014607,0.000000,0.000000,0.000000,0.00100000
4,271,0.605089,0.000189,88.6865,0.000000,0.000000,0.000000,0.027074,0.000000,0.000000,0.000000,0.00100000
4,272,0.557478,0.000173,96.1548,0.000000,0.000000,0.000000,0.028109,0.000000,0.000000,0.000000,0.00100000
4,273,0.447727,0.000139,95.3098,0.000000,0.000000,0.000000,0.024448,0.000000,0.000000,0.000000,0.00100000
4,274,0.500054,0.000154,83.5109,0.000000,0.000000,0.000000,0.031429,0.000000,0.000000,0.000000,0.00100000
4,275,0.435561,0.000137,89.3431,0.000000,0.000000,0.000000,0.009236,0.000000,0.000000,0.000000,0.00100000
4,276,0.554874,0.000173,95.2999,0.000000,0.000000,0.000000,0.022015,0.000000,0.000000,0.000000,0.00100000
4,277,0.472142,0.000149,87.0330,0.000000,0.000000,0.000000,0.009101,0.000000,0.000000,0.000000,0.00100000
4,278,0.379625,0.000120,92.0345,0.000000,0.000000,0.000000,0.004966,0.000000,0.000000,0.000000,0.00100000
4,279,0.563318,0.000177,104.7271,0.000000,0.000000,0.000000,0.013641,0.000000,0.000000,0.000000,0.00100000
4,280,0.524570,0.000166,88.9558,0.000000,0.000000,0.000000,0.005715,0.000000,0.000000,0.000000,0.00100000
4,281,0.594535,0.000186,99.2766,0.000000,0.000000,0.000000,0.020810,0.000000,0.000000,0.000000,0.00100000
4,282,0.601101,0.000183,96.1853,0.000000,0.000000,0.000000,0.055196,0.000000,0.000000,0.000000,0.00100000
4,283,0.509122,0.000155,87.8150,0.000000,0.000000,0.000000,0.048758,0.000000,0.000000,0.000000,0.00100000
4,284,0.539375,0.000166,98.6212,0.000000,0.000000,0.000000,0.034945,0.000000,0.000000,0.000000,0.00100000
4,285,0.492209,0.000149,89.5864,0.000000,0.000000,0.000000,0.050340,0.000000,0.000000,0.000000,0.00100000
4,286,0.495722,0.000154,104.4293,0.000000,0.000000,0.000000,0.023978,0.000000,0.000000,0.000000,0.00100000
4,287,0.458499,0.000141,97.7251,0.000000,0.000000,0.000000,0.033632,0.000000,0.000000,0.000000,0.00100000
4,288,0.390377,0.000123,86.8995,0.000000,0.000000,0.000000,0.011303,0.000000,0.000000,0.000000,0.00100000
4,289,0.446362,0.000140,87.7249,0.000000,0.000000,0.000000,0.013153,0.000000,0.000000,0.000000,0.00100000
4,290,0.395039,0.000124,91.9373,0.000000,0.000000,0.000000,0.009371,0.000000,0.000000,0.000000,0.00100000
4,291,0.407376,0.000128,84.9319,0.000000,0.000000,0.000000,0.012166,0.000000,0.000000,0.000000,0.00100000
4,292,0.422772,0.000132,94.0704,0.000000,0.000000,0.000000,0.017505,0.000000,0.000000,0.000000,0.00100000
4,293,0.448144,0.000142,99.3788,0.000000,0.000000,0.000000,0.008727,0.000000,0.000000,0.000000,0.00100000
4,294,0.479011,0.000150,99.9463,0.000000,0.000000,0.000000,0.014909,0.000000,0.000000,0.000000,0.00100000
4,295,0.403066,0.000127,99.4338,0.000000,0.000000,0.000000,0.007864,0.000000,0.000000,0.000000,0.00100000
4,296,0.627915,0.000197,96.3281,0.000000,0.000000,0.000000,0.020726,0.000000,0.000000,0.000000,0.00100000
4,297,0.535808,0.000168,95.0217,0.000000,0.000000,0.000000,0.017918,0.000000,0.000000,0.000000,0.00100000
4,298,0.629470,0.000195,102.4839,0.000000,0.000000,0.000000,0.033295,0.000000,0.000000,0.000000,0.00100000
4,299,0.481941,0.000151,96.3454,0.000000,0.000000,0.000000,0.015522,0.000000,0.000000,0.000000,0.00100000
4,300,0.387649,0.000122,86.7873,0.000000,0.000000,0.000000,0.009423,0.000000,0.000000,0.000000,0.00100000
4,301,0.743192,0.000232,103.2861,0.000000,0.000000,0.000000,0.030423,0.000000,0.000000,0.000000,0.00100000
4,302,0.470301,0.000148,92.5269,0.000000,0.000000,0.000000,0.014883,0.000000,0.000000,0.000000,0.00100000
4,303,0.477707,0.000150,86.2980,0.000000,0.000000,0.000000,0.014337,0.000000,0.000000,0.000000,0.00100000
4,304,0.491246,0.000153,89.0147,0.000000,0.000000,0.000000,0.023876,0.000000,0.000000,0.000000,0.00100000
4,305,0.528774,0.000164,96.8315,0.000000,0.000000,0.000000,0.030185,0.000000,0.000000,0.000000,0.00100000
4,306,0.398502,0.000125,84.5053,0.000000,0.000000,0.000000,0.013646,0.000000,0.000000,0.000000,0.00100000
4,307,0.433836,0.000136,79.0343,0.000000,0.000000,0.000000,0.017423,0.000000,0.000000,0.000000,0.00100000
4,308,0.558284,0.000171,96.3751,0.000000,0.000000,0.000000,0.043761,0.000000,0.000000,0.000000,0.00100000
4,309,0.626895,0.000189,102.5820,0.000000,0.000000,0.000000,0.066352,0.000000,0.000000,0.000000,0.00100000
4,310,0.419725,0.000132,80.3945,0.000000,0.000000,0.000000,0.014607,0.000000,0.000000,0.000000,0.00100000
4,311,0.458431,0.000140,94.0588,0.000000,0.000000,0.000000,0.039087,0.000000,0.000000,0.000000,0.00100000
4,312,0.517328,0.000161,97.4161,0.000000,0.000000,0.000000,0.026046,0.000000,0.000000,0.000000,0.00100000
4,313,0.518864,0.000160,97.1242,0.000000,0.000000,0.000000,0.034971,0.000000,0.000000,0.000000,0.00100000
4,314,0.458718,0.000142,84.3170,0.000000,0.000000,0.000000,0.025465,0.000000,0.000000,0.000000,0.00100000
4,315,0.557849,0.000171,89.3662,0.000000,0.000000,0.000000,0.045043,0.000000,0.000000,0.000000,0.00100000
4,316,0.477295,0.000148,95.9529,0.000000,0.000000,0.000000,0.029015,0.000000,0.000000,0.000000,0.00100000
4,317,0.429145,0.000135,96.8204,0.000000,0.000000,0.000000,0.009101,0.000000,0.000000,0.000000,0.00100000
4,318,0.452985,0.000143,78.2144,0.000000,0.000000,0.000000,0.010202,0.000000,0.000000,0.000000,0.00100000
4,319,0.463572,0.000146,90.5710,0.000000,0.000000,0.000000,0.011173,0.000000,0.000000,0.000000,0.00100000
4,320,0.411266,0.000130,86.3047,0.000000,0.000000,0.000000,0.005423,0.000000,0.000000,0.000000,0.00100000
4,321,0.591184,0.000184,97.5769,0.000000,0.000000,0.000000,0.028588,0.000000,0.000000,0.000000,0.00100000
4,322,0.404841,0.000127,89.1704,0.000000,0.000000,0.000000,0.015116,0.000000,0.000000,0.000000,0.00100000
4,323,0.430319,0.000136,96.5885,0.000000,0.000000,0.000000,0.007304,0.000000,0.000000,0.000000,0.00100000
4,324,0.665929,0.000208,107.6615,0.000000,0.000000,0.000000,0.024473,0.000000,0.000000,0.000000,0.00100000
4,325,0.535245,0.000168,96.8290,0.000000,0.000000,0.000000,0.016997,0.000000,0.000000,0.000000,0.00100000
4,326,0.476754,0.000151,95.3951,0.000000,0.000000,0.000000,0.006016,0.000000,0.000000,0.000000,0.00100000
4,327,0.431809,0.000136,95.9236,0.000000,0.000000,0.000000,0.009964,0.000000,0.000000,0.000000,0.00100000
4,328,0.591313,0.000187,99.8037,0.000000,0.000000,0.000000,0.012120,0.000000,0.000000,0.000000,0.00100000
4,329,0.731852,0.000231,103.9446,0.000000,0.000000,0.000000,0.017822,0.000000,0.000000,0.000000,0.00100000
4,330,0.459433,0.000145,93.3483,0.000000,0.000000,0.000000,0.008862,0.000000,0.000000,0.000000,0.00100000
4,331,0.442917,0.000139,98.8976,0.000000,0.000000,0.000000,0.014795,0.000000,0.000000,0.000000,0.00100000
4,332,0.559778,0.000177,102.9323,0.000000,0.000000,0.000000,0.012000,0.000000,0.000000,0.000000,0.00100000
4,333,0.529501,0.000167,94.2641,0.000000,0.000000,0.000000,0.014369,0.000000,0.000000,0.000000,0.00100000
4,334,0.471517,0.000149,100.9014,0.000000,0.000000,0.000000,0.006982,0.000000,0.000000,0.000000,0.00100000
4,335,0.522773,0.000164,89.4226,0.000000,0.000000,0.000000,0.016727,0.000000,0.000000,0.000000,0.00100000
4,336,0.443677,0.000140,86.1310,0.000000,0.000000,0.000000,0.008540,0.000000,0.000000,0.000000,0.00100000
4,337,0.477902,0.000151,94.5032,0.000000,0.000000,0.000000,0.010659,0.000000,0.000000,0.000000,0.00100000
4,338,0.478136,0.000151,97.6685,0.000000,0.000000,0.000000,0.007626,0.000000,0.000000,0.000000,0.00100000
4,339,0.498384,0.000158,96.1027,0.000000,0.000000,0.000000,0.005441,0.000000,0.000000,0.000000,0.00100000
4,340,0.479073,0.000150,90.3248,0.000000,0.000000,0.000000,0.015863,0.000000,0.000000,0.000000,0.00100000
4,341,0.469552,0.000149,102.3981,0.000000,0.000000,0.000000,0.006846,0.000000,0.000000,0.000000,0.00100000
4,342,0.445815,0.000141,91.0761,0.000000,0.000000,0.000000,0.007033,0.000000,0.000000,0.000000,0.00100000
4,343,0.643400,0.000201,105.7335,0.000000,0.000000,0.000000,0.029232,0.000000,0.000000,0.000000,0.00100000
4,344,0.525131,0.000166,95.0908,0.000000,0.000000,0.000000,0.007355,0.000000,0.000000,0.000000,0.00100000
4,345,0.459344,0.000144,92.6348,0.000000,0.000000,0.000000,0.015200,0.000000,0.000000,0.000000,0.00100000
4,346,0.507976,0.000161,104.8124,0.000000,0.000000,0.000000,0.006898,0.000000,0.000000,0.000000,0.00100000
4,347,0.470112,0.000148,99.9072,0.000000,0.000000,0.000000,0.011947,0.000000,0.000000,0.000000,0.00100000
4,348,0.442553,0.000140,104.0779,0.000000,0.000000,0.000000,0.009693,0.000000,0.000000,0.000000,0.00100000
4,349,0.468154,0.000148,105.1598,0.000000,0.000000,0.000000,0.008135,0.000000,0.000000,0.000000,0.00100000
4,350,0.403580,0.000127,79.7801,0.000000,0.000000,0.000000,0.011896,0.000000,0.000000,0.000000,0.00100000
4,351,0.427214,0.000135,86.1585,0.000000,0.000000,0.000000,0.008965,0.000000,0.000000,0.000000,0.00100000
4,352,0.469693,0.000148,92.2121,0.000000,0.000000,0.000000,0.012082,0.000000,0.000000,0.000000,0.00100000
4,353,0.403025,0.000128,82.1132,0.000000,0.000000,0.000000,0.006067,0.000000,0.000000,0.000000,0.00100000
4,354,0.508648,0.000161,105.7706,0.000000,0.000000,0.000000,0.006982,0.000000,0.000000,0.000000,0.00100000
4,355,0.409796,0.000129,87.0032,0.000000,0.000000,0.000000,0.012082,0.000000,0.000000,0.000000,0.00100000
4,356,0.310207,0.000096,93.3081,0.000000,0.000000,0.000000,0.015168,0.000000,0.000000,0.000000,0.00100000
4,357,0.414621,0.000131,93.5887,0.000000,0.000000,0.000000,0.006067,0.000000,0.000000,0.000000,0.00100000
4,358,0.325081,0.000102,87.1077,0.000000,0.000000,0.000000,0.007304,0.000000,0.000000,0.000000,0.00100000
4,359,0.377502,0.000120,93.2404,0.000000,0.000000,0.000000,0.003813,0.000000,0.000000,0.000000,0.00100000
4,360,0.500416,0.000158,85.2174,0.000000,0.000000,0.000000,0.008996,0.000000,0.000000,0.000000,0.00100000
4,361,0.441031,0.000140,96.3451,0.000000,0.000000,0.000000,0.005236,0.000000,0.000000,0.000000,0.00100000
4,362,0.503674,0.000160,98.1889,0.000000,0.000000,0.000000,0.006254,0.000000,0.000000,0.000000,0.00100000
4,363,0.460918,0.000146,93.9803,0.000000,0.000000,0.000000,0.004270,0.000000,0.000000,0.000000,0.00100000
4,364,0.459001,0.000145,94.9595,0.000000,0.000000,0.000000,0.009101,0.000000,0.000000,0.000000,0.00100000
4,365,0.462447,0.000146,88.8207,0.000000,0.000000,0.000000,0.008405,0.000000,0.000000,0.000000,0.00100000
4,366,0.513217,0.000163,99.4119,0.000000,0.000000,0.000000,0.004644,0.000000,0.000000,0.000000,0.00100000
4,367,0.418950,0.000132,82.3688,0.000000,0.000000,0.000000,0.009745,0.000000,0.000000,0.000000,0.00100000
4,368,0.717917,0.000223,97.5726,0.000000,0.000000,0.000000,0.037359,0.000000,0.000000,0.000000,0.00100000
4,369,0.497672,0.000154,91.5184,0.000000,0.000000,0.000000,0.029552,0.000000,0.000000,0.000000,0.00100000
4,370,0.513796,0.000160,94.1282,0.000000,0.000000,0.000000,0.025620,0.000000,0.000000,0.000000,0.00100000
4,371,0.373268,0.000117,74.0772,0.000000,0.000000,0.000000,0.012727,0.000000,0.000000,0.000000,0.00100000
4,372,0.628984,0.000196,83.5162,0.000000,0.000000,0.000000,0.030727,0.000000,0.000000,0.000000,0.00100000
4,373,0.441789,0.000138,88.4053,0.000000,0.000000,0.000000,0.020603,0.000000,0.000000,0.000000,0.00100000
4,374,0.433715,0.000136,100.9462,0.000000,0.000000,0.000000,0.016436,0.000000,0.000000,0.000000,0.00100000
4,375,0.536121,0.000169,96.1269,0.000000,0.000000,0.000000,0.015064,0.000000,0.000000,0.000000,0.00100000
4,376,0.533419,0.000165,100.8323,0.000000,0.000000,0.000000,0.033568,0.000000,0.000000,0.000000,0.00100000
4,377,0.540543,0.000169,101.5163,0.000000,0.000000,0.000000,0.023289,0.000000,0.000000,0.000000,0.00100000
4,378,0.532410,0.000164,93.6579,0.000000,0.000000,0.000000,0.035451,0.000000,0.000000,0.000000,0.00100000
4,379,0.491960,0.000153,84.8562,0.000000,0.000000,0.000000,0.023199,0.000000,0.000000,0.000000,0.00100000
4,380,0.443390,0.000138,98.3188,0.000000,0.000000,0.000000,0.023199,0.000000,0.000000,0.000000,0.00100000
4,381,0.439102,0.000139,105.0442,0.000000,0.000000,0.000000,0.008186,0.000000,0.000000,0.000000,0.00100000
4,382,0.364034,0.000113,87.2059,0.000000,0.000000,0.000000,0.017235,0.000000,0.000000,0.000000,0.00100000
4,383,0.520234,0.000163,98.4238,0.000000,0.000000,0.000000,0.016997,0.000000,0.000000,0.000000,0.00100000
4,384,0.454735,0.000142,88.7131,0.000000,0.000000,0.000000,0.017341,0.000000,0.000000,0.000000,0.00100000
4,385,0.463222,0.000146,96.0309,0.000000,0.000000,0.000000,0.010799,0.000000,0.000000,0.000000,0.00100000
4,386,0.417480,0.000132,96.8200,0.000000,0.000000,0.000000,0.008592,0.000000,0.000000,0.000000,0.00100000
4,387,0.440859,0.000139,98.8131,0.000000,0.000000,0.000000,0.009880,0.000000,0.000000,0.000000,0.00100000
4,388,0.365182,0.000116,91.9585,0.000000,0.000000,0.000000,0.004592,0.000000,0.000000,0.000000,0.00100000
4,389,0.413178,0.000131,98.9807,0.000000,0.000000,0.000000,0.004644,0.000000,0.000000,0.000000,0.00100000
4,390,0.432007,0.000137,90.1124,0.000000,0.000000,0.000000,0.005101,0.000000,0.000000,0.000000,0.00100000
4,391,0.528107,0.000166,104.1103,0.000000,0.000000,0.000000,0.016571,0.000000,0.000000,0.000000,0.00100000
4,392,0.616625,0.000193,100.2261,0.000000,0.000000,0.000000,0.023605,0.000000,0.000000,0.000000,0.00100000
4,393,0.416099,0.000130,87.0739,0.000000,0.000000,0.000000,0.015168,0.000000,0.000000,0.000000,0.00100000
4,394,0.469819,0.000149,96.9160,0.000000,0.000000,0.000000,0.007439,0.000000,0.000000,0.000000,0.00100000
4,395,0.495638,0.000156,96.9536,0.000000,0.000000,0.000000,0.013454,0.000000,0.000000,0.000000,0.00100000
4,396,0.399726,0.000126,93.9659,0.000000,0.000000,0.000000,0.010150,0.000000,0.000000,0.000000,0.00100000
4,397,0.394864,0.000125,91.8959,0.000000,0.000000,0.000000,0.006202,0.000000,0.000000,0.000000,0.00100000
4,398,0.543512,0.000169,88.6899,0.000000,0.000000,0.000000,0.030025,0.000000,0.000000,0.000000,0.00100000
4,399,0.455171,0.000142,96.5377,0.000000,0.000000,0.000000,0.021132,0.000000,0.000000,0.000000,0.00100000
4,400,0.350844,0.000110,83.6957,0.000000,0.000000,0.000000,0.009880,0.000000,0.000000,0.000000,0.00100000
4,401,0.465136,0.000146,90.7716,0.000000,0.000000,0.000000,0.013693,0.000000,0.000000,0.000000,0.00100000
4,402,0.513330,0.000162,90.5006,0.000000,0.000000,0.000000,0.010015,0.000000,0.000000,0.000000,0.00100000
4,403,0.350559,0.000109,91.9633,0.000000,0.000000,0.000000,0.015812,0.000000,0.000000,0.000000,0.00100000
4,404,0.413410,0.000131,88.8416,0.000000,0.000000,0.000000,0.006067,0.000000,0.000000,0.000000,0.00100000
4,405,0.341572,0.000107,96.7932,0.000000,0.000000,0.000000,0.009423,0.000000,0.000000,0.000000,0.00100000
4,406,0.387569,0.000123,94.1774,0.000000,0.000000,0.000000,0.004322,0.000000,0.000000,0.000000,0.00100000
4,407,0.596036,0.000188,89.7235,0.000000,0.000000,0.000000,0.012545,0.000000,0.000000,0.000000,0.00100000
4,408,0.505081,0.000160,90.7998,0.000000,0.000000,0.000000,0.008082,0.000000,0.000000,0.000000,0.00100000
4,409,0.546538,0.000173,89.7879,0.000000,0.000000,0.000000,0.008270,0.000000,0.000000,0.000000,0.00100000
4,410,0.510276,0.000161,89.5182,0.000000,0.000000,0.000000,0.012177,0.000000,0.000000,0.000000,0.00100000
4,411,0.535161,0.000168,92.5749,0.000000,0.000000,0.000000,0.017621,0.000000,0.000000,0.000000,0.00100000
4,412,0.555188,0.000175,105.5429,0.000000,0.000000,0.000000,0.010306,0.000000,0.000000,0.000000,0.00100000
4,413,0.478306,0.000147,65.0012,0.000000,0.000000,0.000000,0.033672,0.000000,0.000000,0.000000,0.00100000
4,414,0.457056,0.000133,91.8935,0.000000,0.000000,0.000000,0.081603,0.000000,0.000000,0.000000,0.00100000
4,415,0.445710,0.000131,78.6821,0.000000,0.000000,0.000000,0.068481,0.000000,0.000000,0.000000,0.00100000
4,416,0.483798,0.000146,77.8592,0.000000,0.000000,0.000000,0.054311,0.000000,0.000000,0.000000,0.00100000
4,417,0.419549,0.000132,91.2288,0.000000,0.000000,0.000000,0.008830,0.000000,0.000000,0.000000,0.00100000
4,418,0.438889,0.000137,97.9862,0.000000,0.000000,0.000000,0.017402,0.000000,0.000000,0.000000,0.00100000
4,419,0.367848,0.000116,91.4204,0.000000,0.000000,0.000000,0.010576,0.000000,0.000000,0.000000,0.00100000
4,420,0.349277,0.000110,83.6475,0.000000,0.000000,0.000000,0.009287,0.000000,0.000000,0.000000,0.00100000
4,421,0.426749,0.000135,87.9035,0.000000,0.000000,0.000000,0.007168,0.000000,0.000000,0.000000,0.00100000
4,422,0.572524,0.000179,94.5489,0.000000,0.000000,0.000000,0.019574,0.000000,0.000000,0.000000,0.00100000
4,423,0.413014,0.000130,74.2261,0.000000,0.000000,0.000000,0.011947,0.000000,0.000000,0.000000,0.00100000
4,424,0.479060,0.000150,102.1641,0.000000,0.000000,0.000000,0.016705,0.000000,0.000000,0.000000,0.00100000
4,425,0.419011,0.000132,86.1665,0.000000,0.000000,0.000000,0.007677,0.000000,0.000000,0.000000,0.00100000
4,426,0.331683,0.000105,88.3757,0.000000,0.000000,0.000000,0.006660,0.000000,0.000000,0.000000,0.00100000
4,427,0.312112,0.000099,90.5468,0.000000,0.000000,0.000000,0.003813,0.000000,0.000000,0.000000,0.00100000
4,428,0.505690,0.000158,103.4551,0.000000,0.000000,0.000000,0.019591,0.000000,0.000000,0.000000,0.00100000
4,429,0.398308,0.000126,96.5234,0.000000,0.000000,0.000000,0.006846,0.000000,0.000000,0.000000,0.00100000
4,430,0.457167,0.000143,102.1851,0.000000,0.000000,0.000000,0.017370,0.000000,0.000000,0.000000,0.00100000
4,431,0.449233,0.000141,88.2158,0.000000,0.000000,0.000000,0.015634,0.000000,0.000000,0.000000,0.00100000
4,432,0.377373,0.000119,96.3892,0.000000,0.000000,0.000000,0.009745,0.000000,0.000000,0.000000,0.00100000
4,433,0.408793,0.000127,103.1509,0.000000,0.000000,0.000000,0.022282,0.000000,0.000000,0.000000,0.00100000
4,434,0.383327,0.000120,87.2817,0.000000,0.000000,0.000000,0.014374,0.000000,0.000000,0.000000,0.00100000
4,435,0.396212,0.000125,90.9141,0.000000,0.000000,0.000000,0.009288,0.000000,0.000000,0.000000,0.00100000
4,436,0.452355,0.000143,82.2237,0.000000,0.000000,0.000000,0.007677,0.000000,0.000000,0.000000,0.00100000
4,437,0.378046,0.000120,81.6149,0.000000,0.000000,0.000000,0.003034,0.000000,0.000000,0.000000,0.00100000
4,438,0.537144,0.000169,96.3444,0.000000,0.000000,0.000000,0.016436,0.000000,0.000000,0.000000,0.00100000
4,439,0.425144,0.000134,82.9418,0.000000,0.000000,0.000000,0.009527,0.000000,0.000000,0.000000,0.00100000
4,440,0.440909,0.000140,99.5820,0.000000,0.000000,0.000000,0.005745,0.000000,0.000000,0.000000,0.00100000
4,441,0.471394,0.000149,83.2516,0.000000,0.000000,0.000000,0.010421,0.000000,0.000000,0.000000,0.00100000
4,442,0.436565,0.000138,102.4418,0.000000,0.000000,0.000000,0.008648,0.000000,0.000000,0.000000,0.00100000
4,443,0.452362,0.000144,103.8097,0.000000,0.000000,0.000000,0.004322,0.000000,0.000000,0.000000,0.00100000
4,444,0.406455,0.000128,83.1868,0.000000,0.000000,0.000000,0.009184,0.000000,0.000000,0.000000,0.00100000
4,445,0.424963,0.000134,96.3597,0.000000,0.000000,0.000000,0.009609,0.000000,0.000000,0.000000,0.00100000
4,446,0.458881,0.000144,91.6091,0.000000,0.000000,0.000000,0.013648,0.000000,0.000000,0.000000,0.00100000
4,447,0.456102,0.000144,105.3159,0.000000,0.000000,0.000000,0.007948,0.000000,0.000000,0.000000,0.00100000
4,448,0.441586,0.000139,101.5226,0.000000,0.000000,0.000000,0.010015,0.000000,0.000000,0.000000,0.00100000
4,449,0.377540,0.000119,89.0219,0.000000,0.000000,0.000000,0.007304,0.000000,0.000000,0.000000,0.00100000
4,450,0.396876,0.000126,82.6187,0.000000,0.000000,0.000000,0.006473,0.000000,0.000000,0.000000,0.00100000
4,451,0.441524,0.000140,91.8964,0.000000,0.000000,0.000000,0.005829,0.000000,0.000000,0.000000,0.00100000
4,452,0.360847,0.000114,95.0709,0.000000,0.000000,0.000000,0.006660,0.000000,0.000000,0.000000,0.00100000
4,453,0.428944,0.000136,95.5310,0.000000,0.000000,0.000000,0.004000,0.000000,0.000000,0.000000,0.00100000
4,454,0.579901,0.000180,93.1399,0.000000,0.000000,0.000000,0.031124,0.000000,0.000000,0.000000,0.00100000
4,455,0.484478,0.000149,100.2109,0.000000,0.000000,0.000000,0.034567,0.000000,0.000000,0.000000,0.00100000
4,456,0.599043,0.000187,106.6858,0.000000,0.000000,0.000000,0.027689,0.000000,0.000000,0.000000,0.00100000
4,457,0.450669,0.000135,81.9990,0.000000,0.000000,0.000000,0.054828,0.000000,0.000000,0.000000,0.00100000
4,458,0.494221,0.000152,105.4362,0.000000,0.000000,0.000000,0.032575,0.000000,0.000000,0.000000,0.00100000
4,459,0.482521,0.000142,84.2386,0.000000,0.000000,0.000000,0.073191,0.000000,0.000000,0.000000,0.00100000
4,460,0.461323,0.000136,95.4657,0.000000,0.000000,0.000000,0.069385,0.000000,0.000000,0.000000,0.00100000
4,461,0.427632,0.000134,101.6353,0.000000,0.000000,0.000000,0.014805,0.000000,0.000000,0.000000,0.00100000
4,462,0.527971,0.000161,93.9228,0.000000,0.000000,0.000000,0.043213,0.000000,0.000000,0.000000,0.00100000
4,463,0.411060,0.000124,85.9016,0.000000,0.000000,0.000000,0.045026,0.000000,0.000000,0.000000,0.00100000
4,464,0.450382,0.000139,86.5377,0.000000,0.000000,0.000000,0.027496,0.000000,0.000000,0.000000,0.00100000
4,465,0.392689,0.000124,96.0518,0.000000,0.000000,0.000000,0.009931,0.000000,0.000000,0.000000,0.00100000
4,466,0.422253,0.000133,84.0459,0.000000,0.000000,0.000000,0.012461,0.000000,0.000000,0.000000,0.00100000
4,467,0.442706,0.000138,82.9836,0.000000,0.000000,0.000000,0.022380,0.000000,0.000000,0.000000,0.00100000
4,468,0.364658,0.000115,79.9293,0.000000,0.000000,0.000000,0.009287,0.000000,0.000000,0.000000,0.00100000
4,469,0.447795,0.000139,95.3853,0.000000,0.000000,0.000000,0.022420,0.000000,0.000000,0.000000,0.00100000
4,470,0.497561,0.000157,101.6595,0.000000,0.000000,0.000000,0.011168,0.000000,0.000000,0.000000,0.00100000
4,471,0.436977,0.000138,101.7559,0.000000,0.000000,0.000000,0.010067,0.000000,0.000000,0.000000,0.00100000
4,472,0.374919,0.000118,88.1158,0.000000,0.000000,0.000000,0.007864,0.000000,0.000000,0.000000,0.00100000
4,473,0.473724,0.000150,104.1630,0.000000,0.000000,0.000000,0.006982,0.000000,0.000000,0.000000,0.00100000
4,474,0.394055,0.000125,93.5853,0.000000,0.000000,0.000000,0.006711,0.000000,0.000000,0.000000,0.00100000
4,475,0.461040,0.000146,104.6347,0.000000,0.000000,0.000000,0.006338,0.000000,0.000000,0.000000,0.00100000
4,476,0.535848,0.000169,102.7075,0.000000,0.000000,0.000000,0.010743,0.000000,0.000000,0.000000,0.00100000
4,477,0.665173,0.000209,100.2777,0.000000,0.000000,0.000000,0.017878,0.000000,0.000000,0.000000,0.00100000
4,478,0.420453,0.000131,82.3636,0.000000,0.000000,0.000000,0.017370,0.000000,0.000000,0.000000,0.00100000
4,479,0.423036,0.000131,86.8374,0.000000,0.000000,0.000000,0.022857,0.000000,0.000000,0.000000,0.00100000
4,480,0.439646,0.000138,97.2764,0.000000,0.000000,0.000000,0.013879,0.000000,0.000000,0.000000,0.00100000
4,481,0.505029,0.000156,105.5568,0.000000,0.000000,0.000000,0.029254,0.000000,0.000000,0.000000,0.00100000
4,482,0.570042,0.000180,109.7055,0.000000,0.000000,0.000000,0.013289,0.000000,0.000000,0.000000,0.00100000
4,483,0.534799,0.000166,105.9291,0.000000,0.000000,0.000000,0.026825,0.000000,0.000000,0.000000,0.00100000
4,484,0.458048,0.000145,95.0810,0.000000,0.000000,0.000000,0.009049,0.000000,0.000000,0.000000,0.00100000
4,485,0.451239,0.000142,91.5966,0.000000,0.000000,0.000000,0.014588,0.000000,0.000000,0.000000,0.00100000
4,486,0.531698,0.000167,92.3407,0.000000,0.000000,0.000000,0.017968,0.000000,0.000000,0.000000,0.00100000
4,487,0.525265,0.000164,81.0219,0.000000,0.000000,0.000000,0.024738,0.000000,0.000000,0.000000,0.00100000
4,488,0.607176,0.000191,95.2091,0.000000,0.000000,0.000000,0.014233,0.000000,0.000000,0.000000,0.00100000
4,489,0.488990,0.000152,82.2426,0.000000,0.000000,0.000000,0.022366,0.000000,0.000000,0.000000,0.00100000
4,490,0.477779,0.000150,90.3722,0.000000,0.000000,0.000000,0.014047,0.000000,0.000000,0.000000,0.00100000
4,491,0.467119,0.000146,77.0387,0.000000,0.000000,0.000000,0.020726,0.000000,0.000000,0.000000,0.00100000
4,492,0.465845,0.000147,90.9087,0.000000,0.000000,0.000000,0.006608,0.000000,0.000000,0.000000,0.00100000
4,493,0.479389,0.000149,73.8741,0.000000,0.000000,0.000000,0.021864,0.000000,0.000000,0.000000,0.00100000
4,494,0.496856,0.000155,97.2269,0.000000,0.000000,0.000000,0.021324,0.000000,0.000000,0.000000,0.00100000
4,495,0.443108,0.000139,83.9148,0.000000,0.000000,0.000000,0.011917,0.000000,0.000000,0.000000,0.00100000
4,496,0.479561,0.000150,84.8993,0.000000,0.000000,0.000000,0.018471,0.000000,0.000000,0.000000,0.00100000
4,497,0.563626,0.000178,96.8199,0.000000,0.000000,0.000000,0.008321,0.000000,0.000000,0.000000,0.00100000
4,498,0.438358,0.000139,90.4327,0.000000,0.000000,0.000000,0.004270,0.000000,0.000000,0.000000,0.00100000
4,499,0.458229,0.000143,79.5553,0.000000,0.000000,0.000000,0.018420,0.000000,0.000000,0.000000,0.00100000
4,500,0.608446,0.000192,95.1277,0.000000,0.000000,0.000000,0.013964,0.000000,0.000000,0.000000,0.00100000
4,501,0.533556,0.000165,84.7234,0.000000,0.000000,0.000000,0.032946,0.000000,0.000000,0.000000,0.00100000
4,502,0.644159,0.000201,90.2335,0.000000,0.000000,0.000000,0.029016,0.000000,0.000000,0.000000,0.00100000
4,503,0.854118,0.000264,112.1400,0.000000,0.000000,0.000000,0.054432,0.000000,0.000000,0.000000,0.00100000
4,504,0.566555,0.000167,79.9372,0.000000,0.000000,0.000000,0.086361,0.000000,0.000000,0.000000,0.00100000
4,505,0.643378,0.000191,93.2543,0.000000,0.000000,0.000000,0.090426,0.000000,0.000000,0.000000,0.00100000
4,506,0.687166,0.000210,90.9920,0.000000,0.000000,0.000000,0.054287,0.000000,0.000000,0.000000,0.00100000
4,507,0.858259,0.000265,106.0786,0.000000,0.000000,0.000000,0.052735,0.000000,0.000000,0.000000,0.00100000
4,508,0.909832,0.000279,102.7656,0.000000,0.000000,0.000000,0.071154,0.000000,0.000000,0.000000,0.00100000
4,509,0.879298,0.000265,106.6608,0.000000,0.000000,0.000000,0.096299,0.000000,0.000000,0.000000,0.00100000
4,510,0.682972,0.000205,90.8582,0.000000,0.000000,0.000000,0.081151,0.000000,0.000000,0.000000,0.00100000
4,511,0.516479,0.000160,88.6728,0.000000,0.000000,0.000000,0.027351,0.000000,0.000000,0.000000,0.00100000
4,512,0.482210,0.000151,87.6570,0.000000,0.000000,0.000000,0.016459,0.000000,0.000000,0.000000,0.00100000
4,513,0.609807,0.000189,96.3334,0.000000,0.000000,0.000000,0.032333,0.000000,0.000000,0.000000,0.00100000
4,514,0.504576,0.000156,93.7777,0.000000,0.000000,0.000000,0.030447,0.000000,0.000000,0.000000,0.00100000
4,515,0.588738,0.000182,101.5160,0.000000,0.000000,0.000000,0.035537,0.000000,0.000000,0.000000,0.00100000
4,516,0.634616,0.000197,73.4227,0.000000,0.000000,0.000000,0.032670,0.000000,0.000000,0.000000,0.00100000
4,517,0.563686,0.000175,100.0466,0.000000,0.000000,0.000000,0.026967,0.000000,0.000000,0.000000,0.00100000
4,518,0.554950,0.000176,102.3064,0.000000,0.000000,0.000000,0.007677,0.000000,0.000000,0.000000,0.00100000
4,519,0.427600,0.000135,94.8471,0.000000,0.000000,0.000000,0.010337,0.000000,0.000000,0.000000,0.00100000
4,520,0.541596,0.000170,97.5637,0.000000,0.000000,0.000000,0.013828,0.000000,0.000000,0.000000,0.00100000
4,521,0.510414,0.000161,101.8883,0.000000,0.000000,0.000000,0.008457,0.000000,0.000000,0.000000,0.00100000
4,522,0.515943,0.000164,98.3628,0.000000,0.000000,0.000000,0.006338,0.000000,0.000000,0.000000,0.00100000
4,523,0.559841,0.000178,104.7176,0.000000,0.000000,0.000000,0.005050,0.000000,0.000000,0.000000,0.00100000
4,524,0.527610,0.000167,98.3907,0.000000,0.000000,0.000000,0.008031,0.000000,0.000000,0.000000,0.00100000
4,525,0.465568,0.000147,99.7783,0.000000,0.000000,0.000000,0.006982,0.000000,0.000000,0.000000,0.00100000
4,526,0.337855,0.000106,98.9791,0.000000,0.000000,0.000000,0.008592,0.000000,0.000000,0.000000,0.00100000
4,527,0.439796,0.000139,95.3768,0.000000,0.000000,0.000000,0.005932,0.000000,0.000000,0.000000,0.00100000
4,528,0.382498,0.000122,101.4477,0.000000,0.000000,0.000000,0.002390,0.000000,0.000000,0.000000,0.00100000
4,529,0.431696,0.000136,86.8695,0.000000,0.000000,0.000000,0.007677,0.000000,0.000000,0.000000,0.00100000
4,530,0.342400,0.000108,84.2476,0.000000,0.000000,0.000000,0.004779,0.000000,0.000000,0.000000,0.00100000
4,531,0.490403,0.000156,104.4373,0.000000,0.000000,0.000000,0.004966,0.000000,0.000000,0.000000,0.00100000
4,532,0.532421,0.000168,95.6605,0.000000,0.000000,0.000000,0.010794,0.000000,0.000000,0.000000,0.00100000
4,533,0.501373,0.000158,99.2502,0.000000,0.000000,0.000000,0.009745,0.000000,0.000000,0.000000,0.00100000
4,534,0.522587,0.000166,98.3768,0.000000,0.000000,0.000000,0.006524,0.000000,0.000000,0.000000,0.00100000
4,535,0.501333,0.000157,91.5342,0.000000,0.000000,0.000000,0.016140,0.000000,0.000000,0.000000,0.00100000
4,536,0.469449,0.000147,98.4633,0.000000,0.000000,0.000000,0.018393,0.000000,0.000000,0.000000,0.00100000
4,537,0.452585,0.000143,95.3310,0.000000,0.000000,0.000000,0.006389,0.000000,0.000000,0.000000,0.00100000
4,538,0.455768,0.000144,93.6034,0.000000,0.000000,0.000000,0.006524,0.000000,0.000000,0.000000,0.00100000
4,539,0.468631,0.000148,98.3827,0.000000,0.000000,0.000000,0.007948,0.000000,0.000000,0.000000,0.00100000
4,540,0.451864,0.000143,94.1052,0.000000,0.000000,0.000000,0.008540,0.000000,0.000000,0.000000,0.00100000
4,541,0.497865,0.000157,96.3716,0.000000,0.000000,0.000000,0.010878,0.000000,0.000000,0.000000,0.00100000
4,542,0.463783,0.000146,105.0226,0.000000,0.000000,0.000000,0.008965,0.000000,0.000000,0.000000,0.00100000
4,543,0.420576,0.000133,90.2320,0.000000,0.000000,0.000000,0.007304,0.000000,0.000000,0.000000,0.00100000
4,544,0.430302,0.000136,95.5873,0.000000,0.000000,0.000000,0.005932,0.000000,0.000000,0.000000,0.00100000
4,545,0.311041,0.000098,86.8825,0.000000,0.000000,0.000000,0.004779,0.000000,0.000000,0.000000,0.00100000
4,546,0.384156,0.000121,88.0925,0.000000,0.000000,0.000000,0.010794,0.000000,0.000000,0.000000,0.00100000
4,547,0.543834,0.000172,94.8499,0.000000,0.000000,0.000000,0.010608,0.000000,0.000000,0.000000,0.00100000
4,548,0.512176,0.000162,95.3510,0.000000,0.000000,0.000000,0.007355,0.000000,0.000000,0.000000,0.00100000
4,549,0.597109,0.000188,81.9306,0.000000,0.000000,0.000000,0.014607,0.000000,0.000000,0.000000,0.00100000
4,550,0.639421,0.000201,99.4718,0.000000,0.000000,0.000000,0.015069,0.000000,0.000000,0.000000,0.00100000
4,551,0.481722,0.000152,87.4307,0.000000,0.000000,0.000000,0.009693,0.000000,0.000000,0.000000,0.00100000
4,552,0.586369,0.000185,98.5683,0.000000,0.000000,0.000000,0.010202,0.000000,0.000000,0.000000,0.00100000
4,553,0.445375,0.000141,101.1382,0.000000,0.000000,0.000000,0.008457,0.000000,0.000000,0.000000,0.00100000
4,554,0.555000,0.000175,94.2850,0.000000,0.000000,0.000000,0.011812,0.000000,0.000000,0.000000,0.00100000
4,555,0.458603,0.000145,95.1814,0.000000,0.000000,0.000000,0.008732,0.000000,0.000000,0.000000,0.00100000
4,556,0.483781,0.000154,97.7602,0.000000,0.000000,0.000000,0.003034,0.000000,0.000000,0.000000,0.00100000
4,557,0.450136,0.000143,87.4723,0.000000,0.000000,0.000000,0.005236,0.000000,0.000000,0.000000,0.00100000
4,558,0.462347,0.000146,92.2113,0.000000,0.000000,0.000000,0.007033,0.000000,0.000000,0.000000,0.00100000
4,559,0.379780,0.000121,87.9240,0.000000,0.000000,0.000000,0.003034,0.000000,0.000000,0.000000,0.00100000
4,560,0.639896,0.000203,99.4885,0.000000,0.000000,0.000000,0.006067,0.000000,0.000000,0.000000,0.00100000
4,561,0.409217,0.000130,94.8903,0.000000,0.000000,0.000000,0.004644,0.000000,0.000000,0.000000,0.00100000
4,562,0.510617,0.000162,98.4976,0.000000,0.000000,0.000000,0.005236,0.000000,0.000000,0.000000,0.00100000
4,563,0.724754,0.000227,92.8076,0.000000,0.000000,0.000000,0.026634,0.000000,0.000000,0.000000,0.00100000
4,564,0.434105,0.000134,83.6365,0.000000,0.000000,0.000000,0.027010,0.000000,0.000000,0.000000,0.00100000
4,565,0.408527,0.000128,90.9254,0.000000,0.000000,0.000000,0.016966,0.000000,0.000000,0.000000,0.00100000
4,566,0.348078,0.000106,79.3921,0.000000,0.000000,0.000000,0.033838,0.000000,0.000000,0.000000,0.00100000
4,567,0.450555,0.000138,88.4242,0.000000,0.000000,0.000000,0.037508,0.000000,0.000000,0.000000,0.00100000
4,568,0.460861,0.000139,85.0582,0.000000,0.000000,0.000000,0.052651,0.000000,0.000000,0.000000,0.00100000
4,569,0.414504,0.000128,98.9572,0.000000,0.000000,0.000000,0.028769,0.000000,0.000000,0.000000,0.00100000
4,570,0.397346,0.000122,85.0204,0.000000,0.000000,0.000000,0.030012,0.000000,0.000000,0.000000,0.00100000
4,571,0.495415,0.000154,90.8473,0.000000,0.000000,0.000000,0.024269,0.000000,0.000000,0.000000,0.00100000
4,572,0.397750,0.000123,91.2728,0.000000,0.000000,0.000000,0.023776,0.000000,0.000000,0.000000,0.00100000
4,573,0.384274,0.000119,93.6125,0.000000,0.000000,0.000000,0.019200,0.000000,0.000000,0.000000,0.00100000
4,574,0.502024,0.000158,99.6359,0.000000,0.000000,0.000000,0.016063,0.000000,0.000000,0.000000,0.00100000
4,575,0.498266,0.000158,96.4425,0.000000,0.000000,0.000000,0.007948,0.000000,0.000000,0.000000,0.00100000
4,576,0.399975,0.000126,90.9993,0.000000,0.000000,0.000000,0.009184,0.000000,0.000000,0.000000,0.00100000
4,577,0.529303,0.000168,108.3483,0.000000,0.000000,0.000000,0.005558,0.000000,0.000000,0.000000,0.00100000
4,578,0.372108,0.000118,80.3713,0.000000,0.000000,0.000000,0.006151,0.000000,0.000000,0.000000,0.00100000
4,579,0.889707,0.000280,104.8245,0.000000,0.000000,0.000000,0.024111,0.000000,0.000000,0.000000,0.00100000
4,580,0.529159,0.000166,92.0140,0.000000,0.000000,0.000000,0.016073,0.000000,0.000000,0.000000,0.00100000
4,581,0.626948,0.000197,112.9865,0.000000,0.000000,0.000000,0.019284,0.000000,0.000000,0.000000,0.00100000
4,582,0.399575,0.000127,82.0775,0.000000,0.000000,0.000000,0.003626,0.000000,0.000000,0.000000,0.00100000
4,583,0.407886,0.000129,77.9772,0.000000,0.000000,0.000000,0.006524,0.000000,0.000000,0.000000,0.00100000
4,584,0.483432,0.000152,103.4052,0.000000,0.000000,0.000000,0.012463,0.000000,0.000000,0.000000,0.00100000
4,585,0.401713,0.000128,84.0836,0.000000,0.000000,0.000000,0.003034,0.000000,0.000000,0.000000,0.00100000
4,586,0.464885,0.000147,100.5509,0.000000,0.000000,0.000000,0.007677,0.000000,0.000000,0.000000,0.00100000
4,587,0.499825,0.000157,98.8081,0.000000,0.000000,0.000000,0.012004,0.000000,0.000000,0.000000,0.00100000
4,588,0.433399,0.000136,72.5211,0.000000,0.000000,0.000000,0.011609,0.000000,0.000000,0.000000,0.00100000
4,589,0.424453,0.000134,93.5988,0.000000,0.000000,0.000000,0.005475,0.000000,0.000000,0.000000,0.00100000
4,590,0.384419,0.000121,96.2949,0.000000,0.000000,0.000000,0.009101,0.000000,0.000000,0.000000,0.00100000
4,591,0.487791,0.000155,98.1567,0.000000,0.000000,0.000000,0.005558,0.000000,0.000000,0.000000,0.00100000
4,592,0.459879,0.000145,103.2412,0.000000,0.000000,0.000000,0.007355,0.000000,0.000000,0.000000,0.00100000
4,593,0.367509,0.000117,86.8486,0.000000,0.000000,0.000000,0.004322,0.000000,0.000000,0.000000,0.00100000
4,594,0.524152,0.000165,88.8919,0.000000,0.000000,0.000000,0.011847,0.000000,0.000000,0.000000,0.00100000
4,595,0.629384,0.000197,94.3538,0.000000,0.000000,0.000000,0.022971,0.000000,0.000000,0.000000,0.00100000
4,596,0.552048,0.000173,93.9938,0.000000,0.000000,0.000000,0.018473,0.000000,0.000000,0.000000,0.00100000
4,597,0.529527,0.000166,93.0559,0.000000,0.000000,0.000000,0.016581,0.000000,0.000000,0.000000,0.00100000
4,598,0.540490,0.000170,89.8862,0.000000,0.000000,0.000000,0.016667,0.000000,0.000000,0.000000,0.00100000
4,599,0.548096,0.000172,89.3309,0.000000,0.000000,0.000000,0.017268,0.000000,0.000000,0.000000,0.00100000
4,600,0.515260,0.000162,92.9453,0.000000,0.000000,0.000000,0.015251,0.000000,0.000000,0.000000,0.00100000
4,601,0.581194,0.000182,99.2657,0.000000,0.000000,0.000000,0.020642,0.000000,0.000000,0.000000,0.00100000
4,602,0.554523,0.000174,92.8476,0.000000,0.000000,0.000000,0.018831,0.000000,0.000000,0.000000,0.00100000
4,603,0.515890,0.000161,92.7076,0.000000,0.000000,0.000000,0.024091,0.000000,0.000000,0.000000,0.00100000
4,604,0.558824,0.000176,93.2149,0.000000,0.000000,0.000000,0.014716,0.000000,0.000000,0.000000,0.00100000
4,605,0.532245,0.000168,90.4360,0.000000,0.000000,0.000000,0.012641,0.000000,0.000000,0.000000,0.00100000
4,606,0.535287,0.000169,94.3383,0.000000,0.000000,0.000000,0.011168,0.000000,0.000000,0.000000,0.00100000
4,607,0.535259,0.000169,89.7124,0.000000,0.000000,0.000000,0.013348,0.000000,0.000000,0.000000,0.00100000
4,608,0.499473,0.000158,92.2321,0.000000,0.000000,0.000000,0.007117,0.000000,0.000000,0.000000,0.00100000
4,609,0.502513,0.000159,94.9493,0.000000,0.000000,0.000000,0.009210,0.000000,0.000000,0.000000,0.00100000
4,610,0.703866,0.000219,95.1739,0.000000,0.000000,0.000000,0.033662,0.000000,0.000000,0.000000,0.00100000
4,611,0.508604,0.000160,86.7662,0.000000,0.000000,0.000000,0.016783,0.000000,0.000000,0.000000,0.00100000
4,612,0.560989,0.000175,87.6557,0.000000,0.000000,0.000000,0.023330,0.000000,0.000000,0.000000,0.00100000
4,613,0.440910,0.000139,86.0356,0.000000,0.000000,0.000000,0.011646,0.000000,0.000000,0.000000,0.00100000
4,614,0.386655,0.000122,87.5843,0.000000,0.000000,0.000000,0.008135,0.000000,0.000000,0.000000,0.00100000
4,615,0.415352,0.000132,83.9486,0.000000,0.000000,0.000000,0.004644,0.000000,0.000000,0.000000,0.00100000
4,616,0.385709,0.000122,72.2257,0.000000,0.000000,0.000000,0.003813,0.000000,0.000000,0.000000,0.00100000
4,617,0.479587,0.000150,92.9365,0.000000,0.000000,0.000000,0.020857,0.000000,0.000000,0.000000,0.00100000
4,618,0.631873,0.000197,98.7663,0.000000,0.000000,0.000000,0.030005,0.000000,0.000000,0.000000,0.00100000
4,619,0.409004,0.000125,89.4067,0.000000,0.000000,0.000000,0.036614,0.000000,0.000000,0.000000,0.00100000
4,620,0.472502,0.000145,92.8917,0.000000,0.000000,0.000000,0.033601,0.000000,0.000000,0.000000,0.00100000
4,621,0.514587,0.000160,80.0297,0.000000,0.000000,0.000000,0.027844,0.000000,0.000000,0.000000,0.00100000
4,622,0.420255,0.000132,86.7425,0.000000,0.000000,0.000000,0.010337,0.000000,0.000000,0.000000,0.00100000
4,623,0.583491,0.000183,101.9722,0.000000,0.000000,0.000000,0.018826,0.000000,0.000000,0.000000,0.00100000
4,624,0.555688,0.000174,99.8574,0.000000,0.000000,0.000000,0.022248,0.000000,0.000000,0.000000,0.00100000
4,625,0.571694,0.000181,100.4180,0.000000,0.000000,0.000000,0.010337,0.000000,0.000000,0.000000,0.00100000
4,626,0.754089,0.000231,102.3381,0.000000,0.000000,0.000000,0.059987,0.000000,0.000000,0.000000,0.00100000
4,627,0.679170,0.000205,103.0801,0.000000,0.000000,0.000000,0.072821,0.000000,0.000000,0.000000,0.00100000
4,628,0.606111,0.000186,84.9938,0.000000,0.000000,0.000000,0.048666,0.000000,0.000000,0.000000,0.00100000
4,629,0.540470,0.000166,86.4201,0.000000,0.000000,0.000000,0.040296,0.000000,0.000000,0.000000,0.00100000
4,630,0.553165,0.000173,100.5074,0.000000,0.000000,0.000000,0.022316,0.000000,0.000000,0.000000,0.00100000
4,631,0.612894,0.000189,91.8546,0.000000,0.000000,0.000000,0.042494,0.000000,0.000000,0.000000,0.00100000
4,632,0.565937,0.000177,94.4696,0.000000,0.000000,0.000000,0.018981,0.000000,0.000000,0.000000,0.00100000
4,633,0.420642,0.000129,74.5945,0.000000,0.000000,0.000000,0.032364,0.000000,0.000000,0.000000,0.00100000
4,634,0.460075,0.000143,97.8931,0.000000,0.000000,0.000000,0.021215,0.000000,0.000000,0.000000,0.00100000
4,635,0.581198,0.000180,93.1259,0.000000,0.000000,0.000000,0.034194,0.000000,0.000000,0.000000,0.00100000
4,636,0.667370,0.000202,99.1422,0.000000,0.000000,0.000000,0.065015,0.000000,0.000000,0.000000,0.00100000
4,637,0.518038,0.000160,89.1163,0.000000,0.000000,0.000000,0.031024,0.000000,0.000000,0.000000,0.00100000
4,638,0.541320,0.000166,99.5734,0.000000,0.000000,0.000000,0.040802,0.000000,0.000000,0.000000,0.00100000
4,639,0.481155,0.000152,103.3390,0.000000,0.000000,0.000000,0.007033,0.000000,0.000000,0.000000,0.00100000
4,640,0.537564,0.000170,95.8677,0.000000,0.000000,0.000000,0.009693,0.000000,0.000000,0.000000,0.00100000
4,641,0.672762,0.000210,99.2689,0.000000,0.000000,0.000000,0.025633,0.000000,0.000000,0.000000,0.00100000
4,642,0.662814,0.000207,108.0294,0.000000,0.000000,0.000000,0.027944,0.000000,0.000000,0.000000,0.00100000
4,643,0.459415,0.000144,94.2604,0.000000,0.000000,0.000000,0.017912,0.000000,0.000000,0.000000,0.00100000
4,644,0.460229,0.000145,98.4505,0.000000,0.000000,0.000000,0.010711,0.000000,0.000000,0.000000,0.00100000
4,645,0.322844,0.000102,75.3000,0.000000,0.000000,0.000000,0.007355,0.000000,0.000000,0.000000,0.00100000
4,646,0.442399,0.000138,77.5327,0.000000,0.000000,0.000000,0.019699,0.000000,0.000000,0.000000,0.00100000
4,647,0.471548,0.000148,93.1617,0.000000,0.000000,0.000000,0.011760,0.000000,0.000000,0.000000,0.00100000
4,648,0.478562,0.000148,97.8700,0.000000,0.000000,0.000000,0.025840,0.000000,0.000000,0.000000,0.00100000
4,649,0.450726,0.000139,90.5043,0.000000,0.000000,0.000000,0.032634,0.000000,0.000000,0.000000,0.00100000
4,650,0.397366,0.000126,85.7481,0.000000,0.000000,0.000000,0.005288,0.000000,0.000000,0.000000,0.00100000
4,651,0.399342,0.000126,85.3678,0.000000,0.000000,0.000000,0.007117,0.000000,0.000000,0.000000,0.00100000
4,652,0.413227,0.000130,98.1649,0.000000,0.000000,0.000000,0.011522,0.000000,0.000000,0.000000,0.00100000
4,653,0.385277,0.000122,96.9028,0.000000,0.000000,0.000000,0.006846,0.000000,0.000000,0.000000,0.00100000
4,654,0.495317,0.000155,74.7796,0.000000,0.000000,0.000000,0.016526,0.000000,0.000000,0.000000,0.00100000
4,655,0.440342,0.000139,87.9527,0.000000,0.000000,0.000000,0.009693,0.000000,0.000000,0.000000,0.00100000
4,656,0.400689,0.000127,85.0844,0.000000,0.000000,0.000000,0.004644,0.000000,0.000000,0.000000,0.00100000
4,657,0.478108,0.000149,90.0357,0.000000,0.000000,0.000000,0.022368,0.000000,0.000000,0.000000,0.00100000
4,658,0.948527,0.000294,100.8571,0.000000,0.000000,0.000000,0.052878,0.000000,0.000000,0.000000,0.00100000
4,659,0.703399,0.000214,89.2706,0.000000,0.000000,0.000000,0.066663,0.000000,0.000000,0.000000,0.00100000
4,660,1.167643,0.000359,96.3287,0.000000,0.000000,0.000000,0.081259,0.000000,0.000000,0.000000,0.00100000
4,661,0.963465,0.000292,87.8246,0.000000,0.000000,0.000000,0.093863,0.000000,0.000000,0.000000,0.00100000
4,662,0.988336,0.000306,103.9345,0.000000,0.000000,0.000000,0.059778,0.000000,0.000000,0.000000,0.00100000
4,663,1.084452,0.000327,101.4783,0.000000,0.000000,0.000000,0.116800,0.000000,0.000000,0.000000,0.00100000
4,664,1.016197,0.000311,104.5840,0.000000,0.000000,0.000000,0.081164,0.000000,0.000000,0.000000,0.00100000
4,665,0.701781,0.000213,91.7709,0.000000,0.000000,0.000000,0.066047,0.000000,0.000000,0.000000,0.00100000
4,666,0.810097,0.000251,95.5053,0.000000,0.000000,0.000000,0.046001,0.000000,0.000000,0.000000,0.00100000
4,667,1.050463,0.000324,106.5244,0.000000,0.000000,0.000000,0.071865,0.000000,0.000000,0.000000,0.00100000
4,668,0.846824,0.000265,89.3673,0.000000,0.000000,0.000000,0.031997,0.000000,0.000000,0.000000,0.00100000
4,669,0.750034,0.000232,94.2387,0.000000,0.000000,0.000000,0.046293,0.000000,0.000000,0.000000,0.00100000
4,670,0.874876,0.000271,97.9171,0.000000,0.000000,0.000000,0.049270,0.000000,0.000000,0.000000,0.00100000
4,671,0.718301,0.000225,89.2780,0.000000,0.000000,0.000000,0.022643,0.000000,0.000000,0.000000,0.00100000
4,672,0.749084,0.000231,75.1229,0.000000,0.000000,0.000000,0.048582,0.000000,0.000000,0.000000,0.00100000
4,673,0.559191,0.000170,104.6747,0.000000,0.000000,0.000000,0.053596,0.000000,0.000000,0.000000,0.00100000
4,674,0.466547,0.000147,89.6095,0.000000,0.000000,0.000000,0.010524,0.000000,0.000000,0.000000,0.00100000
4,675,0.553872,0.000173,95.3336,0.000000,0.000000,0.000000,0.020809,0.000000,0.000000,0.000000,0.00100000
4,676,0.419481,0.000132,83.7252,0.000000,0.000000,0.000000,0.010118,0.000000,0.000000,0.000000,0.00100000
4,677,0.497177,0.000157,96.2091,0.000000,0.000000,0.000000,0.009101,0.000000,0.000000,0.000000,0.00100000
4,678,0.398199,0.000125,75.8579,0.000000,0.000000,0.000000,0.012758,0.000000,0.000000,0.000000,0.00100000
4,679,0.445181,0.000141,92.1056,0.000000,0.000000,0.000000,0.008462,0.000000,0.000000,0.000000,0.00100000
4,680,0.468804,0.000148,97.6281,0.000000,0.000000,0.000000,0.010286,0.000000,0.000000,0.000000,0.00100000
4,681,0.408102,0.000129,88.6487,0.000000,0.000000,0.000000,0.004727,0.000000,0.000000,0.000000,0.00100000
4,682,0.479599,0.000152,96.5949,0.000000,0.000000,0.000000,0.007948,0.000000,0.000000,0.000000,0.00100000
4,683,0.400149,0.000126,84.8095,0.000000,0.000000,0.000000,0.009885,0.000000,0.000000,0.000000,0.00100000
4,684,0.446470,0.000141,88.8628,0.000000,0.000000,0.000000,0.011490,0.000000,0.000000,0.000000,0.00100000
4,685,0.494959,0.000156,102.3414,0.000000,0.000000,0.000000,0.009474,0.000000,0.000000,0.000000,0.00100000
4,686,0.435304,0.000138,103.9846,0.000000,0.000000,0.000000,0.006795,0.000000,0.000000,0.000000,0.00100000
4,687,0.397979,0.000126,98.8291,0.000000,0.000000,0.000000,0.006577,0.000000,0.000000,0.000000,0.00100000
4,688,0.595468,0.000187,96.0144,0.000000,0.000000,0.000000,0.020249,0.000000,0.000000,0.000000,0.00100000
4,689,0.596353,0.000188,86.0954,0.000000,0.000000,0.000000,0.012269,0.000000,0.000000,0.000000,0.00100000
4,690,0.438856,0.000138,100.8866,0.000000,0.000000,0.000000,0.010253,0.000000,0.000000,0.000000,0.00100000
4,691,0.436603,0.000137,92.5534,0.000000,0.000000,0.000000,0.012680,0.000000,0.000000,0.000000,0.00100000
4,692,0.575380,0.000181,100.5191,0.000000,0.000000,0.000000,0.014691,0.000000,0.000000,0.000000,0.00100000
4,693,0.436380,0.000137,81.0313,0.000000,0.000000,0.000000,0.010981,0.000000,0.000000,0.000000,0.00100000
4,694,0.525468,0.000166,105.8743,0.000000,0.000000,0.000000,0.010556,0.000000,0.000000,0.000000,0.00100000
4,695,0.418741,0.000133,89.5904,0.000000,0.000000,0.000000,0.006254,0.000000,0.000000,0.000000,0.00100000
4,696,0.596333,0.000188,102.4627,0.000000,0.000000,0.000000,0.013833,0.000000,0.000000,0.000000,0.00100000
4,697,0.414643,0.000131,98.6829,0.000000,0.000000,0.000000,0.007070,0.000000,0.000000,0.000000,0.00100000
4,698,0.399849,0.000126,97.4299,0.000000,0.000000,0.000000,0.007677,0.000000,0.000000,0.000000,0.00100000
4,699,0.439063,0.000139,96.9979,0.000000,0.000000,0.000000,0.009236,0.000000,0.000000,0.000000,0.00100000
4,700,0.339991,0.000107,84.7797,0.000000,0.000000,0.000000,0.010286,0.000000,0.000000,0.000000,0.00100000
4,701,0.473816,0.000150,105.3653,0.000000,0.000000,0.000000,0.009880,0.000000,0.000000,0.000000,0.00100000
4,702,0.352583,0.000110,77.5234,0.000000,0.000000,0.000000,0.015948,0.000000,0.000000,0.000000,0.00100000
4,703,0.409201,0.000129,95.8312,0.000000,0.000000,0.000000,0.008321,0.000000,0.000000,0.000000,0.00100000
4,704,0.522506,0.000164,93.2384,0.000000,0.000000,0.000000,0.016631,0.000000,0.000000,0.000000,0.00100000
4,705,0.417438,0.000131,95.1931,0.000000,0.000000,0.000000,0.012946,0.000000,0.000000,0.000000,0.00100000
4,706,0.358901,0.000114,94.9264,0.000000,0.000000,0.000000,0.004322,0.000000,0.000000,0.000000,0.00100000
4,707,0.468114,0.000147,102.7683,0.000000,0.000000,0.000000,0.014561,0.000000,0.000000,0.000000,0.00100000
4,708,0.403242,0.000128,103.1181,0.000000,0.000000,0.000000,0.003491,0.000000,0.000000,0.000000,0.00100000
4,709,0.390134,0.000123,103.6065,0.000000,0.000000,0.000000,0.005932,0.000000,0.000000,0.000000,0.00100000
4,710,0.405044,0.000129,94.8511,0.000000,0.000000,0.000000,0.003948,0.000000,0.000000,0.000000,0.00100000
4,711,0.376987,0.000119,96.7231,0.000000,0.000000,0.000000,0.006202,0.000000,0.000000,0.000000,0.00100000
4,712,0.379697,0.000120,98.7291,0.000000,0.000000,0.000000,0.005236,0.000000,0.000000,0.000000,0.00100000
4,713,0.337020,0.000107,101.4536,0.000000,0.000000,0.000000,0.005829,0.000000,0.000000,0.000000,0.00100000
4,714,0.343192,0.000109,95.3972,0.000000,0.000000,0.000000,0.003813,0.000000,0.000000,0.000000,0.00100000
4,715,0.360762,0.000114,93.6752,0.000000,0.000000,0.000000,0.004327,0.000000,0.000000,0.000000,0.00100000
4,716,0.448465,0.000142,99.9837,0.000000,0.000000,0.000000,0.007626,0.000000,0.000000,0.000000,0.00100000
4,717,0.349073,0.000111,100.3322,0.000000,0.000000,0.000000,0.004000,0.000000,0.000000,0.000000,0.00100000
4,718,0.346131,0.000109,86.9068,0.000000,0.000000,0.000000,0.009506,0.000000,0.000000,0.000000,0.00100000
4,719,0.362010,0.000115,100.0140,0.000000,0.000000,0.000000,0.005288,0.000000,0.000000,0.000000,0.00100000
5,1,0.700147,0.000219,90.1881,0.000000,0.000000,0.000000,0.023767,0.000000,0.000000,0.000000,0.00100000
5,2,0.517840,0.000164,91.4873,0.000000,0.000000,0.000000,0.006176,0.000000,0.000000,0.000000,0.00100000
5,3,0.530608,0.000166,90.9638,0.000000,0.000000,0.000000,0.020306,0.000000,0.000000,0.000000,0.00100000
5,4,0.498824,0.000158,92.5360,0.000000,0.000000,0.000000,0.009101,0.000000,0.000000,0.000000,0.00100000
5,5,0.572546,0.000180,93.3178,0.000000,0.000000,0.000000,0.015655,0.000000,0.000000,0.000000,0.00100000
5,6,0.548100,0.000174,92.6032,0.000000,0.000000,0.000000,0.007251,0.000000,0.000000,0.000000,0.00100000
5,7,0.502814,0.000159,93.4001,0.000000,0.000000,0.000000,0.005423,0.000000,0.000000,0.000000,0.00100000
5,8,0.525961,0.000166,87.4508,0.000000,0.000000,0.000000,0.010531,0.000000,0.000000,0.000000,0.00100000
5,9,0.482159,0.000153,92.3480,0.000000,0.000000,0.000000,0.007304,0.000000,0.000000,0.000000,0.00100000
5,10,0.485219,0.000154,89.5004,0.000000,0.000000,0.000000,0.005428,0.000000,0.000000,0.000000,0.00100000
5,11,0.483052,0.000153,92.8016,0.000000,0.000000,0.000000,0.009558,0.000000,0.000000,0.000000,0.00100000
5,12,0.458828,0.000145,90.4317,0.000000,0.000000,0.000000,0.008135,0.000000,0.000000,0.000000,0.00100000
5,13,0.507331,0.000160,91.6556,0.000000,0.000000,0.000000,0.009745,0.000000,0.000000,0.000000,0.00100000
5,14,0.474282,0.000150,91.8066,0.000000,0.000000,0.000000,0.008592,0.000000,0.000000,0.000000,0.00100000
5,15,0.490101,0.000155,92.3430,0.000000,0.000000,0.000000,0.006473,0.000000,0.000000,0.000000,0.00100000
5,16,0.541788,0.000170,93.5274,0.000000,0.000000,0.000000,0.018046,0.000000,0.000000,0.000000,0.00100000
5,17,0.586679,0.000185,98.3978,0.000000,0.000000,0.000000,0.010203,0.000000,0.000000,0.000000,0.00100000
5,18,0.531314,0.000168,94.2690,0.000000,0.000000,0.000000,0.011387,0.000000,0.000000,0.000000,0.00100000
5,19,0.543576,0.000172,93.3927,0.000000,0.000000,0.000000,0.007117,0.000000,0.000000,0.000000,0.00100000
5,20,0.488900,0.000155,92.0326,0.000000,0.000000,0.000000,0.006389,0.000000,0.000000,0.000000,0.00100000
5,21,0.537598,0.000170,90.9983,0.000000,0.000000,0.000000,0.007948,0.000000,0.000000,0.000000,0.00100000
5,22,0.539031,0.000171,92.8557,0.000000,0.000000,0.000000,0.006846,0.000000,0.000000,0.000000,0.00100000
5,23,0.505273,0.000160,92.5005,0.000000,0.000000,0.000000,0.006576,0.000000,0.000000,0.000000,0.00100000
5,24,0.535941,0.000169,92.8205,0.000000,0.000000,0.000000,0.008978,0.000000,0.000000,0.000000,0.00100000
5,25,0.509614,0.000161,89.4774,0.000000,0.000000,0.000000,0.006389,0.000000,0.000000,0.000000,0.00100000
5,26,0.539074,0.000170,93.3877,0.000000,0.000000,0.000000,0.009642,0.000000,0.000000,0.000000,0.00100000
5,27,0.515684,0.000163,95.4082,0.000000,0.000000,0.000000,0.008862,0.000000,0.000000,0.000000,0.00100000
5,28,0.537175,0.000170,94.4038,0.000000,0.000000,0.000000,0.006085,0.000000,0.000000,0.000000,0.00100000
5,29,0.484568,0.000153,93.7075,0.000000,0.000000,0.000000,0.008862,0.000000,0.000000,0.000000,0.00100000
5,30,0.516558,0.000163,95.5023,0.000000,0.000000,0.000000,0.008218,0.000000,0.000000,0.000000,0.00100000
5,31,0.486163,0.000154,88.5099,0.000000,0.000000,0.000000,0.005880,0.000000,0.000000,0.000000,0.00100000
5,32,0.554311,0.000172,90.1635,0.000000,0.000000,0.000000,0.029953,0.000000,0.000000,0.000000,0.00100000
5,33,0.479541,0.000149,93.3507,0.000000,0.000000,0.000000,0.022075,0.000000,0.000000,0.000000,0.00100000
5,34,0.477531,0.000150,90.7976,0.000000,0.000000,0.000000,0.014528,0.000000,0.000000,0.000000,0.00100000
5,35,0.430196,0.000134,91.9527,0.000000,0.000000,0.000000,0.017869,0.000000,0.000000,0.000000,0.00100000
5,36,0.418274,0.000132,91.5319,0.000000,0.000000,0.000000,0.007490,0.000000,0.000000,0.000000,0.00100000
5,37,0.434231,0.000137,90.5530,0.000000,0.000000,0.000000,0.008965,0.000000,0.000000,0.000000,0.00100000
5,38,0.462097,0.000145,92.7261,0.000000,0.000000,0.000000,0.011709,0.000000,0.000000,0.000000,0.00100000
5,39,0.433520,0.000137,90.9858,0.000000,0.000000,0.000000,0.008779,0.000000,0.000000,0.000000,0.00100000
5,40,0.458687,0.000145,90.1682,0.000000,0.000000,0.000000,0.010691,0.000000,0.000000,0.000000,0.00100000
5,41,0.448002,0.000141,88.5346,0.000000,0.000000,0.000000,0.008965,0.000000,0.000000,0.000000,0.00100000
5,42,0.487440,0.000154,91.9008,0.000000,0.000000,0.000000,0.009989,0.000000,0.000000,0.000000,0.00100000
5,43,0.443454,0.000140,92.1027,0.000000,0.000000,0.000000,0.006254,0.000000,0.000000,0.000000,0.00100000
5,44,0.420727,0.000133,89.3973,0.000000,0.000000,0.000000,0.007304,0.000000,0.000000,0.000000,0.00100000
5,45,0.367603,0.000117,85.5760,0.000000,0.000000,0.000000,0.004457,0.000000,0.000000,0.000000,0.00100000
5,46,0.455988,0.000144,88.6491,0.000000,0.000000,0.000000,0.007948,0.000000,0.000000,0.000000,0.00100000
5,47,0.463186,0.000145,91.3809,0.000000,0.000000,0.000000,0.019927,0.000000,0.000000,0.000000,0.00100000
5,48,0.596438,0.000180,87.9030,0.000000,0.000000,0.000000,0.065123,0.000000,0.000000,0.000000,0.00100000
5,49,0.483276,0.000134,92.5910,0.000000,0.000000,0.000000,0.125426,0.000000,0.000000,0.000000,0.00100000
5,50,0.447137,0.000137,86.1057,0.000000,0.000000,0.000000,0.033329,0.000000,0.000000,0.000000,0.00100000
5,51,0.530326,0.000159,92.3070,0.000000,0.000000,0.000000,0.063333,0.000000,0.000000,0.000000,0.00100000
5,52,0.433534,0.000133,88.7616,0.000000,0.000000,0.000000,0.032465,0.000000,0.000000,0.000000,0.00100000
5,53,0.559870,0.000174,88.4562,0.000000,0.000000,0.000000,0.025382,0.000000,0.000000,0.000000,0.00100000
5,54,0.469557,0.000146,89.7595,0.000000,0.000000,0.000000,0.021485,0.000000,0.000000,0.000000,0.00100000
5,55,0.502007,0.000158,88.3383,0.000000,0.000000,0.000000,0.011252,0.000000,0.000000,0.000000,0.00100000
5,56,0.498805,0.000155,90.2684,0.000000,0.000000,0.000000,0.023640,0.000000,0.000000,0.000000,0.00100000
5,57,0.580867,0.000183,95.3534,0.000000,0.000000,0.000000,0.016842,0.000000,0.000000,0.000000,0.00100000
5,58,0.451839,0.000142,91.7757,0.000000,0.000000,0.000000,0.012810,0.000000,0.000000,0.000000,0.00100000
5,59,0.450445,0.000141,92.9221,0.000000,0.000000,0.000000,0.017911,0.000000,0.000000,0.000000,0.00100000
5,60,0.452978,0.000143,95.3170,0.000000,0.000000,0.000000,0.007677,0.000000,0.000000,0.000000,0.00100000
5,61,0.697846,0.000216,96.9279,0.000000,0.000000,0.000000,0.044073,0.000000,0.000000,0.000000,0.00100000
5,62,0.495670,0.000156,100.6691,0.000000,0.000000,0.000000,0.014005,0.000000,0.000000,0.000000,0.00100000
5,63,0.585404,0.000181,89.8007,0.000000,0.000000,0.000000,0.035657,0.000000,0.000000,0.000000,0.00100000
5,64,0.510700,0.000159,91.8554,0.000000,0.000000,0.000000,0.022191,0.000000,0.000000,0.000000,0.00100000
5,65,0.490305,0.000154,93.8738,0.000000,0.000000,0.000000,0.013121,0.000000,0.000000,0.000000,0.00100000
5,66,0.513710,0.000162,89.5297,0.000000,0.000000,0.000000,0.008914,0.000000,0.000000,0.000000,0.00100000
5,67,0.545453,0.000172,94.5094,0.000000,0.000000,0.000000,0.010659,0.000000,0.000000,0.000000,0.00100000
5,68,0.568409,0.000180,87.9651,0.000000,0.000000,0.000000,0.006343,0.000000,0.000000,0.000000,0.00100000
5,69,0.474923,0.000150,89.9552,0.000000,0.000000,0.000000,0.009590,0.000000,0.000000,0.000000,0.00100000
5,70,0.452514,0.000144,92.4051,0.000000,0.000000,0.000000,0.004779,0.000000,0.000000,0.000000,0.00100000
5,71,0.480228,0.000152,94.3485,0.000000,0.000000,0.000000,0.008965,0.000000,0.000000,0.000000,0.00100000
5,72,0.497258,0.000158,92.1032,0.000000,0.000000,0.000000,0.005745,0.000000,0.000000,0.000000,0.00100000
5,73,0.478718,0.000152,90.8674,0.000000,0.000000,0.000000,0.005745,0.000000,0.000000,0.000000,0.00100000
5,74,0.474277,0.000151,91.3319,0.000000,0.000000,0.000000,0.003356,0.000000,0.000000,0.000000,0.00100000
5,75,0.446663,0.000141,93.2369,0.000000,0.000000,0.000000,0.006846,0.000000,0.000000,0.000000,0.00100000
5,76,0.472570,0.000150,90.6935,0.000000,0.000000,0.000000,0.006389,0.000000,0.000000,0.000000,0.00100000
5,77,0.470459,0.000149,91.2188,0.000000,0.000000,0.000000,0.006067,0.000000,0.000000,0.000000,0.00100000
5,78,0.481178,0.000152,89.3426,0.000000,0.000000,0.000000,0.006389,0.000000,0.000000,0.000000,0.00100000
5,79,0.523324,0.000161,93.0245,0.000000,0.000000,0.000000,0.036286,0.000000,0.000000,0.000000,0.00100000
5,80,0.498666,0.000155,95.6647,0.000000,0.000000,0.000000,0.026189,0.000000,0.000000,0.000000,0.00100000
5,81,0.416030,0.000131,91.8433,0.000000,0.000000,0.000000,0.008779,0.000000,0.000000,0.000000,0.00100000
5,82,0.416527,0.000131,90.2462,0.000000,0.000000,0.000000,0.014222,0.000000,0.000000,0.000000,0.00100000
5,83,0.481369,0.000152,82.8793,0.000000,0.000000,0.000000,0.007355,0.000000,0.000000,0.000000,0.00100000
5,84,0.470052,0.000148,100.9823,0.000000,0.000000,0.000000,0.009423,0.000000,0.000000,0.000000,0.00100000
5,85,0.419391,0.000133,99.3848,0.000000,0.000000,0.000000,0.004322,0.000000,0.000000,0.000000,0.00100000
5,86,0.554302,0.000175,100.7260,0.000000,0.000000,0.000000,0.008545,0.000000,0.000000,0.000000,0.00100000
5,87,0.586352,0.000184,100.0848,0.000000,0.000000,0.000000,0.016303,0.000000,0.000000,0.000000,0.00100000
5,88,0.493404,0.000156,104.4355,0.000000,0.000000,0.000000,0.008405,0.000000,0.000000,0.000000,0.00100000
5,89,0.587941,0.000186,107.9717,0.000000,0.000000,0.000000,0.009267,0.000000,0.000000,0.000000,0.00100000
5,90,0.456500,0.000144,83.2666,0.000000,0.000000,0.000000,0.010417,0.000000,0.000000,0.000000,0.00100000
5,91,0.326196,0.000103,81.5143,0.000000,0.000000,0.000000,0.006576,0.000000,0.000000,0.000000,0.00100000
5,92,0.323179,0.000102,71.1006,0.000000,0.000000,0.000000,0.005288,0.000000,0.000000,0.000000,0.00100000
5,93,0.411689,0.000130,88.3152,0.000000,0.000000,0.000000,0.009969,0.000000,0.000000,0.000000,0.00100000
5,94,0.498275,0.000157,97.1245,0.000000,0.000000,0.000000,0.013266,0.000000,0.000000,0.000000,0.00100000
5,95,0.462754,0.000146,89.4327,0.000000,0.000000,0.000000,0.010067,0.000000,0.000000,0.000000,0.00100000
5,96,0.500134,0.000158,92.4237,0.000000,0.000000,0.000000,0.011464,0.000000,0.000000,0.000000,0.00100000
5,97,0.492965,0.000156,86.2085,0.000000,0.000000,0.000000,0.008287,0.000000,0.000000,0.000000,0.00100000
5,98,0.484111,0.000154,91.8493,0.000000,0.000000,0.000000,0.005423,0.000000,0.000000,0.000000,0.00100000
5,99,0.504909,0.000160,91.4859,0.000000,0.000000,0.000000,0.006524,0.000000,0.000000,0.000000,0.00100000
5,100,0.474316,0.000150,88.1020,0.000000,0.000000,0.000000,0.007813,0.000000,0.000000,0.000000,0.00100000
5,101,0.487412,0.000154,92.2905,0.000000,0.000000,0.000000,0.005880,0.000000,0.000000,0.000000,0.00100000
5,102,0.522255,0.000165,90.2815,0.000000,0.000000,0.000000,0.011356,0.000000,0.000000,0.000000,0.00100000
5,103,0.491344,0.000155,90.4772,0.000000,0.000000,0.000000,0.009745,0.000000,0.000000,0.000000,0.00100000
5,104,0.508465,0.000161,88.6011,0.000000,0.000000,0.000000,0.007360,0.000000,0.000000,0.000000,0.00100000
5,105,0.500498,0.000159,91.5345,0.000000,0.000000,0.000000,0.004457,0.000000,0.000000,0.000000,0.00100000
5,106,0.485779,0.000154,90.4601,0.000000,0.000000,0.000000,0.006898,0.000000,0.000000,0.000000,0.00100000
5,107,0.508060,0.000161,88.8270,0.000000,0.000000,0.000000,0.008563,0.000000,0.000000,0.000000,0.00100000
5,108,0.468543,0.000148,90.6904,0.000000,0.000000,0.000000,0.010431,0.000000,0.000000,0.000000,0.00100000
5,109,0.496751,0.000157,90.4938,0.000000,0.000000,0.000000,0.011844,0.000000,0.000000,0.000000,0.00100000
5,110,0.492004,0.000151,88.5554,0.000000,0.000000,0.000000,0.037448,0.000000,0.000000,0.000000,0.00100000
5,111,0.535476,0.000163,88.0412,0.000000,0.000000,0.000000,0.049863,0.000000,0.000000,0.000000,0.00100000
5,112,0.413526,0.000129,83.3675,0.000000,0.000000,0.000000,0.018233,0.000000,0.000000,0.000000,0.00100000
5,113,0.496098,0.000155,83.7334,0.000000,0.000000,0.000000,0.018023,0.000000,0.000000,0.000000,0.00100000
5,114,0.557629,0.000175,89.6008,0.000000,0.000000,0.000000,0.018051,0.000000,0.000000,0.000000,0.00100000
5,115,0.564644,0.000175,101.7926,0.000000,0.000000,0.000000,0.032738,0.000000,0.000000,0.000000,0.00100000
5,116,0.721930,0.000225,105.6514,0.000000,0.000000,0.000000,0.031221,0.000000,0.000000,0.000000,0.00100000
5,117,0.407123,0.000124,76.2906,0.000000,0.000000,0.000000,0.037028,0.000000,0.000000,0.000000,0.00100000
5,118,0.468938,0.000145,79.3046,0.000000,0.000000,0.000000,0.029890,0.000000,0.000000,0.000000,0.00100000
5,119,0.416251,0.000132,78.4497,0.000000,0.000000,0.000000,0.007355,0.000000,0.000000,0.000000,0.00100000
5,120,0.497003,0.000156,100.0285,0.000000,0.000000,0.000000,0.012945,0.000000,0.000000,0.000000,0.00100000
5,121,0.461061,0.000145,95.6486,0.000000,0.000000,0.000000,0.015490,0.000000,0.000000,0.000000,0.00100000
5,122,0.495969,0.000156,103.2274,0.000000,0.000000,0.000000,0.010930,0.000000,0.000000,0.000000,0.00100000
5,123,0.573216,0.000180,102.4235,0.000000,0.000000,0.000000,0.017589,0.000000,0.000000,0.000000,0.00100000
5,124,0.574176,0.000181,106.4003,0.000000,0.000000,0.000000,0.014982,0.000000,0.000000,0.000000,0.00100000
5,125,0.466671,0.000146,88.5351,0.000000,0.000000,0.000000,0.017185,0.000000,0.000000,0.000000,0.00100000
5,126,0.552026,0.000168,101.0305,0.000000,0.000000,0.000000,0.051109,0.000000,0.000000,0.000000,0.00100000
5,127,0.540552,0.000164,100.8654,0.000000,0.000000,0.000000,0.050182,0.000000,0.000000,0.000000,0.00100000
5,128,0.448282,0.000142,91.0498,0.000000,0.000000,0.000000,0.008135,0.000000,0.000000,0.000000,0.00100000
5,129,0.546270,0.000171,104.1867,0.000000,0.000000,0.000000,0.018743,0.000000,0.000000,0.000000,0.00100000
5,130,0.345783,0.000109,84.7620,0.000000,0.000000,0.000000,0.005288,0.000000,0.000000,0.000000,0.00100000
5,131,0.394271,0.000125,89.7574,0.000000,0.000000,0.000000,0.004914,0.000000,0.000000,0.000000,0.00100000
5,132,0.406750,0.000129,92.5302,0.000000,0.000000,0.000000,0.005288,0.000000,0.000000,0.000000,0.00100000
5,133,0.511186,0.000162,100.4201,0.000000,0.000000,0.000000,0.007677,0.000000,0.000000,0.000000,0.00100000
5,134,0.395275,0.000126,87.6395,0.000000,0.000000,0.000000,0.002390,0.000000,0.000000,0.000000,0.00100000
5,135,0.500082,0.000157,86.2175,0.000000,0.000000,0.000000,0.017081,0.000000,0.000000,0.000000,0.00100000
5,136,0.441866,0.000140,96.3229,0.000000,0.000000,0.000000,0.007304,0.000000,0.000000,0.000000,0.00100000
5,137,0.402407,0.000128,80.7186,0.000000,0.000000,0.000000,0.004966,0.000000,0.000000,0.000000,0.00100000
5,138,0.569252,0.000179,98.9503,0.000000,0.000000,0.000000,0.018452,0.000000,0.000000,0.000000,0.00100000
5,139,0.477273,0.000150,100.5869,0.000000,0.000000,0.000000,0.013797,0.000000,0.000000,0.000000,0.00100000
5,140,0.482650,0.000153,102.3940,0.000000,0.000000,0.000000,0.006254,0.000000,0.000000,0.000000,0.00100000
5,141,0.667673,0.000209,105.8021,0.000000,0.000000,0.000000,0.024485,0.000000,0.000000,0.000000,0.00100000
5,142,0.817562,0.000257,106.6142,0.000000,0.000000,0.000000,0.021503,0.000000,0.000000,0.000000,0.00100000
5,143,0.548370,0.000172,86.2888,0.000000,0.000000,0.000000,0.018607,0.000000,0.000000,0.000000,0.00100000
5,144,0.552659,0.000175,91.2150,0.000000,0.000000,0.000000,0.007117,0.000000,0.000000,0.000000,0.00100000
5,145,0.564578,0.000178,91.9600,0.000000,0.000000,0.000000,0.010659,0.000000,0.000000,0.000000,0.00100000
5,146,0.679157,0.000216,91.3894,0.000000,0.000000,0.000000,0.004966,0.000000,0.000000,0.000000,0.00100000
5,147,0.628566,0.000199,97.2944,0.000000,0.000000,0.000000,0.007490,0.000000,0.000000,0.000000,0.00100000
5,148,0.739162,0.000233,109.1842,0.000000,0.000000,0.000000,0.015792,0.000000,0.000000,0.000000,0.00100000
5,149,0.484626,0.000153,79.9862,0.000000,0.000000,0.000000,0.010337,0.000000,0.000000,0.000000,0.00100000
5,150,0.603040,0.000191,98.9710,0.000000,0.000000,0.000000,0.008321,0.000000,0.000000,0.000000,0.00100000
5,151,0.638330,0.000202,106.2346,0.000000,0.000000,0.000000,0.007864,0.000000,0.000000,0.000000,0.00100000
5,152,0.539823,0.000170,98.1131,0.000000,0.000000,0.000000,0.011646,0.000000,0.000000,0.000000,0.00100000
5,153,0.670674,0.000212,103.8885,0.000000,0.000000,0.000000,0.012540,0.000000,0.000000,0.000000,0.00100000
5,154,0.524918,0.000166,89.9163,0.000000,0.000000,0.000000,0.007033,0.000000,0.000000,0.000000,0.00100000
5,155,0.544367,0.000172,95.5169,0.000000,0.000000,0.000000,0.011625,0.000000,0.000000,0.000000,0.00100000
5,156,0.495090,0.000156,98.9920,0.000000,0.000000,0.000000,0.009642,0.000000,0.000000,0.000000,0.00100000
5,157,0.725565,0.000225,89.4424,0.000000,0.000000,0.000000,0.037413,0.000000,0.000000,0.000000,0.00100000
5,158,0.648745,0.000203,83.8265,0.000000,0.000000,0.000000,0.026265,0.000000,0.000000,0.000000,0.00100000
5,159,0.584378,0.000183,92.7455,0.000000,0.000000,0.000000,0.023611,0.000000,0.000000,0.000000,0.00100000
5,160,0.569677,0.000175,92.2770,0.000000,0.000000,0.000000,0.040436,0.000000,0.000000,0.000000,0.00100000
5,161,0.662226,0.000203,106.9209,0.000000,0.000000,0.000000,0.052455,0.000000,0.000000,0.000000,0.00100000
5,162,0.518717,0.000153,103.2699,0.000000,0.000000,0.000000,0.075247,0.000000,0.000000,0.000000,0.00100000
5,163,0.512770,0.000157,100.4569,0.000000,0.000000,0.000000,0.038516,0.000000,0.000000,0.000000,0.00100000
5,164,0.712568,0.000221,99.8693,0.000000,0.000000,0.000000,0.039565,0.000000,0.000000,0.000000,0.00100000
5,165,0.460216,0.000144,87.3267,0.000000,0.000000,0.000000,0.019977,0.000000,0.000000,0.000000,0.00100000
5,166,0.580850,0.000181,92.1731,0.000000,0.000000,0.000000,0.025642,0.000000,0.000000,0.000000,0.00100000
5,167,0.477080,0.000150,99.7027,0.000000,0.000000,0.000000,0.014747,0.000000,0.000000,0.000000,0.00100000
5,168,0.517394,0.000164,97.8384,0.000000,0.000000,0.000000,0.007999,0.000000,0.000000,0.000000,0.00100000
5,169,0.474292,0.000149,85.5298,0.000000,0.000000,0.000000,0.016913,0.000000,0.000000,0.000000,0.00100000
5,170,0.451186,0.000143,102.6439,0.000000,0.000000,0.000000,0.004135,0.000000,0.000000,0.000000,0.00100000
5,171,0.444388,0.000140,74.6912,0.000000,0.000000,0.000000,0.009693,0.000000,0.000000,0.000000,0.00100000
5,172,0.507643,0.000160,99.0986,0.000000,0.000000,0.000000,0.008965,0.000000,0.000000,0.000000,0.00100000
5,173,0.563373,0.000177,99.5074,0.000000,0.000000,0.000000,0.018961,0.000000,0.000000,0.000000,0.00100000
5,174,0.398418,0.000126,78.5707,0.000000,0.000000,0.000000,0.007439,0.000000,0.000000,0.000000,0.00100000
5,175,0.449099,0.000142,87.7170,0.000000,0.000000,0.000000,0.009662,0.000000,0.000000,0.000000,0.00100000
5,176,0.571449,0.000181,102.9482,0.000000,0.000000,0.000000,0.009101,0.000000,0.000000,0.000000,0.00100000
5,177,0.409799,0.000130,90.8114,0.000000,0.000000,0.000000,0.007355,0.000000,0.000000,0.000000,0.00100000
5,178,0.338327,0.000107,77.3463,0.000000,0.000000,0.000000,0.006389,0.000000,0.000000,0.000000,0.00100000
5,179,0.310887,0.000099,95.1516,0.000000,0.000000,0.000000,0.002712,0.000000,0.000000,0.000000,0.00100000
5,180,0.372599,0.000118,93.8871,0.000000,0.000000,0.000000,0.005576,0.000000,0.000000,0.000000,0.00100000
5,181,0.370322,0.000117,94.6602,0.000000,0.000000,0.000000,0.004779,0.000000,0.000000,0.000000,0.00100000
5,182,0.516281,0.000164,94.6596,0.000000,0.000000,0.000000,0.006660,0.000000,0.000000,0.000000,0.00100000
5,183,0.422485,0.000134,86.1771,0.000000,0.000000,0.000000,0.002712,0.000000,0.000000,0.000000,0.00100000
5,184,0.399708,0.000127,94.3984,0.000000,0.000000,0.000000,0.004000,0.000000,0.000000,0.000000,0.00100000
5,185,0.397623,0.000126,75.9575,0.000000,0.000000,0.000000,0.002390,0.000000,0.000000,0.000000,0.00100000
5,186,0.478153,0.000152,94.5474,0.000000,0.000000,0.000000,0.005610,0.000000,0.000000,0.000000,0.00100000
5,187,0.403215,0.000128,102.7200,0.000000,0.000000,0.000000,0.004000,0.000000,0.000000,0.000000,0.00100000
5,188,0.573687,0.000182,97.5379,0.000000,0.000000,0.000000,0.007220,0.000000,0.000000,0.000000,0.00100000
5,189,0.504207,0.000159,91.4530,0.000000,0.000000,0.000000,0.012913,0.000000,0.000000,0.000000,0.00100000
5,190,0.593437,0.000188,99.4625,0.000000,0.000000,0.000000,0.010524,0.000000,0.000000,0.000000,0.00100000
5,191,0.398459,0.000126,90.4204,0.000000,0.000000,0.000000,0.006711,0.000000,0.000000,0.000000,0.00100000
5,192,0.335848,0.000107,83.1674,0.000000,0.000000,0.000000,0.003304,0.000000,0.000000,0.000000,0.00100000
5,193,0.485223,0.000153,96.6297,0.000000,0.000000,0.000000,0.013102,0.000000,0.000000,0.000000,0.00100000
5,194,0.415462,0.000131,92.8976,0.000000,0.000000,0.000000,0.008405,0.000000,0.000000,0.000000,0.00100000
5,195,0.418161,0.000133,97.2727,0.000000,0.000000,0.000000,0.004727,0.000000,0.000000,0.000000,0.00100000
5,196,0.366335,0.000116,83.6650,0.000000,0.000000,0.000000,0.005745,0.000000,0.000000,0.000000,0.00100000
5,197,0.544178,0.000172,110.8768,0.000000,0.000000,0.000000,0.007813,0.000000,0.000000,0.000000,0.00100000
5,198,0.341926,0.000108,83.7556,0.000000,0.000000,0.000000,0.005423,0.000000,0.000000,0.000000,0.00100000
5,199,0.387479,0.000123,93.0753,0.000000,0.000000,0.000000,0.004135,0.000000,0.000000,0.000000,0.00100000
5,200,0.295986,0.000094,93.4651,0.000000,0.000000,0.000000,0.003356,0.000000,0.000000,0.000000,0.00100000
5,201,0.419888,0.000133,99.0424,0.000000,0.000000,0.000000,0.005288,0.000000,0.000000,0.000000,0.00100000
5,202,0.340041,0.000108,86.4221,0.000000,0.000000,0.000000,0.003034,0.000000,0.000000,0.000000,0.00100000
5,203,0.447416,0.000140,86.7468,0.000000,0.000000,0.000000,0.013797,0.000000,0.000000,0.000000,0.00100000
5,204,0.460337,0.000137,76.0227,0.000000,0.000000,0.000000,0.060624,0.000000,0.000000,0.000000,0.00100000
5,205,0.504684,0.000156,107.4185,0.000000,0.000000,0.000000,0.030180,0.000000,0.000000,0.000000,0.00100000
5,206,0.416000,0.000128,104.8373,0.000000,0.000000,0.000000,0.028925,0.000000,0.000000,0.000000,0.00100000
5,207,0.447356,0.000136,90.1587,0.000000,0.000000,0.000000,0.040478,0.000000,0.000000,0.000000,0.00100000
5,208,0.564978,0.000169,101.1748,0.000000,0.000000,0.000000,0.070788,0.000000,0.000000,0.000000,0.00100000
5,209,0.358868,0.000108,94.3455,0.000000,0.000000,0.000000,0.040259,0.000000,0.000000,0.000000,0.00100000
5,210,0.367544,0.000114,93.6567,0.000000,0.000000,0.000000,0.019541,0.000000,0.000000,0.000000,0.00100000
5,211,0.453860,0.000142,92.9215,0.000000,0.000000,0.000000,0.018155,0.000000,0.000000,0.000000,0.00100000
5,212,0.346201,0.000107,77.8053,0.000000,0.000000,0.000000,0.022201,0.000000,0.000000,0.000000,0.00100000
5,213,0.344597,0.000108,88.2109,0.000000,0.000000,0.000000,0.009880,0.000000,0.000000,0.000000,0.00100000
5,214,0.346551,0.000108,87.1795,0.000000,0.000000,0.000000,0.018607,0.000000,0.000000,0.000000,0.00100000
5,215,0.470248,0.000148,93.6539,0.000000,0.000000,0.000000,0.009828,0.000000,0.000000,0.000000,0.00100000
5,216,0.523938,0.000164,100.4560,0.000000,0.000000,0.000000,0.019334,0.000000,0.000000,0.000000,0.00100000
5,217,0.486088,0.000154,106.1528,0.000000,0.000000,0.000000,0.008830,0.000000,0.000000,0.000000,0.00100000
5,218,0.382933,0.000121,90.2129,0.000000,0.000000,0.000000,0.009101,0.000000,0.000000,0.000000,0.00100000
5,219,0.511285,0.000160,105.4769,0.000000,0.000000,0.000000,0.016082,0.000000,0.000000,0.000000,0.00100000
5,220,0.491434,0.000154,97.3007,0.000000,0.000000,0.000000,0.018056,0.000000,0.000000,0.000000,0.00100000
5,221,0.366518,0.000115,85.0253,0.000000,0.000000,0.000000,0.010337,0.000000,0.000000,0.000000,0.00100000
5,222,0.405986,0.000127,83.4854,0.000000,0.000000,0.000000,0.013198,0.000000,0.000000,0.000000,0.00100000
5,223,0.411887,0.000129,96.5581,0.000000,0.000000,0.000000,0.014659,0.000000,0.000000,0.000000,0.00100000
5,224,0.397853,0.000124,100.3755,0.000000,0.000000,0.000000,0.015522,0.000000,0.000000,0.000000,0.00100000
5,225,0.419959,0.000133,90.6496,0.000000,0.000000,0.000000,0.008540,0.000000,0.000000,0.000000,0.00100000
5,226,0.601402,0.000188,103.9855,0.000000,0.000000,0.000000,0.023737,0.000000,0.000000,0.000000,0.00100000
5,227,0.556873,0.000175,106.7638,0.000000,0.000000,0.000000,0.018214,0.000000,0.000000,0.000000,0.00100000
5,228,0.402782,0.000126,95.2223,0.000000,0.000000,0.000000,0.016166,0.000000,0.000000,0.000000,0.00100000
5,229,0.688352,0.000216,102.6085,0.000000,0.000000,0.000000,0.022167,0.000000,0.000000,0.000000,0.00100000
5,230,0.432835,0.000136,84.5739,0.000000,0.000000,0.000000,0.012223,0.000000,0.000000,0.000000,0.00100000
5,231,0.419647,0.000132,86.3061,0.000000,0.000000,0.000000,0.012344,0.000000,0.000000,0.000000,0.00100000
5,232,0.428635,0.000133,85.0952,0.000000,0.000000,0.000000,0.021402,0.000000,0.000000,0.000000,0.00100000
5,233,0.341260,0.000107,73.6781,0.000000,0.000000,0.000000,0.009184,0.000000,0.000000,0.000000,0.00100000
5,234,0.348811,0.000110,83.6936,0.000000,0.000000,0.000000,0.006389,0.000000,0.000000,0.000000,0.00100000
5,235,0.474296,0.000150,78.6407,0.000000,0.000000,0.000000,0.006473,0.000000,0.000000,0.000000,0.00100000
5,236,0.423760,0.000135,86.2632,0.000000,0.000000,0.000000,0.003356,0.000000,0.000000,0.000000,0.00100000
5,237,0.672697,0.000212,104.3426,0.000000,0.000000,0.000000,0.015253,0.000000,0.000000,0.000000,0.00100000
5,238,0.476775,0.000151,97.2940,0.000000,0.000000,0.000000,0.006524,0.000000,0.000000,0.000000,0.00100000
5,239,0.448872,0.000142,97.5416,0.000000,0.000000,0.000000,0.005880,0.000000,0.000000,0.000000,0.00100000
5,240,0.378540,0.000120,80.6346,0.000000,0.000000,0.000000,0.005932,0.000000,0.000000,0.000000,0.00100000
5,241,0.592475,0.000186,96.0386,0.000000,0.000000,0.000000,0.016352,0.000000,0.000000,0.000000,0.00100000
5,242,0.606779,0.000192,106.8815,0.000000,0.000000,0.000000,0.011625,0.000000,0.000000,0.000000,0.00100000
5,243,0.556949,0.000177,97.2681,0.000000,0.000000,0.000000,0.006851,0.000000,0.000000,0.000000,0.00100000
5,244,0.490604,0.000156,98.5058,0.000000,0.000000,0.000000,0.005455,0.000000,0.000000,0.000000,0.00100000
5,245,0.411066,0.000130,86.8668,0.000000,0.000000,0.000000,0.003813,0.000000,0.000000,0.000000,0.00100000
5,246,0.446796,0.000142,104.5652,0.000000,0.000000,0.000000,0.003356,0.000000,0.000000,0.000000,0.00100000
5,247,0.515500,0.000164,102.2665,0.000000,0.000000,0.000000,0.002525,0.000000,0.000000,0.000000,0.00100000
5,248,0.548677,0.000174,103.3951,0.000000,0.000000,0.000000,0.007220,0.000000,0.000000,0.000000,0.00100000
5,249,0.475146,0.000151,91.3831,0.000000,0.000000,0.000000,0.004779,0.000000,0.000000,0.000000,0.00100000
5,250,0.414291,0.000131,85.2818,0.000000,0.000000,0.000000,0.006254,0.000000,0.000000,0.000000,0.00100000
5,251,0.349832,0.000111,83.3520,0.000000,0.000000,0.000000,0.003948,0.000000,0.000000,0.000000,0.00100000
5,252,0.368979,0.000116,101.8365,0.000000,0.000000,0.000000,0.013209,0.000000,0.000000,0.000000,0.00100000
5,253,0.486083,0.000152,105.1754,0.000000,0.000000,0.000000,0.020167,0.000000,0.000000,0.000000,0.00100000
5,254,0.433622,0.000136,96.5575,0.000000,0.000000,0.000000,0.012203,0.000000,0.000000,0.000000,0.00100000
5,255,0.349160,0.000110,97.6754,0.000000,0.000000,0.000000,0.010981,0.000000,0.000000,0.000000,0.00100000
5,256,0.484087,0.000153,97.8578,0.000000,0.000000,0.000000,0.009964,0.000000,0.000000,0.000000,0.00100000
5,257,0.473864,0.000149,99.6183,0.000000,0.000000,0.000000,0.015116,0.000000,0.000000,0.000000,0.00100000
5,258,0.296203,0.000094,85.7105,0.000000,0.000000,0.000000,0.003034,0.000000,0.000000,0.000000,0.00100000
5,259,0.367203,0.000116,97.7645,0.000000,0.000000,0.000000,0.005932,0.000000,0.000000,0.000000,0.00100000
5,260,0.438218,0.000138,98.9406,0.000000,0.000000,0.000000,0.013101,0.000000,0.000000,0.000000,0.00100000
5,261,0.400706,0.000127,85.6615,0.000000,0.000000,0.000000,0.005745,0.000000,0.000000,0.000000,0.00100000
5,262,0.364148,0.000115,92.3581,0.000000,0.000000,0.000000,0.006389,0.000000,0.000000,0.000000,0.00100000
5,263,0.350273,0.000111,82.9044,0.000000,0.000000,0.000000,0.004322,0.000000,0.000000,0.000000,0.00100000
5,264,0.336570,0.000107,86.2364,0.000000,0.000000,0.000000,0.002712,0.000000,0.000000,0.000000,0.00100000
5,265,0.421023,0.000133,84.3814,0.000000,0.000000,0.000000,0.007948,0.000000,0.000000,0.000000,0.00100000
5,266,0.468834,0.000147,89.1644,0.000000,0.000000,0.000000,0.016446,0.000000,0.000000,0.000000,0.00100000
5,267,0.423933,0.000134,83.7754,0.000000,0.000000,0.000000,0.004457,0.000000,0.000000,0.000000,0.00100000
5,268,0.513831,0.000162,95.0687,0.000000,0.000000,0.000000,0.010472,0.000000,0.000000,0.000000,0.00100000
5,269,0.488522,0.000154,99.8072,0.000000,0.000000,0.000000,0.013647,0.000000,0.000000,0.000000,0.00100000
5,270,0.522935,0.000165,97.8221,0.000000,0.000000,0.000000,0.008457,0.000000,0.000000,0.000000,0.00100000
5,271,0.541873,0.000169,87.7664,0.000000,0.000000,0.000000,0.023262,0.000000,0.000000,0.000000,0.00100000
5,272,0.504098,0.000155,95.9068,0.000000,0.000000,0.000000,0.036016,0.000000,0.000000,0.000000,0.00100000
5,273,0.409860,0.000128,92.0650,0.000000,0.000000,0.000000,0.019843,0.000000,0.000000,0.000000,0.00100000
5,274,0.496768,0.000156,84.4663,0.000000,0.000000,0.000000,0.015064,0.000000,0.000000,0.000000,0.00100000
5,275,0.392291,0.000122,91.2393,0.000000,0.000000,0.000000,0.020539,0.000000,0.000000,0.000000,0.00100000
5,276,0.519128,0.000164,93.4317,0.000000,0.000000,0.000000,0.011677,0.000000,0.000000,0.000000,0.00100000
5,277,0.420344,0.000132,85.5345,0.000000,0.000000,0.000000,0.012540,0.000000,0.000000,0.000000,0.00100000
5,278,0.410951,0.000130,90.6651,0.000000,0.000000,0.000000,0.007490,0.000000,0.000000,0.000000,0.00100000
5,279,0.561000,0.000176,106.7879,0.000000,0.000000,0.000000,0.017183,0.000000,0.000000,0.000000,0.00100000
5,280,0.420050,0.000133,88.7813,0.000000,0.000000,0.000000,0.004457,0.000000,0.000000,0.000000,0.00100000
5,281,0.534083,0.000166,99.5869,0.000000,0.000000,0.000000,0.025808,0.000000,0.000000,0.000000,0.00100000
5,282,0.534366,0.000164,93.7227,0.000000,0.000000,0.000000,0.037470,0.000000,0.000000,0.000000,0.00100000
5,283,0.435664,0.000133,88.9112,0.000000,0.000000,0.000000,0.037371,0.000000,0.000000,0.000000,0.00100000
5,284,0.465276,0.000142,97.5921,0.000000,0.000000,0.000000,0.039179,0.000000,0.000000,0.000000,0.00100000
5,285,0.409080,0.000125,90.7970,0.000000,0.000000,0.000000,0.032364,0.000000,0.000000,0.000000,0.00100000
5,286,0.481815,0.000148,107.3273,0.000000,0.000000,0.000000,0.035663,0.000000,0.000000,0.000000,0.00100000
5,287,0.406602,0.000126,98.3038,0.000000,0.000000,0.000000,0.024436,0.000000,0.000000,0.000000,0.00100000
5,288,0.332183,0.000104,91.5242,0.000000,0.000000,0.000000,0.012965,0.000000,0.000000,0.000000,0.00100000
5,289,0.382068,0.000120,88.0031,0.000000,0.000000,0.000000,0.012863,0.000000,0.000000,0.000000,0.00100000
5,290,0.353318,0.000111,91.7041,0.000000,0.000000,0.000000,0.007999,0.000000,0.000000,0.000000,0.00100000
5,291,0.358075,0.000113,81.1875,0.000000,0.000000,0.000000,0.008732,0.000000,0.000000,0.000000,0.00100000
5,292,0.396131,0.000126,94.3128,0.000000,0.000000,0.000000,0.004457,0.000000,0.000000,0.000000,0.00100000
5,293,0.427171,0.000135,97.6479,0.000000,0.000000,0.000000,0.006254,0.000000,0.000000,0.000000,0.00100000
5,294,0.437321,0.000139,99.6025,0.000000,0.000000,0.000000,0.005880,0.000000,0.000000,0.000000,0.00100000
5,295,0.375894,0.000119,99.8751,0.000000,0.000000,0.000000,0.005288,0.000000,0.000000,0.000000,0.00100000
5,296,0.540581,0.000171,96.7808,0.000000,0.000000,0.000000,0.009667,0.000000,0.000000,0.000000,0.00100000
5,297,0.481870,0.000153,95.7764,0.000000,0.000000,0.000000,0.007033,0.000000,0.000000,0.000000,0.00100000
5,298,0.519145,0.000161,101.8383,0.000000,0.000000,0.000000,0.027803,0.000000,0.000000,0.000000,0.00100000
5,299,0.435966,0.000136,97.2141,0.000000,0.000000,0.000000,0.022007,0.000000,0.000000,0.000000,0.00100000
5,300,0.316190,0.000100,85.6825,0.000000,0.000000,0.000000,0.003034,0.000000,0.000000,0.000000,0.00100000
5,301,0.644262,0.000203,102.3546,0.000000,0.000000,0.000000,0.017069,0.000000,0.000000,0.000000,0.00100000
5,302,0.470657,0.000148,92.4221,0.000000,0.000000,0.000000,0.011168,0.000000,0.000000,0.000000,0.00100000
5,303,0.424608,0.000134,86.5622,0.000000,0.000000,0.000000,0.008643,0.000000,0.000000,0.000000,0.00100000
5,304,0.416335,0.000130,86.0911,0.000000,0.000000,0.000000,0.015895,0.000000,0.000000,0.000000,0.00100000
5,305,0.478714,0.000150,99.9700,0.000000,0.000000,0.000000,0.016374,0.000000,0.000000,0.000000,0.00100000
5,306,0.372404,0.000117,86.5671,0.000000,0.000000,0.000000,0.008218,0.000000,0.000000,0.000000,0.00100000
5,307,0.356347,0.000112,78.4939,0.000000,0.000000,0.000000,0.008508,0.000000,0.000000,0.000000,0.00100000
5,308,0.502094,0.000158,93.9730,0.000000,0.000000,0.000000,0.012405,0.000000,0.000000,0.000000,0.00100000
5,309,0.553924,0.000175,102.8280,0.000000,0.000000,0.000000,0.011495,0.000000,0.000000,0.000000,0.00100000
5,310,0.370170,0.000117,79.2870,0.000000,0.000000,0.000000,0.008965,0.000000,0.000000,0.000000,0.00100000
5,311,0.403037,0.000127,93.5731,0.000000,0.000000,0.000000,0.010524,0.000000,0.000000,0.000000,0.00100000
5,312,0.420784,0.000133,95.5879,0.000000,0.000000,0.000000,0.007761,0.000000,0.000000,0.000000,0.00100000
5,313,0.439730,0.000138,96.9051,0.000000,0.000000,0.000000,0.012623,0.000000,0.000000,0.000000,0.00100000
5,314,0.466599,0.000148,86.0556,0.000000,0.000000,0.000000,0.005558,0.000000,0.000000,0.000000,0.00100000
5,315,0.516096,0.000160,89.9513,0.000000,0.000000,0.000000,0.025611,0.000000,0.000000,0.000000,0.00100000
5,316,0.442096,0.000137,95.9602,0.000000,0.000000,0.000000,0.026670,0.000000,0.000000,0.000000,0.00100000
5,317,0.405341,0.000128,95.7790,0.000000,0.000000,0.000000,0.008083,0.000000,0.000000,0.000000,0.00100000
5,318,0.408484,0.000128,77.6140,0.000000,0.000000,0.000000,0.011200,0.000000,0.000000,0.000000,0.00100000
5,319,0.438912,0.000138,91.2136,0.000000,0.000000,0.000000,0.013641,0.000000,0.000000,0.000000,0.00100000
5,320,0.359024,0.000114,87.2980,0.000000,0.000000,0.000000,0.004322,0.000000,0.000000,0.000000,0.00100000
5,321,0.562505,0.000175,99.6780,0.000000,0.000000,0.000000,0.024812,0.000000,0.000000,0.000000,0.00100000
5,322,0.383347,0.000117,92.0838,0.000000,0.000000,0.000000,0.030270,0.000000,0.000000,0.000000,0.00100000
5,323,0.403659,0.000126,98.7680,0.000000,0.000000,0.000000,0.014846,0.000000,0.000000,0.000000,0.00100000
5,324,0.599381,0.000189,105.7781,0.000000,0.000000,0.000000,0.014317,0.000000,0.000000,0.000000,0.00100000
5,325,0.523746,0.000165,99.9994,0.000000,0.000000,0.000000,0.015097,0.000000,0.000000,0.000000,0.00100000
5,326,0.459054,0.000145,97.9061,0.000000,0.000000,0.000000,0.010608,0.000000,0.000000,0.000000,0.00100000
5,327,0.409213,0.000128,96.3716,0.000000,0.000000,0.000000,0.015912,0.000000,0.000000,0.000000,0.00100000
5,328,0.528338,0.000167,103.1473,0.000000,0.000000,0.000000,0.007761,0.000000,0.000000,0.000000,0.00100000
5,329,0.658451,0.000208,103.8028,0.000000,0.000000,0.000000,0.014253,0.000000,0.000000,0.000000,0.00100000
5,330,0.400674,0.000127,92.3947,0.000000,0.000000,0.000000,0.005288,0.000000,0.000000,0.000000,0.00100000
5,331,0.395374,0.000125,95.6989,0.000000,0.000000,0.000000,0.006016,0.000000,0.000000,0.000000,0.00100000
5,332,0.491933,0.000156,101.8792,0.000000,0.000000,0.000000,0.004322,0.000000,0.000000,0.000000,0.00100000
5,333,0.465793,0.000148,92.7795,0.000000,0.000000,0.000000,0.005745,0.000000,0.000000,0.000000,0.00100000
5,334,0.428424,0.000136,99.0533,0.000000,0.000000,0.000000,0.006202,0.000000,0.000000,0.000000,0.00100000
5,335,0.493459,0.000155,96.2330,0.000000,0.000000,0.000000,0.012997,0.000000,0.000000,0.000000,0.00100000
5,336,0.393995,0.000125,86.7755,0.000000,0.000000,0.000000,0.007064,0.000000,0.000000,0.000000,0.00100000
5,337,0.428477,0.000136,92.4850,0.000000,0.000000,0.000000,0.002390,0.000000,0.000000,0.000000,0.00100000
5,338,0.413659,0.000131,96.7596,0.000000,0.000000,0.000000,0.006864,0.000000,0.000000,0.000000,0.00100000
5,339,0.459219,0.000146,96.9000,0.000000,0.000000,0.000000,0.005610,0.000000,0.000000,0.000000,0.00100000
5,340,0.489498,0.000154,89.8331,0.000000,0.000000,0.000000,0.011364,0.000000,0.000000,0.000000,0.00100000
5,341,0.451517,0.000143,102.7248,0.000000,0.000000,0.000000,0.007304,0.000000,0.000000,0.000000,0.00100000
5,342,0.473843,0.000150,90.3943,0.000000,0.000000,0.000000,0.005694,0.000000,0.000000,0.000000,0.00100000
5,343,0.578030,0.000181,103.2031,0.000000,0.000000,0.000000,0.021021,0.000000,0.000000,0.000000,0.00100000
5,344,0.478286,0.000150,98.1051,0.000000,0.000000,0.000000,0.015657,0.000000,0.000000,0.000000,0.00100000
5,345,0.424706,0.000134,94.2119,0.000000,0.000000,0.000000,0.008321,0.000000,0.000000,0.000000,0.00100000
5,346,0.421329,0.000133,101.2950,0.000000,0.000000,0.000000,0.005423,0.000000,0.000000,0.000000,0.00100000
5,347,0.429391,0.000136,100.2491,0.000000,0.000000,0.000000,0.007542,0.000000,0.000000,0.000000,0.00100000
5,348,0.398843,0.000126,104.2700,0.000000,0.000000,0.000000,0.007439,0.000000,0.000000,0.000000,0.00100000
5,349,0.416948,0.000132,105.2429,0.000000,0.000000,0.000000,0.004322,0.000000,0.000000,0.000000,0.00100000
5,350,0.331416,0.000104,78.0976,0.000000,0.000000,0.000000,0.007999,0.000000,0.000000,0.000000,0.00100000
5,351,0.362771,0.000115,85.2220,0.000000,0.000000,0.000000,0.006202,0.000000,0.000000,0.000000,0.00100000
5,352,0.374207,0.000119,93.9903,0.000000,0.000000,0.000000,0.004592,0.000000,0.000000,0.000000,0.00100000
5,353,0.347190,0.000110,84.0111,0.000000,0.000000,0.000000,0.007033,0.000000,0.000000,0.000000,0.00100000
5,354,0.406235,0.000129,106.2062,0.000000,0.000000,0.000000,0.005610,0.000000,0.000000,0.000000,0.00100000
5,355,0.326715,0.000104,86.6713,0.000000,0.000000,0.000000,0.003813,0.000000,0.000000,0.000000,0.00100000
5,356,0.293436,0.000093,94.1153,0.000000,0.000000,0.000000,0.002712,0.000000,0.000000,0.000000,0.00100000
5,357,0.376403,0.000119,94.3426,0.000000,0.000000,0.000000,0.006254,0.000000,0.000000,0.000000,0.00100000
5,358,0.296606,0.000094,87.2642,0.000000,0.000000,0.000000,0.002068,0.000000,0.000000,0.000000,0.00100000
5,359,0.293963,0.000093,93.3786,0.000000,0.000000,0.000000,0.003356,0.000000,0.000000,0.000000,0.00100000
5,360,0.434492,0.000138,85.3908,0.000000,0.000000,0.000000,0.004462,0.000000,0.000000,0.000000,0.00100000
5,361,0.375153,0.000119,97.4261,0.000000,0.000000,0.000000,0.003356,0.000000,0.000000,0.000000,0.00100000
5,362,0.439713,0.000140,101.1640,0.000000,0.000000,0.000000,0.004322,0.000000,0.000000,0.000000,0.00100000
5,363,0.431640,0.000137,94.0330,0.000000,0.000000,0.000000,0.003356,0.000000,0.000000,0.000000,0.00100000
5,364,0.430980,0.000137,96.1265,0.000000,0.000000,0.000000,0.004644,0.000000,0.000000,0.000000,0.00100000
5,365,0.426494,0.000135,88.5822,0.000000,0.000000,0.000000,0.006846,0.000000,0.000000,0.000000,0.00100000
5,366,0.488117,0.000155,100.4233,0.000000,0.000000,0.000000,0.004644,0.000000,0.000000,0.000000,0.00100000
5,367,0.365885,0.000115,82.3725,0.000000,0.000000,0.000000,0.009558,0.000000,0.000000,0.000000,0.00100000
5,368,0.718279,0.000226,96.8103,0.000000,0.000000,0.000000,0.021369,0.000000,0.000000,0.000000,0.00100000
5,369,0.459307,0.000145,90.6393,0.000000,0.000000,0.000000,0.010015,0.000000,0.000000,0.000000,0.00100000
5,370,0.508336,0.000160,95.6988,0.000000,0.000000,0.000000,0.013075,0.000000,0.000000,0.000000,0.00100000
5,371,0.399886,0.000125,71.4523,0.000000,0.000000,0.000000,0.012862,0.000000,0.000000,0.000000,0.00100000
5,372,0.627795,0.000196,84.6642,0.000000,0.000000,0.000000,0.024343,0.000000,0.000000,0.000000,0.00100000
5,373,0.507560,0.000153,87.8189,0.000000,0.000000,0.000000,0.053073,0.000000,0.000000,0.000000,0.00100000
5,374,0.374753,0.000116,96.0589,0.000000,0.000000,0.000000,0.023437,0.000000,0.000000,0.000000,0.00100000
5,375,0.451254,0.000141,98.2495,0.000000,0.000000,0.000000,0.018580,0.000000,0.000000,0.000000,0.00100000
5,376,0.444570,0.000135,100.2550,0.000000,0.000000,0.000000,0.042903,0.000000,0.000000,0.000000,0.00100000
5,377,0.451248,0.000138,98.9997,0.000000,0.000000,0.000000,0.038650,0.000000,0.000000,0.000000,0.00100000
5,378,0.465601,0.000144,90.2995,0.000000,0.000000,0.000000,0.029705,0.000000,0.000000,0.000000,0.00100000
5,379,0.446184,0.000138,85.5250,0.000000,0.000000,0.000000,0.025620,0.000000,0.000000,0.000000,0.00100000
5,380,0.399858,0.000122,99.1840,0.000000,0.000000,0.000000,0.034070,0.000000,0.000000,0.000000,0.00100000
5,381,0.376396,0.000118,100.2683,0.000000,0.000000,0.000000,0.010930,0.000000,0.000000,0.000000,0.00100000
5,382,0.335309,0.000103,87.6256,0.000000,0.000000,0.000000,0.024757,0.000000,0.000000,0.000000,0.00100000
5,383,0.484829,0.000153,98.5368,0.000000,0.000000,0.000000,0.009049,0.000000,0.000000,0.000000,0.00100000
5,384,0.408707,0.000128,89.3197,0.000000,0.000000,0.000000,0.012082,0.000000,0.000000,0.000000,0.00100000
5,385,0.403518,0.000127,97.5306,0.000000,0.000000,0.000000,0.010846,0.000000,0.000000,0.000000,0.00100000
5,386,0.373635,0.000118,97.7975,0.000000,0.000000,0.000000,0.004457,0.000000,0.000000,0.000000,0.00100000
5,387,0.376514,0.000119,97.8976,0.000000,0.000000,0.000000,0.003813,0.000000,0.000000,0.000000,0.00100000
5,388,0.311918,0.000099,92.4183,0.000000,0.000000,0.000000,0.004135,0.000000,0.000000,0.000000,0.00100000
5,389,0.361572,0.000115,99.4813,0.000000,0.000000,0.000000,0.004457,0.000000,0.000000,0.000000,0.00100000
5,390,0.361070,0.000114,89.7220,0.000000,0.000000,0.000000,0.004457,0.000000,0.000000,0.000000,0.00100000
5,391,0.434284,0.000137,103.8797,0.000000,0.000000,0.000000,0.008862,0.000000,0.000000,0.000000,0.00100000
5,392,0.557978,0.000177,101.7147,0.000000,0.000000,0.000000,0.003356,0.000000,0.000000,0.000000,0.00100000
5,393,0.367124,0.000116,84.7026,0.000000,0.000000,0.000000,0.007033,0.000000,0.000000,0.000000,0.00100000
5,394,0.415093,0.000132,97.9228,0.000000,0.000000,0.000000,0.003356,0.000000,0.000000,0.000000,0.00100000
5,395,0.467157,0.000148,99.2519,0.000000,0.000000,0.000000,0.005745,0.000000,0.000000,0.000000,0.00100000
5,396,0.332472,0.000105,97.1256,0.000000,0.000000,0.000000,0.003678,0.000000,0.000000,0.000000,0.00100000
5,397,0.313212,0.000099,92.3678,0.000000,0.000000,0.000000,0.003948,0.000000,0.000000,0.000000,0.00100000
5,398,0.501671,0.000159,88.7825,0.000000,0.000000,0.000000,0.007948,0.000000,0.000000,0.000000,0.00100000
5,399,0.399547,0.000126,95.0821,0.000000,0.000000,0.000000,0.005880,0.000000,0.000000,0.000000,0.00100000
5,400,0.308931,0.000098,82.2787,0.000000,0.000000,0.000000,0.005880,0.000000,0.000000,0.000000,0.00100000
5,401,0.410014,0.000130,90.6835,0.000000,0.000000,0.000000,0.006846,0.000000,0.000000,0.000000,0.00100000
5,402,0.481911,0.000153,91.1985,0.000000,0.000000,0.000000,0.004322,0.000000,0.000000,0.000000,0.00100000
5,403,0.309210,0.000098,91.0265,0.000000,0.000000,0.000000,0.003356,0.000000,0.000000,0.000000,0.00100000
5,404,0.338275,0.000107,87.4712,0.000000,0.000000,0.000000,0.006338,0.000000,0.000000,0.000000,0.00100000
5,405,0.308139,0.000097,95.4970,0.000000,0.000000,0.000000,0.005694,0.000000,0.000000,0.000000,0.00100000
5,406,0.407416,0.000129,96.8045,0.000000,0.000000,0.000000,0.003678,0.000000,0.000000,0.000000,0.00100000
5,407,0.545613,0.000172,91.7241,0.000000,0.000000,0.000000,0.013981,0.000000,0.000000,0.000000,0.00100000
5,408,0.497074,0.000158,91.4063,0.000000,0.000000,0.000000,0.004779,0.000000,0.000000,0.000000,0.00100000
5,409,0.484611,0.000151,92.2661,0.000000,0.000000,0.000000,0.022131,0.000000,0.000000,0.000000,0.00100000
5,410,0.495816,0.000156,90.7490,0.000000,0.000000,0.000000,0.012997,0.000000,0.000000,0.000000,0.00100000
5,411,0.486316,0.000151,94.2261,0.000000,0.000000,0.000000,0.025517,0.000000,0.000000,0.000000,0.00100000
5,412,0.519096,0.000163,103.6982,0.000000,0.000000,0.000000,0.013506,0.000000,0.000000,0.000000,0.00100000
5,413,0.455105,0.000142,61.1287,0.000000,0.000000,0.000000,0.018690,0.000000,0.000000,0.000000,0.00100000
5,414,0.410581,0.000129,95.9734,0.000000,0.000000,0.000000,0.010067,0.000000,0.000000,0.000000,0.00100000
5,415,0.369601,0.000115,76.4903,0.000000,0.000000,0.000000,0.018130,0.000000,0.000000,0.000000,0.00100000
5,416,0.386350,0.000121,77.5306,0.000000,0.000000,0.000000,0.011933,0.000000,0.000000,0.000000,0.00100000
5,417,0.329697,0.000104,93.1405,0.000000,0.000000,0.000000,0.005423,0.000000,0.000000,0.000000,0.00100000
5,418,0.387702,0.000121,98.1931,0.000000,0.000000,0.000000,0.014607,0.000000,0.000000,0.000000,0.00100000
5,419,0.340723,0.000108,94.1552,0.000000,0.000000,0.000000,0.004000,0.000000,0.000000,0.000000,0.00100000
5,420,0.291757,0.000092,83.3322,0.000000,0.000000,0.000000,0.004457,0.000000,0.000000,0.000000,0.00100000
5,421,0.355915,0.000113,88.6376,0.000000,0.000000,0.000000,0.004966,0.000000,0.000000,0.000000,0.00100000
5,422,0.512605,0.000162,94.8559,0.000000,0.000000,0.000000,0.010067,0.000000,0.000000,0.000000,0.00100000
5,423,0.374768,0.000118,73.5295,0.000000,0.000000,0.000000,0.006660,0.000000,0.000000,0.000000,0.00100000
5,424,0.420419,0.000131,100.1670,0.000000,0.000000,0.000000,0.019928,0.000000,0.000000,0.000000,0.00100000
5,425,0.379023,0.000116,85.5057,0.000000,0.000000,0.000000,0.030744,0.000000,0.000000,0.000000,0.00100000
5,426,0.325418,0.000101,91.4176,0.000000,0.000000,0.000000,0.014607,0.000000,0.000000,0.000000,0.00100000
5,427,0.287749,0.000091,89.8786,0.000000,0.000000,0.000000,0.003678,0.000000,0.000000,0.000000,0.00100000
5,428,0.474914,0.000149,105.2872,0.000000,0.000000,0.000000,0.014182,0.000000,0.000000,0.000000,0.00100000
5,429,0.374741,0.000118,97.9578,0.000000,0.000000,0.000000,0.009745,0.000000,0.000000,0.000000,0.00100000
5,430,0.396997,0.000125,99.8121,0.000000,0.000000,0.000000,0.011677,0.000000,0.000000,0.000000,0.00100000
5,431,0.370022,0.000117,88.2511,0.000000,0.000000,0.000000,0.006254,0.000000,0.000000,0.000000,0.00100000
5,432,0.357777,0.000113,95.7800,0.000000,0.000000,0.000000,0.006389,0.000000,0.000000,0.000000,0.00100000
5,433,0.383479,0.000121,104.6345,0.000000,0.000000,0.000000,0.009119,0.000000,0.000000,0.000000,0.00100000
5,434,0.341645,0.000108,87.7452,0.000000,0.000000,0.000000,0.006202,0.000000,0.000000,0.000000,0.00100000
5,435,0.348438,0.000110,88.7547,0.000000,0.000000,0.000000,0.004000,0.000000,0.000000,0.000000,0.00100000
5,436,0.393477,0.000124,83.4946,0.000000,0.000000,0.000000,0.006846,0.000000,0.000000,0.000000,0.00100000
5,437,0.359980,0.000114,80.6793,0.000000,0.000000,0.000000,0.003678,0.000000,0.000000,0.000000,0.00100000
5,438,0.459471,0.000144,96.3993,0.000000,0.000000,0.000000,0.013641,0.000000,0.000000,0.000000,0.00100000
5,439,0.345583,0.000110,84.1316,0.000000,0.000000,0.000000,0.003356,0.000000,0.000000,0.000000,0.00100000
5,440,0.389538,0.000123,98.7596,0.000000,0.000000,0.000000,0.007813,0.000000,0.000000,0.000000,0.00100000
5,441,0.404688,0.000128,83.8149,0.000000,0.000000,0.000000,0.005288,0.000000,0.000000,0.000000,0.00100000
5,442,0.355393,0.000113,101.7506,0.000000,0.000000,0.000000,0.004644,0.000000,0.000000,0.000000,0.00100000
5,443,0.390813,0.000124,104.9823,0.000000,0.000000,0.000000,0.004457,0.000000,0.000000,0.000000,0.00100000
5,444,0.346286,0.000109,83.2250,0.000000,0.000000,0.000000,0.006202,0.000000,0.000000,0.000000,0.00100000
5,445,0.389468,0.000123,99.0492,0.000000,0.000000,0.000000,0.004914,0.000000,0.000000,0.000000,0.00100000
5,446,0.403575,0.000127,92.4943,0.000000,0.000000,0.000000,0.007677,0.000000,0.000000,0.000000,0.00100000
5,447,0.425046,0.000135,101.3727,0.000000,0.000000,0.000000,0.005610,0.000000,0.000000,0.000000,0.00100000
5,448,0.395030,0.000125,100.6511,0.000000,0.000000,0.000000,0.004135,0.000000,0.000000,0.000000,0.00100000
5,449,0.337095,0.000106,91.6624,0.000000,0.000000,0.000000,0.007490,0.000000,0.000000,0.000000,0.00100000
5,450,0.409180,0.000128,81.6313,0.000000,0.000000,0.000000,0.015896,0.000000,0.000000,0.000000,0.00100000
5,451,0.369848,0.000117,90.6086,0.000000,0.000000,0.000000,0.008083,0.000000,0.000000,0.000000,0.00100000
5,452,0.337838,0.000107,93.6028,0.000000,0.000000,0.000000,0.006389,0.000000,0.000000,0.000000,0.00100000
5,453,0.344478,0.000109,94.2870,0.000000,0.000000,0.000000,0.005745,0.000000,0.000000,0.000000,0.00100000
5,454,0.546300,0.000169,93.6495,0.000000,0.000000,0.000000,0.030306,0.000000,0.000000,0.000000,0.00100000
5,455,0.448308,0.000139,100.3298,0.000000,0.000000,0.000000,0.023720,0.000000,0.000000,0.000000,0.00100000
5,456,0.523061,0.000165,102.8254,0.000000,0.000000,0.000000,0.011916,0.000000,0.000000,0.000000,0.00100000
5,457,0.399692,0.000124,79.3652,0.000000,0.000000,0.000000,0.024030,0.000000,0.000000,0.000000,0.00100000
5,458,0.468551,0.000144,104.8126,0.000000,0.000000,0.000000,0.032285,0.000000,0.000000,0.000000,0.00100000
5,459,0.411379,0.000127,87.6562,0.000000,0.000000,0.000000,0.025284,0.000000,0.000000,0.000000,0.00100000
5,460,0.392033,0.000122,93.8168,0.000000,0.000000,0.000000,0.018201,0.000000,0.000000,0.000000,0.00100000
5,461,0.383114,0.000120,99.2508,0.000000,0.000000,0.000000,0.011200,0.000000,0.000000,0.000000,0.00100000
5,462,0.438497,0.000134,95.1935,0.000000,0.000000,0.000000,0.036291,0.000000,0.000000,0.000000,0.00100000
5,463,0.360895,0.000111,88.3776,0.000000,0.000000,0.000000,0.028196,0.000000,0.000000,0.000000,0.00100000
5,464,0.373763,0.000115,86.6295,0.000000,0.000000,0.000000,0.026213,0.000000,0.000000,0.000000,0.00100000
5,465,0.371261,0.000114,98.0725,0.000000,0.000000,0.000000,0.024538,0.000000,0.000000,0.000000,0.00100000
5,466,0.423773,0.000132,85.8551,0.000000,0.000000,0.000000,0.021267,0.000000,0.000000,0.000000,0.00100000
5,467,0.421122,0.000132,79.5209,0.000000,0.000000,0.000000,0.013235,0.000000,0.000000,0.000000,0.00100000
5,468,0.321094,0.000099,78.2633,0.000000,0.000000,0.000000,0.021131,0.000000,0.000000,0.000000,0.00100000
5,469,0.399871,0.000126,95.5243,0.000000,0.000000,0.000000,0.011050,0.000000,0.000000,0.000000,0.00100000
5,470,0.440118,0.000138,99.7835,0.000000,0.000000,0.000000,0.015168,0.000000,0.000000,0.000000,0.00100000
5,471,0.438740,0.000139,100.3526,0.000000,0.000000,0.000000,0.008405,0.000000,0.000000,0.000000,0.00100000
5,472,0.348243,0.000110,90.5121,0.000000,0.000000,0.000000,0.007033,0.000000,0.000000,0.000000,0.00100000
5,473,0.422459,0.000134,102.4839,0.000000,0.000000,0.000000,0.005101,0.000000,0.000000,0.000000,0.00100000
5,474,0.357778,0.000113,94.5240,0.000000,0.000000,0.000000,0.005558,0.000000,0.000000,0.000000,0.00100000
5,475,0.427002,0.000135,102.2502,0.000000,0.000000,0.000000,0.005558,0.000000,0.000000,0.000000,0.00100000
5,476,0.475284,0.000150,100.2040,0.000000,0.000000,0.000000,0.009838,0.000000,0.000000,0.000000,0.00100000
5,477,0.539885,0.000170,100.7614,0.000000,0.000000,0.000000,0.013081,0.000000,0.000000,0.000000,0.00100000
5,478,0.414380,0.000130,79.1605,0.000000,0.000000,0.000000,0.012913,0.000000,0.000000,0.000000,0.00100000
5,479,0.417645,0.000131,85.4295,0.000000,0.000000,0.000000,0.012759,0.000000,0.000000,0.000000,0.00100000
5,480,0.397851,0.000125,97.2930,0.000000,0.000000,0.000000,0.009101,0.000000,0.000000,0.000000,0.00100000
5,481,0.526066,0.000167,103.7935,0.000000,0.000000,0.000000,0.005372,0.000000,0.000000,0.000000,0.00100000
5,482,0.536912,0.000169,107.0546,0.000000,0.000000,0.000000,0.012945,0.000000,0.000000,0.000000,0.00100000
5,483,0.495196,0.000157,104.2208,0.000000,0.000000,0.000000,0.005880,0.000000,0.000000,0.000000,0.00100000
5,484,0.422040,0.000133,96.5616,0.000000,0.000000,0.000000,0.007490,0.000000,0.000000,0.000000,0.00100000
5,485,0.373769,0.000118,91.3540,0.000000,0.000000,0.000000,0.006473,0.000000,0.000000,0.000000,0.00100000
5,486,0.431210,0.000136,92.1052,0.000000,0.000000,0.000000,0.010065,0.000000,0.000000,0.000000,0.00100000
5,487,0.412577,0.000130,79.3364,0.000000,0.000000,0.000000,0.011574,0.000000,0.000000,0.000000,0.00100000
5,488,0.507426,0.000161,95.3170,0.000000,0.000000,0.000000,0.006002,0.000000,0.000000,0.000000,0.00100000
5,489,0.360330,0.000113,86.7564,0.000000,0.000000,0.000000,0.009340,0.000000,0.000000,0.000000,0.00100000
5,490,0.428223,0.000135,89.3466,0.000000,0.000000,0.000000,0.008218,0.000000,0.000000,0.000000,0.00100000
5,491,0.408230,0.000129,74.5007,0.000000,0.000000,0.000000,0.004644,0.000000,0.000000,0.000000,0.00100000
5,492,0.414616,0.000131,91.4981,0.000000,0.000000,0.000000,0.009776,0.000000,0.000000,0.000000,0.00100000
5,493,0.415865,0.000131,72.6938,0.000000,0.000000,0.000000,0.010878,0.000000,0.000000,0.000000,0.00100000
5,494,0.460376,0.000145,94.1641,0.000000,0.000000,0.000000,0.012140,0.000000,0.000000,0.000000,0.00100000
5,495,0.390342,0.000123,81.9659,0.000000,0.000000,0.000000,0.009964,0.000000,0.000000,0.000000,0.00100000
5,496,0.426248,0.000134,82.2911,0.000000,0.000000,0.000000,0.013558,0.000000,0.000000,0.000000,0.00100000
5,497,0.500511,0.000158,96.1229,0.000000,0.000000,0.000000,0.011070,0.000000,0.000000,0.000000,0.00100000
5,498,0.381756,0.000121,92.5248,0.000000,0.000000,0.000000,0.004779,0.000000,0.000000,0.000000,0.00100000
5,499,0.420449,0.000131,81.1871,0.000000,0.000000,0.000000,0.017216,0.000000,0.000000,0.000000,0.00100000
5,500,0.547434,0.000172,93.9967,0.000000,0.000000,0.000000,0.014176,0.000000,0.000000,0.000000,0.00100000
5,501,0.473522,0.000147,87.6577,0.000000,0.000000,0.000000,0.024584,0.000000,0.000000,0.000000,0.00100000
5,502,0.583136,0.000181,91.9852,0.000000,0.000000,0.000000,0.030554,0.000000,0.000000,0.000000,0.00100000
5,503,0.777230,0.000238,107.6549,0.000000,0.000000,0.000000,0.061113,0.000000,0.000000,0.000000,0.00100000
5,504,0.502135,0.000153,79.4909,0.000000,0.000000,0.000000,0.047576,0.000000,0.000000,0.000000,0.00100000
5,505,0.610001,0.000184,96.8244,0.000000,0.000000,0.000000,0.064560,0.000000,0.000000,0.000000,0.00100000
5,506,0.654126,0.000192,89.6145,0.000000,0.000000,0.000000,0.104663,0.000000,0.000000,0.000000,0.00100000
5,507,0.741485,0.000227,106.4204,0.000000,0.000000,0.000000,0.058318,0.000000,0.000000,0.000000,0.00100000
5,508,0.788028,0.000241,104.8795,0.000000,0.000000,0.000000,0.064881,0.000000,0.000000,0.000000,0.00100000
5,509,0.789429,0.000240,104.6944,0.000000,0.000000,0.000000,0.075162,0.000000,0.000000,0.000000,0.00100000
5,510,0.577225,0.000176,90.3785,0.000000,0.000000,0.000000,0.052396,0.000000,0.000000,0.000000,0.00100000
5,511,0.442116,0.000138,91.5753,0.000000,0.000000,0.000000,0.020301,0.000000,0.000000,0.000000,0.00100000
5,512,0.391653,0.000121,92.0881,0.000000,0.000000,0.000000,0.025356,0.000000,0.000000,0.000000,0.00100000
5,513,0.559403,0.000173,98.3045,0.000000,0.000000,0.000000,0.034874,0.000000,0.000000,0.000000,0.00100000
5,514,0.442317,0.000138,91.9739,0.000000,0.000000,0.000000,0.022167,0.000000,0.000000,0.000000,0.00100000
5,515,0.502728,0.000158,100.4069,0.000000,0.000000,0.000000,0.016591,0.000000,0.000000,0.000000,0.00100000
5,516,0.581851,0.000178,73.7811,0.000000,0.000000,0.000000,0.048983,0.000000,0.000000,0.000000,0.00100000
5,517,0.516926,0.000161,100.1507,0.000000,0.000000,0.000000,0.025652,0.000000,0.000000,0.000000,0.00100000
5,518,0.487831,0.000154,102.1286,0.000000,0.000000,0.000000,0.007626,0.000000,0.000000,0.000000,0.00100000
5,519,0.409327,0.000128,96.2782,0.000000,0.000000,0.000000,0.015232,0.000000,0.000000,0.000000,0.00100000
5,520,0.534802,0.000168,95.6266,0.000000,0.000000,0.000000,0.014705,0.000000,0.000000,0.000000,0.00100000
5,521,0.470889,0.000148,102.7836,0.000000,0.000000,0.000000,0.011168,0.000000,0.000000,0.000000,0.00100000
5,522,0.459464,0.000145,101.1074,0.000000,0.000000,0.000000,0.010472,0.000000,0.000000,0.000000,0.00100000
5,523,0.485642,0.000154,104.1092,0.000000,0.000000,0.000000,0.002390,0.000000,0.000000,0.000000,0.00100000
5,524,0.484751,0.000153,99.6396,0.000000,0.000000,0.000000,0.007761,0.000000,0.000000,0.000000,0.00100000
5,525,0.422146,0.000134,96.1106,0.000000,0.000000,0.000000,0.006576,0.000000,0.000000,0.000000,0.00100000
5,526,0.307693,0.000097,97.8420,0.000000,0.000000,0.000000,0.004457,0.000000,0.000000,0.000000,0.00100000
5,527,0.384357,0.000122,95.7507,0.000000,0.000000,0.000000,0.004000,0.000000,0.000000,0.000000,0.00100000
5,528,0.342045,0.000109,98.8651,0.000000,0.000000,0.000000,0.002712,0.000000,0.000000,0.000000,0.00100000
5,529,0.347205,0.000110,89.0824,0.000000,0.000000,0.000000,0.005288,0.000000,0.000000,0.000000,0.00100000
5,530,0.298692,0.000095,82.2157,0.000000,0.000000,0.000000,0.002390,0.000000,0.000000,0.000000,0.00100000
5,531,0.444659,0.000141,104.7359,0.000000,0.000000,0.000000,0.004457,0.000000,0.000000,0.000000,0.00100000
5,532,0.480031,0.000152,94.2537,0.000000,0.000000,0.000000,0.006067,0.000000,0.000000,0.000000,0.00100000
5,533,0.444771,0.000140,97.2672,0.000000,0.000000,0.000000,0.009101,0.000000,0.000000,0.000000,0.00100000
5,534,0.461920,0.000147,96.4242,0.000000,0.000000,0.000000,0.003678,0.000000,0.000000,0.000000,0.00100000
5,535,0.450334,0.000142,90.9137,0.000000,0.000000,0.000000,0.008270,0.000000,0.000000,0.000000,0.00100000
5,536,0.448521,0.000142,99.0428,0.000000,0.000000,0.000000,0.006151,0.000000,0.000000,0.000000,0.00100000
5,537,0.441913,0.000140,97.5249,0.000000,0.000000,0.000000,0.005289,0.000000,0.000000,0.000000,0.00100000
5,538,0.407932,0.000129,92.0158,0.000000,0.000000,0.000000,0.005236,0.000000,0.000000,0.000000,0.00100000
5,539,0.416056,0.000132,98.5330,0.000000,0.000000,0.000000,0.004966,0.000000,0.000000,0.000000,0.00100000
5,540,0.425436,0.000134,93.2591,0.000000,0.000000,0.000000,0.010424,0.000000,0.000000,0.000000,0.00100000
5,541,0.505207,0.000160,96.1702,0.000000,0.000000,0.000000,0.006389,0.000000,0.000000,0.000000,0.00100000
5,542,0.463304,0.000147,100.6920,0.000000,0.000000,0.000000,0.005101,0.000000,0.000000,0.000000,0.00100000
5,543,0.366963,0.000116,88.7046,0.000000,0.000000,0.000000,0.005050,0.000000,0.000000,0.000000,0.00100000
5,544,0.385323,0.000122,93.0812,0.000000,0.000000,0.000000,0.004457,0.000000,0.000000,0.000000,0.00100000
5,545,0.305453,0.000097,88.8515,0.000000,0.000000,0.000000,0.004000,0.000000,0.000000,0.000000,0.00100000
5,546,0.337949,0.000107,90.8041,0.000000,0.000000,0.000000,0.005106,0.000000,0.000000,0.000000,0.00100000
5,547,0.540346,0.000171,94.9234,0.000000,0.000000,0.000000,0.005610,0.000000,0.000000,0.000000,0.00100000
5,548,0.463807,0.000147,94.4011,0.000000,0.000000,0.000000,0.006576,0.000000,0.000000,0.000000,0.00100000
5,549,0.481303,0.000151,81.6126,0.000000,0.000000,0.000000,0.013132,0.000000,0.000000,0.000000,0.00100000
5,550,0.555627,0.000176,100.4275,0.000000,0.000000,0.000000,0.005558,0.000000,0.000000,0.000000,0.00100000
5,551,0.380151,0.000121,88.4134,0.000000,0.000000,0.000000,0.003678,0.000000,0.000000,0.000000,0.00100000
5,552,0.542577,0.000172,96.9522,0.000000,0.000000,0.000000,0.008779,0.000000,0.000000,0.000000,0.00100000
5,553,0.430796,0.000137,99.6255,0.000000,0.000000,0.000000,0.004457,0.000000,0.000000,0.000000,0.00100000
5,554,0.503684,0.000159,94.5488,0.000000,0.000000,0.000000,0.010794,0.000000,0.000000,0.000000,0.00100000
5,555,0.419094,0.000133,92.7950,0.000000,0.000000,0.000000,0.006903,0.000000,0.000000,0.000000,0.00100000
5,556,0.448262,0.000141,95.5027,0.000000,0.000000,0.000000,0.015201,0.000000,0.000000,0.000000,0.00100000
5,557,0.405270,0.000128,85.4096,0.000000,0.000000,0.000000,0.006660,0.000000,0.000000,0.000000,0.00100000
5,558,0.424000,0.000133,92.9318,0.000000,0.000000,0.000000,0.015335,0.000000,0.000000,0.000000,0.00100000
5,559,0.377179,0.000120,88.3861,0.000000,0.000000,0.000000,0.003813,0.000000,0.000000,0.000000,0.00100000
5,560,0.544608,0.000173,101.0102,0.000000,0.000000,0.000000,0.005288,0.000000,0.000000,0.000000,0.00100000
5,561,0.367979,0.000116,96.6420,0.000000,0.000000,0.000000,0.010711,0.000000,0.000000,0.000000,0.00100000
5,562,0.446285,0.000141,99.2987,0.000000,0.000000,0.000000,0.008696,0.000000,0.000000,0.000000,0.00100000
5,563,0.582414,0.000183,89.9950,0.000000,0.000000,0.000000,0.020119,0.000000,0.000000,0.000000,0.00100000
5,564,0.378923,0.000116,86.3668,0.000000,0.000000,0.000000,0.028744,0.000000,0.000000,0.000000,0.00100000
5,565,0.398668,0.000125,91.9803,0.000000,0.000000,0.000000,0.012063,0.000000,0.000000,0.000000,0.00100000
5,566,0.300843,0.000093,80.5227,0.000000,0.000000,0.000000,0.017454,0.000000,0.000000,0.000000,0.00100000
5,567,0.413177,0.000131,91.5273,0.000000,0.000000,0.000000,0.005423,0.000000,0.000000,0.000000,0.00100000
5,568,0.417986,0.000132,81.5976,0.000000,0.000000,0.000000,0.009455,0.000000,0.000000,0.000000,0.00100000
5,569,0.377777,0.000119,98.3482,0.000000,0.000000,0.000000,0.007439,0.000000,0.000000,0.000000,0.00100000
5,570,0.338433,0.000106,86.4717,0.000000,0.000000,0.000000,0.009236,0.000000,0.000000,0.000000,0.00100000
5,571,0.430779,0.000136,87.2915,0.000000,0.000000,0.000000,0.011121,0.000000,0.000000,0.000000,0.00100000
5,572,0.357798,0.000113,90.6753,0.000000,0.000000,0.000000,0.006898,0.000000,0.000000,0.000000,0.00100000
5,573,0.306246,0.000097,93.2715,0.000000,0.000000,0.000000,0.003813,0.000000,0.000000,0.000000,0.00100000
5,574,0.438984,0.000139,100.4906,0.000000,0.000000,0.000000,0.006389,0.000000,0.000000,0.000000,0.00100000
5,575,0.437138,0.000139,93.4206,0.000000,0.000000,0.000000,0.005288,0.000000,0.000000,0.000000,0.00100000
5,576,0.346995,0.000110,88.1411,0.000000,0.000000,0.000000,0.001746,0.000000,0.000000,0.000000,0.00100000
5,577,0.486811,0.000155,105.9507,0.000000,0.000000,0.000000,0.003678,0.000000,0.000000,0.000000,0.00100000
5,578,0.338215,0.000107,81.3382,0.000000,0.000000,0.000000,0.005236,0.000000,0.000000,0.000000,0.00100000
5,579,0.720875,0.000226,103.3388,0.000000,0.000000,0.000000,0.025553,0.000000,0.000000,0.000000,0.00100000
5,580,0.482308,0.000150,92.4141,0.000000,0.000000,0.000000,0.022343,0.000000,0.000000,0.000000,0.00100000
5,581,0.584072,0.000183,110.1375,0.000000,0.000000,0.000000,0.021403,0.000000,0.000000,0.000000,0.00100000
5,582,0.371769,0.000118,80.6082,0.000000,0.000000,0.000000,0.002390,0.000000,0.000000,0.000000,0.00100000
5,583,0.413501,0.000131,82.1306,0.000000,0.000000,0.000000,0.007439,0.000000,0.000000,0.000000,0.00100000
5,584,0.468855,0.000146,103.3819,0.000000,0.000000,0.000000,0.020697,0.000000,0.000000,0.000000,0.00100000
5,585,0.365779,0.000116,86.7495,0.000000,0.000000,0.000000,0.003356,0.000000,0.000000,0.000000,0.00100000
5,586,0.423121,0.000133,101.7777,0.000000,0.000000,0.000000,0.015200,0.000000,0.000000,0.000000,0.00100000
5,587,0.432897,0.000136,97.7282,0.000000,0.000000,0.000000,0.013609,0.000000,0.000000,0.000000,0.00100000
5,588,0.348220,0.000108,72.4471,0.000000,0.000000,0.000000,0.020572,0.000000,0.000000,0.000000,0.00100000
5,589,0.388068,0.000121,92.1709,0.000000,0.000000,0.000000,0.017776,0.000000,0.000000,0.000000,0.00100000
5,590,0.378339,0.000118,93.5182,0.000000,0.000000,0.000000,0.014710,0.000000,0.000000,0.000000,0.00100000
5,591,0.460919,0.000145,96.8626,0.000000,0.000000,0.000000,0.014015,0.000000,0.000000,0.000000,0.00100000
5,592,0.449040,0.000141,101.9920,0.000000,0.000000,0.000000,0.011303,0.000000,0.000000,0.000000,0.00100000
5,593,0.337997,0.000106,84.9382,0.000000,0.000000,0.000000,0.012727,0.000000,0.000000,0.000000,0.00100000
5,594,0.489467,0.000154,86.0307,0.000000,0.000000,0.000000,0.015339,0.000000,0.000000,0.000000,0.00100000
5,595,0.588276,0.000182,94.3986,0.000000,0.000000,0.000000,0.036818,0.000000,0.000000,0.000000,0.00100000
5,596,0.476811,0.000150,93.7214,0.000000,0.000000,0.000000,0.012913,0.000000,0.000000,0.000000,0.00100000
5,597,0.464596,0.000145,93.7891,0.000000,0.000000,0.000000,0.020756,0.000000,0.000000,0.000000,0.00100000
5,598,0.501514,0.000157,90.9629,0.000000,0.000000,0.000000,0.015205,0.000000,0.000000,0.000000,0.00100000
5,599,0.483757,0.000153,87.8827,0.000000,0.000000,0.000000,0.010743,0.000000,0.000000,0.000000,0.00100000
5,600,0.471784,0.000150,92.2234,0.000000,0.000000,0.000000,0.004914,0.000000,0.000000,0.000000,0.00100000
5,601,0.528378,0.000167,98.2986,0.000000,0.000000,0.000000,0.008165,0.000000,0.000000,0.000000,0.00100000
5,602,0.483467,0.000152,93.1703,0.000000,0.000000,0.000000,0.010456,0.000000,0.000000,0.000000,0.00100000
5,603,0.494988,0.000156,91.1987,0.000000,0.000000,0.000000,0.009667,0.000000,0.000000,0.000000,0.00100000
5,604,0.482939,0.000152,94.2556,0.000000,0.000000,0.000000,0.011574,0.000000,0.000000,0.000000,0.00100000
5,605,0.488722,0.000154,92.9892,0.000000,0.000000,0.000000,0.010644,0.000000,0.000000,0.000000,0.00100000
5,606,0.529631,0.000168,95.6566,0.000000,0.000000,0.000000,0.006608,0.000000,0.000000,0.000000,0.00100000
5,607,0.472171,0.000149,91.0615,0.000000,0.000000,0.000000,0.009073,0.000000,0.000000,0.000000,0.00100000
5,608,0.480144,0.000152,93.8763,0.000000,0.000000,0.000000,0.009067,0.000000,0.000000,0.000000,0.00100000
5,609,0.474921,0.000151,95.6506,0.000000,0.000000,0.000000,0.004914,0.000000,0.000000,0.000000,0.00100000
5,610,0.619855,0.000194,92.9218,0.000000,0.000000,0.000000,0.024823,0.000000,0.000000,0.000000,0.00100000
5,611,0.436040,0.000137,88.3384,0.000000,0.000000,0.000000,0.013287,0.000000,0.000000,0.000000,0.00100000
5,612,0.511152,0.000161,88.8848,0.000000,0.000000,0.000000,0.014743,0.000000,0.000000,0.000000,0.00100000
5,613,0.389632,0.000122,85.1680,0.000000,0.000000,0.000000,0.013848,0.000000,0.000000,0.000000,0.00100000
5,614,0.378680,0.000120,84.7866,0.000000,0.000000,0.000000,0.005610,0.000000,0.000000,0.000000,0.00100000
5,615,0.367551,0.000116,85.9409,0.000000,0.000000,0.000000,0.008135,0.000000,0.000000,0.000000,0.00100000
5,616,0.339804,0.000108,76.7795,0.000000,0.000000,0.000000,0.005288,0.000000,0.000000,0.000000,0.00100000
5,617,0.457393,0.000144,93.8904,0.000000,0.000000,0.000000,0.009184,0.000000,0.000000,0.000000,0.00100000
5,618,0.621993,0.000194,96.8954,0.000000,0.000000,0.000000,0.028878,0.000000,0.000000,0.000000,0.00100000
5,619,0.359433,0.000110,91.0844,0.000000,0.000000,0.000000,0.026065,0.000000,0.000000,0.000000,0.00100000
5,620,0.414989,0.000129,93.1139,0.000000,0.000000,0.000000,0.018929,0.000000,0.000000,0.000000,0.00100000
5,621,0.446560,0.000139,80.6979,0.000000,0.000000,0.000000,0.023365,0.000000,0.000000,0.000000,0.00100000
5,622,0.365969,0.000114,88.2798,0.000000,0.000000,0.000000,0.015362,0.000000,0.000000,0.000000,0.00100000
5,623,0.551004,0.000173,101.2214,0.000000,0.000000,0.000000,0.016489,0.000000,0.000000,0.000000,0.00100000
5,624,0.531399,0.000168,98.1705,0.000000,0.000000,0.000000,0.009184,0.000000,0.000000,0.000000,0.00100000
5,625,0.496997,0.000157,99.7541,0.000000,0.000000,0.000000,0.011303,0.000000,0.000000,0.000000,0.00100000
5,626,0.683562,0.000210,102.6777,0.000000,0.000000,0.000000,0.047609,0.000000,0.000000,0.000000,0.00100000
5,627,0.617939,0.000188,103.7021,0.000000,0.000000,0.000000,0.055182,0.000000,0.000000,0.000000,0.00100000
5,628,0.492882,0.000153,84.8178,0.000000,0.000000,0.000000,0.025755,0.000000,0.000000,0.000000,0.00100000
5,629,0.453559,0.000140,86.1905,0.000000,0.000000,0.000000,0.026239,0.000000,0.000000,0.000000,0.00100000
5,630,0.483815,0.000152,98.8907,0.000000,0.000000,0.000000,0.012405,0.000000,0.000000,0.000000,0.00100000
5,631,0.561877,0.000175,91.7491,0.000000,0.000000,0.000000,0.027290,0.000000,0.000000,0.000000,0.00100000
5,632,0.520543,0.000163,95.1107,0.000000,0.000000,0.000000,0.016404,0.000000,0.000000,0.000000,0.00100000
5,633,0.370150,0.000116,74.7412,0.000000,0.000000,0.000000,0.010067,0.000000,0.000000,0.000000,0.00100000
5,634,0.409449,0.000129,95.7224,0.000000,0.000000,0.000000,0.012675,0.000000,0.000000,0.000000,0.00100000
5,635,0.533554,0.000166,92.8461,0.000000,0.000000,0.000000,0.022822,0.000000,0.000000,0.000000,0.00100000
5,636,0.587269,0.000184,101.2841,0.000000,0.000000,0.000000,0.018555,0.000000,0.000000,0.000000,0.00100000
5,637,0.448784,0.000141,88.6498,0.000000,0.000000,0.000000,0.013693,0.000000,0.000000,0.000000,0.00100000
5,638,0.460672,0.000144,98.1889,0.000000,0.000000,0.000000,0.016997,0.000000,0.000000,0.000000,0.00100000
5,639,0.435868,0.000138,103.7700,0.000000,0.000000,0.000000,0.007864,0.000000,0.000000,0.000000,0.00100000
5,640,0.450373,0.000143,96.0389,0.000000,0.000000,0.000000,0.006846,0.000000,0.000000,0.000000,0.00100000
5,641,0.580539,0.000182,99.9926,0.000000,0.000000,0.000000,0.020571,0.000000,0.000000,0.000000,0.00100000
5,642,0.694218,0.000217,106.8057,0.000000,0.000000,0.000000,0.025532,0.000000,0.000000,0.000000,0.00100000
5,643,0.403604,0.000126,96.0989,0.000000,0.000000,0.000000,0.019558,0.000000,0.000000,0.000000,0.00100000
5,644,0.456509,0.000143,99.8383,0.000000,0.000000,0.000000,0.013693,0.000000,0.000000,0.000000,0.00100000
5,645,0.288507,0.000089,75.3182,0.000000,0.000000,0.000000,0.017422,0.000000,0.000000,0.000000,0.00100000
5,646,0.406453,0.000128,78.1609,0.000000,0.000000,0.000000,0.011303,0.000000,0.000000,0.000000,0.00100000
5,647,0.450867,0.000142,93.5214,0.000000,0.000000,0.000000,0.008083,0.000000,0.000000,0.000000,0.00100000
5,648,0.468962,0.000147,95.3689,0.000000,0.000000,0.000000,0.017319,0.000000,0.000000,0.000000,0.00100000
5,649,0.377422,0.000118,88.6257,0.000000,0.000000,0.000000,0.015219,0.000000,0.000000,0.000000,0.00100000
5,650,0.351932,0.000111,85.9574,0.000000,0.000000,0.000000,0.009558,0.000000,0.000000,0.000000,0.00100000
5,651,0.315439,0.000100,85.0278,0.000000,0.000000,0.000000,0.003678,0.000000,0.000000,0.000000,0.00100000
5,652,0.357458,0.000112,95.0739,0.000000,0.000000,0.000000,0.009828,0.000000,0.000000,0.000000,0.00100000
5,653,0.350307,0.000111,95.4621,0.000000,0.000000,0.000000,0.005745,0.000000,0.000000,0.000000,0.00100000
5,654,0.444131,0.000140,76.4607,0.000000,0.000000,0.000000,0.008592,0.000000,0.000000,0.000000,0.00100000
5,655,0.363376,0.000113,87.3407,0.000000,0.000000,0.000000,0.014960,0.000000,0.000000,0.000000,0.00100000
5,656,0.353123,0.000112,87.5077,0.000000,0.000000,0.000000,0.005610,0.000000,0.000000,0.000000,0.00100000
5,657,0.430011,0.000132,89.8016,0.000000,0.000000,0.000000,0.034669,0.000000,0.000000,0.000000,0.00100000
5,658,0.888032,0.000277,101.5397,0.000000,0.000000,0.000000,0.038932,0.000000,0.000000,0.000000,0.00100000
5,659,0.640904,0.000199,89.5295,0.000000,0.000000,0.000000,0.035082,0.000000,0.000000,0.000000,0.00100000
5,660,1.148778,0.000357,98.0863,0.000000,0.000000,0.000000,0.061395,0.000000,0.000000,0.000000,0.00100000
5,661,0.916982,0.000281,86.2011,0.000000,0.000000,0.000000,0.068998,0.000000,0.000000,0.000000,0.00100000
5,662,0.904412,0.000279,105.8838,0.000000,0.000000,0.000000,0.061759,0.000000,0.000000,0.000000,0.00100000
5,663,1.058665,0.000321,104.6716,0.000000,0.000000,0.000000,0.102091,0.000000,0.000000,0.000000,0.00100000
5,664,0.954317,0.000289,106.1593,0.000000,0.000000,0.000000,0.097845,0.000000,0.000000,0.000000,0.00100000
5,665,0.690246,0.000213,90.4929,0.000000,0.000000,0.000000,0.046420,0.000000,0.000000,0.000000,0.00100000
5,666,0.670010,0.000205,94.2848,0.000000,0.000000,0.000000,0.051840,0.000000,0.000000,0.000000,0.00100000
5,667,0.971374,0.000303,109.4636,0.000000,0.000000,0.000000,0.041643,0.000000,0.000000,0.000000,0.00100000
5,668,0.753662,0.000235,89.6882,0.000000,0.000000,0.000000,0.032381,0.000000,0.000000,0.000000,0.00100000
5,669,0.696866,0.000217,97.9702,0.000000,0.000000,0.000000,0.033642,0.000000,0.000000,0.000000,0.00100000
5,670,0.799627,0.000249,99.5351,0.000000,0.000000,0.000000,0.040561,0.000000,0.000000,0.000000,0.00100000
5,671,0.637513,0.000201,91.2993,0.000000,0.000000,0.000000,0.016134,0.000000,0.000000,0.000000,0.00100000
5,672,0.637756,0.000198,74.9174,0.000000,0.000000,0.000000,0.036090,0.000000,0.000000,0.000000,0.00100000
5,673,0.464592,0.000140,102.5783,0.000000,0.000000,0.000000,0.051615,0.000000,0.000000,0.000000,0.00100000
5,674,0.398796,0.000126,91.0175,0.000000,0.000000,0.000000,0.008083,0.000000,0.000000,0.000000,0.00100000
5,675,0.483874,0.000150,95.4456,0.000000,0.000000,0.000000,0.026285,0.000000,0.000000,0.000000,0.00100000
5,676,0.373899,0.000118,85.9001,0.000000,0.000000,0.000000,0.008643,0.000000,0.000000,0.000000,0.00100000
5,677,0.421552,0.000133,96.2059,0.000000,0.000000,0.000000,0.006576,0.000000,0.000000,0.000000,0.00100000
5,678,0.358260,0.000113,75.8730,0.000000,0.000000,0.000000,0.007695,0.000000,0.000000,0.000000,0.00100000
5,679,0.378603,0.000120,90.6675,0.000000,0.000000,0.000000,0.005932,0.000000,0.000000,0.000000,0.00100000
5,680,0.442733,0.000140,97.0734,0.000000,0.000000,0.000000,0.009371,0.000000,0.000000,0.000000,0.00100000
5,681,0.372381,0.000118,88.8648,0.000000,0.000000,0.000000,0.004592,0.000000,0.000000,0.000000,0.00100000
5,682,0.442108,0.000140,96.9710,0.000000,0.000000,0.000000,0.006120,0.000000,0.000000,0.000000,0.00100000
5,683,0.357873,0.000113,85.7449,0.000000,0.000000,0.000000,0.005745,0.000000,0.000000,0.000000,0.00100000
5,684,0.372442,0.000118,85.8914,0.000000,0.000000,0.000000,0.007490,0.000000,0.000000,0.000000,0.00100000
5,685,0.422082,0.000134,101.2332,0.000000,0.000000,0.000000,0.006473,0.000000,0.000000,0.000000,0.00100000
5,686,0.406664,0.000129,103.8600,0.000000,0.000000,0.000000,0.007220,0.000000,0.000000,0.000000,0.00100000
5,687,0.358142,0.000113,96.8227,0.000000,0.000000,0.000000,0.005101,0.000000,0.000000,0.000000,0.00100000
5,688,0.558163,0.000177,96.7756,0.000000,0.000000,0.000000,0.009101,0.000000,0.000000,0.000000,0.00100000
5,689,0.507207,0.000161,87.2640,0.000000,0.000000,0.000000,0.007168,0.000000,0.000000,0.000000,0.00100000
5,690,0.375754,0.000119,99.6615,0.000000,0.000000,0.000000,0.005101,0.000000,0.000000,0.000000,0.00100000
5,691,0.392566,0.000124,90.7693,0.000000,0.000000,0.000000,0.005880,0.000000,0.000000,0.000000,0.00100000
5,692,0.513861,0.000163,100.4867,0.000000,0.000000,0.000000,0.008405,0.000000,0.000000,0.000000,0.00100000
5,693,0.400993,0.000127,83.2016,0.000000,0.000000,0.000000,0.005750,0.000000,0.000000,0.000000,0.00100000
5,694,0.501135,0.000159,105.6107,0.000000,0.000000,0.000000,0.006067,0.000000,0.000000,0.000000,0.00100000
5,695,0.354859,0.000113,90.3362,0.000000,0.000000,0.000000,0.002390,0.000000,0.000000,0.000000,0.00100000
5,696,0.553883,0.000175,105.7925,0.000000,0.000000,0.000000,0.010369,0.000000,0.000000,0.000000,0.00100000
5,697,0.364415,0.000115,99.3253,0.000000,0.000000,0.000000,0.006286,0.000000,0.000000,0.000000,0.00100000
5,698,0.359711,0.000114,99.2726,0.000000,0.000000,0.000000,0.003356,0.000000,0.000000,0.000000,0.00100000
5,699,0.419451,0.000132,96.9670,0.000000,0.000000,0.000000,0.011200,0.000000,0.000000,0.000000,0.00100000
5,700,0.300436,0.000095,87.5849,0.000000,0.000000,0.000000,0.007490,0.000000,0.000000,0.000000,0.00100000
5,701,0.457973,0.000145,103.5295,0.000000,0.000000,0.000000,0.007677,0.000000,0.000000,0.000000,0.00100000
5,702,0.300743,0.000095,80.3307,0.000000,0.000000,0.000000,0.007355,0.000000,0.000000,0.000000,0.00100000
5,703,0.371729,0.000117,95.2096,0.000000,0.000000,0.000000,0.006524,0.000000,0.000000,0.000000,0.00100000
5,704,0.486358,0.000153,93.9170,0.000000,0.000000,0.000000,0.014189,0.000000,0.000000,0.000000,0.00100000
5,705,0.387252,0.000123,97.9429,0.000000,0.000000,0.000000,0.004966,0.000000,0.000000,0.000000,0.00100000
5,706,0.311251,0.000098,92.7900,0.000000,0.000000,0.000000,0.006524,0.000000,0.000000,0.000000,0.00100000
5,707,0.423954,0.000134,103.0551,0.000000,0.000000,0.000000,0.008135,0.000000,0.000000,0.000000,0.00100000
5,708,0.318256,0.000101,101.6056,0.000000,0.000000,0.000000,0.001746,0.000000,0.000000,0.000000,0.00100000
5,709,0.331015,0.000105,102.7552,0.000000,0.000000,0.000000,0.003034,0.000000,0.000000,0.000000,0.00100000
5,710,0.351386,0.000111,96.8012,0.000000,0.000000,0.000000,0.005423,0.000000,0.000000,0.000000,0.00100000
5,711,0.375120,0.000119,97.6696,0.000000,0.000000,0.000000,0.005424,0.000000,0.000000,0.000000,0.00100000
5,712,0.376609,0.000119,102.4641,0.000000,0.000000,0.000000,0.004644,0.000000,0.000000,0.000000,0.00100000
5,713,0.310552,0.000099,99.5684,0.000000,0.000000,0.000000,0.002068,0.000000,0.000000,0.000000,0.00100000
5,714,0.322872,0.000103,96.8208,0.000000,0.000000,0.000000,0.002712,0.000000,0.000000,0.000000,0.00100000
5,715,0.359764,0.000114,94.0628,0.000000,0.000000,0.000000,0.002390,0.000000,0.000000,0.000000,0.00100000
5,716,0.429823,0.000136,100.5542,0.000000,0.000000,0.000000,0.004457,0.000000,0.000000,0.000000,0.00100000
5,717,0.322552,0.000102,99.0992,0.000000,0.000000,0.000000,0.003034,0.000000,0.000000,0.000000,0.00100000
5,718,0.337585,0.000106,85.6581,0.000000,0.000000,0.000000,0.007965,0.000000,0.000000,0.000000,0.00100000
5,719,0.341972,0.000108,98.7668,0.000000,0.000000,0.000000,0.004859,0.000000,0.000000,0.000000,0.00100000
6,1,0.592751,0.000185,90.5822,0.000000,0.000000,0.000000,0.024269,0.000000,0.000000,0.000000,0.00100000
6,2,0.464142,0.000146,91.1658,0.000000,0.000000,0.000000,0.010119,0.000000,0.000000,0.000000,0.00100000
6,3,0.474903,0.000150,90.9037,0.000000,0.000000,0.000000,0.012134,0.000000,0.000000,0.000000,0.00100000
6,4,0.485350,0.000154,93.4203,0.000000,0.000000,0.000000,0.004914,0.000000,0.000000,0.000000,0.00100000
6,5,0.504853,0.000160,93.6868,0.000000,0.000000,0.000000,0.005763,0.000000,0.000000,0.000000,0.00100000
6,6,0.498896,0.000158,92.2713,0.000000,0.000000,0.000000,0.005745,0.000000,0.000000,0.000000,0.00100000
6,7,0.490887,0.000156,92.4830,0.000000,0.000000,0.000000,0.004457,0.000000,0.000000,0.000000,0.00100000
6,8,0.475139,0.000150,87.8792,0.000000,0.000000,0.000000,0.010187,0.000000,0.000000,0.000000,0.00100000
6,9,0.451508,0.000143,91.9395,0.000000,0.000000,0.000000,0.006711,0.000000,0.000000,0.000000,0.00100000
6,10,0.484398,0.000154,90.6006,0.000000,0.000000,0.000000,0.002847,0.000000,0.000000,0.000000,0.00100000
6,11,0.446632,0.000141,91.6053,0.000000,0.000000,0.000000,0.006202,0.000000,0.000000,0.000000,0.00100000
6,12,0.421931,0.000134,90.4618,0.000000,0.000000,0.000000,0.006338,0.000000,0.000000,0.000000,0.00100000
6,13,0.451046,0.000143,91.2931,0.000000,0.000000,0.000000,0.004000,0.000000,0.000000,0.000000,0.00100000
6,14,0.497536,0.000158,93.0219,0.000000,0.000000,0.000000,0.004000,0.000000,0.000000,0.000000,0.00100000
6,15,0.477340,0.000151,91.2730,0.000000,0.000000,0.000000,0.005288,0.000000,0.000000,0.000000,0.00100000
6,16,0.527094,0.000166,93.0051,0.000000,0.000000,0.000000,0.011947,0.000000,0.000000,0.000000,0.00100000
6,17,0.525680,0.000166,96.8616,0.000000,0.000000,0.000000,0.011729,0.000000,0.000000,0.000000,0.00100000
6,18,0.520320,0.000164,95.4008,0.000000,0.000000,0.000000,0.010794,0.000000,0.000000,0.000000,0.00100000
6,19,0.504279,0.000159,94.7411,0.000000,0.000000,0.000000,0.008540,0.000000,0.000000,0.000000,0.00100000
6,20,0.448184,0.000142,95.4049,0.000000,0.000000,0.000000,0.007117,0.000000,0.000000,0.000000,0.00100000
6,21,0.508893,0.000161,90.5555,0.000000,0.000000,0.000000,0.005423,0.000000,0.000000,0.000000,0.00100000
6,22,0.504407,0.000160,93.6762,0.000000,0.000000,0.000000,0.007439,0.000000,0.000000,0.000000,0.00100000
6,23,0.473798,0.000150,92.7245,0.000000,0.000000,0.000000,0.004779,0.000000,0.000000,0.000000,0.00100000
6,24,0.507644,0.000161,92.5844,0.000000,0.000000,0.000000,0.007033,0.000000,0.000000,0.000000,0.00100000
6,25,0.483459,0.000153,91.7800,0.000000,0.000000,0.000000,0.005288,0.000000,0.000000,0.000000,0.00100000
6,26,0.480001,0.000151,93.7505,0.000000,0.000000,0.000000,0.011438,0.000000,0.000000,0.000000,0.00100000
6,27,0.485578,0.000154,96.5849,0.000000,0.000000,0.000000,0.004727,0.000000,0.000000,0.000000,0.00100000
6,28,0.502327,0.000159,95.1184,0.000000,0.000000,0.000000,0.008405,0.000000,0.000000,0.000000,0.00100000
6,29,0.452253,0.000143,95.0317,0.000000,0.000000,0.000000,0.006067,0.000000,0.000000,0.000000,0.00100000
6,30,0.472674,0.000149,94.3435,0.000000,0.000000,0.000000,0.007916,0.000000,0.000000,0.000000,0.00100000
6,31,0.450510,0.000143,90.9758,0.000000,0.000000,0.000000,0.006711,0.000000,0.000000,0.000000,0.00100000
6,32,0.490498,0.000153,91.3387,0.000000,0.000000,0.000000,0.019387,0.000000,0.000000,0.000000,0.00100000
6,33,0.428430,0.000135,94.0685,0.000000,0.000000,0.000000,0.010965,0.000000,0.000000,0.000000,0.00100000
6,34,0.428215,0.000135,91.2702,0.000000,0.000000,0.000000,0.010202,0.000000,0.000000,0.000000,0.00100000
6,35,0.393577,0.000124,91.3089,0.000000,0.000000,0.000000,0.008675,0.000000,0.000000,0.000000,0.00100000
6,36,0.402220,0.000128,88.6495,0.000000,0.000000,0.000000,0.004239,0.000000,0.000000,0.000000,0.00100000
6,37,0.370501,0.000118,90.8311,0.000000,0.000000,0.000000,0.003626,0.000000,0.000000,0.000000,0.00100000
6,38,0.447761,0.000141,90.3923,0.000000,0.000000,0.000000,0.009563,0.000000,0.000000,0.000000,0.00100000
6,39,0.408132,0.000129,92.2265,0.000000,0.000000,0.000000,0.004644,0.000000,0.000000,0.000000,0.00100000
6,40,0.441953,0.000139,90.6963,0.000000,0.000000,0.000000,0.009184,0.000000,0.000000,0.000000,0.00100000
6,41,0.411802,0.000130,90.5693,0.000000,0.000000,0.000000,0.008270,0.000000,0.000000,0.000000,0.00100000
6,42,0.410592,0.000130,89.0365,0.000000,0.000000,0.000000,0.006529,0.000000,0.000000,0.000000,0.00100000
6,43,0.406889,0.000128,89.8089,0.000000,0.000000,0.000000,0.009506,0.000000,0.000000,0.000000,0.00100000
6,44,0.389038,0.000123,88.9301,0.000000,0.000000,0.000000,0.006982,0.000000,0.000000,0.000000,0.00100000
6,45,0.349976,0.000111,86.2503,0.000000,0.000000,0.000000,0.005745,0.000000,0.000000,0.000000,0.00100000
6,46,0.399178,0.000126,89.8051,0.000000,0.000000,0.000000,0.007033,0.000000,0.000000,0.000000,0.00100000
6,47,0.438840,0.000137,90.1018,0.000000,0.000000,0.000000,0.018026,0.000000,0.000000,0.000000,0.00100000
6,48,0.487845,0.000151,87.2416,0.000000,0.000000,0.000000,0.027048,0.000000,0.000000,0.000000,0.00100000
6,49,0.435244,0.000128,92.2915,0.000000,0.000000,0.000000,0.070089,0.000000,0.000000,0.000000,0.00100000
6,50,0.416094,0.000125,86.5720,0.000000,0.000000,0.000000,0.045687,0.000000,0.000000,0.000000,0.00100000
6,51,0.477100,0.000147,92.3259,0.000000,0.000000,0.000000,0.029636,0.000000,0.000000,0.000000,0.00100000
6,52,0.390473,0.000119,88.8326,0.000000,0.000000,0.000000,0.034728,0.000000,0.000000,0.000000,0.00100000
6,53,0.438045,0.000137,90.6917,0.000000,0.000000,0.000000,0.013776,0.000000,0.000000,0.000000,0.00100000
6,54,0.389042,0.000123,89.4725,0.000000,0.000000,0.000000,0.006202,0.000000,0.000000,0.000000,0.00100000
6,55,0.454131,0.000143,88.3384,0.000000,0.000000,0.000000,0.010846,0.000000,0.000000,0.000000,0.00100000
6,56,0.465264,0.000147,88.5388,0.000000,0.000000,0.000000,0.006473,0.000000,0.000000,0.000000,0.00100000
6,57,0.473927,0.000150,98.4312,0.000000,0.000000,0.000000,0.007761,0.000000,0.000000,0.000000,0.00100000
6,58,0.400206,0.000127,90.7453,0.000000,0.000000,0.000000,0.006816,0.000000,0.000000,0.000000,0.00100000
6,59,0.416870,0.000131,92.1764,0.000000,0.000000,0.000000,0.010338,0.000000,0.000000,0.000000,0.00100000
6,60,0.406106,0.000129,95.6539,0.000000,0.000000,0.000000,0.005101,0.000000,0.000000,0.000000,0.00100000
6,61,0.787643,0.000247,96.9705,0.000000,0.000000,0.000000,0.024769,0.000000,0.000000,0.000000,0.00100000
6,62,0.468938,0.000147,101.2231,0.000000,0.000000,0.000000,0.016702,0.000000,0.000000,0.000000,0.00100000
6,63,0.563772,0.000174,90.3899,0.000000,0.000000,0.000000,0.036392,0.000000,0.000000,0.000000,0.00100000
6,64,0.439838,0.000138,92.3898,0.000000,0.000000,0.000000,0.015360,0.000000,0.000000,0.000000,0.00100000
6,65,0.463120,0.000146,93.9831,0.000000,0.000000,0.000000,0.009725,0.000000,0.000000,0.000000,0.00100000
6,66,0.439712,0.000138,92.3719,0.000000,0.000000,0.000000,0.011084,0.000000,0.000000,0.000000,0.00100000
6,67,0.468705,0.000148,93.9251,0.000000,0.000000,0.000000,0.006254,0.000000,0.000000,0.000000,0.00100000
6,68,0.455599,0.000144,89.3863,0.000000,0.000000,0.000000,0.005236,0.000000,0.000000,0.000000,0.00100000
6,69,0.418625,0.000133,89.6283,0.000000,0.000000,0.000000,0.005236,0.000000,0.000000,0.000000,0.00100000
6,70,0.421137,0.000133,93.3163,0.000000,0.000000,0.000000,0.004966,0.000000,0.000000,0.000000,0.00100000
6,71,0.489729,0.000155,92.4503,0.000000,0.000000,0.000000,0.006898,0.000000,0.000000,0.000000,0.00100000
6,72,0.444040,0.000141,92.4339,0.000000,0.000000,0.000000,0.004592,0.000000,0.000000,0.000000,0.00100000
6,73,0.441690,0.000140,90.2844,0.000000,0.000000,0.000000,0.004592,0.000000,0.000000,0.000000,0.00100000
6,74,0.433084,0.000137,92.2650,0.000000,0.000000,0.000000,0.005558,0.000000,0.000000,0.000000,0.00100000
6,75,0.427050,0.000136,92.9851,0.000000,0.000000,0.000000,0.003678,0.000000,0.000000,0.000000,0.00100000
6,76,0.439753,0.000139,91.4524,0.000000,0.000000,0.000000,0.004644,0.000000,0.000000,0.000000,0.00100000
6,77,0.417376,0.000132,92.2371,0.000000,0.000000,0.000000,0.005863,0.000000,0.000000,0.000000,0.00100000
6,78,0.406833,0.000129,91.4400,0.000000,0.000000,0.000000,0.004327,0.000000,0.000000,0.000000,0.00100000
6,79,0.517538,0.000161,94.5809,0.000000,0.000000,0.000000,0.026269,0.000000,0.000000,0.000000,0.00100000
6,80,0.479365,0.000151,96.1181,0.000000,0.000000,0.000000,0.009236,0.000000,0.000000,0.000000,0.00100000
6,81,0.386546,0.000121,92.2130,0.000000,0.000000,0.000000,0.013049,0.000000,0.000000,0.000000,0.00100000
6,82,0.360633,0.000114,92.4992,0.000000,0.000000,0.000000,0.008334,0.000000,0.000000,0.000000,0.00100000
6,83,0.414304,0.000131,85.2315,0.000000,0.000000,0.000000,0.007999,0.000000,0.000000,0.000000,0.00100000
6,84,0.443112,0.000141,102.3651,0.000000,0.000000,0.000000,0.003813,0.000000,0.000000,0.000000,0.00100000
6,85,0.378073,0.000119,98.6455,0.000000,0.000000,0.000000,0.007117,0.000000,0.000000,0.000000,0.00100000
6,86,0.494895,0.000156,97.9270,0.000000,0.000000,0.000000,0.008239,0.000000,0.000000,0.000000,0.00100000
6,87,0.553575,0.000174,99.6654,0.000000,0.000000,0.000000,0.017376,0.000000,0.000000,0.000000,0.00100000
6,88,0.482745,0.000151,106.4940,0.000000,0.000000,0.000000,0.017235,0.000000,0.000000,0.000000,0.00100000
6,89,0.570996,0.000181,107.1510,0.000000,0.000000,0.000000,0.008052,0.000000,0.000000,0.000000,0.00100000
6,90,0.401479,0.000126,83.0807,0.000000,0.000000,0.000000,0.015203,0.000000,0.000000,0.000000,0.00100000
6,91,0.315561,0.000099,80.3523,0.000000,0.000000,0.000000,0.007677,0.000000,0.000000,0.000000,0.00100000
6,92,0.370679,0.000118,71.4476,0.000000,0.000000,0.000000,0.004000,0.000000,0.000000,0.000000,0.00100000
6,93,0.430783,0.000136,87.5461,0.000000,0.000000,0.000000,0.011631,0.000000,0.000000,0.000000,0.00100000
6,94,0.492881,0.000153,96.2315,0.000000,0.000000,0.000000,0.023418,0.000000,0.000000,0.000000,0.00100000
6,95,0.453397,0.000143,91.6568,0.000000,0.000000,0.000000,0.007948,0.000000,0.000000,0.000000,0.00100000
6,96,0.522142,0.000164,93.9795,0.000000,0.000000,0.000000,0.015600,0.000000,0.000000,0.000000,0.00100000
6,97,0.442427,0.000140,88.7726,0.000000,0.000000,0.000000,0.006846,0.000000,0.000000,0.000000,0.00100000
6,98,0.456947,0.000145,91.4910,0.000000,0.000000,0.000000,0.007542,0.000000,0.000000,0.000000,0.00100000
6,99,0.460424,0.000146,93.3361,0.000000,0.000000,0.000000,0.005288,0.000000,0.000000,0.000000,0.00100000
6,100,0.453287,0.000143,87.3136,0.000000,0.000000,0.000000,0.006846,0.000000,0.000000,0.000000,0.00100000
6,101,0.445445,0.000141,94.2886,0.000000,0.000000,0.000000,0.007490,0.000000,0.000000,0.000000,0.00100000
6,102,0.464002,0.000147,91.7386,0.000000,0.000000,0.000000,0.006982,0.000000,0.000000,0.000000,0.00100000
6,103,0.420877,0.000134,89.0755,0.000000,0.000000,0.000000,0.003491,0.000000,0.000000,0.000000,0.00100000
6,104,0.447156,0.000142,90.9164,0.000000,0.000000,0.000000,0.006473,0.000000,0.000000,0.000000,0.00100000
6,105,0.446695,0.000142,89.5373,0.000000,0.000000,0.000000,0.004322,0.000000,0.000000,0.000000,0.00100000
6,106,0.444933,0.000141,93.1520,0.000000,0.000000,0.000000,0.004914,0.000000,0.000000,0.000000,0.00100000
6,107,0.476103,0.000150,88.2476,0.000000,0.000000,0.000000,0.009346,0.000000,0.000000,0.000000,0.00100000
6,108,0.428329,0.000136,89.9910,0.000000,0.000000,0.000000,0.005610,0.000000,0.000000,0.000000,0.00100000
6,109,0.451052,0.000143,93.7467,0.000000,0.000000,0.000000,0.007813,0.000000,0.000000,0.000000,0.00100000
6,110,0.446849,0.000138,85.7987,0.000000,0.000000,0.000000,0.027915,0.000000,0.000000,0.000000,0.00100000
6,111,0.468321,0.000145,84.7398,0.000000,0.000000,0.000000,0.026349,0.000000,0.000000,0.000000,0.00100000
6,112,0.385567,0.000119,84.3934,0.000000,0.000000,0.000000,0.022284,0.000000,0.000000,0.000000,0.00100000
6,113,0.400910,0.000125,84.1351,0.000000,0.000000,0.000000,0.019927,0.000000,0.000000,0.000000,0.00100000
6,114,0.534605,0.000166,89.5346,0.000000,0.000000,0.000000,0.025401,0.000000,0.000000,0.000000,0.00100000
6,115,0.508042,0.000158,101.9209,0.000000,0.000000,0.000000,0.023324,0.000000,0.000000,0.000000,0.00100000
6,116,0.616823,0.000194,105.1785,0.000000,0.000000,0.000000,0.019425,0.000000,0.000000,0.000000,0.00100000
6,117,0.355539,0.000109,79.3097,0.000000,0.000000,0.000000,0.029683,0.000000,0.000000,0.000000,0.00100000
6,118,0.440065,0.000136,82.7630,0.000000,0.000000,0.000000,0.028758,0.000000,0.000000,0.000000,0.00100000
6,119,0.346799,0.000107,78.8236,0.000000,0.000000,0.000000,0.019573,0.000000,0.000000,0.000000,0.00100000
6,120,0.479139,0.000149,104.3313,0.000000,0.000000,0.000000,0.022503,0.000000,0.000000,0.000000,0.00100000
6,121,0.467876,0.000147,97.6106,0.000000,0.000000,0.000000,0.016675,0.000000,0.000000,0.000000,0.00100000
6,122,0.483655,0.000152,105.0535,0.000000,0.000000,0.000000,0.014425,0.000000,0.000000,0.000000,0.00100000
6,123,0.538047,0.000170,104.2622,0.000000,0.000000,0.000000,0.011947,0.000000,0.000000,0.000000,0.00100000
6,124,0.536900,0.000169,105.0468,0.000000,0.000000,0.000000,0.012862,0.000000,0.000000,0.000000,0.00100000
6,125,0.435766,0.000136,94.3144,0.000000,0.000000,0.000000,0.017267,0.000000,0.000000,0.000000,0.00100000
6,126,0.506621,0.000156,101.2933,0.000000,0.000000,0.000000,0.037550,0.000000,0.000000,0.000000,0.00100000
6,127,0.495541,0.000153,100.2371,0.000000,0.000000,0.000000,0.032069,0.000000,0.000000,0.000000,0.00100000
6,128,0.414108,0.000131,94.0323,0.000000,0.000000,0.000000,0.006067,0.000000,0.000000,0.000000,0.00100000
6,129,0.521433,0.000164,103.0617,0.000000,0.000000,0.000000,0.016821,0.000000,0.000000,0.000000,0.00100000
6,130,0.329228,0.000104,85.3651,0.000000,0.000000,0.000000,0.008643,0.000000,0.000000,0.000000,0.00100000
6,131,0.333143,0.000106,89.3309,0.000000,0.000000,0.000000,0.004457,0.000000,0.000000,0.000000,0.00100000
6,132,0.366918,0.000116,94.3772,0.000000,0.000000,0.000000,0.004000,0.000000,0.000000,0.000000,0.00100000
6,133,0.458563,0.000145,102.5733,0.000000,0.000000,0.000000,0.010556,0.000000,0.000000,0.000000,0.00100000
6,134,0.305110,0.000096,85.5569,0.000000,0.000000,0.000000,0.005610,0.000000,0.000000,0.000000,0.00100000
6,135,0.436711,0.000138,89.1204,0.000000,0.000000,0.000000,0.008509,0.000000,0.000000,0.000000,0.00100000
6,136,0.386686,0.000123,97.5039,0.000000,0.000000,0.000000,0.003813,0.000000,0.000000,0.000000,0.00100000
6,137,0.353602,0.000111,80.0848,0.000000,0.000000,0.000000,0.007999,0.000000,0.000000,0.000000,0.00100000
6,138,0.494931,0.000153,99.7460,0.000000,0.000000,0.000000,0.028014,0.000000,0.000000,0.000000,0.00100000
6,139,0.423235,0.000132,101.8881,0.000000,0.000000,0.000000,0.019928,0.000000,0.000000,0.000000,0.00100000
6,140,0.430517,0.000136,100.9525,0.000000,0.000000,0.000000,0.006202,0.000000,0.000000,0.000000,0.00100000
6,141,0.611248,0.000192,105.6016,0.000000,0.000000,0.000000,0.021331,0.000000,0.000000,0.000000,0.00100000
6,142,0.801415,0.000253,105.8357,0.000000,0.000000,0.000000,0.018051,0.000000,0.000000,0.000000,0.00100000
6,143,0.494541,0.000156,88.8726,0.000000,0.000000,0.000000,0.013725,0.000000,0.000000,0.000000,0.00100000
6,144,0.506657,0.000160,91.6132,0.000000,0.000000,0.000000,0.008218,0.000000,0.000000,0.000000,0.00100000
6,145,0.523074,0.000164,94.8986,0.000000,0.000000,0.000000,0.014929,0.000000,0.000000,0.000000,0.00100000
6,146,0.612045,0.000194,92.5998,0.000000,0.000000,0.000000,0.007168,0.000000,0.000000,0.000000,0.00100000
6,147,0.571785,0.000180,98.6363,0.000000,0.000000,0.000000,0.011793,0.000000,0.000000,0.000000,0.00100000
6,148,0.692255,0.000219,108.0650,0.000000,0.000000,0.000000,0.009371,0.000000,0.000000,0.000000,0.00100000
6,149,0.406051,0.000128,80.9630,0.000000,0.000000,0.000000,0.006846,0.000000,0.000000,0.000000,0.00100000
6,150,0.560333,0.000178,101.5671,0.000000,0.000000,0.000000,0.006202,0.000000,0.000000,0.000000,0.00100000
6,151,0.568371,0.000180,108.1784,0.000000,0.000000,0.000000,0.007168,0.000000,0.000000,0.000000,0.00100000
6,152,0.496877,0.000157,98.8115,0.000000,0.000000,0.000000,0.006016,0.000000,0.000000,0.000000,0.00100000
6,153,0.621209,0.000197,103.5649,0.000000,0.000000,0.000000,0.007490,0.000000,0.000000,0.000000,0.00100000
6,154,0.480516,0.000152,91.7127,0.000000,0.000000,0.000000,0.004644,0.000000,0.000000,0.000000,0.00100000
6,155,0.459666,0.000145,95.9450,0.000000,0.000000,0.000000,0.007168,0.000000,0.000000,0.000000,0.00100000
6,156,0.448670,0.000142,101.1255,0.000000,0.000000,0.000000,0.005694,0.000000,0.000000,0.000000,0.00100000
6,157,0.611342,0.000189,90.5372,0.000000,0.000000,0.000000,0.036482,0.000000,0.000000,0.000000,0.00100000
6,158,0.473786,0.000146,85.4000,0.000000,0.000000,0.000000,0.034482,0.000000,0.000000,0.000000,0.00100000
6,159,0.536174,0.000168,92.2729,0.000000,0.000000,0.000000,0.020461,0.000000,0.000000,0.000000,0.00100000
6,160,0.488354,0.000154,91.1714,0.000000,0.000000,0.000000,0.013776,0.000000,0.000000,0.000000,0.00100000
6,161,0.597373,0.000188,111.0837,0.000000,0.000000,0.000000,0.012643,0.000000,0.000000,0.000000,0.00100000
6,162,0.459243,0.000145,103.5061,0.000000,0.000000,0.000000,0.011064,0.000000,0.000000,0.000000,0.00100000
6,163,0.454873,0.000144,103.5073,0.000000,0.000000,0.000000,0.007709,0.000000,0.000000,0.000000,0.00100000
6,164,0.612899,0.000193,101.6071,0.000000,0.000000,0.000000,0.013963,0.000000,0.000000,0.000000,0.00100000
6,165,0.411377,0.000130,88.2332,0.000000,0.000000,0.000000,0.007408,0.000000,0.000000,0.000000,0.00100000
6,166,0.565344,0.000177,94.3607,0.000000,0.000000,0.000000,0.018722,0.000000,0.000000,0.000000,0.00100000
6,167,0.433935,0.000137,100.1286,0.000000,0.000000,0.000000,0.009506,0.000000,0.000000,0.000000,0.00100000
6,168,0.506339,0.000159,98.3661,0.000000,0.000000,0.000000,0.015663,0.000000,0.000000,0.000000,0.00100000
6,169,0.424326,0.000133,87.1315,0.000000,0.000000,0.000000,0.015844,0.000000,0.000000,0.000000,0.00100000
6,170,0.405214,0.000128,101.0926,0.000000,0.000000,0.000000,0.007999,0.000000,0.000000,0.000000,0.00100000
6,171,0.398072,0.000125,76.2679,0.000000,0.000000,0.000000,0.015168,0.000000,0.000000,0.000000,0.00100000
6,172,0.482303,0.000152,100.9015,0.000000,0.000000,0.000000,0.010794,0.000000,0.000000,0.000000,0.00100000
6,173,0.519320,0.000163,99.1783,0.000000,0.000000,0.000000,0.014981,0.000000,0.000000,0.000000,0.00100000
6,174,0.353110,0.000111,79.3380,0.000000,0.000000,0.000000,0.008374,0.000000,0.000000,0.000000,0.00100000
6,175,0.408601,0.000129,85.9990,0.000000,0.000000,0.000000,0.009049,0.000000,0.000000,0.000000,0.00100000
6,176,0.520183,0.000165,105.4497,0.000000,0.000000,0.000000,0.005610,0.000000,0.000000,0.000000,0.00100000
6,177,0.398137,0.000126,92.6288,0.000000,0.000000,0.000000,0.004644,0.000000,0.000000,0.000000,0.00100000
6,178,0.317644,0.000100,84.0900,0.000000,0.000000,0.000000,0.007355,0.000000,0.000000,0.000000,0.00100000
6,179,0.267787,0.000085,94.2232,0.000000,0.000000,0.000000,0.002712,0.000000,0.000000,0.000000,0.00100000
6,180,0.327771,0.000103,92.3180,0.000000,0.000000,0.000000,0.008405,0.000000,0.000000,0.000000,0.00100000
6,181,0.349704,0.000111,96.3971,0.000000,0.000000,0.000000,0.003678,0.000000,0.000000,0.000000,0.00100000
6,182,0.494511,0.000157,93.8955,0.000000,0.000000,0.000000,0.004322,0.000000,0.000000,0.000000,0.00100000
6,183,0.360159,0.000114,88.3077,0.000000,0.000000,0.000000,0.004457,0.000000,0.000000,0.000000,0.00100000
6,184,0.329344,0.000105,93.5878,0.000000,0.000000,0.000000,0.002390,0.000000,0.000000,0.000000,0.00100000
6,185,0.349939,0.000111,76.8454,0.000000,0.000000,0.000000,0.003356,0.000000,0.000000,0.000000,0.00100000
6,186,0.428377,0.000136,95.2473,0.000000,0.000000,0.000000,0.004644,0.000000,0.000000,0.000000,0.00100000
6,187,0.364470,0.000116,102.6479,0.000000,0.000000,0.000000,0.003034,0.000000,0.000000,0.000000,0.00100000
6,188,0.488649,0.000154,96.1021,0.000000,0.000000,0.000000,0.010202,0.000000,0.000000,0.000000,0.00100000
6,189,0.461810,0.000145,88.2312,0.000000,0.000000,0.000000,0.012269,0.000000,0.000000,0.000000,0.00100000
6,190,0.509396,0.000161,97.7941,0.000000,0.000000,0.000000,0.008883,0.000000,0.000000,0.000000,0.00100000
6,191,0.373035,0.000118,90.8945,0.000000,0.000000,0.000000,0.007813,0.000000,0.000000,0.000000,0.00100000
6,192,0.302500,0.000096,84.4668,0.000000,0.000000,0.000000,0.003034,0.000000,0.000000,0.000000,0.00100000
6,193,0.413781,0.000130,95.4577,0.000000,0.000000,0.000000,0.010524,0.000000,0.000000,0.000000,0.00100000
6,194,0.368460,0.000117,98.0165,0.000000,0.000000,0.000000,0.004322,0.000000,0.000000,0.000000,0.00100000
6,195,0.387878,0.000123,99.1182,0.000000,0.000000,0.000000,0.005288,0.000000,0.000000,0.000000,0.00100000
6,196,0.327621,0.000104,85.7134,0.000000,0.000000,0.000000,0.005610,0.000000,0.000000,0.000000,0.00100000
6,197,0.517975,0.000164,108.6950,0.000000,0.000000,0.000000,0.007999,0.000000,0.000000,0.000000,0.00100000
6,198,0.362465,0.000115,83.1985,0.000000,0.000000,0.000000,0.002390,0.000000,0.000000,0.000000,0.00100000
6,199,0.338379,0.000107,91.0090,0.000000,0.000000,0.000000,0.006202,0.000000,0.000000,0.000000,0.00100000
6,200,0.298599,0.000095,92.8641,0.000000,0.000000,0.000000,0.004000,0.000000,0.000000,0.000000,0.00100000
6,201,0.389859,0.000124,94.9850,0.000000,0.000000,0.000000,0.004322,0.000000,0.000000,0.000000,0.00100000
6,202,0.285583,0.000091,88.7177,0.000000,0.000000,0.000000,0.003356,0.000000,0.000000,0.000000,0.00100000
6,203,0.416378,0.000131,87.9188,0.000000,0.000000,0.000000,0.009642,0.000000,0.000000,0.000000,0.00100000
6,204,0.403291,0.000122,79.0801,0.000000,0.000000,0.000000,0.042443,0.000000,0.000000,0.000000,0.00100000
6,205,0.434138,0.000136,106.5100,0.000000,0.000000,0.000000,0.014285,0.000000,0.000000,0.000000,0.00100000
6,206,0.377317,0.000116,101.7618,0.000000,0.000000,0.000000,0.026278,0.000000,0.000000,0.000000,0.00100000
6,207,0.381006,0.000118,88.2563,0.000000,0.000000,0.000000,0.019760,0.000000,0.000000,0.000000,0.00100000
6,208,0.532115,0.000159,98.2997,0.000000,0.000000,0.000000,0.069647,0.000000,0.000000,0.000000,0.00100000
6,209,0.323239,0.000098,92.7124,0.000000,0.000000,0.000000,0.033246,0.000000,0.000000,0.000000,0.00100000
6,210,0.279712,0.000088,92.1854,0.000000,0.000000,0.000000,0.007948,0.000000,0.000000,0.000000,0.00100000
6,211,0.380250,0.000119,90.5587,0.000000,0.000000,0.000000,0.013267,0.000000,0.000000,0.000000,0.00100000
6,212,0.310445,0.000098,80.4549,0.000000,0.000000,0.000000,0.005423,0.000000,0.000000,0.000000,0.00100000
6,213,0.292761,0.000092,86.7071,0.000000,0.000000,0.000000,0.007033,0.000000,0.000000,0.000000,0.00100000
6,214,0.281686,0.000089,86.1086,0.000000,0.000000,0.000000,0.005288,0.000000,0.000000,0.000000,0.00100000
6,215,0.398739,0.000126,93.3483,0.000000,0.000000,0.000000,0.010150,0.000000,0.000000,0.000000,0.00100000
6,216,0.458482,0.000144,105.4242,0.000000,0.000000,0.000000,0.010930,0.000000,0.000000,0.000000,0.00100000
6,217,0.439714,0.000139,109.1805,0.000000,0.000000,0.000000,0.006254,0.000000,0.000000,0.000000,0.00100000
6,218,0.353062,0.000111,91.8667,0.000000,0.000000,0.000000,0.006898,0.000000,0.000000,0.000000,0.00100000
6,219,0.469330,0.000147,102.9660,0.000000,0.000000,0.000000,0.014234,0.000000,0.000000,0.000000,0.00100000
6,220,0.450727,0.000142,96.6901,0.000000,0.000000,0.000000,0.012082,0.000000,0.000000,0.000000,0.00100000
6,221,0.374356,0.000119,83.6908,0.000000,0.000000,0.000000,0.005423,0.000000,0.000000,0.000000,0.00100000
6,222,0.385065,0.000122,82.1471,0.000000,0.000000,0.000000,0.007761,0.000000,0.000000,0.000000,0.00100000
6,223,0.394415,0.000123,96.0540,0.000000,0.000000,0.000000,0.014800,0.000000,0.000000,0.000000,0.00100000
6,224,0.444600,0.000141,100.3350,0.000000,0.000000,0.000000,0.007033,0.000000,0.000000,0.000000,0.00100000
6,225,0.399272,0.000125,90.6060,0.000000,0.000000,0.000000,0.012759,0.000000,0.000000,0.000000,0.00100000
6,226,0.608429,0.000191,104.4051,0.000000,0.000000,0.000000,0.016591,0.000000,0.000000,0.000000,0.00100000
6,227,0.492799,0.000153,109.2197,0.000000,0.000000,0.000000,0.023490,0.000000,0.000000,0.000000,0.00100000
6,228,0.364604,0.000113,95.4366,0.000000,0.000000,0.000000,0.019656,0.000000,0.000000,0.000000,0.00100000
6,229,0.511583,0.000161,101.4848,0.000000,0.000000,0.000000,0.011657,0.000000,0.000000,0.000000,0.00100000
6,230,0.405543,0.000124,85.8991,0.000000,0.000000,0.000000,0.033600,0.000000,0.000000,0.000000,0.00100000
6,231,0.377046,0.000117,89.6566,0.000000,0.000000,0.000000,0.021439,0.000000,0.000000,0.000000,0.00100000
6,232,0.412566,0.000129,86.5733,0.000000,0.000000,0.000000,0.014961,0.000000,0.000000,0.000000,0.00100000
6,233,0.357834,0.000113,76.3000,0.000000,0.000000,0.000000,0.007304,0.000000,0.000000,0.000000,0.00100000
6,234,0.359475,0.000113,84.3618,0.000000,0.000000,0.000000,0.009506,0.000000,0.000000,0.000000,0.00100000
6,235,0.456639,0.000145,78.3719,0.000000,0.000000,0.000000,0.006716,0.000000,0.000000,0.000000,0.00100000
6,236,0.423605,0.000134,86.4439,0.000000,0.000000,0.000000,0.006576,0.000000,0.000000,0.000000,0.00100000
6,237,0.620208,0.000196,102.4861,0.000000,0.000000,0.000000,0.008031,0.000000,0.000000,0.000000,0.00100000
6,238,0.396144,0.000125,97.1981,0.000000,0.000000,0.000000,0.006524,0.000000,0.000000,0.000000,0.00100000
6,239,0.422005,0.000134,96.7367,0.000000,0.000000,0.000000,0.004322,0.000000,0.000000,0.000000,0.00100000
6,240,0.309824,0.000098,78.3732,0.000000,0.000000,0.000000,0.006711,0.000000,0.000000,0.000000,0.00100000
6,241,0.542859,0.000172,93.2370,0.000000,0.000000,0.000000,0.006254,0.000000,0.000000,0.000000,0.00100000
6,242,0.547349,0.000174,106.8921,0.000000,0.000000,0.000000,0.004592,0.000000,0.000000,0.000000,0.00100000
6,243,0.535499,0.000170,98.6094,0.000000,0.000000,0.000000,0.005423,0.000000,0.000000,0.000000,0.00100000
6,244,0.459704,0.000146,97.6033,0.000000,0.000000,0.000000,0.002525,0.000000,0.000000,0.000000,0.00100000
6,245,0.382020,0.000121,85.2626,0.000000,0.000000,0.000000,0.002712,0.000000,0.000000,0.000000,0.00100000
6,246,0.409153,0.000130,101.3507,0.000000,0.000000,0.000000,0.003813,0.000000,0.000000,0.000000,0.00100000
6,247,0.468472,0.000149,101.8397,0.000000,0.000000,0.000000,0.004135,0.000000,0.000000,0.000000,0.00100000
6,248,0.487939,0.000155,102.6176,0.000000,0.000000,0.000000,0.003356,0.000000,0.000000,0.000000,0.00100000
6,249,0.427679,0.000136,91.3854,0.000000,0.000000,0.000000,0.004644,0.000000,0.000000,0.000000,0.00100000
6,250,0.358926,0.000114,85.6953,0.000000,0.000000,0.000000,0.002525,0.000000,0.000000,0.000000,0.00100000
6,251,0.329944,0.000104,83.0263,0.000000,0.000000,0.000000,0.009931,0.000000,0.000000,0.000000,0.00100000
6,252,0.328537,0.000104,102.4238,0.000000,0.000000,0.000000,0.003813,0.000000,0.000000,0.000000,0.00100000
6,253,0.437837,0.000138,104.7940,0.000000,0.000000,0.000000,0.008727,0.000000,0.000000,0.000000,0.00100000
6,254,0.389215,0.000123,94.5167,0.000000,0.000000,0.000000,0.007709,0.000000,0.000000,0.000000,0.00100000
6,255,0.342734,0.000109,99.5171,0.000000,0.000000,0.000000,0.004457,0.000000,0.000000,0.000000,0.00100000
6,256,0.424450,0.000134,98.7139,0.000000,0.000000,0.000000,0.010421,0.000000,0.000000,0.000000,0.00100000
6,257,0.422143,0.000134,99.5884,0.000000,0.000000,0.000000,0.006085,0.000000,0.000000,0.000000,0.00100000
6,258,0.341172,0.000108,84.9934,0.000000,0.000000,0.000000,0.004644,0.000000,0.000000,0.000000,0.00100000
6,259,0.351926,0.000111,97.6604,0.000000,0.000000,0.000000,0.006254,0.000000,0.000000,0.000000,0.00100000
6,260,0.436549,0.000137,99.8716,0.000000,0.000000,0.000000,0.016294,0.000000,0.000000,0.000000,0.00100000
6,261,0.401712,0.000124,88.5148,0.000000,0.000000,0.000000,0.026837,0.000000,0.000000,0.000000,0.00100000
6,262,0.321295,0.000100,91.7184,0.000000,0.000000,0.000000,0.012623,0.000000,0.000000,0.000000,0.00100000
6,263,0.383984,0.000120,80.7710,0.000000,0.000000,0.000000,0.016217,0.000000,0.000000,0.000000,0.00100000
6,264,0.311331,0.000098,86.9129,0.000000,0.000000,0.000000,0.005236,0.000000,0.000000,0.000000,0.00100000
6,265,0.386485,0.000121,83.1212,0.000000,0.000000,0.000000,0.011065,0.000000,0.000000,0.000000,0.00100000
6,266,0.452842,0.000141,89.4747,0.000000,0.000000,0.000000,0.020489,0.000000,0.000000,0.000000,0.00100000
6,267,0.419943,0.000131,84.3999,0.000000,0.000000,0.000000,0.018961,0.000000,0.000000,0.000000,0.00100000
6,268,0.529686,0.000167,93.2217,0.000000,0.000000,0.000000,0.009931,0.000000,0.000000,0.000000,0.00100000
6,269,0.451572,0.000142,97.0569,0.000000,0.000000,0.000000,0.011844,0.000000,0.000000,0.000000,0.00100000
6,270,0.459904,0.000145,95.7339,0.000000,0.000000,0.000000,0.010150,0.000000,0.000000,0.000000,0.00100000
6,271,0.503736,0.000158,86.3954,0.000000,0.000000,0.000000,0.014878,0.000000,0.000000,0.000000,0.00100000
6,272,0.451472,0.000142,96.1008,0.000000,0.000000,0.000000,0.012156,0.000000,0.000000,0.000000,0.00100000
6,273,0.386245,0.000122,89.3575,0.000000,0.000000,0.000000,0.004270,0.000000,0.000000,0.000000,0.00100000
6,274,0.433723,0.000137,83.5577,0.000000,0.000000,0.000000,0.008779,0.000000,0.000000,0.000000,0.00100000
6,275,0.384749,0.000122,88.8516,0.000000,0.000000,0.000000,0.006711,0.000000,0.000000,0.000000,0.00100000
6,276,0.440950,0.000140,93.9845,0.000000,0.000000,0.000000,0.005236,0.000000,0.000000,0.000000,0.00100000
6,277,0.422772,0.000134,87.0270,0.000000,0.000000,0.000000,0.004966,0.000000,0.000000,0.000000,0.00100000
6,278,0.306991,0.000097,91.8861,0.000000,0.000000,0.000000,0.003034,0.000000,0.000000,0.000000,0.00100000
6,279,0.498104,0.000158,104.5676,0.000000,0.000000,0.000000,0.004270,0.000000,0.000000,0.000000,0.00100000
6,280,0.391421,0.000124,87.7618,0.000000,0.000000,0.000000,0.004000,0.000000,0.000000,0.000000,0.00100000
6,281,0.506602,0.000160,99.4620,0.000000,0.000000,0.000000,0.010286,0.000000,0.000000,0.000000,0.00100000
6,282,0.471541,0.000146,93.3287,0.000000,0.000000,0.000000,0.026218,0.000000,0.000000,0.000000,0.00100000
6,283,0.399352,0.000125,88.4752,0.000000,0.000000,0.000000,0.013609,0.000000,0.000000,0.000000,0.00100000
6,284,0.442246,0.000136,95.0869,0.000000,0.000000,0.000000,0.028472,0.000000,0.000000,0.000000,0.00100000
6,285,0.359294,0.000112,90.8584,0.000000,0.000000,0.000000,0.017235,0.000000,0.000000,0.000000,0.00100000
6,286,0.422505,0.000131,105.4294,0.000000,0.000000,0.000000,0.022400,0.000000,0.000000,0.000000,0.00100000
6,287,0.381500,0.000119,97.9471,0.000000,0.000000,0.000000,0.016217,0.000000,0.000000,0.000000,0.00100000
6,288,0.328781,0.000104,91.1687,0.000000,0.000000,0.000000,0.007355,0.000000,0.000000,0.000000,0.00100000
6,289,0.361509,0.000113,89.9098,0.000000,0.000000,0.000000,0.016539,0.000000,0.000000,0.000000,0.00100000
6,290,0.303315,0.000096,92.8996,0.000000,0.000000,0.000000,0.004644,0.000000,0.000000,0.000000,0.00100000
6,291,0.312705,0.000097,84.1513,0.000000,0.000000,0.000000,0.014556,0.000000,0.000000,0.000000,0.00100000
6,292,0.336268,0.000107,95.3220,0.000000,0.000000,0.000000,0.003356,0.000000,0.000000,0.000000,0.00100000
6,293,0.383452,0.000121,98.4117,0.000000,0.000000,0.000000,0.009152,0.000000,0.000000,0.000000,0.00100000
6,294,0.425612,0.000135,99.1419,0.000000,0.000000,0.000000,0.006120,0.000000,0.000000,0.000000,0.00100000
6,295,0.321901,0.000102,102.1165,0.000000,0.000000,0.000000,0.002847,0.000000,0.000000,0.000000,0.00100000
6,296,0.490674,0.000155,96.7190,0.000000,0.000000,0.000000,0.010150,0.000000,0.000000,0.000000,0.00100000
6,297,0.407460,0.000129,97.0721,0.000000,0.000000,0.000000,0.004561,0.000000,0.000000,0.000000,0.00100000
6,298,0.472908,0.000147,98.6939,0.000000,0.000000,0.000000,0.022557,0.000000,0.000000,0.000000,0.00100000
6,299,0.406664,0.000128,95.1947,0.000000,0.000000,0.000000,0.011116,0.000000,0.000000,0.000000,0.00100000
6,300,0.290296,0.000092,83.0224,0.000000,0.000000,0.000000,0.004966,0.000000,0.000000,0.000000,0.00100000
6,301,0.598749,0.000188,100.9080,0.000000,0.000000,0.000000,0.017705,0.000000,0.000000,0.000000,0.00100000
6,302,0.403969,0.000127,91.4896,0.000000,0.000000,0.000000,0.013776,0.000000,0.000000,0.000000,0.00100000
6,303,0.357560,0.000112,85.2663,0.000000,0.000000,0.000000,0.009558,0.000000,0.000000,0.000000,0.00100000
6,304,0.416216,0.000130,89.1880,0.000000,0.000000,0.000000,0.015792,0.000000,0.000000,0.000000,0.00100000
6,305,0.434521,0.000136,99.2931,0.000000,0.000000,0.000000,0.016810,0.000000,0.000000,0.000000,0.00100000
6,306,0.339455,0.000107,86.7094,0.000000,0.000000,0.000000,0.009730,0.000000,0.000000,0.000000,0.00100000
6,307,0.311106,0.000098,79.6602,0.000000,0.000000,0.000000,0.008643,0.000000,0.000000,0.000000,0.00100000
6,308,0.458991,0.000142,94.8081,0.000000,0.000000,0.000000,0.029418,0.000000,0.000000,0.000000,0.00100000
6,309,0.516588,0.000161,102.6040,0.000000,0.000000,0.000000,0.021402,0.000000,0.000000,0.000000,0.00100000
6,310,0.334568,0.000106,80.5054,0.000000,0.000000,0.000000,0.007220,0.000000,0.000000,0.000000,0.00100000
6,311,0.364138,0.000114,94.2757,0.000000,0.000000,0.000000,0.013422,0.000000,0.000000,0.000000,0.00100000
6,312,0.424485,0.000134,95.7314,0.000000,0.000000,0.000000,0.009101,0.000000,0.000000,0.000000,0.00100000
6,313,0.400484,0.000125,95.5902,0.000000,0.000000,0.000000,0.014523,0.000000,0.000000,0.000000,0.00100000
6,314,0.383944,0.000121,82.6182,0.000000,0.000000,0.000000,0.007864,0.000000,0.000000,0.000000,0.00100000
6,315,0.478381,0.000149,88.1382,0.000000,0.000000,0.000000,0.022956,0.000000,0.000000,0.000000,0.00100000
6,316,0.380246,0.000120,96.8750,0.000000,0.000000,0.000000,0.009777,0.000000,0.000000,0.000000,0.00100000
6,317,0.354120,0.000112,97.2963,0.000000,0.000000,0.000000,0.007252,0.000000,0.000000,0.000000,0.00100000
6,318,0.376672,0.000120,80.1501,0.000000,0.000000,0.000000,0.002068,0.000000,0.000000,0.000000,0.00100000
6,319,0.411176,0.000130,91.8572,0.000000,0.000000,0.000000,0.005610,0.000000,0.000000,0.000000,0.00100000
6,320,0.321930,0.000102,87.9652,0.000000,0.000000,0.000000,0.004966,0.000000,0.000000,0.000000,0.00100000
6,321,0.499020,0.000158,99.9331,0.000000,0.000000,0.000000,0.008914,0.000000,0.000000,0.000000,0.00100000
6,322,0.322448,0.000102,93.2946,0.000000,0.000000,0.000000,0.004779,0.000000,0.000000,0.000000,0.00100000
6,323,0.375048,0.000119,99.5569,0.000000,0.000000,0.000000,0.002390,0.000000,0.000000,0.000000,0.00100000
6,324,0.628344,0.000198,108.1495,0.000000,0.000000,0.000000,0.013184,0.000000,0.000000,0.000000,0.00100000
6,325,0.464542,0.000146,99.2791,0.000000,0.000000,0.000000,0.012707,0.000000,0.000000,0.000000,0.00100000
6,326,0.425813,0.000135,100.4446,0.000000,0.000000,0.000000,0.003034,0.000000,0.000000,0.000000,0.00100000
6,327,0.371569,0.000117,94.8119,0.000000,0.000000,0.000000,0.007490,0.000000,0.000000,0.000000,0.00100000
6,328,0.540004,0.000171,105.4713,0.000000,0.000000,0.000000,0.008135,0.000000,0.000000,0.000000,0.00100000
6,329,0.620905,0.000197,106.8292,0.000000,0.000000,0.000000,0.007716,0.000000,0.000000,0.000000,0.00100000
6,330,0.366978,0.000116,92.4351,0.000000,0.000000,0.000000,0.004135,0.000000,0.000000,0.000000,0.00100000
6,331,0.369750,0.000117,97.4749,0.000000,0.000000,0.000000,0.005745,0.000000,0.000000,0.000000,0.00100000
6,332,0.451250,0.000143,102.7604,0.000000,0.000000,0.000000,0.004779,0.000000,0.000000,0.000000,0.00100000
6,333,0.429747,0.000136,93.1603,0.000000,0.000000,0.000000,0.004592,0.000000,0.000000,0.000000,0.00100000
6,334,0.397312,0.000126,99.4160,0.000000,0.000000,0.000000,0.007304,0.000000,0.000000,0.000000,0.00100000
6,335,0.459794,0.000145,93.7859,0.000000,0.000000,0.000000,0.007439,0.000000,0.000000,0.000000,0.00100000
6,336,0.375930,0.000119,86.2330,0.000000,0.000000,0.000000,0.004966,0.000000,0.000000,0.000000,0.00100000
6,337,0.412784,0.000131,91.4383,0.000000,0.000000,0.000000,0.003491,0.000000,0.000000,0.000000,0.00100000
6,338,0.382486,0.000121,97.7159,0.000000,0.000000,0.000000,0.004135,0.000000,0.000000,0.000000,0.00100000
6,339,0.412695,0.000131,93.5984,0.000000,0.000000,0.000000,0.005288,0.000000,0.000000,0.000000,0.00100000
6,340,0.380242,0.000121,90.1385,0.000000,0.000000,0.000000,0.004592,0.000000,0.000000,0.000000,0.00100000
6,341,0.396719,0.000126,102.4285,0.000000,0.000000,0.000000,0.002390,0.000000,0.000000,0.000000,0.00100000
6,342,0.355656,0.000113,90.0462,0.000000,0.000000,0.000000,0.003034,0.000000,0.000000,0.000000,0.00100000
6,343,0.528938,0.000167,103.6359,0.000000,0.000000,0.000000,0.008353,0.000000,0.000000,0.000000,0.00100000
6,344,0.442644,0.000140,98.1796,0.000000,0.000000,0.000000,0.008083,0.000000,0.000000,0.000000,0.00100000
6,345,0.390142,0.000123,94.7185,0.000000,0.000000,0.000000,0.005932,0.000000,0.000000,0.000000,0.00100000
6,346,0.378316,0.000120,102.6585,0.000000,0.000000,0.000000,0.006389,0.000000,0.000000,0.000000,0.00100000
6,347,0.397625,0.000126,100.5655,0.000000,0.000000,0.000000,0.005101,0.000000,0.000000,0.000000,0.00100000
6,348,0.355503,0.000113,104.5524,0.000000,0.000000,0.000000,0.004644,0.000000,0.000000,0.000000,0.00100000
6,349,0.385332,0.000122,106.2738,0.000000,0.000000,0.000000,0.004644,0.000000,0.000000,0.000000,0.00100000
6,350,0.319013,0.000101,81.9858,0.000000,0.000000,0.000000,0.007490,0.000000,0.000000,0.000000,0.00100000
6,351,0.349406,0.000110,83.7417,0.000000,0.000000,0.000000,0.007033,0.000000,0.000000,0.000000,0.00100000
6,352,0.356511,0.000113,93.9594,0.000000,0.000000,0.000000,0.007033,0.000000,0.000000,0.000000,0.00100000
6,353,0.321302,0.000101,82.8441,0.000000,0.000000,0.000000,0.007439,0.000000,0.000000,0.000000,0.00100000
6,354,0.371307,0.000118,108.1492,0.000000,0.000000,0.000000,0.002712,0.000000,0.000000,0.000000,0.00100000
6,355,0.292429,0.000091,89.1563,0.000000,0.000000,0.000000,0.011864,0.000000,0.000000,0.000000,0.00100000
6,356,0.261733,0.000080,88.0603,0.000000,0.000000,0.000000,0.020455,0.000000,0.000000,0.000000,0.00100000
6,357,0.347706,0.000107,94.4514,0.000000,0.000000,0.000000,0.024873,0.000000,0.000000,0.000000,0.00100000
6,358,0.245525,0.000078,88.3925,0.000000,0.000000,0.000000,0.004322,0.000000,0.000000,0.000000,0.00100000
6,359,0.274422,0.000086,94.0069,0.000000,0.000000,0.000000,0.011760,0.000000,0.000000,0.000000,0.00100000
6,360,0.399840,0.000126,86.1195,0.000000,0.000000,0.000000,0.008321,0.000000,0.000000,0.000000,0.00100000
6,361,0.334139,0.000106,94.1933,0.000000,0.000000,0.000000,0.005288,0.000000,0.000000,0.000000,0.00100000
6,362,0.422192,0.000134,100.1486,0.000000,0.000000,0.000000,0.005423,0.000000,0.000000,0.000000,0.00100000
6,363,0.395912,0.000126,93.0737,0.000000,0.000000,0.000000,0.003678,0.000000,0.000000,0.000000,0.00100000
6,364,0.374226,0.000119,96.3843,0.000000,0.000000,0.000000,0.004135,0.000000,0.000000,0.000000,0.00100000
6,365,0.379444,0.000120,89.3107,0.000000,0.000000,0.000000,0.005423,0.000000,0.000000,0.000000,0.00100000
6,366,0.433662,0.000138,100.8747,0.000000,0.000000,0.000000,0.002390,0.000000,0.000000,0.000000,0.00100000
6,367,0.327546,0.000104,81.7345,0.000000,0.000000,0.000000,0.002712,0.000000,0.000000,0.000000,0.00100000
6,368,0.554928,0.000175,99.9495,0.000000,0.000000,0.000000,0.010981,0.000000,0.000000,0.000000,0.00100000
6,369,0.386942,0.000122,91.0925,0.000000,0.000000,0.000000,0.008321,0.000000,0.000000,0.000000,0.00100000
6,370,0.406434,0.000129,95.2689,0.000000,0.000000,0.000000,0.002390,0.000000,0.000000,0.000000,0.00100000
6,371,0.288797,0.000091,74.4561,0.000000,0.000000,0.000000,0.007033,0.000000,0.000000,0.000000,0.00100000
6,372,0.537723,0.000169,84.3321,0.000000,0.000000,0.000000,0.015386,0.000000,0.000000,0.000000,0.00100000
6,373,0.391324,0.000123,88.2686,0.000000,0.000000,0.000000,0.011542,0.000000,0.000000,0.000000,0.00100000
6,374,0.329777,0.000103,99.4296,0.000000,0.000000,0.000000,0.014613,0.000000,0.000000,0.000000,0.00100000
6,375,0.410530,0.000129,94.6553,0.000000,0.000000,0.000000,0.014201,0.000000,0.000000,0.000000,0.00100000
6,376,0.385490,0.000121,101.4263,0.000000,0.000000,0.000000,0.010981,0.000000,0.000000,0.000000,0.00100000
6,377,0.383567,0.000119,99.0116,0.000000,0.000000,0.000000,0.019760,0.000000,0.000000,0.000000,0.00100000
6,378,0.435830,0.000135,90.0834,0.000000,0.000000,0.000000,0.023522,0.000000,0.000000,0.000000,0.00100000
6,379,0.431028,0.000134,82.0424,0.000000,0.000000,0.000000,0.021725,0.000000,0.000000,0.000000,0.00100000
6,380,0.370069,0.000117,97.3489,0.000000,0.000000,0.000000,0.007033,0.000000,0.000000,0.000000,0.00100000
6,381,0.418695,0.000132,100.3555,0.000000,0.000000,0.000000,0.008779,0.000000,0.000000,0.000000,0.00100000
6,382,0.320353,0.000101,87.9173,0.000000,0.000000,0.000000,0.009558,0.000000,0.000000,0.000000,0.00100000
6,383,0.441882,0.000140,98.3343,0.000000,0.000000,0.000000,0.007864,0.000000,0.000000,0.000000,0.00100000
6,384,0.406575,0.000128,91.4764,0.000000,0.000000,0.000000,0.012269,0.000000,0.000000,0.000000,0.00100000
6,385,0.371311,0.000117,99.0375,0.000000,0.000000,0.000000,0.006473,0.000000,0.000000,0.000000,0.00100000
6,386,0.396358,0.000125,95.8014,0.000000,0.000000,0.000000,0.009609,0.000000,0.000000,0.000000,0.00100000
6,387,0.342542,0.000109,98.6272,0.000000,0.000000,0.000000,0.004000,0.000000,0.000000,0.000000,0.00100000
6,388,0.299131,0.000095,92.8525,0.000000,0.000000,0.000000,0.004322,0.000000,0.000000,0.000000,0.00100000
6,389,0.327734,0.000104,99.9419,0.000000,0.000000,0.000000,0.003678,0.000000,0.000000,0.000000,0.00100000
6,390,0.314477,0.000100,90.1509,0.000000,0.000000,0.000000,0.004322,0.000000,0.000000,0.000000,0.00100000
6,391,0.412860,0.000131,103.3097,0.000000,0.000000,0.000000,0.006711,0.000000,0.000000,0.000000,0.00100000
6,392,0.528995,0.000168,102.3063,0.000000,0.000000,0.000000,0.004457,0.000000,0.000000,0.000000,0.00100000
6,393,0.335934,0.000106,85.3025,0.000000,0.000000,0.000000,0.007677,0.000000,0.000000,0.000000,0.00100000
6,394,0.380355,0.000121,97.0097,0.000000,0.000000,0.000000,0.003034,0.000000,0.000000,0.000000,0.00100000
6,395,0.426814,0.000135,98.5643,0.000000,0.000000,0.000000,0.005372,0.000000,0.000000,0.000000,0.00100000
6,396,0.282735,0.000090,95.7693,0.000000,0.000000,0.000000,0.002525,0.000000,0.000000,0.000000,0.00100000
6,397,0.285153,0.000091,92.0437,0.000000,0.000000,0.000000,0.001746,0.000000,0.000000,0.000000,0.00100000
6,398,0.449408,0.000141,89.8212,0.000000,0.000000,0.000000,0.012945,0.000000,0.000000,0.000000,0.00100000
6,399,0.428048,0.000135,96.2656,0.000000,0.000000,0.000000,0.008779,0.000000,0.000000,0.000000,0.00100000
6,400,0.288687,0.000092,82.9925,0.000000,0.000000,0.000000,0.003034,0.000000,0.000000,0.000000,0.00100000
6,401,0.441285,0.000138,91.3138,0.000000,0.000000,0.000000,0.017009,0.000000,0.000000,0.000000,0.00100000
6,402,0.451198,0.000141,91.9426,0.000000,0.000000,0.000000,0.019605,0.000000,0.000000,0.000000,0.00100000
6,403,0.281222,0.000089,90.5963,0.000000,0.000000,0.000000,0.005610,0.000000,0.000000,0.000000,0.00100000
6,404,0.337966,0.000106,89.0218,0.000000,0.000000,0.000000,0.009964,0.000000,0.000000,0.000000,0.00100000
6,405,0.319121,0.000101,96.3599,0.000000,0.000000,0.000000,0.003813,0.000000,0.000000,0.000000,0.00100000
6,406,0.338697,0.000108,93.3144,0.000000,0.000000,0.000000,0.003034,0.000000,0.000000,0.000000,0.00100000
6,407,0.495215,0.000156,89.1168,0.000000,0.000000,0.000000,0.009184,0.000000,0.000000,0.000000,0.00100000
6,408,0.410514,0.000130,91.5576,0.000000,0.000000,0.000000,0.005610,0.000000,0.000000,0.000000,0.00100000
6,409,0.454413,0.000143,93.0368,0.000000,0.000000,0.000000,0.009287,0.000000,0.000000,0.000000,0.00100000
6,410,0.434322,0.000138,91.6205,0.000000,0.000000,0.000000,0.004135,0.000000,0.000000,0.000000,0.00100000
6,411,0.437839,0.000139,93.4396,0.000000,0.000000,0.000000,0.005880,0.000000,0.000000,0.000000,0.00100000
6,412,0.486566,0.000154,106.3400,0.000000,0.000000,0.000000,0.008811,0.000000,0.000000,0.000000,0.00100000
6,413,0.360181,0.000110,63.0996,0.000000,0.000000,0.000000,0.029027,0.000000,0.000000,0.000000,0.00100000
6,414,0.344771,0.000097,93.4893,0.000000,0.000000,0.000000,0.081248,0.000000,0.000000,0.000000,0.00100000
6,415,0.353680,0.000105,78.9915,0.000000,0.000000,0.000000,0.049468,0.000000,0.000000,0.000000,0.00100000
6,416,0.359498,0.000109,81.5471,0.000000,0.000000,0.000000,0.038443,0.000000,0.000000,0.000000,0.00100000
6,417,0.312137,0.000099,93.5854,0.000000,0.000000,0.000000,0.003034,0.000000,0.000000,0.000000,0.00100000
6,418,0.383185,0.000121,99.7242,0.000000,0.000000,0.000000,0.006254,0.000000,0.000000,0.000000,0.00100000
6,419,0.306539,0.000097,92.0397,0.000000,0.000000,0.000000,0.006254,0.000000,0.000000,0.000000,0.00100000
6,420,0.270521,0.000084,81.0272,0.000000,0.000000,0.000000,0.017100,0.000000,0.000000,0.000000,0.00100000
6,421,0.324587,0.000103,87.8293,0.000000,0.000000,0.000000,0.001746,0.000000,0.000000,0.000000,0.00100000
6,422,0.490980,0.000155,96.9501,0.000000,0.000000,0.000000,0.008592,0.000000,0.000000,0.000000,0.00100000
6,423,0.341982,0.000108,75.8804,0.000000,0.000000,0.000000,0.004779,0.000000,0.000000,0.000000,0.00100000
6,424,0.390581,0.000123,102.1816,0.000000,0.000000,0.000000,0.007677,0.000000,0.000000,0.000000,0.00100000
6,425,0.350412,0.000111,88.1031,0.000000,0.000000,0.000000,0.006389,0.000000,0.000000,0.000000,0.00100000
6,426,0.284824,0.000090,89.0302,0.000000,0.000000,0.000000,0.002712,0.000000,0.000000,0.000000,0.00100000
6,427,0.252723,0.000080,89.1347,0.000000,0.000000,0.000000,0.005610,0.000000,0.000000,0.000000,0.00100000
6,428,0.413534,0.000130,107.1312,0.000000,0.000000,0.000000,0.008862,0.000000,0.000000,0.000000,0.00100000
6,429,0.329790,0.000105,96.2339,0.000000,0.000000,0.000000,0.003678,0.000000,0.000000,0.000000,0.00100000
6,430,0.342719,0.000109,100.2229,0.000000,0.000000,0.000000,0.003813,0.000000,0.000000,0.000000,0.00100000
6,431,0.363032,0.000113,88.1780,0.000000,0.000000,0.000000,0.014997,0.000000,0.000000,0.000000,0.00100000
6,432,0.306258,0.000097,98.5584,0.000000,0.000000,0.000000,0.005423,0.000000,0.000000,0.000000,0.00100000
6,433,0.367769,0.000114,104.1902,0.000000,0.000000,0.000000,0.017673,0.000000,0.000000,0.000000,0.00100000
6,434,0.304548,0.000097,87.9544,0.000000,0.000000,0.000000,0.002712,0.000000,0.000000,0.000000,0.00100000
6,435,0.337266,0.000106,86.0638,0.000000,0.000000,0.000000,0.007864,0.000000,0.000000,0.000000,0.00100000
6,436,0.348151,0.000111,83.6993,0.000000,0.000000,0.000000,0.002068,0.000000,0.000000,0.000000,0.00100000
6,437,0.331468,0.000105,81.3253,0.000000,0.000000,0.000000,0.002390,0.000000,0.000000,0.000000,0.00100000
6,438,0.473720,0.000150,97.3192,0.000000,0.000000,0.000000,0.008405,0.000000,0.000000,0.000000,0.00100000
6,439,0.333351,0.000105,84.3615,0.000000,0.000000,0.000000,0.008270,0.000000,0.000000,0.000000,0.00100000
6,440,0.375332,0.000119,101.5704,0.000000,0.000000,0.000000,0.004966,0.000000,0.000000,0.000000,0.00100000
6,441,0.367586,0.000116,82.2925,0.000000,0.000000,0.000000,0.005288,0.000000,0.000000,0.000000,0.00100000
6,442,0.317830,0.000101,100.9154,0.000000,0.000000,0.000000,0.004000,0.000000,0.000000,0.000000,0.00100000
6,443,0.375375,0.000119,103.9227,0.000000,0.000000,0.000000,0.005288,0.000000,0.000000,0.000000,0.00100000
6,444,0.321987,0.000102,82.1329,0.000000,0.000000,0.000000,0.004779,0.000000,0.000000,0.000000,0.00100000
6,445,0.384813,0.000122,95.9094,0.000000,0.000000,0.000000,0.003356,0.000000,0.000000,0.000000,0.00100000
6,446,0.397307,0.000125,92.3657,0.000000,0.000000,0.000000,0.010898,0.000000,0.000000,0.000000,0.00100000
6,447,0.378135,0.000120,102.4123,0.000000,0.000000,0.000000,0.004966,0.000000,0.000000,0.000000,0.00100000
6,448,0.343530,0.000109,98.2345,0.000000,0.000000,0.000000,0.004966,0.000000,0.000000,0.000000,0.00100000
6,449,0.338998,0.000105,89.6401,0.000000,0.000000,0.000000,0.016624,0.000000,0.000000,0.000000,0.00100000
6,450,0.353091,0.000108,81.3239,0.000000,0.000000,0.000000,0.028365,0.000000,0.000000,0.000000,0.00100000
6,451,0.330091,0.000103,88.0771,0.000000,0.000000,0.000000,0.011579,0.000000,0.000000,0.000000,0.00100000
6,452,0.331052,0.000103,92.7094,0.000000,0.000000,0.000000,0.017029,0.000000,0.000000,0.000000,0.00100000
6,453,0.331355,0.000105,94.5153,0.000000,0.000000,0.000000,0.003356,0.000000,0.000000,0.000000,0.00100000
6,454,0.449080,0.000141,93.0518,0.000000,0.000000,0.000000,0.016217,0.000000,0.000000,0.000000,0.00100000
6,455,0.386463,0.000121,99.1604,0.000000,0.000000,0.000000,0.011116,0.000000,0.000000,0.000000,0.00100000
6,456,0.489639,0.000154,101.8853,0.000000,0.000000,0.000000,0.012759,0.000000,0.000000,0.000000,0.00100000
6,457,0.349730,0.000109,78.0916,0.000000,0.000000,0.000000,0.013557,0.000000,0.000000,0.000000,0.00100000
6,458,0.416921,0.000131,104.8178,0.000000,0.000000,0.000000,0.012675,0.000000,0.000000,0.000000,0.00100000
6,459,0.362096,0.000114,88.4883,0.000000,0.000000,0.000000,0.011901,0.000000,0.000000,0.000000,0.00100000
6,460,0.348043,0.000110,93.3442,0.000000,0.000000,0.000000,0.005610,0.000000,0.000000,0.000000,0.00100000
6,461,0.354060,0.000109,101.1700,0.000000,0.000000,0.000000,0.023337,0.000000,0.000000,0.000000,0.00100000
6,462,0.434760,0.000134,94.3103,0.000000,0.000000,0.000000,0.028790,0.000000,0.000000,0.000000,0.00100000
6,463,0.338875,0.000107,86.6577,0.000000,0.000000,0.000000,0.007626,0.000000,0.000000,0.000000,0.00100000
6,464,0.374599,0.000117,88.9565,0.000000,0.000000,0.000000,0.015959,0.000000,0.000000,0.000000,0.00100000
6,465,0.320135,0.000101,99.9699,0.000000,0.000000,0.000000,0.004000,0.000000,0.000000,0.000000,0.00100000
6,466,0.369445,0.000117,86.6238,0.000000,0.000000,0.000000,0.006016,0.000000,0.000000,0.000000,0.00100000
6,467,0.383154,0.000120,81.9052,0.000000,0.000000,0.000000,0.012082,0.000000,0.000000,0.000000,0.00100000
6,468,0.293432,0.000092,82.4533,0.000000,0.000000,0.000000,0.010047,0.000000,0.000000,0.000000,0.00100000
6,469,0.385901,0.000122,96.5676,0.000000,0.000000,0.000000,0.008914,0.000000,0.000000,0.000000,0.00100000
6,470,0.401060,0.000126,102.1329,0.000000,0.000000,0.000000,0.011864,0.000000,0.000000,0.000000,0.00100000
6,471,0.380139,0.000121,99.3809,0.000000,0.000000,0.000000,0.004457,0.000000,0.000000,0.000000,0.00100000
6,472,0.337405,0.000106,88.4018,0.000000,0.000000,0.000000,0.008508,0.000000,0.000000,0.000000,0.00100000
6,473,0.407673,0.000129,103.5753,0.000000,0.000000,0.000000,0.003678,0.000000,0.000000,0.000000,0.00100000
6,474,0.321455,0.000102,93.0592,0.000000,0.000000,0.000000,0.005558,0.000000,0.000000,0.000000,0.00100000
6,475,0.403528,0.000128,103.1352,0.000000,0.000000,0.000000,0.006846,0.000000,0.000000,0.000000,0.00100000
6,476,0.422639,0.000134,102.3315,0.000000,0.000000,0.000000,0.007490,0.000000,0.000000,0.000000,0.00100000
6,477,0.500366,0.000158,102.1168,0.000000,0.000000,0.000000,0.011034,0.000000,0.000000,0.000000,0.00100000
6,478,0.353469,0.000111,81.9569,0.000000,0.000000,0.000000,0.008793,0.000000,0.000000,0.000000,0.00100000
6,479,0.340462,0.000107,87.5014,0.000000,0.000000,0.000000,0.009236,0.000000,0.000000,0.000000,0.00100000
6,480,0.375214,0.000119,97.2522,0.000000,0.000000,0.000000,0.004457,0.000000,0.000000,0.000000,0.00100000
6,481,0.414635,0.000131,108.2813,0.000000,0.000000,0.000000,0.005340,0.000000,0.000000,0.000000,0.00100000
6,482,0.451069,0.000142,108.2438,0.000000,0.000000,0.000000,0.009725,0.000000,0.000000,0.000000,0.00100000
6,483,0.465707,0.000147,107.4166,0.000000,0.000000,0.000000,0.011116,0.000000,0.000000,0.000000,0.00100000
6,484,0.371841,0.000118,96.5638,0.000000,0.000000,0.000000,0.005745,0.000000,0.000000,0.000000,0.00100000
6,485,0.339096,0.000107,90.9179,0.000000,0.000000,0.000000,0.004322,0.000000,0.000000,0.000000,0.00100000
6,486,0.397053,0.000126,94.0920,0.000000,0.000000,0.000000,0.006795,0.000000,0.000000,0.000000,0.00100000
6,487,0.366819,0.000116,78.3346,0.000000,0.000000,0.000000,0.008321,0.000000,0.000000,0.000000,0.00100000
6,488,0.454086,0.000144,93.2702,0.000000,0.000000,0.000000,0.007325,0.000000,0.000000,0.000000,0.00100000
6,489,0.331886,0.000105,83.4861,0.000000,0.000000,0.000000,0.005423,0.000000,0.000000,0.000000,0.00100000
6,490,0.379755,0.000120,87.7929,0.000000,0.000000,0.000000,0.005558,0.000000,0.000000,0.000000,0.00100000
6,491,0.362998,0.000115,75.9840,0.000000,0.000000,0.000000,0.005236,0.000000,0.000000,0.000000,0.00100000
6,492,0.374523,0.000119,94.4740,0.000000,0.000000,0.000000,0.004883,0.000000,0.000000,0.000000,0.00100000
6,493,0.376334,0.000119,71.5902,0.000000,0.000000,0.000000,0.005423,0.000000,0.000000,0.000000,0.00100000
6,494,0.427586,0.000136,94.9505,0.000000,0.000000,0.000000,0.004784,0.000000,0.000000,0.000000,0.00100000
6,495,0.353374,0.000112,83.8094,0.000000,0.000000,0.000000,0.003948,0.000000,0.000000,0.000000,0.00100000
6,496,0.395599,0.000126,83.6553,0.000000,0.000000,0.000000,0.004000,0.000000,0.000000,0.000000,0.00100000
6,497,0.482858,0.000153,95.6688,0.000000,0.000000,0.000000,0.003356,0.000000,0.000000,0.000000,0.00100000
6,498,0.362192,0.000115,94.9676,0.000000,0.000000,0.000000,0.001746,0.000000,0.000000,0.000000,0.00100000
6,499,0.366467,0.000116,80.3972,0.000000,0.000000,0.000000,0.005372,0.000000,0.000000,0.000000,0.00100000
6,500,0.491635,0.000156,93.5425,0.000000,0.000000,0.000000,0.007490,0.000000,0.000000,0.000000,0.00100000
6,501,0.423495,0.000133,85.1734,0.000000,0.000000,0.000000,0.011584,0.000000,0.000000,0.000000,0.00100000
6,502,0.506521,0.000159,89.5365,0.000000,0.000000,0.000000,0.015932,0.000000,0.000000,0.000000,0.00100000
6,503,0.733970,0.000227,111.2679,0.000000,0.000000,0.000000,0.046656,0.000000,0.000000,0.000000,0.00100000
6,504,0.463029,0.000138,84.8678,0.000000,0.000000,0.000000,0.057422,0.000000,0.000000,0.000000,0.00100000
6,505,0.557923,0.000171,94.1875,0.000000,0.000000,0.000000,0.045323,0.000000,0.000000,0.000000,0.00100000
6,506,0.784849,0.000240,89.6518,0.000000,0.000000,0.000000,0.062503,0.000000,0.000000,0.000000,0.00100000
6,507,0.725500,0.000219,106.8059,0.000000,0.000000,0.000000,0.076146,0.000000,0.000000,0.000000,0.00100000
6,508,0.821472,0.000253,103.0566,0.000000,0.000000,0.000000,0.055624,0.000000,0.000000,0.000000,0.00100000
6,509,0.788694,0.000240,104.6815,0.000000,0.000000,0.000000,0.070266,0.000000,0.000000,0.000000,0.00100000
6,510,0.515212,0.000159,88.0889,0.000000,0.000000,0.000000,0.035298,0.000000,0.000000,0.000000,0.00100000
6,511,0.422959,0.000133,88.2657,0.000000,0.000000,0.000000,0.012862,0.000000,0.000000,0.000000,0.00100000
6,512,0.367632,0.000115,90.5358,0.000000,0.000000,0.000000,0.012945,0.000000,0.000000,0.000000,0.00100000
6,513,0.533367,0.000165,98.3092,0.000000,0.000000,0.000000,0.030624,0.000000,0.000000,0.000000,0.00100000
6,514,0.428778,0.000132,92.1335,0.000000,0.000000,0.000000,0.030572,0.000000,0.000000,0.000000,0.00100000
6,515,0.474436,0.000147,99.3782,0.000000,0.000000,0.000000,0.025677,0.000000,0.000000,0.000000,0.00100000
6,516,0.523371,0.000159,75.9267,0.000000,0.000000,0.000000,0.048622,0.000000,0.000000,0.000000,0.00100000
6,517,0.473543,0.000147,100.9322,0.000000,0.000000,0.000000,0.027906,0.000000,0.000000,0.000000,0.00100000
6,518,0.457851,0.000145,103.4341,0.000000,0.000000,0.000000,0.007948,0.000000,0.000000,0.000000,0.00100000
6,519,0.359466,0.000111,92.3905,0.000000,0.000000,0.000000,0.021977,0.000000,0.000000,0.000000,0.00100000
6,520,0.480972,0.000151,96.9826,0.000000,0.000000,0.000000,0.014285,0.000000,0.000000,0.000000,0.00100000
6,521,0.437799,0.000138,101.7836,0.000000,0.000000,0.000000,0.009049,0.000000,0.000000,0.000000,0.00100000
6,522,0.426525,0.000133,99.2950,0.000000,0.000000,0.000000,0.017646,0.000000,0.000000,0.000000,0.00100000
6,523,0.450163,0.000143,102.4976,0.000000,0.000000,0.000000,0.004457,0.000000,0.000000,0.000000,0.00100000
6,524,0.422497,0.000134,100.1844,0.000000,0.000000,0.000000,0.007168,0.000000,0.000000,0.000000,0.00100000
6,525,0.407562,0.000129,97.7011,0.000000,0.000000,0.000000,0.004457,0.000000,0.000000,0.000000,0.00100000
6,526,0.284683,0.000090,95.9192,0.000000,0.000000,0.000000,0.006576,0.000000,0.000000,0.000000,0.00100000
6,527,0.350897,0.000112,94.9059,0.000000,0.000000,0.000000,0.002390,0.000000,0.000000,0.000000,0.00100000
6,528,0.359944,0.000115,98.0406,0.000000,0.000000,0.000000,0.001424,0.000000,0.000000,0.000000,0.00100000
6,529,0.358797,0.000114,88.0437,0.000000,0.000000,0.000000,0.002390,0.000000,0.000000,0.000000,0.00100000
6,530,0.263559,0.000084,81.4716,0.000000,0.000000,0.000000,0.002068,0.000000,0.000000,0.000000,0.00100000
6,531,0.424360,0.000135,103.4076,0.000000,0.000000,0.000000,0.002390,0.000000,0.000000,0.000000,0.00100000
6,532,0.433553,0.000137,96.1877,0.000000,0.000000,0.000000,0.007864,0.000000,0.000000,0.000000,0.00100000
6,533,0.411385,0.000130,98.7397,0.000000,0.000000,0.000000,0.007355,0.000000,0.000000,0.000000,0.00100000
6,534,0.441645,0.000140,98.3227,0.000000,0.000000,0.000000,0.003813,0.000000,0.000000,0.000000,0.00100000
6,535,0.454443,0.000143,90.7260,0.000000,0.000000,0.000000,0.009609,0.000000,0.000000,0.000000,0.00100000
6,536,0.421299,0.000134,98.2291,0.000000,0.000000,0.000000,0.004322,0.000000,0.000000,0.000000,0.00100000
6,537,0.379811,0.000120,95.0016,0.000000,0.000000,0.000000,0.005745,0.000000,0.000000,0.000000,0.00100000
6,538,0.377687,0.000120,92.8124,0.000000,0.000000,0.000000,0.004966,0.000000,0.000000,0.000000,0.00100000
6,539,0.393498,0.000125,97.6928,0.000000,0.000000,0.000000,0.004322,0.000000,0.000000,0.000000,0.00100000
6,540,0.400482,0.000127,93.3261,0.000000,0.000000,0.000000,0.006225,0.000000,0.000000,0.000000,0.00100000
6,541,0.466407,0.000148,97.0268,0.000000,0.000000,0.000000,0.004135,0.000000,0.000000,0.000000,0.00100000
6,542,0.380753,0.000121,102.9493,0.000000,0.000000,0.000000,0.003034,0.000000,0.000000,0.000000,0.00100000
6,543,0.345287,0.000109,86.4913,0.000000,0.000000,0.000000,0.004000,0.000000,0.000000,0.000000,0.00100000
6,544,0.354564,0.000113,92.9692,0.000000,0.000000,0.000000,0.003491,0.000000,0.000000,0.000000,0.00100000
6,545,0.287016,0.000091,88.2282,0.000000,0.000000,0.000000,0.004779,0.000000,0.000000,0.000000,0.00100000
6,546,0.319545,0.000101,90.9431,0.000000,0.000000,0.000000,0.002525,0.000000,0.000000,0.000000,0.00100000
6,547,0.511837,0.000162,95.6707,0.000000,0.000000,0.000000,0.005932,0.000000,0.000000,0.000000,0.00100000
6,548,0.432879,0.000137,95.3011,0.000000,0.000000,0.000000,0.006898,0.000000,0.000000,0.000000,0.00100000
6,549,0.484635,0.000154,81.5088,0.000000,0.000000,0.000000,0.005101,0.000000,0.000000,0.000000,0.00100000
6,550,0.578209,0.000182,98.5650,0.000000,0.000000,0.000000,0.012695,0.000000,0.000000,0.000000,0.00100000
6,551,0.371425,0.000118,87.5396,0.000000,0.000000,0.000000,0.003678,0.000000,0.000000,0.000000,0.00100000
6,552,0.524146,0.000165,96.7968,0.000000,0.000000,0.000000,0.011220,0.000000,0.000000,0.000000,0.00100000
6,553,0.362683,0.000115,100.8167,0.000000,0.000000,0.000000,0.002712,0.000000,0.000000,0.000000,0.00100000
6,554,0.426802,0.000135,95.7209,0.000000,0.000000,0.000000,0.005372,0.000000,0.000000,0.000000,0.00100000
6,555,0.379043,0.000120,91.5792,0.000000,0.000000,0.000000,0.005745,0.000000,0.000000,0.000000,0.00100000
6,556,0.389406,0.000123,93.2155,0.000000,0.000000,0.000000,0.004644,0.000000,0.000000,0.000000,0.00100000
6,557,0.382417,0.000121,84.7528,0.000000,0.000000,0.000000,0.005101,0.000000,0.000000,0.000000,0.00100000
6,558,0.401988,0.000127,93.8440,0.000000,0.000000,0.000000,0.006389,0.000000,0.000000,0.000000,0.00100000
6,559,0.334891,0.000106,85.9169,0.000000,0.000000,0.000000,0.004000,0.000000,0.000000,0.000000,0.00100000
6,560,0.547993,0.000174,98.2002,0.000000,0.000000,0.000000,0.006016,0.000000,0.000000,0.000000,0.00100000
6,561,0.326010,0.000103,93.3852,0.000000,0.000000,0.000000,0.003034,0.000000,0.000000,0.000000,0.00100000
6,562,0.407153,0.000129,99.0520,0.000000,0.000000,0.000000,0.006389,0.000000,0.000000,0.000000,0.00100000
6,563,0.527608,0.000166,92.8072,0.000000,0.000000,0.000000,0.016790,0.000000,0.000000,0.000000,0.00100000
6,564,0.354650,0.000110,86.2963,0.000000,0.000000,0.000000,0.019637,0.000000,0.000000,0.000000,0.00100000
6,565,0.365308,0.000115,92.0979,0.000000,0.000000,0.000000,0.007574,0.000000,0.000000,0.000000,0.00100000
6,566,0.274462,0.000085,78.4342,0.000000,0.000000,0.000000,0.013152,0.000000,0.000000,0.000000,0.00100000
6,567,0.382414,0.000121,90.2878,0.000000,0.000000,0.000000,0.006151,0.000000,0.000000,0.000000,0.00100000
6,568,0.384854,0.000121,80.2649,0.000000,0.000000,0.000000,0.009423,0.000000,0.000000,0.000000,0.00100000
6,569,0.335306,0.000106,99.2606,0.000000,0.000000,0.000000,0.007948,0.000000,0.000000,0.000000,0.00100000
6,570,0.310009,0.000098,89.2078,0.000000,0.000000,0.000000,0.005101,0.000000,0.000000,0.000000,0.00100000
6,571,0.415745,0.000131,89.7177,0.000000,0.000000,0.000000,0.008457,0.000000,0.000000,0.000000,0.00100000
6,572,0.344851,0.000109,92.6142,0.000000,0.000000,0.000000,0.006016,0.000000,0.000000,0.000000,0.00100000
6,573,0.299310,0.000095,91.7736,0.000000,0.000000,0.000000,0.003491,0.000000,0.000000,0.000000,0.00100000
6,574,0.410276,0.000129,99.6869,0.000000,0.000000,0.000000,0.009236,0.000000,0.000000,0.000000,0.00100000
6,575,0.415825,0.000132,94.0105,0.000000,0.000000,0.000000,0.003678,0.000000,0.000000,0.000000,0.00100000
6,576,0.328368,0.000104,86.9167,0.000000,0.000000,0.000000,0.005101,0.000000,0.000000,0.000000,0.00100000
6,577,0.420018,0.000133,106.6883,0.000000,0.000000,0.000000,0.003678,0.000000,0.000000,0.000000,0.00100000
6,578,0.301705,0.000096,81.2212,0.000000,0.000000,0.000000,0.003356,0.000000,0.000000,0.000000,0.00100000
6,579,0.681218,0.000214,103.6933,0.000000,0.000000,0.000000,0.019174,0.000000,0.000000,0.000000,0.00100000
6,580,0.437939,0.000136,93.8680,0.000000,0.000000,0.000000,0.023721,0.000000,0.000000,0.000000,0.00100000
6,581,0.541393,0.000171,110.4467,0.000000,0.000000,0.000000,0.009693,0.000000,0.000000,0.000000,0.00100000
6,582,0.328191,0.000104,82.5437,0.000000,0.000000,0.000000,0.002390,0.000000,0.000000,0.000000,0.00100000
6,583,0.344022,0.000109,75.4702,0.000000,0.000000,0.000000,0.006149,0.000000,0.000000,0.000000,0.00100000
6,584,0.382077,0.000121,106.0047,0.000000,0.000000,0.000000,0.004779,0.000000,0.000000,0.000000,0.00100000
6,585,0.318017,0.000101,87.0540,0.000000,0.000000,0.000000,0.003356,0.000000,0.000000,0.000000,0.00100000
6,586,0.399334,0.000127,100.1389,0.000000,0.000000,0.000000,0.004966,0.000000,0.000000,0.000000,0.00100000
6,587,0.428556,0.000136,99.6220,0.000000,0.000000,0.000000,0.006524,0.000000,0.000000,0.000000,0.00100000
6,588,0.337497,0.000107,70.7409,0.000000,0.000000,0.000000,0.005558,0.000000,0.000000,0.000000,0.00100000
6,589,0.375748,0.000119,93.7337,0.000000,0.000000,0.000000,0.005423,0.000000,0.000000,0.000000,0.00100000
6,590,0.331731,0.000105,96.3503,0.000000,0.000000,0.000000,0.004779,0.000000,0.000000,0.000000,0.00100000
6,591,0.454257,0.000144,97.3628,0.000000,0.000000,0.000000,0.003034,0.000000,0.000000,0.000000,0.00100000
6,592,0.427305,0.000136,102.0158,0.000000,0.000000,0.000000,0.003678,0.000000,0.000000,0.000000,0.00100000
6,593,0.320564,0.000102,86.0589,0.000000,0.000000,0.000000,0.004457,0.000000,0.000000,0.000000,0.00100000
6,594,0.452275,0.000142,88.7669,0.000000,0.000000,0.000000,0.015168,0.000000,0.000000,0.000000,0.00100000
6,595,0.551881,0.000174,94.3684,0.000000,0.000000,0.000000,0.012243,0.000000,0.000000,0.000000,0.00100000
6,596,0.475141,0.000150,94.4290,0.000000,0.000000,0.000000,0.012405,0.000000,0.000000,0.000000,0.00100000
6,597,0.461237,0.000146,92.9514,0.000000,0.000000,0.000000,0.008135,0.000000,0.000000,0.000000,0.00100000
6,598,0.457815,0.000145,90.7443,0.000000,0.000000,0.000000,0.006207,0.000000,0.000000,0.000000,0.00100000
6,599,0.453528,0.000143,89.3760,0.000000,0.000000,0.000000,0.007387,0.000000,0.000000,0.000000,0.00100000
6,600,0.438241,0.000139,94.7159,0.000000,0.000000,0.000000,0.005101,0.000000,0.000000,0.000000,0.00100000
6,601,0.494702,0.000157,99.5648,0.000000,0.000000,0.000000,0.006576,0.000000,0.000000,0.000000,0.00100000
6,602,0.489532,0.000155,92.5999,0.000000,0.000000,0.000000,0.008953,0.000000,0.000000,0.000000,0.00100000
6,603,0.440115,0.000139,92.7662,0.000000,0.000000,0.000000,0.005694,0.000000,0.000000,0.000000,0.00100000
6,604,0.437271,0.000138,92.9621,0.000000,0.000000,0.000000,0.007168,0.000000,0.000000,0.000000,0.00100000
6,605,0.442979,0.000140,89.0888,0.000000,0.000000,0.000000,0.009506,0.000000,0.000000,0.000000,0.00100000
6,606,0.468955,0.000149,93.6371,0.000000,0.000000,0.000000,0.005880,0.000000,0.000000,0.000000,0.00100000
6,607,0.472726,0.000150,90.2275,0.000000,0.000000,0.000000,0.007596,0.000000,0.000000,0.000000,0.00100000
6,608,0.445342,0.000141,94.5804,0.000000,0.000000,0.000000,0.008914,0.000000,0.000000,0.000000,0.00100000
6,609,0.425698,0.000135,95.2682,0.000000,0.000000,0.000000,0.004135,0.000000,0.000000,0.000000,0.00100000
6,610,0.558933,0.000175,96.3668,0.000000,0.000000,0.000000,0.018934,0.000000,0.000000,0.000000,0.00100000
6,611,0.387431,0.000123,88.4807,0.000000,0.000000,0.000000,0.004322,0.000000,0.000000,0.000000,0.00100000
6,612,0.458914,0.000143,86.7093,0.000000,0.000000,0.000000,0.020404,0.000000,0.000000,0.000000,0.00100000
6,613,0.360389,0.000111,79.2809,0.000000,0.000000,0.000000,0.023017,0.000000,0.000000,0.000000,0.00100000
6,614,0.332018,0.000104,83.0595,0.000000,0.000000,0.000000,0.013371,0.000000,0.000000,0.000000,0.00100000
6,615,0.339804,0.000107,83.1848,0.000000,0.000000,0.000000,0.010659,0.000000,0.000000,0.000000,0.00100000
6,616,0.317738,0.000100,76.5665,0.000000,0.000000,0.000000,0.005288,0.000000,0.000000,0.000000,0.00100000
6,617,0.432888,0.000135,93.8179,0.000000,0.000000,0.000000,0.016539,0.000000,0.000000,0.000000,0.00100000
6,618,0.526430,0.000164,96.4256,0.000000,0.000000,0.000000,0.023470,0.000000,0.000000,0.000000,0.00100000
6,619,0.362519,0.000112,89.1820,0.000000,0.000000,0.000000,0.021131,0.000000,0.000000,0.000000,0.00100000
6,620,0.397559,0.000125,91.4998,0.000000,0.000000,0.000000,0.011574,0.000000,0.000000,0.000000,0.00100000
6,621,0.425925,0.000132,79.0268,0.000000,0.000000,0.000000,0.025459,0.000000,0.000000,0.000000,0.00100000
6,622,0.345414,0.000109,87.3981,0.000000,0.000000,0.000000,0.008914,0.000000,0.000000,0.000000,0.00100000
6,623,0.518323,0.000162,101.7729,0.000000,0.000000,0.000000,0.017673,0.000000,0.000000,0.000000,0.00100000
6,624,0.506015,0.000158,95.3013,0.000000,0.000000,0.000000,0.018212,0.000000,0.000000,0.000000,0.00100000
6,625,0.472751,0.000149,99.7620,0.000000,0.000000,0.000000,0.012965,0.000000,0.000000,0.000000,0.00100000
6,626,0.597580,0.000184,103.8026,0.000000,0.000000,0.000000,0.040618,0.000000,0.000000,0.000000,0.00100000
6,627,0.527107,0.000164,102.0074,0.000000,0.000000,0.000000,0.027346,0.000000,0.000000,0.000000,0.00100000
6,628,0.468824,0.000145,82.8864,0.000000,0.000000,0.000000,0.028995,0.000000,0.000000,0.000000,0.00100000
6,629,0.422373,0.000131,87.1751,0.000000,0.000000,0.000000,0.023502,0.000000,0.000000,0.000000,0.00100000
6,630,0.451317,0.000142,97.1137,0.000000,0.000000,0.000000,0.012269,0.000000,0.000000,0.000000,0.00100000
6,631,0.505102,0.000157,90.1293,0.000000,0.000000,0.000000,0.028550,0.000000,0.000000,0.000000,0.00100000
6,632,0.457482,0.000141,94.4456,0.000000,0.000000,0.000000,0.031500,0.000000,0.000000,0.000000,0.00100000
6,633,0.338376,0.000105,69.5863,0.000000,0.000000,0.000000,0.016842,0.000000,0.000000,0.000000,0.00100000
6,634,0.379667,0.000119,96.7923,0.000000,0.000000,0.000000,0.013132,0.000000,0.000000,0.000000,0.00100000
6,635,0.505301,0.000157,91.5783,0.000000,0.000000,0.000000,0.026405,0.000000,0.000000,0.000000,0.00100000
6,636,0.532535,0.000168,101.6251,0.000000,0.000000,0.000000,0.011677,0.000000,0.000000,0.000000,0.00100000
6,637,0.458706,0.000141,88.4526,0.000000,0.000000,0.000000,0.030488,0.000000,0.000000,0.000000,0.00100000
6,638,0.425050,0.000134,97.8904,0.000000,0.000000,0.000000,0.010711,0.000000,0.000000,0.000000,0.00100000
6,639,0.413369,0.000130,102.4790,0.000000,0.000000,0.000000,0.013931,0.000000,0.000000,0.000000,0.00100000
6,640,0.421549,0.000134,92.6865,0.000000,0.000000,0.000000,0.004083,0.000000,0.000000,0.000000,0.00100000
6,641,0.540719,0.000171,95.4166,0.000000,0.000000,0.000000,0.011947,0.000000,0.000000,0.000000,0.00100000
6,642,0.627027,0.000197,102.6956,0.000000,0.000000,0.000000,0.019896,0.000000,0.000000,0.000000,0.00100000
6,643,0.385462,0.000122,93.4620,0.000000,0.000000,0.000000,0.008457,0.000000,0.000000,0.000000,0.00100000
6,644,0.375612,0.000119,99.0828,0.000000,0.000000,0.000000,0.005610,0.000000,0.000000,0.000000,0.00100000
6,645,0.270271,0.000085,73.5413,0.000000,0.000000,0.000000,0.005932,0.000000,0.000000,0.000000,0.00100000
6,646,0.364857,0.000115,76.8715,0.000000,0.000000,0.000000,0.011085,0.000000,0.000000,0.000000,0.00100000
6,647,0.396232,0.000126,90.2971,0.000000,0.000000,0.000000,0.005101,0.000000,0.000000,0.000000,0.00100000
6,648,0.447985,0.000142,95.0723,0.000000,0.000000,0.000000,0.006576,0.000000,0.000000,0.000000,0.00100000
6,649,0.366328,0.000115,88.4622,0.000000,0.000000,0.000000,0.010711,0.000000,0.000000,0.000000,0.00100000
6,650,0.330312,0.000105,85.1479,0.000000,0.000000,0.000000,0.003356,0.000000,0.000000,0.000000,0.00100000
6,651,0.287930,0.000092,83.3970,0.000000,0.000000,0.000000,0.001746,0.000000,0.000000,0.000000,0.00100000
6,652,0.337024,0.000107,96.7551,0.000000,0.000000,0.000000,0.004322,0.000000,0.000000,0.000000,0.00100000
6,653,0.355631,0.000113,94.8234,0.000000,0.000000,0.000000,0.004270,0.000000,0.000000,0.000000,0.00100000
6,654,0.383255,0.000121,72.7148,0.000000,0.000000,0.000000,0.006524,0.000000,0.000000,0.000000,0.00100000
6,655,0.376906,0.000119,86.7756,0.000000,0.000000,0.000000,0.006389,0.000000,0.000000,0.000000,0.00100000
6,656,0.385381,0.000122,85.2352,0.000000,0.000000,0.000000,0.004966,0.000000,0.000000,0.000000,0.00100000
6,657,0.399971,0.000126,90.2193,0.000000,0.000000,0.000000,0.008914,0.000000,0.000000,0.000000,0.00100000
6,658,0.792627,0.000247,99.9899,0.000000,0.000000,0.000000,0.035914,0.000000,0.000000,0.000000,0.00100000
6,659,0.603865,0.000183,88.7273,0.000000,0.000000,0.000000,0.061374,0.000000,0.000000,0.000000,0.00100000
6,660,0.979249,0.000301,99.9772,0.000000,0.000000,0.000000,0.070878,0.000000,0.000000,0.000000,0.00100000
6,661,0.835299,0.000258,87.3077,0.000000,0.000000,0.000000,0.053115,0.000000,0.000000,0.000000,0.00100000
6,662,0.906436,0.000280,103.1386,0.000000,0.000000,0.000000,0.054675,0.000000,0.000000,0.000000,0.00100000
6,663,1.037949,0.000315,101.2977,0.000000,0.000000,0.000000,0.101212,0.000000,0.000000,0.000000,0.00100000
6,664,0.923597,0.000284,101.2239,0.000000,0.000000,0.000000,0.067647,0.000000,0.000000,0.000000,0.00100000
6,665,0.620051,0.000190,89.7199,0.000000,0.000000,0.000000,0.048922,0.000000,0.000000,0.000000,0.00100000
6,666,0.606163,0.000188,92.4016,0.000000,0.000000,0.000000,0.030669,0.000000,0.000000,0.000000,0.00100000
6,667,0.888049,0.000277,105.9861,0.000000,0.000000,0.000000,0.038613,0.000000,0.000000,0.000000,0.00100000
6,668,0.694057,0.000219,90.6435,0.000000,0.000000,0.000000,0.015760,0.000000,0.000000,0.000000,0.00100000
6,669,0.646265,0.000202,96.5869,0.000000,0.000000,0.000000,0.026265,0.000000,0.000000,0.000000,0.00100000
6,670,0.738671,0.000230,100.2330,0.000000,0.000000,0.000000,0.031647,0.000000,0.000000,0.000000,0.00100000
6,671,0.543713,0.000171,91.5024,0.000000,0.000000,0.000000,0.016675,0.000000,0.000000,0.000000,0.00100000
6,672,0.616888,0.000193,75.2285,0.000000,0.000000,0.000000,0.024525,0.000000,0.000000,0.000000,0.00100000
6,673,0.417333,0.000129,102.3075,0.000000,0.000000,0.000000,0.026554,0.000000,0.000000,0.000000,0.00100000
6,674,0.347678,0.000109,88.6332,0.000000,0.000000,0.000000,0.011677,0.000000,0.000000,0.000000,0.00100000
6,675,0.436158,0.000137,96.8232,0.000000,0.000000,0.000000,0.009931,0.000000,0.000000,0.000000,0.00100000
6,676,0.351060,0.000111,84.2508,0.000000,0.000000,0.000000,0.004644,0.000000,0.000000,0.000000,0.00100000
6,677,0.385610,0.000122,93.4964,0.000000,0.000000,0.000000,0.007355,0.000000,0.000000,0.000000,0.00100000
6,678,0.307475,0.000097,75.4799,0.000000,0.000000,0.000000,0.004644,0.000000,0.000000,0.000000,0.00100000
6,679,0.379640,0.000120,90.8302,0.000000,0.000000,0.000000,0.004000,0.000000,0.000000,0.000000,0.00100000
6,680,0.398315,0.000126,97.5493,0.000000,0.000000,0.000000,0.005880,0.000000,0.000000,0.000000,0.00100000
6,681,0.332680,0.000105,87.3142,0.000000,0.000000,0.000000,0.004914,0.000000,0.000000,0.000000,0.00100000
6,682,0.397914,0.000126,96.6691,0.000000,0.000000,0.000000,0.004000,0.000000,0.000000,0.000000,0.00100000
6,683,0.337949,0.000107,81.6949,0.000000,0.000000,0.000000,0.004000,0.000000,0.000000,0.000000,0.00100000
6,684,0.364140,0.000115,85.7379,0.000000,0.000000,0.000000,0.005745,0.000000,0.000000,0.000000,0.00100000
6,685,0.395149,0.000125,100.5153,0.000000,0.000000,0.000000,0.004000,0.000000,0.000000,0.000000,0.00100000
6,686,0.363644,0.000116,101.0974,0.000000,0.000000,0.000000,0.001746,0.000000,0.000000,0.000000,0.00100000
6,687,0.325384,0.000103,97.5384,0.000000,0.000000,0.000000,0.003034,0.000000,0.000000,0.000000,0.00100000
6,688,0.480759,0.000151,95.2836,0.000000,0.000000,0.000000,0.012997,0.000000,0.000000,0.000000,0.00100000
6,689,0.441507,0.000140,85.8745,0.000000,0.000000,0.000000,0.004000,0.000000,0.000000,0.000000,0.00100000
6,690,0.344775,0.000109,98.7586,0.000000,0.000000,0.000000,0.005101,0.000000,0.000000,0.000000,0.00100000
6,691,0.356459,0.000113,90.7303,0.000000,0.000000,0.000000,0.007117,0.000000,0.000000,0.000000,0.00100000
6,692,0.518308,0.000164,100.8362,0.000000,0.000000,0.000000,0.007490,0.000000,0.000000,0.000000,0.00100000
6,693,0.343532,0.000108,81.5635,0.000000,0.000000,0.000000,0.008083,0.000000,0.000000,0.000000,0.00100000
6,694,0.441897,0.000140,104.6635,0.000000,0.000000,0.000000,0.003678,0.000000,0.000000,0.000000,0.00100000
6,695,0.357339,0.000113,90.5652,0.000000,0.000000,0.000000,0.003678,0.000000,0.000000,0.000000,0.00100000
6,696,0.578070,0.000183,103.4670,0.000000,0.000000,0.000000,0.006524,0.000000,0.000000,0.000000,0.00100000
6,697,0.329888,0.000104,100.0684,0.000000,0.000000,0.000000,0.009455,0.000000,0.000000,0.000000,0.00100000
6,698,0.337725,0.000107,99.6763,0.000000,0.000000,0.000000,0.002390,0.000000,0.000000,0.000000,0.00100000
6,699,0.382339,0.000121,98.1212,0.000000,0.000000,0.000000,0.007896,0.000000,0.000000,0.000000,0.00100000
6,700,0.278660,0.000088,83.7559,0.000000,0.000000,0.000000,0.006711,0.000000,0.000000,0.000000,0.00100000
6,701,0.407389,0.000129,102.6713,0.000000,0.000000,0.000000,0.004135,0.000000,0.000000,0.000000,0.00100000
6,702,0.277738,0.000086,77.1507,0.000000,0.000000,0.000000,0.013588,0.000000,0.000000,0.000000,0.00100000
6,703,0.336124,0.000107,95.9060,0.000000,0.000000,0.000000,0.003678,0.000000,0.000000,0.000000,0.00100000
6,704,0.452538,0.000143,93.8060,0.000000,0.000000,0.000000,0.005880,0.000000,0.000000,0.000000,0.00100000
6,705,0.332622,0.000104,96.4249,0.000000,0.000000,0.000000,0.010337,0.000000,0.000000,0.000000,0.00100000
6,706,0.285047,0.000090,94.8594,0.000000,0.000000,0.000000,0.004000,0.000000,0.000000,0.000000,0.00100000
6,707,0.408462,0.000129,101.6160,0.000000,0.000000,0.000000,0.005236,0.000000,0.000000,0.000000,0.00100000
6,708,0.333978,0.000106,99.7256,0.000000,0.000000,0.000000,0.003034,0.000000,0.000000,0.000000,0.00100000
6,709,0.306805,0.000097,100.0563,0.000000,0.000000,0.000000,0.004000,0.000000,0.000000,0.000000,0.00100000
6,710,0.320920,0.000102,97.4291,0.000000,0.000000,0.000000,0.003034,0.000000,0.000000,0.000000,0.00100000
6,711,0.325742,0.000103,97.9854,0.000000,0.000000,0.000000,0.004779,0.000000,0.000000,0.000000,0.00100000
6,712,0.349013,0.000110,97.5889,0.000000,0.000000,0.000000,0.005423,0.000000,0.000000,0.000000,0.00100000
6,713,0.306487,0.000097,100.2856,0.000000,0.000000,0.000000,0.002390,0.000000,0.000000,0.000000,0.00100000
6,714,0.318365,0.000101,93.7014,0.000000,0.000000,0.000000,0.002068,0.000000,0.000000,0.000000,0.00100000
6,715,0.329247,0.000105,91.8643,0.000000,0.000000,0.000000,0.003034,0.000000,0.000000,0.000000,0.00100000
6,716,0.402821,0.000128,97.8453,0.000000,0.000000,0.000000,0.004135,0.000000,0.000000,0.000000,0.00100000
6,717,0.302671,0.000096,99.4329,0.000000,0.000000,0.000000,0.001746,0.000000,0.000000,0.000000,0.00100000
6,718,0.281082,0.000089,84.6835,0.000000,0.000000,0.000000,0.003169,0.000000,0.000000,0.000000,0.00100000
6,719,0.317593,0.000101,100.0683,0.000000,0.000000,0.000000,0.004000,0.000000,0.000000,0.000000,0.00100000
7,1,0.519464,0.000163,88.7455,0.000000,0.000000,0.000000,0.014253,0.000000,0.000000,0.000000,0.00100000
7,2,0.441990,0.000139,91.4081,0.000000,0.000000,0.000000,0.010493,0.000000,0.000000,0.000000,0.00100000
7,3,0.445166,0.000140,91.3921,0.000000,0.000000,0.000000,0.009984,0.000000,0.000000,0.000000,0.00100000
7,4,0.453314,0.000143,91.8898,0.000000,0.000000,0.000000,0.006660,0.000000,0.000000,0.000000,0.00100000
7,5,0.446777,0.000142,92.2687,0.000000,0.000000,0.000000,0.005354,0.000000,0.000000,0.000000,0.00100000
7,6,0.446637,0.000142,94.0819,0.000000,0.000000,0.000000,0.005558,0.000000,0.000000,0.000000,0.00100000
7,7,0.411851,0.000131,92.4249,0.000000,0.000000,0.000000,0.002390,0.000000,0.000000,0.000000,0.00100000
7,8,0.458705,0.000145,86.6726,0.000000,0.000000,0.000000,0.005370,0.000000,0.000000,0.000000,0.00100000
7,9,0.430120,0.000136,92.5489,0.000000,0.000000,0.000000,0.004779,0.000000,0.000000,0.000000,0.00100000
7,10,0.459367,0.000145,88.9711,0.000000,0.000000,0.000000,0.006529,0.000000,0.000000,0.000000,0.00100000
7,11,0.432133,0.000137,92.5388,0.000000,0.000000,0.000000,0.005745,0.000000,0.000000,0.000000,0.00100000
7,12,0.393406,0.000125,91.4110,0.000000,0.000000,0.000000,0.005288,0.000000,0.000000,0.000000,0.00100000
7,13,0.413300,0.000131,90.9770,0.000000,0.000000,0.000000,0.004322,0.000000,0.000000,0.000000,0.00100000
7,14,0.404100,0.000128,91.9136,0.000000,0.000000,0.000000,0.004644,0.000000,0.000000,0.000000,0.00100000
7,15,0.412248,0.000131,92.9761,0.000000,0.000000,0.000000,0.004322,0.000000,0.000000,0.000000,0.00100000
7,16,0.474633,0.000150,91.9042,0.000000,0.000000,0.000000,0.010015,0.000000,0.000000,0.000000,0.00100000
7,17,0.498614,0.000158,96.7580,0.000000,0.000000,0.000000,0.007677,0.000000,0.000000,0.000000,0.00100000
7,18,0.476859,0.000151,91.8157,0.000000,0.000000,0.000000,0.006532,0.000000,0.000000,0.000000,0.00100000
7,19,0.463430,0.000147,92.4269,0.000000,0.000000,0.000000,0.002629,0.000000,0.000000,0.000000,0.00100000
7,20,0.416028,0.000132,92.8263,0.000000,0.000000,0.000000,0.004779,0.000000,0.000000,0.000000,0.00100000
7,21,0.470473,0.000149,90.0540,0.000000,0.000000,0.000000,0.004000,0.000000,0.000000,0.000000,0.00100000
7,22,0.476419,0.000151,93.1516,0.000000,0.000000,0.000000,0.004779,0.000000,0.000000,0.000000,0.00100000
7,23,0.434637,0.000138,92.1662,0.000000,0.000000,0.000000,0.005745,0.000000,0.000000,0.000000,0.00100000
7,24,0.497432,0.000157,91.4546,0.000000,0.000000,0.000000,0.008271,0.000000,0.000000,0.000000,0.00100000
7,25,0.457601,0.000145,88.6969,0.000000,0.000000,0.000000,0.005610,0.000000,0.000000,0.000000,0.00100000
7,26,0.490242,0.000155,93.6387,0.000000,0.000000,0.000000,0.008862,0.000000,0.000000,0.000000,0.00100000
7,27,0.451026,0.000142,96.1884,0.000000,0.000000,0.000000,0.010846,0.000000,0.000000,0.000000,0.00100000
7,28,0.456044,0.000145,93.5539,0.000000,0.000000,0.000000,0.004644,0.000000,0.000000,0.000000,0.00100000
7,29,0.439190,0.000139,92.8202,0.000000,0.000000,0.000000,0.009693,0.000000,0.000000,0.000000,0.00100000
7,30,0.451685,0.000143,95.1407,0.000000,0.000000,0.000000,0.005288,0.000000,0.000000,0.000000,0.00100000
7,31,0.433828,0.000137,92.6968,0.000000,0.000000,0.000000,0.005423,0.000000,0.000000,0.000000,0.00100000
7,32,0.448127,0.000140,90.3937,0.000000,0.000000,0.000000,0.016810,0.000000,0.000000,0.000000,0.00100000
7,33,0.406534,0.000128,96.3086,0.000000,0.000000,0.000000,0.010537,0.000000,0.000000,0.000000,0.00100000
7,34,0.406317,0.000127,92.3359,0.000000,0.000000,0.000000,0.014929,0.000000,0.000000,0.000000,0.00100000
7,35,0.364344,0.000115,89.3058,0.000000,0.000000,0.000000,0.009828,0.000000,0.000000,0.000000,0.00100000
7,36,0.388108,0.000123,88.6759,0.000000,0.000000,0.000000,0.007117,0.000000,0.000000,0.000000,0.00100000
7,37,0.356431,0.000113,92.8977,0.000000,0.000000,0.000000,0.006576,0.000000,0.000000,0.000000,0.00100000
7,38,0.404401,0.000128,92.2867,0.000000,0.000000,0.000000,0.006524,0.000000,0.000000,0.000000,0.00100000
7,39,0.403834,0.000128,90.1696,0.000000,0.000000,0.000000,0.004914,0.000000,0.000000,0.000000,0.00100000
7,40,0.373816,0.000118,88.6921,0.000000,0.000000,0.000000,0.005184,0.000000,0.000000,0.000000,0.00100000
7,41,0.391559,0.000124,90.3154,0.000000,0.000000,0.000000,0.004000,0.000000,0.000000,0.000000,0.00100000
7,42,0.380185,0.000120,89.1812,0.000000,0.000000,0.000000,0.005293,0.000000,0.000000,0.000000,0.00100000
7,43,0.412724,0.000131,88.0451,0.000000,0.000000,0.000000,0.004966,0.000000,0.000000,0.000000,0.00100000
7,44,0.350028,0.000111,89.4545,0.000000,0.000000,0.000000,0.003356,0.000000,0.000000,0.000000,0.00100000
7,45,0.355812,0.000113,87.1512,0.000000,0.000000,0.000000,0.005288,0.000000,0.000000,0.000000,0.00100000
7,46,0.424997,0.000135,88.8439,0.000000,0.000000,0.000000,0.005880,0.000000,0.000000,0.000000,0.00100000
7,47,0.382036,0.000119,89.9270,0.000000,0.000000,0.000000,0.015096,0.000000,0.000000,0.000000,0.00100000
7,48,0.460297,0.000140,88.9902,0.000000,0.000000,0.000000,0.040806,0.000000,0.000000,0.000000,0.00100000
7,49,0.395533,0.000114,90.7079,0.000000,0.000000,0.000000,0.074771,0.000000,0.000000,0.000000,0.00100000
7,50,0.374090,0.000116,85.2874,0.000000,0.000000,0.000000,0.019573,0.000000,0.000000,0.000000,0.00100000
7,51,0.456241,0.000134,91.6796,0.000000,0.000000,0.000000,0.074847,0.000000,0.000000,0.000000,0.00100000
7,52,0.335519,0.000105,88.9377,0.000000,0.000000,0.000000,0.009901,0.000000,0.000000,0.000000,0.00100000
7,53,0.401275,0.000122,86.8643,0.000000,0.000000,0.000000,0.039615,0.000000,0.000000,0.000000,0.00100000
7,54,0.358794,0.000113,90.0755,0.000000,0.000000,0.000000,0.008186,0.000000,0.000000,0.000000,0.00100000
7,55,0.416784,0.000131,86.4222,0.000000,0.000000,0.000000,0.012508,0.000000,0.000000,0.000000,0.00100000
7,56,0.427754,0.000135,89.0044,0.000000,0.000000,0.000000,0.009931,0.000000,0.000000,0.000000,0.00100000
7,57,0.439472,0.000138,97.3372,0.000000,0.000000,0.000000,0.010581,0.000000,0.000000,0.000000,0.00100000
7,58,0.414668,0.000131,90.4225,0.000000,0.000000,0.000000,0.008831,0.000000,0.000000,0.000000,0.00100000
7,59,0.414964,0.000131,92.7288,0.000000,0.000000,0.000000,0.005745,0.000000,0.000000,0.000000,0.00100000
7,60,0.366211,0.000116,95.7708,0.000000,0.000000,0.000000,0.004592,0.000000,0.000000,0.000000,0.00100000
7,61,0.654805,0.000206,95.1479,0.000000,0.000000,0.000000,0.018913,0.000000,0.000000,0.000000,0.00100000
7,62,0.421401,0.000132,101.4730,0.000000,0.000000,0.000000,0.011880,0.000000,0.000000,0.000000,0.00100000
7,63,0.482468,0.000149,92.5282,0.000000,0.000000,0.000000,0.030038,0.000000,0.000000,0.000000,0.00100000
7,64,0.422445,0.000133,93.3437,0.000000,0.000000,0.000000,0.009693,0.000000,0.000000,0.000000,0.00100000
7,65,0.429080,0.000136,94.9241,0.000000,0.000000,0.000000,0.005880,0.000000,0.000000,0.000000,0.00100000
7,66,0.416475,0.000132,90.3873,0.000000,0.000000,0.000000,0.007490,0.000000,0.000000,0.000000,0.00100000
7,67,0.462014,0.000146,95.0081,0.000000,0.000000,0.000000,0.006982,0.000000,0.000000,0.000000,0.00100000
7,68,0.427521,0.000136,88.9456,0.000000,0.000000,0.000000,0.003678,0.000000,0.000000,0.000000,0.00100000
7,69,0.398284,0.000126,90.0271,0.000000,0.000000,0.000000,0.004475,0.000000,0.000000,0.000000,0.00100000
7,70,0.371653,0.000118,91.2664,0.000000,0.000000,0.000000,0.004000,0.000000,0.000000,0.000000,0.00100000
7,71,0.412450,0.000130,94.3143,0.000000,0.000000,0.000000,0.006407,0.000000,0.000000,0.000000,0.00100000
7,72,0.433877,0.000138,93.7085,0.000000,0.000000,0.000000,0.003356,0.000000,0.000000,0.000000,0.00100000
7,73,0.430979,0.000137,90.4787,0.000000,0.000000,0.000000,0.003356,0.000000,0.000000,0.000000,0.00100000
7,74,0.425197,0.000135,92.0645,0.000000,0.000000,0.000000,0.004000,0.000000,0.000000,0.000000,0.00100000
7,75,0.401786,0.000128,93.1750,0.000000,0.000000,0.000000,0.002390,0.000000,0.000000,0.000000,0.00100000
7,76,0.436730,0.000138,89.5715,0.000000,0.000000,0.000000,0.004914,0.000000,0.000000,0.000000,0.00100000
7,77,0.368445,0.000117,93.8615,0.000000,0.000000,0.000000,0.004000,0.000000,0.000000,0.000000,0.00100000
7,78,0.414613,0.000132,91.7508,0.000000,0.000000,0.000000,0.002712,0.000000,0.000000,0.000000,0.00100000
7,79,0.461484,0.000145,94.5132,0.000000,0.000000,0.000000,0.015303,0.000000,0.000000,0.000000,0.00100000
7,80,0.458347,0.000145,98.0627,0.000000,0.000000,0.000000,0.004270,0.000000,0.000000,0.000000,0.00100000
7,81,0.356961,0.000112,92.2962,0.000000,0.000000,0.000000,0.013693,0.000000,0.000000,0.000000,0.00100000
7,82,0.351164,0.000111,92.8345,0.000000,0.000000,0.000000,0.005745,0.000000,0.000000,0.000000,0.00100000
7,83,0.397722,0.000124,84.8818,0.000000,0.000000,0.000000,0.016810,0.000000,0.000000,0.000000,0.00100000
7,84,0.410836,0.000130,101.6110,0.000000,0.000000,0.000000,0.007220,0.000000,0.000000,0.000000,0.00100000
7,85,0.362769,0.000115,99.6398,0.000000,0.000000,0.000000,0.006389,0.000000,0.000000,0.000000,0.00100000
7,86,0.433446,0.000137,97.8000,0.000000,0.000000,0.000000,0.006067,0.000000,0.000000,0.000000,0.00100000
7,87,0.521360,0.000165,101.8259,0.000000,0.000000,0.000000,0.005236,0.000000,0.000000,0.000000,0.00100000
7,88,0.424619,0.000135,105.6370,0.000000,0.000000,0.000000,0.005423,0.000000,0.000000,0.000000,0.00100000
7,89,0.576115,0.000183,106.2637,0.000000,0.000000,0.000000,0.005828,0.000000,0.000000,0.000000,0.00100000
7,90,0.363601,0.000114,83.5540,0.000000,0.000000,0.000000,0.010660,0.000000,0.000000,0.000000,0.00100000
7,91,0.279693,0.000088,79.7820,0.000000,0.000000,0.000000,0.004966,0.000000,0.000000,0.000000,0.00100000
7,92,0.253825,0.000080,70.8887,0.000000,0.000000,0.000000,0.004966,0.000000,0.000000,0.000000,0.00100000
7,93,0.359548,0.000113,87.7924,0.000000,0.000000,0.000000,0.010151,0.000000,0.000000,0.000000,0.00100000
7,94,0.450867,0.000141,96.5045,0.000000,0.000000,0.000000,0.019760,0.000000,0.000000,0.000000,0.00100000
7,95,0.407611,0.000130,91.2126,0.000000,0.000000,0.000000,0.002203,0.000000,0.000000,0.000000,0.00100000
7,96,0.473034,0.000149,91.4122,0.000000,0.000000,0.000000,0.008901,0.000000,0.000000,0.000000,0.00100000
7,97,0.462379,0.000146,89.5611,0.000000,0.000000,0.000000,0.005932,0.000000,0.000000,0.000000,0.00100000
7,98,0.441186,0.000140,89.7450,0.000000,0.000000,0.000000,0.004779,0.000000,0.000000,0.000000,0.00100000
7,99,0.416355,0.000132,95.0842,0.000000,0.000000,0.000000,0.004322,0.000000,0.000000,0.000000,0.00100000
7,100,0.395420,0.000126,90.2196,0.000000,0.000000,0.000000,0.003034,0.000000,0.000000,0.000000,0.00100000
7,101,0.418863,0.000133,91.7568,0.000000,0.000000,0.000000,0.003678,0.000000,0.000000,0.000000,0.00100000
7,102,0.480012,0.000152,92.5414,0.000000,0.000000,0.000000,0.005288,0.000000,0.000000,0.000000,0.00100000
7,103,0.441298,0.000140,88.9723,0.000000,0.000000,0.000000,0.004000,0.000000,0.000000,0.000000,0.00100000
7,104,0.429424,0.000136,91.1877,0.000000,0.000000,0.000000,0.004135,0.000000,0.000000,0.000000,0.00100000
7,105,0.434705,0.000138,90.8211,0.000000,0.000000,0.000000,0.004644,0.000000,0.000000,0.000000,0.00100000
7,106,0.419965,0.000133,93.0896,0.000000,0.000000,0.000000,0.004457,0.000000,0.000000,0.000000,0.00100000
7,107,0.419482,0.000133,85.6530,0.000000,0.000000,0.000000,0.004489,0.000000,0.000000,0.000000,0.00100000
7,108,0.394548,0.000124,89.9668,0.000000,0.000000,0.000000,0.008270,0.000000,0.000000,0.000000,0.00100000
7,109,0.436559,0.000138,92.8630,0.000000,0.000000,0.000000,0.004966,0.000000,0.000000,0.000000,0.00100000
7,110,0.414935,0.000128,84.2199,0.000000,0.000000,0.000000,0.025456,0.000000,0.000000,0.000000,0.00100000
7,111,0.430099,0.000131,89.4842,0.000000,0.000000,0.000000,0.037399,0.000000,0.000000,0.000000,0.00100000
7,112,0.352482,0.000108,82.3214,0.000000,0.000000,0.000000,0.030197,0.000000,0.000000,0.000000,0.00100000
7,113,0.324570,0.000102,84.2915,0.000000,0.000000,0.000000,0.009236,0.000000,0.000000,0.000000,0.00100000
7,114,0.488142,0.000154,91.4825,0.000000,0.000000,0.000000,0.012082,0.000000,0.000000,0.000000,0.00100000
7,115,0.522007,0.000162,96.8018,0.000000,0.000000,0.000000,0.027043,0.000000,0.000000,0.000000,0.00100000
7,116,0.559559,0.000177,104.5931,0.000000,0.000000,0.000000,0.011387,0.000000,0.000000,0.000000,0.00100000
7,117,0.325401,0.000099,77.1025,0.000000,0.000000,0.000000,0.028570,0.000000,0.000000,0.000000,0.00100000
7,118,0.425654,0.000133,83.1316,0.000000,0.000000,0.000000,0.019148,0.000000,0.000000,0.000000,0.00100000
7,119,0.312068,0.000094,77.0468,0.000000,0.000000,0.000000,0.032427,0.000000,0.000000,0.000000,0.00100000
7,120,0.411544,0.000130,100.4085,0.000000,0.000000,0.000000,0.009423,0.000000,0.000000,0.000000,0.00100000
7,121,0.424311,0.000130,99.8776,0.000000,0.000000,0.000000,0.030702,0.000000,0.000000,0.000000,0.00100000
7,122,0.422266,0.000133,106.7717,0.000000,0.000000,0.000000,0.009237,0.000000,0.000000,0.000000,0.00100000
7,123,0.495549,0.000156,104.5331,0.000000,0.000000,0.000000,0.014015,0.000000,0.000000,0.000000,0.00100000
7,124,0.519110,0.000164,104.3327,0.000000,0.000000,0.000000,0.008457,0.000000,0.000000,0.000000,0.00100000
7,125,0.389371,0.000123,89.7022,0.000000,0.000000,0.000000,0.008643,0.000000,0.000000,0.000000,0.00100000
7,126,0.497292,0.000154,100.4656,0.000000,0.000000,0.000000,0.028789,0.000000,0.000000,0.000000,0.00100000
7,127,0.447559,0.000141,100.6255,0.000000,0.000000,0.000000,0.011812,0.000000,0.000000,0.000000,0.00100000
7,128,0.350476,0.000111,92.7659,0.000000,0.000000,0.000000,0.006524,0.000000,0.000000,0.000000,0.00100000
7,129,0.567795,0.000179,102.5954,0.000000,0.000000,0.000000,0.014388,0.000000,0.000000,0.000000,0.00100000
7,130,0.297986,0.000094,80.8369,0.000000,0.000000,0.000000,0.003356,0.000000,0.000000,0.000000,0.00100000
7,131,0.305705,0.000097,87.1230,0.000000,0.000000,0.000000,0.004322,0.000000,0.000000,0.000000,0.00100000
7,132,0.337637,0.000107,94.4468,0.000000,0.000000,0.000000,0.003356,0.000000,0.000000,0.000000,0.00100000
7,133,0.426480,0.000135,101.7683,0.000000,0.000000,0.000000,0.005763,0.000000,0.000000,0.000000,0.00100000
7,134,0.264595,0.000084,83.2604,0.000000,0.000000,0.000000,0.003034,0.000000,0.000000,0.000000,0.00100000
7,135,0.395218,0.000124,86.7194,0.000000,0.000000,0.000000,0.010472,0.000000,0.000000,0.000000,0.00100000
7,136,0.363502,0.000115,98.7196,0.000000,0.000000,0.000000,0.003034,0.000000,0.000000,0.000000,0.00100000
7,137,0.352377,0.000112,77.5628,0.000000,0.000000,0.000000,0.002712,0.000000,0.000000,0.000000,0.00100000
7,138,0.452440,0.000142,98.6870,0.000000,0.000000,0.000000,0.014452,0.000000,0.000000,0.000000,0.00100000
7,139,0.483907,0.000152,100.4827,0.000000,0.000000,0.000000,0.011849,0.000000,0.000000,0.000000,0.00100000
7,140,0.383009,0.000122,101.7673,0.000000,0.000000,0.000000,0.003813,0.000000,0.000000,0.000000,0.00100000
7,141,0.609548,0.000192,106.5427,0.000000,0.000000,0.000000,0.013216,0.000000,0.000000,0.000000,0.00100000
7,142,0.773046,0.000245,104.8103,0.000000,0.000000,0.000000,0.008727,0.000000,0.000000,0.000000,0.00100000
7,143,0.478440,0.000151,86.1855,0.000000,0.000000,0.000000,0.007355,0.000000,0.000000,0.000000,0.00100000
7,144,0.495261,0.000157,89.2191,0.000000,0.000000,0.000000,0.006711,0.000000,0.000000,0.000000,0.00100000
7,145,0.461230,0.000146,92.5338,0.000000,0.000000,0.000000,0.005610,0.000000,0.000000,0.000000,0.00100000
7,146,0.567653,0.000180,93.4248,0.000000,0.000000,0.000000,0.006846,0.000000,0.000000,0.000000,0.00100000
7,147,0.536169,0.000170,99.5297,0.000000,0.000000,0.000000,0.006016,0.000000,0.000000,0.000000,0.00100000
7,148,0.670551,0.000213,106.7786,0.000000,0.000000,0.000000,0.006846,0.000000,0.000000,0.000000,0.00100000
7,149,0.394762,0.000125,79.8724,0.000000,0.000000,0.000000,0.005610,0.000000,0.000000,0.000000,0.00100000
7,150,0.515463,0.000164,99.7990,0.000000,0.000000,0.000000,0.005101,0.000000,0.000000,0.000000,0.00100000
7,151,0.552114,0.000175,104.9380,0.000000,0.000000,0.000000,0.005745,0.000000,0.000000,0.000000,0.00100000
7,152,0.468252,0.000149,97.6330,0.000000,0.000000,0.000000,0.003678,0.000000,0.000000,0.000000,0.00100000
7,153,0.589114,0.000187,103.3237,0.000000,0.000000,0.000000,0.007626,0.000000,0.000000,0.000000,0.00100000
7,154,0.436351,0.000138,91.4132,0.000000,0.000000,0.000000,0.004322,0.000000,0.000000,0.000000,0.00100000
7,155,0.442095,0.000140,95.5865,0.000000,0.000000,0.000000,0.005932,0.000000,0.000000,0.000000,0.00100000
7,156,0.432329,0.000137,100.0499,0.000000,0.000000,0.000000,0.005558,0.000000,0.000000,0.000000,0.00100000
7,157,0.615704,0.000194,92.2970,0.000000,0.000000,0.000000,0.016591,0.000000,0.000000,0.000000,0.00100000
7,158,0.476469,0.000150,83.2406,0.000000,0.000000,0.000000,0.009931,0.000000,0.000000,0.000000,0.00100000
7,159,0.494053,0.000155,92.9948,0.000000,0.000000,0.000000,0.016883,0.000000,0.000000,0.000000,0.00100000
7,160,0.470112,0.000149,89.7659,0.000000,0.000000,0.000000,0.008135,0.000000,0.000000,0.000000,0.00100000
7,161,0.523601,0.000163,108.1192,0.000000,0.000000,0.000000,0.022400,0.000000,0.000000,0.000000,0.00100000
7,162,0.411808,0.000128,102.7575,0.000000,0.000000,0.000000,0.022292,0.000000,0.000000,0.000000,0.00100000
7,163,0.432508,0.000136,99.8210,0.000000,0.000000,0.000000,0.011844,0.000000,0.000000,0.000000,0.00100000
7,164,0.602752,0.000189,98.8523,0.000000,0.000000,0.000000,0.020759,0.000000,0.000000,0.000000,0.00100000
7,165,0.372080,0.000117,86.9890,0.000000,0.000000,0.000000,0.008287,0.000000,0.000000,0.000000,0.00100000
7,166,0.508449,0.000161,93.0974,0.000000,0.000000,0.000000,0.009828,0.000000,0.000000,0.000000,0.00100000
7,167,0.411254,0.000129,99.4713,0.000000,0.000000,0.000000,0.010556,0.000000,0.000000,0.000000,0.00100000
7,168,0.466977,0.000148,96.5894,0.000000,0.000000,0.000000,0.007321,0.000000,0.000000,0.000000,0.00100000
7,169,0.382961,0.000121,84.5188,0.000000,0.000000,0.000000,0.007168,0.000000,0.000000,0.000000,0.00100000
7,170,0.402270,0.000127,103.5945,0.000000,0.000000,0.000000,0.005288,0.000000,0.000000,0.000000,0.00100000
7,171,0.372661,0.000118,75.5776,0.000000,0.000000,0.000000,0.005101,0.000000,0.000000,0.000000,0.00100000
7,172,0.433305,0.000137,98.8166,0.000000,0.000000,0.000000,0.007895,0.000000,0.000000,0.000000,0.00100000
7,173,0.492448,0.000156,96.8113,0.000000,0.000000,0.000000,0.008592,0.000000,0.000000,0.000000,0.00100000
7,174,0.352248,0.000111,80.1215,0.000000,0.000000,0.000000,0.007220,0.000000,0.000000,0.000000,0.00100000
7,175,0.405111,0.000128,83.6376,0.000000,0.000000,0.000000,0.006982,0.000000,0.000000,0.000000,0.00100000
7,176,0.518978,0.000165,104.2081,0.000000,0.000000,0.000000,0.004000,0.000000,0.000000,0.000000,0.00100000
7,177,0.340866,0.000108,91.0181,0.000000,0.000000,0.000000,0.004457,0.000000,0.000000,0.000000,0.00100000
7,178,0.325332,0.000103,79.2009,0.000000,0.000000,0.000000,0.005423,0.000000,0.000000,0.000000,0.00100000
7,179,0.248278,0.000079,94.7246,0.000000,0.000000,0.000000,0.001746,0.000000,0.000000,0.000000,0.00100000
7,180,0.297726,0.000094,90.3083,0.000000,0.000000,0.000000,0.005610,0.000000,0.000000,0.000000,0.00100000
7,181,0.310503,0.000099,93.4399,0.000000,0.000000,0.000000,0.002068,0.000000,0.000000,0.000000,0.00100000
7,182,0.437050,0.000139,93.2811,0.000000,0.000000,0.000000,0.002712,0.000000,0.000000,0.000000,0.00100000
7,183,0.313118,0.000100,87.6345,0.000000,0.000000,0.000000,0.002068,0.000000,0.000000,0.000000,0.00100000
7,184,0.285887,0.000090,92.4652,0.000000,0.000000,0.000000,0.004322,0.000000,0.000000,0.000000,0.00100000
7,185,0.313804,0.000100,73.7488,0.000000,0.000000,0.000000,0.002390,0.000000,0.000000,0.000000,0.00100000
7,186,0.417408,0.000133,95.6395,0.000000,0.000000,0.000000,0.003678,0.000000,0.000000,0.000000,0.00100000
7,187,0.339530,0.000108,104.1429,0.000000,0.000000,0.000000,0.002712,0.000000,0.000000,0.000000,0.00100000
7,188,0.489252,0.000155,96.0501,0.000000,0.000000,0.000000,0.009423,0.000000,0.000000,0.000000,0.00100000
7,189,0.422561,0.000132,88.9229,0.000000,0.000000,0.000000,0.020229,0.000000,0.000000,0.000000,0.00100000
7,190,0.510768,0.000162,98.1296,0.000000,0.000000,0.000000,0.005932,0.000000,0.000000,0.000000,0.00100000
7,191,0.319865,0.000099,90.8836,0.000000,0.000000,0.000000,0.016769,0.000000,0.000000,0.000000,0.00100000
7,192,0.279493,0.000087,82.0782,0.000000,0.000000,0.000000,0.010576,0.000000,0.000000,0.000000,0.00100000
7,193,0.397115,0.000123,95.3624,0.000000,0.000000,0.000000,0.020095,0.000000,0.000000,0.000000,0.00100000
7,194,0.380057,0.000119,93.1672,0.000000,0.000000,0.000000,0.015625,0.000000,0.000000,0.000000,0.00100000
7,195,0.363183,0.000115,98.8735,0.000000,0.000000,0.000000,0.003169,0.000000,0.000000,0.000000,0.00100000
7,196,0.327671,0.000104,84.9609,0.000000,0.000000,0.000000,0.004322,0.000000,0.000000,0.000000,0.00100000
7,197,0.454849,0.000144,106.9147,0.000000,0.000000,0.000000,0.004322,0.000000,0.000000,0.000000,0.00100000
7,198,0.310018,0.000098,81.9467,0.000000,0.000000,0.000000,0.003356,0.000000,0.000000,0.000000,0.00100000
7,199,0.343566,0.000109,93.0996,0.000000,0.000000,0.000000,0.003678,0.000000,0.000000,0.000000,0.00100000
7,200,0.264336,0.000084,92.0070,0.000000,0.000000,0.000000,0.002068,0.000000,0.000000,0.000000,0.00100000
7,201,0.374683,0.000119,94.2888,0.000000,0.000000,0.000000,0.001424,0.000000,0.000000,0.000000,0.00100000
7,202,0.284071,0.000090,86.3380,0.000000,0.000000,0.000000,0.001746,0.000000,0.000000,0.000000,0.00100000
7,203,0.377676,0.000120,87.2148,0.000000,0.000000,0.000000,0.004270,0.000000,0.000000,0.000000,0.00100000
7,204,0.363033,0.000112,78.3317,0.000000,0.000000,0.000000,0.024595,0.000000,0.000000,0.000000,0.00100000
7,205,0.413244,0.000131,104.5658,0.000000,0.000000,0.000000,0.005610,0.000000,0.000000,0.000000,0.00100000
7,206,0.349650,0.000109,99.8845,0.000000,0.000000,0.000000,0.014130,0.000000,0.000000,0.000000,0.00100000
7,207,0.373814,0.000118,90.2280,0.000000,0.000000,0.000000,0.007864,0.000000,0.000000,0.000000,0.00100000
7,208,0.480629,0.000151,100.1243,0.000000,0.000000,0.000000,0.011677,0.000000,0.000000,0.000000,0.00100000
7,209,0.344088,0.000108,91.0182,0.000000,0.000000,0.000000,0.009101,0.000000,0.000000,0.000000,0.00100000
7,210,0.298259,0.000094,93.8178,0.000000,0.000000,0.000000,0.004135,0.000000,0.000000,0.000000,0.00100000
7,211,0.358689,0.000113,92.8209,0.000000,0.000000,0.000000,0.006982,0.000000,0.000000,0.000000,0.00100000
7,212,0.291783,0.000092,81.5282,0.000000,0.000000,0.000000,0.003948,0.000000,0.000000,0.000000,0.00100000
7,213,0.262109,0.000083,86.6889,0.000000,0.000000,0.000000,0.003678,0.000000,0.000000,0.000000,0.00100000
7,214,0.292483,0.000093,89.9941,0.000000,0.000000,0.000000,0.004000,0.000000,0.000000,0.000000,0.00100000
7,215,0.412059,0.000130,96.5956,0.000000,0.000000,0.000000,0.006016,0.000000,0.000000,0.000000,0.00100000
7,216,0.455646,0.000145,103.3656,0.000000,0.000000,0.000000,0.003034,0.000000,0.000000,0.000000,0.00100000
7,217,0.411496,0.000131,105.4966,0.000000,0.000000,0.000000,0.003034,0.000000,0.000000,0.000000,0.00100000
7,218,0.316675,0.000100,90.7394,0.000000,0.000000,0.000000,0.004592,0.000000,0.000000,0.000000,0.00100000
7,219,0.441344,0.000140,101.7272,0.000000,0.000000,0.000000,0.005288,0.000000,0.000000,0.000000,0.00100000
7,220,0.420196,0.000133,97.2696,0.000000,0.000000,0.000000,0.007677,0.000000,0.000000,0.000000,0.00100000
7,221,0.336665,0.000107,84.6734,0.000000,0.000000,0.000000,0.003678,0.000000,0.000000,0.000000,0.00100000
7,222,0.354281,0.000112,81.7519,0.000000,0.000000,0.000000,0.004322,0.000000,0.000000,0.000000,0.00100000
7,223,0.376952,0.000119,96.9393,0.000000,0.000000,0.000000,0.010493,0.000000,0.000000,0.000000,0.00100000
7,224,0.382668,0.000121,99.9974,0.000000,0.000000,0.000000,0.005932,0.000000,0.000000,0.000000,0.00100000
7,225,0.353485,0.000111,89.8485,0.000000,0.000000,0.000000,0.013693,0.000000,0.000000,0.000000,0.00100000
7,226,0.530695,0.000165,103.4532,0.000000,0.000000,0.000000,0.028196,0.000000,0.000000,0.000000,0.00100000
7,227,0.489215,0.000147,106.5991,0.000000,0.000000,0.000000,0.055875,0.000000,0.000000,0.000000,0.00100000
7,228,0.378247,0.000115,94.0990,0.000000,0.000000,0.000000,0.037337,0.000000,0.000000,0.000000,0.00100000
7,229,0.470535,0.000146,101.7590,0.000000,0.000000,0.000000,0.024910,0.000000,0.000000,0.000000,0.00100000
7,230,0.358121,0.000110,86.1792,0.000000,0.000000,0.000000,0.025593,0.000000,0.000000,0.000000,0.00100000
7,231,0.352412,0.000110,89.1502,0.000000,0.000000,0.000000,0.012872,0.000000,0.000000,0.000000,0.00100000
7,232,0.368530,0.000114,84.5171,0.000000,0.000000,0.000000,0.023115,0.000000,0.000000,0.000000,0.00100000
7,233,0.294480,0.000093,73.0051,0.000000,0.000000,0.000000,0.005101,0.000000,0.000000,0.000000,0.00100000
7,234,0.317484,0.000100,84.8050,0.000000,0.000000,0.000000,0.004779,0.000000,0.000000,0.000000,0.00100000
7,235,0.408298,0.000129,77.1555,0.000000,0.000000,0.000000,0.007490,0.000000,0.000000,0.000000,0.00100000
7,236,0.362938,0.000115,85.2311,0.000000,0.000000,0.000000,0.004135,0.000000,0.000000,0.000000,0.00100000
7,237,0.557264,0.000177,100.1594,0.000000,0.000000,0.000000,0.005241,0.000000,0.000000,0.000000,0.00100000
7,238,0.379692,0.000120,95.7954,0.000000,0.000000,0.000000,0.004779,0.000000,0.000000,0.000000,0.00100000
7,239,0.399137,0.000127,95.6776,0.000000,0.000000,0.000000,0.003034,0.000000,0.000000,0.000000,0.00100000
7,240,0.303644,0.000096,79.9109,0.000000,0.000000,0.000000,0.002712,0.000000,0.000000,0.000000,0.00100000
7,241,0.529641,0.000168,94.1085,0.000000,0.000000,0.000000,0.005880,0.000000,0.000000,0.000000,0.00100000
7,242,0.541426,0.000172,107.0144,0.000000,0.000000,0.000000,0.006524,0.000000,0.000000,0.000000,0.00100000
7,243,0.474204,0.000150,96.9342,0.000000,0.000000,0.000000,0.004966,0.000000,0.000000,0.000000,0.00100000
7,244,0.432162,0.000137,95.8702,0.000000,0.000000,0.000000,0.003356,0.000000,0.000000,0.000000,0.00100000
7,245,0.378061,0.000120,85.5217,0.000000,0.000000,0.000000,0.003169,0.000000,0.000000,0.000000,0.00100000
7,246,0.372732,0.000118,102.1137,0.000000,0.000000,0.000000,0.005101,0.000000,0.000000,0.000000,0.00100000
7,247,0.438152,0.000139,98.3295,0.000000,0.000000,0.000000,0.002068,0.000000,0.000000,0.000000,0.00100000
7,248,0.468334,0.000149,100.5040,0.000000,0.000000,0.000000,0.002712,0.000000,0.000000,0.000000,0.00100000
7,249,0.402617,0.000128,90.4715,0.000000,0.000000,0.000000,0.004135,0.000000,0.000000,0.000000,0.00100000
7,250,0.336423,0.000106,85.7305,0.000000,0.000000,0.000000,0.005101,0.000000,0.000000,0.000000,0.00100000
7,251,0.295824,0.000094,82.4340,0.000000,0.000000,0.000000,0.004000,0.000000,0.000000,0.000000,0.00100000
7,252,0.307372,0.000097,102.8453,0.000000,0.000000,0.000000,0.005236,0.000000,0.000000,0.000000,0.00100000
7,253,0.383296,0.000122,101.8626,0.000000,0.000000,0.000000,0.004270,0.000000,0.000000,0.000000,0.00100000
7,254,0.357917,0.000113,96.0125,0.000000,0.000000,0.000000,0.009558,0.000000,0.000000,0.000000,0.00100000
7,255,0.315941,0.000100,96.5396,0.000000,0.000000,0.000000,0.004322,0.000000,0.000000,0.000000,0.00100000
7,256,0.373549,0.000118,96.7680,0.000000,0.000000,0.000000,0.004000,0.000000,0.000000,0.000000,0.00100000
7,257,0.390509,0.000124,98.7149,0.000000,0.000000,0.000000,0.005288,0.000000,0.000000,0.000000,0.00100000
7,258,0.272757,0.000087,86.3234,0.000000,0.000000,0.000000,0.001424,0.000000,0.000000,0.000000,0.00100000
7,259,0.313570,0.000099,97.1876,0.000000,0.000000,0.000000,0.003356,0.000000,0.000000,0.000000,0.00100000
7,260,0.369387,0.000117,99.2845,0.000000,0.000000,0.000000,0.007194,0.000000,0.000000,0.000000,0.00100000
7,261,0.338273,0.000107,86.1907,0.000000,0.000000,0.000000,0.003034,0.000000,0.000000,0.000000,0.00100000
7,262,0.298119,0.000095,91.9350,0.000000,0.000000,0.000000,0.003034,0.000000,0.000000,0.000000,0.00100000
7,263,0.282869,0.000090,81.4121,0.000000,0.000000,0.000000,0.002390,0.000000,0.000000,0.000000,0.00100000
7,264,0.298962,0.000095,88.6314,0.000000,0.000000,0.000000,0.002203,0.000000,0.000000,0.000000,0.00100000
7,265,0.364722,0.000116,83.3268,0.000000,0.000000,0.000000,0.003678,0.000000,0.000000,0.000000,0.00100000
7,266,0.404939,0.000128,89.0004,0.000000,0.000000,0.000000,0.004000,0.000000,0.000000,0.000000,0.00100000
7,267,0.343193,0.000109,85.9602,0.000000,0.000000,0.000000,0.003356,0.000000,0.000000,0.000000,0.00100000
7,268,0.440769,0.000140,94.0625,0.000000,0.000000,0.000000,0.005423,0.000000,0.000000,0.000000,0.00100000
7,269,0.424388,0.000134,97.4188,0.000000,0.000000,0.000000,0.005699,0.000000,0.000000,0.000000,0.00100000
7,270,0.443586,0.000141,95.2788,0.000000,0.000000,0.000000,0.005745,0.000000,0.000000,0.000000,0.00100000
7,271,0.500459,0.000158,85.6895,0.000000,0.000000,0.000000,0.006999,0.000000,0.000000,0.000000,0.00100000
7,272,0.472242,0.000149,94.1223,0.000000,0.000000,0.000000,0.008405,0.000000,0.000000,0.000000,0.00100000
7,273,0.367141,0.000116,92.2051,0.000000,0.000000,0.000000,0.005745,0.000000,0.000000,0.000000,0.00100000
7,274,0.389093,0.000123,82.8742,0.000000,0.000000,0.000000,0.005610,0.000000,0.000000,0.000000,0.00100000
7,275,0.307994,0.000097,88.6387,0.000000,0.000000,0.000000,0.005558,0.000000,0.000000,0.000000,0.00100000
7,276,0.398245,0.000126,93.8616,0.000000,0.000000,0.000000,0.006254,0.000000,0.000000,0.000000,0.00100000
7,277,0.366717,0.000116,84.2677,0.000000,0.000000,0.000000,0.005937,0.000000,0.000000,0.000000,0.00100000
7,278,0.272857,0.000086,88.4219,0.000000,0.000000,0.000000,0.003678,0.000000,0.000000,0.000000,0.00100000
7,279,0.503316,0.000160,104.0456,0.000000,0.000000,0.000000,0.005829,0.000000,0.000000,0.000000,0.00100000
7,280,0.347213,0.000109,87.0482,0.000000,0.000000,0.000000,0.009807,0.000000,0.000000,0.000000,0.00100000
7,281,0.498784,0.000157,100.1819,0.000000,0.000000,0.000000,0.010524,0.000000,0.000000,0.000000,0.00100000
7,282,0.484692,0.000149,95.0013,0.000000,0.000000,0.000000,0.031842,0.000000,0.000000,0.000000,0.00100000
7,283,0.385487,0.000118,87.2306,0.000000,0.000000,0.000000,0.028416,0.000000,0.000000,0.000000,0.00100000
7,284,0.409251,0.000128,95.9832,0.000000,0.000000,0.000000,0.014762,0.000000,0.000000,0.000000,0.00100000
7,285,0.329244,0.000103,89.3290,0.000000,0.000000,0.000000,0.011220,0.000000,0.000000,0.000000,0.00100000
7,286,0.389019,0.000123,104.3930,0.000000,0.000000,0.000000,0.004644,0.000000,0.000000,0.000000,0.00100000
7,287,0.374408,0.000119,98.9292,0.000000,0.000000,0.000000,0.004322,0.000000,0.000000,0.000000,0.00100000
7,288,0.292316,0.000093,92.3390,0.000000,0.000000,0.000000,0.003034,0.000000,0.000000,0.000000,0.00100000
7,289,0.337161,0.000107,88.2976,0.000000,0.000000,0.000000,0.002525,0.000000,0.000000,0.000000,0.00100000
7,290,0.290291,0.000092,89.2851,0.000000,0.000000,0.000000,0.003356,0.000000,0.000000,0.000000,0.00100000
7,291,0.307706,0.000097,79.7421,0.000000,0.000000,0.000000,0.006067,0.000000,0.000000,0.000000,0.00100000
7,292,0.305761,0.000097,94.2226,0.000000,0.000000,0.000000,0.003169,0.000000,0.000000,0.000000,0.00100000
7,293,0.383372,0.000122,100.4184,0.000000,0.000000,0.000000,0.003678,0.000000,0.000000,0.000000,0.00100000
7,294,0.346088,0.000110,97.8087,0.000000,0.000000,0.000000,0.003948,0.000000,0.000000,0.000000,0.00100000
7,295,0.309083,0.000098,97.1693,0.000000,0.000000,0.000000,0.003034,0.000000,0.000000,0.000000,0.00100000
7,296,0.466615,0.000147,94.5610,0.000000,0.000000,0.000000,0.011947,0.000000,0.000000,0.000000,0.00100000
7,297,0.408958,0.000129,94.8719,0.000000,0.000000,0.000000,0.008270,0.000000,0.000000,0.000000,0.00100000
7,298,0.469725,0.000145,101.8286,0.000000,0.000000,0.000000,0.030478,0.000000,0.000000,0.000000,0.00100000
7,299,0.390292,0.000119,94.9921,0.000000,0.000000,0.000000,0.035004,0.000000,0.000000,0.000000,0.00100000
7,300,0.278221,0.000088,81.8886,0.000000,0.000000,0.000000,0.006576,0.000000,0.000000,0.000000,0.00100000
7,301,0.572596,0.000179,98.8634,0.000000,0.000000,0.000000,0.021252,0.000000,0.000000,0.000000,0.00100000
7,302,0.383801,0.000121,93.2439,0.000000,0.000000,0.000000,0.005610,0.000000,0.000000,0.000000,0.00100000
7,303,0.340638,0.000107,86.4889,0.000000,0.000000,0.000000,0.011896,0.000000,0.000000,0.000000,0.00100000
7,304,0.377578,0.000118,87.3344,0.000000,0.000000,0.000000,0.013248,0.000000,0.000000,0.000000,0.00100000
7,305,0.415448,0.000131,97.1843,0.000000,0.000000,0.000000,0.006202,0.000000,0.000000,0.000000,0.00100000
7,306,0.306412,0.000096,86.0932,0.000000,0.000000,0.000000,0.008135,0.000000,0.000000,0.000000,0.00100000
7,307,0.273235,0.000087,76.4351,0.000000,0.000000,0.000000,0.002712,0.000000,0.000000,0.000000,0.00100000
7,308,0.458936,0.000144,92.5626,0.000000,0.000000,0.000000,0.015386,0.000000,0.000000,0.000000,0.00100000
7,309,0.476743,0.000150,102.1620,0.000000,0.000000,0.000000,0.015013,0.000000,0.000000,0.000000,0.00100000
7,310,0.320954,0.000101,79.0624,0.000000,0.000000,0.000000,0.005423,0.000000,0.000000,0.000000,0.00100000
7,311,0.341881,0.000107,93.6610,0.000000,0.000000,0.000000,0.010898,0.000000,0.000000,0.000000,0.00100000
7,312,0.389351,0.000124,98.2093,0.000000,0.000000,0.000000,0.003034,0.000000,0.000000,0.000000,0.00100000
7,313,0.366206,0.000115,95.3748,0.000000,0.000000,0.000000,0.013879,0.000000,0.000000,0.000000,0.00100000
7,314,0.368355,0.000116,83.1338,0.000000,0.000000,0.000000,0.006202,0.000000,0.000000,0.000000,0.00100000
7,315,0.425498,0.000133,87.8825,0.000000,0.000000,0.000000,0.015819,0.000000,0.000000,0.000000,0.00100000
7,316,0.368558,0.000114,96.1083,0.000000,0.000000,0.000000,0.019386,0.000000,0.000000,0.000000,0.00100000
7,317,0.341962,0.000108,97.3546,0.000000,0.000000,0.000000,0.008135,0.000000,0.000000,0.000000,0.00100000
7,318,0.301312,0.000095,79.1911,0.000000,0.000000,0.000000,0.004966,0.000000,0.000000,0.000000,0.00100000
7,319,0.368230,0.000116,88.5406,0.000000,0.000000,0.000000,0.007574,0.000000,0.000000,0.000000,0.00100000
7,320,0.303485,0.000096,86.0567,0.000000,0.000000,0.000000,0.002068,0.000000,0.000000,0.000000,0.00100000
7,321,0.462541,0.000146,98.0457,0.000000,0.000000,0.000000,0.008321,0.000000,0.000000,0.000000,0.00100000
7,322,0.315763,0.000100,92.7200,0.000000,0.000000,0.000000,0.002390,0.000000,0.000000,0.000000,0.00100000
7,323,0.350158,0.000111,97.7296,0.000000,0.000000,0.000000,0.004135,0.000000,0.000000,0.000000,0.00100000
7,324,0.556603,0.000177,107.3800,0.000000,0.000000,0.000000,0.004000,0.000000,0.000000,0.000000,0.00100000
7,325,0.452450,0.000144,97.7349,0.000000,0.000000,0.000000,0.004322,0.000000,0.000000,0.000000,0.00100000
7,326,0.398657,0.000126,96.8098,0.000000,0.000000,0.000000,0.004135,0.000000,0.000000,0.000000,0.00100000
7,327,0.342078,0.000108,91.5303,0.000000,0.000000,0.000000,0.004457,0.000000,0.000000,0.000000,0.00100000
7,328,0.498076,0.000158,101.4707,0.000000,0.000000,0.000000,0.005610,0.000000,0.000000,0.000000,0.00100000
7,329,0.550089,0.000174,106.0007,0.000000,0.000000,0.000000,0.007730,0.000000,0.000000,0.000000,0.00100000
7,330,0.348245,0.000110,88.9715,0.000000,0.000000,0.000000,0.007677,0.000000,0.000000,0.000000,0.00100000
7,331,0.355071,0.000113,97.1107,0.000000,0.000000,0.000000,0.002712,0.000000,0.000000,0.000000,0.00100000
7,332,0.457162,0.000145,101.9213,0.000000,0.000000,0.000000,0.003034,0.000000,0.000000,0.000000,0.00100000
7,333,0.428278,0.000136,94.9300,0.000000,0.000000,0.000000,0.006254,0.000000,0.000000,0.000000,0.00100000
7,334,0.366340,0.000116,97.9063,0.000000,0.000000,0.000000,0.004322,0.000000,0.000000,0.000000,0.00100000
7,335,0.468807,0.000148,93.5615,0.000000,0.000000,0.000000,0.006846,0.000000,0.000000,0.000000,0.00100000
7,336,0.350765,0.000112,86.0334,0.000000,0.000000,0.000000,0.001746,0.000000,0.000000,0.000000,0.00100000
7,337,0.352816,0.000112,92.4967,0.000000,0.000000,0.000000,0.003678,0.000000,0.000000,0.000000,0.00100000
7,338,0.359205,0.000114,97.3252,0.000000,0.000000,0.000000,0.003034,0.000000,0.000000,0.000000,0.00100000
7,339,0.395535,0.000125,94.5731,0.000000,0.000000,0.000000,0.006067,0.000000,0.000000,0.000000,0.00100000
7,340,0.332420,0.000105,88.7340,0.000000,0.000000,0.000000,0.005366,0.000000,0.000000,0.000000,0.00100000
7,341,0.365565,0.000116,101.1296,0.000000,0.000000,0.000000,0.005101,0.000000,0.000000,0.000000,0.00100000
7,342,0.342697,0.000109,90.7427,0.000000,0.000000,0.000000,0.002068,0.000000,0.000000,0.000000,0.00100000
7,343,0.503380,0.000159,103.6705,0.000000,0.000000,0.000000,0.007321,0.000000,0.000000,0.000000,0.00100000
7,344,0.412464,0.000131,98.8288,0.000000,0.000000,0.000000,0.002712,0.000000,0.000000,0.000000,0.00100000
7,345,0.361016,0.000114,96.1597,0.000000,0.000000,0.000000,0.006846,0.000000,0.000000,0.000000,0.00100000
7,346,0.361242,0.000115,103.6265,0.000000,0.000000,0.000000,0.002390,0.000000,0.000000,0.000000,0.00100000
7,347,0.368860,0.000117,100.3681,0.000000,0.000000,0.000000,0.004457,0.000000,0.000000,0.000000,0.00100000
7,348,0.316440,0.000100,102.2487,0.000000,0.000000,0.000000,0.002712,0.000000,0.000000,0.000000,0.00100000
7,349,0.353423,0.000112,104.0019,0.000000,0.000000,0.000000,0.005288,0.000000,0.000000,0.000000,0.00100000
7,350,0.287568,0.000091,78.0766,0.000000,0.000000,0.000000,0.007355,0.000000,0.000000,0.000000,0.00100000
7,351,0.310773,0.000098,85.9024,0.000000,0.000000,0.000000,0.008592,0.000000,0.000000,0.000000,0.00100000
7,352,0.335402,0.000106,95.3961,0.000000,0.000000,0.000000,0.006338,0.000000,0.000000,0.000000,0.00100000
7,353,0.285858,0.000090,84.6028,0.000000,0.000000,0.000000,0.004966,0.000000,0.000000,0.000000,0.00100000
7,354,0.338456,0.000107,105.9940,0.000000,0.000000,0.000000,0.004914,0.000000,0.000000,0.000000,0.00100000
7,355,0.252055,0.000079,86.3843,0.000000,0.000000,0.000000,0.005745,0.000000,0.000000,0.000000,0.00100000
7,356,0.209339,0.000066,91.3947,0.000000,0.000000,0.000000,0.002390,0.000000,0.000000,0.000000,0.00100000
7,357,0.324710,0.000103,94.3868,0.000000,0.000000,0.000000,0.003034,0.000000,0.000000,0.000000,0.00100000
7,358,0.240685,0.000076,88.1966,0.000000,0.000000,0.000000,0.001746,0.000000,0.000000,0.000000,0.00100000
7,359,0.260119,0.000082,92.8231,0.000000,0.000000,0.000000,0.003491,0.000000,0.000000,0.000000,0.00100000
7,360,0.355705,0.000112,86.1093,0.000000,0.000000,0.000000,0.007220,0.000000,0.000000,0.000000,0.00100000
7,361,0.336497,0.000107,91.9909,0.000000,0.000000,0.000000,0.002390,0.000000,0.000000,0.000000,0.00100000
7,362,0.364081,0.000115,98.8520,0.000000,0.000000,0.000000,0.004000,0.000000,0.000000,0.000000,0.00100000
7,363,0.341828,0.000108,94.5128,0.000000,0.000000,0.000000,0.005288,0.000000,0.000000,0.000000,0.00100000
7,364,0.353501,0.000112,95.3836,0.000000,0.000000,0.000000,0.004779,0.000000,0.000000,0.000000,0.00100000
7,365,0.379047,0.000120,85.4653,0.000000,0.000000,0.000000,0.004322,0.000000,0.000000,0.000000,0.00100000
7,366,0.407716,0.000129,98.4212,0.000000,0.000000,0.000000,0.004779,0.000000,0.000000,0.000000,0.00100000
7,367,0.326164,0.000103,81.1973,0.000000,0.000000,0.000000,0.005694,0.000000,0.000000,0.000000,0.00100000
7,368,0.506917,0.000158,97.1519,0.000000,0.000000,0.000000,0.023011,0.000000,0.000000,0.000000,0.00100000
7,369,0.385291,0.000119,91.6820,0.000000,0.000000,0.000000,0.025305,0.000000,0.000000,0.000000,0.00100000
7,370,0.423793,0.000134,95.8293,0.000000,0.000000,0.000000,0.007999,0.000000,0.000000,0.000000,0.00100000
7,371,0.299731,0.000092,72.3783,0.000000,0.000000,0.000000,0.023926,0.000000,0.000000,0.000000,0.00100000
7,372,0.520604,0.000159,87.8301,0.000000,0.000000,0.000000,0.047051,0.000000,0.000000,0.000000,0.00100000
7,373,0.354718,0.000108,88.2670,0.000000,0.000000,0.000000,0.030079,0.000000,0.000000,0.000000,0.00100000
7,374,0.300245,0.000093,97.9801,0.000000,0.000000,0.000000,0.015064,0.000000,0.000000,0.000000,0.00100000
7,375,0.379885,0.000118,95.2370,0.000000,0.000000,0.000000,0.016733,0.000000,0.000000,0.000000,0.00100000
7,376,0.371833,0.000114,100.4395,0.000000,0.000000,0.000000,0.028079,0.000000,0.000000,0.000000,0.00100000
7,377,0.373668,0.000113,97.2059,0.000000,0.000000,0.000000,0.037226,0.000000,0.000000,0.000000,0.00100000
7,378,0.375697,0.000118,93.1201,0.000000,0.000000,0.000000,0.011760,0.000000,0.000000,0.000000,0.00100000
7,379,0.357417,0.000112,83.2543,0.000000,0.000000,0.000000,0.011677,0.000000,0.000000,0.000000,0.00100000
7,380,0.357448,0.000111,98.0819,0.000000,0.000000,0.000000,0.019115,0.000000,0.000000,0.000000,0.00100000
7,381,0.370352,0.000118,101.6409,0.000000,0.000000,0.000000,0.003034,0.000000,0.000000,0.000000,0.00100000
7,382,0.269154,0.000085,87.9054,0.000000,0.000000,0.000000,0.005932,0.000000,0.000000,0.000000,0.00100000
7,383,0.390850,0.000124,97.5952,0.000000,0.000000,0.000000,0.004592,0.000000,0.000000,0.000000,0.00100000
7,384,0.347357,0.000109,88.1035,0.000000,0.000000,0.000000,0.008862,0.000000,0.000000,0.000000,0.00100000
7,385,0.344650,0.000109,94.5328,0.000000,0.000000,0.000000,0.003356,0.000000,0.000000,0.000000,0.00100000
7,386,0.329197,0.000104,94.8947,0.000000,0.000000,0.000000,0.003034,0.000000,0.000000,0.000000,0.00100000
7,387,0.325900,0.000104,97.0633,0.000000,0.000000,0.000000,0.002068,0.000000,0.000000,0.000000,0.00100000
7,388,0.254506,0.000081,91.7645,0.000000,0.000000,0.000000,0.002712,0.000000,0.000000,0.000000,0.00100000
7,389,0.363381,0.000115,98.2982,0.000000,0.000000,0.000000,0.003356,0.000000,0.000000,0.000000,0.00100000
7,390,0.312926,0.000099,92.6818,0.000000,0.000000,0.000000,0.004592,0.000000,0.000000,0.000000,0.00100000
7,391,0.387613,0.000122,102.7023,0.000000,0.000000,0.000000,0.010015,0.000000,0.000000,0.000000,0.00100000
7,392,0.487069,0.000155,101.5380,0.000000,0.000000,0.000000,0.003356,0.000000,0.000000,0.000000,0.00100000
7,393,0.307851,0.000097,83.6061,0.000000,0.000000,0.000000,0.004644,0.000000,0.000000,0.000000,0.00100000
7,394,0.348642,0.000111,97.9749,0.000000,0.000000,0.000000,0.002390,0.000000,0.000000,0.000000,0.00100000
7,395,0.397211,0.000126,99.3807,0.000000,0.000000,0.000000,0.003356,0.000000,0.000000,0.000000,0.00100000
7,396,0.295176,0.000094,93.5322,0.000000,0.000000,0.000000,0.002068,0.000000,0.000000,0.000000,0.00100000
7,397,0.254239,0.000081,93.2425,0.000000,0.000000,0.000000,0.002068,0.000000,0.000000,0.000000,0.00100000
7,398,0.432932,0.000137,89.2267,0.000000,0.000000,0.000000,0.005288,0.000000,0.000000,0.000000,0.00100000
7,399,0.359854,0.000114,95.0510,0.000000,0.000000,0.000000,0.003678,0.000000,0.000000,0.000000,0.00100000
7,400,0.258017,0.000082,83.3933,0.000000,0.000000,0.000000,0.002712,0.000000,0.000000,0.000000,0.00100000
7,401,0.379477,0.000121,92.9097,0.000000,0.000000,0.000000,0.002390,0.000000,0.000000,0.000000,0.00100000
7,402,0.447366,0.000142,89.8976,0.000000,0.000000,0.000000,0.002712,0.000000,0.000000,0.000000,0.00100000
7,403,0.262639,0.000083,91.1289,0.000000,0.000000,0.000000,0.003678,0.000000,0.000000,0.000000,0.00100000
7,404,0.291246,0.000092,88.2060,0.000000,0.000000,0.000000,0.003034,0.000000,0.000000,0.000000,0.00100000
7,405,0.263817,0.000084,95.5525,0.000000,0.000000,0.000000,0.003356,0.000000,0.000000,0.000000,0.00100000
7,406,0.289517,0.000092,94.9107,0.000000,0.000000,0.000000,0.004000,0.000000,0.000000,0.000000,0.00100000
7,407,0.495256,0.000157,90.8770,0.000000,0.000000,0.000000,0.005558,0.000000,0.000000,0.000000,0.00100000
7,408,0.395189,0.000126,89.3807,0.000000,0.000000,0.000000,0.003169,0.000000,0.000000,0.000000,0.00100000
7,409,0.448379,0.000142,92.9499,0.000000,0.000000,0.000000,0.007542,0.000000,0.000000,0.000000,0.00100000
7,410,0.414837,0.000131,89.1858,0.000000,0.000000,0.000000,0.006628,0.000000,0.000000,0.000000,0.00100000
7,411,0.406238,0.000129,93.6009,0.000000,0.000000,0.000000,0.003034,0.000000,0.000000,0.000000,0.00100000
7,412,0.477302,0.000151,106.4416,0.000000,0.000000,0.000000,0.010659,0.000000,0.000000,0.000000,0.00100000
7,413,0.353612,0.000111,61.3309,0.000000,0.000000,0.000000,0.008186,0.000000,0.000000,0.000000,0.00100000
7,414,0.315331,0.000099,95.5109,0.000000,0.000000,0.000000,0.012540,0.000000,0.000000,0.000000,0.00100000
7,415,0.339416,0.000107,78.4772,0.000000,0.000000,0.000000,0.005050,0.000000,0.000000,0.000000,0.00100000
7,416,0.322633,0.000101,79.9770,0.000000,0.000000,0.000000,0.014897,0.000000,0.000000,0.000000,0.00100000
7,417,0.283279,0.000090,89.9800,0.000000,0.000000,0.000000,0.004135,0.000000,0.000000,0.000000,0.00100000
7,418,0.386181,0.000122,97.6864,0.000000,0.000000,0.000000,0.005880,0.000000,0.000000,0.000000,0.00100000
7,419,0.288014,0.000091,92.6692,0.000000,0.000000,0.000000,0.003356,0.000000,0.000000,0.000000,0.00100000
7,420,0.262776,0.000083,83.6167,0.000000,0.000000,0.000000,0.004644,0.000000,0.000000,0.000000,0.00100000
7,421,0.308472,0.000098,88.9412,0.000000,0.000000,0.000000,0.003034,0.000000,0.000000,0.000000,0.00100000
7,422,0.448292,0.000142,95.1866,0.000000,0.000000,0.000000,0.004779,0.000000,0.000000,0.000000,0.00100000
7,423,0.335473,0.000106,72.4663,0.000000,0.000000,0.000000,0.006898,0.000000,0.000000,0.000000,0.00100000
7,424,0.380787,0.000121,101.8066,0.000000,0.000000,0.000000,0.005101,0.000000,0.000000,0.000000,0.00100000
7,425,0.286708,0.000091,87.4232,0.000000,0.000000,0.000000,0.002847,0.000000,0.000000,0.000000,0.00100000
7,426,0.266262,0.000084,89.3373,0.000000,0.000000,0.000000,0.006254,0.000000,0.000000,0.000000,0.00100000
7,427,0.244374,0.000078,91.1441,0.000000,0.000000,0.000000,0.001746,0.000000,0.000000,0.000000,0.00100000
7,428,0.413588,0.000131,103.5229,0.000000,0.000000,0.000000,0.003034,0.000000,0.000000,0.000000,0.00100000
7,429,0.317073,0.000100,96.6462,0.000000,0.000000,0.000000,0.005236,0.000000,0.000000,0.000000,0.00100000
7,430,0.335830,0.000107,98.8076,0.000000,0.000000,0.000000,0.003034,0.000000,0.000000,0.000000,0.00100000
7,431,0.333136,0.000106,89.0030,0.000000,0.000000,0.000000,0.003678,0.000000,0.000000,0.000000,0.00100000
7,432,0.292802,0.000093,96.6465,0.000000,0.000000,0.000000,0.003034,0.000000,0.000000,0.000000,0.00100000
7,433,0.338076,0.000107,102.5180,0.000000,0.000000,0.000000,0.005205,0.000000,0.000000,0.000000,0.00100000
7,434,0.280350,0.000088,86.8808,0.000000,0.000000,0.000000,0.009050,0.000000,0.000000,0.000000,0.00100000
7,435,0.296813,0.000094,85.2443,0.000000,0.000000,0.000000,0.005880,0.000000,0.000000,0.000000,0.00100000
7,436,0.340799,0.000108,83.5648,0.000000,0.000000,0.000000,0.003356,0.000000,0.000000,0.000000,0.00100000
7,437,0.264044,0.000084,83.5407,0.000000,0.000000,0.000000,0.003356,0.000000,0.000000,0.000000,0.00100000
7,438,0.412973,0.000130,97.6296,0.000000,0.000000,0.000000,0.007761,0.000000,0.000000,0.000000,0.00100000
7,439,0.301770,0.000096,84.0870,0.000000,0.000000,0.000000,0.004000,0.000000,0.000000,0.000000,0.00100000
7,440,0.343824,0.000109,97.8290,0.000000,0.000000,0.000000,0.004966,0.000000,0.000000,0.000000,0.00100000
7,441,0.364426,0.000115,83.8785,0.000000,0.000000,0.000000,0.005236,0.000000,0.000000,0.000000,0.00100000
7,442,0.329289,0.000104,102.4521,0.000000,0.000000,0.000000,0.004779,0.000000,0.000000,0.000000,0.00100000
7,443,0.323602,0.000103,104.5251,0.000000,0.000000,0.000000,0.002390,0.000000,0.000000,0.000000,0.00100000
7,444,0.293158,0.000093,81.0513,0.000000,0.000000,0.000000,0.004322,0.000000,0.000000,0.000000,0.00100000
7,445,0.336392,0.000107,93.9290,0.000000,0.000000,0.000000,0.004000,0.000000,0.000000,0.000000,0.00100000
7,446,0.379179,0.000120,92.5823,0.000000,0.000000,0.000000,0.006711,0.000000,0.000000,0.000000,0.00100000
7,447,0.359609,0.000114,100.5620,0.000000,0.000000,0.000000,0.003356,0.000000,0.000000,0.000000,0.00100000
7,448,0.342716,0.000109,101.5886,0.000000,0.000000,0.000000,0.003813,0.000000,0.000000,0.000000,0.00100000
7,449,0.294010,0.000093,88.8218,0.000000,0.000000,0.000000,0.004644,0.000000,0.000000,0.000000,0.00100000
7,450,0.305063,0.000096,81.6581,0.000000,0.000000,0.000000,0.005236,0.000000,0.000000,0.000000,0.00100000
7,451,0.307154,0.000097,90.0969,0.000000,0.000000,0.000000,0.003948,0.000000,0.000000,0.000000,0.00100000
7,452,0.301393,0.000096,95.0181,0.000000,0.000000,0.000000,0.002390,0.000000,0.000000,0.000000,0.00100000
7,453,0.319242,0.000101,91.7056,0.000000,0.000000,0.000000,0.002712,0.000000,0.000000,0.000000,0.00100000
7,454,0.405195,0.000127,96.8742,0.000000,0.000000,0.000000,0.015251,0.000000,0.000000,0.000000,0.00100000
7,455,0.381597,0.000116,98.9455,0.000000,0.000000,0.000000,0.035583,0.000000,0.000000,0.000000,0.00100000
7,456,0.459970,0.000140,104.6495,0.000000,0.000000,0.000000,0.041360,0.000000,0.000000,0.000000,0.00100000
7,457,0.316746,0.000098,82.7529,0.000000,0.000000,0.000000,0.018117,0.000000,0.000000,0.000000,0.00100000
7,458,0.426553,0.000122,105.0342,0.000000,0.000000,0.000000,0.087443,0.000000,0.000000,0.000000,0.00100000
7,459,0.348735,0.000106,87.5694,0.000000,0.000000,0.000000,0.032093,0.000000,0.000000,0.000000,0.00100000
7,460,0.372338,0.000114,93.7576,0.000000,0.000000,0.000000,0.027282,0.000000,0.000000,0.000000,0.00100000
7,461,0.357155,0.000108,101.0462,0.000000,0.000000,0.000000,0.037458,0.000000,0.000000,0.000000,0.00100000
7,462,0.387100,0.000121,92.6192,0.000000,0.000000,0.000000,0.018285,0.000000,0.000000,0.000000,0.00100000
7,463,0.345590,0.000105,83.8724,0.000000,0.000000,0.000000,0.032498,0.000000,0.000000,0.000000,0.00100000
7,464,0.336494,0.000105,85.4793,0.000000,0.000000,0.000000,0.012675,0.000000,0.000000,0.000000,0.00100000
7,465,0.288072,0.000091,97.8457,0.000000,0.000000,0.000000,0.004914,0.000000,0.000000,0.000000,0.00100000
7,466,0.312711,0.000098,86.6487,0.000000,0.000000,0.000000,0.009236,0.000000,0.000000,0.000000,0.00100000
7,467,0.364426,0.000113,86.5467,0.000000,0.000000,0.000000,0.018504,0.000000,0.000000,0.000000,0.00100000
7,468,0.259854,0.000081,80.3975,0.000000,0.000000,0.000000,0.010389,0.000000,0.000000,0.000000,0.00100000
7,469,0.363439,0.000114,96.7249,0.000000,0.000000,0.000000,0.009288,0.000000,0.000000,0.000000,0.00100000
7,470,0.403016,0.000127,100.4683,0.000000,0.000000,0.000000,0.009745,0.000000,0.000000,0.000000,0.00100000
7,471,0.354545,0.000112,98.6633,0.000000,0.000000,0.000000,0.008830,0.000000,0.000000,0.000000,0.00100000
7,472,0.330430,0.000105,87.9442,0.000000,0.000000,0.000000,0.004644,0.000000,0.000000,0.000000,0.00100000
7,473,0.402312,0.000128,103.4926,0.000000,0.000000,0.000000,0.004135,0.000000,0.000000,0.000000,0.00100000
7,474,0.313609,0.000099,92.8824,0.000000,0.000000,0.000000,0.004322,0.000000,0.000000,0.000000,0.00100000
7,475,0.370136,0.000117,100.9223,0.000000,0.000000,0.000000,0.005423,0.000000,0.000000,0.000000,0.00100000
7,476,0.409923,0.000130,99.3549,0.000000,0.000000,0.000000,0.005101,0.000000,0.000000,0.000000,0.00100000
7,477,0.480630,0.000151,100.3170,0.000000,0.000000,0.000000,0.011116,0.000000,0.000000,0.000000,0.00100000
7,478,0.321569,0.000102,81.2092,0.000000,0.000000,0.000000,0.005558,0.000000,0.000000,0.000000,0.00100000
7,479,0.340794,0.000107,86.6496,0.000000,0.000000,0.000000,0.008965,0.000000,0.000000,0.000000,0.00100000
7,480,0.340579,0.000108,98.5371,0.000000,0.000000,0.000000,0.005101,0.000000,0.000000,0.000000,0.00100000
7,481,0.428448,0.000136,106.4162,0.000000,0.000000,0.000000,0.003491,0.000000,0.000000,0.000000,0.00100000
7,482,0.445269,0.000141,106.7814,0.000000,0.000000,0.000000,0.008083,0.000000,0.000000,0.000000,0.00100000
7,483,0.442012,0.000140,105.2800,0.000000,0.000000,0.000000,0.004644,0.000000,0.000000,0.000000,0.00100000
7,484,0.343984,0.000109,94.7953,0.000000,0.000000,0.000000,0.002712,0.000000,0.000000,0.000000,0.00100000
7,485,0.381693,0.000121,91.8469,0.000000,0.000000,0.000000,0.003818,0.000000,0.000000,0.000000,0.00100000
7,486,0.404544,0.000128,92.9093,0.000000,0.000000,0.000000,0.007309,0.000000,0.000000,0.000000,0.00100000
7,487,0.390377,0.000124,78.4761,0.000000,0.000000,0.000000,0.004000,0.000000,0.000000,0.000000,0.00100000
7,488,0.415325,0.000131,94.9893,0.000000,0.000000,0.000000,0.006576,0.000000,0.000000,0.000000,0.00100000
7,489,0.336586,0.000107,83.5054,0.000000,0.000000,0.000000,0.003169,0.000000,0.000000,0.000000,0.00100000
7,490,0.338080,0.000107,87.0827,0.000000,0.000000,0.000000,0.007304,0.000000,0.000000,0.000000,0.00100000
7,491,0.356912,0.000113,75.1076,0.000000,0.000000,0.000000,0.003356,0.000000,0.000000,0.000000,0.00100000
7,492,0.377579,0.000120,93.5051,0.000000,0.000000,0.000000,0.004696,0.000000,0.000000,0.000000,0.00100000
7,493,0.346787,0.000110,70.5853,0.000000,0.000000,0.000000,0.004322,0.000000,0.000000,0.000000,0.00100000
7,494,0.400603,0.000126,94.3365,0.000000,0.000000,0.000000,0.008321,0.000000,0.000000,0.000000,0.00100000
7,495,0.369017,0.000117,82.5765,0.000000,0.000000,0.000000,0.003169,0.000000,0.000000,0.000000,0.00100000
7,496,0.394389,0.000125,81.0062,0.000000,0.000000,0.000000,0.006711,0.000000,0.000000,0.000000,0.00100000
7,497,0.433766,0.000138,96.8912,0.000000,0.000000,0.000000,0.003356,0.000000,0.000000,0.000000,0.00100000
7,498,0.338203,0.000107,90.3538,0.000000,0.000000,0.000000,0.002712,0.000000,0.000000,0.000000,0.00100000
7,499,0.337749,0.000106,80.9257,0.000000,0.000000,0.000000,0.009693,0.000000,0.000000,0.000000,0.00100000
7,500,0.462310,0.000147,95.3180,0.000000,0.000000,0.000000,0.003034,0.000000,0.000000,0.000000,0.00100000
7,501,0.414779,0.000130,85.5702,0.000000,0.000000,0.000000,0.014516,0.000000,0.000000,0.000000,0.00100000
7,502,0.509490,0.000159,89.7287,0.000000,0.000000,0.000000,0.020540,0.000000,0.000000,0.000000,0.00100000
7,503,0.668389,0.000210,109.5102,0.000000,0.000000,0.000000,0.020448,0.000000,0.000000,0.000000,0.00100000
7,504,0.417992,0.000131,82.6260,0.000000,0.000000,0.000000,0.011527,0.000000,0.000000,0.000000,0.00100000
7,505,0.534544,0.000166,95.9717,0.000000,0.000000,0.000000,0.027045,0.000000,0.000000,0.000000,0.00100000
7,506,0.526068,0.000165,91.9224,0.000000,0.000000,0.000000,0.018420,0.000000,0.000000,0.000000,0.00100000
7,507,0.590215,0.000181,108.0374,0.000000,0.000000,0.000000,0.043985,0.000000,0.000000,0.000000,0.00100000
7,508,0.688452,0.000212,102.2138,0.000000,0.000000,0.000000,0.045503,0.000000,0.000000,0.000000,0.00100000
7,509,0.705422,0.000221,105.8021,0.000000,0.000000,0.000000,0.025672,0.000000,0.000000,0.000000,0.00100000
7,510,0.474001,0.000147,89.9959,0.000000,0.000000,0.000000,0.024612,0.000000,0.000000,0.000000,0.00100000
7,511,0.372903,0.000117,92.7195,0.000000,0.000000,0.000000,0.012628,0.000000,0.000000,0.000000,0.00100000
7,512,0.364975,0.000114,88.7768,0.000000,0.000000,0.000000,0.012764,0.000000,0.000000,0.000000,0.00100000
7,513,0.476329,0.000150,96.9851,0.000000,0.000000,0.000000,0.011168,0.000000,0.000000,0.000000,0.00100000
7,514,0.380009,0.000120,93.4930,0.000000,0.000000,0.000000,0.008083,0.000000,0.000000,0.000000,0.00100000
7,515,0.481234,0.000152,99.0532,0.000000,0.000000,0.000000,0.006898,0.000000,0.000000,0.000000,0.00100000
7,516,0.477720,0.000150,73.0115,0.000000,0.000000,0.000000,0.016269,0.000000,0.000000,0.000000,0.00100000
7,517,0.448537,0.000141,101.1066,0.000000,0.000000,0.000000,0.012321,0.000000,0.000000,0.000000,0.00100000
7,518,0.396104,0.000126,105.3587,0.000000,0.000000,0.000000,0.004779,0.000000,0.000000,0.000000,0.00100000
7,519,0.321911,0.000101,95.7717,0.000000,0.000000,0.000000,0.013481,0.000000,0.000000,0.000000,0.00100000
7,520,0.465225,0.000147,97.0355,0.000000,0.000000,0.000000,0.009082,0.000000,0.000000,0.000000,0.00100000
7,521,0.383952,0.000122,101.2962,0.000000,0.000000,0.000000,0.003813,0.000000,0.000000,0.000000,0.00100000
7,522,0.369251,0.000117,100.0975,0.000000,0.000000,0.000000,0.003678,0.000000,0.000000,0.000000,0.00100000
7,523,0.433189,0.000137,106.4917,0.000000,0.000000,0.000000,0.005101,0.000000,0.000000,0.000000,0.00100000
7,524,0.414838,0.000131,97.7167,0.000000,0.000000,0.000000,0.005745,0.000000,0.000000,0.000000,0.00100000
7,525,0.358239,0.000114,96.1567,0.000000,0.000000,0.000000,0.003491,0.000000,0.000000,0.000000,0.00100000
7,526,0.248305,0.000078,98.0905,0.000000,0.000000,0.000000,0.004644,0.000000,0.000000,0.000000,0.00100000
7,527,0.317993,0.000101,96.2065,0.000000,0.000000,0.000000,0.004000,0.000000,0.000000,0.000000,0.00100000
7,528,0.281932,0.000090,97.4055,0.000000,0.000000,0.000000,0.002068,0.000000,0.000000,0.000000,0.00100000
7,529,0.300130,0.000095,87.9073,0.000000,0.000000,0.000000,0.001424,0.000000,0.000000,0.000000,0.00100000
7,530,0.244609,0.000078,81.3779,0.000000,0.000000,0.000000,0.002068,0.000000,0.000000,0.000000,0.00100000
7,531,0.397260,0.000126,102.8571,0.000000,0.000000,0.000000,0.002390,0.000000,0.000000,0.000000,0.00100000
7,532,0.435604,0.000137,97.2456,0.000000,0.000000,0.000000,0.009287,0.000000,0.000000,0.000000,0.00100000
7,533,0.411724,0.000131,97.6183,0.000000,0.000000,0.000000,0.003678,0.000000,0.000000,0.000000,0.00100000
7,534,0.461721,0.000147,95.8874,0.000000,0.000000,0.000000,0.002390,0.000000,0.000000,0.000000,0.00100000
7,535,0.438639,0.000139,91.8425,0.000000,0.000000,0.000000,0.004000,0.000000,0.000000,0.000000,0.00100000
7,536,0.418664,0.000133,99.5994,0.000000,0.000000,0.000000,0.005288,0.000000,0.000000,0.000000,0.00100000
7,537,0.391284,0.000124,96.6605,0.000000,0.000000,0.000000,0.003356,0.000000,0.000000,0.000000,0.00100000
7,538,0.363877,0.000115,90.9820,0.000000,0.000000,0.000000,0.004000,0.000000,0.000000,0.000000,0.00100000
7,539,0.383013,0.000122,99.7035,0.000000,0.000000,0.000000,0.002390,0.000000,0.000000,0.000000,0.00100000
7,540,0.395831,0.000126,95.9786,0.000000,0.000000,0.000000,0.003813,0.000000,0.000000,0.000000,0.00100000
7,541,0.452760,0.000144,95.4777,0.000000,0.000000,0.000000,0.004592,0.000000,0.000000,0.000000,0.00100000
7,542,0.381084,0.000120,101.7360,0.000000,0.000000,0.000000,0.006711,0.000000,0.000000,0.000000,0.00100000
7,543,0.339521,0.000107,83.5318,0.000000,0.000000,0.000000,0.004966,0.000000,0.000000,0.000000,0.00100000
7,544,0.328924,0.000104,96.2169,0.000000,0.000000,0.000000,0.002712,0.000000,0.000000,0.000000,0.00100000
7,545,0.237399,0.000075,88.6938,0.000000,0.000000,0.000000,0.003034,0.000000,0.000000,0.000000,0.00100000
7,546,0.293907,0.000093,91.6522,0.000000,0.000000,0.000000,0.004914,0.000000,0.000000,0.000000,0.00100000
7,547,0.461326,0.000146,94.5889,0.000000,0.000000,0.000000,0.004644,0.000000,0.000000,0.000000,0.00100000
7,548,0.362486,0.000115,93.9000,0.000000,0.000000,0.000000,0.005880,0.000000,0.000000,0.000000,0.00100000
7,549,0.435406,0.000137,82.3829,0.000000,0.000000,0.000000,0.009287,0.000000,0.000000,0.000000,0.00100000
7,550,0.523706,0.000166,97.4336,0.000000,0.000000,0.000000,0.006711,0.000000,0.000000,0.000000,0.00100000
7,551,0.329459,0.000104,86.0620,0.000000,0.000000,0.000000,0.008830,0.000000,0.000000,0.000000,0.00100000
7,552,0.497247,0.000157,97.5760,0.000000,0.000000,0.000000,0.008779,0.000000,0.000000,0.000000,0.00100000
7,553,0.323781,0.000103,101.2871,0.000000,0.000000,0.000000,0.002712,0.000000,0.000000,0.000000,0.00100000
7,554,0.416121,0.000130,94.1700,0.000000,0.000000,0.000000,0.014717,0.000000,0.000000,0.000000,0.00100000
7,555,0.343717,0.000109,93.4633,0.000000,0.000000,0.000000,0.005288,0.000000,0.000000,0.000000,0.00100000
7,556,0.356650,0.000112,93.9330,0.000000,0.000000,0.000000,0.012437,0.000000,0.000000,0.000000,0.00100000
7,557,0.350728,0.000111,87.0796,0.000000,0.000000,0.000000,0.007355,0.000000,0.000000,0.000000,0.00100000
7,558,0.363946,0.000115,93.5464,0.000000,0.000000,0.000000,0.009455,0.000000,0.000000,0.000000,0.00100000
7,559,0.308675,0.000098,86.2500,0.000000,0.000000,0.000000,0.003034,0.000000,0.000000,0.000000,0.00100000
7,560,0.481233,0.000151,98.9560,0.000000,0.000000,0.000000,0.013609,0.000000,0.000000,0.000000,0.00100000
7,561,0.338486,0.000107,95.4642,0.000000,0.000000,0.000000,0.004322,0.000000,0.000000,0.000000,0.00100000
7,562,0.416556,0.000132,100.5403,0.000000,0.000000,0.000000,0.007547,0.000000,0.000000,0.000000,0.00100000
7,563,0.481466,0.000152,94.3263,0.000000,0.000000,0.000000,0.008270,0.000000,0.000000,0.000000,0.00100000
7,564,0.348646,0.000110,88.1459,0.000000,0.000000,0.000000,0.005610,0.000000,0.000000,0.000000,0.00100000
7,565,0.337119,0.000107,90.2816,0.000000,0.000000,0.000000,0.005558,0.000000,0.000000,0.000000,0.00100000
7,566,0.268203,0.000085,78.9545,0.000000,0.000000,0.000000,0.003678,0.000000,0.000000,0.000000,0.00100000
7,567,0.361460,0.000114,90.5961,0.000000,0.000000,0.000000,0.007490,0.000000,0.000000,0.000000,0.00100000
7,568,0.326094,0.000103,80.1747,0.000000,0.000000,0.000000,0.004966,0.000000,0.000000,0.000000,0.00100000
7,569,0.346973,0.000110,97.6489,0.000000,0.000000,0.000000,0.004779,0.000000,0.000000,0.000000,0.00100000
7,570,0.288097,0.000091,88.0826,0.000000,0.000000,0.000000,0.002390,0.000000,0.000000,0.000000,0.00100000
7,571,0.352990,0.000112,88.1199,0.000000,0.000000,0.000000,0.003356,0.000000,0.000000,0.000000,0.00100000
7,572,0.302699,0.000096,91.2081,0.000000,0.000000,0.000000,0.002847,0.000000,0.000000,0.000000,0.00100000
7,573,0.261912,0.000083,96.0864,0.000000,0.000000,0.000000,0.002390,0.000000,0.000000,0.000000,0.00100000
7,574,0.399166,0.000126,100.3890,0.000000,0.000000,0.000000,0.006202,0.000000,0.000000,0.000000,0.00100000
7,575,0.382922,0.000122,97.7776,0.000000,0.000000,0.000000,0.003034,0.000000,0.000000,0.000000,0.00100000
7,576,0.283892,0.000090,88.7772,0.000000,0.000000,0.000000,0.002847,0.000000,0.000000,0.000000,0.00100000
7,577,0.408552,0.000130,105.6583,0.000000,0.000000,0.000000,0.002390,0.000000,0.000000,0.000000,0.00100000
7,578,0.280308,0.000089,81.5823,0.000000,0.000000,0.000000,0.004966,0.000000,0.000000,0.000000,0.00100000
7,579,0.638469,0.000201,102.7447,0.000000,0.000000,0.000000,0.013865,0.000000,0.000000,0.000000,0.00100000
7,580,0.433077,0.000134,93.2502,0.000000,0.000000,0.000000,0.022973,0.000000,0.000000,0.000000,0.00100000
7,581,0.520976,0.000163,109.6430,0.000000,0.000000,0.000000,0.019663,0.000000,0.000000,0.000000,0.00100000
7,582,0.296267,0.000094,83.4760,0.000000,0.000000,0.000000,0.003678,0.000000,0.000000,0.000000,0.00100000
7,583,0.316974,0.000100,79.3653,0.000000,0.000000,0.000000,0.008643,0.000000,0.000000,0.000000,0.00100000
7,584,0.357513,0.000110,104.9016,0.000000,0.000000,0.000000,0.023864,0.000000,0.000000,0.000000,0.00100000
7,585,0.328381,0.000100,86.6647,0.000000,0.000000,0.000000,0.029111,0.000000,0.000000,0.000000,0.00100000
7,586,0.345453,0.000108,100.3678,0.000000,0.000000,0.000000,0.012966,0.000000,0.000000,0.000000,0.00100000
7,587,0.410561,0.000128,96.6631,0.000000,0.000000,0.000000,0.019766,0.000000,0.000000,0.000000,0.00100000
7,588,0.343171,0.000105,70.4542,0.000000,0.000000,0.000000,0.030380,0.000000,0.000000,0.000000,0.00100000
7,589,0.363503,0.000114,93.9072,0.000000,0.000000,0.000000,0.009101,0.000000,0.000000,0.000000,0.00100000
7,590,0.330553,0.000102,96.0381,0.000000,0.000000,0.000000,0.021016,0.000000,0.000000,0.000000,0.00100000
7,591,0.437112,0.000138,98.3589,0.000000,0.000000,0.000000,0.010524,0.000000,0.000000,0.000000,0.00100000
7,592,0.357195,0.000113,101.8951,0.000000,0.000000,0.000000,0.004457,0.000000,0.000000,0.000000,0.00100000
7,593,0.300008,0.000095,86.5669,0.000000,0.000000,0.000000,0.005932,0.000000,0.000000,0.000000,0.00100000
7,594,0.424642,0.000134,87.9685,0.000000,0.000000,0.000000,0.009703,0.000000,0.000000,0.000000,0.00100000
7,595,0.561663,0.000177,94.0051,0.000000,0.000000,0.000000,0.014130,0.000000,0.000000,0.000000,0.00100000
7,596,0.445514,0.000141,96.0729,0.000000,0.000000,0.000000,0.007490,0.000000,0.000000,0.000000,0.00100000
7,597,0.437887,0.000138,92.7492,0.000000,0.000000,0.000000,0.008457,0.000000,0.000000,0.000000,0.00100000
7,598,0.432984,0.000137,91.4761,0.000000,0.000000,0.000000,0.007948,0.000000,0.000000,0.000000,0.00100000
7,599,0.440664,0.000139,88.4579,0.000000,0.000000,0.000000,0.012456,0.000000,0.000000,0.000000,0.00100000
7,600,0.413928,0.000131,94.3406,0.000000,0.000000,0.000000,0.004457,0.000000,0.000000,0.000000,0.00100000
7,601,0.489847,0.000155,98.3126,0.000000,0.000000,0.000000,0.009205,0.000000,0.000000,0.000000,0.00100000
7,602,0.427240,0.000135,93.5935,0.000000,0.000000,0.000000,0.007304,0.000000,0.000000,0.000000,0.00100000
7,603,0.419908,0.000133,91.1012,0.000000,0.000000,0.000000,0.002712,0.000000,0.000000,0.000000,0.00100000
7,604,0.471859,0.000150,95.1569,0.000000,0.000000,0.000000,0.004457,0.000000,0.000000,0.000000,0.00100000
7,605,0.464518,0.000147,91.7988,0.000000,0.000000,0.000000,0.004322,0.000000,0.000000,0.000000,0.00100000
7,606,0.450616,0.000143,95.8665,0.000000,0.000000,0.000000,0.004966,0.000000,0.000000,0.000000,0.00100000
7,607,0.459352,0.000146,89.6432,0.000000,0.000000,0.000000,0.005529,0.000000,0.000000,0.000000,0.00100000
7,608,0.416752,0.000132,92.6698,0.000000,0.000000,0.000000,0.005423,0.000000,0.000000,0.000000,0.00100000
7,609,0.414521,0.000132,94.6280,0.000000,0.000000,0.000000,0.003169,0.000000,0.000000,0.000000,0.00100000
7,610,0.553616,0.000175,95.0307,0.000000,0.000000,0.000000,0.010826,0.000000,0.000000,0.000000,0.00100000
7,611,0.348957,0.000111,88.2576,0.000000,0.000000,0.000000,0.004322,0.000000,0.000000,0.000000,0.00100000
7,612,0.400090,0.000126,88.0155,0.000000,0.000000,0.000000,0.006982,0.000000,0.000000,0.000000,0.00100000
7,613,0.335329,0.000106,85.6622,0.000000,0.000000,0.000000,0.004561,0.000000,0.000000,0.000000,0.00100000
7,614,0.283154,0.000090,83.6437,0.000000,0.000000,0.000000,0.002951,0.000000,0.000000,0.000000,0.00100000
7,615,0.314686,0.000099,86.0917,0.000000,0.000000,0.000000,0.005745,0.000000,0.000000,0.000000,0.00100000
7,616,0.280538,0.000089,73.1976,0.000000,0.000000,0.000000,0.003356,0.000000,0.000000,0.000000,0.00100000
7,617,0.381135,0.000121,93.5328,0.000000,0.000000,0.000000,0.004322,0.000000,0.000000,0.000000,0.00100000
7,618,0.524342,0.000165,97.1771,0.000000,0.000000,0.000000,0.016030,0.000000,0.000000,0.000000,0.00100000
7,619,0.295008,0.000093,87.6480,0.000000,0.000000,0.000000,0.008965,0.000000,0.000000,0.000000,0.00100000
7,620,0.348866,0.000110,93.3742,0.000000,0.000000,0.000000,0.007677,0.000000,0.000000,0.000000,0.00100000
7,621,0.410728,0.000129,82.3199,0.000000,0.000000,0.000000,0.013184,0.000000,0.000000,0.000000,0.00100000
7,622,0.341778,0.000107,83.8469,0.000000,0.000000,0.000000,0.013693,0.000000,0.000000,0.000000,0.00100000
7,623,0.512103,0.000162,102.7734,0.000000,0.000000,0.000000,0.007864,0.000000,0.000000,0.000000,0.00100000
7,624,0.469431,0.000148,96.5462,0.000000,0.000000,0.000000,0.009101,0.000000,0.000000,0.000000,0.00100000
7,625,0.438749,0.000139,101.0030,0.000000,0.000000,0.000000,0.007542,0.000000,0.000000,0.000000,0.00100000
7,626,0.560132,0.000174,104.1525,0.000000,0.000000,0.000000,0.027309,0.000000,0.000000,0.000000,0.00100000
7,627,0.517787,0.000161,103.3942,0.000000,0.000000,0.000000,0.025401,0.000000,0.000000,0.000000,0.00100000
7,628,0.413431,0.000130,87.4368,0.000000,0.000000,0.000000,0.008643,0.000000,0.000000,0.000000,0.00100000
7,629,0.390465,0.000122,88.6839,0.000000,0.000000,0.000000,0.013693,0.000000,0.000000,0.000000,0.00100000
7,630,0.399442,0.000125,96.6356,0.000000,0.000000,0.000000,0.016861,0.000000,0.000000,0.000000,0.00100000
7,631,0.464615,0.000146,89.0895,0.000000,0.000000,0.000000,0.016539,0.000000,0.000000,0.000000,0.00100000
7,632,0.449457,0.000142,93.2901,0.000000,0.000000,0.000000,0.009236,0.000000,0.000000,0.000000,0.00100000
7,633,0.385632,0.000122,70.6795,0.000000,0.000000,0.000000,0.007677,0.000000,0.000000,0.000000,0.00100000
7,634,0.374390,0.000118,97.4949,0.000000,0.000000,0.000000,0.008727,0.000000,0.000000,0.000000,0.00100000
7,635,0.480817,0.000151,91.8613,0.000000,0.000000,0.000000,0.013776,0.000000,0.000000,0.000000,0.00100000
7,636,0.534013,0.000163,99.3567,0.000000,0.000000,0.000000,0.048277,0.000000,0.000000,0.000000,0.00100000
7,637,0.411116,0.000128,87.9578,0.000000,0.000000,0.000000,0.022292,0.000000,0.000000,0.000000,0.00100000
7,638,0.450193,0.000137,97.6998,0.000000,0.000000,0.000000,0.038856,0.000000,0.000000,0.000000,0.00100000
7,639,0.393040,0.000124,102.7895,0.000000,0.000000,0.000000,0.007948,0.000000,0.000000,0.000000,0.00100000
7,640,0.416608,0.000131,94.1629,0.000000,0.000000,0.000000,0.008914,0.000000,0.000000,0.000000,0.00100000
7,641,0.539562,0.000168,98.7951,0.000000,0.000000,0.000000,0.027898,0.000000,0.000000,0.000000,0.00100000
7,642,0.564767,0.000177,105.3484,0.000000,0.000000,0.000000,0.019947,0.000000,0.000000,0.000000,0.00100000
7,643,0.340898,0.000106,90.9394,0.000000,0.000000,0.000000,0.016114,0.000000,0.000000,0.000000,0.00100000
7,644,0.350340,0.000108,100.7911,0.000000,0.000000,0.000000,0.025755,0.000000,0.000000,0.000000,0.00100000
7,645,0.241458,0.000076,73.8198,0.000000,0.000000,0.000000,0.004000,0.000000,0.000000,0.000000,0.00100000
7,646,0.340053,0.000106,78.6565,0.000000,0.000000,0.000000,0.016404,0.000000,0.000000,0.000000,0.00100000
7,647,0.359077,0.000113,92.4187,0.000000,0.000000,0.000000,0.008965,0.000000,0.000000,0.000000,0.00100000
7,648,0.399355,0.000126,94.4280,0.000000,0.000000,0.000000,0.006338,0.000000,0.000000,0.000000,0.00100000
7,649,0.302036,0.000096,88.4026,0.000000,0.000000,0.000000,0.003678,0.000000,0.000000,0.000000,0.00100000
7,650,0.304119,0.000096,85.8951,0.000000,0.000000,0.000000,0.004000,0.000000,0.000000,0.000000,0.00100000
7,651,0.256995,0.000081,81.8320,0.000000,0.000000,0.000000,0.003034,0.000000,0.000000,0.000000,0.00100000
7,652,0.300388,0.000095,97.6387,0.000000,0.000000,0.000000,0.003356,0.000000,0.000000,0.000000,0.00100000
7,653,0.288574,0.000092,95.7572,0.000000,0.000000,0.000000,0.002847,0.000000,0.000000,0.000000,0.00100000
7,654,0.371193,0.000117,74.0405,0.000000,0.000000,0.000000,0.006576,0.000000,0.000000,0.000000,0.00100000
7,655,0.301690,0.000096,88.4753,0.000000,0.000000,0.000000,0.003034,0.000000,0.000000,0.000000,0.00100000
7,656,0.307010,0.000097,85.3163,0.000000,0.000000,0.000000,0.003034,0.000000,0.000000,0.000000,0.00100000
7,657,0.378344,0.000119,89.5864,0.000000,0.000000,0.000000,0.008270,0.000000,0.000000,0.000000,0.00100000
7,658,0.736799,0.000231,100.6284,0.000000,0.000000,0.000000,0.024794,0.000000,0.000000,0.000000,0.00100000
7,659,0.554916,0.000174,87.3271,0.000000,0.000000,0.000000,0.019887,0.000000,0.000000,0.000000,0.00100000
7,660,0.874648,0.000274,99.0013,0.000000,0.000000,0.000000,0.030179,0.000000,0.000000,0.000000,0.00100000
7,661,0.780938,0.000241,87.1594,0.000000,0.000000,0.000000,0.052730,0.000000,0.000000,0.000000,0.00100000
7,662,0.795650,0.000250,105.6502,0.000000,0.000000,0.000000,0.021589,0.000000,0.000000,0.000000,0.00100000
7,663,0.962417,0.000296,105.0897,0.000000,0.000000,0.000000,0.070964,0.000000,0.000000,0.000000,0.00100000
7,664,0.875383,0.000268,104.2691,0.000000,0.000000,0.000000,0.066922,0.000000,0.000000,0.000000,0.00100000
7,665,0.574648,0.000176,89.4014,0.000000,0.000000,0.000000,0.047446,0.000000,0.000000,0.000000,0.00100000
7,666,0.580397,0.000182,93.7305,0.000000,0.000000,0.000000,0.018046,0.000000,0.000000,0.000000,0.00100000
7,667,0.860062,0.000269,107.8885,0.000000,0.000000,0.000000,0.032404,0.000000,0.000000,0.000000,0.00100000
7,668,0.691725,0.000215,86.4336,0.000000,0.000000,0.000000,0.032550,0.000000,0.000000,0.000000,0.00100000
7,669,0.591316,0.000185,93.9146,0.000000,0.000000,0.000000,0.021898,0.000000,0.000000,0.000000,0.00100000
7,670,0.727699,0.000226,101.7763,0.000000,0.000000,0.000000,0.035414,0.000000,0.000000,0.000000,0.00100000
7,671,0.549260,0.000173,92.6473,0.000000,0.000000,0.000000,0.012218,0.000000,0.000000,0.000000,0.00100000
7,672,0.570981,0.000178,75.7690,0.000000,0.000000,0.000000,0.023823,0.000000,0.000000,0.000000,0.00100000
7,673,0.388315,0.000119,102.3132,0.000000,0.000000,0.000000,0.028332,0.000000,0.000000,0.000000,0.00100000
7,674,0.340935,0.000108,88.4279,0.000000,0.000000,0.000000,0.004644,0.000000,0.000000,0.000000,0.00100000
7,675,0.407173,0.000129,95.9939,0.000000,0.000000,0.000000,0.006898,0.000000,0.000000,0.000000,0.00100000
7,676,0.327791,0.000104,83.2616,0.000000,0.000000,0.000000,0.004966,0.000000,0.000000,0.000000,0.00100000
7,677,0.372960,0.000118,93.9655,0.000000,0.000000,0.000000,0.004644,0.000000,0.000000,0.000000,0.00100000
7,678,0.282327,0.000089,75.9567,0.000000,0.000000,0.000000,0.007355,0.000000,0.000000,0.000000,0.00100000
7,679,0.338153,0.000107,91.9542,0.000000,0.000000,0.000000,0.004000,0.000000,0.000000,0.000000,0.00100000
7,680,0.355779,0.000112,96.3191,0.000000,0.000000,0.000000,0.006067,0.000000,0.000000,0.000000,0.00100000
7,681,0.287942,0.000091,87.5357,0.000000,0.000000,0.000000,0.003356,0.000000,0.000000,0.000000,0.00100000
7,682,0.373011,0.000118,99.4000,0.000000,0.000000,0.000000,0.003169,0.000000,0.000000,0.000000,0.00100000
7,683,0.320037,0.000102,84.2316,0.000000,0.000000,0.000000,0.003169,0.000000,0.000000,0.000000,0.00100000
7,684,0.322624,0.000102,86.8555,0.000000,0.000000,0.000000,0.005288,0.000000,0.000000,0.000000,0.00100000
7,685,0.401235,0.000128,101.6273,0.000000,0.000000,0.000000,0.002068,0.000000,0.000000,0.000000,0.00100000
7,686,0.337848,0.000107,103.4078,0.000000,0.000000,0.000000,0.001746,0.000000,0.000000,0.000000,0.00100000
7,687,0.299996,0.000095,97.5400,0.000000,0.000000,0.000000,0.004966,0.000000,0.000000,0.000000,0.00100000
7,688,0.424892,0.000134,97.2194,0.000000,0.000000,0.000000,0.007490,0.000000,0.000000,0.000000,0.00100000
7,689,0.418308,0.000133,86.2026,0.000000,0.000000,0.000000,0.004644,0.000000,0.000000,0.000000,0.00100000
7,690,0.302597,0.000096,98.9616,0.000000,0.000000,0.000000,0.003169,0.000000,0.000000,0.000000,0.00100000
7,691,0.352890,0.000112,92.1789,0.000000,0.000000,0.000000,0.004000,0.000000,0.000000,0.000000,0.00100000
7,692,0.470425,0.000149,101.8159,0.000000,0.000000,0.000000,0.006389,0.000000,0.000000,0.000000,0.00100000
7,693,0.315897,0.000100,82.7591,0.000000,0.000000,0.000000,0.005101,0.000000,0.000000,0.000000,0.00100000
7,694,0.408985,0.000130,106.5162,0.000000,0.000000,0.000000,0.002390,0.000000,0.000000,0.000000,0.00100000
7,695,0.285907,0.000091,88.3531,0.000000,0.000000,0.000000,0.002390,0.000000,0.000000,0.000000,0.00100000
7,696,0.487646,0.000155,103.1277,0.000000,0.000000,0.000000,0.003169,0.000000,0.000000,0.000000,0.00100000
7,697,0.321986,0.000102,95.8595,0.000000,0.000000,0.000000,0.003491,0.000000,0.000000,0.000000,0.00100000
7,698,0.297650,0.000095,96.7545,0.000000,0.000000,0.000000,0.002390,0.000000,0.000000,0.000000,0.00100000
7,699,0.338440,0.000107,95.3853,0.000000,0.000000,0.000000,0.004966,0.000000,0.000000,0.000000,0.00100000
7,700,0.286575,0.000091,85.7569,0.000000,0.000000,0.000000,0.005101,0.000000,0.000000,0.000000,0.00100000
7,701,0.398247,0.000127,103.7862,0.000000,0.000000,0.000000,0.003034,0.000000,0.000000,0.000000,0.00100000
7,702,0.286400,0.000090,75.3228,0.000000,0.000000,0.000000,0.005558,0.000000,0.000000,0.000000,0.00100000
7,703,0.309670,0.000098,97.2155,0.000000,0.000000,0.000000,0.004000,0.000000,0.000000,0.000000,0.00100000
7,704,0.427116,0.000135,91.9837,0.000000,0.000000,0.000000,0.009302,0.000000,0.000000,0.000000,0.00100000
7,705,0.330494,0.000105,97.7962,0.000000,0.000000,0.000000,0.003356,0.000000,0.000000,0.000000,0.00100000
7,706,0.315925,0.000100,93.9958,0.000000,0.000000,0.000000,0.004457,0.000000,0.000000,0.000000,0.00100000
7,707,0.364784,0.000116,101.6122,0.000000,0.000000,0.000000,0.004966,0.000000,0.000000,0.000000,0.00100000
7,708,0.282269,0.000090,99.3482,0.000000,0.000000,0.000000,0.002712,0.000000,0.000000,0.000000,0.00100000
7,709,0.315583,0.000100,98.2250,0.000000,0.000000,0.000000,0.002390,0.000000,0.000000,0.000000,0.00100000
7,710,0.285363,0.000091,94.9620,0.000000,0.000000,0.000000,0.002068,0.000000,0.000000,0.000000,0.00100000
7,711,0.309888,0.000098,96.8453,0.000000,0.000000,0.000000,0.002712,0.000000,0.000000,0.000000,0.00100000
7,712,0.302137,0.000096,98.7664,0.000000,0.000000,0.000000,0.002390,0.000000,0.000000,0.000000,0.00100000
7,713,0.265168,0.000084,99.8724,0.000000,0.000000,0.000000,0.002068,0.000000,0.000000,0.000000,0.00100000
7,714,0.270393,0.000086,94.1818,0.000000,0.000000,0.000000,0.002390,0.000000,0.000000,0.000000,0.00100000
7,715,0.284707,0.000090,94.4158,0.000000,0.000000,0.000000,0.002068,0.000000,0.000000,0.000000,0.00100000
7,716,0.367051,0.000116,101.6838,0.000000,0.000000,0.000000,0.005288,0.000000,0.000000,0.000000,0.00100000
7,717,0.286848,0.000091,100.7643,0.000000,0.000000,0.000000,0.003356,0.000000,0.000000,0.000000,0.00100000
7,718,0.316283,0.000100,85.9707,0.000000,0.000000,0.000000,0.002712,0.000000,0.000000,0.000000,0.00100000
7,719,0.303239,0.000096,100.0708,0.000000,0.000000,0.000000,0.002712,0.000000,0.000000,0.000000,0.00100000
8,1,0.491568,0.000156,87.8344,0.000000,0.000000,0.000000,0.006067,0.000000,0.000000,0.000000,0.00100000
8,2,0.409440,0.000130,90.6047,0.000000,0.000000,0.000000,0.005293,0.000000,0.000000,0.000000,0.00100000
8,3,0.440877,0.000140,88.6428,0.000000,0.000000,0.000000,0.004000,0.000000,0.000000,0.000000,0.00100000
8,4,0.404742,0.000128,93.6220,0.000000,0.000000,0.000000,0.004135,0.000000,0.000000,0.000000,0.00100000
8,5,0.431551,0.000137,91.9817,0.000000,0.000000,0.000000,0.004462,0.000000,0.000000,0.000000,0.00100000
8,6,0.418499,0.000133,92.1100,0.000000,0.000000,0.000000,0.004779,0.000000,0.000000,0.000000,0.00100000
8,7,0.420746,0.000134,92.2648,0.000000,0.000000,0.000000,0.003948,0.000000,0.000000,0.000000,0.00100000
8,8,0.427607,0.000135,88.2012,0.000000,0.000000,0.000000,0.007687,0.000000,0.000000,0.000000,0.00100000
8,9,0.391211,0.000124,92.0957,0.000000,0.000000,0.000000,0.004966,0.000000,0.000000,0.000000,0.00100000
8,10,0.441359,0.000140,88.2011,0.000000,0.000000,0.000000,0.007168,0.000000,0.000000,0.000000,0.00100000
8,11,0.409361,0.000130,90.7273,0.000000,0.000000,0.000000,0.004457,0.000000,0.000000,0.000000,0.00100000
8,12,0.361971,0.000114,90.9053,0.000000,0.000000,0.000000,0.006151,0.000000,0.000000,0.000000,0.00100000
8,13,0.388847,0.000123,91.1575,0.000000,0.000000,0.000000,0.003356,0.000000,0.000000,0.000000,0.00100000
8,14,0.405990,0.000129,91.6077,0.000000,0.000000,0.000000,0.004779,0.000000,0.000000,0.000000,0.00100000
8,15,0.386856,0.000123,92.2936,0.000000,0.000000,0.000000,0.004322,0.000000,0.000000,0.000000,0.00100000
8,16,0.458662,0.000145,91.6060,0.000000,0.000000,0.000000,0.006067,0.000000,0.000000,0.000000,0.00100000
8,17,0.462846,0.000146,99.1116,0.000000,0.000000,0.000000,0.007761,0.000000,0.000000,0.000000,0.00100000
8,18,0.487669,0.000155,93.6500,0.000000,0.000000,0.000000,0.005610,0.000000,0.000000,0.000000,0.00100000
8,19,0.451977,0.000143,93.7283,0.000000,0.000000,0.000000,0.005745,0.000000,0.000000,0.000000,0.00100000
8,20,0.389045,0.000123,93.7812,0.000000,0.000000,0.000000,0.004966,0.000000,0.000000,0.000000,0.00100000
8,21,0.445682,0.000142,91.6100,0.000000,0.000000,0.000000,0.002712,0.000000,0.000000,0.000000,0.00100000
8,22,0.453520,0.000144,95.9366,0.000000,0.000000,0.000000,0.006067,0.000000,0.000000,0.000000,0.00100000
8,23,0.433024,0.000137,92.8047,0.000000,0.000000,0.000000,0.004135,0.000000,0.000000,0.000000,0.00100000
8,24,0.453508,0.000144,93.3763,0.000000,0.000000,0.000000,0.002712,0.000000,0.000000,0.000000,0.00100000
8,25,0.443271,0.000141,91.5994,0.000000,0.000000,0.000000,0.003678,0.000000,0.000000,0.000000,0.00100000
8,26,0.424333,0.000135,93.2859,0.000000,0.000000,0.000000,0.003491,0.000000,0.000000,0.000000,0.00100000
8,27,0.407936,0.000130,95.2700,0.000000,0.000000,0.000000,0.003356,0.000000,0.000000,0.000000,0.00100000
8,28,0.452471,0.000144,96.1993,0.000000,0.000000,0.000000,0.004270,0.000000,0.000000,0.000000,0.00100000
8,29,0.409739,0.000130,92.5793,0.000000,0.000000,0.000000,0.003678,0.000000,0.000000,0.000000,0.00100000
8,30,0.404069,0.000128,94.2911,0.000000,0.000000,0.000000,0.002712,0.000000,0.000000,0.000000,0.00100000
8,31,0.391366,0.000124,90.0897,0.000000,0.000000,0.000000,0.004644,0.000000,0.000000,0.000000,0.00100000
8,32,0.453240,0.000142,87.9829,0.000000,0.000000,0.000000,0.013100,0.000000,0.000000,0.000000,0.00100000
8,33,0.373577,0.000118,95.3457,0.000000,0.000000,0.000000,0.006320,0.000000,0.000000,0.000000,0.00100000
8,34,0.414514,0.000129,94.0876,0.000000,0.000000,0.000000,0.021879,0.000000,0.000000,0.000000,0.00100000
8,35,0.368862,0.000115,90.7681,0.000000,0.000000,0.000000,0.016385,0.000000,0.000000,0.000000,0.00100000
8,36,0.351972,0.000111,89.4327,0.000000,0.000000,0.000000,0.006254,0.000000,0.000000,0.000000,0.00100000
8,37,0.337750,0.000107,92.5262,0.000000,0.000000,0.000000,0.005423,0.000000,0.000000,0.000000,0.00100000
8,38,0.397432,0.000126,93.6343,0.000000,0.000000,0.000000,0.005288,0.000000,0.000000,0.000000,0.00100000
8,39,0.383882,0.000121,91.3590,0.000000,0.000000,0.000000,0.007594,0.000000,0.000000,0.000000,0.00100000
8,40,0.374943,0.000119,90.5568,0.000000,0.000000,0.000000,0.004457,0.000000,0.000000,0.000000,0.00100000
8,41,0.360495,0.000114,91.5660,0.000000,0.000000,0.000000,0.003034,0.000000,0.000000,0.000000,0.00100000
8,42,0.352307,0.000111,89.8472,0.000000,0.000000,0.000000,0.005428,0.000000,0.000000,0.000000,0.00100000
8,43,0.322804,0.000102,88.9990,0.000000,0.000000,0.000000,0.004000,0.000000,0.000000,0.000000,0.00100000
8,44,0.331375,0.000105,86.8777,0.000000,0.000000,0.000000,0.003356,0.000000,0.000000,0.000000,0.00100000
8,45,0.288992,0.000092,86.0046,0.000000,0.000000,0.000000,0.003169,0.000000,0.000000,0.000000,0.00100000
8,46,0.359208,0.000114,88.3959,0.000000,0.000000,0.000000,0.004922,0.000000,0.000000,0.000000,0.00100000
8,47,0.362328,0.000113,89.7025,0.000000,0.000000,0.000000,0.014502,0.000000,0.000000,0.000000,0.00100000
8,48,0.445896,0.000137,88.1333,0.000000,0.000000,0.000000,0.033505,0.000000,0.000000,0.000000,0.00100000
8,49,0.338756,0.000099,91.2531,0.000000,0.000000,0.000000,0.053830,0.000000,0.000000,0.000000,0.00100000
8,50,0.357071,0.000107,84.2931,0.000000,0.000000,0.000000,0.040360,0.000000,0.000000,0.000000,0.00100000
8,51,0.420581,0.000128,89.8384,0.000000,0.000000,0.000000,0.036375,0.000000,0.000000,0.000000,0.00100000
8,52,0.314697,0.000098,89.0344,0.000000,0.000000,0.000000,0.017615,0.000000,0.000000,0.000000,0.00100000
8,53,0.394428,0.000124,88.5058,0.000000,0.000000,0.000000,0.009287,0.000000,0.000000,0.000000,0.00100000
8,54,0.366669,0.000115,89.1004,0.000000,0.000000,0.000000,0.010369,0.000000,0.000000,0.000000,0.00100000
8,55,0.426722,0.000135,87.0005,0.000000,0.000000,0.000000,0.005288,0.000000,0.000000,0.000000,0.00100000
8,56,0.413126,0.000130,89.8996,0.000000,0.000000,0.000000,0.008270,0.000000,0.000000,0.000000,0.00100000
8,57,0.413052,0.000130,96.3505,0.000000,0.000000,0.000000,0.008270,0.000000,0.000000,0.000000,0.00100000
8,58,0.378477,0.000119,91.3081,0.000000,0.000000,0.000000,0.007490,0.000000,0.000000,0.000000,0.00100000
8,59,0.384328,0.000122,91.3157,0.000000,0.000000,0.000000,0.004000,0.000000,0.000000,0.000000,0.00100000
8,60,0.348549,0.000110,96.0277,0.000000,0.000000,0.000000,0.004592,0.000000,0.000000,0.000000,0.00100000
8,61,0.626635,0.000197,93.9191,0.000000,0.000000,0.000000,0.018572,0.000000,0.000000,0.000000,0.00100000
8,62,0.440340,0.000138,102.7394,0.000000,0.000000,0.000000,0.017198,0.000000,0.000000,0.000000,0.00100000
8,63,0.497417,0.000154,91.8312,0.000000,0.000000,0.000000,0.029709,0.000000,0.000000,0.000000,0.00100000
8,64,0.397479,0.000125,89.8702,0.000000,0.000000,0.000000,0.011630,0.000000,0.000000,0.000000,0.00100000
8,65,0.410193,0.000129,95.0382,0.000000,0.000000,0.000000,0.011406,0.000000,0.000000,0.000000,0.00100000
8,66,0.391118,0.000123,90.7812,0.000000,0.000000,0.000000,0.010981,0.000000,0.000000,0.000000,0.00100000
8,67,0.437400,0.000139,93.5688,0.000000,0.000000,0.000000,0.005236,0.000000,0.000000,0.000000,0.00100000
8,68,0.387341,0.000123,90.1785,0.000000,0.000000,0.000000,0.003356,0.000000,0.000000,0.000000,0.00100000
8,69,0.359838,0.000114,89.3815,0.000000,0.000000,0.000000,0.003356,0.000000,0.000000,0.000000,0.00100000
8,70,0.343057,0.000109,92.8819,0.000000,0.000000,0.000000,0.003356,0.000000,0.000000,0.000000,0.00100000
8,71,0.399081,0.000127,94.8172,0.000000,0.000000,0.000000,0.004457,0.000000,0.000000,0.000000,0.00100000
8,72,0.387283,0.000123,91.5344,0.000000,0.000000,0.000000,0.002712,0.000000,0.000000,0.000000,0.00100000
8,73,0.392622,0.000125,87.2946,0.000000,0.000000,0.000000,0.002712,0.000000,0.000000,0.000000,0.00100000
8,74,0.382567,0.000122,90.2037,0.000000,0.000000,0.000000,0.003034,0.000000,0.000000,0.000000,0.00100000
8,75,0.376470,0.000119,93.5202,0.000000,0.000000,0.000000,0.003678,0.000000,0.000000,0.000000,0.00100000
8,76,0.403483,0.000128,90.9522,0.000000,0.000000,0.000000,0.003356,0.000000,0.000000,0.000000,0.00100000
8,77,0.352509,0.000112,92.5419,0.000000,0.000000,0.000000,0.003361,0.000000,0.000000,0.000000,0.00100000
8,78,0.379762,0.000120,91.8092,0.000000,0.000000,0.000000,0.004000,0.000000,0.000000,0.000000,0.00100000
8,79,0.464928,0.000146,92.7064,0.000000,0.000000,0.000000,0.012965,0.000000,0.000000,0.000000,0.00100000
8,80,0.435083,0.000138,98.8492,0.000000,0.000000,0.000000,0.005694,0.000000,0.000000,0.000000,0.00100000
8,81,0.332779,0.000106,92.0935,0.000000,0.000000,0.000000,0.002390,0.000000,0.000000,0.000000,0.00100000
8,82,0.333034,0.000105,90.7251,0.000000,0.000000,0.000000,0.007626,0.000000,0.000000,0.000000,0.00100000
8,83,0.371952,0.000117,85.0794,0.000000,0.000000,0.000000,0.008186,0.000000,0.000000,0.000000,0.00100000
8,84,0.380534,0.000121,99.9214,0.000000,0.000000,0.000000,0.005101,0.000000,0.000000,0.000000,0.00100000
8,85,0.334509,0.000106,97.0779,0.000000,0.000000,0.000000,0.003356,0.000000,0.000000,0.000000,0.00100000
8,86,0.424628,0.000135,96.7268,0.000000,0.000000,0.000000,0.004270,0.000000,0.000000,0.000000,0.00100000
8,87,0.495153,0.000156,100.9764,0.000000,0.000000,0.000000,0.008831,0.000000,0.000000,0.000000,0.00100000
8,88,0.398620,0.000126,106.7698,0.000000,0.000000,0.000000,0.004644,0.000000,0.000000,0.000000,0.00100000
8,89,0.510958,0.000162,107.8435,0.000000,0.000000,0.000000,0.004000,0.000000,0.000000,0.000000,0.00100000
8,90,0.323318,0.000102,80.9959,0.000000,0.000000,0.000000,0.005745,0.000000,0.000000,0.000000,0.00100000
8,91,0.268030,0.000085,79.3525,0.000000,0.000000,0.000000,0.003491,0.000000,0.000000,0.000000,0.00100000
8,92,0.249543,0.000079,68.7451,0.000000,0.000000,0.000000,0.003034,0.000000,0.000000,0.000000,0.00100000
8,93,0.373177,0.000118,88.5386,0.000000,0.000000,0.000000,0.004779,0.000000,0.000000,0.000000,0.00100000
8,94,0.418937,0.000132,98.7840,0.000000,0.000000,0.000000,0.008457,0.000000,0.000000,0.000000,0.00100000
8,95,0.409300,0.000129,91.8125,0.000000,0.000000,0.000000,0.008592,0.000000,0.000000,0.000000,0.00100000
8,96,0.406996,0.000128,92.8864,0.000000,0.000000,0.000000,0.008785,0.000000,0.000000,0.000000,0.00100000
8,97,0.393336,0.000124,91.6469,0.000000,0.000000,0.000000,0.007542,0.000000,0.000000,0.000000,0.00100000
8,98,0.403900,0.000128,92.8378,0.000000,0.000000,0.000000,0.004405,0.000000,0.000000,0.000000,0.00100000
8,99,0.396307,0.000126,93.6905,0.000000,0.000000,0.000000,0.004322,0.000000,0.000000,0.000000,0.00100000
8,100,0.366219,0.000116,88.2022,0.000000,0.000000,0.000000,0.004966,0.000000,0.000000,0.000000,0.00100000
8,101,0.414457,0.000132,91.7186,0.000000,0.000000,0.000000,0.003034,0.000000,0.000000,0.000000,0.00100000
8,102,0.393569,0.000125,91.7287,0.000000,0.000000,0.000000,0.003034,0.000000,0.000000,0.000000,0.00100000
8,103,0.397633,0.000126,89.5376,0.000000,0.000000,0.000000,0.003034,0.000000,0.000000,0.000000,0.00100000
8,104,0.389016,0.000124,91.6996,0.000000,0.000000,0.000000,0.002390,0.000000,0.000000,0.000000,0.00100000
8,105,0.387483,0.000123,91.2433,0.000000,0.000000,0.000000,0.004644,0.000000,0.000000,0.000000,0.00100000
8,106,0.390139,0.000124,91.0534,0.000000,0.000000,0.000000,0.003356,0.000000,0.000000,0.000000,0.00100000
8,107,0.412630,0.000131,87.8132,0.000000,0.000000,0.000000,0.005546,0.000000,0.000000,0.000000,0.00100000
8,108,0.374869,0.000119,92.9056,0.000000,0.000000,0.000000,0.003034,0.000000,0.000000,0.000000,0.00100000
8,109,0.378775,0.000120,93.3056,0.000000,0.000000,0.000000,0.005288,0.000000,0.000000,0.000000,0.00100000
8,110,0.401222,0.000126,87.0530,0.000000,0.000000,0.000000,0.011134,0.000000,0.000000,0.000000,0.00100000
8,111,0.390873,0.000123,82.8021,0.000000,0.000000,0.000000,0.009964,0.000000,0.000000,0.000000,0.00100000
8,112,0.356904,0.000111,83.5690,0.000000,0.000000,0.000000,0.015895,0.000000,0.000000,0.000000,0.00100000
8,113,0.310519,0.000093,88.4002,0.000000,0.000000,0.000000,0.036591,0.000000,0.000000,0.000000,0.00100000
8,114,0.473623,0.000145,91.7816,0.000000,0.000000,0.000000,0.038140,0.000000,0.000000,0.000000,0.00100000
8,115,0.463814,0.000146,100.4804,0.000000,0.000000,0.000000,0.014577,0.000000,0.000000,0.000000,0.00100000
8,116,0.554147,0.000174,105.6823,0.000000,0.000000,0.000000,0.017537,0.000000,0.000000,0.000000,0.00100000
8,117,0.326487,0.000103,75.4043,0.000000,0.000000,0.000000,0.005423,0.000000,0.000000,0.000000,0.00100000
8,118,0.413377,0.000129,84.3078,0.000000,0.000000,0.000000,0.015527,0.000000,0.000000,0.000000,0.00100000
8,119,0.332825,0.000105,82.0287,0.000000,0.000000,0.000000,0.007999,0.000000,0.000000,0.000000,0.00100000
8,120,0.425275,0.000135,102.4649,0.000000,0.000000,0.000000,0.003356,0.000000,0.000000,0.000000,0.00100000
8,121,0.397047,0.000125,97.5864,0.000000,0.000000,0.000000,0.008135,0.000000,0.000000,0.000000,0.00100000
8,122,0.424335,0.000134,102.6488,0.000000,0.000000,0.000000,0.005423,0.000000,0.000000,0.000000,0.00100000
8,123,0.479240,0.000152,103.4775,0.000000,0.000000,0.000000,0.006067,0.000000,0.000000,0.000000,0.00100000
8,124,0.462987,0.000146,105.3393,0.000000,0.000000,0.000000,0.007813,0.000000,0.000000,0.000000,0.00100000
8,125,0.370499,0.000117,88.4412,0.000000,0.000000,0.000000,0.004914,0.000000,0.000000,0.000000,0.00100000
8,126,0.443945,0.000135,99.5774,0.000000,0.000000,0.000000,0.040635,0.000000,0.000000,0.000000,0.00100000
8,127,0.431213,0.000135,98.2390,0.000000,0.000000,0.000000,0.017609,0.000000,0.000000,0.000000,0.00100000
8,128,0.349954,0.000110,90.9282,0.000000,0.000000,0.000000,0.011220,0.000000,0.000000,0.000000,0.00100000
8,129,0.418228,0.000132,102.7592,0.000000,0.000000,0.000000,0.006711,0.000000,0.000000,0.000000,0.00100000
8,130,0.280636,0.000089,83.2061,0.000000,0.000000,0.000000,0.005932,0.000000,0.000000,0.000000,0.00100000
8,131,0.320101,0.000102,89.5382,0.000000,0.000000,0.000000,0.003356,0.000000,0.000000,0.000000,0.00100000
8,132,0.307867,0.000098,93.5280,0.000000,0.000000,0.000000,0.003034,0.000000,0.000000,0.000000,0.00100000
8,133,0.402435,0.000127,99.2125,0.000000,0.000000,0.000000,0.006338,0.000000,0.000000,0.000000,0.00100000
8,134,0.249076,0.000079,85.3652,0.000000,0.000000,0.000000,0.005101,0.000000,0.000000,0.000000,0.00100000
8,135,0.386070,0.000122,88.0248,0.000000,0.000000,0.000000,0.007439,0.000000,0.000000,0.000000,0.00100000
8,136,0.342350,0.000109,98.7406,0.000000,0.000000,0.000000,0.003678,0.000000,0.000000,0.000000,0.00100000
8,137,0.296545,0.000094,78.6392,0.000000,0.000000,0.000000,0.003678,0.000000,0.000000,0.000000,0.00100000
8,138,0.482642,0.000151,98.7445,0.000000,0.000000,0.000000,0.018403,0.000000,0.000000,0.000000,0.00100000
8,139,0.394083,0.000123,102.7015,0.000000,0.000000,0.000000,0.014119,0.000000,0.000000,0.000000,0.00100000
8,140,0.367388,0.000117,101.5506,0.000000,0.000000,0.000000,0.003034,0.000000,0.000000,0.000000,0.00100000
8,141,0.557711,0.000176,105.5942,0.000000,0.000000,0.000000,0.008675,0.000000,0.000000,0.000000,0.00100000
8,142,0.663204,0.000210,104.2138,0.000000,0.000000,0.000000,0.011677,0.000000,0.000000,0.000000,0.00100000
8,143,0.426223,0.000134,89.4958,0.000000,0.000000,0.000000,0.010067,0.000000,0.000000,0.000000,0.00100000
8,144,0.423625,0.000134,87.9338,0.000000,0.000000,0.000000,0.007033,0.000000,0.000000,0.000000,0.00100000
8,145,0.448533,0.000142,93.1491,0.000000,0.000000,0.000000,0.005932,0.000000,0.000000,0.000000,0.00100000
8,146,0.552907,0.000175,92.5974,0.000000,0.000000,0.000000,0.005610,0.000000,0.000000,0.000000,0.00100000
8,147,0.524828,0.000167,98.0176,0.000000,0.000000,0.000000,0.005101,0.000000,0.000000,0.000000,0.00100000
8,148,0.635868,0.000202,108.1099,0.000000,0.000000,0.000000,0.005372,0.000000,0.000000,0.000000,0.00100000
8,149,0.360508,0.000114,80.2554,0.000000,0.000000,0.000000,0.005423,0.000000,0.000000,0.000000,0.00100000
8,150,0.487813,0.000155,99.3056,0.000000,0.000000,0.000000,0.004322,0.000000,0.000000,0.000000,0.00100000
8,151,0.502966,0.000160,107.6486,0.000000,0.000000,0.000000,0.002712,0.000000,0.000000,0.000000,0.00100000
8,152,0.427049,0.000136,97.1099,0.000000,0.000000,0.000000,0.002712,0.000000,0.000000,0.000000,0.00100000
8,153,0.570002,0.000181,105.0319,0.000000,0.000000,0.000000,0.005050,0.000000,0.000000,0.000000,0.00100000
8,154,0.410020,0.000130,91.1545,0.000000,0.000000,0.000000,0.002712,0.000000,0.000000,0.000000,0.00100000
8,155,0.390984,0.000124,96.2214,0.000000,0.000000,0.000000,0.004457,0.000000,0.000000,0.000000,0.00100000
8,156,0.427751,0.000136,98.7640,0.000000,0.000000,0.000000,0.005558,0.000000,0.000000,0.000000,0.00100000
8,157,0.581489,0.000182,88.5956,0.000000,0.000000,0.000000,0.020030,0.000000,0.000000,0.000000,0.00100000
8,158,0.445821,0.000137,84.8427,0.000000,0.000000,0.000000,0.034141,0.000000,0.000000,0.000000,0.00100000
8,159,0.478218,0.000150,91.0014,0.000000,0.000000,0.000000,0.015999,0.000000,0.000000,0.000000,0.00100000
8,160,0.412994,0.000129,87.6318,0.000000,0.000000,0.000000,0.015657,0.000000,0.000000,0.000000,0.00100000
8,161,0.487749,0.000154,108.0235,0.000000,0.000000,0.000000,0.007304,0.000000,0.000000,0.000000,0.00100000
8,162,0.392411,0.000122,101.2204,0.000000,0.000000,0.000000,0.017995,0.000000,0.000000,0.000000,0.00100000
8,163,0.399830,0.000126,98.8687,0.000000,0.000000,0.000000,0.006288,0.000000,0.000000,0.000000,0.00100000
8,164,0.575413,0.000182,99.5131,0.000000,0.000000,0.000000,0.009049,0.000000,0.000000,0.000000,0.00100000
8,165,0.352140,0.000112,84.4256,0.000000,0.000000,0.000000,0.004779,0.000000,0.000000,0.000000,0.00100000
8,166,0.529219,0.000168,91.7769,0.000000,0.000000,0.000000,0.004374,0.000000,0.000000,0.000000,0.00100000
8,167,0.409814,0.000130,97.8964,0.000000,0.000000,0.000000,0.006389,0.000000,0.000000,0.000000,0.00100000
8,168,0.425087,0.000135,95.3536,0.000000,0.000000,0.000000,0.006067,0.000000,0.000000,0.000000,0.00100000
8,169,0.357936,0.000113,86.2409,0.000000,0.000000,0.000000,0.006202,0.000000,0.000000,0.000000,0.00100000
8,170,0.365384,0.000116,103.7671,0.000000,0.000000,0.000000,0.003356,0.000000,0.000000,0.000000,0.00100000
8,171,0.300333,0.000095,73.8204,0.000000,0.000000,0.000000,0.007542,0.000000,0.000000,0.000000,0.00100000
8,172,0.397175,0.000126,98.0836,0.000000,0.000000,0.000000,0.006711,0.000000,0.000000,0.000000,0.00100000
8,173,0.437570,0.000138,98.3544,0.000000,0.000000,0.000000,0.009288,0.000000,0.000000,0.000000,0.00100000
8,174,0.283179,0.000090,79.5555,0.000000,0.000000,0.000000,0.002712,0.000000,0.000000,0.000000,0.00100000
8,175,0.361022,0.000112,85.6515,0.000000,0.000000,0.000000,0.020945,0.000000,0.000000,0.000000,0.00100000
8,176,0.477998,0.000151,105.4453,0.000000,0.000000,0.000000,0.008592,0.000000,0.000000,0.000000,0.00100000
8,177,0.344607,0.000105,93.6398,0.000000,0.000000,0.000000,0.032035,0.000000,0.000000,0.000000,0.00100000
8,178,0.277786,0.000088,80.9205,0.000000,0.000000,0.000000,0.005101,0.000000,0.000000,0.000000,0.00100000
8,179,0.272608,0.000085,92.7784,0.000000,0.000000,0.000000,0.010983,0.000000,0.000000,0.000000,0.00100000
8,180,0.285320,0.000090,93.2213,0.000000,0.000000,0.000000,0.007490,0.000000,0.000000,0.000000,0.00100000
8,181,0.301274,0.000095,96.1663,0.000000,0.000000,0.000000,0.008675,0.000000,0.000000,0.000000,0.00100000
8,182,0.439864,0.000140,94.7851,0.000000,0.000000,0.000000,0.003813,0.000000,0.000000,0.000000,0.00100000
8,183,0.281615,0.000088,87.6026,0.000000,0.000000,0.000000,0.011065,0.000000,0.000000,0.000000,0.00100000
8,184,0.262469,0.000083,92.3184,0.000000,0.000000,0.000000,0.003678,0.000000,0.000000,0.000000,0.00100000
8,185,0.317955,0.000101,74.7596,0.000000,0.000000,0.000000,0.002390,0.000000,0.000000,0.000000,0.00100000
8,186,0.405507,0.000128,97.0557,0.000000,0.000000,0.000000,0.007542,0.000000,0.000000,0.000000,0.00100000
8,187,0.318913,0.000101,102.2220,0.000000,0.000000,0.000000,0.002390,0.000000,0.000000,0.000000,0.00100000
8,188,0.420291,0.000133,96.4697,0.000000,0.000000,0.000000,0.004135,0.000000,0.000000,0.000000,0.00100000
8,189,0.436097,0.000137,90.3279,0.000000,0.000000,0.000000,0.014472,0.000000,0.000000,0.000000,0.00100000
8,190,0.425408,0.000135,96.8011,0.000000,0.000000,0.000000,0.004270,0.000000,0.000000,0.000000,0.00100000
8,191,0.311068,0.000098,87.1618,0.000000,0.000000,0.000000,0.007677,0.000000,0.000000,0.000000,0.00100000
8,192,0.262535,0.000083,81.7828,0.000000,0.000000,0.000000,0.003356,0.000000,0.000000,0.000000,0.00100000
8,193,0.403854,0.000128,96.4955,0.000000,0.000000,0.000000,0.002390,0.000000,0.000000,0.000000,0.00100000
8,194,0.343506,0.000109,93.7916,0.000000,0.000000,0.000000,0.003678,0.000000,0.000000,0.000000,0.00100000
8,195,0.345532,0.000110,97.2156,0.000000,0.000000,0.000000,0.003356,0.000000,0.000000,0.000000,0.00100000
8,196,0.297327,0.000094,86.4787,0.000000,0.000000,0.000000,0.006711,0.000000,0.000000,0.000000,0.00100000
8,197,0.452445,0.000143,109.7418,0.000000,0.000000,0.000000,0.004966,0.000000,0.000000,0.000000,0.00100000
8,198,0.287203,0.000091,84.9827,0.000000,0.000000,0.000000,0.002525,0.000000,0.000000,0.000000,0.00100000
8,199,0.302787,0.000096,91.3851,0.000000,0.000000,0.000000,0.001746,0.000000,0.000000,0.000000,0.00100000
8,200,0.235572,0.000075,91.1348,0.000000,0.000000,0.000000,0.002390,0.000000,0.000000,0.000000,0.00100000
8,201,0.362839,0.000115,94.8916,0.000000,0.000000,0.000000,0.003678,0.000000,0.000000,0.000000,0.00100000
8,202,0.257899,0.000082,85.9405,0.000000,0.000000,0.000000,0.001424,0.000000,0.000000,0.000000,0.00100000
8,203,0.341161,0.000108,88.2686,0.000000,0.000000,0.000000,0.007866,0.000000,0.000000,0.000000,0.00100000
8,204,0.355098,0.000110,78.0786,0.000000,0.000000,0.000000,0.022926,0.000000,0.000000,0.000000,0.00100000
8,205,0.379850,0.000121,105.1899,0.000000,0.000000,0.000000,0.003491,0.000000,0.000000,0.000000,0.00100000
8,206,0.347705,0.000109,101.4682,0.000000,0.000000,0.000000,0.013539,0.000000,0.000000,0.000000,0.00100000
8,207,0.314016,0.000099,89.6170,0.000000,0.000000,0.000000,0.006254,0.000000,0.000000,0.000000,0.00100000
8,208,0.468744,0.000148,100.4385,0.000000,0.000000,0.000000,0.008830,0.000000,0.000000,0.000000,0.00100000
8,209,0.265301,0.000084,89.9942,0.000000,0.000000,0.000000,0.003034,0.000000,0.000000,0.000000,0.00100000
8,210,0.262768,0.000082,94.1422,0.000000,0.000000,0.000000,0.009932,0.000000,0.000000,0.000000,0.00100000
8,211,0.361813,0.000115,93.5078,0.000000,0.000000,0.000000,0.004000,0.000000,0.000000,0.000000,0.00100000
8,212,0.275283,0.000087,79.5187,0.000000,0.000000,0.000000,0.004322,0.000000,0.000000,0.000000,0.00100000
8,213,0.291431,0.000092,89.5351,0.000000,0.000000,0.000000,0.004135,0.000000,0.000000,0.000000,0.00100000
8,214,0.247923,0.000078,88.0297,0.000000,0.000000,0.000000,0.003678,0.000000,0.000000,0.000000,0.00100000
8,215,0.428128,0.000135,95.7498,0.000000,0.000000,0.000000,0.008135,0.000000,0.000000,0.000000,0.00100000
8,216,0.408607,0.000130,103.9637,0.000000,0.000000,0.000000,0.004779,0.000000,0.000000,0.000000,0.00100000
8,217,0.446015,0.000142,105.4840,0.000000,0.000000,0.000000,0.003678,0.000000,0.000000,0.000000,0.00100000
8,218,0.312833,0.000099,91.2499,0.000000,0.000000,0.000000,0.003678,0.000000,0.000000,0.000000,0.00100000
8,219,0.439277,0.000139,103.6419,0.000000,0.000000,0.000000,0.005745,0.000000,0.000000,0.000000,0.00100000
8,220,0.379292,0.000119,99.2570,0.000000,0.000000,0.000000,0.009152,0.000000,0.000000,0.000000,0.00100000
8,221,0.311546,0.000099,85.0496,0.000000,0.000000,0.000000,0.003678,0.000000,0.000000,0.000000,0.00100000
8,222,0.303915,0.000096,83.5425,0.000000,0.000000,0.000000,0.007220,0.000000,0.000000,0.000000,0.00100000
8,223,0.348267,0.000109,96.4979,0.000000,0.000000,0.000000,0.012830,0.000000,0.000000,0.000000,0.00100000
8,224,0.332132,0.000105,103.7352,0.000000,0.000000,0.000000,0.008830,0.000000,0.000000,0.000000,0.00100000
8,225,0.346358,0.000107,91.7469,0.000000,0.000000,0.000000,0.020977,0.000000,0.000000,0.000000,0.00100000
8,226,0.525797,0.000162,101.1356,0.000000,0.000000,0.000000,0.038565,0.000000,0.000000,0.000000,0.00100000
8,227,0.486370,0.000148,107.7707,0.000000,0.000000,0.000000,0.043911,0.000000,0.000000,0.000000,0.00100000
8,228,0.323399,0.000101,95.0994,0.000000,0.000000,0.000000,0.012050,0.000000,0.000000,0.000000,0.00100000
8,229,0.479210,0.000150,102.6627,0.000000,0.000000,0.000000,0.017827,0.000000,0.000000,0.000000,0.00100000
8,230,0.340114,0.000107,86.2041,0.000000,0.000000,0.000000,0.008914,0.000000,0.000000,0.000000,0.00100000
8,231,0.321596,0.000101,88.2103,0.000000,0.000000,0.000000,0.009288,0.000000,0.000000,0.000000,0.00100000
8,232,0.354331,0.000112,86.5829,0.000000,0.000000,0.000000,0.008592,0.000000,0.000000,0.000000,0.00100000
8,233,0.255952,0.000080,72.8682,0.000000,0.000000,0.000000,0.007355,0.000000,0.000000,0.000000,0.00100000
8,234,0.276004,0.000087,84.5086,0.000000,0.000000,0.000000,0.003678,0.000000,0.000000,0.000000,0.00100000
8,235,0.423987,0.000134,79.8111,0.000000,0.000000,0.000000,0.006389,0.000000,0.000000,0.000000,0.00100000
8,236,0.334609,0.000106,84.6963,0.000000,0.000000,0.000000,0.003034,0.000000,0.000000,0.000000,0.00100000
8,237,0.543916,0.000173,102.7985,0.000000,0.000000,0.000000,0.005745,0.000000,0.000000,0.000000,0.00100000
8,238,0.382041,0.000121,95.2598,0.000000,0.000000,0.000000,0.005236,0.000000,0.000000,0.000000,0.00100000
8,239,0.379451,0.000120,95.6552,0.000000,0.000000,0.000000,0.003356,0.000000,0.000000,0.000000,0.00100000
8,240,0.263243,0.000084,79.5560,0.000000,0.000000,0.000000,0.002390,0.000000,0.000000,0.000000,0.00100000
8,241,0.512115,0.000163,91.1820,0.000000,0.000000,0.000000,0.004779,0.000000,0.000000,0.000000,0.00100000
8,242,0.485823,0.000155,106.6148,0.000000,0.000000,0.000000,0.002068,0.000000,0.000000,0.000000,0.00100000
8,243,0.471153,0.000150,98.3097,0.000000,0.000000,0.000000,0.002068,0.000000,0.000000,0.000000,0.00100000
8,244,0.403029,0.000128,98.9491,0.000000,0.000000,0.000000,0.002712,0.000000,0.000000,0.000000,0.00100000
8,245,0.336130,0.000107,85.7422,0.000000,0.000000,0.000000,0.002068,0.000000,0.000000,0.000000,0.00100000
8,246,0.370802,0.000118,101.8551,0.000000,0.000000,0.000000,0.003034,0.000000,0.000000,0.000000,0.00100000
8,247,0.399258,0.000127,99.7927,0.000000,0.000000,0.000000,0.003034,0.000000,0.000000,0.000000,0.00100000
8,248,0.446585,0.000142,101.0769,0.000000,0.000000,0.000000,0.003408,0.000000,0.000000,0.000000,0.00100000
8,249,0.396620,0.000126,89.6493,0.000000,0.000000,0.000000,0.003678,0.000000,0.000000,0.000000,0.00100000
8,250,0.308217,0.000098,84.8559,0.000000,0.000000,0.000000,0.003034,0.000000,0.000000,0.000000,0.00100000
8,251,0.265532,0.000084,82.1512,0.000000,0.000000,0.000000,0.004322,0.000000,0.000000,0.000000,0.00100000
8,252,0.282417,0.000089,102.1816,0.000000,0.000000,0.000000,0.005050,0.000000,0.000000,0.000000,0.00100000
8,253,0.378848,0.000120,102.2448,0.000000,0.000000,0.000000,0.004374,0.000000,0.000000,0.000000,0.00100000
8,254,0.348381,0.000110,95.7325,0.000000,0.000000,0.000000,0.006254,0.000000,0.000000,0.000000,0.00100000
8,255,0.273770,0.000087,96.9922,0.000000,0.000000,0.000000,0.002712,0.000000,0.000000,0.000000,0.00100000
8,256,0.353595,0.000112,96.0124,0.000000,0.000000,0.000000,0.003356,0.000000,0.000000,0.000000,0.00100000
8,257,0.362243,0.000115,97.8307,0.000000,0.000000,0.000000,0.003169,0.000000,0.000000,0.000000,0.00100000
8,258,0.228085,0.000072,84.5707,0.000000,0.000000,0.000000,0.002068,0.000000,0.000000,0.000000,0.00100000
8,259,0.278089,0.000088,96.6985,0.000000,0.000000,0.000000,0.004000,0.000000,0.000000,0.000000,0.00100000
8,260,0.349200,0.000111,100.7363,0.000000,0.000000,0.000000,0.004649,0.000000,0.000000,0.000000,0.00100000
8,261,0.309330,0.000098,85.1876,0.000000,0.000000,0.000000,0.002068,0.000000,0.000000,0.000000,0.00100000
8,262,0.279736,0.000089,92.0300,0.000000,0.000000,0.000000,0.003034,0.000000,0.000000,0.000000,0.00100000
8,263,0.296651,0.000094,82.7113,0.000000,0.000000,0.000000,0.002712,0.000000,0.000000,0.000000,0.00100000
8,264,0.312951,0.000100,88.5320,0.000000,0.000000,0.000000,0.001746,0.000000,0.000000,0.000000,0.00100000
8,265,0.366635,0.000116,85.0262,0.000000,0.000000,0.000000,0.008083,0.000000,0.000000,0.000000,0.00100000
8,266,0.357434,0.000113,88.9003,0.000000,0.000000,0.000000,0.004966,0.000000,0.000000,0.000000,0.00100000
8,267,0.342878,0.000109,84.1323,0.000000,0.000000,0.000000,0.004135,0.000000,0.000000,0.000000,0.00100000
8,268,0.442721,0.000141,91.8211,0.000000,0.000000,0.000000,0.003034,0.000000,0.000000,0.000000,0.00100000
8,269,0.439534,0.000139,96.4595,0.000000,0.000000,0.000000,0.006067,0.000000,0.000000,0.000000,0.00100000
8,270,0.395045,0.000124,98.3820,0.000000,0.000000,0.000000,0.010846,0.000000,0.000000,0.000000,0.00100000
8,271,0.447543,0.000142,86.0812,0.000000,0.000000,0.000000,0.007033,0.000000,0.000000,0.000000,0.00100000
8,272,0.429502,0.000136,95.5567,0.000000,0.000000,0.000000,0.005610,0.000000,0.000000,0.000000,0.00100000
8,273,0.334617,0.000105,88.6117,0.000000,0.000000,0.000000,0.009101,0.000000,0.000000,0.000000,0.00100000
8,274,0.381949,0.000121,82.5920,0.000000,0.000000,0.000000,0.005880,0.000000,0.000000,0.000000,0.00100000
8,275,0.285256,0.000090,87.8098,0.000000,0.000000,0.000000,0.003678,0.000000,0.000000,0.000000,0.00100000
8,276,0.394888,0.000125,92.1032,0.000000,0.000000,0.000000,0.004644,0.000000,0.000000,0.000000,0.00100000
8,277,0.366240,0.000116,84.8964,0.000000,0.000000,0.000000,0.003356,0.000000,0.000000,0.000000,0.00100000
8,278,0.272690,0.000087,89.5632,0.000000,0.000000,0.000000,0.001424,0.000000,0.000000,0.000000,0.00100000
8,279,0.467125,0.000149,105.0704,0.000000,0.000000,0.000000,0.002712,0.000000,0.000000,0.000000,0.00100000
8,280,0.359628,0.000114,88.6978,0.000000,0.000000,0.000000,0.003356,0.000000,0.000000,0.000000,0.00100000
8,281,0.486172,0.000154,102.0797,0.000000,0.000000,0.000000,0.004966,0.000000,0.000000,0.000000,0.00100000
8,282,0.469843,0.000146,93.3766,0.000000,0.000000,0.000000,0.023012,0.000000,0.000000,0.000000,0.00100000
8,283,0.373988,0.000117,90.0238,0.000000,0.000000,0.000000,0.014929,0.000000,0.000000,0.000000,0.00100000
8,284,0.410388,0.000126,94.4068,0.000000,0.000000,0.000000,0.027636,0.000000,0.000000,0.000000,0.00100000
8,285,0.335828,0.000101,90.0290,0.000000,0.000000,0.000000,0.037007,0.000000,0.000000,0.000000,0.00100000
8,286,0.372898,0.000116,102.8037,0.000000,0.000000,0.000000,0.017402,0.000000,0.000000,0.000000,0.00100000
8,287,0.398927,0.000120,97.1769,0.000000,0.000000,0.000000,0.042876,0.000000,0.000000,0.000000,0.00100000
8,288,0.260555,0.000082,86.8514,0.000000,0.000000,0.000000,0.005101,0.000000,0.000000,0.000000,0.00100000
8,289,0.311744,0.000095,90.5531,0.000000,0.000000,0.000000,0.029903,0.000000,0.000000,0.000000,0.00100000
8,290,0.255471,0.000081,91.3356,0.000000,0.000000,0.000000,0.005829,0.000000,0.000000,0.000000,0.00100000
8,291,0.279860,0.000087,84.6588,0.000000,0.000000,0.000000,0.012134,0.000000,0.000000,0.000000,0.00100000
8,292,0.272693,0.000085,94.0939,0.000000,0.000000,0.000000,0.011677,0.000000,0.000000,0.000000,0.00100000
8,293,0.338097,0.000106,99.0439,0.000000,0.000000,0.000000,0.008727,0.000000,0.000000,0.000000,0.00100000
8,294,0.368480,0.000117,99.0016,0.000000,0.000000,0.000000,0.006067,0.000000,0.000000,0.000000,0.00100000
8,295,0.323030,0.000102,101.3699,0.000000,0.000000,0.000000,0.003678,0.000000,0.000000,0.000000,0.00100000
8,296,0.453187,0.000143,96.8056,0.000000,0.000000,0.000000,0.008643,0.000000,0.000000,0.000000,0.00100000
8,297,0.374345,0.000118,96.0066,0.000000,0.000000,0.000000,0.007168,0.000000,0.000000,0.000000,0.00100000
8,298,0.424232,0.000133,99.0512,0.000000,0.000000,0.000000,0.015168,0.000000,0.000000,0.000000,0.00100000
8,299,0.345182,0.000109,94.0462,0.000000,0.000000,0.000000,0.007490,0.000000,0.000000,0.000000,0.00100000
8,300,0.253214,0.000080,82.3173,0.000000,0.000000,0.000000,0.004322,0.000000,0.000000,0.000000,0.00100000
8,301,0.537659,0.000169,101.7542,0.000000,0.000000,0.000000,0.012628,0.000000,0.000000,0.000000,0.00100000
8,302,0.372913,0.000118,91.9811,0.000000,0.000000,0.000000,0.004000,0.000000,0.000000,0.000000,0.00100000
8,303,0.350878,0.000111,84.8468,0.000000,0.000000,0.000000,0.006473,0.000000,0.000000,0.000000,0.00100000
8,304,0.331548,0.000104,86.5801,0.000000,0.000000,0.000000,0.009506,0.000000,0.000000,0.000000,0.00100000
8,305,0.391543,0.000124,98.5434,0.000000,0.000000,0.000000,0.003356,0.000000,0.000000,0.000000,0.00100000
8,306,0.302481,0.000095,88.4889,0.000000,0.000000,0.000000,0.007355,0.000000,0.000000,0.000000,0.00100000
8,307,0.282922,0.000090,77.5903,0.000000,0.000000,0.000000,0.003356,0.000000,0.000000,0.000000,0.00100000
8,308,0.448186,0.000142,94.7827,0.000000,0.000000,0.000000,0.007999,0.000000,0.000000,0.000000,0.00100000
8,309,0.479029,0.000152,100.2357,0.000000,0.000000,0.000000,0.004966,0.000000,0.000000,0.000000,0.00100000
8,310,0.321508,0.000102,79.1071,0.000000,0.000000,0.000000,0.004000,0.000000,0.000000,0.000000,0.00100000
8,311,0.303729,0.000096,92.7088,0.000000,0.000000,0.000000,0.003678,0.000000,0.000000,0.000000,0.00100000
8,312,0.382247,0.000121,98.9269,0.000000,0.000000,0.000000,0.004000,0.000000,0.000000,0.000000,0.00100000
8,313,0.383946,0.000120,96.4037,0.000000,0.000000,0.000000,0.016913,0.000000,0.000000,0.000000,0.00100000
8,314,0.359679,0.000114,83.1484,0.000000,0.000000,0.000000,0.003034,0.000000,0.000000,0.000000,0.00100000
8,315,0.425531,0.000134,87.8570,0.000000,0.000000,0.000000,0.011304,0.000000,0.000000,0.000000,0.00100000
8,316,0.320261,0.000101,95.6534,0.000000,0.000000,0.000000,0.008965,0.000000,0.000000,0.000000,0.00100000
8,317,0.314105,0.000100,96.7075,0.000000,0.000000,0.000000,0.003813,0.000000,0.000000,0.000000,0.00100000
8,318,0.278232,0.000088,81.2884,0.000000,0.000000,0.000000,0.002068,0.000000,0.000000,0.000000,0.00100000
8,319,0.336116,0.000107,92.0935,0.000000,0.000000,0.000000,0.002390,0.000000,0.000000,0.000000,0.00100000
8,320,0.280847,0.000089,87.7860,0.000000,0.000000,0.000000,0.004135,0.000000,0.000000,0.000000,0.00100000
8,321,0.435012,0.000138,100.4577,0.000000,0.000000,0.000000,0.005745,0.000000,0.000000,0.000000,0.00100000
8,322,0.298574,0.000094,88.7919,0.000000,0.000000,0.000000,0.005288,0.000000,0.000000,0.000000,0.00100000
8,323,0.320763,0.000102,97.9496,0.000000,0.000000,0.000000,0.002068,0.000000,0.000000,0.000000,0.00100000
8,324,0.531365,0.000169,108.6344,0.000000,0.000000,0.000000,0.003678,0.000000,0.000000,0.000000,0.00100000
8,325,0.408198,0.000130,96.9092,0.000000,0.000000,0.000000,0.003356,0.000000,0.000000,0.000000,0.00100000
8,326,0.399687,0.000127,98.6295,0.000000,0.000000,0.000000,0.002395,0.000000,0.000000,0.000000,0.00100000
8,327,0.324425,0.000103,94.2029,0.000000,0.000000,0.000000,0.002390,0.000000,0.000000,0.000000,0.00100000
8,328,0.469824,0.000149,102.6809,0.000000,0.000000,0.000000,0.004135,0.000000,0.000000,0.000000,0.00100000
8,329,0.575236,0.000183,106.4007,0.000000,0.000000,0.000000,0.005610,0.000000,0.000000,0.000000,0.00100000
8,330,0.329341,0.000105,94.0285,0.000000,0.000000,0.000000,0.002712,0.000000,0.000000,0.000000,0.00100000
8,331,0.374238,0.000119,97.7254,0.000000,0.000000,0.000000,0.002712,0.000000,0.000000,0.000000,0.00100000
8,332,0.442810,0.000140,100.2343,0.000000,0.000000,0.000000,0.005372,0.000000,0.000000,0.000000,0.00100000
8,333,0.400399,0.000127,95.5006,0.000000,0.000000,0.000000,0.007168,0.000000,0.000000,0.000000,0.00100000
8,334,0.363167,0.000115,98.5331,0.000000,0.000000,0.000000,0.006795,0.000000,0.000000,0.000000,0.00100000
8,335,0.412986,0.000131,93.3697,0.000000,0.000000,0.000000,0.005610,0.000000,0.000000,0.000000,0.00100000
8,336,0.331472,0.000105,85.4230,0.000000,0.000000,0.000000,0.003356,0.000000,0.000000,0.000000,0.00100000
8,337,0.323448,0.000103,92.1971,0.000000,0.000000,0.000000,0.003491,0.000000,0.000000,0.000000,0.00100000
8,338,0.375394,0.000119,99.0560,0.000000,0.000000,0.000000,0.001746,0.000000,0.000000,0.000000,0.00100000
8,339,0.363478,0.000115,94.6444,0.000000,0.000000,0.000000,0.003034,0.000000,0.000000,0.000000,0.00100000
8,340,0.342614,0.000109,90.5008,0.000000,0.000000,0.000000,0.003169,0.000000,0.000000,0.000000,0.00100000
8,341,0.344928,0.000109,101.2709,0.000000,0.000000,0.000000,0.004322,0.000000,0.000000,0.000000,0.00100000
8,342,0.323374,0.000103,91.3000,0.000000,0.000000,0.000000,0.003034,0.000000,0.000000,0.000000,0.00100000
8,343,0.464225,0.000146,103.6446,0.000000,0.000000,0.000000,0.009931,0.000000,0.000000,0.000000,0.00100000
8,344,0.398480,0.000125,102.4001,0.000000,0.000000,0.000000,0.012488,0.000000,0.000000,0.000000,0.00100000
8,345,0.332046,0.000105,94.6729,0.000000,0.000000,0.000000,0.004322,0.000000,0.000000,0.000000,0.00100000
8,346,0.336940,0.000106,103.2856,0.000000,0.000000,0.000000,0.009609,0.000000,0.000000,0.000000,0.00100000
8,347,0.338359,0.000107,101.0886,0.000000,0.000000,0.000000,0.004000,0.000000,0.000000,0.000000,0.00100000
8,348,0.325141,0.000103,103.9742,0.000000,0.000000,0.000000,0.005932,0.000000,0.000000,0.000000,0.00100000
8,349,0.351017,0.000111,107.0715,0.000000,0.000000,0.000000,0.004000,0.000000,0.000000,0.000000,0.00100000
8,350,0.260938,0.000082,79.5027,0.000000,0.000000,0.000000,0.008675,0.000000,0.000000,0.000000,0.00100000
8,351,0.298183,0.000094,85.6283,0.000000,0.000000,0.000000,0.007252,0.000000,0.000000,0.000000,0.00100000
8,352,0.304527,0.000097,96.2055,0.000000,0.000000,0.000000,0.002712,0.000000,0.000000,0.000000,0.00100000
8,353,0.281560,0.000089,84.6949,0.000000,0.000000,0.000000,0.002712,0.000000,0.000000,0.000000,0.00100000
8,354,0.315838,0.000100,107.1703,0.000000,0.000000,0.000000,0.002390,0.000000,0.000000,0.000000,0.00100000
8,355,0.254931,0.000080,89.6218,0.000000,0.000000,0.000000,0.007304,0.000000,0.000000,0.000000,0.00100000
8,356,0.197722,0.000062,93.2516,0.000000,0.000000,0.000000,0.009152,0.000000,0.000000,0.000000,0.00100000
8,357,0.294117,0.000093,93.8121,0.000000,0.000000,0.000000,0.004966,0.000000,0.000000,0.000000,0.00100000
8,358,0.284464,0.000090,87.4936,0.000000,0.000000,0.000000,0.002390,0.000000,0.000000,0.000000,0.00100000
8,359,0.273485,0.000087,92.8512,0.000000,0.000000,0.000000,0.002390,0.000000,0.000000,0.000000,0.00100000
8,360,0.355050,0.000112,84.5667,0.000000,0.000000,0.000000,0.005641,0.000000,0.000000,0.000000,0.00100000
8,361,0.297956,0.000095,94.8435,0.000000,0.000000,0.000000,0.002390,0.000000,0.000000,0.000000,0.00100000
8,362,0.327362,0.000104,100.2106,0.000000,0.000000,0.000000,0.002068,0.000000,0.000000,0.000000,0.00100000
8,363,0.318281,0.000101,96.2589,0.000000,0.000000,0.000000,0.003356,0.000000,0.000000,0.000000,0.00100000
8,364,0.335171,0.000106,97.7900,0.000000,0.000000,0.000000,0.003034,0.000000,0.000000,0.000000,0.00100000
8,365,0.343801,0.000109,89.6987,0.000000,0.000000,0.000000,0.002068,0.000000,0.000000,0.000000,0.00100000
8,366,0.369095,0.000117,102.6530,0.000000,0.000000,0.000000,0.003356,0.000000,0.000000,0.000000,0.00100000
8,367,0.295863,0.000094,85.5983,0.000000,0.000000,0.000000,0.002525,0.000000,0.000000,0.000000,0.00100000
8,368,0.474277,0.000150,97.6016,0.000000,0.000000,0.000000,0.008187,0.000000,0.000000,0.000000,0.00100000
8,369,0.338395,0.000107,90.6150,0.000000,0.000000,0.000000,0.003678,0.000000,0.000000,0.000000,0.00100000
8,370,0.370790,0.000118,95.3925,0.000000,0.000000,0.000000,0.002712,0.000000,0.000000,0.000000,0.00100000
8,371,0.248171,0.000079,75.1529,0.000000,0.000000,0.000000,0.002068,0.000000,0.000000,0.000000,0.00100000
8,372,0.512632,0.000162,83.7088,0.000000,0.000000,0.000000,0.006202,0.000000,0.000000,0.000000,0.00100000
8,373,0.337493,0.000106,86.6181,0.000000,0.000000,0.000000,0.007999,0.000000,0.000000,0.000000,0.00100000
8,374,0.270200,0.000086,97.2894,0.000000,0.000000,0.000000,0.003678,0.000000,0.000000,0.000000,0.00100000
8,375,0.369651,0.000116,99.3207,0.000000,0.000000,0.000000,0.011606,0.000000,0.000000,0.000000,0.00100000
8,376,0.350106,0.000110,98.8778,0.000000,0.000000,0.000000,0.011999,0.000000,0.000000,0.000000,0.00100000
8,377,0.343669,0.000103,99.1314,0.000000,0.000000,0.000000,0.041568,0.000000,0.000000,0.000000,0.00100000
8,378,0.361031,0.000108,91.3637,0.000000,0.000000,0.000000,0.043221,0.000000,0.000000,0.000000,0.00100000
8,379,0.365064,0.000114,83.5963,0.000000,0.000000,0.000000,0.013422,0.000000,0.000000,0.000000,0.00100000
8,380,0.314901,0.000099,97.3773,0.000000,0.000000,0.000000,0.008727,0.000000,0.000000,0.000000,0.00100000
8,381,0.301755,0.000095,100.0756,0.000000,0.000000,0.000000,0.008135,0.000000,0.000000,0.000000,0.00100000
8,382,0.255043,0.000079,84.5966,0.000000,0.000000,0.000000,0.012778,0.000000,0.000000,0.000000,0.00100000
8,383,0.365422,0.000116,100.9143,0.000000,0.000000,0.000000,0.006254,0.000000,0.000000,0.000000,0.00100000
8,384,0.324315,0.000099,93.2601,0.000000,0.000000,0.000000,0.027333,0.000000,0.000000,0.000000,0.00100000
8,385,0.315699,0.000099,94.0424,0.000000,0.000000,0.000000,0.010846,0.000000,0.000000,0.000000,0.00100000
8,386,0.298346,0.000092,94.2883,0.000000,0.000000,0.000000,0.019438,0.000000,0.000000,0.000000,0.00100000
8,387,0.292317,0.000093,98.3487,0.000000,0.000000,0.000000,0.002390,0.000000,0.000000,0.000000,0.00100000
8,388,0.236607,0.000075,92.8921,0.000000,0.000000,0.000000,0.004966,0.000000,0.000000,0.000000,0.00100000
8,389,0.279401,0.000088,102.5242,0.000000,0.000000,0.000000,0.005610,0.000000,0.000000,0.000000,0.00100000
8,390,0.281932,0.000089,92.7242,0.000000,0.000000,0.000000,0.006254,0.000000,0.000000,0.000000,0.00100000
8,391,0.374991,0.000119,103.6381,0.000000,0.000000,0.000000,0.005558,0.000000,0.000000,0.000000,0.00100000
8,392,0.475315,0.000151,101.7042,0.000000,0.000000,0.000000,0.003034,0.000000,0.000000,0.000000,0.00100000
8,393,0.281254,0.000089,84.5701,0.000000,0.000000,0.000000,0.003678,0.000000,0.000000,0.000000,0.00100000
8,394,0.319154,0.000101,99.7189,0.000000,0.000000,0.000000,0.002068,0.000000,0.000000,0.000000,0.00100000
8,395,0.363274,0.000116,100.1042,0.000000,0.000000,0.000000,0.001424,0.000000,0.000000,0.000000,0.00100000
8,396,0.261541,0.000083,93.6230,0.000000,0.000000,0.000000,0.003034,0.000000,0.000000,0.000000,0.00100000
8,397,0.243933,0.000077,91.2361,0.000000,0.000000,0.000000,0.002068,0.000000,0.000000,0.000000,0.00100000
8,398,0.409810,0.000129,89.6981,0.000000,0.000000,0.000000,0.007677,0.000000,0.000000,0.000000,0.00100000
8,399,0.332646,0.000106,98.0470,0.000000,0.000000,0.000000,0.003356,0.000000,0.000000,0.000000,0.00100000
8,400,0.270481,0.000085,82.3317,0.000000,0.000000,0.000000,0.005101,0.000000,0.000000,0.000000,0.00100000
8,401,0.395057,0.000126,94.0246,0.000000,0.000000,0.000000,0.002525,0.000000,0.000000,0.000000,0.00100000
8,402,0.418916,0.000133,91.7945,0.000000,0.000000,0.000000,0.002068,0.000000,0.000000,0.000000,0.00100000
8,403,0.282269,0.000090,89.5651,0.000000,0.000000,0.000000,0.002068,0.000000,0.000000,0.000000,0.00100000
8,404,0.307181,0.000097,87.3341,0.000000,0.000000,0.000000,0.003034,0.000000,0.000000,0.000000,0.00100000
8,405,0.242824,0.000077,96.5189,0.000000,0.000000,0.000000,0.002390,0.000000,0.000000,0.000000,0.00100000
8,406,0.288139,0.000092,94.0498,0.000000,0.000000,0.000000,0.001746,0.000000,0.000000,0.000000,0.00100000
8,407,0.513594,0.000163,90.2045,0.000000,0.000000,0.000000,0.007033,0.000000,0.000000,0.000000,0.00100000
8,408,0.372772,0.000118,91.3914,0.000000,0.000000,0.000000,0.003356,0.000000,0.000000,0.000000,0.00100000
8,409,0.402791,0.000127,94.4559,0.000000,0.000000,0.000000,0.006795,0.000000,0.000000,0.000000,0.00100000
8,410,0.387982,0.000123,93.2121,0.000000,0.000000,0.000000,0.003169,0.000000,0.000000,0.000000,0.00100000
8,411,0.388148,0.000122,92.6151,0.000000,0.000000,0.000000,0.010150,0.000000,0.000000,0.000000,0.00100000
8,412,0.441714,0.000140,107.1396,0.000000,0.000000,0.000000,0.004966,0.000000,0.000000,0.000000,0.00100000
8,413,0.330648,0.000101,63.4972,0.000000,0.000000,0.000000,0.030219,0.000000,0.000000,0.000000,0.00100000
8,414,0.308135,0.000098,97.5518,0.000000,0.000000,0.000000,0.003491,0.000000,0.000000,0.000000,0.00100000
8,415,0.346271,0.000106,77.7666,0.000000,0.000000,0.000000,0.030122,0.000000,0.000000,0.000000,0.00100000
8,416,0.297992,0.000093,77.3395,0.000000,0.000000,0.000000,0.011542,0.000000,0.000000,0.000000,0.00100000
8,417,0.263368,0.000082,93.5053,0.000000,0.000000,0.000000,0.015335,0.000000,0.000000,0.000000,0.00100000
8,418,0.343258,0.000109,99.9944,0.000000,0.000000,0.000000,0.004457,0.000000,0.000000,0.000000,0.00100000
8,419,0.287586,0.000090,95.1111,0.000000,0.000000,0.000000,0.008540,0.000000,0.000000,0.000000,0.00100000
8,420,0.234342,0.000074,84.6325,0.000000,0.000000,0.000000,0.006389,0.000000,0.000000,0.000000,0.00100000
8,421,0.289211,0.000092,90.4352,0.000000,0.000000,0.000000,0.002390,0.000000,0.000000,0.000000,0.00100000
8,422,0.452947,0.000143,97.0255,0.000000,0.000000,0.000000,0.007999,0.000000,0.000000,0.000000,0.00100000
8,423,0.297905,0.000093,73.5847,0.000000,0.000000,0.000000,0.010015,0.000000,0.000000,0.000000,0.00100000
8,424,0.358132,0.000113,101.5089,0.000000,0.000000,0.000000,0.009049,0.000000,0.000000,0.000000,0.00100000
8,425,0.275698,0.000087,84.3223,0.000000,0.000000,0.000000,0.005745,0.000000,0.000000,0.000000,0.00100000
8,426,0.243074,0.000077,87.5275,0.000000,0.000000,0.000000,0.004000,0.000000,0.000000,0.000000,0.00100000
8,427,0.212363,0.000067,88.5469,0.000000,0.000000,0.000000,0.002068,0.000000,0.000000,0.000000,0.00100000
8,428,0.371809,0.000118,104.6274,0.000000,0.000000,0.000000,0.002390,0.000000,0.000000,0.000000,0.00100000
8,429,0.302238,0.000096,95.4087,0.000000,0.000000,0.000000,0.001746,0.000000,0.000000,0.000000,0.00100000
8,430,0.328502,0.000104,102.6643,0.000000,0.000000,0.000000,0.003813,0.000000,0.000000,0.000000,0.00100000
8,431,0.328602,0.000104,88.8154,0.000000,0.000000,0.000000,0.002525,0.000000,0.000000,0.000000,0.00100000
8,432,0.260345,0.000083,94.1730,0.000000,0.000000,0.000000,0.003034,0.000000,0.000000,0.000000,0.00100000
8,433,0.297434,0.000094,105.5306,0.000000,0.000000,0.000000,0.006120,0.000000,0.000000,0.000000,0.00100000
8,434,0.260451,0.000082,89.9326,0.000000,0.000000,0.000000,0.004644,0.000000,0.000000,0.000000,0.00100000
8,435,0.290558,0.000092,85.2469,0.000000,0.000000,0.000000,0.002390,0.000000,0.000000,0.000000,0.00100000
8,436,0.310030,0.000098,82.1406,0.000000,0.000000,0.000000,0.003356,0.000000,0.000000,0.000000,0.00100000
8,437,0.250239,0.000079,81.0961,0.000000,0.000000,0.000000,0.002068,0.000000,0.000000,0.000000,0.00100000
8,438,0.385239,0.000122,97.0753,0.000000,0.000000,0.000000,0.006846,0.000000,0.000000,0.000000,0.00100000
8,439,0.288580,0.000091,85.9063,0.000000,0.000000,0.000000,0.004000,0.000000,0.000000,0.000000,0.00100000
8,440,0.316633,0.000100,98.5625,0.000000,0.000000,0.000000,0.003678,0.000000,0.000000,0.000000,0.00100000
8,441,0.353191,0.000112,86.1747,0.000000,0.000000,0.000000,0.005423,0.000000,0.000000,0.000000,0.00100000
8,442,0.307189,0.000097,101.5639,0.000000,0.000000,0.000000,0.004966,0.000000,0.000000,0.000000,0.00100000
8,443,0.332919,0.000106,107.3859,0.000000,0.000000,0.000000,0.003678,0.000000,0.000000,0.000000,0.00100000
8,444,0.271943,0.000086,83.0778,0.000000,0.000000,0.000000,0.002068,0.000000,0.000000,0.000000,0.00100000
8,445,0.309795,0.000098,95.2176,0.000000,0.000000,0.000000,0.003356,0.000000,0.000000,0.000000,0.00100000
8,446,0.332137,0.000105,92.4600,0.000000,0.000000,0.000000,0.005423,0.000000,0.000000,0.000000,0.00100000
8,447,0.320460,0.000102,103.1612,0.000000,0.000000,0.000000,0.002712,0.000000,0.000000,0.000000,0.00100000
8,448,0.321370,0.000102,101.4216,0.000000,0.000000,0.000000,0.003034,0.000000,0.000000,0.000000,0.00100000
8,449,0.263320,0.000082,92.5318,0.000000,0.000000,0.000000,0.014182,0.000000,0.000000,0.000000,0.00100000
8,450,0.287348,0.000085,80.7776,0.000000,0.000000,0.000000,0.041567,0.000000,0.000000,0.000000,0.00100000
8,451,0.300285,0.000092,92.3220,0.000000,0.000000,0.000000,0.025569,0.000000,0.000000,0.000000,0.00100000
8,452,0.280122,0.000086,92.8230,0.000000,0.000000,0.000000,0.023044,0.000000,0.000000,0.000000,0.00100000
8,453,0.336185,0.000107,94.7237,0.000000,0.000000,0.000000,0.003813,0.000000,0.000000,0.000000,0.00100000
8,454,0.385157,0.000120,94.1010,0.000000,0.000000,0.000000,0.017749,0.000000,0.000000,0.000000,0.00100000
8,455,0.355310,0.000112,101.5620,0.000000,0.000000,0.000000,0.011168,0.000000,0.000000,0.000000,0.00100000
8,456,0.461987,0.000146,103.4449,0.000000,0.000000,0.000000,0.007355,0.000000,0.000000,0.000000,0.00100000
8,457,0.307286,0.000097,81.0262,0.000000,0.000000,0.000000,0.009152,0.000000,0.000000,0.000000,0.00100000
8,458,0.336724,0.000107,106.2169,0.000000,0.000000,0.000000,0.003034,0.000000,0.000000,0.000000,0.00100000
8,459,0.320233,0.000101,87.9214,0.000000,0.000000,0.000000,0.007355,0.000000,0.000000,0.000000,0.00100000
8,460,0.311831,0.000099,92.5173,0.000000,0.000000,0.000000,0.003356,0.000000,0.000000,0.000000,0.00100000
8,461,0.299431,0.000095,100.3472,0.000000,0.000000,0.000000,0.002068,0.000000,0.000000,0.000000,0.00100000
8,462,0.353676,0.000112,96.8434,0.000000,0.000000,0.000000,0.004644,0.000000,0.000000,0.000000,0.00100000
8,463,0.288401,0.000091,84.7845,0.000000,0.000000,0.000000,0.003356,0.000000,0.000000,0.000000,0.00100000
8,464,0.304638,0.000097,85.8177,0.000000,0.000000,0.000000,0.003678,0.000000,0.000000,0.000000,0.00100000
8,465,0.277895,0.000088,99.8538,0.000000,0.000000,0.000000,0.001746,0.000000,0.000000,0.000000,0.00100000
8,466,0.294144,0.000093,86.8489,0.000000,0.000000,0.000000,0.003034,0.000000,0.000000,0.000000,0.00100000
8,467,0.315620,0.000100,84.1021,0.000000,0.000000,0.000000,0.002712,0.000000,0.000000,0.000000,0.00100000
8,468,0.236137,0.000075,78.9590,0.000000,0.000000,0.000000,0.002068,0.000000,0.000000,0.000000,0.00100000
8,469,0.335851,0.000106,93.9985,0.000000,0.000000,0.000000,0.004644,0.000000,0.000000,0.000000,0.00100000
8,470,0.372135,0.000118,102.5132,0.000000,0.000000,0.000000,0.004000,0.000000,0.000000,0.000000,0.00100000
8,471,0.372023,0.000118,99.5843,0.000000,0.000000,0.000000,0.004000,0.000000,0.000000,0.000000,0.00100000
8,472,0.298760,0.000095,88.5583,0.000000,0.000000,0.000000,0.003034,0.000000,0.000000,0.000000,0.00100000
8,473,0.344929,0.000110,102.6719,0.000000,0.000000,0.000000,0.003034,0.000000,0.000000,0.000000,0.00100000
8,474,0.280333,0.000089,95.9566,0.000000,0.000000,0.000000,0.002068,0.000000,0.000000,0.000000,0.00100000
8,475,0.360664,0.000114,102.1639,0.000000,0.000000,0.000000,0.003678,0.000000,0.000000,0.000000,0.00100000
8,476,0.435523,0.000138,103.1135,0.000000,0.000000,0.000000,0.004914,0.000000,0.000000,0.000000,0.00100000
8,477,0.455992,0.000144,99.0312,0.000000,0.000000,0.000000,0.007439,0.000000,0.000000,0.000000,0.00100000
8,478,0.325091,0.000101,82.8935,0.000000,0.000000,0.000000,0.014015,0.000000,0.000000,0.000000,0.00100000
8,479,0.372749,0.000115,87.8563,0.000000,0.000000,0.000000,0.021284,0.000000,0.000000,0.000000,0.00100000
8,480,0.321625,0.000102,98.6557,0.000000,0.000000,0.000000,0.004644,0.000000,0.000000,0.000000,0.00100000
8,481,0.416059,0.000132,104.5308,0.000000,0.000000,0.000000,0.004322,0.000000,0.000000,0.000000,0.00100000
8,482,0.432948,0.000136,106.2542,0.000000,0.000000,0.000000,0.010691,0.000000,0.000000,0.000000,0.00100000
8,483,0.437701,0.000138,105.4813,0.000000,0.000000,0.000000,0.008270,0.000000,0.000000,0.000000,0.00100000
8,484,0.332217,0.000105,96.4662,0.000000,0.000000,0.000000,0.006524,0.000000,0.000000,0.000000,0.00100000
8,485,0.290759,0.000092,93.0089,0.000000,0.000000,0.000000,0.002847,0.000000,0.000000,0.000000,0.00100000
8,486,0.366060,0.000116,94.1302,0.000000,0.000000,0.000000,0.005745,0.000000,0.000000,0.000000,0.00100000
8,487,0.341828,0.000107,79.1779,0.000000,0.000000,0.000000,0.012082,0.000000,0.000000,0.000000,0.00100000
8,488,0.411726,0.000129,92.9607,0.000000,0.000000,0.000000,0.012048,0.000000,0.000000,0.000000,0.00100000
8,489,0.289606,0.000091,87.0367,0.000000,0.000000,0.000000,0.006202,0.000000,0.000000,0.000000,0.00100000
8,490,0.336059,0.000107,91.2617,0.000000,0.000000,0.000000,0.004000,0.000000,0.000000,0.000000,0.00100000
8,491,0.341354,0.000107,78.1267,0.000000,0.000000,0.000000,0.014317,0.000000,0.000000,0.000000,0.00100000
8,492,0.365337,0.000115,92.9157,0.000000,0.000000,0.000000,0.007408,0.000000,0.000000,0.000000,0.00100000
8,493,0.342176,0.000107,71.8965,0.000000,0.000000,0.000000,0.011709,0.000000,0.000000,0.000000,0.00100000
8,494,0.374761,0.000118,98.7819,0.000000,0.000000,0.000000,0.007439,0.000000,0.000000,0.000000,0.00100000
8,495,0.330530,0.000104,85.9395,0.000000,0.000000,0.000000,0.008218,0.000000,0.000000,0.000000,0.00100000
8,496,0.355145,0.000112,84.9294,0.000000,0.000000,0.000000,0.005932,0.000000,0.000000,0.000000,0.00100000
8,497,0.423863,0.000135,97.5672,0.000000,0.000000,0.000000,0.003034,0.000000,0.000000,0.000000,0.00100000
8,498,0.325240,0.000103,94.7908,0.000000,0.000000,0.000000,0.004322,0.000000,0.000000,0.000000,0.00100000
8,499,0.338050,0.000107,84.1011,0.000000,0.000000,0.000000,0.006524,0.000000,0.000000,0.000000,0.00100000
8,500,0.436505,0.000138,95.9407,0.000000,0.000000,0.000000,0.009371,0.000000,0.000000,0.000000,0.00100000
8,501,0.391290,0.000123,84.9089,0.000000,0.000000,0.000000,0.008732,0.000000,0.000000,0.000000,0.00100000
8,502,0.483320,0.000152,92.0852,0.000000,0.000000,0.000000,0.011574,0.000000,0.000000,0.000000,0.00100000
8,503,0.641242,0.000203,108.7613,0.000000,0.000000,0.000000,0.008965,0.000000,0.000000,0.000000,0.00100000
8,504,0.407337,0.000125,85.1497,0.000000,0.000000,0.000000,0.030978,0.000000,0.000000,0.000000,0.00100000
8,505,0.553320,0.000169,95.1297,0.000000,0.000000,0.000000,0.044913,0.000000,0.000000,0.000000,0.00100000
8,506,0.561493,0.000175,94.1453,0.000000,0.000000,0.000000,0.023283,0.000000,0.000000,0.000000,0.00100000
8,507,0.650485,0.000201,107.7130,0.000000,0.000000,0.000000,0.041327,0.000000,0.000000,0.000000,0.00100000
8,508,0.610922,0.000188,102.1027,0.000000,0.000000,0.000000,0.039766,0.000000,0.000000,0.000000,0.00100000
8,509,0.719720,0.000224,105.0120,0.000000,0.000000,0.000000,0.034356,0.000000,0.000000,0.000000,0.00100000
8,510,0.425492,0.000133,89.5421,0.000000,0.000000,0.000000,0.013744,0.000000,0.000000,0.000000,0.00100000
8,511,0.380796,0.000120,90.9339,0.000000,0.000000,0.000000,0.011438,0.000000,0.000000,0.000000,0.00100000
8,512,0.353848,0.000112,91.0983,0.000000,0.000000,0.000000,0.006898,0.000000,0.000000,0.000000,0.00100000
8,513,0.456107,0.000143,97.6879,0.000000,0.000000,0.000000,0.013235,0.000000,0.000000,0.000000,0.00100000
8,514,0.353006,0.000111,90.7955,0.000000,0.000000,0.000000,0.008405,0.000000,0.000000,0.000000,0.00100000
8,515,0.432716,0.000137,99.1911,0.000000,0.000000,0.000000,0.005932,0.000000,0.000000,0.000000,0.00100000
8,516,0.452681,0.000142,75.1738,0.000000,0.000000,0.000000,0.011947,0.000000,0.000000,0.000000,0.00100000
8,517,0.423808,0.000134,100.8174,0.000000,0.000000,0.000000,0.008457,0.000000,0.000000,0.000000,0.00100000
8,518,0.400803,0.000127,102.7344,0.000000,0.000000,0.000000,0.006898,0.000000,0.000000,0.000000,0.00100000
8,519,0.323354,0.000103,97.5748,0.000000,0.000000,0.000000,0.002390,0.000000,0.000000,0.000000,0.00100000
8,520,0.407449,0.000129,98.9015,0.000000,0.000000,0.000000,0.007761,0.000000,0.000000,0.000000,0.00100000
8,521,0.391988,0.000124,102.8475,0.000000,0.000000,0.000000,0.003813,0.000000,0.000000,0.000000,0.00100000
8,522,0.353788,0.000112,100.7275,0.000000,0.000000,0.000000,0.007304,0.000000,0.000000,0.000000,0.00100000
8,523,0.394135,0.000125,105.2375,0.000000,0.000000,0.000000,0.007304,0.000000,0.000000,0.000000,0.00100000
8,524,0.383609,0.000122,99.0906,0.000000,0.000000,0.000000,0.003813,0.000000,0.000000,0.000000,0.00100000
8,525,0.351741,0.000111,99.6149,0.000000,0.000000,0.000000,0.004592,0.000000,0.000000,0.000000,0.00100000
8,526,0.235417,0.000074,97.6949,0.000000,0.000000,0.000000,0.003678,0.000000,0.000000,0.000000,0.00100000
8,527,0.301979,0.000096,95.1299,0.000000,0.000000,0.000000,0.002390,0.000000,0.000000,0.000000,0.00100000
8,528,0.287337,0.000091,96.9333,0.000000,0.000000,0.000000,0.002068,0.000000,0.000000,0.000000,0.00100000
8,529,0.279676,0.000089,87.2857,0.000000,0.000000,0.000000,0.003356,0.000000,0.000000,0.000000,0.00100000
8,530,0.221400,0.000070,81.4317,0.000000,0.000000,0.000000,0.002068,0.000000,0.000000,0.000000,0.00100000
8,531,0.360466,0.000115,105.4622,0.000000,0.000000,0.000000,0.002712,0.000000,0.000000,0.000000,0.00100000
8,532,0.434001,0.000138,97.4829,0.000000,0.000000,0.000000,0.003678,0.000000,0.000000,0.000000,0.00100000
8,533,0.417852,0.000132,98.2654,0.000000,0.000000,0.000000,0.007355,0.000000,0.000000,0.000000,0.00100000
8,534,0.382472,0.000121,97.7744,0.000000,0.000000,0.000000,0.004000,0.000000,0.000000,0.000000,0.00100000
8,535,0.396617,0.000124,92.4267,0.000000,0.000000,0.000000,0.016539,0.000000,0.000000,0.000000,0.00100000
8,536,0.368461,0.000117,97.9202,0.000000,0.000000,0.000000,0.005610,0.000000,0.000000,0.000000,0.00100000
8,537,0.348878,0.000109,95.1045,0.000000,0.000000,0.000000,0.013403,0.000000,0.000000,0.000000,0.00100000
8,538,0.350322,0.000111,92.1574,0.000000,0.000000,0.000000,0.005372,0.000000,0.000000,0.000000,0.00100000
8,539,0.369927,0.000117,97.8900,0.000000,0.000000,0.000000,0.003034,0.000000,0.000000,0.000000,0.00100000
8,540,0.381919,0.000120,96.4863,0.000000,0.000000,0.000000,0.009423,0.000000,0.000000,0.000000,0.00100000
8,541,0.394653,0.000125,98.3667,0.000000,0.000000,0.000000,0.006846,0.000000,0.000000,0.000000,0.00100000
8,542,0.353894,0.000112,102.7023,0.000000,0.000000,0.000000,0.003491,0.000000,0.000000,0.000000,0.00100000
8,543,0.304393,0.000096,84.0609,0.000000,0.000000,0.000000,0.005745,0.000000,0.000000,0.000000,0.00100000
8,544,0.306393,0.000097,95.9092,0.000000,0.000000,0.000000,0.003491,0.000000,0.000000,0.000000,0.00100000
8,545,0.237519,0.000075,86.5077,0.000000,0.000000,0.000000,0.002068,0.000000,0.000000,0.000000,0.00100000
8,546,0.285448,0.000091,90.6221,0.000000,0.000000,0.000000,0.002712,0.000000,0.000000,0.000000,0.00100000
8,547,0.458542,0.000146,95.0307,0.000000,0.000000,0.000000,0.004322,0.000000,0.000000,0.000000,0.00100000
8,548,0.339471,0.000108,94.5155,0.000000,0.000000,0.000000,0.003678,0.000000,0.000000,0.000000,0.00100000
8,549,0.421041,0.000133,83.1040,0.000000,0.000000,0.000000,0.007490,0.000000,0.000000,0.000000,0.00100000
8,550,0.499783,0.000158,98.6494,0.000000,0.000000,0.000000,0.007633,0.000000,0.000000,0.000000,0.00100000
8,551,0.310713,0.000098,85.8145,0.000000,0.000000,0.000000,0.007355,0.000000,0.000000,0.000000,0.00100000
8,552,0.455082,0.000144,97.4866,0.000000,0.000000,0.000000,0.005288,0.000000,0.000000,0.000000,0.00100000
8,553,0.309217,0.000098,98.8754,0.000000,0.000000,0.000000,0.002068,0.000000,0.000000,0.000000,0.00100000
8,554,0.403256,0.000128,93.7760,0.000000,0.000000,0.000000,0.004322,0.000000,0.000000,0.000000,0.00100000
8,555,0.336789,0.000107,91.9055,0.000000,0.000000,0.000000,0.005423,0.000000,0.000000,0.000000,0.00100000
8,556,0.320692,0.000102,95.3342,0.000000,0.000000,0.000000,0.003678,0.000000,0.000000,0.000000,0.00100000
8,557,0.353384,0.000112,85.1237,0.000000,0.000000,0.000000,0.003491,0.000000,0.000000,0.000000,0.00100000
8,558,0.339744,0.000108,92.3238,0.000000,0.000000,0.000000,0.001746,0.000000,0.000000,0.000000,0.00100000
8,559,0.325616,0.000104,86.2887,0.000000,0.000000,0.000000,0.001746,0.000000,0.000000,0.000000,0.00100000
8,560,0.481893,0.000153,99.3913,0.000000,0.000000,0.000000,0.002712,0.000000,0.000000,0.000000,0.00100000
8,561,0.293078,0.000093,95.8843,0.000000,0.000000,0.000000,0.001746,0.000000,0.000000,0.000000,0.00100000
8,562,0.397122,0.000126,98.9850,0.000000,0.000000,0.000000,0.002068,0.000000,0.000000,0.000000,0.00100000
8,563,0.483235,0.000153,92.6348,0.000000,0.000000,0.000000,0.009797,0.000000,0.000000,0.000000,0.00100000
8,564,0.289037,0.000089,87.4267,0.000000,0.000000,0.000000,0.019927,0.000000,0.000000,0.000000,0.00100000
8,565,0.324096,0.000102,91.5500,0.000000,0.000000,0.000000,0.009609,0.000000,0.000000,0.000000,0.00100000
8,566,0.237626,0.000075,80.6917,0.000000,0.000000,0.000000,0.004322,0.000000,0.000000,0.000000,0.00100000
8,567,0.313346,0.000099,90.2911,0.000000,0.000000,0.000000,0.004327,0.000000,0.000000,0.000000,0.00100000
8,568,0.323585,0.000102,80.9031,0.000000,0.000000,0.000000,0.004457,0.000000,0.000000,0.000000,0.00100000
8,569,0.317838,0.000101,97.5883,0.000000,0.000000,0.000000,0.004000,0.000000,0.000000,0.000000,0.00100000
8,570,0.296513,0.000094,89.9238,0.000000,0.000000,0.000000,0.002390,0.000000,0.000000,0.000000,0.00100000
8,571,0.361079,0.000114,89.3145,0.000000,0.000000,0.000000,0.004592,0.000000,0.000000,0.000000,0.00100000
8,572,0.298643,0.000095,89.2576,0.000000,0.000000,0.000000,0.003169,0.000000,0.000000,0.000000,0.00100000
8,573,0.277692,0.000088,94.7793,0.000000,0.000000,0.000000,0.002390,0.000000,0.000000,0.000000,0.00100000
8,574,0.377928,0.000120,100.1923,0.000000,0.000000,0.000000,0.004592,0.000000,0.000000,0.000000,0.00100000
8,575,0.381561,0.000121,95.8298,0.000000,0.000000,0.000000,0.003678,0.000000,0.000000,0.000000,0.00100000
8,576,0.290510,0.000092,88.4102,0.000000,0.000000,0.000000,0.004322,0.000000,0.000000,0.000000,0.00100000
8,577,0.421703,0.000134,106.3079,0.000000,0.000000,0.000000,0.003356,0.000000,0.000000,0.000000,0.00100000
8,578,0.268650,0.000085,79.0296,0.000000,0.000000,0.000000,0.004000,0.000000,0.000000,0.000000,0.00100000
8,579,0.605892,0.000192,102.6090,0.000000,0.000000,0.000000,0.010608,0.000000,0.000000,0.000000,0.00100000
8,580,0.410364,0.000128,93.1112,0.000000,0.000000,0.000000,0.015014,0.000000,0.000000,0.000000,0.00100000
8,581,0.509883,0.000161,108.6732,0.000000,0.000000,0.000000,0.012405,0.000000,0.000000,0.000000,0.00100000
8,582,0.292351,0.000093,85.4034,0.000000,0.000000,0.000000,0.004322,0.000000,0.000000,0.000000,0.00100000
8,583,0.306976,0.000098,79.4544,0.000000,0.000000,0.000000,0.002390,0.000000,0.000000,0.000000,0.00100000
8,584,0.367261,0.000115,103.1145,0.000000,0.000000,0.000000,0.015844,0.000000,0.000000,0.000000,0.00100000
8,585,0.317114,0.000100,87.7918,0.000000,0.000000,0.000000,0.004966,0.000000,0.000000,0.000000,0.00100000
8,586,0.363887,0.000111,99.6256,0.000000,0.000000,0.000000,0.029819,0.000000,0.000000,0.000000,0.00100000
8,587,0.370703,0.000114,99.4607,0.000000,0.000000,0.000000,0.026148,0.000000,0.000000,0.000000,0.00100000
8,588,0.285847,0.000090,71.2227,0.000000,0.000000,0.000000,0.008747,0.000000,0.000000,0.000000,0.00100000
8,589,0.341726,0.000108,93.5233,0.000000,0.000000,0.000000,0.005423,0.000000,0.000000,0.000000,0.00100000
8,590,0.276426,0.000088,96.3661,0.000000,0.000000,0.000000,0.003678,0.000000,0.000000,0.000000,0.00100000
8,591,0.389427,0.000123,98.4263,0.000000,0.000000,0.000000,0.005101,0.000000,0.000000,0.000000,0.00100000
8,592,0.339869,0.000108,103.4271,0.000000,0.000000,0.000000,0.002390,0.000000,0.000000,0.000000,0.00100000
8,593,0.289648,0.000092,88.5303,0.000000,0.000000,0.000000,0.003034,0.000000,0.000000,0.000000,0.00100000
8,594,0.398606,0.000126,91.2750,0.000000,0.000000,0.000000,0.004457,0.000000,0.000000,0.000000,0.00100000
8,595,0.535956,0.000170,95.5499,0.000000,0.000000,0.000000,0.007643,0.000000,0.000000,0.000000,0.00100000
8,596,0.427470,0.000136,95.7516,0.000000,0.000000,0.000000,0.004592,0.000000,0.000000,0.000000,0.00100000
8,597,0.408143,0.000129,94.8527,0.000000,0.000000,0.000000,0.004592,0.000000,0.000000,0.000000,0.00100000
8,598,0.415870,0.000132,92.2698,0.000000,0.000000,0.000000,0.006524,0.000000,0.000000,0.000000,0.00100000
8,599,0.423773,0.000134,89.3746,0.000000,0.000000,0.000000,0.004000,0.000000,0.000000,0.000000,0.00100000
8,600,0.411731,0.000131,95.4727,0.000000,0.000000,0.000000,0.003356,0.000000,0.000000,0.000000,0.00100000
8,601,0.424929,0.000135,98.5236,0.000000,0.000000,0.000000,0.004644,0.000000,0.000000,0.000000,0.00100000
8,602,0.412581,0.000131,92.3554,0.000000,0.000000,0.000000,0.006067,0.000000,0.000000,0.000000,0.00100000
8,603,0.399115,0.000126,94.3493,0.000000,0.000000,0.000000,0.006846,0.000000,0.000000,0.000000,0.00100000
8,604,0.426051,0.000135,95.1610,0.000000,0.000000,0.000000,0.004000,0.000000,0.000000,0.000000,0.00100000
8,605,0.407057,0.000129,93.5413,0.000000,0.000000,0.000000,0.005101,0.000000,0.000000,0.000000,0.00100000
8,606,0.414245,0.000131,95.2015,0.000000,0.000000,0.000000,0.004966,0.000000,0.000000,0.000000,0.00100000
8,607,0.412849,0.000131,91.9921,0.000000,0.000000,0.000000,0.004947,0.000000,0.000000,0.000000,0.00100000
8,608,0.441374,0.000140,93.5602,0.000000,0.000000,0.000000,0.004592,0.000000,0.000000,0.000000,0.00100000
8,609,0.412212,0.000131,95.2214,0.000000,0.000000,0.000000,0.003356,0.000000,0.000000,0.000000,0.00100000
8,610,0.502878,0.000159,93.9000,0.000000,0.000000,0.000000,0.009880,0.000000,0.000000,0.000000,0.00100000
8,611,0.358510,0.000113,88.1784,0.000000,0.000000,0.000000,0.006254,0.000000,0.000000,0.000000,0.00100000
8,612,0.408181,0.000130,87.4321,0.000000,0.000000,0.000000,0.003678,0.000000,0.000000,0.000000,0.00100000
8,613,0.318691,0.000101,81.8913,0.000000,0.000000,0.000000,0.006254,0.000000,0.000000,0.000000,0.00100000
8,614,0.301196,0.000096,83.1958,0.000000,0.000000,0.000000,0.002712,0.000000,0.000000,0.000000,0.00100000
8,615,0.311387,0.000099,81.6782,0.000000,0.000000,0.000000,0.001746,0.000000,0.000000,0.000000,0.00100000
8,616,0.265593,0.000084,72.8627,0.000000,0.000000,0.000000,0.003356,0.000000,0.000000,0.000000,0.00100000
8,617,0.366037,0.000116,92.8353,0.000000,0.000000,0.000000,0.006576,0.000000,0.000000,0.000000,0.00100000
8,618,0.483057,0.000153,95.0288,0.000000,0.000000,0.000000,0.007948,0.000000,0.000000,0.000000,0.00100000
8,619,0.311759,0.000098,89.2328,0.000000,0.000000,0.000000,0.007304,0.000000,0.000000,0.000000,0.00100000
8,620,0.355642,0.000113,92.8398,0.000000,0.000000,0.000000,0.002712,0.000000,0.000000,0.000000,0.00100000
8,621,0.358602,0.000113,80.9689,0.000000,0.000000,0.000000,0.007168,0.000000,0.000000,0.000000,0.00100000
8,622,0.311337,0.000098,86.4568,0.000000,0.000000,0.000000,0.007542,0.000000,0.000000,0.000000,0.00100000
8,623,0.477192,0.000152,100.2120,0.000000,0.000000,0.000000,0.004135,0.000000,0.000000,0.000000,0.00100000
8,624,0.457570,0.000145,95.5759,0.000000,0.000000,0.000000,0.005423,0.000000,0.000000,0.000000,0.00100000
8,625,0.402589,0.000128,98.1316,0.000000,0.000000,0.000000,0.003491,0.000000,0.000000,0.000000,0.00100000
8,626,0.501566,0.000157,103.8702,0.000000,0.000000,0.000000,0.017557,0.000000,0.000000,0.000000,0.00100000
8,627,0.453219,0.000140,103.2139,0.000000,0.000000,0.000000,0.030412,0.000000,0.000000,0.000000,0.00100000
8,628,0.395619,0.000124,87.3870,0.000000,0.000000,0.000000,0.012457,0.000000,0.000000,0.000000,0.00100000
8,629,0.414110,0.000129,88.0534,0.000000,0.000000,0.000000,0.020116,0.000000,0.000000,0.000000,0.00100000
8,630,0.382723,0.000121,99.7307,0.000000,0.000000,0.000000,0.009609,0.000000,0.000000,0.000000,0.00100000
8,631,0.446235,0.000141,89.6254,0.000000,0.000000,0.000000,0.008457,0.000000,0.000000,0.000000,0.00100000
8,632,0.414803,0.000130,96.8277,0.000000,0.000000,0.000000,0.012591,0.000000,0.000000,0.000000,0.00100000
8,633,0.293693,0.000091,71.4962,0.000000,0.000000,0.000000,0.014607,0.000000,0.000000,0.000000,0.00100000
8,634,0.330429,0.000105,98.0393,0.000000,0.000000,0.000000,0.005288,0.000000,0.000000,0.000000,0.00100000
8,635,0.452347,0.000142,93.3286,0.000000,0.000000,0.000000,0.015605,0.000000,0.000000,0.000000,0.00100000
8,636,0.510831,0.000162,100.5643,0.000000,0.000000,0.000000,0.007355,0.000000,0.000000,0.000000,0.00100000
8,637,0.417203,0.000130,89.1055,0.000000,0.000000,0.000000,0.017486,0.000000,0.000000,0.000000,0.00100000
8,638,0.409974,0.000130,97.5631,0.000000,0.000000,0.000000,0.006389,0.000000,0.000000,0.000000,0.00100000
8,639,0.388589,0.000123,101.4143,0.000000,0.000000,0.000000,0.004779,0.000000,0.000000,0.000000,0.00100000
8,640,0.394489,0.000124,95.2485,0.000000,0.000000,0.000000,0.010337,0.000000,0.000000,0.000000,0.00100000
8,641,0.492960,0.000156,97.4859,0.000000,0.000000,0.000000,0.008779,0.000000,0.000000,0.000000,0.00100000
8,642,0.561040,0.000178,103.9110,0.000000,0.000000,0.000000,0.007542,0.000000,0.000000,0.000000,0.00100000
8,643,0.321558,0.000101,92.5886,0.000000,0.000000,0.000000,0.006576,0.000000,0.000000,0.000000,0.00100000
8,644,0.337221,0.000107,99.8005,0.000000,0.000000,0.000000,0.004000,0.000000,0.000000,0.000000,0.00100000
8,645,0.241763,0.000076,75.8322,0.000000,0.000000,0.000000,0.007220,0.000000,0.000000,0.000000,0.00100000
8,646,0.343728,0.000109,79.4581,0.000000,0.000000,0.000000,0.004457,0.000000,0.000000,0.000000,0.00100000
8,647,0.354187,0.000112,91.3906,0.000000,0.000000,0.000000,0.005288,0.000000,0.000000,0.000000,0.00100000
8,648,0.392786,0.000124,93.6350,0.000000,0.000000,0.000000,0.006473,0.000000,0.000000,0.000000,0.00100000
8,649,0.310354,0.000098,86.8601,0.000000,0.000000,0.000000,0.003356,0.000000,0.000000,0.000000,0.00100000
8,650,0.284859,0.000090,84.2301,0.000000,0.000000,0.000000,0.004000,0.000000,0.000000,0.000000,0.00100000
8,651,0.271843,0.000086,82.7684,0.000000,0.000000,0.000000,0.004000,0.000000,0.000000,0.000000,0.00100000
8,652,0.305333,0.000097,96.7282,0.000000,0.000000,0.000000,0.005288,0.000000,0.000000,0.000000,0.00100000
8,653,0.261075,0.000083,93.7608,0.000000,0.000000,0.000000,0.003626,0.000000,0.000000,0.000000,0.00100000
8,654,0.345377,0.000109,75.0659,0.000000,0.000000,0.000000,0.007677,0.000000,0.000000,0.000000,0.00100000
8,655,0.300353,0.000095,89.1670,0.000000,0.000000,0.000000,0.004966,0.000000,0.000000,0.000000,0.00100000
8,656,0.287869,0.000091,83.6913,0.000000,0.000000,0.000000,0.003678,0.000000,0.000000,0.000000,0.00100000
8,657,0.351889,0.000111,88.6614,0.000000,0.000000,0.000000,0.005745,0.000000,0.000000,0.000000,0.00100000
8,658,0.698144,0.000221,101.7645,0.000000,0.000000,0.000000,0.012727,0.000000,0.000000,0.000000,0.00100000
8,659,0.551628,0.000172,90.5986,0.000000,0.000000,0.000000,0.022015,0.000000,0.000000,0.000000,0.00100000
8,660,0.867700,0.000272,101.9834,0.000000,0.000000,0.000000,0.030857,0.000000,0.000000,0.000000,0.00100000
8,661,0.741781,0.000233,87.7285,0.000000,0.000000,0.000000,0.022405,0.000000,0.000000,0.000000,0.00100000
8,662,0.750293,0.000235,106.0280,0.000000,0.000000,0.000000,0.027067,0.000000,0.000000,0.000000,0.00100000
8,663,0.885072,0.000277,105.8881,0.000000,0.000000,0.000000,0.031714,0.000000,0.000000,0.000000,0.00100000
8,664,0.841644,0.000262,104.7203,0.000000,0.000000,0.000000,0.041061,0.000000,0.000000,0.000000,0.00100000
8,665,0.514339,0.000161,91.7416,0.000000,0.000000,0.000000,0.019366,0.000000,0.000000,0.000000,0.00100000
8,666,0.556654,0.000171,92.9350,0.000000,0.000000,0.000000,0.041830,0.000000,0.000000,0.000000,0.00100000
8,667,0.845557,0.000266,106.3358,0.000000,0.000000,0.000000,0.019792,0.000000,0.000000,0.000000,0.00100000
8,668,0.667048,0.000206,92.4498,0.000000,0.000000,0.000000,0.042374,0.000000,0.000000,0.000000,0.00100000
8,669,0.587439,0.000184,98.2897,0.000000,0.000000,0.000000,0.018194,0.000000,0.000000,0.000000,0.00100000
8,670,0.702440,0.000217,100.7385,0.000000,0.000000,0.000000,0.041691,0.000000,0.000000,0.000000,0.00100000
8,671,0.528757,0.000166,91.3670,0.000000,0.000000,0.000000,0.013511,0.000000,0.000000,0.000000,0.00100000
8,672,0.544703,0.000170,76.0007,0.000000,0.000000,0.000000,0.020082,0.000000,0.000000,0.000000,0.00100000
8,673,0.402623,0.000123,103.2177,0.000000,0.000000,0.000000,0.032975,0.000000,0.000000,0.000000,0.00100000
8,674,0.336043,0.000106,86.5456,0.000000,0.000000,0.000000,0.007999,0.000000,0.000000,0.000000,0.00100000
8,675,0.400452,0.000124,95.1046,0.000000,0.000000,0.000000,0.022065,0.000000,0.000000,0.000000,0.00100000
8,676,0.301110,0.000095,84.1291,0.000000,0.000000,0.000000,0.005288,0.000000,0.000000,0.000000,0.00100000
8,677,0.348880,0.000111,95.8804,0.000000,0.000000,0.000000,0.002712,0.000000,0.000000,0.000000,0.00100000
8,678,0.258517,0.000082,77.9283,0.000000,0.000000,0.000000,0.003678,0.000000,0.000000,0.000000,0.00100000
8,679,0.335433,0.000106,90.7532,0.000000,0.000000,0.000000,0.007999,0.000000,0.000000,0.000000,0.00100000
8,680,0.358773,0.000113,99.6183,0.000000,0.000000,0.000000,0.006254,0.000000,0.000000,0.000000,0.00100000
8,681,0.260946,0.000083,87.4831,0.000000,0.000000,0.000000,0.001746,0.000000,0.000000,0.000000,0.00100000
8,682,0.375258,0.000119,98.3656,0.000000,0.000000,0.000000,0.003034,0.000000,0.000000,0.000000,0.00100000
8,683,0.282757,0.000090,85.7577,0.000000,0.000000,0.000000,0.003034,0.000000,0.000000,0.000000,0.00100000
8,684,0.288024,0.000091,86.4232,0.000000,0.000000,0.000000,0.003034,0.000000,0.000000,0.000000,0.00100000
8,685,0.336290,0.000107,102.8415,0.000000,0.000000,0.000000,0.004000,0.000000,0.000000,0.000000,0.00100000
8,686,0.316754,0.000100,102.8029,0.000000,0.000000,0.000000,0.004135,0.000000,0.000000,0.000000,0.00100000
8,687,0.303999,0.000097,96.1212,0.000000,0.000000,0.000000,0.002068,0.000000,0.000000,0.000000,0.00100000
8,688,0.409892,0.000130,97.9225,0.000000,0.000000,0.000000,0.004966,0.000000,0.000000,0.000000,0.00100000
8,689,0.397011,0.000126,87.2210,0.000000,0.000000,0.000000,0.004135,0.000000,0.000000,0.000000,0.00100000
8,690,0.271219,0.000086,97.8613,0.000000,0.000000,0.000000,0.002847,0.000000,0.000000,0.000000,0.00100000
8,691,0.316930,0.000100,90.9525,0.000000,0.000000,0.000000,0.003813,0.000000,0.000000,0.000000,0.00100000
8,692,0.429681,0.000136,101.4705,0.000000,0.000000,0.000000,0.003678,0.000000,0.000000,0.000000,0.00100000
8,693,0.295119,0.000094,82.3506,0.000000,0.000000,0.000000,0.003356,0.000000,0.000000,0.000000,0.00100000
8,694,0.363233,0.000115,100.4907,0.000000,0.000000,0.000000,0.003678,0.000000,0.000000,0.000000,0.00100000
8,695,0.276872,0.000088,86.9379,0.000000,0.000000,0.000000,0.002068,0.000000,0.000000,0.000000,0.00100000
8,696,0.472915,0.000150,103.5631,0.000000,0.000000,0.000000,0.003678,0.000000,0.000000,0.000000,0.00100000
8,697,0.288003,0.000091,100.2025,0.000000,0.000000,0.000000,0.003491,0.000000,0.000000,0.000000,0.00100000
8,698,0.310800,0.000099,95.7183,0.000000,0.000000,0.000000,0.002390,0.000000,0.000000,0.000000,0.00100000
8,699,0.341488,0.000108,96.8969,0.000000,0.000000,0.000000,0.003439,0.000000,0.000000,0.000000,0.00100000
8,700,0.261660,0.000083,85.4962,0.000000,0.000000,0.000000,0.003356,0.000000,0.000000,0.000000,0.00100000
8,701,0.355593,0.000113,104.6308,0.000000,0.000000,0.000000,0.002390,0.000000,0.000000,0.000000,0.00100000
8,702,0.251206,0.000080,77.1471,0.000000,0.000000,0.000000,0.003491,0.000000,0.000000,0.000000,0.00100000
8,703,0.287507,0.000091,95.2675,0.000000,0.000000,0.000000,0.004000,0.000000,0.000000,0.000000,0.00100000
8,704,0.447356,0.000141,92.6283,0.000000,0.000000,0.000000,0.009002,0.000000,0.000000,0.000000,0.00100000
8,705,0.287151,0.000091,98.8057,0.000000,0.000000,0.000000,0.002390,0.000000,0.000000,0.000000,0.00100000
8,706,0.294577,0.000093,93.0900,0.000000,0.000000,0.000000,0.003356,0.000000,0.000000,0.000000,0.00100000
8,707,0.351616,0.000112,101.8357,0.000000,0.000000,0.000000,0.003813,0.000000,0.000000,0.000000,0.00100000
8,708,0.285352,0.000091,101.4076,0.000000,0.000000,0.000000,0.002525,0.000000,0.000000,0.000000,0.00100000
8,709,0.277567,0.000088,98.5620,0.000000,0.000000,0.000000,0.002712,0.000000,0.000000,0.000000,0.00100000
8,710,0.299318,0.000095,94.4044,0.000000,0.000000,0.000000,0.002712,0.000000,0.000000,0.000000,0.00100000
8,711,0.290095,0.000092,95.8991,0.000000,0.000000,0.000000,0.002390,0.000000,0.000000,0.000000,0.00100000
8,712,0.281155,0.000089,100.7592,0.000000,0.000000,0.000000,0.003356,0.000000,0.000000,0.000000,0.00100000
8,713,0.265536,0.000084,100.6506,0.000000,0.000000,0.000000,0.003034,0.000000,0.000000,0.000000,0.00100000
8,714,0.258506,0.000082,95.0999,0.000000,0.000000,0.000000,0.001746,0.000000,0.000000,0.000000,0.00100000
8,715,0.265742,0.000084,94.4202,0.000000,0.000000,0.000000,0.002390,0.000000,0.000000,0.000000,0.00100000
8,716,0.354233,0.000113,101.5500,0.000000,0.000000,0.000000,0.002390,0.000000,0.000000,0.000000,0.00100000
8,717,0.262060,0.000083,100.1745,0.000000,0.000000,0.000000,0.001746,0.000000,0.000000,0.000000,0.00100000
8,718,0.295421,0.000094,88.6182,0.000000,0.000000,0.000000,0.002712,0.000000,0.000000,0.000000,0.00100000
8,719,0.270882,0.000086,97.5818,0.000000,0.000000,0.000000,0.002712,0.000000,0.000000,0.000000,0.00100000
9,1,0.433929,0.000137,90.5206,0.000000,0.000000,0.000000,0.010337,0.000000,0.000000,0.000000,0.00100000
9,2,0.378149,0.000119,90.2254,0.000000,0.000000,0.000000,0.012218,0.000000,0.000000,0.000000,0.00100000
9,3,0.398861,0.000126,89.9609,0.000000,0.000000,0.000000,0.008965,0.000000,0.000000,0.000000,0.00100000
9,4,0.394548,0.000125,91.6591,0.000000,0.000000,0.000000,0.005610,0.000000,0.000000,0.000000,0.00100000
9,5,0.395096,0.000125,93.1439,0.000000,0.000000,0.000000,0.003491,0.000000,0.000000,0.000000,0.00100000
9,6,0.395387,0.000125,94.1616,0.000000,0.000000,0.000000,0.003813,0.000000,0.000000,0.000000,0.00100000
9,7,0.412028,0.000131,91.3143,0.000000,0.000000,0.000000,0.005101,0.000000,0.000000,0.000000,0.00100000
9,8,0.412477,0.000131,87.6207,0.000000,0.000000,0.000000,0.003813,0.000000,0.000000,0.000000,0.00100000
9,9,0.390934,0.000124,94.5335,0.000000,0.000000,0.000000,0.004322,0.000000,0.000000,0.000000,0.00100000
9,10,0.397170,0.000126,91.0485,0.000000,0.000000,0.000000,0.002982,0.000000,0.000000,0.000000,0.00100000
9,11,0.360299,0.000114,91.7490,0.000000,0.000000,0.000000,0.002712,0.000000,0.000000,0.000000,0.00100000
9,12,0.361137,0.000115,87.7456,0.000000,0.000000,0.000000,0.003678,0.000000,0.000000,0.000000,0.00100000
9,13,0.373199,0.000119,91.8529,0.000000,0.000000,0.000000,0.002390,0.000000,0.000000,0.000000,0.00100000
9,14,0.377535,0.000120,92.2156,0.000000,0.000000,0.000000,0.002847,0.000000,0.000000,0.000000,0.00100000
9,15,0.385094,0.000122,91.7083,0.000000,0.000000,0.000000,0.003491,0.000000,0.000000,0.000000,0.00100000
9,16,0.433378,0.000138,93.0037,0.000000,0.000000,0.000000,0.002712,0.000000,0.000000,0.000000,0.00100000
9,17,0.459410,0.000145,96.8042,0.000000,0.000000,0.000000,0.007355,0.000000,0.000000,0.000000,0.00100000
9,18,0.445697,0.000141,92.7918,0.000000,0.000000,0.000000,0.004135,0.000000,0.000000,0.000000,0.00100000
9,19,0.433036,0.000137,92.3801,0.000000,0.000000,0.000000,0.004000,0.000000,0.000000,0.000000,0.00100000
9,20,0.371621,0.000118,91.7755,0.000000,0.000000,0.000000,0.004000,0.000000,0.000000,0.000000,0.00100000
9,21,0.425865,0.000135,91.0005,0.000000,0.000000,0.000000,0.002525,0.000000,0.000000,0.000000,0.00100000
9,22,0.428137,0.000136,93.3035,0.000000,0.000000,0.000000,0.002203,0.000000,0.000000,0.000000,0.00100000
9,23,0.403033,0.000128,91.8710,0.000000,0.000000,0.000000,0.002390,0.000000,0.000000,0.000000,0.00100000
9,24,0.447147,0.000142,93.2933,0.000000,0.000000,0.000000,0.004135,0.000000,0.000000,0.000000,0.00100000
9,25,0.407955,0.000129,89.0733,0.000000,0.000000,0.000000,0.004966,0.000000,0.000000,0.000000,0.00100000
9,26,0.406522,0.000129,94.1682,0.000000,0.000000,0.000000,0.006254,0.000000,0.000000,0.000000,0.00100000
9,27,0.386097,0.000123,96.7815,0.000000,0.000000,0.000000,0.002390,0.000000,0.000000,0.000000,0.00100000
9,28,0.404759,0.000128,96.1945,0.000000,0.000000,0.000000,0.006846,0.000000,0.000000,0.000000,0.00100000
9,29,0.395767,0.000126,94.8460,0.000000,0.000000,0.000000,0.003034,0.000000,0.000000,0.000000,0.00100000
9,30,0.406072,0.000128,95.2418,0.000000,0.000000,0.000000,0.007168,0.000000,0.000000,0.000000,0.00100000
9,31,0.387362,0.000123,88.5955,0.000000,0.000000,0.000000,0.005932,0.000000,0.000000,0.000000,0.00100000
9,32,0.433430,0.000136,90.7029,0.000000,0.000000,0.000000,0.014066,0.000000,0.000000,0.000000,0.00100000
9,33,0.361877,0.000114,93.5215,0.000000,0.000000,0.000000,0.009184,0.000000,0.000000,0.000000,0.00100000
9,34,0.354998,0.000112,94.8871,0.000000,0.000000,0.000000,0.007355,0.000000,0.000000,0.000000,0.00100000
9,35,0.327109,0.000104,91.5767,0.000000,0.000000,0.000000,0.004475,0.000000,0.000000,0.000000,0.00100000
9,36,0.312309,0.000099,90.7900,0.000000,0.000000,0.000000,0.006254,0.000000,0.000000,0.000000,0.00100000
9,37,0.297756,0.000094,90.0638,0.000000,0.000000,0.000000,0.007626,0.000000,0.000000,0.000000,0.00100000
9,38,0.366819,0.000116,93.1810,0.000000,0.000000,0.000000,0.005745,0.000000,0.000000,0.000000,0.00100000
9,39,0.352787,0.000111,94.5393,0.000000,0.000000,0.000000,0.006846,0.000000,0.000000,0.000000,0.00100000
9,40,0.348959,0.000111,91.4334,0.000000,0.000000,0.000000,0.002390,0.000000,0.000000,0.000000,0.00100000
9,41,0.388336,0.000122,92.5245,0.000000,0.000000,0.000000,0.011220,0.000000,0.000000,0.000000,0.00100000
9,42,0.329476,0.000105,91.6295,0.000000,0.000000,0.000000,0.003491,0.000000,0.000000,0.000000,0.00100000
9,43,0.317255,0.000100,90.8838,0.000000,0.000000,0.000000,0.007677,0.000000,0.000000,0.000000,0.00100000
9,44,0.335760,0.000106,89.6614,0.000000,0.000000,0.000000,0.004322,0.000000,0.000000,0.000000,0.00100000
9,45,0.294960,0.000093,86.1768,0.000000,0.000000,0.000000,0.004561,0.000000,0.000000,0.000000,0.00100000
9,46,0.348814,0.000110,89.9883,0.000000,0.000000,0.000000,0.009953,0.000000,0.000000,0.000000,0.00100000
9,47,0.362206,0.000113,92.3218,0.000000,0.000000,0.000000,0.017760,0.000000,0.000000,0.000000,0.00100000
9,48,0.452260,0.000138,89.2651,0.000000,0.000000,0.000000,0.041449,0.000000,0.000000,0.000000,0.00100000
9,49,0.321867,0.000092,90.1323,0.000000,0.000000,0.000000,0.063979,0.000000,0.000000,0.000000,0.00100000
9,50,0.355083,0.000111,82.3595,0.000000,0.000000,0.000000,0.015573,0.000000,0.000000,0.000000,0.00100000
9,51,0.392162,0.000117,93.0485,0.000000,0.000000,0.000000,0.052372,0.000000,0.000000,0.000000,0.00100000
9,52,0.291676,0.000092,88.8173,0.000000,0.000000,0.000000,0.008801,0.000000,0.000000,0.000000,0.00100000
9,53,0.368374,0.000116,88.7735,0.000000,0.000000,0.000000,0.012134,0.000000,0.000000,0.000000,0.00100000
9,54,0.307369,0.000096,90.1383,0.000000,0.000000,0.000000,0.012945,0.000000,0.000000,0.000000,0.00100000
9,55,0.362356,0.000115,90.4960,0.000000,0.000000,0.000000,0.005610,0.000000,0.000000,0.000000,0.00100000
9,56,0.378597,0.000119,90.9062,0.000000,0.000000,0.000000,0.010150,0.000000,0.000000,0.000000,0.00100000
9,57,0.399608,0.000126,96.9332,0.000000,0.000000,0.000000,0.009236,0.000000,0.000000,0.000000,0.00100000
9,58,0.342193,0.000108,94.3464,0.000000,0.000000,0.000000,0.005610,0.000000,0.000000,0.000000,0.00100000
9,59,0.370460,0.000117,91.6763,0.000000,0.000000,0.000000,0.004135,0.000000,0.000000,0.000000,0.00100000
9,60,0.327246,0.000104,94.4893,0.000000,0.000000,0.000000,0.004135,0.000000,0.000000,0.000000,0.00100000
9,61,0.591417,0.000186,94.0161,0.000000,0.000000,0.000000,0.014549,0.000000,0.000000,0.000000,0.00100000
9,62,0.378936,0.000120,103.1633,0.000000,0.000000,0.000000,0.005642,0.000000,0.000000,0.000000,0.00100000
9,63,0.460016,0.000143,92.0724,0.000000,0.000000,0.000000,0.024042,0.000000,0.000000,0.000000,0.00100000
9,64,0.391392,0.000124,92.1621,0.000000,0.000000,0.000000,0.006846,0.000000,0.000000,0.000000,0.00100000
9,65,0.400051,0.000127,95.3286,0.000000,0.000000,0.000000,0.006576,0.000000,0.000000,0.000000,0.00100000
9,66,0.394791,0.000125,91.8106,0.000000,0.000000,0.000000,0.004135,0.000000,0.000000,0.000000,0.00100000
9,67,0.416359,0.000132,93.7709,0.000000,0.000000,0.000000,0.003813,0.000000,0.000000,0.000000,0.00100000
9,68,0.384422,0.000122,90.2082,0.000000,0.000000,0.000000,0.004322,0.000000,0.000000,0.000000,0.00100000
9,69,0.361933,0.000115,92.0007,0.000000,0.000000,0.000000,0.003034,0.000000,0.000000,0.000000,0.00100000
9,70,0.339962,0.000108,93.0455,0.000000,0.000000,0.000000,0.004322,0.000000,0.000000,0.000000,0.00100000
9,71,0.395529,0.000126,95.4896,0.000000,0.000000,0.000000,0.002712,0.000000,0.000000,0.000000,0.00100000
9,72,0.361289,0.000115,93.2076,0.000000,0.000000,0.000000,0.003034,0.000000,0.000000,0.000000,0.00100000
9,73,0.406055,0.000129,91.0890,0.000000,0.000000,0.000000,0.003169,0.000000,0.000000,0.000000,0.00100000
9,74,0.377090,0.000120,92.8274,0.000000,0.000000,0.000000,0.003678,0.000000,0.000000,0.000000,0.00100000
9,75,0.374866,0.000119,94.7151,0.000000,0.000000,0.000000,0.003356,0.000000,0.000000,0.000000,0.00100000
9,76,0.357073,0.000113,92.7235,0.000000,0.000000,0.000000,0.003034,0.000000,0.000000,0.000000,0.00100000
9,77,0.358736,0.000114,95.9846,0.000000,0.000000,0.000000,0.004322,0.000000,0.000000,0.000000,0.00100000
9,78,0.311954,0.000099,92.5016,0.000000,0.000000,0.000000,0.002712,0.000000,0.000000,0.000000,0.00100000
9,79,0.436271,0.000137,93.3525,0.000000,0.000000,0.000000,0.010846,0.000000,0.000000,0.000000,0.00100000
9,80,0.415503,0.000132,100.0604,0.000000,0.000000,0.000000,0.003356,0.000000,0.000000,0.000000,0.00100000
9,81,0.315229,0.000099,93.4539,0.000000,0.000000,0.000000,0.007033,0.000000,0.000000,0.000000,0.00100000
9,82,0.302943,0.000096,91.1297,0.000000,0.000000,0.000000,0.002068,0.000000,0.000000,0.000000,0.00100000
9,83,0.345086,0.000109,86.5098,0.000000,0.000000,0.000000,0.003813,0.000000,0.000000,0.000000,0.00100000
9,84,0.367894,0.000117,99.7752,0.000000,0.000000,0.000000,0.002847,0.000000,0.000000,0.000000,0.00100000
9,85,0.330781,0.000105,94.7929,0.000000,0.000000,0.000000,0.002712,0.000000,0.000000,0.000000,0.00100000
9,86,0.462956,0.000147,99.0346,0.000000,0.000000,0.000000,0.005750,0.000000,0.000000,0.000000,0.00100000
9,87,0.480931,0.000152,100.9871,0.000000,0.000000,0.000000,0.010207,0.000000,0.000000,0.000000,0.00100000
9,88,0.402692,0.000127,106.2585,0.000000,0.000000,0.000000,0.007626,0.000000,0.000000,0.000000,0.00100000
9,89,0.516553,0.000164,105.7660,0.000000,0.000000,0.000000,0.003678,0.000000,0.000000,0.000000,0.00100000
9,90,0.329023,0.000104,84.4018,0.000000,0.000000,0.000000,0.007439,0.000000,0.000000,0.000000,0.00100000
9,91,0.260511,0.000082,80.7426,0.000000,0.000000,0.000000,0.003948,0.000000,0.000000,0.000000,0.00100000
9,92,0.250622,0.000080,70.8228,0.000000,0.000000,0.000000,0.001746,0.000000,0.000000,0.000000,0.00100000
9,93,0.344739,0.000109,90.5295,0.000000,0.000000,0.000000,0.008728,0.000000,0.000000,0.000000,0.00100000
9,94,0.410306,0.000129,97.3136,0.000000,0.000000,0.000000,0.012675,0.000000,0.000000,0.000000,0.00100000
9,95,0.398743,0.000126,90.1326,0.000000,0.000000,0.000000,0.004644,0.000000,0.000000,0.000000,0.00100000
9,96,0.421709,0.000133,93.7827,0.000000,0.000000,0.000000,0.007082,0.000000,0.000000,0.000000,0.00100000
9,97,0.369258,0.000117,91.0772,0.000000,0.000000,0.000000,0.004000,0.000000,0.000000,0.000000,0.00100000
9,98,0.396025,0.000125,90.2106,0.000000,0.000000,0.000000,0.005288,0.000000,0.000000,0.000000,0.00100000
9,99,0.381635,0.000121,95.2630,0.000000,0.000000,0.000000,0.004000,0.000000,0.000000,0.000000,0.00100000
9,100,0.367943,0.000117,90.8265,0.000000,0.000000,0.000000,0.003678,0.000000,0.000000,0.000000,0.00100000
9,101,0.368878,0.000117,90.3398,0.000000,0.000000,0.000000,0.003678,0.000000,0.000000,0.000000,0.00100000
9,102,0.423199,0.000134,91.6783,0.000000,0.000000,0.000000,0.004644,0.000000,0.000000,0.000000,0.00100000
9,103,0.372020,0.000118,90.3411,0.000000,0.000000,0.000000,0.003356,0.000000,0.000000,0.000000,0.00100000
9,104,0.380592,0.000121,89.4928,0.000000,0.000000,0.000000,0.003034,0.000000,0.000000,0.000000,0.00100000
9,105,0.376157,0.000119,91.4106,0.000000,0.000000,0.000000,0.004966,0.000000,0.000000,0.000000,0.00100000
9,106,0.376764,0.000120,91.9243,0.000000,0.000000,0.000000,0.002068,0.000000,0.000000,0.000000,0.00100000
9,107,0.384981,0.000122,88.8762,0.000000,0.000000,0.000000,0.002989,0.000000,0.000000,0.000000,0.00100000
9,108,0.347908,0.000110,88.5734,0.000000,0.000000,0.000000,0.003356,0.000000,0.000000,0.000000,0.00100000
9,109,0.375495,0.000119,92.7701,0.000000,0.000000,0.000000,0.003678,0.000000,0.000000,0.000000,0.00100000
9,110,0.357768,0.000113,89.8483,0.000000,0.000000,0.000000,0.007636,0.000000,0.000000,0.000000,0.00100000
9,111,0.380258,0.000120,85.0389,0.000000,0.000000,0.000000,0.007813,0.000000,0.000000,0.000000,0.00100000
9,112,0.308926,0.000097,83.1217,0.000000,0.000000,0.000000,0.010015,0.000000,0.000000,0.000000,0.00100000
9,113,0.309677,0.000097,83.0872,0.000000,0.000000,0.000000,0.009133,0.000000,0.000000,0.000000,0.00100000
9,114,0.453898,0.000144,88.4292,0.000000,0.000000,0.000000,0.004000,0.000000,0.000000,0.000000,0.00100000
9,115,0.448695,0.000142,98.8432,0.000000,0.000000,0.000000,0.005185,0.000000,0.000000,0.000000,0.00100000
9,116,0.482342,0.000153,101.4545,0.000000,0.000000,0.000000,0.006660,0.000000,0.000000,0.000000,0.00100000
9,117,0.275640,0.000085,73.9253,0.000000,0.000000,0.000000,0.017183,0.000000,0.000000,0.000000,0.00100000
9,118,0.372997,0.000113,83.1249,0.000000,0.000000,0.000000,0.035197,0.000000,0.000000,0.000000,0.00100000
9,119,0.267968,0.000084,79.5044,0.000000,0.000000,0.000000,0.006898,0.000000,0.000000,0.000000,0.00100000
9,120,0.407128,0.000126,102.1992,0.000000,0.000000,0.000000,0.021163,0.000000,0.000000,0.000000,0.00100000
9,121,0.397702,0.000125,98.8561,0.000000,0.000000,0.000000,0.009101,0.000000,0.000000,0.000000,0.00100000
9,122,0.385745,0.000121,103.7617,0.000000,0.000000,0.000000,0.010743,0.000000,0.000000,0.000000,0.00100000
9,123,0.470713,0.000148,105.1419,0.000000,0.000000,0.000000,0.012437,0.000000,0.000000,0.000000,0.00100000
9,124,0.448086,0.000142,103.7543,0.000000,0.000000,0.000000,0.006795,0.000000,0.000000,0.000000,0.00100000
9,125,0.357675,0.000112,87.5047,0.000000,0.000000,0.000000,0.014098,0.000000,0.000000,0.000000,0.00100000
9,126,0.398130,0.000126,99.2342,0.000000,0.000000,0.000000,0.007542,0.000000,0.000000,0.000000,0.00100000
9,127,0.430175,0.000136,100.4553,0.000000,0.000000,0.000000,0.007677,0.000000,0.000000,0.000000,0.00100000
9,128,0.320555,0.000101,93.0043,0.000000,0.000000,0.000000,0.006795,0.000000,0.000000,0.000000,0.00100000
9,129,0.420074,0.000133,100.8578,0.000000,0.000000,0.000000,0.006660,0.000000,0.000000,0.000000,0.00100000
9,130,0.280281,0.000089,82.6375,0.000000,0.000000,0.000000,0.002390,0.000000,0.000000,0.000000,0.00100000
9,131,0.271879,0.000086,88.1774,0.000000,0.000000,0.000000,0.006524,0.000000,0.000000,0.000000,0.00100000
9,132,0.285642,0.000091,93.2800,0.000000,0.000000,0.000000,0.002712,0.000000,0.000000,0.000000,0.00100000
9,133,0.393956,0.000125,102.3195,0.000000,0.000000,0.000000,0.003034,0.000000,0.000000,0.000000,0.00100000
9,134,0.254910,0.000081,84.3586,0.000000,0.000000,0.000000,0.002390,0.000000,0.000000,0.000000,0.00100000
9,135,0.359614,0.000113,87.0444,0.000000,0.000000,0.000000,0.008083,0.000000,0.000000,0.000000,0.00100000
9,136,0.348334,0.000110,96.9032,0.000000,0.000000,0.000000,0.004457,0.000000,0.000000,0.000000,0.00100000
9,137,0.314959,0.000099,78.9902,0.000000,0.000000,0.000000,0.006067,0.000000,0.000000,0.000000,0.00100000
9,138,0.418387,0.000132,99.7567,0.000000,0.000000,0.000000,0.009101,0.000000,0.000000,0.000000,0.00100000
9,139,0.394937,0.000124,102.7431,0.000000,0.000000,0.000000,0.010525,0.000000,0.000000,0.000000,0.00100000
9,140,0.337881,0.000107,99.6369,0.000000,0.000000,0.000000,0.003169,0.000000,0.000000,0.000000,0.00100000
9,141,0.545087,0.000172,105.7449,0.000000,0.000000,0.000000,0.011252,0.000000,0.000000,0.000000,0.00100000
9,142,0.624145,0.000197,106.4756,0.000000,0.000000,0.000000,0.011979,0.000000,0.000000,0.000000,0.00100000
9,143,0.420166,0.000133,87.6308,0.000000,0.000000,0.000000,0.006254,0.000000,0.000000,0.000000,0.00100000
9,144,0.408636,0.000130,89.5187,0.000000,0.000000,0.000000,0.004322,0.000000,0.000000,0.000000,0.00100000
9,145,0.442033,0.000140,94.9387,0.000000,0.000000,0.000000,0.005610,0.000000,0.000000,0.000000,0.00100000
9,146,0.513365,0.000163,93.6500,0.000000,0.000000,0.000000,0.004000,0.000000,0.000000,0.000000,0.00100000
9,147,0.493466,0.000157,99.6379,0.000000,0.000000,0.000000,0.002390,0.000000,0.000000,0.000000,0.00100000
9,148,0.625671,0.000198,107.7950,0.000000,0.000000,0.000000,0.010202,0.000000,0.000000,0.000000,0.00100000
9,149,0.344679,0.000109,78.9995,0.000000,0.000000,0.000000,0.004966,0.000000,0.000000,0.000000,0.00100000
9,150,0.464043,0.000147,100.8787,0.000000,0.000000,0.000000,0.004000,0.000000,0.000000,0.000000,0.00100000
9,151,0.494256,0.000157,108.8025,0.000000,0.000000,0.000000,0.004644,0.000000,0.000000,0.000000,0.00100000
9,152,0.407590,0.000129,99.1221,0.000000,0.000000,0.000000,0.003678,0.000000,0.000000,0.000000,0.00100000
9,153,0.558082,0.000177,103.1926,0.000000,0.000000,0.000000,0.007999,0.000000,0.000000,0.000000,0.00100000
9,154,0.389194,0.000124,92.4902,0.000000,0.000000,0.000000,0.002712,0.000000,0.000000,0.000000,0.00100000
9,155,0.397976,0.000125,96.2425,0.000000,0.000000,0.000000,0.009796,0.000000,0.000000,0.000000,0.00100000
9,156,0.384083,0.000121,99.5917,0.000000,0.000000,0.000000,0.006576,0.000000,0.000000,0.000000,0.00100000
9,157,0.555545,0.000175,90.1773,0.000000,0.000000,0.000000,0.011812,0.000000,0.000000,0.000000,0.00100000
9,158,0.411317,0.000130,84.0155,0.000000,0.000000,0.000000,0.008186,0.000000,0.000000,0.000000,0.00100000
9,159,0.447400,0.000141,92.7999,0.000000,0.000000,0.000000,0.012105,0.000000,0.000000,0.000000,0.00100000
9,160,0.384322,0.000121,88.5371,0.000000,0.000000,0.000000,0.008508,0.000000,0.000000,0.000000,0.00100000
9,161,0.477687,0.000151,108.7502,0.000000,0.000000,0.000000,0.006067,0.000000,0.000000,0.000000,0.00100000
9,162,0.360071,0.000114,102.6867,0.000000,0.000000,0.000000,0.007999,0.000000,0.000000,0.000000,0.00100000
9,163,0.370415,0.000117,102.3299,0.000000,0.000000,0.000000,0.006794,0.000000,0.000000,0.000000,0.00100000
9,164,0.540774,0.000171,100.9627,0.000000,0.000000,0.000000,0.011303,0.000000,0.000000,0.000000,0.00100000
9,165,0.328976,0.000104,86.4320,0.000000,0.000000,0.000000,0.004726,0.000000,0.000000,0.000000,0.00100000
9,166,0.440081,0.000138,92.8755,0.000000,0.000000,0.000000,0.011947,0.000000,0.000000,0.000000,0.00100000
9,167,0.376955,0.000119,98.4092,0.000000,0.000000,0.000000,0.006067,0.000000,0.000000,0.000000,0.00100000
9,168,0.384501,0.000122,96.2911,0.000000,0.000000,0.000000,0.005423,0.000000,0.000000,0.000000,0.00100000
9,169,0.335252,0.000106,85.1902,0.000000,0.000000,0.000000,0.005610,0.000000,0.000000,0.000000,0.00100000
9,170,0.341853,0.000108,102.6668,0.000000,0.000000,0.000000,0.003678,0.000000,0.000000,0.000000,0.00100000
9,171,0.343224,0.000109,75.4397,0.000000,0.000000,0.000000,0.002712,0.000000,0.000000,0.000000,0.00100000
9,172,0.390568,0.000124,99.9155,0.000000,0.000000,0.000000,0.004966,0.000000,0.000000,0.000000,0.00100000
9,173,0.451794,0.000143,95.9955,0.000000,0.000000,0.000000,0.004270,0.000000,0.000000,0.000000,0.00100000
9,174,0.284439,0.000090,78.7076,0.000000,0.000000,0.000000,0.003678,0.000000,0.000000,0.000000,0.00100000
9,175,0.332140,0.000105,86.4088,0.000000,0.000000,0.000000,0.005101,0.000000,0.000000,0.000000,0.00100000
9,176,0.437346,0.000139,104.1285,0.000000,0.000000,0.000000,0.002712,0.000000,0.000000,0.000000,0.00100000
9,177,0.307895,0.000097,92.9223,0.000000,0.000000,0.000000,0.005932,0.000000,0.000000,0.000000,0.00100000
9,178,0.244513,0.000078,79.7493,0.000000,0.000000,0.000000,0.002068,0.000000,0.000000,0.000000,0.00100000
9,179,0.231871,0.000074,92.9365,0.000000,0.000000,0.000000,0.002390,0.000000,0.000000,0.000000,0.00100000
9,180,0.256257,0.000080,91.2603,0.000000,0.000000,0.000000,0.009455,0.000000,0.000000,0.000000,0.00100000
9,181,0.283169,0.000090,92.4574,0.000000,0.000000,0.000000,0.004322,0.000000,0.000000,0.000000,0.00100000
9,182,0.417705,0.000132,94.8894,0.000000,0.000000,0.000000,0.004779,0.000000,0.000000,0.000000,0.00100000
9,183,0.276493,0.000085,85.9145,0.000000,0.000000,0.000000,0.019420,0.000000,0.000000,0.000000,0.00100000
9,184,0.258829,0.000081,94.7227,0.000000,0.000000,0.000000,0.007677,0.000000,0.000000,0.000000,0.00100000
9,185,0.301028,0.000091,75.0440,0.000000,0.000000,0.000000,0.029696,0.000000,0.000000,0.000000,0.00100000
9,186,0.385130,0.000121,93.7374,0.000000,0.000000,0.000000,0.009880,0.000000,0.000000,0.000000,0.00100000
9,187,0.297763,0.000092,100.8344,0.000000,0.000000,0.000000,0.018233,0.000000,0.000000,0.000000,0.00100000
9,188,0.400723,0.000126,94.2988,0.000000,0.000000,0.000000,0.013693,0.000000,0.000000,0.000000,0.00100000
9,189,0.374774,0.000118,86.2104,0.000000,0.000000,0.000000,0.011387,0.000000,0.000000,0.000000,0.00100000
9,190,0.437829,0.000138,98.2620,0.000000,0.000000,0.000000,0.011033,0.000000,0.000000,0.000000,0.00100000
9,191,0.285608,0.000089,89.6702,0.000000,0.000000,0.000000,0.015979,0.000000,0.000000,0.000000,0.00100000
9,192,0.240986,0.000076,85.0748,0.000000,0.000000,0.000000,0.003034,0.000000,0.000000,0.000000,0.00100000
9,193,0.357080,0.000113,96.6241,0.000000,0.000000,0.000000,0.004000,0.000000,0.000000,0.000000,0.00100000
9,194,0.317149,0.000100,93.8958,0.000000,0.000000,0.000000,0.008759,0.000000,0.000000,0.000000,0.00100000
9,195,0.319167,0.000101,95.8170,0.000000,0.000000,0.000000,0.002068,0.000000,0.000000,0.000000,0.00100000
9,196,0.297104,0.000094,83.7869,0.000000,0.000000,0.000000,0.005610,0.000000,0.000000,0.000000,0.00100000
9,197,0.443966,0.000141,108.3212,0.000000,0.000000,0.000000,0.004966,0.000000,0.000000,0.000000,0.00100000
9,198,0.299276,0.000095,83.6579,0.000000,0.000000,0.000000,0.003356,0.000000,0.000000,0.000000,0.00100000
9,199,0.295461,0.000094,90.7037,0.000000,0.000000,0.000000,0.002068,0.000000,0.000000,0.000000,0.00100000
9,200,0.236822,0.000075,95.1461,0.000000,0.000000,0.000000,0.002712,0.000000,0.000000,0.000000,0.00100000
9,201,0.334533,0.000106,98.7204,0.000000,0.000000,0.000000,0.004000,0.000000,0.000000,0.000000,0.00100000
9,202,0.232092,0.000074,87.1119,0.000000,0.000000,0.000000,0.003169,0.000000,0.000000,0.000000,0.00100000
9,203,0.335563,0.000106,87.7976,0.000000,0.000000,0.000000,0.006795,0.000000,0.000000,0.000000,0.00100000
9,204,0.335788,0.000105,78.3223,0.000000,0.000000,0.000000,0.011168,0.000000,0.000000,0.000000,0.00100000
9,205,0.344067,0.000109,104.7177,0.000000,0.000000,0.000000,0.005288,0.000000,0.000000,0.000000,0.00100000
9,206,0.337343,0.000107,101.2930,0.000000,0.000000,0.000000,0.004592,0.000000,0.000000,0.000000,0.00100000
9,207,0.345890,0.000108,89.2943,0.000000,0.000000,0.000000,0.016404,0.000000,0.000000,0.000000,0.00100000
9,208,0.439283,0.000139,102.0229,0.000000,0.000000,0.000000,0.005932,0.000000,0.000000,0.000000,0.00100000
9,209,0.239051,0.000075,89.1660,0.000000,0.000000,0.000000,0.008321,0.000000,0.000000,0.000000,0.00100000
9,210,0.239538,0.000076,94.6454,0.000000,0.000000,0.000000,0.004000,0.000000,0.000000,0.000000,0.00100000
9,211,0.337946,0.000107,94.1490,0.000000,0.000000,0.000000,0.003034,0.000000,0.000000,0.000000,0.00100000
9,212,0.247093,0.000078,82.6225,0.000000,0.000000,0.000000,0.006254,0.000000,0.000000,0.000000,0.00100000
9,213,0.252444,0.000080,86.6042,0.000000,0.000000,0.000000,0.001424,0.000000,0.000000,0.000000,0.00100000
9,214,0.215800,0.000068,89.4967,0.000000,0.000000,0.000000,0.002203,0.000000,0.000000,0.000000,0.00100000
9,215,0.327612,0.000104,95.3046,0.000000,0.000000,0.000000,0.005610,0.000000,0.000000,0.000000,0.00100000
9,216,0.372209,0.000118,105.7889,0.000000,0.000000,0.000000,0.003678,0.000000,0.000000,0.000000,0.00100000
9,217,0.362406,0.000115,107.0769,0.000000,0.000000,0.000000,0.002390,0.000000,0.000000,0.000000,0.00100000
9,218,0.280226,0.000088,89.7714,0.000000,0.000000,0.000000,0.007626,0.000000,0.000000,0.000000,0.00100000
9,219,0.418958,0.000133,104.9048,0.000000,0.000000,0.000000,0.003356,0.000000,0.000000,0.000000,0.00100000
9,220,0.337414,0.000107,96.5861,0.000000,0.000000,0.000000,0.005745,0.000000,0.000000,0.000000,0.00100000
9,221,0.294429,0.000093,84.7764,0.000000,0.000000,0.000000,0.005880,0.000000,0.000000,0.000000,0.00100000
9,222,0.286858,0.000090,80.5689,0.000000,0.000000,0.000000,0.007677,0.000000,0.000000,0.000000,0.00100000
9,223,0.333575,0.000106,95.0269,0.000000,0.000000,0.000000,0.004135,0.000000,0.000000,0.000000,0.00100000
9,224,0.320713,0.000102,100.9594,0.000000,0.000000,0.000000,0.004322,0.000000,0.000000,0.000000,0.00100000
9,225,0.345597,0.000109,90.8753,0.000000,0.000000,0.000000,0.005662,0.000000,0.000000,0.000000,0.00100000
9,226,0.481812,0.000152,105.0484,0.000000,0.000000,0.000000,0.010712,0.000000,0.000000,0.000000,0.00100000
9,227,0.433292,0.000136,106.3869,0.000000,0.000000,0.000000,0.010851,0.000000,0.000000,0.000000,0.00100000
9,228,0.335366,0.000106,97.2505,0.000000,0.000000,0.000000,0.003169,0.000000,0.000000,0.000000,0.00100000
9,229,0.438693,0.000139,103.0908,0.000000,0.000000,0.000000,0.007626,0.000000,0.000000,0.000000,0.00100000
9,230,0.331128,0.000105,87.3710,0.000000,0.000000,0.000000,0.004457,0.000000,0.000000,0.000000,0.00100000
9,231,0.304503,0.000096,87.3532,0.000000,0.000000,0.000000,0.008280,0.000000,0.000000,0.000000,0.00100000
9,232,0.340112,0.000107,86.1386,0.000000,0.000000,0.000000,0.008135,0.000000,0.000000,0.000000,0.00100000
9,233,0.247835,0.000078,74.6130,0.000000,0.000000,0.000000,0.003678,0.000000,0.000000,0.000000,0.00100000
9,234,0.284678,0.000090,86.9210,0.000000,0.000000,0.000000,0.005236,0.000000,0.000000,0.000000,0.00100000
9,235,0.400523,0.000127,77.8601,0.000000,0.000000,0.000000,0.004966,0.000000,0.000000,0.000000,0.00100000
9,236,0.355968,0.000113,86.9289,0.000000,0.000000,0.000000,0.002390,0.000000,0.000000,0.000000,0.00100000
9,237,0.527733,0.000167,100.3970,0.000000,0.000000,0.000000,0.006524,0.000000,0.000000,0.000000,0.00100000
9,238,0.371557,0.000118,94.1180,0.000000,0.000000,0.000000,0.003948,0.000000,0.000000,0.000000,0.00100000
9,239,0.382672,0.000121,96.8555,0.000000,0.000000,0.000000,0.004322,0.000000,0.000000,0.000000,0.00100000
9,240,0.245345,0.000078,78.7234,0.000000,0.000000,0.000000,0.002712,0.000000,0.000000,0.000000,0.00100000
9,241,0.513088,0.000162,94.6903,0.000000,0.000000,0.000000,0.007033,0.000000,0.000000,0.000000,0.00100000
9,242,0.493727,0.000157,107.6262,0.000000,0.000000,0.000000,0.004322,0.000000,0.000000,0.000000,0.00100000
9,243,0.467036,0.000148,97.0860,0.000000,0.000000,0.000000,0.008457,0.000000,0.000000,0.000000,0.00100000
9,244,0.388082,0.000123,98.4067,0.000000,0.000000,0.000000,0.003356,0.000000,0.000000,0.000000,0.00100000
9,245,0.325696,0.000103,86.1283,0.000000,0.000000,0.000000,0.004322,0.000000,0.000000,0.000000,0.00100000
9,246,0.379785,0.000121,103.4344,0.000000,0.000000,0.000000,0.003356,0.000000,0.000000,0.000000,0.00100000
9,247,0.406738,0.000129,99.1310,0.000000,0.000000,0.000000,0.002068,0.000000,0.000000,0.000000,0.00100000
9,248,0.438226,0.000139,100.6852,0.000000,0.000000,0.000000,0.002068,0.000000,0.000000,0.000000,0.00100000
9,249,0.360378,0.000114,89.2449,0.000000,0.000000,0.000000,0.003034,0.000000,0.000000,0.000000,0.00100000
9,250,0.293634,0.000093,82.4052,0.000000,0.000000,0.000000,0.002712,0.000000,0.000000,0.000000,0.00100000
9,251,0.257977,0.000082,84.1587,0.000000,0.000000,0.000000,0.004322,0.000000,0.000000,0.000000,0.00100000
9,252,0.260711,0.000082,101.9048,0.000000,0.000000,0.000000,0.005372,0.000000,0.000000,0.000000,0.00100000
9,253,0.375855,0.000119,104.5159,0.000000,0.000000,0.000000,0.006711,0.000000,0.000000,0.000000,0.00100000
9,254,0.326011,0.000103,96.7579,0.000000,0.000000,0.000000,0.005610,0.000000,0.000000,0.000000,0.00100000
9,255,0.257783,0.000081,97.8852,0.000000,0.000000,0.000000,0.004644,0.000000,0.000000,0.000000,0.00100000
9,256,0.330758,0.000104,96.9966,0.000000,0.000000,0.000000,0.007490,0.000000,0.000000,0.000000,0.00100000
9,257,0.340685,0.000106,101.1985,0.000000,0.000000,0.000000,0.015470,0.000000,0.000000,0.000000,0.00100000
9,258,0.235684,0.000072,84.8554,0.000000,0.000000,0.000000,0.017609,0.000000,0.000000,0.000000,0.00100000
9,259,0.295064,0.000091,94.7934,0.000000,0.000000,0.000000,0.018711,0.000000,0.000000,0.000000,0.00100000
9,260,0.363932,0.000112,98.4994,0.000000,0.000000,0.000000,0.024499,0.000000,0.000000,0.000000,0.00100000
9,261,0.365475,0.000114,87.7822,0.000000,0.000000,0.000000,0.015812,0.000000,0.000000,0.000000,0.00100000
9,262,0.276242,0.000086,94.3944,0.000000,0.000000,0.000000,0.012186,0.000000,0.000000,0.000000,0.00100000
9,263,0.272557,0.000086,83.2875,0.000000,0.000000,0.000000,0.007355,0.000000,0.000000,0.000000,0.00100000
9,264,0.276765,0.000086,88.0304,0.000000,0.000000,0.000000,0.013371,0.000000,0.000000,0.000000,0.00100000
9,265,0.314057,0.000099,85.5740,0.000000,0.000000,0.000000,0.009745,0.000000,0.000000,0.000000,0.00100000
9,266,0.347301,0.000110,91.3712,0.000000,0.000000,0.000000,0.006846,0.000000,0.000000,0.000000,0.00100000
9,267,0.297026,0.000093,85.3743,0.000000,0.000000,0.000000,0.007813,0.000000,0.000000,0.000000,0.00100000
9,268,0.401879,0.000127,93.5524,0.000000,0.000000,0.000000,0.004831,0.000000,0.000000,0.000000,0.00100000
9,269,0.365148,0.000116,99.0883,0.000000,0.000000,0.000000,0.004052,0.000000,0.000000,0.000000,0.00100000
9,270,0.379126,0.000120,100.5146,0.000000,0.000000,0.000000,0.007033,0.000000,0.000000,0.000000,0.00100000
9,271,0.437804,0.000139,86.6571,0.000000,0.000000,0.000000,0.006930,0.000000,0.000000,0.000000,0.00100000
9,272,0.409616,0.000129,96.0086,0.000000,0.000000,0.000000,0.008083,0.000000,0.000000,0.000000,0.00100000
9,273,0.344306,0.000109,91.4801,0.000000,0.000000,0.000000,0.004644,0.000000,0.000000,0.000000,0.00100000
9,274,0.384527,0.000122,85.1165,0.000000,0.000000,0.000000,0.004322,0.000000,0.000000,0.000000,0.00100000
9,275,0.282464,0.000089,91.0693,0.000000,0.000000,0.000000,0.004322,0.000000,0.000000,0.000000,0.00100000
9,276,0.391075,0.000124,95.5555,0.000000,0.000000,0.000000,0.003678,0.000000,0.000000,0.000000,0.00100000
9,277,0.340207,0.000108,84.8458,0.000000,0.000000,0.000000,0.002390,0.000000,0.000000,0.000000,0.00100000
9,278,0.269751,0.000086,90.3324,0.000000,0.000000,0.000000,0.002068,0.000000,0.000000,0.000000,0.00100000
9,279,0.437599,0.000139,106.3619,0.000000,0.000000,0.000000,0.004727,0.000000,0.000000,0.000000,0.00100000
9,280,0.300214,0.000095,88.9453,0.000000,0.000000,0.000000,0.002712,0.000000,0.000000,0.000000,0.00100000
9,281,0.447069,0.000142,103.2965,0.000000,0.000000,0.000000,0.006524,0.000000,0.000000,0.000000,0.00100000
9,282,0.435025,0.000134,96.9990,0.000000,0.000000,0.000000,0.032098,0.000000,0.000000,0.000000,0.00100000
9,283,0.327220,0.000102,88.7783,0.000000,0.000000,0.000000,0.014846,0.000000,0.000000,0.000000,0.00100000
9,284,0.399078,0.000119,93.7675,0.000000,0.000000,0.000000,0.050119,0.000000,0.000000,0.000000,0.00100000
9,285,0.291853,0.000090,90.7209,0.000000,0.000000,0.000000,0.019811,0.000000,0.000000,0.000000,0.00100000
9,286,0.385734,0.000117,108.3153,0.000000,0.000000,0.000000,0.037425,0.000000,0.000000,0.000000,0.00100000
9,287,0.317585,0.000101,98.8282,0.000000,0.000000,0.000000,0.003678,0.000000,0.000000,0.000000,0.00100000
9,288,0.258969,0.000080,87.0763,0.000000,0.000000,0.000000,0.019251,0.000000,0.000000,0.000000,0.00100000
9,289,0.290339,0.000091,89.2299,0.000000,0.000000,0.000000,0.010743,0.000000,0.000000,0.000000,0.00100000
9,290,0.268687,0.000084,91.3812,0.000000,0.000000,0.000000,0.009152,0.000000,0.000000,0.000000,0.00100000
9,291,0.276029,0.000087,84.3160,0.000000,0.000000,0.000000,0.004644,0.000000,0.000000,0.000000,0.00100000
9,292,0.258675,0.000082,95.3918,0.000000,0.000000,0.000000,0.002390,0.000000,0.000000,0.000000,0.00100000
9,293,0.353861,0.000111,100.7633,0.000000,0.000000,0.000000,0.009474,0.000000,0.000000,0.000000,0.00100000
9,294,0.299563,0.000095,99.0088,0.000000,0.000000,0.000000,0.003034,0.000000,0.000000,0.000000,0.00100000
9,295,0.265705,0.000084,100.8499,0.000000,0.000000,0.000000,0.004779,0.000000,0.000000,0.000000,0.00100000
9,296,0.437205,0.000138,98.3063,0.000000,0.000000,0.000000,0.007864,0.000000,0.000000,0.000000,0.00100000
9,297,0.416676,0.000132,96.2033,0.000000,0.000000,0.000000,0.003034,0.000000,0.000000,0.000000,0.00100000
9,298,0.427475,0.000133,99.2690,0.000000,0.000000,0.000000,0.022638,0.000000,0.000000,0.000000,0.00100000
9,299,0.385740,0.000122,96.2671,0.000000,0.000000,0.000000,0.005880,0.000000,0.000000,0.000000,0.00100000
9,300,0.252717,0.000079,85.0483,0.000000,0.000000,0.000000,0.008830,0.000000,0.000000,0.000000,0.00100000
9,301,0.499911,0.000158,103.5716,0.000000,0.000000,0.000000,0.005829,0.000000,0.000000,0.000000,0.00100000
9,302,0.344323,0.000109,94.3640,0.000000,0.000000,0.000000,0.005610,0.000000,0.000000,0.000000,0.00100000
9,303,0.293691,0.000093,84.8583,0.000000,0.000000,0.000000,0.003678,0.000000,0.000000,0.000000,0.00100000
9,304,0.330692,0.000104,86.4825,0.000000,0.000000,0.000000,0.011355,0.000000,0.000000,0.000000,0.00100000
9,305,0.369735,0.000117,98.2755,0.000000,0.000000,0.000000,0.004644,0.000000,0.000000,0.000000,0.00100000
9,306,0.275924,0.000088,84.3363,0.000000,0.000000,0.000000,0.003034,0.000000,0.000000,0.000000,0.00100000
9,307,0.282332,0.000089,76.5846,0.000000,0.000000,0.000000,0.006898,0.000000,0.000000,0.000000,0.00100000
9,308,0.411155,0.000130,94.1681,0.000000,0.000000,0.000000,0.005610,0.000000,0.000000,0.000000,0.00100000
9,309,0.465332,0.000148,103.1906,0.000000,0.000000,0.000000,0.004322,0.000000,0.000000,0.000000,0.00100000
9,310,0.282451,0.000089,80.4933,0.000000,0.000000,0.000000,0.009828,0.000000,0.000000,0.000000,0.00100000
9,311,0.306650,0.000097,94.5631,0.000000,0.000000,0.000000,0.003034,0.000000,0.000000,0.000000,0.00100000
9,312,0.362540,0.000115,99.1424,0.000000,0.000000,0.000000,0.006524,0.000000,0.000000,0.000000,0.00100000
9,313,0.334898,0.000103,97.4629,0.000000,0.000000,0.000000,0.021589,0.000000,0.000000,0.000000,0.00100000
9,314,0.303517,0.000096,82.6197,0.000000,0.000000,0.000000,0.003678,0.000000,0.000000,0.000000,0.00100000
9,315,0.399149,0.000126,88.8734,0.000000,0.000000,0.000000,0.005558,0.000000,0.000000,0.000000,0.00100000
9,316,0.310629,0.000097,95.8862,0.000000,0.000000,0.000000,0.010118,0.000000,0.000000,0.000000,0.00100000
9,317,0.283946,0.000090,96.3564,0.000000,0.000000,0.000000,0.004000,0.000000,0.000000,0.000000,0.00100000
9,318,0.271431,0.000086,79.5180,0.000000,0.000000,0.000000,0.002068,0.000000,0.000000,0.000000,0.00100000
9,319,0.312083,0.000098,92.0530,0.000000,0.000000,0.000000,0.011625,0.000000,0.000000,0.000000,0.00100000
9,320,0.302818,0.000096,85.8936,0.000000,0.000000,0.000000,0.002068,0.000000,0.000000,0.000000,0.00100000
9,321,0.399084,0.000126,101.9803,0.000000,0.000000,0.000000,0.009101,0.000000,0.000000,0.000000,0.00100000
9,322,0.272751,0.000086,89.8353,0.000000,0.000000,0.000000,0.008965,0.000000,0.000000,0.000000,0.00100000
9,323,0.299768,0.000095,98.4594,0.000000,0.000000,0.000000,0.006067,0.000000,0.000000,0.000000,0.00100000
9,324,0.499724,0.000157,109.7564,0.000000,0.000000,0.000000,0.015013,0.000000,0.000000,0.000000,0.00100000
9,325,0.408186,0.000127,99.4479,0.000000,0.000000,0.000000,0.020030,0.000000,0.000000,0.000000,0.00100000
9,326,0.354338,0.000113,99.5679,0.000000,0.000000,0.000000,0.001424,0.000000,0.000000,0.000000,0.00100000
9,327,0.318664,0.000101,94.0228,0.000000,0.000000,0.000000,0.003678,0.000000,0.000000,0.000000,0.00100000
9,328,0.454690,0.000143,103.2395,0.000000,0.000000,0.000000,0.015032,0.000000,0.000000,0.000000,0.00100000
9,329,0.531764,0.000168,108.1435,0.000000,0.000000,0.000000,0.011916,0.000000,0.000000,0.000000,0.00100000
9,330,0.300642,0.000095,92.4925,0.000000,0.000000,0.000000,0.004644,0.000000,0.000000,0.000000,0.00100000
9,331,0.298176,0.000094,98.1497,0.000000,0.000000,0.000000,0.005101,0.000000,0.000000,0.000000,0.00100000
9,332,0.431240,0.000137,105.1799,0.000000,0.000000,0.000000,0.005423,0.000000,0.000000,0.000000,0.00100000
9,333,0.387805,0.000122,97.9172,0.000000,0.000000,0.000000,0.009371,0.000000,0.000000,0.000000,0.00100000
9,334,0.328983,0.000103,100.0565,0.000000,0.000000,0.000000,0.010337,0.000000,0.000000,0.000000,0.00100000
9,335,0.390611,0.000124,95.6873,0.000000,0.000000,0.000000,0.005288,0.000000,0.000000,0.000000,0.00100000
9,336,0.305435,0.000097,87.2163,0.000000,0.000000,0.000000,0.003678,0.000000,0.000000,0.000000,0.00100000
9,337,0.309549,0.000098,94.3958,0.000000,0.000000,0.000000,0.002712,0.000000,0.000000,0.000000,0.00100000
9,338,0.335412,0.000107,100.1083,0.000000,0.000000,0.000000,0.002712,0.000000,0.000000,0.000000,0.00100000
9,339,0.347757,0.000110,94.0583,0.000000,0.000000,0.000000,0.002525,0.000000,0.000000,0.000000,0.00100000
9,340,0.304999,0.000097,90.7267,0.000000,0.000000,0.000000,0.002847,0.000000,0.000000,0.000000,0.00100000
9,341,0.336233,0.000107,100.0457,0.000000,0.000000,0.000000,0.002068,0.000000,0.000000,0.000000,0.00100000
9,342,0.309972,0.000098,91.2009,0.000000,0.000000,0.000000,0.003034,0.000000,0.000000,0.000000,0.00100000
9,343,0.441069,0.000139,103.4322,0.000000,0.000000,0.000000,0.008508,0.000000,0.000000,0.000000,0.00100000
9,344,0.387539,0.000123,99.6346,0.000000,0.000000,0.000000,0.006389,0.000000,0.000000,0.000000,0.00100000
9,345,0.305762,0.000097,93.4922,0.000000,0.000000,0.000000,0.003356,0.000000,0.000000,0.000000,0.00100000
9,346,0.328033,0.000104,106.7703,0.000000,0.000000,0.000000,0.003034,0.000000,0.000000,0.000000,0.00100000
9,347,0.327549,0.000104,100.7602,0.000000,0.000000,0.000000,0.002712,0.000000,0.000000,0.000000,0.00100000
9,348,0.322888,0.000102,104.8744,0.000000,0.000000,0.000000,0.003034,0.000000,0.000000,0.000000,0.00100000
9,349,0.317359,0.000101,107.2036,0.000000,0.000000,0.000000,0.001746,0.000000,0.000000,0.000000,0.00100000
9,350,0.244821,0.000078,80.3437,0.000000,0.000000,0.000000,0.002712,0.000000,0.000000,0.000000,0.00100000
9,351,0.276015,0.000088,88.1320,0.000000,0.000000,0.000000,0.002390,0.000000,0.000000,0.000000,0.00100000
9,352,0.299801,0.000095,97.6009,0.000000,0.000000,0.000000,0.001746,0.000000,0.000000,0.000000,0.00100000
9,353,0.258335,0.000082,85.2406,0.000000,0.000000,0.000000,0.001746,0.000000,0.000000,0.000000,0.00100000
9,354,0.284977,0.000091,106.5425,0.000000,0.000000,0.000000,0.001746,0.000000,0.000000,0.000000,0.00100000
9,355,0.229136,0.000073,86.7673,0.000000,0.000000,0.000000,0.002068,0.000000,0.000000,0.000000,0.00100000
9,356,0.191821,0.000061,91.7575,0.000000,0.000000,0.000000,0.001424,0.000000,0.000000,0.000000,0.00100000
9,357,0.286330,0.000091,96.2605,0.000000,0.000000,0.000000,0.002712,0.000000,0.000000,0.000000,0.00100000
9,358,0.254989,0.000081,87.2123,0.000000,0.000000,0.000000,0.002390,0.000000,0.000000,0.000000,0.00100000
9,359,0.228715,0.000072,92.2903,0.000000,0.000000,0.000000,0.002712,0.000000,0.000000,0.000000,0.00100000
9,360,0.327652,0.000104,88.2630,0.000000,0.000000,0.000000,0.002390,0.000000,0.000000,0.000000,0.00100000
9,361,0.278377,0.000088,93.4638,0.000000,0.000000,0.000000,0.002068,0.000000,0.000000,0.000000,0.00100000
9,362,0.326675,0.000104,98.3611,0.000000,0.000000,0.000000,0.003356,0.000000,0.000000,0.000000,0.00100000
9,363,0.295936,0.000094,93.4555,0.000000,0.000000,0.000000,0.002390,0.000000,0.000000,0.000000,0.00100000
9,364,0.318304,0.000101,97.3646,0.000000,0.000000,0.000000,0.003356,0.000000,0.000000,0.000000,0.00100000
9,365,0.309253,0.000098,88.9026,0.000000,0.000000,0.000000,0.002525,0.000000,0.000000,0.000000,0.00100000
9,366,0.370986,0.000118,102.2461,0.000000,0.000000,0.000000,0.001424,0.000000,0.000000,0.000000,0.00100000
9,367,0.286462,0.000091,83.0808,0.000000,0.000000,0.000000,0.004322,0.000000,0.000000,0.000000,0.00100000
9,368,0.457440,0.000145,100.1576,0.000000,0.000000,0.000000,0.006016,0.000000,0.000000,0.000000,0.00100000
9,369,0.312432,0.000099,93.9612,0.000000,0.000000,0.000000,0.003304,0.000000,0.000000,0.000000,0.00100000
9,370,0.370404,0.000118,98.0076,0.000000,0.000000,0.000000,0.003678,0.000000,0.000000,0.000000,0.00100000
9,371,0.213435,0.000068,75.0877,0.000000,0.000000,0.000000,0.002712,0.000000,0.000000,0.000000,0.00100000
9,372,0.457341,0.000145,86.5405,0.000000,0.000000,0.000000,0.006389,0.000000,0.000000,0.000000,0.00100000
9,373,0.303302,0.000096,87.4660,0.000000,0.000000,0.000000,0.007490,0.000000,0.000000,0.000000,0.00100000
9,374,0.255295,0.000081,99.6713,0.000000,0.000000,0.000000,0.002390,0.000000,0.000000,0.000000,0.00100000
9,375,0.339657,0.000107,99.8330,0.000000,0.000000,0.000000,0.007813,0.000000,0.000000,0.000000,0.00100000
9,376,0.323524,0.000102,100.1283,0.000000,0.000000,0.000000,0.007220,0.000000,0.000000,0.000000,0.00100000
9,377,0.335447,0.000105,100.5668,0.000000,0.000000,0.000000,0.014047,0.000000,0.000000,0.000000,0.00100000
9,378,0.356488,0.000111,91.1828,0.000000,0.000000,0.000000,0.016778,0.000000,0.000000,0.000000,0.00100000
9,379,0.319733,0.000101,81.3151,0.000000,0.000000,0.000000,0.004644,0.000000,0.000000,0.000000,0.00100000
9,380,0.317933,0.000099,96.1582,0.000000,0.000000,0.000000,0.012050,0.000000,0.000000,0.000000,0.00100000
9,381,0.293966,0.000093,100.8595,0.000000,0.000000,0.000000,0.003356,0.000000,0.000000,0.000000,0.00100000
9,382,0.244599,0.000076,89.8832,0.000000,0.000000,0.000000,0.014201,0.000000,0.000000,0.000000,0.00100000
9,383,0.352067,0.000111,98.4036,0.000000,0.000000,0.000000,0.009829,0.000000,0.000000,0.000000,0.00100000
9,384,0.286150,0.000089,87.2247,0.000000,0.000000,0.000000,0.013963,0.000000,0.000000,0.000000,0.00100000
9,385,0.313745,0.000098,97.8197,0.000000,0.000000,0.000000,0.015708,0.000000,0.000000,0.000000,0.00100000
9,386,0.279024,0.000088,99.4715,0.000000,0.000000,0.000000,0.003356,0.000000,0.000000,0.000000,0.00100000
9,387,0.292890,0.000091,99.2957,0.000000,0.000000,0.000000,0.013100,0.000000,0.000000,0.000000,0.00100000
9,388,0.238087,0.000074,93.4273,0.000000,0.000000,0.000000,0.009693,0.000000,0.000000,0.000000,0.00100000
9,389,0.275480,0.000086,99.3182,0.000000,0.000000,0.000000,0.009506,0.000000,0.000000,0.000000,0.00100000
9,390,0.274828,0.000086,89.9791,0.000000,0.000000,0.000000,0.007439,0.000000,0.000000,0.000000,0.00100000
9,391,0.345413,0.000109,102.8838,0.000000,0.000000,0.000000,0.005288,0.000000,0.000000,0.000000,0.00100000
9,392,0.461754,0.000146,104.5363,0.000000,0.000000,0.000000,0.006898,0.000000,0.000000,0.000000,0.00100000
9,393,0.279550,0.000089,83.6919,0.000000,0.000000,0.000000,0.004000,0.000000,0.000000,0.000000,0.00100000
9,394,0.320676,0.000101,100.5856,0.000000,0.000000,0.000000,0.005610,0.000000,0.000000,0.000000,0.00100000
9,395,0.353971,0.000112,104.3099,0.000000,0.000000,0.000000,0.005610,0.000000,0.000000,0.000000,0.00100000
9,396,0.247005,0.000078,95.6632,0.000000,0.000000,0.000000,0.002712,0.000000,0.000000,0.000000,0.00100000
9,397,0.230825,0.000073,90.9998,0.000000,0.000000,0.000000,0.002525,0.000000,0.000000,0.000000,0.00100000
9,398,0.390014,0.000124,93.3154,0.000000,0.000000,0.000000,0.004000,0.000000,0.000000,0.000000,0.00100000
9,399,0.331726,0.000105,100.0681,0.000000,0.000000,0.000000,0.002847,0.000000,0.000000,0.000000,0.00100000
9,400,0.260308,0.000082,85.6087,0.000000,0.000000,0.000000,0.003356,0.000000,0.000000,0.000000,0.00100000
9,401,0.356823,0.000113,92.9696,0.000000,0.000000,0.000000,0.004457,0.000000,0.000000,0.000000,0.00100000
9,402,0.395365,0.000125,92.0704,0.000000,0.000000,0.000000,0.003678,0.000000,0.000000,0.000000,0.00100000
9,403,0.228227,0.000072,92.1724,0.000000,0.000000,0.000000,0.002390,0.000000,0.000000,0.000000,0.00100000
9,404,0.259260,0.000082,88.1628,0.000000,0.000000,0.000000,0.004135,0.000000,0.000000,0.000000,0.00100000
9,405,0.231831,0.000073,96.5274,0.000000,0.000000,0.000000,0.005050,0.000000,0.000000,0.000000,0.00100000
9,406,0.261207,0.000083,95.2784,0.000000,0.000000,0.000000,0.002068,0.000000,0.000000,0.000000,0.00100000
9,407,0.424754,0.000134,91.0310,0.000000,0.000000,0.000000,0.011438,0.000000,0.000000,0.000000,0.00100000
9,408,0.364328,0.000115,91.4973,0.000000,0.000000,0.000000,0.008830,0.000000,0.000000,0.000000,0.00100000
9,409,0.390791,0.000122,94.0820,0.000000,0.000000,0.000000,0.018505,0.000000,0.000000,0.000000,0.00100000
9,410,0.382111,0.000120,92.8921,0.000000,0.000000,0.000000,0.009693,0.000000,0.000000,0.000000,0.00100000
9,411,0.413200,0.000127,95.4776,0.000000,0.000000,0.000000,0.032773,0.000000,0.000000,0.000000,0.00100000
9,412,0.445726,0.000140,108.1723,0.000000,0.000000,0.000000,0.013557,0.000000,0.000000,0.000000,0.00100000
9,413,0.327138,0.000097,62.3813,0.000000,0.000000,0.000000,0.046990,0.000000,0.000000,0.000000,0.00100000
9,414,0.303836,0.000092,96.3633,0.000000,0.000000,0.000000,0.030495,0.000000,0.000000,0.000000,0.00100000
9,415,0.300033,0.000091,77.2064,0.000000,0.000000,0.000000,0.030784,0.000000,0.000000,0.000000,0.00100000
9,416,0.314363,0.000097,79.4272,0.000000,0.000000,0.000000,0.022555,0.000000,0.000000,0.000000,0.00100000
9,417,0.263316,0.000079,94.6958,0.000000,0.000000,0.000000,0.032505,0.000000,0.000000,0.000000,0.00100000
9,418,0.321763,0.000101,99.7057,0.000000,0.000000,0.000000,0.007896,0.000000,0.000000,0.000000,0.00100000
9,419,0.284115,0.000089,96.8449,0.000000,0.000000,0.000000,0.008186,0.000000,0.000000,0.000000,0.00100000
9,420,0.230798,0.000071,83.7441,0.000000,0.000000,0.000000,0.014762,0.000000,0.000000,0.000000,0.00100000
9,421,0.282226,0.000089,91.4912,0.000000,0.000000,0.000000,0.009371,0.000000,0.000000,0.000000,0.00100000
9,422,0.439474,0.000139,100.0619,0.000000,0.000000,0.000000,0.009423,0.000000,0.000000,0.000000,0.00100000
9,423,0.268185,0.000084,74.0488,0.000000,0.000000,0.000000,0.012591,0.000000,0.000000,0.000000,0.00100000
9,424,0.312968,0.000099,101.1846,0.000000,0.000000,0.000000,0.004644,0.000000,0.000000,0.000000,0.00100000
9,425,0.236774,0.000075,86.7361,0.000000,0.000000,0.000000,0.003678,0.000000,0.000000,0.000000,0.00100000
9,426,0.222703,0.000070,89.5545,0.000000,0.000000,0.000000,0.005288,0.000000,0.000000,0.000000,0.00100000
9,427,0.211809,0.000067,91.5435,0.000000,0.000000,0.000000,0.004135,0.000000,0.000000,0.000000,0.00100000
9,428,0.353249,0.000112,107.7848,0.000000,0.000000,0.000000,0.003034,0.000000,0.000000,0.000000,0.00100000
9,429,0.281124,0.000089,95.9556,0.000000,0.000000,0.000000,0.003678,0.000000,0.000000,0.000000,0.00100000
9,430,0.324278,0.000103,101.7932,0.000000,0.000000,0.000000,0.002390,0.000000,0.000000,0.000000,0.00100000
9,431,0.309038,0.000098,90.5720,0.000000,0.000000,0.000000,0.002390,0.000000,0.000000,0.000000,0.00100000
9,432,0.244881,0.000078,97.3909,0.000000,0.000000,0.000000,0.001424,0.000000,0.000000,0.000000,0.00100000
9,433,0.278141,0.000088,104.2976,0.000000,0.000000,0.000000,0.003813,0.000000,0.000000,0.000000,0.00100000
9,434,0.246439,0.000078,90.6546,0.000000,0.000000,0.000000,0.002712,0.000000,0.000000,0.000000,0.00100000
9,435,0.272877,0.000087,87.9553,0.000000,0.000000,0.000000,0.002390,0.000000,0.000000,0.000000,0.00100000
9,436,0.298457,0.000095,86.0657,0.000000,0.000000,0.000000,0.004135,0.000000,0.000000,0.000000,0.00100000
9,437,0.259005,0.000082,79.8956,0.000000,0.000000,0.000000,0.002712,0.000000,0.000000,0.000000,0.00100000
9,438,0.368768,0.000117,99.4044,0.000000,0.000000,0.000000,0.003813,0.000000,0.000000,0.000000,0.00100000
9,439,0.255769,0.000081,85.4263,0.000000,0.000000,0.000000,0.005423,0.000000,0.000000,0.000000,0.00100000
9,440,0.305151,0.000096,100.7634,0.000000,0.000000,0.000000,0.005932,0.000000,0.000000,0.000000,0.00100000
9,441,0.312256,0.000099,86.2494,0.000000,0.000000,0.000000,0.004405,0.000000,0.000000,0.000000,0.00100000
9,442,0.282951,0.000090,102.6719,0.000000,0.000000,0.000000,0.002712,0.000000,0.000000,0.000000,0.00100000
9,443,0.304996,0.000097,108.6969,0.000000,0.000000,0.000000,0.002068,0.000000,0.000000,0.000000,0.00100000
9,444,0.263083,0.000083,83.6832,0.000000,0.000000,0.000000,0.003356,0.000000,0.000000,0.000000,0.00100000
9,445,0.296265,0.000094,97.8600,0.000000,0.000000,0.000000,0.002712,0.000000,0.000000,0.000000,0.00100000
9,446,0.308601,0.000098,96.5628,0.000000,0.000000,0.000000,0.003761,0.000000,0.000000,0.000000,0.00100000
9,447,0.330823,0.000105,104.2334,0.000000,0.000000,0.000000,0.002390,0.000000,0.000000,0.000000,0.00100000
9,448,0.293884,0.000093,102.7272,0.000000,0.000000,0.000000,0.002068,0.000000,0.000000,0.000000,0.00100000
9,449,0.249589,0.000079,91.0707,0.000000,0.000000,0.000000,0.003678,0.000000,0.000000,0.000000,0.00100000
9,450,0.249240,0.000079,81.6271,0.000000,0.000000,0.000000,0.002712,0.000000,0.000000,0.000000,0.00100000
9,451,0.266808,0.000085,93.8989,0.000000,0.000000,0.000000,0.003034,0.000000,0.000000,0.000000,0.00100000
9,452,0.274267,0.000087,94.1149,0.000000,0.000000,0.000000,0.003678,0.000000,0.000000,0.000000,0.00100000
9,453,0.287425,0.000091,92.8003,0.000000,0.000000,0.000000,0.003356,0.000000,0.000000,0.000000,0.00100000
9,454,0.359244,0.000113,99.0863,0.000000,0.000000,0.000000,0.007286,0.000000,0.000000,0.000000,0.00100000
9,455,0.356624,0.000113,101.6295,0.000000,0.000000,0.000000,0.007220,0.000000,0.000000,0.000000,0.00100000
9,456,0.406917,0.000129,104.4580,0.000000,0.000000,0.000000,0.004644,0.000000,0.000000,0.000000,0.00100000
9,457,0.331027,0.000105,81.3781,0.000000,0.000000,0.000000,0.002712,0.000000,0.000000,0.000000,0.00100000
9,458,0.336718,0.000107,108.4927,0.000000,0.000000,0.000000,0.004966,0.000000,0.000000,0.000000,0.00100000
9,459,0.297851,0.000094,88.9786,0.000000,0.000000,0.000000,0.003356,0.000000,0.000000,0.000000,0.00100000
9,460,0.298881,0.000095,92.7334,0.000000,0.000000,0.000000,0.003034,0.000000,0.000000,0.000000,0.00100000
9,461,0.308134,0.000098,102.5818,0.000000,0.000000,0.000000,0.002203,0.000000,0.000000,0.000000,0.00100000
9,462,0.336444,0.000107,98.7524,0.000000,0.000000,0.000000,0.004779,0.000000,0.000000,0.000000,0.00100000
9,463,0.263315,0.000084,85.6455,0.000000,0.000000,0.000000,0.002068,0.000000,0.000000,0.000000,0.00100000
9,464,0.328681,0.000104,89.9922,0.000000,0.000000,0.000000,0.003034,0.000000,0.000000,0.000000,0.00100000
9,465,0.275739,0.000088,100.1828,0.000000,0.000000,0.000000,0.001746,0.000000,0.000000,0.000000,0.00100000
9,466,0.310540,0.000099,87.5497,0.000000,0.000000,0.000000,0.002203,0.000000,0.000000,0.000000,0.00100000
9,467,0.361966,0.000115,85.2773,0.000000,0.000000,0.000000,0.002712,0.000000,0.000000,0.000000,0.00100000
9,468,0.227595,0.000072,78.8169,0.000000,0.000000,0.000000,0.002390,0.000000,0.000000,0.000000,0.00100000
9,469,0.318215,0.000101,96.6472,0.000000,0.000000,0.000000,0.003813,0.000000,0.000000,0.000000,0.00100000
9,470,0.383261,0.000122,104.8076,0.000000,0.000000,0.000000,0.004457,0.000000,0.000000,0.000000,0.00100000
9,471,0.327087,0.000104,101.3505,0.000000,0.000000,0.000000,0.003678,0.000000,0.000000,0.000000,0.00100000
9,472,0.281390,0.000089,88.6854,0.000000,0.000000,0.000000,0.001746,0.000000,0.000000,0.000000,0.00100000
9,473,0.333722,0.000106,104.7175,0.000000,0.000000,0.000000,0.002712,0.000000,0.000000,0.000000,0.00100000
9,474,0.254042,0.000080,94.8552,0.000000,0.000000,0.000000,0.004644,0.000000,0.000000,0.000000,0.00100000
9,475,0.348095,0.000111,106.5471,0.000000,0.000000,0.000000,0.002712,0.000000,0.000000,0.000000,0.00100000
9,476,0.376741,0.000120,104.4411,0.000000,0.000000,0.000000,0.003034,0.000000,0.000000,0.000000,0.00100000
9,477,0.466052,0.000147,103.4773,0.000000,0.000000,0.000000,0.009371,0.000000,0.000000,0.000000,0.00100000
9,478,0.307474,0.000097,82.0720,0.000000,0.000000,0.000000,0.004457,0.000000,0.000000,0.000000,0.00100000
9,479,0.338461,0.000102,86.3824,0.000000,0.000000,0.000000,0.035274,0.000000,0.000000,0.000000,0.00100000
9,480,0.318069,0.000098,100.6597,0.000000,0.000000,0.000000,0.023926,0.000000,0.000000,0.000000,0.00100000
9,481,0.414058,0.000126,104.3073,0.000000,0.000000,0.000000,0.038084,0.000000,0.000000,0.000000,0.00100000
9,482,0.423372,0.000130,106.5854,0.000000,0.000000,0.000000,0.033993,0.000000,0.000000,0.000000,0.00100000
9,483,0.441984,0.000138,109.3194,0.000000,0.000000,0.000000,0.019542,0.000000,0.000000,0.000000,0.00100000
9,484,0.311960,0.000098,98.8053,0.000000,0.000000,0.000000,0.006524,0.000000,0.000000,0.000000,0.00100000
9,485,0.295125,0.000093,89.9522,0.000000,0.000000,0.000000,0.007490,0.000000,0.000000,0.000000,0.00100000
9,486,0.350205,0.000110,94.2611,0.000000,0.000000,0.000000,0.012863,0.000000,0.000000,0.000000,0.00100000
9,487,0.335837,0.000105,79.6828,0.000000,0.000000,0.000000,0.010847,0.000000,0.000000,0.000000,0.00100000
9,488,0.363846,0.000115,97.1040,0.000000,0.000000,0.000000,0.006846,0.000000,0.000000,0.000000,0.00100000
9,489,0.269076,0.000085,86.5557,0.000000,0.000000,0.000000,0.005236,0.000000,0.000000,0.000000,0.00100000
9,490,0.320872,0.000101,90.1156,0.000000,0.000000,0.000000,0.007896,0.000000,0.000000,0.000000,0.00100000
9,491,0.307731,0.000098,76.1745,0.000000,0.000000,0.000000,0.003491,0.000000,0.000000,0.000000,0.00100000
9,492,0.343496,0.000109,95.7954,0.000000,0.000000,0.000000,0.005101,0.000000,0.000000,0.000000,0.00100000
9,493,0.310469,0.000097,76.1900,0.000000,0.000000,0.000000,0.010253,0.000000,0.000000,0.000000,0.00100000
9,494,0.358730,0.000114,96.3380,0.000000,0.000000,0.000000,0.002712,0.000000,0.000000,0.000000,0.00100000
9,495,0.310489,0.000098,83.7795,0.000000,0.000000,0.000000,0.005050,0.000000,0.000000,0.000000,0.00100000
9,496,0.331713,0.000105,83.7232,0.000000,0.000000,0.000000,0.007574,0.000000,0.000000,0.000000,0.00100000
9,497,0.412884,0.000131,100.6977,0.000000,0.000000,0.000000,0.001746,0.000000,0.000000,0.000000,0.00100000
9,498,0.308506,0.000097,95.8410,0.000000,0.000000,0.000000,0.007813,0.000000,0.000000,0.000000,0.00100000
9,499,0.293423,0.000093,86.0000,0.000000,0.000000,0.000000,0.003491,0.000000,0.000000,0.000000,0.00100000
9,500,0.464121,0.000147,97.1233,0.000000,0.000000,0.000000,0.006982,0.000000,0.000000,0.000000,0.00100000
9,501,0.390800,0.000124,84.5404,0.000000,0.000000,0.000000,0.005428,0.000000,0.000000,0.000000,0.00100000
9,502,0.439547,0.000139,93.2457,0.000000,0.000000,0.000000,0.006286,0.000000,0.000000,0.000000,0.00100000
9,503,0.616424,0.000195,110.5574,0.000000,0.000000,0.000000,0.012759,0.000000,0.000000,0.000000,0.00100000
9,504,0.386565,0.000120,84.9290,0.000000,0.000000,0.000000,0.017402,0.000000,0.000000,0.000000,0.00100000
9,505,0.529336,0.000166,98.2565,0.000000,0.000000,0.000000,0.016030,0.000000,0.000000,0.000000,0.00100000
9,506,0.554854,0.000173,93.6380,0.000000,0.000000,0.000000,0.022741,0.000000,0.000000,0.000000,0.00100000
9,507,0.545961,0.000172,106.6850,0.000000,0.000000,0.000000,0.011220,0.000000,0.000000,0.000000,0.00100000
9,508,0.584292,0.000181,104.1932,0.000000,0.000000,0.000000,0.032005,0.000000,0.000000,0.000000,0.00100000
9,509,0.664574,0.000209,107.3794,0.000000,0.000000,0.000000,0.020693,0.000000,0.000000,0.000000,0.00100000
9,510,0.377151,0.000119,90.9989,0.000000,0.000000,0.000000,0.008457,0.000000,0.000000,0.000000,0.00100000
9,511,0.341166,0.000108,92.6438,0.000000,0.000000,0.000000,0.004644,0.000000,0.000000,0.000000,0.00100000
9,512,0.319916,0.000101,93.3412,0.000000,0.000000,0.000000,0.005558,0.000000,0.000000,0.000000,0.00100000
9,513,0.434363,0.000137,97.9464,0.000000,0.000000,0.000000,0.008727,0.000000,0.000000,0.000000,0.00100000
9,514,0.352701,0.000112,94.7658,0.000000,0.000000,0.000000,0.004000,0.000000,0.000000,0.000000,0.00100000
9,515,0.426029,0.000135,102.0653,0.000000,0.000000,0.000000,0.004914,0.000000,0.000000,0.000000,0.00100000
9,516,0.428788,0.000135,75.3734,0.000000,0.000000,0.000000,0.010441,0.000000,0.000000,0.000000,0.00100000
9,517,0.400736,0.000126,103.6295,0.000000,0.000000,0.000000,0.010576,0.000000,0.000000,0.000000,0.00100000
9,518,0.367708,0.000117,105.0585,0.000000,0.000000,0.000000,0.003356,0.000000,0.000000,0.000000,0.00100000
9,519,0.287468,0.000091,97.7784,0.000000,0.000000,0.000000,0.005932,0.000000,0.000000,0.000000,0.00100000
9,520,0.405703,0.000128,97.9224,0.000000,0.000000,0.000000,0.005745,0.000000,0.000000,0.000000,0.00100000
9,521,0.363577,0.000115,101.9975,0.000000,0.000000,0.000000,0.003034,0.000000,0.000000,0.000000,0.00100000
9,522,0.304506,0.000097,101.9232,0.000000,0.000000,0.000000,0.002712,0.000000,0.000000,0.000000,0.00100000
9,523,0.359293,0.000114,107.9845,0.000000,0.000000,0.000000,0.003034,0.000000,0.000000,0.000000,0.00100000
9,524,0.362123,0.000115,99.4992,0.000000,0.000000,0.000000,0.002712,0.000000,0.000000,0.000000,0.00100000
9,525,0.338165,0.000107,98.5502,0.000000,0.000000,0.000000,0.002203,0.000000,0.000000,0.000000,0.00100000
9,526,0.223288,0.000071,96.3703,0.000000,0.000000,0.000000,0.002712,0.000000,0.000000,0.000000,0.00100000
9,527,0.350686,0.000111,96.2761,0.000000,0.000000,0.000000,0.003678,0.000000,0.000000,0.000000,0.00100000
9,528,0.287378,0.000091,97.8495,0.000000,0.000000,0.000000,0.002068,0.000000,0.000000,0.000000,0.00100000
9,529,0.295990,0.000094,89.0377,0.000000,0.000000,0.000000,0.001746,0.000000,0.000000,0.000000,0.00100000
9,530,0.224304,0.000071,80.9321,0.000000,0.000000,0.000000,0.002068,0.000000,0.000000,0.000000,0.00100000
9,531,0.367267,0.000117,105.5005,0.000000,0.000000,0.000000,0.002525,0.000000,0.000000,0.000000,0.00100000
9,532,0.374765,0.000118,95.3777,0.000000,0.000000,0.000000,0.009609,0.000000,0.000000,0.000000,0.00100000
9,533,0.356668,0.000113,101.0229,0.000000,0.000000,0.000000,0.003034,0.000000,0.000000,0.000000,0.00100000
9,534,0.363365,0.000115,98.6924,0.000000,0.000000,0.000000,0.002390,0.000000,0.000000,0.000000,0.00100000
9,535,0.367212,0.000116,92.3487,0.000000,0.000000,0.000000,0.004914,0.000000,0.000000,0.000000,0.00100000
9,536,0.366074,0.000116,98.2014,0.000000,0.000000,0.000000,0.003491,0.000000,0.000000,0.000000,0.00100000
9,537,0.349646,0.000111,96.3897,0.000000,0.000000,0.000000,0.002390,0.000000,0.000000,0.000000,0.00100000
9,538,0.336823,0.000107,93.1935,0.000000,0.000000,0.000000,0.004322,0.000000,0.000000,0.000000,0.00100000
9,539,0.348418,0.000111,99.3760,0.000000,0.000000,0.000000,0.003356,0.000000,0.000000,0.000000,0.00100000
9,540,0.358754,0.000114,97.1550,0.000000,0.000000,0.000000,0.002390,0.000000,0.000000,0.000000,0.00100000
9,541,0.427674,0.000136,98.4344,0.000000,0.000000,0.000000,0.002390,0.000000,0.000000,0.000000,0.00100000
9,542,0.328824,0.000104,104.5098,0.000000,0.000000,0.000000,0.003169,0.000000,0.000000,0.000000,0.00100000
9,543,0.291564,0.000092,88.9102,0.000000,0.000000,0.000000,0.003034,0.000000,0.000000,0.000000,0.00100000
9,544,0.308704,0.000098,96.5219,0.000000,0.000000,0.000000,0.003034,0.000000,0.000000,0.000000,0.00100000
9,545,0.272139,0.000086,90.1400,0.000000,0.000000,0.000000,0.003678,0.000000,0.000000,0.000000,0.00100000
9,546,0.281165,0.000089,90.7252,0.000000,0.000000,0.000000,0.002390,0.000000,0.000000,0.000000,0.00100000
9,547,0.428037,0.000136,96.1866,0.000000,0.000000,0.000000,0.004644,0.000000,0.000000,0.000000,0.00100000
9,548,0.315330,0.000100,95.0684,0.000000,0.000000,0.000000,0.004322,0.000000,0.000000,0.000000,0.00100000
9,549,0.382809,0.000122,83.2603,0.000000,0.000000,0.000000,0.003356,0.000000,0.000000,0.000000,0.00100000
9,550,0.468190,0.000148,99.4676,0.000000,0.000000,0.000000,0.008083,0.000000,0.000000,0.000000,0.00100000
9,551,0.294620,0.000093,88.7089,0.000000,0.000000,0.000000,0.004644,0.000000,0.000000,0.000000,0.00100000
9,552,0.423965,0.000135,101.2626,0.000000,0.000000,0.000000,0.004000,0.000000,0.000000,0.000000,0.00100000
9,553,0.283275,0.000090,101.9279,0.000000,0.000000,0.000000,0.001746,0.000000,0.000000,0.000000,0.00100000
9,554,0.352597,0.000112,96.8941,0.000000,0.000000,0.000000,0.003169,0.000000,0.000000,0.000000,0.00100000
9,555,0.310490,0.000099,95.7016,0.000000,0.000000,0.000000,0.002390,0.000000,0.000000,0.000000,0.00100000
9,556,0.311616,0.000099,97.1554,0.000000,0.000000,0.000000,0.002525,0.000000,0.000000,0.000000,0.00100000
9,557,0.325737,0.000103,91.3501,0.000000,0.000000,0.000000,0.004000,0.000000,0.000000,0.000000,0.00100000
9,558,0.327602,0.000104,96.1541,0.000000,0.000000,0.000000,0.004457,0.000000,0.000000,0.000000,0.00100000
9,559,0.271252,0.000086,88.4973,0.000000,0.000000,0.000000,0.002712,0.000000,0.000000,0.000000,0.00100000
9,560,0.437497,0.000139,101.9886,0.000000,0.000000,0.000000,0.005610,0.000000,0.000000,0.000000,0.00100000
9,561,0.260616,0.000082,98.4548,0.000000,0.000000,0.000000,0.008457,0.000000,0.000000,0.000000,0.00100000
9,562,0.357031,0.000113,98.7191,0.000000,0.000000,0.000000,0.005610,0.000000,0.000000,0.000000,0.00100000
9,563,0.486642,0.000154,94.1414,0.000000,0.000000,0.000000,0.006524,0.000000,0.000000,0.000000,0.00100000
9,564,0.269283,0.000084,87.9691,0.000000,0.000000,0.000000,0.010118,0.000000,0.000000,0.000000,0.00100000
9,565,0.299433,0.000094,90.1934,0.000000,0.000000,0.000000,0.007999,0.000000,0.000000,0.000000,0.00100000
9,566,0.223685,0.000071,81.4487,0.000000,0.000000,0.000000,0.003491,0.000000,0.000000,0.000000,0.00100000
9,567,0.300174,0.000095,92.8491,0.000000,0.000000,0.000000,0.003678,0.000000,0.000000,0.000000,0.00100000
9,568,0.305962,0.000096,82.4616,0.000000,0.000000,0.000000,0.010898,0.000000,0.000000,0.000000,0.00100000
9,569,0.296653,0.000094,99.8460,0.000000,0.000000,0.000000,0.003678,0.000000,0.000000,0.000000,0.00100000
9,570,0.270074,0.000085,88.3822,0.000000,0.000000,0.000000,0.006711,0.000000,0.000000,0.000000,0.00100000
9,571,0.324502,0.000102,90.4487,0.000000,0.000000,0.000000,0.008592,0.000000,0.000000,0.000000,0.00100000
9,572,0.268452,0.000084,92.8388,0.000000,0.000000,0.000000,0.010711,0.000000,0.000000,0.000000,0.00100000
9,573,0.238332,0.000075,95.1486,0.000000,0.000000,0.000000,0.007813,0.000000,0.000000,0.000000,0.00100000
9,574,0.372954,0.000118,102.9507,0.000000,0.000000,0.000000,0.007459,0.000000,0.000000,0.000000,0.00100000
9,575,0.369117,0.000117,95.9664,0.000000,0.000000,0.000000,0.004779,0.000000,0.000000,0.000000,0.00100000
9,576,0.253938,0.000078,91.7793,0.000000,0.000000,0.000000,0.018806,0.000000,0.000000,0.000000,0.00100000
9,577,0.382548,0.000120,107.6575,0.000000,0.000000,0.000000,0.011168,0.000000,0.000000,0.000000,0.00100000
9,578,0.273179,0.000079,80.9373,0.000000,0.000000,0.000000,0.048316,0.000000,0.000000,0.000000,0.00100000
9,579,0.621009,0.000192,106.0656,0.000000,0.000000,0.000000,0.038900,0.000000,0.000000,0.000000,0.00100000
9,580,0.428088,0.000134,95.5835,0.000000,0.000000,0.000000,0.012945,0.000000,0.000000,0.000000,0.00100000
9,581,0.480818,0.000151,112.6191,0.000000,0.000000,0.000000,0.015490,0.000000,0.000000,0.000000,0.00100000
9,582,0.299665,0.000094,81.8069,0.000000,0.000000,0.000000,0.010440,0.000000,0.000000,0.000000,0.00100000
9,583,0.283913,0.000089,78.5779,0.000000,0.000000,0.000000,0.008965,0.000000,0.000000,0.000000,0.00100000
9,584,0.359823,0.000113,105.3689,0.000000,0.000000,0.000000,0.009371,0.000000,0.000000,0.000000,0.00100000
9,585,0.293120,0.000093,85.3777,0.000000,0.000000,0.000000,0.002390,0.000000,0.000000,0.000000,0.00100000
9,586,0.391641,0.000124,100.3641,0.000000,0.000000,0.000000,0.003356,0.000000,0.000000,0.000000,0.00100000
9,587,0.356811,0.000113,102.7050,0.000000,0.000000,0.000000,0.006067,0.000000,0.000000,0.000000,0.00100000
9,588,0.285916,0.000090,73.6977,0.000000,0.000000,0.000000,0.004322,0.000000,0.000000,0.000000,0.00100000
9,589,0.307038,0.000097,92.9703,0.000000,0.000000,0.000000,0.003678,0.000000,0.000000,0.000000,0.00100000
9,590,0.286530,0.000091,94.7920,0.000000,0.000000,0.000000,0.002390,0.000000,0.000000,0.000000,0.00100000
9,591,0.390230,0.000124,97.7619,0.000000,0.000000,0.000000,0.003034,0.000000,0.000000,0.000000,0.00100000
9,592,0.342165,0.000109,102.5267,0.000000,0.000000,0.000000,0.003034,0.000000,0.000000,0.000000,0.00100000
9,593,0.254179,0.000080,89.8232,0.000000,0.000000,0.000000,0.004000,0.000000,0.000000,0.000000,0.00100000
9,594,0.357730,0.000114,90.7079,0.000000,0.000000,0.000000,0.003169,0.000000,0.000000,0.000000,0.00100000
9,595,0.502256,0.000159,95.1595,0.000000,0.000000,0.000000,0.009371,0.000000,0.000000,0.000000,0.00100000
9,596,0.455304,0.000144,98.2357,0.000000,0.000000,0.000000,0.005288,0.000000,0.000000,0.000000,0.00100000
9,597,0.394896,0.000125,95.2416,0.000000,0.000000,0.000000,0.006067,0.000000,0.000000,0.000000,0.00100000
9,598,0.449037,0.000143,92.6554,0.000000,0.000000,0.000000,0.003034,0.000000,0.000000,0.000000,0.00100000
9,599,0.422718,0.000134,90.0977,0.000000,0.000000,0.000000,0.004322,0.000000,0.000000,0.000000,0.00100000
9,600,0.400459,0.000127,96.3240,0.000000,0.000000,0.000000,0.002525,0.000000,0.000000,0.000000,0.00100000
9,601,0.436734,0.000138,101.8928,0.000000,0.000000,0.000000,0.005236,0.000000,0.000000,0.000000,0.00100000
9,602,0.410465,0.000130,95.7844,0.000000,0.000000,0.000000,0.006711,0.000000,0.000000,0.000000,0.00100000
9,603,0.389596,0.000124,94.6204,0.000000,0.000000,0.000000,0.003439,0.000000,0.000000,0.000000,0.00100000
9,604,0.404305,0.000128,96.7381,0.000000,0.000000,0.000000,0.005423,0.000000,0.000000,0.000000,0.00100000
9,605,0.410271,0.000130,92.2075,0.000000,0.000000,0.000000,0.005701,0.000000,0.000000,0.000000,0.00100000
9,606,0.385291,0.000122,95.3032,0.000000,0.000000,0.000000,0.002390,0.000000,0.000000,0.000000,0.00100000
9,607,0.403933,0.000128,90.8063,0.000000,0.000000,0.000000,0.003845,0.000000,0.000000,0.000000,0.00100000
9,608,0.389373,0.000124,94.2633,0.000000,0.000000,0.000000,0.004135,0.000000,0.000000,0.000000,0.00100000
9,609,0.373252,0.000118,96.5259,0.000000,0.000000,0.000000,0.004000,0.000000,0.000000,0.000000,0.00100000
9,610,0.493232,0.000156,94.8797,0.000000,0.000000,0.000000,0.008275,0.000000,0.000000,0.000000,0.00100000
9,611,0.334934,0.000106,89.3236,0.000000,0.000000,0.000000,0.007168,0.000000,0.000000,0.000000,0.00100000
9,612,0.383471,0.000121,89.1353,0.000000,0.000000,0.000000,0.009455,0.000000,0.000000,0.000000,0.00100000
9,613,0.301646,0.000096,83.2282,0.000000,0.000000,0.000000,0.004000,0.000000,0.000000,0.000000,0.00100000
9,614,0.277757,0.000087,84.1863,0.000000,0.000000,0.000000,0.007948,0.000000,0.000000,0.000000,0.00100000
9,615,0.289325,0.000092,85.8623,0.000000,0.000000,0.000000,0.004322,0.000000,0.000000,0.000000,0.00100000
9,616,0.252921,0.000080,76.1270,0.000000,0.000000,0.000000,0.004966,0.000000,0.000000,0.000000,0.00100000
9,617,0.337039,0.000106,94.7269,0.000000,0.000000,0.000000,0.010524,0.000000,0.000000,0.000000,0.00100000
9,618,0.494832,0.000156,97.9931,0.000000,0.000000,0.000000,0.011657,0.000000,0.000000,0.000000,0.00100000
9,619,0.285351,0.000089,91.5567,0.000000,0.000000,0.000000,0.015522,0.000000,0.000000,0.000000,0.00100000
9,620,0.383845,0.000120,91.5670,0.000000,0.000000,0.000000,0.017660,0.000000,0.000000,0.000000,0.00100000
9,621,0.342866,0.000108,82.1100,0.000000,0.000000,0.000000,0.007355,0.000000,0.000000,0.000000,0.00100000
9,622,0.303782,0.000096,86.0008,0.000000,0.000000,0.000000,0.005288,0.000000,0.000000,0.000000,0.00100000
9,623,0.497113,0.000158,103.2743,0.000000,0.000000,0.000000,0.005745,0.000000,0.000000,0.000000,0.00100000
9,624,0.432854,0.000137,98.1606,0.000000,0.000000,0.000000,0.005507,0.000000,0.000000,0.000000,0.00100000
9,625,0.395957,0.000126,100.8594,0.000000,0.000000,0.000000,0.004322,0.000000,0.000000,0.000000,0.00100000
9,626,0.487056,0.000151,103.7845,0.000000,0.000000,0.000000,0.027127,0.000000,0.000000,0.000000,0.00100000
9,627,0.479089,0.000150,105.2334,0.000000,0.000000,0.000000,0.018336,0.000000,0.000000,0.000000,0.00100000
9,628,0.371413,0.000117,91.6736,0.000000,0.000000,0.000000,0.008643,0.000000,0.000000,0.000000,0.00100000
9,629,0.370087,0.000116,87.0775,0.000000,0.000000,0.000000,0.009658,0.000000,0.000000,0.000000,0.00100000
9,630,0.378334,0.000119,98.4947,0.000000,0.000000,0.000000,0.013049,0.000000,0.000000,0.000000,0.00100000
9,631,0.431394,0.000134,89.9594,0.000000,0.000000,0.000000,0.024404,0.000000,0.000000,0.000000,0.00100000
9,632,0.393529,0.000122,98.1833,0.000000,0.000000,0.000000,0.024499,0.000000,0.000000,0.000000,0.00100000
9,633,0.270585,0.000086,73.8415,0.000000,0.000000,0.000000,0.003626,0.000000,0.000000,0.000000,0.00100000
9,634,0.323035,0.000101,97.4721,0.000000,0.000000,0.000000,0.011438,0.000000,0.000000,0.000000,0.00100000
9,635,0.421198,0.000133,90.9437,0.000000,0.000000,0.000000,0.006254,0.000000,0.000000,0.000000,0.00100000
9,636,0.469228,0.000148,101.2820,0.000000,0.000000,0.000000,0.008405,0.000000,0.000000,0.000000,0.00100000
9,637,0.376137,0.000119,89.1213,0.000000,0.000000,0.000000,0.006067,0.000000,0.000000,0.000000,0.00100000
9,638,0.408040,0.000129,98.7019,0.000000,0.000000,0.000000,0.008457,0.000000,0.000000,0.000000,0.00100000
9,639,0.360150,0.000114,102.3350,0.000000,0.000000,0.000000,0.004644,0.000000,0.000000,0.000000,0.00100000
9,640,0.368908,0.000117,97.7222,0.000000,0.000000,0.000000,0.003491,0.000000,0.000000,0.000000,0.00100000
9,641,0.472328,0.000150,101.5186,0.000000,0.000000,0.000000,0.006576,0.000000,0.000000,0.000000,0.00100000
9,642,0.511872,0.000162,107.0507,0.000000,0.000000,0.000000,0.007355,0.000000,0.000000,0.000000,0.00100000
9,643,0.289516,0.000091,93.1574,0.000000,0.000000,0.000000,0.007220,0.000000,0.000000,0.000000,0.00100000
9,644,0.337370,0.000107,99.1118,0.000000,0.000000,0.000000,0.005932,0.000000,0.000000,0.000000,0.00100000
9,645,0.217083,0.000069,73.8842,0.000000,0.000000,0.000000,0.003034,0.000000,0.000000,0.000000,0.00100000
9,646,0.338717,0.000107,81.0886,0.000000,0.000000,0.000000,0.004457,0.000000,0.000000,0.000000,0.00100000
9,647,0.314067,0.000100,92.2170,0.000000,0.000000,0.000000,0.002068,0.000000,0.000000,0.000000,0.00100000
9,648,0.369655,0.000117,95.4532,0.000000,0.000000,0.000000,0.006795,0.000000,0.000000,0.000000,0.00100000
9,649,0.285871,0.000091,87.3627,0.000000,0.000000,0.000000,0.004000,0.000000,0.000000,0.000000,0.00100000
9,650,0.270717,0.000086,86.4891,0.000000,0.000000,0.000000,0.003356,0.000000,0.000000,0.000000,0.00100000
9,651,0.221574,0.000070,82.7314,0.000000,0.000000,0.000000,0.002068,0.000000,0.000000,0.000000,0.00100000
9,652,0.271663,0.000086,98.1186,0.000000,0.000000,0.000000,0.001424,0.000000,0.000000,0.000000,0.00100000
9,653,0.257704,0.000082,96.0903,0.000000,0.000000,0.000000,0.002390,0.000000,0.000000,0.000000,0.00100000
9,654,0.309454,0.000098,75.9944,0.000000,0.000000,0.000000,0.004000,0.000000,0.000000,0.000000,0.00100000
9,655,0.249328,0.000079,86.7084,0.000000,0.000000,0.000000,0.002390,0.000000,0.000000,0.000000,0.00100000
9,656,0.263780,0.000084,85.0477,0.000000,0.000000,0.000000,0.002203,0.000000,0.000000,0.000000,0.00100000
9,657,0.335425,0.000106,87.2639,0.000000,0.000000,0.000000,0.007220,0.000000,0.000000,0.000000,0.00100000
9,658,0.685806,0.000217,102.5865,0.000000,0.000000,0.000000,0.010286,0.000000,0.000000,0.000000,0.00100000
9,659,0.526253,0.000166,90.6653,0.000000,0.000000,0.000000,0.008375,0.000000,0.000000,0.000000,0.00100000
9,660,0.845879,0.000267,102.4855,0.000000,0.000000,0.000000,0.017304,0.000000,0.000000,0.000000,0.00100000
9,661,0.739784,0.000233,86.2808,0.000000,0.000000,0.000000,0.018046,0.000000,0.000000,0.000000,0.00100000
9,662,0.751853,0.000238,106.7875,0.000000,0.000000,0.000000,0.012321,0.000000,0.000000,0.000000,0.00100000
9,663,0.859595,0.000270,107.6723,0.000000,0.000000,0.000000,0.026135,0.000000,0.000000,0.000000,0.00100000
9,664,0.825078,0.000257,108.1550,0.000000,0.000000,0.000000,0.039627,0.000000,0.000000,0.000000,0.00100000
9,665,0.505429,0.000158,90.4231,0.000000,0.000000,0.000000,0.020644,0.000000,0.000000,0.000000,0.00100000
9,666,0.541516,0.000168,94.3801,0.000000,0.000000,0.000000,0.028125,0.000000,0.000000,0.000000,0.00100000
9,667,0.812810,0.000256,106.9768,0.000000,0.000000,0.000000,0.017183,0.000000,0.000000,0.000000,0.00100000
9,668,0.626135,0.000194,92.6221,0.000000,0.000000,0.000000,0.033906,0.000000,0.000000,0.000000,0.00100000
9,669,0.557262,0.000174,98.2349,0.000000,0.000000,0.000000,0.020441,0.000000,0.000000,0.000000,0.00100000
9,670,0.678996,0.000210,101.3564,0.000000,0.000000,0.000000,0.040035,0.000000,0.000000,0.000000,0.00100000
9,671,0.508450,0.000159,92.4870,0.000000,0.000000,0.000000,0.020841,0.000000,0.000000,0.000000,0.00100000
9,672,0.501370,0.000157,76.2837,0.000000,0.000000,0.000000,0.015438,0.000000,0.000000,0.000000,0.00100000
9,673,0.332710,0.000103,105.1591,0.000000,0.000000,0.000000,0.021318,0.000000,0.000000,0.000000,0.00100000
9,674,0.314273,0.000099,90.5469,0.000000,0.000000,0.000000,0.004779,0.000000,0.000000,0.000000,0.00100000
9,675,0.367330,0.000116,97.5193,0.000000,0.000000,0.000000,0.009101,0.000000,0.000000,0.000000,0.00100000
9,676,0.297273,0.000094,85.6878,0.000000,0.000000,0.000000,0.006576,0.000000,0.000000,0.000000,0.00100000
9,677,0.335807,0.000106,97.7484,0.000000,0.000000,0.000000,0.004322,0.000000,0.000000,0.000000,0.00100000
9,678,0.242610,0.000077,78.5090,0.000000,0.000000,0.000000,0.003034,0.000000,0.000000,0.000000,0.00100000
9,679,0.302400,0.000096,94.6080,0.000000,0.000000,0.000000,0.003356,0.000000,0.000000,0.000000,0.00100000
9,680,0.326364,0.000103,99.7512,0.000000,0.000000,0.000000,0.004000,0.000000,0.000000,0.000000,0.00100000
9,681,0.271915,0.000086,90.8220,0.000000,0.000000,0.000000,0.002068,0.000000,0.000000,0.000000,0.00100000
9,682,0.347441,0.000110,101.7664,0.000000,0.000000,0.000000,0.002712,0.000000,0.000000,0.000000,0.00100000
9,683,0.268554,0.000085,86.7455,0.000000,0.000000,0.000000,0.004644,0.000000,0.000000,0.000000,0.00100000
9,684,0.294732,0.000094,90.1592,0.000000,0.000000,0.000000,0.002390,0.000000,0.000000,0.000000,0.00100000
9,685,0.360216,0.000114,101.8562,0.000000,0.000000,0.000000,0.003034,0.000000,0.000000,0.000000,0.00100000
9,686,0.317936,0.000101,104.6251,0.000000,0.000000,0.000000,0.002390,0.000000,0.000000,0.000000,0.00100000
9,687,0.298227,0.000095,96.4707,0.000000,0.000000,0.000000,0.002068,0.000000,0.000000,0.000000,0.00100000
9,688,0.431239,0.000137,100.4157,0.000000,0.000000,0.000000,0.003678,0.000000,0.000000,0.000000,0.00100000
9,689,0.356101,0.000113,90.0748,0.000000,0.000000,0.000000,0.004322,0.000000,0.000000,0.000000,0.00100000
9,690,0.269891,0.000086,101.4386,0.000000,0.000000,0.000000,0.002390,0.000000,0.000000,0.000000,0.00100000
9,691,0.289755,0.000092,93.0424,0.000000,0.000000,0.000000,0.002712,0.000000,0.000000,0.000000,0.00100000
9,692,0.410248,0.000130,103.6676,0.000000,0.000000,0.000000,0.002068,0.000000,0.000000,0.000000,0.00100000
9,693,0.256091,0.000081,85.1173,0.000000,0.000000,0.000000,0.003356,0.000000,0.000000,0.000000,0.00100000
9,694,0.378204,0.000120,107.4818,0.000000,0.000000,0.000000,0.003034,0.000000,0.000000,0.000000,0.00100000
9,695,0.270396,0.000086,94.4992,0.000000,0.000000,0.000000,0.002390,0.000000,0.000000,0.000000,0.00100000
9,696,0.454989,0.000145,106.6066,0.000000,0.000000,0.000000,0.002068,0.000000,0.000000,0.000000,0.00100000
9,697,0.268523,0.000085,100.8082,0.000000,0.000000,0.000000,0.003356,0.000000,0.000000,0.000000,0.00100000
9,698,0.278447,0.000088,98.4632,0.000000,0.000000,0.000000,0.002712,0.000000,0.000000,0.000000,0.00100000
9,699,0.312295,0.000099,98.5663,0.000000,0.000000,0.000000,0.005101,0.000000,0.000000,0.000000,0.00100000
9,700,0.257605,0.000082,86.6781,0.000000,0.000000,0.000000,0.003169,0.000000,0.000000,0.000000,0.00100000
9,701,0.350949,0.000111,105.6922,0.000000,0.000000,0.000000,0.003034,0.000000,0.000000,0.000000,0.00100000
9,702,0.245424,0.000078,79.3929,0.000000,0.000000,0.000000,0.002847,0.000000,0.000000,0.000000,0.00100000
9,703,0.260236,0.000083,98.4430,0.000000,0.000000,0.000000,0.001746,0.000000,0.000000,0.000000,0.00100000
9,704,0.409942,0.000130,95.5235,0.000000,0.000000,0.000000,0.006473,0.000000,0.000000,0.000000,0.00100000
9,705,0.293107,0.000093,101.0619,0.000000,0.000000,0.000000,0.002068,0.000000,0.000000,0.000000,0.00100000
9,706,0.262995,0.000083,94.0433,0.000000,0.000000,0.000000,0.003034,0.000000,0.000000,0.000000,0.00100000
9,707,0.368887,0.000117,104.7250,0.000000,0.000000,0.000000,0.004779,0.000000,0.000000,0.000000,0.00100000
9,708,0.295463,0.000094,101.1114,0.000000,0.000000,0.000000,0.002068,0.000000,0.000000,0.000000,0.00100000
9,709,0.271484,0.000086,102.3746,0.000000,0.000000,0.000000,0.003678,0.000000,0.000000,0.000000,0.00100000
9,710,0.238643,0.000076,99.7922,0.000000,0.000000,0.000000,0.002712,0.000000,0.000000,0.000000,0.00100000
9,711,0.280854,0.000089,97.7872,0.000000,0.000000,0.000000,0.003678,0.000000,0.000000,0.000000,0.00100000
9,712,0.290520,0.000092,100.8055,0.000000,0.000000,0.000000,0.003356,0.000000,0.000000,0.000000,0.00100000
9,713,0.254478,0.000081,104.7466,0.000000,0.000000,0.000000,0.002847,0.000000,0.000000,0.000000,0.00100000
9,714,0.266425,0.000085,97.8064,0.000000,0.000000,0.000000,0.002068,0.000000,0.000000,0.000000,0.00100000
9,715,0.248633,0.000079,96.6286,0.000000,0.000000,0.000000,0.002390,0.000000,0.000000,0.000000,0.00100000
9,716,0.310856,0.000099,102.5129,0.000000,0.000000,0.000000,0.003356,0.000000,0.000000,0.000000,0.00100000
9,717,0.226669,0.000072,101.6507,0.000000,0.000000,0.000000,0.001746,0.000000,0.000000,0.000000,0.00100000
9,718,0.275716,0.000088,86.4946,0.000000,0.000000,0.000000,0.002390,0.000000,0.000000,0.000000,0.00100000
9,719,0.261511,0.000083,100.9253,0.000000,0.000000,0.000000,0.003570,0.000000,0.000000,0.000000,0.00100000
10,1,0.494091,0.000156,91.8427,0.000000,0.000000,0.000000,0.012456,0.000000,0.000000,0.000000,0.00100000
10,2,0.383626,0.000121,92.9379,0.000000,0.000000,0.000000,0.008965,0.000000,0.000000,0.000000,0.00100000
10,3,0.403634,0.000128,92.9291,0.000000,0.000000,0.000000,0.004966,0.000000,0.000000,0.000000,0.00100000
10,4,0.365022,0.000116,91.4069,0.000000,0.000000,0.000000,0.003356,0.000000,0.000000,0.000000,0.00100000
10,5,0.393462,0.000125,93.7397,0.000000,0.000000,0.000000,0.004644,0.000000,0.000000,0.000000,0.00100000
10,6,0.384004,0.000122,94.0655,0.000000,0.000000,0.000000,0.004644,0.000000,0.000000,0.000000,0.00100000
10,7,0.364542,0.000115,93.7741,0.000000,0.000000,0.000000,0.004784,0.000000,0.000000,0.000000,0.00100000
10,8,0.382347,0.000121,89.1406,0.000000,0.000000,0.000000,0.004057,0.000000,0.000000,0.000000,0.00100000
10,9,0.348856,0.000110,94.1814,0.000000,0.000000,0.000000,0.006711,0.000000,0.000000,0.000000,0.00100000
10,10,0.368864,0.000117,91.7165,0.000000,0.000000,0.000000,0.002907,0.000000,0.000000,0.000000,0.00100000
10,11,0.355458,0.000113,95.1447,0.000000,0.000000,0.000000,0.004457,0.000000,0.000000,0.000000,0.00100000
10,12,0.349128,0.000111,89.9190,0.000000,0.000000,0.000000,0.004322,0.000000,0.000000,0.000000,0.00100000
10,13,0.346641,0.000110,93.1706,0.000000,0.000000,0.000000,0.003304,0.000000,0.000000,0.000000,0.00100000
10,14,0.359865,0.000114,94.9248,0.000000,0.000000,0.000000,0.005236,0.000000,0.000000,0.000000,0.00100000
10,15,0.379168,0.000120,95.1349,0.000000,0.000000,0.000000,0.003034,0.000000,0.000000,0.000000,0.00100000
10,16,0.405699,0.000128,94.7291,0.000000,0.000000,0.000000,0.006067,0.000000,0.000000,0.000000,0.00100000
10,17,0.463614,0.000147,98.9728,0.000000,0.000000,0.000000,0.007355,0.000000,0.000000,0.000000,0.00100000
10,18,0.431801,0.000136,95.0161,0.000000,0.000000,0.000000,0.008592,0.000000,0.000000,0.000000,0.00100000
10,19,0.415742,0.000131,93.9083,0.000000,0.000000,0.000000,0.007220,0.000000,0.000000,0.000000,0.00100000
10,20,0.364619,0.000116,94.7779,0.000000,0.000000,0.000000,0.002390,0.000000,0.000000,0.000000,0.00100000
10,21,0.411106,0.000130,94.2652,0.000000,0.000000,0.000000,0.005288,0.000000,0.000000,0.000000,0.00100000
10,22,0.421640,0.000134,96.0726,0.000000,0.000000,0.000000,0.004322,0.000000,0.000000,0.000000,0.00100000
10,23,0.382997,0.000122,95.7020,0.000000,0.000000,0.000000,0.003678,0.000000,0.000000,0.000000,0.00100000
10,24,0.411404,0.000131,95.1065,0.000000,0.000000,0.000000,0.004239,0.000000,0.000000,0.000000,0.00100000
10,25,0.397825,0.000126,93.5017,0.000000,0.000000,0.000000,0.004457,0.000000,0.000000,0.000000,0.00100000
10,26,0.387888,0.000123,96.5062,0.000000,0.000000,0.000000,0.003356,0.000000,0.000000,0.000000,0.00100000
10,27,0.384663,0.000122,100.1857,0.000000,0.000000,0.000000,0.004135,0.000000,0.000000,0.000000,0.00100000
10,28,0.414871,0.000132,98.4993,0.000000,0.000000,0.000000,0.003169,0.000000,0.000000,0.000000,0.00100000
10,29,0.396562,0.000126,96.6724,0.000000,0.000000,0.000000,0.003813,0.000000,0.000000,0.000000,0.00100000
10,30,0.375987,0.000119,94.2629,0.000000,0.000000,0.000000,0.003034,0.000000,0.000000,0.000000,0.00100000
10,31,0.379265,0.000120,94.1540,0.000000,0.000000,0.000000,0.003356,0.000000,0.000000,0.000000,0.00100000
10,32,0.402989,0.000126,91.2621,0.000000,0.000000,0.000000,0.013287,0.000000,0.000000,0.000000,0.00100000
10,33,0.340374,0.000108,97.9718,0.000000,0.000000,0.000000,0.005711,0.000000,0.000000,0.000000,0.00100000
10,34,0.357800,0.000110,95.8025,0.000000,0.000000,0.000000,0.025298,0.000000,0.000000,0.000000,0.00100000
10,35,0.316256,0.000099,91.2106,0.000000,0.000000,0.000000,0.010743,0.000000,0.000000,0.000000,0.00100000
10,36,0.318344,0.000096,90.1744,0.000000,0.000000,0.000000,0.031958,0.000000,0.000000,0.000000,0.00100000
10,37,0.316728,0.000098,95.1026,0.000000,0.000000,0.000000,0.016642,0.000000,0.000000,0.000000,0.00100000
10,38,0.338844,0.000106,96.5692,0.000000,0.000000,0.000000,0.012456,0.000000,0.000000,0.000000,0.00100000
10,39,0.326126,0.000103,93.1979,0.000000,0.000000,0.000000,0.009106,0.000000,0.000000,0.000000,0.00100000
10,40,0.338962,0.000107,93.8072,0.000000,0.000000,0.000000,0.005423,0.000000,0.000000,0.000000,0.00100000
10,41,0.343728,0.000109,95.8288,0.000000,0.000000,0.000000,0.004457,0.000000,0.000000,0.000000,0.00100000
10,42,0.309788,0.000098,95.5207,0.000000,0.000000,0.000000,0.003678,0.000000,0.000000,0.000000,0.00100000
10,43,0.311341,0.000099,91.3263,0.000000,0.000000,0.000000,0.003034,0.000000,0.000000,0.000000,0.00100000
10,44,0.312350,0.000099,89.1700,0.000000,0.000000,0.000000,0.003034,0.000000,0.000000,0.000000,0.00100000
10,45,0.260782,0.000083,87.8490,0.000000,0.000000,0.000000,0.003356,0.000000,0.000000,0.000000,0.00100000
10,46,0.331803,0.000105,92.1234,0.000000,0.000000,0.000000,0.003356,0.000000,0.000000,0.000000,0.00100000
10,47,0.337772,0.000106,93.4851,0.000000,0.000000,0.000000,0.009377,0.000000,0.000000,0.000000,0.00100000
10,48,0.471556,0.000142,90.4818,0.000000,0.000000,0.000000,0.051917,0.000000,0.000000,0.000000,0.00100000
10,49,0.283832,0.000084,96.5386,0.000000,0.000000,0.000000,0.042538,0.000000,0.000000,0.000000,0.00100000
10,50,0.323559,0.000100,82.7487,0.000000,0.000000,0.000000,0.020726,0.000000,0.000000,0.000000,0.00100000
10,51,0.377898,0.000114,92.1875,0.000000,0.000000,0.000000,0.040427,0.000000,0.000000,0.000000,0.00100000
10,52,0.292863,0.000092,88.4900,0.000000,0.000000,0.000000,0.006628,0.000000,0.000000,0.000000,0.00100000
10,53,0.356741,0.000112,89.5171,0.000000,0.000000,0.000000,0.008830,0.000000,0.000000,0.000000,0.00100000
10,54,0.298817,0.000094,91.5631,0.000000,0.000000,0.000000,0.010202,0.000000,0.000000,0.000000,0.00100000
10,55,0.365190,0.000116,90.9345,0.000000,0.000000,0.000000,0.003678,0.000000,0.000000,0.000000,0.00100000
10,56,0.378704,0.000120,90.8641,0.000000,0.000000,0.000000,0.006743,0.000000,0.000000,0.000000,0.00100000
10,57,0.353478,0.000112,98.6894,0.000000,0.000000,0.000000,0.005745,0.000000,0.000000,0.000000,0.00100000
10,58,0.297578,0.000094,94.3118,0.000000,0.000000,0.000000,0.006202,0.000000,0.000000,0.000000,0.00100000
10,59,0.348915,0.000111,96.4644,0.000000,0.000000,0.000000,0.002390,0.000000,0.000000,0.000000,0.00100000
10,60,0.324438,0.000103,97.8135,0.000000,0.000000,0.000000,0.003169,0.000000,0.000000,0.000000,0.00100000
10,61,0.752197,0.000238,98.9855,0.000000,0.000000,0.000000,0.010287,0.000000,0.000000,0.000000,0.00100000
10,62,0.378321,0.000119,105.4573,0.000000,0.000000,0.000000,0.010800,0.000000,0.000000,0.000000,0.00100000
10,63,0.393054,0.000122,96.4811,0.000000,0.000000,0.000000,0.019284,0.000000,0.000000,0.000000,0.00100000
10,64,0.355064,0.000112,95.1312,0.000000,0.000000,0.000000,0.010555,0.000000,0.000000,0.000000,0.00100000
10,65,0.375138,0.000119,95.8333,0.000000,0.000000,0.000000,0.006413,0.000000,0.000000,0.000000,0.00100000
10,66,0.355955,0.000112,93.7139,0.000000,0.000000,0.000000,0.008727,0.000000,0.000000,0.000000,0.00100000
10,67,0.399189,0.000127,97.3536,0.000000,0.000000,0.000000,0.004914,0.000000,0.000000,0.000000,0.00100000
10,68,0.365121,0.000116,91.9849,0.000000,0.000000,0.000000,0.002390,0.000000,0.000000,0.000000,0.00100000
10,69,0.340614,0.000108,93.2729,0.000000,0.000000,0.000000,0.003678,0.000000,0.000000,0.000000,0.00100000
10,70,0.313332,0.000100,95.4426,0.000000,0.000000,0.000000,0.001746,0.000000,0.000000,0.000000,0.00100000
10,71,0.380958,0.000121,98.3743,0.000000,0.000000,0.000000,0.004644,0.000000,0.000000,0.000000,0.00100000
10,72,0.356530,0.000113,97.3065,0.000000,0.000000,0.000000,0.003034,0.000000,0.000000,0.000000,0.00100000
10,73,0.353161,0.000112,91.5214,0.000000,0.000000,0.000000,0.003356,0.000000,0.000000,0.000000,0.00100000
10,74,0.336051,0.000107,94.8007,0.000000,0.000000,0.000000,0.001746,0.000000,0.000000,0.000000,0.00100000
10,75,0.320946,0.000102,97.0956,0.000000,0.000000,0.000000,0.003356,0.000000,0.000000,0.000000,0.00100000
10,76,0.367399,0.000117,93.4802,0.000000,0.000000,0.000000,0.002712,0.000000,0.000000,0.000000,0.00100000
10,77,0.309971,0.000098,94.6175,0.000000,0.000000,0.000000,0.002712,0.000000,0.000000,0.000000,0.00100000
10,78,0.326188,0.000104,94.0920,0.000000,0.000000,0.000000,0.002390,0.000000,0.000000,0.000000,0.00100000
10,79,0.436175,0.000138,95.6228,0.000000,0.000000,0.000000,0.007220,0.000000,0.000000,0.000000,0.00100000
10,80,0.442611,0.000141,99.7851,0.000000,0.000000,0.000000,0.004000,0.000000,0.000000,0.000000,0.00100000
10,81,0.296959,0.000094,96.5349,0.000000,0.000000,0.000000,0.004000,0.000000,0.000000,0.000000,0.00100000
10,82,0.327754,0.000104,93.5054,0.000000,0.000000,0.000000,0.001746,0.000000,0.000000,0.000000,0.00100000
10,83,0.320478,0.000102,85.3417,0.000000,0.000000,0.000000,0.002712,0.000000,0.000000,0.000000,0.00100000
10,84,0.353439,0.000112,103.0071,0.000000,0.000000,0.000000,0.003034,0.000000,0.000000,0.000000,0.00100000
10,85,0.328609,0.000104,97.2481,0.000000,0.000000,0.000000,0.002712,0.000000,0.000000,0.000000,0.00100000
10,86,0.406661,0.000129,100.5823,0.000000,0.000000,0.000000,0.003304,0.000000,0.000000,0.000000,0.00100000
10,87,0.432766,0.000137,103.9969,0.000000,0.000000,0.000000,0.006067,0.000000,0.000000,0.000000,0.00100000
10,88,0.352419,0.000112,109.9643,0.000000,0.000000,0.000000,0.001424,0.000000,0.000000,0.000000,0.00100000
10,89,0.474497,0.000151,108.3432,0.000000,0.000000,0.000000,0.003169,0.000000,0.000000,0.000000,0.00100000
10,90,0.327100,0.000103,83.8748,0.000000,0.000000,0.000000,0.005880,0.000000,0.000000,0.000000,0.00100000
10,91,0.260896,0.000083,81.2495,0.000000,0.000000,0.000000,0.002068,0.000000,0.000000,0.000000,0.00100000
10,92,0.219939,0.000070,71.0564,0.000000,0.000000,0.000000,0.002390,0.000000,0.000000,0.000000,0.00100000
10,93,0.316272,0.000100,90.8522,0.000000,0.000000,0.000000,0.003034,0.000000,0.000000,0.000000,0.00100000
10,94,0.404911,0.000128,100.3092,0.000000,0.000000,0.000000,0.006608,0.000000,0.000000,0.000000,0.00100000
10,95,0.366410,0.000116,92.4671,0.000000,0.000000,0.000000,0.005288,0.000000,0.000000,0.000000,0.00100000
10,96,0.379948,0.000120,96.1683,0.000000,0.000000,0.000000,0.007539,0.000000,0.000000,0.000000,0.00100000
10,97,0.364690,0.000116,91.6769,0.000000,0.000000,0.000000,0.004000,0.000000,0.000000,0.000000,0.00100000
10,98,0.359729,0.000114,92.3584,0.000000,0.000000,0.000000,0.005101,0.000000,0.000000,0.000000,0.00100000
10,99,0.367256,0.000116,96.2638,0.000000,0.000000,0.000000,0.004322,0.000000,0.000000,0.000000,0.00100000
10,100,0.327956,0.000104,91.2388,0.000000,0.000000,0.000000,0.003034,0.000000,0.000000,0.000000,0.00100000
10,101,0.339861,0.000107,94.5691,0.000000,0.000000,0.000000,0.005932,0.000000,0.000000,0.000000,0.00100000
10,102,0.380437,0.000121,91.4357,0.000000,0.000000,0.000000,0.002712,0.000000,0.000000,0.000000,0.00100000
10,103,0.356698,0.000113,90.3720,0.000000,0.000000,0.000000,0.003813,0.000000,0.000000,0.000000,0.00100000
10,104,0.353100,0.000112,92.6194,0.000000,0.000000,0.000000,0.003034,0.000000,0.000000,0.000000,0.00100000
10,105,0.347523,0.000110,94.7254,0.000000,0.000000,0.000000,0.002390,0.000000,0.000000,0.000000,0.00100000
10,106,0.350554,0.000111,95.7113,0.000000,0.000000,0.000000,0.003356,0.000000,0.000000,0.000000,0.00100000
10,107,0.369032,0.000117,91.7384,0.000000,0.000000,0.000000,0.004539,0.000000,0.000000,0.000000,0.00100000
10,108,0.325250,0.000103,91.5945,0.000000,0.000000,0.000000,0.003356,0.000000,0.000000,0.000000,0.00100000
10,109,0.354379,0.000112,94.9346,0.000000,0.000000,0.000000,0.003356,0.000000,0.000000,0.000000,0.00100000
10,110,0.343872,0.000108,89.9072,0.000000,0.000000,0.000000,0.009425,0.000000,0.000000,0.000000,0.00100000
10,111,0.322870,0.000102,87.0782,0.000000,0.000000,0.000000,0.006846,0.000000,0.000000,0.000000,0.00100000
10,112,0.298205,0.000094,84.0157,0.000000,0.000000,0.000000,0.007542,0.000000,0.000000,0.000000,0.00100000
10,113,0.295964,0.000094,87.1393,0.000000,0.000000,0.000000,0.004779,0.000000,0.000000,0.000000,0.00100000
10,114,0.418840,0.000133,92.6713,0.000000,0.000000,0.000000,0.004966,0.000000,0.000000,0.000000,0.00100000
10,115,0.449480,0.000142,100.2712,0.000000,0.000000,0.000000,0.009787,0.000000,0.000000,0.000000,0.00100000
10,116,0.513443,0.000163,107.1921,0.000000,0.000000,0.000000,0.007220,0.000000,0.000000,0.000000,0.00100000
10,117,0.269066,0.000085,77.6139,0.000000,0.000000,0.000000,0.004644,0.000000,0.000000,0.000000,0.00100000
10,118,0.343014,0.000108,87.6990,0.000000,0.000000,0.000000,0.006524,0.000000,0.000000,0.000000,0.00100000
10,119,0.259422,0.000082,84.4186,0.000000,0.000000,0.000000,0.002712,0.000000,0.000000,0.000000,0.00100000
10,120,0.379640,0.000119,103.7794,0.000000,0.000000,0.000000,0.010389,0.000000,0.000000,0.000000,0.00100000
10,121,0.358155,0.000112,100.5676,0.000000,0.000000,0.000000,0.011065,0.000000,0.000000,0.000000,0.00100000
10,122,0.396932,0.000126,104.2891,0.000000,0.000000,0.000000,0.006254,0.000000,0.000000,0.000000,0.00100000
10,123,0.433296,0.000136,105.3844,0.000000,0.000000,0.000000,0.014878,0.000000,0.000000,0.000000,0.00100000
10,124,0.431692,0.000135,106.4722,0.000000,0.000000,0.000000,0.013627,0.000000,0.000000,0.000000,0.00100000
10,125,0.366057,0.000111,93.8873,0.000000,0.000000,0.000000,0.039033,0.000000,0.000000,0.000000,0.00100000
10,126,0.399303,0.000126,103.5917,0.000000,0.000000,0.000000,0.010337,0.000000,0.000000,0.000000,0.00100000
10,127,0.419298,0.000128,100.0558,0.000000,0.000000,0.000000,0.032769,0.000000,0.000000,0.000000,0.00100000
10,128,0.302662,0.000096,96.7809,0.000000,0.000000,0.000000,0.003034,0.000000,0.000000,0.000000,0.00100000
10,129,0.378100,0.000118,102.7663,0.000000,0.000000,0.000000,0.014440,0.000000,0.000000,0.000000,0.00100000
10,130,0.264627,0.000084,88.0334,0.000000,0.000000,0.000000,0.005288,0.000000,0.000000,0.000000,0.00100000
10,131,0.295018,0.000093,92.1080,0.000000,0.000000,0.000000,0.006254,0.000000,0.000000,0.000000,0.00100000
10,132,0.264270,0.000084,93.4210,0.000000,0.000000,0.000000,0.003034,0.000000,0.000000,0.000000,0.00100000
10,133,0.376416,0.000119,103.3180,0.000000,0.000000,0.000000,0.009152,0.000000,0.000000,0.000000,0.00100000
10,134,0.224346,0.000071,85.2070,0.000000,0.000000,0.000000,0.002068,0.000000,0.000000,0.000000,0.00100000
10,135,0.342567,0.000108,88.3282,0.000000,0.000000,0.000000,0.006389,0.000000,0.000000,0.000000,0.00100000
10,136,0.319751,0.000101,98.7603,0.000000,0.000000,0.000000,0.003034,0.000000,0.000000,0.000000,0.00100000
10,137,0.272931,0.000086,80.5737,0.000000,0.000000,0.000000,0.005932,0.000000,0.000000,0.000000,0.00100000
10,138,0.415834,0.000132,102.2045,0.000000,0.000000,0.000000,0.004239,0.000000,0.000000,0.000000,0.00100000
10,139,0.352174,0.000112,103.5331,0.000000,0.000000,0.000000,0.004322,0.000000,0.000000,0.000000,0.00100000
10,140,0.348831,0.000111,104.5814,0.000000,0.000000,0.000000,0.004000,0.000000,0.000000,0.000000,0.00100000
10,141,0.565937,0.000179,108.2791,0.000000,0.000000,0.000000,0.006202,0.000000,0.000000,0.000000,0.00100000
10,142,0.632824,0.000201,107.4575,0.000000,0.000000,0.000000,0.007813,0.000000,0.000000,0.000000,0.00100000
10,143,0.370605,0.000117,89.7983,0.000000,0.000000,0.000000,0.004322,0.000000,0.000000,0.000000,0.00100000
10,144,0.408059,0.000129,93.5433,0.000000,0.000000,0.000000,0.004135,0.000000,0.000000,0.000000,0.00100000
10,145,0.436416,0.000138,96.8604,0.000000,0.000000,0.000000,0.006711,0.000000,0.000000,0.000000,0.00100000
10,146,0.506116,0.000161,94.5152,0.000000,0.000000,0.000000,0.004135,0.000000,0.000000,0.000000,0.00100000
10,147,0.492848,0.000156,101.3866,0.000000,0.000000,0.000000,0.004966,0.000000,0.000000,0.000000,0.00100000
10,148,0.597872,0.000189,108.5676,0.000000,0.000000,0.000000,0.007439,0.000000,0.000000,0.000000,0.00100000
10,149,0.345824,0.000110,82.2763,0.000000,0.000000,0.000000,0.003034,0.000000,0.000000,0.000000,0.00100000
10,150,0.474115,0.000149,102.2855,0.000000,0.000000,0.000000,0.013557,0.000000,0.000000,0.000000,0.00100000
10,151,0.481908,0.000153,109.2513,0.000000,0.000000,0.000000,0.003034,0.000000,0.000000,0.000000,0.00100000
10,152,0.393500,0.000124,100.4651,0.000000,0.000000,0.000000,0.012186,0.000000,0.000000,0.000000,0.00100000
10,153,0.535428,0.000170,105.5825,0.000000,0.000000,0.000000,0.007490,0.000000,0.000000,0.000000,0.00100000
10,154,0.387492,0.000122,96.3354,0.000000,0.000000,0.000000,0.007999,0.000000,0.000000,0.000000,0.00100000
10,155,0.362388,0.000114,100.1830,0.000000,0.000000,0.000000,0.008508,0.000000,0.000000,0.000000,0.00100000
10,156,0.385672,0.000122,101.9479,0.000000,0.000000,0.000000,0.006795,0.000000,0.000000,0.000000,0.00100000
10,157,0.524200,0.000165,91.0043,0.000000,0.000000,0.000000,0.011930,0.000000,0.000000,0.000000,0.00100000
10,158,0.383858,0.000121,84.8249,0.000000,0.000000,0.000000,0.006846,0.000000,0.000000,0.000000,0.00100000
10,159,0.430514,0.000136,95.9185,0.000000,0.000000,0.000000,0.010608,0.000000,0.000000,0.000000,0.00100000
10,160,0.370450,0.000117,91.8252,0.000000,0.000000,0.000000,0.004914,0.000000,0.000000,0.000000,0.00100000
10,161,0.469123,0.000149,111.2807,0.000000,0.000000,0.000000,0.006677,0.000000,0.000000,0.000000,0.00100000
10,162,0.334132,0.000106,101.9728,0.000000,0.000000,0.000000,0.004000,0.000000,0.000000,0.000000,0.00100000
10,163,0.368067,0.000116,102.5783,0.000000,0.000000,0.000000,0.006982,0.000000,0.000000,0.000000,0.00100000
10,164,0.534309,0.000169,100.7291,0.000000,0.000000,0.000000,0.009183,0.000000,0.000000,0.000000,0.00100000
10,165,0.333082,0.000106,87.3151,0.000000,0.000000,0.000000,0.003034,0.000000,0.000000,0.000000,0.00100000
10,166,0.431439,0.000137,96.3738,0.000000,0.000000,0.000000,0.004457,0.000000,0.000000,0.000000,0.00100000
10,167,0.351332,0.000111,99.2580,0.000000,0.000000,0.000000,0.003813,0.000000,0.000000,0.000000,0.00100000
10,168,0.389874,0.000124,98.5282,0.000000,0.000000,0.000000,0.003678,0.000000,0.000000,0.000000,0.00100000
10,169,0.342619,0.000108,86.8134,0.000000,0.000000,0.000000,0.007355,0.000000,0.000000,0.000000,0.00100000
10,170,0.341723,0.000109,106.1898,0.000000,0.000000,0.000000,0.002712,0.000000,0.000000,0.000000,0.00100000
10,171,0.302390,0.000096,77.3669,0.000000,0.000000,0.000000,0.002390,0.000000,0.000000,0.000000,0.00100000
10,172,0.368379,0.000117,102.4580,0.000000,0.000000,0.000000,0.004000,0.000000,0.000000,0.000000,0.00100000
10,173,0.430319,0.000137,99.5858,0.000000,0.000000,0.000000,0.004322,0.000000,0.000000,0.000000,0.00100000
10,174,0.267532,0.000085,79.5556,0.000000,0.000000,0.000000,0.004000,0.000000,0.000000,0.000000,0.00100000
10,175,0.324815,0.000103,86.6761,0.000000,0.000000,0.000000,0.003034,0.000000,0.000000,0.000000,0.00100000
10,176,0.437538,0.000139,107.7909,0.000000,0.000000,0.000000,0.004000,0.000000,0.000000,0.000000,0.00100000
10,177,0.293086,0.000093,94.6162,0.000000,0.000000,0.000000,0.002068,0.000000,0.000000,0.000000,0.00100000
10,178,0.240879,0.000076,81.9089,0.000000,0.000000,0.000000,0.004644,0.000000,0.000000,0.000000,0.00100000
10,179,0.209992,0.000067,93.8899,0.000000,0.000000,0.000000,0.001424,0.000000,0.000000,0.000000,0.00100000
10,180,0.243595,0.000077,92.5337,0.000000,0.000000,0.000000,0.002068,0.000000,0.000000,0.000000,0.00100000
10,181,0.289998,0.000092,95.1587,0.000000,0.000000,0.000000,0.002390,0.000000,0.000000,0.000000,0.00100000
10,182,0.411342,0.000131,94.5365,0.000000,0.000000,0.000000,0.002712,0.000000,0.000000,0.000000,0.00100000
10,183,0.280892,0.000089,87.3625,0.000000,0.000000,0.000000,0.002068,0.000000,0.000000,0.000000,0.00100000
10,184,0.252258,0.000080,96.2827,0.000000,0.000000,0.000000,0.002068,0.000000,0.000000,0.000000,0.00100000
10,185,0.323733,0.000103,75.6964,0.000000,0.000000,0.000000,0.001746,0.000000,0.000000,0.000000,0.00100000
10,186,0.369416,0.000117,98.8893,0.000000,0.000000,0.000000,0.002390,0.000000,0.000000,0.000000,0.00100000
10,187,0.284961,0.000091,103.9627,0.000000,0.000000,0.000000,0.001424,0.000000,0.000000,0.000000,0.00100000
10,188,0.366628,0.000116,97.7080,0.000000,0.000000,0.000000,0.003678,0.000000,0.000000,0.000000,0.00100000
10,189,0.377803,0.000120,92.0177,0.000000,0.000000,0.000000,0.005288,0.000000,0.000000,0.000000,0.00100000
10,190,0.411948,0.000131,99.3980,0.000000,0.000000,0.000000,0.004644,0.000000,0.000000,0.000000,0.00100000
10,191,0.292945,0.000093,89.7009,0.000000,0.000000,0.000000,0.003356,0.000000,0.000000,0.000000,0.00100000
10,192,0.247232,0.000078,83.3762,0.000000,0.000000,0.000000,0.004000,0.000000,0.000000,0.000000,0.00100000
10,193,0.338898,0.000108,100.2224,0.000000,0.000000,0.000000,0.002068,0.000000,0.000000,0.000000,0.00100000
10,194,0.328737,0.000104,95.3634,0.000000,0.000000,0.000000,0.003034,0.000000,0.000000,0.000000,0.00100000
10,195,0.302555,0.000096,99.5150,0.000000,0.000000,0.000000,0.001746,0.000000,0.000000,0.000000,0.00100000
10,196,0.282495,0.000090,87.9942,0.000000,0.000000,0.000000,0.003034,0.000000,0.000000,0.000000,0.00100000
10,197,0.418262,0.000133,111.5346,0.000000,0.000000,0.000000,0.002068,0.000000,0.000000,0.000000,0.00100000
10,198,0.267348,0.000085,85.4703,0.000000,0.000000,0.000000,0.002390,0.000000,0.000000,0.000000,0.00100000
10,199,0.276146,0.000088,93.6546,0.000000,0.000000,0.000000,0.003034,0.000000,0.000000,0.000000,0.00100000
10,200,0.211527,0.000067,92.9370,0.000000,0.000000,0.000000,0.002390,0.000000,0.000000,0.000000,0.00100000
10,201,0.291407,0.000093,97.6181,0.000000,0.000000,0.000000,0.002390,0.000000,0.000000,0.000000,0.00100000
10,202,0.237763,0.000075,87.4361,0.000000,0.000000,0.000000,0.003034,0.000000,0.000000,0.000000,0.00100000
10,203,0.306486,0.000097,88.9652,0.000000,0.000000,0.000000,0.003356,0.000000,0.000000,0.000000,0.00100000
10,204,0.306218,0.000096,80.0674,0.000000,0.000000,0.000000,0.013319,0.000000,0.000000,0.000000,0.00100000
10,205,0.334612,0.000105,107.1604,0.000000,0.000000,0.000000,0.007677,0.000000,0.000000,0.000000,0.00100000
10,206,0.319069,0.000100,104.7891,0.000000,0.000000,0.000000,0.013435,0.000000,0.000000,0.000000,0.00100000
10,207,0.325608,0.000101,89.6025,0.000000,0.000000,0.000000,0.015335,0.000000,0.000000,0.000000,0.00100000
10,208,0.421642,0.000134,104.3111,0.000000,0.000000,0.000000,0.005610,0.000000,0.000000,0.000000,0.00100000
10,209,0.264932,0.000079,96.3766,0.000000,0.000000,0.000000,0.036177,0.000000,0.000000,0.000000,0.00100000
10,210,0.215408,0.000066,91.9281,0.000000,0.000000,0.000000,0.013744,0.000000,0.000000,0.000000,0.00100000
10,211,0.326749,0.000100,92.7162,0.000000,0.000000,0.000000,0.024241,0.000000,0.000000,0.000000,0.00100000
10,212,0.233994,0.000073,82.2990,0.000000,0.000000,0.000000,0.007490,0.000000,0.000000,0.000000,0.00100000
10,213,0.248136,0.000076,89.0197,0.000000,0.000000,0.000000,0.021112,0.000000,0.000000,0.000000,0.00100000
10,214,0.216884,0.000066,88.9079,0.000000,0.000000,0.000000,0.017402,0.000000,0.000000,0.000000,0.00100000
10,215,0.365359,0.000116,97.5398,0.000000,0.000000,0.000000,0.005101,0.000000,0.000000,0.000000,0.00100000
10,216,0.384828,0.000121,106.5171,0.000000,0.000000,0.000000,0.013287,0.000000,0.000000,0.000000,0.00100000
10,217,0.349296,0.000111,109.6759,0.000000,0.000000,0.000000,0.002712,0.000000,0.000000,0.000000,0.00100000
10,218,0.274969,0.000084,92.7058,0.000000,0.000000,0.000000,0.023379,0.000000,0.000000,0.000000,0.00100000
10,219,0.421757,0.000134,104.9696,0.000000,0.000000,0.000000,0.004457,0.000000,0.000000,0.000000,0.00100000
10,220,0.351474,0.000110,98.0683,0.000000,0.000000,0.000000,0.011864,0.000000,0.000000,0.000000,0.00100000
10,221,0.305747,0.000092,84.1836,0.000000,0.000000,0.000000,0.036619,0.000000,0.000000,0.000000,0.00100000
10,222,0.264303,0.000081,86.4912,0.000000,0.000000,0.000000,0.019875,0.000000,0.000000,0.000000,0.00100000
10,223,0.307185,0.000096,101.7289,0.000000,0.000000,0.000000,0.009609,0.000000,0.000000,0.000000,0.00100000
10,224,0.304741,0.000096,103.4211,0.000000,0.000000,0.000000,0.004644,0.000000,0.000000,0.000000,0.00100000
10,225,0.304517,0.000096,92.0969,0.000000,0.000000,0.000000,0.004914,0.000000,0.000000,0.000000,0.00100000
10,226,0.491366,0.000155,105.4797,0.000000,0.000000,0.000000,0.008405,0.000000,0.000000,0.000000,0.00100000
10,227,0.422126,0.000134,107.8146,0.000000,0.000000,0.000000,0.003813,0.000000,0.000000,0.000000,0.00100000
10,228,0.292931,0.000093,98.3758,0.000000,0.000000,0.000000,0.003356,0.000000,0.000000,0.000000,0.00100000
10,229,0.421043,0.000133,103.5674,0.000000,0.000000,0.000000,0.004914,0.000000,0.000000,0.000000,0.00100000
10,230,0.315977,0.000100,90.4269,0.000000,0.000000,0.000000,0.004644,0.000000,0.000000,0.000000,0.00100000
10,231,0.273227,0.000087,90.8797,0.000000,0.000000,0.000000,0.003169,0.000000,0.000000,0.000000,0.00100000
10,232,0.331937,0.000105,87.2298,0.000000,0.000000,0.000000,0.003813,0.000000,0.000000,0.000000,0.00100000
10,233,0.232055,0.000073,77.1774,0.000000,0.000000,0.000000,0.004779,0.000000,0.000000,0.000000,0.00100000
10,234,0.244052,0.000077,86.4530,0.000000,0.000000,0.000000,0.003948,0.000000,0.000000,0.000000,0.00100000
10,235,0.355382,0.000113,80.2040,0.000000,0.000000,0.000000,0.002068,0.000000,0.000000,0.000000,0.00100000
10,236,0.304102,0.000097,88.7318,0.000000,0.000000,0.000000,0.002068,0.000000,0.000000,0.000000,0.00100000
10,237,0.504394,0.000160,102.6270,0.000000,0.000000,0.000000,0.003356,0.000000,0.000000,0.000000,0.00100000
10,238,0.363408,0.000115,96.9352,0.000000,0.000000,0.000000,0.004322,0.000000,0.000000,0.000000,0.00100000
10,239,0.350543,0.000111,98.9309,0.000000,0.000000,0.000000,0.003034,0.000000,0.000000,0.000000,0.00100000
10,240,0.247329,0.000079,80.3880,0.000000,0.000000,0.000000,0.002068,0.000000,0.000000,0.000000,0.00100000
10,241,0.507311,0.000161,95.2597,0.000000,0.000000,0.000000,0.002847,0.000000,0.000000,0.000000,0.00100000
10,242,0.477830,0.000152,108.1679,0.000000,0.000000,0.000000,0.002068,0.000000,0.000000,0.000000,0.00100000
10,243,0.444272,0.000141,99.4965,0.000000,0.000000,0.000000,0.002390,0.000000,0.000000,0.000000,0.00100000
10,244,0.369027,0.000117,99.1811,0.000000,0.000000,0.000000,0.001424,0.000000,0.000000,0.000000,0.00100000
10,245,0.290980,0.000092,86.5423,0.000000,0.000000,0.000000,0.002390,0.000000,0.000000,0.000000,0.00100000
10,246,0.346225,0.000110,103.6902,0.000000,0.000000,0.000000,0.001746,0.000000,0.000000,0.000000,0.00100000
10,247,0.386198,0.000123,101.4535,0.000000,0.000000,0.000000,0.003034,0.000000,0.000000,0.000000,0.00100000
10,248,0.435145,0.000138,102.4245,0.000000,0.000000,0.000000,0.002390,0.000000,0.000000,0.000000,0.00100000
10,249,0.336833,0.000107,91.0823,0.000000,0.000000,0.000000,0.001746,0.000000,0.000000,0.000000,0.00100000
10,250,0.267919,0.000085,84.2250,0.000000,0.000000,0.000000,0.002712,0.000000,0.000000,0.000000,0.00100000
10,251,0.248833,0.000079,84.9394,0.000000,0.000000,0.000000,0.004779,0.000000,0.000000,0.000000,0.00100000
10,252,0.266329,0.000084,103.4060,0.000000,0.000000,0.000000,0.003356,0.000000,0.000000,0.000000,0.00100000
10,253,0.332380,0.000106,104.8404,0.000000,0.000000,0.000000,0.002068,0.000000,0.000000,0.000000,0.00100000
10,254,0.330983,0.000105,96.5289,0.000000,0.000000,0.000000,0.004457,0.000000,0.000000,0.000000,0.00100000
10,255,0.257390,0.000082,98.6028,0.000000,0.000000,0.000000,0.001746,0.000000,0.000000,0.000000,0.00100000
10,256,0.349533,0.000111,99.4675,0.000000,0.000000,0.000000,0.002712,0.000000,0.000000,0.000000,0.00100000
10,257,0.344053,0.000109,101.7596,0.000000,0.000000,0.000000,0.001746,0.000000,0.000000,0.000000,0.00100000
10,258,0.205023,0.000065,86.6655,0.000000,0.000000,0.000000,0.001424,0.000000,0.000000,0.000000,0.00100000
10,259,0.276198,0.000088,96.6648,0.000000,0.000000,0.000000,0.003034,0.000000,0.000000,0.000000,0.00100000
10,260,0.326374,0.000104,100.5928,0.000000,0.000000,0.000000,0.003356,0.000000,0.000000,0.000000,0.00100000
10,261,0.319633,0.000101,89.6262,0.000000,0.000000,0.000000,0.003034,0.000000,0.000000,0.000000,0.00100000
10,262,0.248333,0.000079,93.1861,0.000000,0.000000,0.000000,0.002068,0.000000,0.000000,0.000000,0.00100000
10,263,0.257351,0.000082,83.5055,0.000000,0.000000,0.000000,0.002390,0.000000,0.000000,0.000000,0.00100000
10,264,0.271609,0.000086,92.0615,0.000000,0.000000,0.000000,0.001746,0.000000,0.000000,0.000000,0.00100000
10,265,0.319857,0.000101,87.0691,0.000000,0.000000,0.000000,0.003491,0.000000,0.000000,0.000000,0.00100000
10,266,0.329347,0.000104,93.5747,0.000000,0.000000,0.000000,0.003356,0.000000,0.000000,0.000000,0.00100000
10,267,0.282270,0.000089,88.3637,0.000000,0.000000,0.000000,0.004779,0.000000,0.000000,0.000000,0.00100000
10,268,0.409096,0.000130,97.4175,0.000000,0.000000,0.000000,0.004135,0.000000,0.000000,0.000000,0.00100000
10,269,0.359019,0.000114,102.0350,0.000000,0.000000,0.000000,0.003491,0.000000,0.000000,0.000000,0.00100000
10,270,0.371426,0.000118,100.2123,0.000000,0.000000,0.000000,0.004457,0.000000,0.000000,0.000000,0.00100000
10,271,0.413373,0.000131,91.0056,0.000000,0.000000,0.000000,0.006898,0.000000,0.000000,0.000000,0.00100000
10,272,0.391806,0.000124,95.9444,0.000000,0.000000,0.000000,0.003356,0.000000,0.000000,0.000000,0.00100000
10,273,0.330918,0.000105,93.4457,0.000000,0.000000,0.000000,0.006067,0.000000,0.000000,0.000000,0.00100000
10,274,0.336280,0.000107,86.8062,0.000000,0.000000,0.000000,0.002712,0.000000,0.000000,0.000000,0.00100000
10,275,0.287793,0.000091,93.6908,0.000000,0.000000,0.000000,0.007864,0.000000,0.000000,0.000000,0.00100000
10,276,0.368518,0.000117,92.5733,0.000000,0.000000,0.000000,0.003948,0.000000,0.000000,0.000000,0.00100000
10,277,0.341400,0.000108,86.1401,0.000000,0.000000,0.000000,0.005745,0.000000,0.000000,0.000000,0.00100000
10,278,0.272497,0.000086,92.8096,0.000000,0.000000,0.000000,0.002712,0.000000,0.000000,0.000000,0.00100000
10,279,0.429249,0.000136,104.5308,0.000000,0.000000,0.000000,0.002712,0.000000,0.000000,0.000000,0.00100000
10,280,0.335941,0.000106,90.8238,0.000000,0.000000,0.000000,0.005610,0.000000,0.000000,0.000000,0.00100000
10,281,0.430280,0.000137,105.3282,0.000000,0.000000,0.000000,0.003169,0.000000,0.000000,0.000000,0.00100000
10,282,0.417419,0.000131,97.7232,0.000000,0.000000,0.000000,0.011542,0.000000,0.000000,0.000000,0.00100000
10,283,0.296633,0.000094,94.5398,0.000000,0.000000,0.000000,0.004000,0.000000,0.000000,0.000000,0.00100000
10,284,0.349664,0.000110,96.1859,0.000000,0.000000,0.000000,0.009152,0.000000,0.000000,0.000000,0.00100000
10,285,0.290284,0.000092,88.5604,0.000000,0.000000,0.000000,0.003034,0.000000,0.000000,0.000000,0.00100000
10,286,0.349982,0.000111,108.5704,0.000000,0.000000,0.000000,0.006576,0.000000,0.000000,0.000000,0.00100000
10,287,0.309952,0.000098,102.2031,0.000000,0.000000,0.000000,0.003626,0.000000,0.000000,0.000000,0.00100000
10,288,0.231861,0.000074,92.7316,0.000000,0.000000,0.000000,0.002712,0.000000,0.000000,0.000000,0.00100000
10,289,0.286085,0.000091,90.6947,0.000000,0.000000,0.000000,0.003678,0.000000,0.000000,0.000000,0.00100000
10,290,0.242980,0.000077,94.2805,0.000000,0.000000,0.000000,0.003356,0.000000,0.000000,0.000000,0.00100000
10,291,0.245880,0.000078,85.1728,0.000000,0.000000,0.000000,0.004322,0.000000,0.000000,0.000000,0.00100000
10,292,0.257472,0.000081,95.7635,0.000000,0.000000,0.000000,0.003917,0.000000,0.000000,0.000000,0.00100000
10,293,0.309003,0.000098,100.6912,0.000000,0.000000,0.000000,0.004000,0.000000,0.000000,0.000000,0.00100000
10,294,0.308982,0.000097,99.5861,0.000000,0.000000,0.000000,0.007865,0.000000,0.000000,0.000000,0.00100000
10,295,0.248064,0.000078,101.7935,0.000000,0.000000,0.000000,0.006898,0.000000,0.000000,0.000000,0.00100000
10,296,0.377089,0.000119,99.0444,0.000000,0.000000,0.000000,0.005880,0.000000,0.000000,0.000000,0.00100000
10,297,0.339362,0.000107,96.0065,0.000000,0.000000,0.000000,0.007677,0.000000,0.000000,0.000000,0.00100000
10,298,0.414667,0.000128,97.9757,0.000000,0.000000,0.000000,0.027430,0.000000,0.000000,0.000000,0.00100000
10,299,0.331956,0.000098,98.6087,0.000000,0.000000,0.000000,0.050151,0.000000,0.000000,0.000000,0.00100000
10,300,0.246165,0.000077,82.6882,0.000000,0.000000,0.000000,0.011406,0.000000,0.000000,0.000000,0.00100000
10,301,0.504833,0.000156,100.6251,0.000000,0.000000,0.000000,0.030847,0.000000,0.000000,0.000000,0.00100000
10,302,0.330581,0.000104,96.1167,0.000000,0.000000,0.000000,0.006898,0.000000,0.000000,0.000000,0.00100000
10,303,0.293119,0.000089,86.2975,0.000000,0.000000,0.000000,0.026483,0.000000,0.000000,0.000000,0.00100000
10,304,0.326668,0.000103,88.9936,0.000000,0.000000,0.000000,0.008592,0.000000,0.000000,0.000000,0.00100000
10,305,0.374753,0.000118,96.7809,0.000000,0.000000,0.000000,0.007168,0.000000,0.000000,0.000000,0.00100000
10,306,0.282687,0.000087,84.6530,0.000000,0.000000,0.000000,0.021112,0.000000,0.000000,0.000000,0.00100000
10,307,0.261861,0.000083,80.7780,0.000000,0.000000,0.000000,0.005849,0.000000,0.000000,0.000000,0.00100000
10,308,0.392995,0.000124,98.3078,0.000000,0.000000,0.000000,0.009236,0.000000,0.000000,0.000000,0.00100000
10,309,0.431236,0.000136,105.9854,0.000000,0.000000,0.000000,0.006389,0.000000,0.000000,0.000000,0.00100000
10,310,0.269996,0.000085,82.8990,0.000000,0.000000,0.000000,0.008779,0.000000,0.000000,0.000000,0.00100000
10,311,0.279433,0.000089,96.7827,0.000000,0.000000,0.000000,0.002068,0.000000,0.000000,0.000000,0.00100000
10,312,0.327417,0.000104,100.7485,0.000000,0.000000,0.000000,0.004966,0.000000,0.000000,0.000000,0.00100000
10,313,0.324345,0.000101,98.7672,0.000000,0.000000,0.000000,0.015303,0.000000,0.000000,0.000000,0.00100000
10,314,0.315461,0.000100,86.8824,0.000000,0.000000,0.000000,0.004644,0.000000,0.000000,0.000000,0.00100000
10,315,0.413945,0.000131,91.7133,0.000000,0.000000,0.000000,0.007677,0.000000,0.000000,0.000000,0.00100000
10,316,0.304682,0.000097,97.1527,0.000000,0.000000,0.000000,0.002390,0.000000,0.000000,0.000000,0.00100000
10,317,0.278796,0.000088,97.2992,0.000000,0.000000,0.000000,0.002712,0.000000,0.000000,0.000000,0.00100000
10,318,0.270720,0.000085,81.4332,0.000000,0.000000,0.000000,0.007864,0.000000,0.000000,0.000000,0.00100000
10,319,0.305508,0.000097,90.6407,0.000000,0.000000,0.000000,0.003678,0.000000,0.000000,0.000000,0.00100000
10,320,0.246572,0.000078,89.8973,0.000000,0.000000,0.000000,0.004322,0.000000,0.000000,0.000000,0.00100000
10,321,0.405600,0.000129,101.6898,0.000000,0.000000,0.000000,0.002068,0.000000,0.000000,0.000000,0.00100000
10,322,0.239258,0.000076,89.7170,0.000000,0.000000,0.000000,0.001746,0.000000,0.000000,0.000000,0.00100000
10,323,0.280497,0.000089,99.7031,0.000000,0.000000,0.000000,0.001424,0.000000,0.000000,0.000000,0.00100000
10,324,0.490876,0.000155,110.7063,0.000000,0.000000,0.000000,0.006711,0.000000,0.000000,0.000000,0.00100000
10,325,0.370777,0.000118,101.2968,0.000000,0.000000,0.000000,0.002712,0.000000,0.000000,0.000000,0.00100000
10,326,0.330926,0.000105,99.9759,0.000000,0.000000,0.000000,0.004000,0.000000,0.000000,0.000000,0.00100000
10,327,0.331640,0.000105,94.4028,0.000000,0.000000,0.000000,0.003034,0.000000,0.000000,0.000000,0.00100000
10,328,0.444795,0.000141,105.5688,0.000000,0.000000,0.000000,0.003356,0.000000,0.000000,0.000000,0.00100000
10,329,0.506823,0.000161,109.5499,0.000000,0.000000,0.000000,0.006016,0.000000,0.000000,0.000000,0.00100000
10,330,0.289637,0.000092,92.9647,0.000000,0.000000,0.000000,0.003678,0.000000,0.000000,0.000000,0.00100000
10,331,0.315620,0.000100,98.5127,0.000000,0.000000,0.000000,0.003034,0.000000,0.000000,0.000000,0.00100000
10,332,0.406616,0.000129,103.3810,0.000000,0.000000,0.000000,0.003169,0.000000,0.000000,0.000000,0.00100000
10,333,0.355351,0.000113,98.2605,0.000000,0.000000,0.000000,0.003034,0.000000,0.000000,0.000000,0.00100000
10,334,0.329497,0.000104,101.3830,0.000000,0.000000,0.000000,0.005507,0.000000,0.000000,0.000000,0.00100000
10,335,0.396233,0.000126,94.7067,0.000000,0.000000,0.000000,0.003356,0.000000,0.000000,0.000000,0.00100000
10,336,0.283097,0.000090,88.4975,0.000000,0.000000,0.000000,0.002712,0.000000,0.000000,0.000000,0.00100000
10,337,0.291707,0.000092,96.3726,0.000000,0.000000,0.000000,0.003356,0.000000,0.000000,0.000000,0.00100000
10,338,0.311251,0.000099,99.8816,0.000000,0.000000,0.000000,0.003034,0.000000,0.000000,0.000000,0.00100000
10,339,0.346833,0.000110,96.6232,0.000000,0.000000,0.000000,0.004000,0.000000,0.000000,0.000000,0.00100000
10,340,0.285887,0.000091,92.0932,0.000000,0.000000,0.000000,0.002203,0.000000,0.000000,0.000000,0.00100000
10,341,0.310071,0.000098,104.1161,0.000000,0.000000,0.000000,0.002390,0.000000,0.000000,0.000000,0.00100000
10,342,0.311706,0.000099,92.1894,0.000000,0.000000,0.000000,0.002068,0.000000,0.000000,0.000000,0.00100000
10,343,0.446401,0.000142,104.5837,0.000000,0.000000,0.000000,0.003678,0.000000,0.000000,0.000000,0.00100000
10,344,0.343373,0.000109,101.3521,0.000000,0.000000,0.000000,0.004270,0.000000,0.000000,0.000000,0.00100000
10,345,0.312252,0.000099,97.0946,0.000000,0.000000,0.000000,0.004000,0.000000,0.000000,0.000000,0.00100000
10,346,0.326623,0.000104,107.1675,0.000000,0.000000,0.000000,0.002068,0.000000,0.000000,0.000000,0.00100000
10,347,0.336477,0.000107,102.2409,0.000000,0.000000,0.000000,0.003678,0.000000,0.000000,0.000000,0.00100000
10,348,0.288040,0.000092,105.0422,0.000000,0.000000,0.000000,0.001424,0.000000,0.000000,0.000000,0.00100000
10,349,0.309428,0.000098,109.8263,0.000000,0.000000,0.000000,0.003948,0.000000,0.000000,0.000000,0.00100000
10,350,0.219272,0.000069,80.2222,0.000000,0.000000,0.000000,0.004000,0.000000,0.000000,0.000000,0.00100000
10,351,0.265777,0.000084,88.3386,0.000000,0.000000,0.000000,0.004966,0.000000,0.000000,0.000000,0.00100000
10,352,0.287458,0.000091,98.4089,0.000000,0.000000,0.000000,0.002390,0.000000,0.000000,0.000000,0.00100000
10,353,0.244209,0.000077,84.7502,0.000000,0.000000,0.000000,0.004000,0.000000,0.000000,0.000000,0.00100000
10,354,0.286192,0.000091,108.6170,0.000000,0.000000,0.000000,0.002712,0.000000,0.000000,0.000000,0.00100000
10,355,0.223356,0.000071,86.7042,0.000000,0.000000,0.000000,0.002390,0.000000,0.000000,0.000000,0.00100000
10,356,0.200827,0.000064,93.6679,0.000000,0.000000,0.000000,0.002068,0.000000,0.000000,0.000000,0.00100000
10,357,0.310482,0.000099,97.1719,0.000000,0.000000,0.000000,0.001746,0.000000,0.000000,0.000000,0.00100000
10,358,0.185966,0.000059,90.6429,0.000000,0.000000,0.000000,0.002068,0.000000,0.000000,0.000000,0.00100000
10,359,0.220322,0.000070,96.2607,0.000000,0.000000,0.000000,0.001746,0.000000,0.000000,0.000000,0.00100000
10,360,0.311890,0.000099,88.2718,0.000000,0.000000,0.000000,0.002390,0.000000,0.000000,0.000000,0.00100000
10,361,0.254475,0.000081,95.7802,0.000000,0.000000,0.000000,0.002390,0.000000,0.000000,0.000000,0.00100000
10,362,0.287657,0.000091,100.7712,0.000000,0.000000,0.000000,0.002712,0.000000,0.000000,0.000000,0.00100000
10,363,0.312536,0.000099,95.4940,0.000000,0.000000,0.000000,0.002712,0.000000,0.000000,0.000000,0.00100000
10,364,0.289259,0.000092,100.6891,0.000000,0.000000,0.000000,0.003356,0.000000,0.000000,0.000000,0.00100000
10,365,0.300083,0.000095,91.1578,0.000000,0.000000,0.000000,0.002390,0.000000,0.000000,0.000000,0.00100000
10,366,0.351115,0.000112,104.3534,0.000000,0.000000,0.000000,0.002390,0.000000,0.000000,0.000000,0.00100000
10,367,0.269528,0.000085,85.4190,0.000000,0.000000,0.000000,0.003034,0.000000,0.000000,0.000000,0.00100000
10,368,0.427822,0.000136,101.3084,0.000000,0.000000,0.000000,0.004270,0.000000,0.000000,0.000000,0.00100000
10,369,0.288666,0.000091,91.0882,0.000000,0.000000,0.000000,0.004779,0.000000,0.000000,0.000000,0.00100000
10,370,0.355458,0.000113,96.8117,0.000000,0.000000,0.000000,0.002390,0.000000,0.000000,0.000000,0.00100000
10,371,0.205286,0.000065,75.5439,0.000000,0.000000,0.000000,0.003034,0.000000,0.000000,0.000000,0.00100000
10,372,0.443856,0.000141,89.2956,0.000000,0.000000,0.000000,0.005372,0.000000,0.000000,0.000000,0.00100000
10,373,0.286818,0.000090,89.6345,0.000000,0.000000,0.000000,0.006067,0.000000,0.000000,0.000000,0.00100000
10,374,0.253330,0.000080,100.4165,0.000000,0.000000,0.000000,0.002712,0.000000,0.000000,0.000000,0.00100000
10,375,0.317908,0.000101,101.2453,0.000000,0.000000,0.000000,0.004966,0.000000,0.000000,0.000000,0.00100000
10,376,0.312892,0.000098,100.7145,0.000000,0.000000,0.000000,0.013132,0.000000,0.000000,0.000000,0.00100000
10,377,0.308750,0.000096,102.4034,0.000000,0.000000,0.000000,0.017589,0.000000,0.000000,0.000000,0.00100000
10,378,0.302845,0.000095,91.6628,0.000000,0.000000,0.000000,0.011625,0.000000,0.000000,0.000000,0.00100000
10,379,0.316196,0.000100,86.3586,0.000000,0.000000,0.000000,0.004779,0.000000,0.000000,0.000000,0.00100000
10,380,0.269290,0.000084,99.8572,0.000000,0.000000,0.000000,0.010472,0.000000,0.000000,0.000000,0.00100000
10,381,0.254352,0.000080,104.1756,0.000000,0.000000,0.000000,0.004457,0.000000,0.000000,0.000000,0.00100000
10,382,0.219219,0.000069,88.8528,0.000000,0.000000,0.000000,0.007864,0.000000,0.000000,0.000000,0.00100000
10,383,0.340533,0.000108,101.5556,0.000000,0.000000,0.000000,0.004000,0.000000,0.000000,0.000000,0.00100000
10,384,0.267161,0.000084,90.2033,0.000000,0.000000,0.000000,0.006202,0.000000,0.000000,0.000000,0.00100000
10,385,0.288211,0.000091,97.8009,0.000000,0.000000,0.000000,0.003034,0.000000,0.000000,0.000000,0.00100000
10,386,0.270912,0.000086,98.4803,0.000000,0.000000,0.000000,0.003034,0.000000,0.000000,0.000000,0.00100000
10,387,0.263861,0.000084,98.8537,0.000000,0.000000,0.000000,0.002712,0.000000,0.000000,0.000000,0.00100000
10,388,0.225503,0.000072,94.3260,0.000000,0.000000,0.000000,0.001746,0.000000,0.000000,0.000000,0.00100000
10,389,0.253058,0.000080,101.8137,0.000000,0.000000,0.000000,0.003034,0.000000,0.000000,0.000000,0.00100000
10,390,0.239273,0.000076,94.6518,0.000000,0.000000,0.000000,0.003356,0.000000,0.000000,0.000000,0.00100000
10,391,0.297633,0.000094,104.6313,0.000000,0.000000,0.000000,0.006254,0.000000,0.000000,0.000000,0.00100000
10,392,0.447059,0.000142,103.0080,0.000000,0.000000,0.000000,0.002390,0.000000,0.000000,0.000000,0.00100000
10,393,0.244581,0.000077,87.0466,0.000000,0.000000,0.000000,0.003356,0.000000,0.000000,0.000000,0.00100000
10,394,0.305604,0.000097,101.8140,0.000000,0.000000,0.000000,0.002068,0.000000,0.000000,0.000000,0.00100000
10,395,0.363919,0.000116,103.4779,0.000000,0.000000,0.000000,0.002390,0.000000,0.000000,0.000000,0.00100000
10,396,0.251479,0.000080,96.5167,0.000000,0.000000,0.000000,0.001746,0.000000,0.000000,0.000000,0.00100000
10,397,0.210741,0.000067,90.5617,0.000000,0.000000,0.000000,0.002390,0.000000,0.000000,0.000000,0.00100000
10,398,0.357683,0.000114,92.3583,0.000000,0.000000,0.000000,0.003491,0.000000,0.000000,0.000000,0.00100000
10,399,0.306911,0.000098,97.2464,0.000000,0.000000,0.000000,0.002068,0.000000,0.000000,0.000000,0.00100000
10,400,0.222039,0.000070,84.9547,0.000000,0.000000,0.000000,0.002390,0.000000,0.000000,0.000000,0.00100000
10,401,0.347736,0.000110,94.8203,0.000000,0.000000,0.000000,0.003678,0.000000,0.000000,0.000000,0.00100000
10,402,0.415608,0.000132,94.9358,0.000000,0.000000,0.000000,0.002390,0.000000,0.000000,0.000000,0.00100000
10,403,0.208128,0.000066,93.0036,0.000000,0.000000,0.000000,0.002390,0.000000,0.000000,0.000000,0.00100000
10,404,0.254442,0.000081,92.0499,0.000000,0.000000,0.000000,0.002068,0.000000,0.000000,0.000000,0.00100000
10,405,0.216878,0.000069,97.9583,0.000000,0.000000,0.000000,0.002068,0.000000,0.000000,0.000000,0.00100000
10,406,0.240872,0.000077,94.5125,0.000000,0.000000,0.000000,0.001746,0.000000,0.000000,0.000000,0.00100000
10,407,0.419471,0.000133,92.6172,0.000000,0.000000,0.000000,0.003034,0.000000,0.000000,0.000000,0.00100000
10,408,0.344856,0.000109,90.9593,0.000000,0.000000,0.000000,0.003678,0.000000,0.000000,0.000000,0.00100000
10,409,0.368287,0.000117,95.0500,0.000000,0.000000,0.000000,0.004000,0.000000,0.000000,0.000000,0.00100000
10,410,0.362545,0.000115,94.1792,0.000000,0.000000,0.000000,0.004322,0.000000,0.000000,0.000000,0.00100000
10,411,0.347118,0.000110,96.4966,0.000000,0.000000,0.000000,0.002712,0.000000,0.000000,0.000000,0.00100000
10,412,0.427186,0.000136,107.1688,0.000000,0.000000,0.000000,0.004457,0.000000,0.000000,0.000000,0.00100000
10,413,0.274418,0.000086,60.1154,0.000000,0.000000,0.000000,0.011542,0.000000,0.000000,0.000000,0.00100000
10,414,0.240694,0.000073,98.1775,0.000000,0.000000,0.000000,0.025773,0.000000,0.000000,0.000000,0.00100000
10,415,0.321281,0.000099,80.3489,0.000000,0.000000,0.000000,0.022588,0.000000,0.000000,0.000000,0.00100000
10,416,0.296877,0.000093,78.2373,0.000000,0.000000,0.000000,0.012945,0.000000,0.000000,0.000000,0.00100000
10,417,0.256142,0.000081,96.2302,0.000000,0.000000,0.000000,0.003356,0.000000,0.000000,0.000000,0.00100000
10,418,0.322940,0.000101,103.5467,0.000000,0.000000,0.000000,0.011355,0.000000,0.000000,0.000000,0.00100000
10,419,0.261286,0.000083,95.2840,0.000000,0.000000,0.000000,0.003034,0.000000,0.000000,0.000000,0.00100000
10,420,0.224459,0.000071,84.8006,0.000000,0.000000,0.000000,0.002390,0.000000,0.000000,0.000000,0.00100000
10,421,0.264888,0.000084,91.6520,0.000000,0.000000,0.000000,0.004779,0.000000,0.000000,0.000000,0.00100000
10,422,0.425170,0.000135,100.1940,0.000000,0.000000,0.000000,0.004288,0.000000,0.000000,0.000000,0.00100000
10,423,0.272614,0.000086,74.8859,0.000000,0.000000,0.000000,0.007677,0.000000,0.000000,0.000000,0.00100000
10,424,0.314581,0.000099,101.5627,0.000000,0.000000,0.000000,0.007220,0.000000,0.000000,0.000000,0.00100000
10,425,0.246767,0.000078,86.8600,0.000000,0.000000,0.000000,0.005745,0.000000,0.000000,0.000000,0.00100000
10,426,0.249772,0.000079,90.8410,0.000000,0.000000,0.000000,0.001424,0.000000,0.000000,0.000000,0.00100000
10,427,0.212133,0.000067,90.9678,0.000000,0.000000,0.000000,0.002712,0.000000,0.000000,0.000000,0.00100000
10,428,0.331923,0.000105,109.3495,0.000000,0.000000,0.000000,0.005423,0.000000,0.000000,0.000000,0.00100000
10,429,0.275719,0.000087,98.4795,0.000000,0.000000,0.000000,0.002712,0.000000,0.000000,0.000000,0.00100000
10,430,0.309250,0.000098,101.9426,0.000000,0.000000,0.000000,0.003678,0.000000,0.000000,0.000000,0.00100000
10,431,0.301435,0.000094,90.3578,0.000000,0.000000,0.000000,0.011303,0.000000,0.000000,0.000000,0.00100000
10,432,0.243320,0.000077,96.6133,0.000000,0.000000,0.000000,0.004135,0.000000,0.000000,0.000000,0.00100000
10,433,0.292627,0.000092,107.2228,0.000000,0.000000,0.000000,0.010472,0.000000,0.000000,0.000000,0.00100000
10,434,0.240102,0.000076,89.7644,0.000000,0.000000,0.000000,0.002390,0.000000,0.000000,0.000000,0.00100000
10,435,0.275918,0.000087,89.4245,0.000000,0.000000,0.000000,0.004457,0.000000,0.000000,0.000000,0.00100000
10,436,0.288071,0.000091,83.8255,0.000000,0.000000,0.000000,0.003034,0.000000,0.000000,0.000000,0.00100000
10,437,0.236383,0.000075,82.0148,0.000000,0.000000,0.000000,0.001746,0.000000,0.000000,0.000000,0.00100000
10,438,0.373739,0.000118,100.1874,0.000000,0.000000,0.000000,0.004779,0.000000,0.000000,0.000000,0.00100000
10,439,0.261673,0.000083,87.6343,0.000000,0.000000,0.000000,0.004966,0.000000,0.000000,0.000000,0.00100000
10,440,0.286088,0.000090,101.5424,0.000000,0.000000,0.000000,0.004914,0.000000,0.000000,0.000000,0.00100000
10,441,0.271360,0.000086,85.7745,0.000000,0.000000,0.000000,0.003678,0.000000,0.000000,0.000000,0.00100000
10,442,0.268431,0.000085,103.8648,0.000000,0.000000,0.000000,0.002712,0.000000,0.000000,0.000000,0.00100000
10,443,0.286206,0.000091,109.1092,0.000000,0.000000,0.000000,0.003678,0.000000,0.000000,0.000000,0.00100000
10,444,0.235894,0.000074,85.4642,0.000000,0.000000,0.000000,0.006151,0.000000,0.000000,0.000000,0.00100000
10,445,0.299106,0.000095,95.6252,0.000000,0.000000,0.000000,0.004592,0.000000,0.000000,0.000000,0.00100000
10,446,0.297151,0.000093,95.3654,0.000000,0.000000,0.000000,0.011542,0.000000,0.000000,0.000000,0.00100000
10,447,0.311075,0.000099,106.2483,0.000000,0.000000,0.000000,0.002847,0.000000,0.000000,0.000000,0.00100000
10,448,0.318143,0.000100,104.3420,0.000000,0.000000,0.000000,0.006067,0.000000,0.000000,0.000000,0.00100000
10,449,0.244837,0.000074,91.2263,0.000000,0.000000,0.000000,0.025497,0.000000,0.000000,0.000000,0.00100000
10,450,0.273196,0.000077,84.5124,0.000000,0.000000,0.000000,0.065277,0.000000,0.000000,0.000000,0.00100000
10,451,0.253283,0.000080,94.0184,0.000000,0.000000,0.000000,0.004000,0.000000,0.000000,0.000000,0.00100000
10,452,0.271960,0.000079,94.1797,0.000000,0.000000,0.000000,0.045605,0.000000,0.000000,0.000000,0.00100000
10,453,0.261618,0.000082,97.8821,0.000000,0.000000,0.000000,0.007355,0.000000,0.000000,0.000000,0.00100000
10,454,0.380072,0.000111,98.6117,0.000000,0.000000,0.000000,0.065769,0.000000,0.000000,0.000000,0.00100000
10,455,0.314511,0.000098,100.6428,0.000000,0.000000,0.000000,0.011728,0.000000,0.000000,0.000000,0.00100000
10,456,0.433297,0.000131,104.1578,0.000000,0.000000,0.000000,0.042262,0.000000,0.000000,0.000000,0.00100000
10,457,0.272582,0.000085,81.6395,0.000000,0.000000,0.000000,0.010286,0.000000,0.000000,0.000000,0.00100000
10,458,0.305375,0.000094,110.7986,0.000000,0.000000,0.000000,0.023843,0.000000,0.000000,0.000000,0.00100000
10,459,0.279768,0.000088,91.5246,0.000000,0.000000,0.000000,0.005932,0.000000,0.000000,0.000000,0.00100000
10,460,0.347423,0.000108,95.0584,0.000000,0.000000,0.000000,0.017589,0.000000,0.000000,0.000000,0.00100000
10,461,0.297817,0.000093,100.8788,0.000000,0.000000,0.000000,0.009931,0.000000,0.000000,0.000000,0.00100000
10,462,0.333516,0.000105,98.9917,0.000000,0.000000,0.000000,0.007446,0.000000,0.000000,0.000000,0.00100000
10,463,0.235696,0.000074,87.8613,0.000000,0.000000,0.000000,0.010099,0.000000,0.000000,0.000000,0.00100000
10,464,0.309132,0.000098,89.4523,0.000000,0.000000,0.000000,0.004000,0.000000,0.000000,0.000000,0.00100000
10,465,0.264679,0.000084,99.8961,0.000000,0.000000,0.000000,0.003356,0.000000,0.000000,0.000000,0.00100000
10,466,0.271894,0.000086,90.2508,0.000000,0.000000,0.000000,0.005610,0.000000,0.000000,0.000000,0.00100000
10,467,0.318439,0.000101,87.7262,0.000000,0.000000,0.000000,0.004000,0.000000,0.000000,0.000000,0.00100000
10,468,0.269139,0.000085,83.3588,0.000000,0.000000,0.000000,0.004000,0.000000,0.000000,0.000000,0.00100000
10,469,0.326578,0.000104,97.4839,0.000000,0.000000,0.000000,0.002390,0.000000,0.000000,0.000000,0.00100000
10,470,0.348705,0.000110,105.8192,0.000000,0.000000,0.000000,0.004457,0.000000,0.000000,0.000000,0.00100000
10,471,0.314246,0.000099,104.3520,0.000000,0.000000,0.000000,0.004644,0.000000,0.000000,0.000000,0.00100000
10,472,0.272903,0.000087,89.5061,0.000000,0.000000,0.000000,0.003034,0.000000,0.000000,0.000000,0.00100000
10,473,0.310534,0.000099,105.5579,0.000000,0.000000,0.000000,0.002712,0.000000,0.000000,0.000000,0.00100000
10,474,0.266223,0.000084,97.9235,0.000000,0.000000,0.000000,0.003678,0.000000,0.000000,0.000000,0.00100000
10,475,0.314159,0.000100,104.6591,0.000000,0.000000,0.000000,0.002390,0.000000,0.000000,0.000000,0.00100000
10,476,0.362158,0.000115,104.2296,0.000000,0.000000,0.000000,0.003034,0.000000,0.000000,0.000000,0.00100000
10,477,0.410711,0.000130,101.7426,0.000000,0.000000,0.000000,0.006473,0.000000,0.000000,0.000000,0.00100000
10,478,0.280489,0.000089,82.5406,0.000000,0.000000,0.000000,0.004322,0.000000,0.000000,0.000000,0.00100000
10,479,0.298919,0.000095,91.9311,0.000000,0.000000,0.000000,0.004457,0.000000,0.000000,0.000000,0.00100000
10,480,0.304126,0.000096,102.0343,0.000000,0.000000,0.000000,0.003678,0.000000,0.000000,0.000000,0.00100000
10,481,0.352826,0.000112,108.1481,0.000000,0.000000,0.000000,0.002712,0.000000,0.000000,0.000000,0.00100000
10,482,0.397663,0.000126,108.6093,0.000000,0.000000,0.000000,0.005745,0.000000,0.000000,0.000000,0.00100000
10,483,0.391735,0.000124,109.6455,0.000000,0.000000,0.000000,0.003491,0.000000,0.000000,0.000000,0.00100000
10,484,0.299953,0.000095,98.0285,0.000000,0.000000,0.000000,0.002390,0.000000,0.000000,0.000000,0.00100000
10,485,0.295231,0.000093,93.6110,0.000000,0.000000,0.000000,0.004153,0.000000,0.000000,0.000000,0.00100000
10,486,0.319182,0.000102,98.0671,0.000000,0.000000,0.000000,0.001746,0.000000,0.000000,0.000000,0.00100000
10,487,0.300588,0.000095,81.9849,0.000000,0.000000,0.000000,0.003678,0.000000,0.000000,0.000000,0.00100000
10,488,0.353961,0.000112,98.3426,0.000000,0.000000,0.000000,0.002712,0.000000,0.000000,0.000000,0.00100000
10,489,0.273505,0.000087,86.2562,0.000000,0.000000,0.000000,0.003491,0.000000,0.000000,0.000000,0.00100000
10,490,0.300342,0.000095,94.6723,0.000000,0.000000,0.000000,0.002390,0.000000,0.000000,0.000000,0.00100000
10,491,0.282510,0.000089,77.6120,0.000000,0.000000,0.000000,0.004000,0.000000,0.000000,0.000000,0.00100000
10,492,0.329428,0.000105,95.9627,0.000000,0.000000,0.000000,0.002068,0.000000,0.000000,0.000000,0.00100000
10,493,0.288371,0.000091,74.4758,0.000000,0.000000,0.000000,0.003034,0.000000,0.000000,0.000000,0.00100000
10,494,0.349971,0.000111,100.9028,0.000000,0.000000,0.000000,0.003034,0.000000,0.000000,0.000000,0.00100000
10,495,0.301573,0.000096,86.5044,0.000000,0.000000,0.000000,0.002712,0.000000,0.000000,0.000000,0.00100000
10,496,0.315839,0.000100,87.1472,0.000000,0.000000,0.000000,0.002390,0.000000,0.000000,0.000000,0.00100000
10,497,0.394493,0.000126,102.4797,0.000000,0.000000,0.000000,0.001424,0.000000,0.000000,0.000000,0.00100000
10,498,0.303081,0.000096,97.3976,0.000000,0.000000,0.000000,0.003356,0.000000,0.000000,0.000000,0.00100000
10,499,0.315490,0.000100,84.2866,0.000000,0.000000,0.000000,0.001746,0.000000,0.000000,0.000000,0.00100000
10,500,0.394975,0.000125,96.7905,0.000000,0.000000,0.000000,0.003034,0.000000,0.000000,0.000000,0.00100000
10,501,0.350485,0.000111,88.8754,0.000000,0.000000,0.000000,0.006067,0.000000,0.000000,0.000000,0.00100000
10,502,0.437431,0.000139,97.3781,0.000000,0.000000,0.000000,0.005880,0.000000,0.000000,0.000000,0.00100000
10,503,0.606182,0.000192,111.9468,0.000000,0.000000,0.000000,0.005423,0.000000,0.000000,0.000000,0.00100000
10,504,0.358078,0.000113,87.4907,0.000000,0.000000,0.000000,0.007626,0.000000,0.000000,0.000000,0.00100000
10,505,0.483025,0.000151,100.0477,0.000000,0.000000,0.000000,0.020468,0.000000,0.000000,0.000000,0.00100000
10,506,0.526894,0.000163,97.1248,0.000000,0.000000,0.000000,0.034560,0.000000,0.000000,0.000000,0.00100000
10,507,0.538111,0.000168,109.0184,0.000000,0.000000,0.000000,0.024042,0.000000,0.000000,0.000000,0.00100000
10,508,0.617564,0.000187,104.4278,0.000000,0.000000,0.000000,0.064853,0.000000,0.000000,0.000000,0.00100000
10,509,0.623337,0.000194,106.6233,0.000000,0.000000,0.000000,0.028201,0.000000,0.000000,0.000000,0.00100000
10,510,0.454429,0.000137,91.3737,0.000000,0.000000,0.000000,0.049481,0.000000,0.000000,0.000000,0.00100000
10,511,0.339411,0.000107,95.9403,0.000000,0.000000,0.000000,0.010067,0.000000,0.000000,0.000000,0.00100000
10,512,0.303862,0.000092,95.0300,0.000000,0.000000,0.000000,0.028028,0.000000,0.000000,0.000000,0.00100000
10,513,0.430748,0.000136,100.2951,0.000000,0.000000,0.000000,0.009931,0.000000,0.000000,0.000000,0.00100000
10,514,0.327152,0.000102,95.4328,0.000000,0.000000,0.000000,0.016893,0.000000,0.000000,0.000000,0.00100000
10,515,0.416920,0.000132,100.7717,0.000000,0.000000,0.000000,0.007542,0.000000,0.000000,0.000000,0.00100000
10,516,0.405631,0.000126,76.0941,0.000000,0.000000,0.000000,0.018290,0.000000,0.000000,0.000000,0.00100000
10,517,0.376971,0.000118,104.6843,0.000000,0.000000,0.000000,0.014305,0.000000,0.000000,0.000000,0.00100000
10,518,0.359694,0.000114,106.5158,0.000000,0.000000,0.000000,0.002712,0.000000,0.000000,0.000000,0.00100000
10,519,0.284005,0.000089,98.2074,0.000000,0.000000,0.000000,0.010291,0.000000,0.000000,0.000000,0.00100000
10,520,0.373278,0.000118,99.3966,0.000000,0.000000,0.000000,0.008239,0.000000,0.000000,0.000000,0.00100000
10,521,0.346380,0.000110,105.9517,0.000000,0.000000,0.000000,0.004135,0.000000,0.000000,0.000000,0.00100000
10,522,0.309928,0.000098,104.8167,0.000000,0.000000,0.000000,0.005880,0.000000,0.000000,0.000000,0.00100000
10,523,0.364635,0.000116,107.4675,0.000000,0.000000,0.000000,0.003356,0.000000,0.000000,0.000000,0.00100000
10,524,0.335039,0.000106,99.2879,0.000000,0.000000,0.000000,0.003678,0.000000,0.000000,0.000000,0.00100000
10,525,0.311345,0.000099,100.8456,0.000000,0.000000,0.000000,0.003491,0.000000,0.000000,0.000000,0.00100000
10,526,0.206839,0.000065,99.7572,0.000000,0.000000,0.000000,0.003034,0.000000,0.000000,0.000000,0.00100000
10,527,0.267146,0.000085,98.4263,0.000000,0.000000,0.000000,0.002390,0.000000,0.000000,0.000000,0.00100000
10,528,0.265630,0.000084,101.7622,0.000000,0.000000,0.000000,0.003356,0.000000,0.000000,0.000000,0.00100000
10,529,0.256850,0.000081,90.4118,0.000000,0.000000,0.000000,0.003678,0.000000,0.000000,0.000000,0.00100000
10,530,0.211672,0.000067,86.0782,0.000000,0.000000,0.000000,0.001746,0.000000,0.000000,0.000000,0.00100000
10,531,0.345478,0.000110,104.5213,0.000000,0.000000,0.000000,0.001424,0.000000,0.000000,0.000000,0.00100000
10,532,0.373855,0.000118,98.6125,0.000000,0.000000,0.000000,0.008508,0.000000,0.000000,0.000000,0.00100000
10,533,0.339681,0.000108,100.6614,0.000000,0.000000,0.000000,0.003678,0.000000,0.000000,0.000000,0.00100000
10,534,0.353924,0.000112,99.4363,0.000000,0.000000,0.000000,0.002712,0.000000,0.000000,0.000000,0.00100000
10,535,0.353859,0.000112,92.6505,0.000000,0.000000,0.000000,0.002390,0.000000,0.000000,0.000000,0.00100000
10,536,0.357243,0.000114,101.6326,0.000000,0.000000,0.000000,0.001746,0.000000,0.000000,0.000000,0.00100000
10,537,0.337097,0.000107,99.5503,0.000000,0.000000,0.000000,0.002068,0.000000,0.000000,0.000000,0.00100000
10,538,0.330577,0.000105,95.2195,0.000000,0.000000,0.000000,0.003678,0.000000,0.000000,0.000000,0.00100000
10,539,0.336091,0.000107,100.4642,0.000000,0.000000,0.000000,0.001746,0.000000,0.000000,0.000000,0.00100000
10,540,0.345486,0.000110,97.4493,0.000000,0.000000,0.000000,0.002390,0.000000,0.000000,0.000000,0.00100000
10,541,0.365742,0.000116,98.9038,0.000000,0.000000,0.000000,0.003034,0.000000,0.000000,0.000000,0.00100000
10,542,0.327795,0.000104,106.3702,0.000000,0.000000,0.000000,0.003678,0.000000,0.000000,0.000000,0.00100000
10,543,0.278697,0.000088,88.1608,0.000000,0.000000,0.000000,0.003356,0.000000,0.000000,0.000000,0.00100000
10,544,0.275941,0.000088,98.5504,0.000000,0.000000,0.000000,0.002068,0.000000,0.000000,0.000000,0.00100000
10,545,0.205909,0.000065,91.7940,0.000000,0.000000,0.000000,0.002068,0.000000,0.000000,0.000000,0.00100000
10,546,0.307837,0.000098,91.9850,0.000000,0.000000,0.000000,0.002712,0.000000,0.000000,0.000000,0.00100000
10,547,0.431165,0.000137,97.1630,0.000000,0.000000,0.000000,0.003356,0.000000,0.000000,0.000000,0.00100000
10,548,0.322287,0.000102,95.9547,0.000000,0.000000,0.000000,0.003813,0.000000,0.000000,0.000000,0.00100000
10,549,0.368801,0.000117,84.0548,0.000000,0.000000,0.000000,0.003034,0.000000,0.000000,0.000000,0.00100000
10,550,0.459915,0.000146,100.4089,0.000000,0.000000,0.000000,0.005745,0.000000,0.000000,0.000000,0.00100000
10,551,0.276439,0.000088,88.6184,0.000000,0.000000,0.000000,0.002068,0.000000,0.000000,0.000000,0.00100000
10,552,0.411564,0.000130,99.9858,0.000000,0.000000,0.000000,0.005101,0.000000,0.000000,0.000000,0.00100000
10,553,0.281263,0.000089,102.6126,0.000000,0.000000,0.000000,0.002847,0.000000,0.000000,0.000000,0.00100000
10,554,0.348584,0.000111,98.5459,0.000000,0.000000,0.000000,0.003034,0.000000,0.000000,0.000000,0.00100000
10,555,0.307750,0.000098,96.1209,0.000000,0.000000,0.000000,0.003034,0.000000,0.000000,0.000000,0.00100000
10,556,0.306011,0.000097,96.4016,0.000000,0.000000,0.000000,0.004000,0.000000,0.000000,0.000000,0.00100000
10,557,0.353881,0.000112,91.1215,0.000000,0.000000,0.000000,0.003034,0.000000,0.000000,0.000000,0.00100000
10,558,0.307376,0.000097,96.0302,0.000000,0.000000,0.000000,0.003356,0.000000,0.000000,0.000000,0.00100000
10,559,0.266615,0.000085,91.0085,0.000000,0.000000,0.000000,0.001424,0.000000,0.000000,0.000000,0.00100000
10,560,0.409859,0.000130,103.2028,0.000000,0.000000,0.000000,0.001746,0.000000,0.000000,0.000000,0.00100000
10,561,0.271291,0.000086,99.5229,0.000000,0.000000,0.000000,0.002712,0.000000,0.000000,0.000000,0.00100000
10,562,0.344131,0.000109,100.0529,0.000000,0.000000,0.000000,0.002068,0.000000,0.000000,0.000000,0.00100000
10,563,0.407602,0.000129,97.9906,0.000000,0.000000,0.000000,0.004644,0.000000,0.000000,0.000000,0.00100000
10,564,0.239636,0.000075,87.9592,0.000000,0.000000,0.000000,0.011542,0.000000,0.000000,0.000000,0.00100000
10,565,0.292974,0.000093,93.0357,0.000000,0.000000,0.000000,0.002712,0.000000,0.000000,0.000000,0.00100000
10,566,0.207242,0.000065,81.0895,0.000000,0.000000,0.000000,0.004322,0.000000,0.000000,0.000000,0.00100000
10,567,0.298288,0.000094,94.9480,0.000000,0.000000,0.000000,0.005829,0.000000,0.000000,0.000000,0.00100000
10,568,0.282491,0.000089,83.9820,0.000000,0.000000,0.000000,0.003678,0.000000,0.000000,0.000000,0.00100000
10,569,0.291712,0.000092,102.5004,0.000000,0.000000,0.000000,0.004457,0.000000,0.000000,0.000000,0.00100000
10,570,0.235952,0.000074,90.8438,0.000000,0.000000,0.000000,0.005932,0.000000,0.000000,0.000000,0.00100000
10,571,0.321314,0.000102,92.2744,0.000000,0.000000,0.000000,0.004973,0.000000,0.000000,0.000000,0.00100000
10,572,0.261507,0.000083,93.7117,0.000000,0.000000,0.000000,0.003034,0.000000,0.000000,0.000000,0.00100000
10,573,0.236400,0.000074,95.0456,0.000000,0.000000,0.000000,0.009474,0.000000,0.000000,0.000000,0.00100000
10,574,0.335274,0.000106,102.3910,0.000000,0.000000,0.000000,0.005288,0.000000,0.000000,0.000000,0.00100000
10,575,0.345135,0.000109,98.3378,0.000000,0.000000,0.000000,0.004135,0.000000,0.000000,0.000000,0.00100000
10,576,0.256886,0.000080,90.6206,0.000000,0.000000,0.000000,0.009101,0.000000,0.000000,0.000000,0.00100000
10,577,0.348994,0.000111,106.6969,0.000000,0.000000,0.000000,0.002712,0.000000,0.000000,0.000000,0.00100000
10,578,0.248533,0.000078,82.3717,0.000000,0.000000,0.000000,0.006254,0.000000,0.000000,0.000000,0.00100000
10,579,0.551069,0.000175,105.3849,0.000000,0.000000,0.000000,0.006389,0.000000,0.000000,0.000000,0.00100000
10,580,0.370733,0.000116,95.2569,0.000000,0.000000,0.000000,0.011252,0.000000,0.000000,0.000000,0.00100000
10,581,0.459810,0.000146,112.1745,0.000000,0.000000,0.000000,0.005694,0.000000,0.000000,0.000000,0.00100000
10,582,0.246714,0.000078,84.1147,0.000000,0.000000,0.000000,0.001746,0.000000,0.000000,0.000000,0.00100000
10,583,0.260798,0.000083,80.5942,0.000000,0.000000,0.000000,0.001746,0.000000,0.000000,0.000000,0.00100000
10,584,0.312566,0.000099,105.0431,0.000000,0.000000,0.000000,0.005101,0.000000,0.000000,0.000000,0.00100000
10,585,0.277940,0.000088,88.4098,0.000000,0.000000,0.000000,0.003169,0.000000,0.000000,0.000000,0.00100000
10,586,0.309203,0.000098,101.1867,0.000000,0.000000,0.000000,0.002712,0.000000,0.000000,0.000000,0.00100000
10,587,0.321879,0.000102,103.5588,0.000000,0.000000,0.000000,0.002847,0.000000,0.000000,0.000000,0.00100000
10,588,0.257105,0.000082,74.5430,0.000000,0.000000,0.000000,0.002068,0.000000,0.000000,0.000000,0.00100000
10,589,0.293081,0.000093,96.5243,0.000000,0.000000,0.000000,0.003356,0.000000,0.000000,0.000000,0.00100000
10,590,0.268354,0.000085,98.1450,0.000000,0.000000,0.000000,0.002390,0.000000,0.000000,0.000000,0.00100000
10,591,0.350294,0.000111,99.6701,0.000000,0.000000,0.000000,0.002390,0.000000,0.000000,0.000000,0.00100000
10,592,0.332833,0.000106,104.4925,0.000000,0.000000,0.000000,0.002712,0.000000,0.000000,0.000000,0.00100000
10,593,0.249956,0.000079,89.1888,0.000000,0.000000,0.000000,0.002712,0.000000,0.000000,0.000000,0.00100000
10,594,0.375940,0.000119,91.5442,0.000000,0.000000,0.000000,0.003034,0.000000,0.000000,0.000000,0.00100000
10,595,0.478848,0.000152,95.1771,0.000000,0.000000,0.000000,0.006120,0.000000,0.000000,0.000000,0.00100000
10,596,0.383061,0.000122,97.4023,0.000000,0.000000,0.000000,0.003034,0.000000,0.000000,0.000000,0.00100000
10,597,0.386647,0.000123,96.2133,0.000000,0.000000,0.000000,0.004322,0.000000,0.000000,0.000000,0.00100000
10,598,0.422506,0.000134,92.8433,0.000000,0.000000,0.000000,0.004000,0.000000,0.000000,0.000000,0.00100000
10,599,0.405985,0.000129,90.4399,0.000000,0.000000,0.000000,0.005558,0.000000,0.000000,0.000000,0.00100000
10,600,0.375208,0.000119,98.2608,0.000000,0.000000,0.000000,0.002390,0.000000,0.000000,0.000000,0.00100000
10,601,0.407033,0.000129,103.9274,0.000000,0.000000,0.000000,0.004135,0.000000,0.000000,0.000000,0.00100000
10,602,0.378074,0.000120,96.3379,0.000000,0.000000,0.000000,0.004000,0.000000,0.000000,0.000000,0.00100000
10,603,0.355396,0.000113,94.5634,0.000000,0.000000,0.000000,0.003956,0.000000,0.000000,0.000000,0.00100000
10,604,0.368263,0.000117,97.6276,0.000000,0.000000,0.000000,0.005610,0.000000,0.000000,0.000000,0.00100000
10,605,0.362714,0.000115,94.7281,0.000000,0.000000,0.000000,0.003034,0.000000,0.000000,0.000000,0.00100000
10,606,0.375870,0.000119,96.5468,0.000000,0.000000,0.000000,0.004000,0.000000,0.000000,0.000000,0.00100000
10,607,0.385392,0.000122,94.9839,0.000000,0.000000,0.000000,0.005125,0.000000,0.000000,0.000000,0.00100000
10,608,0.376556,0.000120,95.9834,0.000000,0.000000,0.000000,0.003491,0.000000,0.000000,0.000000,0.00100000
10,609,0.352642,0.000112,98.1538,0.000000,0.000000,0.000000,0.004000,0.000000,0.000000,0.000000,0.00100000
10,610,0.476991,0.000151,98.1251,0.000000,0.000000,0.000000,0.005611,0.000000,0.000000,0.000000,0.00100000
10,611,0.298601,0.000094,89.6925,0.000000,0.000000,0.000000,0.006067,0.000000,0.000000,0.000000,0.00100000
10,612,0.379713,0.000119,91.5529,0.000000,0.000000,0.000000,0.010389,0.000000,0.000000,0.000000,0.00100000
10,613,0.293604,0.000093,84.5253,0.000000,0.000000,0.000000,0.005745,0.000000,0.000000,0.000000,0.00100000
10,614,0.267325,0.000084,83.0801,0.000000,0.000000,0.000000,0.008592,0.000000,0.000000,0.000000,0.00100000
10,615,0.266199,0.000084,84.4857,0.000000,0.000000,0.000000,0.005101,0.000000,0.000000,0.000000,0.00100000
10,616,0.245777,0.000078,78.1964,0.000000,0.000000,0.000000,0.003678,0.000000,0.000000,0.000000,0.00100000
10,617,0.316149,0.000100,97.5362,0.000000,0.000000,0.000000,0.003034,0.000000,0.000000,0.000000,0.00100000
10,618,0.457505,0.000143,98.0800,0.000000,0.000000,0.000000,0.016945,0.000000,0.000000,0.000000,0.00100000
10,619,0.246653,0.000077,91.3916,0.000000,0.000000,0.000000,0.011355,0.000000,0.000000,0.000000,0.00100000
10,620,0.340283,0.000108,93.8646,0.000000,0.000000,0.000000,0.005423,0.000000,0.000000,0.000000,0.00100000
10,621,0.345027,0.000109,81.3724,0.000000,0.000000,0.000000,0.009205,0.000000,0.000000,0.000000,0.00100000
10,622,0.276722,0.000087,89.8023,0.000000,0.000000,0.000000,0.006711,0.000000,0.000000,0.000000,0.00100000
10,623,0.451215,0.000143,105.0695,0.000000,0.000000,0.000000,0.003034,0.000000,0.000000,0.000000,0.00100000
10,624,0.424017,0.000134,99.2519,0.000000,0.000000,0.000000,0.006898,0.000000,0.000000,0.000000,0.00100000
10,625,0.372583,0.000118,101.7847,0.000000,0.000000,0.000000,0.005288,0.000000,0.000000,0.000000,0.00100000
10,626,0.474338,0.000149,105.4632,0.000000,0.000000,0.000000,0.011813,0.000000,0.000000,0.000000,0.00100000
10,627,0.450635,0.000143,103.9559,0.000000,0.000000,0.000000,0.006067,0.000000,0.000000,0.000000,0.00100000
10,628,0.368483,0.000116,91.5977,0.000000,0.000000,0.000000,0.009745,0.000000,0.000000,0.000000,0.00100000
10,629,0.365556,0.000116,89.2500,0.000000,0.000000,0.000000,0.004457,0.000000,0.000000,0.000000,0.00100000
10,630,0.359732,0.000113,100.4519,0.000000,0.000000,0.000000,0.008270,0.000000,0.000000,0.000000,0.00100000
10,631,0.416561,0.000130,94.0058,0.000000,0.000000,0.000000,0.016913,0.000000,0.000000,0.000000,0.00100000
10,632,0.378373,0.000118,97.2890,0.000000,0.000000,0.000000,0.015154,0.000000,0.000000,0.000000,0.00100000
10,633,0.250605,0.000079,75.5007,0.000000,0.000000,0.000000,0.008457,0.000000,0.000000,0.000000,0.00100000
10,634,0.316568,0.000100,99.0775,0.000000,0.000000,0.000000,0.003678,0.000000,0.000000,0.000000,0.00100000
10,635,0.398353,0.000125,96.0696,0.000000,0.000000,0.000000,0.009745,0.000000,0.000000,0.000000,0.00100000
10,636,0.474670,0.000149,101.3296,0.000000,0.000000,0.000000,0.012778,0.000000,0.000000,0.000000,0.00100000
10,637,0.352232,0.000110,92.9722,0.000000,0.000000,0.000000,0.013828,0.000000,0.000000,0.000000,0.00100000
10,638,0.380782,0.000119,101.9357,0.000000,0.000000,0.000000,0.012437,0.000000,0.000000,0.000000,0.00100000
10,639,0.355051,0.000111,107.0182,0.000000,0.000000,0.000000,0.015200,0.000000,0.000000,0.000000,0.00100000
10,640,0.376399,0.000117,97.9303,0.000000,0.000000,0.000000,0.020268,0.000000,0.000000,0.000000,0.00100000
10,641,0.490775,0.000155,100.5531,0.000000,0.000000,0.000000,0.009296,0.000000,0.000000,0.000000,0.00100000
10,642,0.485264,0.000152,107.3884,0.000000,0.000000,0.000000,0.018761,0.000000,0.000000,0.000000,0.00100000
10,643,0.303773,0.000096,94.9488,0.000000,0.000000,0.000000,0.007626,0.000000,0.000000,0.000000,0.00100000
10,644,0.310503,0.000098,99.9473,0.000000,0.000000,0.000000,0.007864,0.000000,0.000000,0.000000,0.00100000
10,645,0.226056,0.000071,75.5628,0.000000,0.000000,0.000000,0.006711,0.000000,0.000000,0.000000,0.00100000
10,646,0.302252,0.000095,82.5817,0.000000,0.000000,0.000000,0.007999,0.000000,0.000000,0.000000,0.00100000
10,647,0.330132,0.000105,95.7692,0.000000,0.000000,0.000000,0.003356,0.000000,0.000000,0.000000,0.00100000
10,648,0.368366,0.000116,97.9164,0.000000,0.000000,0.000000,0.008779,0.000000,0.000000,0.000000,0.00100000
10,649,0.278965,0.000088,89.5912,0.000000,0.000000,0.000000,0.005423,0.000000,0.000000,0.000000,0.00100000
10,650,0.249632,0.000079,87.5096,0.000000,0.000000,0.000000,0.006389,0.000000,0.000000,0.000000,0.00100000
10,651,0.223746,0.000071,84.1222,0.000000,0.000000,0.000000,0.004322,0.000000,0.000000,0.000000,0.00100000
10,652,0.252033,0.000080,99.7268,0.000000,0.000000,0.000000,0.002068,0.000000,0.000000,0.000000,0.00100000
10,653,0.229469,0.000073,97.8087,0.000000,0.000000,0.000000,0.003034,0.000000,0.000000,0.000000,0.00100000
10,654,0.288865,0.000091,77.7530,0.000000,0.000000,0.000000,0.005558,0.000000,0.000000,0.000000,0.00100000
10,655,0.274822,0.000087,88.7360,0.000000,0.000000,0.000000,0.003813,0.000000,0.000000,0.000000,0.00100000
10,656,0.258232,0.000082,88.8192,0.000000,0.000000,0.000000,0.002390,0.000000,0.000000,0.000000,0.00100000
10,657,0.337088,0.000106,91.5895,0.000000,0.000000,0.000000,0.007813,0.000000,0.000000,0.000000,0.00100000
10,658,0.608227,0.000192,107.3202,0.000000,0.000000,0.000000,0.009745,0.000000,0.000000,0.000000,0.00100000
10,659,0.497734,0.000156,92.1703,0.000000,0.000000,0.000000,0.018555,0.000000,0.000000,0.000000,0.00100000
10,660,0.753258,0.000237,105.6329,0.000000,0.000000,0.000000,0.018280,0.000000,0.000000,0.000000,0.00100000
10,661,0.685700,0.000215,90.3293,0.000000,0.000000,0.000000,0.023357,0.000000,0.000000,0.000000,0.00100000
10,662,0.706993,0.000222,106.5678,0.000000,0.000000,0.000000,0.020082,0.000000,0.000000,0.000000,0.00100000
10,663,0.784104,0.000248,109.5723,0.000000,0.000000,0.000000,0.013105,0.000000,0.000000,0.000000,0.00100000
10,664,0.748574,0.000236,109.3141,0.000000,0.000000,0.000000,0.019541,0.000000,0.000000,0.000000,0.00100000
10,665,0.472553,0.000147,93.9533,0.000000,0.000000,0.000000,0.021080,0.000000,0.000000,0.000000,0.00100000
10,666,0.521342,0.000163,97.2964,0.000000,0.000000,0.000000,0.020996,0.000000,0.000000,0.000000,0.00100000
10,667,0.778731,0.000247,108.7620,0.000000,0.000000,0.000000,0.007490,0.000000,0.000000,0.000000,0.00100000
10,668,0.595971,0.000186,95.3649,0.000000,0.000000,0.000000,0.024300,0.000000,0.000000,0.000000,0.00100000
10,669,0.571274,0.000180,99.5315,0.000000,0.000000,0.000000,0.014420,0.000000,0.000000,0.000000,0.00100000
10,670,0.656847,0.000206,102.0163,0.000000,0.000000,0.000000,0.019843,0.000000,0.000000,0.000000,0.00100000
10,671,0.491502,0.000155,96.5701,0.000000,0.000000,0.000000,0.009152,0.000000,0.000000,0.000000,0.00100000
10,672,0.474548,0.000150,79.7894,0.000000,0.000000,0.000000,0.011116,0.000000,0.000000,0.000000,0.00100000
10,673,0.333570,0.000103,105.5283,0.000000,0.000000,0.000000,0.020217,0.000000,0.000000,0.000000,0.00100000
10,674,0.301126,0.000096,92.9234,0.000000,0.000000,0.000000,0.002390,0.000000,0.000000,0.000000,0.00100000
10,675,0.404834,0.000128,96.7989,0.000000,0.000000,0.000000,0.008830,0.000000,0.000000,0.000000,0.00100000
10,676,0.275170,0.000087,87.0884,0.000000,0.000000,0.000000,0.004966,0.000000,0.000000,0.000000,0.00100000
10,677,0.319566,0.000101,96.6660,0.000000,0.000000,0.000000,0.003034,0.000000,0.000000,0.000000,0.00100000
10,678,0.215492,0.000068,79.4530,0.000000,0.000000,0.000000,0.004000,0.000000,0.000000,0.000000,0.00100000
10,679,0.289435,0.000092,94.4201,0.000000,0.000000,0.000000,0.002712,0.000000,0.000000,0.000000,0.00100000
10,680,0.314346,0.000100,100.2035,0.000000,0.000000,0.000000,0.003034,0.000000,0.000000,0.000000,0.00100000
10,681,0.252054,0.000080,88.7785,0.000000,0.000000,0.000000,0.001746,0.000000,0.000000,0.000000,0.00100000
10,682,0.346360,0.000110,103.8949,0.000000,0.000000,0.000000,0.003034,0.000000,0.000000,0.000000,0.00100000
10,683,0.255279,0.000081,86.8042,0.000000,0.000000,0.000000,0.004322,0.000000,0.000000,0.000000,0.00100000
10,684,0.255247,0.000081,86.6533,0.000000,0.000000,0.000000,0.002712,0.000000,0.000000,0.000000,0.00100000
10,685,0.320644,0.000102,103.3050,0.000000,0.000000,0.000000,0.002068,0.000000,0.000000,0.000000,0.00100000
10,686,0.303280,0.000096,106.7157,0.000000,0.000000,0.000000,0.003034,0.000000,0.000000,0.000000,0.00100000
10,687,0.260423,0.000083,96.7305,0.000000,0.000000,0.000000,0.001746,0.000000,0.000000,0.000000,0.00100000
10,688,0.412927,0.000131,100.9127,0.000000,0.000000,0.000000,0.004000,0.000000,0.000000,0.000000,0.00100000
10,689,0.341530,0.000108,88.6050,0.000000,0.000000,0.000000,0.003356,0.000000,0.000000,0.000000,0.00100000
10,690,0.249303,0.000079,99.0618,0.000000,0.000000,0.000000,0.002390,0.000000,0.000000,0.000000,0.00100000
10,691,0.271499,0.000086,92.9685,0.000000,0.000000,0.000000,0.002390,0.000000,0.000000,0.000000,0.00100000
10,692,0.374346,0.000119,105.2141,0.000000,0.000000,0.000000,0.002712,0.000000,0.000000,0.000000,0.00100000
10,693,0.263754,0.000084,84.5545,0.000000,0.000000,0.000000,0.003034,0.000000,0.000000,0.000000,0.00100000
10,694,0.349462,0.000111,107.1831,0.000000,0.000000,0.000000,0.003356,0.000000,0.000000,0.000000,0.00100000
10,695,0.238513,0.000076,94.7465,0.000000,0.000000,0.000000,0.001746,0.000000,0.000000,0.000000,0.00100000
10,696,0.452045,0.000144,107.5265,0.000000,0.000000,0.000000,0.003034,0.000000,0.000000,0.000000,0.00100000
10,697,0.254375,0.000081,102.2864,0.000000,0.000000,0.000000,0.001881,0.000000,0.000000,0.000000,0.00100000
10,698,0.244678,0.000078,99.5894,0.000000,0.000000,0.000000,0.002390,0.000000,0.000000,0.000000,0.00100000
10,699,0.296290,0.000094,100.8105,0.000000,0.000000,0.000000,0.001746,0.000000,0.000000,0.000000,0.00100000
10,700,0.224388,0.000071,87.6258,0.000000,0.000000,0.000000,0.002068,0.000000,0.000000,0.000000,0.00100000
10,701,0.324268,0.000103,106.6770,0.000000,0.000000,0.000000,0.003356,0.000000,0.000000,0.000000,0.00100000
10,702,0.207258,0.000066,79.9939,0.000000,0.000000,0.000000,0.003626,0.000000,0.000000,0.000000,0.00100000
10,703,0.260341,0.000083,97.6447,0.000000,0.000000,0.000000,0.002068,0.000000,0.000000,0.000000,0.00100000
10,704,0.351806,0.000111,96.4134,0.000000,0.000000,0.000000,0.005662,0.000000,0.000000,0.000000,0.00100000
10,705,0.264419,0.000084,103.7881,0.000000,0.000000,0.000000,0.004644,0.000000,0.000000,0.000000,0.00100000
10,706,0.225789,0.000072,97.6813,0.000000,0.000000,0.000000,0.003034,0.000000,0.000000,0.000000,0.00100000
10,707,0.328891,0.000104,104.0419,0.000000,0.000000,0.000000,0.004270,0.000000,0.000000,0.000000,0.00100000
10,708,0.231377,0.000073,103.9235,0.000000,0.000000,0.000000,0.002390,0.000000,0.000000,0.000000,0.00100000
10,709,0.253082,0.000080,100.6543,0.000000,0.000000,0.000000,0.002068,0.000000,0.000000,0.000000,0.00100000
10,710,0.243815,0.000077,99.4195,0.000000,0.000000,0.000000,0.003034,0.000000,0.000000,0.000000,0.00100000
10,711,0.277098,0.000088,99.4318,0.000000,0.000000,0.000000,0.004967,0.000000,0.000000,0.000000,0.00100000
10,712,0.272188,0.000086,102.1278,0.000000,0.000000,0.000000,0.002390,0.000000,0.000000,0.000000,0.00100000
10,713,0.268867,0.000085,103.3868,0.000000,0.000000,0.000000,0.002712,0.000000,0.000000,0.000000,0.00100000
10,714,0.264596,0.000084,99.0877,0.000000,0.000000,0.000000,0.002390,0.000000,0.000000,0.000000,0.00100000
10,715,0.269970,0.000086,97.2970,0.000000,0.000000,0.000000,0.003491,0.000000,0.000000,0.000000,0.00100000
10,716,0.317922,0.000101,103.8963,0.000000,0.000000,0.000000,0.003678,0.000000,0.000000,0.000000,0.00100000
10,717,0.280075,0.000089,103.5183,0.000000,0.000000,0.000000,0.001746,0.000000,0.000000,0.000000,0.00100000
10,718,0.246503,0.000078,88.7622,0.000000,0.000000,0.000000,0.002068,0.000000,0.000000,0.000000,0.00100000
10,719,0.261714,0.000083,104.1044,0.000000,0.000000,0.000000,0.003570,0.000000,0.000000,0.000000,0.00100000
11,1,0.423250,0.000134,94.3345,0.000000,0.000000,0.000000,0.007033,0.000000,0.000000,0.000000,0.00100000
11,2,0.355199,0.000113,93.6969,0.000000,0.000000,0.000000,0.002712,0.000000,0.000000,0.000000,0.00100000
11,3,0.371801,0.000118,95.0225,0.000000,0.000000,0.000000,0.003813,0.000000,0.000000,0.000000,0.00100000
11,4,0.358633,0.000114,96.5905,0.000000,0.000000,0.000000,0.003034,0.000000,0.000000,0.000000,0.00100000
11,5,0.367919,0.000116,97.1194,0.000000,0.000000,0.000000,0.005254,0.000000,0.000000,0.000000,0.00100000
11,6,0.346941,0.000110,95.8434,0.000000,0.000000,0.000000,0.003034,0.000000,0.000000,0.000000,0.00100000
11,7,0.341624,0.000108,95.5485,0.000000,0.000000,0.000000,0.006389,0.000000,0.000000,0.000000,0.00100000
11,8,0.377278,0.000120,89.9806,0.000000,0.000000,0.000000,0.003361,0.000000,0.000000,0.000000,0.00100000
11,9,0.353586,0.000112,99.2952,0.000000,0.000000,0.000000,0.005610,0.000000,0.000000,0.000000,0.00100000
11,10,0.328536,0.000104,92.3615,0.000000,0.000000,0.000000,0.002847,0.000000,0.000000,0.000000,0.00100000
11,11,0.339433,0.000108,96.5205,0.000000,0.000000,0.000000,0.004322,0.000000,0.000000,0.000000,0.00100000
11,12,0.319480,0.000101,90.4244,0.000000,0.000000,0.000000,0.003356,0.000000,0.000000,0.000000,0.00100000
11,13,0.360074,0.000114,95.4140,0.000000,0.000000,0.000000,0.003034,0.000000,0.000000,0.000000,0.00100000
11,14,0.330365,0.000105,98.9237,0.000000,0.000000,0.000000,0.003678,0.000000,0.000000,0.000000,0.00100000
11,15,0.360437,0.000114,95.2335,0.000000,0.000000,0.000000,0.003813,0.000000,0.000000,0.000000,0.00100000
11,16,0.411408,0.000130,96.5722,0.000000,0.000000,0.000000,0.005428,0.000000,0.000000,0.000000,0.00100000
11,17,0.399259,0.000126,101.6713,0.000000,0.000000,0.000000,0.005932,0.000000,0.000000,0.000000,0.00100000
11,18,0.431930,0.000137,94.9150,0.000000,0.000000,0.000000,0.006389,0.000000,0.000000,0.000000,0.00100000
11,19,0.397154,0.000126,95.8132,0.000000,0.000000,0.000000,0.005101,0.000000,0.000000,0.000000,0.00100000
11,20,0.353304,0.000112,95.8934,0.000000,0.000000,0.000000,0.003678,0.000000,0.000000,0.000000,0.00100000
11,21,0.402650,0.000128,95.9332,0.000000,0.000000,0.000000,0.002712,0.000000,0.000000,0.000000,0.00100000
11,22,0.390445,0.000124,96.9551,0.000000,0.000000,0.000000,0.004135,0.000000,0.000000,0.000000,0.00100000
11,23,0.374611,0.000119,96.9855,0.000000,0.000000,0.000000,0.002068,0.000000,0.000000,0.000000,0.00100000
11,24,0.410089,0.000130,97.4845,0.000000,0.000000,0.000000,0.004932,0.000000,0.000000,0.000000,0.00100000
11,25,0.381164,0.000121,97.6767,0.000000,0.000000,0.000000,0.003356,0.000000,0.000000,0.000000,0.00100000
11,26,0.343877,0.000109,98.6991,0.000000,0.000000,0.000000,0.005101,0.000000,0.000000,0.000000,0.00100000
11,27,0.382423,0.000121,99.4182,0.000000,0.000000,0.000000,0.004592,0.000000,0.000000,0.000000,0.00100000
11,28,0.401074,0.000127,99.1118,0.000000,0.000000,0.000000,0.003356,0.000000,0.000000,0.000000,0.00100000
11,29,0.357026,0.000113,97.3679,0.000000,0.000000,0.000000,0.007086,0.000000,0.000000,0.000000,0.00100000
11,30,0.368973,0.000117,97.9207,0.000000,0.000000,0.000000,0.004322,0.000000,0.000000,0.000000,0.00100000
11,31,0.346281,0.000109,92.6936,0.000000,0.000000,0.000000,0.009745,0.000000,0.000000,0.000000,0.00100000
11,32,0.379150,0.000120,96.5481,0.000000,0.000000,0.000000,0.008592,0.000000,0.000000,0.000000,0.00100000
11,33,0.358039,0.000113,99.5595,0.000000,0.000000,0.000000,0.004489,0.000000,0.000000,0.000000,0.00100000
11,34,0.333300,0.000105,97.5712,0.000000,0.000000,0.000000,0.006067,0.000000,0.000000,0.000000,0.00100000
11,35,0.299561,0.000094,95.5427,0.000000,0.000000,0.000000,0.008321,0.000000,0.000000,0.000000,0.00100000
11,36,0.289146,0.000092,93.6479,0.000000,0.000000,0.000000,0.001746,0.000000,0.000000,0.000000,0.00100000
11,37,0.282169,0.000089,94.1160,0.000000,0.000000,0.000000,0.005880,0.000000,0.000000,0.000000,0.00100000
11,38,0.323819,0.000103,95.8094,0.000000,0.000000,0.000000,0.004322,0.000000,0.000000,0.000000,0.00100000
11,39,0.314755,0.000100,94.7597,0.000000,0.000000,0.000000,0.003034,0.000000,0.000000,0.000000,0.00100000
11,40,0.304120,0.000097,95.2253,0.000000,0.000000,0.000000,0.002712,0.000000,0.000000,0.000000,0.00100000
11,41,0.336993,0.000107,97.9375,0.000000,0.000000,0.000000,0.005288,0.000000,0.000000,0.000000,0.00100000
11,42,0.306044,0.000097,94.5299,0.000000,0.000000,0.000000,0.004135,0.000000,0.000000,0.000000,0.00100000
11,43,0.295536,0.000094,92.7317,0.000000,0.000000,0.000000,0.002982,0.000000,0.000000,0.000000,0.00100000
11,44,0.304508,0.000096,91.8052,0.000000,0.000000,0.000000,0.004322,0.000000,0.000000,0.000000,0.00100000
11,45,0.257802,0.000082,91.1860,0.000000,0.000000,0.000000,0.003034,0.000000,0.000000,0.000000,0.00100000
11,46,0.313111,0.000099,92.1250,0.000000,0.000000,0.000000,0.004779,0.000000,0.000000,0.000000,0.00100000
11,47,0.318143,0.000100,95.4134,0.000000,0.000000,0.000000,0.009803,0.000000,0.000000,0.000000,0.00100000
11,48,0.382376,0.000118,89.5684,0.000000,0.000000,0.000000,0.025079,0.000000,0.000000,0.000000,0.00100000
11,49,0.280245,0.000084,94.0975,0.000000,0.000000,0.000000,0.034907,0.000000,0.000000,0.000000,0.00100000
11,50,0.312050,0.000097,86.0469,0.000000,0.000000,0.000000,0.016997,0.000000,0.000000,0.000000,0.00100000
11,51,0.354939,0.000103,96.5394,0.000000,0.000000,0.000000,0.065685,0.000000,0.000000,0.000000,0.00100000
11,52,0.267930,0.000084,90.5096,0.000000,0.000000,0.000000,0.009745,0.000000,0.000000,0.000000,0.00100000
11,53,0.344715,0.000103,90.5244,0.000000,0.000000,0.000000,0.040942,0.000000,0.000000,0.000000,0.00100000
11,54,0.306440,0.000097,91.7927,0.000000,0.000000,0.000000,0.006067,0.000000,0.000000,0.000000,0.00100000
11,55,0.374580,0.000116,92.8050,0.000000,0.000000,0.000000,0.019386,0.000000,0.000000,0.000000,0.00100000
11,56,0.374237,0.000119,95.4464,0.000000,0.000000,0.000000,0.004966,0.000000,0.000000,0.000000,0.00100000
11,57,0.369970,0.000117,99.6561,0.000000,0.000000,0.000000,0.007490,0.000000,0.000000,0.000000,0.00100000
11,58,0.297614,0.000094,94.2994,0.000000,0.000000,0.000000,0.004966,0.000000,0.000000,0.000000,0.00100000
11,59,0.335626,0.000106,95.5569,0.000000,0.000000,0.000000,0.005236,0.000000,0.000000,0.000000,0.00100000
11,60,0.311521,0.000099,99.0952,0.000000,0.000000,0.000000,0.003813,0.000000,0.000000,0.000000,0.00100000
11,61,0.558105,0.000176,99.7798,0.000000,0.000000,0.000000,0.014140,0.000000,0.000000,0.000000,0.00100000
11,62,0.373140,0.000118,104.2787,0.000000,0.000000,0.000000,0.005667,0.000000,0.000000,0.000000,0.00100000
11,63,0.397836,0.000125,96.3078,0.000000,0.000000,0.000000,0.012488,0.000000,0.000000,0.000000,0.00100000
11,64,0.356243,0.000113,92.7384,0.000000,0.000000,0.000000,0.004966,0.000000,0.000000,0.000000,0.00100000
11,65,0.372033,0.000118,97.3140,0.000000,0.000000,0.000000,0.004914,0.000000,0.000000,0.000000,0.00100000
11,66,0.338402,0.000107,94.5748,0.000000,0.000000,0.000000,0.005288,0.000000,0.000000,0.000000,0.00100000
11,67,0.364281,0.000116,94.9493,0.000000,0.000000,0.000000,0.002712,0.000000,0.000000,0.000000,0.00100000
11,68,0.356277,0.000113,92.0977,0.000000,0.000000,0.000000,0.003034,0.000000,0.000000,0.000000,0.00100000
11,69,0.312736,0.000099,92.3698,0.000000,0.000000,0.000000,0.002847,0.000000,0.000000,0.000000,0.00100000
11,70,0.302421,0.000096,94.5236,0.000000,0.000000,0.000000,0.003356,0.000000,0.000000,0.000000,0.00100000
11,71,0.342379,0.000109,96.9385,0.000000,0.000000,0.000000,0.003356,0.000000,0.000000,0.000000,0.00100000
11,72,0.352741,0.000112,96.2420,0.000000,0.000000,0.000000,0.002847,0.000000,0.000000,0.000000,0.00100000
11,73,0.341720,0.000109,94.0651,0.000000,0.000000,0.000000,0.002390,0.000000,0.000000,0.000000,0.00100000
11,74,0.333923,0.000106,92.9008,0.000000,0.000000,0.000000,0.002068,0.000000,0.000000,0.000000,0.00100000
11,75,0.323328,0.000103,96.8706,0.000000,0.000000,0.000000,0.002712,0.000000,0.000000,0.000000,0.00100000
11,76,0.324183,0.000103,94.9825,0.000000,0.000000,0.000000,0.003034,0.000000,0.000000,0.000000,0.00100000
11,77,0.303659,0.000097,94.9012,0.000000,0.000000,0.000000,0.002068,0.000000,0.000000,0.000000,0.00100000
11,78,0.311711,0.000099,94.8350,0.000000,0.000000,0.000000,0.004135,0.000000,0.000000,0.000000,0.00100000
11,79,0.398491,0.000126,95.8188,0.000000,0.000000,0.000000,0.005932,0.000000,0.000000,0.000000,0.00100000
11,80,0.357697,0.000114,102.9828,0.000000,0.000000,0.000000,0.003034,0.000000,0.000000,0.000000,0.00100000
11,81,0.268735,0.000085,97.0845,0.000000,0.000000,0.000000,0.002068,0.000000,0.000000,0.000000,0.00100000
11,82,0.295148,0.000094,95.4556,0.000000,0.000000,0.000000,0.003034,0.000000,0.000000,0.000000,0.00100000
11,83,0.318647,0.000101,87.8271,0.000000,0.000000,0.000000,0.002068,0.000000,0.000000,0.000000,0.00100000
11,84,0.351624,0.000112,104.1300,0.000000,0.000000,0.000000,0.002390,0.000000,0.000000,0.000000,0.00100000
11,85,0.296845,0.000094,97.8957,0.000000,0.000000,0.000000,0.002712,0.000000,0.000000,0.000000,0.00100000
11,86,0.415796,0.000132,101.1902,0.000000,0.000000,0.000000,0.004135,0.000000,0.000000,0.000000,0.00100000
11,87,0.438332,0.000139,102.5225,0.000000,0.000000,0.000000,0.006067,0.000000,0.000000,0.000000,0.00100000
11,88,0.345506,0.000110,106.9274,0.000000,0.000000,0.000000,0.001746,0.000000,0.000000,0.000000,0.00100000
11,89,0.474501,0.000151,108.7636,0.000000,0.000000,0.000000,0.003491,0.000000,0.000000,0.000000,0.00100000
11,90,0.282147,0.000089,87.8655,0.000000,0.000000,0.000000,0.005423,0.000000,0.000000,0.000000,0.00100000
11,91,0.251395,0.000080,80.4359,0.000000,0.000000,0.000000,0.002390,0.000000,0.000000,0.000000,0.00100000
11,92,0.230769,0.000073,71.5010,0.000000,0.000000,0.000000,0.002068,0.000000,0.000000,0.000000,0.00100000
11,93,0.300110,0.000094,91.3462,0.000000,0.000000,0.000000,0.009828,0.000000,0.000000,0.000000,0.00100000
11,94,0.395323,0.000124,99.4555,0.000000,0.000000,0.000000,0.014474,0.000000,0.000000,0.000000,0.00100000
11,95,0.348091,0.000109,91.9914,0.000000,0.000000,0.000000,0.009423,0.000000,0.000000,0.000000,0.00100000
11,96,0.360344,0.000114,95.5204,0.000000,0.000000,0.000000,0.007809,0.000000,0.000000,0.000000,0.00100000
11,97,0.343633,0.000109,94.0096,0.000000,0.000000,0.000000,0.003356,0.000000,0.000000,0.000000,0.00100000
11,98,0.344448,0.000109,93.3619,0.000000,0.000000,0.000000,0.002712,0.000000,0.000000,0.000000,0.00100000
11,99,0.366521,0.000116,93.5323,0.000000,0.000000,0.000000,0.004914,0.000000,0.000000,0.000000,0.00100000
11,100,0.316548,0.000101,91.9524,0.000000,0.000000,0.000000,0.001746,0.000000,0.000000,0.000000,0.00100000
11,101,0.372853,0.000118,94.3976,0.000000,0.000000,0.000000,0.003356,0.000000,0.000000,0.000000,0.00100000
11,102,0.349950,0.000111,93.8651,0.000000,0.000000,0.000000,0.004135,0.000000,0.000000,0.000000,0.00100000
11,103,0.385423,0.000122,91.9951,0.000000,0.000000,0.000000,0.002712,0.000000,0.000000,0.000000,0.00100000
11,104,0.351331,0.000112,94.7620,0.000000,0.000000,0.000000,0.002068,0.000000,0.000000,0.000000,0.00100000
11,105,0.344453,0.000110,93.7101,0.000000,0.000000,0.000000,0.002068,0.000000,0.000000,0.000000,0.00100000
11,106,0.338377,0.000108,94.9578,0.000000,0.000000,0.000000,0.002068,0.000000,0.000000,0.000000,0.00100000
11,107,0.348921,0.000111,90.8892,0.000000,0.000000,0.000000,0.002777,0.000000,0.000000,0.000000,0.00100000
11,108,0.310503,0.000098,93.8325,0.000000,0.000000,0.000000,0.003678,0.000000,0.000000,0.000000,0.00100000
11,109,0.341524,0.000108,96.4679,0.000000,0.000000,0.000000,0.003678,0.000000,0.000000,0.000000,0.00100000
11,110,0.357031,0.000112,91.0989,0.000000,0.000000,0.000000,0.010189,0.000000,0.000000,0.000000,0.00100000
11,111,0.328333,0.000104,89.1580,0.000000,0.000000,0.000000,0.005101,0.000000,0.000000,0.000000,0.00100000
11,112,0.289827,0.000091,85.4773,0.000000,0.000000,0.000000,0.011438,0.000000,0.000000,0.000000,0.00100000
11,113,0.271815,0.000086,86.9255,0.000000,0.000000,0.000000,0.004405,0.000000,0.000000,0.000000,0.00100000
11,114,0.381877,0.000121,94.0262,0.000000,0.000000,0.000000,0.005880,0.000000,0.000000,0.000000,0.00100000
11,115,0.404042,0.000128,101.7078,0.000000,0.000000,0.000000,0.003491,0.000000,0.000000,0.000000,0.00100000
11,116,0.503681,0.000160,106.5670,0.000000,0.000000,0.000000,0.006254,0.000000,0.000000,0.000000,0.00100000
11,117,0.259167,0.000082,76.7588,0.000000,0.000000,0.000000,0.004000,0.000000,0.000000,0.000000,0.00100000
11,118,0.326348,0.000103,86.8924,0.000000,0.000000,0.000000,0.005610,0.000000,0.000000,0.000000,0.00100000
11,119,0.259519,0.000081,83.3150,0.000000,0.000000,0.000000,0.009423,0.000000,0.000000,0.000000,0.00100000
11,120,0.366995,0.000117,103.4324,0.000000,0.000000,0.000000,0.002390,0.000000,0.000000,0.000000,0.00100000
11,121,0.346886,0.000107,101.4592,0.000000,0.000000,0.000000,0.021269,0.000000,0.000000,0.000000,0.00100000
11,122,0.357539,0.000112,106.0863,0.000000,0.000000,0.000000,0.009662,0.000000,0.000000,0.000000,0.00100000
11,123,0.435704,0.000137,105.9701,0.000000,0.000000,0.000000,0.013777,0.000000,0.000000,0.000000,0.00100000
11,124,0.417979,0.000131,105.9764,0.000000,0.000000,0.000000,0.011303,0.000000,0.000000,0.000000,0.00100000
11,125,0.325940,0.000103,89.4500,0.000000,0.000000,0.000000,0.005288,0.000000,0.000000,0.000000,0.00100000
11,126,0.373012,0.000116,100.7988,0.000000,0.000000,0.000000,0.015676,0.000000,0.000000,0.000000,0.00100000
11,127,0.370497,0.000116,101.8273,0.000000,0.000000,0.000000,0.012778,0.000000,0.000000,0.000000,0.00100000
11,128,0.304175,0.000096,95.3273,0.000000,0.000000,0.000000,0.004000,0.000000,0.000000,0.000000,0.00100000
11,129,0.373746,0.000118,106.0759,0.000000,0.000000,0.000000,0.006711,0.000000,0.000000,0.000000,0.00100000
11,130,0.260841,0.000083,85.7768,0.000000,0.000000,0.000000,0.002390,0.000000,0.000000,0.000000,0.00100000
11,131,0.246639,0.000078,92.1707,0.000000,0.000000,0.000000,0.004000,0.000000,0.000000,0.000000,0.00100000
11,132,0.244725,0.000077,97.8465,0.000000,0.000000,0.000000,0.003678,0.000000,0.000000,0.000000,0.00100000
11,133,0.339644,0.000107,107.3041,0.000000,0.000000,0.000000,0.005558,0.000000,0.000000,0.000000,0.00100000
11,134,0.229589,0.000073,85.7111,0.000000,0.000000,0.000000,0.002712,0.000000,0.000000,0.000000,0.00100000
11,135,0.324679,0.000102,89.5380,0.000000,0.000000,0.000000,0.008965,0.000000,0.000000,0.000000,0.00100000
11,136,0.300114,0.000095,100.7756,0.000000,0.000000,0.000000,0.003034,0.000000,0.000000,0.000000,0.00100000
11,137,0.251465,0.000080,79.9604,0.000000,0.000000,0.000000,0.002390,0.000000,0.000000,0.000000,0.00100000
11,138,0.397714,0.000125,100.9918,0.000000,0.000000,0.000000,0.013216,0.000000,0.000000,0.000000,0.00100000
11,139,0.352917,0.000110,105.0329,0.000000,0.000000,0.000000,0.018078,0.000000,0.000000,0.000000,0.00100000
11,140,0.314068,0.000099,103.0333,0.000000,0.000000,0.000000,0.004644,0.000000,0.000000,0.000000,0.00100000
11,141,0.488436,0.000153,105.9889,0.000000,0.000000,0.000000,0.019521,0.000000,0.000000,0.000000,0.00100000
11,142,0.591971,0.000187,107.4208,0.000000,0.000000,0.000000,0.012405,0.000000,0.000000,0.000000,0.00100000
11,143,0.362506,0.000113,90.7461,0.000000,0.000000,0.000000,0.013287,0.000000,0.000000,0.000000,0.00100000
11,144,0.379306,0.000120,92.5475,0.000000,0.000000,0.000000,0.004457,0.000000,0.000000,0.000000,0.00100000
11,145,0.416514,0.000131,96.4092,0.000000,0.000000,0.000000,0.008643,0.000000,0.000000,0.000000,0.00100000
11,146,0.475821,0.000149,96.8392,0.000000,0.000000,0.000000,0.014150,0.000000,0.000000,0.000000,0.00100000
11,147,0.486715,0.000154,102.7756,0.000000,0.000000,0.000000,0.004457,0.000000,0.000000,0.000000,0.00100000
11,148,0.621654,0.000197,107.9352,0.000000,0.000000,0.000000,0.007355,0.000000,0.000000,0.000000,0.00100000
11,149,0.294485,0.000092,81.6139,0.000000,0.000000,0.000000,0.011625,0.000000,0.000000,0.000000,0.00100000
11,150,0.440047,0.000140,101.7184,0.000000,0.000000,0.000000,0.003678,0.000000,0.000000,0.000000,0.00100000
11,151,0.449236,0.000143,108.8281,0.000000,0.000000,0.000000,0.004135,0.000000,0.000000,0.000000,0.00100000
11,152,0.371882,0.000117,101.0930,0.000000,0.000000,0.000000,0.008186,0.000000,0.000000,0.000000,0.00100000
11,153,0.563533,0.000179,103.0800,0.000000,0.000000,0.000000,0.005101,0.000000,0.000000,0.000000,0.00100000
11,154,0.358013,0.000113,94.8827,0.000000,0.000000,0.000000,0.004644,0.000000,0.000000,0.000000,0.00100000
11,155,0.356895,0.000113,99.6704,0.000000,0.000000,0.000000,0.004322,0.000000,0.000000,0.000000,0.00100000
11,156,0.360696,0.000114,104.0331,0.000000,0.000000,0.000000,0.004135,0.000000,0.000000,0.000000,0.00100000
11,157,0.507161,0.000159,93.7593,0.000000,0.000000,0.000000,0.016466,0.000000,0.000000,0.000000,0.00100000
11,158,0.397214,0.000123,83.4372,0.000000,0.000000,0.000000,0.025175,0.000000,0.000000,0.000000,0.00100000
11,159,0.421811,0.000134,94.6429,0.000000,0.000000,0.000000,0.006254,0.000000,0.000000,0.000000,0.00100000
11,160,0.361898,0.000113,93.4623,0.000000,0.000000,0.000000,0.018098,0.000000,0.000000,0.000000,0.00100000
11,161,0.418552,0.000133,109.9358,0.000000,0.000000,0.000000,0.005101,0.000000,0.000000,0.000000,0.00100000
11,162,0.364111,0.000115,102.2126,0.000000,0.000000,0.000000,0.003948,0.000000,0.000000,0.000000,0.00100000
11,163,0.347680,0.000110,101.4477,0.000000,0.000000,0.000000,0.007490,0.000000,0.000000,0.000000,0.00100000
11,164,0.537949,0.000171,102.2404,0.000000,0.000000,0.000000,0.005423,0.000000,0.000000,0.000000,0.00100000
11,165,0.303532,0.000096,88.0272,0.000000,0.000000,0.000000,0.003356,0.000000,0.000000,0.000000,0.00100000
11,166,0.411854,0.000131,96.4665,0.000000,0.000000,0.000000,0.003034,0.000000,0.000000,0.000000,0.00100000
11,167,0.344371,0.000109,101.7621,0.000000,0.000000,0.000000,0.004135,0.000000,0.000000,0.000000,0.00100000
11,168,0.372582,0.000118,99.9163,0.000000,0.000000,0.000000,0.004135,0.000000,0.000000,0.000000,0.00100000
11,169,0.293294,0.000093,88.7144,0.000000,0.000000,0.000000,0.003356,0.000000,0.000000,0.000000,0.00100000
11,170,0.298053,0.000095,103.9753,0.000000,0.000000,0.000000,0.002068,0.000000,0.000000,0.000000,0.00100000
11,171,0.243036,0.000077,79.5436,0.000000,0.000000,0.000000,0.003169,0.000000,0.000000,0.000000,0.00100000
11,172,0.337233,0.000107,101.7669,0.000000,0.000000,0.000000,0.003678,0.000000,0.000000,0.000000,0.00100000
11,173,0.414768,0.000132,98.4120,0.000000,0.000000,0.000000,0.002390,0.000000,0.000000,0.000000,0.00100000
11,174,0.264424,0.000084,80.6279,0.000000,0.000000,0.000000,0.004135,0.000000,0.000000,0.000000,0.00100000
11,175,0.328546,0.000104,87.2888,0.000000,0.000000,0.000000,0.002390,0.000000,0.000000,0.000000,0.00100000
11,176,0.434236,0.000138,107.6003,0.000000,0.000000,0.000000,0.002390,0.000000,0.000000,0.000000,0.00100000
11,177,0.277180,0.000088,94.0319,0.000000,0.000000,0.000000,0.002390,0.000000,0.000000,0.000000,0.00100000
11,178,0.220760,0.000070,83.3112,0.000000,0.000000,0.000000,0.001746,0.000000,0.000000,0.000000,0.00100000
11,179,0.191776,0.000061,99.0219,0.000000,0.000000,0.000000,0.001424,0.000000,0.000000,0.000000,0.00100000
11,180,0.231132,0.000073,91.1720,0.000000,0.000000,0.000000,0.001424,0.000000,0.000000,0.000000,0.00100000
11,181,0.268535,0.000085,97.7812,0.000000,0.000000,0.000000,0.002203,0.000000,0.000000,0.000000,0.00100000
11,182,0.422219,0.000134,95.0053,0.000000,0.000000,0.000000,0.002390,0.000000,0.000000,0.000000,0.00100000
11,183,0.231482,0.000073,88.7476,0.000000,0.000000,0.000000,0.002390,0.000000,0.000000,0.000000,0.00100000
11,184,0.234868,0.000075,96.0171,0.000000,0.000000,0.000000,0.001424,0.000000,0.000000,0.000000,0.00100000
11,185,0.259256,0.000082,76.7467,0.000000,0.000000,0.000000,0.001746,0.000000,0.000000,0.000000,0.00100000
11,186,0.341308,0.000109,96.9888,0.000000,0.000000,0.000000,0.001746,0.000000,0.000000,0.000000,0.00100000
11,187,0.269262,0.000085,105.0759,0.000000,0.000000,0.000000,0.003034,0.000000,0.000000,0.000000,0.00100000
11,188,0.362993,0.000115,95.6199,0.000000,0.000000,0.000000,0.003034,0.000000,0.000000,0.000000,0.00100000
11,189,0.340825,0.000107,91.2927,0.000000,0.000000,0.000000,0.007864,0.000000,0.000000,0.000000,0.00100000
11,190,0.396465,0.000126,100.5272,0.000000,0.000000,0.000000,0.003678,0.000000,0.000000,0.000000,0.00100000
11,191,0.265368,0.000084,90.9988,0.000000,0.000000,0.000000,0.004779,0.000000,0.000000,0.000000,0.00100000
11,192,0.219328,0.000069,85.9139,0.000000,0.000000,0.000000,0.004322,0.000000,0.000000,0.000000,0.00100000
11,193,0.323423,0.000103,96.1419,0.000000,0.000000,0.000000,0.003356,0.000000,0.000000,0.000000,0.00100000
11,194,0.292069,0.000092,94.1441,0.000000,0.000000,0.000000,0.004135,0.000000,0.000000,0.000000,0.00100000
11,195,0.304625,0.000097,98.0182,0.000000,0.000000,0.000000,0.003034,0.000000,0.000000,0.000000,0.00100000
11,196,0.271009,0.000086,88.1306,0.000000,0.000000,0.000000,0.003626,0.000000,0.000000,0.000000,0.00100000
11,197,0.384607,0.000122,110.2166,0.000000,0.000000,0.000000,0.004270,0.000000,0.000000,0.000000,0.00100000
11,198,0.255978,0.000081,86.0286,0.000000,0.000000,0.000000,0.001746,0.000000,0.000000,0.000000,0.00100000
11,199,0.267421,0.000085,95.0456,0.000000,0.000000,0.000000,0.003034,0.000000,0.000000,0.000000,0.00100000
11,200,0.203908,0.000065,93.8846,0.000000,0.000000,0.000000,0.002068,0.000000,0.000000,0.000000,0.00100000
11,201,0.288068,0.000091,99.8085,0.000000,0.000000,0.000000,0.003034,0.000000,0.000000,0.000000,0.00100000
11,202,0.242330,0.000077,89.0419,0.000000,0.000000,0.000000,0.002390,0.000000,0.000000,0.000000,0.00100000
11,203,0.304533,0.000096,89.6146,0.000000,0.000000,0.000000,0.005610,0.000000,0.000000,0.000000,0.00100000
11,204,0.282629,0.000086,79.1883,0.000000,0.000000,0.000000,0.026097,0.000000,0.000000,0.000000,0.00100000
11,205,0.329536,0.000105,108.0669,0.000000,0.000000,0.000000,0.003356,0.000000,0.000000,0.000000,0.00100000
11,206,0.303302,0.000094,104.6775,0.000000,0.000000,0.000000,0.019856,0.000000,0.000000,0.000000,0.00100000
11,207,0.286353,0.000089,93.2384,0.000000,0.000000,0.000000,0.016790,0.000000,0.000000,0.000000,0.00100000
11,208,0.441378,0.000135,102.5730,0.000000,0.000000,0.000000,0.037445,0.000000,0.000000,0.000000,0.00100000
11,209,0.238865,0.000075,94.2684,0.000000,0.000000,0.000000,0.008083,0.000000,0.000000,0.000000,0.00100000
11,210,0.246301,0.000077,95.4887,0.000000,0.000000,0.000000,0.011728,0.000000,0.000000,0.000000,0.00100000
11,211,0.305117,0.000093,93.9482,0.000000,0.000000,0.000000,0.024023,0.000000,0.000000,0.000000,0.00100000
11,212,0.226652,0.000071,78.5608,0.000000,0.000000,0.000000,0.006389,0.000000,0.000000,0.000000,0.00100000
11,213,0.220263,0.000069,88.0209,0.000000,0.000000,0.000000,0.007490,0.000000,0.000000,0.000000,0.00100000
11,214,0.199516,0.000061,87.6044,0.000000,0.000000,0.000000,0.016977,0.000000,0.000000,0.000000,0.00100000
11,215,0.332315,0.000105,95.7851,0.000000,0.000000,0.000000,0.007033,0.000000,0.000000,0.000000,0.00100000
11,216,0.336194,0.000107,107.1240,0.000000,0.000000,0.000000,0.004135,0.000000,0.000000,0.000000,0.00100000
11,217,0.381629,0.000121,107.3616,0.000000,0.000000,0.000000,0.003813,0.000000,0.000000,0.000000,0.00100000
11,218,0.247909,0.000078,93.6968,0.000000,0.000000,0.000000,0.004966,0.000000,0.000000,0.000000,0.00100000
11,219,0.390798,0.000123,106.8444,0.000000,0.000000,0.000000,0.009101,0.000000,0.000000,0.000000,0.00100000
11,220,0.327008,0.000104,100.6007,0.000000,0.000000,0.000000,0.004000,0.000000,0.000000,0.000000,0.00100000
11,221,0.295516,0.000094,88.0188,0.000000,0.000000,0.000000,0.003356,0.000000,0.000000,0.000000,0.00100000
11,222,0.269195,0.000085,83.9615,0.000000,0.000000,0.000000,0.004000,0.000000,0.000000,0.000000,0.00100000
11,223,0.340696,0.000108,98.7247,0.000000,0.000000,0.000000,0.003678,0.000000,0.000000,0.000000,0.00100000
11,224,0.276489,0.000088,102.1637,0.000000,0.000000,0.000000,0.002525,0.000000,0.000000,0.000000,0.00100000
11,225,0.293136,0.000093,92.7623,0.000000,0.000000,0.000000,0.003169,0.000000,0.000000,0.000000,0.00100000
11,226,0.428132,0.000135,104.5600,0.000000,0.000000,0.000000,0.006716,0.000000,0.000000,0.000000,0.00100000
11,227,0.386736,0.000122,110.1684,0.000000,0.000000,0.000000,0.006338,0.000000,0.000000,0.000000,0.00100000
11,228,0.287219,0.000091,98.6031,0.000000,0.000000,0.000000,0.002712,0.000000,0.000000,0.000000,0.00100000
11,229,0.392421,0.000125,105.5234,0.000000,0.000000,0.000000,0.003948,0.000000,0.000000,0.000000,0.00100000
11,230,0.279462,0.000088,89.5582,0.000000,0.000000,0.000000,0.004135,0.000000,0.000000,0.000000,0.00100000
11,231,0.265153,0.000084,92.3242,0.000000,0.000000,0.000000,0.004645,0.000000,0.000000,0.000000,0.00100000
11,232,0.295483,0.000093,86.5671,0.000000,0.000000,0.000000,0.005236,0.000000,0.000000,0.000000,0.00100000
11,233,0.237098,0.000075,77.4980,0.000000,0.000000,0.000000,0.003813,0.000000,0.000000,0.000000,0.00100000
11,234,0.266176,0.000085,87.5334,0.000000,0.000000,0.000000,0.002068,0.000000,0.000000,0.000000,0.00100000
11,235,0.354246,0.000112,80.4505,0.000000,0.000000,0.000000,0.003034,0.000000,0.000000,0.000000,0.00100000
11,236,0.305626,0.000097,88.7125,0.000000,0.000000,0.000000,0.003678,0.000000,0.000000,0.000000,0.00100000
11,237,0.483754,0.000154,103.7442,0.000000,0.000000,0.000000,0.004592,0.000000,0.000000,0.000000,0.00100000
11,238,0.324325,0.000103,98.9562,0.000000,0.000000,0.000000,0.004135,0.000000,0.000000,0.000000,0.00100000
11,239,0.325243,0.000103,99.0985,0.000000,0.000000,0.000000,0.004135,0.000000,0.000000,0.000000,0.00100000
11,240,0.224382,0.000071,81.6043,0.000000,0.000000,0.000000,0.002068,0.000000,0.000000,0.000000,0.00100000
11,241,0.481213,0.000153,95.9151,0.000000,0.000000,0.000000,0.004644,0.000000,0.000000,0.000000,0.00100000
11,242,0.492386,0.000156,110.4497,0.000000,0.000000,0.000000,0.003491,0.000000,0.000000,0.000000,0.00100000
11,243,0.445396,0.000141,101.9189,0.000000,0.000000,0.000000,0.003356,0.000000,0.000000,0.000000,0.00100000
11,244,0.362427,0.000115,100.7212,0.000000,0.000000,0.000000,0.002390,0.000000,0.000000,0.000000,0.00100000
11,245,0.316191,0.000100,89.3288,0.000000,0.000000,0.000000,0.002712,0.000000,0.000000,0.000000,0.00100000
11,246,0.344296,0.000110,103.9726,0.000000,0.000000,0.000000,0.001746,0.000000,0.000000,0.000000,0.00100000
11,247,0.363901,0.000116,100.8300,0.000000,0.000000,0.000000,0.002390,0.000000,0.000000,0.000000,0.00100000
11,248,0.414311,0.000132,101.8573,0.000000,0.000000,0.000000,0.002390,0.000000,0.000000,0.000000,0.00100000
11,249,0.323438,0.000102,94.2528,0.000000,0.000000,0.000000,0.005745,0.000000,0.000000,0.000000,0.00100000
11,250,0.267179,0.000085,88.0330,0.000000,0.000000,0.000000,0.003356,0.000000,0.000000,0.000000,0.00100000
11,251,0.252166,0.000080,88.7149,0.000000,0.000000,0.000000,0.005423,0.000000,0.000000,0.000000,0.00100000
11,252,0.275222,0.000087,104.4421,0.000000,0.000000,0.000000,0.002390,0.000000,0.000000,0.000000,0.00100000
11,253,0.308382,0.000098,104.4437,0.000000,0.000000,0.000000,0.004000,0.000000,0.000000,0.000000,0.00100000
11,254,0.293304,0.000093,98.9620,0.000000,0.000000,0.000000,0.005288,0.000000,0.000000,0.000000,0.00100000
11,255,0.234296,0.000074,99.5751,0.000000,0.000000,0.000000,0.003034,0.000000,0.000000,0.000000,0.00100000
11,256,0.330459,0.000104,99.2484,0.000000,0.000000,0.000000,0.007896,0.000000,0.000000,0.000000,0.00100000
11,257,0.318968,0.000101,102.3318,0.000000,0.000000,0.000000,0.002390,0.000000,0.000000,0.000000,0.00100000
11,258,0.193734,0.000060,87.6440,0.000000,0.000000,0.000000,0.008592,0.000000,0.000000,0.000000,0.00100000
11,259,0.261721,0.000083,98.6870,0.000000,0.000000,0.000000,0.002390,0.000000,0.000000,0.000000,0.00100000
11,260,0.322967,0.000102,102.2323,0.000000,0.000000,0.000000,0.003678,0.000000,0.000000,0.000000,0.00100000
11,261,0.277640,0.000088,88.4454,0.000000,0.000000,0.000000,0.004644,0.000000,0.000000,0.000000,0.00100000
11,262,0.223464,0.000070,93.3755,0.000000,0.000000,0.000000,0.005880,0.000000,0.000000,0.000000,0.00100000
11,263,0.241951,0.000075,83.7154,0.000000,0.000000,0.000000,0.014794,0.000000,0.000000,0.000000,0.00100000
11,264,0.242171,0.000076,90.5698,0.000000,0.000000,0.000000,0.007490,0.000000,0.000000,0.000000,0.00100000
11,265,0.311539,0.000098,88.2793,0.000000,0.000000,0.000000,0.011033,0.000000,0.000000,0.000000,0.00100000
11,266,0.334640,0.000106,92.1151,0.000000,0.000000,0.000000,0.002712,0.000000,0.000000,0.000000,0.00100000
11,267,0.288493,0.000091,88.6971,0.000000,0.000000,0.000000,0.007168,0.000000,0.000000,0.000000,0.00100000
11,268,0.362539,0.000115,96.7152,0.000000,0.000000,0.000000,0.003356,0.000000,0.000000,0.000000,0.00100000
11,269,0.359281,0.000114,101.9785,0.000000,0.000000,0.000000,0.003678,0.000000,0.000000,0.000000,0.00100000
11,270,0.327249,0.000104,101.3249,0.000000,0.000000,0.000000,0.005288,0.000000,0.000000,0.000000,0.00100000
11,271,0.392823,0.000124,90.7098,0.000000,0.000000,0.000000,0.005288,0.000000,0.000000,0.000000,0.00100000
11,272,0.358961,0.000114,98.8516,0.000000,0.000000,0.000000,0.004644,0.000000,0.000000,0.000000,0.00100000
11,273,0.327250,0.000104,94.0617,0.000000,0.000000,0.000000,0.005288,0.000000,0.000000,0.000000,0.00100000
11,274,0.346429,0.000110,84.2910,0.000000,0.000000,0.000000,0.003034,0.000000,0.000000,0.000000,0.00100000
11,275,0.262729,0.000083,92.0418,0.000000,0.000000,0.000000,0.002068,0.000000,0.000000,0.000000,0.00100000
11,276,0.336992,0.000107,95.4184,0.000000,0.000000,0.000000,0.003678,0.000000,0.000000,0.000000,0.00100000
11,277,0.318874,0.000101,87.7933,0.000000,0.000000,0.000000,0.002390,0.000000,0.000000,0.000000,0.00100000
11,278,0.237517,0.000075,94.4895,0.000000,0.000000,0.000000,0.001746,0.000000,0.000000,0.000000,0.00100000
11,279,0.436808,0.000139,108.2542,0.000000,0.000000,0.000000,0.001746,0.000000,0.000000,0.000000,0.00100000
11,280,0.290363,0.000092,90.7036,0.000000,0.000000,0.000000,0.003678,0.000000,0.000000,0.000000,0.00100000
11,281,0.423854,0.000135,106.0338,0.000000,0.000000,0.000000,0.003356,0.000000,0.000000,0.000000,0.00100000
11,282,0.406800,0.000127,96.6717,0.000000,0.000000,0.000000,0.019946,0.000000,0.000000,0.000000,0.00100000
11,283,0.294537,0.000091,91.2986,0.000000,0.000000,0.000000,0.017016,0.000000,0.000000,0.000000,0.00100000
11,284,0.369073,0.000114,97.2616,0.000000,0.000000,0.000000,0.022065,0.000000,0.000000,0.000000,0.00100000
11,285,0.269342,0.000084,91.9996,0.000000,0.000000,0.000000,0.014897,0.000000,0.000000,0.000000,0.00100000
11,286,0.337437,0.000105,109.0395,0.000000,0.000000,0.000000,0.016739,0.000000,0.000000,0.000000,0.00100000
11,287,0.292545,0.000092,101.5427,0.000000,0.000000,0.000000,0.006795,0.000000,0.000000,0.000000,0.00100000
11,288,0.214641,0.000068,91.8733,0.000000,0.000000,0.000000,0.005101,0.000000,0.000000,0.000000,0.00100000
11,289,0.277723,0.000088,93.1375,0.000000,0.000000,0.000000,0.003678,0.000000,0.000000,0.000000,0.00100000
11,290,0.232200,0.000074,91.2833,0.000000,0.000000,0.000000,0.002390,0.000000,0.000000,0.000000,0.00100000
11,291,0.216930,0.000068,86.9446,0.000000,0.000000,0.000000,0.004322,0.000000,0.000000,0.000000,0.00100000
11,292,0.251211,0.000080,97.9878,0.000000,0.000000,0.000000,0.002712,0.000000,0.000000,0.000000,0.00100000
11,293,0.306716,0.000097,102.6336,0.000000,0.000000,0.000000,0.006711,0.000000,0.000000,0.000000,0.00100000
11,294,0.290134,0.000092,103.3373,0.000000,0.000000,0.000000,0.002390,0.000000,0.000000,0.000000,0.00100000
11,295,0.240496,0.000076,102.7130,0.000000,0.000000,0.000000,0.003034,0.000000,0.000000,0.000000,0.00100000
11,296,0.368785,0.000117,98.3731,0.000000,0.000000,0.000000,0.005692,0.000000,0.000000,0.000000,0.00100000
11,297,0.320739,0.000102,98.8495,0.000000,0.000000,0.000000,0.003678,0.000000,0.000000,0.000000,0.00100000
11,298,0.427887,0.000134,99.6954,0.000000,0.000000,0.000000,0.015541,0.000000,0.000000,0.000000,0.00100000
11,299,0.300587,0.000094,96.4426,0.000000,0.000000,0.000000,0.008965,0.000000,0.000000,0.000000,0.00100000
11,300,0.222952,0.000069,86.9170,0.000000,0.000000,0.000000,0.010711,0.000000,0.000000,0.000000,0.00100000
11,301,0.501206,0.000159,102.4669,0.000000,0.000000,0.000000,0.007677,0.000000,0.000000,0.000000,0.00100000
11,302,0.355768,0.000111,92.3071,0.000000,0.000000,0.000000,0.014575,0.000000,0.000000,0.000000,0.00100000
11,303,0.261761,0.000083,85.9912,0.000000,0.000000,0.000000,0.002390,0.000000,0.000000,0.000000,0.00100000
11,304,0.298193,0.000095,90.3301,0.000000,0.000000,0.000000,0.003356,0.000000,0.000000,0.000000,0.00100000
11,305,0.377203,0.000120,98.9064,0.000000,0.000000,0.000000,0.003034,0.000000,0.000000,0.000000,0.00100000
11,306,0.279805,0.000088,88.3726,0.000000,0.000000,0.000000,0.004779,0.000000,0.000000,0.000000,0.00100000
11,307,0.304668,0.000096,80.6200,0.000000,0.000000,0.000000,0.005932,0.000000,0.000000,0.000000,0.00100000
11,308,0.379467,0.000121,97.8465,0.000000,0.000000,0.000000,0.003034,0.000000,0.000000,0.000000,0.00100000
11,309,0.423237,0.000134,105.7349,0.000000,0.000000,0.000000,0.005610,0.000000,0.000000,0.000000,0.00100000
11,310,0.281868,0.000089,83.1366,0.000000,0.000000,0.000000,0.003678,0.000000,0.000000,0.000000,0.00100000
11,311,0.259173,0.000082,95.9947,0.000000,0.000000,0.000000,0.001746,0.000000,0.000000,0.000000,0.00100000
11,312,0.340963,0.000108,102.2818,0.000000,0.000000,0.000000,0.002068,0.000000,0.000000,0.000000,0.00100000
11,313,0.312710,0.000098,99.4054,0.000000,0.000000,0.000000,0.013100,0.000000,0.000000,0.000000,0.00100000
11,314,0.277456,0.000088,88.1523,0.000000,0.000000,0.000000,0.003034,0.000000,0.000000,0.000000,0.00100000
11,315,0.376068,0.000119,91.4520,0.000000,0.000000,0.000000,0.004000,0.000000,0.000000,0.000000,0.00100000
11,316,0.288110,0.000090,97.1963,0.000000,0.000000,0.000000,0.009796,0.000000,0.000000,0.000000,0.00100000
11,317,0.266087,0.000085,99.0558,0.000000,0.000000,0.000000,0.001746,0.000000,0.000000,0.000000,0.00100000
11,318,0.244854,0.000078,87.1145,0.000000,0.000000,0.000000,0.003356,0.000000,0.000000,0.000000,0.00100000
11,319,0.297617,0.000094,95.0388,0.000000,0.000000,0.000000,0.004000,0.000000,0.000000,0.000000,0.00100000
11,320,0.267161,0.000085,91.9149,0.000000,0.000000,0.000000,0.003356,0.000000,0.000000,0.000000,0.00100000
11,321,0.366128,0.000116,103.6725,0.000000,0.000000,0.000000,0.004457,0.000000,0.000000,0.000000,0.00100000
11,322,0.241506,0.000077,91.8319,0.000000,0.000000,0.000000,0.001746,0.000000,0.000000,0.000000,0.00100000
11,323,0.267042,0.000085,102.3812,0.000000,0.000000,0.000000,0.002712,0.000000,0.000000,0.000000,0.00100000
11,324,0.455985,0.000145,113.7298,0.000000,0.000000,0.000000,0.002390,0.000000,0.000000,0.000000,0.00100000
11,325,0.349799,0.000111,101.2079,0.000000,0.000000,0.000000,0.002390,0.000000,0.000000,0.000000,0.00100000
11,326,0.327945,0.000104,100.1871,0.000000,0.000000,0.000000,0.002390,0.000000,0.000000,0.000000,0.00100000
11,327,0.304177,0.000097,94.4294,0.000000,0.000000,0.000000,0.002712,0.000000,0.000000,0.000000,0.00100000
11,328,0.407305,0.000129,106.6784,0.000000,0.000000,0.000000,0.004561,0.000000,0.000000,0.000000,0.00100000
11,329,0.465627,0.000146,111.2670,0.000000,0.000000,0.000000,0.012492,0.000000,0.000000,0.000000,0.00100000
11,330,0.285247,0.000091,97.0770,0.000000,0.000000,0.000000,0.002712,0.000000,0.000000,0.000000,0.00100000
11,331,0.277109,0.000088,100.3514,0.000000,0.000000,0.000000,0.003034,0.000000,0.000000,0.000000,0.00100000
11,332,0.397483,0.000126,104.4159,0.000000,0.000000,0.000000,0.003678,0.000000,0.000000,0.000000,0.00100000
11,333,0.334378,0.000106,97.5110,0.000000,0.000000,0.000000,0.003678,0.000000,0.000000,0.000000,0.00100000
11,334,0.308230,0.000098,102.3398,0.000000,0.000000,0.000000,0.002847,0.000000,0.000000,0.000000,0.00100000
11,335,0.350499,0.000111,97.2915,0.000000,0.000000,0.000000,0.004457,0.000000,0.000000,0.000000,0.00100000
11,336,0.270954,0.000086,88.4043,0.000000,0.000000,0.000000,0.004322,0.000000,0.000000,0.000000,0.00100000
11,337,0.273635,0.000087,96.9885,0.000000,0.000000,0.000000,0.002390,0.000000,0.000000,0.000000,0.00100000
11,338,0.301159,0.000095,101.9746,0.000000,0.000000,0.000000,0.004135,0.000000,0.000000,0.000000,0.00100000
11,339,0.320616,0.000101,99.1508,0.000000,0.000000,0.000000,0.005101,0.000000,0.000000,0.000000,0.00100000
11,340,0.289024,0.000091,92.5512,0.000000,0.000000,0.000000,0.004779,0.000000,0.000000,0.000000,0.00100000
11,341,0.304520,0.000096,104.6427,0.000000,0.000000,0.000000,0.005610,0.000000,0.000000,0.000000,0.00100000
11,342,0.292785,0.000093,96.1000,0.000000,0.000000,0.000000,0.002068,0.000000,0.000000,0.000000,0.00100000
11,343,0.444263,0.000141,105.8065,0.000000,0.000000,0.000000,0.006576,0.000000,0.000000,0.000000,0.00100000
11,344,0.338702,0.000107,103.2688,0.000000,0.000000,0.000000,0.007999,0.000000,0.000000,0.000000,0.00100000
11,345,0.283382,0.000089,98.3170,0.000000,0.000000,0.000000,0.007033,0.000000,0.000000,0.000000,0.00100000
11,346,0.310432,0.000099,108.0073,0.000000,0.000000,0.000000,0.002712,0.000000,0.000000,0.000000,0.00100000
11,347,0.323184,0.000102,103.0672,0.000000,0.000000,0.000000,0.003678,0.000000,0.000000,0.000000,0.00100000
11,348,0.270531,0.000085,106.6693,0.000000,0.000000,0.000000,0.006576,0.000000,0.000000,0.000000,0.00100000
11,349,0.292675,0.000093,109.1898,0.000000,0.000000,0.000000,0.003034,0.000000,0.000000,0.000000,0.00100000
11,350,0.206389,0.000065,81.9291,0.000000,0.000000,0.000000,0.005236,0.000000,0.000000,0.000000,0.00100000
11,351,0.263348,0.000084,89.4354,0.000000,0.000000,0.000000,0.002068,0.000000,0.000000,0.000000,0.00100000
11,352,0.294828,0.000093,98.0048,0.000000,0.000000,0.000000,0.003356,0.000000,0.000000,0.000000,0.00100000
11,353,0.229169,0.000072,85.9082,0.000000,0.000000,0.000000,0.007813,0.000000,0.000000,0.000000,0.00100000
11,354,0.269539,0.000085,109.0027,0.000000,0.000000,0.000000,0.003356,0.000000,0.000000,0.000000,0.00100000
11,355,0.225978,0.000068,91.1137,0.000000,0.000000,0.000000,0.024280,0.000000,0.000000,0.000000,0.00100000
11,356,0.199105,0.000058,95.0840,0.000000,0.000000,0.000000,0.036106,0.000000,0.000000,0.000000,0.00100000
11,357,0.278241,0.000088,97.4300,0.000000,0.000000,0.000000,0.005288,0.000000,0.000000,0.000000,0.00100000
11,358,0.187944,0.000057,90.6063,0.000000,0.000000,0.000000,0.017299,0.000000,0.000000,0.000000,0.00100000
11,359,0.230164,0.000072,94.1817,0.000000,0.000000,0.000000,0.006898,0.000000,0.000000,0.000000,0.00100000
11,360,0.324327,0.000102,91.5394,0.000000,0.000000,0.000000,0.008837,0.000000,0.000000,0.000000,0.00100000
11,361,0.258934,0.000082,95.3535,0.000000,0.000000,0.000000,0.003034,0.000000,0.000000,0.000000,0.00100000
11,362,0.269426,0.000085,101.0685,0.000000,0.000000,0.000000,0.003356,0.000000,0.000000,0.000000,0.00100000
11,363,0.265547,0.000084,96.9330,0.000000,0.000000,0.000000,0.002712,0.000000,0.000000,0.000000,0.00100000
11,364,0.288052,0.000091,99.5061,0.000000,0.000000,0.000000,0.002390,0.000000,0.000000,0.000000,0.00100000
11,365,0.277584,0.000088,92.9281,0.000000,0.000000,0.000000,0.003356,0.000000,0.000000,0.000000,0.00100000
11,366,0.325553,0.000104,105.2917,0.000000,0.000000,0.000000,0.001746,0.000000,0.000000,0.000000,0.00100000
11,367,0.245208,0.000078,87.0877,0.000000,0.000000,0.000000,0.002390,0.000000,0.000000,0.000000,0.00100000
11,368,0.391642,0.000124,101.5996,0.000000,0.000000,0.000000,0.005101,0.000000,0.000000,0.000000,0.00100000
11,369,0.293322,0.000093,92.1607,0.000000,0.000000,0.000000,0.003034,0.000000,0.000000,0.000000,0.00100000
11,370,0.332583,0.000106,99.2626,0.000000,0.000000,0.000000,0.003356,0.000000,0.000000,0.000000,0.00100000
11,371,0.220414,0.000070,76.9097,0.000000,0.000000,0.000000,0.002068,0.000000,0.000000,0.000000,0.00100000
11,372,0.422382,0.000134,89.5708,0.000000,0.000000,0.000000,0.003356,0.000000,0.000000,0.000000,0.00100000
11,373,0.301927,0.000096,91.0460,0.000000,0.000000,0.000000,0.002068,0.000000,0.000000,0.000000,0.00100000
11,374,0.239657,0.000076,102.5377,0.000000,0.000000,0.000000,0.002390,0.000000,0.000000,0.000000,0.00100000
11,375,0.324014,0.000102,100.7470,0.000000,0.000000,0.000000,0.005745,0.000000,0.000000,0.000000,0.00100000
11,376,0.298418,0.000095,101.2260,0.000000,0.000000,0.000000,0.002068,0.000000,0.000000,0.000000,0.00100000
11,377,0.301964,0.000096,100.7224,0.000000,0.000000,0.000000,0.004000,0.000000,0.000000,0.000000,0.00100000
11,378,0.293164,0.000093,96.3372,0.000000,0.000000,0.000000,0.004644,0.000000,0.000000,0.000000,0.00100000
11,379,0.291710,0.000092,83.7124,0.000000,0.000000,0.000000,0.005423,0.000000,0.000000,0.000000,0.00100000
11,380,0.264442,0.000084,99.3951,0.000000,0.000000,0.000000,0.001746,0.000000,0.000000,0.000000,0.00100000
11,381,0.250081,0.000079,103.0907,0.000000,0.000000,0.000000,0.002068,0.000000,0.000000,0.000000,0.00100000
11,382,0.214160,0.000067,88.4390,0.000000,0.000000,0.000000,0.009745,0.000000,0.000000,0.000000,0.00100000
11,383,0.341641,0.000108,100.6161,0.000000,0.000000,0.000000,0.004000,0.000000,0.000000,0.000000,0.00100000
11,384,0.295718,0.000090,95.3737,0.000000,0.000000,0.000000,0.029362,0.000000,0.000000,0.000000,0.00100000
11,385,0.322584,0.000101,96.7502,0.000000,0.000000,0.000000,0.013422,0.000000,0.000000,0.000000,0.00100000
11,386,0.298159,0.000090,96.6448,0.000000,0.000000,0.000000,0.030785,0.000000,0.000000,0.000000,0.00100000
11,387,0.269000,0.000083,103.5182,0.000000,0.000000,0.000000,0.015676,0.000000,0.000000,0.000000,0.00100000
11,388,0.229723,0.000070,95.8103,0.000000,0.000000,0.000000,0.020519,0.000000,0.000000,0.000000,0.00100000
11,389,0.262628,0.000083,101.9706,0.000000,0.000000,0.000000,0.002390,0.000000,0.000000,0.000000,0.00100000
11,390,0.272033,0.000086,95.1652,0.000000,0.000000,0.000000,0.004135,0.000000,0.000000,0.000000,0.00100000
11,391,0.327856,0.000103,105.6135,0.000000,0.000000,0.000000,0.010440,0.000000,0.000000,0.000000,0.00100000
11,392,0.461410,0.000146,105.4686,0.000000,0.000000,0.000000,0.004779,0.000000,0.000000,0.000000,0.00100000
11,393,0.269791,0.000085,87.0052,0.000000,0.000000,0.000000,0.003678,0.000000,0.000000,0.000000,0.00100000
11,394,0.297280,0.000094,100.7459,0.000000,0.000000,0.000000,0.002068,0.000000,0.000000,0.000000,0.00100000
11,395,0.314592,0.000100,102.1532,0.000000,0.000000,0.000000,0.003491,0.000000,0.000000,0.000000,0.00100000
11,396,0.213647,0.000068,96.4600,0.000000,0.000000,0.000000,0.003034,0.000000,0.000000,0.000000,0.00100000
11,397,0.203026,0.000064,94.4437,0.000000,0.000000,0.000000,0.001746,0.000000,0.000000,0.000000,0.00100000
11,398,0.352979,0.000112,94.5795,0.000000,0.000000,0.000000,0.004644,0.000000,0.000000,0.000000,0.00100000
11,399,0.302820,0.000096,101.3645,0.000000,0.000000,0.000000,0.002390,0.000000,0.000000,0.000000,0.00100000
11,400,0.217662,0.000069,86.5448,0.000000,0.000000,0.000000,0.003678,0.000000,0.000000,0.000000,0.00100000
11,401,0.314717,0.000100,95.3618,0.000000,0.000000,0.000000,0.003034,0.000000,0.000000,0.000000,0.00100000
11,402,0.394877,0.000126,93.8744,0.000000,0.000000,0.000000,0.002068,0.000000,0.000000,0.000000,0.00100000
11,403,0.212990,0.000068,93.6583,0.000000,0.000000,0.000000,0.001424,0.000000,0.000000,0.000000,0.00100000
11,404,0.227594,0.000072,91.8781,0.000000,0.000000,0.000000,0.002712,0.000000,0.000000,0.000000,0.00100000
11,405,0.208931,0.000066,98.5053,0.000000,0.000000,0.000000,0.004779,0.000000,0.000000,0.000000,0.00100000
11,406,0.240793,0.000076,96.5397,0.000000,0.000000,0.000000,0.002390,0.000000,0.000000,0.000000,0.00100000
11,407,0.362595,0.000114,94.2216,0.000000,0.000000,0.000000,0.010846,0.000000,0.000000,0.000000,0.00100000
11,408,0.341384,0.000108,92.5398,0.000000,0.000000,0.000000,0.003356,0.000000,0.000000,0.000000,0.00100000
11,409,0.351219,0.000111,95.2039,0.000000,0.000000,0.000000,0.005932,0.000000,0.000000,0.000000,0.00100000
11,410,0.360245,0.000115,93.7431,0.000000,0.000000,0.000000,0.002203,0.000000,0.000000,0.000000,0.00100000
11,411,0.336999,0.000107,96.9581,0.000000,0.000000,0.000000,0.002712,0.000000,0.000000,0.000000,0.00100000
11,412,0.409906,0.000130,109.6794,0.000000,0.000000,0.000000,0.003678,0.000000,0.000000,0.000000,0.00100000
11,413,0.309548,0.000093,65.2147,0.000000,0.000000,0.000000,0.033464,0.000000,0.000000,0.000000,0.00100000
11,414,0.260312,0.000078,95.4572,0.000000,0.000000,0.000000,0.028312,0.000000,0.000000,0.000000,0.00100000
11,415,0.281843,0.000087,79.0133,0.000000,0.000000,0.000000,0.020146,0.000000,0.000000,0.000000,0.00100000
11,416,0.277729,0.000085,80.6609,0.000000,0.000000,0.000000,0.024667,0.000000,0.000000,0.000000,0.00100000
11,417,0.257859,0.000081,96.7583,0.000000,0.000000,0.000000,0.004966,0.000000,0.000000,0.000000,0.00100000
11,418,0.285574,0.000090,102.1703,0.000000,0.000000,0.000000,0.004135,0.000000,0.000000,0.000000,0.00100000
11,419,0.261358,0.000082,97.0793,0.000000,0.000000,0.000000,0.005932,0.000000,0.000000,0.000000,0.00100000
11,420,0.201159,0.000064,86.1540,0.000000,0.000000,0.000000,0.002390,0.000000,0.000000,0.000000,0.00100000
11,421,0.258128,0.000081,91.7421,0.000000,0.000000,0.000000,0.009745,0.000000,0.000000,0.000000,0.00100000
11,422,0.387434,0.000123,100.7340,0.000000,0.000000,0.000000,0.004644,0.000000,0.000000,0.000000,0.00100000
11,423,0.255608,0.000081,74.2537,0.000000,0.000000,0.000000,0.004914,0.000000,0.000000,0.000000,0.00100000
11,424,0.306286,0.000097,103.9906,0.000000,0.000000,0.000000,0.002712,0.000000,0.000000,0.000000,0.00100000
11,425,0.218917,0.000069,87.5579,0.000000,0.000000,0.000000,0.004000,0.000000,0.000000,0.000000,0.00100000
11,426,0.235182,0.000075,90.9841,0.000000,0.000000,0.000000,0.003034,0.000000,0.000000,0.000000,0.00100000
11,427,0.238663,0.000076,89.0180,0.000000,0.000000,0.000000,0.002390,0.000000,0.000000,0.000000,0.00100000
11,428,0.314359,0.000099,109.6098,0.000000,0.000000,0.000000,0.005288,0.000000,0.000000,0.000000,0.00100000
11,429,0.277197,0.000088,100.1180,0.000000,0.000000,0.000000,0.002068,0.000000,0.000000,0.000000,0.00100000
11,430,0.315728,0.000100,100.4268,0.000000,0.000000,0.000000,0.002390,0.000000,0.000000,0.000000,0.00100000
11,431,0.264312,0.000084,89.4306,0.000000,0.000000,0.000000,0.004457,0.000000,0.000000,0.000000,0.00100000
11,432,0.218837,0.000069,96.7299,0.000000,0.000000,0.000000,0.002068,0.000000,0.000000,0.000000,0.00100000
11,433,0.262276,0.000083,107.1835,0.000000,0.000000,0.000000,0.002203,0.000000,0.000000,0.000000,0.00100000
11,434,0.231458,0.000074,89.2835,0.000000,0.000000,0.000000,0.001746,0.000000,0.000000,0.000000,0.00100000
11,435,0.230457,0.000073,87.7566,0.000000,0.000000,0.000000,0.002390,0.000000,0.000000,0.000000,0.00100000
11,436,0.268860,0.000085,84.6090,0.000000,0.000000,0.000000,0.002068,0.000000,0.000000,0.000000,0.00100000
11,437,0.201281,0.000064,82.7419,0.000000,0.000000,0.000000,0.001746,0.000000,0.000000,0.000000,0.00100000
11,438,0.341805,0.000108,100.4122,0.000000,0.000000,0.000000,0.005932,0.000000,0.000000,0.000000,0.00100000
11,439,0.236719,0.000075,86.9423,0.000000,0.000000,0.000000,0.003356,0.000000,0.000000,0.000000,0.00100000
11,440,0.264934,0.000084,102.9817,0.000000,0.000000,0.000000,0.003034,0.000000,0.000000,0.000000,0.00100000
11,441,0.265981,0.000084,86.3938,0.000000,0.000000,0.000000,0.004000,0.000000,0.000000,0.000000,0.00100000
11,442,0.267167,0.000085,105.1778,0.000000,0.000000,0.000000,0.003678,0.000000,0.000000,0.000000,0.00100000
11,443,0.315491,0.000100,109.6009,0.000000,0.000000,0.000000,0.002712,0.000000,0.000000,0.000000,0.00100000
11,444,0.237416,0.000075,84.1637,0.000000,0.000000,0.000000,0.003034,0.000000,0.000000,0.000000,0.00100000
11,445,0.292418,0.000093,99.9329,0.000000,0.000000,0.000000,0.001746,0.000000,0.000000,0.000000,0.00100000
11,446,0.290660,0.000092,95.8587,0.000000,0.000000,0.000000,0.002712,0.000000,0.000000,0.000000,0.00100000
11,447,0.260545,0.000083,105.3872,0.000000,0.000000,0.000000,0.003034,0.000000,0.000000,0.000000,0.00100000
11,448,0.266565,0.000085,103.4546,0.000000,0.000000,0.000000,0.002068,0.000000,0.000000,0.000000,0.00100000
11,449,0.232586,0.000074,92.4395,0.000000,0.000000,0.000000,0.002390,0.000000,0.000000,0.000000,0.00100000
11,450,0.232323,0.000074,83.1038,0.000000,0.000000,0.000000,0.003356,0.000000,0.000000,0.000000,0.00100000
11,451,0.254666,0.000081,91.6172,0.000000,0.000000,0.000000,0.003117,0.000000,0.000000,0.000000,0.00100000
11,452,0.246894,0.000078,95.3526,0.000000,0.000000,0.000000,0.002712,0.000000,0.000000,0.000000,0.00100000
11,453,0.268576,0.000085,95.7795,0.000000,0.000000,0.000000,0.003678,0.000000,0.000000,0.000000,0.00100000
11,454,0.311676,0.000099,99.6220,0.000000,0.000000,0.000000,0.004966,0.000000,0.000000,0.000000,0.00100000
11,455,0.312113,0.000099,103.1872,0.000000,0.000000,0.000000,0.004322,0.000000,0.000000,0.000000,0.00100000
11,456,0.386913,0.000123,103.4930,0.000000,0.000000,0.000000,0.002390,0.000000,0.000000,0.000000,0.00100000
11,457,0.270615,0.000085,80.9389,0.000000,0.000000,0.000000,0.005236,0.000000,0.000000,0.000000,0.00100000
11,458,0.274567,0.000087,109.8953,0.000000,0.000000,0.000000,0.002390,0.000000,0.000000,0.000000,0.00100000
11,459,0.274454,0.000087,88.8479,0.000000,0.000000,0.000000,0.002525,0.000000,0.000000,0.000000,0.00100000
11,460,0.288846,0.000092,95.6406,0.000000,0.000000,0.000000,0.002712,0.000000,0.000000,0.000000,0.00100000
11,461,0.268677,0.000085,101.5719,0.000000,0.000000,0.000000,0.002847,0.000000,0.000000,0.000000,0.00100000
11,462,0.318360,0.000101,98.0132,0.000000,0.000000,0.000000,0.004966,0.000000,0.000000,0.000000,0.00100000
11,463,0.231642,0.000073,88.8004,0.000000,0.000000,0.000000,0.003356,0.000000,0.000000,0.000000,0.00100000
11,464,0.274307,0.000087,87.6105,0.000000,0.000000,0.000000,0.002068,0.000000,0.000000,0.000000,0.00100000
11,465,0.240934,0.000076,100.4843,0.000000,0.000000,0.000000,0.002390,0.000000,0.000000,0.000000,0.00100000
11,466,0.259666,0.000083,88.6863,0.000000,0.000000,0.000000,0.001746,0.000000,0.000000,0.000000,0.00100000
11,467,0.282611,0.000090,85.7942,0.000000,0.000000,0.000000,0.002390,0.000000,0.000000,0.000000,0.00100000
11,468,0.201070,0.000064,81.4979,0.000000,0.000000,0.000000,0.003356,0.000000,0.000000,0.000000,0.00100000
11,469,0.296029,0.000094,99.4168,0.000000,0.000000,0.000000,0.002525,0.000000,0.000000,0.000000,0.00100000
11,470,0.329924,0.000104,104.6271,0.000000,0.000000,0.000000,0.004457,0.000000,0.000000,0.000000,0.00100000
11,471,0.290719,0.000092,102.0759,0.000000,0.000000,0.000000,0.004322,0.000000,0.000000,0.000000,0.00100000
11,472,0.275814,0.000088,89.2149,0.000000,0.000000,0.000000,0.002712,0.000000,0.000000,0.000000,0.00100000
11,473,0.310430,0.000099,104.5458,0.000000,0.000000,0.000000,0.003034,0.000000,0.000000,0.000000,0.00100000
11,474,0.240147,0.000076,95.8941,0.000000,0.000000,0.000000,0.001746,0.000000,0.000000,0.000000,0.00100000
11,475,0.290370,0.000092,105.7821,0.000000,0.000000,0.000000,0.003356,0.000000,0.000000,0.000000,0.00100000
11,476,0.365123,0.000116,106.4057,0.000000,0.000000,0.000000,0.004644,0.000000,0.000000,0.000000,0.00100000
11,477,0.407008,0.000129,104.4877,0.000000,0.000000,0.000000,0.002712,0.000000,0.000000,0.000000,0.00100000
11,478,0.275525,0.000087,84.1643,0.000000,0.000000,0.000000,0.005610,0.000000,0.000000,0.000000,0.00100000
11,479,0.296393,0.000092,91.8233,0.000000,0.000000,0.000000,0.013931,0.000000,0.000000,0.000000,0.00100000
11,480,0.291979,0.000090,101.6762,0.000000,0.000000,0.000000,0.018336,0.000000,0.000000,0.000000,0.00100000
11,481,0.343635,0.000107,109.5536,0.000000,0.000000,0.000000,0.013267,0.000000,0.000000,0.000000,0.00100000
11,482,0.400894,0.000122,109.1464,0.000000,0.000000,0.000000,0.035669,0.000000,0.000000,0.000000,0.00100000
11,483,0.390136,0.000123,109.5476,0.000000,0.000000,0.000000,0.006338,0.000000,0.000000,0.000000,0.00100000
11,484,0.294150,0.000088,99.3642,0.000000,0.000000,0.000000,0.036065,0.000000,0.000000,0.000000,0.00100000
11,485,0.293099,0.000092,95.0806,0.000000,0.000000,0.000000,0.010524,0.000000,0.000000,0.000000,0.00100000
11,486,0.328682,0.000103,98.3984,0.000000,0.000000,0.000000,0.010930,0.000000,0.000000,0.000000,0.00100000
11,487,0.293088,0.000090,81.7327,0.000000,0.000000,0.000000,0.024062,0.000000,0.000000,0.000000,0.00100000
11,488,0.359787,0.000113,98.1721,0.000000,0.000000,0.000000,0.009936,0.000000,0.000000,0.000000,0.00100000
11,489,0.266899,0.000082,84.5707,0.000000,0.000000,0.000000,0.018067,0.000000,0.000000,0.000000,0.00100000
11,490,0.329223,0.000103,90.9050,0.000000,0.000000,0.000000,0.009403,0.000000,0.000000,0.000000,0.00100000
11,491,0.285502,0.000089,79.9866,0.000000,0.000000,0.000000,0.011490,0.000000,0.000000,0.000000,0.00100000
11,492,0.298160,0.000094,97.5013,0.000000,0.000000,0.000000,0.005372,0.000000,0.000000,0.000000,0.00100000
11,493,0.280036,0.000088,75.5809,0.000000,0.000000,0.000000,0.006067,0.000000,0.000000,0.000000,0.00100000
11,494,0.368606,0.000117,99.3014,0.000000,0.000000,0.000000,0.003678,0.000000,0.000000,0.000000,0.00100000
11,495,0.290217,0.000092,87.7664,0.000000,0.000000,0.000000,0.003678,0.000000,0.000000,0.000000,0.00100000
11,496,0.335553,0.000106,86.0715,0.000000,0.000000,0.000000,0.004322,0.000000,0.000000,0.000000,0.00100000
11,497,0.380612,0.000121,101.3404,0.000000,0.000000,0.000000,0.001746,0.000000,0.000000,0.000000,0.00100000
11,498,0.265881,0.000084,95.7180,0.000000,0.000000,0.000000,0.002390,0.000000,0.000000,0.000000,0.00100000
11,499,0.276323,0.000087,84.4745,0.000000,0.000000,0.000000,0.004322,0.000000,0.000000,0.000000,0.00100000
11,500,0.385128,0.000122,99.6939,0.000000,0.000000,0.000000,0.004135,0.000000,0.000000,0.000000,0.00100000
11,501,0.358636,0.000113,85.9401,0.000000,0.000000,0.000000,0.009049,0.000000,0.000000,0.000000,0.00100000
11,502,0.408970,0.000129,95.5781,0.000000,0.000000,0.000000,0.008592,0.000000,0.000000,0.000000,0.00100000
11,503,0.561867,0.000179,110.5232,0.000000,0.000000,0.000000,0.004135,0.000000,0.000000,0.000000,0.00100000
11,504,0.324204,0.000102,83.9311,0.000000,0.000000,0.000000,0.008135,0.000000,0.000000,0.000000,0.00100000
11,505,0.509350,0.000162,99.3617,0.000000,0.000000,0.000000,0.002068,0.000000,0.000000,0.000000,0.00100000
11,506,0.464778,0.000147,93.2742,0.000000,0.000000,0.000000,0.008457,0.000000,0.000000,0.000000,0.00100000
11,507,0.526096,0.000165,108.7650,0.000000,0.000000,0.000000,0.014742,0.000000,0.000000,0.000000,0.00100000
11,508,0.544057,0.000172,104.9713,0.000000,0.000000,0.000000,0.010150,0.000000,0.000000,0.000000,0.00100000
11,509,0.673512,0.000212,109.8276,0.000000,0.000000,0.000000,0.017133,0.000000,0.000000,0.000000,0.00100000
11,510,0.369250,0.000116,92.1173,0.000000,0.000000,0.000000,0.011490,0.000000,0.000000,0.000000,0.00100000
11,511,0.317959,0.000098,94.0485,0.000000,0.000000,0.000000,0.018368,0.000000,0.000000,0.000000,0.00100000
11,512,0.272979,0.000086,93.5133,0.000000,0.000000,0.000000,0.004135,0.000000,0.000000,0.000000,0.00100000
11,513,0.402253,0.000127,100.1153,0.000000,0.000000,0.000000,0.010337,0.000000,0.000000,0.000000,0.00100000
11,514,0.312196,0.000099,97.8108,0.000000,0.000000,0.000000,0.005610,0.000000,0.000000,0.000000,0.00100000
11,515,0.405075,0.000128,102.9789,0.000000,0.000000,0.000000,0.005932,0.000000,0.000000,0.000000,0.00100000
11,516,0.415544,0.000130,77.7195,0.000000,0.000000,0.000000,0.016913,0.000000,0.000000,0.000000,0.00100000
11,517,0.376939,0.000117,107.7310,0.000000,0.000000,0.000000,0.019998,0.000000,0.000000,0.000000,0.00100000
11,518,0.348854,0.000111,107.2392,0.000000,0.000000,0.000000,0.003678,0.000000,0.000000,0.000000,0.00100000
11,519,0.268590,0.000085,97.0903,0.000000,0.000000,0.000000,0.003678,0.000000,0.000000,0.000000,0.00100000
11,520,0.366281,0.000115,99.6988,0.000000,0.000000,0.000000,0.011625,0.000000,0.000000,0.000000,0.00100000
11,521,0.338536,0.000107,103.2579,0.000000,0.000000,0.000000,0.005932,0.000000,0.000000,0.000000,0.00100000
11,522,0.315336,0.000099,102.6235,0.000000,0.000000,0.000000,0.007542,0.000000,0.000000,0.000000,0.00100000
11,523,0.346401,0.000110,109.5153,0.000000,0.000000,0.000000,0.002203,0.000000,0.000000,0.000000,0.00100000
11,524,0.342370,0.000109,101.3145,0.000000,0.000000,0.000000,0.003678,0.000000,0.000000,0.000000,0.00100000
11,525,0.309056,0.000098,102.4290,0.000000,0.000000,0.000000,0.004135,0.000000,0.000000,0.000000,0.00100000
11,526,0.193442,0.000061,100.4239,0.000000,0.000000,0.000000,0.002390,0.000000,0.000000,0.000000,0.00100000
11,527,0.258158,0.000082,99.4493,0.000000,0.000000,0.000000,0.003356,0.000000,0.000000,0.000000,0.00100000
11,528,0.248200,0.000079,98.3937,0.000000,0.000000,0.000000,0.002068,0.000000,0.000000,0.000000,0.00100000
11,529,0.248111,0.000079,90.1185,0.000000,0.000000,0.000000,0.002390,0.000000,0.000000,0.000000,0.00100000
11,530,0.184655,0.000059,84.5087,0.000000,0.000000,0.000000,0.001746,0.000000,0.000000,0.000000,0.00100000
11,531,0.322761,0.000103,104.9216,0.000000,0.000000,0.000000,0.002068,0.000000,0.000000,0.000000,0.00100000
11,532,0.362076,0.000115,97.5079,0.000000,0.000000,0.000000,0.005932,0.000000,0.000000,0.000000,0.00100000
11,533,0.337893,0.000107,100.8659,0.000000,0.000000,0.000000,0.003678,0.000000,0.000000,0.000000,0.00100000
11,534,0.372924,0.000119,99.8129,0.000000,0.000000,0.000000,0.001424,0.000000,0.000000,0.000000,0.00100000
11,535,0.345381,0.000110,94.2207,0.000000,0.000000,0.000000,0.003356,0.000000,0.000000,0.000000,0.00100000
11,536,0.347481,0.000110,103.3358,0.000000,0.000000,0.000000,0.002068,0.000000,0.000000,0.000000,0.00100000
11,537,0.314927,0.000100,99.5590,0.000000,0.000000,0.000000,0.001424,0.000000,0.000000,0.000000,0.00100000
11,538,0.304895,0.000097,93.1759,0.000000,0.000000,0.000000,0.004000,0.000000,0.000000,0.000000,0.00100000
11,539,0.335359,0.000106,101.8107,0.000000,0.000000,0.000000,0.003813,0.000000,0.000000,0.000000,0.00100000
11,540,0.331288,0.000105,97.9985,0.000000,0.000000,0.000000,0.003356,0.000000,0.000000,0.000000,0.00100000
11,541,0.380338,0.000121,98.6315,0.000000,0.000000,0.000000,0.002390,0.000000,0.000000,0.000000,0.00100000
11,542,0.315293,0.000100,104.5126,0.000000,0.000000,0.000000,0.002712,0.000000,0.000000,0.000000,0.00100000
11,543,0.267474,0.000085,88.6484,0.000000,0.000000,0.000000,0.003356,0.000000,0.000000,0.000000,0.00100000
11,544,0.249140,0.000079,98.0346,0.000000,0.000000,0.000000,0.001746,0.000000,0.000000,0.000000,0.00100000
11,545,0.193000,0.000061,89.6369,0.000000,0.000000,0.000000,0.003356,0.000000,0.000000,0.000000,0.00100000
11,546,0.253300,0.000080,95.7733,0.000000,0.000000,0.000000,0.002712,0.000000,0.000000,0.000000,0.00100000
11,547,0.401307,0.000128,97.8936,0.000000,0.000000,0.000000,0.002390,0.000000,0.000000,0.000000,0.00100000
11,548,0.294495,0.000093,96.9762,0.000000,0.000000,0.000000,0.003356,0.000000,0.000000,0.000000,0.00100000
11,549,0.365142,0.000116,83.3327,0.000000,0.000000,0.000000,0.004644,0.000000,0.000000,0.000000,0.00100000
11,550,0.453678,0.000144,100.8077,0.000000,0.000000,0.000000,0.005615,0.000000,0.000000,0.000000,0.00100000
11,551,0.268043,0.000085,89.2016,0.000000,0.000000,0.000000,0.003034,0.000000,0.000000,0.000000,0.00100000
11,552,0.383508,0.000122,99.1612,0.000000,0.000000,0.000000,0.003491,0.000000,0.000000,0.000000,0.00100000
11,553,0.253692,0.000080,100.5386,0.000000,0.000000,0.000000,0.003356,0.000000,0.000000,0.000000,0.00100000
11,554,0.335777,0.000107,97.7040,0.000000,0.000000,0.000000,0.001746,0.000000,0.000000,0.000000,0.00100000
11,555,0.294055,0.000093,93.9144,0.000000,0.000000,0.000000,0.003169,0.000000,0.000000,0.000000,0.00100000
11,556,0.284922,0.000090,96.6412,0.000000,0.000000,0.000000,0.003356,0.000000,0.000000,0.000000,0.00100000
11,557,0.303987,0.000097,90.9844,0.000000,0.000000,0.000000,0.002068,0.000000,0.000000,0.000000,0.00100000
11,558,0.297500,0.000094,97.4955,0.000000,0.000000,0.000000,0.002390,0.000000,0.000000,0.000000,0.00100000
11,559,0.261200,0.000083,90.7590,0.000000,0.000000,0.000000,0.002068,0.000000,0.000000,0.000000,0.00100000
11,560,0.384302,0.000122,102.5375,0.000000,0.000000,0.000000,0.004000,0.000000,0.000000,0.000000,0.00100000
11,561,0.268468,0.000085,100.0802,0.000000,0.000000,0.000000,0.003034,0.000000,0.000000,0.000000,0.00100000
11,562,0.320606,0.000102,101.8526,0.000000,0.000000,0.000000,0.002712,0.000000,0.000000,0.000000,0.00100000
11,563,0.415357,0.000130,97.5529,0.000000,0.000000,0.000000,0.013122,0.000000,0.000000,0.000000,0.00100000
11,564,0.240130,0.000073,88.6868,0.000000,0.000000,0.000000,0.019895,0.000000,0.000000,0.000000,0.00100000
11,565,0.274977,0.000087,94.4380,0.000000,0.000000,0.000000,0.004966,0.000000,0.000000,0.000000,0.00100000
11,566,0.201042,0.000061,80.4464,0.000000,0.000000,0.000000,0.016571,0.000000,0.000000,0.000000,0.00100000
11,567,0.261962,0.000083,94.3008,0.000000,0.000000,0.000000,0.004457,0.000000,0.000000,0.000000,0.00100000
11,568,0.277520,0.000086,82.7906,0.000000,0.000000,0.000000,0.014878,0.000000,0.000000,0.000000,0.00100000
11,569,0.256344,0.000081,101.0681,0.000000,0.000000,0.000000,0.005288,0.000000,0.000000,0.000000,0.00100000
11,570,0.238113,0.000073,88.2387,0.000000,0.000000,0.000000,0.020062,0.000000,0.000000,0.000000,0.00100000
11,571,0.306268,0.000096,93.9436,0.000000,0.000000,0.000000,0.008779,0.000000,0.000000,0.000000,0.00100000
11,572,0.253320,0.000079,93.8239,0.000000,0.000000,0.000000,0.009184,0.000000,0.000000,0.000000,0.00100000
11,573,0.226927,0.000071,97.7926,0.000000,0.000000,0.000000,0.007626,0.000000,0.000000,0.000000,0.00100000
11,574,0.328272,0.000104,101.5831,0.000000,0.000000,0.000000,0.006389,0.000000,0.000000,0.000000,0.00100000
11,575,0.319051,0.000101,99.1248,0.000000,0.000000,0.000000,0.004000,0.000000,0.000000,0.000000,0.00100000
11,576,0.247715,0.000079,91.6246,0.000000,0.000000,0.000000,0.002390,0.000000,0.000000,0.000000,0.00100000
11,577,0.348503,0.000111,109.5763,0.000000,0.000000,0.000000,0.003813,0.000000,0.000000,0.000000,0.00100000
11,578,0.236610,0.000075,85.0726,0.000000,0.000000,0.000000,0.002390,0.000000,0.000000,0.000000,0.00100000
11,579,0.525496,0.000167,107.2355,0.000000,0.000000,0.000000,0.006067,0.000000,0.000000,0.000000,0.00100000
11,580,0.386740,0.000123,96.3358,0.000000,0.000000,0.000000,0.003034,0.000000,0.000000,0.000000,0.00100000
11,581,0.433799,0.000137,112.1059,0.000000,0.000000,0.000000,0.006067,0.000000,0.000000,0.000000,0.00100000
11,582,0.258945,0.000082,83.9458,0.000000,0.000000,0.000000,0.003678,0.000000,0.000000,0.000000,0.00100000
11,583,0.252545,0.000080,81.6929,0.000000,0.000000,0.000000,0.002068,0.000000,0.000000,0.000000,0.00100000
11,584,0.277242,0.000088,108.6402,0.000000,0.000000,0.000000,0.003813,0.000000,0.000000,0.000000,0.00100000
11,585,0.257029,0.000082,86.8573,0.000000,0.000000,0.000000,0.002712,0.000000,0.000000,0.000000,0.00100000
11,586,0.290671,0.000092,104.3874,0.000000,0.000000,0.000000,0.002068,0.000000,0.000000,0.000000,0.00100000
11,587,0.309630,0.000098,104.2098,0.000000,0.000000,0.000000,0.003491,0.000000,0.000000,0.000000,0.00100000
11,588,0.254152,0.000081,75.4526,0.000000,0.000000,0.000000,0.003034,0.000000,0.000000,0.000000,0.00100000
11,589,0.287296,0.000091,97.7319,0.000000,0.000000,0.000000,0.004779,0.000000,0.000000,0.000000,0.00100000
11,590,0.287544,0.000091,98.7333,0.000000,0.000000,0.000000,0.001746,0.000000,0.000000,0.000000,0.00100000
11,591,0.339700,0.000108,101.6681,0.000000,0.000000,0.000000,0.003034,0.000000,0.000000,0.000000,0.00100000
11,592,0.306631,0.000097,105.7300,0.000000,0.000000,0.000000,0.002712,0.000000,0.000000,0.000000,0.00100000
11,593,0.244097,0.000078,90.2955,0.000000,0.000000,0.000000,0.002068,0.000000,0.000000,0.000000,0.00100000
11,594,0.356876,0.000113,93.6914,0.000000,0.000000,0.000000,0.003304,0.000000,0.000000,0.000000,0.00100000
11,595,0.459093,0.000145,99.6686,0.000000,0.000000,0.000000,0.006576,0.000000,0.000000,0.000000,0.00100000
11,596,0.371596,0.000118,98.3586,0.000000,0.000000,0.000000,0.003356,0.000000,0.000000,0.000000,0.00100000
11,597,0.342514,0.000109,97.1587,0.000000,0.000000,0.000000,0.003491,0.000000,0.000000,0.000000,0.00100000
11,598,0.380290,0.000121,95.0533,0.000000,0.000000,0.000000,0.004322,0.000000,0.000000,0.000000,0.00100000
11,599,0.384674,0.000122,92.1301,0.000000,0.000000,0.000000,0.003813,0.000000,0.000000,0.000000,0.00100000
11,600,0.366046,0.000116,99.3559,0.000000,0.000000,0.000000,0.002712,0.000000,0.000000,0.000000,0.00100000
11,601,0.402340,0.000128,103.6305,0.000000,0.000000,0.000000,0.003813,0.000000,0.000000,0.000000,0.00100000
11,602,0.369480,0.000117,96.3576,0.000000,0.000000,0.000000,0.004779,0.000000,0.000000,0.000000,0.00100000
11,603,0.357924,0.000113,94.8361,0.000000,0.000000,0.000000,0.004644,0.000000,0.000000,0.000000,0.00100000
11,604,0.351421,0.000111,96.9443,0.000000,0.000000,0.000000,0.007439,0.000000,0.000000,0.000000,0.00100000
11,605,0.375866,0.000119,95.4022,0.000000,0.000000,0.000000,0.004779,0.000000,0.000000,0.000000,0.00100000
11,606,0.363602,0.000115,97.6070,0.000000,0.000000,0.000000,0.004457,0.000000,0.000000,0.000000,0.00100000
11,607,0.385534,0.000122,93.1505,0.000000,0.000000,0.000000,0.004489,0.000000,0.000000,0.000000,0.00100000
11,608,0.379184,0.000120,96.4380,0.000000,0.000000,0.000000,0.006016,0.000000,0.000000,0.000000,0.00100000
11,609,0.346756,0.000110,98.0715,0.000000,0.000000,0.000000,0.002712,0.000000,0.000000,0.000000,0.00100000
11,610,0.424623,0.000134,97.5087,0.000000,0.000000,0.000000,0.011864,0.000000,0.000000,0.000000,0.00100000
11,611,0.313010,0.000099,92.7097,0.000000,0.000000,0.000000,0.004135,0.000000,0.000000,0.000000,0.00100000
11,612,0.381359,0.000119,90.9834,0.000000,0.000000,0.000000,0.014291,0.000000,0.000000,0.000000,0.00100000
11,613,0.275845,0.000086,87.9035,0.000000,0.000000,0.000000,0.012134,0.000000,0.000000,0.000000,0.00100000
11,614,0.266685,0.000085,83.6050,0.000000,0.000000,0.000000,0.002712,0.000000,0.000000,0.000000,0.00100000
11,615,0.308616,0.000097,83.2005,0.000000,0.000000,0.000000,0.010150,0.000000,0.000000,0.000000,0.00100000
11,616,0.219066,0.000069,76.7091,0.000000,0.000000,0.000000,0.005423,0.000000,0.000000,0.000000,0.00100000
11,617,0.296381,0.000093,99.2458,0.000000,0.000000,0.000000,0.010118,0.000000,0.000000,0.000000,0.00100000
11,618,0.430053,0.000136,97.7547,0.000000,0.000000,0.000000,0.006846,0.000000,0.000000,0.000000,0.00100000
11,619,0.245232,0.000078,91.7178,0.000000,0.000000,0.000000,0.003678,0.000000,0.000000,0.000000,0.00100000
11,620,0.320203,0.000101,95.1850,0.000000,0.000000,0.000000,0.005101,0.000000,0.000000,0.000000,0.00100000
11,621,0.307011,0.000097,82.4019,0.000000,0.000000,0.000000,0.008270,0.000000,0.000000,0.000000,0.00100000
11,622,0.260746,0.000083,89.6717,0.000000,0.000000,0.000000,0.002390,0.000000,0.000000,0.000000,0.00100000
11,623,0.440349,0.000138,103.9298,0.000000,0.000000,0.000000,0.013628,0.000000,0.000000,0.000000,0.00100000
11,624,0.407645,0.000130,100.9796,0.000000,0.000000,0.000000,0.003034,0.000000,0.000000,0.000000,0.00100000
11,625,0.377595,0.000119,101.6585,0.000000,0.000000,0.000000,0.007490,0.000000,0.000000,0.000000,0.00100000
11,626,0.436896,0.000135,106.6149,0.000000,0.000000,0.000000,0.026928,0.000000,0.000000,0.000000,0.00100000
11,627,0.400316,0.000125,106.0374,0.000000,0.000000,0.000000,0.018304,0.000000,0.000000,0.000000,0.00100000
11,628,0.338676,0.000106,91.5305,0.000000,0.000000,0.000000,0.009423,0.000000,0.000000,0.000000,0.00100000
11,629,0.326753,0.000103,89.0492,0.000000,0.000000,0.000000,0.004779,0.000000,0.000000,0.000000,0.00100000
11,630,0.322215,0.000102,103.0231,0.000000,0.000000,0.000000,0.004727,0.000000,0.000000,0.000000,0.00100000
11,631,0.416016,0.000129,93.6360,0.000000,0.000000,0.000000,0.021239,0.000000,0.000000,0.000000,0.00100000
11,632,0.356613,0.000113,99.8014,0.000000,0.000000,0.000000,0.005288,0.000000,0.000000,0.000000,0.00100000
11,633,0.260175,0.000081,75.3691,0.000000,0.000000,0.000000,0.013744,0.000000,0.000000,0.000000,0.00100000
11,634,0.305156,0.000096,99.3567,0.000000,0.000000,0.000000,0.009693,0.000000,0.000000,0.000000,0.00100000
11,635,0.397016,0.000125,96.4165,0.000000,0.000000,0.000000,0.012166,0.000000,0.000000,0.000000,0.00100000
11,636,0.441998,0.000137,102.6888,0.000000,0.000000,0.000000,0.024538,0.000000,0.000000,0.000000,0.00100000
11,637,0.367226,0.000113,95.6543,0.000000,0.000000,0.000000,0.025879,0.000000,0.000000,0.000000,0.00100000
11,638,0.403000,0.000124,101.3527,0.000000,0.000000,0.000000,0.027823,0.000000,0.000000,0.000000,0.00100000
11,639,0.322111,0.000102,106.1040,0.000000,0.000000,0.000000,0.003813,0.000000,0.000000,0.000000,0.00100000
11,640,0.349163,0.000110,95.5658,0.000000,0.000000,0.000000,0.006389,0.000000,0.000000,0.000000,0.00100000
11,641,0.472084,0.000148,99.9604,0.000000,0.000000,0.000000,0.013184,0.000000,0.000000,0.000000,0.00100000
11,642,0.453008,0.000144,107.5945,0.000000,0.000000,0.000000,0.005288,0.000000,0.000000,0.000000,0.00100000
11,643,0.264578,0.000084,93.8343,0.000000,0.000000,0.000000,0.005101,0.000000,0.000000,0.000000,0.00100000
11,644,0.286241,0.000091,99.9465,0.000000,0.000000,0.000000,0.001746,0.000000,0.000000,0.000000,0.00100000
11,645,0.204362,0.000065,74.4860,0.000000,0.000000,0.000000,0.002712,0.000000,0.000000,0.000000,0.00100000
11,646,0.272714,0.000087,81.4576,0.000000,0.000000,0.000000,0.002068,0.000000,0.000000,0.000000,0.00100000
11,647,0.318785,0.000101,96.0779,0.000000,0.000000,0.000000,0.001424,0.000000,0.000000,0.000000,0.00100000
11,648,0.361607,0.000115,96.2314,0.000000,0.000000,0.000000,0.003356,0.000000,0.000000,0.000000,0.00100000
11,649,0.252447,0.000080,87.8978,0.000000,0.000000,0.000000,0.001746,0.000000,0.000000,0.000000,0.00100000
11,650,0.225023,0.000071,85.1958,0.000000,0.000000,0.000000,0.002068,0.000000,0.000000,0.000000,0.00100000
11,651,0.220825,0.000070,84.8217,0.000000,0.000000,0.000000,0.001746,0.000000,0.000000,0.000000,0.00100000
11,652,0.243054,0.000077,101.1233,0.000000,0.000000,0.000000,0.002712,0.000000,0.000000,0.000000,0.00100000
11,653,0.232288,0.000074,97.2396,0.000000,0.000000,0.000000,0.002712,0.000000,0.000000,0.000000,0.00100000
11,654,0.270442,0.000085,77.2451,0.000000,0.000000,0.000000,0.004779,0.000000,0.000000,0.000000,0.00100000
11,655,0.225834,0.000072,88.7220,0.000000,0.000000,0.000000,0.002390,0.000000,0.000000,0.000000,0.00100000
11,656,0.245446,0.000078,85.6795,0.000000,0.000000,0.000000,0.001746,0.000000,0.000000,0.000000,0.00100000
11,657,0.306061,0.000097,91.9642,0.000000,0.000000,0.000000,0.004644,0.000000,0.000000,0.000000,0.00100000
11,658,0.607913,0.000192,105.6257,0.000000,0.000000,0.000000,0.008727,0.000000,0.000000,0.000000,0.00100000
11,659,0.453220,0.000143,92.7223,0.000000,0.000000,0.000000,0.009371,0.000000,0.000000,0.000000,0.00100000
11,660,0.727328,0.000230,104.9368,0.000000,0.000000,0.000000,0.014607,0.000000,0.000000,0.000000,0.00100000
11,661,0.644102,0.000203,92.3535,0.000000,0.000000,0.000000,0.012540,0.000000,0.000000,0.000000,0.00100000
11,662,0.677236,0.000215,106.8787,0.000000,0.000000,0.000000,0.007626,0.000000,0.000000,0.000000,0.00100000
11,663,0.787537,0.000249,109.8880,0.000000,0.000000,0.000000,0.016166,0.000000,0.000000,0.000000,0.00100000
11,664,0.771639,0.000243,108.0663,0.000000,0.000000,0.000000,0.022285,0.000000,0.000000,0.000000,0.00100000
11,665,0.450441,0.000142,93.7136,0.000000,0.000000,0.000000,0.010711,0.000000,0.000000,0.000000,0.00100000
11,666,0.486263,0.000153,97.8774,0.000000,0.000000,0.000000,0.010659,0.000000,0.000000,0.000000,0.00100000
11,667,0.775653,0.000246,108.4528,0.000000,0.000000,0.000000,0.010311,0.000000,0.000000,0.000000,0.00100000
11,668,0.580284,0.000183,94.0190,0.000000,0.000000,0.000000,0.014337,0.000000,0.000000,0.000000,0.00100000
11,669,0.512070,0.000161,101.7563,0.000000,0.000000,0.000000,0.015168,0.000000,0.000000,0.000000,0.00100000
11,670,0.619828,0.000196,103.2151,0.000000,0.000000,0.000000,0.010847,0.000000,0.000000,0.000000,0.00100000
11,671,0.427630,0.000135,96.2131,0.000000,0.000000,0.000000,0.005423,0.000000,0.000000,0.000000,0.00100000
11,672,0.459547,0.000145,78.3259,0.000000,0.000000,0.000000,0.009849,0.000000,0.000000,0.000000,0.00100000
11,673,0.312976,0.000095,103.9224,0.000000,0.000000,0.000000,0.028312,0.000000,0.000000,0.000000,0.00100000
11,674,0.304123,0.000096,92.1511,0.000000,0.000000,0.000000,0.008965,0.000000,0.000000,0.000000,0.00100000
11,675,0.359251,0.000112,97.8950,0.000000,0.000000,0.000000,0.016269,0.000000,0.000000,0.000000,0.00100000
11,676,0.260735,0.000083,84.3845,0.000000,0.000000,0.000000,0.004000,0.000000,0.000000,0.000000,0.00100000
11,677,0.313680,0.000099,97.0278,0.000000,0.000000,0.000000,0.004135,0.000000,0.000000,0.000000,0.00100000
11,678,0.232890,0.000074,80.4789,0.000000,0.000000,0.000000,0.004135,0.000000,0.000000,0.000000,0.00100000
11,679,0.288007,0.000091,96.5697,0.000000,0.000000,0.000000,0.003678,0.000000,0.000000,0.000000,0.00100000
11,680,0.272869,0.000086,102.8447,0.000000,0.000000,0.000000,0.004322,0.000000,0.000000,0.000000,0.00100000
11,681,0.242601,0.000077,89.8616,0.000000,0.000000,0.000000,0.002525,0.000000,0.000000,0.000000,0.00100000
11,682,0.335705,0.000107,102.3235,0.000000,0.000000,0.000000,0.001746,0.000000,0.000000,0.000000,0.00100000
11,683,0.240798,0.000076,88.2304,0.000000,0.000000,0.000000,0.003034,0.000000,0.000000,0.000000,0.00100000
11,684,0.241889,0.000076,89.4451,0.000000,0.000000,0.000000,0.004779,0.000000,0.000000,0.000000,0.00100000
11,685,0.309590,0.000098,102.7983,0.000000,0.000000,0.000000,0.001746,0.000000,0.000000,0.000000,0.00100000
11,686,0.285906,0.000091,108.1628,0.000000,0.000000,0.000000,0.002390,0.000000,0.000000,0.000000,0.00100000
11,687,0.252026,0.000080,98.2056,0.000000,0.000000,0.000000,0.001746,0.000000,0.000000,0.000000,0.00100000
11,688,0.363205,0.000115,99.8181,0.000000,0.000000,0.000000,0.003678,0.000000,0.000000,0.000000,0.00100000
11,689,0.324399,0.000103,89.6113,0.000000,0.000000,0.000000,0.002712,0.000000,0.000000,0.000000,0.00100000
11,690,0.237597,0.000075,98.9372,0.000000,0.000000,0.000000,0.002712,0.000000,0.000000,0.000000,0.00100000
11,691,0.268580,0.000085,94.2540,0.000000,0.000000,0.000000,0.001424,0.000000,0.000000,0.000000,0.00100000
11,692,0.364163,0.000116,105.2482,0.000000,0.000000,0.000000,0.002712,0.000000,0.000000,0.000000,0.00100000
11,693,0.232488,0.000074,84.1762,0.000000,0.000000,0.000000,0.002390,0.000000,0.000000,0.000000,0.00100000
11,694,0.339025,0.000108,108.0406,0.000000,0.000000,0.000000,0.003356,0.000000,0.000000,0.000000,0.00100000
11,695,0.240554,0.000076,96.6356,0.000000,0.000000,0.000000,0.001746,0.000000,0.000000,0.000000,0.00100000
11,696,0.419901,0.000133,107.4686,0.000000,0.000000,0.000000,0.003034,0.000000,0.000000,0.000000,0.00100000
11,697,0.253820,0.000081,102.5756,0.000000,0.000000,0.000000,0.002068,0.000000,0.000000,0.000000,0.00100000
11,698,0.248755,0.000079,99.0000,0.000000,0.000000,0.000000,0.001424,0.000000,0.000000,0.000000,0.00100000
11,699,0.294929,0.000093,99.3934,0.000000,0.000000,0.000000,0.004322,0.000000,0.000000,0.000000,0.00100000
11,700,0.232307,0.000074,88.8441,0.000000,0.000000,0.000000,0.003356,0.000000,0.000000,0.000000,0.00100000
11,701,0.324054,0.000103,106.7006,0.000000,0.000000,0.000000,0.002390,0.000000,0.000000,0.000000,0.00100000
11,702,0.198292,0.000063,81.0707,0.000000,0.000000,0.000000,0.002712,0.000000,0.000000,0.000000,0.00100000
11,703,0.259935,0.000083,97.7681,0.000000,0.000000,0.000000,0.002068,0.000000,0.000000,0.000000,0.00100000
11,704,0.372319,0.000118,93.4107,0.000000,0.000000,0.000000,0.002712,0.000000,0.000000,0.000000,0.00100000
11,705,0.257803,0.000082,102.1029,0.000000,0.000000,0.000000,0.002068,0.000000,0.000000,0.000000,0.00100000
11,706,0.250801,0.000080,96.6069,0.000000,0.000000,0.000000,0.002068,0.000000,0.000000,0.000000,0.00100000
11,707,0.316523,0.000100,104.1934,0.000000,0.000000,0.000000,0.004457,0.000000,0.000000,0.000000,0.00100000
11,708,0.265742,0.000084,101.3727,0.000000,0.000000,0.000000,0.002390,0.000000,0.000000,0.000000,0.00100000
11,709,0.271807,0.000086,101.7130,0.000000,0.000000,0.000000,0.002390,0.000000,0.000000,0.000000,0.00100000
11,710,0.219084,0.000069,97.8089,0.000000,0.000000,0.000000,0.003813,0.000000,0.000000,0.000000,0.00100000
11,711,0.250703,0.000080,97.4508,0.000000,0.000000,0.000000,0.002390,0.000000,0.000000,0.000000,0.00100000
11,712,0.246981,0.000078,102.2527,0.000000,0.000000,0.000000,0.003356,0.000000,0.000000,0.000000,0.00100000
11,713,0.247044,0.000078,103.0012,0.000000,0.000000,0.000000,0.002390,0.000000,0.000000,0.000000,0.00100000
11,714,0.226915,0.000072,97.9242,0.000000,0.000000,0.000000,0.001746,0.000000,0.000000,0.000000,0.00100000
11,715,0.230697,0.000073,95.5112,0.000000,0.000000,0.000000,0.001746,0.000000,0.000000,0.000000,0.00100000
11,716,0.315411,0.000100,102.7473,0.000000,0.000000,0.000000,0.002712,0.000000,0.000000,0.000000,0.00100000
11,717,0.236190,0.000075,101.6559,0.000000,0.000000,0.000000,0.001424,0.000000,0.000000,0.000000,0.00100000
11,718,0.234451,0.000074,89.2570,0.000000,0.000000,0.000000,0.004135,0.000000,0.000000,0.000000,0.00100000
11,719,0.237362,0.000075,102.6930,0.000000,0.000000,0.000000,0.003141,0.000000,0.000000,0.000000,0.00100000
