epoch,batch,loss,landmark,angular_deg,gaze_consist,shape,ray_target,pose,translation,lr
1,1,1.156399,0.000120,12.3180,0.000000,0.000000,0.000000,0.024853,1.470664,0.00030000
1,2,1.416967,0.000142,91.6390,0.000000,0.000000,0.000000,0.044715,1.461359,0.00030000
1,3,1.309292,0.000120,81.3690,0.000000,0.000000,0.000000,0.026017,1.448701,0.00030000
1,4,1.299264,0.000132,69.5266,0.000000,0.000000,0.000000,0.019723,1.436468,0.00030000
1,5,1.219000,0.000117,58.4826,0.000000,0.000000,0.000000,0.017147,1.427533,0.00030000
1,6,1.284704,0.000139,51.2405,0.000000,0.000000,0.000000,0.033443,1.416938,0.00030000
1,7,1.164564,0.000113,39.0599,0.000000,0.000000,0.000000,0.020439,1.405394,0.00030000
1,8,1.178457,0.000117,41.4071,0.000000,0.000000,0.000000,0.019358,1.396283,0.00030000
1,9,1.170275,0.000113,40.4991,0.000000,0.000000,0.000000,0.036006,1.383558,0.00030000
1,10,1.184067,0.000129,30.8866,0.000000,0.000000,0.000000,0.027868,1.373770,0.00030000
1,11,1.178225,0.000110,54.0922,0.000000,0.000000,0.000000,0.024156,1.363686,0.00030000
1,12,1.095367,0.000109,26.7316,0.000000,0.000000,0.000000,0.018599,1.353442,0.00030000
1,13,1.239750,0.000126,67.6508,0.000000,0.000000,0.000000,0.020290,1.336674,0.00030000
1,14,1.159504,0.000122,38.0916,0.000000,0.000000,0.000000,0.029210,1.322469,0.00030000
1,15,1.228451,0.000135,53.3926,0.000000,0.000000,0.000000,0.031186,1.313375,0.00030000
1,16,1.112413,0.000115,37.2905,0.000000,0.000000,0.000000,0.017672,1.294387,0.00030000
1,17,1.082451,0.000094,49.5705,0.000000,0.000000,0.000000,0.022614,1.293382,0.00030000
1,18,1.052097,0.000104,26.0593,0.000000,0.000000,0.000000,0.043544,1.271744,0.00030000
1,19,1.090995,0.000105,50.3187,0.000000,0.000000,0.000000,0.021150,1.253027,0.00030000
1,20,1.078721,0.000109,40.0629,0.000000,0.000000,0.000000,0.030784,1.235317,0.00030000
1,21,1.061912,0.000102,46.0119,0.000000,0.000000,0.000000,0.029668,1.217955,0.00030000
1,22,1.043039,0.000113,31.2940,0.000000,0.000000,0.000000,0.018840,1.192991,0.00030000
1,23,0.986385,0.000097,34.9591,0.000000,0.000000,0.000000,0.019077,1.164939,0.00030000
1,24,0.989568,0.000111,19.1124,0.000000,0.000000,0.000000,0.035971,1.147790,0.00030000
1,25,1.021867,0.000101,54.8554,0.000000,0.000000,0.000000,0.016750,1.108135,0.00030000
1,26,0.924458,0.000102,22.1023,0.000000,0.000000,0.000000,0.037316,1.059334,0.00030000
1,27,1.109682,0.000094,77.0060,0.000000,0.000000,0.000000,0.168825,1.108032,0.00030000
1,28,0.959955,0.000079,63.0984,0.000000,0.000000,0.000000,0.036262,1.073430,0.00030000
1,29,1.051503,0.000129,48.6868,0.000000,0.000000,0.000000,0.104561,0.943985,0.00030000
1,30,0.876424,0.000093,36.9908,0.000000,0.000000,0.000000,0.036598,0.946367,0.00030000
1,31,0.800241,0.000078,33.1291,0.000000,0.000000,0.000000,0.036706,0.907491,0.00030000
1,32,0.749522,0.000075,24.9394,0.000000,0.000000,0.000000,0.031993,0.866741,0.00030000
1,33,0.760333,0.000092,26.2918,0.000000,0.000000,0.000000,0.031975,0.775788,0.00030000
1,34,0.965027,0.000119,57.8706,0.000000,0.000000,0.000000,0.030634,0.853383,0.00030000
1,35,0.857881,0.000124,20.2591,0.000000,0.000000,0.000000,0.109586,0.724605,0.00030000
1,36,0.893206,0.000122,58.3254,0.000000,0.000000,0.000000,0.068258,0.672065,0.00030000
1,37,0.793461,0.000120,39.8721,0.000000,0.000000,0.000000,0.044978,0.583265,0.00030000
1,38,0.710221,0.000109,22.1290,0.000000,0.000000,0.000000,0.073141,0.546725,0.00030000
1,39,0.688302,0.000107,35.2975,0.000000,0.000000,0.000000,0.052148,0.467955,0.00030000
1,40,0.628884,0.000111,22.2849,0.000000,0.000000,0.000000,0.050726,0.398944,0.00030000
1,41,0.655494,0.000120,32.6003,0.000000,0.000000,0.000000,0.077708,0.314741,0.00030000
1,42,0.606321,0.000122,25.2993,0.000000,0.000000,0.000000,0.076075,0.245542,0.00030000
1,43,0.685399,0.000128,34.5633,0.000000,0.000000,0.000000,0.182388,0.211550,0.00030000
1,44,0.482631,0.000106,29.1131,0.000000,0.000000,0.000000,0.085278,0.065875,0.00030000
1,45,0.571660,0.000079,37.5628,0.000000,0.000000,0.000000,0.297646,0.162116,0.00030000
1,46,0.538384,0.000099,38.4962,0.000000,0.000000,0.000000,0.180911,0.090183,0.00030000
1,47,0.400796,0.000087,18.3371,0.000000,0.000000,0.000000,0.122871,0.038137,0.00030000
1,48,0.583234,0.000110,49.3961,0.000000,0.000000,0.000000,0.214998,0.017055,0.00030000
1,49,0.625100,0.000113,47.8182,0.000000,0.000000,0.000000,0.208208,0.093123,0.00030000
1,50,0.516370,0.000096,39.1777,0.000000,0.000000,0.000000,0.162868,0.062402,0.00030000
1,51,0.505423,0.000091,58.7159,0.000000,0.000000,0.000000,0.105850,0.030689,0.00030000
1,52,0.554444,0.000118,46.1696,0.000000,0.000000,0.000000,0.069531,0.067063,0.00030000
1,53,0.498067,0.000111,34.8550,0.000000,0.000000,0.000000,0.070180,0.045618,0.00030000
1,54,0.427772,0.000099,30.3959,0.000000,0.000000,0.000000,0.050163,0.024695,0.00030000
1,55,0.410732,0.000092,34.8082,0.000000,0.000000,0.000000,0.051179,0.022367,0.00030000
1,56,0.472059,0.000112,27.6055,0.000000,0.000000,0.000000,0.072721,0.026637,0.00030000
1,57,0.437833,0.000101,33.3345,0.000000,0.000000,0.000000,0.052326,0.015461,0.00030000
1,58,0.415553,0.000109,19.6167,0.000000,0.000000,0.000000,0.036157,0.012053,0.00030000
1,59,0.493936,0.000115,42.4549,0.000000,0.000000,0.000000,0.039329,0.011940,0.00030000
1,60,0.452949,0.000101,31.8264,0.000000,0.000000,0.000000,0.095250,0.014447,0.00030000
1,61,0.442120,0.000094,42.8709,0.000000,0.000000,0.000000,0.070454,0.009118,0.00030000
1,62,0.421197,0.000081,34.7243,0.000000,0.000000,0.000000,0.096335,0.059884,0.00030000
1,63,0.469929,0.000079,36.4080,0.000000,0.000000,0.000000,0.169307,0.085068,0.00030000
1,64,0.574820,0.000139,37.5939,0.000000,0.000000,0.000000,0.078890,0.013425,0.00030000
1,65,0.528570,0.000112,47.3973,0.000000,0.000000,0.000000,0.093789,0.014565,0.00030000
1,66,0.467692,0.000117,27.1839,0.000000,0.000000,0.000000,0.048654,0.011269,0.00030000
1,67,0.476148,0.000093,30.7033,0.000000,0.000000,0.000000,0.198603,0.020249,0.00030000
1,68,0.411541,0.000088,39.1874,0.000000,0.000000,0.000000,0.058584,0.014111,0.00030000
1,69,0.508776,0.000118,22.5656,0.000000,0.000000,0.000000,0.149472,0.010363,0.00030000
1,70,0.486823,0.000107,44.3697,0.000000,0.000000,0.000000,0.053468,0.014017,0.00030000
1,71,0.306971,0.000073,24.4283,0.000000,0.000000,0.000000,0.027451,0.007944,0.00030000
1,72,0.524457,0.000111,55.8114,0.000000,0.000000,0.000000,0.058797,0.031895,0.00030000
1,73,0.493748,0.000111,46.1509,0.000000,0.000000,0.000000,0.052605,0.018390,0.00030000
1,74,0.357109,0.000088,23.4377,0.000000,0.000000,0.000000,0.030618,0.009138,0.00030000
1,75,0.496180,0.000110,44.7141,0.000000,0.000000,0.000000,0.063433,0.013728,0.00030000
1,76,0.386063,0.000092,22.7210,0.000000,0.000000,0.000000,0.063232,0.012081,0.00030000
1,77,0.782583,0.000162,85.3933,0.000000,0.000000,0.000000,0.147259,0.008572,0.00030000
1,78,0.619366,0.000141,56.7828,0.000000,0.000000,0.000000,0.059110,0.009376,0.00030000
1,79,0.617030,0.000154,39.1009,0.000000,0.000000,0.000000,0.063981,0.008308,0.00030000
1,80,0.607021,0.000154,37.0051,0.000000,0.000000,0.000000,0.047808,0.019328,0.00030000
1,81,0.462772,0.000117,26.7215,0.000000,0.000000,0.000000,0.036846,0.020730,0.00030000
1,82,0.417330,0.000090,46.2654,0.000000,0.000000,0.000000,0.028533,0.009163,0.00030000
1,83,0.340344,0.000084,21.8006,0.000000,0.000000,0.000000,0.031789,0.010155,0.00030000
1,84,0.459882,0.000105,43.9229,0.000000,0.000000,0.000000,0.026481,0.008489,0.00030000
1,85,0.318069,0.000083,15.1176,0.000000,0.000000,0.000000,0.019065,0.017040,0.00030000
1,86,0.635947,0.000148,51.4925,0.000000,0.000000,0.000000,0.062267,0.009640,0.00030000
1,87,0.412093,0.000110,18.7451,0.000000,0.000000,0.000000,0.035368,0.005884,0.00030000
1,88,0.482478,0.000106,53.8467,0.000000,0.000000,0.000000,0.026774,0.020694,0.00030000
1,89,0.489540,0.000123,34.6363,0.000000,0.000000,0.000000,0.025373,0.011624,0.00030000
1,90,0.403631,0.000092,40.1004,0.000000,0.000000,0.000000,0.015927,0.004430,0.00030000
1,91,0.396173,0.000102,26.5046,0.000000,0.000000,0.000000,0.016522,0.005249,0.00030000
1,92,0.503979,0.000108,28.7997,0.000000,0.000000,0.000000,0.158829,0.023712,0.00030000
1,93,0.339885,0.000081,23.8682,0.000000,0.000000,0.000000,0.044510,0.006357,0.00030000
1,94,0.414806,0.000095,34.3597,0.000000,0.000000,0.000000,0.044840,0.005126,0.00030000
1,95,0.295727,0.000074,16.2155,0.000000,0.000000,0.000000,0.032206,0.012622,0.00030000
1,96,0.583712,0.000119,69.3564,0.000000,0.000000,0.000000,0.055333,0.009542,0.00030000
1,97,0.519643,0.000114,57.5846,0.000000,0.000000,0.000000,0.050451,0.009621,0.00030000
1,98,0.393827,0.000084,42.9988,0.000000,0.000000,0.000000,0.037532,0.005472,0.00030000
1,99,0.378795,0.000082,41.8550,0.000000,0.000000,0.000000,0.023656,0.003740,0.00030000
1,100,0.311391,0.000075,25.2783,0.000000,0.000000,0.000000,0.019431,0.002830,0.00030000
1,101,0.422957,0.000080,46.5175,0.000000,0.000000,0.000000,0.090050,0.006723,0.00030000
1,102,0.297860,0.000068,29.4206,0.000000,0.000000,0.000000,0.014366,0.002073,0.00030000
1,103,0.441462,0.000095,42.5299,0.000000,0.000000,0.000000,0.051704,0.012994,0.00030000
1,104,0.494303,0.000124,30.1256,0.000000,0.000000,0.000000,0.050574,0.003970,0.00030000
1,105,0.554503,0.000116,56.2586,0.000000,0.000000,0.000000,0.085433,0.009079,0.00030000
1,106,0.423349,0.000101,32.3024,0.000000,0.000000,0.000000,0.043140,0.006115,0.00030000
1,107,0.423607,0.000089,47.5054,0.000000,0.000000,0.000000,0.055746,0.004972,0.00030000
1,108,0.474085,0.000124,27.1798,0.000000,0.000000,0.000000,0.027495,0.004536,0.00030000
1,109,0.399704,0.000094,32.5866,0.000000,0.000000,0.000000,0.024116,0.013990,0.00030000
1,110,0.515077,0.000123,25.9792,0.000000,0.000000,0.000000,0.104063,0.019370,0.00030000
1,111,0.451497,0.000093,60.5626,0.000000,0.000000,0.000000,0.017602,0.007634,0.00030000
1,112,0.372741,0.000084,36.2563,0.000000,0.000000,0.000000,0.029543,0.005017,0.00030000
1,113,0.366991,0.000079,39.3661,0.000000,0.000000,0.000000,0.039733,0.006654,0.00030000
1,114,0.312890,0.000074,25.5882,0.000000,0.000000,0.000000,0.021897,0.009769,0.00030000
1,115,0.367618,0.000067,51.1844,0.000000,0.000000,0.000000,0.033972,0.011988,0.00030000
1,116,0.422054,0.000103,26.9922,0.000000,0.000000,0.000000,0.053500,0.006483,0.00030000
1,117,0.490226,0.000105,56.2972,0.000000,0.000000,0.000000,0.022437,0.005552,0.00030000
1,118,0.424753,0.000095,33.5229,0.000000,0.000000,0.000000,0.073130,0.007186,0.00030000
1,119,0.395924,0.000076,57.6550,0.000000,0.000000,0.000000,0.017114,0.004453,0.00030000
1,120,0.392938,0.000090,31.8995,0.000000,0.000000,0.000000,0.044085,0.007019,0.00030000
1,121,0.456746,0.000089,50.7540,0.000000,0.000000,0.000000,0.083840,0.017572,0.00030000
1,122,0.454401,0.000112,22.3831,0.000000,0.000000,0.000000,0.076809,0.011942,0.00030000
1,123,0.432168,0.000088,53.0055,0.000000,0.000000,0.000000,0.023414,0.012295,0.00030000
1,124,0.319871,0.000072,33.0584,0.000000,0.000000,0.000000,0.011591,0.007402,0.00030000
1,125,0.348618,0.000071,43.9003,0.000000,0.000000,0.000000,0.016065,0.009514,0.00030000
1,126,0.327309,0.000078,28.2014,0.000000,0.000000,0.000000,0.015137,0.006125,0.00030000
1,127,0.398398,0.000086,48.1693,0.000000,0.000000,0.000000,0.014994,0.004564,0.00030000
1,128,0.420396,0.000096,40.3952,0.000000,0.000000,0.000000,0.027769,0.006068,0.00030000
1,129,0.437389,0.000099,47.0644,0.000000,0.000000,0.000000,0.018218,0.004998,0.00030000
1,130,0.383706,0.000077,41.3150,0.000000,0.000000,0.000000,0.047264,0.017777,0.00030000
1,131,0.354436,0.000080,38.2072,0.000000,0.000000,0.000000,0.010801,0.005834,0.00030000
1,132,0.354541,0.000088,16.9857,0.000000,0.000000,0.000000,0.042641,0.024395,0.00030000
1,133,0.475695,0.000113,42.4376,0.000000,0.000000,0.000000,0.011050,0.005736,0.00030000
1,134,0.331935,0.000076,30.7111,0.000000,0.000000,0.000000,0.012879,0.010649,0.00030000
1,135,0.568227,0.000128,51.4379,0.000000,0.000000,0.000000,0.062106,0.007685,0.00030000
1,136,0.612070,0.000135,45.8943,0.000000,0.000000,0.000000,0.132605,0.008481,0.00030000
1,137,1.363050,0.000391,37.9155,0.000000,0.000000,0.000000,0.064704,0.007592,0.00030000
1,138,0.410042,0.000082,55.5655,0.000000,0.000000,0.000000,0.012518,0.002713,0.00030000
1,139,0.318186,0.000078,22.9353,0.000000,0.000000,0.000000,0.020857,0.002727,0.00030000
1,140,0.458914,0.000093,55.5325,0.000000,0.000000,0.000000,0.058405,0.004949,0.00030000
1,141,0.353756,0.000078,36.8063,0.000000,0.000000,0.000000,0.024050,0.003474,0.00030000
1,142,0.308670,0.000074,24.5808,0.000000,0.000000,0.000000,0.025665,0.003200,0.00030000
1,143,0.352068,0.000090,23.9450,0.000000,0.000000,0.000000,0.015206,0.003208,0.00030000
1,144,0.370883,0.000088,34.6113,0.000000,0.000000,0.000000,0.014994,0.004616,0.00030000
1,145,0.404688,0.000098,28.4072,0.000000,0.000000,0.000000,0.037080,0.004046,0.00030000
1,146,0.365961,0.000082,38.0913,0.000000,0.000000,0.000000,0.017533,0.002087,0.00030000
1,147,0.377343,0.000103,15.1192,0.000000,0.000000,0.000000,0.025753,0.006857,0.00030000
1,148,0.470653,0.000106,49.8219,0.000000,0.000000,0.000000,0.019251,0.004980,0.00030000
1,149,0.408225,0.000103,28.0634,0.000000,0.000000,0.000000,0.015704,0.006514,0.00030000
1,150,0.515752,0.000116,52.9232,0.000000,0.000000,0.000000,0.038410,0.009252,0.00030000
1,151,0.370175,0.000082,38.9888,0.000000,0.000000,0.000000,0.019936,0.003670,0.00030000
1,152,0.414520,0.000106,27.0067,0.000000,0.000000,0.000000,0.023783,0.002649,0.00030000
1,153,0.335113,0.000079,31.0894,0.000000,0.000000,0.000000,0.023187,0.002371,0.00030000
1,154,0.417082,0.000106,25.4666,0.000000,0.000000,0.000000,0.038646,0.005020,0.00030000
1,155,0.475816,0.000113,35.2193,0.000000,0.000000,0.000000,0.056453,0.008023,0.00030000
1,156,0.433284,0.000111,26.4942,0.000000,0.000000,0.000000,0.029848,0.005381,0.00030000
1,157,0.492934,0.000101,54.4578,0.000000,0.000000,0.000000,0.060028,0.007577,0.00030000
1,158,0.325534,0.000083,19.4296,0.000000,0.000000,0.000000,0.024240,0.005620,0.00030000
1,159,0.426005,0.000083,62.3373,0.000000,0.000000,0.000000,0.015496,0.004114,0.00030000
1,160,0.377548,0.000080,48.1569,0.000000,0.000000,0.000000,0.024771,0.003874,0.00030000
1,161,0.365223,0.000081,40.5290,0.000000,0.000000,0.000000,0.012743,0.003128,0.00030000
1,162,0.326826,0.000081,21.7212,0.000000,0.000000,0.000000,0.035723,0.002129,0.00030000
1,163,0.431618,0.000094,49.0953,0.000000,0.000000,0.000000,0.016246,0.003541,0.00030000
1,164,0.492518,0.000117,42.3593,0.000000,0.000000,0.000000,0.039380,0.003577,0.00030000
1,165,0.391981,0.000102,22.2695,0.000000,0.000000,0.000000,0.026039,0.006790,0.00030000
1,166,0.418640,0.000099,36.7039,0.000000,0.000000,0.000000,0.018864,0.003925,0.00030000
1,167,0.482393,0.000127,27.5750,0.000000,0.000000,0.000000,0.028651,0.005056,0.00030000
1,168,0.349737,0.000092,21.4625,0.000000,0.000000,0.000000,0.009513,0.003104,0.00030000
1,169,0.390488,0.000106,19.2754,0.000000,0.000000,0.000000,0.012561,0.004168,0.00030000
1,170,0.300926,0.000065,33.7429,0.000000,0.000000,0.000000,0.021813,0.005171,0.00030000
1,171,0.448056,0.000106,38.7110,0.000000,0.000000,0.000000,0.023436,0.002476,0.00030000
1,172,0.330931,0.000090,14.1335,0.000000,0.000000,0.000000,0.017782,0.006020,0.00030000
1,173,0.445591,0.000097,56.0686,0.000000,0.000000,0.000000,0.014167,0.004447,0.00030000
1,174,0.349355,0.000089,22.7347,0.000000,0.000000,0.000000,0.011660,0.003336,0.00030000
1,175,0.405263,0.000098,35.7685,0.000000,0.000000,0.000000,0.014347,0.002410,0.00030000
1,176,0.374570,0.000095,25.6309,0.000000,0.000000,0.000000,0.024059,0.002492,0.00030000
1,177,0.306811,0.000070,33.4487,0.000000,0.000000,0.000000,0.007366,0.001929,0.00030000
1,178,0.305374,0.000069,31.3467,0.000000,0.000000,0.000000,0.019972,0.001119,0.00030000
1,179,0.347696,0.000080,31.5315,0.000000,0.000000,0.000000,0.021896,0.002486,0.00030000
1,180,0.459294,0.000112,36.8237,0.000000,0.000000,0.000000,0.018213,0.003179,0.00030000
1,181,0.380102,0.000103,18.5121,0.000000,0.000000,0.000000,0.016315,0.002323,0.00030000
1,182,0.561750,0.000143,39.1117,0.000000,0.000000,0.000000,0.019480,0.003321,0.00030000
1,183,0.302802,0.000076,21.3784,0.000000,0.000000,0.000000,0.015635,0.002892,0.00030000
1,184,0.468596,0.000107,49.0531,0.000000,0.000000,0.000000,0.014167,0.003470,0.00030000
1,185,0.428385,0.000102,37.2861,0.000000,0.000000,0.000000,0.010552,0.008067,0.00030000
1,186,0.369179,0.000085,38.0693,0.000000,0.000000,0.000000,0.009152,0.003483,0.00030000
1,187,0.261872,0.000068,13.4382,0.000000,0.000000,0.000000,0.023764,0.004258,0.00030000
1,188,0.484779,0.000115,40.5826,0.000000,0.000000,0.000000,0.042814,0.007098,0.00030000
1,189,0.488642,0.000124,39.2216,0.000000,0.000000,0.000000,0.010801,0.002870,0.00030000
1,190,0.441189,0.000091,49.9865,0.000000,0.000000,0.000000,0.051010,0.004911,0.00030000
1,191,0.362124,0.000092,21.3092,0.000000,0.000000,0.000000,0.031994,0.005336,0.00030000
1,192,0.501573,0.000100,67.7981,0.000000,0.000000,0.000000,0.020582,0.003745,0.00030000
1,193,0.352958,0.000074,45.8196,0.000000,0.000000,0.000000,0.013626,0.005604,0.00030000
1,194,0.403430,0.000082,53.4321,0.000000,0.000000,0.000000,0.020470,0.003448,0.00030000
1,195,0.353254,0.000085,28.8981,0.000000,0.000000,0.000000,0.020944,0.002173,0.00030000
1,196,0.445747,0.000096,52.3972,0.000000,0.000000,0.000000,0.019182,0.002858,0.00030000
1,197,0.308678,0.000074,25.3108,0.000000,0.000000,0.000000,0.018074,0.002420,0.00030000
1,198,0.368985,0.000074,45.2258,0.000000,0.000000,0.000000,0.029779,0.002997,0.00030000
1,199,0.408199,0.000101,26.4272,0.000000,0.000000,0.000000,0.034297,0.003610,0.00030000
1,200,0.389884,0.000077,52.9356,0.000000,0.000000,0.000000,0.015275,0.001765,0.00030000
1,201,0.284541,0.000068,26.4116,0.000000,0.000000,0.000000,0.012269,0.002163,0.00030000
1,202,0.319591,0.000061,45.2353,0.000000,0.000000,0.000000,0.011479,0.001945,0.00030000
1,203,0.354013,0.000096,18.3460,0.000000,0.000000,0.000000,0.011479,0.001794,0.00030000
1,204,0.372468,0.000077,45.3917,0.000000,0.000000,0.000000,0.021593,0.003180,0.00030000
1,205,0.459484,0.000113,36.1511,0.000000,0.000000,0.000000,0.038407,0.002633,0.00030000
1,206,0.390794,0.000096,28.7930,0.000000,0.000000,0.000000,0.030749,0.005447,0.00030000
1,207,0.328353,0.000079,23.6739,0.000000,0.000000,0.000000,0.035025,0.003763,0.00030000
1,208,0.357930,0.000076,37.1531,0.000000,0.000000,0.000000,0.040440,0.002024,0.00030000
1,209,0.315205,0.000082,17.6796,0.000000,0.000000,0.000000,0.021509,0.002875,0.00030000
1,210,0.334016,0.000070,44.3000,0.000000,0.000000,0.000000,0.004859,0.002075,0.00030000
1,211,0.448855,0.000121,21.1785,0.000000,0.000000,0.000000,0.025735,0.005632,0.00030000
1,212,0.385979,0.000086,41.7122,0.000000,0.000000,0.000000,0.020807,0.003047,0.00030000
1,213,0.397565,0.000096,34.0128,0.000000,0.000000,0.000000,0.009015,0.002640,0.00030000
1,214,0.337426,0.000089,17.9103,0.000000,0.000000,0.000000,0.016632,0.003650,0.00030000
1,215,0.345826,0.000077,37.5478,0.000000,0.000000,0.000000,0.014957,0.002806,0.00030000
1,216,0.349046,0.000088,26.4832,0.000000,0.000000,0.000000,0.007005,0.002004,0.00030000
1,217,0.467063,0.000123,22.9265,0.000000,0.000000,0.000000,0.046189,0.002570,0.00030000
1,218,0.635803,0.000155,46.7320,0.000000,0.000000,0.000000,0.052017,0.004590,0.00030000
1,219,0.385705,0.000074,39.3902,0.000000,0.000000,0.000000,0.091444,0.005461,0.00030000
1,220,0.323907,0.000063,41.7783,0.000000,0.000000,0.000000,0.031393,0.005138,0.00030000
1,221,0.345695,0.000081,17.1059,0.000000,0.000000,0.000000,0.090721,0.007938,0.00030000
1,222,0.537144,0.000118,46.5985,0.000000,0.000000,0.000000,0.104787,0.006015,0.00030000
1,223,0.399799,0.000088,29.0111,0.000000,0.000000,0.000000,0.087929,0.004226,0.00030000
1,224,0.517356,0.000126,35.9897,0.000000,0.000000,0.000000,0.055162,0.002806,0.00030000
1,225,0.331083,0.000074,24.8855,0.000000,0.000000,0.000000,0.065973,0.001647,0.00030000
1,226,0.454522,0.000108,36.0012,0.000000,0.000000,0.000000,0.040646,0.003212,0.00030000
1,227,0.396334,0.000108,18.3429,0.000000,0.000000,0.000000,0.015996,0.002376,0.00030000
1,228,0.399041,0.000092,35.1816,0.000000,0.000000,0.000000,0.036243,0.003606,0.00030000
1,229,0.447368,0.000126,17.2733,0.000000,0.000000,0.000000,0.015387,0.001247,0.00030000
1,230,0.447521,0.000091,63.0677,0.000000,0.000000,0.000000,0.027048,0.002129,0.00030000
1,231,0.435801,0.000091,37.0047,0.000000,0.000000,0.000000,0.118040,0.005111,0.00030000
1,232,0.397489,0.000087,38.2093,0.000000,0.000000,0.000000,0.046524,0.003464,0.00030000
1,233,0.393379,0.000080,31.2977,0.000000,0.000000,0.000000,0.118877,0.005073,0.00030000
1,234,0.320226,0.000085,17.0989,0.000000,0.000000,0.000000,0.016563,0.002833,0.00030000
1,235,0.344288,0.000077,35.4856,0.000000,0.000000,0.000000,0.023561,0.003162,0.00030000
1,236,0.535571,0.000134,35.4638,0.000000,0.000000,0.000000,0.042560,0.004359,0.00030000
1,237,0.416226,0.000100,32.4016,0.000000,0.000000,0.000000,0.028740,0.002875,0.00030000
1,238,0.359166,0.000089,30.5571,0.000000,0.000000,0.000000,0.004748,0.001874,0.00030000
1,239,0.342538,0.000081,27.0532,0.000000,0.000000,0.000000,0.029324,0.002978,0.00030000
1,240,0.494368,0.000136,20.1351,0.000000,0.000000,0.000000,0.022299,0.004197,0.00030000
1,241,0.318825,0.000077,27.3761,0.000000,0.000000,0.000000,0.007546,0.003820,0.00030000
1,242,0.326743,0.000076,28.2899,0.000000,0.000000,0.000000,0.021473,0.003202,0.00030000
1,243,0.291733,0.000070,25.8919,0.000000,0.000000,0.000000,0.008474,0.002150,0.00030000
1,244,0.322265,0.000085,14.5575,0.000000,0.000000,0.000000,0.030506,0.002652,0.00030000
1,245,0.364025,0.000090,29.3511,0.000000,0.000000,0.000000,0.015137,0.002137,0.00030000
1,246,0.319180,0.000085,16.7350,0.000000,0.000000,0.000000,0.017502,0.002369,0.00030000
1,247,0.413944,0.000093,45.8465,0.000000,0.000000,0.000000,0.017464,0.002600,0.00030000
1,248,0.373104,0.000093,24.1128,0.000000,0.000000,0.000000,0.034906,0.004263,0.00030000
1,249,0.331474,0.000089,20.4190,0.000000,0.000000,0.000000,0.006327,0.002059,0.00030000
1,250,0.334641,0.000091,16.3689,0.000000,0.000000,0.000000,0.013987,0.002439,0.00030000
1,251,0.327778,0.000083,22.9413,0.000000,0.000000,0.000000,0.011050,0.003005,0.00030000
1,252,0.279092,0.000070,21.2100,0.000000,0.000000,0.000000,0.009762,0.001646,0.00030000
1,253,0.492936,0.000123,36.5332,0.000000,0.000000,0.000000,0.028006,0.002807,0.00030000
1,254,0.339691,0.000095,13.7682,0.000000,0.000000,0.000000,0.011909,0.002222,0.00030000
1,255,0.550201,0.000128,57.3712,0.000000,0.000000,0.000000,0.026292,0.001923,0.00030000
1,256,0.361360,0.000079,41.0500,0.000000,0.000000,0.000000,0.014596,0.002095,0.00030000
1,257,0.367649,0.000096,22.8059,0.000000,0.000000,0.000000,0.014347,0.002023,0.00030000
1,258,0.356474,0.000089,28.4224,0.000000,0.000000,0.000000,0.010801,0.001852,0.00030000
1,259,0.471509,0.000133,16.7681,0.000000,0.000000,0.000000,0.019113,0.002863,0.00030000
1,260,0.368137,0.000095,25.1822,0.000000,0.000000,0.000000,0.004429,0.003042,0.00030000
1,261,0.471212,0.000131,16.9286,0.000000,0.000000,0.000000,0.029219,0.001975,0.00030000
1,262,0.355374,0.000085,33.3989,0.000000,0.000000,0.000000,0.004000,0.002842,0.00030000
1,263,0.305487,0.000084,15.0241,0.000000,0.000000,0.000000,0.003537,0.001800,0.00030000
1,264,0.333960,0.000068,40.1507,0.000000,0.000000,0.000000,0.043621,0.002544,0.00030000
1,265,0.332776,0.000093,12.5930,0.000000,0.000000,0.000000,0.018461,0.001832,0.00030000
1,266,0.392300,0.000085,46.7536,0.000000,0.000000,0.000000,0.014062,0.002164,0.00030000
1,267,0.470731,0.000121,30.9076,0.000000,0.000000,0.000000,0.021509,0.002831,0.00030000
1,268,0.410279,0.000096,39.5541,0.000000,0.000000,0.000000,0.018504,0.001643,0.00030000
1,269,0.439447,0.000106,32.4955,0.000000,0.000000,0.000000,0.037710,0.002764,0.00030000
1,270,0.349380,0.000089,23.5313,0.000000,0.000000,0.000000,0.013427,0.002234,0.00030000
1,271,0.401118,0.000087,45.8935,0.000000,0.000000,0.000000,0.018821,0.002001,0.00030000
1,272,0.291046,0.000070,24.6974,0.000000,0.000000,0.000000,0.014366,0.003159,0.00030000
1,273,0.587927,0.000132,57.8428,0.000000,0.000000,0.000000,0.070038,0.003747,0.00030000
1,274,0.461020,0.000111,22.3581,0.000000,0.000000,0.000000,0.100119,0.005880,0.00030000
1,275,0.480058,0.000110,43.3532,0.000000,0.000000,0.000000,0.058513,0.003982,0.00030000
1,276,0.355425,0.000084,29.5865,0.000000,0.000000,0.000000,0.023019,0.002459,0.00030000
1,277,0.311821,0.000078,23.9624,0.000000,0.000000,0.000000,0.010052,0.002204,0.00030000
1,278,0.457904,0.000108,33.3380,0.000000,0.000000,0.000000,0.059418,0.002491,0.00030000
1,279,0.337140,0.000076,25.7631,0.000000,0.000000,0.000000,0.057103,0.001960,0.00030000
1,280,0.717202,0.000183,41.1252,0.000000,0.000000,0.000000,0.073361,0.003864,0.00030000
1,281,0.312475,0.000082,17.2771,0.000000,0.000000,0.000000,0.016743,0.003492,0.00030000
1,282,0.434881,0.000110,29.5261,0.000000,0.000000,0.000000,0.019723,0.002013,0.00030000
1,283,0.349991,0.000095,16.3232,0.000000,0.000000,0.000000,0.015455,0.002679,0.00030000
1,284,0.357491,0.000088,27.5149,0.000000,0.000000,0.000000,0.010232,0.002402,0.00030000
1,285,0.316172,0.000082,19.9292,0.000000,0.000000,0.000000,0.007366,0.002111,0.00030000
1,286,0.299544,0.000069,28.6920,0.000000,0.000000,0.000000,0.012699,0.002445,0.00030000
1,287,0.396276,0.000108,19.7833,0.000000,0.000000,0.000000,0.008474,0.002972,0.00030000
1,288,0.365864,0.000097,21.6830,0.000000,0.000000,0.000000,0.007795,0.004764,0.00030000
1,289,0.263411,0.000071,13.9921,0.000000,0.000000,0.000000,0.004172,0.002453,0.00030000
1,290,0.451163,0.000118,26.7573,0.000000,0.000000,0.000000,0.022617,0.003634,0.00030000
1,291,0.377074,0.000098,23.5055,0.000000,0.000000,0.000000,0.014708,0.005018,0.00030000
1,292,0.349663,0.000079,35.8959,0.000000,0.000000,0.000000,0.009942,0.001357,0.00030000
1,293,0.325929,0.000085,20.5100,0.000000,0.000000,0.000000,0.008585,0.002688,0.00030000
1,294,0.410740,0.000096,39.5545,0.000000,0.000000,0.000000,0.004429,0.001698,0.00030000
1,295,0.457257,0.000122,23.1932,0.000000,0.000000,0.000000,0.026511,0.004598,0.00030000
1,296,0.509632,0.000114,54.7378,0.000000,0.000000,0.000000,0.018504,0.005986,0.00030000
1,297,0.429389,0.000105,35.9417,0.000000,0.000000,0.000000,0.020722,0.002902,0.00030000
1,298,0.352929,0.000086,29.6785,0.000000,0.000000,0.000000,0.015609,0.002152,0.00030000
1,299,0.356823,0.000096,18.2748,0.000000,0.000000,0.000000,0.018572,0.001301,0.00030000
1,300,0.457091,0.000087,65.9933,0.000000,0.000000,0.000000,0.031041,0.002066,0.00030000
1,301,0.375554,0.000080,46.5860,0.000000,0.000000,0.000000,0.007615,0.001407,0.00030000
1,302,0.372986,0.000086,35.2393,0.000000,0.000000,0.000000,0.018573,0.001701,0.00030000
1,303,0.322171,0.000081,22.3326,0.000000,0.000000,0.000000,0.019319,0.001599,0.00030000
1,304,0.323025,0.000081,22.1684,0.000000,0.000000,0.000000,0.020290,0.002058,0.00030000
1,305,0.372859,0.000099,16.4318,0.000000,0.000000,0.000000,0.039173,0.002563,0.00030000
1,306,0.681992,0.000168,47.1572,0.000000,0.000000,0.000000,0.058211,0.006945,0.00030000
1,307,0.581553,0.000140,28.4539,0.000000,0.000000,0.000000,0.127631,0.005952,0.00030000
1,308,0.570739,0.000142,31.8977,0.000000,0.000000,0.000000,0.073843,0.008834,0.00030000
1,309,0.423322,0.000108,21.1612,0.000000,0.000000,0.000000,0.057951,0.004337,0.00030000
1,310,0.319303,0.000065,39.1115,0.000000,0.000000,0.000000,0.020788,0.003771,0.00030000
1,311,0.331417,0.000079,25.2617,0.000000,0.000000,0.000000,0.034948,0.002917,0.00030000
1,312,0.353608,0.000092,19.4640,0.000000,0.000000,0.000000,0.029697,0.002962,0.00030000
1,313,0.280003,0.000072,17.9875,0.000000,0.000000,0.000000,0.011299,0.002060,0.00030000
1,314,0.349902,0.000084,29.2879,0.000000,0.000000,0.000000,0.010936,0.003966,0.00030000
1,315,0.566859,0.000143,20.8639,0.000000,0.000000,0.000000,0.130693,0.002181,0.00030000
1,316,0.550255,0.000146,29.5786,0.000000,0.000000,0.000000,0.025651,0.002706,0.00030000
1,317,0.525901,0.000144,18.9176,0.000000,0.000000,0.000000,0.048552,0.002059,0.00030000
1,318,0.366797,0.000096,22.2783,0.000000,0.000000,0.000000,0.021578,0.001873,0.00030000
1,319,0.296423,0.000079,13.9833,0.000000,0.000000,0.000000,0.020333,0.002732,0.00030000
1,320,0.465416,0.000120,28.5556,0.000000,0.000000,0.000000,0.024315,0.003902,0.00030000
1,321,0.354240,0.000098,15.4980,0.000000,0.000000,0.000000,0.009942,0.001708,0.00030000
1,322,0.391509,0.000098,29.5892,0.000000,0.000000,0.000000,0.012519,0.001880,0.00030000
1,323,0.298508,0.000082,14.4270,0.000000,0.000000,0.000000,0.005546,0.000876,0.00030000
1,324,0.565837,0.000135,45.1633,0.000000,0.000000,0.000000,0.045029,0.003194,0.00030000
1,325,0.469197,0.000127,20.4493,0.000000,0.000000,0.000000,0.029634,0.003355,0.00030000
1,326,0.515189,0.000119,52.0266,0.000000,0.000000,0.000000,0.020831,0.003067,0.00030000
1,327,0.583810,0.000151,36.4588,0.000000,0.000000,0.000000,0.025921,0.004064,0.00030000
1,328,0.479317,0.000132,21.1127,0.000000,0.000000,0.000000,0.019016,0.003308,0.00030000
1,329,0.450740,0.000121,24.6688,0.000000,0.000000,0.000000,0.015213,0.002927,0.00030000
1,330,0.438198,0.000121,18.1099,0.000000,0.000000,0.000000,0.016464,0.003323,0.00030000
1,331,0.501362,0.000134,25.9742,0.000000,0.000000,0.000000,0.023587,0.002982,0.00030000
1,332,0.584655,0.000155,25.3725,0.000000,0.000000,0.000000,0.061637,0.001901,0.00030000
1,333,0.428049,0.000113,19.1356,0.000000,0.000000,0.000000,0.041821,0.003599,0.00030000
1,334,0.531831,0.000145,21.7401,0.000000,0.000000,0.000000,0.036705,0.003803,0.00030000
1,335,0.419791,0.000115,19.5576,0.000000,0.000000,0.000000,0.012269,0.003713,0.00030000
1,336,0.357193,0.000089,24.2464,0.000000,0.000000,0.000000,0.025100,0.002547,0.00030000
1,337,0.503151,0.000141,16.2445,0.000000,0.000000,0.000000,0.036622,0.002547,0.00030000
1,338,0.357266,0.000093,19.9494,0.000000,0.000000,0.000000,0.022057,0.007175,0.00030000
1,339,0.498966,0.000134,16.7404,0.000000,0.000000,0.000000,0.068613,0.002180,0.00030000
1,340,0.318543,0.000078,23.9479,0.000000,0.000000,0.000000,0.021593,0.003450,0.00030000
1,341,0.426908,0.000096,30.2427,0.000000,0.000000,0.000000,0.101831,0.002472,0.00030000
1,342,0.518811,0.000138,17.5950,0.000000,0.000000,0.000000,0.077799,0.002569,0.00030000
1,343,0.564043,0.000143,33.9292,0.000000,0.000000,0.000000,0.054096,0.002418,0.00030000
1,344,0.542906,0.000130,32.3581,0.000000,0.000000,0.000000,0.102743,0.003113,0.00030000
1,345,0.448541,0.000116,27.1902,0.000000,0.000000,0.000000,0.025067,0.002570,0.00030000
1,346,0.458146,0.000116,24.6598,0.000000,0.000000,0.000000,0.055003,0.004765,0.00030000
1,347,0.495402,0.000123,34.5969,0.000000,0.000000,0.000000,0.033105,0.003553,0.00030000
1,348,0.430431,0.000119,17.4696,0.000000,0.000000,0.000000,0.018081,0.003764,0.00030000
1,349,0.388884,0.000094,31.4135,0.000000,0.000000,0.000000,0.022479,0.001134,0.00030000
1,350,0.401675,0.000111,18.3962,0.000000,0.000000,0.000000,0.010122,0.001451,0.00030000
1,351,0.607029,0.000144,42.3015,0.000000,0.000000,0.000000,0.093585,0.004322,0.00030000
1,352,0.402377,0.000111,15.7620,0.000000,0.000000,0.000000,0.024205,0.002174,0.00030000
1,353,0.476637,0.000104,55.2971,0.000000,0.000000,0.000000,0.012518,0.001821,0.00030000
1,354,0.385094,0.000092,33.6350,0.000000,0.000000,0.000000,0.027202,0.001267,0.00030000
1,355,0.561353,0.000140,43.7377,0.000000,0.000000,0.000000,0.011120,0.003555,0.00030000
1,356,0.362894,0.000079,42.6882,0.000000,0.000000,0.000000,0.007366,0.001637,0.00030000
1,357,0.364996,0.000089,32.4745,0.000000,0.000000,0.000000,0.006919,0.001649,0.00030000
1,358,0.417061,0.000107,21.5886,0.000000,0.000000,0.000000,0.047624,0.002071,0.00030000
1,359,0.416418,0.000089,48.9619,0.000000,0.000000,0.000000,0.029600,0.002670,0.00030000
1,360,0.372635,0.000082,38.1217,0.000000,0.000000,0.000000,0.029461,0.002750,0.00030000
1,361,0.643512,0.000165,37.9762,0.000000,0.000000,0.000000,0.052168,0.002309,0.00030000
1,362,1.019841,0.000286,34.4455,0.000000,0.000000,0.000000,0.068832,0.004680,0.00030000
1,363,0.767451,0.000215,23.6042,0.000000,0.000000,0.000000,0.058804,0.005163,0.00030000
1,364,0.735054,0.000186,46.7587,0.000000,0.000000,0.000000,0.056472,0.003207,0.00030000
1,365,0.770720,0.000207,23.0808,0.000000,0.000000,0.000000,0.115636,0.008113,0.00030000
1,366,0.574644,0.000129,48.0016,0.000000,0.000000,0.000000,0.088967,0.004191,0.00030000
1,367,0.580262,0.000141,42.3895,0.000000,0.000000,0.000000,0.048018,0.007454,0.00030000
1,368,0.348557,0.000084,16.6371,0.000000,0.000000,0.000000,0.076114,0.005850,0.00030000
1,369,0.423296,0.000111,21.9295,0.000000,0.000000,0.000000,0.037331,0.004843,0.00030000
1,370,0.417550,0.000096,31.6277,0.000000,0.000000,0.000000,0.059121,0.003573,0.00030000
1,371,0.428094,0.000114,17.2542,0.000000,0.000000,0.000000,0.048851,0.003508,0.00030000
1,372,0.317632,0.000077,27.9902,0.000000,0.000000,0.000000,0.006937,0.002795,0.00030000
1,373,0.346297,0.000093,13.2737,0.000000,0.000000,0.000000,0.038748,0.003485,0.00030000
1,374,0.344346,0.000073,43.0383,0.000000,0.000000,0.000000,0.010821,0.001895,0.00030000
1,375,0.314174,0.000075,19.1166,0.000000,0.000000,0.000000,0.055202,0.002997,0.00030000
1,376,0.466868,0.000096,61.3881,0.000000,0.000000,0.000000,0.030749,0.001704,0.00030000
1,377,0.385647,0.000090,38.2451,0.000000,0.000000,0.000000,0.016743,0.001895,0.00030000
1,378,0.395062,0.000101,26.6470,0.000000,0.000000,0.000000,0.018392,0.002168,0.00030000
1,379,0.312879,0.000075,26.2661,0.000000,0.000000,0.000000,0.012338,0.001452,0.00030000
1,380,0.305436,0.000075,24.6350,0.000000,0.000000,0.000000,0.007615,0.001757,0.00030000
1,381,0.347409,0.000089,21.1058,0.000000,0.000000,0.000000,0.020789,0.002740,0.00030000
1,382,0.291538,0.000068,27.0678,0.000000,0.000000,0.000000,0.009710,0.001389,0.00030000
1,383,0.452216,0.000120,25.4362,0.000000,0.000000,0.000000,0.022630,0.001932,0.00030000
1,384,0.321698,0.000078,26.7210,0.000000,0.000000,0.000000,0.016924,0.002409,0.00030000
1,385,0.316260,0.000087,15.7414,0.000000,0.000000,0.000000,0.007186,0.001937,0.00030000
1,386,0.440745,0.000105,39.9336,0.000000,0.000000,0.000000,0.024813,0.004888,0.00030000
1,387,0.388064,0.000100,25.0675,0.000000,0.000000,0.000000,0.014777,0.002842,0.00030000
1,388,0.442294,0.000114,31.2300,0.000000,0.000000,0.000000,0.012450,0.003550,0.00030000
1,389,0.343589,0.000084,27.5013,0.000000,0.000000,0.000000,0.014098,0.003389,0.00030000
1,390,0.309502,0.000071,30.4061,0.000000,0.000000,0.000000,0.008903,0.002158,0.00030000
1,391,0.243619,0.000066,12.7050,0.000000,0.000000,0.000000,0.004172,0.001491,0.00030000
2,1,0.642931,0.000147,66.4988,0.000000,0.000000,0.000000,0.051717,0.003092,0.00027135
2,2,0.564176,0.000137,47.2803,0.000000,0.000000,0.000000,0.038311,0.003239,0.00027135
2,3,0.425745,0.000115,21.6275,0.000000,0.000000,0.000000,0.019379,0.003103,0.00027135
2,4,0.517635,0.000129,37.1287,0.000000,0.000000,0.000000,0.027026,0.002795,0.00027135
2,5,0.443661,0.000117,23.9544,0.000000,0.000000,0.000000,0.022841,0.002856,0.00027135
2,6,0.560575,0.000139,42.8084,0.000000,0.000000,0.000000,0.030341,0.002755,0.00027135
2,7,0.426403,0.000110,28.9609,0.000000,0.000000,0.000000,0.023029,0.003123,0.00027135
2,8,0.468689,0.000122,31.5430,0.000000,0.000000,0.000000,0.011296,0.002442,0.00027135
2,9,0.420088,0.000110,22.8237,0.000000,0.000000,0.000000,0.026121,0.002449,0.00027135
2,10,0.497583,0.000133,24.5299,0.000000,0.000000,0.000000,0.027342,0.002501,0.00027135
2,11,0.442902,0.000122,19.9440,0.000000,0.000000,0.000000,0.013988,0.002353,0.00027135
2,12,0.455818,0.000112,35.8225,0.000000,0.000000,0.000000,0.016065,0.002312,0.00027135
2,13,0.460662,0.000130,18.7411,0.000000,0.000000,0.000000,0.008654,0.002468,0.00027135
2,14,0.531061,0.000135,41.8738,0.000000,0.000000,0.000000,0.014596,0.002603,0.00027135
2,15,0.547479,0.000147,29.7608,0.000000,0.000000,0.000000,0.020844,0.002975,0.00027135
2,16,0.441000,0.000118,23.9220,0.000000,0.000000,0.000000,0.013308,0.002440,0.00027135
2,17,0.356096,0.000097,17.7106,0.000000,0.000000,0.000000,0.008870,0.003153,0.00027135
2,18,0.425266,0.000103,35.6669,0.000000,0.000000,0.000000,0.021946,0.002765,0.00027135
2,19,0.422509,0.000111,25.2324,0.000000,0.000000,0.000000,0.015137,0.001892,0.00027135
2,20,0.427352,0.000113,24.3459,0.000000,0.000000,0.000000,0.018504,0.002498,0.00027135
2,21,0.379518,0.000108,11.9568,0.000000,0.000000,0.000000,0.017564,0.002441,0.00027135
2,22,0.509398,0.000118,52.8195,0.000000,0.000000,0.000000,0.014738,0.004577,0.00027135
2,23,0.460399,0.000112,38.3586,0.000000,0.000000,0.000000,0.019682,0.002528,0.00027135
2,24,0.450159,0.000114,31.3367,0.000000,0.000000,0.000000,0.025369,0.003373,0.00027135
2,25,0.397559,0.000100,29.9898,0.000000,0.000000,0.000000,0.008653,0.001904,0.00027135
2,26,0.424504,0.000110,22.9125,0.000000,0.000000,0.000000,0.040064,0.002024,0.00027135
2,27,0.373144,0.000088,32.1179,0.000000,0.000000,0.000000,0.020677,0.002327,0.00027135
2,28,0.316343,0.000081,20.2312,0.000000,0.000000,0.000000,0.014708,0.002040,0.00027135
2,29,0.514642,0.000127,34.6093,0.000000,0.000000,0.000000,0.049797,0.002661,0.00027135
2,30,0.329764,0.000087,17.6055,0.000000,0.000000,0.000000,0.017353,0.002556,0.00027135
2,31,0.312145,0.000078,24.8494,0.000000,0.000000,0.000000,0.009015,0.002030,0.00027135
2,32,0.301346,0.000076,21.7316,0.000000,0.000000,0.000000,0.010732,0.002307,0.00027135
2,33,0.364998,0.000093,23.9180,0.000000,0.000000,0.000000,0.015525,0.002285,0.00027135
2,34,0.268858,0.000073,13.1636,0.000000,0.000000,0.000000,0.005546,0.001982,0.00027135
2,35,0.530786,0.000133,35.3179,0.000000,0.000000,0.000000,0.043410,0.003648,0.00027135
2,36,0.489854,0.000138,18.0053,0.000000,0.000000,0.000000,0.017867,0.003074,0.00027135
2,37,0.505192,0.000120,44.4003,0.000000,0.000000,0.000000,0.016253,0.002748,0.00027135
2,38,0.418221,0.000108,29.4720,0.000000,0.000000,0.000000,0.012492,0.002312,0.00027135
2,39,0.458786,0.000113,36.8987,0.000000,0.000000,0.000000,0.010850,0.002394,0.00027135
2,40,0.403276,0.000108,22.8205,0.000000,0.000000,0.000000,0.009942,0.002566,0.00027135
2,41,0.438272,0.000112,30.1750,0.000000,0.000000,0.000000,0.014598,0.002420,0.00027135
2,42,0.447788,0.000118,27.4577,0.000000,0.000000,0.000000,0.005123,0.002781,0.00027135
2,43,0.476576,0.000125,27.2009,0.000000,0.000000,0.000000,0.024848,0.001510,0.00027135
2,44,0.403167,0.000109,17.6037,0.000000,0.000000,0.000000,0.027092,0.002820,0.00027135
2,45,0.327882,0.000076,32.1971,0.000000,0.000000,0.000000,0.010440,0.002155,0.00027135
2,46,0.346770,0.000092,20.5073,0.000000,0.000000,0.000000,0.006466,0.002039,0.00027135
2,47,0.363571,0.000085,32.3462,0.000000,0.000000,0.000000,0.024835,0.001554,0.00027135
2,48,0.405812,0.000114,15.2570,0.000000,0.000000,0.000000,0.018212,0.001773,0.00027135
2,49,0.567785,0.000132,48.2756,0.000000,0.000000,0.000000,0.062204,0.009291,0.00027135
2,50,0.430000,0.000101,40.2423,0.000000,0.000000,0.000000,0.017035,0.004646,0.00027135
2,51,0.405010,0.000100,28.6505,0.000000,0.000000,0.000000,0.029040,0.002133,0.00027135
2,52,0.506287,0.000127,30.6664,0.000000,0.000000,0.000000,0.055288,0.005709,0.00027135
2,53,0.458447,0.000128,17.0529,0.000000,0.000000,0.000000,0.020401,0.002837,0.00027135
2,54,0.408248,0.000110,21.1720,0.000000,0.000000,0.000000,0.015455,0.002923,0.00027135
2,55,0.360179,0.000097,16.6500,0.000000,0.000000,0.000000,0.019887,0.002240,0.00027135
2,56,0.465499,0.000117,33.8525,0.000000,0.000000,0.000000,0.023658,0.003176,0.00027135
2,57,0.382031,0.000107,14.9382,0.000000,0.000000,0.000000,0.013988,0.002416,0.00027135
2,58,0.433139,0.000110,30.5651,0.000000,0.000000,0.000000,0.010469,0.002898,0.00027135
2,59,0.407885,0.000114,15.5437,0.000000,0.000000,0.000000,0.015753,0.002504,0.00027135
2,60,0.401240,0.000093,38.0247,0.000000,0.000000,0.000000,0.035944,0.001556,0.00027135
2,61,0.293332,0.000079,14.7401,0.000000,0.000000,0.000000,0.012879,0.000916,0.00027135
2,62,0.369176,0.000075,46.8561,0.000000,0.000000,0.000000,0.019543,0.002478,0.00027135
2,63,0.323885,0.000074,28.7648,0.000000,0.000000,0.000000,0.028560,0.002893,0.00027135
2,64,0.457174,0.000123,22.9283,0.000000,0.000000,0.000000,0.019431,0.004843,0.00027135
2,65,0.409851,0.000108,19.2653,0.000000,0.000000,0.000000,0.034358,0.002818,0.00027135
2,66,0.507024,0.000119,46.5252,0.000000,0.000000,0.000000,0.018502,0.004011,0.00027135
2,67,0.422161,0.000098,31.3426,0.000000,0.000000,0.000000,0.059099,0.002363,0.00027135
2,68,0.382007,0.000082,33.6870,0.000000,0.000000,0.000000,0.073064,0.002533,0.00027135
2,69,0.362894,0.000098,15.2714,0.000000,0.000000,0.000000,0.028291,0.003073,0.00027135
2,70,0.459677,0.000115,36.4502,0.000000,0.000000,0.000000,0.015026,0.006954,0.00027135
2,71,0.309987,0.000076,23.1225,0.000000,0.000000,0.000000,0.017284,0.004255,0.00027135
2,72,0.493901,0.000121,37.3242,0.000000,0.000000,0.000000,0.029731,0.002650,0.00027135
2,73,0.431229,0.000113,25.5974,0.000000,0.000000,0.000000,0.021192,0.003107,0.00027135
2,74,0.426993,0.000104,37.4080,0.000000,0.000000,0.000000,0.011591,0.002774,0.00027135
2,75,0.435733,0.000114,25.2488,0.000000,0.000000,0.000000,0.027091,0.002408,0.00027135
2,76,0.356858,0.000084,25.8558,0.000000,0.000000,0.000000,0.052217,0.002303,0.00027135
2,77,0.586755,0.000160,26.5495,0.000000,0.000000,0.000000,0.037561,0.002091,0.00027135
2,78,0.521918,0.000136,30.9861,0.000000,0.000000,0.000000,0.030418,0.002754,0.00027135
2,79,0.606904,0.000167,26.6696,0.000000,0.000000,0.000000,0.027494,0.001598,0.00027135
2,80,0.658102,0.000173,36.7035,0.000000,0.000000,0.000000,0.032772,0.004784,0.00027135
2,81,0.460544,0.000126,20.8074,0.000000,0.000000,0.000000,0.022977,0.003256,0.00027135
2,82,0.422727,0.000090,50.1319,0.000000,0.000000,0.000000,0.012948,0.001297,0.00027135
2,83,0.336987,0.000085,26.4918,0.000000,0.000000,0.000000,0.004609,0.001891,0.00027135
2,84,0.414454,0.000097,40.8649,0.000000,0.000000,0.000000,0.007005,0.002092,0.00027135
2,85,0.354790,0.000088,27.8745,0.000000,0.000000,0.000000,0.011041,0.001448,0.00027135
2,86,0.533974,0.000138,33.2432,0.000000,0.000000,0.000000,0.035763,0.003445,0.00027135
2,87,0.444929,0.000114,30.8303,0.000000,0.000000,0.000000,0.012201,0.002299,0.00027135
2,88,0.438553,0.000109,36.0906,0.000000,0.000000,0.000000,0.010912,0.002616,0.00027135
2,89,0.428758,0.000114,25.2120,0.000000,0.000000,0.000000,0.013918,0.002467,0.00027135
2,90,0.374966,0.000104,15.6707,0.000000,0.000000,0.000000,0.013240,0.001723,0.00027135
2,91,0.422260,0.000107,29.2116,0.000000,0.000000,0.000000,0.019251,0.002404,0.00027135
2,92,0.396009,0.000106,14.9889,0.000000,0.000000,0.000000,0.045322,0.004092,0.00027135
2,93,0.357412,0.000084,28.9354,0.000000,0.000000,0.000000,0.031183,0.004455,0.00027135
2,94,0.322813,0.000088,11.0023,0.000000,0.000000,0.000000,0.034777,0.002613,0.00027135
2,95,0.489092,0.000095,65.4105,0.000000,0.000000,0.000000,0.042857,0.003336,0.00027135
2,96,0.608448,0.000134,55.2264,0.000000,0.000000,0.000000,0.085687,0.005496,0.00027135
2,97,0.423975,0.000117,19.9775,0.000000,0.000000,0.000000,0.008654,0.002263,0.00027135
2,98,0.298041,0.000080,17.0266,0.000000,0.000000,0.000000,0.004429,0.002070,0.00027135
2,99,0.353159,0.000081,32.4670,0.000000,0.000000,0.000000,0.024266,0.001484,0.00027135
2,100,0.266745,0.000068,16.9693,0.000000,0.000000,0.000000,0.017310,0.001074,0.00027135
2,101,0.337020,0.000079,32.8059,0.000000,0.000000,0.000000,0.012886,0.001751,0.00027135
2,102,0.270358,0.000068,20.0207,0.000000,0.000000,0.000000,0.004172,0.001416,0.00027135
2,103,0.389033,0.000090,34.8481,0.000000,0.000000,0.000000,0.030098,0.001967,0.00027135
2,104,0.500043,0.000134,26.5213,0.000000,0.000000,0.000000,0.018753,0.001716,0.00027135
2,105,0.426403,0.000104,28.9114,0.000000,0.000000,0.000000,0.045516,0.003359,0.00027135
2,106,0.384761,0.000106,16.6780,0.000000,0.000000,0.000000,0.014404,0.002234,0.00027135
2,107,0.365012,0.000088,25.9771,0.000000,0.000000,0.000000,0.039269,0.001426,0.00027135
2,108,0.413004,0.000119,13.0194,0.000000,0.000000,0.000000,0.008405,0.002481,0.00027135
2,109,0.386292,0.000075,48.1154,0.000000,0.000000,0.000000,0.044420,0.002425,0.00027135
2,110,0.463204,0.000122,23.0630,0.000000,0.000000,0.000000,0.038283,0.002230,0.00027135
2,111,0.411246,0.000083,48.5912,0.000000,0.000000,0.000000,0.042453,0.002424,0.00027135
2,112,0.340404,0.000077,30.4263,0.000000,0.000000,0.000000,0.034116,0.001852,0.00027135
2,113,0.343724,0.000078,36.2227,0.000000,0.000000,0.000000,0.004859,0.001714,0.00027135
2,114,0.280153,0.000070,21.1988,0.000000,0.000000,0.000000,0.005648,0.001196,0.00027135
2,115,0.326965,0.000064,45.9745,0.000000,0.000000,0.000000,0.006576,0.000926,0.00027135
2,116,0.362256,0.000093,25.2498,0.000000,0.000000,0.000000,0.009083,0.001200,0.00027135
2,117,0.405004,0.000098,34.9376,0.000000,0.000000,0.000000,0.008654,0.002171,0.00027135
2,118,0.324996,0.000086,19.5718,0.000000,0.000000,0.000000,0.005039,0.002602,0.00027135
2,119,0.330907,0.000074,35.7299,0.000000,0.000000,0.000000,0.008293,0.001359,0.00027135
2,120,0.333512,0.000086,22.1045,0.000000,0.000000,0.000000,0.014459,0.001769,0.00027135
2,121,0.397764,0.000087,39.5565,0.000000,0.000000,0.000000,0.040239,0.003062,0.00027135
2,122,0.417544,0.000107,23.1007,0.000000,0.000000,0.000000,0.040524,0.002113,0.00027135
2,123,0.373883,0.000082,38.3847,0.000000,0.000000,0.000000,0.025846,0.002452,0.00027135
2,124,0.275283,0.000069,20.0286,0.000000,0.000000,0.000000,0.016065,0.001564,0.00027135
2,125,0.337650,0.000073,35.2917,0.000000,0.000000,0.000000,0.030235,0.001282,0.00027135
2,126,0.274934,0.000071,18.3280,0.000000,0.000000,0.000000,0.010870,0.002118,0.00027135
2,127,0.382318,0.000086,41.0628,0.000000,0.000000,0.000000,0.006708,0.001645,0.00027135
2,128,0.336015,0.000080,30.8377,0.000000,0.000000,0.000000,0.011814,0.001130,0.00027135
2,129,0.385836,0.000101,24.0820,0.000000,0.000000,0.000000,0.008723,0.002633,0.00027135
2,130,0.275044,0.000072,16.4055,0.000000,0.000000,0.000000,0.011660,0.003559,0.00027135
2,131,0.361299,0.000083,37.5691,0.000000,0.000000,0.000000,0.011591,0.003342,0.00027135
2,132,0.318741,0.000088,13.5309,0.000000,0.000000,0.000000,0.014279,0.003110,0.00027135
2,133,0.451339,0.000104,46.9523,0.000000,0.000000,0.000000,0.007615,0.001831,0.00027135
2,134,0.310598,0.000069,36.4394,0.000000,0.000000,0.000000,0.008654,0.002089,0.00027135
2,135,0.473786,0.000126,23.2520,0.000000,0.000000,0.000000,0.031948,0.001941,0.00027135
2,136,0.470066,0.000121,23.9373,0.000000,0.000000,0.000000,0.052401,0.001876,0.00027135
2,137,0.369508,0.000089,31.5794,0.000000,0.000000,0.000000,0.021946,0.002174,0.00027135
2,138,0.252857,0.000067,15.4720,0.000000,0.000000,0.000000,0.003570,0.002146,0.00027135
2,139,0.309781,0.000072,29.6051,0.000000,0.000000,0.000000,0.007005,0.001170,0.00027135
2,140,0.301505,0.000083,12.0876,0.000000,0.000000,0.000000,0.018713,0.002218,0.00027135
2,141,0.443393,0.000110,30.5508,0.000000,0.000000,0.000000,0.037415,0.007425,0.00027135
2,142,0.379490,0.000101,21.6975,0.000000,0.000000,0.000000,0.007005,0.005456,0.00027135
2,143,0.506373,0.000133,32.1378,0.000000,0.000000,0.000000,0.014030,0.007748,0.00027135
2,144,0.424981,0.000112,24.0970,0.000000,0.000000,0.000000,0.009879,0.008962,0.00027135
2,145,0.511548,0.000129,39.0760,0.000000,0.000000,0.000000,0.014305,0.004386,0.00027135
2,146,0.399321,0.000101,27.1717,0.000000,0.000000,0.000000,0.020303,0.004344,0.00027135
2,147,0.474310,0.000116,35.0662,0.000000,0.000000,0.000000,0.042673,0.001882,0.00027135
2,148,0.292572,0.000073,21.3476,0.000000,0.000000,0.000000,0.012338,0.001478,0.00027135
2,149,0.341188,0.000087,23.8436,0.000000,0.000000,0.000000,0.015886,0.001723,0.00027135
2,150,0.401389,0.000109,19.0987,0.000000,0.000000,0.000000,0.016612,0.003112,0.00027135
2,151,0.295002,0.000071,26.7020,0.000000,0.000000,0.000000,0.011342,0.001761,0.00027135
2,152,0.346135,0.000095,14.8474,0.000000,0.000000,0.000000,0.017058,0.001000,0.00027135
2,153,0.302610,0.000073,23.9212,0.000000,0.000000,0.000000,0.014146,0.000769,0.00027135
2,154,0.382504,0.000102,18.8429,0.000000,0.000000,0.000000,0.023906,0.002759,0.00027135
2,155,0.427372,0.000105,25.0982,0.000000,0.000000,0.000000,0.060369,0.003684,0.00027135
2,156,0.422351,0.000109,24.1261,0.000000,0.000000,0.000000,0.032715,0.003439,0.00027135
2,157,0.441938,0.000102,38.9667,0.000000,0.000000,0.000000,0.038979,0.004021,0.00027135
2,158,0.307594,0.000081,17.1844,0.000000,0.000000,0.000000,0.017651,0.002912,0.00027135
2,159,0.316515,0.000076,25.7921,0.000000,0.000000,0.000000,0.014596,0.002248,0.00027135
2,160,0.298631,0.000079,16.3478,0.000000,0.000000,0.000000,0.012948,0.001692,0.00027135
2,161,0.381492,0.000086,40.7533,0.000000,0.000000,0.000000,0.006623,0.002032,0.00027135
2,162,0.327658,0.000078,27.2706,0.000000,0.000000,0.000000,0.017104,0.001200,0.00027135
2,163,0.448216,0.000099,47.5279,0.000000,0.000000,0.000000,0.020795,0.001753,0.00027135
2,164,0.402708,0.000096,34.1409,0.000000,0.000000,0.000000,0.020719,0.000980,0.00027135
2,165,0.410385,0.000098,35.8041,0.000000,0.000000,0.000000,0.017062,0.003106,0.00027135
2,166,0.372205,0.000099,21.3454,0.000000,0.000000,0.000000,0.007366,0.002821,0.00027135
2,167,0.493742,0.000121,39.6149,0.000000,0.000000,0.000000,0.015144,0.003461,0.00027135
2,168,0.343334,0.000091,19.3458,0.000000,0.000000,0.000000,0.008474,0.002052,0.00027135
2,169,0.443374,0.000103,42.2837,0.000000,0.000000,0.000000,0.007615,0.002766,0.00027135
2,170,0.314450,0.000082,21.0586,0.000000,0.000000,0.000000,0.004172,0.002324,0.00027135
2,171,0.493711,0.000125,36.1833,0.000000,0.000000,0.000000,0.019766,0.001705,0.00027135
2,172,0.383880,0.000094,29.4212,0.000000,0.000000,0.000000,0.019611,0.001497,0.00027135
2,173,0.320388,0.000089,14.3801,0.000000,0.000000,0.000000,0.009083,0.001178,0.00027135
2,174,0.430255,0.000102,40.1894,0.000000,0.000000,0.000000,0.007795,0.001480,0.00027135
2,175,0.324195,0.000091,13.3836,0.000000,0.000000,0.000000,0.006147,0.001788,0.00027135
2,176,0.450428,0.000106,45.8429,0.000000,0.000000,0.000000,0.010621,0.002227,0.00027135
2,177,0.345111,0.000079,35.4836,0.000000,0.000000,0.000000,0.006327,0.001090,0.00027135
2,178,0.292300,0.000074,20.2939,0.000000,0.000000,0.000000,0.008293,0.000833,0.00027135
2,179,0.299995,0.000079,18.3557,0.000000,0.000000,0.000000,0.008293,0.001333,0.00027135
2,180,0.466760,0.000118,34.2924,0.000000,0.000000,0.000000,0.012613,0.001788,0.00027135
2,181,0.349474,0.000095,15.2027,0.000000,0.000000,0.000000,0.022368,0.001110,0.00027135
2,182,0.601591,0.000132,66.9192,0.000000,0.000000,0.000000,0.031138,0.002313,0.00027135
2,183,0.353216,0.000074,43.9693,0.000000,0.000000,0.000000,0.008723,0.001769,0.00027135
2,184,0.368891,0.000092,29.3548,0.000000,0.000000,0.000000,0.015095,0.001265,0.00027135
2,185,0.342631,0.000086,26.2055,0.000000,0.000000,0.000000,0.012630,0.002595,0.00027135
2,186,0.315696,0.000072,33.1211,0.000000,0.000000,0.000000,0.003141,0.000790,0.00027135
2,187,0.238840,0.000064,12.9627,0.000000,0.000000,0.000000,0.006919,0.000905,0.00027135
2,188,0.405457,0.000107,23.5584,0.000000,0.000000,0.000000,0.011479,0.001475,0.00027135
2,189,0.305561,0.000076,25.6210,0.000000,0.000000,0.000000,0.003570,0.000816,0.00027135
2,190,0.349644,0.000081,32.9876,0.000000,0.000000,0.000000,0.008225,0.001665,0.00027135
2,191,0.322898,0.000091,12.1785,0.000000,0.000000,0.000000,0.008156,0.001706,0.00027135
2,192,0.468058,0.000114,45.1218,0.000000,0.000000,0.000000,0.010122,0.002702,0.00027135
2,193,0.293915,0.000068,28.6104,0.000000,0.000000,0.000000,0.022686,0.001703,0.00027135
2,194,0.322678,0.000086,17.7168,0.000000,0.000000,0.000000,0.012587,0.001485,0.00027135
2,195,0.285684,0.000080,11.0995,0.000000,0.000000,0.000000,0.007458,0.000800,0.00027135
2,196,0.392838,0.000094,33.9644,0.000000,0.000000,0.000000,0.016743,0.001492,0.00027135
2,197,0.326271,0.000082,24.6313,0.000000,0.000000,0.000000,0.006327,0.001112,0.00027135
2,198,0.282636,0.000075,16.7057,0.000000,0.000000,0.000000,0.009873,0.001033,0.00027135
2,199,0.358017,0.000098,16.5217,0.000000,0.000000,0.000000,0.011951,0.002395,0.00027135
2,200,0.339905,0.000074,41.9357,0.000000,0.000000,0.000000,0.003570,0.000740,0.00027135
2,201,0.256582,0.000066,17.0564,0.000000,0.000000,0.000000,0.005717,0.000467,0.00027135
2,202,0.276558,0.000064,29.2159,0.000000,0.000000,0.000000,0.007435,0.000708,0.00027135
2,203,0.349092,0.000101,10.0217,0.000000,0.000000,0.000000,0.012518,0.000945,0.00027135
2,204,0.451432,0.000111,36.2374,0.000000,0.000000,0.000000,0.015740,0.002769,0.00027135
2,205,0.468244,0.000131,17.2415,0.000000,0.000000,0.000000,0.027882,0.001703,0.00027135
2,206,0.411723,0.000100,31.1306,0.000000,0.000000,0.000000,0.025124,0.004277,0.00027135
2,207,0.453980,0.000120,25.0675,0.000000,0.000000,0.000000,0.021080,0.003920,0.00027135
2,208,0.377980,0.000085,35.5697,0.000000,0.000000,0.000000,0.034006,0.002174,0.00027135
2,209,0.323562,0.000084,20.7787,0.000000,0.000000,0.000000,0.011522,0.002400,0.00027135
2,210,0.352621,0.000078,42.4905,0.000000,0.000000,0.000000,0.007005,0.001738,0.00027135
2,211,0.477888,0.000126,28.0312,0.000000,0.000000,0.000000,0.015567,0.004610,0.00027135
2,212,0.299361,0.000076,21.0906,0.000000,0.000000,0.000000,0.012658,0.002558,0.00027135
2,213,0.314314,0.000079,23.3928,0.000000,0.000000,0.000000,0.006576,0.001382,0.00027135
2,214,0.394044,0.000096,31.9779,0.000000,0.000000,0.000000,0.017602,0.002476,0.00027135
2,215,0.274994,0.000074,15.0623,0.000000,0.000000,0.000000,0.006576,0.001928,0.00027135
2,216,0.322684,0.000076,30.0619,0.000000,0.000000,0.000000,0.008293,0.001042,0.00027135
2,217,0.419605,0.000118,16.5098,0.000000,0.000000,0.000000,0.010732,0.001300,0.00027135
2,218,0.521328,0.000140,27.0237,0.000000,0.000000,0.000000,0.024197,0.002482,0.00027135
2,219,0.304366,0.000077,19.9873,0.000000,0.000000,0.000000,0.024446,0.002426,0.00027135
2,220,0.306207,0.000070,31.2431,0.000000,0.000000,0.000000,0.007864,0.001550,0.00027135
2,221,0.291712,0.000077,13.4048,0.000000,0.000000,0.000000,0.027313,0.001599,0.00027135
2,222,0.488727,0.000114,44.6030,0.000000,0.000000,0.000000,0.041526,0.006206,0.00027135
2,223,0.459252,0.000101,41.1837,0.000000,0.000000,0.000000,0.062673,0.003624,0.00027135
2,224,0.459617,0.000123,19.5483,0.000000,0.000000,0.000000,0.042632,0.002362,0.00027135
2,225,0.395952,0.000084,40.8562,0.000000,0.000000,0.000000,0.039922,0.004263,0.00027135
2,226,0.411396,0.000116,13.0246,0.000000,0.000000,0.000000,0.024153,0.002027,0.00027135
2,227,0.493371,0.000110,53.8566,0.000000,0.000000,0.000000,0.014098,0.002145,0.00027135
2,228,0.424069,0.000100,39.6548,0.000000,0.000000,0.000000,0.013738,0.001886,0.00027135
2,229,0.493332,0.000133,25.8677,0.000000,0.000000,0.000000,0.016886,0.000969,0.00027135
2,230,0.305337,0.000083,13.0961,0.000000,0.000000,0.000000,0.016383,0.001613,0.00027135
2,231,0.504337,0.000109,47.3966,0.000000,0.000000,0.000000,0.070667,0.004690,0.00027135
2,232,0.331262,0.000082,26.2884,0.000000,0.000000,0.000000,0.015816,0.001546,0.00027135
2,233,0.388404,0.000081,42.5730,0.000000,0.000000,0.000000,0.036624,0.002223,0.00027135
2,234,0.302978,0.000079,19.0584,0.000000,0.000000,0.000000,0.009942,0.001938,0.00027135
2,235,0.330054,0.000067,43.0007,0.000000,0.000000,0.000000,0.007366,0.000862,0.00027135
2,236,0.483232,0.000129,27.0107,0.000000,0.000000,0.000000,0.017422,0.003761,0.00027135
2,237,0.390121,0.000100,30.3985,0.000000,0.000000,0.000000,0.008946,0.002711,0.00027135
2,238,0.272185,0.000068,19.8650,0.000000,0.000000,0.000000,0.006919,0.001330,0.00027135
2,239,0.375264,0.000084,40.1119,0.000000,0.000000,0.000000,0.006327,0.001631,0.00027135
2,240,0.430316,0.000111,27.9132,0.000000,0.000000,0.000000,0.012450,0.001893,0.00027135
2,241,0.384896,0.000083,43.9719,0.000000,0.000000,0.000000,0.012699,0.001585,0.00027135
2,242,0.297988,0.000071,25.6747,0.000000,0.000000,0.000000,0.010552,0.001656,0.00027135
2,243,0.320539,0.000066,41.4197,0.000000,0.000000,0.000000,0.009762,0.001037,0.00027135
2,244,0.355774,0.000082,32.7191,0.000000,0.000000,0.000000,0.023166,0.001415,0.00027135
2,245,0.360794,0.000081,38.8866,0.000000,0.000000,0.000000,0.009693,0.000944,0.00027135
2,246,0.325435,0.000085,21.3765,0.000000,0.000000,0.000000,0.009572,0.002278,0.00027135
2,247,0.327372,0.000079,28.8560,0.000000,0.000000,0.000000,0.010372,0.001902,0.00027135
2,248,0.367510,0.000094,25.1023,0.000000,0.000000,0.000000,0.012338,0.002108,0.00027135
2,249,0.339620,0.000080,35.0603,0.000000,0.000000,0.000000,0.005898,0.000784,0.00027135
2,250,0.346060,0.000087,25.1236,0.000000,0.000000,0.000000,0.007005,0.001508,0.00027135
2,251,0.315929,0.000079,24.9928,0.000000,0.000000,0.000000,0.004790,0.001679,0.00027135
2,252,0.242832,0.000065,12.3368,0.000000,0.000000,0.000000,0.011660,0.000756,0.00027135
2,253,0.564782,0.000130,60.4082,0.000000,0.000000,0.000000,0.028617,0.002271,0.00027135
2,254,0.419157,0.000094,45.4887,0.000000,0.000000,0.000000,0.006327,0.001696,0.00027135
2,255,0.476559,0.000132,21.9267,0.000000,0.000000,0.000000,0.005546,0.001147,0.00027135
2,256,0.399926,0.000092,38.1309,0.000000,0.000000,0.000000,0.034656,0.001645,0.00027135
2,257,0.337489,0.000089,21.5661,0.000000,0.000000,0.000000,0.004609,0.001312,0.00027135
2,258,0.367802,0.000090,30.8703,0.000000,0.000000,0.000000,0.010981,0.000899,0.00027135
2,259,0.448177,0.000127,15.5749,0.000000,0.000000,0.000000,0.014174,0.002449,0.00027135
2,260,0.370001,0.000082,39.7668,0.000000,0.000000,0.000000,0.008044,0.001662,0.00027135
2,261,0.476602,0.000123,29.9002,0.000000,0.000000,0.000000,0.027451,0.001548,0.00027135
2,262,0.337591,0.000085,21.7519,0.000000,0.000000,0.000000,0.022368,0.002004,0.00027135
2,263,0.233095,0.000062,14.0496,0.000000,0.000000,0.000000,0.004066,0.000893,0.00027135
2,264,0.310691,0.000066,36.6010,0.000000,0.000000,0.000000,0.009152,0.001035,0.00027135
2,265,0.328349,0.000094,12.1762,0.000000,0.000000,0.000000,0.005468,0.001333,0.00027135
2,266,0.374293,0.000083,42.6616,0.000000,0.000000,0.000000,0.013489,0.001183,0.00027135
2,267,0.420203,0.000108,28.5862,0.000000,0.000000,0.000000,0.018254,0.001761,0.00027135
2,268,0.393674,0.000097,31.2384,0.000000,0.000000,0.000000,0.014167,0.001298,0.00027135
2,269,0.370852,0.000092,27.4002,0.000000,0.000000,0.000000,0.014708,0.001130,0.00027135
2,270,0.297041,0.000081,14.4364,0.000000,0.000000,0.000000,0.010876,0.001059,0.00027135
2,271,0.348677,0.000078,37.0360,0.000000,0.000000,0.000000,0.011479,0.001109,0.00027135
2,272,0.264801,0.000069,16.4528,0.000000,0.000000,0.000000,0.008293,0.001549,0.00027135
2,273,0.588404,0.000134,57.7028,0.000000,0.000000,0.000000,0.048603,0.002660,0.00027135
2,274,0.341319,0.000080,24.6098,0.000000,0.000000,0.000000,0.050638,0.002961,0.00027135
2,275,0.415543,0.000102,32.4774,0.000000,0.000000,0.000000,0.017533,0.002911,0.00027135
2,276,0.304790,0.000086,10.7938,0.000000,0.000000,0.000000,0.009513,0.001504,0.00027135
2,277,0.451577,0.000097,52.7200,0.000000,0.000000,0.000000,0.013446,0.001719,0.00027135
2,278,0.469557,0.000112,36.9031,0.000000,0.000000,0.000000,0.045440,0.001631,0.00027135
2,279,0.293625,0.000074,20.7770,0.000000,0.000000,0.000000,0.010303,0.001690,0.00027135
2,280,0.651549,0.000179,22.3518,0.000000,0.000000,0.000000,0.063785,0.003741,0.00027135
2,281,0.392549,0.000085,45.3473,0.000000,0.000000,0.000000,0.021621,0.004045,0.00027135
2,282,0.424901,0.000106,29.1638,0.000000,0.000000,0.000000,0.031995,0.002084,0.00027135
2,283,0.404207,0.000105,26.4948,0.000000,0.000000,0.000000,0.017894,0.001160,0.00027135
2,284,0.322284,0.000089,14.1729,0.000000,0.000000,0.000000,0.013308,0.001107,0.00027135
2,285,0.371268,0.000085,36.6030,0.000000,0.000000,0.000000,0.008044,0.002735,0.00027135
2,286,0.280798,0.000067,27.2000,0.000000,0.000000,0.000000,0.006327,0.001042,0.00027135
2,287,0.406453,0.000110,22.6762,0.000000,0.000000,0.000000,0.006756,0.002308,0.00027135
2,288,0.314161,0.000086,14.3875,0.000000,0.000000,0.000000,0.008293,0.002824,0.00027135
2,289,0.340758,0.000076,43.9969,0.000000,0.000000,0.000000,0.004172,0.001147,0.00027135
2,290,0.470088,0.000114,38.7740,0.000000,0.000000,0.000000,0.019319,0.003482,0.00027135
2,291,0.350761,0.000092,20.3381,0.000000,0.000000,0.000000,0.016003,0.002141,0.00027135
2,292,0.442523,0.000098,49.8097,0.000000,0.000000,0.000000,0.016134,0.003083,0.00027135
2,293,0.437548,0.000119,22.3744,0.000000,0.000000,0.000000,0.010191,0.001295,0.00027135
2,294,0.447240,0.000106,41.9841,0.000000,0.000000,0.000000,0.004429,0.001384,0.00027135
2,295,0.485018,0.000130,22.7340,0.000000,0.000000,0.000000,0.035744,0.002842,0.00027135
2,296,0.494149,0.000127,33.7687,0.000000,0.000000,0.000000,0.010122,0.003031,0.00027135
2,297,0.395770,0.000108,20.8162,0.000000,0.000000,0.000000,0.005345,0.002625,0.00027135
2,298,0.376803,0.000084,40.7799,0.000000,0.000000,0.000000,0.007435,0.001364,0.00027135
2,299,0.325590,0.000087,17.3035,0.000000,0.000000,0.000000,0.016563,0.000612,0.00027135
2,300,0.347296,0.000074,39.4377,0.000000,0.000000,0.000000,0.017976,0.000806,0.00027135
2,301,0.279290,0.000075,16.4991,0.000000,0.000000,0.000000,0.004429,0.000961,0.00027135
2,302,0.367295,0.000078,44.4659,0.000000,0.000000,0.000000,0.007186,0.001046,0.00027135
2,303,0.321059,0.000075,30.1039,0.000000,0.000000,0.000000,0.008474,0.001104,0.00027135
2,304,0.373437,0.000087,34.9910,0.000000,0.000000,0.000000,0.013059,0.001043,0.00027135
2,305,0.349440,0.000094,17.5209,0.000000,0.000000,0.000000,0.017714,0.001634,0.00027135
2,306,0.553216,0.000139,36.7522,0.000000,0.000000,0.000000,0.048276,0.001064,0.00027135
2,307,0.469333,0.000118,31.8531,0.000000,0.000000,0.000000,0.026345,0.002417,0.00027135
2,308,0.525163,0.000137,27.1988,0.000000,0.000000,0.000000,0.039941,0.001702,0.00027135
2,309,0.340601,0.000088,19.3661,0.000000,0.000000,0.000000,0.025983,0.001520,0.00027135
2,310,0.298293,0.000062,35.5794,0.000000,0.000000,0.000000,0.023726,0.001418,0.00027135
2,311,0.317512,0.000076,29.4751,0.000000,0.000000,0.000000,0.009195,0.000905,0.00027135
2,312,0.322451,0.000089,15.2603,0.000000,0.000000,0.000000,0.007435,0.001766,0.00027135
2,313,0.265851,0.000067,20.7700,0.000000,0.000000,0.000000,0.005288,0.001137,0.00027135
2,314,0.341332,0.000079,34.0478,0.000000,0.000000,0.000000,0.008822,0.001441,0.00027135
2,315,0.490786,0.000129,20.1474,0.000000,0.000000,0.000000,0.062988,0.001627,0.00027135
2,316,0.543098,0.000141,31.6704,0.000000,0.000000,0.000000,0.030958,0.002614,0.00027135
2,317,0.462494,0.000118,23.8506,0.000000,0.000000,0.000000,0.062007,0.001708,0.00027135
2,318,0.407804,0.000096,37.7425,0.000000,0.000000,0.000000,0.021080,0.002020,0.00027135
2,319,0.308131,0.000085,12.0530,0.000000,0.000000,0.000000,0.016676,0.002039,0.00027135
2,320,0.559780,0.000140,37.7218,0.000000,0.000000,0.000000,0.037538,0.003703,0.00027135
2,321,0.422873,0.000110,25.5779,0.000000,0.000000,0.000000,0.015206,0.001923,0.00027135
2,322,0.416253,0.000100,35.9196,0.000000,0.000000,0.000000,0.023272,0.001034,0.00027135
2,323,0.338906,0.000092,16.6508,0.000000,0.000000,0.000000,0.013789,0.000882,0.00027135
2,324,0.566281,0.000143,41.0150,0.000000,0.000000,0.000000,0.032473,0.002760,0.00027135
2,325,0.479077,0.000128,25.1038,0.000000,0.000000,0.000000,0.024066,0.002201,0.00027135
2,326,0.461353,0.000123,26.1193,0.000000,0.000000,0.000000,0.014244,0.002385,0.00027135
2,327,0.539884,0.000152,19.0088,0.000000,0.000000,0.000000,0.026086,0.002436,0.00027135
2,328,0.501705,0.000129,32.7062,0.000000,0.000000,0.000000,0.014295,0.002236,0.00027135
2,329,0.437394,0.000124,16.3123,0.000000,0.000000,0.000000,0.011847,0.002058,0.00027135
2,330,0.490933,0.000124,34.3367,0.000000,0.000000,0.000000,0.020479,0.002571,0.00027135
2,331,0.497814,0.000134,22.9794,0.000000,0.000000,0.000000,0.029536,0.002393,0.00027135
2,332,0.561300,0.000150,24.8107,0.000000,0.000000,0.000000,0.050156,0.001564,0.00027135
2,333,0.405120,0.000107,20.4059,0.000000,0.000000,0.000000,0.027768,0.002492,0.00027135
2,334,0.544772,0.000144,30.5905,0.000000,0.000000,0.000000,0.029105,0.003228,0.00027135
2,335,0.393274,0.000107,19.2321,0.000000,0.000000,0.000000,0.013059,0.002982,0.00027135
2,336,0.350191,0.000084,30.6064,0.000000,0.000000,0.000000,0.011591,0.001899,0.00027135
2,337,0.439521,0.000126,14.5725,0.000000,0.000000,0.000000,0.013309,0.001353,0.00027135
2,338,0.373857,0.000095,28.7593,0.000000,0.000000,0.000000,0.007005,0.003971,0.00027135
2,339,0.490350,0.000132,24.0415,0.000000,0.000000,0.000000,0.024224,0.002173,0.00027135
2,340,0.353750,0.000083,33.3397,0.000000,0.000000,0.000000,0.004172,0.005131,0.00027135
2,341,0.406582,0.000109,17.6144,0.000000,0.000000,0.000000,0.038992,0.001266,0.00027135
2,342,0.583661,0.000138,49.8690,0.000000,0.000000,0.000000,0.060241,0.002171,0.00027135
2,343,0.586483,0.000151,35.9580,0.000000,0.000000,0.000000,0.036485,0.002579,0.00027135
2,344,0.451359,0.000125,17.5230,0.000000,0.000000,0.000000,0.027826,0.001723,0.00027135
2,345,0.372303,0.000102,16.2467,0.000000,0.000000,0.000000,0.017111,0.002154,0.00027135
2,346,0.440066,0.000116,23.3332,0.000000,0.000000,0.000000,0.028380,0.002899,0.00027135
2,347,0.428736,0.000113,21.5335,0.000000,0.000000,0.000000,0.031408,0.001955,0.00027135
2,348,0.445364,0.000115,30.2580,0.000000,0.000000,0.000000,0.009879,0.002402,0.00027135
2,349,0.334573,0.000090,17.5062,0.000000,0.000000,0.000000,0.012948,0.001770,0.00027135
2,350,0.373310,0.000101,19.9357,0.000000,0.000000,0.000000,0.008474,0.000579,0.00027135
2,351,0.536788,0.000145,18.5029,0.000000,0.000000,0.000000,0.068377,0.002781,0.00027135
2,352,0.420116,0.000108,24.3135,0.000000,0.000000,0.000000,0.029897,0.001776,0.00027135
2,353,0.352727,0.000089,23.5287,0.000000,0.000000,0.000000,0.024633,0.001466,0.00027135
2,354,0.374275,0.000095,19.0037,0.000000,0.000000,0.000000,0.050062,0.001560,0.00027135
2,355,0.401289,0.000105,24.0662,0.000000,0.000000,0.000000,0.017353,0.001804,0.00027135
2,356,0.317052,0.000075,28.3338,0.000000,0.000000,0.000000,0.012089,0.000764,0.00027135
2,357,0.258763,0.000068,13.6162,0.000000,0.000000,0.000000,0.017911,0.000684,0.00027135
2,358,0.376702,0.000094,26.6061,0.000000,0.000000,0.000000,0.022189,0.000934,0.00027135
2,359,0.324258,0.000086,17.1576,0.000000,0.000000,0.000000,0.018323,0.001304,0.00027135
2,360,0.353402,0.000087,28.9447,0.000000,0.000000,0.000000,0.014416,0.001165,0.00027135
2,361,0.461271,0.000122,21.5960,0.000000,0.000000,0.000000,0.045094,0.001731,0.00027135
2,362,0.876885,0.000245,28.9334,0.000000,0.000000,0.000000,0.070853,0.002709,0.00027135
2,363,0.683301,0.000193,19.3058,0.000000,0.000000,0.000000,0.054455,0.002969,0.00027135
2,364,0.683792,0.000188,23.9158,0.000000,0.000000,0.000000,0.065217,0.004318,0.00027135
2,365,0.750530,0.000208,21.0813,0.000000,0.000000,0.000000,0.082047,0.004584,0.00027135
2,366,0.451787,0.000120,18.9741,0.000000,0.000000,0.000000,0.043758,0.002796,0.00027135
2,367,0.517382,0.000139,22.8051,0.000000,0.000000,0.000000,0.036168,0.003351,0.00027135
2,368,0.313576,0.000076,20.3834,0.000000,0.000000,0.000000,0.044643,0.002377,0.00027135
2,369,0.391561,0.000107,16.9651,0.000000,0.000000,0.000000,0.021217,0.002907,0.00027135
2,370,0.328659,0.000089,17.2823,0.000000,0.000000,0.000000,0.011050,0.001726,0.00027135
2,371,0.400636,0.000110,17.7610,0.000000,0.000000,0.000000,0.014347,0.002861,0.00027135
2,372,0.351820,0.000078,38.0067,0.000000,0.000000,0.000000,0.008044,0.002452,0.00027135
2,373,0.347883,0.000099,9.9565,0.000000,0.000000,0.000000,0.017291,0.002858,0.00027135
2,374,0.377820,0.000096,27.0103,0.000000,0.000000,0.000000,0.011041,0.003297,0.00027135
2,375,0.336239,0.000093,11.1878,0.000000,0.000000,0.000000,0.026026,0.003892,0.00027135
2,376,0.454398,0.000117,29.5299,0.000000,0.000000,0.000000,0.015524,0.003377,0.00027135
2,377,0.428988,0.000115,21.9444,0.000000,0.000000,0.000000,0.012269,0.005391,0.00027135
2,378,0.408856,0.000101,32.4808,0.000000,0.000000,0.000000,0.023184,0.003279,0.00027135
2,379,0.318404,0.000076,27.7804,0.000000,0.000000,0.000000,0.009949,0.000832,0.00027135
2,380,0.299145,0.000079,17.8047,0.000000,0.000000,0.000000,0.010732,0.002313,0.00027135
2,381,0.349046,0.000089,21.7661,0.000000,0.000000,0.000000,0.025237,0.002174,0.00027135
2,382,0.270004,0.000064,24.3747,0.000000,0.000000,0.000000,0.006180,0.000775,0.00027135
2,383,0.402657,0.000111,18.0934,0.000000,0.000000,0.000000,0.012961,0.001477,0.00027135
2,384,0.332300,0.000080,26.0018,0.000000,0.000000,0.000000,0.025056,0.001721,0.00027135
2,385,0.310953,0.000080,23.2718,0.000000,0.000000,0.000000,0.002892,0.001493,0.00027135
2,386,0.272252,0.000073,14.5710,0.000000,0.000000,0.000000,0.009942,0.001613,0.00027135
2,387,0.347561,0.000094,17.3440,0.000000,0.000000,0.000000,0.011411,0.001885,0.00027135
2,388,0.476535,0.000109,48.9412,0.000000,0.000000,0.000000,0.007976,0.002100,0.00027135
2,389,0.322312,0.000083,20.9875,0.000000,0.000000,0.000000,0.010981,0.001847,0.00027135
2,390,0.358170,0.000074,44.7318,0.000000,0.000000,0.000000,0.009152,0.001390,0.00027135
2,391,0.333389,0.000084,23.7702,0.000000,0.000000,0.000000,0.009667,0.000839,0.00027135
3,1,0.516739,0.000132,31.3264,0.000000,0.000000,0.000000,0.037839,0.002558,0.00019635
3,2,0.487234,0.000131,22.3705,0.000000,0.000000,0.000000,0.029536,0.002400,0.00019635
3,3,0.429878,0.000108,30.0973,0.000000,0.000000,0.000000,0.020693,0.002172,0.00019635
3,4,0.457231,0.000127,17.1570,0.000000,0.000000,0.000000,0.023048,0.002096,0.00019635
3,5,0.464383,0.000116,34.0346,0.000000,0.000000,0.000000,0.018901,0.001856,0.00019635
3,6,0.486713,0.000133,21.1880,0.000000,0.000000,0.000000,0.027672,0.001925,0.00019635
3,7,0.404262,0.000107,22.5444,0.000000,0.000000,0.000000,0.016861,0.002459,0.00019635
3,8,0.396496,0.000110,17.7506,0.000000,0.000000,0.000000,0.012267,0.001992,0.00019635
3,9,0.417820,0.000105,29.1565,0.000000,0.000000,0.000000,0.019182,0.002268,0.00019635
3,10,0.468035,0.000131,18.7058,0.000000,0.000000,0.000000,0.015816,0.002122,0.00019635
3,11,0.439227,0.000115,27.0701,0.000000,0.000000,0.000000,0.012630,0.001862,0.00019635
3,12,0.397236,0.000112,14.3587,0.000000,0.000000,0.000000,0.011411,0.001939,0.00019635
3,13,0.490236,0.000123,37.2019,0.000000,0.000000,0.000000,0.008834,0.001914,0.00019635
3,14,0.455338,0.000125,21.1746,0.000000,0.000000,0.000000,0.013627,0.001862,0.00019635
3,15,0.547409,0.000139,37.1322,0.000000,0.000000,0.000000,0.020586,0.002186,0.00019635
3,16,0.411894,0.000115,18.0311,0.000000,0.000000,0.000000,0.009332,0.002125,0.00019635
3,17,0.411242,0.000099,36.4011,0.000000,0.000000,0.000000,0.008870,0.002553,0.00019635
3,18,0.385240,0.000104,18.4659,0.000000,0.000000,0.000000,0.019210,0.002081,0.00019635
3,19,0.410390,0.000105,27.4367,0.000000,0.000000,0.000000,0.011619,0.001504,0.00019635
3,20,0.405463,0.000109,21.5362,0.000000,0.000000,0.000000,0.014777,0.001830,0.00019635
3,21,0.386591,0.000098,28.1693,0.000000,0.000000,0.000000,0.009513,0.001946,0.00019635
3,22,0.393778,0.000107,19.2671,0.000000,0.000000,0.000000,0.009702,0.001725,0.00019635
3,23,0.362092,0.000098,18.5066,0.000000,0.000000,0.000000,0.010122,0.001677,0.00019635
3,24,0.377475,0.000109,11.4037,0.000000,0.000000,0.000000,0.012450,0.002178,0.00019635
3,25,0.381747,0.000099,26.2701,0.000000,0.000000,0.000000,0.008515,0.001501,0.00019635
3,26,0.394684,0.000105,17.7976,0.000000,0.000000,0.000000,0.037039,0.001594,0.00019635
3,27,0.371925,0.000088,35.8096,0.000000,0.000000,0.000000,0.010054,0.002246,0.00019635
3,28,0.318340,0.000080,21.1661,0.000000,0.000000,0.000000,0.017645,0.001333,0.00019635
3,29,0.481530,0.000131,20.7768,0.000000,0.000000,0.000000,0.032396,0.002303,0.00019635
3,30,0.342587,0.000083,29.7958,0.000000,0.000000,0.000000,0.012381,0.002420,0.00019635
3,31,0.297260,0.000075,21.1886,0.000000,0.000000,0.000000,0.006937,0.001827,0.00019635
3,32,0.294565,0.000077,16.7313,0.000000,0.000000,0.000000,0.015635,0.001790,0.00019635
3,33,0.324364,0.000092,11.1223,0.000000,0.000000,0.000000,0.014036,0.001507,0.00019635
3,34,0.330886,0.000082,26.9030,0.000000,0.000000,0.000000,0.002798,0.002077,0.00019635
3,35,0.473846,0.000131,15.3781,0.000000,0.000000,0.000000,0.040105,0.002558,0.00019635
3,36,0.496237,0.000124,35.0716,0.000000,0.000000,0.000000,0.028541,0.002919,0.00019635
3,37,0.425435,0.000115,23.0201,0.000000,0.000000,0.000000,0.011549,0.002669,0.00019635
3,38,0.393361,0.000112,14.7958,0.000000,0.000000,0.000000,0.007366,0.002116,0.00019635
3,39,0.370036,0.000106,12.1172,0.000000,0.000000,0.000000,0.010575,0.002044,0.00019635
3,40,0.449446,0.000110,37.6008,0.000000,0.000000,0.000000,0.008044,0.001990,0.00019635
3,41,0.413539,0.000114,18.2015,0.000000,0.000000,0.000000,0.014528,0.002391,0.00019635
3,42,0.443899,0.000113,31.4763,0.000000,0.000000,0.000000,0.008209,0.002231,0.00019635
3,43,0.473176,0.000122,27.8140,0.000000,0.000000,0.000000,0.027632,0.000921,0.00019635
3,44,0.402358,0.000106,21.4587,0.000000,0.000000,0.000000,0.024017,0.001370,0.00019635
3,45,0.280030,0.000076,14.2237,0.000000,0.000000,0.000000,0.006756,0.001252,0.00019635
3,46,0.368162,0.000090,31.0761,0.000000,0.000000,0.000000,0.007864,0.001503,0.00019635
3,47,0.326917,0.000085,21.7013,0.000000,0.000000,0.000000,0.009762,0.001249,0.00019635
3,48,0.425081,0.000110,23.5373,0.000000,0.000000,0.000000,0.030637,0.000869,0.00019635
3,49,0.403067,0.000109,15.6055,0.000000,0.000000,0.000000,0.042504,0.002777,0.00019635
3,50,0.362268,0.000093,24.7977,0.000000,0.000000,0.000000,0.007615,0.001756,0.00019635
3,51,0.315909,0.000084,16.9196,0.000000,0.000000,0.000000,0.014943,0.000786,0.00019635
3,52,0.466202,0.000115,34.6621,0.000000,0.000000,0.000000,0.023612,0.002690,0.00019635
3,53,0.413117,0.000114,17.4967,0.000000,0.000000,0.000000,0.017825,0.002043,0.00019635
3,54,0.395959,0.000098,30.1933,0.000000,0.000000,0.000000,0.013377,0.001603,0.00019635
3,55,0.340354,0.000093,18.0146,0.000000,0.000000,0.000000,0.005288,0.001535,0.00019635
3,56,0.413332,0.000109,23.5063,0.000000,0.000000,0.000000,0.012089,0.002098,0.00019635
3,57,0.360461,0.000102,12.5805,0.000000,0.000000,0.000000,0.014070,0.001711,0.00019635
3,58,0.433400,0.000116,25.3429,0.000000,0.000000,0.000000,0.009258,0.002434,0.00019635
3,59,0.381027,0.000109,12.3948,0.000000,0.000000,0.000000,0.010579,0.001994,0.00019635
3,60,0.370017,0.000090,32.8914,0.000000,0.000000,0.000000,0.015303,0.001439,0.00019635
3,61,0.299217,0.000077,19.0181,0.000000,0.000000,0.000000,0.017353,0.000715,0.00019635
3,62,0.299247,0.000075,21.1335,0.000000,0.000000,0.000000,0.015455,0.000971,0.00019635
3,63,0.293390,0.000080,12.9064,0.000000,0.000000,0.000000,0.015885,0.001667,0.00019635
3,64,0.442577,0.000119,22.2154,0.000000,0.000000,0.000000,0.020180,0.002699,0.00019635
3,65,0.445751,0.000125,12.3167,0.000000,0.000000,0.000000,0.041056,0.002193,0.00019635
3,66,0.460308,0.000114,31.7584,0.000000,0.000000,0.000000,0.029718,0.003871,0.00019635
3,67,0.445219,0.000120,14.6604,0.000000,0.000000,0.000000,0.057548,0.003578,0.00019635
3,68,0.389732,0.000078,46.1845,0.000000,0.000000,0.000000,0.045748,0.002074,0.00019635
3,69,0.414853,0.000107,23.2700,0.000000,0.000000,0.000000,0.033104,0.002516,0.00019635
3,70,0.380768,0.000099,22.8860,0.000000,0.000000,0.000000,0.014666,0.002002,0.00019635
3,71,0.288905,0.000078,15.0626,0.000000,0.000000,0.000000,0.009090,0.002606,0.00019635
3,72,0.411236,0.000109,26.6301,0.000000,0.000000,0.000000,0.007864,0.001382,0.00019635
3,73,0.385928,0.000108,15.4672,0.000000,0.000000,0.000000,0.009083,0.001446,0.00019635
3,74,0.340122,0.000087,25.0642,0.000000,0.000000,0.000000,0.003931,0.001452,0.00019635
3,75,0.392043,0.000108,17.2310,0.000000,0.000000,0.000000,0.011771,0.002492,0.00019635
3,76,0.327694,0.000079,28.6347,0.000000,0.000000,0.000000,0.007237,0.002563,0.00019635
3,77,0.530870,0.000148,19.8464,0.000000,0.000000,0.000000,0.026052,0.002087,0.00019635
3,78,0.503610,0.000131,29.1814,0.000000,0.000000,0.000000,0.029383,0.002986,0.00019635
3,79,0.511625,0.000141,23.2372,0.000000,0.000000,0.000000,0.018323,0.001511,0.00019635
3,80,0.586792,0.000149,38.9761,0.000000,0.000000,0.000000,0.032713,0.003699,0.00019635
3,81,0.424017,0.000114,22.6182,0.000000,0.000000,0.000000,0.012948,0.002393,0.00019635
3,82,0.360507,0.000092,24.3037,0.000000,0.000000,0.000000,0.012381,0.000836,0.00019635
3,83,0.312028,0.000084,16.5312,0.000000,0.000000,0.000000,0.009332,0.000952,0.00019635
3,84,0.359762,0.000095,22.3371,0.000000,0.000000,0.000000,0.011660,0.001127,0.00019635
3,85,0.289946,0.000077,16.2197,0.000000,0.000000,0.000000,0.011041,0.001100,0.00019635
3,86,0.513225,0.000139,21.9983,0.000000,0.000000,0.000000,0.041019,0.002879,0.00019635
3,87,0.408616,0.000115,15.4649,0.000000,0.000000,0.000000,0.012228,0.001424,0.00019635
3,88,0.400176,0.000102,29.5835,0.000000,0.000000,0.000000,0.008841,0.001763,0.00019635
3,89,0.394566,0.000114,10.9547,0.000000,0.000000,0.000000,0.013489,0.002028,0.00019635
3,90,0.384264,0.000090,38.6917,0.000000,0.000000,0.000000,0.019570,0.001267,0.00019635
3,91,0.405057,0.000106,23.6592,0.000000,0.000000,0.000000,0.016432,0.002146,0.00019635
3,92,0.404025,0.000106,22.3694,0.000000,0.000000,0.000000,0.024875,0.002525,0.00019635
3,93,0.290366,0.000079,14.1708,0.000000,0.000000,0.000000,0.009488,0.002271,0.00019635
3,94,0.359022,0.000076,47.2820,0.000000,0.000000,0.000000,0.008654,0.001022,0.00019635
3,95,0.316719,0.000072,32.2614,0.000000,0.000000,0.000000,0.023076,0.000784,0.00019635
3,96,0.398078,0.000110,18.1550,0.000000,0.000000,0.000000,0.007727,0.001964,0.00019635
3,97,0.406224,0.000112,17.7428,0.000000,0.000000,0.000000,0.012518,0.001060,0.00019635
3,98,0.291737,0.000076,18.9796,0.000000,0.000000,0.000000,0.004859,0.000983,0.00019635
3,99,0.272851,0.000078,9.7113,0.000000,0.000000,0.000000,0.006147,0.000929,0.00019635
3,100,0.298821,0.000068,28.7903,0.000000,0.000000,0.000000,0.012948,0.000795,0.00019635
3,101,0.292143,0.000080,12.7685,0.000000,0.000000,0.000000,0.015816,0.001333,0.00019635
3,102,0.312348,0.000071,31.6091,0.000000,0.000000,0.000000,0.006919,0.000813,0.00019635
3,103,0.400904,0.000107,21.2488,0.000000,0.000000,0.000000,0.019496,0.001074,0.00019635
3,104,0.486993,0.000132,25.9191,0.000000,0.000000,0.000000,0.013377,0.002024,0.00019635
3,105,0.379021,0.000097,25.9003,0.000000,0.000000,0.000000,0.019431,0.001981,0.00019635
3,106,0.382101,0.000101,23.6396,0.000000,0.000000,0.000000,0.005967,0.001440,0.00019635
3,107,0.322439,0.000084,19.6627,0.000000,0.000000,0.000000,0.013849,0.000947,0.00019635
3,108,0.435517,0.000120,19.8772,0.000000,0.000000,0.000000,0.013059,0.002147,0.00019635
3,109,0.313708,0.000080,22.0840,0.000000,0.000000,0.000000,0.008654,0.001353,0.00019635
3,110,0.431172,0.000119,17.5720,0.000000,0.000000,0.000000,0.023817,0.001763,0.00019635
3,111,0.313817,0.000078,21.7313,0.000000,0.000000,0.000000,0.020178,0.002754,0.00019635
3,112,0.294711,0.000078,12.1530,0.000000,0.000000,0.000000,0.034544,0.002056,0.00019635
3,113,0.299990,0.000075,22.7546,0.000000,0.000000,0.000000,0.007005,0.001218,0.00019635
3,114,0.255936,0.000073,8.7612,0.000000,0.000000,0.000000,0.004429,0.001192,0.00019635
3,115,0.288312,0.000068,27.8263,0.000000,0.000000,0.000000,0.005648,0.001004,0.00019635
3,116,0.360934,0.000104,11.5286,0.000000,0.000000,0.000000,0.007186,0.001462,0.00019635
3,117,0.396594,0.000101,28.6686,0.000000,0.000000,0.000000,0.016134,0.001852,0.00019635
3,118,0.357181,0.000099,15.9542,0.000000,0.000000,0.000000,0.005288,0.002467,0.00019635
3,119,0.279211,0.000069,23.7270,0.000000,0.000000,0.000000,0.004172,0.000981,0.00019635
3,120,0.338332,0.000090,18.3403,0.000000,0.000000,0.000000,0.013308,0.001436,0.00019635
3,121,0.346058,0.000079,29.9133,0.000000,0.000000,0.000000,0.035790,0.001603,0.00019635
3,122,0.381436,0.000098,21.7505,0.000000,0.000000,0.000000,0.034806,0.001486,0.00019635
3,123,0.360994,0.000085,32.5780,0.000000,0.000000,0.000000,0.014528,0.001350,0.00019635
3,124,0.250025,0.000067,13.1244,0.000000,0.000000,0.000000,0.010981,0.001002,0.00019635
3,125,0.321188,0.000068,35.6574,0.000000,0.000000,0.000000,0.022368,0.000779,0.00019635
3,126,0.276379,0.000067,22.1168,0.000000,0.000000,0.000000,0.011050,0.001358,0.00019635
3,127,0.320491,0.000078,27.0302,0.000000,0.000000,0.000000,0.007237,0.001061,0.00019635
3,128,0.296332,0.000081,12.9500,0.000000,0.000000,0.000000,0.013669,0.000981,0.00019635
3,129,0.384938,0.000090,35.3818,0.000000,0.000000,0.000000,0.009942,0.002634,0.00019635
3,130,0.304611,0.000072,28.4312,0.000000,0.000000,0.000000,0.009444,0.001222,0.00019635
3,131,0.286254,0.000070,23.5126,0.000000,0.000000,0.000000,0.009762,0.002006,0.00019635
3,132,0.315779,0.000083,16.7259,0.000000,0.000000,0.000000,0.020968,0.001787,0.00019635
3,133,0.367252,0.000091,28.3037,0.000000,0.000000,0.000000,0.013489,0.001223,0.00019635
3,134,0.268495,0.000068,19.2365,0.000000,0.000000,0.000000,0.009444,0.001430,0.00019635
3,135,0.441467,0.000114,26.9890,0.000000,0.000000,0.000000,0.025085,0.001231,0.00019635
3,136,0.477342,0.000127,24.7043,0.000000,0.000000,0.000000,0.025138,0.001016,0.00019635
3,137,0.363974,0.000084,35.0210,0.000000,0.000000,0.000000,0.016066,0.001708,0.00019635
3,138,0.259392,0.000067,16.5542,0.000000,0.000000,0.000000,0.006576,0.000878,0.00019635
3,139,0.273189,0.000071,17.6681,0.000000,0.000000,0.000000,0.011728,0.000692,0.00019635
3,140,0.303293,0.000080,18.0289,0.000000,0.000000,0.000000,0.010912,0.000939,0.00019635
3,141,0.267609,0.000075,11.8028,0.000000,0.000000,0.000000,0.005288,0.001208,0.00019635
3,142,0.263733,0.000070,17.1023,0.000000,0.000000,0.000000,0.003141,0.000746,0.00019635
3,143,0.321010,0.000082,22.5156,0.000000,0.000000,0.000000,0.009083,0.001574,0.00019635
3,144,0.292750,0.000080,13.7313,0.000000,0.000000,0.000000,0.009044,0.000948,0.00019635
3,145,0.336221,0.000085,25.8118,0.000000,0.000000,0.000000,0.010870,0.000834,0.00019635
3,146,0.304171,0.000079,19.0562,0.000000,0.000000,0.000000,0.009513,0.000621,0.00019635
3,147,0.356804,0.000097,16.8846,0.000000,0.000000,0.000000,0.013716,0.001333,0.00019635
3,148,0.270519,0.000066,22.1969,0.000000,0.000000,0.000000,0.008834,0.000541,0.00019635
3,149,0.299053,0.000082,14.3457,0.000000,0.000000,0.000000,0.010303,0.000996,0.00019635
3,150,0.374554,0.000100,21.7702,0.000000,0.000000,0.000000,0.011522,0.001495,0.00019635
3,151,0.259266,0.000072,10.6197,0.000000,0.000000,0.000000,0.011728,0.001110,0.00019635
3,152,0.369755,0.000102,17.8949,0.000000,0.000000,0.000000,0.012381,0.001018,0.00019635
3,153,0.302946,0.000079,20.7619,0.000000,0.000000,0.000000,0.008293,0.000506,0.00019635
3,154,0.383722,0.000099,24.1304,0.000000,0.000000,0.000000,0.018821,0.002553,0.00019635
3,155,0.381201,0.000104,13.6499,0.000000,0.000000,0.000000,0.037454,0.003310,0.00019635
3,156,0.434949,0.000108,30.2092,0.000000,0.000000,0.000000,0.027675,0.003016,0.00019635
3,157,0.449319,0.000119,24.4568,0.000000,0.000000,0.000000,0.018950,0.002799,0.00019635
3,158,0.395399,0.000083,44.3737,0.000000,0.000000,0.000000,0.025804,0.003015,0.00019635
3,159,0.319803,0.000075,29.3545,0.000000,0.000000,0.000000,0.014168,0.002787,0.00019635
3,160,0.326175,0.000075,29.6668,0.000000,0.000000,0.000000,0.023407,0.001995,0.00019635
3,161,0.280171,0.000078,12.9844,0.000000,0.000000,0.000000,0.005123,0.002004,0.00019635
3,162,0.347455,0.000079,34.4950,0.000000,0.000000,0.000000,0.011230,0.000937,0.00019635
3,163,0.358973,0.000093,23.3731,0.000000,0.000000,0.000000,0.013240,0.001063,0.00019635
3,164,0.368985,0.000098,21.8940,0.000000,0.000000,0.000000,0.009942,0.001453,0.00019635
3,165,0.366711,0.000103,14.3415,0.000000,0.000000,0.000000,0.015213,0.002243,0.00019635
3,166,0.435424,0.000113,28.6005,0.000000,0.000000,0.000000,0.008766,0.006125,0.00019635
3,167,0.532548,0.000145,24.9701,0.000000,0.000000,0.000000,0.017327,0.007873,0.00019635
3,168,0.380060,0.000100,22.7498,0.000000,0.000000,0.000000,0.008293,0.002304,0.00019635
3,169,0.369597,0.000107,11.5004,0.000000,0.000000,0.000000,0.006576,0.002875,0.00019635
3,170,0.279832,0.000066,27.3579,0.000000,0.000000,0.000000,0.004172,0.002349,0.00019635
3,171,0.425942,0.000107,29.4815,0.000000,0.000000,0.000000,0.022189,0.003698,0.00019635
3,172,0.335268,0.000088,18.9357,0.000000,0.000000,0.000000,0.014777,0.001309,0.00019635
3,173,0.333343,0.000089,18.9561,0.000000,0.000000,0.000000,0.005288,0.004245,0.00019635
3,174,0.336779,0.000092,16.4451,0.000000,0.000000,0.000000,0.007615,0.002559,0.00019635
3,175,0.410048,0.000096,43.8514,0.000000,0.000000,0.000000,0.007864,0.002513,0.00019635
3,176,0.390840,0.000103,24.1560,0.000000,0.000000,0.000000,0.011342,0.003901,0.00019635
3,177,0.330978,0.000080,28.0043,0.000000,0.000000,0.000000,0.008654,0.003123,0.00019635
3,178,0.265769,0.000070,16.9285,0.000000,0.000000,0.000000,0.002480,0.000926,0.00019635
3,179,0.309268,0.000083,13.5183,0.000000,0.000000,0.000000,0.025914,0.001381,0.00019635
3,180,0.386172,0.000111,12.2464,0.000000,0.000000,0.000000,0.009942,0.001612,0.00019635
3,181,0.370764,0.000097,23.0920,0.000000,0.000000,0.000000,0.012837,0.001107,0.00019635
3,182,0.421631,0.000122,12.5364,0.000000,0.000000,0.000000,0.011093,0.001415,0.00019635
3,183,0.309130,0.000079,20.8017,0.000000,0.000000,0.000000,0.009083,0.001774,0.00019635
3,184,0.418857,0.000110,25.5317,0.000000,0.000000,0.000000,0.018039,0.002052,0.00019635
3,185,0.348425,0.000089,24.1586,0.000000,0.000000,0.000000,0.010801,0.001095,0.00019635
3,186,0.256371,0.000069,14.1405,0.000000,0.000000,0.000000,0.003751,0.000553,0.00019635
3,187,0.261940,0.000069,16.9413,0.000000,0.000000,0.000000,0.001424,0.000397,0.00019635
3,188,0.324960,0.000086,19.7433,0.000000,0.000000,0.000000,0.006756,0.000850,0.00019635
3,189,0.264576,0.000071,15.6184,0.000000,0.000000,0.000000,0.002282,0.000594,0.00019635
3,190,0.336400,0.000076,37.1599,0.000000,0.000000,0.000000,0.013993,0.001006,0.00019635
3,191,0.318733,0.000084,19.2587,0.000000,0.000000,0.000000,0.010621,0.001113,0.00019635
3,192,0.403905,0.000099,35.3477,0.000000,0.000000,0.000000,0.005288,0.001597,0.00019635
3,193,0.309509,0.000069,33.1644,0.000000,0.000000,0.000000,0.010191,0.000962,0.00019635
3,194,0.289182,0.000074,20.6572,0.000000,0.000000,0.000000,0.006147,0.001172,0.00019635
3,195,0.300055,0.000080,18.4759,0.000000,0.000000,0.000000,0.007237,0.000511,0.00019635
3,196,0.302864,0.000082,14.6161,0.000000,0.000000,0.000000,0.011230,0.001438,0.00019635
3,197,0.315742,0.000076,30.0732,0.000000,0.000000,0.000000,0.008834,0.000589,0.00019635
3,198,0.295626,0.000074,21.6896,0.000000,0.000000,0.000000,0.008044,0.001089,0.00019635
3,199,0.362292,0.000096,21.9073,0.000000,0.000000,0.000000,0.010011,0.001572,0.00019635
3,200,0.276440,0.000070,21.2275,0.000000,0.000000,0.000000,0.006756,0.000619,0.00019635
3,201,0.231907,0.000063,11.6704,0.000000,0.000000,0.000000,0.006147,0.000572,0.00019635
3,202,0.278561,0.000064,30.1100,0.000000,0.000000,0.000000,0.003570,0.000644,0.00019635
3,203,0.338673,0.000088,21.4588,0.000000,0.000000,0.000000,0.005288,0.000816,0.00019635
3,204,0.262720,0.000067,17.8342,0.000000,0.000000,0.000000,0.007496,0.001480,0.00019635
3,205,0.374301,0.000104,13.9118,0.000000,0.000000,0.000000,0.024446,0.000974,0.00019635
3,206,0.339337,0.000086,23.4828,0.000000,0.000000,0.000000,0.010801,0.001968,0.00019635
3,207,0.307140,0.000080,19.3838,0.000000,0.000000,0.000000,0.013600,0.001510,0.00019635
3,208,0.281142,0.000075,14.0847,0.000000,0.000000,0.000000,0.016494,0.001112,0.00019635
3,209,0.265320,0.000073,12.2011,0.000000,0.000000,0.000000,0.009513,0.000711,0.00019635
3,210,0.257263,0.000065,19.9024,0.000000,0.000000,0.000000,0.003570,0.001097,0.00019635
3,211,0.403655,0.000115,12.9674,0.000000,0.000000,0.000000,0.015026,0.002354,0.00019635
3,212,0.365705,0.000087,31.1244,0.000000,0.000000,0.000000,0.015301,0.002469,0.00019635
3,213,0.578207,0.000165,21.1948,0.000000,0.000000,0.000000,0.006576,0.001891,0.00019635
3,214,0.340310,0.000097,10.9034,0.000000,0.000000,0.000000,0.012450,0.001483,0.00019635
3,215,0.260848,0.000073,10.5894,0.000000,0.000000,0.000000,0.004000,0.001886,0.00019635
3,216,0.340090,0.000084,27.0736,0.000000,0.000000,0.000000,0.006576,0.000634,0.00019635
3,217,0.418998,0.000120,13.5003,0.000000,0.000000,0.000000,0.012879,0.000727,0.00019635
3,218,0.584035,0.000148,40.0565,0.000000,0.000000,0.000000,0.022797,0.001852,0.00019635
3,219,0.347892,0.000076,36.0910,0.000000,0.000000,0.000000,0.038048,0.001422,0.00019635
3,220,0.270745,0.000062,26.6143,0.000000,0.000000,0.000000,0.011230,0.001463,0.00019635
3,221,0.282885,0.000079,11.1920,0.000000,0.000000,0.000000,0.008870,0.000626,0.00019635
3,222,0.459260,0.000113,27.7250,0.000000,0.000000,0.000000,0.063829,0.001936,0.00019635
3,223,0.377123,0.000091,30.1393,0.000000,0.000000,0.000000,0.020788,0.002003,0.00019635
3,224,0.434455,0.000112,27.4241,0.000000,0.000000,0.000000,0.017291,0.001732,0.00019635
3,225,0.252463,0.000066,10.9897,0.000000,0.000000,0.000000,0.033008,0.001120,0.00019635
3,226,0.406456,0.000105,26.2830,0.000000,0.000000,0.000000,0.012518,0.001389,0.00019635
3,227,0.400954,0.000112,16.6176,0.000000,0.000000,0.000000,0.012269,0.001045,0.00019635
3,228,0.343805,0.000090,20.8773,0.000000,0.000000,0.000000,0.012630,0.001596,0.00019635
3,229,0.433738,0.000124,15.5581,0.000000,0.000000,0.000000,0.011085,0.000651,0.00019635
3,230,0.307980,0.000070,29.9439,0.000000,0.000000,0.000000,0.017825,0.001006,0.00019635
3,231,0.301687,0.000077,15.9755,0.000000,0.000000,0.000000,0.033145,0.001754,0.00019635
3,232,0.323465,0.000082,24.4722,0.000000,0.000000,0.000000,0.005039,0.000916,0.00019635
3,233,0.283331,0.000076,13.8058,0.000000,0.000000,0.000000,0.015859,0.001623,0.00019635
3,234,0.305364,0.000076,25.2613,0.000000,0.000000,0.000000,0.006327,0.001170,0.00019635
3,235,0.251830,0.000064,20.0931,0.000000,0.000000,0.000000,0.005288,0.000553,0.00019635
3,236,0.427274,0.000119,19.5543,0.000000,0.000000,0.000000,0.008903,0.001376,0.00019635
3,237,0.373168,0.000096,25.8539,0.000000,0.000000,0.000000,0.006937,0.002124,0.00019635
3,238,0.274759,0.000054,37.8798,0.000000,0.000000,0.000000,0.002798,0.000561,0.00019635
3,239,0.267942,0.000076,9.8217,0.000000,0.000000,0.000000,0.005288,0.001272,0.00019635
3,240,0.384511,0.000102,23.4291,0.000000,0.000000,0.000000,0.010552,0.001560,0.00019635
3,241,0.313935,0.000079,23.1119,0.000000,0.000000,0.000000,0.012338,0.001174,0.00019635
3,242,0.265313,0.000072,13.6593,0.000000,0.000000,0.000000,0.006937,0.001358,0.00019635
3,243,0.261517,0.000064,22.4439,0.000000,0.000000,0.000000,0.008654,0.000463,0.00019635
3,244,0.318291,0.000077,24.4236,0.000000,0.000000,0.000000,0.022264,0.001156,0.00019635
3,245,0.329693,0.000085,22.0839,0.000000,0.000000,0.000000,0.006937,0.000768,0.00019635
3,246,0.331071,0.000088,20.2221,0.000000,0.000000,0.000000,0.006180,0.001818,0.00019635
3,247,0.373823,0.000099,22.5728,0.000000,0.000000,0.000000,0.009015,0.001696,0.00019635
3,248,0.361154,0.000090,27.9247,0.000000,0.000000,0.000000,0.012767,0.001523,0.00019635
3,249,0.288238,0.000076,18.2797,0.000000,0.000000,0.000000,0.005717,0.000530,0.00019635
3,250,0.296006,0.000082,13.3886,0.000000,0.000000,0.000000,0.005648,0.001086,0.00019635
3,251,0.266768,0.000068,18.5244,0.000000,0.000000,0.000000,0.004859,0.001006,0.00019635
3,252,0.277210,0.000068,24.4440,0.000000,0.000000,0.000000,0.008044,0.000625,0.00019635
3,253,0.420276,0.000118,16.6776,0.000000,0.000000,0.000000,0.011161,0.001243,0.00019635
3,254,0.344512,0.000093,18.6540,0.000000,0.000000,0.000000,0.006327,0.001255,0.00019635
3,255,0.404135,0.000117,11.5186,0.000000,0.000000,0.000000,0.015740,0.000784,0.00019635
3,256,0.337654,0.000085,24.1923,0.000000,0.000000,0.000000,0.014236,0.002521,0.00019635
3,257,0.342557,0.000094,16.2754,0.000000,0.000000,0.000000,0.009083,0.001288,0.00019635
3,258,0.358756,0.000087,29.2256,0.000000,0.000000,0.000000,0.011050,0.000955,0.00019635
3,259,0.472646,0.000133,14.7445,0.000000,0.000000,0.000000,0.032080,0.002024,0.00019635
3,260,0.370620,0.000082,40.6162,0.000000,0.000000,0.000000,0.006507,0.001345,0.00019635
3,261,0.459743,0.000122,26.0647,0.000000,0.000000,0.000000,0.011840,0.001804,0.00019635
3,262,0.340710,0.000086,24.5888,0.000000,0.000000,0.000000,0.009444,0.001641,0.00019635
3,263,0.259614,0.000071,12.5792,0.000000,0.000000,0.000000,0.005123,0.001105,0.00019635
3,264,0.281077,0.000067,24.7584,0.000000,0.000000,0.000000,0.009513,0.000701,0.00019635
3,265,0.310802,0.000089,9.8680,0.000000,0.000000,0.000000,0.009152,0.001287,0.00019635
3,266,0.343712,0.000078,36.2882,0.000000,0.000000,0.000000,0.002712,0.000872,0.00019635
3,267,0.423004,0.000114,23.3133,0.000000,0.000000,0.000000,0.006258,0.001472,0.00019635
3,268,0.315334,0.000091,10.7523,0.000000,0.000000,0.000000,0.006147,0.001223,0.00019635
3,269,0.351240,0.000091,22.4365,0.000000,0.000000,0.000000,0.013849,0.001089,0.00019635
3,270,0.335757,0.000090,19.2079,0.000000,0.000000,0.000000,0.011840,0.000789,0.00019635
3,271,0.294087,0.000079,16.1398,0.000000,0.000000,0.000000,0.007546,0.000737,0.00019635
3,272,0.277855,0.000072,17.3226,0.000000,0.000000,0.000000,0.008293,0.000975,0.00019635
3,273,0.476993,0.000130,17.4283,0.000000,0.000000,0.000000,0.044986,0.001740,0.00019635
3,274,0.349310,0.000077,32.5672,0.000000,0.000000,0.000000,0.044283,0.001746,0.00019635
3,275,0.349455,0.000096,15.5493,0.000000,0.000000,0.000000,0.013489,0.001467,0.00019635
3,276,0.290629,0.000072,20.6389,0.000000,0.000000,0.000000,0.020582,0.000787,0.00019635
3,277,0.268317,0.000073,13.0727,0.000000,0.000000,0.000000,0.009942,0.000602,0.00019635
3,278,0.398117,0.000101,27.5083,0.000000,0.000000,0.000000,0.022660,0.001066,0.00019635
3,279,0.253838,0.000068,13.1587,0.000000,0.000000,0.000000,0.012948,0.000874,0.00019635
3,280,0.626526,0.000163,35.3398,0.000000,0.000000,0.000000,0.042720,0.002771,0.00019635
3,281,0.251463,0.000069,11.4408,0.000000,0.000000,0.000000,0.007795,0.000833,0.00019635
3,282,0.402068,0.000093,39.2097,0.000000,0.000000,0.000000,0.009762,0.001425,0.00019635
3,283,0.318139,0.000077,27.3208,0.000000,0.000000,0.000000,0.008474,0.000785,0.00019635
3,284,0.341477,0.000090,20.2414,0.000000,0.000000,0.000000,0.011909,0.000757,0.00019635
3,285,0.308954,0.000086,13.7337,0.000000,0.000000,0.000000,0.005288,0.001485,0.00019635
3,286,0.313228,0.000069,35.0416,0.000000,0.000000,0.000000,0.005717,0.001112,0.00019635
3,287,0.380293,0.000105,18.2097,0.000000,0.000000,0.000000,0.004429,0.002208,0.00019635
3,288,0.367690,0.000084,37.1540,0.000000,0.000000,0.000000,0.008225,0.002036,0.00019635
3,289,0.271572,0.000064,26.5839,0.000000,0.000000,0.000000,0.004172,0.001180,0.00019635
3,290,0.487503,0.000138,18.2310,0.000000,0.000000,0.000000,0.016314,0.001324,0.00019635
3,291,0.297958,0.000080,16.3538,0.000000,0.000000,0.000000,0.009264,0.001746,0.00019635
3,292,0.273218,0.000066,23.2302,0.000000,0.000000,0.000000,0.005288,0.000547,0.00019635
3,293,0.296116,0.000079,16.7959,0.000000,0.000000,0.000000,0.006327,0.000695,0.00019635
3,294,0.359157,0.000085,37.2912,0.000000,0.000000,0.000000,0.004180,0.000772,0.00019635
3,295,0.424968,0.000111,27.4237,0.000000,0.000000,0.000000,0.007435,0.001773,0.00019635
3,296,0.390166,0.000105,20.7526,0.000000,0.000000,0.000000,0.009762,0.001354,0.00019635
3,297,0.354591,0.000096,20.8023,0.000000,0.000000,0.000000,0.004816,0.002089,0.00019635
3,298,0.254135,0.000072,9.6744,0.000000,0.000000,0.000000,0.004000,0.001357,0.00019635
3,299,0.383874,0.000087,42.3498,0.000000,0.000000,0.000000,0.004000,0.000497,0.00019635
3,300,0.285928,0.000078,15.4939,0.000000,0.000000,0.000000,0.004000,0.000564,0.00019635
3,301,0.309233,0.000067,36.5942,0.000000,0.000000,0.000000,0.006576,0.000634,0.00019635
3,302,0.312305,0.000079,24.8760,0.000000,0.000000,0.000000,0.004429,0.000731,0.00019635
3,303,0.298402,0.000071,26.1237,0.000000,0.000000,0.000000,0.009332,0.000741,0.00019635
3,304,0.299761,0.000083,13.0951,0.000000,0.000000,0.000000,0.010981,0.000958,0.00019635
3,305,0.399356,0.000098,31.5189,0.000000,0.000000,0.000000,0.023587,0.000995,0.00019635
3,306,0.503043,0.000134,28.5883,0.000000,0.000000,0.000000,0.019862,0.001553,0.00019635
3,307,0.397439,0.000107,20.6077,0.000000,0.000000,0.000000,0.016676,0.001580,0.00019635
3,308,0.447859,0.000125,16.5620,0.000000,0.000000,0.000000,0.023228,0.001131,0.00019635
3,309,0.317719,0.000083,18.1425,0.000000,0.000000,0.000000,0.019070,0.001558,0.00019635
3,310,0.242658,0.000063,14.2588,0.000000,0.000000,0.000000,0.010191,0.001125,0.00019635
3,311,0.292634,0.000071,24.4461,0.000000,0.000000,0.000000,0.014030,0.000997,0.00019635
3,312,0.290071,0.000082,9.6368,0.000000,0.000000,0.000000,0.011591,0.001317,0.00019635
3,313,0.310749,0.000062,43.3696,0.000000,0.000000,0.000000,0.004429,0.001915,0.00019635
3,314,0.355469,0.000088,32.1423,0.000000,0.000000,0.000000,0.005651,0.001207,0.00019635
3,315,0.425865,0.000120,13.5254,0.000000,0.000000,0.000000,0.029212,0.001859,0.00019635
3,316,0.519653,0.000144,24.2609,0.000000,0.000000,0.000000,0.012339,0.002188,0.00019635
3,317,0.402518,0.000115,12.1092,0.000000,0.000000,0.000000,0.018684,0.001224,0.00019635
3,318,0.352186,0.000094,21.8322,0.000000,0.000000,0.000000,0.008044,0.000990,0.00019635
3,319,0.276479,0.000078,10.2657,0.000000,0.000000,0.000000,0.007366,0.001592,0.00019635
3,320,0.452880,0.000112,33.7854,0.000000,0.000000,0.000000,0.016898,0.001640,0.00019635
3,321,0.314713,0.000085,17.3103,0.000000,0.000000,0.000000,0.006147,0.001096,0.00019635
3,322,0.376710,0.000092,29.9767,0.000000,0.000000,0.000000,0.014168,0.000701,0.00019635
3,323,0.272382,0.000073,14.4491,0.000000,0.000000,0.000000,0.007496,0.000347,0.00019635
3,324,0.516332,0.000131,30.8608,0.000000,0.000000,0.000000,0.041798,0.002024,0.00019635
3,325,0.463354,0.000129,19.0967,0.000000,0.000000,0.000000,0.016676,0.001946,0.00019635
3,326,0.451633,0.000114,32.8623,0.000000,0.000000,0.000000,0.011521,0.001982,0.00019635
3,327,0.525602,0.000147,19.7306,0.000000,0.000000,0.000000,0.020425,0.002240,0.00019635
3,328,0.463812,0.000123,25.7381,0.000000,0.000000,0.000000,0.014943,0.001834,0.00019635
3,329,0.420347,0.000117,18.1061,0.000000,0.000000,0.000000,0.009693,0.001847,0.00019635
3,330,0.473720,0.000120,33.3051,0.000000,0.000000,0.000000,0.014373,0.002166,0.00019635
3,331,0.451677,0.000126,18.3526,0.000000,0.000000,0.000000,0.013579,0.002316,0.00019635
3,332,0.506205,0.000131,30.6601,0.000000,0.000000,0.000000,0.025331,0.001477,0.00019635
3,333,0.401705,0.000100,29.2790,0.000000,0.000000,0.000000,0.018891,0.001256,0.00019635
3,334,0.500218,0.000127,31.4183,0.000000,0.000000,0.000000,0.033887,0.001804,0.00019635
3,335,0.357112,0.000101,14.4993,0.000000,0.000000,0.000000,0.004429,0.001868,0.00019635
3,336,0.310697,0.000068,34.0386,0.000000,0.000000,0.000000,0.007976,0.001271,0.00019635
3,337,0.441628,0.000119,23.7602,0.000000,0.000000,0.000000,0.010621,0.000917,0.00019635
3,338,0.340197,0.000081,28.7125,0.000000,0.000000,0.000000,0.015663,0.001659,0.00019635
3,339,0.414675,0.000115,14.8684,0.000000,0.000000,0.000000,0.030050,0.000892,0.00019635
3,340,0.303364,0.000067,32.6450,0.000000,0.000000,0.000000,0.012195,0.001666,0.00019635
3,341,0.347900,0.000087,21.0351,0.000000,0.000000,0.000000,0.036056,0.000749,0.00019635
3,342,0.480356,0.000126,22.7593,0.000000,0.000000,0.000000,0.053483,0.001341,0.00019635
3,343,0.472145,0.000133,16.6640,0.000000,0.000000,0.000000,0.022915,0.001886,0.00019635
3,344,0.469931,0.000125,24.2370,0.000000,0.000000,0.000000,0.023810,0.001621,0.00019635
3,345,0.351826,0.000099,12.3396,0.000000,0.000000,0.000000,0.013696,0.001514,0.00019635
3,346,0.433653,0.000108,30.3399,0.000000,0.000000,0.000000,0.026403,0.002536,0.00019635
3,347,0.387196,0.000107,17.4231,0.000000,0.000000,0.000000,0.013066,0.001904,0.00019635
3,348,0.421712,0.000109,26.2741,0.000000,0.000000,0.000000,0.014474,0.001975,0.00019635
3,349,0.308057,0.000086,10.8927,0.000000,0.000000,0.000000,0.017241,0.001155,0.00019635
3,350,0.394731,0.000099,29.8370,0.000000,0.000000,0.000000,0.007186,0.001251,0.00019635
3,351,0.509221,0.000135,24.1605,0.000000,0.000000,0.000000,0.040779,0.003248,0.00019635
3,352,0.388558,0.000108,15.9553,0.000000,0.000000,0.000000,0.011120,0.000979,0.00019635
3,353,0.304201,0.000088,9.8254,0.000000,0.000000,0.000000,0.007186,0.000914,0.00019635
3,354,0.439060,0.000110,36.1755,0.000000,0.000000,0.000000,0.007615,0.000666,0.00019635
3,355,0.393947,0.000104,24.3657,0.000000,0.000000,0.000000,0.008156,0.001681,0.00019635
3,356,0.315123,0.000074,29.9874,0.000000,0.000000,0.000000,0.006147,0.000930,0.00019635
3,357,0.272055,0.000077,11.8401,0.000000,0.000000,0.000000,0.001424,0.000722,0.00019635
3,358,0.524452,0.000139,24.5828,0.000000,0.000000,0.000000,0.041457,0.002643,0.00019635
3,359,0.524515,0.000142,26.8298,0.000000,0.000000,0.000000,0.020401,0.002155,0.00019635
3,360,0.357219,0.000092,22.9811,0.000000,0.000000,0.000000,0.023725,0.000873,0.00019635
3,361,0.468955,0.000132,15.4838,0.000000,0.000000,0.000000,0.031570,0.001770,0.00019635
3,362,0.943618,0.000259,37.3966,0.000000,0.000000,0.000000,0.065264,0.002452,0.00019635
3,363,0.660297,0.000182,24.7387,0.000000,0.000000,0.000000,0.046507,0.002823,0.00019635
3,364,0.647344,0.000170,35.5006,0.000000,0.000000,0.000000,0.038644,0.002698,0.00019635
3,365,0.732754,0.000205,22.2252,0.000000,0.000000,0.000000,0.061555,0.002919,0.00019635
3,366,0.518763,0.000127,35.8504,0.000000,0.000000,0.000000,0.046389,0.001036,0.00019635
3,367,0.492356,0.000136,21.7733,0.000000,0.000000,0.000000,0.015859,0.002647,0.00019635
3,368,0.315181,0.000078,24.6134,0.000000,0.000000,0.000000,0.017602,0.001283,0.00019635
3,369,0.373209,0.000105,14.3450,0.000000,0.000000,0.000000,0.011230,0.001965,0.00019635
3,370,0.354274,0.000090,26.5448,0.000000,0.000000,0.000000,0.005288,0.001443,0.00019635
3,371,0.385137,0.000104,18.3418,0.000000,0.000000,0.000000,0.016675,0.001693,0.00019635
3,372,0.255481,0.000068,15.1812,0.000000,0.000000,0.000000,0.007186,0.001429,0.00019635
3,373,0.342113,0.000086,23.5112,0.000000,0.000000,0.000000,0.027134,0.001322,0.00019635
3,374,0.237668,0.000059,17.0053,0.000000,0.000000,0.000000,0.015740,0.000619,0.00019635
3,375,0.328103,0.000072,36.1437,0.000000,0.000000,0.000000,0.023991,0.000667,0.00019635
3,376,0.398808,0.000092,38.5455,0.000000,0.000000,0.000000,0.020691,0.000938,0.00019635
3,377,0.326609,0.000089,15.7890,0.000000,0.000000,0.000000,0.013918,0.000957,0.00019635
3,378,0.344229,0.000091,21.2691,0.000000,0.000000,0.000000,0.009762,0.000993,0.00019635
3,379,0.269962,0.000072,10.6445,0.000000,0.000000,0.000000,0.032243,0.000847,0.00019635
3,380,0.334177,0.000076,37.8576,0.000000,0.000000,0.000000,0.009805,0.001010,0.00019635
3,381,0.358611,0.000089,24.8069,0.000000,0.000000,0.000000,0.025347,0.002776,0.00019635
3,382,0.279727,0.000073,18.3130,0.000000,0.000000,0.000000,0.006402,0.000687,0.00019635
3,383,0.414127,0.000107,29.0458,0.000000,0.000000,0.000000,0.009526,0.001368,0.00019635
3,384,0.291265,0.000081,11.4626,0.000000,0.000000,0.000000,0.016065,0.001435,0.00019635
3,385,0.332512,0.000077,32.8911,0.000000,0.000000,0.000000,0.004000,0.001278,0.00019635
3,386,0.297670,0.000072,24.1161,0.000000,0.000000,0.000000,0.012948,0.001553,0.00019635
3,387,0.353562,0.000086,28.5070,0.000000,0.000000,0.000000,0.013738,0.001610,0.00019635
3,388,0.373738,0.000105,14.0903,0.000000,0.000000,0.000000,0.013377,0.002280,0.00019635
3,389,0.343886,0.000083,28.7807,0.000000,0.000000,0.000000,0.013128,0.001547,0.00019635
3,390,0.272338,0.000068,20.6575,0.000000,0.000000,0.000000,0.007005,0.000948,0.00019635
3,391,0.304517,0.000064,38.0282,0.000000,0.000000,0.000000,0.002798,0.000698,0.00019635
4,1,0.466479,0.000130,16.6858,0.000000,0.000000,0.000000,0.028670,0.002086,0.00010365
4,2,0.463781,0.000131,15.0319,0.000000,0.000000,0.000000,0.023044,0.002089,0.00010365
4,3,0.373062,0.000106,12.7358,0.000000,0.000000,0.000000,0.015938,0.001896,0.00010365
4,4,0.458697,0.000122,26.3964,0.000000,0.000000,0.000000,0.017464,0.001756,0.00010365
4,5,0.407221,0.000112,17.9338,0.000000,0.000000,0.000000,0.015635,0.001661,0.00010365
4,6,0.439118,0.000124,14.3787,0.000000,0.000000,0.000000,0.022354,0.001912,0.00010365
4,7,0.374046,0.000107,11.5651,0.000000,0.000000,0.000000,0.016133,0.002323,0.00010365
4,8,0.395409,0.000111,15.3203,0.000000,0.000000,0.000000,0.011303,0.001725,0.00010365
4,9,0.396038,0.000115,10.9901,0.000000,0.000000,0.000000,0.011591,0.001822,0.00010365
4,10,0.444465,0.000128,14.1217,0.000000,0.000000,0.000000,0.013961,0.001921,0.00010365
4,11,0.377175,0.000109,11.7953,0.000000,0.000000,0.000000,0.010558,0.001655,0.00010365
4,12,0.381013,0.000110,11.5006,0.000000,0.000000,0.000000,0.010801,0.001767,0.00010365
4,13,0.416172,0.000118,15.0616,0.000000,0.000000,0.000000,0.009873,0.001882,0.00010365
4,14,0.408389,0.000120,9.5142,0.000000,0.000000,0.000000,0.013128,0.001891,0.00010365
4,15,0.520447,0.000146,20.0630,0.000000,0.000000,0.000000,0.018901,0.001880,0.00010365
4,16,0.384491,0.000112,10.8616,0.000000,0.000000,0.000000,0.008834,0.002112,0.00010365
4,17,0.369152,0.000090,32.4903,0.000000,0.000000,0.000000,0.006919,0.002136,0.00010365
4,18,0.388554,0.000102,24.0850,0.000000,0.000000,0.000000,0.015345,0.001917,0.00010365
4,19,0.361118,0.000103,11.8605,0.000000,0.000000,0.000000,0.009873,0.001390,0.00010365
4,20,0.363740,0.000103,11.5031,0.000000,0.000000,0.000000,0.017921,0.001718,0.00010365
4,21,0.355749,0.000098,15.8856,0.000000,0.000000,0.000000,0.011951,0.001613,0.00010365
4,22,0.378482,0.000110,10.9734,0.000000,0.000000,0.000000,0.008830,0.001730,0.00010365
4,23,0.347930,0.000099,11.6413,0.000000,0.000000,0.000000,0.009942,0.001623,0.00010365
4,24,0.369555,0.000105,11.9727,0.000000,0.000000,0.000000,0.014167,0.002134,0.00010365
4,25,0.347323,0.000093,19.4627,0.000000,0.000000,0.000000,0.005651,0.001481,0.00010365
4,26,0.336078,0.000093,11.7833,0.000000,0.000000,0.000000,0.026052,0.001239,0.00010365
4,27,0.336701,0.000084,24.8495,0.000000,0.000000,0.000000,0.017311,0.001614,0.00010365
4,28,0.291108,0.000073,19.2703,0.000000,0.000000,0.000000,0.022256,0.001093,0.00010365
4,29,0.444929,0.000122,19.9958,0.000000,0.000000,0.000000,0.020416,0.001908,0.00010365
4,30,0.324795,0.000086,18.5331,0.000000,0.000000,0.000000,0.010483,0.001921,0.00010365
4,31,0.255884,0.000069,13.4181,0.000000,0.000000,0.000000,0.007435,0.001532,0.00010365
4,32,0.275261,0.000077,11.4156,0.000000,0.000000,0.000000,0.006756,0.001589,0.00010365
4,33,0.298571,0.000081,14.7390,0.000000,0.000000,0.000000,0.010622,0.001333,0.00010365
4,34,0.262534,0.000069,15.1392,0.000000,0.000000,0.000000,0.008892,0.001190,0.00010365
4,35,0.437438,0.000116,21.0745,0.000000,0.000000,0.000000,0.029518,0.001836,0.00010365
4,36,0.408010,0.000113,15.2450,0.000000,0.000000,0.000000,0.021719,0.001992,0.00010365
4,37,0.388048,0.000109,14.9504,0.000000,0.000000,0.000000,0.013129,0.001902,0.00010365
4,38,0.352060,0.000103,9.1624,0.000000,0.000000,0.000000,0.008044,0.001851,0.00010365
4,39,0.359310,0.000101,14.5825,0.000000,0.000000,0.000000,0.006328,0.001801,0.00010365
4,40,0.369474,0.000107,11.5404,0.000000,0.000000,0.000000,0.007795,0.001818,0.00010365
4,41,0.392024,0.000109,15.9613,0.000000,0.000000,0.000000,0.011342,0.002077,0.00010365
4,42,0.398246,0.000113,15.0542,0.000000,0.000000,0.000000,0.003537,0.002055,0.00010365
4,43,0.430429,0.000122,13.5719,0.000000,0.000000,0.000000,0.025416,0.001043,0.00010365
4,44,0.355235,0.000099,13.6464,0.000000,0.000000,0.000000,0.017423,0.001592,0.00010365
4,45,0.251138,0.000070,9.7246,0.000000,0.000000,0.000000,0.008225,0.001350,0.00010365
4,46,0.375425,0.000092,31.7574,0.000000,0.000000,0.000000,0.008474,0.001375,0.00010365
4,47,0.335821,0.000083,27.0776,0.000000,0.000000,0.000000,0.011342,0.001475,0.00010365
4,48,0.365572,0.000103,13.7673,0.000000,0.000000,0.000000,0.014847,0.001107,0.00010365
4,49,0.408595,0.000111,16.0509,0.000000,0.000000,0.000000,0.033518,0.002214,0.00010365
4,50,0.305572,0.000085,12.6844,0.000000,0.000000,0.000000,0.012269,0.001659,0.00010365
4,51,0.272996,0.000075,13.6250,0.000000,0.000000,0.000000,0.006919,0.000576,0.00010365
4,52,0.381594,0.000110,11.3351,0.000000,0.000000,0.000000,0.014220,0.002145,0.00010365
4,53,0.368596,0.000104,12.8559,0.000000,0.000000,0.000000,0.015704,0.001755,0.00010365
4,54,0.325338,0.000090,13.3840,0.000000,0.000000,0.000000,0.012630,0.001520,0.00010365
4,55,0.310498,0.000090,9.4049,0.000000,0.000000,0.000000,0.005039,0.001422,0.00010365
4,56,0.384181,0.000105,18.9177,0.000000,0.000000,0.000000,0.010372,0.001935,0.00010365
4,57,0.359149,0.000101,13.3188,0.000000,0.000000,0.000000,0.009873,0.001819,0.00010365
4,58,0.386364,0.000107,17.2813,0.000000,0.000000,0.000000,0.007590,0.002153,0.00010365
4,59,0.373360,0.000107,12.1238,0.000000,0.000000,0.000000,0.009130,0.001838,0.00010365
4,60,0.314333,0.000085,16.0537,0.000000,0.000000,0.000000,0.012810,0.000921,0.00010365
4,61,0.268729,0.000073,13.2061,0.000000,0.000000,0.000000,0.010440,0.000563,0.00010365
4,62,0.259223,0.000069,14.1250,0.000000,0.000000,0.000000,0.015275,0.000752,0.00010365
4,63,0.246313,0.000069,9.4898,0.000000,0.000000,0.000000,0.009332,0.000956,0.00010365
4,64,0.416522,0.000115,18.3982,0.000000,0.000000,0.000000,0.015137,0.002328,0.00010365
4,65,0.400231,0.000104,21.7311,0.000000,0.000000,0.000000,0.028319,0.002141,0.00010365
4,66,0.372482,0.000107,11.4642,0.000000,0.000000,0.000000,0.014028,0.002017,0.00010365
4,67,0.337441,0.000085,23.5129,0.000000,0.000000,0.000000,0.018933,0.001216,0.00010365
4,68,0.287773,0.000073,20.1774,0.000000,0.000000,0.000000,0.007496,0.001248,0.00010365
4,69,0.374172,0.000096,21.6423,0.000000,0.000000,0.000000,0.030307,0.001811,0.00010365
4,70,0.321312,0.000084,17.4604,0.000000,0.000000,0.000000,0.022050,0.001107,0.00010365
4,71,0.274032,0.000072,16.9051,0.000000,0.000000,0.000000,0.004859,0.001180,0.00010365
4,72,0.366069,0.000101,17.8658,0.000000,0.000000,0.000000,0.005468,0.000660,0.00010365
4,73,0.347711,0.000100,12.1487,0.000000,0.000000,0.000000,0.004360,0.000506,0.00010365
4,74,0.314082,0.000083,19.0648,0.000000,0.000000,0.000000,0.005898,0.001008,0.00010365
4,75,0.348365,0.000099,11.9533,0.000000,0.000000,0.000000,0.011771,0.001456,0.00010365
4,76,0.267176,0.000077,8.4410,0.000000,0.000000,0.000000,0.005123,0.000966,0.00010365
4,77,0.525100,0.000144,23.8269,0.000000,0.000000,0.000000,0.021177,0.001338,0.00010365
4,78,0.474457,0.000134,18.2684,0.000000,0.000000,0.000000,0.014098,0.001626,0.00010365
4,79,0.445908,0.000124,19.6579,0.000000,0.000000,0.000000,0.012020,0.001149,0.00010365
4,80,0.516428,0.000146,15.9279,0.000000,0.000000,0.000000,0.032293,0.002167,0.00010365
4,81,0.401135,0.000111,16.8436,0.000000,0.000000,0.000000,0.016065,0.002099,0.00010365
4,82,0.321487,0.000090,12.4113,0.000000,0.000000,0.000000,0.015069,0.001557,0.00010365
4,83,0.306003,0.000082,17.3309,0.000000,0.000000,0.000000,0.008903,0.001212,0.00010365
4,84,0.335677,0.000097,10.2121,0.000000,0.000000,0.000000,0.007366,0.001398,0.00010365
4,85,0.317623,0.000083,20.8374,0.000000,0.000000,0.000000,0.008293,0.001204,0.00010365
4,86,0.477117,0.000137,13.6075,0.000000,0.000000,0.000000,0.022909,0.002586,0.00010365
4,87,0.407724,0.000113,18.3787,0.000000,0.000000,0.000000,0.013128,0.001419,0.00010365
4,88,0.436891,0.000112,28.8552,0.000000,0.000000,0.000000,0.016861,0.001991,0.00010365
4,89,0.388097,0.000110,14.8418,0.000000,0.000000,0.000000,0.011479,0.001702,0.00010365
4,90,0.340243,0.000092,16.7967,0.000000,0.000000,0.000000,0.010801,0.001163,0.00010365
4,91,0.352944,0.000102,9.6482,0.000000,0.000000,0.000000,0.011417,0.001671,0.00010365
4,92,0.386135,0.000107,15.1628,0.000000,0.000000,0.000000,0.022119,0.002007,0.00010365
4,93,0.289447,0.000079,12.3917,0.000000,0.000000,0.000000,0.017887,0.001373,0.00010365
4,94,0.254481,0.000067,15.8000,0.000000,0.000000,0.000000,0.003141,0.000767,0.00010365
4,95,0.263969,0.000070,15.2690,0.000000,0.000000,0.000000,0.009083,0.000731,0.00010365
4,96,0.357965,0.000104,10.7843,0.000000,0.000000,0.000000,0.008156,0.001170,0.00010365
4,97,0.373131,0.000107,11.5877,0.000000,0.000000,0.000000,0.013377,0.001118,0.00010365
4,98,0.255089,0.000073,9.4912,0.000000,0.000000,0.000000,0.004000,0.000475,0.00010365
4,99,0.282493,0.000076,15.6041,0.000000,0.000000,0.000000,0.008723,0.000742,0.00010365
4,100,0.240984,0.000066,12.5595,0.000000,0.000000,0.000000,0.005468,0.000573,0.00010365
4,101,0.269156,0.000074,11.2670,0.000000,0.000000,0.000000,0.011591,0.000792,0.00010365
4,102,0.263004,0.000064,23.1936,0.000000,0.000000,0.000000,0.005546,0.000835,0.00010365
4,103,0.332851,0.000093,14.3706,0.000000,0.000000,0.000000,0.011729,0.000882,0.00010365
4,104,0.424662,0.000119,16.8944,0.000000,0.000000,0.000000,0.013738,0.000992,0.00010365
4,105,0.343523,0.000096,10.8262,0.000000,0.000000,0.000000,0.026885,0.001417,0.00010365
4,106,0.334757,0.000090,17.6582,0.000000,0.000000,0.000000,0.006577,0.000984,0.00010365
4,107,0.288861,0.000079,14.5612,0.000000,0.000000,0.000000,0.005648,0.000673,0.00010365
4,108,0.384668,0.000112,10.2069,0.000000,0.000000,0.000000,0.010191,0.001669,0.00010365
4,109,0.274406,0.000076,9.5916,0.000000,0.000000,0.000000,0.019638,0.000938,0.00010365
4,110,0.411780,0.000111,21.3643,0.000000,0.000000,0.000000,0.016801,0.001086,0.00010365
4,111,0.287508,0.000074,15.1082,0.000000,0.000000,0.000000,0.031702,0.000900,0.00010365
4,112,0.289075,0.000077,9.6889,0.000000,0.000000,0.000000,0.041793,0.001258,0.00010365
4,113,0.273118,0.000071,17.8762,0.000000,0.000000,0.000000,0.004859,0.000963,0.00010365
4,114,0.226759,0.000065,7.8016,0.000000,0.000000,0.000000,0.004000,0.000693,0.00010365
4,115,0.222222,0.000058,13.4261,0.000000,0.000000,0.000000,0.006756,0.000571,0.00010365
4,116,0.326855,0.000094,9.3851,0.000000,0.000000,0.000000,0.015275,0.000965,0.00010365
4,117,0.362558,0.000099,18.3881,0.000000,0.000000,0.000000,0.005717,0.001490,0.00010365
4,118,0.320407,0.000087,15.5300,0.000000,0.000000,0.000000,0.008654,0.001722,0.00010365
4,119,0.265953,0.000067,19.5927,0.000000,0.000000,0.000000,0.004172,0.000858,0.00010365
4,120,0.294496,0.000080,13.4865,0.000000,0.000000,0.000000,0.016924,0.001134,0.00010365
4,121,0.333653,0.000081,21.0493,0.000000,0.000000,0.000000,0.051349,0.001636,0.00010365
4,122,0.352558,0.000096,11.7648,0.000000,0.000000,0.000000,0.039892,0.001309,0.00010365
4,123,0.289311,0.000078,13.1120,0.000000,0.000000,0.000000,0.019044,0.000806,0.00010365
4,124,0.233510,0.000065,8.3987,0.000000,0.000000,0.000000,0.011230,0.000763,0.00010365
4,125,0.257059,0.000070,12.9510,0.000000,0.000000,0.000000,0.008225,0.000576,0.00010365
4,126,0.229574,0.000064,8.7596,0.000000,0.000000,0.000000,0.009513,0.000747,0.00010365
4,127,0.288683,0.000077,17.6185,0.000000,0.000000,0.000000,0.005123,0.000982,0.00010365
4,128,0.303806,0.000079,18.3695,0.000000,0.000000,0.000000,0.015885,0.000599,0.00010365
4,129,0.310229,0.000088,12.0011,0.000000,0.000000,0.000000,0.006576,0.001209,0.00010365
4,130,0.281110,0.000072,19.1080,0.000000,0.000000,0.000000,0.013059,0.000974,0.00010365
4,131,0.255835,0.000070,13.3032,0.000000,0.000000,0.000000,0.004429,0.001512,0.00010365
4,132,0.296770,0.000080,15.9988,0.000000,0.000000,0.000000,0.004859,0.000934,0.00010365
4,133,0.299004,0.000086,9.5251,0.000000,0.000000,0.000000,0.008903,0.000666,0.00010365
4,134,0.236459,0.000062,14.4085,0.000000,0.000000,0.000000,0.007864,0.000751,0.00010365
4,135,0.392694,0.000113,11.4829,0.000000,0.000000,0.000000,0.016136,0.000703,0.00010365
4,136,0.424356,0.000118,16.4448,0.000000,0.000000,0.000000,0.021813,0.000622,0.00010365
4,137,0.275628,0.000074,13.3199,0.000000,0.000000,0.000000,0.015386,0.001012,0.00010365
4,138,0.230786,0.000060,14.4857,0.000000,0.000000,0.000000,0.009762,0.000604,0.00010365
4,139,0.238562,0.000065,11.3710,0.000000,0.000000,0.000000,0.010981,0.000603,0.00010365
4,140,0.272313,0.000078,9.1192,0.000000,0.000000,0.000000,0.008363,0.000627,0.00010365
4,141,0.258666,0.000070,13.8764,0.000000,0.000000,0.000000,0.003141,0.000824,0.00010365
4,142,0.250534,0.000069,12.2838,0.000000,0.000000,0.000000,0.004429,0.000544,0.00010365
4,143,0.289688,0.000078,14.3611,0.000000,0.000000,0.000000,0.012699,0.001057,0.00010365
4,144,0.288723,0.000079,13.4299,0.000000,0.000000,0.000000,0.010323,0.000845,0.00010365
4,145,0.287393,0.000082,9.2799,0.000000,0.000000,0.000000,0.010870,0.000418,0.00010365
4,146,0.265793,0.000076,9.3479,0.000000,0.000000,0.000000,0.007366,0.000637,0.00010365
4,147,0.342241,0.000095,14.4532,0.000000,0.000000,0.000000,0.014139,0.000756,0.00010365
4,148,0.221772,0.000063,7.9339,0.000000,0.000000,0.000000,0.007186,0.000372,0.00010365
4,149,0.280865,0.000079,10.5430,0.000000,0.000000,0.000000,0.009083,0.000756,0.00010365
4,150,0.318566,0.000094,7.9237,0.000000,0.000000,0.000000,0.006507,0.001173,0.00010365
4,151,0.264230,0.000065,20.6821,0.000000,0.000000,0.000000,0.005648,0.001025,0.00010365
4,152,0.340259,0.000096,11.8032,0.000000,0.000000,0.000000,0.013995,0.000968,0.00010365
4,153,0.285739,0.000072,22.7164,0.000000,0.000000,0.000000,0.002798,0.000624,0.00010365
4,154,0.351373,0.000098,15.9601,0.000000,0.000000,0.000000,0.008225,0.002582,0.00010365
4,155,0.375523,0.000102,17.1525,0.000000,0.000000,0.000000,0.017215,0.002995,0.00010365
4,156,0.388459,0.000107,14.8928,0.000000,0.000000,0.000000,0.024197,0.003100,0.00010365
4,157,0.387397,0.000100,23.1010,0.000000,0.000000,0.000000,0.020152,0.002326,0.00010365
4,158,0.271599,0.000073,13.6359,0.000000,0.000000,0.000000,0.011230,0.002499,0.00010365
4,159,0.273793,0.000068,18.7708,0.000000,0.000000,0.000000,0.016494,0.002030,0.00010365
4,160,0.266494,0.000073,10.9956,0.000000,0.000000,0.000000,0.015635,0.001508,0.00010365
4,161,0.301294,0.000078,19.5407,0.000000,0.000000,0.000000,0.007152,0.001630,0.00010365
4,162,0.305410,0.000080,18.6499,0.000000,0.000000,0.000000,0.008293,0.000964,0.00010365
4,163,0.345482,0.000089,22.1948,0.000000,0.000000,0.000000,0.016314,0.001051,0.00010365
4,164,0.346104,0.000096,15.0527,0.000000,0.000000,0.000000,0.012089,0.001031,0.00010365
4,165,0.349542,0.000096,16.7368,0.000000,0.000000,0.000000,0.010552,0.001570,0.00010365
4,166,0.329841,0.000095,10.7829,0.000000,0.000000,0.000000,0.005219,0.001762,0.00010365
4,167,0.418985,0.000118,17.1729,0.000000,0.000000,0.000000,0.008474,0.002337,0.00010365
4,168,0.310154,0.000088,12.2916,0.000000,0.000000,0.000000,0.003570,0.001577,0.00010365
4,169,0.352332,0.000098,15.6123,0.000000,0.000000,0.000000,0.004000,0.002004,0.00010365
4,170,0.213454,0.000059,10.1916,0.000000,0.000000,0.000000,0.004172,0.001147,0.00010365
4,171,0.350154,0.000096,14.2897,0.000000,0.000000,0.000000,0.022909,0.001102,0.00010365
4,172,0.278382,0.000078,10.7861,0.000000,0.000000,0.000000,0.011411,0.000906,0.00010365
4,173,0.283324,0.000079,12.4773,0.000000,0.000000,0.000000,0.007005,0.000691,0.00010365
4,174,0.287303,0.000080,13.1880,0.000000,0.000000,0.000000,0.002712,0.000721,0.00010365
4,175,0.313137,0.000089,12.3730,0.000000,0.000000,0.000000,0.004429,0.001285,0.00010365
4,176,0.280910,0.000079,10.9715,0.000000,0.000000,0.000000,0.006937,0.000507,0.00010365
4,177,0.242697,0.000066,12.3521,0.000000,0.000000,0.000000,0.007186,0.000766,0.00010365
4,178,0.238792,0.000068,8.6923,0.000000,0.000000,0.000000,0.003009,0.000451,0.00010365
4,179,0.284629,0.000076,17.1458,0.000000,0.000000,0.000000,0.001424,0.001000,0.00010365
4,180,0.358108,0.000104,10.3933,0.000000,0.000000,0.000000,0.009588,0.001116,0.00010365
4,181,0.330529,0.000094,11.7851,0.000000,0.000000,0.000000,0.010303,0.000763,0.00010365
4,182,0.397723,0.000113,14.9870,0.000000,0.000000,0.000000,0.008045,0.000999,0.00010365
4,183,0.231711,0.000061,13.0714,0.000000,0.000000,0.000000,0.012020,0.000894,0.00010365
4,184,0.286837,0.000082,9.8761,0.000000,0.000000,0.000000,0.006147,0.000653,0.00010365
4,185,0.282727,0.000080,10.6285,0.000000,0.000000,0.000000,0.005288,0.001143,0.00010365
4,186,0.238306,0.000066,9.5370,0.000000,0.000000,0.000000,0.011660,0.000463,0.00010365
4,187,0.260652,0.000067,19.4379,0.000000,0.000000,0.000000,0.004172,0.000473,0.00010365
4,188,0.278767,0.000081,8.3694,0.000000,0.000000,0.000000,0.004790,0.000562,0.00010365
4,189,0.284817,0.000068,26.6440,0.000000,0.000000,0.000000,0.003570,0.000937,0.00010365
4,190,0.288305,0.000081,10.9380,0.000000,0.000000,0.000000,0.009582,0.000916,0.00010365
4,191,0.281699,0.000079,11.8577,0.000000,0.000000,0.000000,0.005468,0.000813,0.00010365
4,192,0.317738,0.000092,9.5212,0.000000,0.000000,0.000000,0.006147,0.001423,0.00010365
4,193,0.260498,0.000065,21.8506,0.000000,0.000000,0.000000,0.004429,0.000957,0.00010365
4,194,0.275997,0.000074,15.9092,0.000000,0.000000,0.000000,0.002712,0.001316,0.00010365
4,195,0.278278,0.000080,8.9895,0.000000,0.000000,0.000000,0.005123,0.000338,0.00010365
4,196,0.312918,0.000081,20.2514,0.000000,0.000000,0.000000,0.011093,0.001510,0.00010365
4,197,0.269725,0.000071,15.2662,0.000000,0.000000,0.000000,0.012089,0.000761,0.00010365
4,198,0.257462,0.000069,14.3254,0.000000,0.000000,0.000000,0.006937,0.000731,0.00010365
4,199,0.319758,0.000090,11.4858,0.000000,0.000000,0.000000,0.014485,0.001247,0.00010365
4,200,0.249174,0.000068,12.2387,0.000000,0.000000,0.000000,0.004859,0.000576,0.00010365
4,201,0.242772,0.000066,12.9702,0.000000,0.000000,0.000000,0.007005,0.000403,0.00010365
4,202,0.223297,0.000063,8.6432,0.000000,0.000000,0.000000,0.004790,0.000441,0.00010365
4,203,0.339157,0.000096,13.1877,0.000000,0.000000,0.000000,0.007864,0.000794,0.00010365
4,204,0.246852,0.000071,8.9632,0.000000,0.000000,0.000000,0.002798,0.001259,0.00010365
4,205,0.384762,0.000104,17.8018,0.000000,0.000000,0.000000,0.021578,0.000923,0.00010365
4,206,0.296962,0.000083,10.9382,0.000000,0.000000,0.000000,0.013128,0.002065,0.00010365
4,207,0.279864,0.000073,15.5608,0.000000,0.000000,0.000000,0.021759,0.001580,0.00010365
4,208,0.273161,0.000075,11.7635,0.000000,0.000000,0.000000,0.015704,0.001255,0.00010365
4,209,0.262086,0.000069,15.2558,0.000000,0.000000,0.000000,0.009873,0.000677,0.00010365
4,210,0.226399,0.000062,11.3179,0.000000,0.000000,0.000000,0.004000,0.001081,0.00010365
4,211,0.397899,0.000108,20.5310,0.000000,0.000000,0.000000,0.013987,0.001877,0.00010365
4,212,0.265946,0.000073,11.8895,0.000000,0.000000,0.000000,0.008209,0.001500,0.00010365
4,213,0.282297,0.000073,18.0656,0.000000,0.000000,0.000000,0.010732,0.000904,0.00010365
4,214,0.282644,0.000080,11.0519,0.000000,0.000000,0.000000,0.008044,0.001160,0.00010365
4,215,0.253610,0.000069,13.9861,0.000000,0.000000,0.000000,0.004180,0.001236,0.00010365
4,216,0.241592,0.000070,7.5214,0.000000,0.000000,0.000000,0.007005,0.000639,0.00010365
4,217,0.407667,0.000118,11.9816,0.000000,0.000000,0.000000,0.010122,0.000860,0.00010365
4,218,0.491612,0.000142,13.9837,0.000000,0.000000,0.000000,0.015137,0.001417,0.00010365
4,219,0.278072,0.000070,20.2959,0.000000,0.000000,0.000000,0.012948,0.000993,0.00010365
4,220,0.233032,0.000062,12.1938,0.000000,0.000000,0.000000,0.012948,0.001044,0.00010365
4,221,0.324216,0.000073,33.4941,0.000000,0.000000,0.000000,0.008293,0.000642,0.00010365
4,222,0.386544,0.000101,21.4526,0.000000,0.000000,0.000000,0.020359,0.001704,0.00010365
4,223,0.319119,0.000088,12.3174,0.000000,0.000000,0.000000,0.020291,0.001623,0.00010365
4,224,0.407441,0.000105,28.2918,0.000000,0.000000,0.000000,0.012879,0.001780,0.00010365
4,225,0.272915,0.000074,13.3339,0.000000,0.000000,0.000000,0.008225,0.001339,0.00010365
4,226,0.355246,0.000102,12.4783,0.000000,0.000000,0.000000,0.005648,0.000951,0.00010365
4,227,0.367776,0.000104,13.2378,0.000000,0.000000,0.000000,0.012293,0.000684,0.00010365
4,228,0.298828,0.000088,7.7458,0.000000,0.000000,0.000000,0.007366,0.001061,0.00010365
4,229,0.392314,0.000115,10.5146,0.000000,0.000000,0.000000,0.005345,0.000557,0.00010365
4,230,0.289475,0.000076,17.0234,0.000000,0.000000,0.000000,0.011230,0.000772,0.00010365
4,231,0.288883,0.000076,12.9198,0.000000,0.000000,0.000000,0.032716,0.001191,0.00010365
4,232,0.277075,0.000071,18.7968,0.000000,0.000000,0.000000,0.005468,0.000806,0.00010365
4,233,0.234133,0.000067,8.6720,0.000000,0.000000,0.000000,0.004000,0.001061,0.00010365
4,234,0.284123,0.000071,21.4132,0.000000,0.000000,0.000000,0.004000,0.001072,0.00010365
4,235,0.238485,0.000060,17.0092,0.000000,0.000000,0.000000,0.007186,0.000649,0.00010365
4,236,0.441107,0.000124,17.6618,0.000000,0.000000,0.000000,0.010191,0.000988,0.00010365
4,237,0.330534,0.000095,10.8753,0.000000,0.000000,0.000000,0.006327,0.001564,0.00010365
4,238,0.263537,0.000059,28.3877,0.000000,0.000000,0.000000,0.004748,0.000469,0.00010365
4,239,0.291180,0.000081,11.1681,0.000000,0.000000,0.000000,0.015455,0.001140,0.00010365
4,240,0.380510,0.000101,21.9188,0.000000,0.000000,0.000000,0.009015,0.001215,0.00010365
4,241,0.272552,0.000074,13.8697,0.000000,0.000000,0.000000,0.009332,0.000983,0.00010365
4,242,0.256439,0.000067,15.7939,0.000000,0.000000,0.000000,0.007366,0.001012,0.00010365
4,243,0.223722,0.000061,10.7189,0.000000,0.000000,0.000000,0.006078,0.000548,0.00010365
4,244,0.303942,0.000078,18.9984,0.000000,0.000000,0.000000,0.015532,0.000909,0.00010365
4,245,0.302322,0.000082,15.1788,0.000000,0.000000,0.000000,0.006147,0.000544,0.00010365
4,246,0.264444,0.000075,10.3633,0.000000,0.000000,0.000000,0.003537,0.001597,0.00010365
4,247,0.272353,0.000075,11.7092,0.000000,0.000000,0.000000,0.007435,0.001439,0.00010365
4,248,0.305629,0.000088,9.6448,0.000000,0.000000,0.000000,0.010011,0.000866,0.00010365
4,249,0.300677,0.000074,25.5201,0.000000,0.000000,0.000000,0.004859,0.000508,0.00010365
4,250,0.306905,0.000080,21.2536,0.000000,0.000000,0.000000,0.004429,0.000831,0.00010365
4,251,0.249471,0.000069,11.6626,0.000000,0.000000,0.000000,0.003570,0.000783,0.00010365
4,252,0.248799,0.000067,13.7066,0.000000,0.000000,0.000000,0.004859,0.000480,0.00010365
4,253,0.396404,0.000111,15.9035,0.000000,0.000000,0.000000,0.010191,0.001440,0.00010365
4,254,0.311156,0.000089,11.2064,0.000000,0.000000,0.000000,0.007727,0.001230,0.00010365
4,255,0.404363,0.000115,13.9947,0.000000,0.000000,0.000000,0.012195,0.000346,0.00010365
4,256,0.258813,0.000071,10.4854,0.000000,0.000000,0.000000,0.016134,0.001219,0.00010365
4,257,0.286719,0.000081,10.1149,0.000000,0.000000,0.000000,0.008293,0.000966,0.00010365
4,258,0.259458,0.000075,8.4775,0.000000,0.000000,0.000000,0.006507,0.000621,0.00010365
4,259,0.419451,0.000121,13.5253,0.000000,0.000000,0.000000,0.008654,0.001943,0.00010365
4,260,0.266400,0.000075,10.8783,0.000000,0.000000,0.000000,0.005039,0.001018,0.00010365
4,261,0.402957,0.000113,16.3035,0.000000,0.000000,0.000000,0.006576,0.001135,0.00010365
4,262,0.270132,0.000077,9.1198,0.000000,0.000000,0.000000,0.005717,0.001167,0.00010365
4,263,0.257859,0.000064,19.4291,0.000000,0.000000,0.000000,0.006180,0.000544,0.00010365
4,264,0.259760,0.000068,16.2010,0.000000,0.000000,0.000000,0.011728,0.000582,0.00010365
4,265,0.315341,0.000088,14.1949,0.000000,0.000000,0.000000,0.003570,0.000901,0.00010365
4,266,0.268461,0.000074,12.6825,0.000000,0.000000,0.000000,0.005717,0.000666,0.00010365
4,267,0.399745,0.000105,23.1192,0.000000,0.000000,0.000000,0.015567,0.001145,0.00010365
4,268,0.318867,0.000090,12.7712,0.000000,0.000000,0.000000,0.003751,0.000970,0.00010365
4,269,0.315559,0.000085,16.6176,0.000000,0.000000,0.000000,0.009332,0.000606,0.00010365
4,270,0.289620,0.000083,10.2475,0.000000,0.000000,0.000000,0.004429,0.000476,0.00010365
4,271,0.274802,0.000073,15.4481,0.000000,0.000000,0.000000,0.006466,0.000645,0.00010365
4,272,0.243479,0.000065,14.1940,0.000000,0.000000,0.000000,0.002798,0.000998,0.00010365
4,273,0.431607,0.000117,18.5620,0.000000,0.000000,0.000000,0.032425,0.001663,0.00010365
4,274,0.297773,0.000075,16.9761,0.000000,0.000000,0.000000,0.037730,0.001378,0.00010365
4,275,0.328611,0.000092,14.8408,0.000000,0.000000,0.000000,0.003570,0.001172,0.00010365
4,276,0.239440,0.000068,9.3560,0.000000,0.000000,0.000000,0.005288,0.000654,0.00010365
4,277,0.257606,0.000068,15.2535,0.000000,0.000000,0.000000,0.007864,0.000584,0.00010365
4,278,0.350842,0.000098,13.8815,0.000000,0.000000,0.000000,0.017284,0.000854,0.00010365
4,279,0.264008,0.000070,16.1171,0.000000,0.000000,0.000000,0.005288,0.000688,0.00010365
4,280,0.557722,0.000158,17.4456,0.000000,0.000000,0.000000,0.030289,0.001800,0.00010365
4,281,0.238728,0.000067,10.2490,0.000000,0.000000,0.000000,0.004000,0.000490,0.00010365
4,282,0.319634,0.000093,8.4326,0.000000,0.000000,0.000000,0.012948,0.001062,0.00010365
4,283,0.310457,0.000080,20.8799,0.000000,0.000000,0.000000,0.004609,0.001207,0.00010365
4,284,0.344470,0.000099,10.8133,0.000000,0.000000,0.000000,0.010373,0.001761,0.00010365
4,285,0.318009,0.000083,20.2377,0.000000,0.000000,0.000000,0.006756,0.001661,0.00010365
4,286,0.245736,0.000069,9.6226,0.000000,0.000000,0.000000,0.008225,0.000598,0.00010365
4,287,0.344644,0.000095,15.6504,0.000000,0.000000,0.000000,0.005288,0.001576,0.00010365
4,288,0.285439,0.000083,9.1055,0.000000,0.000000,0.000000,0.003570,0.001158,0.00010365
4,289,0.260936,0.000073,11.0701,0.000000,0.000000,0.000000,0.005546,0.001277,0.00010365
4,290,0.369113,0.000104,12.9728,0.000000,0.000000,0.000000,0.017353,0.000894,0.00010365
4,291,0.303760,0.000084,13.4110,0.000000,0.000000,0.000000,0.011951,0.001174,0.00010365
4,292,0.245150,0.000067,11.6311,0.000000,0.000000,0.000000,0.005288,0.000318,0.00010365
4,293,0.302146,0.000078,20.6140,0.000000,0.000000,0.000000,0.007186,0.000556,0.00010365
4,294,0.258196,0.000072,11.7445,0.000000,0.000000,0.000000,0.005288,0.000542,0.00010365
4,295,0.390855,0.000109,16.1194,0.000000,0.000000,0.000000,0.007754,0.001444,0.00010365
4,296,0.345861,0.000100,11.2779,0.000000,0.000000,0.000000,0.007795,0.000803,0.00010365
4,297,0.337539,0.000084,26.5377,0.000000,0.000000,0.000000,0.004594,0.001515,0.00010365
4,298,0.261145,0.000066,19.7723,0.000000,0.000000,0.000000,0.001424,0.000846,0.00010365
4,299,0.269875,0.000072,14.9683,0.000000,0.000000,0.000000,0.006756,0.000589,0.00010365
4,300,0.227329,0.000065,8.6182,0.000000,0.000000,0.000000,0.003141,0.000384,0.00010365
4,301,0.248644,0.000062,20.1717,0.000000,0.000000,0.000000,0.003141,0.000578,0.00010365
4,302,0.294692,0.000084,10.7691,0.000000,0.000000,0.000000,0.005717,0.000775,0.00010365
4,303,0.252809,0.000067,14.7846,0.000000,0.000000,0.000000,0.006937,0.000648,0.00010365
4,304,0.257031,0.000072,10.9067,0.000000,0.000000,0.000000,0.005039,0.000892,0.00010365
4,305,0.350277,0.000094,18.7546,0.000000,0.000000,0.000000,0.012948,0.001022,0.00010365
4,306,0.475842,0.000132,19.9835,0.000000,0.000000,0.000000,0.021813,0.000939,0.00010365
4,307,0.401690,0.000106,24.9215,0.000000,0.000000,0.000000,0.006258,0.001305,0.00010365
4,308,0.480396,0.000135,17.1499,0.000000,0.000000,0.000000,0.023372,0.000915,0.00010365
4,309,0.282822,0.000080,10.7780,0.000000,0.000000,0.000000,0.005288,0.000871,0.00010365
4,310,0.253720,0.000061,21.4419,0.000000,0.000000,0.000000,0.011840,0.000817,0.00010365
4,311,0.249316,0.000068,13.0230,0.000000,0.000000,0.000000,0.004859,0.000800,0.00010365
4,312,0.274035,0.000079,8.9215,0.000000,0.000000,0.000000,0.007615,0.001298,0.00010365
4,313,0.226751,0.000060,14.0972,0.000000,0.000000,0.000000,0.003570,0.000786,0.00010365
4,314,0.243972,0.000070,7.6384,0.000000,0.000000,0.000000,0.004594,0.000907,0.00010365
4,315,0.417106,0.000119,13.4692,0.000000,0.000000,0.000000,0.014528,0.001446,0.00010365
4,316,0.466643,0.000133,15.0477,0.000000,0.000000,0.000000,0.016092,0.001901,0.00010365
4,317,0.381646,0.000112,9.6342,0.000000,0.000000,0.000000,0.006576,0.001178,0.00010365
4,318,0.327267,0.000089,16.3699,0.000000,0.000000,0.000000,0.007976,0.000786,0.00010365
4,319,0.282254,0.000077,13.8302,0.000000,0.000000,0.000000,0.008474,0.001366,0.00010365
4,320,0.396165,0.000112,14.2409,0.000000,0.000000,0.000000,0.013489,0.001324,0.00010365
4,321,0.298458,0.000085,9.9127,0.000000,0.000000,0.000000,0.008723,0.001102,0.00010365
4,322,0.303797,0.000086,10.6251,0.000000,0.000000,0.000000,0.009519,0.000583,0.00010365
4,323,0.255380,0.000074,7.7763,0.000000,0.000000,0.000000,0.008293,0.000282,0.00010365
4,324,0.462480,0.000134,12.5355,0.000000,0.000000,0.000000,0.014869,0.001767,0.00010365
4,325,0.446002,0.000129,11.7741,0.000000,0.000000,0.000000,0.018821,0.001792,0.00010365
4,326,0.390483,0.000112,12.0257,0.000000,0.000000,0.000000,0.012450,0.001580,0.00010365
4,327,0.492738,0.000144,11.9083,0.000000,0.000000,0.000000,0.016906,0.002079,0.00010365
4,328,0.434350,0.000122,16.4883,0.000000,0.000000,0.000000,0.012640,0.001729,0.00010365
4,329,0.385275,0.000112,10.1074,0.000000,0.000000,0.000000,0.012295,0.001576,0.00010365
4,330,0.417416,0.000119,13.1376,0.000000,0.000000,0.000000,0.016063,0.002129,0.00010365
4,331,0.405970,0.000118,10.9515,0.000000,0.000000,0.000000,0.012265,0.001997,0.00010365
4,332,0.409754,0.000118,13.8353,0.000000,0.000000,0.000000,0.008156,0.001070,0.00010365
4,333,0.351774,0.000099,12.8671,0.000000,0.000000,0.000000,0.013308,0.000873,0.00010365
4,334,0.421032,0.000119,14.3395,0.000000,0.000000,0.000000,0.021690,0.001046,0.00010365
4,335,0.331688,0.000096,11.0773,0.000000,0.000000,0.000000,0.004000,0.001565,0.00010365
4,336,0.244189,0.000068,10.0905,0.000000,0.000000,0.000000,0.006756,0.000720,0.00010365
4,337,0.384279,0.000113,10.5360,0.000000,0.000000,0.000000,0.006688,0.000739,0.00010365
4,338,0.280784,0.000072,20.0619,0.000000,0.000000,0.000000,0.008156,0.001025,0.00010365
4,339,0.369286,0.000107,9.5282,0.000000,0.000000,0.000000,0.015345,0.000824,0.00010365
4,340,0.276682,0.000071,17.7668,0.000000,0.000000,0.000000,0.009667,0.001621,0.00010365
4,341,0.342139,0.000095,13.5466,0.000000,0.000000,0.000000,0.015206,0.000954,0.00010365
4,342,0.446824,0.000125,13.0653,0.000000,0.000000,0.000000,0.044285,0.001552,0.00010365
4,343,0.454125,0.000132,12.6876,0.000000,0.000000,0.000000,0.014708,0.001976,0.00010365
4,344,0.393052,0.000112,12.8999,0.000000,0.000000,0.000000,0.014347,0.001615,0.00010365
4,345,0.328513,0.000095,9.5419,0.000000,0.000000,0.000000,0.012595,0.001052,0.00010365
4,346,0.353806,0.000097,16.0947,0.000000,0.000000,0.000000,0.014076,0.001705,0.00010365
4,347,0.356169,0.000102,9.9060,0.000000,0.000000,0.000000,0.021012,0.001594,0.00010365
4,348,0.420975,0.000116,20.6455,0.000000,0.000000,0.000000,0.005123,0.001565,0.00010365
4,349,0.329501,0.000091,15.0233,0.000000,0.000000,0.000000,0.010011,0.001454,0.00010365
4,350,0.328903,0.000090,16.5055,0.000000,0.000000,0.000000,0.005039,0.000858,0.00010365
4,351,0.449113,0.000129,12.4894,0.000000,0.000000,0.000000,0.023795,0.001018,0.00010365
4,352,0.366143,0.000101,15.6866,0.000000,0.000000,0.000000,0.011591,0.001612,0.00010365
4,353,0.294681,0.000083,11.3521,0.000000,0.000000,0.000000,0.007615,0.000971,0.00010365
4,354,0.343306,0.000090,20.2899,0.000000,0.000000,0.000000,0.009083,0.000568,0.00010365
4,355,0.348860,0.000100,11.3869,0.000000,0.000000,0.000000,0.008903,0.002176,0.00010365
4,356,0.304335,0.000072,29.0298,0.000000,0.000000,0.000000,0.004429,0.000740,0.00010365
4,357,0.299054,0.000073,27.4025,0.000000,0.000000,0.000000,0.001424,0.000529,0.00010365
4,358,0.307889,0.000085,9.6139,0.000000,0.000000,0.000000,0.031641,0.000674,0.00010365
4,359,0.283673,0.000079,9.8807,0.000000,0.000000,0.000000,0.020290,0.000843,0.00010365
4,360,0.257949,0.000070,13.1825,0.000000,0.000000,0.000000,0.007435,0.000588,0.00010365
4,361,0.404812,0.000114,12.5641,0.000000,0.000000,0.000000,0.027416,0.001084,0.00010365
4,362,0.842770,0.000242,24.3814,0.000000,0.000000,0.000000,0.046231,0.001786,0.00010365
4,363,0.621769,0.000175,21.0301,0.000000,0.000000,0.000000,0.035023,0.001905,0.00010365
4,364,0.566577,0.000164,13.5532,0.000000,0.000000,0.000000,0.031221,0.002435,0.00010365
4,365,0.651727,0.000181,23.4534,0.000000,0.000000,0.000000,0.046726,0.003096,0.00010365
4,366,0.418572,0.000109,16.6310,0.000000,0.000000,0.000000,0.065348,0.000752,0.00010365
4,367,0.452991,0.000125,19.3333,0.000000,0.000000,0.000000,0.018572,0.001807,0.00010365
4,368,0.271024,0.000074,10.9552,0.000000,0.000000,0.000000,0.020539,0.000869,0.00010365
4,369,0.346513,0.000096,14.5523,0.000000,0.000000,0.000000,0.013738,0.001453,0.00010365
4,370,0.297601,0.000084,11.7814,0.000000,0.000000,0.000000,0.005717,0.001213,0.00010365
4,371,0.366462,0.000101,14.4823,0.000000,0.000000,0.000000,0.019972,0.001328,0.00010365
4,372,0.244289,0.000067,10.4083,0.000000,0.000000,0.000000,0.014347,0.001206,0.00010365
4,373,0.289338,0.000080,12.5792,0.000000,0.000000,0.000000,0.008903,0.001031,0.00010365
4,374,0.227346,0.000058,16.1849,0.000000,0.000000,0.000000,0.008870,0.000496,0.00010365
4,375,0.250951,0.000069,9.9297,0.000000,0.000000,0.000000,0.015318,0.000586,0.00010365
4,376,0.345838,0.000087,21.4802,0.000000,0.000000,0.000000,0.029461,0.000790,0.00010365
4,377,0.304343,0.000085,12.1102,0.000000,0.000000,0.000000,0.014555,0.000747,0.00010365
4,378,0.315268,0.000089,11.3126,0.000000,0.000000,0.000000,0.012089,0.000845,0.00010365
4,379,0.248780,0.000070,8.7069,0.000000,0.000000,0.000000,0.013987,0.000655,0.00010365
4,380,0.324366,0.000088,17.0339,0.000000,0.000000,0.000000,0.004859,0.000960,0.00010365
4,381,0.342563,0.000098,11.6566,0.000000,0.000000,0.000000,0.007186,0.002621,0.00010365
4,382,0.276596,0.000071,19.8418,0.000000,0.000000,0.000000,0.007765,0.000645,0.00010365
4,383,0.370630,0.000105,13.6696,0.000000,0.000000,0.000000,0.008433,0.001499,0.00010365
4,384,0.281403,0.000077,13.9484,0.000000,0.000000,0.000000,0.006937,0.001122,0.00010365
4,385,0.255282,0.000072,10.1253,0.000000,0.000000,0.000000,0.003570,0.001066,0.00010365
4,386,0.251398,0.000068,13.8479,0.000000,0.000000,0.000000,0.007005,0.000762,0.00010365
4,387,0.300565,0.000085,11.0150,0.000000,0.000000,0.000000,0.007864,0.001597,0.00010365
4,388,0.375096,0.000104,15.6180,0.000000,0.000000,0.000000,0.010552,0.001857,0.00010365
4,389,0.285678,0.000080,11.6361,0.000000,0.000000,0.000000,0.007864,0.001194,0.00010365
4,390,0.257099,0.000068,15.3644,0.000000,0.000000,0.000000,0.007864,0.000732,0.00010365
4,391,0.226441,0.000064,9.4339,0.000000,0.000000,0.000000,0.002798,0.000509,0.00010365
5,1,0.436050,0.000122,15.5291,0.000000,0.000000,0.000000,0.024452,0.002011,0.00002865
5,2,0.449960,0.000130,11.5813,0.000000,0.000000,0.000000,0.021150,0.002157,0.00002865
5,3,0.418650,0.000121,10.5901,0.000000,0.000000,0.000000,0.019124,0.002048,0.00002865
5,4,0.427171,0.000121,13.8936,0.000000,0.000000,0.000000,0.018032,0.002089,0.00002865
5,5,0.367809,0.000104,13.6045,0.000000,0.000000,0.000000,0.012769,0.001647,0.00002865
5,6,0.444472,0.000129,10.9373,0.000000,0.000000,0.000000,0.022637,0.001878,0.00002865
5,7,0.373088,0.000109,8.9274,0.000000,0.000000,0.000000,0.013841,0.002567,0.00002865
5,8,0.370726,0.000104,15.0796,0.000000,0.000000,0.000000,0.009574,0.001885,0.00002865
5,9,0.374083,0.000107,12.4601,0.000000,0.000000,0.000000,0.013446,0.001740,0.00002865
5,10,0.445490,0.000129,12.0289,0.000000,0.000000,0.000000,0.017714,0.001880,0.00002865
5,11,0.369666,0.000108,9.5931,0.000000,0.000000,0.000000,0.009513,0.001643,0.00002865
5,12,0.369448,0.000107,10.0954,0.000000,0.000000,0.000000,0.012630,0.001651,0.00002865
5,13,0.439843,0.000126,14.0069,0.000000,0.000000,0.000000,0.012269,0.001731,0.00002865
5,14,0.414757,0.000121,9.5971,0.000000,0.000000,0.000000,0.015704,0.001869,0.00002865
5,15,0.452639,0.000130,12.9342,0.000000,0.000000,0.000000,0.017384,0.001985,0.00002865
5,16,0.367473,0.000106,11.3076,0.000000,0.000000,0.000000,0.008585,0.001889,0.00002865
5,17,0.315286,0.000089,10.7412,0.000000,0.000000,0.000000,0.012415,0.002242,0.00002865
5,18,0.352948,0.000103,8.8212,0.000000,0.000000,0.000000,0.015206,0.001736,0.00002865
5,19,0.357271,0.000104,9.3478,0.000000,0.000000,0.000000,0.010192,0.001336,0.00002865
5,20,0.364952,0.000106,10.5550,0.000000,0.000000,0.000000,0.011591,0.001649,0.00002865
5,21,0.355672,0.000103,9.5751,0.000000,0.000000,0.000000,0.012381,0.001676,0.00002865
5,22,0.351764,0.000104,7.9626,0.000000,0.000000,0.000000,0.008663,0.001540,0.00002865
5,23,0.328579,0.000095,9.4669,0.000000,0.000000,0.000000,0.009332,0.001689,0.00002865
5,24,0.351359,0.000103,9.3658,0.000000,0.000000,0.000000,0.009332,0.002202,0.00002865
5,25,0.298345,0.000086,9.5142,0.000000,0.000000,0.000000,0.005651,0.001487,0.00002865
5,26,0.311739,0.000089,10.2848,0.000000,0.000000,0.000000,0.013087,0.001425,0.00002865
5,27,0.295951,0.000080,15.4038,0.000000,0.000000,0.000000,0.008405,0.001155,0.00002865
5,28,0.250397,0.000070,8.9295,0.000000,0.000000,0.000000,0.015026,0.000744,0.00002865
5,29,0.432516,0.000123,13.6199,0.000000,0.000000,0.000000,0.018081,0.002058,0.00002865
5,30,0.289786,0.000083,8.7543,0.000000,0.000000,0.000000,0.014416,0.001456,0.00002865
5,31,0.259026,0.000075,8.7401,0.000000,0.000000,0.000000,0.004000,0.000947,0.00002865
5,32,0.267442,0.000076,9.4853,0.000000,0.000000,0.000000,0.006147,0.001467,0.00002865
5,33,0.280425,0.000081,8.2782,0.000000,0.000000,0.000000,0.006576,0.001175,0.00002865
5,34,0.255325,0.000069,13.6507,0.000000,0.000000,0.000000,0.002798,0.001068,0.00002865
5,35,0.378094,0.000108,12.7346,0.000000,0.000000,0.000000,0.010870,0.001496,0.00002865
5,36,0.383366,0.000112,9.1787,0.000000,0.000000,0.000000,0.015817,0.001761,0.00002865
5,37,0.390869,0.000115,8.6479,0.000000,0.000000,0.000000,0.012451,0.001796,0.00002865
5,38,0.353515,0.000101,13.4776,0.000000,0.000000,0.000000,0.006327,0.001641,0.00002865
5,39,0.354552,0.000102,11.8485,0.000000,0.000000,0.000000,0.006147,0.001571,0.00002865
5,40,0.353978,0.000103,9.5759,0.000000,0.000000,0.000000,0.009083,0.001681,0.00002865
5,41,0.355436,0.000103,9.5881,0.000000,0.000000,0.000000,0.014279,0.001936,0.00002865
5,42,0.368122,0.000109,8.6139,0.000000,0.000000,0.000000,0.004066,0.001794,0.00002865
5,43,0.414391,0.000120,11.9317,0.000000,0.000000,0.000000,0.013308,0.000633,0.00002865
5,44,0.336917,0.000097,9.9755,0.000000,0.000000,0.000000,0.015386,0.000727,0.00002865
5,45,0.249209,0.000071,8.7269,0.000000,0.000000,0.000000,0.004000,0.000921,0.00002865
5,46,0.299135,0.000084,11.9823,0.000000,0.000000,0.000000,0.005039,0.001130,0.00002865
5,47,0.288422,0.000082,9.8980,0.000000,0.000000,0.000000,0.010261,0.000882,0.00002865
5,48,0.339812,0.000099,9.9592,0.000000,0.000000,0.000000,0.007795,0.000606,0.00002865
5,49,0.369655,0.000105,10.8587,0.000000,0.000000,0.000000,0.025333,0.001915,0.00002865
5,50,0.307655,0.000086,12.3518,0.000000,0.000000,0.000000,0.010552,0.001744,0.00002865
5,51,0.256250,0.000073,8.8738,0.000000,0.000000,0.000000,0.005546,0.000388,0.00002865
5,52,0.370039,0.000108,9.6118,0.000000,0.000000,0.000000,0.010448,0.001820,0.00002865
5,53,0.348835,0.000101,9.8599,0.000000,0.000000,0.000000,0.011660,0.001574,0.00002865
5,54,0.326842,0.000095,8.5827,0.000000,0.000000,0.000000,0.010732,0.001312,0.00002865
5,55,0.301802,0.000088,8.6022,0.000000,0.000000,0.000000,0.006756,0.001238,0.00002865
5,56,0.360048,0.000104,11.5293,0.000000,0.000000,0.000000,0.006756,0.001694,0.00002865
5,57,0.333540,0.000097,8.2562,0.000000,0.000000,0.000000,0.014279,0.001571,0.00002865
5,58,0.360412,0.000104,11.7295,0.000000,0.000000,0.000000,0.005634,0.001870,0.00002865
5,59,0.358786,0.000102,13.0601,0.000000,0.000000,0.000000,0.007382,0.001838,0.00002865
5,60,0.279201,0.000079,9.7768,0.000000,0.000000,0.000000,0.009513,0.000831,0.00002865
5,61,0.254205,0.000073,7.8472,0.000000,0.000000,0.000000,0.007005,0.000536,0.00002865
5,62,0.271866,0.000073,11.1145,0.000000,0.000000,0.000000,0.024266,0.000606,0.00002865
5,63,0.257336,0.000071,9.2619,0.000000,0.000000,0.000000,0.019611,0.000885,0.00002865
5,64,0.395837,0.000117,8.3578,0.000000,0.000000,0.000000,0.016203,0.001616,0.00002865
5,65,0.358553,0.000102,11.4599,0.000000,0.000000,0.000000,0.016495,0.001374,0.00002865
5,66,0.330626,0.000095,10.0942,0.000000,0.000000,0.000000,0.010552,0.001507,0.00002865
5,67,0.282797,0.000076,11.9763,0.000000,0.000000,0.000000,0.025306,0.000879,0.00002865
5,68,0.235859,0.000064,12.4393,0.000000,0.000000,0.000000,0.004172,0.000847,0.00002865
5,69,0.327690,0.000089,15.4327,0.000000,0.000000,0.000000,0.014167,0.001067,0.00002865
5,70,0.297540,0.000084,10.7538,0.000000,0.000000,0.000000,0.010303,0.001044,0.00002865
5,71,0.249617,0.000071,9.9244,0.000000,0.000000,0.000000,0.003570,0.000923,0.00002865
5,72,0.333255,0.000098,8.6829,0.000000,0.000000,0.000000,0.007435,0.000545,0.00002865
5,73,0.339715,0.000098,10.0480,0.000000,0.000000,0.000000,0.008474,0.000485,0.00002865
5,74,0.288634,0.000085,7.7906,0.000000,0.000000,0.000000,0.005288,0.000874,0.00002865
5,75,0.355148,0.000103,9.2262,0.000000,0.000000,0.000000,0.012089,0.001308,0.00002865
5,76,0.247251,0.000071,8.5867,0.000000,0.000000,0.000000,0.003009,0.000973,0.00002865
5,77,0.474871,0.000135,16.5511,0.000000,0.000000,0.000000,0.016245,0.001151,0.00002865
5,78,0.432854,0.000125,12.5001,0.000000,0.000000,0.000000,0.015817,0.001179,0.00002865
5,79,0.454517,0.000133,13.1049,0.000000,0.000000,0.000000,0.009083,0.001057,0.00002865
5,80,0.508279,0.000147,13.4650,0.000000,0.000000,0.000000,0.022944,0.001539,0.00002865
5,81,0.388936,0.000114,10.5105,0.000000,0.000000,0.000000,0.008293,0.001268,0.00002865
5,82,0.315908,0.000090,11.3768,0.000000,0.000000,0.000000,0.009513,0.000618,0.00002865
5,83,0.278333,0.000080,8.8700,0.000000,0.000000,0.000000,0.007615,0.000757,0.00002865
5,84,0.298927,0.000087,8.2381,0.000000,0.000000,0.000000,0.007864,0.000723,0.00002865
5,85,0.247877,0.000069,11.2856,0.000000,0.000000,0.000000,0.004172,0.001229,0.00002865
5,86,0.431493,0.000125,11.4395,0.000000,0.000000,0.000000,0.019182,0.001990,0.00002865
5,87,0.396268,0.000107,20.1645,0.000000,0.000000,0.000000,0.013308,0.001353,0.00002865
5,88,0.396802,0.000115,11.5746,0.000000,0.000000,0.000000,0.011161,0.001975,0.00002865
5,89,0.399414,0.000117,10.7613,0.000000,0.000000,0.000000,0.011411,0.001415,0.00002865
5,90,0.303825,0.000086,10.2746,0.000000,0.000000,0.000000,0.010732,0.000869,0.00002865
5,91,0.355894,0.000103,10.3796,0.000000,0.000000,0.000000,0.012542,0.001486,0.00002865
5,92,0.374630,0.000107,9.4857,0.000000,0.000000,0.000000,0.025983,0.001655,0.00002865
5,93,0.277638,0.000079,9.0302,0.000000,0.000000,0.000000,0.015438,0.000932,0.00002865
5,94,0.242957,0.000064,15.1867,0.000000,0.000000,0.000000,0.004000,0.000598,0.00002865
5,95,0.251877,0.000072,8.5356,0.000000,0.000000,0.000000,0.005717,0.000707,0.00002865
5,96,0.340743,0.000101,7.9823,0.000000,0.000000,0.000000,0.006576,0.000903,0.00002865
5,97,0.363313,0.000107,8.6025,0.000000,0.000000,0.000000,0.009943,0.000883,0.00002865
5,98,0.241854,0.000071,7.1993,0.000000,0.000000,0.000000,0.003141,0.000418,0.00002865
5,99,0.261723,0.000074,9.8040,0.000000,0.000000,0.000000,0.006147,0.000614,0.00002865
5,100,0.218517,0.000061,8.3504,0.000000,0.000000,0.000000,0.010912,0.000611,0.00002865
5,101,0.255440,0.000070,11.0139,0.000000,0.000000,0.000000,0.010801,0.000481,0.00002865
5,102,0.206558,0.000059,7.6745,0.000000,0.000000,0.000000,0.002798,0.000350,0.00002865
5,103,0.294527,0.000082,8.6404,0.000000,0.000000,0.000000,0.025983,0.000514,0.00002865
5,104,0.421452,0.000124,10.0093,0.000000,0.000000,0.000000,0.009582,0.000751,0.00002865
5,105,0.344591,0.000099,8.7490,0.000000,0.000000,0.000000,0.020788,0.001060,0.00002865
5,106,0.323111,0.000094,9.6321,0.000000,0.000000,0.000000,0.007436,0.000935,0.00002865
5,107,0.288965,0.000082,9.7454,0.000000,0.000000,0.000000,0.009264,0.000639,0.00002865
5,108,0.378991,0.000113,8.2292,0.000000,0.000000,0.000000,0.006147,0.001310,0.00002865
5,109,0.260147,0.000074,9.1584,0.000000,0.000000,0.000000,0.010440,0.000973,0.00002865
5,110,0.390859,0.000110,12.7997,0.000000,0.000000,0.000000,0.020394,0.001203,0.00002865
5,111,0.258789,0.000074,8.3883,0.000000,0.000000,0.000000,0.012089,0.000523,0.00002865
5,112,0.254025,0.000072,7.7330,0.000000,0.000000,0.000000,0.013918,0.001059,0.00002865
5,113,0.235092,0.000068,7.5193,0.000000,0.000000,0.000000,0.007186,0.000919,0.00002865
5,114,0.219734,0.000064,6.3762,0.000000,0.000000,0.000000,0.006756,0.000473,0.00002865
5,115,0.202038,0.000057,6.7962,0.000000,0.000000,0.000000,0.008723,0.000447,0.00002865
5,116,0.322988,0.000093,9.7026,0.000000,0.000000,0.000000,0.014305,0.000892,0.00002865
5,117,0.324910,0.000095,8.3306,0.000000,0.000000,0.000000,0.010191,0.001204,0.00002865
5,118,0.277028,0.000080,8.5993,0.000000,0.000000,0.000000,0.006576,0.001664,0.00002865
5,119,0.236134,0.000065,11.7983,0.000000,0.000000,0.000000,0.006122,0.000735,0.00002865
5,120,0.281150,0.000081,9.1786,0.000000,0.000000,0.000000,0.007005,0.001130,0.00002865
5,121,0.285560,0.000077,11.4873,0.000000,0.000000,0.000000,0.029599,0.001558,0.00002865
5,122,0.354383,0.000097,9.3518,0.000000,0.000000,0.000000,0.050635,0.001479,0.00002865
5,123,0.279416,0.000080,9.8374,0.000000,0.000000,0.000000,0.007366,0.000619,0.00002865
5,124,0.229871,0.000064,10.3257,0.000000,0.000000,0.000000,0.004609,0.000733,0.00002865
5,125,0.237501,0.000067,9.2616,0.000000,0.000000,0.000000,0.006646,0.000730,0.00002865
5,126,0.219487,0.000063,7.3558,0.000000,0.000000,0.000000,0.005039,0.000607,0.00002865
5,127,0.268686,0.000077,8.6856,0.000000,0.000000,0.000000,0.006180,0.000840,0.00002865
5,128,0.269441,0.000076,10.1442,0.000000,0.000000,0.000000,0.006576,0.000424,0.00002865
5,129,0.305832,0.000088,10.3762,0.000000,0.000000,0.000000,0.003570,0.000956,0.00002865
5,130,0.271120,0.000074,13.7972,0.000000,0.000000,0.000000,0.006937,0.000852,0.00002865
5,131,0.257331,0.000075,7.7893,0.000000,0.000000,0.000000,0.004429,0.001424,0.00002865
5,132,0.272816,0.000077,9.8337,0.000000,0.000000,0.000000,0.007864,0.000706,0.00002865
5,133,0.305265,0.000090,7.7751,0.000000,0.000000,0.000000,0.007186,0.000533,0.00002865
5,134,0.216673,0.000061,7.8034,0.000000,0.000000,0.000000,0.007186,0.000735,0.00002865
5,135,0.366938,0.000106,9.2406,0.000000,0.000000,0.000000,0.017308,0.000659,0.00002865
5,136,0.426400,0.000123,12.1415,0.000000,0.000000,0.000000,0.017911,0.000471,0.00002865
5,137,0.255317,0.000074,7.0502,0.000000,0.000000,0.000000,0.007553,0.000831,0.00002865
5,138,0.214915,0.000062,7.3576,0.000000,0.000000,0.000000,0.002282,0.000391,0.00002865
5,139,0.218205,0.000063,7.3537,0.000000,0.000000,0.000000,0.004429,0.000383,0.00002865
5,140,0.260598,0.000074,9.1086,0.000000,0.000000,0.000000,0.008910,0.000602,0.00002865
5,141,0.236468,0.000068,8.2319,0.000000,0.000000,0.000000,0.004429,0.000887,0.00002865
5,142,0.225008,0.000064,8.4463,0.000000,0.000000,0.000000,0.002712,0.000482,0.00002865
5,143,0.257930,0.000075,7.5693,0.000000,0.000000,0.000000,0.007005,0.001019,0.00002865
5,144,0.256140,0.000074,8.4543,0.000000,0.000000,0.000000,0.004066,0.000765,0.00002865
5,145,0.272766,0.000079,8.0982,0.000000,0.000000,0.000000,0.007435,0.000488,0.00002865
5,146,0.250138,0.000072,8.2975,0.000000,0.000000,0.000000,0.005717,0.000657,0.00002865
5,147,0.343788,0.000100,9.7195,0.000000,0.000000,0.000000,0.010191,0.000725,0.00002865
5,148,0.226792,0.000065,7.2731,0.000000,0.000000,0.000000,0.008293,0.000303,0.00002865
5,149,0.265106,0.000075,9.8203,0.000000,0.000000,0.000000,0.010303,0.000602,0.00002865
5,150,0.300119,0.000088,7.2576,0.000000,0.000000,0.000000,0.007795,0.000888,0.00002865
5,151,0.233320,0.000066,8.9928,0.000000,0.000000,0.000000,0.007435,0.000574,0.00002865
5,152,0.296895,0.000085,9.4866,0.000000,0.000000,0.000000,0.011814,0.000503,0.00002865
5,153,0.236732,0.000065,9.9423,0.000000,0.000000,0.000000,0.013789,0.000461,0.00002865
5,154,0.321124,0.000095,7.4905,0.000000,0.000000,0.000000,0.007435,0.002225,0.00002865
5,155,0.343513,0.000098,9.3727,0.000000,0.000000,0.000000,0.019681,0.002623,0.00002865
5,156,0.369447,0.000106,9.9829,0.000000,0.000000,0.000000,0.018282,0.002842,0.00002865
5,157,0.337705,0.000094,13.2518,0.000000,0.000000,0.000000,0.016501,0.002040,0.00002865
5,158,0.255018,0.000072,9.0491,0.000000,0.000000,0.000000,0.007795,0.002033,0.00002865
5,159,0.244297,0.000068,9.1168,0.000000,0.000000,0.000000,0.016073,0.001819,0.00002865
5,160,0.249036,0.000070,8.7389,0.000000,0.000000,0.000000,0.010552,0.001417,0.00002865
5,161,0.257037,0.000073,9.7350,0.000000,0.000000,0.000000,0.006180,0.001323,0.00002865
5,162,0.263281,0.000073,12.1054,0.000000,0.000000,0.000000,0.004859,0.000766,0.00002865
5,163,0.311190,0.000090,10.1806,0.000000,0.000000,0.000000,0.005717,0.001190,0.00002865
5,164,0.321413,0.000094,8.8596,0.000000,0.000000,0.000000,0.006327,0.000956,0.00002865
5,165,0.333787,0.000096,9.6518,0.000000,0.000000,0.000000,0.011189,0.001173,0.00002865
5,166,0.313366,0.000092,8.4893,0.000000,0.000000,0.000000,0.003141,0.001544,0.00002865
5,167,0.396098,0.000115,12.0228,0.000000,0.000000,0.000000,0.006258,0.001776,0.00002865
5,168,0.304471,0.000089,8.0235,0.000000,0.000000,0.000000,0.004000,0.001376,0.00002865
5,169,0.316309,0.000093,7.4209,0.000000,0.000000,0.000000,0.006576,0.001853,0.00002865
5,170,0.219865,0.000061,9.8920,0.000000,0.000000,0.000000,0.004172,0.000839,0.00002865
5,171,0.320593,0.000092,9.1567,0.000000,0.000000,0.000000,0.015704,0.001008,0.00002865
5,172,0.265420,0.000076,7.7186,0.000000,0.000000,0.000000,0.014846,0.000426,0.00002865
5,173,0.276865,0.000079,8.6623,0.000000,0.000000,0.000000,0.010621,0.000567,0.00002865
5,174,0.271656,0.000080,6.8487,0.000000,0.000000,0.000000,0.005039,0.000738,0.00002865
5,175,0.300747,0.000086,9.3933,0.000000,0.000000,0.000000,0.011840,0.001033,0.00002865
5,176,0.269264,0.000078,7.3558,0.000000,0.000000,0.000000,0.008723,0.000497,0.00002865
5,177,0.228264,0.000063,10.6781,0.000000,0.000000,0.000000,0.004859,0.000570,0.00002865
5,178,0.236149,0.000067,9.0397,0.000000,0.000000,0.000000,0.003231,0.000525,0.00002865
5,179,0.256673,0.000074,8.4769,0.000000,0.000000,0.000000,0.005580,0.001134,0.00002865
5,180,0.355833,0.000105,9.2931,0.000000,0.000000,0.000000,0.006258,0.001060,0.00002865
5,181,0.322542,0.000094,8.2030,0.000000,0.000000,0.000000,0.012518,0.000729,0.00002865
5,182,0.382226,0.000109,13.8377,0.000000,0.000000,0.000000,0.007186,0.001015,0.00002865
5,183,0.210526,0.000059,7.1221,0.000000,0.000000,0.000000,0.016425,0.000482,0.00002865
5,184,0.276124,0.000079,8.8173,0.000000,0.000000,0.000000,0.009332,0.000640,0.00002865
5,185,0.273561,0.000079,8.1548,0.000000,0.000000,0.000000,0.005717,0.000924,0.00002865
5,186,0.226730,0.000066,6.5591,0.000000,0.000000,0.000000,0.005288,0.000335,0.00002865
5,187,0.212184,0.000058,11.3743,0.000000,0.000000,0.000000,0.004172,0.000282,0.00002865
5,188,0.262515,0.000076,8.3158,0.000000,0.000000,0.000000,0.003141,0.000536,0.00002865
5,189,0.223587,0.000063,9.7009,0.000000,0.000000,0.000000,0.002712,0.000404,0.00002865
5,190,0.272782,0.000079,7.9390,0.000000,0.000000,0.000000,0.007186,0.000803,0.00002865
5,191,0.281265,0.000082,7.9720,0.000000,0.000000,0.000000,0.006576,0.000444,0.00002865
5,192,0.323132,0.000095,8.1335,0.000000,0.000000,0.000000,0.007435,0.001288,0.00002865
5,193,0.217102,0.000063,7.0542,0.000000,0.000000,0.000000,0.004180,0.000490,0.00002865
5,194,0.250906,0.000072,8.0133,0.000000,0.000000,0.000000,0.005288,0.000879,0.00002865
5,195,0.271711,0.000078,9.9585,0.000000,0.000000,0.000000,0.003009,0.000265,0.00002865
5,196,0.283870,0.000081,9.1804,0.000000,0.000000,0.000000,0.009873,0.001278,0.00002865
5,197,0.252493,0.000072,8.1659,0.000000,0.000000,0.000000,0.009083,0.000437,0.00002865
5,198,0.255283,0.000073,8.3594,0.000000,0.000000,0.000000,0.009762,0.000576,0.00002865
5,199,0.303545,0.000089,7.0759,0.000000,0.000000,0.000000,0.012338,0.001242,0.00002865
5,200,0.243764,0.000071,6.7255,0.000000,0.000000,0.000000,0.003570,0.000471,0.00002865
5,201,0.223142,0.000063,8.6662,0.000000,0.000000,0.000000,0.004859,0.000275,0.00002865
5,202,0.210357,0.000061,7.1131,0.000000,0.000000,0.000000,0.003141,0.000469,0.00002865
5,203,0.299090,0.000087,8.9043,0.000000,0.000000,0.000000,0.005288,0.000829,0.00002865
5,204,0.239328,0.000069,7.6675,0.000000,0.000000,0.000000,0.002798,0.001113,0.00002865
5,205,0.355853,0.000102,10.1419,0.000000,0.000000,0.000000,0.018821,0.000812,0.00002865
5,206,0.267747,0.000077,9.0912,0.000000,0.000000,0.000000,0.005288,0.001258,0.00002865
5,207,0.261971,0.000073,9.4826,0.000000,0.000000,0.000000,0.015000,0.001193,0.00002865
5,208,0.258496,0.000072,10.9660,0.000000,0.000000,0.000000,0.009942,0.000759,0.00002865
5,209,0.248877,0.000071,8.9983,0.000000,0.000000,0.000000,0.004859,0.000635,0.00002865
5,210,0.223934,0.000062,10.0962,0.000000,0.000000,0.000000,0.002712,0.000889,0.00002865
5,211,0.377770,0.000109,11.2291,0.000000,0.000000,0.000000,0.011915,0.001940,0.00002865
5,212,0.238421,0.000068,7.6128,0.000000,0.000000,0.000000,0.008293,0.001025,0.00002865
5,213,0.245369,0.000071,7.5341,0.000000,0.000000,0.000000,0.006576,0.000715,0.00002865
5,214,0.264627,0.000076,8.6906,0.000000,0.000000,0.000000,0.007615,0.001067,0.00002865
5,215,0.252557,0.000072,10.0963,0.000000,0.000000,0.000000,0.002282,0.001052,0.00002865
5,216,0.238369,0.000069,7.8065,0.000000,0.000000,0.000000,0.004000,0.000553,0.00002865
5,217,0.376867,0.000109,11.5134,0.000000,0.000000,0.000000,0.010759,0.000656,0.00002865
5,218,0.442084,0.000130,10.9956,0.000000,0.000000,0.000000,0.009762,0.000996,0.00002865
5,219,0.235456,0.000066,9.1385,0.000000,0.000000,0.000000,0.008474,0.001102,0.00002865
5,220,0.213870,0.000059,9.8126,0.000000,0.000000,0.000000,0.004859,0.000987,0.00002865
5,221,0.256318,0.000068,16.0114,0.000000,0.000000,0.000000,0.002798,0.000555,0.00002865
5,222,0.348849,0.000101,10.2161,0.000000,0.000000,0.000000,0.012269,0.001218,0.00002865
5,223,0.278116,0.000079,9.0957,0.000000,0.000000,0.000000,0.010912,0.000740,0.00002865
5,224,0.358423,0.000104,10.8722,0.000000,0.000000,0.000000,0.007366,0.001309,0.00002865
5,225,0.245025,0.000069,8.7658,0.000000,0.000000,0.000000,0.007005,0.000611,0.00002865
5,226,0.335587,0.000098,9.9186,0.000000,0.000000,0.000000,0.005898,0.000987,0.00002865
5,227,0.319784,0.000093,8.8712,0.000000,0.000000,0.000000,0.008584,0.000439,0.00002865
5,228,0.284494,0.000083,8.1476,0.000000,0.000000,0.000000,0.004609,0.000783,0.00002865
5,229,0.375486,0.000110,10.3459,0.000000,0.000000,0.000000,0.004288,0.000584,0.00002865
5,230,0.235469,0.000068,7.3353,0.000000,0.000000,0.000000,0.004859,0.000692,0.00002865
5,231,0.253001,0.000071,9.4622,0.000000,0.000000,0.000000,0.011840,0.001048,0.00002865
5,232,0.260186,0.000072,12.4523,0.000000,0.000000,0.000000,0.004000,0.000678,0.00002865
5,233,0.224989,0.000064,9.0639,0.000000,0.000000,0.000000,0.001853,0.001012,0.00002865
5,234,0.234839,0.000068,7.2099,0.000000,0.000000,0.000000,0.003570,0.001018,0.00002865
5,235,0.215505,0.000059,10.6877,0.000000,0.000000,0.000000,0.004000,0.000525,0.00002865
5,236,0.390494,0.000113,11.4108,0.000000,0.000000,0.000000,0.010122,0.000736,0.00002865
5,237,0.321820,0.000091,12.3654,0.000000,0.000000,0.000000,0.004609,0.001594,0.00002865
5,238,0.198999,0.000054,9.8989,0.000000,0.000000,0.000000,0.004172,0.000368,0.00002865
5,239,0.252254,0.000074,6.8648,0.000000,0.000000,0.000000,0.004859,0.000877,0.00002865
5,240,0.330153,0.000098,7.7184,0.000000,0.000000,0.000000,0.005648,0.001076,0.00002865
5,241,0.246715,0.000070,7.9690,0.000000,0.000000,0.000000,0.008474,0.000822,0.00002865
5,242,0.233059,0.000066,7.8564,0.000000,0.000000,0.000000,0.007435,0.000994,0.00002865
5,243,0.217446,0.000060,9.9078,0.000000,0.000000,0.000000,0.004429,0.000461,0.00002865
5,244,0.293331,0.000079,16.2168,0.000000,0.000000,0.000000,0.007727,0.000997,0.00002865
5,245,0.270063,0.000079,7.1640,0.000000,0.000000,0.000000,0.004000,0.000608,0.00002865
5,246,0.253710,0.000074,6.3719,0.000000,0.000000,0.000000,0.005123,0.001567,0.00002865
5,247,0.254274,0.000071,9.1281,0.000000,0.000000,0.000000,0.010870,0.001134,0.00002865
5,248,0.299200,0.000086,9.6050,0.000000,0.000000,0.000000,0.007615,0.000791,0.00002865
5,249,0.258812,0.000074,8.6050,0.000000,0.000000,0.000000,0.007186,0.000453,0.00002865
5,250,0.289615,0.000084,9.1508,0.000000,0.000000,0.000000,0.005898,0.000687,0.00002865
5,251,0.241343,0.000068,9.1330,0.000000,0.000000,0.000000,0.007005,0.000621,0.00002865
5,252,0.221889,0.000062,9.7812,0.000000,0.000000,0.000000,0.003570,0.000356,0.00002865
5,253,0.376005,0.000110,9.6910,0.000000,0.000000,0.000000,0.008405,0.001187,0.00002865
5,254,0.300914,0.000088,8.0436,0.000000,0.000000,0.000000,0.007523,0.001107,0.00002865
5,255,0.348455,0.000101,10.5534,0.000000,0.000000,0.000000,0.011041,0.000414,0.00002865
5,256,0.251013,0.000072,7.3066,0.000000,0.000000,0.000000,0.009264,0.001079,0.00002865
5,257,0.265067,0.000077,6.8591,0.000000,0.000000,0.000000,0.009083,0.000709,0.00002865
5,258,0.261676,0.000077,6.9679,0.000000,0.000000,0.000000,0.004609,0.000524,0.00002865
5,259,0.404928,0.000118,11.7002,0.000000,0.000000,0.000000,0.009513,0.001733,0.00002865
5,260,0.250709,0.000074,6.4807,0.000000,0.000000,0.000000,0.004180,0.001023,0.00002865
5,261,0.377243,0.000111,8.9811,0.000000,0.000000,0.000000,0.007727,0.001041,0.00002865
5,262,0.280284,0.000083,6.9286,0.000000,0.000000,0.000000,0.005039,0.001251,0.00002865
5,263,0.214295,0.000059,11.1324,0.000000,0.000000,0.000000,0.003009,0.000506,0.00002865
5,264,0.225970,0.000061,11.1519,0.000000,0.000000,0.000000,0.008654,0.000536,0.00002865
5,265,0.267071,0.000079,6.8301,0.000000,0.000000,0.000000,0.004859,0.000815,0.00002865
5,266,0.266396,0.000072,14.2453,0.000000,0.000000,0.000000,0.006576,0.000544,0.00002865
5,267,0.350969,0.000102,9.8060,0.000000,0.000000,0.000000,0.012450,0.001223,0.00002865
5,268,0.292813,0.000086,8.2654,0.000000,0.000000,0.000000,0.003570,0.000848,0.00002865
5,269,0.298965,0.000087,8.5329,0.000000,0.000000,0.000000,0.006507,0.000516,0.00002865
5,270,0.265221,0.000074,11.1210,0.000000,0.000000,0.000000,0.004859,0.000534,0.00002865
5,271,0.243357,0.000070,8.0745,0.000000,0.000000,0.000000,0.005039,0.000711,0.00002865
5,272,0.228217,0.000062,11.4943,0.000000,0.000000,0.000000,0.007496,0.000977,0.00002865
5,273,0.398575,0.000113,10.4707,0.000000,0.000000,0.000000,0.033160,0.001283,0.00002865
5,274,0.291869,0.000073,19.1415,0.000000,0.000000,0.000000,0.025083,0.001139,0.00002865
5,275,0.305219,0.000090,7.7569,0.000000,0.000000,0.000000,0.004000,0.001054,0.00002865
5,276,0.232879,0.000066,8.2490,0.000000,0.000000,0.000000,0.006147,0.000609,0.00002865
5,277,0.248585,0.000072,7.7231,0.000000,0.000000,0.000000,0.007117,0.000493,0.00002865
5,278,0.334423,0.000096,10.3976,0.000000,0.000000,0.000000,0.013780,0.000778,0.00002865
5,279,0.233656,0.000067,7.5875,0.000000,0.000000,0.000000,0.007615,0.000668,0.00002865
5,280,0.557241,0.000158,16.7305,0.000000,0.000000,0.000000,0.033384,0.001883,0.00002865
5,281,0.233156,0.000061,15.3858,0.000000,0.000000,0.000000,0.004000,0.000377,0.00002865
5,282,0.313696,0.000091,9.4268,0.000000,0.000000,0.000000,0.006078,0.000828,0.00002865
5,283,0.262907,0.000077,7.0136,0.000000,0.000000,0.000000,0.004429,0.000527,0.00002865
5,284,0.287431,0.000083,8.3839,0.000000,0.000000,0.000000,0.008295,0.000501,0.00002865
5,285,0.280486,0.000081,8.9118,0.000000,0.000000,0.000000,0.005288,0.000742,0.00002865
5,286,0.221427,0.000062,8.7801,0.000000,0.000000,0.000000,0.004429,0.000458,0.00002865
5,287,0.309375,0.000091,8.5363,0.000000,0.000000,0.000000,0.004429,0.000891,0.00002865
5,288,0.285063,0.000081,10.8729,0.000000,0.000000,0.000000,0.006147,0.000974,0.00002865
5,289,0.200588,0.000057,8.0472,0.000000,0.000000,0.000000,0.001424,0.000888,0.00002865
5,290,0.367175,0.000106,9.9190,0.000000,0.000000,0.000000,0.013489,0.000683,0.00002865
5,291,0.275151,0.000078,9.4549,0.000000,0.000000,0.000000,0.007795,0.000955,0.00002865
5,292,0.223038,0.000061,10.7453,0.000000,0.000000,0.000000,0.004000,0.000290,0.00002865
5,293,0.264975,0.000077,8.0927,0.000000,0.000000,0.000000,0.006576,0.000530,0.00002865
5,294,0.245793,0.000071,8.0727,0.000000,0.000000,0.000000,0.005468,0.000559,0.00002865
5,295,0.362820,0.000107,8.0528,0.000000,0.000000,0.000000,0.010372,0.001604,0.00002865
5,296,0.325879,0.000093,11.1725,0.000000,0.000000,0.000000,0.007864,0.000660,0.00002865
5,297,0.282752,0.000082,8.1010,0.000000,0.000000,0.000000,0.005123,0.001506,0.00002865
5,298,0.228766,0.000066,7.4541,0.000000,0.000000,0.000000,0.002282,0.000775,0.00002865
5,299,0.263639,0.000073,12.4626,0.000000,0.000000,0.000000,0.004000,0.000393,0.00002865
5,300,0.214014,0.000062,7.4979,0.000000,0.000000,0.000000,0.002712,0.000396,0.00002865
5,301,0.236573,0.000069,7.0675,0.000000,0.000000,0.000000,0.004000,0.000446,0.00002865
5,302,0.255507,0.000074,8.1099,0.000000,0.000000,0.000000,0.005468,0.000622,0.00002865
5,303,0.225593,0.000065,7.4088,0.000000,0.000000,0.000000,0.004000,0.000582,0.00002865
5,304,0.255717,0.000072,9.8261,0.000000,0.000000,0.000000,0.009762,0.000895,0.00002865
5,305,0.308814,0.000088,10.5903,0.000000,0.000000,0.000000,0.008225,0.000880,0.00002865
5,306,0.465269,0.000133,16.4580,0.000000,0.000000,0.000000,0.011041,0.000814,0.00002865
5,307,0.356193,0.000103,11.0539,0.000000,0.000000,0.000000,0.006507,0.001031,0.00002865
5,308,0.426410,0.000123,11.0153,0.000000,0.000000,0.000000,0.018690,0.000633,0.00002865
5,309,0.265270,0.000075,9.9650,0.000000,0.000000,0.000000,0.006576,0.000675,0.00002865
5,310,0.209364,0.000060,6.6434,0.000000,0.000000,0.000000,0.006576,0.000657,0.00002865
5,311,0.223203,0.000065,6.3263,0.000000,0.000000,0.000000,0.002712,0.000589,0.00002865
5,312,0.250011,0.000074,6.5877,0.000000,0.000000,0.000000,0.002712,0.000941,0.00002865
5,313,0.202357,0.000057,7.7566,0.000000,0.000000,0.000000,0.003570,0.000723,0.00002865
5,314,0.235945,0.000068,7.3763,0.000000,0.000000,0.000000,0.005651,0.000727,0.00002865
5,315,0.386762,0.000112,11.9905,0.000000,0.000000,0.000000,0.006937,0.001361,0.00002865
5,316,0.450563,0.000134,8.8890,0.000000,0.000000,0.000000,0.015635,0.001471,0.00002865
5,317,0.377962,0.000111,10.1599,0.000000,0.000000,0.000000,0.006327,0.001072,0.00002865
5,318,0.288924,0.000084,8.0784,0.000000,0.000000,0.000000,0.005039,0.000694,0.00002865
5,319,0.258010,0.000075,6.9430,0.000000,0.000000,0.000000,0.008405,0.001141,0.00002865
5,320,0.380109,0.000110,10.5931,0.000000,0.000000,0.000000,0.016898,0.001357,0.00002865
5,321,0.296166,0.000087,7.3800,0.000000,0.000000,0.000000,0.004429,0.000779,0.00002865
5,322,0.302749,0.000088,7.6104,0.000000,0.000000,0.000000,0.010662,0.000451,0.00002865
5,323,0.236935,0.000068,8.1067,0.000000,0.000000,0.000000,0.008293,0.000350,0.00002865
5,324,0.403580,0.000119,9.0670,0.000000,0.000000,0.000000,0.014057,0.001764,0.00002865
5,325,0.399949,0.000117,9.8871,0.000000,0.000000,0.000000,0.015207,0.001699,0.00002865
5,326,0.367828,0.000107,8.8128,0.000000,0.000000,0.000000,0.016252,0.001608,0.00002865
5,327,0.482891,0.000142,10.4511,0.000000,0.000000,0.000000,0.018167,0.001885,0.00002865
5,328,0.399040,0.000118,9.0746,0.000000,0.000000,0.000000,0.007297,0.001768,0.00002865
5,329,0.366269,0.000108,8.4445,0.000000,0.000000,0.000000,0.007005,0.001550,0.00002865
5,330,0.394444,0.000116,8.7437,0.000000,0.000000,0.000000,0.014363,0.002056,0.00002865
5,331,0.402546,0.000119,8.9401,0.000000,0.000000,0.000000,0.011943,0.001989,0.00002865
5,332,0.402406,0.000119,9.4021,0.000000,0.000000,0.000000,0.006576,0.000766,0.00002865
5,333,0.344884,0.000098,11.6649,0.000000,0.000000,0.000000,0.013128,0.000841,0.00002865
5,334,0.420665,0.000123,10.2849,0.000000,0.000000,0.000000,0.015096,0.000887,0.00002865
5,335,0.327781,0.000097,7.8263,0.000000,0.000000,0.000000,0.003751,0.001420,0.00002865
5,336,0.234888,0.000067,7.5376,0.000000,0.000000,0.000000,0.007366,0.000572,0.00002865
5,337,0.379517,0.000112,9.7263,0.000000,0.000000,0.000000,0.007615,0.000684,0.00002865
5,338,0.226759,0.000066,6.6789,0.000000,0.000000,0.000000,0.004429,0.000731,0.00002865
5,339,0.368609,0.000108,10.4820,0.000000,0.000000,0.000000,0.006327,0.000769,0.00002865
5,340,0.210007,0.000060,6.6308,0.000000,0.000000,0.000000,0.005546,0.000865,0.00002865
5,341,0.289766,0.000084,8.7127,0.000000,0.000000,0.000000,0.007864,0.000570,0.00002865
5,342,0.409569,0.000119,9.2945,0.000000,0.000000,0.000000,0.025804,0.001353,0.00002865
5,343,0.444487,0.000129,11.2946,0.000000,0.000000,0.000000,0.019834,0.001797,0.00002865
5,344,0.378822,0.000110,9.6528,0.000000,0.000000,0.000000,0.018462,0.001575,0.00002865
5,345,0.320694,0.000093,8.5675,0.000000,0.000000,0.000000,0.013558,0.000825,0.00002865
5,346,0.330495,0.000094,10.8510,0.000000,0.000000,0.000000,0.014288,0.001317,0.00002865
5,347,0.340492,0.000100,8.6081,0.000000,0.000000,0.000000,0.009693,0.001306,0.00002865
5,348,0.364345,0.000106,10.3030,0.000000,0.000000,0.000000,0.006402,0.001194,0.00002865
5,349,0.276440,0.000081,6.9491,0.000000,0.000000,0.000000,0.004859,0.000747,0.00002865
5,350,0.310079,0.000089,10.3027,0.000000,0.000000,0.000000,0.006937,0.000691,0.00002865
5,351,0.435278,0.000127,11.7691,0.000000,0.000000,0.000000,0.012879,0.000915,0.00002865
5,352,0.323153,0.000094,8.5187,0.000000,0.000000,0.000000,0.010372,0.000581,0.00002865
5,353,0.276204,0.000081,7.7277,0.000000,0.000000,0.000000,0.006147,0.000555,0.00002865
5,354,0.306846,0.000088,10.4382,0.000000,0.000000,0.000000,0.007186,0.000243,0.00002865
5,355,0.330161,0.000096,8.8266,0.000000,0.000000,0.000000,0.009083,0.000930,0.00002865
5,356,0.241993,0.000068,10.1890,0.000000,0.000000,0.000000,0.003141,0.000528,0.00002865
5,357,0.258786,0.000069,15.3929,0.000000,0.000000,0.000000,0.001424,0.000393,0.00002865
5,358,0.281710,0.000078,9.2334,0.000000,0.000000,0.000000,0.025485,0.000478,0.00002865
5,359,0.273766,0.000079,8.5963,0.000000,0.000000,0.000000,0.008405,0.000590,0.00002865
5,360,0.239103,0.000068,8.7106,0.000000,0.000000,0.000000,0.007546,0.000549,0.00002865
5,361,0.391894,0.000111,12.7016,0.000000,0.000000,0.000000,0.024328,0.000989,0.00002865
5,362,0.770903,0.000221,20.2359,0.000000,0.000000,0.000000,0.050708,0.001696,0.00002865
5,363,0.602956,0.000174,14.6991,0.000000,0.000000,0.000000,0.036015,0.002278,0.00002865
5,364,0.551679,0.000160,12.8338,0.000000,0.000000,0.000000,0.031975,0.002085,0.00002865
5,365,0.618907,0.000173,18.6187,0.000000,0.000000,0.000000,0.050403,0.002907,0.00002865
5,366,0.385422,0.000110,13.1085,0.000000,0.000000,0.000000,0.011728,0.000640,0.00002865
5,367,0.416893,0.000122,10.2530,0.000000,0.000000,0.000000,0.014777,0.002110,0.00002865
5,368,0.258735,0.000075,7.4337,0.000000,0.000000,0.000000,0.009083,0.000944,0.00002865
5,369,0.338310,0.000095,11.4940,0.000000,0.000000,0.000000,0.016425,0.001405,0.00002865
5,370,0.295685,0.000085,8.8762,0.000000,0.000000,0.000000,0.012338,0.001208,0.00002865
5,371,0.340583,0.000099,7.1305,0.000000,0.000000,0.000000,0.020470,0.001189,0.00002865
5,372,0.223738,0.000064,7.6155,0.000000,0.000000,0.000000,0.008044,0.000919,0.00002865
5,373,0.268415,0.000078,7.6690,0.000000,0.000000,0.000000,0.007795,0.000934,0.00002865
5,374,0.214653,0.000056,14.3600,0.000000,0.000000,0.000000,0.005546,0.000445,0.00002865
5,375,0.252555,0.000068,13.1157,0.000000,0.000000,0.000000,0.007615,0.000516,0.00002865
5,376,0.299400,0.000085,9.2579,0.000000,0.000000,0.000000,0.016314,0.000697,0.00002865
5,377,0.285113,0.000083,7.9698,0.000000,0.000000,0.000000,0.007366,0.000574,0.00002865
5,378,0.312848,0.000092,7.9306,0.000000,0.000000,0.000000,0.007615,0.000669,0.00002865
5,379,0.225985,0.000064,7.6080,0.000000,0.000000,0.000000,0.012699,0.000651,0.00002865
5,380,0.223761,0.000064,7.3013,0.000000,0.000000,0.000000,0.005648,0.000690,0.00002865
5,381,0.265930,0.000076,8.5326,0.000000,0.000000,0.000000,0.008654,0.001587,0.00002865
5,382,0.217910,0.000063,6.9027,0.000000,0.000000,0.000000,0.004066,0.000449,0.00002865
5,383,0.349134,0.000100,11.1733,0.000000,0.000000,0.000000,0.010372,0.001037,0.00002865
5,384,0.266415,0.000077,8.1958,0.000000,0.000000,0.000000,0.006147,0.000889,0.00002865
5,385,0.261522,0.000073,11.5478,0.000000,0.000000,0.000000,0.003141,0.000915,0.00002865
5,386,0.261503,0.000075,9.4658,0.000000,0.000000,0.000000,0.005468,0.000616,0.00002865
5,387,0.275146,0.000081,7.1018,0.000000,0.000000,0.000000,0.004429,0.001373,0.00002865
5,388,0.345828,0.000102,7.5169,0.000000,0.000000,0.000000,0.008474,0.001725,0.00002865
5,389,0.268150,0.000077,8.3555,0.000000,0.000000,0.000000,0.006756,0.001168,0.00002865
5,390,0.227228,0.000065,7.9075,0.000000,0.000000,0.000000,0.006937,0.000657,0.00002865
5,391,0.208943,0.000060,6.8240,0.000000,0.000000,0.000000,0.004172,0.000433,0.00002865
6,1,0.441450,0.000117,12.6847,0.059893,0.091405,0.091188,0.017900,0.002055,0.00030000
6,2,0.887805,0.000138,90.6152,0.148050,0.100429,0.744150,0.031385,0.003866,0.00030000
6,3,0.632571,0.000105,62.6546,0.160781,0.108192,0.502145,0.018540,0.002853,0.00030000
6,4,0.575667,0.000126,32.0826,0.176540,0.113811,0.289052,0.020928,0.002064,0.00030000
6,5,0.503815,0.000105,31.9206,0.163872,0.119338,0.246316,0.023448,0.002286,0.00030000
6,6,0.526374,0.000130,21.2515,0.162520,0.108037,0.185780,0.016838,0.001862,0.00030000
6,7,0.471795,0.000105,26.2945,0.165777,0.113109,0.241945,0.009856,0.002285,0.00030000
6,8,0.463929,0.000125,12.6990,0.153709,0.115529,0.101287,0.010067,0.001854,0.00030000
6,9,0.638333,0.000109,53.6792,0.168352,0.116313,0.488131,0.014667,0.002188,0.00030000
6,10,0.586952,0.000129,32.2759,0.170524,0.118749,0.299210,0.014708,0.001746,0.00030000
6,11,0.534192,0.000112,32.8169,0.169447,0.116802,0.286293,0.011411,0.001658,0.00030000
6,12,0.425757,0.000111,13.3656,0.162968,0.115093,0.121655,0.011522,0.001564,0.00030000
6,13,0.656265,0.000117,52.1804,0.169621,0.111252,0.478003,0.012338,0.001702,0.00030000
6,14,0.537951,0.000116,31.5160,0.170917,0.113455,0.289827,0.010552,0.001770,0.00030000
6,15,0.647487,0.000136,40.9327,0.169718,0.113557,0.348267,0.018056,0.001770,0.00030000
6,16,0.451164,0.000112,18.5615,0.163990,0.113445,0.147608,0.009762,0.001902,0.00030000
6,17,0.536509,0.000086,50.3576,0.164311,0.111734,0.443339,0.008870,0.001664,0.00030000
6,18,0.477562,0.000098,31.2953,0.160419,0.109308,0.287021,0.018392,0.001669,0.00030000
6,19,0.511311,0.000101,35.5421,0.161837,0.108293,0.302935,0.010988,0.001077,0.00030000
6,20,0.455621,0.000105,23.1443,0.157930,0.109286,0.190960,0.009762,0.001434,0.00030000
6,21,0.592987,0.000102,49.5876,0.160306,0.108234,0.455207,0.018143,0.001482,0.00030000
6,22,0.504907,0.000105,31.2541,0.157589,0.107405,0.296454,0.010616,0.001522,0.00030000
6,23,0.537127,0.000105,37.7568,0.159454,0.107421,0.323335,0.009942,0.001832,0.00030000
6,24,0.440968,0.000111,16.2036,0.156600,0.107853,0.126639,0.014777,0.001874,0.00030000
6,25,0.529416,0.000091,43.8294,0.159211,0.106773,0.415975,0.006930,0.001371,0.00030000
6,26,0.497637,0.000107,27.8264,0.159013,0.106847,0.265183,0.023253,0.000979,0.00030000
6,27,0.483964,0.000082,41.5383,0.160893,0.106330,0.351246,0.015026,0.001547,0.00030000
6,28,0.358808,0.000086,16.0603,0.158580,0.105107,0.130048,0.008293,0.001069,0.00030000
6,29,0.629556,0.000132,38.3274,0.160096,0.105471,0.355220,0.021787,0.002067,0.00030000
6,30,0.413868,0.000089,23.1967,0.159447,0.105241,0.222037,0.014125,0.001850,0.00030000
6,31,0.471744,0.000077,41.6086,0.162246,0.105141,0.360023,0.014167,0.001329,0.00030000
6,32,0.349822,0.000079,18.3625,0.161033,0.105204,0.153613,0.013128,0.001388,0.00030000
6,33,0.520511,0.000089,44.0668,0.163372,0.104737,0.398399,0.022825,0.001311,0.00030000
6,34,0.406730,0.000070,31.2299,0.164885,0.104981,0.270934,0.050363,0.002479,0.00030000
6,35,0.579687,0.000118,37.8587,0.166383,0.103757,0.321508,0.014596,0.002981,0.00030000
6,36,0.470103,0.000114,19.7179,0.165816,0.104709,0.177555,0.016288,0.002448,0.00030000
6,37,0.540414,0.000113,36.6950,0.167981,0.104457,0.297839,0.017714,0.002332,0.00030000
6,38,0.455503,0.000109,19.9695,0.166807,0.105116,0.190699,0.010732,0.001819,0.00030000
6,39,0.555957,0.000103,43.0687,0.169021,0.105196,0.365268,0.009152,0.001773,0.00030000
6,40,0.467068,0.000107,24.8675,0.168894,0.105190,0.209020,0.010309,0.001791,0.00030000
6,41,0.512939,0.000110,30.8959,0.170016,0.104363,0.280092,0.011910,0.002296,0.00030000
6,42,0.515331,0.000135,17.1557,0.169047,0.105421,0.149114,0.005873,0.002165,0.00030000
6,43,0.634224,0.000126,43.8674,0.171287,0.105466,0.370424,0.018961,0.000841,0.00030000
6,44,0.531764,0.000119,27.7391,0.172432,0.104745,0.249794,0.018572,0.001294,0.00030000
6,45,0.427647,0.000082,31.9264,0.173632,0.103961,0.264816,0.018753,0.001547,0.00030000
6,46,0.407442,0.000096,18.5804,0.172709,0.103722,0.177221,0.016202,0.001597,0.00030000
6,47,0.537966,0.000087,47.4459,0.173500,0.103871,0.399479,0.030277,0.001130,0.00030000
6,48,0.472175,0.000111,21.1694,0.173078,0.105317,0.174010,0.029916,0.000904,0.00030000
6,49,0.591202,0.000114,38.4012,0.173656,0.105147,0.368410,0.043905,0.002956,0.00030000
6,50,0.389554,0.000090,16.9490,0.172648,0.105186,0.161624,0.035309,0.002505,0.00030000
6,51,0.548200,0.000086,50.9665,0.173477,0.105683,0.427459,0.021236,0.001060,0.00030000
6,52,0.574477,0.000120,32.3227,0.174267,0.104375,0.272785,0.053964,0.003398,0.00030000
6,53,0.557917,0.000109,39.5240,0.173786,0.103719,0.363589,0.017464,0.002714,0.00030000
6,54,0.410489,0.000097,17.3839,0.172718,0.104251,0.173121,0.020470,0.001881,0.00030000
6,55,0.574732,0.000095,52.7533,0.173389,0.104089,0.437087,0.012338,0.001590,0.00030000
6,56,0.579945,0.000114,44.3329,0.172510,0.103698,0.337955,0.017533,0.001831,0.00030000
6,57,0.486243,0.000103,28.4776,0.172438,0.104034,0.271642,0.014708,0.002133,0.00030000
6,58,0.441293,0.000105,19.9130,0.171002,0.103830,0.189789,0.010594,0.002564,0.00030000
6,59,0.544172,0.000108,39.5657,0.170351,0.104184,0.313160,0.012582,0.001952,0.00030000
6,60,0.456850,0.000088,33.9091,0.169514,0.104264,0.258154,0.014528,0.000890,0.00030000
6,61,0.425429,0.000083,28.8097,0.168588,0.103542,0.281248,0.025957,0.000788,0.00030000
6,62,0.329999,0.000074,14.0445,0.166930,0.104111,0.154128,0.043404,0.000930,0.00030000
6,63,0.522238,0.000081,54.0878,0.166625,0.103131,0.382833,0.039018,0.000829,0.00030000
6,64,0.606643,0.000133,36.9270,0.165701,0.102855,0.264486,0.029254,0.002542,0.00030000
6,65,0.502567,0.000108,22.4491,0.164354,0.102552,0.233061,0.082195,0.002196,0.00030000
6,66,0.480444,0.000122,15.8272,0.163443,0.102409,0.152496,0.025218,0.002093,0.00030000
6,67,0.503893,0.000086,38.6808,0.163849,0.102573,0.318764,0.061136,0.001540,0.00030000
6,68,0.372593,0.000079,20.8463,0.162725,0.103024,0.159106,0.034976,0.001322,0.00030000
6,69,0.596342,0.000119,38.7050,0.162885,0.103146,0.375741,0.027563,0.002703,0.00030000
6,70,0.444909,0.000094,25.2583,0.162244,0.103163,0.255080,0.026747,0.000986,0.00030000
6,71,0.441097,0.000070,41.6072,0.162289,0.102887,0.331655,0.010552,0.001150,0.00030000
6,72,0.485307,0.000106,27.6616,0.161771,0.102699,0.212623,0.014846,0.001747,0.00030000
6,73,0.537745,0.000109,35.7208,0.161926,0.103353,0.341266,0.008903,0.000809,0.00030000
6,74,0.410836,0.000093,21.8536,0.161790,0.103396,0.206932,0.006937,0.001640,0.00030000
6,75,0.510390,0.000108,31.4868,0.162052,0.103545,0.244855,0.020608,0.001838,0.00030000
6,76,0.364361,0.000084,16.6124,0.161545,0.102981,0.158278,0.028617,0.001229,0.00030000
6,77,0.682553,0.000143,42.4813,0.163127,0.102472,0.353208,0.033643,0.001883,0.00030000
6,78,0.575931,0.000130,29.6782,0.163606,0.102278,0.259383,0.031701,0.001511,0.00030000
6,79,0.689517,0.000139,45.6114,0.164671,0.102315,0.410904,0.031137,0.001195,0.00030000
6,80,0.630965,0.000149,28.8470,0.164828,0.103179,0.229231,0.033486,0.003313,0.00030000
6,81,0.534493,0.000110,34.1262,0.165314,0.103356,0.290629,0.020041,0.001969,0.00030000
6,82,0.400822,0.000089,21.6968,0.164767,0.102939,0.215698,0.014167,0.000955,0.00030000
6,83,0.392204,0.000084,24.8042,0.164694,0.102947,0.190511,0.014416,0.001203,0.00030000
6,84,0.339663,0.000090,10.5240,0.163520,0.103020,0.084353,0.007366,0.000739,0.00030000
6,85,0.581488,0.000107,44.6048,0.163856,0.102841,0.424319,0.012772,0.001360,0.00030000
6,86,0.642848,0.000141,34.0442,0.163908,0.102991,0.325885,0.031562,0.002375,0.00030000
6,87,0.518815,0.000131,18.6775,0.163353,0.103017,0.153301,0.016924,0.001247,0.00030000
6,88,0.598048,0.000122,43.0185,0.164836,0.103131,0.356715,0.016743,0.002064,0.00030000
6,89,0.549254,0.000135,23.6977,0.164730,0.103105,0.200683,0.015455,0.001909,0.00030000
6,90,0.524321,0.000086,46.5153,0.166222,0.102976,0.400388,0.009513,0.001499,0.00030000
6,91,0.467695,0.000104,26.8534,0.166437,0.102881,0.226634,0.012879,0.002413,0.00030000
6,92,0.541274,0.000110,33.4315,0.166959,0.102502,0.315003,0.032758,0.002364,0.00030000
6,93,0.366329,0.000084,18.8084,0.166535,0.101902,0.143842,0.008737,0.001954,0.00030000
6,94,0.432773,0.000085,30.3748,0.166450,0.102584,0.295279,0.004000,0.000868,0.00030000
6,95,0.367206,0.000081,20.6105,0.166080,0.102322,0.173142,0.007435,0.000888,0.00030000
6,96,0.515141,0.000112,30.9993,0.166219,0.102406,0.278366,0.008903,0.001705,0.00030000
6,97,0.484224,0.000112,24.0313,0.165607,0.102002,0.184894,0.015137,0.000985,0.00030000
6,98,0.348925,0.000074,21.4440,0.165486,0.101802,0.202366,0.005288,0.000396,0.00030000
6,99,0.298744,0.000074,11.8507,0.164616,0.101794,0.120828,0.008044,0.000643,0.00030000
6,100,0.464199,0.000063,51.0336,0.164565,0.101595,0.414786,0.017173,0.000655,0.00030000
6,101,0.376550,0.000074,27.7003,0.164162,0.101728,0.214485,0.006937,0.000875,0.00030000
6,102,0.358873,0.000063,29.3622,0.163543,0.101576,0.274175,0.008293,0.000789,0.00030000
6,103,0.443272,0.000091,29.4603,0.163930,0.101596,0.238304,0.023158,0.000882,0.00030000
6,104,0.492525,0.000128,15.2266,0.163110,0.101972,0.149249,0.020047,0.001234,0.00030000
6,105,0.563043,0.000100,44.1841,0.162851,0.102164,0.365253,0.038459,0.002382,0.00030000
6,106,0.429710,0.000110,14.4302,0.162133,0.101738,0.126360,0.015026,0.001318,0.00030000
6,107,0.635284,0.000099,58.8659,0.163129,0.101824,0.518512,0.042496,0.002578,0.00030000
6,108,0.704736,0.000144,49.8003,0.163396,0.101811,0.426099,0.012020,0.002436,0.00030000
6,109,0.495579,0.000097,36.1295,0.163752,0.101693,0.289665,0.016383,0.001779,0.00030000
6,110,0.570404,0.000123,31.3198,0.164222,0.101737,0.294642,0.034005,0.002363,0.00030000
6,111,0.305081,0.000076,11.0511,0.163430,0.101824,0.100546,0.012587,0.001809,0.00030000
6,112,0.654615,0.000140,37.1152,0.164152,0.101651,0.319373,0.030139,0.005207,0.00030000
6,113,0.481770,0.000123,16.3388,0.163758,0.102193,0.162347,0.011909,0.005714,0.00030000
6,114,0.495156,0.000089,40.2716,0.164448,0.102811,0.323928,0.008903,0.002059,0.00030000
6,115,0.471225,0.000106,28.0656,0.164874,0.102800,0.225912,0.006576,0.002033,0.00030000
6,116,0.456292,0.000107,21.4364,0.164717,0.102970,0.179877,0.014416,0.003971,0.00030000
6,117,0.478954,0.000109,24.7756,0.164009,0.103101,0.240843,0.010621,0.002678,0.00030000
6,118,0.411014,0.000091,23.8080,0.163853,0.103512,0.194469,0.004859,0.002301,0.00030000
6,119,0.335362,0.000083,13.7189,0.163447,0.103329,0.115209,0.008870,0.000939,0.00030000
6,120,0.441527,0.000091,25.0426,0.163024,0.102955,0.256358,0.033978,0.001619,0.00030000
6,121,0.371669,0.000092,11.3511,0.162360,0.103124,0.098571,0.047263,0.001299,0.00030000
6,122,0.573463,0.000114,39.6113,0.163139,0.103335,0.336561,0.038550,0.001342,0.00030000
6,123,0.509716,0.000106,27.1357,0.163139,0.103356,0.209481,0.073693,0.001631,0.00030000
6,124,0.340253,0.000074,18.1979,0.162660,0.103035,0.177085,0.025873,0.000877,0.00030000
6,125,0.331127,0.000082,12.8298,0.161986,0.102910,0.104860,0.010801,0.001012,0.00030000
6,126,0.343594,0.000071,22.0315,0.161790,0.102848,0.212139,0.009942,0.000893,0.00030000
6,127,0.321266,0.000081,12.1491,0.160998,0.102807,0.084912,0.010101,0.001088,0.00030000
6,128,0.441248,0.000087,29.4017,0.160683,0.102836,0.281862,0.016743,0.000767,0.00030000
6,129,0.403709,0.000093,19.9672,0.160402,0.102780,0.201247,0.004859,0.001182,0.00030000
6,130,0.368187,0.000078,23.1214,0.159973,0.102845,0.179850,0.013557,0.001122,0.00030000
6,131,0.381710,0.000069,30.1869,0.160157,0.102588,0.273764,0.009942,0.001685,0.00030000
6,132,0.355430,0.000086,15.7794,0.159566,0.102765,0.120198,0.010372,0.000716,0.00030000
6,133,0.465449,0.000099,28.1497,0.159102,0.102867,0.271727,0.006327,0.000659,0.00030000
6,134,0.297410,0.000064,17.8723,0.158854,0.102537,0.161564,0.007366,0.000749,0.00030000
6,135,0.512248,0.000122,23.2536,0.158597,0.102156,0.184355,0.014964,0.000789,0.00030000
6,136,0.482403,0.000124,14.4522,0.158212,0.102186,0.137887,0.027309,0.001218,0.00030000
6,137,0.407552,0.000087,25.1687,0.157704,0.102003,0.186753,0.016971,0.003250,0.00030000
6,138,0.333166,0.000075,18.1636,0.157504,0.101789,0.155950,0.013489,0.001802,0.00030000
6,139,0.446918,0.000070,40.1131,0.157828,0.101785,0.375422,0.021217,0.003795,0.00030000
6,140,0.346924,0.000081,16.9971,0.157424,0.101752,0.143367,0.011840,0.001741,0.00030000
6,141,0.516774,0.000075,50.2206,0.158543,0.101826,0.434995,0.028422,0.001914,0.00030000
6,142,0.424874,0.000082,32.2343,0.158845,0.102178,0.267807,0.007864,0.000939,0.00030000
6,143,0.478207,0.000082,40.8794,0.158966,0.101993,0.379847,0.005717,0.002072,0.00030000
6,144,0.352130,0.000087,14.9426,0.158606,0.101881,0.117024,0.006930,0.001106,0.00030000
6,145,0.437034,0.000092,27.9079,0.158751,0.102049,0.243958,0.011230,0.000323,0.00030000
6,146,0.327184,0.000075,14.8322,0.158116,0.102253,0.158871,0.020719,0.000467,0.00030000
6,147,0.498648,0.000104,34.1500,0.157640,0.102627,0.258954,0.011951,0.001106,0.00030000
6,148,0.268949,0.000064,12.1896,0.157064,0.102850,0.093164,0.012518,0.000589,0.00030000
6,149,0.426990,0.000077,32.3899,0.157080,0.102492,0.318773,0.013128,0.000893,0.00030000
6,150,0.413766,0.000096,19.2517,0.156763,0.102346,0.194256,0.012699,0.001163,0.00030000
6,151,0.357377,0.000068,26.1750,0.156653,0.102226,0.209372,0.011666,0.000827,0.00030000
6,152,0.369556,0.000096,11.5547,0.156193,0.102387,0.102113,0.020065,0.000656,0.00030000
6,153,0.486475,0.000082,42.6496,0.156880,0.102381,0.369944,0.007496,0.000530,0.00030000
6,154,0.481114,0.000103,26.1767,0.157038,0.102551,0.256043,0.027451,0.002638,0.00030000
6,155,0.489493,0.000102,29.2877,0.157091,0.102619,0.255673,0.039204,0.004142,0.00030000
6,156,0.523613,0.000109,34.6604,0.156941,0.102573,0.260514,0.022617,0.003509,0.00030000
6,157,0.434236,0.000107,16.8345,0.156551,0.102806,0.132094,0.023182,0.002613,0.00030000
6,158,0.687588,0.000089,79.5960,0.156840,0.102646,0.664495,0.029753,0.003025,0.00030000
6,159,0.553513,0.000075,66.6635,0.157096,0.102668,0.522746,0.021621,0.002547,0.00030000
6,160,0.437717,0.000081,33.9444,0.157650,0.102678,0.302613,0.014596,0.001686,0.00030000
6,161,0.414396,0.000081,31.2427,0.157513,0.102720,0.235920,0.014466,0.001649,0.00030000
6,162,0.364129,0.000084,18.0890,0.157384,0.102709,0.157057,0.018684,0.000917,0.00030000
6,163,0.405173,0.000095,19.3337,0.157257,0.102683,0.174550,0.017645,0.001034,0.00030000
6,164,0.418887,0.000100,18.8149,0.156897,0.102476,0.147946,0.018641,0.001028,0.00030000
6,165,0.471544,0.000108,23.8220,0.156983,0.102221,0.209514,0.015095,0.001350,0.00030000
6,166,0.405757,0.000097,18.3768,0.156669,0.102322,0.175303,0.007186,0.002133,0.00030000
6,167,0.608266,0.000129,41.4853,0.156375,0.102285,0.320108,0.004859,0.002733,0.00030000
6,168,0.389286,0.000096,15.8947,0.156007,0.102579,0.121667,0.011050,0.001569,0.00030000
6,169,0.533612,0.000107,39.5305,0.155670,0.102847,0.348782,0.005288,0.002207,0.00030000
6,170,0.389873,0.000074,29.8726,0.155205,0.102826,0.276901,0.011618,0.001111,0.00030000
6,171,0.481937,0.000101,30.9684,0.154959,0.102629,0.233104,0.007366,0.001532,0.00030000
6,172,0.369333,0.000081,21.9988,0.154560,0.102699,0.152137,0.008474,0.000903,0.00030000
6,173,0.392277,0.000085,21.5503,0.154332,0.102813,0.224611,0.011909,0.001093,0.00030000
6,174,0.352484,0.000081,18.1161,0.153844,0.102729,0.190789,0.004000,0.001179,0.00030000
6,175,0.498048,0.000085,48.5774,0.153656,0.102732,0.344652,0.006147,0.001266,0.00030000
6,176,0.401122,0.000090,22.2182,0.153282,0.102498,0.172624,0.015275,0.000874,0.00030000
6,177,0.536642,0.000086,49.0648,0.153498,0.102295,0.455383,0.004859,0.000714,0.00030000
6,178,0.331889,0.000066,24.0187,0.153168,0.102177,0.227556,0.005873,0.000427,0.00030000
6,179,0.452973,0.000083,34.3112,0.153534,0.102167,0.303062,0.011230,0.001175,0.00030000
6,180,0.460923,0.000112,19.6421,0.153137,0.102403,0.149622,0.016675,0.001255,0.00030000
6,181,0.583728,0.000100,50.0018,0.153129,0.102211,0.428011,0.042883,0.000943,0.00030000
6,182,0.597159,0.000118,43.0355,0.152969,0.102366,0.381646,0.015345,0.001414,0.00030000
6,183,0.392982,0.000067,32.6030,0.152720,0.102312,0.273441,0.026052,0.001419,0.00030000
6,184,0.481463,0.000101,29.2945,0.152974,0.102195,0.260620,0.019543,0.000929,0.00030000
6,185,0.420451,0.000092,25.2351,0.152521,0.102295,0.192050,0.011728,0.000919,0.00030000
6,186,0.377626,0.000081,22.7577,0.152240,0.102223,0.218313,0.005039,0.000717,0.00030000
6,187,0.263854,0.000063,12.1101,0.151833,0.102322,0.094865,0.005546,0.000381,0.00030000
6,188,0.382040,0.000087,18.7455,0.151630,0.102215,0.187981,0.014167,0.001038,0.00030000
6,189,0.329243,0.000086,11.0111,0.151150,0.102098,0.114977,0.004180,0.000778,0.00030000
6,190,0.659122,0.000107,66.9890,0.151024,0.101976,0.498009,0.022686,0.001283,0.00030000
6,191,0.545587,0.000096,50.3660,0.150903,0.101990,0.372387,0.016065,0.000941,0.00030000
6,192,0.430549,0.000097,22.8823,0.150681,0.101761,0.216724,0.005468,0.001641,0.00030000
6,193,0.321864,0.000068,20.3377,0.150645,0.101517,0.189562,0.004429,0.000932,0.00030000
6,194,0.376273,0.000084,19.9697,0.150534,0.101541,0.160075,0.013197,0.001927,0.00030000
6,195,0.409191,0.000076,29.9889,0.150377,0.101506,0.285569,0.025362,0.000653,0.00030000
6,196,0.434190,0.000096,23.5819,0.150330,0.101176,0.192438,0.029266,0.001205,0.00030000
6,197,0.324240,0.000083,10.6719,0.149910,0.100978,0.114416,0.010621,0.000801,0.00030000
6,198,0.473680,0.000079,39.4338,0.150101,0.101029,0.327644,0.034863,0.000949,0.00030000
6,199,0.408931,0.000098,18.0630,0.149804,0.101320,0.133325,0.020762,0.001612,0.00030000
6,200,0.431199,0.000077,38.8112,0.149454,0.101363,0.336945,0.004000,0.000867,0.00030000
6,201,0.323472,0.000069,19.2822,0.149283,0.101279,0.194394,0.004000,0.000403,0.00030000
6,202,0.366613,0.000066,31.1459,0.148907,0.101311,0.229398,0.011411,0.000475,0.00030000
6,203,0.354089,0.000092,11.2698,0.148544,0.101074,0.087348,0.017241,0.000854,0.00030000
6,204,0.640674,0.000097,62.6458,0.148713,0.100826,0.556180,0.028463,0.001436,0.00030000
6,205,0.555680,0.000109,42.7982,0.148746,0.100735,0.363014,0.020109,0.000992,0.00030000
6,206,0.453029,0.000085,33.7689,0.148952,0.100673,0.283456,0.010011,0.001806,0.00030000
6,207,0.438074,0.000101,20.6072,0.148857,0.100617,0.157187,0.036422,0.002472,0.00030000
6,208,0.426893,0.000083,31.2524,0.148642,0.100498,0.286127,0.016134,0.000995,0.00030000
6,209,0.375638,0.000090,17.6926,0.148495,0.100554,0.143461,0.009083,0.000756,0.00030000
6,210,0.477082,0.000098,33.1941,0.148663,0.100460,0.290230,0.012767,0.000858,0.00030000
6,211,0.568073,0.000126,32.1105,0.148440,0.100501,0.243873,0.025914,0.002059,0.00030000
6,212,0.387864,0.000083,23.9389,0.148625,0.100318,0.206083,0.011295,0.003092,0.00030000
6,213,0.444634,0.000086,30.6102,0.148576,0.100300,0.293652,0.010372,0.001448,0.00030000
6,214,0.343442,0.000089,11.2268,0.148234,0.099999,0.091697,0.011660,0.001603,0.00030000
6,215,0.394373,0.000074,29.2363,0.148144,0.100065,0.275163,0.008474,0.001853,0.00030000
6,216,0.308917,0.000076,12.2664,0.147895,0.100143,0.120382,0.007005,0.001417,0.00030000
6,217,0.531284,0.000119,28.6497,0.147921,0.100062,0.228123,0.015774,0.000841,0.00030000
6,218,0.540998,0.000148,12.4703,0.147578,0.100264,0.103814,0.023905,0.001939,0.00030000
6,219,0.621407,0.000106,53.2299,0.148494,0.100234,0.442841,0.039835,0.005696,0.00030000
6,220,0.503988,0.000105,34.0958,0.148758,0.100292,0.294052,0.011299,0.003756,0.00030000
6,221,0.743853,0.000147,45.9279,0.149222,0.100454,0.405977,0.074511,0.017661,0.00030000
6,222,0.548174,0.000120,28.2879,0.149377,0.100454,0.224729,0.053928,0.002925,0.00030000
6,223,0.514518,0.000110,25.8503,0.149444,0.100423,0.249312,0.046725,0.014509,0.00030000
6,224,0.617902,0.000128,37.2737,0.149455,0.100631,0.313993,0.037416,0.008097,0.00030000
6,225,0.446104,0.000073,39.1217,0.149996,0.100538,0.349500,0.031608,0.000827,0.00030000
6,226,0.464806,0.000109,22.2217,0.149959,0.100540,0.183585,0.015567,0.002531,0.00030000
6,227,0.513636,0.000107,31.9050,0.149798,0.100509,0.295710,0.030962,0.001185,0.00030000
6,228,0.399883,0.000096,17.4630,0.149763,0.100266,0.152320,0.020470,0.002164,0.00030000
6,229,0.551774,0.000134,23.1847,0.149648,0.100346,0.181742,0.019581,0.000672,0.00030000
6,230,0.385492,0.000096,14.2082,0.149347,0.100320,0.144575,0.012089,0.003377,0.00030000
6,231,0.508961,0.000081,42.1075,0.149758,0.100267,0.362802,0.058318,0.002018,0.00030000
6,232,0.359974,0.000086,16.2233,0.149497,0.100373,0.134698,0.011840,0.001251,0.00030000
6,233,0.592812,0.000081,61.4146,0.150094,0.100413,0.558586,0.023974,0.003115,0.00030000
6,234,0.539396,0.000105,39.4280,0.150479,0.100425,0.356192,0.008474,0.001251,0.00030000
6,235,0.393040,0.000071,32.8397,0.150315,0.100465,0.253930,0.011411,0.000626,0.00030000
6,236,0.509362,0.000130,18.0121,0.150162,0.100349,0.177449,0.009083,0.001398,0.00030000
6,237,0.486190,0.000099,32.9328,0.150400,0.100396,0.270658,0.006327,0.002144,0.00030000
6,238,0.389450,0.000068,32.3228,0.150481,0.100406,0.308403,0.004172,0.001002,0.00030000
6,239,0.382205,0.000079,25.0881,0.150419,0.100516,0.204223,0.004429,0.001726,0.00030000
6,240,0.433050,0.000105,16.5175,0.150184,0.100614,0.178611,0.024557,0.001561,0.00030000
6,241,0.416103,0.000075,35.4160,0.150374,0.100622,0.265682,0.020788,0.000952,0.00030000
6,242,0.396157,0.000100,15.8849,0.150013,0.100536,0.114827,0.006147,0.001317,0.00030000
6,243,0.377687,0.000069,29.6999,0.150205,0.100359,0.274116,0.015026,0.000566,0.00030000
6,244,0.403064,0.000093,19.1276,0.149977,0.100249,0.180357,0.026642,0.001108,0.00030000
6,245,0.461089,0.000090,33.9803,0.150225,0.100092,0.288967,0.020899,0.000896,0.00030000
6,246,0.504851,0.000090,40.2301,0.150186,0.100124,0.315346,0.029760,0.002058,0.00030000
6,247,0.373630,0.000085,18.5908,0.150104,0.100202,0.154986,0.016245,0.001800,0.00030000
6,248,0.465606,0.000091,30.8171,0.149974,0.099972,0.297791,0.028310,0.001123,0.00030000
6,249,0.305674,0.000075,12.0116,0.149707,0.099906,0.120948,0.012381,0.000423,0.00030000
6,250,0.443037,0.000083,38.2468,0.149450,0.099890,0.276376,0.004859,0.000897,0.00030000
6,251,0.347942,0.000076,19.1609,0.149357,0.099912,0.159378,0.021329,0.000983,0.00030000
6,252,0.319142,0.000066,20.3870,0.149311,0.099907,0.186158,0.008044,0.000310,0.00030000
6,253,0.509946,0.000121,22.0969,0.149137,0.099898,0.213390,0.025202,0.001664,0.00030000
6,254,0.455462,0.000092,31.0871,0.149034,0.099900,0.256004,0.006327,0.001462,0.00030000
6,255,0.434160,0.000106,17.9663,0.148871,0.099853,0.139087,0.015740,0.000450,0.00030000
6,256,0.428666,0.000076,37.1270,0.148696,0.099903,0.321832,0.012699,0.001340,0.00030000
6,257,0.366088,0.000090,13.8167,0.148495,0.099996,0.134349,0.016717,0.000803,0.00030000
6,258,0.440862,0.000082,32.9118,0.148417,0.099862,0.274559,0.017894,0.000806,0.00030000
6,259,0.460908,0.000119,15.5062,0.148180,0.099795,0.122241,0.013918,0.002058,0.00030000
6,260,0.439797,0.000081,34.2646,0.148066,0.099890,0.319534,0.006576,0.001198,0.00030000
6,261,0.502063,0.000116,24.5394,0.147898,0.100014,0.235316,0.011660,0.001493,0.00030000
6,262,0.430957,0.000078,34.3181,0.147819,0.099979,0.283522,0.010981,0.001509,0.00030000
6,263,0.308361,0.000058,24.0260,0.147575,0.099918,0.184082,0.008515,0.000606,0.00030000
6,264,0.419204,0.000079,31.5903,0.147547,0.099851,0.301855,0.009152,0.000725,0.00030000
6,265,0.393697,0.000095,17.3524,0.147380,0.099764,0.170816,0.006756,0.000997,0.00030000
6,266,0.393275,0.000078,28.3284,0.147145,0.099854,0.221904,0.004609,0.000712,0.00030000
6,267,0.454726,0.000110,20.0571,0.146866,0.099814,0.141391,0.021516,0.001439,0.00030000
6,268,0.536824,0.000090,49.4079,0.146791,0.099850,0.442412,0.007117,0.001034,0.00030000
6,269,0.447366,0.000092,28.7920,0.146726,0.099956,0.276624,0.010372,0.000855,0.00030000
6,270,0.380186,0.000083,22.0040,0.146573,0.099930,0.169036,0.010732,0.000942,0.00030000
6,271,0.421862,0.000078,32.7430,0.146853,0.099922,0.299017,0.013489,0.000960,0.00030000
6,272,0.328212,0.000086,10.1363,0.146612,0.099710,0.091366,0.008293,0.001147,0.00030000
6,273,0.796574,0.000151,56.8842,0.147359,0.099792,0.488173,0.044319,0.001991,0.00030000
6,274,0.606745,0.000107,45.3007,0.147760,0.099770,0.424987,0.064343,0.001271,0.00030000
6,275,0.471794,0.000126,12.4824,0.147497,0.099544,0.094782,0.025734,0.001476,0.00030000
6,276,0.337315,0.000076,17.8132,0.147271,0.099718,0.182772,0.007117,0.000794,0.00030000
6,277,0.432894,0.000077,34.6652,0.147143,0.099738,0.275952,0.023725,0.000597,0.00030000
6,278,0.462997,0.000108,21.4195,0.147188,0.099660,0.190631,0.027812,0.001119,0.00030000
6,279,0.364463,0.000073,23.8762,0.147098,0.099562,0.190014,0.015455,0.001051,0.00030000
6,280,0.726546,0.000169,33.3592,0.147087,0.099486,0.304430,0.049165,0.002580,0.00030000
6,281,0.320988,0.000082,11.0899,0.146846,0.099548,0.098824,0.009015,0.000403,0.00030000
6,282,0.516532,0.000110,30.6295,0.147052,0.099586,0.281623,0.018392,0.000925,0.00030000
6,283,0.384666,0.000086,21.9617,0.146816,0.099583,0.171435,0.008654,0.000548,0.00030000
6,284,0.417877,0.000092,23.2974,0.146650,0.099600,0.227466,0.010912,0.000745,0.00030000
6,285,0.379150,0.000083,21.9807,0.146499,0.099454,0.176768,0.007435,0.000858,0.00030000
6,286,0.366843,0.000074,24.1730,0.146297,0.099418,0.240765,0.004000,0.000417,0.00030000
6,287,0.431075,0.000100,21.5973,0.146321,0.099393,0.183238,0.005898,0.001301,0.00030000
6,288,0.342413,0.000080,16.3324,0.146186,0.099280,0.154437,0.007186,0.001955,0.00030000
6,289,0.307376,0.000065,20.6748,0.145908,0.099184,0.140325,0.004172,0.000848,0.00030000
6,290,0.460554,0.000108,19.7466,0.145755,0.099316,0.199943,0.027563,0.000829,0.00030000
6,291,0.367352,0.000082,20.2493,0.145762,0.099332,0.186101,0.007615,0.001743,0.00030000
6,292,0.350219,0.000064,27.9513,0.145614,0.099221,0.225717,0.005898,0.000749,0.00030000
6,293,0.319778,0.000080,12.4383,0.145349,0.099228,0.103600,0.009083,0.000789,0.00030000
6,294,0.511497,0.000107,30.9363,0.145421,0.099289,0.304266,0.007186,0.001820,0.00030000
6,295,0.522827,0.000122,24.5290,0.145475,0.099222,0.226105,0.018323,0.001724,0.00030000
6,296,0.599670,0.000121,39.4866,0.145764,0.099289,0.328072,0.020178,0.001785,0.00030000
6,297,0.458684,0.000113,19.7151,0.145734,0.099304,0.174647,0.007237,0.002135,0.00030000
6,298,0.400863,0.000072,32.3692,0.145955,0.099190,0.277762,0.006576,0.000939,0.00030000
6,299,0.392191,0.000087,21.1975,0.145768,0.099083,0.213897,0.008723,0.000683,0.00030000
6,300,0.377663,0.000078,24.4365,0.145692,0.099072,0.191356,0.005717,0.000536,0.00030000
6,301,0.282485,0.000071,10.9736,0.145431,0.099135,0.095111,0.005717,0.000416,0.00030000
6,302,0.583934,0.000098,53.9999,0.145260,0.099052,0.455042,0.019002,0.001123,0.00030000
6,303,0.456122,0.000076,38.8669,0.145409,0.099045,0.368537,0.016494,0.000818,0.00030000
6,304,0.356074,0.000082,17.6904,0.145334,0.099059,0.161664,0.013066,0.001010,0.00030000
6,305,0.538542,0.000106,36.4887,0.145558,0.099094,0.295331,0.030983,0.001239,0.00030000
6,306,0.571673,0.000127,27.4644,0.145480,0.098964,0.222297,0.067893,0.001052,0.00030000
6,307,0.512488,0.000118,25.2486,0.145551,0.099193,0.215694,0.025167,0.001687,0.00030000
6,308,0.529443,0.000134,17.3105,0.145477,0.099232,0.169156,0.031802,0.001563,0.00030000
6,309,0.461385,0.000091,29.7003,0.145606,0.099259,0.245899,0.051213,0.002040,0.00030000
6,310,0.339209,0.000068,23.0403,0.145459,0.099224,0.175069,0.020788,0.001268,0.00030000
6,311,0.382284,0.000080,22.4976,0.145291,0.099130,0.215965,0.019792,0.002050,0.00030000
6,312,0.471316,0.000100,28.7043,0.145343,0.099189,0.240433,0.010552,0.001620,0.00030000
6,313,0.312527,0.000066,19.9399,0.145211,0.099284,0.191568,0.006147,0.001756,0.00030000
6,314,0.493859,0.000101,34.7242,0.145020,0.099131,0.264429,0.007458,0.002187,0.00030000
6,315,0.595079,0.000138,25.1921,0.145050,0.098938,0.202198,0.060746,0.003117,0.00030000
6,316,0.690941,0.000144,42.6566,0.145000,0.099151,0.394676,0.025846,0.002424,0.00030000
6,317,0.508338,0.000120,24.0819,0.144842,0.099224,0.227215,0.015567,0.001913,0.00030000
6,318,0.490932,0.000098,35.4717,0.144651,0.099277,0.271280,0.017533,0.001158,0.00030000
6,319,0.354023,0.000080,19.5078,0.144636,0.099312,0.174600,0.008044,0.001427,0.00030000
6,320,0.568164,0.000133,26.0516,0.144664,0.099349,0.218200,0.020041,0.002092,0.00030000
6,321,0.385202,0.000083,23.3580,0.144428,0.099369,0.220018,0.009444,0.001160,0.00030000
6,322,0.416537,0.000093,21.8376,0.144265,0.099488,0.172982,0.019051,0.000717,0.00030000
6,323,0.358317,0.000077,20.9653,0.144210,0.099424,0.208131,0.006919,0.000338,0.00030000
6,324,0.510454,0.000127,19.0130,0.144082,0.099285,0.155377,0.024044,0.002287,0.00030000
6,325,0.513342,0.000121,22.5661,0.144024,0.099179,0.216501,0.022652,0.001909,0.00030000
6,326,0.448070,0.000113,15.8976,0.143892,0.099155,0.131241,0.018194,0.001946,0.00030000
6,327,0.593158,0.000147,22.9605,0.143861,0.099358,0.215530,0.018553,0.001949,0.00030000
6,328,0.488353,0.000125,17.5505,0.143700,0.099287,0.135511,0.014121,0.001972,0.00030000
6,329,0.488601,0.000119,21.3809,0.143530,0.099358,0.202774,0.007871,0.001665,0.00030000
6,330,0.518652,0.000128,20.8780,0.143479,0.099235,0.177795,0.014785,0.002222,0.00030000
6,331,0.504169,0.000130,16.9034,0.143401,0.099221,0.150068,0.013715,0.002295,0.00030000
6,332,0.575054,0.000144,21.0884,0.143342,0.099141,0.180814,0.021260,0.001383,0.00030000
6,333,0.443269,0.000103,20.2602,0.143252,0.099128,0.197972,0.022490,0.001557,0.00030000
6,334,0.526365,0.000133,18.5647,0.143204,0.099241,0.162200,0.017992,0.001692,0.00030000
6,335,0.419230,0.000096,22.8902,0.143222,0.099320,0.198146,0.005288,0.002210,0.00030000
6,336,0.361116,0.000076,23.9707,0.142995,0.099404,0.184294,0.007186,0.001056,0.00030000
6,337,0.484916,0.000124,16.2146,0.142845,0.099345,0.149249,0.020290,0.000884,0.00030000
6,338,0.386334,0.000081,24.1333,0.142880,0.099356,0.204834,0.018107,0.001460,0.00030000
6,339,0.485267,0.000122,16.9730,0.142731,0.099348,0.132147,0.029143,0.000930,0.00030000
6,340,0.461993,0.000089,37.3427,0.142544,0.099426,0.319709,0.004172,0.000677,0.00030000
6,341,0.440917,0.000108,18.0116,0.142494,0.099481,0.163034,0.014777,0.001216,0.00030000
6,342,0.563393,0.000121,31.9952,0.142694,0.099644,0.250713,0.054089,0.002805,0.00030000
6,343,0.532785,0.000138,16.8384,0.142565,0.099659,0.153271,0.017742,0.002152,0.00030000
6,344,0.618850,0.000129,39.0849,0.142873,0.099670,0.336624,0.019792,0.001833,0.00030000
6,345,0.451054,0.000104,20.7059,0.142863,0.099700,0.194062,0.030088,0.001261,0.00030000
6,346,0.508542,0.000102,33.7541,0.143113,0.099640,0.293182,0.030006,0.002750,0.00030000
6,347,0.513794,0.000111,30.4363,0.143024,0.099672,0.242496,0.016357,0.001773,0.00030000
6,348,0.538077,0.000132,22.1528,0.143098,0.099588,0.199367,0.015301,0.001505,0.00030000
6,349,0.422180,0.000098,19.9342,0.142977,0.099705,0.199154,0.011230,0.000592,0.00030000
6,350,0.424176,0.000094,24.8256,0.142819,0.099720,0.200134,0.004429,0.000755,0.00030000
6,351,0.543898,0.000139,17.1533,0.142722,0.099666,0.151603,0.032966,0.001039,0.00030000
6,352,0.426282,0.000096,22.3798,0.142788,0.099578,0.201296,0.013240,0.000768,0.00030000
6,353,0.340637,0.000091,9.7758,0.142587,0.099608,0.094666,0.008044,0.000873,0.00030000
6,354,0.629000,0.000143,32.8435,0.142666,0.099558,0.274225,0.013197,0.001898,0.00030000
6,355,0.444074,0.000120,12.4028,0.142471,0.099749,0.107192,0.009942,0.001542,0.00030000
6,356,0.658221,0.000134,44.4480,0.142416,0.099804,0.356721,0.023158,0.004430,0.00030000
6,357,0.490742,0.000114,22.8175,0.142557,0.099669,0.190875,0.038458,0.001510,0.00030000
6,358,0.619931,0.000128,35.1575,0.142548,0.099550,0.335950,0.052491,0.003168,0.00030000
6,359,0.466879,0.000101,25.2860,0.142481,0.099579,0.206170,0.038583,0.001032,0.00030000
6,360,0.446495,0.000088,26.8289,0.142532,0.099598,0.252195,0.056544,0.001333,0.00030000
6,361,0.500867,0.000122,19.2708,0.142432,0.099665,0.147726,0.043279,0.001740,0.00030000
6,362,1.012573,0.000247,39.7797,0.142354,0.099669,0.366318,0.064651,0.002228,0.00030000
6,363,0.810955,0.000208,24.5069,0.142332,0.099687,0.212654,0.066521,0.003567,0.00030000
6,364,0.813784,0.000201,30.4201,0.142446,0.099628,0.238799,0.059028,0.002764,0.00030000
6,365,0.819634,0.000211,23.7702,0.142462,0.099597,0.204205,0.068650,0.003409,0.00030000
6,366,0.628223,0.000136,30.4969,0.142625,0.099651,0.249912,0.085405,0.002005,0.00030000
6,367,0.685616,0.000157,35.0371,0.142615,0.099731,0.336642,0.017533,0.002437,0.00030000
6,368,0.383012,0.000082,22.0284,0.142553,0.099736,0.210697,0.021509,0.001946,0.00030000
6,369,0.530140,0.000108,37.2617,0.142477,0.099730,0.286055,0.013308,0.002111,0.00030000
6,370,0.421638,0.000100,20.3425,0.142307,0.099686,0.142140,0.008654,0.001537,0.00030000
6,371,0.537241,0.000111,36.7565,0.142153,0.099720,0.328079,0.020083,0.001732,0.00030000
6,372,0.365374,0.000071,24.4851,0.142099,0.099657,0.256883,0.013377,0.001480,0.00030000
6,373,0.459065,0.000093,32.2477,0.141989,0.099701,0.233905,0.014846,0.002027,0.00030000
6,374,0.352241,0.000072,24.6849,0.141796,0.099798,0.168494,0.012772,0.000478,0.00030000
6,375,0.440217,0.000077,36.6500,0.141682,0.099666,0.318046,0.034185,0.000720,0.00030000
6,376,0.505854,0.000108,28.8086,0.141584,0.099560,0.273113,0.026843,0.000744,0.00030000
6,377,0.418626,0.000089,26.4671,0.141457,0.099701,0.202771,0.013806,0.000861,0.00030000
6,378,0.392799,0.000099,14.7151,0.141265,0.099734,0.110881,0.012699,0.000969,0.00030000
6,379,0.435663,0.000068,44.8470,0.141258,0.099639,0.365833,0.024334,0.001078,0.00030000
6,380,0.410399,0.000070,34.5526,0.141316,0.099558,0.326930,0.009339,0.001084,0.00030000
6,381,0.379482,0.000088,17.6292,0.141231,0.099622,0.140370,0.022874,0.002249,0.00030000
6,382,0.434818,0.000074,37.7425,0.141471,0.099556,0.328793,0.023893,0.000706,0.00030000
6,383,0.481201,0.000107,26.0789,0.141446,0.099694,0.198377,0.022617,0.001622,0.00030000
6,384,0.393367,0.000079,25.3392,0.141546,0.099844,0.213739,0.027812,0.001450,0.00030000
6,385,0.412897,0.000079,32.7951,0.141412,0.099778,0.294746,0.006507,0.001340,0.00030000
6,386,0.291740,0.000073,10.6577,0.141243,0.099857,0.100245,0.010552,0.001252,0.00030000
6,387,0.464135,0.000100,31.2707,0.141418,0.099816,0.244936,0.007186,0.001603,0.00030000
6,388,0.440783,0.000110,18.1240,0.141310,0.099854,0.129894,0.011411,0.001957,0.00030000
6,389,0.478228,0.000093,31.4385,0.141443,0.100066,0.309219,0.027769,0.001497,0.00030000
6,390,0.366568,0.000079,20.9267,0.141408,0.099984,0.211135,0.008474,0.001010,0.00030000
6,391,0.349048,0.000064,26.7489,0.141418,0.099965,0.206528,0.019642,0.000546,0.00030000
7,1,0.556012,0.000143,17.2393,0.108988,0.110504,0.132895,0.035364,0.002527,0.00029266
7,2,0.616836,0.000131,36.7962,0.128511,0.083813,0.345622,0.021150,0.002142,0.00029266
7,3,0.472424,0.000111,20.8769,0.124460,0.111542,0.212361,0.017905,0.001711,0.00029266
7,4,0.517822,0.000125,22.9895,0.123761,0.122577,0.178731,0.014312,0.001831,0.00029266
7,5,0.414472,0.000109,12.4609,0.115140,0.111427,0.102428,0.014888,0.001603,0.00029266
7,6,0.666354,0.000148,35.9225,0.122961,0.107462,0.342063,0.020446,0.001947,0.00029266
7,7,0.496954,0.000110,27.7390,0.120967,0.106142,0.264368,0.015532,0.002486,0.00029266
7,8,0.539402,0.000114,34.5998,0.115406,0.102063,0.263634,0.012360,0.001779,0.00029266
7,9,0.434821,0.000106,18.4243,0.111686,0.101984,0.141579,0.020192,0.002158,0.00029266
7,10,0.624016,0.000131,41.8068,0.111973,0.101862,0.351065,0.016245,0.001928,0.00029266
7,11,0.548755,0.000112,34.8251,0.120552,0.109734,0.337047,0.013806,0.001884,0.00029266
7,12,0.470754,0.000112,20.9560,0.121849,0.113260,0.187038,0.014098,0.001599,0.00029266
7,13,0.582101,0.000120,38.2282,0.130943,0.110550,0.345295,0.008973,0.001734,0.00029266
7,14,0.502036,0.000118,23.4750,0.130259,0.109267,0.186056,0.013018,0.001873,0.00029266
7,15,0.587436,0.000137,27.6798,0.132070,0.112316,0.241180,0.019308,0.001794,0.00029266
7,16,0.537202,0.000112,35.1650,0.130369,0.110660,0.313385,0.009083,0.001928,0.00029266
7,17,0.444858,0.000098,24.3061,0.128921,0.111149,0.242972,0.006122,0.002072,0.00029266
7,18,0.493631,0.000104,32.3582,0.128064,0.111209,0.246136,0.014236,0.001954,0.00029266
7,19,0.447261,0.000101,24.9490,0.129871,0.108776,0.198826,0.011729,0.001333,0.00029266
7,20,0.412435,0.000105,14.0213,0.126435,0.108539,0.148805,0.012450,0.001568,0.00029266
7,21,0.510828,0.000100,35.3461,0.129634,0.108538,0.302819,0.012561,0.001738,0.00029266
7,22,0.422953,0.000107,16.2916,0.126603,0.109250,0.110563,0.013453,0.001524,0.00029266
7,23,0.526539,0.000098,41.1128,0.126286,0.109813,0.378017,0.010303,0.001691,0.00029266
7,24,0.504373,0.000104,31.5385,0.126659,0.110989,0.309101,0.011840,0.002054,0.00029266
7,25,0.427429,0.000095,24.1360,0.125554,0.114060,0.194619,0.006930,0.001280,0.00029266
7,26,0.469316,0.000099,29.5714,0.128339,0.114211,0.254910,0.017602,0.001199,0.00029266
7,27,0.356026,0.000088,12.6032,0.126807,0.114234,0.119046,0.024718,0.001665,0.00029266
7,28,0.858621,0.000191,45.5252,0.130741,0.114397,0.381446,0.050267,0.008512,0.00029266
7,29,0.722237,0.000177,29.2651,0.130897,0.114299,0.237133,0.029107,0.004358,0.00029266
7,30,0.712309,0.000157,37.5689,0.134198,0.112813,0.345042,0.036402,0.003283,0.00029266
7,31,0.590859,0.000137,28.6464,0.135225,0.112492,0.253686,0.028310,0.002365,0.00029266
7,32,0.526173,0.000119,29.1493,0.135122,0.111237,0.229641,0.008903,0.002181,0.00029266
7,33,0.438849,0.000107,18.7318,0.134201,0.109749,0.149097,0.010801,0.001713,0.00029266
7,34,0.554531,0.000102,44.8123,0.135527,0.111049,0.385141,0.021373,0.002230,0.00029266
7,35,0.598780,0.000128,31.4681,0.137024,0.111930,0.298693,0.051048,0.002527,0.00029266
7,36,0.516894,0.000124,21.9846,0.136473,0.110818,0.174029,0.026460,0.002688,0.00029266
7,37,0.548027,0.000119,32.4179,0.138244,0.111165,0.288342,0.013240,0.002333,0.00029266
7,38,0.446166,0.000114,15.6934,0.136732,0.112147,0.130417,0.008903,0.001913,0.00029266
7,39,0.532605,0.000105,38.8230,0.139864,0.111613,0.325220,0.015137,0.001937,0.00029266
7,40,0.489744,0.000110,25.2617,0.139853,0.112886,0.243445,0.012269,0.001760,0.00029266
7,41,0.453132,0.000107,21.6791,0.140021,0.112702,0.174839,0.010853,0.002242,0.00029266
7,42,0.426956,0.000115,11.7792,0.138508,0.113681,0.107632,0.006402,0.002140,0.00029266
7,43,0.629899,0.000135,40.5667,0.139890,0.114279,0.308399,0.015747,0.006017,0.00029266
7,44,0.570011,0.000127,29.4833,0.141220,0.115020,0.260247,0.031372,0.001735,0.00029266
7,45,0.459219,0.000098,28.2083,0.142968,0.114671,0.232544,0.010440,0.001823,0.00029266
7,46,0.534596,0.000097,44.8979,0.143017,0.114410,0.390477,0.011230,0.001682,0.00029266
7,47,0.486596,0.000102,28.0921,0.143278,0.113851,0.264047,0.029933,0.001581,0.00029266
7,48,0.557269,0.000120,31.3410,0.143216,0.113281,0.254833,0.039772,0.000789,0.00029266
7,49,0.589015,0.000121,38.6528,0.145916,0.112486,0.326569,0.031327,0.002742,0.00029266
7,50,0.418593,0.000094,23.6210,0.145814,0.111672,0.190925,0.014236,0.001973,0.00029266
7,51,0.443999,0.000084,33.4654,0.147128,0.111512,0.276015,0.020439,0.001453,0.00029266
7,52,0.519477,0.000118,23.6503,0.147291,0.111855,0.231690,0.035508,0.001934,0.00029266
7,53,0.458846,0.000113,17.5607,0.146713,0.111371,0.160238,0.025983,0.001976,0.00029266
7,54,0.515987,0.000103,37.3419,0.146278,0.111663,0.292264,0.015594,0.001516,0.00029266
7,55,0.375572,0.000092,15.9922,0.145459,0.112080,0.126750,0.007005,0.001396,0.00029266
7,56,0.499629,0.000114,25.8800,0.144664,0.111540,0.241001,0.013059,0.001708,0.00029266
7,57,0.401452,0.000102,14.6142,0.143865,0.112360,0.129348,0.010982,0.001596,0.00029266
7,58,0.480339,0.000106,28.8552,0.144581,0.112544,0.241630,0.008021,0.002032,0.00029266
7,59,0.460202,0.000111,20.6021,0.143486,0.112695,0.158384,0.009130,0.001707,0.00029266
7,60,0.405197,0.000094,18.4820,0.143142,0.112271,0.187915,0.019182,0.001276,0.00029266
7,61,0.312137,0.000076,13.4774,0.142146,0.111626,0.123398,0.009582,0.000703,0.00029266
7,62,0.450840,0.000081,34.7597,0.143022,0.110904,0.295995,0.018074,0.000781,0.00029266
7,63,0.325420,0.000081,11.6865,0.141936,0.110549,0.126847,0.017282,0.001178,0.00029266
7,64,0.600490,0.000133,32.7445,0.142016,0.111259,0.255961,0.020721,0.002734,0.00029266
7,65,0.531940,0.000131,20.5831,0.141454,0.111049,0.155347,0.022617,0.002077,0.00029266
7,66,0.519165,0.000102,35.0953,0.141601,0.110310,0.343990,0.018173,0.002329,0.00029266
7,67,0.370906,0.000081,19.5942,0.140983,0.109808,0.201114,0.023053,0.000922,0.00029266
7,68,0.407112,0.000074,33.3934,0.140110,0.109241,0.246795,0.012415,0.000912,0.00029266
7,69,0.397513,0.000095,15.9582,0.139196,0.109962,0.154097,0.026481,0.001607,0.00029266
7,70,0.601603,0.000094,55.3796,0.141334,0.110096,0.508130,0.021011,0.001431,0.00029266
7,71,0.380380,0.000077,28.3969,0.141923,0.110010,0.216309,0.007615,0.001080,0.00029266
7,72,0.483192,0.000106,27.4339,0.142253,0.109525,0.225934,0.015032,0.001259,0.00029266
7,73,0.468942,0.000106,24.2988,0.141498,0.109378,0.235697,0.013308,0.000642,0.00029266
7,74,0.399772,0.000088,22.7446,0.140897,0.109238,0.180233,0.009762,0.001348,0.00029266
7,75,0.477834,0.000107,25.3644,0.141050,0.109548,0.238750,0.015781,0.001349,0.00029266
7,76,0.343921,0.000076,19.5632,0.140023,0.110101,0.145895,0.010936,0.000818,0.00029266
7,77,0.576928,0.000136,24.7074,0.139727,0.109901,0.231861,0.037801,0.001433,0.00029266
7,78,0.532407,0.000121,26.8410,0.140375,0.109499,0.230611,0.030570,0.001652,0.00029266
7,79,0.514686,0.000132,17.3771,0.140137,0.109769,0.150909,0.022125,0.001163,0.00029266
7,80,0.951233,0.000221,46.8791,0.141907,0.109828,0.368001,0.063832,0.007325,0.00029266
7,81,0.928562,0.000219,45.4058,0.143791,0.109670,0.369342,0.020041,0.002987,0.00029266
7,82,0.728521,0.000175,33.4546,0.145258,0.109929,0.275574,0.018323,0.001507,0.00029266
7,83,0.736948,0.000137,61.0351,0.145258,0.110033,0.514735,0.016023,0.001494,0.00029266
7,84,0.525504,0.000119,28.4066,0.144820,0.109543,0.264056,0.017782,0.001022,0.00029266
7,85,0.573689,0.000096,58.2051,0.144687,0.108878,0.420764,0.008870,0.001213,0.00029266
7,86,0.590422,0.000143,23.6115,0.144320,0.108501,0.188988,0.037192,0.002282,0.00029266
7,87,0.709704,0.000125,61.5725,0.144688,0.108083,0.530638,0.019003,0.001865,0.00029266
7,88,0.517707,0.000113,29.0285,0.144125,0.108598,0.278325,0.024626,0.001979,0.00029266
7,89,0.571707,0.000112,39.5008,0.144619,0.107991,0.332659,0.018074,0.002064,0.00029266
7,90,0.401875,0.000091,21.3745,0.144008,0.107939,0.156887,0.015095,0.001346,0.00029266
7,91,0.496740,0.000108,29.7095,0.143674,0.107497,0.271081,0.017921,0.001672,0.00029266
7,92,0.898003,0.000245,21.7130,0.143573,0.107283,0.185791,0.031788,0.001768,0.00029266
7,93,0.346995,0.000084,15.1249,0.142907,0.107031,0.118564,0.014381,0.001259,0.00029266
7,94,0.585021,0.000087,56.4921,0.143927,0.106686,0.521204,0.012587,0.000775,0.00029266
7,95,0.409261,0.000073,32.6269,0.144354,0.106411,0.296984,0.014056,0.000712,0.00029266
7,96,0.573115,0.000112,41.8268,0.144560,0.105928,0.350570,0.008654,0.001286,0.00029266
7,97,0.511765,0.000123,22.7878,0.144462,0.105709,0.184242,0.018212,0.001188,0.00029266
7,98,0.486035,0.000078,43.6975,0.144889,0.105484,0.409124,0.007435,0.000765,0.00029266
7,99,0.402750,0.000082,26.3836,0.144709,0.105291,0.247189,0.006327,0.000920,0.00029266
7,100,0.452542,0.000074,40.3097,0.145171,0.105145,0.346576,0.010011,0.000599,0.00029266
7,101,0.371205,0.000082,20.0216,0.144707,0.105026,0.164803,0.016924,0.000716,0.00029266
7,102,0.456256,0.000071,42.4095,0.145515,0.105205,0.396004,0.002798,0.000427,0.00029266
7,103,0.416850,0.000094,20.5763,0.145410,0.104981,0.204302,0.017714,0.000580,0.00029266
7,104,0.628217,0.000132,38.6371,0.146302,0.105157,0.326013,0.021329,0.001187,0.00029266
7,105,0.509968,0.000117,23.0393,0.146198,0.104735,0.189592,0.041824,0.001928,0.00029266
7,106,0.525665,0.000102,35.8393,0.146541,0.104531,0.346596,0.016786,0.001311,0.00029266
7,107,0.387019,0.000088,19.3056,0.146389,0.104152,0.176808,0.019208,0.000646,0.00029266
7,108,0.568719,0.000118,36.2197,0.147141,0.103975,0.305399,0.014708,0.001387,0.00029266
7,109,0.413770,0.000082,25.3048,0.147377,0.103862,0.221613,0.044936,0.001248,0.00029266
7,110,0.576024,0.000122,33.1714,0.147718,0.104093,0.314080,0.027158,0.001274,0.00029266
7,111,0.375777,0.000075,24.9036,0.147865,0.104245,0.197064,0.020676,0.002086,0.00029266
7,112,0.368042,0.000078,20.9681,0.147820,0.104143,0.195561,0.026206,0.001215,0.00029266
7,113,0.275062,0.000070,10.1845,0.147072,0.103970,0.081072,0.004429,0.001109,0.00029266
7,114,0.551321,0.000082,54.4988,0.147439,0.103919,0.506407,0.007435,0.001084,0.00029266
7,115,0.404654,0.000072,34.3791,0.146944,0.103425,0.320043,0.012699,0.001214,0.00029266
7,116,0.497728,0.000097,34.3384,0.147188,0.103007,0.290676,0.019139,0.001354,0.00029266
7,117,0.402908,0.000099,16.8570,0.146690,0.102672,0.124161,0.013806,0.001616,0.00029266
7,118,0.559157,0.000092,48.2986,0.147136,0.102704,0.457168,0.013489,0.001969,0.00029266
7,119,0.378298,0.000082,22.0208,0.147064,0.102599,0.221302,0.002798,0.000584,0.00029266
7,120,0.484618,0.000084,37.5927,0.147480,0.102618,0.319679,0.038632,0.001391,0.00029266
7,121,0.378507,0.000084,19.6154,0.147314,0.102393,0.176965,0.021578,0.001320,0.00029266
7,122,0.536379,0.000100,37.5346,0.147969,0.102683,0.350915,0.041391,0.001351,0.00029266
7,123,0.382002,0.000081,24.8796,0.148252,0.102277,0.193433,0.016134,0.000952,0.00029266
7,124,0.350124,0.000064,27.1604,0.148268,0.102226,0.222785,0.012699,0.000836,0.00029266
7,125,0.326633,0.000069,19.3242,0.147723,0.102346,0.200865,0.011591,0.000865,0.00029266
7,126,0.321988,0.000067,21.5180,0.147733,0.102029,0.168494,0.005219,0.000841,0.00029266
7,127,0.300310,0.000076,10.7793,0.147099,0.101964,0.092602,0.007765,0.001016,0.00029266
7,128,0.536692,0.000111,33.2245,0.147319,0.102445,0.319257,0.010372,0.001956,0.00029266
7,129,0.417191,0.000101,18.9734,0.146896,0.102267,0.181773,0.002282,0.001757,0.00029266
7,130,0.450479,0.000078,37.1286,0.147181,0.101905,0.317674,0.015705,0.001111,0.00029266
7,131,0.375411,0.000069,30.2489,0.146719,0.101940,0.228728,0.008156,0.001297,0.00029266
7,132,0.374627,0.000088,17.2196,0.146176,0.102092,0.174548,0.011230,0.001160,0.00029266
7,133,0.439835,0.000095,25.5397,0.146131,0.102002,0.217662,0.008903,0.000817,0.00029266
7,134,0.285454,0.000066,14.1475,0.145644,0.101912,0.143826,0.006327,0.001096,0.00029266
7,135,0.539624,0.000117,32.1432,0.145349,0.101752,0.253705,0.016183,0.001252,0.00029266
7,136,0.456304,0.000114,15.3923,0.145042,0.101666,0.119114,0.041049,0.001031,0.00029266
7,137,0.451565,0.000077,39.7427,0.144897,0.101426,0.361573,0.015144,0.001194,0.00029266
7,138,0.287262,0.000065,14.3467,0.144422,0.101128,0.139299,0.017422,0.000685,0.00029266
7,139,0.437761,0.000072,42.2951,0.144152,0.101137,0.320651,0.014236,0.000797,0.00029266
7,140,0.378258,0.000082,21.6503,0.143908,0.101194,0.169137,0.011840,0.000992,0.00029266
7,141,0.347666,0.000073,21.5436,0.143347,0.101294,0.208420,0.015318,0.000929,0.00029266
7,142,0.276719,0.000068,11.9255,0.142713,0.101244,0.081623,0.006576,0.000609,0.00029266
7,143,0.466682,0.000088,33.4358,0.142751,0.100871,0.325447,0.011411,0.001108,0.00029266
7,144,0.332498,0.000085,12.5040,0.142128,0.100858,0.087658,0.004594,0.000836,0.00029266
7,145,0.619633,0.000143,29.9286,0.142381,0.100835,0.294215,0.009873,0.000553,0.00029266
7,146,0.374146,0.000087,17.2831,0.141998,0.101078,0.181708,0.015468,0.000615,0.00029266
7,147,0.509191,0.000113,28.6075,0.141659,0.101023,0.223222,0.019403,0.001109,0.00029266
7,148,0.275737,0.000066,11.1544,0.141153,0.101053,0.084200,0.019319,0.000532,0.00029266
7,149,0.418441,0.000079,29.8158,0.141252,0.100849,0.295278,0.010483,0.000804,0.00029266
7,150,0.422221,0.000099,19.0445,0.140989,0.100986,0.195231,0.010732,0.001039,0.00029266
7,151,0.353730,0.000071,23.7490,0.140940,0.101082,0.188108,0.010981,0.000752,0.00029266
7,152,0.355923,0.000095,9.7701,0.140459,0.100882,0.083828,0.014847,0.000585,0.00029266
7,153,0.405553,0.000080,29.8639,0.140972,0.100979,0.256064,0.005546,0.001011,0.00029266
7,154,0.538098,0.000116,30.8798,0.140976,0.101185,0.294362,0.022050,0.003106,0.00029266
7,155,0.487699,0.000114,21.9665,0.140995,0.100928,0.184983,0.034143,0.003100,0.00029266
7,156,0.541540,0.000109,36.4317,0.141181,0.100943,0.297972,0.019431,0.003386,0.00029266
7,157,0.444091,0.000109,17.8468,0.140896,0.100762,0.135362,0.022045,0.002917,0.00029266
7,158,0.572884,0.000091,58.6812,0.140887,0.100621,0.476934,0.020545,0.004540,0.00029266
7,159,0.502784,0.000073,48.7062,0.141703,0.100580,0.458749,0.016065,0.002467,0.00029266
7,160,0.393897,0.000070,31.1915,0.142162,0.100615,0.263902,0.025990,0.001547,0.00029266
7,161,0.382396,0.000081,25.0172,0.142274,0.100429,0.210208,0.006402,0.001564,0.00029266
7,162,0.430701,0.000082,34.8182,0.142019,0.100485,0.268052,0.012810,0.000780,0.00029266
7,163,0.431910,0.000092,25.5520,0.141811,0.100655,0.240677,0.015594,0.000969,0.00029266
7,164,0.427283,0.000093,23.2175,0.142113,0.100723,0.203899,0.026052,0.001658,0.00029266
7,165,0.412307,0.000096,19.0380,0.141865,0.100757,0.175649,0.018074,0.002195,0.00029266
7,166,0.476689,0.000097,32.1994,0.141826,0.100449,0.260323,0.011909,0.002004,0.00029266
7,167,0.484606,0.000118,20.9753,0.141614,0.100467,0.157806,0.008585,0.002596,0.00029266
7,168,0.469039,0.000092,36.1565,0.141462,0.100404,0.313259,0.004000,0.001877,0.00029266
7,169,0.454438,0.000101,25.1165,0.141575,0.100842,0.238733,0.006327,0.002286,0.00029266
7,170,0.280373,0.000067,12.7828,0.141147,0.100669,0.096255,0.006919,0.001137,0.00029266
7,171,0.555995,0.000116,32.5402,0.141424,0.100557,0.314922,0.027209,0.001650,0.00029266
7,172,0.343673,0.000086,13.1844,0.140988,0.100422,0.091434,0.012810,0.000433,0.00029266
7,173,0.373433,0.000083,20.0029,0.140868,0.100406,0.209085,0.003570,0.001073,0.00029266
7,174,0.335013,0.000084,12.2837,0.140348,0.100532,0.142932,0.006327,0.001290,0.00029266
7,175,0.548780,0.000090,56.0408,0.140198,0.100791,0.404167,0.008044,0.001311,0.00029266
7,176,0.453236,0.000086,36.7311,0.140001,0.100588,0.285053,0.007615,0.000870,0.00029266
7,177,0.405379,0.000071,32.5732,0.140123,0.100383,0.317297,0.007186,0.000722,0.00029266
7,178,0.271898,0.000069,9.6587,0.139691,0.100329,0.103384,0.003759,0.000380,0.00029266
7,179,0.484794,0.000101,33.6752,0.139496,0.100532,0.268635,0.004859,0.001401,0.00029266
7,180,0.477103,0.000110,24.8314,0.139633,0.100396,0.198756,0.012528,0.001318,0.00029266
7,181,0.449394,0.000102,23.8494,0.139268,0.100355,0.218607,0.014098,0.000963,0.00029266
7,182,0.483943,0.000120,19.1424,0.139209,0.100551,0.171799,0.012630,0.001691,0.00029266
7,183,0.433879,0.000075,36.6552,0.139640,0.100423,0.300631,0.018031,0.000517,0.00029266
7,184,0.400997,0.000083,24.9658,0.139576,0.100534,0.233510,0.011050,0.000694,0.00029266
7,185,0.479105,0.000085,38.9193,0.139640,0.100597,0.334995,0.011479,0.001196,0.00029266
7,186,0.279401,0.000072,9.8843,0.139234,0.100673,0.089600,0.004859,0.000452,0.00029266
7,187,0.499891,0.000080,48.8495,0.139839,0.100823,0.421112,0.004172,0.000916,0.00029266
7,188,0.466397,0.000094,34.3528,0.140280,0.100610,0.272220,0.011591,0.001328,0.00029266
7,189,0.321459,0.000074,16.8680,0.140153,0.100338,0.141640,0.005717,0.000899,0.00029266
7,190,0.318323,0.000076,14.2864,0.139944,0.100273,0.134673,0.009264,0.001070,0.00029266
7,191,0.451412,0.000088,32.1535,0.140029,0.100065,0.267266,0.007005,0.001491,0.00029266
7,192,0.371092,0.000096,12.3305,0.139719,0.099998,0.123402,0.006327,0.001573,0.00029266
7,193,0.382003,0.000073,27.6485,0.139564,0.099839,0.220557,0.011479,0.002964,0.00029266
7,194,0.367946,0.000087,16.8180,0.139358,0.099897,0.143328,0.012201,0.001641,0.00029266
7,195,0.532775,0.000078,53.0565,0.139414,0.099923,0.489878,0.010851,0.001742,0.00029266
7,196,0.398919,0.000080,28.6457,0.139121,0.099838,0.264123,0.008931,0.001348,0.00029266
7,197,0.394439,0.000074,28.9309,0.139336,0.099808,0.243553,0.009762,0.000803,0.00029266
7,198,0.296320,0.000067,15.1871,0.139070,0.099650,0.121228,0.018031,0.000861,0.00029266
7,199,0.374169,0.000091,14.9218,0.138778,0.099754,0.157623,0.013806,0.001874,0.00029266
7,200,0.296067,0.000070,14.7931,0.138383,0.099789,0.098475,0.004859,0.000645,0.00029266
7,201,0.390723,0.000068,31.7359,0.138571,0.099910,0.316458,0.005717,0.000366,0.00029266
7,202,0.235066,0.000062,7.2004,0.138133,0.100124,0.071359,0.007186,0.000453,0.00029266
7,203,0.738330,0.000145,52.3798,0.138627,0.100238,0.431494,0.030277,0.005561,0.00029266
7,204,0.656619,0.000138,39.7571,0.138785,0.100180,0.323375,0.038658,0.001631,0.00029266
7,205,0.617920,0.000128,37.0737,0.139439,0.100192,0.344220,0.037649,0.003773,0.00029266
7,206,0.487413,0.000108,28.0812,0.139731,0.100041,0.236960,0.015885,0.001730,0.00029266
7,207,0.520212,0.000090,41.5773,0.140051,0.099911,0.343442,0.035917,0.004659,0.00029266
7,208,0.424742,0.000100,17.7365,0.139868,0.099913,0.138534,0.038589,0.002895,0.00029266
7,209,0.581180,0.000085,56.7161,0.140284,0.099685,0.530136,0.020788,0.001025,0.00029266
7,210,0.453247,0.000075,39.4903,0.140419,0.099500,0.382182,0.007435,0.001468,0.00029266
7,211,0.580947,0.000124,34.1121,0.140584,0.099450,0.272021,0.025304,0.002811,0.00029266
7,212,0.331041,0.000076,16.3185,0.140426,0.099444,0.126370,0.016886,0.001684,0.00029266
7,213,0.528567,0.000081,50.5699,0.140776,0.099263,0.467138,0.004859,0.001186,0.00029266
7,214,0.491980,0.000093,36.0661,0.140684,0.099162,0.328214,0.016494,0.001266,0.00029266
7,215,0.418596,0.000079,30.9353,0.140672,0.099174,0.260501,0.011479,0.002150,0.00029266
7,216,0.310214,0.000075,13.3136,0.140371,0.099121,0.098107,0.014347,0.000632,0.00029266
7,217,0.635264,0.000127,43.5204,0.140292,0.099233,0.390034,0.020069,0.001005,0.00029266
7,218,0.567084,0.000136,25.6055,0.140218,0.099326,0.235521,0.014098,0.001613,0.00029266
7,219,0.375890,0.000074,23.3272,0.140110,0.099383,0.210034,0.046318,0.000971,0.00029266
7,220,0.384939,0.000067,33.1305,0.140557,0.099101,0.268707,0.012699,0.000850,0.00029266
7,221,0.361201,0.000085,15.8426,0.140405,0.099177,0.126867,0.026292,0.000983,0.00029266
7,222,0.556924,0.000114,38.7890,0.140890,0.099191,0.314278,0.016882,0.001885,0.00029266
7,223,0.523715,0.000091,40.7242,0.140980,0.099365,0.395160,0.032355,0.000934,0.00029266
7,224,0.446765,0.000112,16.5453,0.140785,0.099357,0.125025,0.014486,0.002217,0.00029266
7,225,0.335683,0.000066,23.6015,0.140498,0.099192,0.230927,0.014236,0.000639,0.00029266
7,226,0.440401,0.000099,24.1004,0.140365,0.099185,0.185050,0.011417,0.001566,0.00029266
7,227,0.410934,0.000101,17.5210,0.140255,0.099162,0.153144,0.008044,0.000610,0.00029266
7,228,0.388680,0.000090,19.9781,0.140300,0.099254,0.179803,0.007366,0.001236,0.00029266
7,229,0.467915,0.000127,13.0821,0.140028,0.099372,0.104859,0.007237,0.000554,0.00029266
7,230,0.334038,0.000075,17.4114,0.139841,0.099293,0.177160,0.003141,0.001177,0.00029266
7,231,0.335637,0.000080,14.6966,0.139599,0.099249,0.119365,0.015206,0.001270,0.00029266
7,232,0.435203,0.000079,34.6362,0.139633,0.099309,0.324511,0.005648,0.001098,0.00029266
7,233,0.373193,0.000070,27.6942,0.139640,0.099260,0.258709,0.012089,0.001561,0.00029266
7,234,0.402866,0.000073,34.5183,0.139404,0.099165,0.260368,0.009582,0.001294,0.00029266
7,235,0.326059,0.000062,25.1988,0.139524,0.099200,0.213389,0.015095,0.000780,0.00029266
7,236,0.521220,0.000132,18.1956,0.139499,0.099209,0.172919,0.021647,0.001366,0.00029266
7,237,0.411944,0.000100,18.4403,0.139410,0.099170,0.143018,0.009015,0.001623,0.00029266
7,238,0.370717,0.000070,29.3396,0.139150,0.099260,0.270849,0.002798,0.000530,0.00029266
7,239,0.452232,0.000089,32.1691,0.139398,0.099337,0.267394,0.006937,0.001073,0.00029266
7,240,0.434959,0.000110,15.2258,0.139188,0.099341,0.133589,0.019500,0.001389,0.00029266
7,241,0.584309,0.000081,59.2396,0.139812,0.099439,0.540987,0.027992,0.001109,0.00029266
7,242,0.433850,0.000070,39.8601,0.140248,0.099459,0.361712,0.008903,0.001171,0.00029266
7,243,0.406429,0.000065,41.9141,0.140083,0.099457,0.302009,0.010011,0.000492,0.00029266
7,244,0.401322,0.000085,23.2593,0.139883,0.099302,0.180306,0.028285,0.000938,0.00029266
7,245,0.542713,0.000092,48.1614,0.139831,0.099320,0.437066,0.009153,0.000997,0.00029266
7,246,0.417121,0.000082,31.1683,0.139581,0.099108,0.286466,0.008293,0.001555,0.00029266
7,247,0.424983,0.000083,28.5247,0.139616,0.099103,0.242825,0.020041,0.001323,0.00029266
7,248,0.419583,0.000102,18.2806,0.139476,0.099106,0.136788,0.009513,0.001401,0.00029266
7,249,0.414163,0.000078,31.9967,0.139237,0.098968,0.295347,0.008044,0.000782,0.00029266
7,250,0.412913,0.000085,26.2346,0.139389,0.098936,0.248934,0.010372,0.000919,0.00029266
7,251,0.341844,0.000074,19.9318,0.139240,0.099034,0.159178,0.007864,0.000744,0.00029266
7,252,0.381524,0.000073,31.4575,0.139537,0.098932,0.257499,0.005288,0.000651,0.00029266
7,253,0.455492,0.000121,12.8136,0.139324,0.098997,0.113205,0.015747,0.001325,0.00029266
7,254,0.503807,0.000088,43.1586,0.139824,0.099119,0.364556,0.007366,0.001308,0.00029266
7,255,0.514856,0.000114,29.9317,0.140092,0.099281,0.255731,0.008293,0.000546,0.00029266
7,256,0.463622,0.000077,36.1303,0.140244,0.099215,0.341396,0.046747,0.001302,0.00029266
7,257,0.353393,0.000084,16.1063,0.140114,0.099258,0.130107,0.012020,0.001049,0.00029266
7,258,0.372801,0.000077,25.4254,0.140225,0.099115,0.217689,0.005898,0.000721,0.00029266
7,259,0.460908,0.000118,15.2821,0.139953,0.099370,0.151627,0.012132,0.002095,0.00029266
7,260,0.449305,0.000082,39.1326,0.139698,0.099407,0.293716,0.008654,0.001382,0.00029266
7,261,0.473469,0.000121,16.5751,0.139433,0.099411,0.124767,0.018143,0.001763,0.00029266
7,262,0.456936,0.000079,41.8546,0.139261,0.099350,0.346126,0.017533,0.001787,0.00029266
7,263,0.314726,0.000062,20.9647,0.139262,0.099217,0.202462,0.010851,0.000671,0.00029266
7,264,0.366674,0.000077,23.9977,0.139050,0.099165,0.172948,0.011728,0.000631,0.00029266
7,265,0.429141,0.000095,23.2930,0.139006,0.099298,0.233336,0.008723,0.001128,0.00029266
7,266,0.325482,0.000077,15.2103,0.138933,0.099209,0.133874,0.010052,0.000622,0.00029266
7,267,0.431650,0.000112,14.0332,0.138791,0.099429,0.118219,0.017361,0.001320,0.00029266
7,268,0.354654,0.000088,13.8475,0.138605,0.099522,0.126487,0.009942,0.001108,0.00029266
7,269,0.384181,0.000089,19.6200,0.138618,0.099447,0.172260,0.009444,0.000757,0.00029266
7,270,0.425475,0.000102,19.4801,0.138488,0.099596,0.149235,0.008654,0.000792,0.00029266
7,271,0.420859,0.000093,23.0471,0.138288,0.099546,0.229959,0.011411,0.000788,0.00029266
7,272,0.328529,0.000078,15.4165,0.138183,0.099361,0.137613,0.004172,0.001080,0.00029266
7,273,0.572608,0.000129,27.7575,0.138154,0.099422,0.212789,0.043491,0.002190,0.00029266
7,274,0.495980,0.000079,43.3433,0.138238,0.099464,0.383617,0.054708,0.001645,0.00029266
7,275,0.484108,0.000108,26.5381,0.138367,0.099619,0.219845,0.012587,0.001330,0.00029266
7,276,0.278083,0.000072,9.1404,0.138094,0.099525,0.085224,0.008903,0.000592,0.00029266
7,277,0.767777,0.000177,42.5325,0.138595,0.099414,0.342971,0.007615,0.002088,0.00029266
7,278,0.677092,0.000159,31.6247,0.138902,0.099473,0.263195,0.031478,0.001144,0.00029266
7,279,0.465482,0.000091,31.2957,0.139180,0.099565,0.265764,0.029169,0.001698,0.00029266
7,280,0.767851,0.000185,32.4174,0.139093,0.099440,0.305118,0.042237,0.002326,0.00029266
7,281,0.286174,0.000068,13.2969,0.138852,0.099348,0.111655,0.007435,0.001429,0.00029266
7,282,0.509649,0.000106,32.4543,0.138767,0.099253,0.308272,0.013018,0.002168,0.00029266
7,283,0.383355,0.000087,19.7612,0.138749,0.099085,0.186187,0.008474,0.001540,0.00029266
7,284,0.342929,0.000088,11.3743,0.138516,0.099136,0.088759,0.013197,0.001221,0.00029266
7,285,0.380175,0.000095,14.7535,0.138258,0.099202,0.158020,0.008654,0.001331,0.00029266
7,286,0.405162,0.000071,33.9902,0.138305,0.099160,0.278975,0.004429,0.001077,0.00029266
7,287,0.413349,0.000107,13.9410,0.138088,0.098979,0.118725,0.009083,0.001084,0.00029266
7,288,0.527502,0.000105,35.5786,0.138335,0.099135,0.304976,0.023699,0.004622,0.00029266
7,289,0.327736,0.000070,20.4274,0.138363,0.099069,0.196458,0.001424,0.000997,0.00029266
7,290,0.607753,0.000129,36.8581,0.138385,0.098986,0.309715,0.015635,0.001814,0.00029266
7,291,0.355543,0.000087,12.2043,0.138193,0.099054,0.117616,0.033848,0.002664,0.00029266
7,292,0.543844,0.000116,34.6036,0.138076,0.099050,0.264521,0.008723,0.006951,0.00029266
7,293,0.516154,0.000128,19.5732,0.137962,0.099081,0.154212,0.025742,0.008595,0.00029266
7,294,0.602728,0.000094,63.8362,0.137962,0.099091,0.506071,0.030363,0.001730,0.00029266
7,295,0.795262,0.000161,49.8277,0.138184,0.099175,0.449503,0.063946,0.006825,0.00029266
7,296,0.622032,0.000153,25.8471,0.138324,0.099078,0.220332,0.013876,0.005215,0.00029266
7,297,0.475217,0.000116,18.5598,0.138405,0.099123,0.166267,0.026529,0.001871,0.00029266
7,298,0.390334,0.000071,31.5917,0.138261,0.099059,0.262499,0.009015,0.001004,0.00029266
7,299,0.411906,0.000095,19.6754,0.138023,0.098885,0.190946,0.016786,0.000890,0.00029266
7,300,0.366188,0.000076,22.7852,0.137973,0.098856,0.191377,0.010303,0.000746,0.00029266
7,301,0.300755,0.000072,12.9497,0.137830,0.098802,0.124617,0.015095,0.000860,0.00029266
7,302,0.377081,0.000080,23.1165,0.137792,0.098707,0.191169,0.007615,0.000936,0.00029266
7,303,0.307508,0.000069,15.9633,0.137626,0.098860,0.161518,0.006756,0.001050,0.00029266
7,304,0.354146,0.000080,17.7920,0.137539,0.098827,0.148931,0.021938,0.001016,0.00029266
7,305,0.382167,0.000092,16.6890,0.137443,0.098890,0.148614,0.013377,0.001021,0.00029266
7,306,0.580178,0.000130,26.7232,0.137596,0.098902,0.211293,0.073721,0.001448,0.00029266
7,307,0.447438,0.000113,15.6680,0.137426,0.099044,0.158252,0.013377,0.001181,0.00029266
7,308,0.547351,0.000125,25.3764,0.137328,0.099117,0.204259,0.041664,0.000881,0.00029266
7,309,0.425208,0.000088,24.4545,0.137234,0.098971,0.236913,0.030497,0.001142,0.00029266
7,310,0.287704,0.000064,14.2403,0.137101,0.098889,0.116536,0.026886,0.000919,0.00029266
7,311,0.328179,0.000069,20.1306,0.137063,0.098948,0.192849,0.007864,0.000926,0.00029266
7,312,0.358381,0.000080,20.4101,0.136843,0.099047,0.153147,0.006576,0.001449,0.00029266
7,313,0.305824,0.000060,21.4547,0.136723,0.099200,0.208668,0.007186,0.000825,0.00029266
7,314,0.341226,0.000075,19.4768,0.136593,0.099162,0.152897,0.004066,0.000921,0.00029266
7,315,0.496573,0.000124,16.4924,0.136417,0.099101,0.165456,0.031567,0.001755,0.00029266
7,316,0.563657,0.000139,22.1890,0.136352,0.099083,0.184103,0.014528,0.001903,0.00029266
7,317,0.470282,0.000120,16.4887,0.136320,0.099167,0.158499,0.008044,0.001189,0.00029266
7,318,0.417887,0.000096,20.6285,0.136155,0.099181,0.166576,0.016176,0.000948,0.00029266
7,319,0.381245,0.000077,25.4352,0.135997,0.099184,0.248138,0.007435,0.001494,0.00029266
7,320,0.455461,0.000114,16.8112,0.135954,0.099329,0.144203,0.014529,0.001676,0.00029266
7,321,0.380201,0.000082,21.4239,0.135914,0.099289,0.210101,0.012879,0.001009,0.00029266
7,322,0.410065,0.000089,25.5373,0.135705,0.099410,0.181935,0.015955,0.000579,0.00029266
7,323,0.303368,0.000071,14.2895,0.135508,0.099424,0.148901,0.011041,0.000315,0.00029266
7,324,0.518607,0.000132,17.2539,0.135342,0.099396,0.132681,0.026942,0.001991,0.00029266
7,325,0.500395,0.000124,18.5733,0.135195,0.099442,0.181619,0.020726,0.001780,0.00029266
7,326,0.436040,0.000113,14.5936,0.135018,0.099386,0.111119,0.013128,0.001952,0.00029266
7,327,0.573222,0.000142,22.1572,0.134854,0.099459,0.208671,0.020330,0.002011,0.00029266
7,328,0.485028,0.000120,18.8561,0.134849,0.099588,0.162094,0.014731,0.001841,0.00029266
7,329,0.457147,0.000117,16.7055,0.134817,0.099540,0.144245,0.009193,0.001597,0.00029266
7,330,0.482345,0.000125,15.4151,0.134695,0.099496,0.129943,0.016329,0.002233,0.00029266
7,331,0.536316,0.000130,21.5210,0.134640,0.099514,0.210493,0.019896,0.002219,0.00029266
7,332,0.526802,0.000139,16.0378,0.134498,0.099524,0.125156,0.017464,0.001247,0.00029266
7,333,0.442940,0.000100,22.0326,0.134450,0.099553,0.216421,0.018462,0.001127,0.00029266
7,334,0.552222,0.000140,19.2838,0.134456,0.099587,0.176336,0.020927,0.000925,0.00029266
7,335,0.404878,0.000093,21.6114,0.134473,0.099671,0.166310,0.013197,0.002075,0.00029266
7,336,0.284496,0.000072,10.2241,0.134260,0.099746,0.108250,0.007005,0.000672,0.00029266
7,337,0.585752,0.000117,39.4077,0.134422,0.099866,0.339925,0.012699,0.000737,0.00029266
7,338,0.301835,0.000072,13.9218,0.134307,0.099891,0.116354,0.005717,0.001030,0.00029266
7,339,0.615322,0.000114,47.3110,0.134575,0.099843,0.433882,0.014167,0.000626,0.00029266
7,340,0.401220,0.000070,33.5732,0.134746,0.099929,0.311348,0.005546,0.000917,0.00029266
7,341,0.462766,0.000088,35.5075,0.134671,0.099991,0.287412,0.011660,0.000699,0.00029266
7,342,0.499890,0.000124,18.2989,0.134546,0.099981,0.143446,0.029380,0.001536,0.00029266
7,343,0.697604,0.000129,49.9880,0.134555,0.099883,0.451935,0.061278,0.001614,0.00029266
7,344,0.541524,0.000118,32.2747,0.134434,0.100075,0.285478,0.019680,0.001520,0.00029266
7,345,0.467029,0.000108,21.9755,0.134436,0.100093,0.182794,0.026095,0.001270,0.00029266
7,346,0.447053,0.000106,19.6440,0.134406,0.100050,0.156664,0.026501,0.001758,0.00029266
7,347,0.470126,0.000112,20.4219,0.134375,0.100016,0.201515,0.013669,0.002120,0.00029266
7,348,0.494060,0.000131,14.0948,0.134203,0.100077,0.103875,0.017330,0.001596,0.00029266
7,349,0.398903,0.000097,16.5688,0.133986,0.100048,0.170382,0.012587,0.000666,0.00029266
7,350,0.432454,0.000102,21.0735,0.133799,0.100070,0.165165,0.009762,0.001001,0.00029266
7,351,0.599461,0.000133,28.2834,0.133846,0.099968,0.259721,0.068763,0.001090,0.00029266
7,352,0.389796,0.000103,11.2722,0.133668,0.099949,0.085859,0.020359,0.000798,0.00029266
7,353,0.475692,0.000101,29.0413,0.133631,0.099924,0.276355,0.011660,0.001245,0.00029266
7,354,0.398390,0.000099,13.7178,0.133481,0.099896,0.145415,0.024154,0.000499,0.00029266
7,355,0.463488,0.000101,28.8115,0.133381,0.099965,0.213109,0.013738,0.001711,0.00029266
7,356,0.379109,0.000081,23.2060,0.133379,0.099824,0.181399,0.010372,0.000435,0.00029266
7,357,0.423379,0.000081,32.2802,0.133257,0.099780,0.297902,0.001424,0.000807,0.00029266
7,358,0.461267,0.000086,32.7369,0.133377,0.099788,0.305269,0.033369,0.000630,0.00029266
7,359,0.408453,0.000086,25.3584,0.133347,0.099712,0.198874,0.020899,0.000592,0.00029266
7,360,0.389489,0.000076,27.7524,0.133524,0.099673,0.243288,0.025373,0.000491,0.00029266
7,361,0.468989,0.000116,16.6927,0.133428,0.099683,0.132783,0.036442,0.001343,0.00029266
7,362,0.941957,0.000232,35.9527,0.133715,0.099661,0.316340,0.057400,0.002084,0.00029266
7,363,0.826459,0.000218,23.2384,0.133639,0.099635,0.219752,0.042470,0.002433,0.00029266
7,364,0.729907,0.000180,28.7746,0.133764,0.099536,0.224406,0.042268,0.003029,0.00029266
7,365,0.756316,0.000197,21.5813,0.133674,0.099472,0.174372,0.051872,0.002906,0.00029266
7,366,0.490057,0.000123,15.8850,0.133637,0.099508,0.152949,0.040017,0.000585,0.00029266
7,367,0.531022,0.000137,15.9399,0.133528,0.099588,0.160709,0.030860,0.003666,0.00029266
7,368,0.451708,0.000076,44.5351,0.133383,0.099655,0.311910,0.018074,0.001509,0.00029266
7,369,0.434864,0.000106,17.6362,0.133231,0.099638,0.133143,0.019182,0.004053,0.00029266
7,370,0.508570,0.000085,46.7382,0.133179,0.099662,0.419251,0.008723,0.001671,0.00029266
7,371,0.520654,0.000105,34.0488,0.133206,0.099691,0.332438,0.016633,0.003043,0.00029266
7,372,0.318197,0.000070,17.1934,0.133216,0.099727,0.155723,0.016176,0.001518,0.00029266
7,373,0.452134,0.000086,36.2043,0.133510,0.099661,0.283479,0.011230,0.002334,0.00029266
7,374,0.343744,0.000066,25.4692,0.133557,0.099691,0.191274,0.010244,0.000582,0.00029266
7,375,0.397113,0.000079,26.0532,0.133542,0.099821,0.245895,0.022014,0.000867,0.00029266
7,376,0.399125,0.000086,21.7909,0.133507,0.099783,0.214172,0.019611,0.000683,0.00029266
7,377,0.429385,0.000083,32.8817,0.133413,0.099872,0.256256,0.009332,0.000744,0.00029266
7,378,0.420193,0.000101,19.0186,0.133313,0.099899,0.148377,0.007366,0.000924,0.00029266
7,379,0.377198,0.000071,27.1376,0.133279,0.099947,0.259230,0.015885,0.000992,0.00029266
7,380,0.309947,0.000067,18.0634,0.133138,0.099925,0.176712,0.008293,0.000883,0.00029266
7,381,0.440971,0.000086,33.1142,0.133061,0.099865,0.248677,0.023699,0.002282,0.00029266
7,382,0.305549,0.000068,16.9697,0.133029,0.099913,0.134998,0.011158,0.000588,0.00029266
7,383,0.522990,0.000123,24.7871,0.132985,0.099883,0.241233,0.015386,0.001346,0.00029266
7,384,0.322512,0.000078,12.8470,0.132896,0.099852,0.117583,0.016881,0.001580,0.00029266
7,385,0.480092,0.000107,28.8905,0.133058,0.099775,0.224116,0.004859,0.002146,0.00029266
7,386,0.357679,0.000086,15.0105,0.133015,0.099625,0.127674,0.019998,0.001438,0.00029266
7,387,0.532823,0.000097,42.3151,0.133316,0.099710,0.359706,0.006327,0.002068,0.00029266
7,388,0.481779,0.000109,24.4268,0.133278,0.099708,0.252733,0.008474,0.002473,0.00029266
7,389,0.379211,0.000091,16.5509,0.133234,0.099731,0.155210,0.011909,0.001525,0.00029266
7,390,0.459613,0.000077,39.0840,0.133348,0.099718,0.325116,0.018710,0.000966,0.00029266
7,391,0.296543,0.000078,9.0691,0.133190,0.099755,0.088225,0.008293,0.000762,0.00029266
8,1,0.621193,0.000157,20.8657,0.161708,0.117795,0.177430,0.032836,0.005898,0.00027135
8,2,0.792288,0.000184,36.7151,0.199097,0.122156,0.334935,0.032703,0.003058,0.00027135
8,3,0.571590,0.000142,23.0403,0.180115,0.122630,0.178282,0.019567,0.003052,0.00027135
8,4,0.603216,0.000137,31.6787,0.174542,0.128323,0.281273,0.025879,0.002670,0.00027135
8,5,0.472881,0.000123,14.6297,0.160407,0.116145,0.141009,0.017174,0.002377,0.00027135
8,6,0.631865,0.000142,32.8799,0.156738,0.112537,0.263522,0.030401,0.001933,0.00027135
8,7,0.447756,0.000111,17.5960,0.150356,0.109923,0.141698,0.016065,0.002471,0.00027135
8,8,0.493984,0.000119,21.5876,0.150586,0.110395,0.201503,0.012045,0.002035,0.00027135
8,9,0.430196,0.000108,15.2758,0.143076,0.107206,0.151985,0.016743,0.001804,0.00027135
8,10,0.597295,0.000132,36.2152,0.138635,0.109680,0.274759,0.012132,0.001962,0.00027135
8,11,0.460097,0.000112,20.3692,0.136866,0.112403,0.150921,0.012381,0.001835,0.00027135
8,12,0.493239,0.000114,25.0995,0.132998,0.113373,0.237072,0.011951,0.001857,0.00027135
8,13,0.483261,0.000123,17.7865,0.131056,0.112988,0.176050,0.008834,0.001752,0.00027135
8,14,0.532242,0.000134,20.5666,0.130839,0.112428,0.158082,0.012276,0.001654,0.00027135
8,15,0.516847,0.000138,14.1793,0.127867,0.112377,0.110954,0.016298,0.002095,0.00027135
8,16,0.510683,0.000116,25.3757,0.129270,0.109207,0.253531,0.009513,0.001964,0.00027135
8,17,0.440944,0.000096,25.5391,0.127857,0.106356,0.247523,0.008293,0.002096,0.00027135
8,18,0.438319,0.000103,20.5345,0.125448,0.104168,0.152700,0.016973,0.001853,0.00027135
8,19,0.406473,0.000107,12.0771,0.122672,0.106500,0.103784,0.015954,0.001287,0.00027135
8,20,0.553469,0.000115,36.7019,0.127157,0.104496,0.306211,0.009513,0.001614,0.00027135
8,21,0.477744,0.000101,28.1815,0.125599,0.105411,0.284882,0.010122,0.001918,0.00027135
8,22,0.396014,0.000107,10.3171,0.123122,0.104047,0.098516,0.009995,0.001536,0.00027135
8,23,0.598549,0.000115,45.3346,0.126061,0.105580,0.349482,0.029461,0.003749,0.00027135
8,24,0.627618,0.000138,35.2799,0.126317,0.104755,0.279145,0.039697,0.002600,0.00027135
8,25,0.472770,0.000110,24.0762,0.129234,0.104006,0.207301,0.010629,0.002019,0.00027135
8,26,0.519181,0.000108,27.2081,0.128969,0.104511,0.256331,0.069017,0.001634,0.00027135
8,27,0.437506,0.000088,25.9256,0.129743,0.103628,0.216879,0.050974,0.001671,0.00027135
8,28,0.350216,0.000074,21.7847,0.130366,0.103482,0.179977,0.016314,0.000918,0.00027135
8,29,0.540635,0.000127,24.9682,0.130116,0.106074,0.196549,0.029150,0.002007,0.00027135
8,30,0.515040,0.000092,44.4349,0.129707,0.105907,0.381606,0.014777,0.001791,0.00027135
8,31,0.398904,0.000077,27.6872,0.130363,0.105196,0.269840,0.008723,0.001243,0.00027135
8,32,0.358051,0.000079,19.5736,0.129457,0.104056,0.156800,0.016065,0.001491,0.00027135
8,33,0.448866,0.000085,34.6846,0.132173,0.103098,0.300283,0.013059,0.001196,0.00027135
8,34,0.315509,0.000067,19.0450,0.131308,0.102570,0.148330,0.013789,0.001090,0.00027135
8,35,0.475906,0.000120,16.2847,0.130768,0.103511,0.151415,0.024765,0.001983,0.00027135
8,36,0.435326,0.000115,12.0141,0.129045,0.104225,0.115170,0.018393,0.002179,0.00027135
8,37,0.587021,0.000113,42.6540,0.130793,0.103874,0.358513,0.011661,0.002051,0.00027135
8,38,0.402373,0.000103,14.2522,0.129556,0.104128,0.109741,0.007435,0.001846,0.00027135
8,39,0.606926,0.000104,50.4073,0.131872,0.103203,0.469818,0.013315,0.001776,0.00027135
8,40,0.533762,0.000102,38.5274,0.132196,0.103219,0.363501,0.010510,0.001814,0.00027135
8,41,0.505623,0.000108,29.9138,0.133273,0.103625,0.255241,0.011161,0.002210,0.00027135
8,42,0.437035,0.000118,11.8054,0.131987,0.104253,0.104569,0.005123,0.001928,0.00027135
8,43,0.646698,0.000129,44.0408,0.134757,0.103301,0.399844,0.024612,0.001000,0.00027135
8,44,0.461555,0.000102,26.8700,0.135713,0.103200,0.211534,0.017131,0.001156,0.00027135
8,45,0.319240,0.000077,13.4655,0.134847,0.102077,0.120996,0.011840,0.000884,0.00027135
8,46,0.397140,0.000084,24.0840,0.134190,0.101590,0.236672,0.009264,0.001303,0.00027135
8,47,0.430702,0.000094,25.4750,0.133341,0.102231,0.197229,0.010732,0.001059,0.00027135
8,48,0.403559,0.000103,13.4441,0.132350,0.102772,0.129635,0.014279,0.000696,0.00027135
8,49,0.506920,0.000105,28.4851,0.133205,0.103252,0.237987,0.052983,0.002496,0.00027135
8,50,0.383888,0.000087,18.6522,0.132408,0.103959,0.189599,0.014777,0.002101,0.00027135
8,51,0.398895,0.000077,28.4911,0.131720,0.103913,0.219871,0.020219,0.000845,0.00027135
8,52,0.435180,0.000111,14.2960,0.130675,0.104775,0.132384,0.020993,0.002265,0.00027135
8,53,0.469054,0.000103,26.0111,0.131255,0.104482,0.217762,0.016494,0.001772,0.00027135
8,54,0.391987,0.000096,15.5646,0.130113,0.105224,0.159527,0.011660,0.001637,0.00027135
8,55,0.414835,0.000088,27.3335,0.129256,0.105153,0.206620,0.005717,0.001408,0.00027135
8,56,0.421511,0.000109,14.2769,0.128319,0.105084,0.107732,0.010054,0.001618,0.00027135
8,57,0.504852,0.000099,36.0007,0.128460,0.105855,0.327608,0.015954,0.001839,0.00027135
8,58,0.471805,0.000104,27.3407,0.128022,0.105736,0.252996,0.008877,0.002526,0.00027135
8,59,0.419462,0.000103,18.1789,0.127075,0.106257,0.134653,0.009130,0.001666,0.00027135
8,60,0.346301,0.000090,10.7230,0.126004,0.105876,0.074356,0.018821,0.000973,0.00027135
8,61,0.430557,0.000078,35.8026,0.125862,0.105700,0.330178,0.007615,0.000767,0.00027135
8,62,0.420820,0.000075,34.8000,0.125038,0.105369,0.328663,0.014596,0.000822,0.00027135
8,63,0.309206,0.000071,14.9171,0.124442,0.105025,0.108178,0.021689,0.000917,0.00027135
8,64,0.470563,0.000119,15.9438,0.123968,0.104776,0.155115,0.024023,0.002233,0.00027135
8,65,0.507479,0.000109,28.0417,0.124055,0.104698,0.226845,0.036249,0.001282,0.00027135
8,66,0.382653,0.000094,14.1675,0.123534,0.105234,0.147712,0.018330,0.002740,0.00027135
8,67,0.411120,0.000083,27.4288,0.124274,0.105095,0.221564,0.016743,0.002813,0.00027135
8,68,0.354227,0.000075,20.5671,0.123943,0.104611,0.154385,0.020294,0.001414,0.00027135
8,69,0.516254,0.000110,29.5314,0.123891,0.104683,0.300731,0.015138,0.001514,0.00027135
8,70,0.419036,0.000096,20.9918,0.123476,0.105046,0.211153,0.015567,0.001830,0.00027135
8,71,0.395516,0.000073,33.0494,0.122985,0.104626,0.253053,0.009083,0.000938,0.00027135
8,72,0.495006,0.000110,26.7378,0.123169,0.104880,0.207812,0.015816,0.001422,0.00027135
8,73,0.453618,0.000106,21.9680,0.122691,0.104869,0.214016,0.006507,0.000682,0.00027135
8,74,0.451570,0.000090,32.4537,0.123960,0.105636,0.276632,0.008654,0.001305,0.00027135
8,75,0.427992,0.000107,15.5905,0.123855,0.105798,0.149343,0.017533,0.001307,0.00027135
8,76,0.469744,0.000078,43.1173,0.125784,0.105794,0.383838,0.005123,0.001594,0.00027135
8,77,0.673039,0.000145,39.4067,0.126604,0.105376,0.314103,0.026773,0.001803,0.00027135
8,78,0.501358,0.000127,17.6711,0.126144,0.105373,0.162770,0.025824,0.001200,0.00027135
8,79,0.614702,0.000158,22.5225,0.125717,0.104868,0.165520,0.016494,0.002727,0.00027135
8,80,0.612518,0.000150,23.2868,0.125443,0.105538,0.220517,0.037854,0.001520,0.00027135
8,81,0.477853,0.000109,24.0037,0.125456,0.105189,0.198425,0.018795,0.001998,0.00027135
8,82,0.374029,0.000086,18.5685,0.125290,0.105070,0.177199,0.009873,0.000888,0.00027135
8,83,0.387146,0.000083,23.7426,0.124983,0.104932,0.183620,0.007795,0.001111,0.00027135
8,84,0.349314,0.000089,12.4951,0.124544,0.104652,0.106263,0.008474,0.000983,0.00027135
8,85,0.367807,0.000074,23.9890,0.124704,0.104755,0.243124,0.008293,0.001120,0.00027135
8,86,0.537243,0.000141,15.5902,0.124394,0.104369,0.132186,0.032399,0.002207,0.00027135
8,87,0.529167,0.000102,37.3325,0.125469,0.103975,0.354337,0.012990,0.001233,0.00027135
8,88,0.529982,0.000111,32.9580,0.125901,0.104088,0.267222,0.010191,0.001902,0.00027135
8,89,0.455752,0.000117,15.7063,0.125316,0.104313,0.127093,0.009264,0.001638,0.00027135
8,90,0.530360,0.000093,43.5982,0.125343,0.104110,0.398411,0.021372,0.001080,0.00027135
8,91,0.424148,0.000098,20.6507,0.124926,0.104257,0.206374,0.014918,0.001796,0.00027135
8,92,0.493334,0.000103,30.1496,0.124525,0.104300,0.226889,0.036039,0.001659,0.00027135
8,93,0.398721,0.000081,25.7186,0.124744,0.103990,0.203152,0.016495,0.001642,0.00027135
8,94,0.400684,0.000069,34.8111,0.124433,0.104325,0.313593,0.009513,0.000680,0.00027135
8,95,0.360753,0.000074,23.2204,0.125029,0.104344,0.210473,0.016924,0.000958,0.00027135
8,96,0.430290,0.000108,17.2681,0.124447,0.104121,0.129686,0.006438,0.001246,0.00027135
8,97,0.539916,0.000110,33.5262,0.124704,0.104250,0.321495,0.024334,0.001075,0.00027135
8,98,0.318263,0.000078,12.6521,0.124104,0.103702,0.124766,0.011161,0.000515,0.00027135
8,99,0.495328,0.000078,45.0228,0.125188,0.103604,0.394197,0.018641,0.000821,0.00027135
8,100,0.333216,0.000061,26.1947,0.124926,0.103415,0.219418,0.007366,0.000592,0.00027135
8,101,0.425597,0.000075,32.5377,0.125635,0.103018,0.308616,0.024181,0.000625,0.00027135
8,102,0.264416,0.000063,11.7827,0.125068,0.103215,0.115829,0.008293,0.000570,0.00027135
8,103,0.600800,0.000099,50.7746,0.126082,0.103130,0.429529,0.042565,0.000799,0.00027135
8,104,0.546938,0.000123,28.3617,0.126499,0.103633,0.236647,0.019071,0.001223,0.00027135
8,105,0.466640,0.000097,26.6026,0.126594,0.103814,0.263250,0.036701,0.001672,0.00027135
8,106,0.359513,0.000092,12.6869,0.126301,0.103853,0.112165,0.009583,0.001141,0.00027135
8,107,0.402818,0.000087,22.1883,0.126670,0.103531,0.195136,0.023837,0.003742,0.00027135
8,108,0.519058,0.000130,17.3867,0.126731,0.103346,0.158026,0.037095,0.002397,0.00027135
8,109,0.441870,0.000081,32.9651,0.127143,0.103353,0.273921,0.022145,0.006373,0.00027135
8,110,0.522046,0.000132,18.6032,0.127216,0.103068,0.162143,0.021514,0.003630,0.00027135
8,111,0.384442,0.000092,12.0484,0.126704,0.103136,0.100386,0.061310,0.003424,0.00027135
8,112,0.571072,0.000104,48.3750,0.126876,0.102861,0.412406,0.018280,0.004981,0.00027135
8,113,0.468138,0.000092,32.8741,0.127077,0.102779,0.317079,0.003321,0.010898,0.00027135
8,114,0.326325,0.000069,21.6681,0.126680,0.102688,0.152248,0.006576,0.001849,0.00027135
8,115,0.308510,0.000073,14.2110,0.126399,0.102865,0.146907,0.006576,0.000768,0.00027135
8,116,0.503152,0.000112,27.3153,0.126464,0.103048,0.219528,0.015095,0.002427,0.00027135
8,117,0.416443,0.000109,13.2799,0.126121,0.102750,0.108711,0.014390,0.001650,0.00027135
8,118,0.467458,0.000107,22.7792,0.126029,0.102749,0.240091,0.006507,0.002621,0.00027135
8,119,0.477168,0.000113,22.0051,0.125700,0.102794,0.187269,0.015163,0.001418,0.00027135
8,120,0.495367,0.000085,41.3332,0.126460,0.102892,0.382530,0.018323,0.002434,0.00027135
8,121,0.363371,0.000080,19.1245,0.126318,0.102803,0.171910,0.025236,0.001658,0.00027135
8,122,0.588682,0.000109,42.2537,0.127348,0.102742,0.366930,0.040610,0.002165,0.00027135
8,123,0.409831,0.000083,26.7767,0.127442,0.102786,0.221532,0.011591,0.003021,0.00027135
8,124,0.422226,0.000086,26.8882,0.127609,0.102835,0.264413,0.012201,0.001611,0.00027135
8,125,0.300238,0.000069,14.5638,0.127400,0.102746,0.133582,0.013738,0.001265,0.00027135
8,126,0.405553,0.000067,35.2210,0.127916,0.103043,0.293054,0.015953,0.001020,0.00027135
8,127,0.352452,0.000077,20.7343,0.127994,0.103318,0.188456,0.007765,0.000935,0.00027135
8,128,0.382334,0.000086,22.0561,0.128193,0.103239,0.177847,0.009513,0.000562,0.00027135
8,129,0.376782,0.000096,12.7674,0.127624,0.102978,0.134220,0.011299,0.001674,0.00027135
8,130,0.408032,0.000069,32.9456,0.127955,0.102756,0.283089,0.025124,0.001467,0.00027135
8,131,0.340945,0.000072,21.8952,0.127537,0.103003,0.160853,0.004859,0.001402,0.00027135
8,132,0.405665,0.000086,25.7699,0.127148,0.102830,0.246156,0.005898,0.001672,0.00027135
8,133,0.377020,0.000095,14.2442,0.126848,0.102911,0.116242,0.005039,0.000863,0.00027135
8,134,0.382356,0.000082,22.4642,0.126792,0.102650,0.221809,0.005717,0.000886,0.00027135
8,135,0.465700,0.000116,17.5661,0.126432,0.103061,0.132855,0.023311,0.001136,0.00027135
8,136,0.455367,0.000112,15.8416,0.126175,0.102558,0.156225,0.037284,0.001490,0.00027135
8,137,0.389148,0.000100,12.8979,0.125769,0.102846,0.096735,0.019861,0.001105,0.00027135
8,138,0.339845,0.000069,23.8278,0.126039,0.102807,0.211574,0.004000,0.003147,0.00027135
8,139,0.298232,0.000078,9.8266,0.125590,0.102766,0.083377,0.004000,0.000641,0.00027135
8,140,0.405756,0.000077,28.7666,0.125608,0.102495,0.278934,0.015678,0.001404,0.00027135
8,141,0.289958,0.000069,11.8484,0.125220,0.102191,0.101469,0.019002,0.001363,0.00027135
8,142,0.341122,0.000066,24.3609,0.125353,0.102059,0.234191,0.004429,0.000681,0.00027135
8,143,0.345883,0.000088,12.8942,0.124934,0.102408,0.088471,0.010981,0.001486,0.00027135
8,144,0.348480,0.000087,13.5653,0.124515,0.102213,0.139034,0.005651,0.001668,0.00027135
8,145,0.407205,0.000091,20.8073,0.124139,0.102562,0.170222,0.022630,0.000741,0.00027135
8,146,0.386382,0.000082,23.1262,0.124202,0.102370,0.220372,0.007622,0.000963,0.00027135
8,147,0.370146,0.000094,11.8802,0.123864,0.102333,0.115080,0.022487,0.002233,0.00027135
8,148,0.327841,0.000067,23.2291,0.124020,0.102474,0.175644,0.007864,0.000809,0.00027135
8,149,0.309536,0.000079,11.0720,0.123585,0.102194,0.081688,0.011342,0.001510,0.00027135
8,150,0.521968,0.000098,43.3466,0.123510,0.102172,0.363351,0.013557,0.001089,0.00027135
8,151,0.393762,0.000070,34.1108,0.123336,0.102282,0.292851,0.017396,0.001691,0.00027135
8,152,0.404646,0.000091,20.3896,0.123127,0.102135,0.168309,0.021828,0.000959,0.00027135
8,153,0.387213,0.000073,29.8301,0.123290,0.101837,0.240550,0.003375,0.000554,0.00027135
8,154,0.450521,0.000098,24.2339,0.123144,0.101837,0.236911,0.018254,0.002466,0.00027135
8,155,0.492986,0.000105,28.3771,0.123685,0.101731,0.236869,0.039153,0.003518,0.00027135
8,156,0.423667,0.000105,14.5607,0.123512,0.102150,0.154047,0.027494,0.003119,0.00027135
8,157,0.536920,0.000103,37.7687,0.123776,0.102016,0.307182,0.025800,0.002732,0.00027135
8,158,0.364012,0.000077,22.6202,0.123686,0.102162,0.168988,0.013308,0.002352,0.00027135
8,159,0.398417,0.000071,31.7355,0.123782,0.102004,0.300142,0.017577,0.001621,0.00027135
8,160,0.329761,0.000074,16.8309,0.123602,0.102150,0.176863,0.014279,0.001455,0.00027135
8,161,0.405838,0.000080,28.5977,0.123612,0.102173,0.223312,0.008293,0.001695,0.00027135
8,162,0.355861,0.000076,22.4825,0.123258,0.102238,0.170589,0.011728,0.000895,0.00027135
8,163,0.491806,0.000086,39.7462,0.123250,0.102065,0.366627,0.019319,0.000814,0.00027135
8,164,0.455859,0.000101,24.9014,0.123146,0.102051,0.235428,0.014846,0.000821,0.00027135
8,165,0.444383,0.000106,20.5575,0.123174,0.101822,0.170278,0.007192,0.001254,0.00027135
8,166,0.408229,0.000093,22.4286,0.123282,0.101779,0.184127,0.009152,0.001869,0.00027135
8,167,0.515942,0.000128,21.0651,0.122998,0.101738,0.160218,0.014596,0.002224,0.00027135
8,168,0.400658,0.000089,22.0453,0.122740,0.101748,0.213626,0.006078,0.001710,0.00027135
8,169,0.414066,0.000103,16.5407,0.122663,0.101814,0.148622,0.006327,0.002172,0.00027135
8,170,0.340429,0.000068,22.2148,0.122728,0.101893,0.217147,0.005546,0.001081,0.00027135
8,171,0.462962,0.000105,23.3987,0.122568,0.101735,0.186236,0.025888,0.001127,0.00027135
8,172,0.341091,0.000082,15.6939,0.122458,0.101707,0.122739,0.007186,0.000805,0.00027135
8,173,0.361163,0.000085,17.2167,0.122431,0.101693,0.164233,0.008293,0.000663,0.00027135
8,174,0.338809,0.000080,15.5499,0.122104,0.101629,0.162598,0.003570,0.000792,0.00027135
8,175,0.448056,0.000086,35.3092,0.122016,0.101559,0.266427,0.004429,0.001136,0.00027135
8,176,0.360200,0.000089,14.5579,0.121879,0.101477,0.111103,0.012020,0.000716,0.00027135
8,177,0.326048,0.000066,21.6439,0.121678,0.101408,0.229231,0.001853,0.000772,0.00027135
8,178,0.271212,0.000071,8.6374,0.121306,0.101318,0.079847,0.007237,0.000384,0.00027135
8,179,0.495055,0.000086,41.5705,0.121967,0.101173,0.369613,0.015885,0.001146,0.00027135
8,180,0.501915,0.000116,26.1648,0.122129,0.101198,0.206803,0.014596,0.001063,0.00027135
8,181,0.402888,0.000098,17.4900,0.122141,0.100920,0.156846,0.007117,0.001124,0.00027135
8,182,0.518202,0.000120,25.7919,0.121935,0.100921,0.231404,0.015567,0.001252,0.00027135
8,183,0.335161,0.000065,25.1766,0.121776,0.101056,0.200688,0.006576,0.001028,0.00027135
8,184,0.346806,0.000081,16.7817,0.121754,0.100918,0.151398,0.007615,0.000645,0.00027135
8,185,0.398254,0.000085,24.4547,0.121640,0.100882,0.204386,0.005468,0.001098,0.00027135
8,186,0.289453,0.000068,12.7790,0.121342,0.101000,0.126359,0.012450,0.000682,0.00027135
8,187,0.383954,0.000075,27.8212,0.121262,0.101163,0.231985,0.002798,0.000552,0.00027135
8,188,0.412954,0.000110,12.8685,0.121067,0.100942,0.107560,0.007864,0.000592,0.00027135
8,189,0.372153,0.000070,27.3084,0.121057,0.100758,0.271023,0.005288,0.000793,0.00027135
8,190,0.369286,0.000085,18.5616,0.120854,0.100757,0.141268,0.012020,0.000838,0.00027135
8,191,0.411975,0.000079,29.6631,0.121224,0.100498,0.281780,0.008903,0.000656,0.00027135
8,192,0.335976,0.000090,9.1939,0.120922,0.100560,0.080258,0.006147,0.001373,0.00027135
8,193,0.406578,0.000067,38.1099,0.121633,0.100457,0.326178,0.003570,0.001392,0.00027135
8,194,0.390427,0.000078,27.2444,0.121886,0.100419,0.240307,0.003570,0.000917,0.00027135
8,195,0.395388,0.000082,24.5778,0.122028,0.100256,0.242816,0.008209,0.000532,0.00027135
8,196,0.362455,0.000078,21.4613,0.121976,0.100376,0.164641,0.009152,0.000976,0.00027135
8,197,0.331634,0.000073,17.6415,0.121953,0.100482,0.176778,0.016134,0.000650,0.00027135
8,198,0.272114,0.000070,9.1263,0.121642,0.100206,0.078370,0.008044,0.000854,0.00027135
8,199,0.563674,0.000102,45.3339,0.122240,0.100097,0.414456,0.011230,0.001909,0.00027135
8,200,0.388584,0.000076,30.2111,0.122447,0.100110,0.264626,0.005898,0.000850,0.00027135
8,201,0.448620,0.000075,41.1756,0.122704,0.100216,0.328843,0.003570,0.000604,0.00027135
8,202,0.307648,0.000062,21.8313,0.122546,0.100193,0.159117,0.005468,0.000466,0.00027135
8,203,0.508023,0.000093,41.2860,0.122549,0.100090,0.378963,0.007005,0.001074,0.00027135
8,204,0.369341,0.000067,30.2514,0.122375,0.100059,0.280900,0.012415,0.000883,0.00027135
8,205,0.559391,0.000106,36.5017,0.122723,0.100004,0.305959,0.070224,0.001444,0.00027135
8,206,0.386429,0.000083,23.6567,0.122507,0.099967,0.176685,0.008903,0.002138,0.00027135
8,207,0.500886,0.000082,42.6967,0.122895,0.099883,0.408605,0.018282,0.001334,0.00027135
8,208,0.405255,0.000079,26.2523,0.122797,0.099954,0.255991,0.036082,0.001183,0.00027135
8,209,0.433186,0.000076,35.7968,0.123247,0.099899,0.301557,0.007615,0.000547,0.00027135
8,210,0.288156,0.000061,17.9182,0.123158,0.099690,0.136455,0.007615,0.000762,0.00027135
8,211,0.558086,0.000114,34.7396,0.123469,0.099602,0.332468,0.025555,0.002332,0.00027135
8,212,0.338369,0.000075,18.0342,0.123517,0.099707,0.174475,0.013853,0.002522,0.00027135
8,213,0.435465,0.000074,37.5025,0.123875,0.099528,0.326884,0.004859,0.000939,0.00027135
8,214,0.366806,0.000085,17.8577,0.123947,0.099414,0.159363,0.015275,0.001224,0.00027135
8,215,0.389498,0.000073,31.0700,0.124182,0.099439,0.273850,0.006147,0.001829,0.00027135
8,216,0.339872,0.000072,22.3775,0.124312,0.099429,0.180715,0.004000,0.000788,0.00027135
8,217,0.535771,0.000120,28.1563,0.124607,0.099247,0.243429,0.018143,0.000715,0.00027135
8,218,0.522328,0.000134,17.9121,0.124594,0.099436,0.151949,0.018435,0.002274,0.00027135
8,219,0.443766,0.000078,31.9157,0.124943,0.099347,0.297042,0.045905,0.001473,0.00027135
8,220,0.353347,0.000078,18.9149,0.125023,0.099100,0.155367,0.016383,0.001106,0.00027135
8,221,0.347753,0.000080,17.7607,0.125040,0.099020,0.161473,0.012415,0.002165,0.00027135
8,222,0.450237,0.000112,16.5435,0.124805,0.099051,0.135062,0.027063,0.002872,0.00027135
8,223,0.611155,0.000092,54.4328,0.125190,0.099030,0.493207,0.073281,0.001413,0.00027135
8,224,0.613022,0.000129,34.5761,0.125323,0.099025,0.313906,0.062798,0.003785,0.00027135
8,225,0.409034,0.000076,28.8941,0.125476,0.099046,0.228909,0.041177,0.001049,0.00027135
8,226,0.469992,0.000112,20.5472,0.125250,0.099031,0.152453,0.021405,0.001336,0.00027135
8,227,0.524390,0.000109,33.6362,0.125201,0.099205,0.308427,0.024154,0.000711,0.00027135
8,228,0.426887,0.000091,24.7714,0.125314,0.099096,0.250689,0.007435,0.001028,0.00027135
8,229,0.504633,0.000125,21.9423,0.125167,0.099120,0.159123,0.009350,0.000676,0.00027135
8,230,0.378619,0.000085,18.8013,0.125165,0.098894,0.183214,0.018598,0.000891,0.00027135
8,231,0.390744,0.000073,23.2261,0.125181,0.098863,0.193355,0.073563,0.000861,0.00027135
8,232,0.356986,0.000080,18.3535,0.125114,0.099038,0.176984,0.012879,0.001100,0.00027135
8,233,0.323320,0.000077,14.3910,0.125017,0.099254,0.117712,0.011342,0.001086,0.00027135
8,234,0.335246,0.000073,18.4331,0.124965,0.099225,0.181273,0.013626,0.001215,0.00027135
8,235,0.299247,0.000068,14.9619,0.124805,0.099297,0.113123,0.016786,0.000521,0.00027135
8,236,0.579695,0.000116,36.4411,0.124897,0.099506,0.343936,0.039087,0.001484,0.00027135
8,237,0.418251,0.000099,20.2895,0.124807,0.099484,0.160200,0.006576,0.001905,0.00027135
8,238,0.321665,0.000057,26.2610,0.124618,0.099765,0.257441,0.002798,0.000395,0.00027135
8,239,0.350448,0.000075,20.2659,0.124598,0.099853,0.160483,0.013377,0.001087,0.00027135
8,240,0.454876,0.000107,22.5579,0.124742,0.099966,0.191259,0.012518,0.001142,0.00027135
8,241,0.303850,0.000073,12.4728,0.124589,0.099853,0.131139,0.011050,0.000997,0.00027135
8,242,0.373957,0.000089,16.4378,0.124440,0.099920,0.117384,0.017284,0.001261,0.00027135
8,243,0.257573,0.000063,11.4213,0.124258,0.099936,0.090936,0.004429,0.000677,0.00027135
8,244,0.442718,0.000080,33.1845,0.124430,0.099993,0.323138,0.019321,0.001060,0.00027135
8,245,0.398878,0.000091,21.3607,0.124323,0.099903,0.207954,0.010981,0.000834,0.00027135
8,246,0.499349,0.000081,44.8382,0.124595,0.099857,0.378200,0.012436,0.001719,0.00027135
8,247,0.389826,0.000083,23.4408,0.124505,0.099950,0.193300,0.009375,0.001479,0.00027135
8,248,0.423035,0.000095,22.3649,0.124617,0.099900,0.213932,0.011342,0.000853,0.00027135
8,249,0.332717,0.000085,11.5196,0.124417,0.099967,0.115580,0.006147,0.000400,0.00027135
8,250,0.470524,0.000084,37.8899,0.124697,0.099849,0.326293,0.008474,0.000674,0.00027135
8,251,0.329685,0.000071,19.1775,0.124649,0.099948,0.161823,0.011728,0.000633,0.00027135
8,252,0.371868,0.000074,26.4052,0.124875,0.099933,0.242034,0.005898,0.000392,0.00027135
8,253,0.431717,0.000110,15.3111,0.124806,0.100173,0.143099,0.010912,0.001245,0.00027135
8,254,0.483645,0.000091,36.0902,0.125126,0.100192,0.310008,0.007795,0.001223,0.00027135
8,255,0.538357,0.000127,26.2531,0.125264,0.100002,0.220567,0.002798,0.000447,0.00027135
8,256,0.446188,0.000072,36.0362,0.125332,0.099988,0.342764,0.043741,0.001180,0.00027135
8,257,0.361495,0.000088,15.7503,0.125268,0.099946,0.141757,0.005219,0.000773,0.00027135
8,258,0.447318,0.000085,32.9902,0.125501,0.100011,0.282992,0.006576,0.000663,0.00027135
8,259,0.488269,0.000123,17.4746,0.125458,0.100139,0.147165,0.022007,0.002040,0.00027135
8,260,0.444472,0.000075,37.2508,0.125658,0.100144,0.357952,0.006147,0.001208,0.00027135
8,261,0.498710,0.000120,21.8482,0.125755,0.100090,0.192703,0.020650,0.001715,0.00027135
8,262,0.445990,0.000079,34.9288,0.125837,0.100011,0.299746,0.018280,0.001312,0.00027135
8,263,0.302647,0.000064,18.3417,0.125730,0.100104,0.148682,0.011464,0.000506,0.00027135
8,264,0.444649,0.000073,39.3648,0.125811,0.099882,0.374281,0.012810,0.000625,0.00027135
8,265,0.377999,0.000083,21.2985,0.125653,0.099983,0.220875,0.003141,0.001060,0.00027135
8,266,0.382398,0.000074,27.0070,0.125802,0.099889,0.224675,0.008363,0.000692,0.00027135
8,267,0.453712,0.000108,20.4727,0.125645,0.099930,0.154695,0.013738,0.001173,0.00027135
8,268,0.462636,0.000083,35.9121,0.125768,0.100008,0.356092,0.008654,0.000919,0.00027135
8,269,0.391919,0.000092,18.1706,0.125693,0.099980,0.185402,0.010552,0.000581,0.00027135
8,270,0.441594,0.000078,35.3645,0.125937,0.099992,0.296767,0.011411,0.000781,0.00027135
8,271,0.339890,0.000075,19.2303,0.125863,0.100168,0.145987,0.006937,0.000744,0.00027135
8,272,0.457769,0.000070,42.7289,0.126200,0.100051,0.405649,0.013789,0.001125,0.00027135
8,273,0.562594,0.000140,19.2599,0.126126,0.100132,0.172956,0.042649,0.001997,0.00027135
8,274,0.436971,0.000083,31.8242,0.126460,0.100161,0.281346,0.033830,0.002559,0.00027135
8,275,0.512603,0.000106,34.7764,0.126421,0.100182,0.270895,0.008044,0.001910,0.00027135
8,276,0.376663,0.000082,22.7413,0.126531,0.100182,0.176064,0.012338,0.001051,0.00027135
8,277,0.364413,0.000076,22.7243,0.126358,0.100168,0.219829,0.019611,0.000600,0.00027135
8,278,0.601426,0.000151,22.7264,0.126408,0.100073,0.191426,0.024420,0.001023,0.00027135
8,279,0.304366,0.000072,14.5904,0.126199,0.100079,0.101084,0.010303,0.001072,0.00027135
8,280,0.825529,0.000193,39.5308,0.126109,0.100147,0.353006,0.040826,0.003263,0.00027135
8,281,0.377123,0.000069,28.1906,0.126249,0.100225,0.287877,0.006078,0.000563,0.00027135
8,282,0.420858,0.000102,19.2025,0.126116,0.100305,0.147706,0.006688,0.001357,0.00027135
8,283,0.369346,0.000077,23.6265,0.126260,0.100320,0.208883,0.013377,0.000583,0.00027135
8,284,0.348900,0.000093,9.0375,0.126022,0.100297,0.072658,0.020427,0.000751,0.00027135
8,285,0.392607,0.000086,21.3607,0.125971,0.100317,0.220705,0.011840,0.001560,0.00027135
8,286,0.301225,0.000069,15.3796,0.125807,0.100438,0.140070,0.009264,0.000601,0.00027135
8,287,0.479625,0.000106,24.8600,0.125951,0.100466,0.207986,0.034005,0.002118,0.00027135
8,288,0.342557,0.000086,11.7436,0.125818,0.100393,0.112095,0.019929,0.002684,0.00027135
8,289,0.568236,0.000098,47.7524,0.125945,0.100531,0.371625,0.037064,0.004541,0.00027135
8,290,0.751894,0.000165,39.6057,0.126250,0.100657,0.303786,0.077478,0.008804,0.00027135
8,291,0.685915,0.000149,39.3405,0.126703,0.100613,0.347663,0.027993,0.006115,0.00027135
8,292,0.488689,0.000093,35.5859,0.127041,0.100559,0.323707,0.014486,0.002348,0.00027135
8,293,0.390645,0.000083,23.3691,0.127072,0.100627,0.181108,0.027022,0.001858,0.00027135
8,294,0.478881,0.000092,33.0572,0.127367,0.100671,0.303329,0.026842,0.001536,0.00027135
8,295,0.518979,0.000132,18.3089,0.127278,0.100593,0.156430,0.016675,0.002493,0.00027135
8,296,0.615435,0.000116,45.2734,0.127752,0.100531,0.386018,0.024988,0.003149,0.00027135
8,297,0.507623,0.000112,29.1003,0.127942,0.100606,0.255181,0.008822,0.002603,0.00027135
8,298,0.372050,0.000074,26.8342,0.128162,0.100556,0.244556,0.004000,0.001908,0.00027135
8,299,0.346507,0.000086,14.3766,0.128074,0.100548,0.115706,0.007005,0.000638,0.00027135
8,300,0.359292,0.000069,26.9609,0.128189,0.100570,0.226880,0.009693,0.000749,0.00027135
8,301,0.356469,0.000078,20.5940,0.127989,0.100519,0.216673,0.004429,0.000920,0.00027135
8,302,0.333895,0.000074,19.2846,0.127897,0.100486,0.142603,0.006147,0.001016,0.00027135
8,303,0.282467,0.000071,9.8863,0.127665,0.100385,0.090056,0.017533,0.000980,0.00027135
8,304,0.495700,0.000077,47.1878,0.127764,0.100435,0.423617,0.011958,0.001017,0.00027135
8,305,0.486643,0.000097,31.7259,0.127658,0.100264,0.290597,0.027051,0.001090,0.00027135
8,306,0.602803,0.000145,28.5461,0.127924,0.100305,0.222573,0.012195,0.003155,0.00027135
8,307,0.472393,0.000108,24.2167,0.127877,0.100439,0.192819,0.012630,0.001853,0.00027135
8,308,0.576260,0.000129,30.2722,0.128014,0.101006,0.286107,0.020333,0.001812,0.00027135
8,309,0.390325,0.000079,24.3280,0.127977,0.101121,0.239968,0.016743,0.000900,0.00027135
8,310,0.347383,0.000060,28.7170,0.128139,0.101096,0.247435,0.006756,0.000985,0.00027135
8,311,0.307115,0.000068,17.6244,0.128017,0.101090,0.137604,0.004429,0.000791,0.00027135
8,312,0.440567,0.000081,33.3347,0.128117,0.101213,0.325025,0.007186,0.001110,0.00027135
8,313,0.308046,0.000061,20.6024,0.128095,0.101037,0.204501,0.005039,0.000706,0.00027135
8,314,0.443494,0.000072,39.5623,0.128216,0.101004,0.335978,0.008293,0.001108,0.00027135
8,315,0.454297,0.000117,14.3878,0.128075,0.101033,0.108455,0.027134,0.003118,0.00027135
8,316,0.675904,0.000142,41.1991,0.128153,0.101056,0.383230,0.024184,0.002762,0.00027135
8,317,0.565545,0.000129,31.7619,0.128037,0.101160,0.280385,0.010621,0.001593,0.00027135
8,318,0.475710,0.000091,34.0415,0.128095,0.101269,0.286706,0.014888,0.001043,0.00027135
8,319,0.328008,0.000081,13.4694,0.127918,0.101164,0.101315,0.008474,0.001092,0.00027135
8,320,0.545998,0.000112,36.2311,0.127860,0.101304,0.332655,0.013696,0.001216,0.00027135
8,321,0.436066,0.000086,31.5862,0.127781,0.101192,0.290751,0.009264,0.001007,0.00027135
8,322,0.421283,0.000095,22.2321,0.127651,0.101179,0.173763,0.013240,0.000435,0.00027135
8,323,0.370189,0.000084,20.5948,0.127693,0.101295,0.161714,0.013789,0.000357,0.00027135
8,324,0.519112,0.000132,16.7269,0.127545,0.101285,0.161552,0.033325,0.002186,0.00027135
8,325,0.531842,0.000122,25.7848,0.127583,0.101394,0.216470,0.022927,0.001796,0.00027135
8,326,0.424081,0.000111,12.8306,0.127439,0.101569,0.102403,0.016389,0.001622,0.00027135
8,327,0.581267,0.000142,24.5967,0.127312,0.101537,0.227732,0.018122,0.002270,0.00027135
8,328,0.446825,0.000120,11.4492,0.127151,0.101474,0.108468,0.018078,0.002137,0.00027135
8,329,0.548275,0.000117,34.9401,0.127099,0.101642,0.279417,0.006327,0.001878,0.00027135
8,330,0.521320,0.000122,25.6674,0.126970,0.101914,0.195401,0.016254,0.002188,0.00027135
8,331,0.508499,0.000128,17.2942,0.126834,0.101763,0.171679,0.029053,0.002222,0.00027135
8,332,0.489061,0.000134,11.4017,0.126681,0.101844,0.102309,0.017963,0.000741,0.00027135
8,333,0.507617,0.000110,28.7872,0.126879,0.101949,0.256615,0.027296,0.002181,0.00027135
8,334,0.655991,0.000154,27.7309,0.126895,0.101762,0.240758,0.061435,0.001510,0.00027135
8,335,0.563522,0.000105,42.1528,0.127170,0.101684,0.366751,0.011479,0.002068,0.00027135
8,336,0.387424,0.000072,29.3685,0.127212,0.101604,0.251293,0.006147,0.000956,0.00027135
8,337,0.517432,0.000123,23.4391,0.127239,0.101677,0.221855,0.012880,0.001034,0.00027135
8,338,0.344371,0.000079,16.5515,0.127055,0.101630,0.161748,0.022866,0.001082,0.00027135
8,339,0.570098,0.000114,36.9182,0.127209,0.101507,0.312519,0.035024,0.000883,0.00027135
8,340,0.317704,0.000071,18.0862,0.127045,0.101605,0.131421,0.006919,0.000793,0.00027135
8,341,0.516034,0.000111,27.5790,0.127020,0.101603,0.268253,0.031857,0.000728,0.00027135
8,342,0.525138,0.000130,17.4177,0.126933,0.101565,0.169941,0.047943,0.001803,0.00027135
8,343,0.616900,0.000136,33.7224,0.127013,0.101469,0.283851,0.022979,0.002108,0.00027135
8,344,0.478209,0.000117,18.6278,0.126874,0.101488,0.143725,0.027203,0.002269,0.00027135
8,345,0.463913,0.000107,22.7055,0.126719,0.101444,0.209142,0.026868,0.001273,0.00027135
8,346,0.455399,0.000108,19.0632,0.126645,0.101492,0.188898,0.027487,0.001824,0.00027135
8,347,0.508134,0.000117,25.1191,0.126543,0.101565,0.197715,0.021260,0.001695,0.00027135
8,348,0.433840,0.000115,13.3793,0.126399,0.101491,0.105088,0.010851,0.001365,0.00027135
8,349,0.459075,0.000086,33.1497,0.126414,0.101389,0.322025,0.012948,0.000556,0.00027135
8,350,0.395074,0.000096,16.7933,0.126262,0.101419,0.171273,0.007615,0.000642,0.00027135
8,351,0.603568,0.000137,30.8995,0.126128,0.101418,0.227560,0.046866,0.001292,0.00027135
8,352,0.375061,0.000098,11.6078,0.125998,0.101357,0.095418,0.013086,0.000947,0.00027135
8,353,0.426155,0.000089,26.2929,0.126059,0.101443,0.258252,0.008474,0.000863,0.00027135
8,354,0.359414,0.000091,12.0901,0.125954,0.101450,0.120507,0.015885,0.000326,0.00027135
8,355,0.460184,0.000098,29.4561,0.126164,0.101519,0.243335,0.013128,0.001396,0.00027135
8,356,0.398558,0.000070,35.2509,0.126088,0.101538,0.270717,0.006147,0.000496,0.00027135
8,357,0.337845,0.000077,19.2764,0.126058,0.101574,0.142957,0.001424,0.000531,0.00027135
8,358,0.546532,0.000100,43.5364,0.125982,0.101600,0.376717,0.042054,0.000668,0.00027135
8,359,0.413803,0.000086,26.2298,0.125845,0.101520,0.249948,0.019723,0.000707,0.00027135
8,360,0.400271,0.000080,28.6446,0.125753,0.101557,0.208117,0.020539,0.000565,0.00027135
8,361,0.486721,0.000118,19.8884,0.125717,0.101457,0.165952,0.031186,0.001011,0.00027135
8,362,0.874762,0.000231,22.7551,0.125691,0.101429,0.215727,0.061921,0.001569,0.00027135
8,363,0.729785,0.000187,21.8808,0.125607,0.101519,0.174145,0.054465,0.002382,0.00027135
8,364,0.732217,0.000172,32.9735,0.125824,0.101501,0.309429,0.033616,0.002348,0.00027135
8,365,0.716625,0.000188,19.2256,0.125725,0.101608,0.154838,0.055822,0.003254,0.00027135
8,366,0.510411,0.000121,23.9300,0.125866,0.101696,0.191070,0.022256,0.003163,0.00027135
8,367,0.624328,0.000138,36.4871,0.125748,0.101628,0.332724,0.009332,0.003259,0.00027135
8,368,0.314519,0.000078,11.5210,0.125634,0.101638,0.122065,0.012381,0.001245,0.00027135
8,369,0.468047,0.000103,26.5435,0.125589,0.101546,0.199673,0.014236,0.002308,0.00027135
8,370,0.359531,0.000088,15.9434,0.125436,0.101502,0.115914,0.008225,0.001450,0.00027135
8,371,0.505638,0.000106,34.3218,0.125319,0.101616,0.307158,0.006327,0.002061,0.00027135
8,372,0.386221,0.000074,26.9493,0.125311,0.101553,0.278843,0.007615,0.001934,0.00027135
8,373,0.397335,0.000089,22.3388,0.125252,0.101563,0.168183,0.011230,0.002359,0.00027135
8,374,0.358178,0.000068,27.3930,0.125373,0.101657,0.208653,0.014146,0.000530,0.00027135
8,375,0.408237,0.000077,28.8744,0.125409,0.101701,0.277480,0.018890,0.000908,0.00027135
8,376,0.423194,0.000092,22.8543,0.125373,0.101607,0.223533,0.019860,0.000731,0.00027135
8,377,0.436211,0.000092,26.6090,0.125338,0.101587,0.224201,0.013557,0.000640,0.00027135
8,378,0.398576,0.000093,20.1192,0.125365,0.101527,0.162336,0.006576,0.000903,0.00027135
8,379,0.308204,0.000068,16.8095,0.125246,0.101601,0.163870,0.012587,0.001187,0.00027135
8,380,0.374842,0.000071,27.6624,0.125399,0.101496,0.238677,0.008293,0.001057,0.00027135
8,381,0.336153,0.000085,11.1623,0.125270,0.101565,0.099470,0.017464,0.002774,0.00027135
8,382,0.428764,0.000070,39.3690,0.125408,0.101650,0.334403,0.006708,0.001806,0.00027135
8,383,0.469607,0.000114,19.3777,0.125491,0.101621,0.164222,0.024920,0.003302,0.00027135
8,384,0.542990,0.000110,34.9267,0.125479,0.101589,0.324301,0.023295,0.003887,0.00027135
8,385,0.579476,0.000129,29.3627,0.125524,0.101422,0.283942,0.028688,0.011910,0.00027135
8,386,0.461082,0.000090,32.9866,0.125740,0.101490,0.271139,0.016092,0.002873,0.00027135
8,387,0.467966,0.000095,29.8465,0.125846,0.101369,0.239171,0.020547,0.004927,0.00027135
8,388,0.448416,0.000110,17.4567,0.125770,0.101376,0.171450,0.018753,0.002922,0.00027135
8,389,0.412145,0.000087,23.8003,0.125864,0.101321,0.199968,0.026060,0.001935,0.00027135
8,390,0.297377,0.000075,9.9251,0.125694,0.101397,0.117592,0.011411,0.002860,0.00027135
8,391,0.419100,0.000082,28.9311,0.125712,0.101374,0.227647,0.017911,0.000608,0.00027135
9,1,0.548693,0.000136,19.9857,0.088283,0.108332,0.150430,0.031075,0.003566,0.00023817
9,2,0.552517,0.000128,26.5056,0.095426,0.106362,0.250646,0.024342,0.002696,0.00023817
9,3,0.434434,0.000113,12.8707,0.092447,0.100026,0.130449,0.018485,0.002141,0.00023817
9,4,0.495656,0.000127,17.1813,0.095982,0.103872,0.136739,0.014277,0.002379,0.00023817
9,5,0.398699,0.000106,11.4490,0.091124,0.105610,0.098142,0.013059,0.002039,0.00023817
9,6,0.615333,0.000137,33.3503,0.096275,0.111235,0.314754,0.019136,0.001926,0.00023817
9,7,0.456680,0.000107,21.4101,0.093472,0.108684,0.208490,0.012705,0.002392,0.00023817
9,8,0.567869,0.000115,37.6668,0.105115,0.110190,0.313955,0.012796,0.001960,0.00023817
9,9,0.462975,0.000106,24.6225,0.101017,0.108061,0.193803,0.009513,0.002012,0.00023817
9,10,0.560888,0.000125,29.8151,0.107423,0.105517,0.273353,0.015318,0.001886,0.00023817
9,11,0.449648,0.000116,14.9638,0.105034,0.103632,0.139153,0.009444,0.001839,0.00023817
9,12,0.526848,0.000112,31.3514,0.112118,0.105972,0.277874,0.012020,0.001713,0.00023817
9,13,0.481623,0.000120,19.0076,0.111493,0.108782,0.176195,0.008225,0.001834,0.00023817
9,14,0.537163,0.000120,29.2173,0.114822,0.110057,0.272234,0.008474,0.001806,0.00023817
9,15,0.541847,0.000140,18.0821,0.114655,0.109128,0.142317,0.017007,0.001971,0.00023817
9,16,0.427020,0.000109,15.5881,0.114702,0.110483,0.139942,0.008225,0.001916,0.00023817
9,17,0.372176,0.000085,19.6326,0.111874,0.109976,0.184835,0.008293,0.002241,0.00023817
9,18,0.393873,0.000100,14.0442,0.109537,0.112504,0.099603,0.017672,0.001741,0.00023817
9,19,0.408141,0.000099,16.3479,0.108996,0.113505,0.161364,0.013308,0.001368,0.00023817
9,20,0.421528,0.000103,17.5329,0.107982,0.112756,0.146720,0.010981,0.001440,0.00023817
9,21,0.401070,0.000095,18.1495,0.106903,0.111421,0.182302,0.008225,0.001591,0.00023817
9,22,0.387158,0.000098,14.3988,0.106120,0.111005,0.114251,0.009856,0.001492,0.00023817
9,23,0.362197,0.000091,13.5527,0.105280,0.112005,0.124381,0.010060,0.001621,0.00023817
9,24,0.401572,0.000104,13.0053,0.104539,0.112342,0.114763,0.010621,0.002217,0.00023817
9,25,0.369581,0.000096,12.2032,0.103916,0.112834,0.105654,0.009266,0.001346,0.00023817
9,26,0.388990,0.000097,14.3538,0.103195,0.114898,0.141004,0.014665,0.001215,0.00023817
9,27,0.312443,0.000077,11.8256,0.101535,0.112876,0.101707,0.013308,0.002379,0.00023817
9,28,0.432918,0.000078,34.5636,0.104981,0.110431,0.305862,0.013197,0.001762,0.00023817
9,29,0.558219,0.000136,23.6176,0.104976,0.112230,0.185307,0.020650,0.003732,0.00023817
9,30,0.396741,0.000084,22.1807,0.105521,0.111667,0.212889,0.026301,0.001763,0.00023817
9,31,0.354868,0.000086,15.6988,0.105976,0.111259,0.137024,0.006327,0.001338,0.00023817
9,32,0.353161,0.000081,18.6581,0.106376,0.109284,0.160311,0.012381,0.001685,0.00023817
9,33,0.358001,0.000088,15.4156,0.105236,0.109874,0.113238,0.009942,0.001286,0.00023817
9,34,0.305891,0.000073,13.9028,0.104034,0.110262,0.141017,0.005546,0.001060,0.00023817
9,35,0.459378,0.000119,14.3670,0.103148,0.111523,0.109949,0.024764,0.002044,0.00023817
9,36,0.478089,0.000120,17.2359,0.102285,0.109858,0.172113,0.021676,0.001922,0.00023817
9,37,0.437654,0.000109,17.2953,0.101969,0.110398,0.134102,0.008973,0.001750,0.00023817
9,38,0.423946,0.000104,17.4208,0.102072,0.111279,0.173415,0.004429,0.001655,0.00023817
9,39,0.401169,0.000104,13.9092,0.101115,0.111109,0.105407,0.007117,0.001463,0.00023817
9,40,0.420904,0.000100,18.5860,0.100768,0.111162,0.188463,0.008114,0.001647,0.00023817
9,41,0.405593,0.000105,13.6133,0.100325,0.110474,0.107227,0.010081,0.001959,0.00023817
9,42,0.427609,0.000104,18.2523,0.100030,0.110562,0.183546,0.004066,0.001772,0.00023817
9,43,0.481005,0.000122,15.5587,0.099813,0.110570,0.132380,0.031513,0.000827,0.00023817
9,44,0.419498,0.000101,17.4174,0.100239,0.109846,0.167052,0.018779,0.001341,0.00023817
9,45,0.316975,0.000073,15.8828,0.099699,0.109411,0.114405,0.012518,0.001076,0.00023817
9,46,0.390942,0.000085,23.4733,0.099348,0.109319,0.221039,0.010621,0.001398,0.00023817
9,47,0.318519,0.000082,10.3954,0.098719,0.109799,0.087502,0.011230,0.001125,0.00023817
9,48,0.480980,0.000110,23.9523,0.099687,0.108932,0.225926,0.021689,0.000528,0.00023817
9,49,0.428042,0.000109,13.8334,0.099126,0.108371,0.104877,0.030747,0.001827,0.00023817
9,50,0.397302,0.000094,18.7531,0.099910,0.108666,0.182641,0.005717,0.001596,0.00023817
9,51,0.312076,0.000076,12.4493,0.099459,0.108489,0.107222,0.014366,0.000558,0.00023817
9,52,0.557107,0.000117,33.5230,0.101070,0.108653,0.311398,0.020493,0.001920,0.00023817
9,53,0.448448,0.000109,19.5410,0.101443,0.110315,0.173519,0.012699,0.001690,0.00023817
9,54,0.494922,0.000098,33.8184,0.102652,0.110516,0.286597,0.013738,0.001477,0.00023817
9,55,0.371067,0.000087,17.4221,0.102433,0.109665,0.135972,0.010011,0.001307,0.00023817
9,56,0.487002,0.000107,26.6222,0.103129,0.109832,0.258001,0.007795,0.001604,0.00023817
9,57,0.381421,0.000095,14.3593,0.102754,0.109500,0.142316,0.012063,0.001632,0.00023817
9,58,0.494477,0.000102,31.0817,0.103856,0.109578,0.265142,0.012864,0.002222,0.00023817
9,59,0.398468,0.000100,15.0152,0.103649,0.109680,0.120326,0.008745,0.001570,0.00023817
9,60,0.450661,0.000094,27.9347,0.104494,0.109055,0.274556,0.009152,0.000709,0.00023817
9,61,0.320855,0.000074,17.1032,0.104498,0.109272,0.132232,0.011479,0.000499,0.00023817
9,62,0.341367,0.000072,19.9495,0.104790,0.109322,0.205243,0.018641,0.000528,0.00023817
9,63,0.327349,0.000075,15.9146,0.104814,0.108875,0.131414,0.015567,0.001066,0.00023817
9,64,0.450276,0.000114,15.0049,0.104841,0.108717,0.148154,0.025423,0.001697,0.00023817
9,65,0.447448,0.000108,17.6666,0.104320,0.108815,0.120741,0.037619,0.001478,0.00023817
9,66,0.450669,0.000101,23.7773,0.104881,0.108725,0.232829,0.015171,0.001670,0.00023817
9,67,0.337096,0.000082,13.1024,0.104381,0.109015,0.141083,0.018504,0.001356,0.00023817
9,68,0.465179,0.000093,30.8874,0.103960,0.109522,0.227482,0.026732,0.001831,0.00023817
9,69,0.415654,0.000096,19.4064,0.103893,0.109189,0.178510,0.016675,0.001571,0.00023817
9,70,0.428103,0.000087,26.7568,0.104417,0.109155,0.264126,0.015704,0.000824,0.00023817
9,71,0.267442,0.000068,10.1335,0.103907,0.108645,0.085095,0.003570,0.000884,0.00023817
9,72,0.505494,0.000107,32.5683,0.105453,0.108349,0.273968,0.008044,0.001285,0.00023817
9,73,0.441289,0.000106,19.7263,0.105844,0.108306,0.192605,0.008044,0.000853,0.00023817
9,74,0.340705,0.000082,15.2562,0.105979,0.108367,0.141549,0.006327,0.001500,0.00023817
9,75,0.400303,0.000102,14.3563,0.105418,0.108500,0.104880,0.012630,0.001543,0.00023817
9,76,0.306906,0.000075,12.7985,0.105076,0.108756,0.132171,0.006708,0.001102,0.00023817
9,77,0.618948,0.000147,27.0996,0.105375,0.108494,0.251492,0.022892,0.001433,0.00023817
9,78,0.464786,0.000122,13.8641,0.105036,0.108282,0.108909,0.018457,0.001643,0.00023817
9,79,0.548842,0.000134,21.8647,0.105100,0.108472,0.223384,0.020083,0.001645,0.00023817
9,80,0.559215,0.000150,14.3942,0.104831,0.108586,0.142491,0.019869,0.001707,0.00023817
9,81,0.561889,0.000121,34.9644,0.104922,0.108576,0.263140,0.016924,0.003878,0.00023817
9,82,0.432964,0.000090,28.6907,0.104802,0.108363,0.214301,0.018254,0.001235,0.00023817
9,83,0.354225,0.000084,16.5501,0.104602,0.108409,0.164569,0.010011,0.001309,0.00023817
9,84,0.392513,0.000093,18.4990,0.104691,0.108516,0.149695,0.007795,0.000802,0.00023817
9,85,0.325902,0.000073,17.7314,0.104271,0.108494,0.163697,0.005546,0.001137,0.00023817
9,86,0.504198,0.000129,15.8863,0.104097,0.107883,0.128738,0.030362,0.001809,0.00023817
9,87,0.454838,0.000105,22.1852,0.103968,0.107782,0.221675,0.012587,0.000913,0.00023817
9,88,0.447612,0.000101,25.4078,0.103591,0.107832,0.185080,0.009873,0.001809,0.00023817
9,89,0.396579,0.000108,9.7740,0.103159,0.107891,0.102878,0.007934,0.001545,0.00023817
9,90,0.381252,0.000081,23.0577,0.103572,0.107569,0.183806,0.011660,0.000758,0.00023817
9,91,0.386393,0.000102,11.1376,0.103150,0.107133,0.095159,0.014555,0.001596,0.00023817
9,92,0.520811,0.000120,23.3075,0.103588,0.106715,0.215792,0.046472,0.001802,0.00023817
9,93,0.496629,0.000126,17.0165,0.103800,0.106520,0.158986,0.018471,0.002479,0.00023817
9,94,0.464157,0.000093,33.0867,0.104997,0.106574,0.283963,0.011591,0.003182,0.00023817
9,95,0.402603,0.000084,25.4434,0.105442,0.106465,0.201933,0.011909,0.002423,0.00023817
9,96,0.508837,0.000128,19.1781,0.105188,0.106563,0.151214,0.009693,0.003628,0.00023817
9,97,0.477511,0.000116,20.9365,0.104982,0.106445,0.191598,0.015026,0.000977,0.00023817
9,98,0.314772,0.000076,13.3428,0.104889,0.106620,0.131927,0.008723,0.001125,0.00023817
9,99,0.342108,0.000081,16.9760,0.104588,0.106624,0.121494,0.004360,0.000802,0.00023817
9,100,0.258358,0.000066,9.1276,0.104122,0.106974,0.081458,0.009083,0.000617,0.00023817
9,101,0.457754,0.000090,34.5091,0.105277,0.106852,0.285278,0.014596,0.000858,0.00023817
9,102,0.372343,0.000087,18.9897,0.105494,0.107087,0.174622,0.005546,0.000799,0.00023817
9,103,0.369930,0.000090,14.9266,0.105601,0.106506,0.125089,0.022911,0.000950,0.00023817
9,104,0.448940,0.000122,10.1182,0.105259,0.106795,0.105004,0.018641,0.001274,0.00023817
9,105,0.519971,0.000102,35.1031,0.105653,0.106777,0.289487,0.028104,0.001222,0.00023817
9,106,0.408690,0.000093,21.2236,0.105635,0.107134,0.172365,0.011771,0.001454,0.00023817
9,107,0.442010,0.000081,31.1542,0.106147,0.107373,0.304623,0.033325,0.000532,0.00023817
9,108,0.421456,0.000108,14.5487,0.106055,0.107618,0.140058,0.009513,0.001431,0.00023817
9,109,0.386013,0.000074,27.5073,0.106768,0.107591,0.236605,0.013384,0.001041,0.00023817
9,110,0.441563,0.000110,16.5779,0.106900,0.107775,0.151517,0.019579,0.001195,0.00023817
9,111,0.395088,0.000083,24.2781,0.107476,0.107822,0.209967,0.026052,0.000444,0.00023817
9,112,0.317109,0.000073,13.5890,0.107336,0.107814,0.127119,0.035420,0.001073,0.00023817
9,113,0.421830,0.000076,33.3277,0.108068,0.107980,0.285873,0.003570,0.000924,0.00023817
9,114,0.303895,0.000063,19.6027,0.108043,0.107886,0.153603,0.004000,0.000760,0.00023817
9,115,0.366229,0.000057,33.5844,0.108114,0.107634,0.327419,0.010372,0.000459,0.00023817
9,116,0.397081,0.000094,16.9784,0.107866,0.107531,0.175059,0.018864,0.001080,0.00023817
9,117,0.464718,0.000100,27.1864,0.108341,0.107473,0.229581,0.007615,0.001444,0.00023817
9,118,0.348650,0.000084,15.4320,0.108141,0.107384,0.122833,0.011411,0.001772,0.00023817
9,119,0.348837,0.000066,24.6979,0.108413,0.107447,0.251682,0.005546,0.000973,0.00023817
9,120,0.354423,0.000081,16.1486,0.108200,0.107317,0.162708,0.024515,0.001152,0.00023817
9,121,0.401907,0.000080,25.3342,0.108504,0.107930,0.213741,0.028628,0.000885,0.00023817
9,122,0.399661,0.000098,13.9963,0.108233,0.108239,0.106188,0.040778,0.001073,0.00023817
9,123,0.428027,0.000080,31.7960,0.108465,0.108272,0.309154,0.011660,0.000664,0.00023817
9,124,0.292091,0.000065,14.6856,0.108272,0.108261,0.157296,0.013377,0.000631,0.00023817
9,125,0.383528,0.000065,32.1825,0.108495,0.108235,0.264581,0.017782,0.000587,0.00023817
9,126,0.338776,0.000066,25.0062,0.108243,0.107905,0.187076,0.013557,0.000610,0.00023817
9,127,0.360635,0.000074,22.9689,0.108272,0.107597,0.233219,0.004816,0.000772,0.00023817
9,128,0.328395,0.000082,12.7311,0.107924,0.107716,0.092214,0.013308,0.000661,0.00023817
9,129,0.505678,0.000095,40.3914,0.107907,0.107604,0.363741,0.004859,0.000986,0.00023817
9,130,0.432941,0.000071,38.4010,0.107812,0.106945,0.361508,0.016563,0.000890,0.00023817
9,131,0.305295,0.000075,12.8532,0.107547,0.106998,0.092965,0.006756,0.001433,0.00023817
9,132,0.325292,0.000085,10.3059,0.107187,0.107320,0.084208,0.005898,0.000729,0.00023817
9,133,0.470884,0.000100,28.5157,0.107080,0.107434,0.274961,0.006147,0.000729,0.00023817
9,134,0.305130,0.000072,14.0913,0.106785,0.107304,0.145227,0.007435,0.000684,0.00023817
9,135,0.544855,0.000126,28.9300,0.106614,0.107140,0.218795,0.010372,0.000747,0.00023817
9,136,0.507405,0.000121,23.2917,0.106480,0.106963,0.173330,0.019285,0.000649,0.00023817
9,137,0.388656,0.000081,23.4028,0.106336,0.106984,0.227158,0.018503,0.001853,0.00023817
9,138,0.328631,0.000067,22.4031,0.106660,0.106882,0.187121,0.006576,0.000428,0.00023817
9,139,0.259030,0.000067,7.9104,0.106294,0.106954,0.083159,0.009332,0.000632,0.00023817
9,140,0.363213,0.000083,19.7553,0.106217,0.106804,0.146986,0.010558,0.002787,0.00023817
9,141,0.311729,0.000075,14.5469,0.106176,0.107047,0.124926,0.004000,0.001159,0.00023817
9,142,0.282348,0.000067,13.5159,0.106055,0.106871,0.121733,0.003570,0.000786,0.00023817
9,143,0.362136,0.000086,15.9402,0.105923,0.106848,0.162007,0.008044,0.001727,0.00023817
9,144,0.370748,0.000080,23.5318,0.105637,0.107061,0.172155,0.005123,0.000816,0.00023817
9,145,0.311119,0.000082,9.6146,0.105347,0.107331,0.082461,0.006937,0.000587,0.00023817
9,146,0.502883,0.000099,37.7298,0.105332,0.107211,0.322820,0.012089,0.002024,0.00023817
9,147,0.473154,0.000103,25.8954,0.105647,0.107127,0.256983,0.014912,0.001036,0.00023817
9,148,0.317277,0.000067,20.3183,0.105682,0.107371,0.152420,0.012089,0.000620,0.00023817
9,149,0.308971,0.000078,10.5525,0.105489,0.107058,0.096503,0.015565,0.000660,0.00023817
9,150,0.455834,0.000106,22.7488,0.105803,0.106946,0.203355,0.014416,0.000885,0.00023817
9,151,0.296899,0.000071,11.7605,0.105599,0.106833,0.124538,0.018100,0.000647,0.00023817
9,152,0.446057,0.000099,23.8074,0.105672,0.106740,0.191252,0.016793,0.000733,0.00023817
9,153,0.421200,0.000094,23.1900,0.105493,0.106645,0.178107,0.007496,0.000423,0.00023817
9,154,0.432616,0.000100,20.9609,0.105494,0.106823,0.210604,0.011411,0.002117,0.00023817
9,155,0.420861,0.000106,13.9209,0.105475,0.106815,0.133316,0.026129,0.003141,0.00023817
9,156,0.484730,0.000102,31.5809,0.106110,0.106707,0.246348,0.015318,0.003101,0.00023817
9,157,0.541552,0.000133,21.8581,0.106174,0.106690,0.167438,0.018393,0.002412,0.00023817
9,158,0.347449,0.000082,15.3663,0.106067,0.106803,0.159725,0.011771,0.002141,0.00023817
9,159,0.315678,0.000078,12.5108,0.105983,0.106831,0.102655,0.011163,0.001681,0.00023817
9,160,0.394847,0.000073,29.4843,0.106352,0.106776,0.282675,0.012089,0.001629,0.00023817
9,161,0.321897,0.000083,11.4545,0.106163,0.106410,0.091235,0.005651,0.001400,0.00023817
9,162,0.478595,0.000088,37.2943,0.106690,0.106243,0.316795,0.010870,0.000825,0.00023817
9,163,0.439890,0.000095,24.8011,0.106909,0.106171,0.237030,0.023544,0.000858,0.00023817
9,164,0.351299,0.000091,10.9965,0.106683,0.106191,0.109270,0.016992,0.000952,0.00023817
9,165,0.442185,0.000096,26.8366,0.106721,0.106242,0.217892,0.008474,0.001808,0.00023817
9,166,0.409773,0.000097,19.0173,0.106706,0.106158,0.145005,0.012699,0.001805,0.00023817
9,167,0.408398,0.000114,8.3823,0.106408,0.106384,0.088273,0.011230,0.002308,0.00023817
9,168,0.388352,0.000088,20.1519,0.106318,0.106372,0.161342,0.009083,0.002257,0.00023817
9,169,0.384242,0.000102,11.2837,0.106174,0.106491,0.105282,0.008654,0.002307,0.00023817
9,170,0.258186,0.000061,12.1351,0.106080,0.106584,0.119109,0.005546,0.001218,0.00023817
9,171,0.403902,0.000104,12.8763,0.105868,0.106298,0.095099,0.024516,0.001259,0.00023817
9,172,0.379935,0.000090,17.1087,0.105658,0.106123,0.176856,0.008044,0.000778,0.00023817
9,173,0.366112,0.000083,19.6401,0.105622,0.106238,0.153971,0.006147,0.000749,0.00023817
9,174,0.353851,0.000086,15.1064,0.105355,0.105978,0.160305,0.004180,0.000709,0.00023817
9,175,0.377854,0.000085,21.5346,0.105197,0.105738,0.156032,0.003570,0.001176,0.00023817
9,176,0.318932,0.000079,11.8625,0.105080,0.105651,0.118591,0.012518,0.000568,0.00023817
9,177,0.279129,0.000067,12.8093,0.104973,0.105693,0.103306,0.004000,0.000812,0.00023817
9,178,0.289087,0.000066,14.5515,0.104857,0.105560,0.153811,0.005123,0.000302,0.00023817
9,179,0.315073,0.000074,14.9966,0.104899,0.105377,0.130676,0.005219,0.000970,0.00023817
9,180,0.401853,0.000105,13.1852,0.104729,0.105259,0.110606,0.008293,0.001157,0.00023817
9,181,0.389718,0.000098,14.5419,0.104686,0.105277,0.129050,0.011729,0.000807,0.00023817
9,182,0.493146,0.000121,20.7381,0.104607,0.105141,0.192280,0.008910,0.000854,0.00023817
9,183,0.323913,0.000073,18.3319,0.104362,0.105112,0.143185,0.004859,0.000803,0.00023817
9,184,0.341921,0.000085,13.8165,0.104117,0.104971,0.132713,0.005898,0.000683,0.00023817
9,185,0.391401,0.000090,19.5429,0.104026,0.105278,0.160424,0.007435,0.001027,0.00023817
9,186,0.270257,0.000066,11.0789,0.103857,0.105284,0.104576,0.008474,0.000431,0.00023817
9,187,0.328069,0.000065,22.6436,0.103792,0.105315,0.190845,0.002798,0.000304,0.00023817
9,188,0.311983,0.000082,9.9419,0.103547,0.105449,0.100938,0.001853,0.000632,0.00023817
9,189,0.278197,0.000064,14.2850,0.103294,0.105545,0.112199,0.002282,0.001917,0.00023817
9,190,0.374978,0.000087,19.7708,0.103478,0.105461,0.158281,0.009152,0.000845,0.00023817
9,191,0.346496,0.000084,14.8195,0.103330,0.105345,0.151559,0.003570,0.000820,0.00023817
9,192,0.373196,0.000095,13.5119,0.103241,0.105423,0.103292,0.009332,0.001600,0.00023817
9,193,0.343674,0.000065,25.5751,0.103506,0.105262,0.239796,0.008903,0.001188,0.00023817
9,194,0.326528,0.000079,14.5688,0.103373,0.105174,0.107054,0.007435,0.001455,0.00023817
9,195,0.344458,0.000083,14.7494,0.103370,0.105370,0.139815,0.011686,0.000584,0.00023817
9,196,0.332412,0.000087,10.1765,0.103205,0.105267,0.097957,0.009015,0.001169,0.00023817
9,197,0.355208,0.000080,19.3373,0.103369,0.105340,0.157179,0.004429,0.000661,0.00023817
9,198,0.323063,0.000079,13.3136,0.103113,0.105290,0.147616,0.005717,0.001037,0.00023817
9,199,0.398812,0.000093,20.5463,0.102923,0.105263,0.145221,0.009942,0.001387,0.00023817
9,200,0.290719,0.000078,8.0042,0.102685,0.105388,0.082524,0.002282,0.001036,0.00023817
9,201,0.318204,0.000069,20.4441,0.102890,0.105399,0.167623,0.003141,0.000993,0.00023817
9,202,0.260909,0.000068,8.8750,0.102648,0.105313,0.068886,0.003321,0.000628,0.00023817
9,203,0.488422,0.000105,29.2226,0.102548,0.105344,0.278834,0.010191,0.001922,0.00023817
9,204,0.362597,0.000083,18.6797,0.102459,0.105385,0.193211,0.004172,0.001215,0.00023817
9,205,0.532735,0.000123,26.9292,0.102487,0.105303,0.197782,0.031788,0.001674,0.00023817
9,206,0.370167,0.000086,17.6718,0.102472,0.105289,0.136348,0.012518,0.002119,0.00023817
9,207,0.355901,0.000072,22.5627,0.102352,0.105244,0.219002,0.023518,0.001392,0.00023817
9,208,0.316515,0.000075,14.3259,0.102337,0.105107,0.131704,0.010372,0.001200,0.00023817
9,209,0.333216,0.000069,21.8860,0.102509,0.104946,0.170209,0.012879,0.000532,0.00023817
9,210,0.269678,0.000064,12.7979,0.102404,0.104908,0.126963,0.002712,0.000797,0.00023817
9,211,0.539399,0.000115,32.3120,0.102802,0.104654,0.265645,0.011771,0.002121,0.00023817
9,212,0.334986,0.000074,19.5123,0.102940,0.104722,0.158321,0.008822,0.001319,0.00023817
9,213,0.418894,0.000074,32.6547,0.103058,0.104777,0.315691,0.009873,0.000706,0.00023817
9,214,0.361380,0.000082,17.8230,0.103041,0.104780,0.166835,0.013918,0.001118,0.00023817
9,215,0.419210,0.000071,37.1664,0.103173,0.104873,0.310211,0.005288,0.001361,0.00023817
9,216,0.298787,0.000068,15.7999,0.103119,0.104935,0.130567,0.004859,0.000868,0.00023817
9,217,0.535529,0.000114,30.9666,0.103302,0.104958,0.288242,0.022617,0.000954,0.00023817
9,218,0.503020,0.000133,15.0379,0.103193,0.104951,0.135418,0.011342,0.001495,0.00023817
9,219,0.415595,0.000079,31.0480,0.103503,0.105043,0.264058,0.010552,0.001240,0.00023817
9,220,0.301917,0.000064,18.4940,0.103462,0.105003,0.161200,0.010801,0.001024,0.00023817
9,221,0.486816,0.000096,31.4583,0.103599,0.105137,0.304011,0.022967,0.001827,0.00023817
9,222,0.470260,0.000120,14.6687,0.103594,0.105091,0.147426,0.026704,0.001749,0.00023817
9,223,0.380485,0.000079,22.5376,0.103868,0.105283,0.191192,0.024626,0.001731,0.00023817
9,224,0.496245,0.000111,26.2338,0.103892,0.105099,0.212081,0.018890,0.002626,0.00023817
9,225,0.400476,0.000064,32.7814,0.104241,0.105008,0.320663,0.035109,0.000860,0.00023817
9,226,0.364688,0.000096,11.0370,0.104151,0.104694,0.108945,0.010122,0.001669,0.00023817
9,227,0.518753,0.000103,34.9210,0.104582,0.104871,0.294686,0.013806,0.000908,0.00023817
9,228,0.367996,0.000088,17.3311,0.104686,0.104829,0.143245,0.005717,0.001105,0.00023817
9,229,0.491045,0.000111,25.4567,0.104791,0.104663,0.255762,0.006930,0.000545,0.00023817
9,230,0.318109,0.000074,14.6914,0.104793,0.104445,0.143541,0.010372,0.001216,0.00023817
9,231,0.371652,0.000072,25.7237,0.105039,0.104490,0.216037,0.017200,0.001340,0.00023817
9,232,0.328306,0.000075,16.6873,0.105012,0.104621,0.137485,0.014279,0.000792,0.00023817
9,233,0.423111,0.000072,35.0687,0.105364,0.104481,0.338708,0.008044,0.001514,0.00023817
9,234,0.318797,0.000069,19.6665,0.105458,0.104397,0.163956,0.005717,0.001086,0.00023817
9,235,0.307313,0.000062,20.5090,0.105563,0.104477,0.168622,0.007005,0.000486,0.00023817
9,236,0.468437,0.000117,16.9844,0.105545,0.104496,0.170620,0.017422,0.001095,0.00023817
9,237,0.407448,0.000098,18.9511,0.105643,0.104664,0.149231,0.006937,0.001580,0.00023817
9,238,0.291862,0.000056,21.0743,0.105576,0.104750,0.209348,0.004172,0.000640,0.00023817
9,239,0.343105,0.000075,20.6190,0.105627,0.104689,0.166517,0.005288,0.000827,0.00023817
9,240,0.407740,0.000104,14.0726,0.105546,0.104728,0.118933,0.012269,0.001165,0.00023817
9,241,0.518423,0.000077,49.4396,0.106064,0.104644,0.456778,0.021329,0.000980,0.00023817
9,242,0.411149,0.000068,35.5200,0.106387,0.104734,0.330720,0.012269,0.000997,0.00023817
9,243,0.317068,0.000060,25.4777,0.106265,0.104608,0.178571,0.007186,0.000561,0.00023817
9,244,0.361263,0.000077,18.4883,0.106194,0.104444,0.143554,0.042702,0.001111,0.00023817
9,245,0.463567,0.000089,34.3801,0.106177,0.104410,0.321932,0.008585,0.000906,0.00023817
9,246,0.374310,0.000080,22.1497,0.106027,0.104260,0.225834,0.014466,0.001473,0.00023817
9,247,0.356689,0.000083,17.1150,0.105920,0.104232,0.136492,0.012948,0.001310,0.00023817
9,248,0.391370,0.000091,18.9224,0.105895,0.104401,0.141219,0.019182,0.001035,0.00023817
9,249,0.376484,0.000079,23.5974,0.105736,0.104307,0.228815,0.005717,0.000764,0.00023817
9,250,0.364322,0.000080,19.9927,0.105836,0.104357,0.196197,0.011050,0.000728,0.00023817
9,251,0.297446,0.000069,15.3874,0.105672,0.104293,0.109109,0.004859,0.000634,0.00023817
9,252,0.282726,0.000064,15.2716,0.105688,0.104315,0.141923,0.003570,0.000577,0.00023817
9,253,0.419400,0.000109,12.7257,0.105614,0.104205,0.126121,0.015996,0.001137,0.00023817
9,254,0.331549,0.000087,10.7742,0.105521,0.104341,0.094876,0.005219,0.001143,0.00023817
9,255,0.469957,0.000112,21.1589,0.105566,0.104197,0.171544,0.010244,0.000517,0.00023817
9,256,0.322312,0.000074,15.7516,0.105415,0.104309,0.154513,0.012630,0.001467,0.00023817
9,257,0.356979,0.000086,15.3148,0.105374,0.104313,0.123739,0.010732,0.000903,0.00023817
9,258,0.332092,0.000078,15.5295,0.105351,0.104136,0.149756,0.007435,0.000610,0.00023817
9,259,0.456944,0.000124,12.1517,0.105236,0.104136,0.100421,0.009582,0.001791,0.00023817
9,260,0.327554,0.000077,15.0070,0.105190,0.104026,0.147765,0.008474,0.000857,0.00023817
9,261,0.439485,0.000114,14.3098,0.105080,0.104147,0.112241,0.012269,0.001667,0.00023817
9,262,0.331429,0.000077,16.0121,0.104981,0.104115,0.159924,0.006147,0.001379,0.00023817
9,263,0.279553,0.000062,15.1472,0.104858,0.103960,0.117213,0.011158,0.000564,0.00023817
9,264,0.286667,0.000067,12.9270,0.104743,0.104050,0.140513,0.008654,0.000492,0.00023817
9,265,0.357402,0.000089,14.6664,0.104655,0.104251,0.107146,0.004000,0.000987,0.00023817
9,266,0.362331,0.000080,19.5338,0.104596,0.104133,0.207122,0.006147,0.000524,0.00023817
9,267,0.422960,0.000106,15.9550,0.104466,0.104123,0.114706,0.014888,0.001193,0.00023817
9,268,0.351562,0.000084,14.7743,0.104383,0.104032,0.160405,0.009513,0.000897,0.00023817
9,269,0.349183,0.000083,15.7905,0.104317,0.104189,0.118052,0.013738,0.000566,0.00023817
9,270,0.317756,0.000080,11.5212,0.104197,0.104162,0.123966,0.006147,0.000687,0.00023817
9,271,0.335200,0.000076,17.6661,0.104224,0.104036,0.137234,0.008903,0.000664,0.00023817
9,272,0.271660,0.000063,12.6164,0.104112,0.104076,0.138542,0.008293,0.000912,0.00023817
9,273,0.499925,0.000115,23.9673,0.104047,0.104000,0.170655,0.040621,0.001923,0.00023817
9,274,0.371828,0.000077,21.8048,0.103994,0.104068,0.215796,0.027701,0.001583,0.00023817
9,275,0.395413,0.000097,16.1697,0.103907,0.104067,0.123021,0.014596,0.001010,0.00023817
9,276,0.315428,0.000073,14.7851,0.103885,0.104129,0.145078,0.016675,0.000647,0.00023817
9,277,0.299212,0.000072,13.0057,0.103820,0.104105,0.105042,0.011660,0.000475,0.00023817
9,278,0.437060,0.000105,17.3114,0.103821,0.104121,0.173517,0.023991,0.001273,0.00023817
9,279,0.350938,0.000075,21.4924,0.103753,0.104051,0.159964,0.011840,0.001070,0.00023817
9,280,0.633089,0.000163,17.0843,0.103662,0.104095,0.169971,0.054078,0.002377,0.00023817
9,281,0.323715,0.000081,13.0381,0.103505,0.104094,0.101736,0.005717,0.000792,0.00023817
9,282,0.380910,0.000094,14.5157,0.103433,0.104002,0.149677,0.012450,0.001408,0.00023817
9,283,0.345872,0.000084,14.6231,0.103361,0.104104,0.125448,0.009693,0.000890,0.00023817
9,284,0.325743,0.000082,12.1760,0.103310,0.104123,0.114494,0.009693,0.000831,0.00023817
9,285,0.335756,0.000078,16.6195,0.103251,0.104021,0.137359,0.008051,0.001063,0.00023817
9,286,0.305175,0.000066,17.5014,0.103121,0.104079,0.180640,0.006576,0.000822,0.00023817
9,287,0.379520,0.000098,13.4302,0.103082,0.104122,0.108298,0.005717,0.001444,0.00023817
9,288,0.339140,0.000082,14.4122,0.103071,0.104168,0.139095,0.007366,0.001642,0.00023817
9,289,0.296563,0.000077,10.0669,0.102905,0.104237,0.081793,0.002798,0.001143,0.00023817
9,290,0.672051,0.000167,24.8113,0.102979,0.104181,0.230246,0.033712,0.007185,0.00023817
9,291,0.595854,0.000152,21.0973,0.103023,0.104217,0.184926,0.010372,0.002423,0.00023817
9,292,0.442520,0.000082,35.0966,0.103463,0.104081,0.318324,0.006576,0.002440,0.00023817
9,293,0.444798,0.000099,21.7939,0.103563,0.104118,0.178136,0.037060,0.005354,0.00023817
9,294,0.393465,0.000087,22.5996,0.103757,0.104236,0.204181,0.007976,0.002078,0.00023817
9,295,0.452948,0.000117,13.6330,0.103697,0.104107,0.125545,0.023630,0.002084,0.00023817
9,296,0.505393,0.000103,34.8664,0.103766,0.104216,0.272768,0.011161,0.002007,0.00023817
9,297,0.541060,0.000128,24.8236,0.103847,0.104270,0.202324,0.018693,0.002380,0.00023817
9,298,0.478628,0.000099,31.8321,0.104081,0.104136,0.285696,0.014167,0.001534,0.00023817
9,299,0.353067,0.000079,18.2713,0.104032,0.104117,0.186741,0.016314,0.000854,0.00023817
9,300,0.408785,0.000069,36.4345,0.104077,0.103991,0.294823,0.016065,0.000598,0.00023817
9,301,0.327893,0.000065,23.7165,0.104008,0.103855,0.173937,0.008044,0.000657,0.00023817
9,302,0.325936,0.000080,12.4151,0.103878,0.103780,0.119528,0.020180,0.000706,0.00023817
9,303,0.322168,0.000066,21.6772,0.103978,0.103715,0.178840,0.008225,0.000931,0.00023817
9,304,0.328071,0.000078,13.8880,0.103841,0.103720,0.153273,0.010303,0.000976,0.00023817
9,305,0.411570,0.000090,23.7100,0.103860,0.103579,0.178654,0.011230,0.000973,0.00023817
9,306,0.509230,0.000123,21.9660,0.103820,0.103445,0.158106,0.024561,0.001559,0.00023817
9,307,0.501943,0.000106,29.7914,0.103988,0.103399,0.287430,0.014417,0.001435,0.00023817
9,308,0.532201,0.000128,20.1548,0.103993,0.103531,0.200515,0.041897,0.000955,0.00023817
9,309,0.358923,0.000081,18.7854,0.104094,0.103513,0.166186,0.014416,0.001173,0.00023817
9,310,0.346239,0.000065,27.0180,0.104077,0.103489,0.205575,0.017035,0.000794,0.00023817
9,311,0.289656,0.000073,9.5994,0.103949,0.103499,0.074017,0.019929,0.001167,0.00023817
9,312,0.381529,0.000080,25.1589,0.103837,0.103534,0.231136,0.011411,0.001147,0.00023817
9,313,0.281688,0.000064,14.0085,0.103737,0.103651,0.149203,0.004180,0.000867,0.00023817
9,314,0.348712,0.000071,24.7381,0.103643,0.103622,0.183632,0.005038,0.000731,0.00023817
9,315,0.509206,0.000133,14.1696,0.103523,0.103660,0.099070,0.044754,0.001561,0.00023817
9,316,0.605039,0.000146,26.8683,0.103469,0.103767,0.248563,0.022411,0.002049,0.00023817
9,317,0.518259,0.000124,22.2188,0.103539,0.103665,0.223678,0.009264,0.001144,0.00023817
9,318,0.383227,0.000096,15.3331,0.103415,0.103715,0.117877,0.006327,0.000880,0.00023817
9,319,0.439878,0.000079,34.4575,0.103717,0.103652,0.331592,0.006756,0.001262,0.00023817
9,320,0.448321,0.000117,14.0468,0.103659,0.103774,0.133373,0.011660,0.001619,0.00023817
9,321,0.442799,0.000082,33.4343,0.104019,0.103703,0.286478,0.015206,0.000905,0.00023817
9,322,0.401743,0.000087,22.5610,0.104103,0.103773,0.186473,0.014028,0.000612,0.00023817
9,323,0.379185,0.000078,23.6667,0.104083,0.103604,0.241520,0.005546,0.000337,0.00023817
9,324,0.479484,0.000129,11.7199,0.103971,0.103646,0.110248,0.023912,0.002039,0.00023817
9,325,0.583724,0.000117,38.1777,0.104306,0.103760,0.332318,0.022992,0.001700,0.00023817
9,326,0.471953,0.000109,23.1172,0.104357,0.103846,0.194150,0.013059,0.001711,0.00023817
9,327,0.574236,0.000139,23.6306,0.104466,0.104017,0.225597,0.018379,0.001767,0.00023817
9,328,0.429932,0.000115,11.8164,0.104359,0.104029,0.118714,0.010441,0.001821,0.00023817
9,329,0.548439,0.000112,35.6916,0.104604,0.104071,0.310163,0.008863,0.001520,0.00023817
9,330,0.502648,0.000116,24.8414,0.104642,0.104052,0.206565,0.013874,0.002072,0.00023817
9,331,0.490502,0.000114,22.6863,0.104747,0.103996,0.219220,0.014381,0.002001,0.00023817
9,332,0.413104,0.000114,9.9055,0.104653,0.103940,0.093628,0.008654,0.001055,0.00023817
9,333,0.552794,0.000103,41.4346,0.104932,0.103864,0.350348,0.023240,0.001606,0.00023817
9,334,0.541035,0.000126,25.6957,0.105140,0.104065,0.223517,0.021273,0.001290,0.00023817
9,335,0.453571,0.000097,26.8808,0.105273,0.104154,0.256048,0.004429,0.002092,0.00023817
9,336,0.268474,0.000066,10.6671,0.105174,0.104138,0.100088,0.006327,0.000719,0.00023817
9,337,0.584068,0.000119,38.1189,0.105384,0.104072,0.327445,0.015455,0.000940,0.00023817
9,338,0.345808,0.000068,23.2245,0.105517,0.103949,0.203614,0.010621,0.001000,0.00023817
9,339,0.472832,0.000107,24.2878,0.105612,0.103926,0.229476,0.012769,0.000924,0.00023817
9,340,0.245556,0.000061,8.4994,0.105487,0.103755,0.086308,0.015163,0.000712,0.00023817
9,341,0.495379,0.000093,37.2335,0.105676,0.103901,0.323377,0.011411,0.000735,0.00023817
9,342,0.529794,0.000119,26.6947,0.105726,0.103919,0.223083,0.031470,0.001350,0.00023817
9,343,0.568124,0.000133,25.3245,0.105805,0.103933,0.239299,0.028782,0.001979,0.00023817
9,344,0.438101,0.000116,12.0565,0.105719,0.103981,0.116149,0.022077,0.001418,0.00023817
9,345,0.496547,0.000098,32.9638,0.105964,0.104083,0.286035,0.021373,0.001458,0.00023817
9,346,0.455055,0.000104,22.1244,0.106044,0.104049,0.187657,0.023355,0.001084,0.00023817
9,347,0.494655,0.000108,27.7857,0.106118,0.104143,0.259110,0.015319,0.001212,0.00023817
9,348,0.430440,0.000114,12.7361,0.106028,0.104094,0.114201,0.015087,0.001260,0.00023817
9,349,0.507096,0.000102,33.7913,0.106226,0.104193,0.292155,0.014305,0.000393,0.00023817
9,350,0.438490,0.000091,26.9968,0.106190,0.104085,0.226196,0.017215,0.000630,0.00023817
9,351,0.572065,0.000137,21.1199,0.106253,0.104127,0.201042,0.056837,0.001374,0.00023817
9,352,0.366569,0.000094,10.9049,0.106142,0.104168,0.116792,0.023185,0.001517,0.00023817
9,353,0.407765,0.000081,30.0857,0.106089,0.104177,0.234141,0.011840,0.001181,0.00023817
9,354,0.430565,0.000097,20.4172,0.106134,0.104219,0.163519,0.032509,0.000839,0.00023817
9,355,0.397054,0.000099,15.2366,0.106023,0.104318,0.158191,0.011299,0.001286,0.00023817
9,356,0.302732,0.000069,16.2705,0.105885,0.104337,0.120505,0.004859,0.000396,0.00023817
9,357,0.343131,0.000071,22.9260,0.105927,0.104280,0.205332,0.006919,0.000502,0.00023817
9,358,0.339693,0.000087,9.1683,0.105779,0.104202,0.086124,0.034552,0.000544,0.00023817
9,359,0.446354,0.000095,26.0404,0.105933,0.104058,0.212704,0.040074,0.001046,0.00023817
9,360,0.423535,0.000097,19.2892,0.105888,0.103964,0.146804,0.038744,0.000686,0.00023817
9,361,0.524104,0.000109,27.8791,0.105841,0.103847,0.268190,0.069026,0.001518,0.00023817
9,362,0.885823,0.000233,23.8277,0.105926,0.103813,0.208664,0.064188,0.001659,0.00023817
9,363,0.689969,0.000183,16.2384,0.105849,0.103778,0.137449,0.060984,0.002844,0.00023817
9,364,0.825892,0.000197,34.8583,0.105988,0.103718,0.334631,0.035874,0.004412,0.00023817
9,365,0.817213,0.000224,17.7159,0.105965,0.103600,0.159600,0.036309,0.008026,0.00023817
9,366,0.702818,0.000135,42.9368,0.106173,0.103644,0.334775,0.123365,0.002667,0.00023817
9,367,0.559950,0.000139,22.3654,0.106310,0.103808,0.182806,0.015137,0.004143,0.00023817
9,368,0.427905,0.000096,21.8443,0.106324,0.103812,0.217847,0.010054,0.006223,0.00023817
9,369,0.404016,0.000106,12.0310,0.106233,0.103765,0.129014,0.012020,0.002744,0.00023817
9,370,0.468435,0.000091,36.3218,0.106247,0.103735,0.274040,0.010303,0.001730,0.00023817
9,371,0.495502,0.000111,27.0441,0.106215,0.103655,0.199366,0.014846,0.002124,0.00023817
9,372,0.302548,0.000066,15.5933,0.106096,0.103626,0.162997,0.015953,0.001520,0.00023817
9,373,0.370062,0.000088,15.5542,0.106119,0.103718,0.142231,0.025888,0.003688,0.00023817
9,374,0.282317,0.000063,15.9352,0.105996,0.103693,0.102527,0.008870,0.000607,0.00023817
9,375,0.350983,0.000073,20.7354,0.105991,0.103733,0.193374,0.027702,0.001035,0.00023817
9,376,0.390555,0.000088,19.1241,0.106023,0.103687,0.184125,0.025761,0.001004,0.00023817
9,377,0.347353,0.000084,14.5446,0.105921,0.103735,0.110573,0.018212,0.000669,0.00023817
9,378,0.416303,0.000087,26.0915,0.106074,0.103761,0.237548,0.015455,0.001016,0.00023817
9,379,0.277715,0.000066,10.7494,0.105946,0.103781,0.086400,0.031565,0.002568,0.00023817
9,380,0.389290,0.000072,30.7677,0.105877,0.103682,0.276990,0.006756,0.000846,0.00023817
9,381,0.343766,0.000081,14.9475,0.105866,0.103559,0.148965,0.013669,0.003501,0.00023817
9,382,0.296162,0.000067,16.3149,0.105750,0.103619,0.118882,0.005123,0.001692,0.00023817
9,383,0.439164,0.000102,22.6131,0.105816,0.103673,0.190627,0.010745,0.001334,0.00023817
9,384,0.336530,0.000077,16.1714,0.105858,0.103631,0.150141,0.017851,0.002339,0.00023817
9,385,0.297910,0.000073,12.1527,0.105742,0.103555,0.133987,0.005219,0.001143,0.00023817
9,386,0.373207,0.000073,27.3354,0.105776,0.103554,0.218318,0.005468,0.000812,0.00023817
9,387,0.369354,0.000086,18.1618,0.105753,0.103468,0.130638,0.008903,0.001693,0.00023817
9,388,0.419648,0.000107,14.6201,0.105633,0.103415,0.157754,0.008474,0.001752,0.00023817
9,389,0.356639,0.000083,17.6361,0.105673,0.103426,0.141495,0.010122,0.001287,0.00023817
9,390,0.267012,0.000067,9.3568,0.105558,0.103436,0.103067,0.011909,0.000715,0.00023817
9,391,0.288287,0.000062,17.5151,0.105539,0.103422,0.134335,0.001424,0.000450,0.00023817
10,1,0.472607,0.000121,15.1177,0.081439,0.126109,0.112087,0.026305,0.002259,0.00019635
10,2,0.514780,0.000121,23.7139,0.082971,0.123339,0.227842,0.022790,0.002091,0.00019635
10,3,0.421018,0.000109,13.4180,0.085789,0.116681,0.124264,0.016003,0.001688,0.00019635
10,4,0.445579,0.000118,12.2187,0.084678,0.129247,0.116265,0.018049,0.001901,0.00019635
10,5,0.424913,0.000100,19.8759,0.086393,0.121419,0.157638,0.014139,0.001678,0.00019635
10,6,0.457978,0.000124,11.1022,0.083397,0.130678,0.094421,0.019261,0.001822,0.00019635
10,7,0.435408,0.000106,17.6861,0.083940,0.128398,0.186730,0.011410,0.002487,0.00019635
10,8,0.472390,0.000127,12.6659,0.082444,0.127313,0.100583,0.015446,0.001806,0.00019635
10,9,0.455075,0.000101,24.0513,0.090403,0.120981,0.220079,0.021260,0.002139,0.00019635
10,10,0.492633,0.000130,14.6133,0.089811,0.120928,0.113508,0.017464,0.001821,0.00019635
10,11,0.457330,0.000108,21.1711,0.094730,0.127265,0.186918,0.013987,0.001620,0.00019635
10,12,0.419042,0.000108,13.3212,0.094277,0.125978,0.138728,0.012879,0.001584,0.00019635
10,13,0.471531,0.000122,16.0486,0.095233,0.123925,0.151271,0.008834,0.001696,0.00019635
10,14,0.492690,0.000120,21.7781,0.093507,0.124323,0.168001,0.013808,0.001664,0.00019635
10,15,0.470523,0.000124,13.9445,0.091373,0.122344,0.112151,0.017530,0.001658,0.00019635
10,16,0.490088,0.000107,29.1080,0.090856,0.124779,0.258919,0.008405,0.002007,0.00019635
10,17,0.438177,0.000091,29.4638,0.090801,0.124546,0.272202,0.004172,0.002263,0.00019635
10,18,0.365530,0.000096,10.8148,0.090066,0.122231,0.098042,0.013128,0.001916,0.00019635
10,19,0.417597,0.000098,20.8491,0.092693,0.124116,0.166445,0.012949,0.001238,0.00019635
10,20,0.371585,0.000098,10.8478,0.091501,0.123685,0.086291,0.013806,0.001373,0.00019635
10,21,0.403470,0.000095,18.0424,0.092301,0.121159,0.190877,0.006327,0.001445,0.00019635
10,22,0.380509,0.000098,12.2196,0.091682,0.121372,0.131113,0.010995,0.001383,0.00019635
10,23,0.380149,0.000089,18.5956,0.091990,0.119763,0.137658,0.008723,0.001560,0.00019635
10,24,0.388579,0.000102,12.4502,0.091245,0.117935,0.101440,0.010801,0.001997,0.00019635
10,25,0.396419,0.000088,22.5379,0.093053,0.117568,0.185689,0.006930,0.001386,0.00019635
10,26,0.427461,0.000099,19.5446,0.092879,0.117063,0.194688,0.020054,0.001121,0.00019635
10,27,0.312547,0.000075,13.5498,0.092087,0.114525,0.132504,0.009083,0.001561,0.00019635
10,28,0.480564,0.000086,38.1887,0.093742,0.113276,0.319824,0.017782,0.001900,0.00019635
10,29,0.567204,0.000118,35.4422,0.094307,0.113693,0.290652,0.018510,0.002484,0.00019635
10,30,0.338158,0.000082,14.3888,0.093848,0.113672,0.124741,0.015095,0.002077,0.00019635
10,31,0.363415,0.000078,22.4671,0.095938,0.112287,0.196152,0.007005,0.001137,0.00019635
10,32,0.322699,0.000077,13.9532,0.095974,0.111380,0.133129,0.011660,0.001342,0.00019635
10,33,0.375137,0.000085,19.2016,0.097017,0.110736,0.178709,0.015773,0.001100,0.00019635
10,34,0.340307,0.000069,24.6643,0.096380,0.110835,0.183703,0.002798,0.001122,0.00019635
10,35,0.418999,0.000111,10.4409,0.095228,0.111720,0.083104,0.032828,0.001618,0.00019635
10,36,0.544702,0.000116,35.1579,0.095092,0.110129,0.308034,0.017902,0.001949,0.00019635
10,37,0.493065,0.000116,22.7078,0.095338,0.110843,0.223351,0.013378,0.001899,0.00019635
10,38,0.395090,0.000102,13.5895,0.095170,0.111452,0.120859,0.006688,0.001574,0.00019635
10,39,0.413062,0.000101,17.1640,0.095732,0.111343,0.138394,0.010912,0.001477,0.00019635
10,40,0.383338,0.000101,11.6508,0.095348,0.110963,0.107458,0.011908,0.001476,0.00019635
10,41,0.467264,0.000107,23.4511,0.096547,0.110164,0.195202,0.012775,0.001928,0.00019635
10,42,0.416124,0.000105,15.2531,0.096313,0.110125,0.156221,0.004288,0.001702,0.00019635
10,43,0.454161,0.000117,13.7230,0.096439,0.110474,0.132532,0.024557,0.000608,0.00019635
10,44,0.415035,0.000096,19.4418,0.096124,0.109721,0.147240,0.024764,0.000893,0.00019635
10,45,0.297803,0.000073,12.1955,0.095768,0.109246,0.116069,0.007615,0.000806,0.00019635
10,46,0.341942,0.000083,15.0187,0.095893,0.108786,0.132679,0.005717,0.001078,0.00019635
10,47,0.321111,0.000085,8.9515,0.095048,0.107439,0.101717,0.010054,0.000951,0.00019635
10,48,0.480596,0.000112,24.5102,0.094883,0.106750,0.185611,0.010801,0.000637,0.00019635
10,49,0.422124,0.000110,12.1761,0.094486,0.106509,0.092836,0.024765,0.001756,0.00019635
10,50,0.370784,0.000083,19.8764,0.093755,0.106025,0.196023,0.007615,0.001578,0.00019635
10,51,0.323035,0.000072,17.7347,0.094254,0.105408,0.153733,0.011041,0.000524,0.00019635
10,52,0.410962,0.000111,9.4314,0.093551,0.104939,0.087199,0.024382,0.001618,0.00019635
10,53,0.533435,0.000136,19.3448,0.093153,0.104710,0.146812,0.011273,0.004118,0.00019635
10,54,0.616236,0.000167,14.1759,0.093186,0.104758,0.122121,0.034046,0.002443,0.00019635
10,55,0.539311,0.000135,20.3522,0.094087,0.105296,0.181294,0.017464,0.001977,0.00019635
10,56,0.453132,0.000119,11.8919,0.093924,0.105497,0.108046,0.030293,0.002904,0.00019635
10,57,0.448012,0.000102,24.6602,0.095396,0.105362,0.200998,0.012561,0.002294,0.00019635
10,58,0.464670,0.000118,16.7420,0.095761,0.105070,0.134985,0.012787,0.003281,0.00019635
10,59,0.451075,0.000113,16.8680,0.095967,0.105057,0.147931,0.013715,0.002414,0.00019635
10,60,0.334897,0.000087,9.7428,0.095439,0.105481,0.110757,0.018821,0.001023,0.00019635
10,61,0.360353,0.000076,23.1304,0.095161,0.104979,0.163626,0.008723,0.000631,0.00019635
10,62,0.284450,0.000072,8.8427,0.094604,0.104866,0.091216,0.022618,0.000757,0.00019635
10,63,0.375368,0.000069,28.1879,0.095983,0.104473,0.242185,0.013377,0.000815,0.00019635
10,64,0.448353,0.000119,13.1459,0.095982,0.104507,0.114416,0.014279,0.002044,0.00019635
10,65,0.482243,0.000101,27.0282,0.097010,0.103886,0.260998,0.035267,0.001272,0.00019635
10,66,0.373680,0.000094,13.1549,0.097055,0.103288,0.124987,0.020796,0.001691,0.00019635
10,67,0.419921,0.000085,25.6442,0.097529,0.102626,0.208547,0.034640,0.000882,0.00019635
10,68,0.274724,0.000069,10.7287,0.097120,0.102644,0.088042,0.006919,0.000707,0.00019635
10,69,0.498516,0.000100,33.6485,0.097797,0.102093,0.314583,0.018753,0.001168,0.00019635
10,70,0.401933,0.000091,20.9676,0.098219,0.101406,0.203171,0.017284,0.001002,0.00019635
10,71,0.389756,0.000074,29.5764,0.098369,0.101077,0.247132,0.003570,0.001023,0.00019635
10,72,0.392917,0.000099,15.0698,0.097991,0.101185,0.122335,0.007005,0.000559,0.00019635
10,73,0.486833,0.000101,30.2663,0.098327,0.101828,0.295660,0.008044,0.000432,0.00019635
10,74,0.366600,0.000083,18.9660,0.098208,0.102176,0.192366,0.004859,0.001055,0.00019635
10,75,0.474459,0.000106,24.6653,0.098990,0.102652,0.212773,0.013808,0.001630,0.00019635
10,76,0.302656,0.000073,13.7647,0.098486,0.102708,0.098599,0.008431,0.000911,0.00019635
10,77,0.601915,0.000149,22.3368,0.098707,0.102903,0.206566,0.031925,0.001171,0.00019635
10,78,0.496049,0.000121,19.4289,0.098589,0.102676,0.193915,0.027272,0.001408,0.00019635
10,79,0.561699,0.000136,24.4510,0.099146,0.102801,0.207684,0.012767,0.001089,0.00019635
10,80,0.598748,0.000160,15.8899,0.098992,0.102828,0.127879,0.026607,0.001305,0.00019635
10,81,0.501983,0.000105,30.7304,0.099823,0.102535,0.298091,0.010191,0.001359,0.00019635
10,82,0.398399,0.000085,23.7200,0.100311,0.102058,0.225020,0.008841,0.000886,0.00019635
10,83,0.361173,0.000082,19.5110,0.100362,0.101862,0.152047,0.005039,0.000833,0.00019635
10,84,0.324890,0.000086,10.0434,0.099840,0.101867,0.074634,0.010303,0.000878,0.00019635
10,85,0.449956,0.000085,32.4766,0.100491,0.101899,0.308441,0.011618,0.001078,0.00019635
10,86,0.562166,0.000136,24.5192,0.100456,0.101644,0.233318,0.021578,0.001519,0.00019635
10,87,0.495696,0.000126,17.9145,0.100459,0.101142,0.166190,0.016134,0.000917,0.00019635
10,88,0.438297,0.000093,26.3274,0.100323,0.101208,0.196899,0.023586,0.001883,0.00019635
10,89,0.377417,0.000099,11.4972,0.100075,0.101174,0.089819,0.016924,0.001553,0.00019635
10,90,0.375339,0.000089,16.2683,0.100105,0.101283,0.170091,0.013918,0.000837,0.00019635
10,91,0.359657,0.000094,10.9028,0.099887,0.101252,0.098689,0.013849,0.001440,0.00019635
10,92,0.463996,0.000107,21.9223,0.100589,0.101129,0.198241,0.024017,0.001120,0.00019635
10,93,0.346313,0.000083,14.5122,0.100426,0.101129,0.108175,0.019980,0.001524,0.00019635
10,94,0.347760,0.000073,21.0273,0.100541,0.101383,0.216034,0.004000,0.000699,0.00019635
10,95,0.281931,0.000067,12.9032,0.100470,0.100833,0.106925,0.008044,0.000599,0.00019635
10,96,0.434925,0.000102,20.3139,0.100591,0.101260,0.197395,0.009873,0.001144,0.00019635
10,97,0.419666,0.000110,13.2181,0.100265,0.100956,0.096558,0.011771,0.000756,0.00019635
10,98,0.308111,0.000073,14.6130,0.100292,0.100967,0.132573,0.007005,0.000625,0.00019635
10,99,0.349992,0.000082,16.8026,0.099976,0.100873,0.162716,0.007005,0.000657,0.00019635
10,100,0.263889,0.000062,12.3188,0.099513,0.100919,0.104121,0.007864,0.000520,0.00019635
10,101,0.386296,0.000092,16.8666,0.099752,0.100282,0.163114,0.012948,0.000597,0.00019635
10,102,0.261411,0.000064,11.5004,0.099320,0.100174,0.082638,0.005546,0.000422,0.00019635
10,103,0.373511,0.000091,14.6859,0.098983,0.099821,0.151613,0.019543,0.000500,0.00019635
10,104,0.434208,0.000119,9.6939,0.098729,0.099913,0.091810,0.015816,0.001267,0.00019635
10,105,0.452395,0.000094,25.4474,0.099109,0.100248,0.209267,0.037550,0.002160,0.00019635
10,106,0.355026,0.000088,14.1456,0.099079,0.099612,0.111058,0.006078,0.001863,0.00019635
10,107,0.322584,0.000077,13.6070,0.098942,0.099440,0.138018,0.013987,0.000916,0.00019635
10,108,0.404918,0.000112,8.4063,0.098565,0.099262,0.090156,0.015927,0.001469,0.00019635
10,109,0.354128,0.000074,24.2410,0.098329,0.099180,0.174074,0.008723,0.001314,0.00019635
10,110,0.476337,0.000130,11.9036,0.098088,0.099099,0.094494,0.016222,0.000982,0.00019635
10,111,0.320354,0.000082,9.3824,0.097692,0.098858,0.108173,0.023253,0.000555,0.00019635
10,112,0.313478,0.000075,13.0149,0.097579,0.098649,0.118732,0.016743,0.001051,0.00019635
10,113,0.321944,0.000072,17.3078,0.097681,0.098530,0.169844,0.007435,0.000967,0.00019635
10,114,0.285916,0.000062,17.5850,0.097341,0.098528,0.115832,0.007864,0.000571,0.00019635
10,115,0.261374,0.000061,12.0754,0.097046,0.098733,0.140251,0.007435,0.000444,0.00019635
10,116,0.347009,0.000095,8.2972,0.096660,0.099232,0.065310,0.009582,0.001051,0.00019635
10,117,0.475218,0.000105,26.0797,0.096746,0.099400,0.261253,0.007795,0.001726,0.00019635
10,118,0.407200,0.000097,17.8754,0.096541,0.099597,0.195323,0.010981,0.001973,0.00019635
10,119,0.363607,0.000066,28.5978,0.096661,0.099682,0.241708,0.007496,0.000651,0.00019635
10,120,0.369235,0.000085,18.9092,0.096697,0.099476,0.144828,0.015026,0.001005,0.00019635
10,121,0.344747,0.000077,16.9039,0.096414,0.099319,0.175454,0.025622,0.001138,0.00019635
10,122,0.448049,0.000101,20.8443,0.096753,0.099661,0.176535,0.042630,0.001045,0.00019635
10,123,0.295767,0.000075,10.0210,0.096476,0.099413,0.104889,0.011591,0.000737,0.00019635
10,124,0.356744,0.000067,26.4119,0.096534,0.099206,0.205997,0.017173,0.000764,0.00019635
10,125,0.286613,0.000068,12.4750,0.096270,0.099284,0.092106,0.014098,0.000952,0.00019635
10,126,0.284611,0.000065,14.3062,0.095980,0.099426,0.151303,0.012089,0.000581,0.00019635
10,127,0.328611,0.000075,17.2119,0.096118,0.099626,0.146660,0.006180,0.000762,0.00019635
10,128,0.342771,0.000084,15.1908,0.095938,0.099392,0.105584,0.007435,0.000501,0.00019635
10,129,0.431988,0.000092,27.3094,0.095846,0.099345,0.251831,0.005295,0.000839,0.00019635
10,130,0.343838,0.000069,21.4875,0.095828,0.099478,0.222548,0.015816,0.000698,0.00019635
10,131,0.341648,0.000074,20.0111,0.095882,0.099425,0.158467,0.009332,0.001352,0.00019635
10,132,0.355347,0.000084,16.6157,0.096012,0.099839,0.157733,0.007186,0.000776,0.00019635
10,133,0.355716,0.000089,14.4314,0.095703,0.099967,0.104347,0.006147,0.000630,0.00019635
10,134,0.263076,0.000061,12.5999,0.095590,0.099847,0.122043,0.006078,0.000633,0.00019635
10,135,0.477749,0.000117,18.6827,0.095832,0.099702,0.170464,0.026172,0.000667,0.00019635
10,136,0.433294,0.000116,11.3393,0.095642,0.099893,0.101923,0.020439,0.000596,0.00019635
10,137,0.365811,0.000072,27.4671,0.096240,0.100003,0.231320,0.011230,0.001280,0.00019635
10,138,0.351056,0.000067,26.1929,0.096537,0.100082,0.206006,0.009264,0.000522,0.00019635
10,139,0.264048,0.000067,9.9635,0.096196,0.099935,0.075609,0.007615,0.000828,0.00019635
10,140,0.456167,0.000088,31.7834,0.096305,0.100261,0.311021,0.015213,0.001828,0.00019635
10,141,0.371994,0.000070,27.0706,0.096377,0.100484,0.269186,0.008225,0.001971,0.00019635
10,142,0.279812,0.000063,14.5337,0.096166,0.100685,0.126128,0.008474,0.000557,0.00019635
10,143,0.388809,0.000082,23.8519,0.096521,0.100979,0.215076,0.017173,0.001500,0.00019635
10,144,0.360419,0.000079,20.7565,0.096541,0.101101,0.160073,0.005651,0.000696,0.00019635
10,145,0.323608,0.000087,9.3884,0.096308,0.100862,0.071871,0.009873,0.000318,0.00019635
10,146,0.431772,0.000080,35.2805,0.096343,0.100753,0.307918,0.016134,0.000453,0.00019635
10,147,0.427039,0.000097,21.3153,0.096453,0.100759,0.213983,0.015069,0.001024,0.00019635
10,148,0.267147,0.000057,16.0521,0.096440,0.100794,0.138921,0.010011,0.000457,0.00019635
10,149,0.319827,0.000073,16.9328,0.096700,0.101063,0.144419,0.006756,0.000653,0.00019635
10,150,0.349796,0.000094,9.8869,0.096409,0.101201,0.070791,0.009083,0.000534,0.00019635
10,151,0.308348,0.000065,18.7865,0.096203,0.101238,0.187554,0.009693,0.000897,0.00019635
10,152,0.354860,0.000091,11.7164,0.096011,0.101536,0.121830,0.012879,0.000527,0.00019635
10,153,0.383653,0.000073,30.0747,0.095893,0.101612,0.227951,0.006122,0.000417,0.00019635
10,154,0.414254,0.000095,22.0619,0.095835,0.101785,0.156453,0.015386,0.002370,0.00019635
10,155,0.400715,0.000098,14.8685,0.095717,0.101622,0.157413,0.021038,0.002963,0.00019635
10,156,0.400878,0.000102,13.4957,0.095739,0.101574,0.122372,0.016176,0.002835,0.00019635
10,157,0.398676,0.000099,14.5076,0.095756,0.102016,0.134388,0.020589,0.002573,0.00019635
10,158,0.319695,0.000075,15.8793,0.095789,0.102418,0.121097,0.009332,0.002081,0.00019635
10,159,0.308368,0.000070,15.1624,0.095744,0.102299,0.149046,0.009085,0.001484,0.00019635
10,160,0.311349,0.000072,14.9675,0.095787,0.102364,0.124942,0.012201,0.001119,0.00019635
10,161,0.324640,0.000076,15.2046,0.095659,0.102195,0.148614,0.008822,0.001215,0.00019635
10,162,0.357177,0.000076,21.4229,0.095468,0.102067,0.177589,0.010372,0.000677,0.00019635
10,163,0.359724,0.000084,16.2915,0.095344,0.101821,0.163972,0.017173,0.000973,0.00019635
10,164,0.373618,0.000093,14.7961,0.095331,0.101634,0.112186,0.011660,0.000953,0.00019635
10,165,0.378775,0.000094,14.4091,0.095281,0.101419,0.137408,0.012269,0.001051,0.00019635
10,166,0.362952,0.000089,15.0299,0.095265,0.101428,0.121888,0.004859,0.001815,0.00019635
10,167,0.420891,0.000114,10.3817,0.095136,0.101411,0.100890,0.010801,0.002121,0.00019635
10,168,0.334687,0.000086,11.9266,0.095008,0.101331,0.098167,0.006327,0.001485,0.00019635
10,169,0.374759,0.000095,12.6149,0.094845,0.101293,0.130179,0.012767,0.002084,0.00019635
10,170,0.253059,0.000059,12.1804,0.094670,0.101415,0.089520,0.010244,0.000944,0.00019635
10,171,0.374192,0.000096,10.5299,0.094496,0.101349,0.115353,0.028714,0.001070,0.00019635
10,172,0.322608,0.000082,11.8297,0.094394,0.101259,0.103231,0.007435,0.000469,0.00019635
10,173,0.303017,0.000075,12.1881,0.094331,0.101105,0.109904,0.007615,0.000557,0.00019635
10,174,0.290593,0.000076,9.2829,0.094186,0.101144,0.098512,0.003072,0.000831,0.00019635
10,175,0.336761,0.000085,13.1152,0.094072,0.101191,0.108658,0.006327,0.001109,0.00019635
10,176,0.333464,0.000083,13.1508,0.093926,0.100966,0.108743,0.009152,0.000585,0.00019635
10,177,0.312334,0.000067,18.1380,0.093832,0.100993,0.186993,0.005898,0.000559,0.00019635
10,178,0.260936,0.000067,9.0673,0.093667,0.100968,0.107298,0.002480,0.000283,0.00019635
10,179,0.315217,0.000072,16.6155,0.093502,0.101115,0.127724,0.006937,0.000982,0.00019635
10,180,0.368631,0.000101,8.7538,0.093277,0.101082,0.071317,0.015351,0.001114,0.00019635
10,181,0.441584,0.000097,23.8383,0.093588,0.101235,0.228463,0.012588,0.001195,0.00019635
10,182,0.479836,0.000112,21.9958,0.093657,0.101360,0.218141,0.013607,0.001119,0.00019635
10,183,0.269299,0.000064,12.0345,0.093652,0.101483,0.100738,0.010122,0.000796,0.00019635
10,184,0.321432,0.000083,10.7930,0.093559,0.101457,0.094860,0.009083,0.000945,0.00019635
10,185,0.385002,0.000080,23.8259,0.093539,0.101507,0.226502,0.010801,0.001034,0.00019635
10,186,0.273400,0.000068,10.5666,0.093391,0.101684,0.100594,0.006327,0.000538,0.00019635
10,187,0.449474,0.000066,46.0937,0.093670,0.101978,0.389533,0.005546,0.000516,0.00019635
10,188,0.453519,0.000083,38.5486,0.093628,0.101656,0.292481,0.010912,0.001019,0.00019635
10,189,0.324144,0.000067,20.3455,0.093797,0.101626,0.198490,0.010372,0.000529,0.00019635
10,190,0.311823,0.000078,12.1316,0.093623,0.101682,0.083682,0.011230,0.000689,0.00019635
10,191,0.327859,0.000077,15.2607,0.093626,0.101861,0.158791,0.006147,0.000680,0.00019635
10,192,0.330953,0.000088,9.2954,0.093470,0.101747,0.098993,0.007005,0.001327,0.00019635
10,193,0.326181,0.000062,25.2261,0.093341,0.101793,0.185474,0.009582,0.000894,0.00019635
10,194,0.332701,0.000078,17.2195,0.093208,0.101576,0.128878,0.003570,0.001151,0.00019635
10,195,0.348701,0.000075,20.8478,0.093204,0.101425,0.209091,0.001424,0.000457,0.00019635
10,196,0.329198,0.000079,14.5596,0.093187,0.101313,0.145889,0.005219,0.000890,0.00019635
10,197,0.287284,0.000074,10.0663,0.092987,0.101259,0.074211,0.009513,0.000656,0.00019635
10,198,0.392576,0.000082,23.9603,0.093052,0.101062,0.245977,0.008044,0.000633,0.00019635
10,199,0.345662,0.000094,8.1694,0.092842,0.101051,0.091276,0.012450,0.001423,0.00019635
10,200,0.408960,0.000073,34.6506,0.093082,0.101071,0.272997,0.006576,0.000825,0.00019635
10,201,0.357551,0.000068,28.6566,0.093081,0.101006,0.200555,0.018392,0.000705,0.00019635
10,202,0.301628,0.000060,21.0870,0.093163,0.101002,0.202349,0.008793,0.000463,0.00019635
10,203,0.334005,0.000089,9.3880,0.093044,0.101206,0.097528,0.008903,0.000708,0.00019635
10,204,0.334765,0.000068,25.5128,0.092973,0.101014,0.175320,0.001424,0.001356,0.00019635
10,205,0.443788,0.000109,15.9397,0.093067,0.100947,0.124750,0.039498,0.001057,0.00019635
10,206,0.384856,0.000080,24.8070,0.093072,0.100965,0.226629,0.018684,0.001704,0.00019635
10,207,0.327423,0.000072,16.0331,0.093049,0.100919,0.165851,0.023365,0.001857,0.00019635
10,208,0.326403,0.000071,17.6696,0.092972,0.100930,0.123619,0.030957,0.001184,0.00019635
10,209,0.320440,0.000070,19.1135,0.093149,0.100933,0.172257,0.012020,0.000769,0.00019635
10,210,0.236703,0.000061,8.5699,0.092967,0.100756,0.073221,0.003570,0.000862,0.00019635
10,211,0.472641,0.000121,16.0628,0.093064,0.100793,0.152637,0.014348,0.002218,0.00019635
10,212,0.392875,0.000089,19.7224,0.093142,0.100865,0.192359,0.011380,0.001963,0.00019635
10,213,0.321071,0.000077,14.5276,0.093041,0.101093,0.114641,0.006438,0.000970,0.00019635
10,214,0.356726,0.000085,15.3111,0.092924,0.100918,0.142453,0.013128,0.001337,0.00019635
10,215,0.346536,0.000071,22.6680,0.093053,0.100814,0.187125,0.009152,0.001360,0.00019635
10,216,0.272699,0.000070,8.9540,0.092842,0.101010,0.088067,0.009152,0.000444,0.00019635
10,217,0.474984,0.000112,23.1647,0.092834,0.101090,0.174466,0.018933,0.000902,0.00019635
10,218,0.494130,0.000132,13.7515,0.092794,0.101108,0.105496,0.016176,0.001587,0.00019635
10,219,0.351638,0.000075,18.2883,0.092682,0.100950,0.197214,0.025983,0.001044,0.00019635
10,220,0.255859,0.000060,11.7979,0.092546,0.101204,0.107786,0.006147,0.000821,0.00019635
10,221,0.379391,0.000071,27.4444,0.092718,0.101208,0.268564,0.005546,0.001015,0.00019635
10,222,0.413469,0.000110,11.1732,0.092626,0.101016,0.091095,0.021647,0.001398,0.00019635
10,223,0.388762,0.000083,22.0768,0.092703,0.100992,0.227796,0.016606,0.000975,0.00019635
10,224,0.449586,0.000108,18.5313,0.092864,0.101054,0.163249,0.021467,0.002353,0.00019635
10,225,0.318364,0.000066,18.3787,0.093013,0.101057,0.183498,0.026260,0.000538,0.00019635
10,226,0.370417,0.000094,14.4884,0.092900,0.101099,0.098638,0.008044,0.001210,0.00019635
10,227,0.357228,0.000095,9.4285,0.092748,0.100948,0.105712,0.013059,0.000580,0.00019635
10,228,0.336397,0.000082,14.9121,0.092602,0.101048,0.099734,0.006937,0.001062,0.00019635
10,229,0.440514,0.000116,13.1350,0.092550,0.101110,0.135057,0.008737,0.000638,0.00019635
10,230,0.280664,0.000069,11.4511,0.092431,0.101281,0.092264,0.006576,0.000823,0.00019635
10,231,0.328884,0.000072,17.6301,0.092520,0.101229,0.169489,0.014528,0.001147,0.00019635
10,232,0.297309,0.000075,10.6049,0.092422,0.101107,0.099742,0.008044,0.000705,0.00019635
10,233,0.261115,0.000066,9.8979,0.092328,0.101052,0.089479,0.005898,0.001151,0.00019635
10,234,0.325986,0.000074,17.6134,0.092276,0.100921,0.134074,0.005288,0.001137,0.00019635
10,235,0.245970,0.000060,10.2814,0.092148,0.100874,0.105549,0.006507,0.000425,0.00019635
10,236,0.492763,0.000119,20.2676,0.092390,0.101040,0.179685,0.023338,0.000788,0.00019635
10,237,0.352038,0.000088,13.3179,0.092240,0.101033,0.099734,0.011771,0.001329,0.00019635
10,238,0.414200,0.000054,44.7997,0.092635,0.100994,0.428387,0.001424,0.000411,0.00019635
10,239,0.394949,0.000076,27.3482,0.092823,0.101033,0.263668,0.014125,0.000917,0.00019635
10,240,0.405706,0.000098,17.4060,0.092844,0.101142,0.126887,0.017360,0.001195,0.00019635
10,241,0.272709,0.000068,10.5781,0.092700,0.101147,0.088808,0.005898,0.000878,0.00019635
10,242,0.463876,0.000095,29.0252,0.092839,0.101283,0.287556,0.022145,0.003455,0.00019635
10,243,0.397240,0.000087,20.5966,0.093001,0.101369,0.201243,0.020899,0.003339,0.00019635
10,244,0.421920,0.000083,30.1227,0.093261,0.101197,0.236270,0.010303,0.001364,0.00019635
10,245,0.424397,0.000092,25.1219,0.093656,0.101149,0.229315,0.006756,0.002114,0.00019635
10,246,0.361558,0.000085,17.3165,0.093612,0.101087,0.150065,0.005123,0.001999,0.00019635
10,247,0.379958,0.000077,26.1821,0.093659,0.101116,0.255983,0.004859,0.001389,0.00019635
10,248,0.352917,0.000087,13.9719,0.093559,0.101315,0.111821,0.017284,0.000983,0.00019635
10,249,0.360379,0.000072,24.0960,0.093636,0.101239,0.241477,0.006147,0.000447,0.00019635
10,250,0.320202,0.000081,11.8010,0.093486,0.101164,0.126686,0.004859,0.000890,0.00019635
10,251,0.410087,0.000067,36.7178,0.093751,0.101086,0.313050,0.006147,0.000760,0.00019635
10,252,0.340045,0.000062,28.0967,0.093731,0.101037,0.220182,0.005468,0.000404,0.00019635
10,253,0.471778,0.000111,21.3662,0.093839,0.100980,0.206505,0.017852,0.001209,0.00019635
10,254,0.323724,0.000085,9.4323,0.093710,0.101007,0.098912,0.007864,0.001202,0.00019635
10,255,0.471002,0.000093,32.8022,0.094025,0.100879,0.278142,0.008073,0.000413,0.00019635
10,256,0.360460,0.000071,22.7072,0.094065,0.100846,0.187338,0.033145,0.001272,0.00019635
10,257,0.348392,0.000078,18.2098,0.094085,0.100896,0.179835,0.009762,0.000947,0.00019635
10,258,0.283623,0.000075,8.4773,0.093962,0.100789,0.081330,0.007864,0.000596,0.00019635
10,259,0.526220,0.000117,28.2170,0.094255,0.100753,0.241861,0.013626,0.002255,0.00019635
10,260,0.381271,0.000083,21.9260,0.094349,0.100686,0.183860,0.004180,0.001080,0.00019635
10,261,0.482897,0.000112,22.5521,0.094404,0.100606,0.219514,0.012089,0.001093,0.00019635
10,262,0.298973,0.000077,10.3707,0.094288,0.100557,0.098555,0.002712,0.001311,0.00019635
10,263,0.358302,0.000059,31.6995,0.094513,0.100369,0.272756,0.005123,0.000485,0.00019635
10,264,0.319510,0.000060,23.2172,0.094579,0.100308,0.182303,0.014665,0.000556,0.00019635
10,265,0.351092,0.000080,17.6433,0.094532,0.100422,0.188101,0.004429,0.000879,0.00019635
10,266,0.299092,0.000072,12.1963,0.094389,0.100570,0.135455,0.010981,0.000554,0.00019635
10,267,0.496776,0.000098,33.4261,0.094523,0.100549,0.271270,0.028464,0.001211,0.00019635
10,268,0.356755,0.000082,19.0269,0.094405,0.100455,0.136167,0.003751,0.001009,0.00019635
10,269,0.390102,0.000086,20.9761,0.094540,0.100511,0.210128,0.012089,0.000532,0.00019635
10,270,0.296129,0.000079,8.7892,0.094416,0.100555,0.085401,0.003141,0.000579,0.00019635
10,271,0.360295,0.000070,27.1006,0.094738,0.100531,0.217453,0.006576,0.000542,0.00019635
10,272,0.313559,0.000067,19.0459,0.094822,0.100420,0.184814,0.005546,0.000694,0.00019635
10,273,0.444971,0.000113,14.3553,0.094777,0.100435,0.106573,0.033733,0.001692,0.00019635
10,274,0.350407,0.000070,22.9427,0.094718,0.100532,0.227337,0.021758,0.001441,0.00019635
10,275,0.387847,0.000091,18.5603,0.094779,0.100374,0.148981,0.003570,0.001177,0.00019635
10,276,0.269477,0.000069,9.3137,0.094639,0.100296,0.070576,0.012518,0.000520,0.00019635
10,277,0.323754,0.000075,14.6495,0.094550,0.100183,0.161558,0.018641,0.000502,0.00019635
10,278,0.383126,0.000099,11.4151,0.094461,0.100256,0.115683,0.020789,0.001077,0.00019635
10,279,0.413252,0.000085,27.9651,0.094718,0.100320,0.219898,0.005717,0.000774,0.00019635
10,280,0.737928,0.000190,22.7739,0.094782,0.100272,0.197208,0.045718,0.001816,0.00019635
10,281,0.295246,0.000064,16.9980,0.094866,0.100125,0.131637,0.012089,0.000630,0.00019635
10,282,0.363176,0.000091,12.4270,0.094770,0.099969,0.128067,0.019319,0.001138,0.00019635
10,283,0.288435,0.000070,12.7336,0.094646,0.099933,0.095716,0.005288,0.000731,0.00019635
10,284,0.346510,0.000080,16.6628,0.094752,0.099871,0.157718,0.011840,0.000585,0.00019635
10,285,0.313357,0.000079,11.8844,0.094623,0.099983,0.091410,0.007005,0.000889,0.00019635
10,286,0.333813,0.000067,21.8517,0.094522,0.099869,0.214384,0.012338,0.000723,0.00019635
10,287,0.377312,0.000096,13.4871,0.094557,0.099871,0.143666,0.005288,0.001481,0.00019635
10,288,0.292139,0.000076,9.9778,0.094421,0.099883,0.066981,0.004859,0.001028,0.00019635
10,289,0.299701,0.000062,18.8410,0.094326,0.099855,0.191541,0.002798,0.000955,0.00019635
10,290,0.424834,0.000106,16.5483,0.094379,0.099966,0.138024,0.009693,0.000641,0.00019635
10,291,0.287275,0.000075,8.9048,0.094271,0.099893,0.088047,0.009582,0.001334,0.00019635
10,292,0.375568,0.000089,17.8550,0.094278,0.099865,0.133514,0.007435,0.002760,0.00019635
10,293,0.350817,0.000084,15.7232,0.094227,0.099849,0.132365,0.011230,0.003790,0.00019635
10,294,0.348842,0.000084,15.2271,0.094268,0.099842,0.151225,0.004859,0.000893,0.00019635
10,295,0.418802,0.000110,12.6644,0.094207,0.099998,0.097026,0.012381,0.002323,0.00019635
10,296,0.411175,0.000100,17.2107,0.094174,0.100048,0.174537,0.008225,0.001385,0.00019635
10,297,0.382329,0.000089,18.4680,0.094189,0.100218,0.171098,0.009879,0.001712,0.00019635
10,298,0.273367,0.000065,12.4099,0.094069,0.100115,0.109475,0.003141,0.001006,0.00019635
10,299,0.445452,0.000079,35.4246,0.094226,0.099951,0.338549,0.004859,0.000561,0.00019635
10,300,0.284245,0.000063,15.4551,0.094139,0.099874,0.153959,0.005288,0.000545,0.00019635
10,301,0.370338,0.000067,29.0662,0.094321,0.099925,0.247992,0.004609,0.000648,0.00019635
10,302,0.327865,0.000071,19.3460,0.094314,0.099925,0.153376,0.004180,0.000685,0.00019635
10,303,0.321943,0.000069,18.9573,0.094377,0.099955,0.184946,0.005468,0.000764,0.00019635
10,304,0.295794,0.000076,9.4150,0.094241,0.100033,0.102519,0.009444,0.000799,0.00019635
10,305,0.446413,0.000086,32.8021,0.094486,0.100050,0.272589,0.007795,0.000994,0.00019635
10,306,0.491094,0.000121,21.9620,0.094561,0.099939,0.158085,0.009667,0.000884,0.00019635
10,307,0.416430,0.000104,15.9671,0.094522,0.100048,0.160954,0.006756,0.001094,0.00019635
10,308,0.472892,0.000128,10.7637,0.094477,0.100377,0.098353,0.026096,0.000863,0.00019635
10,309,0.358811,0.000082,18.8933,0.094610,0.100351,0.172108,0.006576,0.000883,0.00019635
10,310,0.292457,0.000067,15.2765,0.094491,0.100315,0.105577,0.011230,0.000684,0.00019635
10,311,0.269285,0.000066,9.9938,0.094417,0.100321,0.101339,0.013308,0.000908,0.00019635
10,312,0.319145,0.000081,10.6093,0.094346,0.100256,0.104076,0.013600,0.000962,0.00019635
10,313,0.277705,0.000059,16.9388,0.094346,0.100264,0.136692,0.004000,0.000908,0.00019635
10,314,0.276031,0.000075,7.1885,0.094201,0.100141,0.062676,0.006708,0.000689,0.00019635
10,315,0.526140,0.000130,16.7166,0.094179,0.100276,0.172813,0.055922,0.001827,0.00019635
10,316,0.504545,0.000137,12.5394,0.094133,0.100257,0.113812,0.015386,0.001710,0.00019635
10,317,0.478935,0.000118,19.7219,0.094287,0.100374,0.182759,0.011479,0.001502,0.00019635
10,318,0.369372,0.000090,16.4044,0.094193,0.100464,0.116932,0.010732,0.000929,0.00019635
10,319,0.341252,0.000078,16.9315,0.094089,0.100469,0.180738,0.008903,0.001208,0.00019635
10,320,0.408345,0.000111,10.4833,0.093996,0.100447,0.082775,0.010912,0.001326,0.00019635
10,321,0.347174,0.000080,17.4901,0.093889,0.100424,0.173233,0.006756,0.001016,0.00019635
10,322,0.382703,0.000092,17.0817,0.093907,0.100429,0.138871,0.011161,0.000571,0.00019635
10,323,0.268513,0.000066,11.0314,0.093883,0.100529,0.105305,0.006919,0.000316,0.00019635
10,324,0.486779,0.000125,15.7331,0.093893,0.100553,0.131523,0.020296,0.001966,0.00019635
10,325,0.448165,0.000121,11.1191,0.093810,0.100358,0.107450,0.015927,0.001746,0.00019635
10,326,0.411495,0.000105,14.3244,0.093800,0.100441,0.117907,0.013059,0.001860,0.00019635
10,327,0.504105,0.000139,10.9246,0.093733,0.100523,0.100533,0.017771,0.001875,0.00019635
10,328,0.439022,0.000117,11.9041,0.093704,0.100894,0.106255,0.017364,0.001730,0.00019635
10,329,0.410503,0.000113,9.5904,0.093634,0.100912,0.090888,0.009703,0.001722,0.00019635
10,330,0.441150,0.000112,15.8137,0.093629,0.100996,0.126396,0.012004,0.002097,0.00019635
10,331,0.426193,0.000117,10.1175,0.093535,0.101068,0.097923,0.009266,0.002028,0.00019635
10,332,0.482675,0.000125,15.3526,0.093512,0.101077,0.127445,0.016022,0.000808,0.00019635
10,333,0.369886,0.000096,11.3164,0.093439,0.101078,0.106581,0.012948,0.000901,0.00019635
10,334,0.664351,0.000128,48.1122,0.093690,0.101188,0.434373,0.020401,0.001873,0.00019635
10,335,0.600358,0.000120,40.3996,0.093838,0.101198,0.350091,0.035180,0.002110,0.00019635
10,336,0.439842,0.000089,29.5154,0.093986,0.101290,0.239156,0.010510,0.001156,0.00019635
10,337,0.524294,0.000126,22.8920,0.094184,0.101256,0.189718,0.017540,0.001398,0.00019635
10,338,0.491124,0.000092,38.3774,0.094163,0.101364,0.329004,0.025734,0.001642,0.00019635
10,339,0.513800,0.000127,19.8437,0.094117,0.101527,0.186910,0.028061,0.001594,0.00019635
10,340,0.362685,0.000069,24.3529,0.094244,0.101344,0.208023,0.032805,0.000808,0.00019635
10,341,0.357267,0.000091,12.6765,0.094178,0.101395,0.096953,0.012269,0.001007,0.00019635
10,342,0.525622,0.000126,21.2890,0.094224,0.101407,0.205269,0.028740,0.001479,0.00019635
10,343,0.489476,0.000132,12.2642,0.094198,0.101434,0.115935,0.024018,0.002105,0.00019635
10,344,0.463236,0.000121,14.3912,0.094135,0.101598,0.114338,0.017471,0.001659,0.00019635
10,345,0.761599,0.000215,14.7561,0.094067,0.101667,0.143836,0.012810,0.001354,0.00019635
10,346,0.421651,0.000108,13.3096,0.094047,0.101623,0.126170,0.026125,0.001587,0.00019635
10,347,0.430285,0.000113,12.6307,0.093985,0.101479,0.094404,0.017035,0.001076,0.00019635
10,348,0.405427,0.000107,12.4850,0.093899,0.101445,0.126657,0.007596,0.001252,0.00019635
10,349,0.411075,0.000103,16.7478,0.093849,0.101477,0.127939,0.007435,0.000565,0.00019635
10,350,0.357362,0.000095,11.0161,0.093813,0.101412,0.092572,0.002712,0.000677,0.00019635
10,351,0.486045,0.000132,11.8929,0.093770,0.101445,0.102763,0.017381,0.000828,0.00019635
10,352,0.406136,0.000096,17.3959,0.093761,0.101404,0.179264,0.013696,0.000955,0.00019635
10,353,0.342492,0.000088,12.3107,0.093671,0.101290,0.103830,0.006576,0.000790,0.00019635
10,354,0.382290,0.000087,18.9284,0.093682,0.101159,0.191288,0.008723,0.000595,0.00019635
10,355,0.359305,0.000099,7.8475,0.093581,0.101179,0.070240,0.011050,0.001166,0.00019635
10,356,0.316019,0.000074,16.8464,0.093641,0.101183,0.140400,0.006147,0.000406,0.00019635
10,357,0.296955,0.000073,13.4150,0.093529,0.101154,0.088157,0.001424,0.000519,0.00019635
10,358,0.480054,0.000094,32.7316,0.093515,0.101202,0.304316,0.037379,0.000506,0.00019635
10,359,0.377985,0.000087,18.4744,0.093448,0.101173,0.189819,0.009444,0.000649,0.00019635
10,360,0.300144,0.000065,18.2201,0.093373,0.101026,0.124263,0.012518,0.000508,0.00019635
10,361,0.408425,0.000104,12.8844,0.093328,0.101034,0.115734,0.030205,0.001105,0.00019635
10,362,0.918626,0.000246,23.1464,0.093475,0.101056,0.205207,0.054748,0.001533,0.00019635
10,363,0.674204,0.000182,16.4337,0.093437,0.101065,0.154333,0.032150,0.002161,0.00019635
10,364,0.649324,0.000166,22.3219,0.093575,0.101100,0.176612,0.031831,0.001875,0.00019635
10,365,0.689360,0.000179,20.9938,0.093593,0.101093,0.161884,0.038961,0.002627,0.00019635
10,366,0.445856,0.000115,14.4535,0.093573,0.101059,0.094845,0.032870,0.001330,0.00019635
10,367,0.618778,0.000124,42.1110,0.093558,0.101263,0.364835,0.051567,0.002317,0.00019635
10,368,0.389843,0.000070,31.1443,0.093567,0.101159,0.292235,0.027701,0.001013,0.00019635
10,369,0.372087,0.000092,13.9283,0.093516,0.101184,0.158636,0.012518,0.001535,0.00019635
10,370,0.384681,0.000079,26.5886,0.093474,0.101221,0.189800,0.008225,0.001277,0.00019635
10,371,0.407312,0.000098,18.4813,0.093411,0.101005,0.124793,0.008225,0.001297,0.00019635
10,372,0.287706,0.000067,14.1185,0.093314,0.100924,0.151747,0.006756,0.000780,0.00019635
10,373,0.330337,0.000084,11.1172,0.093269,0.100984,0.099838,0.017353,0.001341,0.00019635
10,374,0.266878,0.000058,15.7669,0.093314,0.100901,0.119519,0.009667,0.000396,0.00019635
10,375,0.292490,0.000074,9.6501,0.093240,0.100876,0.095930,0.018960,0.000548,0.00019635
10,376,0.440051,0.000090,29.1104,0.093501,0.100809,0.249842,0.016245,0.000553,0.00019635
10,377,0.345643,0.000082,15.9783,0.093510,0.100973,0.135249,0.008293,0.000604,0.00019635
10,378,0.420934,0.000089,24.2949,0.093629,0.101040,0.233310,0.014416,0.000836,0.00019635
10,379,0.262515,0.000061,11.8448,0.093615,0.100898,0.112514,0.011840,0.000654,0.00019635
10,380,0.352312,0.000065,26.7120,0.093787,0.100923,0.231481,0.009693,0.000789,0.00019635
10,381,0.326755,0.000079,13.7824,0.093787,0.100812,0.125265,0.008474,0.001877,0.00019635
10,382,0.357026,0.000068,25.6131,0.093889,0.100776,0.249047,0.008293,0.000673,0.00019635
10,383,0.424768,0.000104,18.0317,0.093927,0.100839,0.142376,0.014528,0.001085,0.00019635
10,384,0.347694,0.000076,19.8863,0.094037,0.100843,0.164139,0.007186,0.001047,0.00019635
10,385,0.290996,0.000067,14.3930,0.093958,0.100792,0.153505,0.007615,0.001053,0.00019635
10,386,0.246117,0.000064,8.0667,0.093862,0.100725,0.067406,0.007186,0.000999,0.00019635
10,387,0.335754,0.000088,10.1106,0.093798,0.100719,0.091864,0.007727,0.002148,0.00019635
10,388,0.454724,0.000102,23.3891,0.093842,0.100640,0.238551,0.008903,0.001838,0.00019635
10,389,0.320471,0.000082,11.1697,0.093758,0.100668,0.094888,0.006327,0.001892,0.00019635
10,390,0.350313,0.000066,27.1108,0.093949,0.100569,0.218545,0.005288,0.001805,0.00019635
10,391,0.301187,0.000064,17.5357,0.093975,0.100513,0.185880,0.004172,0.001250,0.00019635
11,1,0.474549,0.000125,13.2529,0.098190,0.094518,0.108452,0.025885,0.002125,0.00015000
11,2,0.453232,0.000120,11.7302,0.080455,0.101716,0.123378,0.022666,0.001971,0.00015000
11,3,0.444052,0.000101,23.0673,0.087560,0.098721,0.181149,0.013058,0.001701,0.00015000
11,4,0.447975,0.000122,10.6137,0.083022,0.109132,0.087032,0.016252,0.001703,0.00015000
11,5,0.469417,0.000099,28.3386,0.089392,0.111167,0.275857,0.011565,0.001355,0.00015000
11,6,0.530348,0.000135,18.6330,0.087750,0.116996,0.182586,0.019524,0.001697,0.00015000
11,7,0.415793,0.000105,14.9504,0.088609,0.114617,0.122655,0.014880,0.002461,0.00015000
11,8,0.423198,0.000109,14.8656,0.085456,0.108996,0.103993,0.013018,0.001755,0.00015000
11,9,0.396617,0.000101,12.9986,0.084918,0.111792,0.130814,0.016896,0.002124,0.00015000
11,10,0.463689,0.000124,12.3428,0.085208,0.108483,0.117466,0.017782,0.001662,0.00015000
11,11,0.370528,0.000100,9.9073,0.082540,0.113078,0.079598,0.011591,0.001669,0.00015000
11,12,0.407880,0.000107,12.9928,0.082696,0.111389,0.118959,0.008225,0.001616,0.00015000
11,13,0.435615,0.000110,15.9630,0.080975,0.108815,0.176848,0.007005,0.001615,0.00015000
11,14,0.428914,0.000116,11.3468,0.079878,0.109886,0.087374,0.009762,0.001614,0.00015000
11,15,0.472373,0.000124,14.2959,0.079017,0.111100,0.119023,0.016224,0.001832,0.00015000
11,16,0.429954,0.000106,17.0028,0.078421,0.110705,0.160247,0.008903,0.002113,0.00015000
11,17,0.341922,0.000083,14.7568,0.077690,0.113324,0.158943,0.001424,0.001768,0.00015000
11,18,0.367487,0.000095,12.2462,0.076817,0.112512,0.085650,0.011771,0.001841,0.00015000
11,19,0.371846,0.000096,12.5320,0.077271,0.112104,0.112659,0.012269,0.001212,0.00015000
11,20,0.371248,0.000098,10.9832,0.076392,0.111291,0.101382,0.012837,0.001250,0.00015000
11,21,0.392651,0.000093,17.1525,0.076657,0.110697,0.174961,0.010552,0.001739,0.00015000
11,22,0.383512,0.000106,9.0619,0.075950,0.110367,0.080857,0.007001,0.001336,0.00015000
11,23,0.354532,0.000089,13.6880,0.076619,0.108759,0.120858,0.009942,0.001550,0.00015000
11,24,0.362491,0.000099,9.3139,0.075643,0.108269,0.078797,0.007435,0.001854,0.00015000
11,25,0.463477,0.000106,25.5550,0.077971,0.106377,0.213273,0.007237,0.001889,0.00015000
11,26,0.479705,0.000110,22.5974,0.078654,0.106274,0.214945,0.023476,0.001219,0.00015000
11,27,0.393678,0.000085,22.3590,0.078483,0.104909,0.216965,0.010870,0.001170,0.00015000
11,28,0.337349,0.000070,21.2109,0.079330,0.104543,0.168288,0.014098,0.000810,0.00015000
11,29,0.464256,0.000111,21.2887,0.079816,0.105920,0.161462,0.016176,0.002043,0.00015000
11,30,0.327405,0.000082,11.8297,0.079762,0.105146,0.112461,0.009332,0.001741,0.00015000
11,31,0.317766,0.000067,18.7146,0.080124,0.105365,0.183933,0.012767,0.000914,0.00015000
11,32,0.298135,0.000076,9.4162,0.079612,0.104483,0.082806,0.019611,0.001261,0.00015000
11,33,0.464496,0.000095,30.3652,0.082488,0.104424,0.258981,0.006576,0.001588,0.00015000
11,34,0.388036,0.000077,27.3888,0.084690,0.105847,0.226580,0.011041,0.000778,0.00015000
11,35,0.409339,0.000107,11.8961,0.084170,0.105167,0.124298,0.013738,0.001580,0.00015000
11,36,0.393752,0.000107,9.1182,0.083576,0.105492,0.079037,0.018864,0.001744,0.00015000
11,37,0.398800,0.000109,9.7807,0.083399,0.105592,0.088993,0.008225,0.002275,0.00015000
11,38,0.426180,0.000105,16.6498,0.083373,0.105512,0.170923,0.008903,0.001995,0.00015000
11,39,0.383285,0.000100,12.8877,0.083098,0.105989,0.097614,0.007976,0.001526,0.00015000
11,40,0.391914,0.000101,12.6885,0.083174,0.104957,0.124645,0.010121,0.001466,0.00015000
11,41,0.402438,0.000103,14.1818,0.083029,0.104299,0.107116,0.010054,0.001967,0.00015000
11,42,0.386481,0.000100,12.9952,0.082551,0.105155,0.136038,0.003537,0.001894,0.00015000
11,43,0.459251,0.000118,14.9720,0.082622,0.104864,0.125783,0.015747,0.000690,0.00015000
11,44,0.390928,0.000101,11.1963,0.082688,0.105176,0.106595,0.029972,0.000725,0.00015000
11,45,0.288164,0.000074,10.1739,0.082193,0.104962,0.083194,0.008474,0.000846,0.00015000
11,46,0.352246,0.000082,16.7838,0.082131,0.103892,0.174000,0.007546,0.000973,0.00015000
11,47,0.296644,0.000079,8.5523,0.081648,0.104731,0.076601,0.007934,0.000872,0.00015000
11,48,0.416094,0.000105,14.7990,0.082050,0.104409,0.134663,0.016743,0.000626,0.00015000
11,49,0.390951,0.000103,9.9374,0.081756,0.104523,0.081088,0.028677,0.001625,0.00015000
11,50,0.357045,0.000080,18.9692,0.081301,0.103653,0.188940,0.006756,0.001971,0.00015000
11,51,0.306383,0.000079,10.0012,0.081199,0.103058,0.102448,0.010821,0.000697,0.00015000
11,52,0.425033,0.000107,14.3108,0.080995,0.103445,0.109756,0.029004,0.001896,0.00015000
11,53,0.366096,0.000096,9.8002,0.080549,0.103414,0.102552,0.025062,0.001511,0.00015000
11,54,0.361215,0.000092,12.9916,0.080258,0.103064,0.094609,0.010732,0.001475,0.00015000
11,55,0.307538,0.000084,7.6490,0.079712,0.102305,0.075055,0.005288,0.001159,0.00015000
11,56,0.462273,0.000102,25.7051,0.080881,0.102004,0.214469,0.007005,0.001670,0.00015000
11,57,0.387240,0.000098,13.7732,0.081154,0.102430,0.121671,0.012201,0.002117,0.00015000
11,58,0.432698,0.000099,21.3813,0.082057,0.102770,0.207829,0.007781,0.001940,0.00015000
11,59,0.390319,0.000101,12.9372,0.082067,0.103171,0.126452,0.007680,0.001638,0.00015000
11,60,0.428371,0.000087,28.3776,0.082679,0.102880,0.231237,0.007795,0.000793,0.00015000
11,61,0.360896,0.000078,21.9588,0.082633,0.103321,0.159320,0.009152,0.000507,0.00015000
11,62,0.317548,0.000067,18.3481,0.082732,0.103466,0.186204,0.012948,0.000604,0.00015000
11,63,0.279149,0.000068,10.6126,0.082455,0.103417,0.115688,0.014665,0.000914,0.00015000
11,64,0.473358,0.000108,24.3486,0.083345,0.103568,0.200567,0.010191,0.001804,0.00015000
11,65,0.448712,0.000101,23.8517,0.083473,0.104585,0.177785,0.020899,0.001312,0.00015000
11,66,0.374518,0.000093,14.2029,0.083778,0.104364,0.140905,0.015385,0.001667,0.00015000
11,67,0.290035,0.000073,8.8442,0.083406,0.103751,0.087829,0.027520,0.000828,0.00015000
11,68,0.331148,0.000067,22.1188,0.084443,0.103629,0.183173,0.010244,0.000856,0.00015000
11,69,0.403842,0.000088,21.2676,0.085082,0.103902,0.212173,0.027134,0.001396,0.00015000
11,70,0.331924,0.000085,10.1921,0.084825,0.103685,0.104616,0.021938,0.001017,0.00015000
11,71,0.317523,0.000067,20.9926,0.084460,0.103888,0.145091,0.008044,0.000911,0.00015000
11,72,0.345482,0.000095,8.2964,0.084066,0.103514,0.073398,0.010621,0.000592,0.00015000
11,73,0.403055,0.000094,18.6984,0.084428,0.103177,0.201130,0.006756,0.000703,0.00015000
11,74,0.322966,0.000082,11.3194,0.084346,0.103128,0.124514,0.004859,0.001429,0.00015000
11,75,0.397016,0.000104,12.4216,0.084345,0.104038,0.100424,0.010621,0.001289,0.00015000
11,76,0.288477,0.000070,13.3799,0.083833,0.103909,0.087272,0.006180,0.000839,0.00015000
11,77,0.483731,0.000128,13.8193,0.083644,0.103654,0.128681,0.014167,0.001310,0.00015000
11,78,0.476143,0.000118,18.1643,0.083819,0.103074,0.176590,0.018933,0.001399,0.00015000
11,79,0.487583,0.000128,14.8111,0.083711,0.103318,0.144474,0.013738,0.001250,0.00015000
11,80,0.529858,0.000135,18.7956,0.084282,0.103638,0.160504,0.018851,0.001450,0.00015000
11,81,0.412955,0.000107,14.2701,0.084222,0.104027,0.103213,0.006147,0.001249,0.00015000
11,82,0.321268,0.000081,11.4191,0.084187,0.103395,0.101033,0.013308,0.000574,0.00015000
11,83,0.322803,0.000074,16.3346,0.084133,0.103672,0.167820,0.005039,0.000684,0.00015000
11,84,0.326451,0.000089,8.4648,0.083779,0.103126,0.069276,0.006756,0.000720,0.00015000
11,85,0.306245,0.000071,15.3817,0.083718,0.102926,0.144643,0.002798,0.001002,0.00015000
11,86,0.490666,0.000136,10.1079,0.083501,0.102815,0.105876,0.018641,0.001573,0.00015000
11,87,0.409029,0.000110,10.6542,0.083242,0.102418,0.117902,0.010552,0.000921,0.00015000
11,88,0.488810,0.000092,40.9143,0.083325,0.102245,0.294405,0.015816,0.001453,0.00015000
11,89,0.441711,0.000097,27.7402,0.083124,0.102139,0.194960,0.011771,0.001340,0.00015000
11,90,0.369747,0.000093,14.0949,0.083085,0.102116,0.123703,0.012020,0.000888,0.00015000
11,91,0.356190,0.000090,12.4272,0.083137,0.102097,0.125317,0.012518,0.001584,0.00015000
11,92,0.369463,0.000098,9.3514,0.082879,0.101761,0.082792,0.026953,0.001498,0.00015000
11,93,0.399676,0.000083,24.8697,0.083593,0.101313,0.235447,0.015438,0.001952,0.00015000
11,94,0.351590,0.000079,18.6981,0.083847,0.101142,0.176077,0.010372,0.001329,0.00015000
11,95,0.354004,0.000071,25.7017,0.084078,0.100815,0.193824,0.008723,0.000828,0.00015000
11,96,0.392918,0.000099,14.6562,0.083876,0.100828,0.106040,0.014416,0.000991,0.00015000
11,97,0.433573,0.000103,19.0864,0.083784,0.100526,0.187218,0.010372,0.001056,0.00015000
11,98,0.280161,0.000069,11.7561,0.083493,0.100752,0.122427,0.004429,0.000417,0.00015000
11,99,0.306871,0.000073,14.0898,0.083326,0.100510,0.104943,0.010808,0.000681,0.00015000
11,100,0.251343,0.000060,11.3379,0.083372,0.100287,0.098562,0.006576,0.000501,0.00015000
11,101,0.303426,0.000073,12.6675,0.083077,0.100592,0.128352,0.011161,0.000511,0.00015000
11,102,0.237766,0.000059,9.5568,0.082869,0.100405,0.069618,0.005546,0.000358,0.00015000
11,103,0.311805,0.000082,8.5752,0.082658,0.100217,0.082708,0.014236,0.000415,0.00015000
11,104,0.432066,0.000113,12.8508,0.082644,0.100469,0.134740,0.011299,0.000882,0.00015000
11,105,0.334684,0.000086,9.6125,0.082368,0.100421,0.074506,0.026953,0.001109,0.00015000
11,106,0.340255,0.000086,11.5737,0.082228,0.100731,0.123215,0.010870,0.001009,0.00015000
11,107,0.312190,0.000078,11.0301,0.082135,0.100779,0.103848,0.015704,0.000655,0.00015000
11,108,0.411658,0.000104,15.6636,0.082079,0.100924,0.115825,0.010801,0.001210,0.00015000
11,109,0.262387,0.000069,7.6245,0.081796,0.100945,0.081218,0.010011,0.000850,0.00015000
11,110,0.433718,0.000112,14.0244,0.081750,0.101434,0.106504,0.018744,0.001063,0.00015000
11,111,0.303963,0.000074,13.0022,0.081855,0.101274,0.116144,0.010870,0.000955,0.00015000
11,112,0.305241,0.000078,9.2799,0.081633,0.100934,0.105405,0.018821,0.001277,0.00015000
11,113,0.272577,0.000064,14.3570,0.081442,0.100735,0.094221,0.002892,0.000856,0.00015000
11,114,0.254773,0.000063,10.2178,0.081377,0.100909,0.097919,0.004429,0.000826,0.00015000
11,115,0.242770,0.000060,9.7672,0.081202,0.100682,0.108663,0.004000,0.000409,0.00015000
11,116,0.332376,0.000087,10.8483,0.080956,0.100793,0.072610,0.008293,0.001069,0.00015000
11,117,0.353044,0.000094,10.3586,0.080719,0.100802,0.116928,0.003570,0.001302,0.00015000
11,118,0.317447,0.000082,10.8082,0.080534,0.100717,0.092916,0.007615,0.001628,0.00015000
11,119,0.263860,0.000065,11.2069,0.080647,0.100410,0.105194,0.001424,0.000620,0.00015000
11,120,0.303619,0.000080,9.4182,0.080400,0.100399,0.076762,0.008293,0.000993,0.00015000
11,121,0.396102,0.000080,25.1376,0.081074,0.100642,0.230712,0.033394,0.000933,0.00015000
11,122,0.406267,0.000095,16.5920,0.081300,0.100939,0.162254,0.035654,0.000966,0.00015000
11,123,0.323817,0.000078,14.2107,0.081296,0.100961,0.149435,0.007435,0.000800,0.00015000
11,124,0.323758,0.000062,25.3148,0.081228,0.100692,0.184512,0.013128,0.000490,0.00015000
11,125,0.293737,0.000069,13.5465,0.081117,0.100371,0.097925,0.010552,0.000531,0.00015000
11,126,0.249190,0.000060,10.2032,0.080882,0.100508,0.120151,0.006327,0.000562,0.00015000
11,127,0.300886,0.000076,11.2524,0.080836,0.100579,0.092329,0.005873,0.000742,0.00015000
11,128,0.302391,0.000074,13.3797,0.080816,0.100846,0.098477,0.007795,0.000480,0.00015000
11,129,0.371716,0.000088,17.8637,0.080678,0.100414,0.176600,0.003570,0.000978,0.00015000
11,130,0.300674,0.000065,17.1554,0.080800,0.100338,0.172407,0.011411,0.000737,0.00015000
11,131,0.300075,0.000064,18.5887,0.080880,0.100579,0.144992,0.002712,0.001078,0.00015000
11,132,0.329404,0.000085,11.6544,0.080930,0.100446,0.108943,0.006147,0.000626,0.00015000
11,133,0.317723,0.000085,9.5232,0.080696,0.100100,0.067882,0.005039,0.000661,0.00015000
11,134,0.258067,0.000063,10.7221,0.080490,0.099882,0.115647,0.005717,0.000602,0.00015000
11,135,0.442220,0.000116,13.5160,0.080576,0.099940,0.118615,0.015912,0.000626,0.00015000
11,136,0.439698,0.000121,10.5175,0.080530,0.099577,0.083253,0.015163,0.000633,0.00015000
11,137,0.314666,0.000082,9.8231,0.080354,0.099664,0.102510,0.006258,0.001253,0.00015000
11,138,0.326400,0.000062,23.2217,0.080641,0.099638,0.190105,0.011951,0.000394,0.00015000
11,139,0.261820,0.000066,9.4299,0.080512,0.099408,0.081282,0.008293,0.000491,0.00015000
11,140,0.369957,0.000074,24.0352,0.080823,0.099439,0.240667,0.009949,0.000562,0.00015000
11,141,0.309830,0.000068,16.8743,0.080834,0.099714,0.174476,0.007005,0.000860,0.00015000
11,142,0.304072,0.000062,20.0401,0.080913,0.100063,0.162155,0.006147,0.000430,0.00015000
11,143,0.292069,0.000075,9.8659,0.080819,0.100097,0.076564,0.010801,0.001253,0.00015000
11,144,0.360893,0.000074,22.9239,0.081034,0.100387,0.228107,0.005651,0.000725,0.00015000
11,145,0.307259,0.000076,12.1652,0.080997,0.100270,0.112146,0.008877,0.000342,0.00015000
11,146,0.322399,0.000072,17.5117,0.081018,0.100237,0.141813,0.009582,0.000520,0.00015000
11,147,0.356364,0.000094,10.6159,0.080959,0.100210,0.098309,0.012630,0.000953,0.00015000
11,148,0.301840,0.000057,21.7778,0.081266,0.100113,0.208016,0.006576,0.000387,0.00015000
11,149,0.310861,0.000076,13.5589,0.081352,0.099947,0.106308,0.009942,0.000697,0.00015000
11,150,0.348949,0.000092,11.2277,0.081360,0.099985,0.103352,0.005717,0.000936,0.00015000
11,151,0.253996,0.000064,9.6140,0.081151,0.099848,0.089208,0.006327,0.000557,0.00015000
11,152,0.383559,0.000091,17.1269,0.081163,0.099879,0.148563,0.011951,0.000778,0.00015000
11,153,0.279495,0.000070,10.9267,0.080958,0.100023,0.079778,0.011041,0.000400,0.00015000
11,154,0.417495,0.000095,22.3437,0.080907,0.099711,0.219130,0.003570,0.002143,0.00015000
11,155,0.415548,0.000103,14.7628,0.080977,0.099563,0.156721,0.021398,0.002627,0.00015000
11,156,0.386094,0.000100,11.8060,0.080889,0.099689,0.087484,0.022660,0.002668,0.00015000
11,157,0.388438,0.000099,13.5290,0.080895,0.100093,0.127719,0.012561,0.001877,0.00015000
11,158,0.282488,0.000069,11.2422,0.080928,0.099970,0.107911,0.008903,0.001813,0.00015000
11,159,0.288939,0.000071,11.6827,0.080914,0.100044,0.094504,0.012201,0.001313,0.00015000
11,160,0.286916,0.000069,11.8228,0.080919,0.100142,0.109181,0.012518,0.001148,0.00015000
11,161,0.316833,0.000076,13.9163,0.080886,0.100122,0.139260,0.004594,0.001219,0.00015000
11,162,0.310599,0.000072,13.9624,0.080720,0.100121,0.113614,0.020539,0.000873,0.00015000
11,163,0.356728,0.000085,16.0907,0.080702,0.100430,0.159956,0.012699,0.000843,0.00015000
11,164,0.351588,0.000094,10.2399,0.080679,0.100210,0.082982,0.009513,0.000780,0.00015000
11,165,0.378245,0.000096,13.4685,0.080753,0.100425,0.128687,0.011411,0.001969,0.00015000
11,166,0.377683,0.000101,11.3255,0.080677,0.100489,0.091600,0.005898,0.001740,0.00015000
11,167,0.423970,0.000119,8.5105,0.080584,0.100654,0.081230,0.010122,0.001948,0.00015000
11,168,0.329675,0.000085,11.5857,0.080582,0.100786,0.112392,0.004000,0.001527,0.00015000
11,169,0.340752,0.000094,7.5236,0.080405,0.100711,0.068305,0.007546,0.001846,0.00015000
11,170,0.329462,0.000057,26.9684,0.080515,0.100735,0.255099,0.006122,0.001276,0.00015000
11,171,0.373339,0.000096,11.6794,0.080374,0.100745,0.130657,0.017173,0.001288,0.00015000
11,172,0.371009,0.000084,19.8807,0.080501,0.100795,0.151996,0.011660,0.000408,0.00015000
11,173,0.352074,0.000085,16.9707,0.080425,0.100528,0.112153,0.006147,0.000741,0.00015000
11,174,0.301096,0.000075,11.2443,0.080320,0.100515,0.125625,0.006147,0.000765,0.00015000
11,175,0.324048,0.000084,10.9000,0.080318,0.100509,0.101500,0.007615,0.001021,0.00015000
11,176,0.296355,0.000078,8.6074,0.080194,0.100460,0.075860,0.014596,0.000592,0.00015000
11,177,0.265494,0.000064,11.2401,0.080143,0.100518,0.131379,0.003141,0.000550,0.00015000
11,178,0.248124,0.000067,7.0412,0.079950,0.100359,0.064331,0.003009,0.000403,0.00015000
11,179,0.398068,0.000087,22.9809,0.080331,0.100285,0.210036,0.004859,0.001673,0.00015000
11,180,0.442609,0.000116,14.3688,0.080504,0.100288,0.120353,0.008834,0.001195,0.00015000
11,181,0.412400,0.000095,20.1277,0.080640,0.100261,0.177738,0.014236,0.001128,0.00015000
11,182,0.438158,0.000113,14.4418,0.080578,0.100299,0.146255,0.012381,0.000925,0.00015000
11,183,0.289517,0.000072,10.7104,0.080560,0.100355,0.089679,0.014056,0.001275,0.00015000
11,184,0.338291,0.000092,8.6384,0.080453,0.100526,0.073785,0.009762,0.000716,0.00015000
11,185,0.357551,0.000080,19.0521,0.080446,0.100339,0.185115,0.005717,0.001499,0.00015000
11,186,0.279753,0.000069,11.1090,0.080306,0.100564,0.117958,0.005039,0.001026,0.00015000
11,187,0.317852,0.000057,27.8629,0.080218,0.100565,0.217774,0.002798,0.000382,0.00015000
11,188,0.337677,0.000075,19.8330,0.080180,0.100435,0.147310,0.002712,0.000622,0.00015000
11,189,0.283122,0.000062,15.6162,0.080121,0.100222,0.162877,0.004859,0.000606,0.00015000
11,190,0.302892,0.000076,11.8719,0.080112,0.099855,0.093029,0.005468,0.000701,0.00015000
11,191,0.291976,0.000076,9.2244,0.079989,0.099665,0.097270,0.007864,0.000576,0.00015000
11,192,0.366391,0.000095,12.5295,0.079966,0.099841,0.095298,0.008405,0.001586,0.00015000
11,193,0.261754,0.000066,9.8893,0.079906,0.099940,0.091323,0.007005,0.000570,0.00015000
11,194,0.300032,0.000074,11.9020,0.079859,0.100163,0.106167,0.005717,0.000984,0.00015000
11,195,0.298314,0.000078,9.2760,0.079733,0.100420,0.103365,0.004594,0.000396,0.00015000
11,196,0.329927,0.000079,15.2897,0.079572,0.100492,0.100985,0.009513,0.000969,0.00015000
11,197,0.261602,0.000068,8.4134,0.079450,0.100612,0.086422,0.005288,0.000452,0.00015000
11,198,0.288747,0.000066,14.9636,0.079560,0.100648,0.128262,0.006078,0.000689,0.00015000
11,199,0.314745,0.000085,7.5094,0.079409,0.100845,0.064469,0.014098,0.001109,0.00015000
11,200,0.312394,0.000066,20.0171,0.079368,0.100861,0.196681,0.004429,0.000956,0.00015000
11,201,0.257353,0.000060,11.9843,0.079366,0.100978,0.119185,0.007005,0.000526,0.00015000
11,202,0.266203,0.000057,16.4306,0.079274,0.100949,0.113339,0.010122,0.000467,0.00015000
11,203,0.315005,0.000082,10.4142,0.079124,0.101116,0.086713,0.008474,0.000914,0.00015000
11,204,0.280208,0.000063,15.2576,0.079311,0.101022,0.142175,0.007496,0.001238,0.00015000
11,205,0.395340,0.000099,11.9672,0.079241,0.101063,0.126053,0.035135,0.001279,0.00015000
11,206,0.308173,0.000078,11.4352,0.079279,0.101053,0.100744,0.010011,0.001152,0.00015000
11,207,0.276784,0.000070,9.6109,0.079179,0.101015,0.072302,0.017035,0.001414,0.00015000
11,208,0.302730,0.000069,14.8274,0.079123,0.100839,0.154722,0.012518,0.000791,0.00015000
11,209,0.263681,0.000067,9.2273,0.079069,0.100687,0.093080,0.007795,0.000591,0.00015000
11,210,0.259063,0.000059,14.6184,0.079102,0.100780,0.112597,0.003141,0.000782,0.00015000
11,211,0.421110,0.000108,13.9934,0.079007,0.100908,0.106989,0.015663,0.001907,0.00015000
11,212,0.300023,0.000069,14.1253,0.078992,0.101133,0.150357,0.006708,0.001564,0.00015000
11,213,0.272675,0.000068,9.8952,0.078949,0.100901,0.103355,0.008293,0.000999,0.00015000
11,214,0.314476,0.000076,13.6937,0.078950,0.101036,0.098913,0.012587,0.001025,0.00015000
11,215,0.273314,0.000067,12.0487,0.078826,0.101121,0.079942,0.003141,0.001463,0.00015000
11,216,0.301935,0.000066,16.7822,0.078819,0.101419,0.176769,0.007435,0.000499,0.00015000
11,217,0.426261,0.000118,9.6917,0.078767,0.101479,0.086287,0.011299,0.000955,0.00015000
11,218,0.506086,0.000131,17.0945,0.078974,0.101647,0.148499,0.012588,0.001775,0.00015000
11,219,0.279650,0.000068,11.8458,0.078937,0.101640,0.106813,0.006147,0.001123,0.00015000
11,220,0.265081,0.000060,13.4591,0.078956,0.101697,0.134260,0.005717,0.000924,0.00015000
11,221,0.287152,0.000071,11.4093,0.078999,0.101601,0.115296,0.005546,0.000634,0.00015000
11,222,0.405670,0.000103,14.9181,0.078907,0.101560,0.108714,0.007864,0.001239,0.00015000
11,223,0.394403,0.000087,20.8016,0.079061,0.101604,0.207364,0.012201,0.000861,0.00015000
11,224,0.376305,0.000098,12.5025,0.079058,0.101707,0.095288,0.011161,0.001273,0.00015000
11,225,0.271221,0.000063,12.8022,0.079043,0.101487,0.135958,0.006576,0.000540,0.00015000
11,226,0.334501,0.000090,9.0999,0.078948,0.101499,0.069036,0.008225,0.000962,0.00015000
11,227,0.419551,0.000095,21.1784,0.079094,0.101621,0.218247,0.008793,0.000582,0.00015000
11,228,0.314220,0.000084,9.1521,0.079021,0.101419,0.094279,0.002712,0.000848,0.00015000
11,229,0.475144,0.000106,25.2129,0.079309,0.101244,0.208300,0.014328,0.000418,0.00015000
11,230,0.332273,0.000077,16.5700,0.079378,0.101217,0.131777,0.008293,0.000729,0.00015000
11,231,0.358589,0.000088,13.3627,0.079402,0.101201,0.133532,0.019139,0.000912,0.00015000
11,232,0.275189,0.000069,10.2807,0.079291,0.101221,0.111343,0.007005,0.000676,0.00015000
11,233,0.339705,0.000065,25.2012,0.079467,0.101241,0.205221,0.004859,0.000935,0.00015000
11,234,0.302711,0.000071,15.7608,0.079379,0.101364,0.111967,0.003751,0.001024,0.00015000
11,235,0.256848,0.000059,12.6793,0.079298,0.101425,0.132970,0.003570,0.000344,0.00015000
11,236,0.423201,0.000110,13.1677,0.079292,0.101601,0.135543,0.014734,0.000614,0.00015000
11,237,0.422320,0.000094,23.7252,0.079206,0.101598,0.189789,0.004609,0.001688,0.00015000
11,238,0.281474,0.000069,12.2878,0.079224,0.101679,0.122099,0.001424,0.000335,0.00015000
11,239,0.289166,0.000069,13.2841,0.079135,0.101550,0.103988,0.003141,0.000789,0.00015000
11,240,0.368734,0.000096,10.9043,0.079067,0.101562,0.117416,0.013987,0.001051,0.00015000
11,241,0.277643,0.000067,11.7393,0.079060,0.101828,0.096515,0.012276,0.000875,0.00015000
11,242,0.271462,0.000064,12.1720,0.078963,0.101718,0.128068,0.008834,0.000992,0.00015000
11,243,0.235579,0.000057,10.6270,0.078840,0.101716,0.067657,0.004000,0.000410,0.00015000
11,244,0.277232,0.000073,7.7784,0.078740,0.101597,0.077228,0.012201,0.001091,0.00015000
11,245,0.425261,0.000088,27.0364,0.078779,0.101602,0.256487,0.006147,0.003094,0.00015000
11,246,0.466683,0.000106,19.7410,0.078924,0.101680,0.199786,0.048770,0.003010,0.00015000
11,247,0.388006,0.000088,19.5502,0.079223,0.101710,0.165722,0.015026,0.001577,0.00015000
11,248,0.413106,0.000102,15.9439,0.079326,0.102039,0.120500,0.019251,0.001592,0.00015000
11,249,0.381801,0.000080,22.8785,0.079371,0.101959,0.225037,0.010621,0.000806,0.00015000
11,250,0.364734,0.000087,16.3419,0.079304,0.102055,0.166220,0.008474,0.000886,0.00015000
11,251,0.334796,0.000070,20.7810,0.079464,0.101938,0.173059,0.004000,0.000801,0.00015000
11,252,0.302731,0.000068,16.4100,0.079382,0.101964,0.125361,0.009152,0.000463,0.00015000
11,253,0.460499,0.000113,18.2343,0.079481,0.101906,0.184429,0.013738,0.001379,0.00015000
11,254,0.334783,0.000084,12.2117,0.079421,0.102044,0.133415,0.006756,0.001004,0.00015000
11,255,0.462399,0.000107,23.1780,0.079599,0.102051,0.189705,0.005546,0.000470,0.00015000
11,256,0.304365,0.000072,12.4794,0.079522,0.102094,0.093091,0.027812,0.001306,0.00015000
11,257,0.345463,0.000079,16.8819,0.079580,0.102096,0.167069,0.012699,0.000869,0.00015000
11,258,0.272890,0.000073,7.6834,0.079480,0.102005,0.075161,0.006147,0.000598,0.00015000
11,259,0.493368,0.000117,22.9425,0.079743,0.101991,0.194845,0.006327,0.002090,0.00015000
11,260,0.323466,0.000071,18.2173,0.079840,0.102125,0.151699,0.004429,0.000923,0.00015000
11,261,0.425894,0.000110,14.1901,0.079853,0.102120,0.140162,0.010552,0.001247,0.00015000
11,262,0.288800,0.000076,8.7449,0.079726,0.101995,0.094772,0.004429,0.001200,0.00015000
11,263,0.331884,0.000062,25.7617,0.079784,0.102026,0.209696,0.002480,0.000509,0.00015000
11,264,0.291081,0.000061,19.4162,0.079722,0.101981,0.136943,0.007795,0.000597,0.00015000
11,265,0.332679,0.000081,14.1601,0.079783,0.102058,0.143694,0.005288,0.000891,0.00015000
11,266,0.287694,0.000070,11.9315,0.079703,0.101971,0.133819,0.006576,0.000604,0.00015000
11,267,0.462691,0.000101,26.0365,0.079887,0.101948,0.209980,0.015206,0.001105,0.00015000
11,268,0.367048,0.000091,14.8965,0.079835,0.101993,0.110744,0.005288,0.001056,0.00015000
11,269,0.355179,0.000084,15.6136,0.079877,0.101867,0.167355,0.009444,0.000658,0.00015000
11,270,0.269840,0.000072,8.0132,0.079779,0.101805,0.078033,0.004748,0.000455,0.00015000
11,271,0.338746,0.000072,21.1829,0.080004,0.101654,0.169712,0.008654,0.000558,0.00015000
11,272,0.258363,0.000057,14.3701,0.080014,0.101772,0.139069,0.005546,0.001001,0.00015000
11,273,0.439716,0.000111,15.2003,0.080060,0.101763,0.119977,0.028605,0.001447,0.00015000
11,274,0.316402,0.000071,15.4277,0.080017,0.101840,0.162150,0.018572,0.001029,0.00015000
11,275,0.388388,0.000092,18.5405,0.080072,0.101822,0.144476,0.004859,0.001162,0.00015000
11,276,0.276945,0.000070,10.9419,0.079984,0.101896,0.070835,0.005898,0.000534,0.00015000
11,277,0.333991,0.000067,20.6727,0.080011,0.101739,0.215551,0.017061,0.000438,0.00015000
11,278,0.367855,0.000094,11.6651,0.079949,0.101743,0.129656,0.015774,0.000786,0.00015000
11,279,0.336927,0.000066,23.5966,0.080013,0.101608,0.186215,0.007976,0.000757,0.00015000
11,280,0.589546,0.000156,14.1923,0.079987,0.101537,0.107045,0.052196,0.002060,0.00015000
11,281,0.326128,0.000064,21.7256,0.080006,0.101521,0.223021,0.009152,0.000496,0.00015000
11,282,0.364735,0.000089,13.1885,0.079942,0.101581,0.136352,0.026275,0.000893,0.00015000
11,283,0.317191,0.000070,17.2822,0.080040,0.101609,0.147160,0.010372,0.000474,0.00015000
11,284,0.329165,0.000082,12.6836,0.079974,0.101423,0.098631,0.012269,0.000512,0.00015000
11,285,0.316426,0.000077,13.3072,0.080002,0.101377,0.138337,0.005039,0.000660,0.00015000
11,286,0.247938,0.000063,8.9325,0.079919,0.101406,0.093736,0.005717,0.000442,0.00015000
11,287,0.386033,0.000092,17.8594,0.080073,0.101427,0.147228,0.007186,0.001040,0.00015000
11,288,0.302186,0.000076,11.3740,0.080031,0.101420,0.087808,0.011909,0.000711,0.00015000
11,289,0.303573,0.000062,19.2451,0.080051,0.101490,0.197459,0.004172,0.000754,0.00015000
11,290,0.395852,0.000107,10.0423,0.080018,0.101922,0.102863,0.012269,0.000677,0.00015000
11,291,0.357417,0.000072,22.9908,0.080133,0.101779,0.188683,0.014665,0.001027,0.00015000
11,292,0.300511,0.000065,16.3858,0.080117,0.101716,0.131102,0.017422,0.000550,0.00015000
11,293,0.310382,0.000073,14.1689,0.080135,0.101666,0.149991,0.007186,0.000397,0.00015000
11,294,0.279417,0.000068,11.8326,0.080044,0.101722,0.129411,0.005039,0.000510,0.00015000
11,295,0.403857,0.000100,16.3385,0.080064,0.101945,0.119871,0.012518,0.001570,0.00015000
11,296,0.389989,0.000094,17.9207,0.080015,0.101934,0.129431,0.009513,0.000694,0.00015000
11,297,0.365575,0.000086,17.5094,0.080031,0.101907,0.179853,0.001952,0.001408,0.00015000
11,298,0.267620,0.000068,9.4836,0.079928,0.101772,0.119499,0.002282,0.000862,0.00015000
11,299,0.316293,0.000078,13.9092,0.079914,0.101819,0.101392,0.004859,0.000474,0.00015000
11,300,0.260849,0.000060,13.5921,0.079852,0.101652,0.094189,0.008293,0.000533,0.00015000
11,301,0.318710,0.000073,15.7957,0.079768,0.101615,0.175635,0.005219,0.000482,0.00015000
11,302,0.267666,0.000071,8.0422,0.079674,0.101543,0.082824,0.002892,0.000655,0.00015000
11,303,0.333241,0.000066,23.5080,0.079663,0.101541,0.187364,0.005648,0.000596,0.00015000
11,304,0.315861,0.000078,12.4270,0.079581,0.101398,0.096137,0.012269,0.000828,0.00015000
11,305,0.372517,0.000089,16.1255,0.079654,0.101586,0.155098,0.013128,0.000808,0.00015000
11,306,0.443527,0.000115,15.4604,0.079605,0.101661,0.132939,0.008870,0.000878,0.00015000
11,307,0.527322,0.000108,35.1797,0.079962,0.101651,0.292040,0.013806,0.000984,0.00015000
11,308,0.538137,0.000116,29.2778,0.080191,0.101794,0.246102,0.044532,0.000870,0.00015000
11,309,0.365611,0.000086,17.2733,0.080160,0.101826,0.170270,0.011728,0.000833,0.00015000
11,310,0.262442,0.000064,10.4147,0.080108,0.101915,0.086659,0.011909,0.000843,0.00015000
11,311,0.305235,0.000067,18.0614,0.080223,0.101877,0.151818,0.006507,0.000703,0.00015000
11,312,0.304701,0.000079,8.9467,0.080148,0.101996,0.095707,0.013377,0.000956,0.00015000
11,313,0.260632,0.000058,15.4923,0.080263,0.101960,0.126815,0.002712,0.000731,0.00015000
11,314,0.283762,0.000070,12.2626,0.080189,0.102087,0.087710,0.003009,0.000689,0.00015000
11,315,0.439121,0.000120,10.7247,0.080180,0.102030,0.094149,0.013806,0.001588,0.00015000
11,316,0.514321,0.000131,17.9906,0.080174,0.101949,0.183924,0.014195,0.001939,0.00015000
11,317,0.424573,0.000117,10.1176,0.080091,0.102242,0.112878,0.002712,0.001176,0.00015000
11,318,0.385282,0.000084,23.0797,0.080066,0.102304,0.177770,0.004180,0.000812,0.00015000
11,319,0.286544,0.000074,10.0474,0.080022,0.102275,0.077485,0.005468,0.001088,0.00015000
11,320,0.393434,0.000107,9.3930,0.079943,0.102400,0.098682,0.014777,0.001384,0.00015000
11,321,0.315679,0.000077,13.2481,0.080000,0.102208,0.122294,0.006327,0.001011,0.00015000
11,322,0.316361,0.000085,8.6769,0.079918,0.102120,0.068647,0.009763,0.000552,0.00015000
11,323,0.348115,0.000068,22.7882,0.079988,0.102142,0.235272,0.011618,0.000695,0.00015000
11,324,0.488185,0.000129,14.1232,0.079949,0.102078,0.139082,0.017832,0.001703,0.00015000
11,325,0.477911,0.000118,18.3385,0.080007,0.102060,0.147686,0.023865,0.001736,0.00015000
11,326,0.388302,0.000104,10.9550,0.079959,0.102048,0.086700,0.010552,0.001611,0.00015000
11,327,0.545538,0.000137,20.0780,0.080077,0.102202,0.193817,0.011365,0.001820,0.00015000
11,328,0.430325,0.000109,15.1528,0.080090,0.102277,0.150061,0.008654,0.001651,0.00015000
11,329,0.424362,0.000103,18.4161,0.080150,0.102199,0.150901,0.006895,0.001701,0.00015000
11,330,0.413451,0.000110,11.4207,0.080131,0.102154,0.093007,0.013180,0.001969,0.00015000
11,331,0.474833,0.000116,18.9677,0.080228,0.102278,0.184702,0.013715,0.002060,0.00015000
11,332,0.489865,0.000134,11.9819,0.080242,0.102396,0.118204,0.011591,0.000821,0.00015000
11,333,0.419297,0.000094,22.6910,0.080325,0.102313,0.187368,0.011050,0.000800,0.00015000
11,334,0.455588,0.000121,12.3916,0.080317,0.102409,0.109425,0.017201,0.001046,0.00015000
11,335,0.402986,0.000089,22.0913,0.080371,0.102446,0.217242,0.003141,0.001359,0.00015000
11,336,0.276633,0.000065,12.7074,0.080333,0.102600,0.129670,0.007005,0.000599,0.00015000
11,337,0.447364,0.000107,20.6769,0.080342,0.102669,0.163663,0.009942,0.000827,0.00015000
11,338,0.263962,0.000066,10.7105,0.080285,0.102759,0.083427,0.004429,0.000679,0.00015000
11,339,0.444370,0.000108,18.9748,0.080360,0.102656,0.178273,0.007615,0.000690,0.00015000
11,340,0.266784,0.000063,11.5270,0.080300,0.102771,0.117858,0.008293,0.000629,0.00015000
11,341,0.387510,0.000090,18.7746,0.080332,0.102682,0.160106,0.007615,0.000561,0.00015000
11,342,0.464063,0.000121,14.1184,0.080306,0.102601,0.114493,0.022977,0.001011,0.00015000
11,343,0.523991,0.000129,20.2036,0.080357,0.102676,0.191300,0.021011,0.001768,0.00015000
11,344,0.438836,0.000114,13.7396,0.080328,0.102625,0.137093,0.016314,0.001442,0.00015000
11,345,0.392562,0.000098,14.6849,0.080366,0.102676,0.122677,0.015528,0.000941,0.00015000
11,346,0.374026,0.000097,11.2751,0.080344,0.102529,0.093862,0.019448,0.001391,0.00015000
11,347,0.439752,0.000101,21.5676,0.080430,0.102511,0.203635,0.011342,0.000998,0.00015000
11,348,0.393725,0.000101,13.0546,0.080411,0.102560,0.126686,0.013417,0.001132,0.00015000
11,349,0.344137,0.000080,16.8588,0.080442,0.102705,0.137421,0.007435,0.000431,0.00015000
11,350,0.349751,0.000087,13.8068,0.080380,0.102724,0.111468,0.005288,0.000622,0.00015000
11,351,0.513889,0.000128,18.2661,0.080419,0.102865,0.180092,0.026232,0.001208,0.00015000
11,352,0.350229,0.000091,11.1670,0.080365,0.102985,0.115708,0.007324,0.001225,0.00015000
11,353,0.359422,0.000076,21.0438,0.080461,0.103080,0.177079,0.015206,0.000757,0.00015000
11,354,0.320230,0.000085,9.3427,0.080406,0.103017,0.080805,0.005288,0.000373,0.00015000
11,355,0.409370,0.000095,19.5429,0.080527,0.103091,0.192146,0.005717,0.001105,0.00015000
11,356,0.265759,0.000068,10.4472,0.080512,0.103136,0.086583,0.001853,0.000443,0.00015000
11,357,0.307605,0.000075,14.2895,0.080548,0.103179,0.107844,0.001424,0.000403,0.00015000
11,358,0.369919,0.000081,18.7607,0.080526,0.103156,0.196379,0.028174,0.000487,0.00015000
11,359,0.289991,0.000075,9.1306,0.080473,0.103170,0.089498,0.010621,0.000564,0.00015000
11,360,0.347009,0.000071,23.2324,0.080524,0.103098,0.173644,0.013197,0.000749,0.00015000
11,361,0.454974,0.000116,15.1570,0.080483,0.102982,0.109883,0.030571,0.001143,0.00015000
11,362,0.867658,0.000223,27.0938,0.080465,0.103057,0.260851,0.051757,0.001520,0.00015000
11,363,0.695318,0.000181,20.3722,0.080477,0.102963,0.203118,0.033429,0.002046,0.00015000
11,364,0.614138,0.000162,17.9777,0.080488,0.102918,0.136688,0.030277,0.001899,0.00015000
11,365,0.654709,0.000171,17.3480,0.080539,0.102874,0.145864,0.054951,0.002345,0.00015000
11,366,0.422176,0.000111,11.8563,0.080501,0.102848,0.074464,0.034450,0.000606,0.00015000
11,367,0.526367,0.000123,25.4677,0.080471,0.103023,0.245580,0.016924,0.001706,0.00015000
11,368,0.297155,0.000067,14.6088,0.080407,0.103016,0.154761,0.016065,0.000779,0.00015000
11,369,0.374397,0.000096,12.5168,0.080348,0.102888,0.103474,0.015026,0.001344,0.00015000
11,370,0.321045,0.000080,13.3725,0.080366,0.102850,0.096384,0.006756,0.001170,0.00015000
11,371,0.356484,0.000094,8.5393,0.080282,0.102844,0.101604,0.025210,0.001345,0.00015000
11,372,0.273539,0.000064,12.1374,0.080292,0.102989,0.101634,0.015704,0.000959,0.00015000
11,373,0.314432,0.000084,8.1131,0.080213,0.103017,0.087591,0.013849,0.001122,0.00015000
11,374,0.317589,0.000065,21.2321,0.080180,0.103042,0.159243,0.005546,0.000483,0.00015000
11,375,0.267543,0.000069,8.2394,0.080130,0.103099,0.072920,0.014777,0.000545,0.00015000
11,376,0.438418,0.000095,26.4785,0.080116,0.103110,0.237494,0.012020,0.001611,0.00015000
11,377,0.382317,0.000090,17.3864,0.080184,0.103097,0.167398,0.012020,0.001546,0.00015000
11,378,0.387219,0.000093,17.5767,0.080279,0.103183,0.143916,0.012518,0.000744,0.00015000
11,379,0.290048,0.000065,15.0440,0.080323,0.103310,0.126553,0.012767,0.000786,0.00015000
11,380,0.249169,0.000063,8.8197,0.080264,0.103271,0.085426,0.008293,0.000900,0.00015000
11,381,0.374029,0.000084,19.4822,0.080372,0.103274,0.167395,0.008654,0.001623,0.00015000
11,382,0.265226,0.000063,12.2300,0.080354,0.103130,0.112918,0.004066,0.000605,0.00015000
11,383,0.411050,0.000101,16.5692,0.080429,0.103195,0.141941,0.013669,0.000783,0.00015000
11,384,0.296068,0.000078,8.6113,0.080345,0.103202,0.095052,0.006576,0.000960,0.00015000
11,385,0.295713,0.000065,17.1578,0.080403,0.103284,0.131225,0.004859,0.000993,0.00015000
11,386,0.254531,0.000064,9.6358,0.080375,0.103293,0.091834,0.004859,0.000666,0.00015000
11,387,0.362719,0.000081,19.5160,0.080479,0.103307,0.191253,0.009264,0.001474,0.00015000
11,388,0.389909,0.000101,12.4752,0.080484,0.103177,0.112719,0.014846,0.001859,0.00015000
11,389,0.317139,0.000077,14.1674,0.080475,0.103268,0.104225,0.005717,0.000831,0.00015000
11,390,0.278755,0.000072,9.6263,0.080431,0.103168,0.104962,0.004429,0.000710,0.00015000
11,391,0.264729,0.000058,14.9601,0.080449,0.103187,0.160099,0.002798,0.000455,0.00015000
12,1,0.540679,0.000133,21.7791,0.076064,0.117980,0.157351,0.025259,0.001804,0.00010365
12,2,0.494334,0.000134,11.9574,0.067654,0.096324,0.089623,0.024196,0.002118,0.00010365
12,3,0.377144,0.000102,8.8865,0.063613,0.105839,0.097088,0.016820,0.001637,0.00010365
12,4,0.431787,0.000115,11.2340,0.064084,0.103674,0.120643,0.014354,0.001619,0.00010365
12,5,0.378149,0.000103,9.3973,0.062683,0.098501,0.082860,0.010622,0.001387,0.00010365
12,6,0.465700,0.000121,15.3163,0.069384,0.105628,0.133328,0.015462,0.001545,0.00010365
12,7,0.381364,0.000099,12.2356,0.069866,0.106524,0.119138,0.010709,0.002047,0.00010365
12,8,0.413595,0.000101,17.4890,0.071463,0.103492,0.129642,0.010766,0.001742,0.00010365
12,9,0.378543,0.000099,11.1857,0.070345,0.098979,0.098979,0.016606,0.001687,0.00010365
12,10,0.479225,0.000125,14.9207,0.070722,0.098210,0.137733,0.013669,0.001733,0.00010365
12,11,0.380474,0.000101,10.5385,0.069561,0.095753,0.097926,0.012587,0.001682,0.00010365
12,12,0.396537,0.000105,11.5609,0.069781,0.097794,0.099577,0.012201,0.001477,0.00010365
12,13,0.422500,0.000113,11.6645,0.068936,0.098751,0.127606,0.008654,0.001741,0.00010365
12,14,0.426340,0.000113,12.7977,0.070153,0.098723,0.111665,0.010801,0.001600,0.00010365
12,15,0.489847,0.000126,16.3442,0.069822,0.099691,0.119996,0.019481,0.001828,0.00010365
12,16,0.387882,0.000106,10.0252,0.069238,0.103842,0.075254,0.007117,0.002239,0.00010365
12,17,0.384673,0.000084,22.4462,0.069247,0.102011,0.219470,0.006919,0.001675,0.00010365
12,18,0.376328,0.000091,16.1576,0.068790,0.102168,0.168267,0.009651,0.001785,0.00010365
12,19,0.343463,0.000094,8.3492,0.068019,0.102282,0.074065,0.008841,0.001201,0.00010365
12,20,0.363960,0.000095,11.0843,0.068701,0.100649,0.108674,0.010981,0.001498,0.00010365
12,21,0.342278,0.000094,7.9227,0.068012,0.102844,0.074123,0.010303,0.001469,0.00010365
12,22,0.403286,0.000095,19.3242,0.070193,0.104850,0.158882,0.007328,0.001236,0.00010365
12,23,0.362737,0.000095,11.7631,0.070721,0.102821,0.104107,0.007227,0.001887,0.00010365
12,24,0.373266,0.000096,12.3605,0.070410,0.103256,0.129569,0.007864,0.001798,0.00010365
12,25,0.310057,0.000084,8.2147,0.069600,0.103591,0.070704,0.006623,0.001282,0.00010365
12,26,0.362110,0.000092,12.0816,0.069095,0.104991,0.125683,0.013308,0.001108,0.00010365
12,27,0.338681,0.000081,14.8226,0.069438,0.104233,0.146826,0.012269,0.000897,0.00010365
12,28,0.300739,0.000072,13.3749,0.068982,0.102581,0.098765,0.012338,0.000616,0.00010365
12,29,0.416230,0.000109,12.4028,0.068679,0.102480,0.091717,0.017755,0.001804,0.00010365
12,30,0.310369,0.000077,11.4102,0.068465,0.103924,0.117329,0.014125,0.001528,0.00010365
12,31,0.263480,0.000067,9.0908,0.067937,0.103648,0.096150,0.006147,0.000947,0.00010365
12,32,0.286194,0.000073,9.7004,0.067451,0.103964,0.069655,0.011840,0.001320,0.00010365
12,33,0.286768,0.000078,7.1127,0.066902,0.103451,0.070198,0.006756,0.000925,0.00010365
12,34,0.285517,0.000062,17.4110,0.067897,0.103627,0.140962,0.001424,0.000785,0.00010365
12,35,0.384721,0.000102,10.8553,0.067914,0.102794,0.084519,0.013377,0.001410,0.00010365
12,36,0.419459,0.000103,15.6936,0.068702,0.102911,0.160616,0.020083,0.001781,0.00010365
12,37,0.387751,0.000104,9.9613,0.068685,0.103018,0.098676,0.012817,0.001499,0.00010365
12,38,0.355327,0.000095,10.0668,0.068780,0.103564,0.089701,0.003570,0.001524,0.00010365
12,39,0.359435,0.000096,10.8567,0.068552,0.102919,0.086157,0.005219,0.001611,0.00010365
12,40,0.389163,0.000097,14.3589,0.069237,0.102615,0.143619,0.010801,0.001399,0.00010365
12,41,0.373967,0.000100,10.7070,0.069341,0.102712,0.089710,0.010122,0.001854,0.00010365
12,42,0.368545,0.000099,10.2737,0.069392,0.103092,0.099323,0.005123,0.001741,0.00010365
12,43,0.403706,0.000106,12.5012,0.069490,0.103864,0.109925,0.008293,0.000762,0.00010365
12,44,0.394091,0.000098,14.8025,0.070314,0.104125,0.143887,0.015026,0.000640,0.00010365
12,45,0.280699,0.000071,10.4991,0.070337,0.104302,0.093731,0.005468,0.000760,0.00010365
12,46,0.322273,0.000083,11.2444,0.070445,0.104987,0.103452,0.006147,0.001122,0.00010365
12,47,0.287995,0.000078,7.6776,0.070172,0.104847,0.070497,0.007615,0.000828,0.00010365
12,48,0.395398,0.000099,15.1512,0.070804,0.104884,0.145783,0.009762,0.000589,0.00010365
12,49,0.383270,0.000098,12.0944,0.071071,0.105507,0.100671,0.023864,0.001537,0.00010365
12,50,0.297886,0.000080,8.1736,0.070818,0.105454,0.075191,0.005717,0.001525,0.00010365
12,51,0.272937,0.000073,6.7330,0.070485,0.105511,0.073128,0.013569,0.000445,0.00010365
12,52,0.409941,0.000103,15.6735,0.070483,0.105335,0.114724,0.011614,0.001699,0.00010365
12,53,0.361839,0.000098,9.4345,0.070299,0.106002,0.079926,0.007615,0.001536,0.00010365
12,54,0.396082,0.000093,18.3102,0.070635,0.105694,0.186213,0.007795,0.001299,0.00010365
12,55,0.335232,0.000084,12.6583,0.070574,0.105033,0.131924,0.005717,0.001275,0.00010365
12,56,0.392533,0.000100,14.7086,0.070594,0.105003,0.107090,0.005468,0.001453,0.00010365
12,57,0.346723,0.000093,9.2178,0.070392,0.104782,0.073618,0.011591,0.001404,0.00010365
12,58,0.411196,0.000097,18.3838,0.070599,0.104868,0.187309,0.008382,0.002116,0.00010365
12,59,0.400166,0.000100,15.0181,0.070547,0.105707,0.152585,0.006539,0.001661,0.00010365
12,60,0.318488,0.000079,12.8496,0.070538,0.105317,0.096905,0.010385,0.000829,0.00010365
12,61,0.260846,0.000069,8.3540,0.070215,0.105393,0.060871,0.004000,0.000428,0.00010365
12,62,0.337925,0.000072,19.6939,0.070609,0.105204,0.199701,0.011411,0.000729,0.00010365
12,63,0.289074,0.000067,13.1394,0.070691,0.104918,0.141752,0.015318,0.000902,0.00010365
12,64,0.406327,0.000110,10.3223,0.070723,0.105241,0.088087,0.010732,0.001734,0.00010365
12,65,0.383263,0.000102,11.5224,0.070452,0.104812,0.078006,0.014237,0.001076,0.00010365
12,66,0.362510,0.000092,12.2148,0.070573,0.104672,0.134129,0.009762,0.001474,0.00010365
12,67,0.294400,0.000073,10.1621,0.070321,0.104366,0.118598,0.016992,0.000776,0.00010365
12,68,0.281775,0.000067,12.9373,0.070228,0.103471,0.081966,0.011618,0.000737,0.00010365
12,69,0.369019,0.000094,11.7992,0.070152,0.103264,0.128811,0.019431,0.000836,0.00010365
12,70,0.324185,0.000084,10.5497,0.070253,0.103483,0.094594,0.013987,0.000833,0.00010365
12,71,0.248174,0.000062,9.9515,0.069946,0.103541,0.069297,0.005288,0.000631,0.00010365
12,72,0.345226,0.000093,8.9448,0.069698,0.103606,0.106172,0.007005,0.000520,0.00010365
12,73,0.368088,0.000102,8.5434,0.069425,0.103824,0.080224,0.005648,0.000388,0.00010365
12,74,0.340387,0.000080,16.3845,0.069554,0.103483,0.132431,0.004429,0.000793,0.00010365
12,75,0.372994,0.000099,10.5189,0.069506,0.103263,0.099458,0.008585,0.001087,0.00010365
12,76,0.275966,0.000068,11.0072,0.069557,0.103339,0.121158,0.002480,0.000876,0.00010365
12,77,0.519982,0.000136,15.7773,0.069586,0.103337,0.120852,0.020041,0.000739,0.00010365
12,78,0.424733,0.000110,12.8949,0.069533,0.103096,0.140168,0.015096,0.000863,0.00010365
12,79,0.437668,0.000117,12.2799,0.069585,0.103029,0.126485,0.010372,0.000696,0.00010365
12,80,0.512478,0.000136,14.7738,0.069714,0.103313,0.109793,0.022853,0.001137,0.00010365
12,81,0.393658,0.000107,10.4235,0.069614,0.103287,0.075818,0.010801,0.001197,0.00010365
12,82,0.324343,0.000084,10.6419,0.069573,0.103424,0.110564,0.007615,0.000452,0.00010365
12,83,0.276128,0.000075,7.1824,0.069346,0.103235,0.064463,0.004000,0.000624,0.00010365
12,84,0.323933,0.000083,11.9192,0.069482,0.103233,0.119146,0.002712,0.000698,0.00010365
12,85,0.271209,0.000068,10.4543,0.069450,0.103616,0.080611,0.006919,0.000817,0.00010365
12,86,0.457169,0.000121,12.2256,0.069550,0.103245,0.115044,0.024538,0.002108,0.00010365
12,87,0.416499,0.000099,17.8853,0.069381,0.103068,0.193378,0.012276,0.000974,0.00010365
12,88,0.375157,0.000094,14.2651,0.069142,0.102568,0.102406,0.012879,0.001580,0.00010365
12,89,0.357170,0.000094,10.7376,0.069238,0.102277,0.110602,0.011840,0.001447,0.00010365
12,90,0.305911,0.000082,9.0266,0.069043,0.102201,0.066013,0.007186,0.000695,0.00010365
12,91,0.344854,0.000091,9.5788,0.068980,0.102010,0.098234,0.012201,0.001449,0.00010365
12,92,0.351119,0.000093,8.9360,0.068885,0.101880,0.089522,0.019388,0.001416,0.00010365
12,93,0.338646,0.000082,14.5139,0.069066,0.101401,0.116973,0.013937,0.001397,0.00010365
12,94,0.297944,0.000069,14.5047,0.069039,0.101559,0.141689,0.004859,0.000934,0.00010365
12,95,0.285102,0.000064,15.4782,0.069209,0.101182,0.112525,0.012767,0.000650,0.00010365
12,96,0.367444,0.000099,10.2389,0.069201,0.101732,0.081991,0.009264,0.001216,0.00010365
12,97,0.416263,0.000104,15.4654,0.069351,0.101568,0.153175,0.010732,0.000791,0.00010365
12,98,0.298395,0.000074,11.8413,0.069419,0.101439,0.116111,0.005039,0.000411,0.00010365
12,99,0.287202,0.000070,11.8426,0.069506,0.101636,0.099732,0.007366,0.000556,0.00010365
12,100,0.233432,0.000058,8.9837,0.069365,0.102032,0.085920,0.007435,0.000414,0.00010365
12,101,0.292800,0.000069,12.8255,0.069565,0.101937,0.129909,0.012587,0.000370,0.00010365
12,102,0.215126,0.000055,7.5997,0.069432,0.101679,0.059090,0.005546,0.000329,0.00010365
12,103,0.339991,0.000086,12.1097,0.069430,0.101411,0.094925,0.017782,0.000428,0.00010365
12,104,0.429688,0.000115,11.3426,0.069342,0.101263,0.120980,0.013377,0.000757,0.00010365
12,105,0.318052,0.000085,8.0984,0.069155,0.101267,0.087363,0.016855,0.000952,0.00010365
12,106,0.349670,0.000083,17.1210,0.069057,0.101118,0.121720,0.007754,0.000844,0.00010365
12,107,0.340801,0.000081,16.0839,0.068978,0.100605,0.117047,0.008723,0.000699,0.00010365
12,108,0.391857,0.000107,9.9167,0.068907,0.101066,0.094068,0.007117,0.001022,0.00010365
12,109,0.284921,0.000070,11.0773,0.068895,0.101483,0.120071,0.010440,0.000768,0.00010365
12,110,0.410377,0.000109,10.5451,0.068946,0.101749,0.105843,0.022558,0.000790,0.00010365
12,111,0.267145,0.000068,9.7739,0.068860,0.102164,0.072151,0.006576,0.000585,0.00010365
12,112,0.280990,0.000071,8.0264,0.068710,0.102039,0.085066,0.026773,0.001097,0.00010365
12,113,0.274355,0.000063,14.3242,0.068833,0.102163,0.108447,0.003141,0.000747,0.00010365
12,114,0.243531,0.000061,9.1844,0.068803,0.102253,0.084208,0.006576,0.000507,0.00010365
12,115,0.257300,0.000056,13.5879,0.068837,0.102517,0.150610,0.009332,0.000391,0.00010365
12,116,0.332830,0.000088,10.3043,0.068765,0.102729,0.084910,0.006756,0.000756,0.00010365
12,117,0.357636,0.000097,9.7700,0.068776,0.103305,0.081381,0.002282,0.001402,0.00010365
12,118,0.301477,0.000079,9.2495,0.068588,0.103128,0.114802,0.004000,0.001664,0.00010365
12,119,0.263398,0.000063,12.3162,0.068411,0.103230,0.089260,0.005546,0.000582,0.00010365
12,120,0.330033,0.000080,14.9202,0.068535,0.103525,0.137891,0.004859,0.000977,0.00010365
12,121,0.302194,0.000075,9.5384,0.068425,0.103831,0.102404,0.030208,0.000892,0.00010365
12,122,0.419653,0.000098,18.4957,0.068653,0.104050,0.142684,0.033854,0.000859,0.00010365
12,123,0.302879,0.000071,14.0918,0.068717,0.104084,0.119024,0.006937,0.000582,0.00010365
12,124,0.239804,0.000061,8.5757,0.068667,0.103794,0.093579,0.003751,0.000587,0.00010365
12,125,0.246947,0.000065,7.3416,0.068463,0.103620,0.065756,0.007186,0.000437,0.00010365
12,126,0.279890,0.000068,12.1431,0.068527,0.103719,0.118422,0.006756,0.000412,0.00010365
12,127,0.283130,0.000072,9.4954,0.068447,0.103413,0.103283,0.006623,0.000643,0.00010365
12,128,0.330056,0.000077,16.5044,0.068505,0.103105,0.118267,0.008654,0.000450,0.00010365
12,129,0.342832,0.000085,13.2193,0.068622,0.103174,0.133669,0.006576,0.000897,0.00010365
12,130,0.268033,0.000065,10.2367,0.068551,0.103085,0.112488,0.016992,0.000714,0.00010365
12,131,0.287901,0.000066,15.3880,0.068503,0.102720,0.105364,0.004429,0.001397,0.00010365
12,132,0.277324,0.000075,7.4376,0.068341,0.103021,0.064148,0.005898,0.000560,0.00010365
12,133,0.318888,0.000081,11.3769,0.068175,0.102955,0.120294,0.007005,0.000642,0.00010365
12,134,0.248224,0.000061,10.3913,0.068239,0.102649,0.104024,0.003570,0.000573,0.00010365
12,135,0.405950,0.000110,10.8265,0.068116,0.102785,0.080650,0.009693,0.000498,0.00010365
12,136,0.378060,0.000105,8.2485,0.068100,0.102810,0.079408,0.011041,0.000524,0.00010365
12,137,0.268323,0.000068,9.7159,0.067986,0.102301,0.104510,0.006688,0.001154,0.00010365
12,138,0.278315,0.000060,16.5605,0.068174,0.101867,0.129284,0.003141,0.000348,0.00010365
12,139,0.236906,0.000060,9.0270,0.068076,0.101711,0.071930,0.001853,0.000445,0.00010365
12,140,0.326315,0.000072,17.5890,0.068304,0.101704,0.178560,0.005289,0.000631,0.00010365
12,141,0.272841,0.000065,11.7884,0.068272,0.101779,0.127589,0.005468,0.000882,0.00010365
12,142,0.256297,0.000060,12.4721,0.068231,0.101557,0.097921,0.002892,0.000443,0.00010365
12,143,0.274859,0.000074,7.6999,0.068134,0.101263,0.061236,0.008293,0.000962,0.00010365
12,144,0.288366,0.000072,11.2959,0.068020,0.101059,0.121493,0.004594,0.000721,0.00010365
12,145,0.279214,0.000075,7.4748,0.067887,0.100998,0.084328,0.007435,0.000406,0.00010365
12,146,0.276749,0.000072,8.6845,0.067789,0.100782,0.065224,0.008585,0.000524,0.00010365
12,147,0.335882,0.000091,8.3010,0.067679,0.100936,0.080185,0.014236,0.000649,0.00010365
12,148,0.258350,0.000058,13.5597,0.067694,0.100749,0.134863,0.003751,0.000675,0.00010365
12,149,0.264992,0.000071,8.0082,0.067534,0.100563,0.056693,0.004180,0.000804,0.00010365
12,150,0.325895,0.000088,8.8860,0.067463,0.100715,0.097851,0.004000,0.000777,0.00010365
12,151,0.243741,0.000062,8.3871,0.067310,0.100891,0.079775,0.006576,0.000424,0.00010365
12,152,0.365847,0.000087,16.3680,0.067372,0.100958,0.139141,0.010122,0.000436,0.00010365
12,153,0.266016,0.000059,16.6054,0.067244,0.101041,0.114577,0.004172,0.000368,0.00010365
12,154,0.354387,0.000096,9.0855,0.067206,0.101096,0.096364,0.007005,0.002230,0.00010365
12,155,0.356435,0.000094,9.7354,0.067195,0.101153,0.103859,0.018323,0.002410,0.00010365
12,156,0.352733,0.000096,8.3457,0.067121,0.101321,0.086829,0.009513,0.002385,0.00010365
12,157,0.421155,0.000096,21.3662,0.067246,0.101232,0.163986,0.016494,0.001673,0.00010365
12,158,0.283892,0.000070,11.6705,0.067290,0.101179,0.081347,0.008363,0.001697,0.00010365
12,159,0.278721,0.000064,13.2415,0.067330,0.101245,0.136526,0.010372,0.001437,0.00010365
12,160,0.271743,0.000067,9.9698,0.067326,0.101333,0.109429,0.014777,0.000940,0.00010365
12,161,0.278685,0.000074,8.2769,0.067254,0.101229,0.063797,0.008209,0.001118,0.00010365
12,162,0.290435,0.000075,8.8923,0.067119,0.101028,0.092817,0.012948,0.000787,0.00010365
12,163,0.338378,0.000078,16.4159,0.067202,0.101118,0.161975,0.010801,0.000723,0.00010365
12,164,0.345071,0.000088,12.1980,0.067227,0.101145,0.096861,0.010440,0.000931,0.00010365
12,165,0.383638,0.000096,14.5514,0.067400,0.101067,0.125544,0.009942,0.000990,0.00010365
12,166,0.329092,0.000088,9.1261,0.067389,0.101417,0.090282,0.007186,0.001472,0.00010365
12,167,0.410978,0.000113,10.0824,0.067428,0.101251,0.080666,0.009513,0.001966,0.00010365
12,168,0.320182,0.000086,8.7733,0.067322,0.101568,0.092939,0.005717,0.001359,0.00010365
12,169,0.343409,0.000088,12.4288,0.067359,0.101646,0.104963,0.005717,0.001877,0.00010365
12,170,0.218571,0.000057,6.7917,0.067243,0.101694,0.072559,0.004172,0.000784,0.00010365
12,171,0.359314,0.000089,14.8014,0.067163,0.101545,0.101635,0.012450,0.001186,0.00010365
12,172,0.315093,0.000084,8.6323,0.067087,0.101494,0.068810,0.013308,0.000874,0.00010365
12,173,0.297253,0.000079,8.9477,0.067047,0.101332,0.090571,0.005468,0.000548,0.00010365
12,174,0.314946,0.000078,12.5768,0.067017,0.101285,0.140341,0.003141,0.000623,0.00010365
12,175,0.320122,0.000086,9.2743,0.066898,0.101559,0.063665,0.004000,0.001315,0.00010365
12,176,0.284969,0.000073,9.2331,0.066791,0.101701,0.118540,0.007186,0.000465,0.00010365
12,177,0.234198,0.000063,6.2792,0.066670,0.101581,0.067737,0.004000,0.000504,0.00010365
12,178,0.279710,0.000066,13.8719,0.066753,0.101483,0.106181,0.002480,0.000344,0.00010365
12,179,0.260298,0.000069,7.5635,0.066659,0.101138,0.074952,0.004859,0.001012,0.00010365
12,180,0.370485,0.000098,11.4093,0.066665,0.101248,0.087113,0.007976,0.000980,0.00010365
12,181,0.319476,0.000088,8.0172,0.066591,0.101420,0.066665,0.007186,0.000638,0.00010365
12,182,0.431213,0.000110,15.2420,0.066608,0.101404,0.155809,0.007117,0.000807,0.00010365
12,183,0.228995,0.000056,8.3768,0.066563,0.101092,0.080773,0.015816,0.000653,0.00010365
12,184,0.308915,0.000081,9.4468,0.066554,0.101170,0.087569,0.006756,0.000681,0.00010365
12,185,0.310518,0.000076,13.6912,0.066469,0.101009,0.097432,0.005898,0.000695,0.00010365
12,186,0.226592,0.000061,6.1795,0.066341,0.101131,0.063471,0.004429,0.000344,0.00010365
12,187,0.279922,0.000056,19.3219,0.066317,0.101157,0.157530,0.002798,0.000307,0.00010365
12,188,0.329309,0.000090,9.1999,0.066211,0.101409,0.065262,0.002712,0.000486,0.00010365
12,189,0.294957,0.000057,21.5573,0.066219,0.101471,0.211649,0.004429,0.000377,0.00010365
12,190,0.271002,0.000071,8.3522,0.066123,0.101355,0.092148,0.004429,0.000595,0.00010365
12,191,0.300441,0.000073,12.9909,0.066130,0.101369,0.098052,0.007864,0.000551,0.00010365
12,192,0.328805,0.000091,7.1294,0.066027,0.101359,0.061709,0.012948,0.001309,0.00010365
12,193,0.299935,0.000060,19.3888,0.066213,0.101271,0.197504,0.007864,0.000646,0.00010365
12,194,0.293386,0.000070,12.3619,0.066184,0.101462,0.135047,0.007186,0.000874,0.00010365
12,195,0.287932,0.000076,9.3331,0.066162,0.101459,0.078233,0.003009,0.000273,0.00010365
12,196,0.295915,0.000074,11.8445,0.066071,0.101361,0.076403,0.010234,0.000831,0.00010365
12,197,0.262345,0.000068,8.3226,0.066010,0.101384,0.093865,0.008225,0.000494,0.00010365
12,198,0.264407,0.000066,9.9126,0.065979,0.101484,0.109952,0.006576,0.000636,0.00010365
12,199,0.321225,0.000085,10.3309,0.065896,0.101444,0.068489,0.005288,0.000947,0.00010365
12,200,0.261548,0.000064,10.8002,0.065887,0.101524,0.121825,0.004429,0.000520,0.00010365
12,201,0.234715,0.000061,8.2051,0.065777,0.101366,0.058003,0.005288,0.000263,0.00010365
12,202,0.240275,0.000060,8.8131,0.065674,0.101263,0.105830,0.003321,0.000393,0.00010365
12,203,0.314506,0.000083,9.5084,0.065705,0.101022,0.098432,0.007005,0.000660,0.00010365
12,204,0.245912,0.000060,11.0491,0.065607,0.101016,0.072845,0.006919,0.000570,0.00010365
12,205,0.343484,0.000093,8.1919,0.065562,0.100977,0.084983,0.014528,0.000570,0.00010365
12,206,0.296148,0.000071,13.2915,0.065570,0.100990,0.096553,0.008044,0.001239,0.00010365
12,207,0.271017,0.000069,8.5664,0.065536,0.100851,0.080555,0.018759,0.001152,0.00010365
12,208,0.320249,0.000073,16.2892,0.065777,0.100532,0.154979,0.009332,0.000940,0.00010365
12,209,0.300004,0.000074,12.4272,0.065882,0.100320,0.112568,0.009083,0.000876,0.00010365
12,210,0.258219,0.000065,9.7831,0.065891,0.100274,0.076933,0.005039,0.000603,0.00010365
12,211,0.380259,0.000102,9.3929,0.065884,0.100459,0.087109,0.022686,0.001797,0.00010365
12,212,0.298635,0.000067,15.5484,0.066083,0.100298,0.157690,0.009710,0.001614,0.00010365
12,213,0.301381,0.000077,10.2034,0.066148,0.100483,0.103144,0.012587,0.001846,0.00010365
12,214,0.351650,0.000082,16.9499,0.066168,0.100406,0.133290,0.015386,0.001172,0.00010365
12,215,0.300852,0.000071,14.5706,0.066136,0.100483,0.097915,0.008474,0.001411,0.00010365
12,216,0.289640,0.000071,11.8270,0.066078,0.100418,0.118391,0.006147,0.000565,0.00010365
12,217,0.392927,0.000107,9.8489,0.066097,0.100371,0.085175,0.014665,0.000718,0.00010365
12,218,0.451680,0.000126,9.3987,0.066086,0.100672,0.084508,0.014279,0.001279,0.00010365
12,219,0.273805,0.000068,10.4426,0.066057,0.100548,0.098954,0.011411,0.001078,0.00010365
12,220,0.231561,0.000057,8.7917,0.066005,0.100328,0.086258,0.007435,0.000856,0.00010365
12,221,0.271027,0.000069,9.7590,0.065997,0.100404,0.100678,0.005546,0.000532,0.00010365
12,222,0.412460,0.000103,15.8032,0.066002,0.100510,0.116430,0.012495,0.000913,0.00010365
12,223,0.328276,0.000086,9.5641,0.065952,0.100594,0.094608,0.011729,0.000894,0.00010365
12,224,0.393742,0.000102,13.6894,0.065901,0.100472,0.097553,0.010483,0.001060,0.00010365
12,225,0.263746,0.000066,9.7427,0.065823,0.100319,0.113889,0.005288,0.000409,0.00010365
12,226,0.338221,0.000091,9.4244,0.065797,0.100138,0.074046,0.006507,0.000852,0.00010365
12,227,0.333520,0.000091,8.8861,0.065767,0.099880,0.073671,0.006576,0.000416,0.00010365
12,228,0.320775,0.000083,10.7527,0.065750,0.099792,0.113240,0.006576,0.000772,0.00010365
12,229,0.384399,0.000108,7.8528,0.065704,0.099751,0.073862,0.010101,0.000437,0.00010365
12,230,0.266299,0.000069,8.9683,0.065701,0.099588,0.080077,0.004859,0.000559,0.00010365
12,231,0.292080,0.000074,10.4460,0.065659,0.099611,0.080450,0.012450,0.000894,0.00010365
12,232,0.293292,0.000067,15.0328,0.065662,0.099467,0.153236,0.005648,0.000670,0.00010365
12,233,0.249957,0.000064,8.8213,0.065604,0.099488,0.095843,0.004000,0.000977,0.00010365
12,234,0.271184,0.000067,11.5354,0.065524,0.099431,0.079862,0.003570,0.000986,0.00010365
12,235,0.242621,0.000060,10.1445,0.065464,0.099351,0.079542,0.004429,0.000386,0.00010365
12,236,0.442406,0.000119,11.7296,0.065445,0.099769,0.122887,0.011840,0.000791,0.00010365
12,237,0.359064,0.000088,15.6387,0.065471,0.099707,0.123660,0.002892,0.001368,0.00010365
12,238,0.241347,0.000057,11.5093,0.065382,0.099965,0.120871,0.002798,0.000509,0.00010365
12,239,0.268430,0.000070,8.6849,0.065303,0.099855,0.068165,0.006327,0.000825,0.00010365
12,240,0.354550,0.000095,10.0706,0.065336,0.099908,0.096825,0.007615,0.001018,0.00010365
12,241,0.255602,0.000066,7.7285,0.065280,0.100027,0.075504,0.011411,0.000778,0.00010365
12,242,0.266176,0.000065,10.9658,0.065278,0.100075,0.112637,0.005039,0.001007,0.00010365
12,243,0.236542,0.000059,9.7160,0.065176,0.100054,0.060441,0.005039,0.000509,0.00010365
12,244,0.287361,0.000073,10.6729,0.065154,0.100050,0.084187,0.008044,0.000901,0.00010365
12,245,0.325795,0.000080,13.2787,0.065142,0.100144,0.145063,0.005288,0.000503,0.00010365
12,246,0.278107,0.000073,8.3627,0.065058,0.100256,0.108581,0.004594,0.001270,0.00010365
12,247,0.276120,0.000070,10.3829,0.064995,0.100293,0.083006,0.004859,0.001206,0.00010365
12,248,0.311802,0.000081,10.3859,0.064980,0.100413,0.076514,0.010191,0.000790,0.00010365
12,249,0.308028,0.000070,15.7584,0.064981,0.100408,0.164729,0.004429,0.000354,0.00010365
12,250,0.317702,0.000079,12.6575,0.064925,0.100590,0.134458,0.004429,0.000465,0.00010365
12,251,0.289535,0.000067,14.7840,0.065007,0.100473,0.115604,0.003570,0.000545,0.00010365
12,252,0.244944,0.000058,12.2575,0.064943,0.100509,0.084026,0.001853,0.000338,0.00010365
12,253,0.407973,0.000104,14.1709,0.064999,0.100436,0.145345,0.009942,0.001151,0.00010365
12,254,0.324282,0.000085,10.3493,0.064935,0.100469,0.117178,0.002892,0.001078,0.00010365
12,255,0.391972,0.000096,17.0364,0.065023,0.100606,0.134517,0.004748,0.000503,0.00010365
12,256,0.272683,0.000070,8.7034,0.064972,0.100527,0.066875,0.013987,0.000962,0.00010365
12,257,0.297890,0.000071,13.0984,0.065023,0.100457,0.131462,0.007864,0.000684,0.00010365
12,258,0.259105,0.000069,7.5608,0.064986,0.100319,0.073430,0.004000,0.000491,0.00010365
12,259,0.421003,0.000113,12.2611,0.065069,0.100308,0.107309,0.004859,0.001827,0.00010365
12,260,0.286613,0.000072,11.2700,0.065054,0.100373,0.087255,0.004180,0.000834,0.00010365
12,261,0.394937,0.000106,10.7203,0.065077,0.100262,0.106829,0.008474,0.000863,0.00010365
12,262,0.281659,0.000076,7.7533,0.065005,0.100304,0.080196,0.001424,0.001257,0.00010365
12,263,0.282487,0.000060,17.7105,0.065058,0.100361,0.140402,0.002480,0.000443,0.00010365
12,264,0.257194,0.000059,13.6498,0.065076,0.100389,0.097976,0.005219,0.000441,0.00010365
12,265,0.292893,0.000076,9.5485,0.065063,0.100529,0.104253,0.002282,0.000841,0.00010365
12,266,0.262768,0.000066,9.3669,0.065005,0.100483,0.109928,0.007435,0.000389,0.00010365
12,267,0.407167,0.000096,19.3617,0.065007,0.100465,0.143213,0.010081,0.000921,0.00010365
12,268,0.313815,0.000081,11.0575,0.064931,0.100393,0.076249,0.003141,0.000766,0.00010365
12,269,0.338660,0.000083,13.1413,0.064984,0.100400,0.145065,0.010870,0.000398,0.00010365
12,270,0.263158,0.000070,7.4630,0.064914,0.100293,0.078481,0.004859,0.000541,0.00010365
12,271,0.296312,0.000067,15.8554,0.065048,0.100478,0.123750,0.006327,0.000578,0.00010365
12,272,0.263440,0.000061,13.8093,0.065077,0.100488,0.134274,0.002798,0.000554,0.00010365
12,273,0.402975,0.000105,11.5212,0.065062,0.100534,0.078660,0.030760,0.001338,0.00010365
12,274,0.332619,0.000074,17.2373,0.065051,0.100491,0.178503,0.015773,0.001281,0.00010365
12,275,0.312350,0.000085,7.7145,0.065009,0.100423,0.071849,0.006576,0.001000,0.00010365
12,276,0.245793,0.000063,8.6323,0.064976,0.100429,0.075289,0.006756,0.000459,0.00010365
12,277,0.239072,0.000064,6.6360,0.064907,0.100432,0.060606,0.005039,0.000456,0.00010365
12,278,0.358177,0.000091,11.7501,0.064947,0.100384,0.128675,0.014666,0.000778,0.00010365
12,279,0.266147,0.000068,9.4869,0.064890,0.100479,0.080788,0.006507,0.000552,0.00010365
12,280,0.546515,0.000148,12.3043,0.064911,0.100502,0.131883,0.031738,0.001621,0.00010365
12,281,0.227042,0.000058,7.8755,0.064836,0.100483,0.084713,0.004000,0.000271,0.00010365
12,282,0.371296,0.000083,20.6323,0.064886,0.100516,0.159436,0.009264,0.000599,0.00010365
12,283,0.310423,0.000074,15.1586,0.064821,0.100473,0.107655,0.009582,0.000473,0.00010365
12,284,0.302280,0.000078,9.3484,0.064848,0.100420,0.085997,0.014236,0.000530,0.00010365
12,285,0.289943,0.000076,8.9539,0.064799,0.100474,0.104946,0.006147,0.000739,0.00010365
12,286,0.257688,0.000067,8.0725,0.064729,0.100376,0.076474,0.005288,0.000454,0.00010365
12,287,0.355015,0.000091,12.6719,0.064774,0.100423,0.095937,0.004859,0.001094,0.00010365
12,288,0.285222,0.000079,6.9156,0.064710,0.100458,0.061814,0.004000,0.000750,0.00010365
12,289,0.311736,0.000061,21.7579,0.064786,0.100539,0.221955,0.004172,0.000665,0.00010365
12,290,0.405640,0.000103,13.8923,0.064834,0.100536,0.139341,0.015704,0.001203,0.00010365
12,291,0.354162,0.000089,13.5614,0.064868,0.100477,0.113006,0.007615,0.001107,0.00010365
12,292,0.223289,0.000057,7.5236,0.064813,0.100362,0.076378,0.003570,0.000518,0.00010365
12,293,0.326415,0.000074,17.3075,0.064893,0.100320,0.135908,0.006756,0.000665,0.00010365
12,294,0.306021,0.000072,14.7913,0.064958,0.100430,0.130690,0.007435,0.000844,0.00010365
12,295,0.392021,0.000102,12.9189,0.065021,0.100267,0.109981,0.007795,0.001217,0.00010365
12,296,0.364570,0.000098,10.5892,0.065071,0.100283,0.099166,0.005039,0.000991,0.00010365
12,297,0.366413,0.000092,13.4770,0.065083,0.100369,0.140914,0.010851,0.001655,0.00010365
12,298,0.289785,0.000074,10.2615,0.065082,0.100383,0.096801,0.003141,0.000723,0.00010365
12,299,0.299200,0.000071,13.6764,0.065121,0.100444,0.140393,0.004859,0.000384,0.00010365
12,300,0.232690,0.000062,7.2170,0.065058,0.100507,0.063899,0.003570,0.000511,0.00010365
12,301,0.256276,0.000066,8.6778,0.065014,0.100520,0.100443,0.001853,0.000418,0.00010365
12,302,0.268950,0.000070,9.1652,0.064978,0.100501,0.070570,0.005288,0.000613,0.00010365
12,303,0.248278,0.000066,6.7867,0.064913,0.100413,0.075216,0.005898,0.000593,0.00010365
12,304,0.272687,0.000071,8.5671,0.064876,0.100350,0.093927,0.007976,0.000738,0.00010365
12,305,0.338316,0.000084,14.1262,0.064912,0.100229,0.098400,0.006147,0.000671,0.00010365
12,306,0.422197,0.000111,14.0391,0.064914,0.100252,0.105407,0.006919,0.000726,0.00010365
12,307,0.358295,0.000092,12.2604,0.064964,0.100404,0.117392,0.005898,0.001080,0.00010365
12,308,0.406282,0.000109,10.5123,0.064970,0.100440,0.106853,0.015524,0.000910,0.00010365
12,309,0.332382,0.000075,17.2887,0.065054,0.100265,0.176050,0.005288,0.000684,0.00010365
12,310,0.240706,0.000058,10.6019,0.065029,0.100208,0.080803,0.006576,0.000659,0.00010365
12,311,0.245061,0.000061,9.6490,0.064998,0.100206,0.071186,0.005039,0.000632,0.00010365
12,312,0.266214,0.000071,7.4975,0.064930,0.100163,0.081911,0.004429,0.000914,0.00010365
12,313,0.223683,0.000058,7.5422,0.064867,0.100008,0.068125,0.006147,0.000534,0.00010365
12,314,0.263704,0.000068,9.2721,0.064852,0.100056,0.078043,0.005651,0.000657,0.00010365
12,315,0.403079,0.000111,9.9716,0.064797,0.100045,0.067087,0.007297,0.001430,0.00010365
12,316,0.472150,0.000125,13.1201,0.064782,0.100220,0.140467,0.014528,0.001583,0.00010365
12,317,0.405339,0.000110,10.0469,0.064740,0.100432,0.113482,0.006147,0.001084,0.00010365
12,318,0.325966,0.000085,11.4984,0.064697,0.100433,0.080917,0.003751,0.000677,0.00010365
12,319,0.281557,0.000071,10.4479,0.064706,0.100448,0.111065,0.005898,0.000992,0.00010365
12,320,0.370060,0.000100,9.4601,0.064650,0.100384,0.065460,0.014528,0.001201,0.00010365
12,321,0.288912,0.000076,8.6371,0.064594,0.100385,0.099588,0.006147,0.000884,0.00010365
12,322,0.353118,0.000097,8.4594,0.064560,0.100495,0.069227,0.007186,0.000375,0.00010365
12,323,0.255434,0.000064,9.3754,0.064564,0.100564,0.098292,0.010319,0.000233,0.00010365
12,324,0.402580,0.000112,8.6532,0.064530,0.100782,0.075088,0.007615,0.001634,0.00010365
12,325,0.412247,0.000111,10.7356,0.064534,0.100722,0.107342,0.012630,0.001450,0.00010365
12,326,0.367692,0.000100,8.9398,0.064510,0.100715,0.083608,0.009513,0.001488,0.00010365
12,327,0.503722,0.000137,12.6181,0.064520,0.100854,0.096398,0.017419,0.001884,0.00010365
12,328,0.435044,0.000117,11.1007,0.064545,0.100853,0.103850,0.013059,0.001986,0.00010365
12,329,0.423156,0.000110,13.3374,0.064609,0.101139,0.114221,0.010465,0.001511,0.00010365
12,330,0.400477,0.000108,10.2412,0.064605,0.101190,0.095951,0.013763,0.002023,0.00010365
12,331,0.412242,0.000107,12.9852,0.064653,0.101068,0.104379,0.014688,0.001864,0.00010365
12,332,0.417863,0.000117,9.3266,0.064648,0.101071,0.078508,0.007795,0.000856,0.00010365
12,333,0.353814,0.000091,11.8818,0.064665,0.101030,0.103490,0.008834,0.000720,0.00010365
12,334,0.447192,0.000114,15.5770,0.064650,0.101084,0.154799,0.012381,0.000939,0.00010365
12,335,0.319798,0.000086,8.9962,0.064601,0.101058,0.092538,0.002282,0.001372,0.00010365
12,336,0.278218,0.000063,15.2293,0.064598,0.101187,0.115021,0.004000,0.000527,0.00010365
12,337,0.405501,0.000106,14.0290,0.064592,0.101180,0.100073,0.004859,0.000768,0.00010365
12,338,0.267875,0.000063,12.4886,0.064610,0.101224,0.125142,0.007186,0.000569,0.00010365
12,339,0.371715,0.000103,8.1706,0.064584,0.101021,0.069185,0.012588,0.000669,0.00010365
12,340,0.260327,0.000059,12.9790,0.064579,0.100914,0.133620,0.008293,0.000773,0.00010365
12,341,0.344757,0.000089,11.3181,0.064538,0.100768,0.115998,0.009762,0.000909,0.00010365
12,342,0.450987,0.000119,11.8928,0.064575,0.100829,0.091952,0.031317,0.001183,0.00010365
12,343,0.451747,0.000124,9.7682,0.064584,0.100800,0.082944,0.018462,0.001827,0.00010365
12,344,0.397884,0.000107,10.3352,0.064590,0.100862,0.103781,0.013309,0.001136,0.00010365
12,345,0.345032,0.000092,8.8685,0.064559,0.100740,0.095749,0.017036,0.000798,0.00010365
12,346,0.377858,0.000097,12.4556,0.064562,0.100724,0.094981,0.018297,0.001364,0.00010365
12,347,0.373007,0.000102,8.8603,0.064533,0.100688,0.066468,0.014236,0.001034,0.00010365
12,348,0.393906,0.000101,13.8588,0.064512,0.100536,0.139957,0.007987,0.001096,0.00010365
12,349,0.286927,0.000077,7.7121,0.064478,0.100462,0.088101,0.005717,0.001038,0.00010365
12,350,0.338593,0.000088,12.0342,0.064433,0.100490,0.091242,0.004000,0.000535,0.00010365
12,351,0.462759,0.000125,12.1039,0.064472,0.100678,0.096185,0.018641,0.001242,0.00010365
12,352,0.330862,0.000090,7.9647,0.064439,0.100771,0.085304,0.008793,0.000529,0.00010365
12,353,0.319528,0.000077,13.9793,0.064486,0.100800,0.116278,0.005898,0.000496,0.00010365
12,354,0.299186,0.000083,6.8238,0.064442,0.100694,0.070783,0.002712,0.000264,0.00010365
12,355,0.352438,0.000095,9.8828,0.064485,0.100722,0.088448,0.005468,0.000922,0.00010365
12,356,0.288740,0.000067,15.5341,0.064442,0.100901,0.108035,0.002712,0.000345,0.00010365
12,357,0.250925,0.000062,10.6940,0.064368,0.100910,0.069236,0.002798,0.000376,0.00010365
12,358,0.363358,0.000077,20.6746,0.064355,0.100895,0.211538,0.019611,0.000430,0.00010365
12,359,0.320147,0.000074,15.1629,0.064333,0.100806,0.163446,0.009264,0.000553,0.00010365
12,360,0.240251,0.000062,7.8161,0.064294,0.100845,0.065471,0.006937,0.000423,0.00010365
12,361,0.410616,0.000104,13.7720,0.064345,0.100801,0.140613,0.022935,0.001030,0.00010365
12,362,0.791641,0.000214,17.7448,0.064400,0.100846,0.153329,0.059800,0.001841,0.00010365
12,363,0.643957,0.000167,20.0670,0.064510,0.100776,0.162339,0.033519,0.002242,0.00010365
12,364,0.611622,0.000164,15.6038,0.064569,0.100724,0.132876,0.033076,0.002146,0.00010365
12,365,0.638972,0.000171,15.8110,0.064630,0.100674,0.147801,0.035798,0.002539,0.00010365
12,366,0.424555,0.000113,12.6678,0.064627,0.100578,0.084822,0.014888,0.001662,0.00010365
12,367,0.476996,0.000121,14.0774,0.064627,0.100579,0.156029,0.039894,0.001533,0.00010365
12,368,0.282821,0.000074,7.6723,0.064578,0.100465,0.061299,0.018530,0.000949,0.00010365
12,369,0.376157,0.000093,13.7088,0.064613,0.100583,0.146520,0.021578,0.001352,0.00010365
12,370,0.320338,0.000082,10.9686,0.064606,0.100656,0.109155,0.010191,0.001242,0.00010365
12,371,0.360771,0.000095,11.2424,0.064631,0.100769,0.114939,0.007366,0.001094,0.00010365
12,372,0.248066,0.000063,9.3063,0.064589,0.100861,0.071328,0.003570,0.000780,0.00010365
12,373,0.297544,0.000076,10.4481,0.064620,0.100924,0.101920,0.003141,0.000935,0.00010365
12,374,0.215754,0.000054,8.3311,0.064549,0.100983,0.054287,0.006919,0.000399,0.00010365
12,375,0.302492,0.000068,15.6813,0.064624,0.101020,0.154185,0.009513,0.000443,0.00010365
12,376,0.333642,0.000082,13.0830,0.064622,0.100950,0.132170,0.012949,0.000560,0.00010365
12,377,0.317536,0.000079,12.2207,0.064613,0.100905,0.096148,0.010981,0.000527,0.00010365
12,378,0.315439,0.000085,8.6011,0.064583,0.100888,0.069165,0.010011,0.000569,0.00010365
12,379,0.273557,0.000060,13.9502,0.064611,0.100963,0.141682,0.015095,0.000623,0.00010365
12,380,0.259676,0.000060,12.1939,0.064564,0.101003,0.120563,0.011050,0.000680,0.00010365
12,381,0.309867,0.000077,12.6183,0.064627,0.100980,0.108589,0.004429,0.001334,0.00010365
12,382,0.228235,0.000061,6.6049,0.064576,0.100965,0.058849,0.003009,0.000393,0.00010365
12,383,0.407033,0.000098,17.7959,0.064692,0.100972,0.168544,0.011591,0.000906,0.00010365
12,384,0.299941,0.000077,10.5449,0.064678,0.100838,0.089955,0.006756,0.000814,0.00010365
12,385,0.258228,0.000065,10.0139,0.064717,0.100834,0.094980,0.003751,0.000887,0.00010365
12,386,0.237106,0.000061,7.7797,0.064697,0.100823,0.084676,0.003321,0.000625,0.00010365
12,387,0.323709,0.000083,11.8107,0.064740,0.100727,0.109447,0.004790,0.001368,0.00010365
12,388,0.378723,0.000105,8.9257,0.064723,0.100764,0.069175,0.008293,0.001512,0.00010365
12,389,0.282257,0.000074,8.8674,0.064718,0.100782,0.091857,0.005468,0.000853,0.00010365
12,390,0.245822,0.000065,6.9090,0.064660,0.100840,0.073824,0.004609,0.000600,0.00010365
12,391,0.273857,0.000058,16.7297,0.064731,0.100940,0.175117,0.001424,0.000431,0.00010365
13,1,0.479800,0.000124,15.3468,0.073175,0.112916,0.110832,0.023373,0.001847,0.00006183
13,2,0.459209,0.000125,10.7604,0.066135,0.122803,0.088020,0.020042,0.001772,0.00006183
13,3,0.377050,0.000102,9.1754,0.063997,0.101734,0.074735,0.017243,0.001685,0.00006183
13,4,0.434422,0.000111,14.4548,0.063382,0.115911,0.151202,0.014444,0.001663,0.00006183
13,5,0.381306,0.000098,12.1752,0.061939,0.116057,0.135016,0.014204,0.001367,0.00006183
13,6,0.429056,0.000118,9.3260,0.060475,0.116874,0.079066,0.022153,0.001539,0.00006183
13,7,0.376210,0.000103,8.9763,0.060160,0.116794,0.083874,0.009021,0.002166,0.00006183
13,8,0.376349,0.000098,11.9931,0.059253,0.113158,0.082624,0.013395,0.001837,0.00006183
13,9,0.369257,0.000100,8.8054,0.058200,0.113395,0.089435,0.014444,0.001717,0.00006183
13,10,0.445972,0.000120,11.7533,0.058510,0.115099,0.110631,0.014528,0.001567,0.00006183
13,11,0.369962,0.000100,9.3823,0.057666,0.116843,0.088306,0.011479,0.001534,0.00006183
13,12,0.385520,0.000105,9.2266,0.057781,0.120041,0.079996,0.016453,0.001372,0.00006183
13,13,0.419028,0.000113,10.9138,0.057529,0.119262,0.122873,0.010552,0.001592,0.00006183
13,14,0.405984,0.000112,8.4896,0.057755,0.117156,0.076434,0.018074,0.001518,0.00006183
13,15,0.460654,0.000120,14.6633,0.058078,0.115088,0.113540,0.017809,0.001870,0.00006183
13,16,0.377231,0.000103,9.8276,0.057653,0.117370,0.069100,0.006937,0.001837,0.00006183
13,17,0.333763,0.000082,13.3869,0.057672,0.116852,0.138336,0.008293,0.001509,0.00006183
13,18,0.353131,0.000093,10.2228,0.057359,0.116732,0.114672,0.010483,0.001434,0.00006183
13,19,0.358141,0.000098,8.4073,0.057547,0.114793,0.074512,0.011660,0.001086,0.00006183
13,20,0.356971,0.000097,8.6830,0.057182,0.117684,0.078387,0.012561,0.001293,0.00006183
13,21,0.356262,0.000091,11.7519,0.057720,0.116136,0.120875,0.010801,0.001282,0.00006183
13,22,0.340433,0.000094,7.4712,0.057292,0.117709,0.082827,0.011935,0.001253,0.00006183
13,23,0.344345,0.000091,10.6538,0.057196,0.117811,0.075793,0.007186,0.001413,0.00006183
13,24,0.348144,0.000096,8.2446,0.056831,0.119495,0.067753,0.007795,0.001768,0.00006183
13,25,0.301824,0.000083,7.2725,0.056468,0.118347,0.078258,0.004288,0.001411,0.00006183
13,26,0.336811,0.000088,9.8643,0.056790,0.118040,0.094484,0.014528,0.000852,0.00006183
13,27,0.299179,0.000075,11.4202,0.056622,0.117433,0.117205,0.005829,0.001068,0.00006183
13,28,0.275608,0.000067,11.1449,0.056650,0.116402,0.084809,0.014596,0.000614,0.00006183
13,29,0.394872,0.000105,10.4009,0.056583,0.115421,0.074779,0.022513,0.001628,0.00006183
13,30,0.283113,0.000074,7.9872,0.056588,0.113911,0.082762,0.016494,0.001461,0.00006183
13,31,0.251197,0.000067,6.8988,0.056171,0.113848,0.073103,0.006576,0.000818,0.00006183
13,32,0.254863,0.000068,7.3785,0.055834,0.111981,0.056499,0.005039,0.000989,0.00006183
13,33,0.292847,0.000079,7.5906,0.055645,0.112079,0.075118,0.005648,0.001100,0.00006183
13,34,0.246036,0.000055,13.7491,0.055874,0.111966,0.109002,0.004172,0.000721,0.00006183
13,35,0.369864,0.000100,9.3312,0.055781,0.111235,0.068240,0.012767,0.001464,0.00006183
13,36,0.374956,0.000100,9.7103,0.055855,0.111556,0.103837,0.015207,0.001581,0.00006183
13,37,0.377494,0.000106,7.3963,0.055814,0.112463,0.073322,0.012159,0.001620,0.00006183
13,38,0.348848,0.000094,9.5731,0.056139,0.111682,0.089180,0.004000,0.001358,0.00006183
13,39,0.360614,0.000096,10.6859,0.056047,0.110865,0.085625,0.006756,0.001468,0.00006183
13,40,0.346933,0.000095,8.4943,0.056130,0.110327,0.084787,0.008903,0.001323,0.00006183
13,41,0.365069,0.000102,7.5341,0.055986,0.111220,0.062489,0.012207,0.001830,0.00006183
13,42,0.366532,0.000099,9.4321,0.055993,0.110180,0.102354,0.004066,0.001884,0.00006183
13,43,0.411755,0.000111,10.5416,0.056203,0.110639,0.102119,0.012589,0.000789,0.00006183
13,44,0.344387,0.000093,8.3201,0.056354,0.111519,0.073943,0.017035,0.000564,0.00006183
13,45,0.267970,0.000071,8.1962,0.056198,0.110877,0.067726,0.005717,0.000633,0.00006183
13,46,0.304029,0.000079,9.8334,0.056141,0.110606,0.110124,0.005288,0.001012,0.00006183
13,47,0.278446,0.000074,7.5891,0.056091,0.110725,0.079962,0.006937,0.000600,0.00006183
13,48,0.351464,0.000097,8.6845,0.056051,0.110539,0.064940,0.005468,0.000546,0.00006183
13,49,0.359402,0.000095,9.0504,0.056256,0.109930,0.083368,0.024120,0.001621,0.00006183
13,50,0.293394,0.000080,7.3331,0.056088,0.109332,0.075033,0.004429,0.001668,0.00006183
13,51,0.313685,0.000076,13.5299,0.056219,0.109619,0.099301,0.009447,0.000349,0.00006183
13,52,0.364536,0.000097,10.1580,0.056210,0.109986,0.078468,0.011915,0.001527,0.00006183
13,53,0.354991,0.000094,9.5790,0.056233,0.109970,0.101090,0.015704,0.001346,0.00006183
13,54,0.334682,0.000092,7.4789,0.056142,0.110410,0.077546,0.012158,0.001214,0.00006183
13,55,0.318489,0.000078,13.2171,0.056247,0.109341,0.100043,0.007435,0.001011,0.00006183
13,56,0.379676,0.000098,13.9515,0.056248,0.109730,0.096860,0.006937,0.001398,0.00006183
13,57,0.336324,0.000093,7.4511,0.056129,0.109781,0.068567,0.011840,0.001487,0.00006183
13,58,0.345725,0.000095,8.3010,0.056130,0.110722,0.087087,0.005376,0.001849,0.00006183
13,59,0.362906,0.000100,8.0345,0.056115,0.110547,0.078061,0.008124,0.001557,0.00006183
13,60,0.301974,0.000074,13.4436,0.056160,0.109918,0.083912,0.006438,0.000655,0.00006183
13,61,0.278672,0.000071,10.8466,0.056134,0.109918,0.066948,0.004429,0.000473,0.00006183
13,62,0.280589,0.000073,7.4568,0.056021,0.110323,0.089330,0.019792,0.000688,0.00006183
13,63,0.252888,0.000066,7.5452,0.056000,0.109086,0.068486,0.012089,0.000979,0.00006183
13,64,0.394522,0.000108,9.0703,0.056099,0.108215,0.090497,0.013308,0.001541,0.00006183
13,65,0.359564,0.000099,8.1453,0.055995,0.107763,0.065308,0.014852,0.001103,0.00006183
13,66,0.330967,0.000089,8.5268,0.055879,0.107960,0.102430,0.009873,0.001290,0.00006183
13,67,0.287589,0.000070,11.6728,0.055969,0.107261,0.127916,0.009762,0.000699,0.00006183
13,68,0.235957,0.000057,10.1986,0.055758,0.108029,0.090990,0.008870,0.000675,0.00006183
13,69,0.370266,0.000085,17.9191,0.056395,0.108229,0.160059,0.014167,0.000699,0.00006183
13,70,0.326787,0.000079,13.4340,0.056644,0.108415,0.111598,0.013918,0.000798,0.00006183
13,71,0.242798,0.000063,8.2999,0.056566,0.107984,0.066380,0.006147,0.000963,0.00006183
13,72,0.352131,0.000093,10.5038,0.056560,0.107687,0.122498,0.006576,0.000396,0.00006183
13,73,0.349728,0.000094,9.5970,0.056414,0.108219,0.109920,0.007005,0.000470,0.00006183
13,74,0.300796,0.000080,8.5274,0.056420,0.108998,0.078516,0.006576,0.000803,0.00006183
13,75,0.358163,0.000098,8.3002,0.056344,0.108780,0.079923,0.010303,0.001269,0.00006183
13,76,0.276582,0.000070,10.1832,0.056526,0.108601,0.100659,0.004066,0.000815,0.00006183
13,77,0.477099,0.000124,15.7804,0.056660,0.108003,0.116070,0.012950,0.000835,0.00006183
13,78,0.413465,0.000113,9.6078,0.056642,0.107696,0.105641,0.011881,0.001031,0.00006183
13,79,0.447615,0.000121,12.2822,0.056990,0.107610,0.116656,0.007864,0.000754,0.00006183
13,80,0.505765,0.000138,11.4690,0.057088,0.107798,0.105350,0.021967,0.001185,0.00006183
13,81,0.383491,0.000104,10.2759,0.057322,0.107622,0.088387,0.007435,0.001258,0.00006183
13,82,0.317927,0.000082,11.3009,0.057461,0.107226,0.081512,0.005039,0.000778,0.00006183
13,83,0.276587,0.000076,7.1986,0.057349,0.107446,0.059820,0.003751,0.000766,0.00006183
13,84,0.302083,0.000080,8.7788,0.057315,0.107490,0.102132,0.007005,0.000716,0.00006183
13,85,0.247983,0.000063,8.9384,0.057227,0.107216,0.081742,0.004172,0.000765,0.00006183
13,86,0.419384,0.000118,7.9004,0.057139,0.107194,0.068333,0.015386,0.001670,0.00006183
13,87,0.429641,0.000108,15.5317,0.057292,0.107225,0.166363,0.010732,0.000962,0.00006183
13,88,0.388892,0.000103,10.8954,0.057357,0.107361,0.080349,0.018031,0.001620,0.00006183
13,89,0.386885,0.000105,9.2170,0.057394,0.107104,0.095327,0.013171,0.001253,0.00006183
13,90,0.310612,0.000082,9.5021,0.057341,0.107091,0.064785,0.010081,0.000814,0.00006183
13,91,0.345866,0.000095,8.2166,0.057253,0.106629,0.064680,0.009693,0.001308,0.00006183
13,92,0.378247,0.000101,9.3307,0.057339,0.106203,0.097541,0.018641,0.001318,0.00006183
13,93,0.274686,0.000074,6.8231,0.057300,0.106201,0.068254,0.013579,0.000926,0.00006183
13,94,0.271573,0.000069,10.0165,0.057214,0.106465,0.110456,0.002282,0.000570,0.00006183
13,95,0.271242,0.000068,11.2332,0.057116,0.106791,0.074419,0.004429,0.000572,0.00006183
13,96,0.372871,0.000102,9.6039,0.057013,0.106323,0.069898,0.007546,0.000997,0.00006183
13,97,0.373448,0.000105,7.3067,0.056911,0.106422,0.068278,0.010191,0.000736,0.00006183
13,98,0.256035,0.000069,7.1281,0.056858,0.106622,0.067791,0.003141,0.000376,0.00006183
13,99,0.267274,0.000072,7.2056,0.056744,0.106659,0.074967,0.005219,0.000581,0.00006183
13,100,0.229357,0.000058,8.4172,0.056613,0.106492,0.072008,0.008654,0.000505,0.00006183
13,101,0.272068,0.000068,9.0748,0.056576,0.106292,0.096381,0.016134,0.000420,0.00006183
13,102,0.215895,0.000054,8.7810,0.056472,0.106903,0.058450,0.004172,0.000377,0.00006183
13,103,0.273215,0.000072,7.3182,0.056380,0.106660,0.058536,0.017963,0.000390,0.00006183
13,104,0.424409,0.000112,12.5857,0.056498,0.106969,0.134736,0.006576,0.000697,0.00006183
13,105,0.332562,0.000083,11.1884,0.056477,0.106679,0.124218,0.018821,0.000763,0.00006183
13,106,0.324479,0.000087,8.8010,0.056458,0.106196,0.081621,0.006327,0.000802,0.00006183
13,107,0.285819,0.000075,8.6403,0.056383,0.106395,0.065745,0.009195,0.000508,0.00006183
13,108,0.354702,0.000100,6.7374,0.056333,0.106566,0.065289,0.008044,0.001055,0.00006183
13,109,0.265668,0.000067,9.3761,0.056364,0.106617,0.099809,0.008044,0.000929,0.00006183
13,110,0.393673,0.000106,9.8004,0.056461,0.106639,0.100806,0.014157,0.001092,0.00006183
13,111,0.252713,0.000065,8.8476,0.056351,0.106061,0.061834,0.007435,0.000363,0.00006183
13,112,0.274962,0.000071,8.0604,0.056329,0.105621,0.083302,0.016992,0.000931,0.00006183
13,113,0.254234,0.000066,8.5056,0.056324,0.105591,0.067425,0.005288,0.000636,0.00006183
13,114,0.219598,0.000058,5.7708,0.056198,0.105343,0.065630,0.011479,0.000459,0.00006183
13,115,0.225333,0.000055,8.6671,0.056245,0.105081,0.093770,0.009152,0.000433,0.00006183
13,116,0.333358,0.000088,10.5770,0.056187,0.105032,0.066895,0.008044,0.001049,0.00006183
13,117,0.325344,0.000090,7.5073,0.056121,0.105069,0.066246,0.006147,0.001046,0.00006183
13,118,0.300620,0.000078,9.4471,0.056124,0.104845,0.113302,0.005288,0.001591,0.00006183
13,119,0.285734,0.000066,14.4098,0.056179,0.104615,0.124915,0.006122,0.000689,0.00006183
13,120,0.289435,0.000074,10.5981,0.056348,0.104285,0.096253,0.004000,0.001020,0.00006183
13,121,0.307201,0.000075,10.2996,0.056391,0.104594,0.114856,0.029418,0.000815,0.00006183
13,122,0.361605,0.000091,9.9354,0.056430,0.104489,0.082535,0.046680,0.000849,0.00006183
13,123,0.285919,0.000073,10.1236,0.056379,0.104441,0.103727,0.005717,0.000505,0.00006183
13,124,0.249696,0.000063,9.6133,0.056413,0.104540,0.072087,0.007435,0.000474,0.00006183
13,125,0.258428,0.000065,9.4423,0.056443,0.104747,0.094937,0.007864,0.000455,0.00006183
13,126,0.234327,0.000061,7.9760,0.056364,0.104886,0.059223,0.006147,0.000440,0.00006183
13,127,0.268262,0.000071,7.9068,0.056299,0.104987,0.081832,0.005651,0.000688,0.00006183
13,128,0.306566,0.000073,15.0838,0.056343,0.104875,0.104669,0.004000,0.000404,0.00006183
13,129,0.312453,0.000086,7.4178,0.056267,0.104573,0.073389,0.004859,0.000889,0.00006183
13,130,0.250603,0.000062,9.5275,0.056273,0.104481,0.104895,0.007005,0.000594,0.00006183
13,131,0.260228,0.000065,10.4517,0.056228,0.104011,0.069700,0.005288,0.001074,0.00006183
13,132,0.283256,0.000075,8.0059,0.056202,0.104043,0.086133,0.007186,0.000619,0.00006183
13,133,0.305823,0.000081,10.0221,0.056121,0.104251,0.064378,0.005288,0.000479,0.00006183
13,134,0.225795,0.000060,7.0341,0.056026,0.104111,0.054565,0.004859,0.000530,0.00006183
13,135,0.383031,0.000105,8.7028,0.055996,0.104250,0.093114,0.012699,0.000677,0.00006183
13,136,0.371955,0.000102,7.8725,0.055934,0.104144,0.069777,0.020439,0.000489,0.00006183
13,137,0.286846,0.000069,12.0943,0.056032,0.103963,0.122465,0.006258,0.000785,0.00006183
13,138,0.218141,0.000058,6.7881,0.055933,0.104041,0.062238,0.002282,0.000484,0.00006183
13,139,0.237189,0.000059,9.2817,0.055974,0.104109,0.074830,0.004429,0.000427,0.00006183
13,140,0.281533,0.000074,8.4249,0.055947,0.104325,0.089589,0.007192,0.000477,0.00006183
13,141,0.251651,0.000066,7.7031,0.055901,0.104801,0.082843,0.002712,0.000757,0.00006183
13,142,0.229725,0.000059,8.3842,0.055814,0.104677,0.059755,0.002712,0.000361,0.00006183
13,143,0.260276,0.000071,6.3144,0.055743,0.104698,0.058340,0.006576,0.000937,0.00006183
13,144,0.265543,0.000069,9.4250,0.055771,0.104800,0.077482,0.003009,0.000669,0.00006183
13,145,0.287273,0.000079,6.8329,0.055700,0.104625,0.075243,0.005717,0.000382,0.00006183
13,146,0.273953,0.000070,9.4883,0.055738,0.104699,0.096893,0.006507,0.000537,0.00006183
13,147,0.324749,0.000089,7.7349,0.055716,0.104373,0.072615,0.008654,0.000633,0.00006183
13,148,0.234987,0.000059,8.4333,0.055749,0.104120,0.081463,0.007005,0.000455,0.00006183
13,149,0.269565,0.000073,6.7447,0.055699,0.104241,0.062616,0.007186,0.000715,0.00006183
13,150,0.320536,0.000083,10.6361,0.055681,0.103935,0.107261,0.006327,0.000641,0.00006183
13,151,0.251902,0.000061,11.1698,0.055665,0.104000,0.101724,0.004859,0.000435,0.00006183
13,152,0.307886,0.000082,8.9341,0.055641,0.103824,0.077447,0.007907,0.000388,0.00006183
13,153,0.243331,0.000060,10.0985,0.055531,0.103889,0.063875,0.008293,0.000387,0.00006183
13,154,0.329908,0.000090,7.5458,0.055513,0.103970,0.082093,0.012767,0.002242,0.00006183
13,155,0.341182,0.000092,8.1012,0.055526,0.103827,0.074134,0.015885,0.002348,0.00006183
13,156,0.361815,0.000095,10.0450,0.055553,0.103765,0.105048,0.015026,0.002213,0.00006183
13,157,0.342065,0.000090,9.9629,0.055584,0.103649,0.080836,0.016383,0.001996,0.00006183
13,158,0.266810,0.000069,8.6887,0.055632,0.103531,0.092068,0.006576,0.001806,0.00006183
13,159,0.245180,0.000063,7.8573,0.055671,0.103413,0.071442,0.011729,0.001439,0.00006183
13,160,0.251861,0.000066,7.3957,0.055660,0.103474,0.070259,0.009693,0.001091,0.00006183
13,161,0.287425,0.000069,12.3149,0.055686,0.103301,0.126405,0.007987,0.001024,0.00006183
13,162,0.252694,0.000069,6.1109,0.055609,0.103218,0.068701,0.006937,0.000870,0.00006183
13,163,0.305294,0.000082,8.8298,0.055665,0.103019,0.082829,0.005717,0.000776,0.00006183
13,164,0.338733,0.000089,11.2031,0.055699,0.103053,0.075306,0.011230,0.000741,0.00006183
13,165,0.353467,0.000098,7.6091,0.055705,0.103218,0.071831,0.011050,0.001092,0.00006183
13,166,0.323876,0.000088,8.4579,0.055730,0.103294,0.079743,0.004000,0.001709,0.00006183
13,167,0.383644,0.000106,8.8439,0.055701,0.103309,0.065893,0.007366,0.001670,0.00006183
13,168,0.323842,0.000083,10.8771,0.055733,0.103178,0.112539,0.004790,0.001285,0.00006183
13,169,0.326934,0.000090,7.3879,0.055701,0.103406,0.082208,0.006147,0.001801,0.00006183
13,170,0.207707,0.000052,7.4245,0.055695,0.103340,0.070974,0.008293,0.001013,0.00006183
13,171,0.334100,0.000089,9.6864,0.055659,0.103449,0.072077,0.011057,0.000805,0.00006183
13,172,0.274412,0.000072,8.3724,0.055642,0.103166,0.083042,0.009762,0.000391,0.00006183
13,173,0.277960,0.000073,8.4079,0.055587,0.103019,0.066109,0.008903,0.000592,0.00006183
13,174,0.285670,0.000074,9.3015,0.055522,0.103159,0.111160,0.004859,0.000486,0.00006183
13,175,0.297530,0.000082,7.3268,0.055445,0.103310,0.058478,0.007186,0.000836,0.00006183
13,176,0.265544,0.000070,7.7749,0.055394,0.103392,0.098696,0.007005,0.000335,0.00006183
13,177,0.240813,0.000065,6.3134,0.055345,0.103375,0.074497,0.006147,0.000431,0.00006183
13,178,0.245669,0.000059,10.9608,0.055385,0.103473,0.084843,0.004066,0.000283,0.00006183
13,179,0.250234,0.000066,8.0385,0.055365,0.103480,0.070498,0.004000,0.000705,0.00006183
13,180,0.357399,0.000097,9.1913,0.055392,0.103661,0.076810,0.009083,0.000785,0.00006183
13,181,0.316021,0.000088,7.1169,0.055360,0.103465,0.065362,0.007366,0.000448,0.00006183
13,182,0.423802,0.000110,14.3320,0.055392,0.103885,0.144119,0.005648,0.000868,0.00006183
13,183,0.257612,0.000065,8.4041,0.055348,0.103819,0.087213,0.014416,0.000584,0.00006183
13,184,0.319211,0.000089,7.0794,0.055315,0.103741,0.063820,0.007186,0.000904,0.00006183
13,185,0.291835,0.000074,11.1256,0.055364,0.103943,0.085184,0.004000,0.000892,0.00006183
13,186,0.250826,0.000065,8.5951,0.055423,0.103899,0.077050,0.003141,0.000632,0.00006183
13,187,0.260762,0.000062,12.4255,0.055380,0.103785,0.095803,0.003375,0.000834,0.00006183
13,188,0.266748,0.000073,6.9045,0.055348,0.103957,0.065637,0.001853,0.000957,0.00006183
13,189,0.277403,0.000064,13.5604,0.055391,0.104040,0.144261,0.003141,0.000541,0.00006183
13,190,0.270737,0.000071,8.5809,0.055369,0.104002,0.065254,0.005288,0.000633,0.00006183
13,191,0.270954,0.000073,7.2946,0.055351,0.104103,0.066541,0.007005,0.000587,0.00006183
13,192,0.307367,0.000084,6.8448,0.055315,0.104194,0.074141,0.009942,0.001307,0.00006183
13,193,0.234035,0.000062,7.3019,0.055272,0.104096,0.056177,0.004429,0.000628,0.00006183
13,194,0.260134,0.000070,7.2870,0.055224,0.104015,0.078015,0.003751,0.000726,0.00006183
13,195,0.271257,0.000071,8.6907,0.055275,0.103918,0.085472,0.003537,0.000371,0.00006183
13,196,0.290987,0.000077,9.5706,0.055254,0.103935,0.066851,0.003141,0.001000,0.00006183
13,197,0.245946,0.000066,6.6503,0.055182,0.103760,0.056221,0.008293,0.000371,0.00006183
13,198,0.264913,0.000062,11.9835,0.055128,0.103707,0.135810,0.008044,0.000440,0.00006183
13,199,0.303046,0.000082,7.4795,0.055069,0.103630,0.091490,0.008044,0.001078,0.00006183
13,200,0.253522,0.000068,7.1053,0.055044,0.103681,0.064135,0.004000,0.000447,0.00006183
13,201,0.234419,0.000059,9.2036,0.055006,0.103594,0.059369,0.004859,0.000229,0.00006183
13,202,0.222408,0.000057,7.6875,0.055005,0.103440,0.076281,0.004180,0.000488,0.00006183
13,203,0.297459,0.000082,6.8132,0.054978,0.103347,0.079384,0.006756,0.000607,0.00006183
13,204,0.239904,0.000062,7.9583,0.054932,0.103403,0.064079,0.004172,0.000479,0.00006183
13,205,0.343378,0.000091,9.5186,0.054912,0.103476,0.093941,0.010122,0.000970,0.00006183
13,206,0.268096,0.000072,7.1750,0.054870,0.103500,0.063739,0.006147,0.001093,0.00006183
13,207,0.256580,0.000065,8.4997,0.054867,0.103361,0.095052,0.011660,0.001090,0.00006183
13,208,0.273975,0.000070,9.6590,0.054900,0.103403,0.076958,0.006147,0.000638,0.00006183
13,209,0.241487,0.000064,7.2553,0.054898,0.103447,0.065955,0.005219,0.000461,0.00006183
13,210,0.228549,0.000056,8.9100,0.054843,0.103402,0.106138,0.003321,0.000703,0.00006183
13,211,0.384409,0.000102,11.8485,0.054899,0.103630,0.082873,0.006937,0.001614,0.00006183
13,212,0.249312,0.000066,7.0857,0.054876,0.103633,0.066541,0.009572,0.001348,0.00006183
13,213,0.241597,0.000061,9.2204,0.054884,0.103649,0.089480,0.004000,0.000719,0.00006183
13,214,0.295720,0.000077,10.3207,0.054872,0.103749,0.077809,0.005288,0.000847,0.00006183
13,215,0.276802,0.000071,10.7352,0.054843,0.103628,0.068554,0.003141,0.001010,0.00006183
13,216,0.251279,0.000066,7.5426,0.054826,0.103378,0.078755,0.004859,0.000514,0.00006183
13,217,0.388975,0.000107,9.5047,0.054814,0.103579,0.066670,0.011161,0.000540,0.00006183
13,218,0.438456,0.000120,10.5270,0.054869,0.103436,0.101686,0.013308,0.001042,0.00006183
13,219,0.251752,0.000062,9.3738,0.054873,0.103398,0.107157,0.009152,0.001084,0.00006183
13,220,0.224340,0.000055,9.3317,0.054828,0.103440,0.081114,0.005288,0.000819,0.00006183
13,221,0.258684,0.000067,9.1073,0.054786,0.103344,0.083688,0.001424,0.000591,0.00006183
13,222,0.361634,0.000095,11.1443,0.054766,0.103165,0.085443,0.008654,0.000999,0.00006183
13,223,0.293192,0.000076,8.8284,0.054749,0.103209,0.099734,0.011840,0.000640,0.00006183
13,224,0.371294,0.000099,11.1283,0.054738,0.103219,0.079776,0.006756,0.001057,0.00006183
13,225,0.249682,0.000063,8.9055,0.054734,0.103024,0.101355,0.005898,0.000414,0.00006183
13,226,0.327092,0.000090,8.5355,0.054727,0.102916,0.062414,0.005288,0.000877,0.00006183
13,227,0.317227,0.000088,7.7371,0.054716,0.102898,0.065507,0.003570,0.000312,0.00006183
13,228,0.299248,0.000078,9.8407,0.054728,0.102766,0.104412,0.002712,0.000733,0.00006183
13,229,0.386837,0.000109,7.7953,0.054698,0.102632,0.081719,0.006708,0.000352,0.00006183
13,230,0.241813,0.000061,8.3725,0.054691,0.102503,0.072125,0.011591,0.000510,0.00006183
13,231,0.264638,0.000067,9.9032,0.054681,0.102510,0.074796,0.009942,0.000716,0.00006183
13,232,0.284211,0.000068,12.2640,0.054746,0.102364,0.128619,0.006147,0.000631,0.00006183
13,233,0.233859,0.000062,7.2897,0.054725,0.102227,0.076721,0.002712,0.000847,0.00006183
13,234,0.256334,0.000067,8.8895,0.054729,0.102313,0.068370,0.002282,0.000945,0.00006183
13,235,0.225440,0.000057,9.2339,0.054692,0.102099,0.066270,0.002282,0.000391,0.00006183
13,236,0.377011,0.000103,9.4950,0.054697,0.102178,0.100006,0.003141,0.000814,0.00006183
13,237,0.324615,0.000088,9.0450,0.054645,0.102183,0.073918,0.003751,0.001451,0.00006183
13,238,0.255367,0.000054,15.6210,0.054689,0.102310,0.164557,0.001424,0.000281,0.00006183
13,239,0.259323,0.000068,7.5202,0.054667,0.102285,0.083476,0.010870,0.000721,0.00006183
13,240,0.353579,0.000092,11.7003,0.054705,0.102076,0.084305,0.008044,0.000856,0.00006183
13,241,0.256179,0.000066,8.6625,0.054712,0.102120,0.069931,0.010621,0.000605,0.00006183
13,242,0.255756,0.000063,9.9807,0.054721,0.102116,0.102918,0.006576,0.000756,0.00006183
13,243,0.217892,0.000054,8.7551,0.054685,0.102174,0.074861,0.004000,0.000445,0.00006183
13,244,0.295485,0.000069,14.5921,0.054727,0.102074,0.106607,0.007186,0.000818,0.00006183
13,245,0.287890,0.000075,9.5748,0.054767,0.102061,0.092240,0.004000,0.000545,0.00006183
13,246,0.260807,0.000069,7.2743,0.054737,0.102066,0.091008,0.003537,0.001487,0.00006183
13,247,0.252193,0.000066,7.1584,0.054710,0.101955,0.081781,0.007435,0.001115,0.00006183
13,248,0.332669,0.000080,15.8537,0.054690,0.101886,0.115479,0.004429,0.000692,0.00006183
13,249,0.287459,0.000073,11.3936,0.054676,0.101961,0.073547,0.004609,0.000274,0.00006183
13,250,0.287240,0.000075,9.2584,0.054660,0.101937,0.098145,0.004000,0.000576,0.00006183
13,251,0.245125,0.000064,7.8988,0.054659,0.102031,0.065214,0.004000,0.000467,0.00006183
13,252,0.222747,0.000059,6.7118,0.054618,0.102147,0.058537,0.002712,0.000313,0.00006183
13,253,0.385404,0.000103,10.9962,0.054576,0.102139,0.119831,0.006756,0.001143,0.00006183
13,254,0.314141,0.000081,10.4300,0.054555,0.102296,0.120393,0.004859,0.001086,0.00006183
13,255,0.354914,0.000095,10.4214,0.054560,0.102288,0.073787,0.008293,0.000401,0.00006183
13,256,0.264229,0.000069,7.8750,0.054563,0.102497,0.072343,0.010981,0.000805,0.00006183
13,257,0.272414,0.000074,7.5227,0.054512,0.102548,0.058263,0.005039,0.000564,0.00006183
13,258,0.263742,0.000072,6.6360,0.054468,0.102630,0.067487,0.005288,0.000429,0.00006183
13,259,0.392140,0.000107,9.8430,0.054458,0.102824,0.101940,0.007864,0.001622,0.00006183
13,260,0.274537,0.000073,8.5797,0.054423,0.102820,0.062031,0.004180,0.000842,0.00006183
13,261,0.377005,0.000107,7.6360,0.054418,0.102825,0.069943,0.004859,0.001099,0.00006183
13,262,0.305244,0.000074,12.9169,0.054483,0.102991,0.130960,0.005468,0.001148,0.00006183
13,263,0.242081,0.000059,10.8211,0.054493,0.102914,0.085358,0.004594,0.000455,0.00006183
13,264,0.225638,0.000058,7.6656,0.054463,0.102800,0.059859,0.008293,0.000435,0.00006183
13,265,0.277422,0.000075,7.1508,0.054416,0.102805,0.084680,0.003253,0.000778,0.00006183
13,266,0.254067,0.000067,7.1821,0.054389,0.102841,0.082375,0.006576,0.000402,0.00006183
13,267,0.370358,0.000093,14.0433,0.054390,0.102784,0.095018,0.012769,0.000830,0.00006183
13,268,0.306255,0.000083,8.6844,0.054384,0.102694,0.065149,0.004429,0.000643,0.00006183
13,269,0.312097,0.000084,8.2386,0.054393,0.102724,0.091707,0.008405,0.000390,0.00006183
13,270,0.264877,0.000072,7.1467,0.054351,0.102682,0.053319,0.002712,0.000548,0.00006183
13,271,0.260675,0.000070,6.9998,0.054319,0.102588,0.079818,0.005288,0.000519,0.00006183
13,272,0.213670,0.000054,6.8752,0.054272,0.102455,0.073872,0.009667,0.000836,0.00006183
13,273,0.418729,0.000106,14.4289,0.054273,0.102423,0.093511,0.023507,0.001549,0.00006183
13,274,0.306470,0.000071,13.5128,0.054297,0.102529,0.142748,0.019251,0.001059,0.00006183
13,275,0.302642,0.000084,6.6712,0.054268,0.102298,0.059358,0.005717,0.001160,0.00006183
13,276,0.238302,0.000063,7.2566,0.054235,0.102370,0.065235,0.005468,0.000440,0.00006183
13,277,0.245557,0.000065,7.0835,0.054233,0.102329,0.071841,0.007435,0.000448,0.00006183
13,278,0.331954,0.000088,9.0965,0.054259,0.102314,0.085713,0.015456,0.000830,0.00006183
13,279,0.252398,0.000062,9.7746,0.054297,0.102171,0.095648,0.010191,0.000567,0.00006183
13,280,0.520603,0.000142,11.6372,0.054331,0.102093,0.122223,0.024452,0.002038,0.00006183
13,281,0.226543,0.000058,7.6792,0.054335,0.102043,0.079018,0.004360,0.000433,0.00006183
13,282,0.319581,0.000084,10.3355,0.054313,0.102097,0.067159,0.008293,0.000628,0.00006183
13,283,0.261385,0.000071,6.2587,0.054282,0.101995,0.062938,0.008723,0.000383,0.00006183
13,284,0.288327,0.000076,8.1906,0.054294,0.102052,0.084414,0.010122,0.000440,0.00006183
13,285,0.264448,0.000071,7.1709,0.054254,0.101995,0.077637,0.006327,0.000629,0.00006183
13,286,0.268767,0.000060,14.6954,0.054335,0.102062,0.148586,0.003570,0.000442,0.00006183
13,287,0.355004,0.000090,12.8008,0.054381,0.102159,0.113505,0.007615,0.000944,0.00006183
13,288,0.277126,0.000073,8.3595,0.054354,0.102195,0.058746,0.008044,0.000586,0.00006183
13,289,0.224351,0.000056,8.5658,0.054342,0.102064,0.081819,0.002798,0.000665,0.00006183
13,290,0.371966,0.000101,9.1687,0.054359,0.102267,0.084348,0.013669,0.000651,0.00006183
13,291,0.284770,0.000074,8.8982,0.054382,0.102188,0.075122,0.009513,0.000887,0.00006183
13,292,0.245325,0.000058,10.6219,0.054409,0.102319,0.116149,0.010621,0.000303,0.00006183
13,293,0.275101,0.000073,7.7671,0.054360,0.102227,0.066856,0.010440,0.000372,0.00006183
13,294,0.252432,0.000066,7.9557,0.054338,0.102255,0.092074,0.004180,0.000459,0.00006183
13,295,0.343102,0.000095,7.4165,0.054316,0.102157,0.069720,0.009152,0.001040,0.00006183
13,296,0.373318,0.000094,14.6767,0.054371,0.102225,0.106433,0.007435,0.000698,0.00006183
13,297,0.346470,0.000086,14.1631,0.054398,0.102262,0.115383,0.004594,0.001271,0.00006183
13,298,0.267287,0.000069,9.1976,0.054380,0.102198,0.097534,0.003141,0.000673,0.00006183
13,299,0.337631,0.000074,19.0205,0.054519,0.102185,0.191170,0.002712,0.000371,0.00006183
13,300,0.260513,0.000058,13.7155,0.054625,0.102142,0.137296,0.004859,0.000402,0.00006183
13,301,0.226482,0.000060,6.9409,0.054614,0.102096,0.074381,0.003570,0.000468,0.00006183
13,302,0.292326,0.000071,12.7985,0.054666,0.102158,0.096173,0.003751,0.000556,0.00006183
13,303,0.264928,0.000065,11.2338,0.054705,0.102078,0.089643,0.005898,0.000559,0.00006183
13,304,0.274455,0.000072,7.9517,0.054680,0.102176,0.090925,0.006078,0.000805,0.00006183
13,305,0.328445,0.000086,10.8304,0.054707,0.102080,0.078973,0.007435,0.000695,0.00006183
13,306,0.417121,0.000110,13.8446,0.054731,0.101996,0.101793,0.004172,0.000772,0.00006183
13,307,0.356118,0.000094,10.5427,0.054753,0.102059,0.113592,0.008834,0.000840,0.00006183
13,308,0.396063,0.000109,9.2655,0.054777,0.102037,0.097812,0.008585,0.000742,0.00006183
13,309,0.282681,0.000075,7.9902,0.054768,0.101944,0.086727,0.004000,0.000570,0.00006183
13,310,0.244706,0.000058,12.3672,0.054762,0.101850,0.087274,0.004000,0.000554,0.00006183
13,311,0.235333,0.000062,8.0808,0.054734,0.101766,0.056248,0.001424,0.000494,0.00006183
13,312,0.254078,0.000069,6.3774,0.054695,0.101738,0.067362,0.004000,0.000803,0.00006183
13,313,0.215135,0.000055,7.9877,0.054664,0.101849,0.069091,0.003141,0.000587,0.00006183
13,314,0.242732,0.000066,6.2990,0.054627,0.101914,0.062093,0.004066,0.000799,0.00006183
13,315,0.387138,0.000104,11.5232,0.054650,0.102104,0.078210,0.006937,0.001387,0.00006183
13,316,0.435425,0.000125,7.1445,0.054631,0.102034,0.070997,0.008585,0.001598,0.00006183
13,317,0.399904,0.000106,11.6032,0.054706,0.102141,0.122970,0.006576,0.001057,0.00006183
13,318,0.300403,0.000082,7.4759,0.054707,0.102123,0.075146,0.007435,0.000711,0.00006183
13,319,0.269364,0.000073,6.9630,0.054684,0.102128,0.068174,0.006576,0.001057,0.00006183
13,320,0.373892,0.000102,8.6828,0.054655,0.102100,0.064093,0.019002,0.001161,0.00006183
13,321,0.294281,0.000078,8.6695,0.054625,0.102341,0.096068,0.004360,0.000840,0.00006183
13,322,0.302424,0.000082,7.4724,0.054618,0.102513,0.068890,0.008724,0.000355,0.00006183
13,323,0.217996,0.000060,4.9818,0.054573,0.102406,0.057420,0.005546,0.000197,0.00006183
13,324,0.416123,0.000114,10.0373,0.054575,0.102534,0.078954,0.012477,0.001662,0.00006183
13,325,0.405617,0.000113,8.4193,0.054573,0.102669,0.072459,0.010441,0.001660,0.00006183
13,326,0.361450,0.000097,9.2071,0.054559,0.102626,0.098308,0.012338,0.001446,0.00006183
13,327,0.476017,0.000135,8.1766,0.054558,0.102579,0.079582,0.015137,0.001712,0.00006183
13,328,0.393603,0.000109,8.9603,0.054568,0.102599,0.073343,0.009583,0.001663,0.00006183
13,329,0.382995,0.000107,8.7000,0.054574,0.102485,0.069757,0.006327,0.001346,0.00006183
13,330,0.378810,0.000106,7.0967,0.054555,0.102570,0.073416,0.013068,0.001917,0.00006183
13,331,0.387662,0.000109,7.7206,0.054536,0.102547,0.061693,0.010545,0.002075,0.00006183
13,332,0.393144,0.000110,8.4016,0.054529,0.102561,0.088758,0.006576,0.000616,0.00006183
13,333,0.340780,0.000090,10.1941,0.054521,0.102603,0.085930,0.008723,0.000754,0.00006183
13,334,0.395337,0.000109,8.9949,0.054545,0.102762,0.087890,0.011121,0.000824,0.00006183
13,335,0.313838,0.000087,7.1518,0.054531,0.102749,0.065429,0.004429,0.001363,0.00006183
13,336,0.259697,0.000063,11.2802,0.054580,0.102816,0.093750,0.003141,0.000535,0.00006183
13,337,0.382193,0.000102,11.2264,0.054643,0.102802,0.090881,0.004360,0.000813,0.00006183
13,338,0.233611,0.000061,7.3465,0.054616,0.102775,0.078299,0.006147,0.000549,0.00006183
13,339,0.355339,0.000098,8.7039,0.054594,0.102730,0.066609,0.005039,0.000598,0.00006183
13,340,0.212770,0.000055,6.3510,0.054562,0.102675,0.068873,0.009667,0.000628,0.00006183
13,341,0.294786,0.000079,7.5546,0.054545,0.102682,0.076440,0.010372,0.000533,0.00006183
13,342,0.419491,0.000115,9.2366,0.054589,0.102654,0.080150,0.022548,0.001335,0.00006183
13,343,0.434212,0.000120,9.5078,0.054598,0.102765,0.069995,0.016245,0.001615,0.00006183
13,344,0.384692,0.000103,9.7785,0.054629,0.102766,0.100624,0.017894,0.001411,0.00006183
13,345,0.346590,0.000093,9.2740,0.054624,0.102820,0.098369,0.012132,0.000620,0.00006183
13,346,0.328869,0.000088,8.4572,0.054634,0.102792,0.074549,0.014541,0.001145,0.00006183
13,347,0.352280,0.000099,7.1265,0.054623,0.102725,0.061185,0.008585,0.000805,0.00006183
13,348,0.372842,0.000102,9.0587,0.054615,0.102696,0.098146,0.006930,0.000968,0.00006183
13,349,0.289799,0.000081,5.7575,0.054574,0.102666,0.063143,0.006937,0.000579,0.00006183
13,350,0.346767,0.000086,14.1808,0.054581,0.102762,0.110890,0.004859,0.000466,0.00006183
13,351,0.459329,0.000124,12.5240,0.054594,0.102675,0.089911,0.015026,0.001141,0.00006183
13,352,0.315001,0.000085,8.0950,0.054611,0.102724,0.079618,0.008474,0.000384,0.00006183
13,353,0.283951,0.000079,6.4618,0.054583,0.102900,0.070100,0.004429,0.000594,0.00006183
13,354,0.313777,0.000086,8.0977,0.054557,0.102794,0.077684,0.002712,0.000264,0.00006183
13,355,0.339926,0.000092,9.4532,0.054576,0.102805,0.075369,0.006147,0.000950,0.00006183
13,356,0.258326,0.000066,9.9157,0.054543,0.102715,0.063842,0.002282,0.000392,0.00006183
13,357,0.263610,0.000065,11.6327,0.054512,0.102643,0.085213,0.002798,0.000470,0.00006183
13,358,0.311175,0.000073,13.7603,0.054502,0.102548,0.149373,0.013669,0.000403,0.00006183
13,359,0.301453,0.000076,10.0167,0.054494,0.102538,0.115630,0.011840,0.000498,0.00006183
13,360,0.237788,0.000062,7.6349,0.054481,0.102563,0.059691,0.005219,0.000395,0.00006183
13,361,0.409373,0.000109,10.3740,0.054509,0.102484,0.102525,0.024861,0.001012,0.00006183
13,362,0.767220,0.000212,14.6916,0.054556,0.102575,0.135126,0.048062,0.001526,0.00006183
13,363,0.616453,0.000164,16.2173,0.054624,0.102470,0.127561,0.036019,0.001876,0.00006183
13,364,0.589326,0.000162,12.7595,0.054659,0.102447,0.101705,0.030575,0.002148,0.00006183
13,365,0.607307,0.000164,13.7951,0.054722,0.102456,0.119262,0.039111,0.002379,0.00006183
13,366,0.360299,0.000099,7.7395,0.054722,0.102515,0.064377,0.015524,0.001680,0.00006183
13,367,0.454921,0.000115,15.2504,0.054742,0.102572,0.166121,0.022188,0.001531,0.00006183
13,368,0.294379,0.000074,9.7475,0.054741,0.102546,0.111811,0.016202,0.000810,0.00006183
13,369,0.349354,0.000091,8.9931,0.054734,0.102486,0.107679,0.026412,0.001262,0.00006183
13,370,0.303102,0.000077,10.4075,0.054714,0.102452,0.077676,0.015206,0.001057,0.00006183
13,371,0.331478,0.000089,8.9475,0.054722,0.102435,0.072959,0.012089,0.001100,0.00006183
13,372,0.237798,0.000061,8.0206,0.054693,0.102379,0.079679,0.007005,0.000738,0.00006183
13,373,0.285639,0.000075,8.7424,0.054712,0.102438,0.087975,0.003570,0.000829,0.00006183
13,374,0.239703,0.000057,11.4391,0.054687,0.102473,0.071037,0.009667,0.000498,0.00006183
13,375,0.240140,0.000063,7.5515,0.054686,0.102471,0.063292,0.005468,0.000500,0.00006183
13,376,0.331756,0.000084,11.0911,0.054672,0.102448,0.117940,0.014236,0.000563,0.00006183
13,377,0.283067,0.000078,6.6334,0.054652,0.102396,0.066776,0.005898,0.000524,0.00006183
13,378,0.314258,0.000086,8.0973,0.054643,0.102355,0.062748,0.008474,0.000527,0.00006183
13,379,0.230321,0.000059,7.2834,0.054641,0.102262,0.065574,0.013626,0.000530,0.00006183
13,380,0.231390,0.000060,7.0708,0.054634,0.102342,0.070965,0.007615,0.000581,0.00006183
13,381,0.276766,0.000076,6.8869,0.054626,0.102343,0.061420,0.005717,0.001410,0.00006183
13,382,0.237211,0.000059,9.3844,0.054644,0.102361,0.095376,0.002480,0.000371,0.00006183
13,383,0.350003,0.000095,9.0116,0.054648,0.102571,0.066788,0.009873,0.000958,0.00006183
13,384,0.261080,0.000070,7.0838,0.054629,0.102501,0.063607,0.006147,0.000976,0.00006183
13,385,0.259503,0.000063,10.9025,0.054641,0.102431,0.122475,0.004429,0.000817,0.00006183
13,386,0.235739,0.000061,6.9690,0.054614,0.102398,0.092572,0.006147,0.000652,0.00006183
13,387,0.296478,0.000078,9.2811,0.054592,0.102463,0.066225,0.005898,0.001270,0.00006183
13,388,0.339618,0.000095,7.4273,0.054586,0.102434,0.064687,0.005039,0.001535,0.00006183
13,389,0.282014,0.000076,7.0981,0.054568,0.102451,0.080741,0.005717,0.000757,0.00006183
13,390,0.239724,0.000060,9.2877,0.054562,0.102440,0.074642,0.007005,0.000601,0.00006183
13,391,0.234056,0.000063,6.4324,0.054513,0.102495,0.084168,0.002798,0.000358,0.00006183
14,1,0.438807,0.000115,14.3129,0.054477,0.113935,0.098497,0.013489,0.001720,0.00002865
14,2,0.429519,0.000119,9.4428,0.051781,0.104494,0.070151,0.016183,0.001711,0.00002865
14,3,0.387870,0.000104,10.0039,0.051861,0.104357,0.071086,0.018350,0.001563,0.00002865
14,4,0.413987,0.000113,9.4981,0.052257,0.108515,0.107192,0.015774,0.001510,0.00002865
14,5,0.348839,0.000092,9.7449,0.051716,0.109030,0.112628,0.013378,0.001416,0.00002865
14,6,0.427328,0.000118,8.7796,0.052174,0.100911,0.089937,0.016385,0.001713,0.00002865
14,7,0.401721,0.000112,7.5361,0.052101,0.110348,0.071349,0.020652,0.001857,0.00002865
14,8,0.388269,0.000102,12.7289,0.052448,0.107098,0.090114,0.009931,0.001788,0.00002865
14,9,0.378810,0.000099,11.4939,0.051884,0.108950,0.105045,0.016743,0.001752,0.00002865
14,10,0.461712,0.000127,9.7299,0.051884,0.111311,0.074094,0.022840,0.001698,0.00002865
14,11,0.373669,0.000102,8.0988,0.051607,0.108711,0.074267,0.020899,0.001598,0.00002865
14,12,0.384728,0.000106,8.2422,0.051196,0.110657,0.087413,0.016494,0.001395,0.00002865
14,13,0.409420,0.000109,10.7490,0.051174,0.113243,0.126862,0.013240,0.001523,0.00002865
14,14,0.398088,0.000111,7.3911,0.051140,0.113919,0.080404,0.019431,0.001546,0.00002865
14,15,0.458744,0.000123,11.8590,0.051483,0.113187,0.093311,0.018933,0.001637,0.00002865
14,16,0.378709,0.000103,10.0080,0.051538,0.113785,0.071574,0.008654,0.001888,0.00002865
14,17,0.305121,0.000081,8.3329,0.051879,0.112879,0.085922,0.008293,0.001515,0.00002865
14,18,0.324125,0.000090,7.0000,0.051587,0.114281,0.067923,0.009943,0.001298,0.00002865
14,19,0.335980,0.000091,9.3355,0.051802,0.114586,0.073434,0.006258,0.001138,0.00002865
14,20,0.351900,0.000095,9.2419,0.051453,0.115805,0.083775,0.010801,0.001315,0.00002865
14,21,0.332130,0.000091,7.9479,0.051879,0.115827,0.082624,0.007366,0.001500,0.00002865
14,22,0.328792,0.000091,6.8650,0.051664,0.114281,0.072907,0.009129,0.001282,0.00002865
14,23,0.324851,0.000088,8.4973,0.051440,0.114284,0.063285,0.008654,0.001364,0.00002865
14,24,0.337761,0.000093,8.0238,0.051332,0.115896,0.068945,0.009513,0.001834,0.00002865
14,25,0.299205,0.000080,8.6004,0.051327,0.115456,0.073418,0.004594,0.001302,0.00002865
14,26,0.298624,0.000082,6.9946,0.051228,0.114478,0.067565,0.010234,0.000766,0.00002865
14,27,0.290639,0.000072,11.2057,0.051099,0.111987,0.117745,0.005288,0.000849,0.00002865
14,28,0.254426,0.000066,8.0278,0.051130,0.111356,0.066585,0.010552,0.000502,0.00002865
14,29,0.396998,0.000108,9.6339,0.051169,0.111663,0.069578,0.017035,0.001552,0.00002865
14,30,0.275683,0.000073,7.3643,0.051132,0.113173,0.061450,0.018212,0.001452,0.00002865
14,31,0.254993,0.000064,9.2780,0.051122,0.113402,0.098262,0.009762,0.000853,0.00002865
14,32,0.269078,0.000069,8.9180,0.051002,0.112905,0.095803,0.005717,0.001166,0.00002865
14,33,0.275140,0.000075,7.2042,0.050850,0.113726,0.078207,0.002712,0.000804,0.00002865
14,34,0.255272,0.000064,9.9066,0.050850,0.113901,0.083595,0.002798,0.000736,0.00002865
14,35,0.370960,0.000102,8.7898,0.050755,0.114820,0.065101,0.007186,0.001520,0.00002865
14,36,0.357711,0.000099,7.4069,0.050656,0.115549,0.065951,0.011841,0.001610,0.00002865
14,37,0.357556,0.000101,6.9744,0.050594,0.115529,0.060395,0.010732,0.001531,0.00002865
14,38,0.346993,0.000092,10.0485,0.050527,0.115429,0.109960,0.005039,0.001306,0.00002865
14,39,0.353006,0.000094,9.9179,0.050547,0.116039,0.106480,0.006576,0.001563,0.00002865
14,40,0.339621,0.000092,8.3086,0.050532,0.115166,0.088498,0.008044,0.001455,0.00002865
14,41,0.356976,0.000099,7.7200,0.050515,0.114821,0.061539,0.012201,0.001872,0.00002865
14,42,0.366366,0.000103,7.5346,0.050413,0.114914,0.078101,0.004594,0.001729,0.00002865
14,43,0.396293,0.000108,9.5999,0.050563,0.115817,0.088365,0.009513,0.000910,0.00002865
14,44,0.332961,0.000092,7.3318,0.050585,0.114517,0.058474,0.011161,0.000524,0.00002865
14,45,0.250178,0.000066,8.1274,0.050690,0.113672,0.069748,0.004000,0.000677,0.00002865
14,46,0.299094,0.000078,9.2371,0.050728,0.113867,0.102676,0.007005,0.000951,0.00002865
14,47,0.275912,0.000073,7.8498,0.050764,0.114418,0.086128,0.008834,0.000690,0.00002865
14,48,0.349369,0.000097,7.9768,0.050942,0.114471,0.073225,0.008834,0.000545,0.00002865
14,49,0.363725,0.000098,8.7273,0.050981,0.113176,0.065783,0.021267,0.001521,0.00002865
14,50,0.289735,0.000075,9.7361,0.051112,0.112117,0.095138,0.004000,0.001544,0.00002865
14,51,0.249831,0.000067,6.8291,0.051075,0.113097,0.077484,0.006122,0.000323,0.00002865
14,52,0.355035,0.000097,8.8473,0.051101,0.112664,0.070524,0.008480,0.001406,0.00002865
14,53,0.331864,0.000091,8.2063,0.051186,0.113192,0.082652,0.005898,0.001316,0.00002865
14,54,0.316791,0.000088,6.6091,0.051038,0.113154,0.072460,0.010122,0.001155,0.00002865
14,55,0.288801,0.000078,7.4623,0.050917,0.112837,0.065368,0.006576,0.001085,0.00002865
14,56,0.345287,0.000093,9.4230,0.050971,0.112542,0.069069,0.006576,0.001371,0.00002865
14,57,0.327694,0.000090,7.5837,0.050959,0.112017,0.066875,0.010303,0.001360,0.00002865
14,58,0.345175,0.000096,7.5546,0.050890,0.111112,0.081062,0.007274,0.001906,0.00002865
14,59,0.351146,0.000096,8.4183,0.051008,0.111470,0.084470,0.008209,0.001490,0.00002865
14,60,0.268923,0.000071,8.5412,0.050995,0.111171,0.062231,0.006937,0.000649,0.00002865
14,61,0.255486,0.000069,6.9512,0.050841,0.111029,0.054115,0.005717,0.000541,0.00002865
14,62,0.262309,0.000068,7.0304,0.050760,0.110973,0.086214,0.017173,0.000487,0.00002865
14,63,0.250522,0.000066,6.8155,0.050738,0.110557,0.073676,0.014236,0.000833,0.00002865
14,64,0.380520,0.000106,7.5996,0.050714,0.110621,0.066746,0.013059,0.001619,0.00002865
14,65,0.354422,0.000095,9.2952,0.050704,0.110284,0.066817,0.017782,0.001117,0.00002865
14,66,0.329364,0.000087,8.9855,0.050720,0.109795,0.078854,0.016252,0.001182,0.00002865
14,67,0.278631,0.000069,9.8148,0.050845,0.109220,0.111008,0.014056,0.000730,0.00002865
14,68,0.258895,0.000063,10.5142,0.050804,0.108811,0.107093,0.008870,0.000642,0.00002865
14,69,0.334728,0.000087,10.5402,0.050906,0.108242,0.123078,0.008225,0.000882,0.00002865
14,70,0.282779,0.000075,7.9145,0.050941,0.107873,0.077426,0.008225,0.000728,0.00002865
14,71,0.232668,0.000060,8.3770,0.050864,0.107564,0.056516,0.004000,0.000619,0.00002865
14,72,0.315066,0.000088,6.6650,0.050816,0.106663,0.065761,0.005288,0.000415,0.00002865
14,73,0.334347,0.000093,7.1490,0.050731,0.107013,0.076513,0.008044,0.000326,0.00002865
14,74,0.279151,0.000075,7.7535,0.050699,0.107273,0.069465,0.004429,0.000770,0.00002865
14,75,0.351135,0.000096,8.0952,0.050724,0.107497,0.083364,0.011342,0.001014,0.00002865
14,76,0.266196,0.000074,6.2411,0.050646,0.107672,0.066690,0.002480,0.000800,0.00002865
14,77,0.465392,0.000126,12.9915,0.050749,0.107773,0.091750,0.009513,0.000439,0.00002865
14,78,0.412147,0.000114,8.8975,0.050799,0.107326,0.090476,0.014777,0.000975,0.00002865
14,79,0.429434,0.000119,9.6180,0.050902,0.107226,0.101877,0.010191,0.000742,0.00002865
14,80,0.478892,0.000134,9.4560,0.050991,0.107272,0.091911,0.017423,0.000780,0.00002865
14,81,0.386763,0.000107,9.5014,0.051048,0.107487,0.069385,0.007864,0.001271,0.00002865
14,82,0.299863,0.000079,9.8598,0.051111,0.108095,0.069866,0.006327,0.000574,0.00002865
14,83,0.274710,0.000073,8.4117,0.051173,0.108222,0.070409,0.005468,0.000734,0.00002865
14,84,0.292748,0.000081,6.8728,0.051095,0.108491,0.063130,0.005039,0.000654,0.00002865
14,85,0.244306,0.000063,7.8827,0.051016,0.108380,0.072462,0.006919,0.000772,0.00002865
14,86,0.410804,0.000114,8.7751,0.051096,0.107694,0.085187,0.013669,0.001587,0.00002865
14,87,0.412263,0.000104,14.2270,0.051136,0.107642,0.158743,0.014416,0.001138,0.00002865
14,88,0.429926,0.000115,12.0619,0.051145,0.107493,0.105297,0.010690,0.001517,0.00002865
14,89,0.430313,0.000117,10.5412,0.051171,0.107225,0.108838,0.011660,0.001229,0.00002865
14,90,0.316398,0.000085,8.8417,0.051309,0.107096,0.075776,0.009942,0.000790,0.00002865
14,91,0.361866,0.000097,9.6979,0.051480,0.106936,0.078892,0.012269,0.001352,0.00002865
14,92,0.358793,0.000098,8.4725,0.051524,0.106617,0.071445,0.015498,0.000864,0.00002865
14,93,0.274158,0.000074,6.7600,0.051496,0.106197,0.066124,0.012521,0.000953,0.00002865
14,94,0.289157,0.000062,18.0973,0.051534,0.106543,0.177404,0.001424,0.000577,0.00002865
14,95,0.277337,0.000066,12.2671,0.051549,0.106600,0.121135,0.004429,0.000502,0.00002865
14,96,0.354169,0.000096,8.8902,0.051627,0.106842,0.092135,0.007864,0.000844,0.00002865
14,97,0.380551,0.000104,9.3714,0.051802,0.107044,0.078713,0.009083,0.000816,0.00002865
14,98,0.283474,0.000077,7.9881,0.051756,0.106568,0.058762,0.003751,0.000455,0.00002865
14,99,0.289257,0.000076,9.4763,0.051763,0.106212,0.080936,0.006258,0.000540,0.00002865
14,100,0.214403,0.000056,6.6038,0.051680,0.106245,0.064467,0.006147,0.000423,0.00002865
14,101,0.270871,0.000068,9.4828,0.051681,0.105712,0.089612,0.011522,0.000434,0.00002865
14,102,0.212896,0.000056,6.7414,0.051588,0.105453,0.052973,0.002798,0.000299,0.00002865
14,103,0.277427,0.000072,7.6235,0.051562,0.105344,0.067072,0.024515,0.000313,0.00002865
14,104,0.408843,0.000112,9.4667,0.051591,0.105413,0.105207,0.008723,0.000646,0.00002865
14,105,0.335288,0.000088,9.6917,0.051577,0.105238,0.108379,0.014236,0.000740,0.00002865
14,106,0.317768,0.000087,7.7070,0.051524,0.105032,0.081562,0.005039,0.000936,0.00002865
14,107,0.280994,0.000076,7.3531,0.051466,0.105250,0.059452,0.008293,0.000573,0.00002865
14,108,0.350267,0.000099,6.7642,0.051451,0.105546,0.061671,0.007754,0.001067,0.00002865
14,109,0.264362,0.000070,7.1304,0.051406,0.105204,0.077563,0.009332,0.000732,0.00002865
14,110,0.394753,0.000108,8.6941,0.051468,0.105117,0.090411,0.015301,0.000781,0.00002865
14,111,0.251617,0.000067,7.3901,0.051391,0.104941,0.054436,0.004360,0.000317,0.00002865
14,112,0.262957,0.000071,6.7305,0.051318,0.104699,0.067869,0.007435,0.000745,0.00002865
14,113,0.246012,0.000065,7.4122,0.051257,0.104364,0.057086,0.004429,0.000624,0.00002865
14,114,0.224932,0.000061,5.7262,0.051173,0.103879,0.058118,0.005468,0.000379,0.00002865
14,115,0.212656,0.000054,7.1203,0.051107,0.103918,0.090701,0.006327,0.000335,0.00002865
14,116,0.333164,0.000092,7.3808,0.051055,0.104229,0.062858,0.013489,0.000951,0.00002865
14,117,0.332292,0.000092,7.4272,0.051066,0.104177,0.074715,0.006147,0.001132,0.00002865
14,118,0.282300,0.000077,6.4342,0.051021,0.103797,0.073079,0.008654,0.001578,0.00002865
14,119,0.244634,0.000062,8.7365,0.050957,0.103701,0.074243,0.005546,0.000680,0.00002865
14,120,0.280869,0.000072,10.3803,0.051038,0.103506,0.090685,0.006147,0.000903,0.00002865
14,121,0.300851,0.000075,9.7221,0.051110,0.103265,0.108205,0.024403,0.000897,0.00002865
14,122,0.363436,0.000094,7.9926,0.051153,0.103702,0.078023,0.053373,0.001022,0.00002865
14,123,0.297724,0.000077,9.3854,0.051140,0.103724,0.097679,0.007864,0.000515,0.00002865
14,124,0.245565,0.000062,9.0923,0.051092,0.103745,0.071819,0.005288,0.000564,0.00002865
14,125,0.244310,0.000065,7.0479,0.051057,0.103696,0.065683,0.008225,0.000505,0.00002865
14,126,0.227962,0.000061,6.5246,0.050988,0.103428,0.070282,0.004859,0.000463,0.00002865
14,127,0.257695,0.000068,8.0903,0.050981,0.103792,0.072660,0.004066,0.000694,0.00002865
14,128,0.277234,0.000071,10.9065,0.050949,0.103925,0.067969,0.003141,0.000380,0.00002865
14,129,0.299360,0.000083,7.0371,0.050904,0.103785,0.069635,0.004859,0.000816,0.00002865
14,130,0.261961,0.000066,9.2074,0.050878,0.103636,0.103800,0.006147,0.000782,0.00002865
14,131,0.259962,0.000071,6.5004,0.050852,0.103775,0.056277,0.005468,0.001016,0.00002865
14,132,0.280670,0.000075,7.6966,0.050796,0.103593,0.092845,0.005288,0.000553,0.00002865
14,133,0.306019,0.000086,6.1605,0.050730,0.103933,0.050558,0.004429,0.000466,0.00002865
14,134,0.222519,0.000058,7.0831,0.050691,0.104031,0.058123,0.004859,0.000499,0.00002865
14,135,0.371695,0.000104,7.7475,0.050668,0.103628,0.078242,0.011230,0.000484,0.00002865
14,136,0.356500,0.000096,8.7189,0.050694,0.103547,0.080873,0.017911,0.000449,0.00002865
14,137,0.269235,0.000069,8.8972,0.050750,0.103733,0.087047,0.007117,0.000646,0.00002865
14,138,0.218100,0.000057,7.4875,0.050733,0.103540,0.065805,0.001853,0.000331,0.00002865
14,139,0.234249,0.000062,7.0480,0.050657,0.103477,0.060612,0.003141,0.000307,0.00002865
14,140,0.271622,0.000072,8.1034,0.050703,0.103482,0.084077,0.006078,0.000461,0.00002865
14,141,0.249607,0.000065,8.0619,0.050681,0.103735,0.088507,0.003141,0.000716,0.00002865
14,142,0.217416,0.000057,6.6018,0.050613,0.103825,0.068342,0.004429,0.000409,0.00002865
14,143,0.262111,0.000071,6.7811,0.050598,0.103576,0.064069,0.005898,0.000802,0.00002865
14,144,0.267320,0.000071,8.4631,0.050536,0.103903,0.060853,0.003537,0.000624,0.00002865
14,145,0.266545,0.000072,7.2369,0.050515,0.103917,0.054023,0.005717,0.000344,0.00002865
14,146,0.250802,0.000068,6.4026,0.050454,0.103902,0.060290,0.005468,0.000468,0.00002865
14,147,0.315038,0.000086,8.0970,0.050478,0.103434,0.073208,0.006327,0.000581,0.00002865
14,148,0.240768,0.000064,6.6151,0.050435,0.103484,0.076396,0.009693,0.000352,0.00002865
14,149,0.255775,0.000070,6.1418,0.050368,0.103526,0.061993,0.007864,0.000503,0.00002865
14,150,0.292491,0.000082,6.3220,0.050316,0.103733,0.065656,0.004180,0.000727,0.00002865
14,151,0.232506,0.000060,7.5852,0.050299,0.103672,0.067668,0.007864,0.000449,0.00002865
14,152,0.294019,0.000079,7.6888,0.050301,0.103794,0.071533,0.009624,0.000402,0.00002865
14,153,0.264601,0.000067,10.1369,0.050239,0.103811,0.065401,0.006122,0.000338,0.00002865
14,154,0.320690,0.000087,8.0489,0.050266,0.103830,0.060286,0.011591,0.002247,0.00002865
14,155,0.359944,0.000097,8.5845,0.050349,0.103783,0.081893,0.017714,0.002409,0.00002865
14,156,0.361676,0.000098,8.2706,0.050406,0.103894,0.087311,0.017714,0.002541,0.00002865
14,157,0.351875,0.000090,11.9661,0.050537,0.103915,0.099300,0.014596,0.001369,0.00002865
14,158,0.257236,0.000069,6.5979,0.050515,0.104158,0.058341,0.010303,0.001696,0.00002865
14,159,0.253781,0.000065,8.3258,0.050549,0.104092,0.082378,0.012207,0.001451,0.00002865
14,160,0.251573,0.000065,7.3644,0.050594,0.104179,0.082398,0.012269,0.001121,0.00002865
14,161,0.247045,0.000065,7.4865,0.050594,0.104217,0.061394,0.009572,0.001063,0.00002865
14,162,0.267210,0.000070,8.4031,0.050543,0.104050,0.076990,0.006576,0.000801,0.00002865
14,163,0.320641,0.000082,11.0586,0.050575,0.103979,0.121326,0.004000,0.000791,0.00002865
14,164,0.334186,0.000092,7.2272,0.050564,0.103781,0.074291,0.012338,0.000661,0.00002865
14,165,0.338644,0.000094,7.6807,0.050594,0.103720,0.072242,0.007005,0.000628,0.00002865
14,166,0.321684,0.000090,6.6460,0.050573,0.103832,0.069488,0.004000,0.001418,0.00002865
14,167,0.397544,0.000108,10.7486,0.050567,0.104061,0.076144,0.007366,0.001878,0.00002865
14,168,0.298479,0.000082,7.0877,0.050535,0.104070,0.056008,0.005039,0.001184,0.00002865
14,169,0.305711,0.000086,5.9484,0.050491,0.104003,0.067616,0.005039,0.001736,0.00002865
14,170,0.209781,0.000055,6.5684,0.050450,0.103811,0.072598,0.002798,0.000624,0.00002865
14,171,0.297215,0.000080,7.7971,0.050433,0.104060,0.066323,0.011591,0.000820,0.00002865
14,172,0.269160,0.000072,6.7203,0.050399,0.104171,0.061049,0.012767,0.000295,0.00002865
14,173,0.278351,0.000074,7.6642,0.050360,0.104188,0.067662,0.009152,0.000532,0.00002865
14,174,0.261559,0.000071,6.1665,0.050295,0.104228,0.076908,0.006327,0.000504,0.00002865
14,175,0.279622,0.000076,7.2180,0.050235,0.104216,0.053393,0.005468,0.000857,0.00002865
14,176,0.260520,0.000068,7.6565,0.050214,0.103906,0.079465,0.009083,0.000447,0.00002865
14,177,0.230647,0.000061,6.8726,0.050172,0.103754,0.088218,0.003570,0.000400,0.00002865
14,178,0.234224,0.000063,6.1861,0.050108,0.103580,0.083238,0.005123,0.000327,0.00002865
14,179,0.248781,0.000065,6.9791,0.050066,0.103239,0.068299,0.012089,0.000797,0.00002865
14,180,0.355358,0.000096,9.5952,0.050073,0.103330,0.073839,0.009513,0.000860,0.00002865
14,181,0.323839,0.000085,10.1709,0.050070,0.103344,0.082706,0.007005,0.000538,0.00002865
14,182,0.380078,0.000106,8.3545,0.050085,0.103307,0.081267,0.007366,0.000649,0.00002865
14,183,0.213770,0.000055,7.1956,0.050051,0.103442,0.056725,0.007864,0.000411,0.00002865
14,184,0.275352,0.000076,6.1554,0.050014,0.103553,0.061226,0.004859,0.000556,0.00002865
14,185,0.264711,0.000072,6.9685,0.049989,0.103651,0.055506,0.003570,0.000625,0.00002865
14,186,0.231149,0.000063,5.7146,0.049924,0.103775,0.060199,0.005898,0.000264,0.00002865
14,187,0.217670,0.000052,10.2666,0.049898,0.103698,0.073396,0.002798,0.000218,0.00002865
14,188,0.267195,0.000073,7.0842,0.049849,0.103611,0.052390,0.003570,0.000480,0.00002865
14,189,0.229247,0.000059,8.0648,0.049799,0.103896,0.093825,0.002712,0.000385,0.00002865
14,190,0.269167,0.000073,7.0177,0.049762,0.103615,0.054082,0.006147,0.000666,0.00002865
14,191,0.279060,0.000077,6.5828,0.049737,0.103605,0.069638,0.006756,0.000398,0.00002865
14,192,0.309620,0.000087,6.3929,0.049702,0.103686,0.062691,0.006147,0.001127,0.00002865
14,193,0.235119,0.000061,7.4312,0.049685,0.103546,0.062883,0.007795,0.000462,0.00002865
14,194,0.241858,0.000065,6.1663,0.049645,0.103384,0.064559,0.006576,0.000610,0.00002865
14,195,0.262673,0.000072,6.1210,0.049618,0.103369,0.063885,0.004066,0.000321,0.00002865
14,196,0.279181,0.000075,8.3712,0.049603,0.103245,0.056900,0.003141,0.000740,0.00002865
14,197,0.242815,0.000065,7.2919,0.049544,0.103071,0.051292,0.006147,0.000437,0.00002865
14,198,0.247102,0.000065,7.0855,0.049501,0.102873,0.088146,0.006576,0.000444,0.00002865
14,199,0.289299,0.000080,6.4132,0.049478,0.102751,0.069495,0.005717,0.001022,0.00002865
14,200,0.245620,0.000067,6.3756,0.049466,0.102712,0.061268,0.004000,0.000433,0.00002865
14,201,0.234959,0.000061,8.1471,0.049428,0.102583,0.055868,0.004859,0.000237,0.00002865
14,202,0.208567,0.000055,6.4134,0.049410,0.102564,0.057662,0.005288,0.000337,0.00002865
14,203,0.307369,0.000085,6.4656,0.049383,0.102605,0.081391,0.006576,0.000703,0.00002865
14,204,0.221046,0.000057,7.8331,0.049396,0.102532,0.065033,0.001424,0.000616,0.00002865
14,205,0.327926,0.000092,7.1067,0.049381,0.102412,0.071495,0.004609,0.000637,0.00002865
14,206,0.249601,0.000067,6.9596,0.049368,0.102237,0.064521,0.003570,0.000942,0.00002865
14,207,0.250287,0.000065,7.4290,0.049365,0.102055,0.082418,0.008044,0.001051,0.00002865
14,208,0.263969,0.000069,8.5276,0.049376,0.102103,0.075408,0.005468,0.000694,0.00002865
14,209,0.256996,0.000069,7.2510,0.049369,0.102230,0.065455,0.004609,0.000481,0.00002865
14,210,0.243133,0.000059,9.8265,0.049384,0.102189,0.114544,0.003141,0.000734,0.00002865
14,211,0.369169,0.000100,9.7418,0.049418,0.102267,0.095662,0.008793,0.001791,0.00002865
14,212,0.249408,0.000066,6.9302,0.049408,0.102162,0.065266,0.007237,0.001487,0.00002865
14,213,0.238826,0.000062,8.3876,0.049468,0.102208,0.081767,0.001424,0.000675,0.00002865
14,214,0.283084,0.000077,7.5042,0.049478,0.102111,0.062029,0.006327,0.000823,0.00002865
14,215,0.278547,0.000074,8.7621,0.049438,0.102134,0.069478,0.002712,0.001039,0.00002865
14,216,0.246975,0.000067,6.6082,0.049401,0.102275,0.066403,0.004859,0.000449,0.00002865
14,217,0.379660,0.000103,10.2848,0.049432,0.102497,0.071804,0.011299,0.000545,0.00002865
14,218,0.435436,0.000122,9.3202,0.049459,0.102434,0.074381,0.010732,0.000953,0.00002865
14,219,0.236264,0.000061,7.5190,0.049471,0.102364,0.081090,0.004859,0.001085,0.00002865
14,220,0.211847,0.000054,7.5922,0.049476,0.102239,0.066330,0.004859,0.000874,0.00002865
14,221,0.263087,0.000067,9.4449,0.049454,0.102144,0.090978,0.001424,0.000495,0.00002865
14,222,0.335380,0.000090,9.3077,0.049464,0.102380,0.089009,0.008654,0.001021,0.00002865
14,223,0.285283,0.000076,7.2223,0.049461,0.102237,0.080651,0.011909,0.000701,0.00002865
14,224,0.335786,0.000092,8.1897,0.049461,0.102314,0.064162,0.006937,0.001142,0.00002865
14,225,0.256054,0.000065,8.7042,0.049476,0.102133,0.100571,0.004859,0.000438,0.00002865
14,226,0.315067,0.000086,7.5445,0.049491,0.102182,0.074012,0.007615,0.000839,0.00002865
14,227,0.311909,0.000086,7.8979,0.049491,0.102117,0.059808,0.006576,0.000327,0.00002865
14,228,0.285179,0.000077,7.9128,0.049468,0.102025,0.058514,0.004859,0.000665,0.00002865
14,229,0.360952,0.000101,7.4831,0.049464,0.102052,0.074764,0.007458,0.000351,0.00002865
14,230,0.246155,0.000065,7.2471,0.049456,0.102021,0.072636,0.007795,0.000535,0.00002865
14,231,0.259477,0.000067,8.4447,0.049458,0.101918,0.069127,0.010372,0.000672,0.00002865
14,232,0.253305,0.000065,8.5801,0.049469,0.101855,0.094602,0.006327,0.000482,0.00002865
14,233,0.235072,0.000063,6.6780,0.049461,0.101640,0.068673,0.002463,0.000694,0.00002865
14,234,0.232869,0.000063,6.1187,0.049422,0.101614,0.056133,0.002282,0.000861,0.00002865
14,235,0.210161,0.000055,6.7600,0.049387,0.101584,0.055763,0.003751,0.000449,0.00002865
14,236,0.385601,0.000106,9.3753,0.049405,0.101395,0.098209,0.005288,0.000507,0.00002865
14,237,0.321608,0.000084,10.4003,0.049399,0.101432,0.081149,0.005648,0.001230,0.00002865
14,238,0.199932,0.000049,8.4302,0.049344,0.101555,0.093496,0.004172,0.000313,0.00002865
14,239,0.245613,0.000066,6.5405,0.049301,0.101362,0.080341,0.004429,0.000586,0.00002865
14,240,0.331050,0.000092,7.3066,0.049302,0.101475,0.057845,0.009264,0.000934,0.00002865
14,241,0.245234,0.000064,7.4752,0.049290,0.101326,0.059275,0.008474,0.000649,0.00002865
14,242,0.238227,0.000063,6.8985,0.049275,0.101154,0.078873,0.005039,0.000637,0.00002865
14,243,0.210738,0.000054,7.3807,0.049241,0.101159,0.056398,0.006576,0.000421,0.00002865
14,244,0.269645,0.000070,9.3801,0.049236,0.100991,0.066009,0.007366,0.000833,0.00002865
14,245,0.266310,0.000073,6.0927,0.049213,0.101001,0.071372,0.004609,0.000465,0.00002865
14,246,0.256448,0.000070,6.1861,0.049196,0.101010,0.065633,0.003009,0.001404,0.00002865
14,247,0.238458,0.000063,6.9652,0.049165,0.100887,0.084156,0.004000,0.000990,0.00002865
14,248,0.302166,0.000078,9.9281,0.049155,0.100768,0.084160,0.010122,0.000658,0.00002865
14,249,0.255896,0.000068,6.9721,0.049147,0.100730,0.068231,0.008044,0.000363,0.00002865
14,250,0.281056,0.000075,7.4567,0.049133,0.100710,0.088591,0.005288,0.000651,0.00002865
14,251,0.234492,0.000061,7.8179,0.049120,0.100506,0.062284,0.006576,0.000457,0.00002865
14,252,0.226502,0.000059,7.8786,0.049095,0.100642,0.058917,0.002282,0.000315,0.00002865
14,253,0.355398,0.000099,7.4939,0.049091,0.100800,0.078869,0.005717,0.001031,0.00002865
14,254,0.290618,0.000079,7.4178,0.049074,0.100800,0.087009,0.003570,0.000975,0.00002865
14,255,0.338844,0.000090,9.5972,0.049090,0.100783,0.073489,0.011618,0.000341,0.00002865
14,256,0.252540,0.000069,5.8645,0.049058,0.100867,0.053342,0.007435,0.000782,0.00002865
14,257,0.256589,0.000069,6.7883,0.049041,0.100899,0.060852,0.006576,0.000537,0.00002865
14,258,0.260628,0.000071,6.4342,0.049028,0.101012,0.063281,0.004429,0.000517,0.00002865
14,259,0.391802,0.000107,8.9492,0.049039,0.101110,0.093920,0.010621,0.001708,0.00002865
14,260,0.256365,0.000070,6.9448,0.049034,0.101278,0.058165,0.003141,0.000756,0.00002865
14,261,0.361386,0.000101,7.4375,0.049042,0.101348,0.070349,0.007005,0.000972,0.00002865
14,262,0.259573,0.000070,7.0214,0.049044,0.101287,0.069625,0.004541,0.001072,0.00002865
14,263,0.219681,0.000055,8.8914,0.049020,0.101469,0.064471,0.003009,0.000331,0.00002865
14,264,0.218999,0.000056,7.7232,0.048997,0.101496,0.055212,0.010732,0.000487,0.00002865
14,265,0.273792,0.000076,6.3971,0.048979,0.101472,0.062500,0.003751,0.000771,0.00002865
14,266,0.257345,0.000066,8.2203,0.048970,0.101429,0.097411,0.006327,0.000483,0.00002865
14,267,0.329223,0.000089,8.5779,0.048986,0.101317,0.072080,0.006507,0.000904,0.00002865
14,268,0.281897,0.000077,6.6103,0.048951,0.101204,0.072271,0.004859,0.000717,0.00002865
14,269,0.308287,0.000085,6.9229,0.048944,0.101273,0.067586,0.007864,0.000323,0.00002865
14,270,0.253623,0.000066,8.9353,0.048929,0.101276,0.059062,0.004859,0.000512,0.00002865
14,271,0.261496,0.000071,7.3332,0.048898,0.101177,0.053566,0.004429,0.000514,0.00002865
14,272,0.228086,0.000059,6.5672,0.048857,0.101063,0.076937,0.008870,0.000705,0.00002865
14,273,0.379318,0.000102,9.2254,0.048857,0.101090,0.067987,0.026174,0.001089,0.00002865
14,274,0.303908,0.000070,14.5250,0.048872,0.101024,0.157924,0.014735,0.000966,0.00002865
14,275,0.296077,0.000080,7.4030,0.048862,0.100827,0.094224,0.007615,0.000923,0.00002865
14,276,0.234677,0.000064,6.3985,0.048843,0.100839,0.055457,0.004000,0.000445,0.00002865
14,277,0.246630,0.000066,6.7098,0.048834,0.100815,0.064734,0.007005,0.000386,0.00002865
14,278,0.332858,0.000089,9.1774,0.048853,0.100770,0.078203,0.013600,0.000627,0.00002865
14,279,0.236455,0.000063,6.7739,0.048823,0.100900,0.056583,0.006327,0.000424,0.00002865
14,280,0.502892,0.000138,9.8969,0.048867,0.100906,0.107885,0.031617,0.001555,0.00002865
14,281,0.228318,0.000055,9.8032,0.048843,0.100821,0.112601,0.003141,0.000195,0.00002865
14,282,0.314263,0.000087,7.2341,0.048833,0.100727,0.082497,0.004000,0.000653,0.00002865
14,283,0.257436,0.000071,6.0628,0.048814,0.100702,0.067082,0.003141,0.000321,0.00002865
14,284,0.277381,0.000075,7.7060,0.048801,0.100675,0.066035,0.005717,0.000447,0.00002865
14,285,0.269882,0.000073,7.1110,0.048804,0.100605,0.067862,0.005288,0.000603,0.00002865
14,286,0.223986,0.000058,7.3279,0.048787,0.100652,0.080238,0.003570,0.000377,0.00002865
14,287,0.319400,0.000088,7.5400,0.048775,0.100590,0.064824,0.005717,0.000706,0.00002865
14,288,0.272528,0.000073,7.4547,0.048795,0.100501,0.072978,0.007186,0.000540,0.00002865
14,289,0.214168,0.000056,6.8735,0.048778,0.100576,0.073390,0.004172,0.000756,0.00002865
14,290,0.355974,0.000098,7.7133,0.048785,0.100664,0.073663,0.013420,0.000558,0.00002865
14,291,0.271703,0.000072,7.8491,0.048794,0.100712,0.065698,0.006507,0.000811,0.00002865
14,292,0.224851,0.000058,7.5362,0.048806,0.100568,0.081834,0.005288,0.000229,0.00002865
14,293,0.277986,0.000076,7.1076,0.048781,0.100506,0.058501,0.007005,0.000459,0.00002865
14,294,0.253500,0.000067,7.2335,0.048766,0.100477,0.086097,0.005468,0.000507,0.00002865
14,295,0.326184,0.000091,6.9914,0.048749,0.100366,0.074586,0.007864,0.001081,0.00002865
14,296,0.345076,0.000094,9.3027,0.048763,0.100379,0.068022,0.007005,0.000513,0.00002865
14,297,0.282183,0.000076,7.6610,0.048756,0.100410,0.065525,0.003009,0.001302,0.00002865
14,298,0.214450,0.000057,6.5636,0.048733,0.100430,0.065388,0.003141,0.000672,0.00002865
14,299,0.283068,0.000069,11.4869,0.048750,0.100513,0.119817,0.004859,0.000317,0.00002865
14,300,0.224668,0.000058,7.3510,0.048761,0.100469,0.079743,0.003570,0.000327,0.00002865
14,301,0.229830,0.000062,6.0981,0.048740,0.100286,0.076198,0.002712,0.000338,0.00002865
14,302,0.260121,0.000069,8.3938,0.048735,0.100386,0.057026,0.002712,0.000468,0.00002865
14,303,0.233079,0.000062,6.6310,0.048712,0.100242,0.058401,0.004180,0.000534,0.00002865
14,304,0.260993,0.000068,8.1165,0.048715,0.100127,0.094222,0.007186,0.000564,0.00002865
14,305,0.317645,0.000084,9.5202,0.048748,0.100054,0.075194,0.008723,0.000660,0.00002865
14,306,0.396872,0.000105,12.7749,0.048758,0.099963,0.092737,0.006919,0.000688,0.00002865
14,307,0.346277,0.000095,8.5469,0.048793,0.100036,0.079294,0.006258,0.000966,0.00002865
14,308,0.398234,0.000111,8.0668,0.048829,0.100025,0.080856,0.012338,0.000780,0.00002865
14,309,0.262686,0.000067,9.2163,0.048819,0.099982,0.103528,0.006147,0.000471,0.00002865
14,310,0.222839,0.000059,6.6696,0.048802,0.100004,0.065181,0.004429,0.000473,0.00002865
14,311,0.222355,0.000061,5.7515,0.048775,0.100035,0.052238,0.003141,0.000472,0.00002865
14,312,0.252532,0.000070,6.0407,0.048755,0.100014,0.054496,0.004609,0.000670,0.00002865
14,313,0.201179,0.000052,6.6687,0.048729,0.099934,0.061462,0.003570,0.000476,0.00002865
14,314,0.239575,0.000065,6.4598,0.048710,0.099930,0.068172,0.002480,0.000678,0.00002865
14,315,0.362930,0.000098,10.5203,0.048730,0.100015,0.068805,0.004859,0.001304,0.00002865
14,316,0.424351,0.000121,7.4312,0.048730,0.100215,0.070209,0.008654,0.001515,0.00002865
14,317,0.371516,0.000103,8.1011,0.048736,0.100469,0.090769,0.005288,0.001093,0.00002865
14,318,0.301146,0.000084,6.3620,0.048725,0.100543,0.072373,0.003570,0.000677,0.00002865
14,319,0.258613,0.000070,6.4979,0.048710,0.100424,0.069908,0.004859,0.001075,0.00002865
14,320,0.362365,0.000098,9.2905,0.048700,0.100402,0.062583,0.017825,0.001021,0.00002865
14,321,0.275875,0.000076,6.7146,0.048680,0.100352,0.053435,0.004429,0.000716,0.00002865
14,322,0.287414,0.000080,5.8362,0.048661,0.100354,0.058767,0.009624,0.000384,0.00002865
14,323,0.242118,0.000064,7.0196,0.048647,0.100252,0.082260,0.004172,0.000229,0.00002865
14,324,0.386405,0.000108,7.8617,0.048648,0.100351,0.074774,0.012837,0.001609,0.00002865
14,325,0.393276,0.000109,8.6584,0.048657,0.100339,0.068663,0.014528,0.001523,0.00002865
14,326,0.336733,0.000094,6.7940,0.048650,0.100262,0.065444,0.012699,0.001528,0.00002865
14,327,0.453185,0.000128,8.6025,0.048666,0.100306,0.072119,0.014598,0.001611,0.00002865
14,328,0.388870,0.000108,8.7405,0.048685,0.100516,0.081988,0.006576,0.001736,0.00002865
14,329,0.358215,0.000101,7.3329,0.048701,0.100552,0.066019,0.006895,0.001367,0.00002865
14,330,0.375513,0.000105,7.5034,0.048702,0.100608,0.064772,0.010311,0.001782,0.00002865
14,331,0.379891,0.000106,7.7144,0.048706,0.100678,0.066169,0.014550,0.001902,0.00002865
14,332,0.382900,0.000107,7.9544,0.048711,0.100674,0.080751,0.008156,0.000641,0.00002865
14,333,0.342864,0.000092,9.4151,0.048730,0.100700,0.091928,0.007795,0.000695,0.00002865
14,334,0.411099,0.000115,7.9488,0.048744,0.100682,0.081164,0.014804,0.000793,0.00002865
14,335,0.305043,0.000086,6.2888,0.048736,0.100834,0.059171,0.004180,0.001367,0.00002865
14,336,0.233803,0.000061,7.7669,0.048730,0.101010,0.065180,0.003751,0.000480,0.00002865
14,337,0.368144,0.000103,7.6903,0.048738,0.101134,0.063295,0.007546,0.000742,0.00002865
14,338,0.215398,0.000057,6.3817,0.048709,0.101063,0.067404,0.006327,0.000508,0.00002865
14,339,0.349040,0.000097,8.3814,0.048713,0.100957,0.063002,0.005607,0.000536,0.00002865
14,340,0.204502,0.000055,5.1924,0.048686,0.100945,0.046079,0.006919,0.000576,0.00002865
14,341,0.297870,0.000080,8.0090,0.048679,0.101011,0.092670,0.008044,0.000622,0.00002865
14,342,0.414593,0.000115,7.9702,0.048690,0.101096,0.085454,0.019611,0.001274,0.00002865
14,343,0.424661,0.000119,8.0038,0.048705,0.101273,0.064181,0.018143,0.001884,0.00002865
14,344,0.378941,0.000104,8.3035,0.048732,0.101249,0.082167,0.018254,0.001367,0.00002865
14,345,0.344553,0.000094,7.5156,0.048732,0.101272,0.080098,0.016681,0.000651,0.00002865
14,346,0.343460,0.000092,8.3976,0.048752,0.101220,0.080312,0.017645,0.001128,0.00002865
14,347,0.341058,0.000094,7.8518,0.048759,0.101260,0.063156,0.007615,0.001008,0.00002865
14,348,0.343814,0.000095,7.5390,0.048771,0.101366,0.065904,0.008293,0.000821,0.00002865
14,349,0.297150,0.000083,6.2099,0.048746,0.101344,0.062524,0.008293,0.000564,0.00002865
14,350,0.303018,0.000081,8.6093,0.048745,0.101375,0.074550,0.007435,0.000575,0.00002865
14,351,0.444106,0.000123,9.6722,0.048773,0.101376,0.077150,0.014742,0.001031,0.00002865
14,352,0.324687,0.000090,6.9679,0.048774,0.101424,0.072342,0.008044,0.000437,0.00002865
14,353,0.288517,0.000080,6.1135,0.048762,0.101416,0.061340,0.007005,0.000593,0.00002865
14,354,0.303486,0.000084,7.2027,0.048767,0.101421,0.072758,0.004859,0.000281,0.00002865
14,355,0.318501,0.000089,6.5493,0.048765,0.101397,0.062117,0.007907,0.001167,0.00002865
14,356,0.251548,0.000066,8.5027,0.048753,0.101294,0.058850,0.002712,0.000316,0.00002865
14,357,0.260343,0.000062,12.9010,0.048746,0.101218,0.088190,0.002798,0.000490,0.00002865
14,358,0.289106,0.000075,9.0550,0.048758,0.101139,0.103170,0.010621,0.000306,0.00002865
14,359,0.271247,0.000072,7.4025,0.048761,0.101117,0.084067,0.009083,0.000527,0.00002865
14,360,0.237639,0.000063,7.1623,0.048750,0.100926,0.054388,0.005717,0.000350,0.00002865
14,361,0.386984,0.000104,9.2873,0.048762,0.100823,0.091809,0.023414,0.001038,0.00002865
14,362,0.734868,0.000201,14.7055,0.048824,0.100850,0.139569,0.053269,0.001781,0.00002865
14,363,0.583818,0.000160,12.6368,0.048869,0.100851,0.114689,0.030215,0.001883,0.00002865
14,364,0.553426,0.000152,11.3124,0.048910,0.100870,0.095508,0.037567,0.002129,0.00002865
14,365,0.605224,0.000165,14.0205,0.048967,0.100766,0.114181,0.027782,0.002203,0.00002865
14,366,0.362676,0.000096,11.7419,0.048984,0.100870,0.071137,0.007435,0.000759,0.00002865
14,367,0.405059,0.000113,8.6387,0.048997,0.101091,0.098713,0.007435,0.001443,0.00002865
14,368,0.259505,0.000071,5.8743,0.048969,0.101033,0.054222,0.008474,0.000595,0.00002865
14,369,0.335097,0.000087,9.9152,0.048983,0.101060,0.123506,0.012089,0.001132,0.00002865
14,370,0.287121,0.000076,7.9229,0.048987,0.100998,0.091353,0.010621,0.001041,0.00002865
14,371,0.320932,0.000089,6.1363,0.048970,0.101125,0.074459,0.011230,0.000952,0.00002865
14,372,0.224835,0.000059,6.9347,0.048950,0.101147,0.065097,0.006147,0.000667,0.00002865
14,373,0.270264,0.000074,6.2287,0.048928,0.101186,0.067702,0.005039,0.000698,0.00002865
14,374,0.227637,0.000053,12.0963,0.048903,0.101149,0.072242,0.008293,0.000336,0.00002865
14,375,0.262018,0.000065,11.2124,0.048915,0.101088,0.078981,0.005288,0.000332,0.00002865
14,376,0.282854,0.000077,7.3666,0.048924,0.101163,0.074322,0.005288,0.000626,0.00002865
14,377,0.279708,0.000076,7.3516,0.048923,0.101225,0.061966,0.007186,0.000435,0.00002865
14,378,0.297117,0.000083,6.5906,0.048920,0.101242,0.058994,0.006327,0.000410,0.00002865
14,379,0.235669,0.000061,7.1986,0.048922,0.101215,0.075014,0.009332,0.000527,0.00002865
14,380,0.230253,0.000060,6.8020,0.048915,0.101305,0.069681,0.007435,0.000546,0.00002865
14,381,0.266171,0.000072,6.9120,0.048925,0.101234,0.063228,0.004000,0.001315,0.00002865
14,382,0.223002,0.000061,5.7221,0.048907,0.101206,0.058341,0.001952,0.000371,0.00002865
14,383,0.353988,0.000094,11.1106,0.048925,0.101168,0.066806,0.007448,0.000760,0.00002865
14,384,0.279232,0.000072,9.8441,0.048913,0.101247,0.061431,0.007435,0.000889,0.00002865
14,385,0.255695,0.000069,6.9582,0.048885,0.101261,0.069473,0.004429,0.000804,0.00002865
14,386,0.278297,0.000076,6.7035,0.048894,0.101289,0.077190,0.005039,0.000632,0.00002865
14,387,0.288371,0.000079,7.2408,0.048884,0.101200,0.063060,0.004000,0.001220,0.00002865
14,388,0.339088,0.000096,6.5762,0.048869,0.101084,0.064570,0.005898,0.001737,0.00002865
14,389,0.268985,0.000073,7.0222,0.048857,0.100980,0.076800,0.005717,0.000750,0.00002865
14,390,0.231809,0.000060,7.2257,0.048853,0.100913,0.063628,0.007117,0.000629,0.00002865
14,391,0.226215,0.000060,6.1770,0.048827,0.100889,0.080398,0.006919,0.000370,0.00002865
15,1,0.422962,0.000115,10.8130,0.053185,0.089029,0.073578,0.016203,0.001616,0.00000734
15,2,0.434966,0.000122,8.2260,0.051206,0.121881,0.071014,0.019559,0.001697,0.00000734
15,3,0.377688,0.000103,8.9015,0.051291,0.102223,0.063849,0.016071,0.001590,0.00000734
15,4,0.404197,0.000112,7.8172,0.051103,0.109394,0.085414,0.017533,0.001588,0.00000734
15,5,0.349481,0.000095,8.1276,0.050447,0.108432,0.092638,0.010552,0.001319,0.00000734
15,6,0.434579,0.000121,8.3331,0.050629,0.112375,0.082503,0.021412,0.001592,0.00000734
15,7,0.369183,0.000102,7.5501,0.050838,0.108935,0.080922,0.011951,0.002074,0.00000734
15,8,0.370038,0.000101,9.4551,0.050989,0.115734,0.069822,0.009189,0.001672,0.00000734
15,9,0.358088,0.000097,8.8671,0.050300,0.113902,0.079730,0.016162,0.001785,0.00000734
15,10,0.461716,0.000128,9.2101,0.050010,0.118459,0.067425,0.023089,0.001697,0.00000734
15,11,0.383734,0.000106,8.2064,0.049555,0.118511,0.062008,0.020719,0.001647,0.00000734
15,12,0.436070,0.000123,8.0417,0.049377,0.119265,0.065909,0.018392,0.001446,0.00000734
15,13,0.428680,0.000117,9.2639,0.049372,0.122861,0.113070,0.016134,0.001535,0.00000734
15,14,0.433865,0.000120,7.8383,0.049187,0.121431,0.089021,0.027092,0.001517,0.00000734
15,15,0.466712,0.000128,9.6156,0.049538,0.122057,0.086443,0.026722,0.001854,0.00000734
15,16,0.392074,0.000109,8.0147,0.049385,0.117448,0.066597,0.013489,0.001736,0.00000734
15,17,0.301346,0.000082,7.3325,0.049328,0.114745,0.081247,0.009667,0.001762,0.00000734
15,18,0.323269,0.000089,6.8712,0.049141,0.113759,0.075450,0.011771,0.001517,0.00000734
15,19,0.331417,0.000092,7.0928,0.049091,0.114185,0.067322,0.008231,0.001278,0.00000734
15,20,0.357541,0.000098,8.2998,0.048995,0.112855,0.085189,0.009513,0.001289,0.00000734
15,21,0.332651,0.000092,6.7837,0.048848,0.111889,0.073631,0.011161,0.001398,0.00000734
15,22,0.341482,0.000095,7.0858,0.048853,0.110219,0.072227,0.007218,0.001262,0.00000734
15,23,0.310532,0.000087,6.6489,0.048668,0.109253,0.061181,0.006327,0.001436,0.00000734
15,24,0.341541,0.000094,7.8346,0.048617,0.110423,0.074050,0.007186,0.001969,0.00000734
15,25,0.291313,0.000081,6.5044,0.048420,0.110746,0.062048,0.003009,0.001252,0.00000734
15,26,0.312311,0.000086,7.0995,0.048433,0.110758,0.066652,0.007435,0.000681,0.00000734
15,27,0.297858,0.000075,10.4780,0.048451,0.110927,0.111042,0.008654,0.000865,0.00000734
15,28,0.248893,0.000067,6.6892,0.048339,0.109949,0.064302,0.008051,0.000531,0.00000734
15,29,0.392424,0.000108,8.6950,0.048364,0.109561,0.064028,0.018170,0.001602,0.00000734
15,30,0.286597,0.000077,7.8366,0.048387,0.109001,0.060617,0.011840,0.001278,0.00000734
15,31,0.245109,0.000066,6.2360,0.048198,0.107070,0.059215,0.010191,0.000841,0.00000734
15,32,0.263923,0.000073,5.9191,0.048049,0.107067,0.059518,0.007186,0.001102,0.00000734
15,33,0.289098,0.000079,6.7107,0.047995,0.105833,0.067010,0.007005,0.000782,0.00000734
15,34,0.245471,0.000063,8.9420,0.048005,0.105210,0.078652,0.002798,0.000618,0.00000734
15,35,0.365972,0.000102,8.3038,0.047942,0.105913,0.060392,0.005717,0.001464,0.00000734
15,36,0.355073,0.000100,7.1070,0.047790,0.105003,0.058474,0.010372,0.001632,0.00000734
15,37,0.362239,0.000101,7.9546,0.047745,0.105371,0.060888,0.009195,0.001570,0.00000734
15,38,0.342759,0.000094,8.0218,0.047721,0.106344,0.085977,0.004790,0.001440,0.00000734
15,39,0.351774,0.000098,7.6913,0.047802,0.106838,0.076157,0.006078,0.001413,0.00000734
15,40,0.335878,0.000094,6.6835,0.047701,0.106147,0.068139,0.008903,0.001360,0.00000734
15,41,0.362972,0.000101,7.7652,0.047734,0.105753,0.062919,0.010303,0.001802,0.00000734
15,42,0.355793,0.000100,7.3774,0.047706,0.105966,0.073392,0.001952,0.001950,0.00000734
15,43,0.407162,0.000112,8.5137,0.047909,0.107151,0.083640,0.017104,0.000626,0.00000734
15,44,0.320183,0.000089,7.0021,0.047933,0.106631,0.055075,0.013335,0.000487,0.00000734
15,45,0.245081,0.000065,7.1464,0.047872,0.104967,0.059989,0.006327,0.000543,0.00000734
15,46,0.294848,0.000079,7.9336,0.047964,0.104811,0.085967,0.005717,0.000899,0.00000734
15,47,0.266930,0.000072,6.8612,0.047954,0.105163,0.078249,0.007546,0.000692,0.00000734
15,48,0.340222,0.000096,6.6760,0.047994,0.104978,0.064536,0.008087,0.000410,0.00000734
15,49,0.350757,0.000095,7.4183,0.048003,0.105239,0.061778,0.025263,0.001274,0.00000734
15,50,0.284966,0.000077,7.0811,0.047968,0.105043,0.069557,0.008474,0.001425,0.00000734
15,51,0.265081,0.000074,5.6906,0.047863,0.104593,0.066081,0.001424,0.000339,0.00000734
15,52,0.347989,0.000096,8.4069,0.047852,0.103740,0.072805,0.007117,0.001433,0.00000734
15,53,0.322107,0.000090,6.7671,0.047867,0.104220,0.069005,0.007186,0.001420,0.00000734
15,54,0.315299,0.000088,6.6199,0.047890,0.103776,0.062331,0.009083,0.001200,0.00000734
15,55,0.290031,0.000079,7.0825,0.047847,0.103491,0.066987,0.007005,0.001037,0.00000734
15,56,0.354766,0.000098,8.7015,0.047861,0.103201,0.063328,0.007005,0.001325,0.00000734
15,57,0.327160,0.000090,7.4155,0.047867,0.103240,0.059991,0.010060,0.001385,0.00000734
15,58,0.350789,0.000098,7.5542,0.047893,0.102770,0.074780,0.006244,0.001920,0.00000734
15,59,0.352179,0.000096,8.2950,0.047870,0.102915,0.085768,0.008737,0.001724,0.00000734
15,60,0.265068,0.000073,6.6276,0.047859,0.103178,0.054174,0.006937,0.000601,0.00000734
15,61,0.239437,0.000065,6.0795,0.047743,0.103409,0.053543,0.004609,0.000535,0.00000734
15,62,0.245805,0.000064,6.6854,0.047661,0.104098,0.081831,0.015704,0.000487,0.00000734
15,63,0.244813,0.000065,6.4200,0.047660,0.103339,0.074669,0.011909,0.000871,0.00000734
15,64,0.371833,0.000104,7.6849,0.047763,0.102747,0.072714,0.009624,0.001551,0.00000734
15,65,0.344284,0.000094,8.3451,0.047795,0.103187,0.066040,0.009942,0.001032,0.00000734
15,66,0.340283,0.000091,9.0563,0.047872,0.102997,0.077948,0.012879,0.001355,0.00000734
15,67,0.278457,0.000073,7.2448,0.047874,0.103021,0.083544,0.016563,0.000525,0.00000734
15,68,0.248176,0.000065,7.8839,0.047824,0.102730,0.073524,0.006919,0.000478,0.00000734
15,69,0.314257,0.000084,8.4960,0.047781,0.102369,0.101957,0.008834,0.000811,0.00000734
15,70,0.289902,0.000079,7.1410,0.047775,0.102812,0.071456,0.009942,0.000723,0.00000734
15,71,0.240802,0.000063,8.0166,0.047740,0.103093,0.057197,0.004859,0.000747,0.00000734
15,72,0.304653,0.000085,6.7819,0.047674,0.103291,0.060423,0.005898,0.000334,0.00000734
15,73,0.327521,0.000092,6.7301,0.047621,0.103277,0.068622,0.007435,0.000341,0.00000734
15,74,0.276436,0.000076,6.5639,0.047574,0.103322,0.061608,0.004000,0.000765,0.00000734
15,75,0.346824,0.000096,7.2155,0.047562,0.103251,0.081209,0.014167,0.001006,0.00000734
15,76,0.240451,0.000066,5.8750,0.047440,0.103149,0.063307,0.002480,0.000845,0.00000734
15,77,0.456033,0.000123,12.5017,0.047572,0.103821,0.089685,0.011951,0.000659,0.00000734
15,78,0.385541,0.000107,7.8858,0.047648,0.103434,0.078803,0.014777,0.000860,0.00000734
15,79,0.412561,0.000115,9.0044,0.047713,0.104183,0.098154,0.009083,0.000792,0.00000734
15,80,0.511423,0.000143,10.1260,0.047815,0.104426,0.105595,0.019370,0.001040,0.00000734
15,81,0.410800,0.000116,7.5285,0.047840,0.104137,0.077202,0.010303,0.001072,0.00000734
15,82,0.302508,0.000082,7.9704,0.047901,0.104023,0.065809,0.008405,0.000532,0.00000734
15,83,0.270645,0.000074,7.1778,0.047884,0.103793,0.062495,0.004429,0.000579,0.00000734
15,84,0.288924,0.000080,6.7849,0.047826,0.103827,0.062073,0.004180,0.000533,0.00000734
15,85,0.280710,0.000072,9.3682,0.047790,0.104255,0.065887,0.013789,0.000819,0.00000734
15,86,0.383328,0.000109,6.2982,0.047743,0.104092,0.062455,0.011093,0.001564,0.00000734
15,87,0.379114,0.000098,11.8354,0.047796,0.104222,0.137163,0.009700,0.000802,0.00000734
15,88,0.366912,0.000100,9.1881,0.047780,0.104090,0.092580,0.008044,0.001356,0.00000734
15,89,0.398645,0.000108,10.2402,0.047776,0.104210,0.105973,0.012020,0.001092,0.00000734
15,90,0.295073,0.000082,6.4766,0.047767,0.104455,0.062294,0.007366,0.000793,0.00000734
15,91,0.349494,0.000096,7.4691,0.047795,0.104582,0.076033,0.014596,0.001212,0.00000734
15,92,0.348376,0.000095,7.9227,0.047864,0.104370,0.072523,0.014485,0.001025,0.00000734
15,93,0.310546,0.000083,8.3386,0.048021,0.104614,0.075068,0.010682,0.000612,0.00000734
15,94,0.253881,0.000059,12.2041,0.047975,0.104636,0.134576,0.003141,0.000527,0.00000734
15,95,0.241897,0.000062,8.2535,0.047947,0.104591,0.074784,0.007615,0.000531,0.00000734
15,96,0.337647,0.000095,7.0640,0.047931,0.105016,0.072792,0.005898,0.000769,0.00000734
15,97,0.361655,0.000102,6.9785,0.047951,0.105251,0.063222,0.009513,0.000674,0.00000734
15,98,0.257229,0.000070,6.7879,0.047864,0.104992,0.053797,0.003570,0.000319,0.00000734
15,99,0.271086,0.000073,7.3366,0.047852,0.104780,0.062366,0.005468,0.000491,0.00000734
15,100,0.214756,0.000057,5.9328,0.047740,0.104691,0.057506,0.010870,0.000402,0.00000734
15,101,0.261986,0.000068,8.1734,0.047740,0.104479,0.084830,0.008723,0.000351,0.00000734
15,102,0.224584,0.000061,6.5537,0.047681,0.104177,0.052143,0.001424,0.000311,0.00000734
15,103,0.294009,0.000077,7.9511,0.047629,0.103709,0.063036,0.022437,0.000370,0.00000734
15,104,0.405412,0.000116,6.9969,0.047633,0.103973,0.069178,0.006576,0.000619,0.00000734
15,105,0.327595,0.000090,6.8702,0.047592,0.104087,0.070798,0.012767,0.000891,0.00000734
15,106,0.340685,0.000094,7.6820,0.047537,0.104364,0.074332,0.005717,0.000862,0.00000734
15,107,0.293010,0.000081,7.0639,0.047485,0.104373,0.057914,0.006937,0.000534,0.00000734
15,108,0.368367,0.000105,6.7219,0.047517,0.104270,0.059451,0.005468,0.001043,0.00000734
15,109,0.267366,0.000073,6.3495,0.047478,0.104270,0.065364,0.008293,0.000763,0.00000734
15,110,0.397751,0.000110,8.6011,0.047542,0.104534,0.091977,0.010016,0.000830,0.00000734
15,111,0.227342,0.000060,6.7733,0.047504,0.104186,0.057539,0.007795,0.000343,0.00000734
15,112,0.237746,0.000064,6.4050,0.047466,0.104262,0.063627,0.006327,0.000789,0.00000734
15,113,0.235649,0.000063,6.8177,0.047397,0.104224,0.056608,0.004000,0.000527,0.00000734
15,114,0.206183,0.000055,5.8797,0.047345,0.104002,0.058399,0.002712,0.000359,0.00000734
15,115,0.207108,0.000055,5.6087,0.047290,0.104025,0.068662,0.005288,0.000352,0.00000734
15,116,0.311380,0.000086,7.0389,0.047225,0.103564,0.052722,0.011479,0.000897,0.00000734
15,117,0.325572,0.000090,7.2319,0.047180,0.103652,0.066393,0.008044,0.001002,0.00000734
15,118,0.275376,0.000075,6.2759,0.047136,0.103499,0.077221,0.009582,0.001535,0.00000734
15,119,0.253821,0.000064,8.8355,0.047133,0.103676,0.081448,0.011618,0.000604,0.00000734
15,120,0.283024,0.000075,8.6566,0.047097,0.103852,0.067275,0.004000,0.000806,0.00000734
15,121,0.275358,0.000071,7.4607,0.047108,0.104024,0.084439,0.025872,0.000814,0.00000734
15,122,0.355517,0.000094,7.0072,0.047140,0.104196,0.071828,0.046734,0.000972,0.00000734
15,123,0.285646,0.000074,8.3962,0.047103,0.104191,0.099084,0.011411,0.000409,0.00000734
15,124,0.244625,0.000064,6.7998,0.047094,0.104085,0.071020,0.010912,0.000472,0.00000734
15,125,0.243379,0.000065,6.4754,0.047050,0.104214,0.067036,0.008834,0.000424,0.00000734
15,126,0.232575,0.000061,7.0597,0.047029,0.103884,0.064054,0.006327,0.000365,0.00000734
15,127,0.264944,0.000071,7.3996,0.047023,0.104001,0.072083,0.005123,0.000667,0.00000734
15,128,0.275127,0.000070,10.0800,0.046991,0.103983,0.064366,0.006937,0.000369,0.00000734
15,129,0.270977,0.000076,5.9552,0.046955,0.103592,0.054120,0.003141,0.000636,0.00000734
15,130,0.249821,0.000063,8.9581,0.046964,0.103487,0.101576,0.004000,0.000638,0.00000734
15,131,0.251707,0.000069,6.0530,0.046948,0.103349,0.061383,0.003141,0.000931,0.00000734
15,132,0.280501,0.000075,7.5624,0.046903,0.103175,0.092008,0.005288,0.000474,0.00000734
15,133,0.300928,0.000085,5.7171,0.046866,0.103173,0.056996,0.004609,0.000428,0.00000734
15,134,0.222041,0.000059,6.7152,0.046829,0.102702,0.058469,0.004000,0.000484,0.00000734
15,135,0.379907,0.000107,7.3091,0.046836,0.102898,0.070304,0.013377,0.000475,0.00000734
15,136,0.371448,0.000101,8.2298,0.046864,0.102612,0.075768,0.021813,0.000602,0.00000734
15,137,0.254055,0.000068,7.1267,0.046870,0.102217,0.059681,0.007373,0.000639,0.00000734
15,138,0.197742,0.000052,6.5444,0.046839,0.102270,0.053052,0.003141,0.000310,0.00000734
15,139,0.225084,0.000059,7.0430,0.046807,0.102374,0.062120,0.003570,0.000298,0.00000734
15,140,0.255749,0.000070,6.3638,0.046782,0.102241,0.070567,0.004616,0.000481,0.00000734
15,141,0.231312,0.000061,6.7478,0.046753,0.102121,0.074063,0.005039,0.000620,0.00000734
15,142,0.213581,0.000057,6.2028,0.046708,0.102046,0.062332,0.003141,0.000357,0.00000734
15,143,0.254253,0.000071,5.7199,0.046676,0.102010,0.059278,0.004000,0.000808,0.00000734
15,144,0.247640,0.000067,6.8628,0.046634,0.102162,0.049330,0.003009,0.000580,0.00000734
15,145,0.267110,0.000073,6.9825,0.046629,0.102463,0.052987,0.003141,0.000368,0.00000734
15,146,0.251623,0.000068,6.9199,0.046598,0.102304,0.057118,0.003570,0.000462,0.00000734
15,147,0.305940,0.000085,7.1323,0.046608,0.102131,0.061367,0.006507,0.000555,0.00000734
15,148,0.243313,0.000066,6.5789,0.046586,0.102581,0.069302,0.004000,0.000325,0.00000734
15,149,0.259387,0.000072,5.6148,0.046524,0.102661,0.054815,0.004429,0.000461,0.00000734
15,150,0.296789,0.000082,6.4745,0.046497,0.102366,0.069967,0.005898,0.000635,0.00000734
15,151,0.247708,0.000065,7.6586,0.046461,0.102393,0.072141,0.007546,0.000394,0.00000734
15,152,0.309324,0.000084,7.1785,0.046447,0.102478,0.079390,0.011994,0.000395,0.00000734
15,153,0.245548,0.000064,8.6039,0.046408,0.102647,0.055074,0.004172,0.000384,0.00000734
15,154,0.314165,0.000086,7.9803,0.046452,0.102872,0.060258,0.009083,0.002006,0.00000734
15,155,0.337712,0.000090,8.3709,0.046516,0.103322,0.066791,0.020152,0.002461,0.00000734
15,156,0.352899,0.000096,7.7794,0.046558,0.103300,0.071404,0.017894,0.002472,0.00000734
15,157,0.338742,0.000089,9.6961,0.046680,0.103410,0.085283,0.018641,0.001693,0.00000734
15,158,0.274656,0.000073,7.7112,0.046736,0.103240,0.068923,0.009873,0.001813,0.00000734
15,159,0.252090,0.000064,8.1054,0.046788,0.103161,0.068613,0.016425,0.001678,0.00000734
15,160,0.261887,0.000068,7.3020,0.046822,0.103121,0.075382,0.015524,0.000972,0.00000734
15,161,0.254479,0.000067,7.2135,0.046868,0.102921,0.067611,0.012743,0.001068,0.00000734
15,162,0.245900,0.000065,7.4306,0.046843,0.103043,0.071813,0.003141,0.000739,0.00000734
15,163,0.304961,0.000079,10.1827,0.046866,0.103046,0.115737,0.004000,0.000702,0.00000734
15,164,0.311122,0.000085,7.4078,0.046901,0.103033,0.077107,0.007864,0.000757,0.00000734
15,165,0.336783,0.000094,7.3803,0.046932,0.103139,0.080643,0.004000,0.000658,0.00000734
15,166,0.303253,0.000083,7.6631,0.046952,0.103471,0.084684,0.004000,0.001573,0.00000734
15,167,0.381691,0.000108,7.6256,0.046957,0.103591,0.062368,0.006078,0.001740,0.00000734
15,168,0.287391,0.000080,6.1963,0.046960,0.103480,0.060151,0.003570,0.001261,0.00000734
15,169,0.302848,0.000085,5.9903,0.046928,0.103353,0.065562,0.004859,0.001603,0.00000734
15,170,0.207449,0.000052,7.5643,0.046909,0.103499,0.076912,0.004172,0.000874,0.00000734
15,171,0.304526,0.000084,6.3739,0.046871,0.103504,0.067770,0.009083,0.000771,0.00000734
15,172,0.270276,0.000073,6.5338,0.046854,0.103796,0.070710,0.009693,0.000289,0.00000734
15,173,0.280609,0.000074,7.7849,0.046837,0.103738,0.064942,0.013875,0.000569,0.00000734
15,174,0.257609,0.000070,5.7220,0.046793,0.103647,0.061416,0.012089,0.000436,0.00000734
15,175,0.285076,0.000076,8.3600,0.046763,0.103898,0.054262,0.009985,0.000824,0.00000734
15,176,0.269247,0.000072,7.4449,0.046733,0.103985,0.058974,0.009762,0.000349,0.00000734
15,177,0.225314,0.000061,5.5491,0.046685,0.104172,0.063534,0.004429,0.000430,0.00000734
15,178,0.230763,0.000062,6.1730,0.046646,0.104062,0.077520,0.006180,0.000320,0.00000734
15,179,0.249923,0.000065,6.9196,0.046633,0.104008,0.071040,0.014528,0.000676,0.00000734
15,180,0.329037,0.000092,6.6560,0.046625,0.104000,0.058243,0.009693,0.000820,0.00000734
15,181,0.316839,0.000087,7.0785,0.046614,0.104121,0.062006,0.011411,0.000486,0.00000734
15,182,0.377687,0.000104,8.2665,0.046639,0.104127,0.086767,0.011591,0.000643,0.00000734
15,183,0.209356,0.000055,6.2562,0.046618,0.104180,0.061284,0.006147,0.000351,0.00000734
15,184,0.273387,0.000075,6.3760,0.046609,0.104187,0.065985,0.007186,0.000567,0.00000734
15,185,0.269709,0.000074,6.4879,0.046600,0.104311,0.059234,0.008293,0.000627,0.00000734
15,186,0.232049,0.000064,5.5943,0.046552,0.104201,0.058217,0.003570,0.000301,0.00000734
15,187,0.224641,0.000055,9.6683,0.046526,0.103774,0.069051,0.005546,0.000190,0.00000734
15,188,0.253629,0.000068,8.0795,0.046517,0.103903,0.056088,0.003141,0.000426,0.00000734
15,189,0.211493,0.000057,5.8952,0.046464,0.103847,0.065192,0.002282,0.000344,0.00000734
15,190,0.286069,0.000076,8.8845,0.046446,0.103649,0.059219,0.004429,0.000619,0.00000734
15,191,0.279267,0.000076,7.7947,0.046433,0.103576,0.057718,0.004000,0.000352,0.00000734
15,192,0.316162,0.000089,6.7799,0.046417,0.103342,0.053822,0.005898,0.001172,0.00000734
15,193,0.234715,0.000063,6.7800,0.046401,0.103393,0.056450,0.003751,0.000366,0.00000734
15,194,0.258305,0.000069,7.1251,0.046406,0.103373,0.073879,0.004000,0.000575,0.00000734
15,195,0.263820,0.000072,6.6689,0.046400,0.103564,0.072840,0.005651,0.000250,0.00000734
15,196,0.269000,0.000074,6.5069,0.046377,0.103446,0.058434,0.005717,0.000866,0.00000734
15,197,0.236793,0.000064,6.1991,0.046338,0.103400,0.055335,0.005717,0.000353,0.00000734
15,198,0.247038,0.000066,6.4223,0.046304,0.103337,0.081106,0.005288,0.000422,0.00000734
15,199,0.279540,0.000078,6.3278,0.046292,0.103313,0.062110,0.003141,0.000859,0.00000734
15,200,0.245509,0.000068,5.5744,0.046267,0.103206,0.065221,0.002282,0.000389,0.00000734
15,201,0.239279,0.000064,6.9258,0.046245,0.103455,0.053943,0.005717,0.000280,0.00000734
15,202,0.217904,0.000059,5.7808,0.046213,0.103608,0.051910,0.004609,0.000333,0.00000734
15,203,0.298950,0.000084,5.8703,0.046202,0.103602,0.069203,0.005717,0.000572,0.00000734
15,204,0.245476,0.000065,7.3241,0.046211,0.103715,0.064793,0.002798,0.000703,0.00000734
15,205,0.330677,0.000091,7.7980,0.046229,0.103614,0.071216,0.005648,0.000675,0.00000734
15,206,0.256777,0.000070,6.9823,0.046208,0.103657,0.057824,0.003141,0.000924,0.00000734
15,207,0.247803,0.000066,6.9119,0.046207,0.103649,0.068111,0.006258,0.001104,0.00000734
15,208,0.266861,0.000070,8.0394,0.046240,0.103563,0.075609,0.006327,0.000733,0.00000734
15,209,0.262709,0.000070,7.9664,0.046249,0.103605,0.075354,0.003751,0.000541,0.00000734
15,210,0.231570,0.000060,7.3208,0.046248,0.103641,0.087857,0.002712,0.000736,0.00000734
15,211,0.361227,0.000101,7.4001,0.046267,0.103738,0.074079,0.006147,0.001304,0.00000734
15,212,0.247001,0.000065,7.0960,0.046262,0.103869,0.071121,0.009572,0.001127,0.00000734
15,213,0.221616,0.000060,6.0389,0.046242,0.104149,0.068203,0.002282,0.000643,0.00000734
15,214,0.245007,0.000066,6.7209,0.046214,0.103917,0.053230,0.007186,0.000890,0.00000734
15,215,0.250394,0.000066,8.1267,0.046184,0.103896,0.055038,0.002282,0.000912,0.00000734
15,216,0.253920,0.000069,6.6497,0.046162,0.104104,0.062264,0.006756,0.000433,0.00000734
15,217,0.371596,0.000103,8.3509,0.046178,0.104039,0.059738,0.012158,0.000593,0.00000734
15,218,0.419101,0.000119,8.2893,0.046217,0.103998,0.066350,0.008044,0.000904,0.00000734
15,219,0.232374,0.000062,6.3229,0.046199,0.103968,0.062720,0.005288,0.001295,0.00000734
15,220,0.212112,0.000055,6.5169,0.046185,0.103855,0.057211,0.007005,0.000945,0.00000734
15,221,0.256420,0.000065,9.1631,0.046186,0.103854,0.090702,0.002798,0.000446,0.00000734
15,222,0.310701,0.000083,8.3699,0.046194,0.103992,0.090968,0.006147,0.000977,0.00000734
15,223,0.268529,0.000070,7.8769,0.046200,0.103994,0.092506,0.009942,0.000675,0.00000734
15,224,0.333238,0.000093,7.4356,0.046200,0.103894,0.068559,0.004609,0.001158,0.00000734
15,225,0.257417,0.000064,9.5751,0.046189,0.103973,0.108947,0.006147,0.000385,0.00000734
15,226,0.319469,0.000088,7.1992,0.046191,0.103838,0.076265,0.007005,0.000893,0.00000734
15,227,0.323639,0.000090,6.8234,0.046197,0.103696,0.065578,0.008480,0.000443,0.00000734
15,228,0.281732,0.000078,6.9126,0.046187,0.103698,0.056052,0.004859,0.000642,0.00000734
15,229,0.368339,0.000104,7.4814,0.046199,0.103868,0.066172,0.007680,0.000395,0.00000734
15,230,0.229725,0.000062,6.3795,0.046191,0.104044,0.064687,0.003141,0.000489,0.00000734
15,231,0.255045,0.000066,7.8348,0.046197,0.103907,0.064160,0.012338,0.000612,0.00000734
15,232,0.257744,0.000067,8.1812,0.046203,0.103888,0.087715,0.005039,0.000458,0.00000734
15,233,0.234133,0.000064,5.9694,0.046186,0.103920,0.068256,0.002712,0.000650,0.00000734
15,234,0.232290,0.000063,6.1679,0.046155,0.103996,0.063754,0.003570,0.000866,0.00000734
15,235,0.217412,0.000056,7.6566,0.046128,0.104119,0.062228,0.002712,0.000405,0.00000734
15,236,0.378743,0.000104,9.0153,0.046169,0.104240,0.090095,0.006147,0.000510,0.00000734
15,237,0.307954,0.000082,9.3885,0.046171,0.104275,0.066980,0.004180,0.001155,0.00000734
15,238,0.188318,0.000048,6.7207,0.046143,0.104113,0.075724,0.002798,0.000363,0.00000734
15,239,0.237417,0.000064,6.3638,0.046130,0.103985,0.064176,0.002712,0.000631,0.00000734
15,240,0.322336,0.000090,6.9303,0.046131,0.104018,0.056238,0.010552,0.000820,0.00000734
15,241,0.247410,0.000067,6.5831,0.046118,0.103997,0.065721,0.004790,0.000709,0.00000734
15,242,0.231429,0.000062,6.4963,0.046101,0.103732,0.071809,0.004000,0.000752,0.00000734
15,243,0.224382,0.000058,7.5819,0.046076,0.103928,0.061593,0.005717,0.000406,0.00000734
15,244,0.269158,0.000068,10.3896,0.046076,0.104049,0.066731,0.007615,0.000960,0.00000734
15,245,0.265985,0.000073,6.7871,0.046067,0.104186,0.053808,0.003751,0.000500,0.00000734
15,246,0.258182,0.000071,6.2902,0.046054,0.103995,0.054476,0.007237,0.001209,0.00000734
15,247,0.229996,0.000061,6.3026,0.046039,0.103940,0.077123,0.003141,0.001007,0.00000734
15,248,0.293629,0.000080,7.7671,0.046034,0.103878,0.072617,0.003570,0.000518,0.00000734
15,249,0.264710,0.000072,6.4152,0.046028,0.103950,0.067989,0.006078,0.000273,0.00000734
15,250,0.288386,0.000077,7.6979,0.046024,0.103985,0.092577,0.006507,0.000590,0.00000734
15,251,0.226165,0.000061,6.1804,0.046000,0.103897,0.061779,0.004859,0.000423,0.00000734
15,252,0.225646,0.000059,7.1095,0.045985,0.103780,0.058919,0.005717,0.000344,0.00000734
15,253,0.342703,0.000097,6.4011,0.045982,0.103719,0.066233,0.008044,0.001080,0.00000734
15,254,0.287892,0.000079,6.5698,0.045965,0.103638,0.078254,0.004859,0.001037,0.00000734
15,255,0.347741,0.000094,8.9179,0.045968,0.103550,0.069961,0.013789,0.000470,0.00000734
15,256,0.231274,0.000064,5.6445,0.045958,0.103556,0.053236,0.003570,0.000786,0.00000734
15,257,0.260252,0.000071,6.7797,0.045942,0.103513,0.054587,0.005717,0.000570,0.00000734
15,258,0.263546,0.000072,6.6432,0.045931,0.103497,0.050355,0.007435,0.000573,0.00000734
15,259,0.375281,0.000106,6.9855,0.045935,0.103528,0.071601,0.009332,0.001514,0.00000734
15,260,0.265498,0.000072,6.8931,0.045933,0.103591,0.056939,0.006327,0.000686,0.00000734
15,261,0.376655,0.000107,7.1153,0.045945,0.103650,0.070129,0.006147,0.000731,0.00000734
15,262,0.273084,0.000074,6.5495,0.045934,0.103719,0.069046,0.006756,0.001042,0.00000734
15,263,0.213791,0.000057,6.6717,0.045920,0.103795,0.052933,0.003537,0.000425,0.00000734
15,264,0.205496,0.000053,6.7706,0.045922,0.103812,0.057464,0.010011,0.000454,0.00000734
15,265,0.255355,0.000071,5.8232,0.045893,0.103852,0.050680,0.002712,0.000705,0.00000734
15,266,0.256815,0.000067,7.8369,0.045890,0.103843,0.092823,0.005288,0.000526,0.00000734
15,267,0.316424,0.000088,6.9606,0.045891,0.103731,0.065549,0.005898,0.000902,0.00000734
15,268,0.290901,0.000080,7.1121,0.045880,0.103845,0.082115,0.002712,0.000804,0.00000734
15,269,0.289090,0.000079,6.7452,0.045883,0.103793,0.071127,0.006147,0.000339,0.00000734
15,270,0.257946,0.000071,6.6918,0.045861,0.103632,0.049055,0.004000,0.000432,0.00000734
15,271,0.244756,0.000066,6.9305,0.045838,0.103564,0.051338,0.006937,0.000478,0.00000734
15,272,0.210618,0.000055,6.7345,0.045839,0.103475,0.064015,0.004172,0.000726,0.00000734
15,273,0.376156,0.000101,9.4085,0.045855,0.103480,0.065092,0.023911,0.001146,0.00000734
15,274,0.300254,0.000070,13.4870,0.045882,0.103323,0.146766,0.016743,0.000942,0.00000734
15,275,0.291678,0.000079,7.4426,0.045868,0.103359,0.092907,0.005288,0.000850,0.00000734
15,276,0.240289,0.000064,6.7562,0.045852,0.103392,0.074133,0.006327,0.000441,0.00000734
15,277,0.246212,0.000067,6.1679,0.045828,0.103388,0.056044,0.010011,0.000437,0.00000734
15,278,0.332303,0.000090,8.2141,0.045845,0.103343,0.074106,0.014708,0.000588,0.00000734
15,279,0.242624,0.000064,7.3552,0.045838,0.103328,0.055754,0.010372,0.000430,0.00000734
15,280,0.479201,0.000133,8.2794,0.045878,0.103314,0.077902,0.032411,0.001607,0.00000734
15,281,0.211816,0.000054,7.3991,0.045873,0.103369,0.083155,0.002282,0.000253,0.00000734
15,282,0.303555,0.000082,7.7170,0.045866,0.103555,0.083885,0.006327,0.000595,0.00000734
15,283,0.257190,0.000071,5.8585,0.045844,0.103527,0.074877,0.004609,0.000390,0.00000734
15,284,0.280653,0.000077,6.6449,0.045841,0.103487,0.070742,0.003141,0.000405,0.00000734
15,285,0.269980,0.000074,6.6608,0.045830,0.103578,0.068747,0.004000,0.000446,0.00000734
15,286,0.218529,0.000059,6.1824,0.045804,0.103529,0.062509,0.002712,0.000358,0.00000734
15,287,0.315743,0.000086,7.9656,0.045810,0.103488,0.068359,0.004429,0.000747,0.00000734
15,288,0.265175,0.000073,6.0455,0.045807,0.103437,0.059907,0.006937,0.000610,0.00000734
15,289,0.221675,0.000056,8.4936,0.045796,0.103307,0.077828,0.002798,0.000704,0.00000734
15,290,0.352470,0.000100,6.3790,0.045798,0.103437,0.065505,0.010801,0.000643,0.00000734
15,291,0.264842,0.000070,8.0508,0.045813,0.103476,0.063527,0.004859,0.000676,0.00000734
15,292,0.227754,0.000060,6.9052,0.045796,0.103290,0.072253,0.004429,0.000291,0.00000734
15,293,0.283115,0.000076,7.8242,0.045794,0.103141,0.061721,0.005717,0.000525,0.00000734
15,294,0.256699,0.000071,6.0931,0.045778,0.103088,0.069326,0.004429,0.000499,0.00000734
15,295,0.323232,0.000090,6.9032,0.045782,0.103251,0.073909,0.005717,0.001097,0.00000734
15,296,0.343217,0.000094,7.9668,0.045797,0.103341,0.070428,0.010191,0.000453,0.00000734
15,297,0.287468,0.000080,6.8779,0.045787,0.103299,0.062419,0.001952,0.001114,0.00000734
15,298,0.236488,0.000063,6.9806,0.045770,0.103139,0.062999,0.004000,0.000548,0.00000734
15,299,0.250562,0.000068,6.5504,0.045751,0.103134,0.068707,0.005288,0.000325,0.00000734
15,300,0.225568,0.000060,6.9320,0.045733,0.103118,0.066259,0.002712,0.000322,0.00000734
15,301,0.244485,0.000067,5.9679,0.045724,0.103134,0.064826,0.003570,0.000324,0.00000734
15,302,0.259834,0.000072,6.0289,0.045706,0.103128,0.056782,0.003751,0.000521,0.00000734
15,303,0.246520,0.000067,6.1931,0.045691,0.102974,0.071078,0.003141,0.000555,0.00000734
15,304,0.276938,0.000073,8.0677,0.045686,0.102958,0.097829,0.005898,0.000646,0.00000734
15,305,0.307177,0.000083,8.3003,0.045709,0.102934,0.068714,0.009693,0.000668,0.00000734
15,306,0.384200,0.000100,12.8940,0.045742,0.102869,0.093865,0.007496,0.000809,0.00000734
15,307,0.335904,0.000095,6.5900,0.045736,0.102915,0.059576,0.006078,0.000868,0.00000734
15,308,0.385750,0.000110,6.6929,0.045746,0.103051,0.062961,0.008044,0.000731,0.00000734
15,309,0.265771,0.000068,8.8485,0.045740,0.102866,0.098771,0.005288,0.000482,0.00000734
15,310,0.207502,0.000055,6.0225,0.045723,0.102921,0.065969,0.005288,0.000543,0.00000734
15,311,0.231211,0.000062,6.2071,0.045706,0.102999,0.067920,0.004000,0.000431,0.00000734
15,312,0.241098,0.000067,5.4912,0.045694,0.102971,0.054297,0.004859,0.000653,0.00000734
15,313,0.205344,0.000052,7.3582,0.045682,0.102969,0.065256,0.004429,0.000512,0.00000734
15,314,0.242849,0.000066,6.5493,0.045671,0.102944,0.054940,0.002480,0.000747,0.00000734
15,315,0.383933,0.000103,11.6021,0.045690,0.102862,0.074728,0.005717,0.001311,0.00000734
15,316,0.425845,0.000122,7.8251,0.045701,0.102902,0.059909,0.007795,0.001307,0.00000734
15,317,0.382664,0.000110,6.8353,0.045699,0.102970,0.057697,0.004000,0.001023,0.00000734
15,318,0.281863,0.000079,5.6806,0.045686,0.103063,0.056663,0.005288,0.000606,0.00000734
15,319,0.266586,0.000071,7.5465,0.045689,0.103155,0.088393,0.005288,0.000926,0.00000734
15,320,0.360460,0.000099,7.3247,0.045700,0.103250,0.071470,0.017423,0.001117,0.00000734
15,321,0.298563,0.000082,6.7632,0.045685,0.103296,0.076775,0.004859,0.000963,0.00000734
15,322,0.288810,0.000080,5.9345,0.045677,0.103510,0.062929,0.009513,0.000353,0.00000734
15,323,0.242456,0.000068,5.1298,0.045660,0.103318,0.052933,0.002798,0.000206,0.00000734
15,324,0.377919,0.000106,7.5059,0.045668,0.103230,0.068576,0.008474,0.001423,0.00000734
15,325,0.371566,0.000104,7.6859,0.045677,0.103242,0.066361,0.011910,0.001612,0.00000734
15,326,0.350691,0.000098,6.8149,0.045675,0.103245,0.068611,0.012879,0.001470,0.00000734
15,327,0.481414,0.000137,7.8174,0.045693,0.103277,0.068021,0.021107,0.001514,0.00000734
15,328,0.395121,0.000113,7.0453,0.045693,0.103244,0.069197,0.006937,0.001565,0.00000734
15,329,0.361961,0.000102,6.6623,0.045703,0.103111,0.064425,0.010552,0.001308,0.00000734
15,330,0.400852,0.000113,7.3702,0.045727,0.103310,0.066330,0.013703,0.001900,0.00000734
15,331,0.398058,0.000111,7.9382,0.045750,0.103427,0.064859,0.018080,0.001952,0.00000734
15,332,0.373323,0.000105,7.5598,0.045773,0.103333,0.064102,0.007795,0.000730,0.00000734
15,333,0.328949,0.000089,8.4372,0.045791,0.103298,0.074980,0.010981,0.000668,0.00000734
15,334,0.407413,0.000115,7.7628,0.045813,0.103189,0.072841,0.012588,0.000542,0.00000734
15,335,0.318254,0.000090,5.9365,0.045809,0.103343,0.061256,0.004360,0.001434,0.00000734
15,336,0.238935,0.000065,6.1279,0.045802,0.103298,0.063744,0.005717,0.000495,0.00000734
15,337,0.371122,0.000106,6.8973,0.045814,0.103215,0.059278,0.003321,0.000612,0.00000734
15,338,0.222331,0.000060,5.9243,0.045800,0.103176,0.059273,0.007005,0.000441,0.00000734
15,339,0.373903,0.000103,8.8076,0.045810,0.103191,0.065750,0.010447,0.000517,0.00000734
15,340,0.231074,0.000062,6.2654,0.045800,0.103201,0.046682,0.008293,0.000484,0.00000734
15,341,0.272790,0.000075,6.2018,0.045795,0.103081,0.060793,0.008225,0.000462,0.00000734
15,342,0.404526,0.000113,7.4363,0.045811,0.103056,0.068262,0.017714,0.001081,0.00000734
15,343,0.423254,0.000120,8.2928,0.045835,0.102979,0.062774,0.009693,0.001874,0.00000734
15,344,0.367114,0.000101,7.8070,0.045847,0.102978,0.072948,0.014888,0.001197,0.00000734
15,345,0.335088,0.000091,8.1837,0.045859,0.102886,0.084120,0.012851,0.000580,0.00000734
15,346,0.326876,0.000086,9.1806,0.045894,0.102858,0.091905,0.014708,0.001116,0.00000734
15,347,0.332181,0.000092,7.6101,0.045920,0.102844,0.068538,0.007186,0.000940,0.00000734
15,348,0.341701,0.000096,7.3689,0.045937,0.102903,0.067321,0.005038,0.001023,0.00000734
15,349,0.277611,0.000077,5.9103,0.045923,0.102955,0.056328,0.008293,0.000331,0.00000734
15,350,0.294729,0.000082,6.6079,0.045918,0.102916,0.059896,0.007186,0.000556,0.00000734
15,351,0.421983,0.000116,9.3421,0.045944,0.103106,0.075194,0.017894,0.000971,0.00000734
15,352,0.306245,0.000084,7.1838,0.045948,0.103157,0.062865,0.008654,0.000377,0.00000734
15,353,0.274868,0.000077,6.0138,0.045935,0.103012,0.055057,0.005717,0.000611,0.00000734
15,354,0.299661,0.000081,7.8506,0.045920,0.103013,0.087746,0.004859,0.000215,0.00000734
15,355,0.323914,0.000088,7.4350,0.045920,0.103077,0.084856,0.011161,0.000871,0.00000734
15,356,0.238075,0.000065,5.9403,0.045903,0.103138,0.052649,0.005288,0.000326,0.00000734
15,357,0.241058,0.000060,10.2317,0.045873,0.103063,0.066648,0.004172,0.000324,0.00000734
15,358,0.274300,0.000073,7.7548,0.045866,0.103056,0.087902,0.007366,0.000436,0.00000734
15,359,0.259181,0.000069,7.0945,0.045875,0.102965,0.077624,0.008834,0.000486,0.00000734
15,360,0.236955,0.000064,6.3261,0.045871,0.102943,0.056901,0.004429,0.000361,0.00000734
15,361,0.385652,0.000104,9.2058,0.045900,0.102948,0.095375,0.018986,0.000990,0.00000734
15,362,0.740365,0.000204,15.5923,0.045984,0.103032,0.150947,0.039551,0.001581,0.00000734
15,363,0.588641,0.000161,12.6207,0.046035,0.103160,0.127771,0.031516,0.002062,0.00000734
15,364,0.546694,0.000150,11.6788,0.046085,0.103152,0.110619,0.030500,0.002012,0.00000734
15,365,0.578811,0.000156,14.1753,0.046146,0.103126,0.119263,0.029896,0.002305,0.00000734
15,366,0.370341,0.000100,10.7486,0.046151,0.103145,0.064272,0.010011,0.000385,0.00000734
15,367,0.403437,0.000114,7.8545,0.046151,0.103255,0.075381,0.006147,0.001325,0.00000734
15,368,0.251100,0.000067,7.3375,0.046134,0.103178,0.047329,0.006576,0.000546,0.00000734
15,369,0.320599,0.000088,6.8780,0.046131,0.103203,0.087231,0.008903,0.001040,0.00000734
15,370,0.279887,0.000077,6.1173,0.046123,0.103106,0.067879,0.009513,0.001095,0.00000734
15,371,0.324050,0.000091,6.1530,0.046119,0.102999,0.064492,0.008723,0.001092,0.00000734
15,372,0.233259,0.000061,6.9736,0.046110,0.102991,0.069278,0.004859,0.000725,0.00000734
15,373,0.261147,0.000070,6.8094,0.046104,0.103033,0.082722,0.005288,0.000715,0.00000734
15,374,0.209465,0.000051,9.0868,0.046094,0.103124,0.053960,0.005546,0.000361,0.00000734
15,375,0.240667,0.000062,8.4477,0.046085,0.103217,0.059342,0.006147,0.000392,0.00000734
15,376,0.280734,0.000076,7.1966,0.046090,0.103178,0.071232,0.006756,0.000562,0.00000734
15,377,0.291733,0.000081,6.6083,0.046099,0.103169,0.059606,0.006507,0.000479,0.00000734
15,378,0.299834,0.000083,6.7138,0.046095,0.103104,0.059595,0.007186,0.000519,0.00000734
15,379,0.232701,0.000061,6.8367,0.046087,0.103047,0.061388,0.008293,0.000385,0.00000734
15,380,0.230710,0.000063,5.6502,0.046079,0.103070,0.054022,0.006147,0.000595,0.00000734
15,381,0.271382,0.000075,6.3376,0.046081,0.103021,0.062311,0.005717,0.001461,0.00000734
15,382,0.223529,0.000060,5.9466,0.046058,0.102966,0.066370,0.002480,0.000510,0.00000734
15,383,0.334847,0.000093,8.3255,0.046081,0.103008,0.064714,0.006078,0.000935,0.00000734
15,384,0.265502,0.000072,7.1028,0.046072,0.102912,0.052894,0.004429,0.000838,0.00000734
15,385,0.255375,0.000069,6.7350,0.046070,0.102917,0.070815,0.002712,0.000741,0.00000734
15,386,0.266233,0.000073,6.0923,0.046061,0.102913,0.072152,0.006147,0.000670,0.00000734
15,387,0.297654,0.000083,6.6126,0.046056,0.102991,0.063166,0.003570,0.001271,0.00000734
15,388,0.345092,0.000098,6.5527,0.046047,0.103076,0.059665,0.004180,0.001594,0.00000734
15,389,0.282329,0.000078,6.3118,0.046041,0.103034,0.068219,0.006327,0.000620,0.00000734
15,390,0.250996,0.000068,5.9808,0.046028,0.102865,0.061173,0.006507,0.000556,0.00000734
15,391,0.240507,0.000064,6.5614,0.046015,0.102748,0.087505,0.002798,0.000466,0.00000734
16,1,0.292779,0.000115,9.3286,0.050728,0.112352,0.069317,0.017301,0.001678,0.00010000
16,2,0.539971,0.000113,29.6564,0.084326,0.118012,0.292855,0.012269,0.001641,0.00010000
16,3,0.359289,0.000097,17.6081,0.076016,0.099654,0.178027,0.007615,0.001396,0.00010000
16,4,0.345844,0.000111,14.0029,0.080750,0.112639,0.142824,0.011951,0.001459,0.00010000
16,5,0.275598,0.000089,11.6381,0.077114,0.109723,0.092338,0.008051,0.001306,0.00010000
16,6,0.331223,0.000113,13.1146,0.077868,0.108667,0.104431,0.014661,0.001641,0.00010000
16,7,0.285625,0.000096,10.8037,0.075174,0.102395,0.112366,0.011651,0.002070,0.00010000
16,8,0.302327,0.000105,11.9384,0.074176,0.104366,0.089028,0.005260,0.001597,0.00010000
16,9,0.256372,0.000091,8.8011,0.071674,0.108603,0.094813,0.015026,0.001644,0.00010000
16,10,0.388276,0.000116,16.8550,0.072944,0.110817,0.157142,0.017533,0.001664,0.00010000
16,11,0.298674,0.000097,12.5412,0.072209,0.114152,0.107884,0.010732,0.001510,0.00010000
16,12,0.276951,0.000099,10.3047,0.071717,0.116103,0.082362,0.011660,0.001419,0.00010000
16,13,0.291329,0.000110,9.1908,0.070184,0.111367,0.109217,0.008474,0.001421,0.00010000
16,14,0.303114,0.000108,11.4516,0.070311,0.111919,0.091036,0.014030,0.001421,0.00010000
16,15,0.375887,0.000126,15.7038,0.069389,0.108367,0.112407,0.015216,0.001494,0.00010000
16,16,0.259601,0.000104,8.4326,0.068371,0.109476,0.070285,0.004859,0.001824,0.00010000
16,17,0.328028,0.000086,15.9838,0.069140,0.107844,0.159750,0.005546,0.001821,0.00010000
16,18,0.260838,0.000094,9.2926,0.068860,0.107932,0.096000,0.008225,0.001814,0.00010000
16,19,0.329770,0.000089,17.0349,0.068695,0.108767,0.127121,0.006756,0.001148,0.00010000
16,20,0.298552,0.000093,13.5848,0.067904,0.109343,0.100262,0.010552,0.001485,0.00010000
16,21,0.271281,0.000086,11.0441,0.067733,0.109346,0.112926,0.010261,0.001343,0.00010000
16,22,0.238738,0.000094,6.8987,0.066712,0.109409,0.080167,0.011194,0.001089,0.00010000
16,23,0.295538,0.000088,14.4748,0.066222,0.108523,0.095734,0.010552,0.001529,0.00010000
16,24,0.243370,0.000091,8.8470,0.065550,0.109341,0.063899,0.006466,0.001535,0.00010000
16,25,0.246361,0.000079,9.7399,0.064853,0.109195,0.117123,0.004594,0.001269,0.00010000
16,26,0.234258,0.000085,8.1887,0.064330,0.108248,0.085981,0.008293,0.000762,0.00010000
16,27,0.248954,0.000071,11.5015,0.063930,0.107499,0.098908,0.008293,0.000988,0.00010000
16,28,0.264871,0.000063,14.6266,0.064512,0.105934,0.115283,0.008723,0.000663,0.00010000
16,29,0.299900,0.000110,11.0566,0.064516,0.106211,0.083431,0.011050,0.001471,0.00010000
16,30,0.250179,0.000073,10.8359,0.064417,0.107663,0.115175,0.011771,0.001428,0.00010000
16,31,0.215171,0.000065,8.9588,0.064085,0.106894,0.098559,0.007615,0.000874,0.00010000
16,32,0.198750,0.000067,8.2158,0.063515,0.108050,0.058916,0.007976,0.001215,0.00010000
16,33,0.199622,0.000074,6.8513,0.063030,0.108306,0.071844,0.004000,0.000926,0.00010000
16,34,0.284421,0.000059,16.9005,0.063815,0.107719,0.136221,0.001424,0.000657,0.00010000
16,35,0.265149,0.000098,9.4134,0.063648,0.107836,0.073400,0.009762,0.001598,0.00010000
16,36,0.358427,0.000098,16.1908,0.064607,0.108831,0.167476,0.015886,0.001477,0.00010000
16,37,0.265597,0.000100,8.8526,0.064553,0.108829,0.087958,0.010912,0.001453,0.00010000
16,38,0.264138,0.000094,9.8189,0.064708,0.108695,0.089603,0.004609,0.001535,0.00010000
16,39,0.256072,0.000093,9.5440,0.064282,0.108772,0.075809,0.005898,0.001470,0.00010000
16,40,0.301546,0.000093,12.8344,0.064876,0.109123,0.128736,0.011120,0.001274,0.00010000
16,41,0.260029,0.000098,8.9226,0.064771,0.109036,0.075324,0.010303,0.001708,0.00010000
16,42,0.284142,0.000101,10.6165,0.065017,0.109323,0.100985,0.001952,0.001679,0.00010000
16,43,0.292229,0.000104,10.6108,0.064949,0.110311,0.095066,0.013806,0.000568,0.00010000
16,44,0.308843,0.000094,13.1291,0.065607,0.110834,0.127706,0.013806,0.000633,0.00010000
16,45,0.217851,0.000069,9.2893,0.065558,0.110006,0.078516,0.009332,0.000716,0.00010000
16,46,0.239231,0.000078,9.7303,0.065537,0.110607,0.094985,0.005039,0.001099,0.00010000
16,47,0.195547,0.000072,6.8968,0.065252,0.110594,0.068196,0.004429,0.000716,0.00010000
16,48,0.302753,0.000101,12.6872,0.065615,0.109450,0.103842,0.004429,0.000672,0.00010000
16,49,0.270599,0.000098,9.4149,0.065578,0.109329,0.077071,0.019903,0.001433,0.00010000
16,50,0.235579,0.000079,9.0028,0.065319,0.109018,0.097395,0.007366,0.001519,0.00010000
16,51,0.271380,0.000072,13.3988,0.065492,0.108580,0.101302,0.009447,0.000428,0.00010000
16,52,0.251153,0.000098,8.3780,0.065201,0.107848,0.066778,0.008300,0.001430,0.00010000
16,53,0.363892,0.000092,18.5055,0.065353,0.107329,0.182247,0.009942,0.001388,0.00010000
16,54,0.297803,0.000089,12.7973,0.065109,0.107493,0.136478,0.009264,0.001268,0.00010000
16,55,0.254283,0.000081,11.0585,0.064781,0.106672,0.084531,0.005288,0.001164,0.00010000
16,56,0.274464,0.000095,11.1298,0.064557,0.108000,0.077512,0.007615,0.001501,0.00010000
16,57,0.256319,0.000091,9.1046,0.064337,0.108936,0.094217,0.011480,0.001490,0.00010000
16,58,0.272138,0.000093,10.2956,0.064525,0.109569,0.101882,0.008267,0.002013,0.00010000
16,59,0.236539,0.000093,7.7718,0.064297,0.108684,0.065157,0.005567,0.001542,0.00010000
16,60,0.226895,0.000078,8.5880,0.064304,0.108019,0.093747,0.005219,0.000611,0.00010000
16,61,0.204579,0.000077,6.8231,0.064051,0.107812,0.068307,0.006756,0.000462,0.00010000
16,62,0.229357,0.000067,9.7024,0.064056,0.107625,0.107767,0.014098,0.000651,0.00010000
16,63,0.204659,0.000068,8.4058,0.063845,0.107323,0.062921,0.011411,0.001037,0.00010000
16,64,0.256709,0.000098,8.5123,0.063793,0.107491,0.080708,0.010801,0.001615,0.00010000
16,65,0.280581,0.000092,11.2743,0.063913,0.106855,0.092956,0.016992,0.001024,0.00010000
16,66,0.260385,0.000093,8.8175,0.063779,0.106594,0.094613,0.016357,0.001393,0.00010000
16,67,0.376004,0.000071,21.3114,0.064686,0.106469,0.215264,0.012338,0.000815,0.00010000
16,68,0.306085,0.000071,17.3086,0.065068,0.105600,0.157763,0.007496,0.000587,0.00010000
16,69,0.273650,0.000088,11.3125,0.064970,0.106216,0.094492,0.011479,0.000814,0.00010000
16,70,0.227867,0.000080,8.7334,0.064771,0.106188,0.063990,0.013377,0.000634,0.00010000
16,71,0.221616,0.000061,10.1164,0.064590,0.105915,0.113885,0.004000,0.000621,0.00010000
16,72,0.260148,0.000088,9.7908,0.064417,0.105892,0.114272,0.005288,0.000618,0.00010000
16,73,0.240308,0.000092,8.4398,0.064248,0.106764,0.066278,0.006147,0.000476,0.00010000
16,74,0.201355,0.000076,6.5736,0.063986,0.106939,0.070263,0.004429,0.000753,0.00010000
16,75,0.277912,0.000095,10.8385,0.064098,0.106727,0.097824,0.007795,0.001506,0.00010000
16,76,0.215193,0.000073,9.0888,0.063948,0.107415,0.067223,0.002480,0.001213,0.00010000
16,77,0.338131,0.000117,13.1041,0.063982,0.107062,0.116936,0.009513,0.001086,0.00010000
16,78,0.350111,0.000114,13.4508,0.064102,0.107302,0.146509,0.013489,0.000919,0.00010000
16,79,0.321276,0.000119,10.8765,0.064176,0.107311,0.108048,0.012699,0.000987,0.00010000
16,80,0.359739,0.000138,11.7671,0.064312,0.106919,0.102523,0.020832,0.001160,0.00010000
16,81,0.306779,0.000104,13.0129,0.064283,0.106813,0.089792,0.008293,0.001325,0.00010000
16,82,0.231737,0.000081,8.8331,0.064240,0.106719,0.081699,0.008654,0.000531,0.00010000
16,83,0.240552,0.000072,11.0094,0.064491,0.106543,0.096808,0.006576,0.000795,0.00010000
16,84,0.216474,0.000082,7.1574,0.064278,0.106479,0.077754,0.004609,0.000668,0.00010000
16,85,0.222276,0.000059,12.1072,0.064069,0.105839,0.075710,0.004172,0.000717,0.00010000
16,86,0.281245,0.000119,7.2334,0.063909,0.105397,0.075184,0.018504,0.001616,0.00010000
16,87,0.274731,0.000094,10.2392,0.063878,0.105425,0.111185,0.008156,0.000732,0.00010000
16,88,0.333182,0.000084,18.9573,0.063835,0.105773,0.128681,0.005898,0.001451,0.00010000
16,89,0.272918,0.000093,10.8783,0.063871,0.105494,0.080307,0.013489,0.001143,0.00010000
16,90,0.251368,0.000081,9.9067,0.063704,0.105175,0.108042,0.007366,0.000852,0.00010000
16,91,0.271072,0.000086,11.5753,0.063844,0.104652,0.099586,0.009873,0.001378,0.00010000
16,92,0.257452,0.000095,8.8077,0.063781,0.104617,0.078337,0.014915,0.001186,0.00010000
16,93,0.301793,0.000073,15.4516,0.064186,0.104328,0.156677,0.010988,0.001045,0.00010000
16,94,0.255117,0.000061,13.1793,0.064264,0.103960,0.135354,0.001424,0.000655,0.00010000
16,95,0.254367,0.000065,14.0513,0.064243,0.104254,0.097058,0.005717,0.000529,0.00010000
16,96,0.256378,0.000096,9.2217,0.064160,0.104158,0.072257,0.008474,0.000809,0.00010000
16,97,0.274229,0.000101,9.2305,0.064019,0.103684,0.094733,0.013128,0.000766,0.00010000
16,98,0.198754,0.000069,7.4024,0.063911,0.103949,0.074423,0.005468,0.000332,0.00010000
16,99,0.252351,0.000075,12.1119,0.063830,0.103920,0.088242,0.004429,0.000620,0.00010000
16,100,0.193424,0.000060,8.3875,0.063707,0.103457,0.071766,0.007005,0.000512,0.00010000
16,101,0.261597,0.000069,12.1610,0.063568,0.103062,0.132069,0.015635,0.000381,0.00010000
16,102,0.163754,0.000056,6.5918,0.063420,0.102954,0.057234,0.004172,0.000321,0.00010000
16,103,0.245501,0.000073,10.4941,0.063620,0.102475,0.103071,0.017353,0.000607,0.00010000
16,104,0.285918,0.000116,8.8699,0.063527,0.102156,0.072369,0.009332,0.000787,0.00010000
16,105,0.308320,0.000083,14.2515,0.063528,0.101792,0.150688,0.019070,0.001066,0.00010000
16,106,0.223590,0.000084,7.3492,0.063385,0.102142,0.077089,0.006327,0.001086,0.00010000
16,107,0.261252,0.000075,12.9002,0.063310,0.102170,0.092102,0.005717,0.000546,0.00010000
16,108,0.269151,0.000099,9.9131,0.063237,0.102018,0.080523,0.007005,0.001199,0.00010000
16,109,0.242787,0.000072,10.5815,0.063204,0.102142,0.115908,0.005288,0.000970,0.00010000
16,110,0.308661,0.000107,11.1034,0.063168,0.102407,0.117988,0.019359,0.001015,0.00010000
16,111,0.239305,0.000062,12.8832,0.063001,0.102179,0.089278,0.003502,0.000428,0.00010000
16,112,0.213046,0.000069,8.7265,0.063023,0.102053,0.078796,0.006576,0.000899,0.00010000
16,113,0.177381,0.000063,6.7892,0.062867,0.102206,0.057255,0.003570,0.000777,0.00010000
16,114,0.250287,0.000059,12.6722,0.062745,0.102043,0.148700,0.004000,0.000562,0.00010000
16,115,0.205337,0.000060,8.6344,0.062651,0.102066,0.108367,0.004429,0.000541,0.00010000
16,116,0.310613,0.000089,16.2493,0.062603,0.102437,0.101979,0.009332,0.000981,0.00010000
16,117,0.263739,0.000095,10.3571,0.062546,0.102934,0.069106,0.004859,0.001055,0.00010000
16,118,0.242430,0.000077,9.4400,0.062389,0.102582,0.119408,0.005898,0.001586,0.00010000
16,119,0.214894,0.000061,10.1536,0.062311,0.102293,0.096171,0.005546,0.000497,0.00010000
16,120,0.265598,0.000073,12.9381,0.062374,0.101828,0.126040,0.005039,0.000843,0.00010000
16,121,0.218201,0.000070,8.0594,0.062313,0.101672,0.083062,0.025803,0.000885,0.00010000
16,122,0.365911,0.000092,18.2341,0.062606,0.101506,0.142814,0.033700,0.000870,0.00010000
16,123,0.262397,0.000073,12.6709,0.062626,0.101566,0.099917,0.007117,0.000554,0.00010000
16,124,0.177354,0.000058,7.1109,0.062558,0.101491,0.071018,0.005717,0.000677,0.00010000
16,125,0.186640,0.000062,7.1877,0.062391,0.101081,0.077983,0.007435,0.000472,0.00010000
16,126,0.277513,0.000060,15.9883,0.062412,0.101302,0.118218,0.008405,0.000536,0.00010000
16,127,0.212647,0.000069,9.3255,0.062301,0.100874,0.067535,0.004594,0.000654,0.00010000
16,128,0.226061,0.000072,9.4365,0.062318,0.100466,0.090700,0.006576,0.000511,0.00010000
16,129,0.248867,0.000084,9.6113,0.062147,0.100534,0.106531,0.004859,0.000722,0.00010000
16,130,0.246303,0.000063,12.2981,0.062245,0.100514,0.124207,0.011728,0.000610,0.00010000
16,131,0.235468,0.000063,12.8269,0.062167,0.100760,0.085218,0.004429,0.001019,0.00010000
16,132,0.211433,0.000074,7.8344,0.062137,0.100524,0.082513,0.004429,0.000614,0.00010000
16,133,0.212146,0.000081,7.3347,0.061994,0.100700,0.055231,0.007005,0.000539,0.00010000
16,134,0.176119,0.000057,6.8357,0.061862,0.100724,0.076938,0.005717,0.000509,0.00010000
16,135,0.270388,0.000105,8.7046,0.061792,0.100672,0.074862,0.012269,0.000568,0.00010000
16,136,0.263851,0.000103,7.9577,0.061776,0.100656,0.070561,0.025358,0.000374,0.00010000
16,137,0.207213,0.000076,7.1404,0.061655,0.100458,0.074613,0.005468,0.000777,0.00010000
16,138,0.253242,0.000056,14.2838,0.061786,0.100348,0.111121,0.004429,0.000352,0.00010000
16,139,0.199478,0.000059,9.0030,0.061787,0.100207,0.077533,0.006147,0.000352,0.00010000
16,140,0.278774,0.000071,13.5509,0.061907,0.100043,0.143367,0.007553,0.000475,0.00010000
16,141,0.204332,0.000064,8.4180,0.061870,0.100211,0.091444,0.006327,0.000879,0.00010000
16,142,0.265247,0.000056,15.7317,0.061913,0.100216,0.118208,0.005288,0.000431,0.00010000
16,143,0.210538,0.000073,8.6887,0.061863,0.100341,0.061569,0.006078,0.000874,0.00010000
16,144,0.244475,0.000071,10.9002,0.061793,0.100275,0.115009,0.006402,0.000638,0.00010000
16,145,0.188651,0.000071,6.1642,0.061623,0.100116,0.064125,0.008931,0.000398,0.00010000
16,146,0.265817,0.000069,13.9588,0.061499,0.099884,0.106811,0.010981,0.000500,0.00010000
16,147,0.255820,0.000089,10.1781,0.061400,0.099790,0.079726,0.006258,0.000784,0.00010000
16,148,0.252967,0.000057,13.1943,0.061391,0.099937,0.137793,0.006576,0.000330,0.00010000
16,149,0.196959,0.000068,7.0850,0.061278,0.099723,0.080150,0.008225,0.000606,0.00010000
16,150,0.237581,0.000084,9.5964,0.061222,0.099477,0.068524,0.005898,0.000728,0.00010000
16,151,0.211181,0.000064,9.6202,0.061135,0.099232,0.077533,0.008044,0.000551,0.00010000
16,152,0.243144,0.000083,9.1783,0.061121,0.098990,0.095207,0.006868,0.000424,0.00010000
16,153,0.202328,0.000060,9.9026,0.060991,0.098915,0.063998,0.005546,0.000385,0.00010000
16,154,0.249061,0.000088,8.6391,0.060942,0.098945,0.100337,0.012020,0.002128,0.00010000
16,155,0.258397,0.000090,9.1268,0.060920,0.098991,0.077386,0.024334,0.002603,0.00010000
16,156,0.275913,0.000094,9.9589,0.060964,0.099034,0.101013,0.019182,0.002367,0.00010000
16,157,0.268973,0.000091,10.7099,0.060975,0.099188,0.083062,0.014777,0.001492,0.00010000
16,158,0.246471,0.000067,11.7915,0.061073,0.099062,0.113747,0.007366,0.001942,0.00010000
16,159,0.199727,0.000066,7.5267,0.061062,0.099294,0.071280,0.016439,0.001527,0.00010000
16,160,0.198714,0.000068,7.4539,0.061037,0.099214,0.071102,0.012879,0.001085,0.00010000
16,161,0.199386,0.000070,7.8982,0.061009,0.099081,0.066256,0.006708,0.000873,0.00010000
16,162,0.205018,0.000071,7.6505,0.060929,0.099116,0.085567,0.004859,0.000620,0.00010000
16,163,0.235739,0.000078,9.5639,0.060928,0.099017,0.083592,0.011909,0.000927,0.00010000
16,164,0.274276,0.000081,13.9239,0.061024,0.099060,0.093921,0.008834,0.000839,0.00010000
16,165,0.264160,0.000093,9.8848,0.061106,0.099340,0.094323,0.009152,0.000498,0.00010000
16,166,0.264750,0.000087,10.8257,0.061099,0.099432,0.104549,0.003141,0.001544,0.00010000
16,167,0.299445,0.000106,11.9731,0.061030,0.099717,0.080145,0.009083,0.001868,0.00010000
16,168,0.204449,0.000081,6.4163,0.060937,0.099417,0.060332,0.006147,0.001306,0.00010000
16,169,0.234912,0.000092,7.7114,0.060919,0.099370,0.070437,0.004000,0.002084,0.00010000
16,170,0.224683,0.000067,9.9294,0.060833,0.099259,0.101719,0.005546,0.000868,0.00010000
16,171,0.289479,0.000094,11.0621,0.060865,0.099475,0.099715,0.027881,0.000851,0.00010000
16,172,0.223356,0.000079,7.5946,0.060801,0.099533,0.074714,0.019500,0.000332,0.00010000
16,173,0.267461,0.000074,13.4308,0.060756,0.099626,0.096977,0.007864,0.000535,0.00010000
16,174,0.207937,0.000077,6.6239,0.060663,0.099801,0.080655,0.007795,0.000568,0.00010000
16,175,0.263960,0.000080,12.6957,0.060706,0.099736,0.089701,0.005288,0.000916,0.00010000
16,176,0.207601,0.000074,7.7808,0.060630,0.099723,0.064932,0.007864,0.000460,0.00010000
16,177,0.221686,0.000062,10.0619,0.060689,0.099374,0.113291,0.003570,0.000568,0.00010000
16,178,0.195136,0.000063,7.7257,0.060672,0.099202,0.089570,0.004066,0.000394,0.00010000
16,179,0.212892,0.000065,9.3104,0.060637,0.099059,0.088060,0.004000,0.001020,0.00010000
16,180,0.277331,0.000091,12.0647,0.060571,0.098967,0.089162,0.009264,0.000894,0.00010000
16,181,0.217224,0.000084,6.8377,0.060479,0.098881,0.067357,0.011230,0.000581,0.00010000
16,182,0.451122,0.000111,22.9174,0.060739,0.098849,0.217683,0.006756,0.001329,0.00010000
16,183,0.247894,0.000061,13.7361,0.060830,0.098932,0.107146,0.013377,0.000791,0.00010000
16,184,0.261119,0.000088,10.6920,0.060846,0.098895,0.082839,0.010372,0.001037,0.00010000
16,185,0.240715,0.000076,10.5127,0.060959,0.099114,0.099168,0.005717,0.000697,0.00010000
16,186,0.194917,0.000062,8.0384,0.060871,0.099050,0.084185,0.004609,0.000381,0.00010000
16,187,0.269126,0.000056,17.3098,0.060792,0.098960,0.124071,0.001424,0.000449,0.00010000
16,188,0.234047,0.000078,10.1599,0.060771,0.099098,0.073752,0.003570,0.000560,0.00010000
16,189,0.260227,0.000059,14.2878,0.060699,0.099063,0.148956,0.004859,0.000523,0.00010000
16,190,0.215973,0.000070,9.5295,0.060684,0.099163,0.069180,0.004429,0.000523,0.00010000
16,191,0.215840,0.000073,8.1076,0.060619,0.099205,0.086892,0.008044,0.000532,0.00010000
16,192,0.225264,0.000087,7.6437,0.060552,0.099211,0.058063,0.008293,0.001235,0.00010000
16,193,0.204425,0.000060,8.8148,0.060533,0.099026,0.095606,0.006147,0.000494,0.00010000
16,194,0.204860,0.000069,7.9637,0.060442,0.098942,0.074729,0.005288,0.000753,0.00010000
16,195,0.227841,0.000076,8.9614,0.060467,0.099071,0.092885,0.004594,0.000363,0.00010000
16,196,0.261725,0.000077,13.1136,0.060418,0.098846,0.084776,0.007435,0.000944,0.00010000
16,197,0.180978,0.000065,6.5286,0.060322,0.098724,0.060204,0.007005,0.000495,0.00010000
16,198,0.276936,0.000062,14.6148,0.060359,0.098513,0.160420,0.004859,0.000623,0.00010000
16,199,0.245652,0.000084,9.5520,0.060375,0.098525,0.095836,0.004859,0.001148,0.00010000
16,200,0.182161,0.000065,6.6571,0.060313,0.098694,0.071701,0.002712,0.000450,0.00010000
16,201,0.269260,0.000059,16.3183,0.060250,0.098790,0.111486,0.003751,0.000285,0.00010000
16,202,0.177192,0.000057,8.0111,0.060166,0.098907,0.052262,0.004180,0.000326,0.00010000
16,203,0.300418,0.000079,14.8148,0.060101,0.099047,0.157654,0.005717,0.000638,0.00010000
16,204,0.196364,0.000061,8.2803,0.060100,0.099183,0.093540,0.004172,0.000490,0.00010000
16,205,0.241235,0.000093,7.9391,0.060062,0.099133,0.066362,0.011230,0.000743,0.00010000
16,206,0.267963,0.000073,13.7828,0.060259,0.099037,0.123439,0.006327,0.000993,0.00010000
16,207,0.216363,0.000065,9.2770,0.060306,0.098852,0.091066,0.010122,0.001047,0.00010000
16,208,0.258767,0.000069,13.1883,0.060404,0.098803,0.103805,0.007795,0.000660,0.00010000
16,209,0.220072,0.000066,9.8818,0.060438,0.098694,0.091765,0.007435,0.000472,0.00010000
16,210,0.263582,0.000056,14.2462,0.060516,0.098616,0.155489,0.003141,0.000828,0.00010000
16,211,0.303898,0.000103,12.0598,0.060540,0.098573,0.097043,0.014381,0.001637,0.00010000
16,212,0.217610,0.000069,9.3944,0.060516,0.098569,0.069782,0.010766,0.001457,0.00010000
16,213,0.220930,0.000068,9.4250,0.060445,0.098482,0.103416,0.007435,0.000656,0.00010000
16,214,0.211560,0.000071,8.5518,0.060380,0.098612,0.067310,0.008044,0.000872,0.00010000
16,215,0.285976,0.000067,15.9823,0.060407,0.098673,0.124519,0.004859,0.001204,0.00010000
16,216,0.197474,0.000065,7.6880,0.060369,0.098669,0.077674,0.008903,0.000427,0.00010000
16,217,0.313173,0.000102,12.8359,0.060455,0.098646,0.118100,0.009332,0.000579,0.00010000
16,218,0.296000,0.000119,9.0582,0.060430,0.099056,0.083937,0.010732,0.001048,0.00010000
16,219,0.286950,0.000063,15.8675,0.060486,0.098943,0.137617,0.007864,0.001106,0.00010000
16,220,0.205966,0.000052,10.8835,0.060471,0.098901,0.094353,0.001853,0.000873,0.00010000
16,221,0.281769,0.000070,14.3072,0.060505,0.098964,0.140005,0.002798,0.000607,0.00010000
16,222,0.253086,0.000091,8.9108,0.060518,0.099058,0.091441,0.009152,0.001093,0.00010000
16,223,0.246793,0.000077,10.9991,0.060551,0.099107,0.084719,0.009083,0.000933,0.00010000
16,224,0.258564,0.000097,9.2393,0.060533,0.099068,0.069763,0.008834,0.001260,0.00010000
16,225,0.300814,0.000060,16.9443,0.060613,0.099016,0.178489,0.007186,0.000549,0.00010000
16,226,0.251622,0.000085,9.3784,0.060577,0.099000,0.106000,0.009332,0.001028,0.00010000
16,227,0.290545,0.000087,13.5455,0.060616,0.099115,0.097993,0.008654,0.000362,0.00010000
16,228,0.230058,0.000081,9.3461,0.060573,0.099167,0.063346,0.004429,0.000808,0.00010000
16,229,0.306877,0.000106,11.3524,0.060564,0.099069,0.126135,0.004594,0.000424,0.00010000
16,230,0.208487,0.000066,8.0168,0.060502,0.099136,0.091596,0.011728,0.000642,0.00010000
16,231,0.238174,0.000067,11.3864,0.060477,0.098990,0.085800,0.016743,0.000654,0.00010000
16,232,0.200375,0.000065,8.1900,0.060433,0.098827,0.078417,0.005648,0.000629,0.00010000
16,233,0.183447,0.000059,7.6182,0.060410,0.098833,0.079732,0.001853,0.000702,0.00010000
16,234,0.220066,0.000065,10.6749,0.060341,0.098819,0.077392,0.002712,0.000905,0.00010000
16,235,0.169338,0.000057,6.5919,0.060260,0.098773,0.068730,0.003570,0.000386,0.00010000
16,236,0.313245,0.000107,12.0061,0.060378,0.098939,0.118760,0.010122,0.000614,0.00010000
16,237,0.320499,0.000089,15.7802,0.060357,0.099017,0.121606,0.004429,0.001369,0.00010000
16,238,0.254807,0.000063,12.9870,0.060378,0.098936,0.138812,0.001424,0.000368,0.00010000
16,239,0.198789,0.000067,7.4625,0.060321,0.098991,0.088719,0.003570,0.000764,0.00010000
16,240,0.353977,0.000096,19.0543,0.060310,0.099171,0.124845,0.009332,0.000910,0.00010000
16,241,0.243430,0.000070,12.0639,0.060300,0.099341,0.077716,0.006756,0.000818,0.00010000
16,242,0.248224,0.000064,11.9524,0.060273,0.099138,0.124429,0.005288,0.000713,0.00010000
16,243,0.197516,0.000058,9.5484,0.060257,0.099121,0.072712,0.005039,0.000476,0.00010000
16,244,0.218356,0.000073,8.5321,0.060224,0.099121,0.082248,0.008903,0.000803,0.00010000
16,245,0.420070,0.000085,23.5893,0.060476,0.099040,0.238251,0.006327,0.000716,0.00010000
16,246,0.327805,0.000077,17.2712,0.060582,0.098980,0.180877,0.005873,0.001184,0.00010000
16,247,0.278065,0.000075,13.2812,0.060528,0.099071,0.138886,0.010011,0.001230,0.00010000
16,248,0.360962,0.000078,20.1705,0.060490,0.098953,0.162107,0.018143,0.000656,0.00010000
16,249,0.252976,0.000072,12.5424,0.060559,0.099002,0.089809,0.008474,0.000302,0.00010000
16,250,0.246740,0.000077,10.0765,0.060524,0.099104,0.112954,0.006576,0.000543,0.00010000
16,251,0.193748,0.000062,8.0630,0.060497,0.099151,0.076002,0.004429,0.000449,0.00010000
16,252,0.174044,0.000058,7.3921,0.060435,0.099252,0.058022,0.003570,0.000392,0.00010000
16,253,0.320667,0.000100,13.5959,0.060402,0.099327,0.140103,0.009332,0.001134,0.00010000
16,254,0.249090,0.000084,9.3696,0.060387,0.099262,0.108358,0.004429,0.000979,0.00010000
16,255,0.279045,0.000092,12.3251,0.060344,0.099431,0.081736,0.010244,0.000425,0.00010000
16,256,0.214012,0.000067,9.1569,0.060376,0.099358,0.080560,0.010981,0.000862,0.00010000
16,257,0.188967,0.000073,6.2974,0.060303,0.099469,0.056438,0.004859,0.000577,0.00010000
16,258,0.251603,0.000071,11.3720,0.060332,0.099337,0.117053,0.007005,0.000532,0.00010000
16,259,0.293377,0.000112,9.4681,0.060288,0.099288,0.098152,0.010011,0.001646,0.00010000
16,260,0.299061,0.000072,16.3882,0.060318,0.099226,0.128840,0.005288,0.000836,0.00010000
16,261,0.289464,0.000105,10.9205,0.060296,0.099233,0.082616,0.008293,0.000858,0.00010000
16,262,0.275386,0.000072,13.5588,0.060378,0.099130,0.133481,0.006147,0.001033,0.00010000
16,263,0.178676,0.000056,7.9743,0.060332,0.099261,0.068596,0.005345,0.000455,0.00010000
16,264,0.247756,0.000057,13.8675,0.060439,0.099236,0.108936,0.015163,0.000501,0.00010000
16,265,0.214872,0.000074,8.1370,0.060417,0.099355,0.086633,0.001853,0.000706,0.00010000
16,266,0.236792,0.000065,10.6338,0.060419,0.099449,0.123067,0.004000,0.000556,0.00010000
16,267,0.277371,0.000094,11.7453,0.060376,0.099559,0.077305,0.007553,0.000876,0.00010000
16,268,0.205624,0.000080,6.4513,0.060319,0.099351,0.069770,0.004609,0.000727,0.00010000
16,269,0.274640,0.000081,13.0071,0.060341,0.099453,0.092612,0.007186,0.000445,0.00010000
16,270,0.222644,0.000078,8.7364,0.060307,0.099523,0.065031,0.008363,0.000439,0.00010000
16,271,0.294444,0.000071,14.7562,0.060359,0.099577,0.162111,0.004000,0.000495,0.00010000
16,272,0.254156,0.000059,13.5472,0.060331,0.099537,0.141413,0.008293,0.000642,0.00010000
16,273,0.298787,0.000102,11.3078,0.060337,0.099604,0.079954,0.029851,0.001271,0.00010000
16,274,0.301112,0.000077,14.3195,0.060309,0.099503,0.154409,0.021356,0.001124,0.00010000
16,275,0.233152,0.000084,9.1462,0.060271,0.099558,0.062078,0.004000,0.000922,0.00010000
16,276,0.175933,0.000062,6.6058,0.060209,0.099520,0.063591,0.005468,0.000432,0.00010000
16,277,0.231835,0.000065,11.1193,0.060266,0.099586,0.098256,0.007435,0.000391,0.00010000
16,278,0.274335,0.000090,10.8131,0.060269,0.099725,0.108284,0.013059,0.000749,0.00010000
16,279,0.247533,0.000062,13.3710,0.060400,0.099531,0.112717,0.004000,0.000502,0.00010000
16,280,0.398809,0.000145,13.2346,0.060445,0.099577,0.137450,0.024951,0.001616,0.00010000
16,281,0.185795,0.000056,8.4864,0.060454,0.099602,0.073857,0.002282,0.000253,0.00010000
16,282,0.214813,0.000083,6.9897,0.060390,0.099745,0.063480,0.008474,0.000729,0.00010000
16,283,0.246109,0.000073,10.5839,0.060392,0.099755,0.118882,0.004000,0.000983,0.00010000
16,284,0.245511,0.000088,8.6596,0.060372,0.099691,0.092443,0.007186,0.000566,0.00010000
16,285,0.273764,0.000074,14.1792,0.060511,0.099674,0.125559,0.005898,0.000661,0.00010000
16,286,0.241691,0.000064,12.7882,0.060550,0.099751,0.098839,0.003141,0.000757,0.00010000
16,287,0.280718,0.000098,11.6731,0.060579,0.099761,0.084970,0.004000,0.001209,0.00010000
16,288,0.297162,0.000075,15.1730,0.060746,0.099628,0.152877,0.006576,0.000944,0.00010000
16,289,0.250404,0.000061,11.9997,0.060791,0.099638,0.138360,0.009667,0.002027,0.00010000
16,290,0.287490,0.000103,10.0715,0.060796,0.099654,0.101557,0.011411,0.001077,0.00010000
16,291,0.291888,0.000075,15.2527,0.060938,0.099638,0.117329,0.007366,0.000798,0.00010000
16,292,0.223329,0.000061,11.0094,0.061024,0.099528,0.095478,0.008903,0.000558,0.00010000
16,293,0.207508,0.000072,8.2524,0.060966,0.099401,0.066843,0.006258,0.000572,0.00010000
16,294,0.273853,0.000068,14.1794,0.060915,0.099421,0.148799,0.004000,0.000485,0.00010000
16,295,0.250288,0.000097,7.9432,0.060890,0.099480,0.084002,0.005898,0.001055,0.00010000
16,296,0.332609,0.000091,17.2066,0.060877,0.099578,0.120013,0.007615,0.000571,0.00010000
16,297,0.242224,0.000081,10.4652,0.060854,0.099662,0.072920,0.004594,0.001200,0.00010000
16,298,0.214128,0.000064,8.8961,0.060814,0.099709,0.113654,0.002282,0.000715,0.00010000
16,299,0.197912,0.000067,7.4664,0.060738,0.099589,0.086152,0.005717,0.000308,0.00010000
16,300,0.331391,0.000057,21.2594,0.060789,0.099581,0.172349,0.005717,0.000383,0.00010000
16,301,0.233707,0.000060,13.0146,0.060738,0.099532,0.089494,0.008903,0.000320,0.00010000
16,302,0.224742,0.000066,10.1377,0.060721,0.099489,0.101777,0.006147,0.000552,0.00010000
16,303,0.178684,0.000062,6.5737,0.060673,0.099385,0.071204,0.005039,0.000540,0.00010000
16,304,0.208432,0.000068,8.0846,0.060668,0.099291,0.081274,0.008654,0.000644,0.00010000
16,305,0.265191,0.000083,12.3157,0.060683,0.099240,0.083484,0.006576,0.000780,0.00010000
16,306,0.322217,0.000105,13.8128,0.060651,0.099324,0.116329,0.008293,0.000976,0.00010000
16,307,0.293640,0.000091,13.0102,0.060722,0.099372,0.110294,0.006688,0.000991,0.00010000
16,308,0.288174,0.000112,8.8126,0.060721,0.099200,0.091690,0.012020,0.000745,0.00010000
16,309,0.274159,0.000072,13.4039,0.060828,0.099138,0.133393,0.005288,0.000612,0.00010000
16,310,0.230130,0.000057,12.6325,0.060815,0.099077,0.088727,0.004609,0.000631,0.00010000
16,311,0.179479,0.000060,7.6117,0.060755,0.099085,0.055065,0.004000,0.000665,0.00010000
16,312,0.260034,0.000069,12.8628,0.060711,0.099076,0.132308,0.006147,0.000742,0.00010000
16,313,0.191472,0.000054,8.8677,0.060681,0.099192,0.094873,0.002282,0.000609,0.00010000
16,314,0.194201,0.000070,7.4788,0.060630,0.099154,0.056909,0.004594,0.000617,0.00010000
16,315,0.284534,0.000113,9.4977,0.060617,0.099402,0.066983,0.009513,0.001406,0.00010000
16,316,0.378532,0.000125,15.3637,0.060626,0.099310,0.157225,0.009264,0.001558,0.00010000
16,317,0.318706,0.000108,12.0731,0.060629,0.099269,0.132283,0.006147,0.001285,0.00010000
16,318,0.227837,0.000084,8.0711,0.060600,0.099372,0.071839,0.004609,0.000599,0.00010000
16,319,0.240705,0.000069,11.3622,0.060672,0.099452,0.107245,0.007005,0.000992,0.00010000
16,320,0.287314,0.000097,11.4598,0.060653,0.099396,0.079600,0.017353,0.001213,0.00010000
16,321,0.205185,0.000076,7.0472,0.060619,0.099547,0.074178,0.007005,0.000739,0.00010000
16,322,0.218282,0.000082,7.7807,0.060577,0.099488,0.060471,0.008405,0.000407,0.00010000
16,323,0.281075,0.000062,14.9140,0.060657,0.099379,0.156984,0.006699,0.000193,0.00010000
16,324,0.280906,0.000114,8.1937,0.060639,0.099384,0.070168,0.016708,0.001841,0.00010000
16,325,0.326924,0.000110,12.8843,0.060714,0.099475,0.108853,0.015886,0.001436,0.00010000
16,326,0.273295,0.000096,9.8537,0.060712,0.099457,0.100901,0.011411,0.001545,0.00010000
16,327,0.314304,0.000130,9.0045,0.060714,0.099355,0.077173,0.015839,0.001532,0.00010000
16,328,0.260832,0.000107,7.6109,0.060686,0.099518,0.064152,0.012130,0.001639,0.00010000
16,329,0.294764,0.000100,11.0862,0.060722,0.099729,0.115979,0.008834,0.001401,0.00010000
16,330,0.260012,0.000107,7.4499,0.060685,0.099913,0.067793,0.013248,0.001863,0.00010000
16,331,0.338598,0.000114,13.0179,0.060703,0.100042,0.123390,0.014116,0.001909,0.00010000
16,332,0.307143,0.000119,9.4563,0.060691,0.100014,0.077395,0.030208,0.000774,0.00010000
16,333,0.366196,0.000093,18.8655,0.060843,0.099922,0.156352,0.011660,0.001035,0.00010000
16,334,0.375815,0.000121,15.1607,0.060956,0.099876,0.139988,0.020221,0.001474,0.00010000
16,335,0.306880,0.000092,13.8261,0.061015,0.099925,0.133422,0.009332,0.001752,0.00010000
16,336,0.187008,0.000065,6.9269,0.060992,0.099961,0.069963,0.006756,0.000583,0.00010000
16,337,0.395552,0.000110,18.7802,0.061028,0.099817,0.152223,0.019972,0.000784,0.00010000
16,338,0.278451,0.000064,16.1460,0.061043,0.099912,0.118218,0.014665,0.000832,0.00010000
16,339,0.304579,0.000110,10.8207,0.061070,0.099892,0.094409,0.018280,0.000529,0.00010000
16,340,0.189422,0.000059,7.6895,0.061044,0.099761,0.075769,0.012992,0.000589,0.00010000
16,341,0.279795,0.000079,13.0316,0.061070,0.099672,0.113689,0.008044,0.000517,0.00010000
16,342,0.314405,0.000112,11.0091,0.061066,0.099673,0.093641,0.027048,0.001335,0.00010000
16,343,0.391154,0.000119,16.5936,0.061184,0.099629,0.161018,0.014777,0.001786,0.00010000
16,344,0.313079,0.000108,11.2012,0.061203,0.099632,0.112685,0.022591,0.001125,0.00010000
16,345,0.259504,0.000092,9.2812,0.061215,0.099624,0.082047,0.018467,0.000733,0.00010000
16,346,0.266287,0.000093,9.8732,0.061220,0.099536,0.085020,0.018254,0.001056,0.00010000
16,347,0.339125,0.000097,15.4653,0.061279,0.099514,0.150747,0.007186,0.001097,0.00010000
16,348,0.281608,0.000101,9.8292,0.061286,0.099580,0.100968,0.013715,0.001114,0.00010000
16,349,0.268389,0.000084,12.0000,0.061324,0.099502,0.094226,0.004859,0.000830,0.00010000
16,350,0.250792,0.000086,9.9940,0.061294,0.099652,0.080465,0.005717,0.000534,0.00010000
16,351,0.364875,0.000121,14.0400,0.061353,0.099788,0.140250,0.016521,0.001027,0.00010000
16,352,0.231757,0.000085,7.9709,0.061333,0.099827,0.085740,0.007186,0.000547,0.00010000
16,353,0.283763,0.000075,14.2997,0.061367,0.099774,0.113911,0.005468,0.000485,0.00010000
16,354,0.216141,0.000081,7.4507,0.061353,0.099749,0.069224,0.005717,0.000239,0.00010000
16,355,0.296973,0.000095,12.5782,0.061430,0.099740,0.119514,0.009332,0.000921,0.00010000
16,356,0.209255,0.000068,9.2359,0.061408,0.099767,0.065537,0.004000,0.000407,0.00010000
16,357,0.203226,0.000062,9.8971,0.061370,0.099669,0.067191,0.001424,0.000524,0.00010000
16,358,0.407272,0.000080,23.6820,0.061376,0.099613,0.234686,0.013059,0.000426,0.00010000
16,359,0.300146,0.000073,15.3218,0.061352,0.099431,0.164556,0.006327,0.000558,0.00010000
16,360,0.187740,0.000062,7.8526,0.061315,0.099328,0.062087,0.006147,0.000387,0.00010000
16,361,0.300120,0.000108,10.1377,0.061313,0.099191,0.106508,0.024448,0.000920,0.00010000
16,362,0.530143,0.000208,16.3819,0.061382,0.099223,0.138464,0.044728,0.001448,0.00010000
16,363,0.421296,0.000166,12.1180,0.061403,0.099206,0.117186,0.040461,0.001620,0.00010000
16,364,0.427946,0.000152,15.6262,0.061429,0.099121,0.115008,0.032966,0.002189,0.00010000
16,365,0.459914,0.000164,16.7652,0.061466,0.099014,0.126852,0.039050,0.002636,0.00010000
16,366,0.274066,0.000102,9.1886,0.061463,0.098989,0.092937,0.008293,0.000791,0.00010000
16,367,0.359473,0.000115,13.1279,0.061479,0.099189,0.151895,0.033076,0.001409,0.00010000
16,368,0.205750,0.000068,7.5941,0.061455,0.099237,0.065366,0.025082,0.000787,0.00010000
16,369,0.291556,0.000087,12.0487,0.061519,0.099227,0.128525,0.023725,0.001001,0.00010000
16,370,0.239090,0.000077,10.4092,0.061495,0.099169,0.070479,0.011230,0.001178,0.00010000
16,371,0.233916,0.000093,6.2600,0.061453,0.099159,0.074035,0.019319,0.001248,0.00010000
16,372,0.189511,0.000061,8.0098,0.061411,0.099133,0.060770,0.008044,0.000882,0.00010000
16,373,0.229424,0.000075,8.8321,0.061389,0.099147,0.102847,0.004000,0.001110,0.00010000
16,374,0.184864,0.000058,8.2530,0.061360,0.099115,0.057662,0.005546,0.000510,0.00010000
16,375,0.234961,0.000064,10.8285,0.061354,0.099069,0.110595,0.010191,0.000400,0.00010000
16,376,0.270986,0.000083,11.3584,0.061344,0.099059,0.119160,0.010981,0.000498,0.00010000
16,377,0.228799,0.000080,8.9954,0.061335,0.098974,0.070843,0.006576,0.000442,0.00010000
16,378,0.265381,0.000085,11.2552,0.061401,0.098900,0.100142,0.008903,0.000517,0.00010000
16,379,0.181984,0.000062,6.7882,0.061363,0.098866,0.065115,0.011840,0.000467,0.00010000
16,380,0.242144,0.000065,12.7620,0.061408,0.098917,0.106940,0.004000,0.001039,0.00010000
16,381,0.233307,0.000079,9.7583,0.061402,0.098945,0.072951,0.003751,0.001927,0.00010000
16,382,0.216819,0.000065,9.5622,0.061406,0.098952,0.099505,0.004066,0.000602,0.00010000
16,383,0.270171,0.000099,9.9983,0.061410,0.098893,0.077292,0.010372,0.001072,0.00010000
16,384,0.214682,0.000067,8.6879,0.061399,0.098891,0.099342,0.007186,0.001006,0.00010000
16,385,0.236155,0.000071,10.3352,0.061421,0.098889,0.104070,0.004429,0.001186,0.00010000
16,386,0.191408,0.000062,7.3694,0.061406,0.098879,0.082879,0.009083,0.000877,0.00010000
16,387,0.304046,0.000083,16.3326,0.061386,0.098862,0.109851,0.004000,0.001327,0.00010000
16,388,0.266452,0.000101,9.6636,0.061366,0.098851,0.065196,0.007186,0.001781,0.00010000
16,389,0.289065,0.000078,13.4152,0.061359,0.098843,0.147449,0.006147,0.001074,0.00010000
16,390,0.217927,0.000062,9.6042,0.061378,0.098754,0.105362,0.011479,0.000655,0.00010000
16,391,0.181367,0.000061,6.9688,0.061337,0.098742,0.077972,0.002798,0.000452,0.00010000
17,1,0.463144,0.000117,25.9007,0.064101,0.091599,0.186135,0.017586,0.001715,0.00009755
17,2,0.388215,0.000123,16.9996,0.067809,0.116780,0.122485,0.019152,0.001963,0.00009755
17,3,0.277532,0.000101,10.3173,0.065033,0.102686,0.074848,0.012630,0.001402,0.00009755
17,4,0.377277,0.000109,17.3556,0.063958,0.114214,0.175024,0.014915,0.001576,0.00009755
17,5,0.327404,0.000095,14.2095,0.063345,0.110479,0.154666,0.011161,0.001331,0.00009755
17,6,0.313424,0.000122,9.7920,0.062916,0.115742,0.091554,0.014191,0.001689,0.00009755
17,7,0.290521,0.000093,12.5164,0.065809,0.113768,0.107460,0.009728,0.002125,0.00009755
17,8,0.311040,0.000099,13.6894,0.064873,0.112874,0.096865,0.010017,0.001726,0.00009755
17,9,0.252419,0.000094,8.5516,0.063073,0.109431,0.084331,0.009513,0.001816,0.00009755
17,10,0.370742,0.000118,15.0037,0.063640,0.118506,0.143678,0.020178,0.001680,0.00009755
17,11,0.277394,0.000096,9.8707,0.062294,0.122626,0.100163,0.016993,0.001610,0.00009755
17,12,0.313417,0.000100,13.1928,0.064246,0.123672,0.114305,0.011591,0.001418,0.00009755
17,13,0.304248,0.000110,10.6434,0.063611,0.122688,0.111291,0.010621,0.001469,0.00009755
17,14,0.352698,0.000109,15.3076,0.065957,0.120502,0.139346,0.016743,0.001617,0.00009755
17,15,0.362368,0.000129,13.6632,0.066538,0.119759,0.101502,0.017779,0.001737,0.00009755
17,16,0.250872,0.000098,8.4760,0.065419,0.117921,0.064299,0.007366,0.002003,0.00009755
17,17,0.339598,0.000079,18.1108,0.065042,0.117439,0.188181,0.005546,0.001585,0.00009755
17,18,0.321572,0.000095,14.0083,0.064922,0.119760,0.153467,0.010054,0.001819,0.00009755
17,19,0.258200,0.000094,9.2130,0.064469,0.120941,0.083623,0.006258,0.001058,0.00009755
17,20,0.274592,0.000092,11.0350,0.065490,0.121677,0.098346,0.012630,0.001358,0.00009755
17,21,0.223545,0.000086,6.9642,0.064762,0.120772,0.068720,0.013308,0.001331,0.00009755
17,22,0.355382,0.000092,17.9056,0.066585,0.119503,0.147057,0.010200,0.001308,0.00009755
17,23,0.284786,0.000088,12.3916,0.067182,0.121599,0.104788,0.007865,0.001289,0.00009755
17,24,0.298091,0.000093,12.2921,0.066950,0.120861,0.128690,0.009083,0.001754,0.00009755
17,25,0.206345,0.000081,6.5218,0.066035,0.121423,0.064127,0.004066,0.001290,0.00009755
17,26,0.243211,0.000087,9.1372,0.066120,0.120863,0.083881,0.006078,0.000907,0.00009755
17,27,0.252111,0.000075,10.9033,0.065640,0.118378,0.116626,0.007615,0.001084,0.00009755
17,28,0.261900,0.000067,13.5380,0.065139,0.115893,0.106221,0.009152,0.000587,0.00009755
17,29,0.301062,0.000108,11.4035,0.064925,0.115546,0.081919,0.018323,0.001852,0.00009755
17,30,0.239289,0.000076,9.5810,0.064608,0.116382,0.101708,0.013925,0.001412,0.00009755
17,31,0.200925,0.000065,7.9089,0.064184,0.114201,0.081213,0.011050,0.000912,0.00009755
17,32,0.189726,0.000067,7.2739,0.063582,0.114579,0.056755,0.005898,0.001171,0.00009755
17,33,0.202422,0.000079,6.6340,0.063094,0.114318,0.062189,0.004360,0.001039,0.00009755
17,34,0.214055,0.000061,10.7369,0.062859,0.115145,0.079377,0.001424,0.000983,0.00009755
17,35,0.315778,0.000102,12.9177,0.063464,0.115556,0.120882,0.012269,0.001767,0.00009755
17,36,0.256752,0.000100,7.9411,0.063211,0.115490,0.076578,0.011951,0.001787,0.00009755
17,37,0.271295,0.000102,10.0004,0.062954,0.115836,0.070507,0.006937,0.001626,0.00009755
17,38,0.290129,0.000092,11.7859,0.062959,0.117090,0.126511,0.006756,0.001756,0.00009755
17,39,0.280776,0.000097,10.6805,0.062973,0.117136,0.098620,0.008654,0.001514,0.00009755
17,40,0.240760,0.000096,7.3409,0.062685,0.117897,0.070168,0.009264,0.001414,0.00009755
17,41,0.291047,0.000099,12.1242,0.062574,0.119321,0.086222,0.008044,0.001909,0.00009755
17,42,0.250846,0.000098,7.9622,0.062185,0.120041,0.085457,0.004066,0.001756,0.00009755
17,43,0.305667,0.000105,11.6679,0.062225,0.119852,0.097722,0.016383,0.000671,0.00009755
17,44,0.262907,0.000095,9.2699,0.062369,0.119617,0.084647,0.015069,0.000614,0.00009755
17,45,0.203126,0.000068,8.5534,0.062087,0.118236,0.064585,0.004429,0.000720,0.00009755
17,46,0.296768,0.000078,14.6254,0.061982,0.118985,0.152993,0.005288,0.000984,0.00009755
17,47,0.227634,0.000072,9.0810,0.061877,0.119155,0.104672,0.005288,0.000705,0.00009755
17,48,0.263602,0.000101,9.3879,0.061780,0.118713,0.069185,0.007795,0.000547,0.00009755
17,49,0.296167,0.000093,12.4174,0.062408,0.118120,0.110215,0.017714,0.001571,0.00009755
17,50,0.219319,0.000079,8.0749,0.062041,0.117906,0.073773,0.006147,0.001468,0.00009755
17,51,0.264004,0.000068,13.6898,0.062494,0.118075,0.112152,0.004172,0.000286,0.00009755
17,52,0.265099,0.000097,9.4443,0.062604,0.117533,0.088553,0.009159,0.001335,0.00009755
17,53,0.277102,0.000095,10.4775,0.062682,0.117167,0.109431,0.010552,0.001408,0.00009755
17,54,0.242051,0.000089,8.5914,0.062549,0.116628,0.067899,0.012630,0.001185,0.00009755
17,55,0.223100,0.000077,8.4711,0.062388,0.116324,0.073909,0.009152,0.001041,0.00009755
17,56,0.254688,0.000096,8.5310,0.062221,0.115964,0.080580,0.007117,0.001462,0.00009755
17,57,0.236321,0.000091,7.7661,0.062073,0.115667,0.070357,0.009083,0.001480,0.00009755
17,58,0.252334,0.000093,8.4787,0.061974,0.115557,0.089314,0.009498,0.001738,0.00009755
17,59,0.246932,0.000094,8.7070,0.061757,0.115532,0.063896,0.009352,0.001542,0.00009755
17,60,0.204781,0.000073,7.8112,0.061615,0.115272,0.065089,0.008654,0.000569,0.00009755
17,61,0.229744,0.000066,9.7610,0.061485,0.114728,0.120147,0.008585,0.000495,0.00009755
17,62,0.232336,0.000062,10.4760,0.061350,0.115343,0.128160,0.009873,0.000593,0.00009755
17,63,0.186894,0.000062,7.3535,0.061112,0.114904,0.063140,0.012450,0.000845,0.00009755
17,64,0.321031,0.000103,13.1453,0.061403,0.115346,0.127092,0.014846,0.001539,0.00009755
17,65,0.270304,0.000098,10.0878,0.061252,0.115398,0.066468,0.015213,0.001104,0.00009755
17,66,0.263585,0.000085,9.9535,0.061338,0.114974,0.104925,0.022867,0.001159,0.00009755
17,67,0.259761,0.000069,11.7339,0.061309,0.114852,0.129610,0.021648,0.000705,0.00009755
17,68,0.190156,0.000064,7.5521,0.061079,0.114953,0.063352,0.008293,0.000699,0.00009755
17,69,0.428856,0.000095,23.7195,0.061864,0.115124,0.212721,0.010981,0.001079,0.00009755
17,70,0.377894,0.000094,19.3324,0.062245,0.115323,0.171956,0.014098,0.001171,0.00009755
17,71,0.282486,0.000079,13.6675,0.062574,0.115075,0.136665,0.004859,0.000973,0.00009755
17,72,0.393223,0.000089,21.7917,0.063903,0.114799,0.204502,0.008474,0.000850,0.00009755
17,73,0.336641,0.000098,16.6447,0.064615,0.114592,0.136751,0.008903,0.001316,0.00009755
17,74,0.266318,0.000085,12.4744,0.064409,0.114383,0.080967,0.006147,0.001204,0.00009755
17,75,0.275889,0.000106,8.1679,0.064306,0.114998,0.094303,0.016425,0.001753,0.00009755
17,76,0.193186,0.000069,6.9727,0.064122,0.115120,0.070170,0.004594,0.001112,0.00009755
17,77,0.333810,0.000119,12.8635,0.064192,0.115240,0.091801,0.013669,0.000667,0.00009755
17,78,0.343360,0.000114,13.0966,0.064113,0.115591,0.143953,0.012269,0.000862,0.00009755
17,79,0.334658,0.000117,12.4521,0.064121,0.115946,0.134961,0.008474,0.000822,0.00009755
17,80,0.359921,0.000138,11.9896,0.064128,0.115532,0.094998,0.020366,0.001187,0.00009755
17,81,0.291993,0.000103,11.2066,0.064272,0.114900,0.086295,0.010552,0.001206,0.00009755
17,82,0.210283,0.000078,7.3570,0.064081,0.114598,0.065518,0.008654,0.000719,0.00009755
17,83,0.318591,0.000077,16.3835,0.064503,0.114096,0.170822,0.007005,0.001186,0.00009755
17,84,0.242880,0.000077,9.8460,0.064505,0.113673,0.108657,0.005039,0.001032,0.00009755
17,85,0.233803,0.000067,11.7071,0.064368,0.113869,0.076170,0.008073,0.000809,0.00009755
17,86,0.277392,0.000119,6.7335,0.064188,0.113555,0.070964,0.019077,0.001511,0.00009755
17,87,0.278951,0.000096,10.1125,0.064139,0.113146,0.115368,0.010981,0.001056,0.00009755
17,88,0.437900,0.000091,27.3091,0.064122,0.112706,0.201309,0.011771,0.001544,0.00009755
17,89,0.325856,0.000093,16.3024,0.064028,0.112277,0.112644,0.014057,0.001226,0.00009755
17,90,0.264077,0.000080,12.0439,0.064230,0.111788,0.103105,0.008225,0.000807,0.00009755
17,91,0.225295,0.000090,6.4297,0.064008,0.111489,0.074504,0.008405,0.001333,0.00009755
17,92,0.317167,0.000093,14.6862,0.064070,0.111620,0.104317,0.016786,0.001331,0.00009755
17,93,0.229163,0.000076,9.5386,0.064048,0.111690,0.077957,0.011073,0.000971,0.00009755
17,94,0.267932,0.000067,14.0585,0.063849,0.111675,0.143904,0.001424,0.000525,0.00009755
17,95,0.228535,0.000064,10.7114,0.064051,0.111046,0.094686,0.008044,0.000708,0.00009755
17,96,0.234153,0.000096,7.2260,0.063826,0.111006,0.061776,0.007546,0.000992,0.00009755
17,97,0.301096,0.000104,11.5369,0.063889,0.110946,0.104604,0.008654,0.000929,0.00009755
17,98,0.191258,0.000069,6.9297,0.063768,0.110765,0.068751,0.003570,0.000467,0.00009755
17,99,0.221956,0.000077,8.7264,0.063806,0.110805,0.078525,0.004859,0.000868,0.00009755
17,100,0.184515,0.000067,6.4882,0.063608,0.110319,0.064727,0.006327,0.000667,0.00009755
17,101,0.265934,0.000068,13.5225,0.063556,0.110052,0.115906,0.009693,0.000445,0.00009755
17,102,0.162532,0.000057,6.6023,0.063367,0.109873,0.051742,0.002798,0.000527,0.00009755
17,103,0.231770,0.000080,8.4590,0.063311,0.109777,0.084997,0.016245,0.000393,0.00009755
17,104,0.307630,0.000111,10.7009,0.063230,0.109603,0.116682,0.006147,0.000639,0.00009755
17,105,0.250377,0.000087,9.3650,0.063098,0.109494,0.070393,0.019680,0.000835,0.00009755
17,106,0.213413,0.000085,6.3899,0.062920,0.109246,0.065041,0.006078,0.000931,0.00009755
17,107,0.272241,0.000073,14.2999,0.062815,0.109331,0.098405,0.011299,0.000782,0.00009755
17,108,0.286567,0.000110,9.7046,0.062704,0.109641,0.081148,0.009083,0.001555,0.00009755
17,109,0.250957,0.000076,10.8870,0.062716,0.109527,0.115393,0.006756,0.000720,0.00009755
17,110,0.320212,0.000117,10.7467,0.062767,0.110084,0.112957,0.019052,0.001104,0.00009755
17,111,0.229332,0.000067,11.3440,0.062661,0.109896,0.072180,0.008654,0.000390,0.00009755
17,112,0.205593,0.000070,7.8241,0.062582,0.109660,0.072307,0.007366,0.000889,0.00009755
17,113,0.209421,0.000064,9.3848,0.062662,0.109464,0.085272,0.003570,0.000560,0.00009755
17,114,0.168369,0.000056,6.2466,0.062504,0.109811,0.076750,0.006147,0.000457,0.00009755
17,115,0.178533,0.000055,7.9602,0.062412,0.109953,0.059455,0.009083,0.000449,0.00009755
17,116,0.237618,0.000090,8.6795,0.062251,0.109660,0.056235,0.007005,0.000912,0.00009755
17,117,0.274616,0.000090,10.9274,0.062140,0.109377,0.121597,0.005717,0.001105,0.00009755
17,118,0.239966,0.000076,9.4313,0.062068,0.109753,0.115747,0.006868,0.001565,0.00009755
17,119,0.251502,0.000064,13.2710,0.061918,0.109462,0.101668,0.004172,0.000560,0.00009755
17,120,0.270244,0.000071,14.7237,0.062183,0.109481,0.123596,0.004429,0.000751,0.00009755
17,121,0.229461,0.000074,8.4739,0.062105,0.109636,0.093156,0.022617,0.000828,0.00009755
17,122,0.332766,0.000089,15.4934,0.062333,0.109564,0.119884,0.036515,0.000784,0.00009755
17,123,0.236198,0.000072,10.3027,0.062301,0.109643,0.094777,0.005717,0.000433,0.00009755
17,124,0.231050,0.000060,11.1364,0.062442,0.109425,0.116168,0.007615,0.000417,0.00009755
17,125,0.195333,0.000063,7.7226,0.062344,0.108961,0.079754,0.008225,0.000463,0.00009755
17,126,0.284123,0.000058,16.6538,0.062462,0.108909,0.126573,0.006147,0.000481,0.00009755
17,127,0.215389,0.000070,8.9094,0.062438,0.108813,0.079227,0.006708,0.000649,0.00009755
17,128,0.224535,0.000071,9.9776,0.062447,0.108617,0.080113,0.004859,0.000542,0.00009755
17,129,0.275779,0.000083,12.1263,0.062298,0.108241,0.126980,0.004429,0.000706,0.00009755
17,130,0.253194,0.000066,12.2416,0.062343,0.108096,0.132666,0.006576,0.000660,0.00009755
17,131,0.254404,0.000066,13.9178,0.062333,0.107940,0.099025,0.004000,0.000918,0.00009755
17,132,0.225289,0.000076,9.1749,0.062413,0.107780,0.083627,0.005288,0.000657,0.00009755
17,133,0.209834,0.000084,6.7433,0.062255,0.107687,0.051314,0.005039,0.000562,0.00009755
17,134,0.193071,0.000057,8.2458,0.062178,0.107270,0.095078,0.006576,0.000670,0.00009755
17,135,0.274199,0.000107,8.1342,0.062081,0.107431,0.091117,0.014596,0.000530,0.00009755
17,136,0.303965,0.000098,12.9120,0.062007,0.107244,0.093275,0.020439,0.000577,0.00009755
17,137,0.280616,0.000072,14.9795,0.062093,0.107147,0.109868,0.006756,0.000773,0.00009755
17,138,0.186527,0.000058,8.1701,0.061984,0.107177,0.080296,0.002282,0.000345,0.00009755
17,139,0.220790,0.000060,10.9467,0.062114,0.107121,0.093236,0.004429,0.000403,0.00009755
17,140,0.227666,0.000073,8.9514,0.062052,0.106915,0.101667,0.007976,0.000429,0.00009755
17,141,0.217228,0.000067,9.1303,0.062029,0.106855,0.098328,0.003321,0.000753,0.00009755
17,142,0.236740,0.000058,13.4363,0.061925,0.106846,0.092696,0.006507,0.000430,0.00009755
17,143,0.192049,0.000070,7.1537,0.061803,0.106782,0.059258,0.004000,0.000951,0.00009755
17,144,0.206270,0.000069,8.4284,0.061779,0.106587,0.077177,0.003009,0.000625,0.00009755
17,145,0.194071,0.000073,6.2742,0.061666,0.106495,0.075786,0.003141,0.000343,0.00009755
17,146,0.227830,0.000068,10.8020,0.061541,0.106567,0.073827,0.009332,0.000448,0.00009755
17,147,0.216798,0.000085,6.8536,0.061435,0.106495,0.064924,0.008405,0.000650,0.00009755
17,148,0.226667,0.000057,11.4176,0.061535,0.106671,0.101135,0.012089,0.000531,0.00009755
17,149,0.200352,0.000070,7.2101,0.061473,0.106556,0.074812,0.008654,0.000715,0.00009755
17,150,0.350957,0.000086,17.9139,0.061695,0.106522,0.175434,0.004859,0.000604,0.00009755
17,151,0.288716,0.000071,15.9156,0.061876,0.106442,0.134385,0.006646,0.000481,0.00009755
17,152,0.249419,0.000082,10.4820,0.061843,0.106243,0.081715,0.008973,0.000392,0.00009755
17,153,0.207500,0.000062,10.0293,0.061701,0.106093,0.065189,0.005546,0.000387,0.00009755
17,154,0.291863,0.000092,12.0120,0.061686,0.106018,0.130762,0.010122,0.002235,0.00009755
17,155,0.274331,0.000093,9.3804,0.061736,0.105681,0.096704,0.032758,0.002438,0.00009755
17,156,0.262940,0.000092,9.5684,0.061743,0.105450,0.078576,0.018864,0.002377,0.00009755
17,157,0.272218,0.000093,10.8879,0.061767,0.105230,0.086630,0.011230,0.001376,0.00009755
17,158,0.236420,0.000068,10.7856,0.061772,0.105447,0.108502,0.009264,0.001596,0.00009755
17,159,0.193341,0.000066,7.4435,0.061739,0.105375,0.065221,0.009513,0.001346,0.00009755
17,160,0.209495,0.000067,8.1759,0.061713,0.105191,0.094573,0.010372,0.001004,0.00009755
17,161,0.223924,0.000069,10.3739,0.061736,0.105014,0.077536,0.006930,0.001053,0.00009755
17,162,0.212910,0.000069,8.6259,0.061626,0.105001,0.087202,0.006576,0.000873,0.00009755
17,163,0.373978,0.000080,20.6827,0.061790,0.105242,0.202354,0.007435,0.000893,0.00009755
17,164,0.295063,0.000085,13.3500,0.061795,0.105342,0.128054,0.011299,0.000906,0.00009755
17,165,0.280545,0.000093,11.7473,0.061921,0.105397,0.095975,0.007615,0.000816,0.00009755
17,166,0.248361,0.000088,9.7372,0.061891,0.105483,0.073580,0.005717,0.001543,0.00009755
17,167,0.282152,0.000107,9.1901,0.061862,0.105398,0.099413,0.008044,0.001845,0.00009755
17,168,0.216670,0.000079,7.3213,0.061756,0.105397,0.084433,0.004859,0.001226,0.00009755
17,169,0.300514,0.000085,14.5912,0.061742,0.105224,0.118513,0.004000,0.001610,0.00009755
17,170,0.171255,0.000057,7.2028,0.061644,0.105069,0.053642,0.004172,0.000670,0.00009755
17,171,0.253799,0.000086,9.0512,0.061543,0.104870,0.114690,0.010372,0.000716,0.00009755
17,172,0.199004,0.000073,6.5500,0.061439,0.104940,0.069825,0.012450,0.000472,0.00009755
17,173,0.357090,0.000078,21.6698,0.061395,0.104774,0.158497,0.005288,0.000717,0.00009755
17,174,0.283846,0.000078,15.0271,0.061334,0.104813,0.104224,0.004000,0.000894,0.00009755
17,175,0.266134,0.000088,11.4824,0.061429,0.104693,0.090938,0.003141,0.001224,0.00009755
17,176,0.248892,0.000074,10.6123,0.061473,0.104810,0.122088,0.006327,0.000498,0.00009755
17,177,0.187984,0.000063,7.0110,0.061400,0.104714,0.087185,0.004429,0.000448,0.00009755
17,178,0.203403,0.000060,10.2074,0.061312,0.104537,0.063627,0.005123,0.000432,0.00009755
17,179,0.213162,0.000069,8.9715,0.061282,0.104761,0.075661,0.005717,0.000789,0.00009755
17,180,0.237368,0.000093,7.5430,0.061229,0.104865,0.070565,0.008293,0.000846,0.00009755
17,181,0.224661,0.000087,7.0860,0.061166,0.104602,0.072406,0.010234,0.000521,0.00009755
17,182,0.266374,0.000105,8.4992,0.061158,0.104501,0.074094,0.010191,0.000713,0.00009755
17,183,0.232778,0.000057,12.5819,0.061278,0.104508,0.101401,0.016494,0.000475,0.00009755
17,184,0.210925,0.000075,8.0080,0.061196,0.104606,0.061599,0.007615,0.000643,0.00009755
17,185,0.228478,0.000072,9.6624,0.061256,0.104412,0.095691,0.003570,0.000836,0.00009755
